datetime,level_msl_m,q_cms,rain_mm
2026-09-01T00:00:00,376.825,0.000,
2026-09-01T00:15:00,376.822,0.000,
2026-09-01T00:30:00,376.814,0.000,
2026-09-01T00:45:00,376.804,0.000,
2026-09-01T01:00:00,376.804,0.000,
2026-09-01T01:15:00,376.796,0.000,
2026-09-01T01:30:00,376.790,0.000,
2026-09-01T01:45:00,376.784,0.000,
2026-09-01T02:00:00,376.781,0.000,
2026-09-01T02:15:00,376.773,0.000,
2026-09-01T02:30:00,376.764,0.000,
2026-09-01T02:45:00,376.756,0.000,
2026-09-01T03:00:00,376.752,0.000,
2026-09-01T03:15:00,376.751,0.000,
2026-09-01T03:30:00,376.743,0.000,
2026-09-01T03:45:00,376.742,0.000,
2026-09-01T04:00:00,376.731,0.000,
2026-09-01T04:15:00,376.727,0.000,
2026-09-01T04:30:00,376.723,0.000,
2026-09-01T04:45:00,376.717,0.000,
2026-09-01T05:00:00,376.716,0.000,
2026-09-01T05:15:00,376.707,0.000,
2026-09-01T05:30:00,376.698,0.000,
2026-09-01T05:45:00,376.697,0.000,
2026-09-01T06:00:00,376.694,0.000,
2026-09-01T06:15:00,376.687,0.000,
2026-09-01T06:30:00,376.680,0.000,
2026-09-01T06:45:00,376.677,0.000,
2026-09-01T07:00:00,376.675,0.000,
2026-09-01T07:15:00,376.667,0.000,
2026-09-01T07:30:00,376.663,0.000,
2026-09-01T07:45:00,376.660,0.000,
2026-09-01T08:00:00,376.657,0.000,
2026-09-01T08:15:00,376.653,0.000,
2026-09-01T08:30:00,376.650,0.000,
2026-09-01T08:45:00,376.652,0.000,
2026-09-01T09:00:00,376.642,0.000,
2026-09-01T09:15:00,376.641,0.000,
2026-09-01T09:30:00,376.633,0.000,
2026-09-01T09:45:00,376.631,0.000,
2026-09-01T10:00:00,376.623,0.000,
2026-09-01T10:15:00,376.629,0.000,
2026-09-01T10:30:00,376.621,0.000,
2026-09-01T10:45:00,376.618,0.000,
2026-09-01T11:00:00,376.614,0.000,
2026-09-01T11:15:00,376.612,0.000,
2026-09-01T11:30:00,376.603,0.000,
2026-09-01T11:45:00,376.604,0.000,
2026-09-01T12:00:00,376.598,0.000,
2026-09-01T12:15:00,376.596,0.000,
2026-09-01T12:30:00,376.598,0.000,
2026-09-01T12:45:00,376.591,0.000,
2026-09-01T13:00:00,376.591,0.000,
2026-09-01T13:15:00,376.585,0.000,
2026-09-01T13:30:00,376.580,0.000,
2026-09-01T13:45:00,376.576,0.000,
2026-09-01T14:00:00,376.574,0.000,
2026-09-01T14:15:00,376.569,0.000,
2026-09-01T14:30:00,376.569,0.000,
2026-09-01T14:45:00,376.571,0.000,
2026-09-01T15:00:00,376.558,0.000,
2026-09-01T15:15:00,376.556,0.000,
2026-09-01T15:30:00,376.554,0.000,
2026-09-01T15:45:00,376.554,0.000,
2026-09-01T16:00:00,376.547,0.000,
2026-09-01T16:15:00,376.546,0.000,
2026-09-01T16:30:00,376.542,0.000,
2026-09-01T16:45:00,376.537,0.000,
2026-09-01T17:00:00,376.532,0.000,
2026-09-01T17:15:00,376.533,0.000,
2026-09-01T17:30:00,376.531,0.000,
2026-09-01T17:45:00,376.524,0.000,
2026-09-01T18:00:00,376.521,0.000,
2026-09-01T18:15:00,376.516,0.000,
2026-09-01T18:30:00,376.518,0.000,
2026-09-01T18:45:00,376.514,0.000,
2026-09-01T19:00:00,376.511,0.000,
2026-09-01T19:15:00,376.513,0.000,
2026-09-01T19:30:00,376.501,0.000,
2026-09-01T19:45:00,376.500,0.000,
2026-09-01T20:00:00,376.497,0.000,
2026-09-01T20:15:00,376.526,16.000,
2026-09-01T20:30:00,376.567,8.000,
2026-09-01T20:45:00,376.618,1.000,
2026-09-01T21:00:00,376.648,0.000,
2026-09-01T21:15:00,376.660,0.000,
2026-09-01T21:30:00,376.665,0.000,
2026-09-01T21:45:00,376.665,0.000,
2026-09-01T22:00:00,376.667,0.500,
2026-09-01T22:15:00,376.668,0.000,
2026-09-01T22:30:00,376.668,0.000,
2026-09-01T22:45:00,376.669,0.000,
2026-09-01T23:00:00,376.660,0.000,
2026-09-01T23:15:00,376.653,0.000,
2026-09-01T23:30:00,376.645,0.000,
2026-09-01T23:45:00,376.635,0.000,
2026-09-02T00:00:00,376.636,0.000,
2026-09-02T00:15:00,376.630,0.000,
2026-09-02T00:30:00,376.626,0.000,
2026-09-02T00:45:00,376.614,0.000,
2026-09-02T01:00:00,376.610,0.000,
2026-09-02T01:15:00,376.603,0.000,
2026-09-02T01:30:00,376.597,0.000,
2026-09-02T01:45:00,376.594,0.000,
2026-09-02T02:00:00,376.591,0.000,
2026-09-02T02:15:00,376.591,0.000,
2026-09-02T02:30:00,376.577,0.000,
2026-09-02T02:45:00,376.577,,
2026-09-02T03:00:00,376.568,0.000,
2026-09-02T03:15:00,376.570,0.000,
2026-09-02T03:30:00,376.566,0.000,
2026-09-02T03:45:00,376.565,0.000,
2026-09-02T04:00:00,376.557,0.000,
2026-09-02T04:15:00,376.553,0.000,
2026-09-02T04:30:00,376.547,0.000,
2026-09-02T04:45:00,376.548,0.000,
2026-09-02T05:00:00,376.542,0.000,
2026-09-02T05:15:00,376.541,0.000,
2026-09-02T05:30:00,376.534,0.000,
2026-09-02T05:45:00,376.531,0.000,
2026-09-02T06:00:00,376.525,0.000,
2026-09-02T06:15:00,376.519,0.000,
2026-09-02T06:30:00,376.517,0.000,
2026-09-02T06:45:00,376.511,0.000,
2026-09-02T07:00:00,376.501,0.000,
2026-09-02T07:15:00,376.493,0.500,
2026-09-02T07:30:00,376.493,0.000,
2026-09-02T07:45:00,376.491,0.000,
2026-09-02T08:00:00,376.485,0.000,
2026-09-02T08:15:00,376.480,0.000,
2026-09-02T08:30:00,376.479,0.000,
2026-09-02T08:45:00,376.471,0.000,
2026-09-02T09:00:00,376.466,0.000,
2026-09-02T09:15:00,376.466,0.000,
2026-09-02T09:30:00,376.459,0.000,
2026-09-02T09:45:00,376.456,0.000,
2026-09-02T10:00:00,376.450,0.000,
2026-09-02T10:15:00,376.449,0.000,
2026-09-02T10:30:00,376.447,0.000,
2026-09-02T10:45:00,376.443,0.000,
2026-09-02T11:00:00,376.439,0.000,
2026-09-02T11:15:00,376.435,0.000,
2026-09-02T11:30:00,376.431,0.000,
2026-09-02T11:45:00,376.430,0.000,
2026-09-02T12:00:00,376.423,0.000,
2026-09-02T12:15:00,376.427,0.000,
2026-09-02T12:30:00,376.420,0.000,
2026-09-02T12:45:00,376.419,0.000,
2026-09-02T13:00:00,376.412,0.000,
2026-09-02T13:15:00,376.412,0.000,
2026-09-02T13:30:00,376.408,0.000,
2026-09-02T13:45:00,376.407,0.000,
2026-09-02T14:00:00,376.403,0.000,
2026-09-02T14:15:00,376.403,0.000,
2026-09-02T14:30:00,376.401,0.000,
2026-09-02T14:45:00,376.397,0.000,
2026-09-02T15:00:00,376.393,0.000,
2026-09-02T15:15:00,376.390,0.000,
2026-09-02T15:30:00,376.393,0.000,
2026-09-02T15:45:00,376.386,0.000,
2026-09-02T16:00:00,376.383,0.000,
2026-09-02T16:15:00,376.381,0.000,
2026-09-02T16:30:00,376.378,0.000,
2026-09-02T16:45:00,376.376,0.000,
2026-09-02T17:00:00,376.375,0.000,
2026-09-02T17:15:00,376.373,0.000,
2026-09-02T17:30:00,376.368,0.000,
2026-09-02T17:45:00,376.369,0.000,
2026-09-02T18:00:00,376.366,0.000,
2026-09-02T18:15:00,376.362,0.000,
2026-09-02T18:30:00,376.360,0.000,
2026-09-02T18:45:00,376.355,0.000,
2026-09-02T19:00:00,376.355,0.000,
2026-09-02T19:15:00,376.353,0.000,
2026-09-02T19:30:00,376.349,0.000,
2026-09-02T19:45:00,376.350,0.000,
2026-09-02T20:00:00,376.344,0.000,
2026-09-02T20:15:00,376.347,0.000,
2026-09-02T20:30:00,376.343,0.000,
2026-09-02T20:45:00,376.341,0.000,
2026-09-02T21:00:00,376.341,0.000,
2026-09-02T21:15:00,376.341,0.000,
2026-09-02T21:30:00,376.341,0.000,
2026-09-02T21:45:00,376.341,0.000,
2026-09-02T22:00:00,376.329,0.000,
2026-09-02T22:15:00,376.328,0.000,
2026-09-02T22:30:00,376.325,0.000,
2026-09-02T22:45:00,376.323,0.000,
2026-09-02T23:00:00,376.325,0.000,
2026-09-02T23:15:00,376.319,0.000,
2026-09-02T23:30:00,376.322,0.000,
2026-09-02T23:45:00,376.317,0.000,
2026-09-03T00:00:00,376.318,0.000,
2026-09-03T00:15:00,376.314,0.000,
2026-09-03T00:30:00,376.312,0.000,
2026-09-03T00:45:00,376.310,0.000,
2026-09-03T01:00:00,376.307,0.000,
2026-09-03T01:15:00,376.308,0.000,
2026-09-03T01:30:00,376.306,0.000,
2026-09-03T01:45:00,376.303,0.000,
2026-09-03T02:00:00,376.301,0.000,
2026-09-03T02:15:00,376.305,0.000,
2026-09-03T02:30:00,376.299,0.000,
2026-09-03T02:45:00,376.301,0.000,
2026-09-03T03:00:00,376.299,0.000,
2026-09-03T03:15:00,376.298,0.000,
2026-09-03T03:30:00,376.295,0.000,
2026-09-03T03:45:00,376.291,0.000,
2026-09-03T04:00:00,376.291,0.000,
2026-09-03T04:15:00,376.292,0.000,
2026-09-03T04:30:00,376.290,0.000,
2026-09-03T04:45:00,376.287,0.000,
2026-09-03T05:00:00,376.289,0.000,
2026-09-03T05:15:00,376.282,0.000,
2026-09-03T05:30:00,376.285,0.000,
2026-09-03T05:45:00,376.282,0.000,
2026-09-03T06:00:00,376.278,0.000,
2026-09-03T06:15:00,376.277,0.000,
2026-09-03T06:30:00,376.278,0.000,
2026-09-03T06:45:00,376.275,0.000,
2026-09-03T07:00:00,376.272,0.000,
2026-09-03T07:15:00,376.276,0.000,
2026-09-03T07:30:00,376.273,0.000,
2026-09-03T07:45:00,376.274,0.000,
2026-09-03T08:00:00,376.272,0.000,
2026-09-03T08:15:00,376.269,0.000,
2026-09-03T08:30:00,376.269,0.000,
2026-09-03T08:45:00,376.268,0.000,
2026-09-03T09:00:00,376.269,0.000,
2026-09-03T09:15:00,376.263,0.000,
2026-09-03T09:30:00,376.266,0.000,
2026-09-03T09:45:00,376.262,0.000,
2026-09-03T10:00:00,376.261,0.000,
2026-09-03T10:15:00,376.263,0.000,
2026-09-03T10:30:00,376.259,0.000,
2026-09-03T10:45:00,376.256,0.000,
2026-09-03T11:00:00,376.254,0.000,
2026-09-03T11:15:00,376.257,0.000,
2026-09-03T11:30:00,376.255,0.000,
2026-09-03T11:45:00,376.253,0.000,
2026-09-03T12:00:00,376.252,0.000,
2026-09-03T12:15:00,376.247,0.000,
2026-09-03T12:30:00,376.247,0.000,
2026-09-03T12:45:00,376.247,0.000,
2026-09-03T13:00:00,376.246,0.000,
2026-09-03T13:15:00,376.242,0.000,
2026-09-03T13:30:00,376.240,0.000,
2026-09-03T13:45:00,376.240,0.000,
2026-09-03T14:00:00,376.238,0.000,
2026-09-03T14:15:00,376.235,0.000,
2026-09-03T14:30:00,376.232,0.000,
2026-09-03T14:45:00,376.231,0.000,
2026-09-03T15:00:00,376.231,0.000,
2026-09-03T15:15:00,376.230,0.000,
2026-09-03T15:30:00,376.227,0.000,
2026-09-03T15:45:00,376.228,0.000,
2026-09-03T16:00:00,376.226,0.000,
2026-09-03T16:15:00,376.222,0.000,
2026-09-03T16:30:00,376.221,0.000,
2026-09-03T16:45:00,376.219,0.000,
2026-09-03T17:00:00,376.217,0.000,
2026-09-03T17:15:00,376.216,0.000,
2026-09-03T17:30:00,376.215,0.000,
2026-09-03T17:45:00,376.216,0.000,
2026-09-03T18:00:00,376.209,0.000,
2026-09-03T18:15:00,376.210,0.000,
2026-09-03T18:30:00,376.205,0.000,
2026-09-03T18:45:00,376.203,0.000,
2026-09-03T19:00:00,376.203,0.000,
2026-09-03T19:15:00,376.198,0.000,
2026-09-03T19:30:00,376.196,0.000,
2026-09-03T19:45:00,376.197,0.000,
2026-09-03T20:00:00,376.194,0.000,
2026-09-03T20:15:00,376.195,0.000,
2026-09-03T20:30:00,376.188,0.000,
2026-09-03T20:45:00,376.186,0.000,
2026-09-03T21:00:00,376.189,0.000,
2026-09-03T21:15:00,376.187,0.000,
2026-09-03T21:30:00,376.184,0.000,
2026-09-03T21:45:00,376.182,0.000,
2026-09-03T22:00:00,376.182,0.000,
2026-09-03T22:15:00,376.178,0.000,
2026-09-03T22:30:00,376.178,0.000,
2026-09-03T22:45:00,376.175,0.000,
2026-09-03T23:00:00,376.176,0.000,
2026-09-03T23:15:00,376.177,0.000,
2026-09-03T23:30:00,376.172,0.000,
2026-09-03T23:45:00,376.171,0.000,
2026-09-04T00:00:00,376.174,0.000,
2026-09-04T00:15:00,376.171,0.000,
2026-09-04T00:30:00,376.168,0.000,
2026-09-04T00:45:00,376.167,0.000,
2026-09-04T01:00:00,376.168,0.000,
2026-09-04T01:15:00,376.165,0.000,
2026-09-04T01:30:00,376.164,0.000,
2026-09-04T01:45:00,376.166,0.000,
2026-09-04T02:00:00,376.162,0.000,
2026-09-04T02:15:00,376.163,0.000,
2026-09-04T02:30:00,376.161,0.000,
2026-09-04T02:45:00,376.163,0.000,
2026-09-04T03:00:00,376.163,0.000,
2026-09-04T03:15:00,376.161,0.000,
2026-09-04T03:30:00,376.158,0.000,
2026-09-04T03:45:00,376.160,0.000,
2026-09-04T04:00:00,376.159,0.000,
2026-09-04T04:15:00,376.158,0.000,
2026-09-04T04:30:00,376.157,0.000,
2026-09-04T04:45:00,376.160,0.000,
2026-09-04T05:00:00,376.156,0.000,
2026-09-04T05:15:00,376.155,0.000,
2026-09-04T05:30:00,376.152,0.000,
2026-09-04T05:45:00,376.154,0.000,
2026-09-04T06:00:00,376.152,0.000,
2026-09-04T06:15:00,376.151,0.000,
2026-09-04T06:30:00,376.152,0.000,
2026-09-04T06:45:00,376.149,0.000,
2026-09-04T07:00:00,376.151,0.000,
2026-09-04T07:15:00,376.146,0.000,
2026-09-04T07:30:00,376.147,0.000,
2026-09-04T07:45:00,376.147,0.000,
2026-09-04T08:00:00,376.149,0.000,
2026-09-04T08:15:00,376.145,0.000,
2026-09-04T08:30:00,376.144,0.000,
2026-09-04T08:45:00,376.145,0.000,
2026-09-04T09:00:00,376.140,0.000,
2026-09-04T09:15:00,376.140,0.000,
2026-09-04T09:30:00,376.140,0.000,
2026-09-04T09:45:00,376.144,0.000,
2026-09-04T10:00:00,376.136,0.000,
2026-09-04T10:15:00,376.138,0.000,
2026-09-04T10:30:00,376.136,0.000,
2026-09-04T10:45:00,376.133,0.000,
2026-09-04T11:00:00,376.133,0.000,
2026-09-04T11:15:00,376.133,0.000,
2026-09-04T11:30:00,376.133,0.000,
2026-09-04T11:45:00,376.132,0.000,
2026-09-04T12:00:00,376.129,0.000,
2026-09-04T12:15:00,376.128,0.000,
2026-09-04T12:30:00,376.128,0.000,
2026-09-04T12:45:00,376.124,0.000,
2026-09-04T13:00:00,376.125,0.000,
2026-09-04T13:15:00,376.125,0.000,
2026-09-04T13:30:00,376.121,0.000,
2026-09-04T13:45:00,376.121,0.000,
2026-09-04T14:00:00,376.120,0.000,
2026-09-04T14:15:00,376.118,0.000,
2026-09-04T14:30:00,376.118,0.000,
2026-09-04T14:45:00,376.117,0.000,
2026-09-04T15:00:00,376.115,0.000,
2026-09-04T15:15:00,376.113,0.000,
2026-09-04T15:30:00,376.113,0.000,
2026-09-04T15:45:00,376.113,0.000,
2026-09-04T16:00:00,376.111,0.000,
2026-09-04T16:15:00,376.110,0.000,
2026-09-04T16:30:00,376.109,0.000,
2026-09-04T16:45:00,376.107,0.000,
2026-09-04T17:00:00,376.103,0.000,
2026-09-04T17:15:00,376.102,0.000,
2026-09-04T17:30:00,376.102,0.000,
2026-09-04T17:45:00,376.099,0.000,
2026-09-04T18:00:00,376.098,0.000,
2026-09-04T18:15:00,376.096,0.000,
2026-09-04T18:30:00,376.096,0.000,
2026-09-04T18:45:00,376.094,0.000,
2026-09-04T19:00:00,376.094,0.000,
2026-09-04T19:15:00,376.092,0.000,
2026-09-04T19:30:00,376.091,0.000,
2026-09-04T19:45:00,376.091,0.000,
2026-09-04T20:00:00,376.091,0.000,
2026-09-04T20:15:00,376.091,0.000,
2026-09-04T20:30:00,376.091,0.000,
2026-09-04T20:45:00,376.085,0.000,
2026-09-04T21:00:00,376.083,0.000,
2026-09-04T21:15:00,376.085,0.000,
2026-09-04T21:30:00,376.084,0.000,
2026-09-04T21:45:00,376.082,0.000,
2026-09-04T22:00:00,376.084,0.000,
2026-09-04T22:15:00,376.083,0.000,
2026-09-04T22:30:00,376.083,0.000,
2026-09-04T22:45:00,376.081,0.000,
2026-09-04T23:00:00,376.081,0.000,
2026-09-04T23:15:00,376.078,0.000,
2026-09-04T23:30:00,376.081,0.000,
2026-09-04T23:45:00,376.079,0.000,
2026-09-05T00:00:00,376.076,0.000,
2026-09-05T00:15:00,376.076,0.000,
2026-09-05T00:30:00,376.074,0.000,
2026-09-05T00:45:00,376.073,0.000,
2026-09-05T01:00:00,376.071,0.000,
2026-09-05T01:15:00,376.069,0.000,
2026-09-05T01:30:00,376.069,0.000,
2026-09-05T01:45:00,376.067,0.000,
2026-09-05T02:00:00,376.067,0.000,
2026-09-05T02:15:00,376.066,0.000,
2026-09-05T02:30:00,376.065,0.000,
2026-09-05T02:45:00,376.061,0.000,
2026-09-05T03:00:00,376.063,0.000,
2026-09-05T03:15:00,376.061,0.000,
2026-09-05T03:30:00,376.058,0.000,
2026-09-05T03:45:00,376.057,0.000,
2026-09-05T04:00:00,376.058,0.000,
2026-09-05T04:15:00,376.056,0.000,
2026-09-05T04:30:00,376.059,0.000,
2026-09-05T04:45:00,376.057,0.000,
2026-09-05T05:00:00,376.053,0.000,
2026-09-05T05:15:00,376.054,0.000,
2026-09-05T05:30:00,376.054,0.000,
2026-09-05T05:45:00,376.054,0.000,
2026-09-05T06:00:00,376.053,0.000,
2026-09-05T06:15:00,376.053,0.000,
2026-09-05T06:30:00,376.051,0.000,
2026-09-05T06:45:00,376.052,0.000,
2026-09-05T07:00:00,376.049,0.000,
2026-09-05T07:15:00,376.050,0.000,
2026-09-05T07:30:00,376.047,0.000,
2026-09-05T07:45:00,376.048,0.000,
2026-09-05T08:00:00,376.048,0.000,
2026-09-05T08:15:00,376.048,0.000,
2026-09-05T08:30:00,376.048,0.000,
2026-09-05T08:45:00,376.045,0.000,
2026-09-05T09:00:00,376.045,0.000,
2026-09-05T09:15:00,376.044,0.000,
2026-09-05T09:30:00,376.041,0.000,
2026-09-05T09:45:00,376.043,0.000,
2026-09-05T10:00:00,376.042,0.000,
2026-09-05T10:15:00,376.042,0.000,
2026-09-05T10:30:00,376.042,0.000,
2026-09-05T10:45:00,376.041,0.000,
2026-09-05T11:00:00,376.040,0.000,
2026-09-05T11:15:00,376.039,0.000,
2026-09-05T11:30:00,376.037,0.000,
2026-09-05T11:45:00,376.037,0.000,
2026-09-05T12:00:00,376.038,0.000,
2026-09-05T12:15:00,376.037,0.000,
2026-09-05T12:30:00,376.033,0.000,
2026-09-05T12:45:00,376.034,0.000,
2026-09-05T13:00:00,376.033,0.000,
2026-09-05T13:15:00,376.032,0.000,
2026-09-05T13:30:00,376.032,0.000,
2026-09-05T13:45:00,376.030,0.000,
2026-09-05T14:00:00,376.032,0.000,
2026-09-05T14:15:00,376.030,0.000,
2026-09-05T14:30:00,376.028,0.000,
2026-09-05T14:45:00,376.026,0.000,
2026-09-05T15:00:00,376.025,0.000,
2026-09-05T15:15:00,376.025,0.000,
2026-09-05T15:30:00,376.023,0.000,
2026-09-05T15:45:00,376.023,0.000,
2026-09-05T16:00:00,376.022,0.000,
2026-09-05T16:15:00,376.021,0.000,
2026-09-05T16:30:00,376.021,0.000,
2026-09-05T16:45:00,376.018,0.000,
2026-09-05T17:00:00,376.019,0.000,
2026-09-05T17:15:00,376.018,0.000,
2026-09-05T17:30:00,376.017,0.000,
2026-09-05T17:45:00,376.016,0.000,
2026-09-05T18:00:00,376.013,0.000,
2026-09-05T18:15:00,376.012,0.000,
2026-09-05T18:30:00,376.012,0.000,
2026-09-05T18:45:00,376.011,0.000,
2026-09-05T19:00:00,376.009,0.000,
2026-09-05T19:15:00,376.010,0.000,
2026-09-05T19:30:00,376.008,0.000,
2026-09-05T19:45:00,376.006,0.000,
2026-09-05T20:00:00,376.006,0.000,
2026-09-05T20:15:00,376.004,0.000,
2026-09-05T20:30:00,376.003,0.000,
2026-09-05T20:45:00,376.003,0.000,
2026-09-05T21:00:00,376.012,9.500,
2026-09-05T21:15:00,376.015,2.500,
2026-09-05T21:30:00,376.016,0.000,
2026-09-05T21:45:00,376.017,0.000,
2026-09-05T22:00:00,376.022,0.500,
2026-09-05T22:15:00,376.024,0.000,
2026-09-05T22:30:00,376.025,0.000,
2026-09-05T22:45:00,376.022,0.000,
2026-09-05T23:00:00,376.026,0.000,
2026-09-05T23:15:00,376.031,0.500,
2026-09-05T23:30:00,376.037,0.000,
2026-09-05T23:45:00,376.041,0.000,
2026-09-06T00:00:00,376.043,0.000,
2026-09-06T00:15:00,376.047,0.000,
2026-09-06T00:30:00,376.049,0.000,
2026-09-06T00:45:00,376.048,0.000,
2026-09-06T01:00:00,376.046,0.000,
2026-09-06T01:15:00,376.045,0.000,
2026-09-06T01:30:00,376.045,0.000,
2026-09-06T01:45:00,376.042,0.000,
2026-09-06T02:00:00,376.043,0.000,
2026-09-06T02:15:00,376.040,0.000,
2026-09-06T02:30:00,376.036,0.000,
2026-09-06T02:45:00,376.034,0.000,
2026-09-06T03:00:00,376.033,0.000,
2026-09-06T03:15:00,376.028,0.000,
2026-09-06T03:30:00,376.028,0.500,
2026-09-06T03:45:00,376.024,0.000,
2026-09-06T04:00:00,376.021,0.000,
2026-09-06T04:15:00,376.020,0.000,
2026-09-06T04:30:00,376.019,0.000,
2026-09-06T04:45:00,376.017,0.000,
2026-09-06T05:00:00,376.018,0.000,
2026-09-06T05:15:00,376.014,0.000,
2026-09-06T05:30:00,376.013,0.000,
2026-09-06T05:45:00,376.011,0.000,
2026-09-06T06:00:00,376.010,0.000,
2026-09-06T06:15:00,376.010,0.000,
2026-09-06T06:30:00,376.009,0.000,
2026-09-06T06:45:00,376.008,0.000,
2026-09-06T07:00:00,376.007,0.000,
2026-09-06T07:15:00,376.008,0.000,
2026-09-06T07:30:00,376.005,0.000,
2026-09-06T07:45:00,376.007,,
2026-09-06T08:00:00,376.004,0.000,
2026-09-06T08:15:00,376.005,0.000,
2026-09-06T08:30:00,376.003,0.500,
2026-09-06T08:45:00,376.004,0.000,
2026-09-06T09:00:00,376.004,0.000,
2026-09-06T09:15:00,376.002,0.000,
2026-09-06T09:30:00,376.001,0.000,
2026-09-06T09:45:00,375.999,0.000,
2026-09-06T10:00:00,376.000,0.000,
2026-09-06T10:15:00,375.996,0.000,
2026-09-06T10:30:00,375.995,0.000,
2026-09-06T10:45:00,375.994,0.000,
2026-09-06T11:00:00,375.993,0.000,
2026-09-06T11:15:00,375.992,0.000,
2026-09-06T11:30:00,375.990,0.000,
2026-09-06T11:45:00,375.988,0.000,
2026-09-06T12:00:00,375.989,0.000,
2026-09-06T12:15:00,375.987,0.000,
2026-09-06T12:30:00,375.986,0.000,
2026-09-06T12:45:00,375.984,0.000,
2026-09-06T13:00:00,375.983,0.000,
2026-09-06T13:15:00,375.981,0.000,
2026-09-06T13:30:00,375.980,0.000,
2026-09-06T13:45:00,375.978,0.000,
2026-09-06T14:00:00,375.976,0.000,
2026-09-06T14:15:00,375.978,0.000,
2026-09-06T14:30:00,375.975,0.000,
2026-09-06T14:45:00,375.973,0.000,
2026-09-06T15:00:00,375.972,0.000,
2026-09-06T15:15:00,375.971,0.000,
2026-09-06T15:30:00,375.969,0.000,
2026-09-06T15:45:00,375.968,0.000,
2026-09-06T16:00:00,375.968,0.000,
2026-09-06T16:15:00,375.966,0.000,
2026-09-06T16:30:00,375.966,0.000,
2026-09-06T16:45:00,375.966,0.000,
2026-09-06T17:00:00,375.966,0.000,
2026-09-06T17:15:00,375.966,0.000,
2026-09-06T17:30:00,375.960,0.000,
2026-09-06T17:45:00,375.958,0.000,
2026-09-06T18:00:00,375.958,0.000,
2026-09-06T18:15:00,375.960,3.000,
2026-09-06T18:30:00,375.966,5.000,
2026-09-06T18:45:00,375.978,2.000,
2026-09-06T19:00:00,375.989,1.500,
2026-09-06T19:15:00,376.002,0.500,
2026-09-06T19:30:00,376.014,0.000,
2026-09-06T19:45:00,376.044,1.000,
2026-09-06T20:00:00,376.101,1.500,
2026-09-06T20:15:00,376.143,2.500,
2026-09-06T20:30:00,376.156,1.500,
2026-09-06T20:45:00,376.155,0.500,
2026-09-06T21:00:00,376.152,1.000,
2026-09-06T21:15:00,376.147,0.000,
2026-09-06T21:30:00,376.152,0.000,
2026-09-06T21:45:00,376.157,0.000,
2026-09-06T22:00:00,376.168,0.000,
2026-09-06T22:15:00,376.181,0.000,
2026-09-06T22:30:00,376.195,0.000,
2026-09-06T22:45:00,376.210,0.000,
2026-09-06T23:00:00,376.228,0.000,
2026-09-06T23:15:00,376.245,0.000,
2026-09-06T23:30:00,376.254,0.000,
2026-09-06T23:45:00,376.271,0.000,
2026-09-07T00:00:00,376.280,0.000,
2026-09-07T00:15:00,376.288,0.000,
2026-09-07T00:30:00,376.295,0.000,
2026-09-07T00:45:00,376.312,0.000,
2026-09-07T01:00:00,376.331,0.000,
2026-09-07T01:15:00,376.342,0.000,
2026-09-07T01:30:00,376.357,0.000,
2026-09-07T01:45:00,376.371,0.000,
2026-09-07T02:00:00,376.395,0.000,
2026-09-07T02:15:00,376.402,0.000,
2026-09-07T02:30:00,376.415,0.000,
2026-09-07T02:45:00,376.421,0.000,
2026-09-07T03:00:00,376.428,0.000,
2026-09-07T03:15:00,376.425,0.000,
2026-09-07T03:30:00,376.428,0.000,
2026-09-07T03:45:00,376.431,0.000,
2026-09-07T04:00:00,376.421,0.000,
2026-09-07T04:15:00,376.415,0.000,
2026-09-07T04:30:00,376.405,0.000,
2026-09-07T04:45:00,376.397,0.000,
2026-09-07T05:00:00,376.386,0.000,
2026-09-07T05:15:00,376.371,0.000,
2026-09-07T05:30:00,376.366,0.000,
2026-09-07T05:45:00,376.354,0.000,
2026-09-07T06:00:00,376.345,0.000,
2026-09-07T06:15:00,376.341,0.000,
2026-09-07T06:30:00,376.315,0.000,
2026-09-07T06:45:00,376.303,0.000,
2026-09-07T07:00:00,376.288,0.000,
2026-09-07T07:15:00,376.275,0.000,
2026-09-07T07:30:00,376.260,0.000,
2026-09-07T07:45:00,376.248,0.000,
2026-09-07T08:00:00,376.234,0.000,
2026-09-07T08:15:00,376.219,0.000,
2026-09-07T08:30:00,376.216,0.000,
2026-09-07T08:45:00,376.196,0.000,
2026-09-07T09:00:00,376.185,0.000,
2026-09-07T09:15:00,376.170,0.000,
2026-09-07T09:30:00,376.160,0.000,
2026-09-07T09:45:00,376.150,0.000,
2026-09-07T10:00:00,376.143,0.000,
2026-09-07T10:15:00,376.131,0.000,
2026-09-07T10:30:00,376.126,0.000,
2026-09-07T10:45:00,376.118,0.000,
2026-09-07T11:00:00,376.110,0.000,
2026-09-07T11:15:00,376.103,0.000,
2026-09-07T11:30:00,376.098,0.000,
2026-09-07T11:45:00,376.094,0.000,
2026-09-07T12:00:00,376.091,0.000,
2026-09-07T12:15:00,376.084,0.000,
2026-09-07T12:30:00,376.081,0.000,
2026-09-07T12:45:00,376.078,0.000,
2026-09-07T13:00:00,376.072,0.000,
2026-09-07T13:15:00,376.069,0.000,
2026-09-07T13:30:00,376.064,0.000,
2026-09-07T13:45:00,376.063,0.000,
2026-09-07T14:00:00,376.060,0.000,
2026-09-07T14:15:00,376.058,0.000,
2026-09-07T14:30:00,376.056,0.000,
2026-09-07T14:45:00,376.052,0.000,
2026-09-07T15:00:00,376.050,0.000,
2026-09-07T15:15:00,376.048,0.000,
2026-09-07T15:30:00,376.044,0.000,
2026-09-07T15:45:00,376.044,0.000,
2026-09-07T16:00:00,376.041,0.000,
2026-09-07T16:15:00,376.038,0.000,
2026-09-07T16:30:00,376.038,0.000,
2026-09-07T16:45:00,376.036,0.000,
2026-09-07T17:00:00,376.033,0.000,
2026-09-07T17:15:00,376.032,0.000,
2026-09-07T17:30:00,376.030,0.000,
2026-09-07T17:45:00,376.026,0.000,
2026-09-07T18:00:00,376.024,0.000,
2026-09-07T18:15:00,376.024,0.000,
2026-09-07T18:30:00,376.023,0.000,
2026-09-07T18:45:00,376.020,0.000,
2026-09-07T19:00:00,376.021,0.000,
2026-09-07T19:15:00,376.016,0.000,
2026-09-07T19:30:00,376.016,0.000,
2026-09-07T19:45:00,376.013,0.000,
2026-09-07T20:00:00,376.011,0.000,
2026-09-07T20:15:00,376.010,0.000,
2026-09-07T20:30:00,376.009,0.000,
2026-09-07T20:45:00,376.007,0.000,
2026-09-07T21:00:00,376.004,0.000,
2026-09-07T21:15:00,376.004,0.000,
2026-09-07T21:30:00,376.004,0.000,
2026-09-07T21:45:00,376.003,0.000,
2026-09-07T22:00:00,376.001,0.000,
2026-09-07T22:15:00,375.999,0.000,
2026-09-07T22:30:00,375.998,0.000,
2026-09-07T22:45:00,375.998,0.000,
2026-09-07T23:00:00,375.994,0.000,
2026-09-07T23:15:00,375.991,0.500,
2026-09-07T23:30:00,375.998,5.500,
2026-09-07T23:45:00,376.009,6.000,
2026-09-08T00:00:00,376.013,0.000,
2026-09-08T00:15:00,376.013,0.000,
2026-09-08T00:30:00,376.013,0.000,
2026-09-08T00:45:00,376.015,0.000,
2026-09-08T01:00:00,376.019,0.000,
2026-09-08T01:15:00,376.017,0.000,
2026-09-08T01:30:00,376.020,0.000,
2026-09-08T01:45:00,376.020,0.000,
2026-09-08T02:00:00,376.024,0.000,
2026-09-08T02:15:00,376.028,0.000,
2026-09-08T02:30:00,376.032,0.000,
2026-09-08T02:45:00,376.040,2.500,
2026-09-08T03:00:00,376.044,0.000,
2026-09-08T03:15:00,376.049,0.000,
2026-09-08T03:30:00,376.054,0.000,
2026-09-08T03:45:00,376.056,0.500,
2026-09-08T04:00:00,376.058,0.000,
2026-09-08T04:15:00,376.058,0.000,
2026-09-08T04:30:00,376.058,0.000,
2026-09-08T04:45:00,376.058,0.000,
2026-09-08T05:00:00,376.057,0.000,
2026-09-08T05:15:00,376.053,0.000,
2026-09-08T05:30:00,376.050,0.000,
2026-09-08T05:45:00,376.051,0.000,
2026-09-08T06:00:00,376.049,0.000,
2026-09-08T06:15:00,376.048,0.000,
2026-09-08T06:30:00,376.044,0.000,
2026-09-08T06:45:00,376.043,0.000,
2026-09-08T07:00:00,376.043,0.000,
2026-09-08T07:15:00,376.042,0.000,
2026-09-08T07:30:00,376.041,0.000,
2026-09-08T07:45:00,376.038,0.000,
2026-09-08T08:00:00,376.038,0.000,
2026-09-08T08:15:00,376.039,0.000,
2026-09-08T08:30:00,376.037,0.000,
2026-09-08T08:45:00,376.035,0.000,
2026-09-08T09:00:00,376.035,0.000,
2026-09-08T09:15:00,376.033,0.000,
2026-09-08T09:30:00,376.033,0.000,
2026-09-08T09:45:00,376.029,0.000,
2026-09-08T10:00:00,376.030,0.000,
2026-09-08T10:15:00,376.030,0.000,
2026-09-08T10:30:00,376.029,0.000,
2026-09-08T10:45:00,376.026,0.000,
2026-09-08T11:00:00,376.024,0.000,
2026-09-08T11:15:00,376.025,0.000,
2026-09-08T11:30:00,376.021,0.000,
2026-09-08T11:45:00,376.017,0.000,
2026-09-08T12:00:00,376.017,0.000,
2026-09-08T12:15:00,376.014,0.000,
2026-09-08T12:30:00,376.012,0.000,
2026-09-08T12:45:00,376.008,0.000,
2026-09-08T13:00:00,376.008,0.000,
2026-09-08T13:15:00,376.006,0.000,
2026-09-08T13:30:00,376.005,0.000,
2026-09-08T13:45:00,376.003,0.000,
2026-09-08T14:00:00,376.002,0.000,
2026-09-08T14:15:00,375.997,0.000,
2026-09-08T14:30:00,375.995,0.000,
2026-09-08T14:45:00,375.995,0.000,
2026-09-08T15:00:00,375.995,0.000,
2026-09-08T15:15:00,375.990,0.000,
2026-09-08T15:30:00,375.990,0.000,
2026-09-08T15:45:00,375.990,0.000,
2026-09-08T16:00:00,375.988,0.000,
2026-09-08T16:15:00,375.989,0.000,
2026-09-08T16:30:00,375.986,0.000,
2026-09-08T16:45:00,375.984,0.000,
2026-09-08T17:00:00,375.985,0.000,
2026-09-08T17:15:00,375.983,0.000,
2026-09-08T17:30:00,375.985,0.000,
2026-09-08T17:45:00,375.983,0.000,
2026-09-08T18:00:00,375.986,0.000,
2026-09-08T18:15:00,375.986,0.000,
2026-09-08T18:30:00,375.985,0.000,
2026-09-08T18:45:00,375.986,0.500,
2026-09-08T19:00:00,375.986,1.000,
2026-09-08T19:15:00,375.995,5.500,
2026-09-08T19:30:00,376.009,6.500,
2026-09-08T19:45:00,376.013,1.000,
2026-09-08T20:00:00,376.027,0.000,
2026-09-08T20:15:00,376.038,0.500,
2026-09-08T20:30:00,376.039,0.000,
2026-09-08T20:45:00,376.043,0.500,
2026-09-08T21:00:00,376.045,0.000,
2026-09-08T21:15:00,376.047,0.500,
2026-09-08T21:30:00,376.048,0.500,
2026-09-08T21:45:00,376.050,0.000,
2026-09-08T22:00:00,376.050,0.000,
2026-09-08T22:15:00,376.053,0.000,
2026-09-08T22:30:00,376.052,0.000,
2026-09-08T22:45:00,376.054,0.000,
2026-09-08T23:00:00,376.054,0.000,
2026-09-08T23:15:00,376.058,0.000,
2026-09-08T23:30:00,376.062,0.000,
2026-09-08T23:45:00,376.069,0.000,
2026-09-09T00:00:00,376.072,0.000,
2026-09-09T00:15:00,376.081,0.000,
2026-09-09T00:30:00,376.085,0.000,
2026-09-09T00:45:00,376.094,0.000,
2026-09-09T01:00:00,376.102,0.000,
2026-09-09T01:15:00,376.110,0.000,
2026-09-09T01:30:00,376.118,0.000,
2026-09-09T01:45:00,376.135,0.000,
2026-09-09T02:00:00,376.152,0.000,
2026-09-09T02:15:00,376.169,0.000,
2026-09-09T02:30:00,376.191,0.500,
2026-09-09T02:45:00,376.216,0.500,
2026-09-09T03:00:00,376.233,0.500,
2026-09-09T03:15:00,376.254,1.000,
2026-09-09T03:30:00,376.272,2.000,
2026-09-09T03:45:00,376.287,0.500,
2026-09-09T04:00:00,376.296,0.000,
2026-09-09T04:15:00,376.304,0.000,
2026-09-09T04:30:00,376.307,0.000,
2026-09-09T04:45:00,376.316,0.000,
2026-09-09T05:00:00,376.312,0.000,
2026-09-09T05:15:00,376.308,0.000,
2026-09-09T05:30:00,376.306,0.000,
2026-09-09T05:45:00,376.300,0.000,
2026-09-09T06:00:00,376.300,0.000,
2026-09-09T06:15:00,376.288,0.000,
2026-09-09T06:30:00,376.282,0.000,
2026-09-09T06:45:00,376.272,0.000,
2026-09-09T07:00:00,376.266,0.000,
2026-09-09T07:15:00,376.259,0.000,
2026-09-09T07:30:00,376.245,0.000,
2026-09-09T07:45:00,376.232,0.000,
2026-09-09T08:00:00,376.223,0.000,
2026-09-09T08:15:00,376.218,0.000,
2026-09-09T08:30:00,376.216,0.000,
2026-09-09T08:45:00,376.200,0.000,
2026-09-09T09:00:00,376.191,0.000,
2026-09-09T09:15:00,376.186,0.000,
2026-09-09T09:30:00,376.174,0.000,
2026-09-09T09:45:00,376.168,0.000,
2026-09-09T10:00:00,376.159,0.000,
2026-09-09T10:15:00,376.153,0.500,
2026-09-09T10:30:00,376.146,0.000,
2026-09-09T10:45:00,376.141,0.000,
2026-09-09T11:00:00,376.139,0.000,
2026-09-09T11:15:00,376.133,0.000,
2026-09-09T11:30:00,376.128,0.000,
2026-09-09T11:45:00,376.122,0.000,
2026-09-09T12:00:00,376.120,0.000,
2026-09-09T12:15:00,376.114,0.000,
2026-09-09T12:30:00,376.112,0.000,
2026-09-09T12:45:00,376.109,0.000,
2026-09-09T13:00:00,376.106,0.000,
2026-09-09T13:15:00,376.102,0.000,
2026-09-09T13:30:00,376.101,0.000,
2026-09-09T13:45:00,376.099,0.000,
2026-09-09T14:00:00,376.096,0.000,
2026-09-09T14:15:00,376.093,0.000,
2026-09-09T14:30:00,376.091,0.000,
2026-09-09T14:45:00,376.091,0.000,
2026-09-09T15:00:00,376.091,0.000,
2026-09-09T15:15:00,376.084,0.000,
2026-09-09T15:30:00,376.083,0.000,
2026-09-09T15:45:00,376.079,0.000,
2026-09-09T16:00:00,376.076,0.000,
2026-09-09T16:15:00,376.075,0.000,
2026-09-09T16:30:00,376.074,0.000,
2026-09-09T16:45:00,376.072,0.000,
2026-09-09T17:00:00,376.069,0.000,
2026-09-09T17:15:00,376.066,0.000,
2026-09-09T17:30:00,376.066,0.000,
2026-09-09T17:45:00,376.064,0.000,
2026-09-09T18:00:00,376.061,0.000,
2026-09-09T18:15:00,376.061,0.000,
2026-09-09T18:30:00,376.057,0.000,
2026-09-09T18:45:00,376.055,0.000,
2026-09-09T19:00:00,376.054,0.000,
2026-09-09T19:15:00,376.052,0.000,
2026-09-09T19:30:00,376.049,0.000,
2026-09-09T19:45:00,376.047,0.000,
2026-09-09T20:00:00,376.044,0.000,
2026-09-09T20:15:00,376.044,0.000,
2026-09-09T20:30:00,376.044,0.000,
2026-09-09T20:45:00,376.042,0.000,
2026-09-09T21:00:00,376.040,0.000,
2026-09-09T21:15:00,376.039,0.000,
2026-09-09T21:30:00,376.037,0.000,
2026-09-09T21:45:00,376.048,11.500,
2026-09-09T22:00:00,376.069,6.500,
2026-09-09T22:15:00,376.081,2.500,
2026-09-09T22:30:00,376.093,0.500,
2026-09-09T22:45:00,376.100,0.500,
2026-09-09T23:00:00,376.106,1.000,
2026-09-09T23:15:00,376.116,0.500,
2026-09-09T23:30:00,376.148,0.000,
2026-09-09T23:45:00,376.159,0.000,
2026-09-10T00:00:00,376.170,0.000,
2026-09-10T00:15:00,376.197,0.000,
2026-09-10T00:30:00,376.251,0.000,
2026-09-10T00:45:00,376.307,0.000,
2026-09-10T01:00:00,376.341,0.000,
2026-09-10T01:15:00,376.344,0.000,
2026-09-10T01:30:00,376.344,0.000,
2026-09-10T01:45:00,376.341,0.000,
2026-09-10T02:00:00,376.323,0.000,
2026-09-10T02:15:00,376.315,0.000,
2026-09-10T02:30:00,376.304,0.000,
2026-09-10T02:45:00,376.297,0.000,
2026-09-10T03:00:00,376.285,0.000,
2026-09-10T03:15:00,376.282,0.000,
2026-09-10T03:30:00,376.299,11.500,
2026-09-10T03:45:00,376.310,1.000,
2026-09-10T04:00:00,376.312,0.000,
2026-09-10T04:15:00,376.323,0.000,
2026-09-10T04:30:00,376.341,0.000,
2026-09-10T04:45:00,376.375,0.000,
2026-09-10T05:00:00,376.408,0.000,
2026-09-10T05:15:00,376.458,0.000,
2026-09-10T05:30:00,376.493,0.000,
2026-09-10T05:45:00,376.526,0.000,
2026-09-10T06:00:00,376.562,2.000,
2026-09-10T06:15:00,376.577,0.000,
2026-09-10T06:30:00,376.591,0.500,
2026-09-10T06:45:00,376.591,0.000,
2026-09-10T07:00:00,376.591,0.500,
2026-09-10T07:15:00,376.575,0.500,
2026-09-10T07:30:00,376.575,0.000,
2026-09-10T07:45:00,376.564,0.500,
2026-09-10T08:00:00,376.556,0.000,
2026-09-10T08:15:00,376.548,0.000,
2026-09-10T08:30:00,376.535,0.000,
2026-09-10T08:45:00,376.523,0.000,
2026-09-10T09:00:00,376.510,0.000,
2026-09-10T09:15:00,376.491,0.000,
2026-09-10T09:30:00,376.478,0.000,
2026-09-10T09:45:00,376.466,0.000,
2026-09-10T10:00:00,376.447,0.000,
2026-09-10T10:15:00,376.433,0.000,
2026-09-10T10:30:00,376.418,0.000,
2026-09-10T10:45:00,376.404,0.000,
2026-09-10T11:00:00,376.390,0.000,
2026-09-10T11:15:00,376.379,0.000,
2026-09-10T11:30:00,376.370,0.000,
2026-09-10T11:45:00,376.359,0.000,
2026-09-10T12:00:00,376.353,0.000,
2026-09-10T12:15:00,376.347,0.000,
2026-09-10T12:30:00,376.346,0.000,
2026-09-10T12:45:00,376.341,0.000,
2026-09-10T13:00:00,376.341,0.000,
2026-09-10T13:15:00,376.327,0.000,
2026-09-10T13:30:00,376.320,0.000,
2026-09-10T13:45:00,376.314,0.000,
2026-09-10T14:00:00,376.306,0.000,
2026-09-10T14:15:00,376.304,0.000,
2026-09-10T14:30:00,376.298,0.000,
2026-09-10T14:45:00,376.294,0.000,
2026-09-10T15:00:00,376.289,0.000,
2026-09-10T15:15:00,376.284,0.000,
2026-09-10T15:30:00,376.277,0.000,
2026-09-10T15:45:00,376.273,0.000,
2026-09-10T16:00:00,376.270,0.000,
2026-09-10T16:15:00,376.265,0.000,
2026-09-10T16:30:00,376.261,0.000,
2026-09-10T16:45:00,376.254,0.000,
2026-09-10T17:00:00,376.250,0.000,
2026-09-10T17:15:00,376.251,0.000,
2026-09-10T17:30:00,376.242,0.000,
2026-09-10T17:45:00,376.242,0.000,
2026-09-10T18:00:00,376.236,0.000,
2026-09-10T18:15:00,376.235,0.000,
2026-09-10T18:30:00,376.230,0.000,
2026-09-10T18:45:00,376.227,0.000,
2026-09-10T19:00:00,376.228,0.000,
2026-09-10T19:15:00,376.225,0.000,
2026-09-10T19:30:00,376.222,0.000,
2026-09-10T19:45:00,376.218,0.000,
2026-09-10T20:00:00,376.218,0.000,
2026-09-10T20:15:00,376.216,0.000,
2026-09-10T20:30:00,376.216,0.000,
2026-09-10T20:45:00,376.216,0.000,
2026-09-10T21:00:00,376.216,0.000,
2026-09-10T21:15:00,376.203,0.000,
2026-09-10T21:30:00,376.204,0.000,
2026-09-10T21:45:00,376.201,0.000,
2026-09-10T22:00:00,376.195,0.000,
2026-09-10T22:15:00,376.196,0.000,
2026-09-10T22:30:00,376.194,0.000,
2026-09-10T22:45:00,376.195,0.000,
2026-09-10T23:00:00,376.191,0.000,
2026-09-10T23:15:00,376.189,0.000,
2026-09-10T23:30:00,376.188,0.000,
2026-09-10T23:45:00,376.185,0.000,
2026-09-11T00:00:00,376.183,0.000,
2026-09-11T00:15:00,376.182,0.000,
2026-09-11T00:30:00,376.176,0.000,
2026-09-11T00:45:00,376.177,0.000,
2026-09-11T01:00:00,376.176,0.000,
2026-09-11T01:15:00,376.176,0.000,
2026-09-11T01:30:00,376.174,0.000,
2026-09-11T01:45:00,376.171,0.000,
2026-09-11T02:00:00,376.168,0.000,
2026-09-11T02:15:00,376.168,0.000,
2026-09-11T02:30:00,376.167,0.000,
2026-09-11T02:45:00,376.165,0.000,
2026-09-11T03:00:00,376.163,0.000,
2026-09-11T03:15:00,376.163,0.000,
2026-09-11T03:30:00,376.163,0.000,
2026-09-11T03:45:00,376.159,0.500,
2026-09-11T04:00:00,376.164,0.500,
2026-09-11T04:15:00,376.160,0.500,
2026-09-11T04:30:00,376.159,1.000,
2026-09-11T04:45:00,376.169,6.000,
2026-09-11T05:00:00,376.194,9.500,
2026-09-11T05:15:00,376.223,4.000,
2026-09-11T05:30:00,376.258,1.000,
2026-09-11T05:45:00,376.284,0.500,
2026-09-11T06:00:00,376.324,1.500,
2026-09-11T06:15:00,376.371,0.500,
2026-09-11T06:30:00,376.412,0.000,
2026-09-11T06:45:00,376.473,0.000,
2026-09-11T07:00:00,376.524,0.000,
2026-09-11T07:15:00,376.570,1.000,
2026-09-11T07:30:00,376.618,0.000,
2026-09-11T07:45:00,376.690,0.000,
2026-09-11T08:00:00,376.717,0.000,
2026-09-11T08:15:00,376.728,0.000,
2026-09-11T08:30:00,376.731,0.000,
2026-09-11T08:45:00,376.722,0.000,
2026-09-11T09:00:00,376.718,0.000,
2026-09-11T09:15:00,376.707,0.500,
2026-09-11T09:30:00,376.703,0.000,
2026-09-11T09:45:00,376.697,0.000,
2026-09-11T10:00:00,376.705,0.000,
2026-09-11T10:15:00,376.716,0.000,
2026-09-11T10:30:00,376.716,0.000,
2026-09-11T10:45:00,376.730,0.000,
2026-09-11T11:00:00,376.738,0.000,
2026-09-11T11:15:00,376.747,0.000,
2026-09-11T11:30:00,376.741,0.000,
2026-09-11T11:45:00,376.747,0.000,
2026-09-11T12:00:00,376.747,0.000,
2026-09-11T12:15:00,376.755,0.000,
2026-09-11T12:30:00,376.756,0.000,
2026-09-11T12:45:00,376.747,0.000,
2026-09-11T13:00:00,376.734,0.000,
2026-09-11T13:15:00,376.733,0.000,
2026-09-11T13:30:00,376.719,0.000,
2026-09-11T13:45:00,376.714,0.000,
2026-09-11T14:00:00,376.702,0.000,
2026-09-11T14:15:00,376.690,0.000,
2026-09-11T14:30:00,376.673,0.000,
2026-09-11T14:45:00,376.661,0.000,
2026-09-11T15:00:00,376.646,0.000,
2026-09-11T15:15:00,376.625,0.000,
2026-09-11T15:30:00,376.619,2.500,
2026-09-11T15:45:00,376.604,3.000,
2026-09-11T16:00:00,376.591,0.000,
2026-09-11T16:15:00,376.571,0.000,
2026-09-11T16:30:00,376.557,0.000,
2026-09-11T16:45:00,376.539,0.000,
2026-09-11T17:00:00,376.531,0.000,
2026-09-11T17:15:00,376.515,0.000,
2026-09-11T17:30:00,376.502,0.000,
2026-09-11T17:45:00,376.495,0.000,
2026-09-11T18:00:00,376.475,0.000,
2026-09-11T18:15:00,376.478,0.000,
2026-09-11T18:30:00,376.466,0.000,
2026-09-11T18:45:00,376.446,0.000,
2026-09-11T19:00:00,376.442,0.000,
2026-09-11T19:15:00,376.433,0.000,
2026-09-11T19:30:00,376.427,0.000,
2026-09-11T19:45:00,376.414,0.000,
2026-09-11T20:00:00,376.409,0.000,
2026-09-11T20:15:00,376.403,0.000,
2026-09-11T20:30:00,376.392,0.000,
2026-09-11T20:45:00,376.389,0.000,
2026-09-11T21:00:00,376.381,0.000,
2026-09-11T21:15:00,376.379,0.000,
2026-09-11T21:30:00,376.373,0.000,
2026-09-11T21:45:00,376.369,0.000,
2026-09-11T22:00:00,376.365,0.000,
2026-09-11T22:15:00,376.358,0.000,
2026-09-11T22:30:00,376.354,0.000,
2026-09-11T22:45:00,376.350,0.000,
2026-09-11T23:00:00,376.347,0.000,
2026-09-11T23:15:00,376.345,0.000,
2026-09-11T23:30:00,376.346,0.000,
2026-09-11T23:45:00,376.341,0.000,
2026-09-12T00:00:00,376.341,0.000,
2026-09-12T00:15:00,376.341,0.000,
2026-09-12T00:30:00,376.341,0.000,
2026-09-12T00:45:00,376.341,0.000,
2026-09-12T01:00:00,376.332,0.000,
2026-09-12T01:15:00,376.327,0.000,
2026-09-12T01:30:00,376.328,0.000,
2026-09-12T01:45:00,376.326,0.000,
2026-09-12T02:00:00,376.320,0.000,
2026-09-12T02:15:00,376.318,0.000,
2026-09-12T02:30:00,376.318,0.000,
2026-09-12T02:45:00,376.314,0.000,
2026-09-12T03:00:00,376.312,0.000,
2026-09-12T03:15:00,376.315,0.000,
2026-09-12T03:30:00,376.316,0.000,
2026-09-12T03:45:00,376.310,0.000,
2026-09-12T04:00:00,376.308,0.000,
2026-09-12T04:15:00,376.307,0.000,
2026-09-12T04:30:00,376.310,0.000,
2026-09-12T04:45:00,376.304,0.000,
2026-09-12T05:00:00,376.304,0.000,
2026-09-12T05:15:00,376.305,0.000,
2026-09-12T05:30:00,376.301,0.000,
2026-09-12T05:45:00,376.300,0.000,
2026-09-12T06:00:00,376.296,0.000,
2026-09-12T06:15:00,376.295,0.000,
2026-09-12T06:30:00,376.295,0.000,
2026-09-12T06:45:00,376.295,0.000,
2026-09-12T07:00:00,376.292,0.000,
2026-09-12T07:15:00,376.292,0.000,
2026-09-12T07:30:00,376.291,0.000,
2026-09-12T07:45:00,376.290,0.000,
2026-09-12T08:00:00,376.286,0.000,
2026-09-12T08:15:00,376.287,0.000,
2026-09-12T08:30:00,376.282,0.000,
2026-09-12T08:45:00,376.282,0.000,
2026-09-12T09:00:00,376.279,0.000,
2026-09-12T09:15:00,376.278,0.000,
2026-09-12T09:30:00,376.277,0.000,
2026-09-12T09:45:00,376.273,0.000,
2026-09-12T10:00:00,376.274,0.000,
2026-09-12T10:15:00,376.271,0.000,
2026-09-12T10:30:00,376.273,0.000,
2026-09-12T10:45:00,376.267,0.000,
2026-09-12T11:00:00,376.267,0.000,
2026-09-12T11:15:00,376.267,0.000,
2026-09-12T11:30:00,376.266,0.000,
2026-09-12T11:45:00,376.262,0.000,
2026-09-12T12:00:00,376.260,0.000,
2026-09-12T12:15:00,376.259,0.000,
2026-09-12T12:30:00,376.259,0.000,
2026-09-12T12:45:00,376.256,0.000,
2026-09-12T13:00:00,376.253,0.000,
2026-09-12T13:15:00,376.257,0.000,
2026-09-12T13:30:00,376.252,0.000,
2026-09-12T13:45:00,376.250,0.000,
2026-09-12T14:00:00,376.246,0.000,
2026-09-12T14:15:00,376.245,0.000,
2026-09-12T14:30:00,376.243,0.000,
2026-09-12T14:45:00,376.241,0.000,
2026-09-12T15:00:00,376.241,0.000,
2026-09-12T15:15:00,376.238,0.000,
2026-09-12T15:30:00,376.237,0.000,
2026-09-12T15:45:00,376.234,0.000,
2026-09-12T16:00:00,376.233,0.000,
2026-09-12T16:15:00,376.230,0.000,
2026-09-12T16:30:00,376.230,0.000,
2026-09-12T16:45:00,376.229,0.000,
2026-09-12T17:00:00,376.227,0.000,
2026-09-12T17:15:00,376.225,0.000,
2026-09-12T17:30:00,376.221,0.000,
2026-09-12T17:45:00,376.220,0.000,
2026-09-12T18:00:00,376.219,0.000,
2026-09-12T18:15:00,376.220,0.000,
2026-09-12T18:30:00,376.217,0.000,
2026-09-12T18:45:00,376.216,0.000,
2026-09-12T19:00:00,376.216,0.000,
2026-09-12T19:15:00,376.216,0.000,
2026-09-12T19:30:00,376.216,0.000,
2026-09-12T19:45:00,376.208,0.000,
2026-09-12T20:00:00,376.208,0.000,
2026-09-12T20:15:00,376.207,0.000,
2026-09-12T20:30:00,376.202,0.000,
2026-09-12T20:45:00,376.201,0.000,
2026-09-12T21:00:00,376.198,0.000,
2026-09-12T21:15:00,376.198,0.000,
2026-09-12T21:30:00,376.196,0.000,
2026-09-12T21:45:00,376.199,0.000,
2026-09-12T22:00:00,376.192,0.000,
2026-09-12T22:15:00,376.192,0.000,
2026-09-12T22:30:00,376.191,0.000,
2026-09-12T22:45:00,376.189,0.000,
2026-09-12T23:00:00,376.188,0.000,
2026-09-12T23:15:00,376.187,0.000,
2026-09-12T23:30:00,376.184,0.000,
2026-09-12T23:45:00,376.185,0.000,
2026-09-13T00:00:00,376.184,0.000,
2026-09-13T00:15:00,376.182,0.000,
2026-09-13T00:30:00,376.180,0.000,
2026-09-13T00:45:00,376.178,0.000,
2026-09-13T01:00:00,376.178,0.000,
2026-09-13T01:15:00,376.182,0.000,
2026-09-13T01:30:00,376.180,0.000,
2026-09-13T01:45:00,376.176,0.000,
2026-09-13T02:00:00,376.177,0.000,
2026-09-13T02:15:00,376.174,0.000,
2026-09-13T02:30:00,376.174,0.000,
2026-09-13T02:45:00,376.171,0.000,
2026-09-13T03:00:00,376.178,0.000,
2026-09-13T03:15:00,376.169,0.000,
2026-09-13T03:30:00,376.167,0.000,
2026-09-13T03:45:00,376.169,0.000,
2026-09-13T04:00:00,376.166,0.000,
2026-09-13T04:15:00,376.164,0.000,
2026-09-13T04:30:00,376.164,0.000,
2026-09-13T04:45:00,376.161,0.000,
2026-09-13T05:00:00,376.164,0.000,
2026-09-13T05:15:00,376.160,0.000,
2026-09-13T05:30:00,376.160,0.000,
2026-09-13T05:45:00,376.160,0.000,
2026-09-13T06:00:00,376.157,0.000,
2026-09-13T06:15:00,376.155,0.000,
2026-09-13T06:30:00,376.156,0.000,
2026-09-13T06:45:00,376.156,0.000,
2026-09-13T07:00:00,376.154,0.000,
2026-09-13T07:15:00,376.153,0.000,
2026-09-13T07:30:00,376.151,0.000,
2026-09-13T07:45:00,376.154,0.000,
2026-09-13T08:00:00,376.150,0.000,
2026-09-13T08:15:00,376.149,0.000,
2026-09-13T08:30:00,376.148,0.000,
2026-09-13T08:45:00,376.146,0.000,
2026-09-13T09:00:00,376.146,0.000,
2026-09-13T09:15:00,376.145,0.000,
2026-09-13T09:30:00,376.143,0.000,
2026-09-13T09:45:00,376.144,0.000,
2026-09-13T10:00:00,376.142,0.000,
2026-09-13T10:15:00,376.141,0.000,
2026-09-13T10:30:00,376.141,0.000,
2026-09-13T10:45:00,376.142,0.000,
2026-09-13T11:00:00,376.137,0.000,
2026-09-13T11:15:00,376.136,0.000,
2026-09-13T11:30:00,376.136,0.000,
2026-09-13T11:45:00,376.131,0.000,
2026-09-13T12:00:00,376.133,0.000,
2026-09-13T12:15:00,376.135,0.000,
2026-09-13T12:30:00,376.132,0.000,
2026-09-13T12:45:00,376.134,0.000,
2026-09-13T13:00:00,376.131,0.000,
2026-09-13T13:15:00,376.126,0.000,
2026-09-13T13:30:00,376.126,0.000,
2026-09-13T13:45:00,376.128,0.000,
2026-09-13T14:00:00,376.125,0.000,
2026-09-13T14:15:00,376.124,0.000,
2026-09-13T14:30:00,376.123,0.000,
2026-09-13T14:45:00,376.122,0.000,
2026-09-13T15:00:00,376.120,0.000,
2026-09-13T15:15:00,376.119,0.000,
2026-09-13T15:30:00,376.119,0.000,
2026-09-13T15:45:00,376.119,0.000,
2026-09-13T16:00:00,376.115,0.000,
2026-09-13T16:15:00,376.112,0.000,
2026-09-13T16:30:00,376.113,0.000,
2026-09-13T16:45:00,376.115,0.000,
2026-09-13T17:00:00,376.112,0.000,
2026-09-13T17:15:00,376.111,0.000,
2026-09-13T17:30:00,376.106,0.000,
2026-09-13T17:45:00,376.107,0.000,
2026-09-13T18:00:00,376.106,0.000,
2026-09-13T18:15:00,376.104,0.000,
2026-09-13T18:30:00,376.103,0.000,
2026-09-13T18:45:00,376.103,0.000,
2026-09-13T19:00:00,376.107,0.000,
2026-09-13T19:15:00,376.101,0.000,
2026-09-13T19:30:00,376.100,0.000,
2026-09-13T19:45:00,376.098,0.000,
2026-09-13T20:00:00,376.096,0.000,
2026-09-13T20:15:00,376.096,0.000,
2026-09-13T20:30:00,376.093,0.000,
2026-09-13T20:45:00,376.092,0.000,
2026-09-13T21:00:00,376.091,0.000,
2026-09-13T21:15:00,376.091,0.000,
2026-09-13T21:30:00,376.091,0.000,
2026-09-13T21:45:00,376.091,0.000,
2026-09-13T22:00:00,376.091,0.000,
2026-09-13T22:15:00,376.091,0.000,
2026-09-13T22:30:00,376.091,0.000,
2026-09-13T22:45:00,376.091,0.000,
2026-09-13T23:00:00,376.081,0.000,
2026-09-13T23:15:00,376.079,0.000,
2026-09-13T23:30:00,376.079,0.000,
2026-09-13T23:45:00,376.077,0.000,
2026-09-14T00:00:00,376.078,0.000,
2026-09-14T00:15:00,376.076,0.000,
2026-09-14T00:30:00,376.075,0.000,
2026-09-14T00:45:00,376.074,0.000,
2026-09-14T01:00:00,376.071,0.000,
2026-09-14T01:15:00,376.071,0.000,
2026-09-14T01:30:00,376.070,0.000,
2026-09-14T01:45:00,376.072,0.000,
2026-09-14T02:00:00,376.070,0.000,
2026-09-14T02:15:00,376.069,0.000,
2026-09-14T02:30:00,376.067,0.000,
2026-09-14T02:45:00,376.067,0.000,
2026-09-14T03:00:00,376.067,0.000,
2026-09-14T03:15:00,376.065,0.000,
2026-09-14T03:30:00,376.066,0.000,
2026-09-14T03:45:00,376.064,0.000,
2026-09-14T04:00:00,376.064,0.000,
2026-09-14T04:15:00,376.063,0.000,
2026-09-14T04:30:00,376.062,0.000,
2026-09-14T04:45:00,376.059,0.000,
2026-09-14T05:00:00,376.063,0.000,
2026-09-14T05:15:00,376.059,0.000,
2026-09-14T05:30:00,376.058,0.000,
2026-09-14T05:45:00,376.056,0.000,
2026-09-14T06:00:00,376.059,0.000,
2026-09-14T06:15:00,376.055,0.000,
2026-09-14T06:30:00,376.054,0.000,
2026-09-14T06:45:00,376.056,0.000,
2026-09-14T07:00:00,376.054,0.000,
2026-09-14T07:15:00,376.053,0.000,
2026-09-14T07:30:00,376.054,0.000,
2026-09-14T07:45:00,376.052,0.000,
2026-09-14T08:00:00,376.050,0.000,
2026-09-14T08:15:00,376.052,0.000,
2026-09-14T08:30:00,376.051,0.000,
2026-09-14T08:45:00,376.050,0.000,
2026-09-14T09:00:00,376.049,0.000,
2026-09-14T09:15:00,376.049,0.000,
2026-09-14T09:30:00,376.048,0.000,
2026-09-14T09:45:00,376.047,0.000,
2026-09-14T10:00:00,376.046,0.000,
2026-09-14T10:15:00,376.047,0.000,
2026-09-14T10:30:00,376.046,0.000,
2026-09-14T10:45:00,376.045,0.000,
2026-09-14T11:00:00,376.043,0.000,
2026-09-14T11:15:00,376.045,0.000,
2026-09-14T11:30:00,376.044,0.000,
2026-09-14T11:45:00,376.042,0.000,
2026-09-14T12:00:00,376.041,0.000,
2026-09-14T12:15:00,376.042,0.000,
2026-09-14T12:30:00,376.039,0.000,
2026-09-14T12:45:00,376.038,0.000,
2026-09-14T13:00:00,376.037,0.000,
2026-09-14T13:15:00,376.038,0.000,
2026-09-14T13:30:00,376.034,0.000,
2026-09-14T13:45:00,376.034,0.000,
2026-09-14T14:00:00,376.035,0.000,
2026-09-14T14:15:00,376.034,0.000,
2026-09-14T14:30:00,376.034,0.000,
2026-09-14T14:45:00,376.033,0.000,
2026-09-14T15:00:00,376.033,0.000,
2026-09-14T15:15:00,376.031,0.000,
2026-09-14T15:30:00,376.030,0.500,
2026-09-14T15:45:00,376.033,0.000,
2026-09-14T16:00:00,376.031,0.000,
2026-09-14T16:15:00,376.028,0.000,
2026-09-14T16:30:00,376.030,0.000,
2026-09-14T16:45:00,376.030,0.000,
2026-09-14T17:00:00,376.027,0.000,
2026-09-14T17:15:00,376.026,0.000,
2026-09-14T17:30:00,376.026,0.000,
2026-09-14T17:45:00,376.025,0.000,
2026-09-14T18:00:00,376.025,0.000,
2026-09-14T18:15:00,376.024,0.000,
2026-09-14T18:30:00,376.026,0.000,
2026-09-14T18:45:00,376.025,0.000,
2026-09-14T19:00:00,376.021,0.000,
2026-09-14T19:15:00,376.020,0.000,
2026-09-14T19:30:00,376.018,0.000,
2026-09-14T19:45:00,376.020,0.000,
2026-09-14T20:00:00,376.018,0.000,
2026-09-14T20:15:00,376.019,0.500,
2026-09-14T20:30:00,376.019,0.000,
2026-09-14T20:45:00,376.017,0.000,
2026-09-14T21:00:00,376.017,0.000,
2026-09-14T21:15:00,376.014,0.000,
2026-09-14T21:30:00,376.016,0.000,
2026-09-14T21:45:00,376.014,0.000,
2026-09-14T22:00:00,376.014,0.000,
2026-09-14T22:15:00,376.012,0.000,
2026-09-14T22:30:00,376.011,0.000,
2026-09-14T22:45:00,376.011,0.000,
2026-09-14T23:00:00,376.008,0.000,
2026-09-14T23:15:00,376.012,0.000,
2026-09-14T23:30:00,376.010,0.000,
2026-09-14T23:45:00,376.010,0.000,
2026-09-15T00:00:00,376.008,0.000,
2026-09-15T00:15:00,376.006,0.000,
2026-09-15T00:30:00,376.006,0.000,
2026-09-15T00:45:00,376.007,0.000,
2026-09-15T01:00:00,376.005,0.000,
2026-09-15T01:15:00,376.002,0.000,
2026-09-15T01:30:00,376.004,1.000,
2026-09-15T01:45:00,376.003,0.000,
2026-09-15T02:00:00,376.004,1.000,
2026-09-15T02:15:00,376.003,0.000,
2026-09-15T02:30:00,376.005,0.000,
2026-09-15T02:45:00,376.006,0.500,
2026-09-15T03:00:00,376.004,0.500,
2026-09-15T03:15:00,376.006,2.000,
2026-09-15T03:30:00,376.012,4.500,
2026-09-15T03:45:00,376.018,2.000,
2026-09-15T04:00:00,376.021,1.000,
2026-09-15T04:15:00,376.029,0.500,
2026-09-15T04:30:00,376.034,0.500,
2026-09-15T04:45:00,376.046,0.000,
2026-09-15T05:00:00,376.062,0.000,
2026-09-15T05:15:00,376.077,0.500,
2026-09-15T05:30:00,376.092,1.000,
2026-09-15T05:45:00,376.104,1.000,
2026-09-15T06:00:00,376.130,1.500,
2026-09-15T06:15:00,376.155,1.500,
2026-09-15T06:30:00,376.168,2.000,
2026-09-15T06:45:00,376.182,4.500,
2026-09-15T07:00:00,376.198,2.000,
2026-09-15T07:15:00,376.209,2.000,
2026-09-15T07:30:00,376.232,1.500,
2026-09-15T07:45:00,376.269,0.500,
2026-09-15T08:00:00,376.341,1.500,
2026-09-15T08:15:00,376.402,1.000,
2026-09-15T08:30:00,376.473,0.500,
2026-09-15T08:45:00,376.649,0.000,
2026-09-15T09:00:00,376.777,0.000,
2026-09-15T09:15:00,376.844,0.000,
2026-09-15T09:30:00,376.882,0.000,
2026-09-15T09:45:00,376.881,0.000,
2026-09-15T10:00:00,376.880,0.000,
2026-09-15T10:15:00,376.890,0.000,
2026-09-15T10:30:00,376.905,0.000,
2026-09-15T10:45:00,376.931,0.000,
2026-09-15T11:00:00,376.955,0.000,
2026-09-15T11:15:00,376.968,0.000,
2026-09-15T11:30:00,376.973,0.000,
2026-09-15T11:45:00,377.000,0.000,
2026-09-15T12:00:00,377.004,0.000,
2026-09-15T12:15:00,377.012,0.500,
2026-09-15T12:30:00,377.004,0.500,
2026-09-15T12:45:00,377.005,0.000,
2026-09-15T13:00:00,377.017,5.000,
2026-09-15T13:15:00,377.025,3.000,
2026-09-15T13:30:00,377.062,0.500,
2026-09-15T13:45:00,377.123,0.000,
2026-09-15T14:00:00,377.146,0.000,
2026-09-15T14:15:00,377.149,0.000,
2026-09-15T14:30:00,377.129,0.000,
2026-09-15T14:45:00,377.114,0.000,
2026-09-15T15:00:00,377.099,0.000,
2026-09-15T15:15:00,377.078,0.000,
2026-09-15T15:30:00,377.061,0.000,
2026-09-15T15:45:00,377.036,0.000,
2026-09-15T16:00:00,377.019,0.000,
2026-09-15T16:15:00,377.031,0.000,
2026-09-15T16:30:00,377.030,0.000,
2026-09-15T16:45:00,377.046,0.000,
2026-09-15T17:00:00,377.065,0.000,
2026-09-15T17:15:00,377.069,0.000,
2026-09-15T17:30:00,377.080,0.000,
2026-09-15T17:45:00,377.091,0.000,
2026-09-15T18:00:00,377.092,0.000,
2026-09-15T18:15:00,377.084,0.000,
2026-09-15T18:30:00,377.072,0.000,
2026-09-15T18:45:00,377.066,0.000,
2026-09-15T19:00:00,377.048,3.000,
2026-09-15T19:15:00,377.038,6.000,
2026-09-15T19:30:00,377.017,4.000,
2026-09-15T19:45:00,377.009,2.000,
2026-09-15T20:00:00,376.986,1.000,
2026-09-15T20:15:00,376.966,0.500,
2026-09-15T20:30:00,377.022,0.000,
2026-09-15T20:45:00,377.117,1.000,
2026-09-15T21:00:00,377.194,1.000,
2026-09-15T21:15:00,377.217,0.500,
2026-09-15T21:30:00,377.224,0.500,
2026-09-15T21:45:00,377.199,0.500,
2026-09-15T22:00:00,377.166,0.500,
2026-09-15T22:15:00,377.114,0.000,
2026-09-15T22:30:00,377.066,0.000,
2026-09-15T22:45:00,377.045,0.500,
2026-09-15T23:00:00,377.026,0.000,
2026-09-15T23:15:00,377.006,0.000,
2026-09-15T23:30:00,377.004,0.000,
2026-09-15T23:45:00,377.007,0.000,
2026-09-16T00:00:00,376.994,0.000,
2026-09-16T00:15:00,377.001,0.000,
2026-09-16T00:30:00,376.996,0.000,
2026-09-16T00:45:00,376.990,0.000,
2026-09-16T01:00:00,376.981,0.000,
2026-09-16T01:15:00,376.984,0.000,
2026-09-16T01:30:00,376.975,0.000,
2026-09-16T01:45:00,376.964,0.000,
2026-09-16T02:00:00,376.951,0.000,
2026-09-16T02:15:00,376.947,0.000,
2026-09-16T02:30:00,376.929,0.000,
2026-09-16T02:45:00,376.925,0.000,
2026-09-16T03:00:00,376.910,0.000,
2026-09-16T03:15:00,376.899,0.000,
2026-09-16T03:30:00,376.887,0.000,
2026-09-16T03:45:00,376.866,0.000,
2026-09-16T04:00:00,376.860,0.000,
2026-09-16T04:15:00,376.843,0.000,
2026-09-16T04:30:00,376.825,0.000,
2026-09-16T04:45:00,376.813,0.000,
2026-09-16T05:00:00,376.792,0.000,
2026-09-16T05:15:00,376.788,0.000,
2026-09-16T05:30:00,376.766,0.000,
2026-09-16T05:45:00,376.764,0.000,
2026-09-16T06:00:00,376.748,0.000,
2026-09-16T06:15:00,376.737,0.000,
2026-09-16T06:30:00,376.728,0.000,
2026-09-16T06:45:00,376.716,0.000,
2026-09-16T07:00:00,376.699,0.000,
2026-09-16T07:15:00,376.686,0.000,
2026-09-16T07:30:00,376.687,0.000,
2026-09-16T07:45:00,376.670,0.000,
2026-09-16T08:00:00,376.662,0.000,
2026-09-16T08:15:00,376.652,0.000,
2026-09-16T08:30:00,376.642,0.000,
2026-09-16T08:45:00,376.637,0.000,
2026-09-16T09:00:00,376.626,0.000,
2026-09-16T09:15:00,376.621,0.000,
2026-09-16T09:30:00,376.613,0.000,
2026-09-16T09:45:00,376.600,0.000,
2026-09-16T10:00:00,376.593,0.000,
2026-09-16T10:15:00,376.591,0.000,
2026-09-16T10:30:00,376.583,0.000,
2026-09-16T10:45:00,376.573,0.000,
2026-09-16T11:00:00,376.563,0.000,
2026-09-16T11:15:00,376.556,0.000,
2026-09-16T11:30:00,376.547,0.000,
2026-09-16T11:45:00,376.546,0.000,
2026-09-16T12:00:00,376.538,0.000,
2026-09-16T12:15:00,376.536,0.000,
2026-09-16T12:30:00,376.525,0.000,
2026-09-16T12:45:00,376.522,0.000,
2026-09-16T13:00:00,376.512,0.000,
2026-09-16T13:15:00,376.510,0.000,
2026-09-16T13:30:00,376.504,0.000,
2026-09-16T13:45:00,376.500,0.000,
2026-09-16T14:00:00,376.489,0.000,
2026-09-16T14:15:00,376.490,0.000,
2026-09-16T14:30:00,376.486,0.000,
2026-09-16T14:45:00,376.478,0.000,
2026-09-16T15:00:00,376.475,0.000,
2026-09-16T15:15:00,376.469,0.000,
2026-09-16T15:30:00,376.466,0.000,
2026-09-16T15:45:00,376.451,0.000,
2026-09-16T16:00:00,376.454,0.000,
2026-09-16T16:15:00,376.450,0.000,
2026-09-16T16:30:00,376.444,0.000,
2026-09-16T16:45:00,376.441,0.000,
2026-09-16T17:00:00,376.435,0.000,
2026-09-16T17:15:00,376.435,0.000,
2026-09-16T17:30:00,376.428,0.000,
2026-09-16T17:45:00,376.426,0.000,
2026-09-16T18:00:00,376.416,0.000,
2026-09-16T18:15:00,376.414,0.000,
2026-09-16T18:30:00,376.411,0.000,
2026-09-16T18:45:00,376.407,0.000,
2026-09-16T19:00:00,376.398,0.000,
2026-09-16T19:15:00,376.400,0.000,
2026-09-16T19:30:00,376.393,0.000,
2026-09-16T19:45:00,376.390,0.000,
2026-09-16T20:00:00,376.386,0.000,
2026-09-16T20:15:00,376.382,0.000,
2026-09-16T20:30:00,376.381,0.000,
2026-09-16T20:45:00,376.377,1.500,
2026-09-16T21:00:00,376.375,1.500,
2026-09-16T21:15:00,376.370,0.500,
2026-09-16T21:30:00,376.371,0.000,
2026-09-16T21:45:00,376.368,2.000,
2026-09-16T22:00:00,376.370,0.500,
2026-09-16T22:15:00,376.372,0.000,
2026-09-16T22:30:00,376.375,0.000,
2026-09-16T22:45:00,376.377,0.000,
2026-09-16T23:00:00,376.390,0.000,
2026-09-16T23:15:00,376.414,0.000,
2026-09-16T23:30:00,376.448,0.000,
2026-09-16T23:45:00,376.468,0.000,
2026-09-17T00:00:00,376.484,0.000,
2026-09-17T00:15:00,376.497,0.000,
2026-09-17T00:30:00,376.506,0.000,
2026-09-17T00:45:00,376.521,0.000,
2026-09-17T01:00:00,376.529,0.000,
2026-09-17T01:15:00,376.547,0.000,
2026-09-17T01:30:00,376.557,0.000,
2026-09-17T01:45:00,376.558,0.000,
2026-09-17T02:00:00,376.555,0.000,
2026-09-17T02:15:00,376.553,0.000,
2026-09-17T02:30:00,376.557,0.000,
2026-09-17T02:45:00,376.550,0.000,
2026-09-17T03:00:00,376.545,0.000,
2026-09-17T03:15:00,376.550,0.000,
2026-09-17T03:30:00,376.547,0.000,
2026-09-17T03:45:00,376.547,0.000,
2026-09-17T04:00:00,376.536,0.000,
2026-09-17T04:15:00,376.538,0.000,
2026-09-17T04:30:00,376.532,0.000,
2026-09-17T04:45:00,376.531,0.000,
2026-09-17T05:00:00,376.512,0.000,
2026-09-17T05:15:00,376.515,0.000,
2026-09-17T05:30:00,376.502,0.000,
2026-09-17T05:45:00,376.499,0.000,
2026-09-17T06:00:00,376.488,0.000,
2026-09-17T06:15:00,376.477,0.000,
2026-09-17T06:30:00,376.471,0.000,
2026-09-17T06:45:00,376.466,0.000,
2026-09-17T07:00:00,376.459,0.000,
2026-09-17T07:15:00,376.450,0.000,
2026-09-17T07:30:00,376.445,0.000,
2026-09-17T07:45:00,376.431,0.000,
2026-09-17T08:00:00,376.429,0.000,
2026-09-17T08:15:00,376.423,0.000,
2026-09-17T08:30:00,376.414,0.000,
2026-09-17T08:45:00,376.414,0.000,
2026-09-17T09:00:00,376.402,0.000,
2026-09-17T09:15:00,376.396,0.000,
2026-09-17T09:30:00,376.391,0.000,
2026-09-17T09:45:00,376.396,0.000,
2026-09-17T10:00:00,376.390,0.000,
2026-09-17T10:15:00,376.385,0.000,
2026-09-17T10:30:00,376.381,0.000,
2026-09-17T10:45:00,376.376,0.000,
2026-09-17T11:00:00,376.378,0.000,
2026-09-17T11:15:00,376.369,0.000,
2026-09-17T11:30:00,376.365,0.000,
2026-09-17T11:45:00,376.365,0.000,
2026-09-17T12:00:00,376.359,0.000,
2026-09-17T12:15:00,376.356,0.000,
2026-09-17T12:30:00,376.354,0.000,
2026-09-17T12:45:00,376.356,0.000,
2026-09-17T13:00:00,376.349,0.000,
2026-09-17T13:15:00,376.347,0.500,
2026-09-17T13:30:00,376.341,0.000,
2026-09-17T13:45:00,376.341,0.000,
2026-09-17T14:00:00,376.341,0.000,
2026-09-17T14:15:00,376.341,0.000,
2026-09-17T14:30:00,376.331,0.000,
2026-09-17T14:45:00,376.330,0.000,
2026-09-17T15:00:00,376.327,0.000,
2026-09-17T15:15:00,376.322,0.000,
2026-09-17T15:30:00,376.324,0.000,
2026-09-17T15:45:00,376.318,0.000,
2026-09-17T16:00:00,376.317,0.000,
2026-09-17T16:15:00,376.315,0.000,
2026-09-17T16:30:00,376.313,0.000,
2026-09-17T16:45:00,376.314,0.000,
2026-09-17T17:00:00,376.310,0.000,
2026-09-17T17:15:00,376.306,0.000,
2026-09-17T17:30:00,376.303,0.000,
2026-09-17T17:45:00,376.301,0.000,
2026-09-17T18:00:00,376.303,0.000,
2026-09-17T18:15:00,376.295,0.000,
2026-09-17T18:30:00,376.296,3.000,
2026-09-17T18:45:00,376.299,5.500,
2026-09-17T19:00:00,376.299,1.500,
2026-09-17T19:15:00,376.298,0.500,
2026-09-17T19:30:00,376.305,1.500,
2026-09-17T19:45:00,376.315,1.000,
2026-09-17T20:00:00,376.367,0.500,
2026-09-17T20:15:00,376.422,0.500,
2026-09-17T20:30:00,376.452,0.000,
2026-09-17T20:45:00,376.467,0.000,
2026-09-17T21:00:00,376.469,0.000,
2026-09-17T21:15:00,376.474,0.000,
2026-09-17T21:30:00,376.469,0.000,
2026-09-17T21:45:00,376.466,0.000,
2026-09-17T22:00:00,376.453,0.000,
2026-09-17T22:15:00,376.442,0.000,
2026-09-17T22:30:00,376.432,0.000,
2026-09-17T22:45:00,376.423,0.000,
2026-09-17T23:00:00,376.424,0.500,
2026-09-17T23:15:00,376.415,0.000,
2026-09-17T23:30:00,376.416,0.000,
2026-09-17T23:45:00,376.406,0.000,
2026-09-18T00:00:00,376.407,0.000,
2026-09-18T00:15:00,376.405,0.000,
2026-09-18T00:30:00,376.405,0.000,
2026-09-18T00:45:00,376.405,0.000,
2026-09-18T01:00:00,376.406,0.000,
2026-09-18T01:15:00,376.405,0.000,
2026-09-18T01:30:00,376.403,0.000,
2026-09-18T01:45:00,376.399,0.000,
2026-09-18T02:00:00,376.399,0.000,
2026-09-18T02:15:00,376.390,0.000,
2026-09-18T02:30:00,376.387,0.000,
2026-09-18T02:45:00,376.390,0.000,
2026-09-18T03:00:00,376.379,0.000,
2026-09-18T03:15:00,376.377,0.000,
2026-09-18T03:30:00,376.371,0.000,
2026-09-18T03:45:00,376.368,0.000,
2026-09-18T04:00:00,376.363,0.000,
2026-09-18T04:15:00,376.357,0.000,
2026-09-18T04:30:00,376.352,0.000,
2026-09-18T04:45:00,376.351,0.000,
2026-09-18T05:00:00,376.346,0.000,
2026-09-18T05:15:00,376.342,0.000,
2026-09-18T05:30:00,376.341,0.000,
2026-09-18T05:45:00,376.341,0.000,
2026-09-18T06:00:00,376.341,0.500,
2026-09-18T06:15:00,376.341,0.000,
2026-09-18T06:30:00,376.341,0.000,
2026-09-18T06:45:00,376.325,0.000,
2026-09-18T07:00:00,376.327,0.000,
2026-09-18T07:15:00,376.320,0.000,
2026-09-18T07:30:00,376.323,0.000,
2026-09-18T07:45:00,376.321,0.000,
2026-09-18T08:00:00,376.317,0.000,
2026-09-18T08:15:00,376.314,0.000,
2026-09-18T08:30:00,376.316,0.000,
2026-09-18T08:45:00,376.310,0.000,
2026-09-18T09:00:00,376.306,0.000,
2026-09-18T09:15:00,376.306,0.000,
2026-09-18T09:30:00,376.307,0.000,
2026-09-18T09:45:00,376.298,0.000,
2026-09-18T10:00:00,376.299,0.000,
2026-09-18T10:15:00,376.297,0.000,
2026-09-18T10:30:00,376.290,0.000,
2026-09-18T10:45:00,376.289,0.000,
2026-09-18T11:00:00,376.286,0.000,
2026-09-18T11:15:00,376.284,0.000,
2026-09-18T11:30:00,376.283,0.000,
2026-09-18T11:45:00,376.279,0.000,
2026-09-18T12:00:00,376.277,0.000,
2026-09-18T12:15:00,376.276,0.000,
2026-09-18T12:30:00,376.270,0.000,
2026-09-18T12:45:00,376.272,0.000,
2026-09-18T13:00:00,376.268,0.000,
2026-09-18T13:15:00,376.264,0.000,
2026-09-18T13:30:00,376.265,0.000,
2026-09-18T13:45:00,376.260,0.000,
2026-09-18T14:00:00,376.256,0.000,
2026-09-18T14:15:00,376.256,0.000,
2026-09-18T14:30:00,376.254,0.000,
2026-09-18T14:45:00,376.254,0.000,
2026-09-18T15:00:00,376.248,0.000,
2026-09-18T15:15:00,376.247,0.000,
2026-09-18T15:30:00,376.246,0.000,
2026-09-18T15:45:00,376.242,0.000,
2026-09-18T16:00:00,376.240,0.000,
2026-09-18T16:15:00,376.235,0.000,
2026-09-18T16:30:00,376.234,0.000,
2026-09-18T16:45:00,376.232,0.000,
2026-09-18T17:00:00,376.231,0.000,
2026-09-18T17:15:00,376.230,0.000,
2026-09-18T17:30:00,376.229,0.000,
2026-09-18T17:45:00,376.228,0.000,
2026-09-18T18:00:00,376.224,0.000,
2026-09-18T18:15:00,376.220,0.000,
2026-09-18T18:30:00,376.228,0.000,
2026-09-18T18:45:00,376.237,0.000,
2026-09-18T19:00:00,376.254,0.000,
2026-09-18T19:15:00,376.276,0.000,
2026-09-18T19:30:00,376.308,0.000,
2026-09-18T19:45:00,376.335,0.000,
2026-09-18T20:00:00,376.365,0.000,
2026-09-18T20:15:00,376.385,0.000,
2026-09-18T20:30:00,376.404,0.000,
2026-09-18T20:45:00,376.412,0.000,
2026-09-18T21:00:00,376.417,0.000,
2026-09-18T21:15:00,376.418,0.000,
2026-09-18T21:30:00,376.419,0.000,
2026-09-18T21:45:00,376.418,0.000,
2026-09-18T22:00:00,376.414,0.000,
2026-09-18T22:15:00,376.408,0.000,
2026-09-18T22:30:00,376.405,0.000,
2026-09-18T22:45:00,376.398,0.000,
2026-09-18T23:00:00,376.392,0.000,
2026-09-18T23:15:00,376.390,0.000,
2026-09-18T23:30:00,376.383,0.000,
2026-09-18T23:45:00,376.380,0.000,
2026-09-19T00:00:00,376.375,0.000,
2026-09-19T00:15:00,376.370,0.000,
2026-09-19T00:30:00,376.362,0.000,
2026-09-19T00:45:00,376.350,0.000,
2026-09-19T01:00:00,376.344,0.000,
2026-09-19T01:15:00,376.343,0.000,
2026-09-19T01:30:00,376.341,0.000,
2026-09-19T01:45:00,376.341,0.000,
2026-09-19T02:00:00,376.319,0.000,
2026-09-19T02:15:00,376.313,0.000,
2026-09-19T02:30:00,376.308,0.000,
2026-09-19T02:45:00,376.304,0.000,
2026-09-19T03:00:00,376.297,0.000,
2026-09-19T03:15:00,376.293,0.000,
2026-09-19T03:30:00,376.285,0.000,
2026-09-19T03:45:00,376.284,0.000,
2026-09-19T04:00:00,376.279,0.000,
2026-09-19T04:15:00,376.275,0.000,
2026-09-19T04:30:00,376.270,0.000,
2026-09-19T04:45:00,376.267,0.500,
2026-09-19T05:00:00,376.262,0.000,
2026-09-19T05:15:00,376.258,0.000,
2026-09-19T05:30:00,376.256,0.000,
2026-09-19T05:45:00,376.252,0.000,
2026-09-19T06:00:00,376.250,0.000,
2026-09-19T06:15:00,376.247,0.000,
2026-09-19T06:30:00,376.242,0.000,
2026-09-19T06:45:00,376.239,0.000,
2026-09-19T07:00:00,376.239,0.000,
2026-09-19T07:15:00,376.234,0.000,
2026-09-19T07:30:00,376.233,0.000,
2026-09-19T07:45:00,376.233,0.000,
2026-09-19T08:00:00,376.229,0.000,
2026-09-19T08:15:00,376.229,0.000,
2026-09-19T08:30:00,376.227,0.000,
2026-09-19T08:45:00,376.224,0.000,
2026-09-19T09:00:00,376.221,0.000,
2026-09-19T09:15:00,376.220,0.000,
2026-09-19T09:30:00,376.219,0.000,
2026-09-19T09:45:00,376.217,0.000,
2026-09-19T10:00:00,376.216,0.000,
2026-09-19T10:15:00,376.216,0.000,
2026-09-19T10:30:00,376.216,0.000,
2026-09-19T10:45:00,376.215,0.000,
2026-09-19T11:00:00,376.208,0.000,
2026-09-19T11:15:00,376.205,0.000,
2026-09-19T11:30:00,376.205,0.000,
2026-09-19T11:45:00,376.202,0.000,
2026-09-19T12:00:00,376.201,0.000,
2026-09-19T12:15:00,376.199,0.000,
2026-09-19T12:30:00,376.195,0.000,
2026-09-19T12:45:00,376.195,0.000,
2026-09-19T13:00:00,376.192,0.000,
2026-09-19T13:15:00,376.191,0.000,
2026-09-19T13:30:00,376.189,0.000,
2026-09-19T13:45:00,376.189,0.000,
2026-09-19T14:00:00,376.185,0.000,
2026-09-19T14:15:00,376.182,0.000,
2026-09-19T14:30:00,376.182,0.000,
2026-09-19T14:45:00,376.179,0.000,
2026-09-19T15:00:00,376.178,0.000,
2026-09-19T15:15:00,376.177,0.000,
2026-09-19T15:30:00,376.178,0.000,
2026-09-19T15:45:00,376.175,0.000,
2026-09-19T16:00:00,376.169,0.000,
2026-09-19T16:15:00,376.169,0.000,
2026-09-19T16:30:00,376.165,0.000,
2026-09-19T16:45:00,376.164,0.000,
2026-09-19T17:00:00,376.162,0.000,
2026-09-19T17:15:00,376.161,0.000,
2026-09-19T17:30:00,376.158,0.000,
2026-09-19T17:45:00,376.158,0.000,
2026-09-19T18:00:00,376.155,0.000,
2026-09-19T18:15:00,376.155,0.000,
2026-09-19T18:30:00,376.154,0.000,
2026-09-19T18:45:00,376.152,0.000,
2026-09-19T19:00:00,376.149,0.000,
2026-09-19T19:15:00,376.147,,
2026-09-19T19:30:00,376.144,0.000,
2026-09-19T19:45:00,376.142,0.000,
2026-09-19T20:00:00,376.142,0.000,
2026-09-19T20:15:00,376.142,0.000,
2026-09-19T20:30:00,376.138,0.000,
2026-09-19T20:45:00,376.136,0.000,
2026-09-19T21:00:00,376.138,0.000,
2026-09-19T21:15:00,376.134,0.000,
2026-09-19T21:30:00,376.139,0.000,
2026-09-19T21:45:00,376.136,0.000,
2026-09-19T22:00:00,376.138,0.000,
2026-09-19T22:15:00,376.138,0.000,
2026-09-19T22:30:00,376.140,0.000,
2026-09-19T22:45:00,376.147,0.500,
2026-09-19T23:00:00,376.153,1.500,
2026-09-19T23:15:00,376.184,17.000,
2026-09-19T23:30:00,376.209,8.000,
2026-09-19T23:45:00,376.261,6.000,
2026-09-20T00:00:00,376.312,2.500,
2026-09-20T00:15:00,376.365,0.000,
2026-09-20T00:30:00,376.411,0.000,
2026-09-20T00:45:00,376.440,0.000,
2026-09-20T01:00:00,376.467,0.000,
2026-09-20T01:15:00,376.492,0.000,
2026-09-20T01:30:00,376.517,0.000,
2026-09-20T01:45:00,376.528,0.000,
2026-09-20T02:00:00,376.536,0.000,
2026-09-20T02:15:00,376.535,0.000,
2026-09-20T02:30:00,376.540,0.000,
2026-09-20T02:45:00,376.542,0.000,
2026-09-20T03:00:00,376.547,0.000,
2026-09-20T03:15:00,376.550,0.000,
2026-09-20T03:30:00,376.558,0.000,
2026-09-20T03:45:00,376.556,0.000,
2026-09-20T04:00:00,376.548,0.000,
2026-09-20T04:15:00,376.559,0.000,
2026-09-20T04:30:00,376.549,0.000,
2026-09-20T04:45:00,376.563,0.000,
2026-09-20T05:00:00,376.557,0.000,
2026-09-20T05:15:00,376.555,0.000,
2026-09-20T05:30:00,376.561,0.000,
2026-09-20T05:45:00,376.564,0.000,
2026-09-20T06:00:00,376.563,0.000,
2026-09-20T06:15:00,376.562,0.000,
2026-09-20T06:30:00,376.558,0.000,
2026-09-20T06:45:00,376.559,0.000,
2026-09-20T07:00:00,376.549,0.000,
2026-09-20T07:15:00,376.537,0.000,
2026-09-20T07:30:00,376.531,0.000,
2026-09-20T07:45:00,376.522,0.000,
2026-09-20T08:00:00,376.512,0.000,
2026-09-20T08:15:00,376.498,0.000,
2026-09-20T08:30:00,376.490,0.000,
2026-09-20T08:45:00,376.476,0.000,
2026-09-20T09:00:00,376.466,0.000,
2026-09-20T09:15:00,376.451,0.000,
2026-09-20T09:30:00,376.439,0.000,
2026-09-20T09:45:00,376.425,0.000,
2026-09-20T10:00:00,376.413,0.000,
2026-09-20T10:15:00,376.403,0.000,
2026-09-20T10:30:00,376.395,0.000,
2026-09-20T10:45:00,376.386,4.000,
2026-09-20T11:00:00,376.377,0.000,
2026-09-20T11:15:00,376.369,0.000,
2026-09-20T11:30:00,376.360,0.000,
2026-09-20T11:45:00,376.354,0.000,
2026-09-20T12:00:00,376.346,0.000,
2026-09-20T12:15:00,376.341,0.000,
2026-09-20T12:30:00,376.329,0.000,
2026-09-20T12:45:00,376.321,0.000,
2026-09-20T13:00:00,376.315,0.000,
2026-09-20T13:15:00,376.307,0.000,
2026-09-20T13:30:00,376.296,0.000,
2026-09-20T13:45:00,376.292,0.000,
2026-09-20T14:00:00,376.284,0.000,
2026-09-20T14:15:00,376.279,0.000,
2026-09-20T14:30:00,376.275,0.500,
2026-09-20T14:45:00,376.279,9.500,
2026-09-20T15:00:00,376.283,5.000,
2026-09-20T15:15:00,376.280,0.500,
2026-09-20T15:30:00,376.280,0.500,
2026-09-20T15:45:00,376.282,0.000,
2026-09-20T16:00:00,376.284,0.000,
2026-09-20T16:15:00,376.292,0.000,
2026-09-20T16:30:00,376.300,0.500,
2026-09-20T16:45:00,376.315,0.000,
2026-09-20T17:00:00,376.348,0.000,
2026-09-20T17:15:00,376.395,0.500,
2026-09-20T17:30:00,376.467,0.000,
2026-09-20T17:45:00,376.549,0.000,
2026-09-20T18:00:00,376.642,0.000,
2026-09-20T18:15:00,376.716,0.000,
2026-09-20T18:30:00,376.773,0.000,
2026-09-20T18:45:00,376.817,0.000,
2026-09-20T19:00:00,376.853,0.000,
2026-09-20T19:15:00,376.862,0.000,
2026-09-20T19:30:00,376.873,0.000,
2026-09-20T19:45:00,376.884,0.000,
2026-09-20T20:00:00,376.877,0.000,
2026-09-20T20:15:00,376.882,0.000,
2026-09-20T20:30:00,376.873,0.000,
2026-09-20T20:45:00,376.864,0.000,
2026-09-20T21:00:00,376.856,0.000,
2026-09-20T21:15:00,376.855,0.000,
2026-09-20T21:30:00,376.834,0.000,
2026-09-20T21:45:00,376.820,0.000,
2026-09-20T22:00:00,376.804,0.000,
2026-09-20T22:15:00,376.794,0.000,
2026-09-20T22:30:00,376.773,0.000,
2026-09-20T22:45:00,376.765,0.000,
2026-09-20T23:00:00,376.748,0.000,
2026-09-20T23:15:00,376.735,0.000,
2026-09-20T23:30:00,376.717,0.000,
2026-09-20T23:45:00,376.705,0.000,
2026-09-21T00:00:00,376.687,0.000,
2026-09-21T00:15:00,376.666,0.000,
2026-09-21T00:30:00,376.656,0.000,
2026-09-21T00:45:00,376.640,0.000,
2026-09-21T01:00:00,376.624,0.000,
2026-09-21T01:15:00,376.609,0.000,
2026-09-21T01:30:00,376.594,0.000,
2026-09-21T01:45:00,376.578,0.000,
2026-09-21T02:00:00,376.559,0.000,
2026-09-21T02:15:00,376.547,0.000,
2026-09-21T02:30:00,376.537,0.000,
2026-09-21T02:45:00,376.526,0.000,
2026-09-21T03:00:00,376.508,0.000,
2026-09-21T03:15:00,376.506,0.000,
2026-09-21T03:30:00,376.489,0.000,
2026-09-21T03:45:00,376.478,0.000,
2026-09-21T04:00:00,376.466,0.000,
2026-09-21T04:15:00,376.457,0.000,
2026-09-21T04:30:00,376.453,0.000,
2026-09-21T04:45:00,376.441,0.000,
2026-09-21T05:00:00,376.435,0.000,
2026-09-21T05:15:00,376.426,0.000,
2026-09-21T05:30:00,376.422,0.000,
2026-09-21T05:45:00,376.413,0.000,
2026-09-21T06:00:00,376.411,0.000,
2026-09-21T06:15:00,376.404,0.000,
2026-09-21T06:30:00,376.400,0.000,
2026-09-21T06:45:00,376.394,0.000,
2026-09-21T07:00:00,376.389,0.000,
2026-09-21T07:15:00,376.384,0.000,
2026-09-21T07:30:00,376.383,0.000,
2026-09-21T07:45:00,376.383,0.000,
2026-09-21T08:00:00,376.376,0.000,
2026-09-21T08:15:00,376.370,0.000,
2026-09-21T08:30:00,376.366,0.000,
2026-09-21T08:45:00,376.363,0.000,
2026-09-21T09:00:00,376.359,0.000,
2026-09-21T09:15:00,376.358,0.000,
2026-09-21T09:30:00,376.355,0.000,
2026-09-21T09:45:00,376.352,0.000,
2026-09-21T10:00:00,376.350,0.000,
2026-09-21T10:15:00,376.348,0.000,
2026-09-21T10:30:00,376.343,0.000,
2026-09-21T10:45:00,376.343,0.500,
2026-09-21T11:00:00,376.345,4.000,
2026-09-21T11:15:00,376.342,0.000,
2026-09-21T11:30:00,376.341,0.000,
2026-09-21T11:45:00,376.341,0.500,
2026-09-21T12:00:00,376.341,0.000,
2026-09-21T12:15:00,376.341,0.000,
2026-09-21T12:30:00,376.329,0.000,
2026-09-21T12:45:00,376.329,0.000,
2026-09-21T13:00:00,376.325,0.000,
2026-09-21T13:15:00,376.320,0.000,
2026-09-21T13:30:00,376.322,0.000,
2026-09-21T13:45:00,376.318,0.500,
2026-09-21T14:00:00,376.318,0.000,
2026-09-21T14:15:00,376.316,0.000,
2026-09-21T14:30:00,376.315,0.000,
2026-09-21T14:45:00,376.313,0.000,
2026-09-21T15:00:00,376.313,0.000,
2026-09-21T15:15:00,376.313,0.000,
2026-09-21T15:30:00,376.310,0.000,
2026-09-21T15:45:00,376.307,0.000,
2026-09-21T16:00:00,376.305,0.000,
2026-09-21T16:15:00,376.309,0.000,
2026-09-21T16:30:00,376.313,0.000,
2026-09-21T16:45:00,376.316,0.000,
2026-09-21T17:00:00,376.315,0.000,
2026-09-21T17:15:00,376.320,0.000,
2026-09-21T17:30:00,376.323,0.000,
2026-09-21T17:45:00,376.329,0.000,
2026-09-21T18:00:00,376.325,0.000,
2026-09-21T18:15:00,376.329,0.000,
2026-09-21T18:30:00,376.335,0.000,
2026-09-21T18:45:00,376.341,0.000,
2026-09-21T19:00:00,376.341,0.000,
2026-09-21T19:15:00,376.341,0.000,
2026-09-21T19:30:00,376.341,0.000,
2026-09-21T19:45:00,376.341,0.000,
2026-09-21T20:00:00,376.341,0.000,
2026-09-21T20:15:00,376.327,0.000,
2026-09-21T20:30:00,376.329,0.000,
2026-09-21T20:45:00,376.327,0.000,
2026-09-21T21:00:00,376.325,0.000,
2026-09-21T21:15:00,376.324,0.000,
2026-09-21T21:30:00,376.320,0.000,
2026-09-21T21:45:00,376.318,0.000,
2026-09-21T22:00:00,376.319,0.000,
2026-09-21T22:15:00,376.317,0.000,
2026-09-21T22:30:00,376.319,0.000,
2026-09-21T22:45:00,376.313,1.000,
2026-09-21T23:00:00,376.316,0.500,
2026-09-21T23:15:00,376.316,0.000,
2026-09-21T23:30:00,376.315,0.000,
2026-09-21T23:45:00,376.312,0.000,
2026-09-22T00:00:00,376.314,0.000,
2026-09-22T00:15:00,376.315,0.000,
2026-09-22T00:30:00,376.315,0.000,
2026-09-22T00:45:00,376.319,0.500,
2026-09-22T01:00:00,376.320,2.000,
2026-09-22T01:15:00,376.326,3.000,
2026-09-22T01:30:00,376.334,3.500,
2026-09-22T01:45:00,376.345,1.500,
2026-09-22T02:00:00,376.349,0.500,
2026-09-22T02:15:00,376.361,0.000,
2026-09-22T02:30:00,376.380,0.500,
2026-09-22T02:45:00,376.407,2.500,
2026-09-22T03:00:00,376.432,6.000,
2026-09-22T03:15:00,376.467,4.500,
2026-09-22T03:30:00,376.494,2.000,
2026-09-22T03:45:00,376.542,2.000,
2026-09-22T04:00:00,376.591,2.000,
2026-09-22T04:15:00,376.674,1.500,
2026-09-22T04:30:00,376.733,1.000,
2026-09-22T04:45:00,376.800,1.000,
2026-09-22T05:00:00,376.851,1.500,
2026-09-22T05:15:00,376.916,2.000,
2026-09-22T05:30:00,376.989,1.500,
2026-09-22T05:45:00,377.091,0.500,
2026-09-22T06:00:00,377.176,0.500,
2026-09-22T06:15:00,377.325,0.000,
2026-09-22T06:30:00,377.444,0.000,
2026-09-22T06:45:00,377.537,0.000,
2026-09-22T07:00:00,377.611,0.000,
2026-09-22T07:15:00,377.676,0.000,
2026-09-22T07:30:00,377.726,0.000,
2026-09-22T07:45:00,377.773,0.000,
2026-09-22T08:00:00,377.791,0.000,
2026-09-22T08:15:00,377.803,,
2026-09-22T08:30:00,377.818,,
2026-09-22T08:45:00,377.841,0.000,
2026-09-22T09:00:00,377.824,0.000,
2026-09-22T09:15:00,377.816,0.000,
2026-09-22T09:30:00,377.795,0.000,
2026-09-22T09:45:00,377.790,0.000,
2026-09-22T10:00:00,377.772,0.000,
2026-09-22T10:15:00,377.747,0.000,
2026-09-22T10:30:00,377.716,0.000,
2026-09-22T10:45:00,377.688,0.000,
2026-09-22T11:00:00,377.677,0.000,
2026-09-22T11:15:00,377.637,0.000,
2026-09-22T11:30:00,377.612,0.000,
2026-09-22T11:45:00,377.593,0.000,
2026-09-22T12:00:00,377.561,0.000,
2026-09-22T12:15:00,377.528,0.000,
2026-09-22T12:30:00,377.496,0.000,
2026-09-22T12:45:00,377.477,0.000,
2026-09-22T13:00:00,377.449,0.000,
2026-09-22T13:15:00,377.425,0.000,
2026-09-22T13:30:00,377.402,0.000,
2026-09-22T13:45:00,377.354,0.000,
2026-09-22T14:00:00,377.334,0.000,
2026-09-22T14:15:00,377.312,0.000,
2026-09-22T14:30:00,377.289,0.000,
2026-09-22T14:45:00,377.247,0.000,
2026-09-22T15:00:00,377.216,0.000,
2026-09-22T15:15:00,377.200,0.000,
2026-09-22T15:30:00,377.171,0.000,
2026-09-22T15:45:00,377.142,0.000,
2026-09-22T16:00:00,377.115,0.000,
2026-09-22T16:15:00,377.091,0.000,
2026-09-22T16:30:00,377.068,0.000,
2026-09-22T16:45:00,377.049,0.000,
2026-09-22T17:00:00,377.027,0.000,
2026-09-22T17:15:00,377.006,0.000,
2026-09-22T17:30:00,376.983,0.000,
2026-09-22T17:45:00,376.966,0.000,
2026-09-22T18:00:00,376.952,0.000,
2026-09-22T18:15:00,376.933,0.000,
2026-09-22T18:30:00,376.910,0.000,
2026-09-22T18:45:00,376.891,0.000,
2026-09-22T19:00:00,376.880,0.000,
2026-09-22T19:15:00,376.867,0.000,
2026-09-22T19:30:00,376.867,0.000,
2026-09-22T19:45:00,376.841,0.000,
2026-09-22T20:00:00,376.830,0.000,
2026-09-22T20:15:00,376.818,0.000,
2026-09-22T20:30:00,376.797,0.000,
2026-09-22T20:45:00,376.789,0.000,
2026-09-22T21:00:00,376.780,0.000,
2026-09-22T21:15:00,376.773,0.000,
2026-09-22T21:30:00,376.768,0.000,
2026-09-22T21:45:00,376.750,0.000,
2026-09-22T22:00:00,376.747,0.000,
2026-09-22T22:15:00,376.746,0.000,
2026-09-22T22:30:00,376.733,0.000,
2026-09-22T22:45:00,376.725,0.000,
2026-09-22T23:00:00,376.718,0.000,
2026-09-22T23:15:00,376.716,0.000,
2026-09-22T23:30:00,376.716,0.000,
2026-09-22T23:45:00,376.701,0.000,
2026-09-23T00:00:00,376.696,0.000,
2026-09-23T00:15:00,376.692,0.000,
2026-09-23T00:30:00,376.681,0.000,
2026-09-23T00:45:00,376.671,0.000,
2026-09-23T01:00:00,376.673,0.000,
2026-09-23T01:15:00,376.665,0.000,
2026-09-23T01:30:00,376.662,0.000,
2026-09-23T01:45:00,376.655,0.000,
2026-09-23T02:00:00,376.652,0.000,
2026-09-23T02:15:00,376.655,0.000,
2026-09-23T02:30:00,376.650,0.000,
2026-09-23T02:45:00,376.643,0.000,
2026-09-23T03:00:00,376.639,0.000,
2026-09-23T03:15:00,376.639,0.000,
2026-09-23T03:30:00,376.631,0.000,
2026-09-23T03:45:00,376.622,0.000,
2026-09-23T04:00:00,376.620,0.000,
2026-09-23T04:15:00,376.622,0.000,
2026-09-23T04:30:00,376.620,2.000,
2026-09-23T04:45:00,376.614,2.500,
2026-09-23T05:00:00,376.611,0.000,
2026-09-23T05:15:00,376.605,0.500,
2026-09-23T05:30:00,376.603,0.000,
2026-09-23T05:45:00,376.604,0.000,
2026-09-23T06:00:00,376.600,0.000,
2026-09-23T06:15:00,376.595,0.000,
2026-09-23T06:30:00,376.593,0.000,
2026-09-23T06:45:00,376.594,0.000,
2026-09-23T07:00:00,376.591,0.000,
2026-09-23T07:15:00,376.595,0.000,
2026-09-23T07:30:00,376.584,0.000,
2026-09-23T07:45:00,376.591,0.000,
2026-09-23T08:00:00,376.585,0.000,
2026-09-23T08:15:00,376.591,0.000,
2026-09-23T08:30:00,376.585,0.000,
2026-09-23T08:45:00,376.591,0.000,
2026-09-23T09:00:00,376.581,0.000,
2026-09-23T09:15:00,376.579,0.000,
2026-09-23T09:30:00,376.581,0.000,
2026-09-23T09:45:00,376.567,0.000,
2026-09-23T10:00:00,376.573,0.000,
2026-09-23T10:15:00,376.573,0.000,
2026-09-23T10:30:00,376.564,0.000,
2026-09-23T10:45:00,376.565,0.000,
2026-09-23T11:00:00,376.554,0.000,
2026-09-23T11:15:00,376.555,0.000,
2026-09-23T11:30:00,376.549,0.000,
2026-09-23T11:45:00,376.552,0.000,
2026-09-23T12:00:00,376.544,0.000,
2026-09-23T12:15:00,376.536,0.000,
2026-09-23T12:30:00,376.530,0.000,
2026-09-23T12:45:00,376.534,0.000,
2026-09-23T13:00:00,376.529,0.000,
2026-09-23T13:15:00,376.522,0.000,
2026-09-23T13:30:00,376.516,0.000,
2026-09-23T13:45:00,376.513,0.000,
2026-09-23T14:00:00,376.508,0.000,
2026-09-23T14:15:00,376.507,1.000,
2026-09-23T14:30:00,376.506,0.000,
2026-09-23T14:45:00,376.495,0.000,
2026-09-23T15:00:00,376.491,0.000,
2026-09-23T15:15:00,376.488,0.000,
2026-09-23T15:30:00,376.484,0.000,
2026-09-23T15:45:00,376.483,0.000,
2026-09-23T16:00:00,376.476,0.000,
2026-09-23T16:15:00,376.483,0.000,
2026-09-23T16:30:00,376.478,0.000,
2026-09-23T16:45:00,376.473,0.000,
2026-09-23T17:00:00,376.469,0.000,
2026-09-23T17:15:00,376.466,0.000,
2026-09-23T17:30:00,376.466,0.000,
2026-09-23T17:45:00,376.466,0.000,
2026-09-23T18:00:00,376.466,0.000,
2026-09-23T18:15:00,376.453,0.000,
2026-09-23T18:30:00,376.446,0.000,
2026-09-23T18:45:00,376.448,0.000,
2026-09-23T19:00:00,376.443,0.000,
2026-09-23T19:15:00,376.444,0.000,
2026-09-23T19:30:00,376.440,0.000,
2026-09-23T19:45:00,376.432,0.000,
2026-09-23T20:00:00,376.434,0.000,
2026-09-23T20:15:00,376.431,0.000,
2026-09-23T20:30:00,376.428,0.000,
2026-09-23T20:45:00,376.422,0.000,
2026-09-23T21:00:00,376.417,0.000,
2026-09-23T21:15:00,376.421,0.000,
2026-09-23T21:30:00,376.421,0.000,
2026-09-23T21:45:00,376.414,0.000,
2026-09-23T22:00:00,376.407,0.000,
2026-09-23T22:15:00,376.413,0.000,
2026-09-23T22:30:00,376.409,0.000,
2026-09-23T22:45:00,376.405,0.000,
2026-09-23T23:00:00,376.404,0.000,
2026-09-23T23:15:00,376.399,0.000,
2026-09-23T23:30:00,376.394,0.000,
2026-09-23T23:45:00,376.392,0.000,
2026-09-24T00:00:00,376.394,0.000,
2026-09-24T00:15:00,376.390,0.000,
2026-09-24T00:30:00,376.388,0.000,
2026-09-24T00:45:00,376.385,0.000,
2026-09-24T01:00:00,376.387,1.000,
2026-09-24T01:15:00,376.385,2.000,
2026-09-24T01:30:00,376.396,4.000,
2026-09-24T01:45:00,376.430,10.000,
2026-09-24T02:00:00,376.456,1.500,
2026-09-24T02:15:00,376.481,0.500,
2026-09-24T02:30:00,376.506,0.500,
2026-09-24T02:45:00,376.533,0.500,
2026-09-24T03:00:00,376.556,0.000,
2026-09-24T03:15:00,376.578,0.000,
2026-09-24T03:30:00,376.592,0.000,
2026-09-24T03:45:00,376.602,0.000,
2026-09-24T04:00:00,376.609,0.000,
2026-09-24T04:15:00,376.603,0.500,
2026-09-24T04:30:00,376.605,0.000,
2026-09-24T04:45:00,376.610,0.000,
2026-09-24T05:00:00,376.615,0.000,
2026-09-24T05:15:00,376.629,0.000,
2026-09-24T05:30:00,376.629,0.000,
2026-09-24T05:45:00,376.647,0.000,
2026-09-24T06:00:00,376.655,0.000,
2026-09-24T06:15:00,376.670,0.000,
2026-09-24T06:30:00,376.677,0.000,
2026-09-24T06:45:00,376.679,0.000,
2026-09-24T07:00:00,376.684,0.000,
2026-09-24T07:15:00,376.689,0.000,
2026-09-24T07:30:00,376.687,0.000,
2026-09-24T07:45:00,376.683,0.000,
2026-09-24T08:00:00,376.668,0.000,
2026-09-24T08:15:00,376.674,0.000,
2026-09-24T08:30:00,376.656,0.000,
2026-09-24T08:45:00,376.645,0.000,
2026-09-24T09:00:00,376.635,0.000,
2026-09-24T09:15:00,376.621,0.000,
2026-09-24T09:30:00,376.613,0.000,
2026-09-24T09:45:00,376.602,0.000,
2026-09-24T10:00:00,376.592,0.000,
2026-09-24T10:15:00,376.582,0.000,
2026-09-24T10:30:00,376.574,0.000,
2026-09-24T10:45:00,376.561,0.000,
2026-09-24T11:00:00,376.559,0.000,
2026-09-24T11:15:00,376.549,0.000,
2026-09-24T11:30:00,376.546,0.000,
2026-09-24T11:45:00,376.538,0.000,
2026-09-24T12:00:00,376.527,0.000,
2026-09-24T12:15:00,376.524,0.000,
2026-09-24T12:30:00,376.516,0.000,
2026-09-24T12:45:00,376.510,0.500,
2026-09-24T13:00:00,376.505,0.500,
2026-09-24T13:15:00,376.496,0.000,
2026-09-24T13:30:00,376.490,0.000,
2026-09-24T13:45:00,376.479,1.000,
2026-09-24T14:00:00,376.477,0.000,
2026-09-24T14:15:00,376.473,0.000,
2026-09-24T14:30:00,376.467,0.500,
2026-09-24T14:45:00,376.466,0.000,
2026-09-24T15:00:00,376.467,0.000,
2026-09-24T15:15:00,376.457,0.500,
2026-09-24T15:30:00,376.445,0.000,
2026-09-24T15:45:00,376.447,1.000,
2026-09-24T16:00:00,376.442,0.500,
2026-09-24T16:15:00,376.436,0.000,
2026-09-24T16:30:00,376.430,0.000,
2026-09-24T16:45:00,376.433,0.000,
2026-09-24T17:00:00,376.424,0.000,
2026-09-24T17:15:00,376.426,0.000,
2026-09-24T17:30:00,376.422,1.000,
2026-09-24T17:45:00,376.427,0.000,
2026-09-24T18:00:00,376.422,0.000,
2026-09-24T18:15:00,376.413,0.500,
2026-09-24T18:30:00,376.416,0.000,
2026-09-24T18:45:00,376.411,0.000,
2026-09-24T19:00:00,376.414,0.000,
2026-09-24T19:15:00,376.410,1.000,
2026-09-24T19:30:00,376.412,1.000,
2026-09-24T19:45:00,376.413,0.500,
2026-09-24T20:00:00,376.416,0.000,
2026-09-24T20:15:00,376.417,0.000,
2026-09-24T20:30:00,376.416,0.000,
2026-09-24T20:45:00,376.419,0.500,
2026-09-24T21:00:00,376.420,0.000,
2026-09-24T21:15:00,376.427,0.500,
2026-09-24T21:30:00,376.427,0.500,
2026-09-24T21:45:00,376.432,1.500,
2026-09-24T22:00:00,376.447,1.000,
2026-09-24T22:15:00,376.444,1.000,
2026-09-24T22:30:00,376.450,0.500,
2026-09-24T22:45:00,376.447,0.500,
2026-09-24T23:00:00,376.453,0.000,
2026-09-24T23:15:00,376.459,0.000,
2026-09-24T23:30:00,376.456,0.500,
2026-09-24T23:45:00,376.466,0.500,
2026-09-25T00:00:00,376.470,0.500,
2026-09-25T00:15:00,376.475,0.000,
2026-09-25T00:30:00,376.472,0.000,
2026-09-25T00:45:00,376.487,0.500,
2026-09-25T01:00:00,376.493,0.000,
2026-09-25T01:15:00,376.497,1.000,
2026-09-25T01:30:00,376.509,4.500,
2026-09-25T01:45:00,376.549,10.500,
2026-09-25T02:00:00,376.611,5.500,
2026-09-25T02:15:00,376.696,3.000,
2026-09-25T02:30:00,376.776,2.500,
2026-09-25T02:45:00,376.905,1.000,
2026-09-25T03:00:00,376.996,0.000,
2026-09-25T03:15:00,377.070,0.500,
2026-09-25T03:30:00,377.118,0.000,
2026-09-25T03:45:00,377.146,0.000,
2026-09-25T04:00:00,377.256,0.000,
2026-09-25T04:15:00,377.355,0.000,
2026-09-25T04:30:00,377.422,0.000,
2026-09-25T04:45:00,377.486,0.000,
2026-09-25T05:00:00,377.555,0.500,
2026-09-25T05:15:00,377.607,2.500,
2026-09-25T05:30:00,377.670,1.000,
2026-09-25T05:45:00,377.703,0.500,
2026-09-25T06:00:00,377.743,0.000,
2026-09-25T06:15:00,377.789,0.000,
2026-09-25T06:30:00,377.789,0.000,
2026-09-25T06:45:00,377.805,0.000,
2026-09-25T07:00:00,377.808,0.000,
2026-09-25T07:15:00,377.788,0.000,
2026-09-25T07:30:00,377.782,0.000,
2026-09-25T07:45:00,377.748,2.000,
2026-09-25T08:00:00,377.737,1.500,
2026-09-25T08:15:00,377.701,0.500,
2026-09-25T08:30:00,377.680,0.000,
2026-09-25T08:45:00,377.658,0.000,
2026-09-25T09:00:00,377.630,0.500,
2026-09-25T09:15:00,377.591,0.000,
2026-09-25T09:30:00,377.566,0.500,
2026-09-25T09:45:00,377.534,0.000,
2026-09-25T10:00:00,377.507,0.000,
2026-09-25T10:15:00,377.476,0.000,
2026-09-25T10:30:00,377.448,0.000,
2026-09-25T10:45:00,377.415,0.000,
2026-09-25T11:00:00,377.395,0.000,
2026-09-25T11:15:00,377.364,0.500,
2026-09-25T11:30:00,377.350,0.000,
2026-09-25T11:45:00,377.318,1.000,
2026-09-25T12:00:00,377.309,1.500,
2026-09-25T12:15:00,377.292,1.000,
2026-09-25T12:30:00,377.276,2.500,
2026-09-25T12:45:00,377.260,0.000,
2026-09-25T13:00:00,377.258,2.500,
2026-09-25T13:15:00,377.274,1.500,
2026-09-25T13:30:00,377.269,0.000,
2026-09-25T13:45:00,377.266,1.000,
2026-09-25T14:00:00,377.263,0.000,
2026-09-25T14:15:00,377.268,0.000,
2026-09-25T14:30:00,377.293,0.000,
2026-09-25T14:45:00,377.309,0.000,
2026-09-25T15:00:00,377.305,0.000,
2026-09-25T15:15:00,377.312,2.500,
2026-09-25T15:30:00,377.324,0.500,
2026-09-25T15:45:00,377.341,0.500,
2026-09-25T16:00:00,377.365,1.000,
2026-09-25T16:15:00,377.380,0.000,
2026-09-25T16:30:00,377.404,0.500,
2026-09-25T16:45:00,377.418,0.500,
2026-09-25T17:00:00,377.426,2.000,
2026-09-25T17:15:00,377.451,1.000,
2026-09-25T17:30:00,377.457,0.000,
2026-09-25T17:45:00,377.471,0.500,
2026-09-25T18:00:00,377.482,5.500,
2026-09-25T18:15:00,377.483,1.500,
2026-09-25T18:30:00,377.489,2.000,
2026-09-25T18:45:00,377.509,0.000,
2026-09-25T19:00:00,377.532,1.000,
2026-09-25T19:15:00,377.551,0.000,
2026-09-25T19:30:00,377.591,0.000,
2026-09-25T19:45:00,377.606,0.000,
2026-09-25T20:00:00,377.638,0.000,
2026-09-25T20:15:00,377.672,0.000,
2026-09-25T20:30:00,377.693,0.000,
2026-09-25T20:45:00,377.695,0.000,
2026-09-25T21:00:00,377.718,0.000,
2026-09-25T21:15:00,377.730,0.000,
2026-09-25T21:30:00,377.737,0.000,
2026-09-25T21:45:00,377.751,0.000,
2026-09-25T22:00:00,377.753,0.000,
2026-09-25T22:15:00,377.738,0.000,
2026-09-25T22:30:00,377.741,0.000,
2026-09-25T22:45:00,377.734,0.000,
2026-09-25T23:00:00,377.718,0.000,
2026-09-25T23:15:00,377.704,0.000,
2026-09-25T23:30:00,377.700,0.500,
2026-09-25T23:45:00,377.685,0.500,
2026-09-26T00:00:00,377.657,0.000,
2026-09-26T00:15:00,377.634,1.000,
2026-09-26T00:30:00,377.608,0.500,
2026-09-26T00:45:00,377.596,1.500,
2026-09-26T01:00:00,377.583,2.000,
2026-09-26T01:15:00,377.572,2.500,
2026-09-26T01:30:00,377.552,1.000,
2026-09-26T01:45:00,377.537,2.000,
2026-09-26T02:00:00,377.528,2.000,
2026-09-26T02:15:00,377.526,1.500,
2026-09-26T02:30:00,377.526,1.500,
2026-09-26T02:45:00,377.514,2.000,
2026-09-26T03:00:00,377.525,1.000,
2026-09-26T03:15:00,377.531,1.000,
2026-09-26T03:30:00,377.531,1.000,
2026-09-26T03:45:00,377.562,1.500,
2026-09-26T04:00:00,377.579,1.500,
2026-09-26T04:15:00,377.593,1.000,
2026-09-26T04:30:00,377.636,1.000,
2026-09-26T04:45:00,377.656,1.000,
2026-09-26T05:00:00,377.691,1.000,
2026-09-26T05:15:00,377.723,2.500,
2026-09-26T05:30:00,377.765,1.500,
2026-09-26T05:45:00,377.777,3.000,
2026-09-26T06:00:00,377.841,8.500,
2026-09-26T06:15:00,377.912,7.000,
2026-09-26T06:30:00,378.049,10.000,
2026-09-26T06:45:00,378.225,7.000,
2026-09-26T07:00:00,378.427,7.000,
2026-09-26T07:15:00,378.658,7.500,
2026-09-26T07:30:00,378.935,7.500,
2026-09-26T07:45:00,379.130,6.000,
2026-09-26T08:00:00,379.245,4.500,
2026-09-26T08:15:00,379.325,2.500,
2026-09-26T08:30:00,379.349,1.000,
2026-09-26T08:45:00,379.366,2.000,
2026-09-26T09:00:00,379.404,6.500,
2026-09-26T09:15:00,379.401,9.000,
2026-09-26T09:30:00,379.471,10.500,
2026-09-26T09:45:00,379.485,2.500,
2026-09-26T10:00:00,379.631,2.000,
2026-09-26T10:15:00,379.709,0.500,
2026-09-26T10:30:00,379.757,1.000,
2026-09-26T10:45:00,379.813,1.500,
2026-09-26T11:00:00,379.798,7.000,
2026-09-26T11:15:00,379.754,2.500,
2026-09-26T11:30:00,379.728,3.000,
2026-09-26T11:45:00,379.777,7.000,
2026-09-26T12:00:00,379.782,3.000,
2026-09-26T12:15:00,379.860,2.500,
2026-09-26T12:30:00,379.906,1.500,
2026-09-26T12:45:00,379.909,2.000,
2026-09-26T13:00:00,379.947,3.000,
2026-09-26T13:15:00,379.937,3.500,
2026-09-26T13:30:00,379.916,5.000,
2026-09-26T13:45:00,379.916,3.000,
2026-09-26T14:00:00,379.951,5.500,
2026-09-26T14:15:00,379.939,7.000,
2026-09-26T14:30:00,380.022,5.000,
2026-09-26T14:45:00,380.082,1.500,
2026-09-26T15:00:00,380.148,2.500,
2026-09-26T15:15:00,380.207,2.000,
2026-09-26T15:30:00,380.211,2.500,
2026-09-26T15:45:00,380.215,1.000,
2026-09-26T16:00:00,380.168,0.500,
2026-09-26T16:15:00,380.117,1.500,
2026-09-26T16:30:00,380.103,2.500,
2026-09-26T16:45:00,380.076,3.000,
2026-09-26T17:00:00,380.044,1.000,
2026-09-26T17:15:00,380.006,0.500,
2026-09-26T17:30:00,380.017,0.500,
2026-09-26T17:45:00,380.012,0.000,
2026-09-26T18:00:00,380.046,0.500,
2026-09-26T18:15:00,379.991,0.000,
2026-09-26T18:30:00,379.971,0.000,
2026-09-26T18:45:00,379.966,0.500,
2026-09-26T19:00:00,379.914,1.000,
2026-09-26T19:15:00,379.910,0.000,
2026-09-26T19:30:00,379.901,0.500,
2026-09-26T19:45:00,379.909,0.000,
2026-09-26T20:00:00,379.853,0.000,
2026-09-26T20:15:00,379.848,0.000,
2026-09-26T20:30:00,379.799,0.000,
2026-09-26T20:45:00,379.819,0.000,
2026-09-26T21:00:00,379.735,0.000,
2026-09-26T21:15:00,379.735,0.000,
2026-09-26T21:30:00,379.726,0.000,
2026-09-26T21:45:00,379.669,0.000,
2026-09-26T22:00:00,379.648,0.000,
2026-09-26T22:15:00,379.606,0.000,
2026-09-26T22:30:00,379.564,0.500,
2026-09-26T22:45:00,379.515,0.000,
2026-09-26T23:00:00,379.497,0.000,
2026-09-26T23:15:00,379.443,0.000,
2026-09-26T23:30:00,379.370,0.000,
2026-09-26T23:45:00,379.340,0.500,
2026-09-27T00:00:00,379.362,0.000,
2026-09-27T00:15:00,379.289,0.000,
2026-09-27T00:30:00,379.267,0.000,
2026-09-27T00:45:00,379.197,0.000,
2026-09-27T01:00:00,379.142,0.000,
2026-09-27T01:15:00,379.099,0.000,
2026-09-27T01:30:00,379.089,0.000,
2026-09-27T01:45:00,379.038,0.000,
2026-09-27T02:00:00,378.985,0.000,
2026-09-27T02:15:00,378.966,0.000,
2026-09-27T02:30:00,378.908,0.000,
2026-09-27T02:45:00,378.885,0.000,
2026-09-27T03:00:00,378.781,1.000,
2026-09-27T03:15:00,378.743,0.500,
2026-09-27T03:30:00,378.706,0.000,
2026-09-27T03:45:00,378.641,0.000,
2026-09-27T04:00:00,378.609,0.000,
2026-09-27T04:15:00,378.556,0.500,
2026-09-27T04:30:00,378.522,0.000,
2026-09-27T04:45:00,378.469,0.000,
2026-09-27T05:00:00,378.425,0.000,
2026-09-27T05:15:00,378.405,0.000,
2026-09-27T05:30:00,378.362,0.000,
2026-09-27T05:45:00,378.300,0.000,
2026-09-27T06:00:00,378.240,0.000,
2026-09-27T06:15:00,378.217,0.000,
2026-09-27T06:30:00,378.181,0.000,
2026-09-27T06:45:00,378.147,0.000,
2026-09-27T07:00:00,378.072,1.000,
2026-09-27T07:15:00,378.066,3.000,
2026-09-27T07:30:00,378.016,2.000,
2026-09-27T07:45:00,377.995,0.500,
2026-09-27T08:00:00,377.959,0.500,
2026-09-27T08:15:00,377.952,0.000,
2026-09-27T08:30:00,377.921,0.500,
2026-09-27T08:45:00,377.887,0.000,
2026-09-27T09:00:00,377.850,0.000,
2026-09-27T09:15:00,377.841,0.000,
2026-09-27T09:30:00,377.800,0.000,
2026-09-27T09:45:00,377.795,0.000,
2026-09-27T10:00:00,377.805,0.000,
2026-09-27T10:15:00,377.762,0.000,
2026-09-27T10:30:00,377.760,0.000,
2026-09-27T10:45:00,377.738,0.000,
2026-09-27T11:00:00,377.741,2.000,
2026-09-27T11:15:00,377.708,2.000,
2026-09-27T11:30:00,377.716,2.500,
2026-09-27T11:45:00,377.702,2.500,
2026-09-27T12:00:00,377.709,2.000,
2026-09-27T12:15:00,377.716,2.500,
2026-09-27T12:30:00,377.733,2.000,
2026-09-27T12:45:00,377.755,1.000,
2026-09-27T13:00:00,377.742,1.500,
2026-09-27T13:15:00,377.770,0.000,
2026-09-27T13:30:00,377.767,0.000,
2026-09-27T13:45:00,377.796,0.000,
2026-09-27T14:00:00,377.803,0.000,
2026-09-27T14:15:00,377.818,0.000,
2026-09-27T14:30:00,377.886,0.000,
2026-09-27T14:45:00,377.881,0.000,
2026-09-27T15:00:00,377.934,0.000,
2026-09-27T15:15:00,377.926,0.000,
2026-09-27T15:30:00,377.967,0.000,
2026-09-27T15:45:00,378.004,0.500,
2026-09-27T16:00:00,378.041,0.000,
2026-09-27T16:15:00,378.058,0.500,
2026-09-27T16:30:00,378.060,1.000,
2026-09-27T16:45:00,378.036,2.000,
2026-09-27T17:00:00,378.087,2.000,
2026-09-27T17:15:00,378.113,0.000,
2026-09-27T17:30:00,378.117,0.000,
2026-09-27T17:45:00,378.075,0.500,
2026-09-27T18:00:00,378.097,0.000,
2026-09-27T18:15:00,378.106,0.000,
2026-09-27T18:30:00,378.094,0.000,
2026-09-27T18:45:00,378.060,0.000,
2026-09-27T19:00:00,378.027,0.000,
2026-09-27T19:15:00,378.057,0.000,
2026-09-27T19:30:00,378.043,0.000,
2026-09-27T19:45:00,378.016,0.000,
2026-09-27T20:00:00,377.990,0.000,
2026-09-27T20:15:00,377.999,0.000,
2026-09-27T20:30:00,377.966,0.000,
2026-09-27T20:45:00,378.008,0.000,
2026-09-27T21:00:00,377.963,0.000,
2026-09-27T21:15:00,377.975,0.000,
2026-09-27T21:30:00,377.988,0.000,
2026-09-27T21:45:00,377.934,0.000,
2026-09-27T22:00:00,377.947,0.000,
2026-09-27T22:15:00,377.900,0.000,
2026-09-27T22:30:00,377.870,0.000,
2026-09-27T22:45:00,377.878,0.000,
2026-09-27T23:00:00,377.823,0.000,
2026-09-27T23:15:00,377.849,0.000,
2026-09-27T23:30:00,377.790,0.000,
2026-09-27T23:45:00,377.768,0.000,
2026-09-28T00:00:00,377.749,0.000,
2026-09-28T00:15:00,377.738,0.000,
2026-09-28T00:30:00,377.730,0.000,
2026-09-28T00:45:00,377.695,0.000,
2026-09-28T01:00:00,377.676,0.000,
2026-09-28T01:15:00,377.646,0.000,
2026-09-28T01:30:00,377.606,0.000,
2026-09-28T01:45:00,377.620,0.000,
2026-09-28T02:00:00,377.571,0.000,
2026-09-28T02:15:00,377.564,0.000,
2026-09-28T02:30:00,377.539,0.000,
2026-09-28T02:45:00,377.517,0.000,
2026-09-28T03:00:00,377.500,0.000,
2026-09-28T03:15:00,377.477,0.000,
2026-09-28T03:30:00,377.466,0.000,
2026-09-28T03:45:00,377.446,2.000,
2026-09-28T04:00:00,377.430,0.500,
2026-09-28T04:15:00,377.398,0.000,
2026-09-28T04:30:00,377.392,0.000,
2026-09-28T04:45:00,377.373,0.000,
2026-09-28T05:00:00,377.367,1.000,
2026-09-28T05:15:00,377.341,1.000,
2026-09-28T05:30:00,377.328,3.000,
2026-09-28T05:45:00,377.318,3.500,
2026-09-28T06:00:00,377.323,3.000,
2026-09-28T06:15:00,377.348,1.500,
2026-09-28T06:30:00,377.397,3.500,
2026-09-28T06:45:00,377.429,2.000,
2026-09-28T07:00:00,377.532,1.000,
2026-09-28T07:15:00,377.626,0.000,
2026-09-28T07:30:00,377.670,0.500,
2026-09-28T07:45:00,377.670,0.000,
2026-09-28T08:00:00,377.705,0.000,
2026-09-28T08:15:00,377.683,0.000,
2026-09-28T08:30:00,377.717,0.000,
2026-09-28T08:45:00,377.769,0.000,
2026-09-28T09:00:00,377.777,0.000,
2026-09-28T09:15:00,377.838,0.000,
2026-09-28T09:30:00,377.854,0.000,
2026-09-28T09:45:00,377.885,0.000,
2026-09-28T10:00:00,377.932,0.000,
2026-09-28T10:15:00,377.944,0.000,
2026-09-28T10:30:00,377.950,0.000,
2026-09-28T10:45:00,377.979,0.000,
2026-09-28T11:00:00,377.992,0.000,
2026-09-28T11:15:00,378.016,0.000,
2026-09-28T11:30:00,378.027,0.000,
2026-09-28T11:45:00,378.014,0.000,
2026-09-28T12:00:00,378.011,0.000,
2026-09-28T12:15:00,377.989,0.000,
2026-09-28T12:30:00,377.958,0.000,
2026-09-28T12:45:00,377.969,0.000,
2026-09-28T13:00:00,377.935,0.000,
2026-09-28T13:15:00,377.887,0.000,
2026-09-28T13:30:00,377.884,0.000,
2026-09-28T13:45:00,377.855,0.000,
2026-09-28T14:00:00,377.832,0.000,
2026-09-28T14:15:00,377.796,0.000,
2026-09-28T14:30:00,377.772,0.000,
2026-09-28T14:45:00,377.727,0.000,
2026-09-28T15:00:00,377.717,0.000,
2026-09-28T15:15:00,377.681,0.000,
2026-09-28T15:30:00,377.652,0.000,
2026-09-28T15:45:00,377.602,0.000,
2026-09-28T16:00:00,377.609,0.000,
2026-09-28T16:15:00,377.585,0.000,
2026-09-28T16:30:00,377.543,0.000,
2026-09-28T16:45:00,377.546,0.000,
2026-09-28T17:00:00,377.491,0.000,
2026-09-28T17:15:00,377.474,0.000,
2026-09-28T17:30:00,377.466,0.000,
2026-09-28T17:45:00,377.452,0.000,
2026-09-28T18:00:00,377.407,0.000,
2026-09-28T18:15:00,377.391,0.000,
2026-09-28T18:30:00,377.373,0.000,
2026-09-28T18:45:00,377.363,0.000,
2026-09-28T19:00:00,377.341,0.000,
2026-09-28T19:15:00,377.302,0.000,
2026-09-28T19:30:00,377.293,0.000,
2026-09-28T19:45:00,377.287,0.000,
2026-09-28T20:00:00,377.260,0.000,
2026-09-28T20:15:00,377.239,0.000,
2026-09-28T20:30:00,377.224,0.000,
2026-09-28T20:45:00,377.216,0.000,
2026-09-28T21:00:00,377.180,0.000,
2026-09-28T21:15:00,377.177,0.000,
2026-09-28T21:30:00,377.157,0.000,
2026-09-28T21:45:00,377.148,0.000,
2026-09-28T22:00:00,377.146,0.000,
2026-09-28T22:15:00,377.119,0.000,
2026-09-28T22:30:00,377.123,0.000,
2026-09-28T22:45:00,377.102,0.000,
2026-09-28T23:00:00,377.098,0.000,
2026-09-28T23:15:00,377.091,0.000,
2026-09-28T23:30:00,377.067,0.000,
2026-09-28T23:45:00,377.079,0.000,
2026-09-29T00:00:00,377.055,0.000,
2026-09-29T00:15:00,377.046,0.000,
2026-09-29T00:30:00,377.032,0.000,
2026-09-29T00:45:00,377.028,0.000,
2026-09-29T01:00:00,377.014,0.000,
2026-09-29T01:15:00,376.999,0.000,
2026-09-29T01:30:00,377.005,0.000,
2026-09-29T01:45:00,376.998,0.000,
2026-09-29T02:00:00,376.986,0.000,
2026-09-29T02:15:00,376.978,0.000,
2026-09-29T02:30:00,376.972,0.000,
2026-09-29T02:45:00,376.971,0.000,
2026-09-29T03:00:00,376.966,0.000,
2026-09-29T03:15:00,376.959,0.000,
2026-09-29T03:30:00,376.946,0.000,
2026-09-29T03:45:00,376.936,0.000,
2026-09-29T04:00:00,376.934,0.000,
2026-09-29T04:15:00,376.928,0.000,
2026-09-29T04:30:00,376.920,0.000,
2026-09-29T04:45:00,376.919,0.000,
2026-09-29T05:00:00,376.911,0.000,
2026-09-29T05:15:00,376.904,0.000,
2026-09-29T05:30:00,376.900,0.000,
2026-09-29T05:45:00,376.893,0.000,
2026-09-29T06:00:00,376.882,0.000,
2026-09-29T06:15:00,376.890,0.000,
2026-09-29T06:30:00,376.884,0.000,
2026-09-29T06:45:00,376.871,0.000,
2026-09-29T07:00:00,376.874,0.000,
2026-09-29T07:15:00,376.863,0.000,
2026-09-29T07:30:00,376.859,0.000,
2026-09-29T07:45:00,376.855,0.000,
2026-09-29T08:00:00,376.841,0.000,
2026-09-29T08:15:00,376.841,0.000,
2026-09-29T08:30:00,376.841,0.000,
2026-09-29T08:45:00,376.830,0.000,
2026-09-29T09:00:00,376.823,0.000,
2026-09-29T09:15:00,376.821,0.000,
2026-09-29T09:30:00,376.818,0.000,
2026-09-29T09:45:00,376.814,0.000,
2026-09-29T10:00:00,376.813,0.000,
2026-09-29T10:15:00,376.804,0.000,
2026-09-29T10:30:00,376.806,0.000,
2026-09-29T10:45:00,376.804,0.000,
2026-09-29T11:00:00,376.793,0.500,
2026-09-29T11:15:00,376.785,0.000,
2026-09-29T11:30:00,376.788,0.000,
2026-09-29T11:45:00,376.782,0.000,
2026-09-29T12:00:00,376.778,0.000,
2026-09-29T12:15:00,376.774,0.000,
2026-09-29T12:30:00,376.774,0.000,
2026-09-29T12:45:00,376.765,0.000,
2026-09-29T13:00:00,376.761,0.000,
2026-09-29T13:15:00,376.754,0.000,
2026-09-29T13:30:00,376.752,0.000,
2026-09-29T13:45:00,376.743,0.000,
2026-09-29T14:00:00,376.736,0.000,
2026-09-29T14:15:00,376.731,,
2026-09-29T14:30:00,376.728,0.000,
2026-09-29T14:45:00,376.723,0.000,
2026-09-29T15:00:00,376.722,0.000,
2026-09-29T15:15:00,376.716,0.000,
2026-09-29T15:30:00,376.710,0.000,
2026-09-29T15:45:00,376.707,0.000,
2026-09-29T16:00:00,376.705,0.000,
2026-09-29T16:15:00,376.698,0.000,
2026-09-29T16:30:00,376.690,0.000,
2026-09-29T16:45:00,376.689,0.000,
2026-09-29T17:00:00,376.690,0.000,
2026-09-29T17:15:00,376.680,0.000,
2026-09-29T17:30:00,376.675,0.000,
2026-09-29T17:45:00,376.671,0.000,
2026-09-29T18:00:00,376.663,0.000,
2026-09-29T18:15:00,376.659,0.000,
2026-09-29T18:30:00,376.654,0.000,
2026-09-29T18:45:00,376.655,0.000,
2026-09-29T19:00:00,376.646,0.000,
2026-09-29T19:15:00,376.640,0.000,
2026-09-29T19:30:00,376.634,0.000,
2026-09-29T19:45:00,376.639,0.000,
2026-09-29T20:00:00,376.628,0.000,
2026-09-29T20:15:00,376.624,0.000,
2026-09-29T20:30:00,376.624,0.000,
2026-09-29T20:45:00,376.616,0.000,
2026-09-29T21:00:00,376.614,0.000,
2026-09-29T21:15:00,376.611,0.000,
2026-09-29T21:30:00,376.605,0.000,
2026-09-29T21:45:00,376.606,0.000,
2026-09-29T22:00:00,376.601,0.000,
2026-09-29T22:15:00,376.600,0.000,
2026-09-29T22:30:00,376.595,0.000,
2026-09-29T22:45:00,376.591,0.000,
2026-09-29T23:00:00,376.593,0.000,
2026-09-29T23:15:00,376.591,0.000,
2026-09-29T23:30:00,376.581,0.000,
2026-09-29T23:45:00,376.582,0.000,
2026-09-30T00:00:00,376.576,0.000,
2026-09-30T00:15:00,376.575,0.000,
2026-09-30T00:30:00,376.565,0.000,
2026-09-30T00:45:00,376.564,0.000,
2026-09-30T01:00:00,376.565,0.000,
2026-09-30T01:15:00,376.562,0.000,
2026-09-30T01:30:00,376.555,0.000,
2026-09-30T01:45:00,376.553,0.000,
2026-09-30T02:00:00,376.553,0.000,
2026-09-30T02:15:00,376.548,0.000,
2026-09-30T02:30:00,376.548,0.000,
2026-09-30T02:45:00,376.545,0.000,
2026-09-30T03:00:00,376.538,0.000,
2026-09-30T03:15:00,376.540,0.000,
2026-09-30T03:30:00,376.538,0.000,
2026-09-30T03:45:00,376.536,0.000,
2026-09-30T04:00:00,376.528,0.000,
2026-09-30T04:15:00,376.526,0.000,
2026-09-30T04:30:00,376.524,0.000,
2026-09-30T04:45:00,376.524,0.000,
2026-09-30T05:00:00,376.519,0.000,
2026-09-30T05:15:00,376.520,0.000,
2026-09-30T05:30:00,376.511,0.000,
2026-09-30T05:45:00,376.509,0.000,
2026-09-30T06:00:00,376.506,0.000,
2026-09-30T06:15:00,376.503,0.000,
2026-09-30T06:30:00,376.497,0.000,
2026-09-30T06:45:00,376.500,0.000,
2026-09-30T07:00:00,376.505,0.000,
2026-09-30T07:15:00,376.494,0.000,
2026-09-30T07:30:00,376.494,0.000,
2026-09-30T07:45:00,376.494,0.000,
2026-09-30T08:00:00,376.491,0.000,
2026-09-30T08:15:00,376.485,0.000,
2026-09-30T08:30:00,376.487,0.000,
2026-09-30T08:45:00,376.480,0.000,
2026-09-30T09:00:00,376.477,0.000,
2026-09-30T09:15:00,376.477,0.000,
2026-09-30T09:30:00,376.471,0.000,
2026-09-30T09:45:00,376.476,0.000,
2026-09-30T10:00:00,376.471,0.000,
2026-09-30T10:15:00,376.467,0.000,
2026-09-30T10:30:00,376.466,0.000,
2026-09-30T10:45:00,376.466,0.000,
2026-09-30T11:00:00,376.470,0.000,
2026-09-30T11:15:00,376.454,0.000,
2026-09-30T11:30:00,376.457,0.000,
2026-09-30T11:45:00,376.454,0.000,
2026-09-30T12:00:00,376.452,0.000,
2026-09-30T12:15:00,376.444,0.000,
2026-09-30T12:30:00,376.445,0.000,
2026-09-30T12:45:00,376.443,0.000,
2026-09-30T13:00:00,376.438,0.000,
2026-09-30T13:15:00,376.439,0.000,
2026-09-30T13:30:00,376.437,0.000,
2026-09-30T13:45:00,376.432,0.000,
2026-09-30T14:00:00,376.428,0.000,
2026-09-30T14:15:00,376.427,0.000,
2026-09-30T14:30:00,376.424,0.000,
2026-09-30T14:45:00,376.422,0.000,
2026-09-30T15:00:00,376.416,0.000,
2026-09-30T15:15:00,376.414,0.000,
2026-09-30T15:30:00,376.414,0.000,
2026-09-30T15:45:00,376.413,0.000,
2026-09-30T16:00:00,376.413,0.000,
2026-09-30T16:15:00,376.412,0.000,
2026-09-30T16:30:00,376.403,0.000,
2026-09-30T16:45:00,376.401,0.000,
2026-09-30T17:00:00,376.402,0.000,
2026-09-30T17:15:00,376.392,0.000,
2026-09-30T17:30:00,376.397,0.000,
2026-09-30T17:45:00,376.390,0.000,
2026-09-30T18:00:00,376.388,0.000,
2026-09-30T18:15:00,376.387,0.000,
2026-09-30T18:30:00,376.384,0.000,
2026-09-30T18:45:00,376.383,0.000,
2026-09-30T19:00:00,376.382,0.000,
2026-09-30T19:15:00,376.378,0.000,
2026-09-30T19:30:00,376.380,0.000,
2026-09-30T19:45:00,376.376,0.000,
2026-09-30T20:00:00,376.378,0.000,
2026-09-30T20:15:00,376.370,0.000,
2026-09-30T20:30:00,376.372,0.000,
2026-09-30T20:45:00,376.374,0.000,
2026-09-30T21:00:00,376.377,0.000,
2026-09-30T21:15:00,376.375,0.000,
2026-09-30T21:30:00,376.377,0.000,
2026-09-30T21:45:00,376.383,0.000,
2026-09-30T22:00:00,376.384,0.000,
2026-09-30T22:15:00,376.391,0.000,
2026-09-30T22:30:00,376.388,0.000,
2026-09-30T22:45:00,376.388,0.000,
2026-09-30T23:00:00,376.390,0.000,
2026-09-30T23:15:00,376.389,0.000,
2026-09-30T23:30:00,376.395,0.000,
2026-09-30T23:45:00,376.390,0.000,
