datetime,level_msl_m,q_cms,rain_mm
2026-09-01T00:00:00,5.630,59.900,0.000
2026-09-01T00:15:00,5.630,63.000,0.000
2026-09-01T00:30:00,5.620,62.400,0.000
2026-09-01T00:45:00,5.600,60.900,0.000
2026-09-01T01:00:00,5.600,59.200,0.000
2026-09-01T01:15:00,5.570,60.500,0.000
2026-09-01T01:30:00,5.570,58.900,0.000
2026-09-01T01:45:00,5.550,58.500,0.000
2026-09-01T02:00:00,5.550,57.800,0.000
2026-09-01T02:15:00,5.530,58.400,0.000
2026-09-01T02:30:00,5.530,58.000,0.000
2026-09-01T02:45:00,5.520,57.900,0.000
2026-09-01T03:00:00,5.510,58.300,0.000
2026-09-01T03:15:00,5.490,56.900,0.000
2026-09-01T03:30:00,5.490,57.500,0.000
2026-09-01T03:45:00,5.470,54.400,0.000
2026-09-01T04:00:00,5.460,55.300,0.000
2026-09-01T04:15:00,5.450,54.700,0.000
2026-09-01T04:30:00,5.440,54.900,0.000
2026-09-01T04:45:00,5.440,52.300,0.000
2026-09-01T05:00:00,5.410,55.300,0.000
2026-09-01T05:15:00,5.410,55.600,0.000
2026-09-01T05:30:00,5.390,52.500,0.000
2026-09-01T05:45:00,5.400,54.700,0.000
2026-09-01T06:00:00,5.400,55.900,0.000
2026-09-01T06:15:00,5.370,53.200,0.000
2026-09-01T06:30:00,5.380,54.800,0.000
2026-09-01T06:45:00,5.360,53.500,0.000
2026-09-01T07:00:00,5.360,53.500,0.000
2026-09-01T07:15:00,5.350,52.800,0.000
2026-09-01T07:30:00,5.330,51.200,0.000
2026-09-01T07:45:00,5.330,52.300,0.000
2026-09-01T08:00:00,5.330,50.900,0.000
2026-09-01T08:15:00,5.320,49.400,0.000
2026-09-01T08:30:00,5.310,52.100,0.000
2026-09-01T08:45:00,5.300,50.600,0.000
2026-09-01T09:00:00,5.300,51.200,0.000
2026-09-01T09:15:00,5.290,49.300,0.000
2026-09-01T09:30:00,5.280,51.800,0.000
2026-09-01T09:45:00,5.280,50.300,0.000
2026-09-01T10:00:00,5.270,51.000,0.000
2026-09-01T10:15:00,5.270,52.000,0.000
2026-09-01T10:30:00,5.270,48.400,0.000
2026-09-01T10:45:00,5.260,48.200,0.000
2026-09-01T11:00:00,5.260,50.500,0.000
2026-09-01T11:15:00,5.260,49.700,0.000
2026-09-01T11:30:00,5.260,51.900,0.000
2026-09-01T11:45:00,5.260,53.000,0.000
2026-09-01T12:00:00,5.240,48.300,0.000
2026-09-01T12:15:00,5.240,51.400,0.000
2026-09-01T12:30:00,5.240,50.600,0.000
2026-09-01T12:45:00,5.230,51.800,0.000
2026-09-01T13:00:00,5.230,52.200,0.000
2026-09-01T13:15:00,5.240,50.000,0.000
2026-09-01T13:30:00,5.220,50.600,0.000
2026-09-01T13:45:00,5.220,51.600,0.000
2026-09-01T14:00:00,5.220,51.900,0.000
2026-09-01T14:15:00,5.210,49.500,0.000
2026-09-01T14:30:00,5.200,49.800,0.000
2026-09-01T14:45:00,5.200,49.000,0.000
2026-09-01T15:00:00,5.210,49.100,0.000
2026-09-01T15:15:00,5.200,48.000,0.000
2026-09-01T15:30:00,5.180,47.400,0.000
2026-09-01T15:45:00,5.190,52.400,0.000
2026-09-01T16:00:00,5.180,49.700,0.000
2026-09-01T16:15:00,5.170,48.200,0.000
2026-09-01T16:30:00,5.180,49.000,0.000
2026-09-01T16:45:00,5.170,49.900,0.000
2026-09-01T17:00:00,5.160,50.500,0.000
2026-09-01T17:15:00,5.180,48.700,0.000
2026-09-01T17:30:00,5.160,49.700,0.000
2026-09-01T17:45:00,5.160,48.000,0.000
2026-09-01T18:00:00,5.160,49.100,0.000
2026-09-01T18:15:00,5.160,50.600,0.000
2026-09-01T18:30:00,5.150,51.000,0.000
2026-09-01T18:45:00,5.140,46.700,0.000
2026-09-01T19:00:00,5.140,47.300,0.000
2026-09-01T19:15:00,5.130,47.200,2.500
2026-09-01T19:30:00,5.130,49.100,0.000
2026-09-01T19:45:00,5.130,47.300,0.000
2026-09-01T20:00:00,5.120,47.300,0.000
2026-09-01T20:15:00,5.120,49.500,0.500
2026-09-01T20:30:00,5.110,51.000,1.000
2026-09-01T20:45:00,5.110,48.900,0.000
2026-09-01T21:00:00,5.110,45.700,0.000
2026-09-01T21:15:00,5.110,46.900,0.000
2026-09-01T21:30:00,5.120,46.800,0.000
2026-09-01T21:45:00,5.130,47.000,0.000
2026-09-01T22:00:00,5.150,50.800,0.500
2026-09-01T22:15:00,5.170,51.900,0.000
2026-09-01T22:30:00,5.190,53.500,0.000
2026-09-01T22:45:00,5.210,52.700,0.000
2026-09-01T23:00:00,5.230,52.800,0.000
2026-09-01T23:15:00,5.250,53.500,0.000
2026-09-01T23:30:00,5.260,54.200,0.000
2026-09-01T23:45:00,5.260,55.400,0.000
2026-09-02T00:00:00,5.270,54.400,0.000
2026-09-02T00:15:00,5.270,55.000,0.000
2026-09-02T00:30:00,5.260,54.500,0.000
2026-09-02T00:45:00,5.270,52.400,0.000
2026-09-02T01:00:00,5.270,54.700,0.000
2026-09-02T01:15:00,5.280,52.800,0.000
2026-09-02T01:30:00,5.270,51.100,0.000
2026-09-02T01:45:00,5.270,55.000,0.000
2026-09-02T02:00:00,5.270,52.700,0.000
2026-09-02T02:15:00,5.260,53.000,0.000
2026-09-02T02:30:00,5.270,51.700,0.000
2026-09-02T02:45:00,5.250,52.900,0.000
2026-09-02T03:00:00,5.260,51.400,0.000
2026-09-02T03:15:00,5.250,50.900,0.000
2026-09-02T03:30:00,5.250,51.700,0.000
2026-09-02T03:45:00,5.250,53.700,0.000
2026-09-02T04:00:00,5.240,54.300,0.000
2026-09-02T04:15:00,5.240,48.600,0.000
2026-09-02T04:30:00,5.230,50.700,0.000
2026-09-02T04:45:00,5.220,51.500,0.000
2026-09-02T05:00:00,5.210,49.400,0.000
2026-09-02T05:15:00,5.220,51.400,0.000
2026-09-02T05:30:00,5.210,51.600,0.000
2026-09-02T05:45:00,5.210,47.900,0.000
2026-09-02T06:00:00,5.200,50.300,0.000
2026-09-02T06:15:00,5.200,48.500,0.000
2026-09-02T06:30:00,5.190,49.300,0.000
2026-09-02T06:45:00,5.180,49.400,0.000
2026-09-02T07:00:00,5.180,49.200,0.000
2026-09-02T07:15:00,5.170,50.200,0.000
2026-09-02T07:30:00,5.170,45.900,0.000
2026-09-02T07:45:00,5.160,51.500,0.000
2026-09-02T08:00:00,5.140,47.700,0.000
2026-09-02T08:15:00,5.160,50.500,0.000
2026-09-02T08:30:00,5.140,49.100,0.000
2026-09-02T08:45:00,5.140,45.800,0.000
2026-09-02T09:00:00,5.140,48.100,0.000
2026-09-02T09:15:00,5.130,50.200,0.000
2026-09-02T09:30:00,5.120,50.400,0.000
2026-09-02T09:45:00,5.120,47.100,0.000
2026-09-02T10:00:00,5.110,49.100,0.000
2026-09-02T10:15:00,5.100,47.200,0.000
2026-09-02T10:30:00,5.090,48.400,0.000
2026-09-02T10:45:00,5.100,48.700,0.000
2026-09-02T11:00:00,5.090,48.800,0.000
2026-09-02T11:15:00,5.090,43.700,0.000
2026-09-02T11:30:00,5.080,47.600,0.000
2026-09-02T11:45:00,5.070,46.800,0.000
2026-09-02T12:00:00,5.080,44.700,0.000
2026-09-02T12:15:00,5.060,46.300,0.000
2026-09-02T12:30:00,5.060,44.200,0.000
2026-09-02T12:45:00,5.070,46.500,0.000
2026-09-02T13:00:00,5.050,46.500,0.000
2026-09-02T13:15:00,5.050,48.300,0.000
2026-09-02T13:30:00,5.050,47.100,0.000
2026-09-02T13:45:00,5.040,48.100,0.000
2026-09-02T14:00:00,5.030,48.000,0.000
2026-09-02T14:15:00,5.030,45.900,0.000
2026-09-02T14:30:00,5.040,47.200,0.000
2026-09-02T14:45:00,5.020,47.300,0.000
2026-09-02T15:00:00,5.020,43.300,0.000
2026-09-02T15:15:00,5.010,45.800,0.000
2026-09-02T15:30:00,5.020,43.900,0.000
2026-09-02T15:45:00,5.010,46.600,0.000
2026-09-02T16:00:00,5.000,44.300,0.000
2026-09-02T16:15:00,5.010,46.200,0.000
2026-09-02T16:30:00,5.000,44.000,0.000
2026-09-02T16:45:00,5.000,42.600,0.000
2026-09-02T17:00:00,5.010,45.100,0.000
2026-09-02T17:15:00,5.010,45.300,0.000
2026-09-02T17:30:00,5.020,46.200,0.000
2026-09-02T17:45:00,5.030,47.300,0.000
2026-09-02T18:00:00,5.030,47.200,0.000
2026-09-02T18:15:00,5.040,46.500,0.000
2026-09-02T18:30:00,5.040,47.300,0.000
2026-09-02T18:45:00,5.040,44.100,0.000
2026-09-02T19:00:00,5.040,47.100,0.000
2026-09-02T19:15:00,5.040,47.500,0.000
2026-09-02T19:30:00,5.040,44.600,0.000
2026-09-02T19:45:00,5.040,44.900,0.000
2026-09-02T20:00:00,5.040,48.300,0.000
2026-09-02T20:15:00,5.040,48.400,0.000
2026-09-02T20:30:00,5.050,48.700,0.000
2026-09-02T20:45:00,5.040,44.800,0.000
2026-09-02T21:00:00,5.040,46.100,0.000
2026-09-02T21:15:00,5.040,45.400,0.000
2026-09-02T21:30:00,5.030,42.000,0.000
2026-09-02T21:45:00,5.040,45.200,0.000
2026-09-02T22:00:00,5.030,46.300,0.000
2026-09-02T22:15:00,5.030,45.900,0.000
2026-09-02T22:30:00,5.030,45.900,0.000
2026-09-02T22:45:00,5.020,45.900,0.000
2026-09-02T23:00:00,5.020,45.100,0.000
2026-09-02T23:15:00,5.020,45.700,0.000
2026-09-02T23:30:00,5.020,46.900,0.000
2026-09-02T23:45:00,5.010,46.600,0.000
2026-09-03T00:00:00,5.010,46.900,0.000
2026-09-03T00:15:00,5.020,47.100,0.000
2026-09-03T00:30:00,5.020,46.100,0.000
2026-09-03T00:45:00,5.010,43.400,0.000
2026-09-03T01:00:00,5.020,47.200,0.000
2026-09-03T01:15:00,5.010,45.500,0.000
2026-09-03T01:30:00,5.010,45.800,0.000
2026-09-03T01:45:00,5.010,43.500,0.000
2026-09-03T02:00:00,5.000,45.500,0.000
2026-09-03T02:15:00,5.000,44.600,0.000
2026-09-03T02:30:00,5.000,46.100,0.000
2026-09-03T02:45:00,4.990,42.200,0.000
2026-09-03T03:00:00,4.990,46.400,0.000
2026-09-03T03:15:00,4.980,44.800,0.000
2026-09-03T03:30:00,4.980,44.600,0.000
2026-09-03T03:45:00,4.980,43.500,0.000
2026-09-03T04:00:00,4.980,46.200,0.000
2026-09-03T04:15:00,4.990,46.200,0.000
2026-09-03T04:30:00,4.980,43.300,0.000
2026-09-03T04:45:00,4.970,45.300,0.000
2026-09-03T05:00:00,4.980,42.500,0.000
2026-09-03T05:15:00,4.960,44.200,0.000
2026-09-03T05:30:00,4.970,44.000,0.000
2026-09-03T05:45:00,4.960,44.600,0.000
2026-09-03T06:00:00,4.960,44.400,0.000
2026-09-03T06:15:00,4.970,44.900,0.000
2026-09-03T06:30:00,4.960,44.500,0.000
2026-09-03T06:45:00,4.960,43.800,0.000
2026-09-03T07:00:00,4.960,41.300,0.000
2026-09-03T07:15:00,4.960,44.500,0.000
2026-09-03T07:30:00,4.950,44.500,0.000
2026-09-03T07:45:00,4.940,43.800,0.000
2026-09-03T08:00:00,4.950,42.500,0.000
2026-09-03T08:15:00,4.940,44.700,0.000
2026-09-03T08:30:00,4.930,41.500,0.000
2026-09-03T08:45:00,4.940,41.100,0.000
2026-09-03T09:00:00,4.940,40.300,0.000
2026-09-03T09:15:00,4.930,43.200,0.000
2026-09-03T09:30:00,4.930,39.800,0.000
2026-09-03T09:45:00,4.920,42.800,0.000
2026-09-03T10:00:00,4.920,43.800,0.000
2026-09-03T10:15:00,4.920,43.000,0.000
2026-09-03T10:30:00,4.920,40.200,0.000
2026-09-03T10:45:00,4.920,42.900,0.000
2026-09-03T11:00:00,4.910,42.000,0.000
2026-09-03T11:15:00,4.910,41.900,0.000
2026-09-03T11:30:00,4.910,43.100,0.000
2026-09-03T11:45:00,4.900,39.700,0.000
2026-09-03T12:00:00,4.910,41.000,0.000
2026-09-03T12:15:00,4.900,42.100,0.000
2026-09-03T12:30:00,4.900,41.300,0.000
2026-09-03T12:45:00,4.900,42.100,0.000
2026-09-03T13:00:00,4.900,41.700,0.000
2026-09-03T13:15:00,4.900,39.600,0.000
2026-09-03T13:30:00,4.880,40.900,0.000
2026-09-03T13:45:00,4.890,40.600,0.000
2026-09-03T14:00:00,4.880,40.600,0.000
2026-09-03T14:15:00,4.880,39.900,0.000
2026-09-03T14:30:00,4.880,41.700,0.000
2026-09-03T14:45:00,4.880,39.300,0.000
2026-09-03T15:00:00,4.870,40.500,0.000
2026-09-03T15:15:00,4.870,39.700,0.000
2026-09-03T15:30:00,4.860,42.400,0.000
2026-09-03T15:45:00,4.860,41.400,0.000
2026-09-03T16:00:00,4.860,41.400,0.000
2026-09-03T16:15:00,4.850,39.800,0.000
2026-09-03T16:30:00,4.860,41.900,0.000
2026-09-03T16:45:00,4.860,40.400,0.000
2026-09-03T17:00:00,4.850,39.800,0.000
2026-09-03T17:15:00,4.850,41.400,0.000
2026-09-03T17:30:00,4.850,41.000,0.000
2026-09-03T17:45:00,4.850,37.900,0.000
2026-09-03T18:00:00,4.850,38.700,0.000
2026-09-03T18:15:00,4.850,39.900,0.000
2026-09-03T18:30:00,4.850,41.200,0.000
2026-09-03T18:45:00,4.850,38.500,0.000
2026-09-03T19:00:00,4.850,40.600,0.000
2026-09-03T19:15:00,4.840,40.200,0.000
2026-09-03T19:30:00,4.850,40.000,0.000
2026-09-03T19:45:00,4.850,37.700,0.000
2026-09-03T20:00:00,4.850,40.700,0.000
2026-09-03T20:15:00,4.840,39.300,0.000
2026-09-03T20:30:00,4.840,40.000,0.000
2026-09-03T20:45:00,4.840,40.100,0.000
2026-09-03T21:00:00,4.840,37.500,2.000
2026-09-03T21:15:00,4.850,44.100,3.500
2026-09-03T21:30:00,4.850,41.100,0.500
2026-09-03T21:45:00,4.850,39.800,0.000
2026-09-03T22:00:00,4.850,40.100,0.000
2026-09-03T22:15:00,4.850,38.600,0.000
2026-09-03T22:30:00,4.860,40.300,0.000
2026-09-03T22:45:00,4.860,37.000,0.000
2026-09-03T23:00:00,4.860,39.800,0.000
2026-09-03T23:15:00,4.860,38.000,0.000
2026-09-03T23:30:00,4.850,37.600,0.000
2026-09-03T23:45:00,4.860,38.700,0.000
2026-09-04T00:00:00,4.860,37.600,0.000
2026-09-04T00:15:00,4.850,37.000,0.000
2026-09-04T00:30:00,4.870,40.200,0.000
2026-09-04T00:45:00,4.860,39.500,0.000
2026-09-04T01:00:00,4.860,40.200,0.000
2026-09-04T01:15:00,4.860,39.000,0.000
2026-09-04T01:30:00,4.860,38.300,0.000
2026-09-04T01:45:00,4.870,40.900,0.000
2026-09-04T02:00:00,4.870,40.100,0.000
2026-09-04T02:15:00,4.870,37.100,0.000
2026-09-04T02:30:00,4.880,40.200,0.000
2026-09-04T02:45:00,4.870,39.000,0.000
2026-09-04T03:00:00,4.870,37.600,0.000
2026-09-04T03:15:00,4.880,38.800,0.000
2026-09-04T03:30:00,4.870,41.500,0.000
2026-09-04T03:45:00,4.890,39.900,0.000
2026-09-04T04:00:00,4.880,37.800,0.000
2026-09-04T04:15:00,4.870,39.400,0.000
2026-09-04T04:30:00,4.870,37.900,0.000
2026-09-04T04:45:00,4.870,38.300,0.000
2026-09-04T05:00:00,4.870,41.700,0.000
2026-09-04T05:15:00,4.880,39.900,0.000
2026-09-04T05:30:00,4.870,40.200,0.000
2026-09-04T05:45:00,4.870,39.400,0.000
2026-09-04T06:00:00,4.870,38.500,0.000
2026-09-04T06:15:00,4.870,38.800,0.000
2026-09-04T06:30:00,4.860,38.200,0.000
2026-09-04T06:45:00,4.870,38.800,0.000
2026-09-04T07:00:00,4.860,38.100,0.000
2026-09-04T07:15:00,4.860,37.600,0.000
2026-09-04T07:30:00,4.850,38.100,0.000
2026-09-04T07:45:00,4.860,40.100,0.000
2026-09-04T08:00:00,4.860,38.800,0.000
2026-09-04T08:15:00,4.860,40.300,0.000
2026-09-04T08:30:00,4.850,39.700,0.000
2026-09-04T08:45:00,4.850,38.500,0.000
2026-09-04T09:00:00,4.860,37.000,0.000
2026-09-04T09:15:00,4.860,38.100,0.000
2026-09-04T09:30:00,4.860,38.100,0.000
2026-09-04T09:45:00,4.840,37.700,0.000
2026-09-04T10:00:00,4.850,36.900,0.000
2026-09-04T10:15:00,4.850,38.100,0.000
2026-09-04T10:30:00,4.840,38.600,0.000
2026-09-04T10:45:00,4.840,37.500,0.000
2026-09-04T11:00:00,4.830,36.800,0.000
2026-09-04T11:15:00,4.830,38.600,0.000
2026-09-04T11:30:00,4.830,37.400,0.000
2026-09-04T11:45:00,4.830,38.100,0.000
2026-09-04T12:00:00,4.830,37.000,0.000
2026-09-04T12:15:00,4.830,38.000,0.000
2026-09-04T12:30:00,4.830,36.700,0.000
2026-09-04T12:45:00,4.820,37.800,0.000
2026-09-04T13:00:00,4.810,38.000,0.000
2026-09-04T13:15:00,4.820,36.500,0.000
2026-09-04T13:30:00,4.810,36.500,0.000
2026-09-04T13:45:00,4.810,35.100,0.000
2026-09-04T14:00:00,4.810,36.800,0.000
2026-09-04T14:15:00,4.810,35.400,0.000
2026-09-04T14:30:00,4.810,37.600,0.000
2026-09-04T14:45:00,4.800,37.300,0.000
2026-09-04T15:00:00,4.800,36.100,0.000
2026-09-04T15:15:00,4.800,35.500,0.000
2026-09-04T15:30:00,4.800,36.800,0.000
2026-09-04T15:45:00,4.800,36.000,0.000
2026-09-04T16:00:00,4.800,35.900,0.000
2026-09-04T16:15:00,4.780,35.400,0.000
2026-09-04T16:30:00,4.790,36.200,0.000
2026-09-04T16:45:00,4.790,35.300,0.000
2026-09-04T17:00:00,4.780,34.900,0.500
2026-09-04T17:15:00,4.780,38.000,0.000
2026-09-04T17:30:00,4.780,35.300,0.000
2026-09-04T17:45:00,4.780,36.300,0.000
2026-09-04T18:00:00,4.780,36.000,0.000
2026-09-04T18:15:00,4.780,34.900,0.000
2026-09-04T18:30:00,4.780,35.800,0.000
2026-09-04T18:45:00,4.780,33.500,0.000
2026-09-04T19:00:00,4.780,36.600,0.000
2026-09-04T19:15:00,4.780,35.700,0.000
2026-09-04T19:30:00,4.770,34.900,0.000
2026-09-04T19:45:00,4.780,36.200,0.000
2026-09-04T20:00:00,4.770,36.000,0.000
2026-09-04T20:15:00,4.770,34.400,0.000
2026-09-04T20:30:00,4.770,36.300,0.000
2026-09-04T20:45:00,4.770,36.000,0.000
2026-09-04T21:00:00,4.770,35.600,0.000
2026-09-04T21:15:00,4.760,35.100,0.000
2026-09-04T21:30:00,4.760,34.400,0.000
2026-09-04T21:45:00,4.760,35.200,0.000
2026-09-04T22:00:00,4.760,34.900,0.000
2026-09-04T22:15:00,4.760,34.400,0.000
2026-09-04T22:30:00,4.760,35.200,0.000
2026-09-04T22:45:00,4.760,36.300,0.000
2026-09-04T23:00:00,4.750,34.700,0.000
2026-09-04T23:15:00,4.750,34.400,0.000
2026-09-04T23:30:00,4.750,34.400,0.000
2026-09-04T23:45:00,4.750,35.300,0.000
2026-09-05T00:00:00,4.740,34.800,0.000
2026-09-05T00:15:00,4.740,35.100,0.000
2026-09-05T00:30:00,4.740,34.700,0.000
2026-09-05T00:45:00,4.740,36.100,0.000
2026-09-05T01:00:00,4.740,34.000,0.000
2026-09-05T01:15:00,4.740,34.800,0.000
2026-09-05T01:30:00,4.740,34.500,0.000
2026-09-05T01:45:00,4.740,35.200,0.000
2026-09-05T02:00:00,4.740,35.800,0.000
2026-09-05T02:15:00,4.740,35.200,0.000
2026-09-05T02:30:00,4.740,34.000,0.000
2026-09-05T02:45:00,4.740,35.000,0.000
2026-09-05T03:00:00,4.730,34.700,0.000
2026-09-05T03:15:00,4.740,35.200,0.000
2026-09-05T03:30:00,4.730,35.000,0.000
2026-09-05T03:45:00,4.730,34.400,0.000
2026-09-05T04:00:00,4.730,33.800,0.000
2026-09-05T04:15:00,4.730,33.600,0.000
2026-09-05T04:30:00,4.730,34.500,0.000
2026-09-05T04:45:00,4.730,36.500,0.000
2026-09-05T05:00:00,4.720,34.700,0.000
2026-09-05T05:15:00,4.730,34.700,0.000
2026-09-05T05:30:00,4.730,34.200,0.000
2026-09-05T05:45:00,4.730,33.800,0.000
2026-09-05T06:00:00,4.720,34.400,0.000
2026-09-05T06:15:00,4.720,34.900,0.000
2026-09-05T06:30:00,4.720,33.600,0.000
2026-09-05T06:45:00,4.720,34.000,0.000
2026-09-05T07:00:00,4.730,35.700,0.000
2026-09-05T07:15:00,4.720,33.800,0.000
2026-09-05T07:30:00,4.720,33.700,0.000
2026-09-05T07:45:00,4.710,33.800,0.000
2026-09-05T08:00:00,4.710,33.400,0.000
2026-09-05T08:15:00,4.710,34.000,0.000
2026-09-05T08:30:00,4.720,33.500,0.000
2026-09-05T08:45:00,4.710,35.300,0.000
2026-09-05T09:00:00,4.710,33.900,0.000
2026-09-05T09:15:00,4.710,33.300,0.000
2026-09-05T09:30:00,4.710,34.100,0.000
2026-09-05T09:45:00,4.710,33.800,0.000
2026-09-05T10:00:00,4.700,33.500,0.000
2026-09-05T10:15:00,4.710,34.400,0.000
2026-09-05T10:30:00,4.700,33.800,0.000
2026-09-05T10:45:00,4.700,34.000,0.000
2026-09-05T11:00:00,4.690,34.300,0.000
2026-09-05T11:15:00,4.700,34.100,0.000
2026-09-05T11:30:00,4.690,33.600,0.000
2026-09-05T11:45:00,4.700,34.000,0.000
2026-09-05T12:00:00,4.690,33.800,0.000
2026-09-05T12:15:00,4.690,32.000,0.000
2026-09-05T12:30:00,4.680,32.600,0.000
2026-09-05T12:45:00,4.690,33.200,0.000
2026-09-05T13:00:00,4.680,32.500,0.000
2026-09-05T13:15:00,4.690,32.000,0.000
2026-09-05T13:30:00,4.680,33.100,0.000
2026-09-05T13:45:00,4.680,33.000,0.000
2026-09-05T14:00:00,4.680,33.000,0.000
2026-09-05T14:15:00,4.680,33.500,0.000
2026-09-05T14:30:00,4.680,31.400,0.000
2026-09-05T14:45:00,4.680,33.000,0.000
2026-09-05T15:00:00,4.680,33.100,0.000
2026-09-05T15:15:00,4.670,33.000,0.000
2026-09-05T15:30:00,4.680,33.200,0.000
2026-09-05T15:45:00,4.680,32.700,0.000
2026-09-05T16:00:00,4.670,32.700,0.000
2026-09-05T16:15:00,4.670,32.200,0.000
2026-09-05T16:30:00,4.660,31.500,0.000
2026-09-05T16:45:00,4.670,32.400,0.000
2026-09-05T17:00:00,4.670,32.000,0.000
2026-09-05T17:15:00,4.660,33.200,0.000
2026-09-05T17:30:00,4.670,32.300,0.000
2026-09-05T17:45:00,4.670,32.300,0.000
2026-09-05T18:00:00,4.660,32.000,0.000
2026-09-05T18:15:00,4.660,32.000,0.000
2026-09-05T18:30:00,4.660,32.800,0.000
2026-09-05T18:45:00,4.660,32.200,0.000
2026-09-05T19:00:00,4.660,32.500,0.000
2026-09-05T19:15:00,4.660,32.200,0.000
2026-09-05T19:30:00,4.660,33.100,0.000
2026-09-05T19:45:00,4.660,30.800,0.000
2026-09-05T20:00:00,4.660,32.200,0.000
2026-09-05T20:15:00,4.660,31.800,0.000
2026-09-05T20:30:00,4.650,32.300,13.000
2026-09-05T20:45:00,4.670,33.100,11.500
2026-09-05T21:00:00,4.690,34.700,0.500
2026-09-05T21:15:00,4.690,34.800,0.500
2026-09-05T21:30:00,4.690,35.100,0.000
2026-09-05T21:45:00,4.680,34.800,0.000
2026-09-05T22:00:00,4.680,32.800,0.500
2026-09-05T22:15:00,4.680,33.000,0.000
2026-09-05T22:30:00,4.680,33.000,0.500
2026-09-05T22:45:00,4.680,34.300,0.000
2026-09-05T23:00:00,4.680,33.100,0.000
2026-09-05T23:15:00,4.680,33.500,0.000
2026-09-05T23:30:00,4.680,33.600,0.000
2026-09-05T23:45:00,4.680,33.100,0.000
2026-09-06T00:00:00,4.680,33.100,0.000
2026-09-06T00:15:00,4.680,33.900,0.000
2026-09-06T00:30:00,4.690,32.600,0.000
2026-09-06T00:45:00,4.690,33.200,0.000
2026-09-06T01:00:00,4.690,33.400,0.000
2026-09-06T01:15:00,4.690,33.600,0.000
2026-09-06T01:30:00,4.690,34.700,0.000
2026-09-06T01:45:00,4.700,33.600,0.000
2026-09-06T02:00:00,4.700,33.500,0.000
2026-09-06T02:15:00,4.700,32.200,0.000
2026-09-06T02:30:00,4.700,33.800,0.000
2026-09-06T02:45:00,4.690,33.500,0.000
2026-09-06T03:00:00,4.700,33.400,0.000
2026-09-06T03:15:00,4.690,32.900,0.000
2026-09-06T03:30:00,4.690,32.400,0.000
2026-09-06T03:45:00,4.690,34.900,0.000
2026-09-06T04:00:00,4.690,33.600,0.000
2026-09-06T04:15:00,4.690,33.200,0.000
2026-09-06T04:30:00,4.680,33.200,0.000
2026-09-06T04:45:00,4.690,32.600,0.000
2026-09-06T05:00:00,4.690,32.600,0.000
2026-09-06T05:15:00,4.690,32.500,0.000
2026-09-06T05:30:00,4.680,31.900,0.000
2026-09-06T05:45:00,4.680,32.000,0.000
2026-09-06T06:00:00,4.690,32.700,0.000
2026-09-06T06:15:00,4.680,31.800,0.000
2026-09-06T06:30:00,4.680,32.400,0.000
2026-09-06T06:45:00,4.690,32.800,0.000
2026-09-06T07:00:00,4.690,32.600,0.000
2026-09-06T07:15:00,4.690,32.000,0.000
2026-09-06T07:30:00,4.680,32.200,0.000
2026-09-06T07:45:00,4.680,32.400,0.000
2026-09-06T08:00:00,4.680,32.200,0.000
2026-09-06T08:15:00,4.670,32.100,0.000
2026-09-06T08:30:00,4.680,33.400,0.000
2026-09-06T08:45:00,4.680,33.600,0.000
2026-09-06T09:00:00,4.680,32.600,0.000
2026-09-06T09:15:00,4.670,32.900,0.000
2026-09-06T09:30:00,4.670,32.800,0.000
2026-09-06T09:45:00,4.670,31.900,0.000
2026-09-06T10:00:00,4.660,31.700,0.500
2026-09-06T10:15:00,4.660,31.600,0.000
2026-09-06T10:30:00,4.670,31.500,0.000
2026-09-06T10:45:00,4.660,32.700,0.000
2026-09-06T11:00:00,4.660,32.000,0.000
2026-09-06T11:15:00,4.660,32.000,0.000
2026-09-06T11:30:00,4.660,31.900,0.000
2026-09-06T11:45:00,4.660,31.100,0.000
2026-09-06T12:00:00,4.650,32.800,0.000
2026-09-06T12:15:00,4.660,31.400,0.000
2026-09-06T12:30:00,4.650,31.700,0.000
2026-09-06T12:45:00,4.650,32.600,0.000
2026-09-06T13:00:00,4.650,31.300,0.000
2026-09-06T13:15:00,4.650,32.100,0.000
2026-09-06T13:30:00,4.640,31.100,0.000
2026-09-06T13:45:00,4.650,30.600,0.000
2026-09-06T14:00:00,4.650,31.200,0.000
2026-09-06T14:15:00,4.640,31.800,0.000
2026-09-06T14:30:00,4.640,31.100,0.000
2026-09-06T14:45:00,4.640,31.600,0.000
2026-09-06T15:00:00,4.640,32.400,0.000
2026-09-06T15:15:00,4.630,31.400,0.000
2026-09-06T15:30:00,4.640,31.400,0.000
2026-09-06T15:45:00,4.630,31.500,0.000
2026-09-06T16:00:00,4.640,31.800,0.000
2026-09-06T16:15:00,4.630,31.400,0.000
2026-09-06T16:30:00,4.630,31.000,0.000
2026-09-06T16:45:00,4.630,30.500,0.000
2026-09-06T17:00:00,4.630,30.100,0.000
2026-09-06T17:15:00,4.630,30.400,0.500
2026-09-06T17:30:00,4.620,62.500,6.000
2026-09-06T17:45:00,4.630,34.900,5.500
2026-09-06T18:00:00,4.650,35.200,5.500
2026-09-06T18:15:00,4.660,35.900,19.000
2026-09-06T18:30:00,4.690,39.100,22.000
2026-09-06T18:45:00,4.770,40.200,3.500
2026-09-06T19:00:00,4.810,42.600,2.500
2026-09-06T19:15:00,4.860,46.100,0.500
2026-09-06T19:30:00,4.900,43.700,0.000
2026-09-06T19:45:00,4.940,43.100,0.000
2026-09-06T20:00:00,4.960,46.700,1.000
2026-09-06T20:15:00,5.000,47.900,4.500
2026-09-06T20:30:00,5.030,52.900,2.500
2026-09-06T20:45:00,5.090,50.800,0.000
2026-09-06T21:00:00,5.200,55.000,0.000
2026-09-06T21:15:00,5.370,66.200,0.000
2026-09-06T21:30:00,5.560,73.400,0.000
2026-09-06T21:45:00,5.730,84.500,0.000
2026-09-06T22:00:00,5.870,88.300,0.000
2026-09-06T22:15:00,5.970,92.700,0.000
2026-09-06T22:30:00,6.020,95.100,0.000
2026-09-06T22:45:00,6.070,91.200,0.000
2026-09-06T23:00:00,6.060,89.400,0.000
2026-09-06T23:15:00,6.080,88.700,0.000
2026-09-06T23:30:00,6.050,80.800,0.000
2026-09-06T23:45:00,6.010,79.000,0.000
2026-09-07T00:00:00,6.000,77.000,0.000
2026-09-07T00:15:00,5.950,77.700,0.000
2026-09-07T00:30:00,5.930,73.100,0.000
2026-09-07T00:45:00,5.910,77.200,0.000
2026-09-07T01:00:00,5.890,68.200,0.000
2026-09-07T01:15:00,5.870,69.300,0.000
2026-09-07T01:30:00,5.840,63.300,0.000
2026-09-07T01:45:00,5.820,63.500,0.000
2026-09-07T02:00:00,5.810,67.100,0.000
2026-09-07T02:15:00,5.800,63.500,0.000
2026-09-07T02:30:00,5.790,61.400,0.000
2026-09-07T02:45:00,5.780,63.000,0.000
2026-09-07T03:00:00,5.760,56.900,0.000
2026-09-07T03:15:00,5.750,65.900,0.000
2026-09-07T03:30:00,5.730,65.300,0.000
2026-09-07T03:45:00,5.720,58.300,0.000
2026-09-07T04:00:00,5.710,54.500,0.000
2026-09-07T04:15:00,5.680,58.800,0.000
2026-09-07T04:30:00,5.690,59.500,0.000
2026-09-07T04:45:00,5.680,54.900,0.000
2026-09-07T05:00:00,5.650,53.700,0.000
2026-09-07T05:15:00,5.640,56.700,0.000
2026-09-07T05:30:00,5.630,52.600,0.000
2026-09-07T05:45:00,5.620,49.900,0.000
2026-09-07T06:00:00,5.610,54.800,0.000
2026-09-07T06:15:00,5.590,53.200,0.000
2026-09-07T06:30:00,5.570,52.100,0.000
2026-09-07T06:45:00,5.570,57.600,0.000
2026-09-07T07:00:00,5.550,52.500,0.000
2026-09-07T07:15:00,5.550,52.700,0.000
2026-09-07T07:30:00,5.540,49.300,0.000
2026-09-07T07:45:00,5.520,49.700,0.000
2026-09-07T08:00:00,5.510,50.200,0.000
2026-09-07T08:15:00,5.500,48.700,0.000
2026-09-07T08:30:00,5.490,47.000,0.000
2026-09-07T08:45:00,5.480,46.300,0.000
2026-09-07T09:00:00,5.470,49.000,0.000
2026-09-07T09:15:00,5.460,50.600,0.000
2026-09-07T09:30:00,5.450,50.600,0.000
2026-09-07T09:45:00,5.450,49.500,0.000
2026-09-07T10:00:00,5.430,44.900,0.000
2026-09-07T10:15:00,5.420,51.700,0.000
2026-09-07T10:30:00,5.410,48.500,0.000
2026-09-07T10:45:00,5.400,47.600,0.000
2026-09-07T11:00:00,5.380,42.800,0.000
2026-09-07T11:15:00,5.390,48.000,0.000
2026-09-07T11:30:00,5.380,39.200,0.000
2026-09-07T11:45:00,5.380,45.200,0.000
2026-09-07T12:00:00,5.370,47.000,0.000
2026-09-07T12:15:00,5.350,44.700,0.000
2026-09-07T12:30:00,0.000,0.000,0.000
2026-09-07T12:45:00,5.330,45.800,0.000
2026-09-07T13:00:00,5.320,46.400,0.000
2026-09-07T13:15:00,5.310,44.900,0.000
2026-09-07T13:30:00,5.300,46.900,0.000
2026-09-07T13:45:00,5.290,46.100,0.000
2026-09-07T14:00:00,5.290,45.400,0.000
2026-09-07T14:15:00,5.270,44.800,0.000
2026-09-07T14:30:00,5.270,43.800,0.000
2026-09-07T14:45:00,5.260,44.400,0.000
2026-09-07T15:00:00,5.250,43.100,0.000
2026-09-07T15:15:00,5.240,42.200,0.000
2026-09-07T15:30:00,5.230,40.500,0.000
2026-09-07T15:45:00,5.230,41.400,0.000
2026-09-07T16:00:00,5.220,45.700,0.000
2026-09-07T16:15:00,5.200,43.300,0.000
2026-09-07T16:30:00,5.200,42.900,0.000
2026-09-07T16:45:00,5.190,41.600,0.000
2026-09-07T17:00:00,5.190,41.800,0.000
2026-09-07T17:15:00,5.180,42.900,0.000
2026-09-07T17:30:00,5.170,41.600,0.000
2026-09-07T17:45:00,5.140,40.400,0.000
2026-09-07T18:00:00,5.110,38.600,0.000
2026-09-07T18:15:00,5.070,34.600,0.000
2026-09-07T18:30:00,5.030,33.700,0.000
2026-09-07T18:45:00,5.000,33.400,0.000
2026-09-07T19:00:00,4.980,33.600,0.000
2026-09-07T19:15:00,4.950,31.500,0.000
2026-09-07T19:30:00,4.920,28.600,0.000
2026-09-07T19:45:00,4.890,30.600,0.000
2026-09-07T20:00:00,4.880,31.100,0.000
2026-09-07T20:15:00,4.860,30.300,0.000
2026-09-07T20:30:00,4.850,30.200,0.000
2026-09-07T20:45:00,4.830,29.400,0.000
2026-09-07T21:00:00,4.820,30.600,0.000
2026-09-07T21:15:00,4.810,29.700,0.000
2026-09-07T21:30:00,4.790,29.600,0.000
2026-09-07T21:45:00,4.790,28.700,0.000
2026-09-07T22:00:00,4.780,29.700,0.000
2026-09-07T22:15:00,4.770,28.400,0.000
2026-09-07T22:30:00,4.760,28.500,0.000
2026-09-07T22:45:00,4.750,28.400,0.000
2026-09-07T23:00:00,4.740,28.000,0.500
2026-09-07T23:15:00,4.730,27.800,0.000
2026-09-07T23:30:00,4.730,28.000,0.000
2026-09-07T23:45:00,4.730,28.700,0.000
2026-09-08T00:00:00,4.710,28.000,0.000
2026-09-08T00:15:00,4.710,26.400,0.000
2026-09-08T00:30:00,4.700,26.800,0.000
2026-09-08T00:45:00,4.690,26.700,0.000
2026-09-08T01:00:00,4.680,26.800,0.000
2026-09-08T01:15:00,4.680,26.400,0.000
2026-09-08T01:30:00,4.690,26.100,0.000
2026-09-08T01:45:00,4.710,30.000,0.000
2026-09-08T02:00:00,4.740,32.000,0.000
2026-09-08T02:15:00,4.770,31.800,0.000
2026-09-08T02:30:00,4.810,36.300,0.000
2026-09-08T02:45:00,4.840,36.200,0.000
2026-09-08T03:00:00,4.850,38.000,0.000
2026-09-08T03:15:00,4.870,38.400,0.000
2026-09-08T03:30:00,4.880,37.200,0.000
2026-09-08T03:45:00,4.880,37.300,0.000
2026-09-08T04:00:00,4.890,38.200,0.000
2026-09-08T04:15:00,4.890,38.400,0.000
2026-09-08T04:30:00,4.890,37.900,0.000
2026-09-08T04:45:00,4.890,38.700,0.000
2026-09-08T05:00:00,4.890,39.000,0.000
2026-09-08T05:15:00,4.900,35.400,0.000
2026-09-08T05:30:00,4.900,38.100,0.000
2026-09-08T05:45:00,4.900,37.300,0.000
2026-09-08T06:00:00,4.900,36.600,0.000
2026-09-08T06:15:00,4.900,39.200,0.000
2026-09-08T06:30:00,4.900,37.800,0.000
2026-09-08T06:45:00,4.890,36.300,0.000
2026-09-08T07:00:00,4.890,37.800,0.000
2026-09-08T07:15:00,4.890,36.500,0.000
2026-09-08T07:30:00,4.900,35.100,0.000
2026-09-08T07:45:00,4.890,37.500,0.000
2026-09-08T08:00:00,4.880,37.700,0.000
2026-09-08T08:15:00,4.880,38.000,0.000
2026-09-08T08:30:00,4.880,37.100,0.000
2026-09-08T08:45:00,4.870,31.800,0.000
2026-09-08T09:00:00,4.870,36.000,0.000
2026-09-08T09:15:00,4.870,36.400,0.000
2026-09-08T09:30:00,4.870,36.900,0.000
2026-09-08T09:45:00,4.860,34.800,0.000
2026-09-08T10:00:00,4.860,35.300,0.000
2026-09-08T10:15:00,4.850,34.900,0.000
2026-09-08T10:30:00,4.850,35.700,0.000
2026-09-08T10:45:00,4.850,35.500,0.000
2026-09-08T11:00:00,4.850,36.300,0.000
2026-09-08T11:15:00,4.830,36.000,0.000
2026-09-08T11:30:00,4.840,35.600,0.000
2026-09-08T11:45:00,4.840,33.600,0.000
2026-09-08T12:00:00,4.830,35.100,0.000
2026-09-08T12:15:00,4.830,35.600,0.000
2026-09-08T12:30:00,4.830,34.100,0.000
2026-09-08T12:45:00,4.830,36.300,0.000
2026-09-08T13:00:00,4.830,35.500,0.000
2026-09-08T13:15:00,4.820,34.700,0.000
2026-09-08T13:30:00,4.820,35.900,0.000
2026-09-08T13:45:00,4.810,33.800,0.000
2026-09-08T14:00:00,4.810,35.000,6.500
2026-09-08T14:15:00,4.810,34.100,0.000
2026-09-08T14:30:00,4.820,34.700,0.000
2026-09-08T14:45:00,4.820,36.000,0.000
2026-09-08T15:00:00,4.810,34.900,1.500
2026-09-08T15:15:00,4.810,38.600,0.500
2026-09-08T15:30:00,4.810,35.200,0.000
2026-09-08T15:45:00,4.800,35.300,0.000
2026-09-08T16:00:00,4.800,34.600,0.000
2026-09-08T16:15:00,4.800,35.600,0.000
2026-09-08T16:30:00,4.800,34.900,0.000
2026-09-08T16:45:00,4.800,35.300,0.000
2026-09-08T17:00:00,4.800,34.200,0.000
2026-09-08T17:15:00,4.800,35.600,0.000
2026-09-08T17:30:00,4.800,34.600,0.000
2026-09-08T17:45:00,4.790,35.400,0.000
2026-09-08T18:00:00,4.800,35.400,0.000
2026-09-08T18:15:00,4.790,33.900,0.000
2026-09-08T18:30:00,4.780,37.400,10.000
2026-09-08T18:45:00,4.770,36.600,2.000
2026-09-08T19:00:00,4.760,34.100,3.000
2026-09-08T19:15:00,4.740,34.000,1.500
2026-09-08T19:30:00,4.740,32.900,0.000
2026-09-08T19:45:00,4.730,34.600,0.500
2026-09-08T20:00:00,4.760,34.400,0.000
2026-09-08T20:15:00,4.780,33.500,0.000
2026-09-08T20:30:00,4.800,34.900,0.000
2026-09-08T20:45:00,4.820,35.800,0.000
2026-09-08T21:00:00,4.840,36.700,0.000
2026-09-08T21:15:00,4.850,37.200,0.500
2026-09-08T21:30:00,4.870,38.700,0.000
2026-09-08T21:45:00,4.890,38.300,0.000
2026-09-08T22:00:00,4.920,43.100,0.000
2026-09-08T22:15:00,4.950,43.800,0.000
2026-09-08T22:30:00,4.970,45.400,0.500
2026-09-08T22:45:00,5.010,46.100,0.000
2026-09-08T23:00:00,5.010,46.200,0.000
2026-09-08T23:15:00,5.030,44.900,0.000
2026-09-08T23:30:00,5.040,44.800,0.000
2026-09-08T23:45:00,5.040,43.600,0.000
2026-09-09T00:00:00,5.040,44.100,0.000
2026-09-09T00:15:00,5.050,41.900,0.000
2026-09-09T00:30:00,5.040,41.600,0.000
2026-09-09T00:45:00,5.030,42.400,0.000
2026-09-09T01:00:00,5.020,40.200,0.000
2026-09-09T01:15:00,5.030,41.400,0.000
2026-09-09T01:30:00,5.030,42.100,0.000
2026-09-09T01:45:00,5.020,41.300,0.000
2026-09-09T02:00:00,5.020,41.600,0.000
2026-09-09T02:15:00,5.010,40.700,0.000
2026-09-09T02:30:00,5.010,40.300,0.000
2026-09-09T02:45:00,5.010,41.100,0.000
2026-09-09T03:00:00,5.000,40.000,0.000
2026-09-09T03:15:00,5.000,40.800,0.000
2026-09-09T03:30:00,4.990,38.900,0.000
2026-09-09T03:45:00,4.990,41.100,0.000
2026-09-09T04:00:00,4.990,37.200,0.000
2026-09-09T04:15:00,4.990,38.600,0.000
2026-09-09T04:30:00,4.990,38.500,0.000
2026-09-09T04:45:00,4.980,39.100,0.000
2026-09-09T05:00:00,4.990,40.300,0.000
2026-09-09T05:15:00,4.970,41.100,0.000
2026-09-09T05:30:00,4.980,39.900,0.000
2026-09-09T05:45:00,4.980,39.200,0.000
2026-09-09T06:00:00,4.980,38.900,0.000
2026-09-09T06:15:00,4.980,41.000,0.000
2026-09-09T06:30:00,4.970,37.700,0.000
2026-09-09T06:45:00,4.970,38.200,0.000
2026-09-09T07:00:00,4.960,36.600,0.000
2026-09-09T07:15:00,4.960,39.000,0.000
2026-09-09T07:30:00,4.960,37.700,0.000
2026-09-09T07:45:00,4.960,39.700,0.000
2026-09-09T08:00:00,4.950,36.900,0.000
2026-09-09T08:15:00,4.950,37.500,0.000
2026-09-09T08:30:00,4.940,38.700,0.000
2026-09-09T08:45:00,4.940,36.400,0.000
2026-09-09T09:00:00,4.930,36.400,0.000
2026-09-09T09:15:00,4.930,37.400,0.000
2026-09-09T09:30:00,4.930,35.000,0.000
2026-09-09T09:45:00,4.930,36.400,0.000
2026-09-09T10:00:00,4.910,36.300,0.000
2026-09-09T10:15:00,4.910,36.600,0.000
2026-09-09T10:30:00,4.920,34.100,0.000
2026-09-09T10:45:00,4.920,36.800,0.000
2026-09-09T11:00:00,4.900,36.900,0.000
2026-09-09T11:15:00,4.900,35.400,0.000
2026-09-09T11:30:00,4.900,35.900,0.500
2026-09-09T11:45:00,4.900,35.700,0.000
2026-09-09T12:00:00,4.890,35.400,0.000
2026-09-09T12:15:00,4.890,35.700,0.000
2026-09-09T12:30:00,4.880,34.900,0.000
2026-09-09T12:45:00,4.880,36.800,0.000
2026-09-09T13:00:00,4.880,35.600,0.000
2026-09-09T13:15:00,4.880,36.500,0.000
2026-09-09T13:30:00,4.870,36.000,0.000
2026-09-09T13:45:00,4.870,35.700,0.000
2026-09-09T14:00:00,4.870,35.100,0.000
2026-09-09T14:15:00,4.860,35.800,0.000
2026-09-09T14:30:00,4.860,35.700,0.000
2026-09-09T14:45:00,4.850,34.700,0.000
2026-09-09T15:00:00,4.860,34.800,0.000
2026-09-09T15:15:00,4.860,33.800,0.000
2026-09-09T15:30:00,4.850,35.600,0.000
2026-09-09T15:45:00,4.840,32.400,0.000
2026-09-09T16:00:00,4.840,35.600,0.000
2026-09-09T16:15:00,4.850,35.000,0.000
2026-09-09T16:30:00,4.830,32.800,0.000
2026-09-09T16:45:00,4.830,33.400,0.000
2026-09-09T17:00:00,4.830,34.900,0.000
2026-09-09T17:15:00,4.830,34.200,0.000
2026-09-09T17:30:00,4.820,33.900,0.000
2026-09-09T17:45:00,4.830,32.800,0.000
2026-09-09T18:00:00,4.820,34.300,0.000
2026-09-09T18:15:00,4.810,34.000,0.000
2026-09-09T18:30:00,4.820,34.700,0.000
2026-09-09T18:45:00,4.810,33.400,0.000
2026-09-09T19:00:00,4.820,32.900,0.000
2026-09-09T19:15:00,4.810,33.100,0.000
2026-09-09T19:30:00,4.810,34.900,0.000
2026-09-09T19:45:00,4.800,33.800,0.000
2026-09-09T20:00:00,4.810,33.400,0.000
2026-09-09T20:15:00,4.800,33.500,0.000
2026-09-09T20:30:00,4.800,33.600,0.000
2026-09-09T20:45:00,4.810,33.700,0.000
2026-09-09T21:00:00,4.800,31.600,8.500
2026-09-09T21:15:00,4.800,34.700,0.500
2026-09-09T21:30:00,4.800,34.300,0.000
2026-09-09T21:45:00,4.800,34.100,0.000
2026-09-09T22:00:00,4.790,36.000,1.000
2026-09-09T22:15:00,4.800,34.800,0.000
2026-09-09T22:30:00,4.810,34.400,0.000
2026-09-09T22:45:00,4.810,34.900,0.000
2026-09-09T23:00:00,4.810,34.200,0.000
2026-09-09T23:15:00,4.820,35.500,0.000
2026-09-09T23:30:00,4.820,35.000,0.000
2026-09-09T23:45:00,4.840,35.600,0.000
2026-09-10T00:00:00,4.880,37.300,0.000
2026-09-10T00:15:00,4.890,38.600,0.000
2026-09-10T00:30:00,4.950,41.600,0.000
2026-09-10T00:45:00,5.010,45.000,0.000
2026-09-10T01:00:00,5.090,48.400,0.000
2026-09-10T01:15:00,5.140,49.700,0.000
2026-09-10T01:30:00,5.190,50.300,0.000
2026-09-10T01:45:00,5.210,51.700,0.000
2026-09-10T02:00:00,5.230,57.300,0.000
2026-09-10T02:15:00,5.240,50.900,0.000
2026-09-10T02:30:00,5.240,51.200,2.000
2026-09-10T02:45:00,5.240,59.800,1.500
2026-09-10T03:00:00,5.250,48.700,0.000
2026-09-10T03:15:00,5.230,49.600,0.000
2026-09-10T03:30:00,5.230,50.400,0.000
2026-09-10T03:45:00,5.220,48.200,0.000
2026-09-10T04:00:00,5.220,50.100,0.000
2026-09-10T04:15:00,5.220,48.600,0.000
2026-09-10T04:30:00,5.230,48.400,0.000
2026-09-10T04:45:00,5.230,48.400,0.000
2026-09-10T05:00:00,5.230,49.200,0.000
2026-09-10T05:15:00,5.230,51.900,15.000
2026-09-10T05:30:00,5.250,61.200,12.500
2026-09-10T05:45:00,5.270,55.900,2.000
2026-09-10T06:00:00,5.260,51.300,0.000
2026-09-10T06:15:00,5.280,50.400,0.500
2026-09-10T06:30:00,5.290,50.900,0.000
2026-09-10T06:45:00,5.300,52.100,0.000
2026-09-10T07:00:00,5.290,52.300,0.500
2026-09-10T07:15:00,5.300,49.700,0.000
2026-09-10T07:30:00,5.300,50.900,0.000
2026-09-10T07:45:00,5.320,50.600,0.000
2026-09-10T08:00:00,5.330,52.900,0.000
2026-09-10T08:15:00,5.330,52.700,0.000
2026-09-10T08:30:00,5.350,53.000,0.500
2026-09-10T08:45:00,5.360,52.900,0.000
2026-09-10T09:00:00,5.360,53.300,0.000
2026-09-10T09:15:00,5.370,54.200,0.000
2026-09-10T09:30:00,5.390,51.000,0.000
2026-09-10T09:45:00,5.400,50.300,0.000
2026-09-10T10:00:00,5.390,49.000,0.000
2026-09-10T10:15:00,5.380,48.500,0.000
2026-09-10T10:30:00,5.350,47.800,0.000
2026-09-10T10:45:00,5.320,45.600,0.000
2026-09-10T11:00:00,5.290,42.500,0.000
2026-09-10T11:15:00,5.260,44.900,0.000
2026-09-10T11:30:00,5.240,44.400,0.000
2026-09-10T11:45:00,5.200,38.800,0.000
2026-09-10T12:00:00,5.170,41.100,0.000
2026-09-10T12:15:00,5.150,40.500,0.000
2026-09-10T12:30:00,5.130,41.900,0.000
2026-09-10T12:45:00,5.110,35.600,0.000
2026-09-10T13:00:00,5.100,39.300,0.000
2026-09-10T13:15:00,5.080,40.300,0.000
2026-09-10T13:30:00,5.050,38.500,0.000
2026-09-10T13:45:00,5.040,38.600,0.000
2026-09-10T14:00:00,5.040,38.300,0.000
2026-09-10T14:15:00,5.050,41.400,0.000
2026-09-10T14:30:00,5.070,42.700,0.000
2026-09-10T14:45:00,5.090,45.000,10.000
2026-09-10T15:00:00,5.130,54.300,11.500
2026-09-10T15:15:00,5.180,51.400,0.000
2026-09-10T15:30:00,5.200,51.700,0.500
2026-09-10T15:45:00,5.220,49.400,0.000
2026-09-10T16:00:00,5.240,52.900,0.000
2026-09-10T16:15:00,5.240,53.500,0.000
2026-09-10T16:30:00,5.260,49.300,0.000
2026-09-10T16:45:00,5.270,49.000,0.000
2026-09-10T17:00:00,5.290,54.000,0.000
2026-09-10T17:15:00,5.280,49.400,0.000
2026-09-10T17:30:00,5.270,47.900,0.000
2026-09-10T17:45:00,5.280,49.300,0.000
2026-09-10T18:00:00,5.290,51.400,0.000
2026-09-10T18:15:00,5.300,50.100,0.000
2026-09-10T18:30:00,5.280,49.400,0.000
2026-09-10T18:45:00,5.280,49.100,0.000
2026-09-10T19:00:00,5.280,48.100,0.000
2026-09-10T19:15:00,5.280,48.000,0.000
2026-09-10T19:30:00,5.280,48.600,0.000
2026-09-10T19:45:00,5.280,46.700,0.000
2026-09-10T20:00:00,5.270,47.500,0.000
2026-09-10T20:15:00,5.270,48.600,0.000
2026-09-10T20:30:00,5.260,46.700,0.000
2026-09-10T20:45:00,5.260,47.800,0.000
2026-09-10T21:00:00,5.260,46.100,0.000
2026-09-10T21:15:00,5.250,46.900,0.000
2026-09-10T21:30:00,5.250,48.500,0.000
2026-09-10T21:45:00,5.240,46.700,0.000
2026-09-10T22:00:00,5.230,46.700,0.000
2026-09-10T22:15:00,5.230,47.500,0.000
2026-09-10T22:30:00,5.220,48.700,0.000
2026-09-10T22:45:00,5.220,46.600,0.000
2026-09-10T23:00:00,5.210,46.200,0.000
2026-09-10T23:15:00,5.210,47.100,0.000
2026-09-10T23:30:00,5.200,46.600,0.000
2026-09-10T23:45:00,5.200,45.300,0.000
2026-09-11T00:00:00,5.190,45.500,0.000
2026-09-11T00:15:00,5.190,46.300,2.500
2026-09-11T00:30:00,5.180,47.800,2.000
2026-09-11T00:45:00,5.180,46.500,1.000
2026-09-11T01:00:00,5.180,44.900,1.000
2026-09-11T01:15:00,5.170,45.600,0.000
2026-09-11T01:30:00,5.170,45.500,0.000
2026-09-11T01:45:00,5.160,44.500,0.000
2026-09-11T02:00:00,5.160,42.900,0.000
2026-09-11T02:15:00,5.130,43.700,0.000
2026-09-11T02:30:00,5.110,44.900,0.000
2026-09-11T02:45:00,5.090,41.800,0.000
2026-09-11T03:00:00,5.090,41.700,0.000
2026-09-11T03:15:00,5.090,42.700,0.000
2026-09-11T03:30:00,5.090,42.200,0.000
2026-09-11T03:45:00,5.100,43.400,0.000
2026-09-11T04:00:00,5.090,44.300,0.000
2026-09-11T04:15:00,5.100,43.900,0.000
2026-09-11T04:30:00,5.100,42.300,0.000
2026-09-11T04:45:00,5.100,44.200,0.500
2026-09-11T05:00:00,5.100,41.800,0.500
2026-09-11T05:15:00,5.100,48.900,11.000
2026-09-11T05:30:00,5.120,52.700,9.500
2026-09-11T05:45:00,5.130,53.500,1.500
2026-09-11T06:00:00,5.140,50.400,0.500
2026-09-11T06:15:00,5.160,52.500,1.500
2026-09-11T06:30:00,5.170,51.400,1.000
2026-09-11T06:45:00,5.200,50.600,0.500
2026-09-11T07:00:00,5.230,52.600,0.000
2026-09-11T07:15:00,5.260,48.300,0.000
2026-09-11T07:30:00,5.310,53.300,0.000
2026-09-11T07:45:00,5.370,54.700,0.500
2026-09-11T08:00:00,5.440,57.500,0.000
2026-09-11T08:15:00,5.510,60.000,0.000
2026-09-11T08:30:00,5.580,64.800,0.000
2026-09-11T08:45:00,5.650,66.600,0.000
2026-09-11T09:00:00,5.720,71.700,0.000
2026-09-11T09:15:00,5.750,71.400,0.000
2026-09-11T09:30:00,5.780,72.700,0.000
2026-09-11T09:45:00,5.820,76.900,0.000
2026-09-11T10:00:00,5.810,76.200,0.000
2026-09-11T10:15:00,5.850,79.200,0.000
2026-09-11T10:30:00,5.870,72.400,0.000
2026-09-11T10:45:00,5.880,73.000,0.000
2026-09-11T11:00:00,5.880,75.500,0.000
2026-09-11T11:15:00,5.890,75.300,0.000
2026-09-11T11:30:00,5.900,74.600,0.000
2026-09-11T11:45:00,5.900,75.900,0.000
2026-09-11T12:00:00,5.910,72.300,2.500
2026-09-11T12:15:00,5.900,76.200,0.000
2026-09-11T12:30:00,5.910,75.900,0.000
2026-09-11T12:45:00,5.910,74.200,0.000
2026-09-11T13:00:00,5.910,73.300,0.000
2026-09-11T13:15:00,5.900,73.800,0.000
2026-09-11T13:30:00,5.900,73.200,0.000
2026-09-11T13:45:00,5.890,70.200,0.000
2026-09-11T14:00:00,5.870,70.700,0.000
2026-09-11T14:15:00,5.860,67.400,0.000
2026-09-11T14:30:00,5.850,66.300,0.000
2026-09-11T14:45:00,5.850,77.000,16.500
2026-09-11T15:00:00,5.850,67.600,0.000
2026-09-11T15:15:00,5.840,64.400,0.000
2026-09-11T15:30:00,5.840,66.600,0.000
2026-09-11T15:45:00,5.820,64.700,0.000
2026-09-11T16:00:00,5.810,65.700,0.000
2026-09-11T16:15:00,5.810,65.500,0.000
2026-09-11T16:30:00,5.810,63.600,0.000
2026-09-11T16:45:00,5.790,59.900,0.000
2026-09-11T17:00:00,5.780,59.000,0.000
2026-09-11T17:15:00,5.770,62.700,0.000
2026-09-11T17:30:00,5.760,62.800,0.000
2026-09-11T17:45:00,5.750,63.200,0.000
2026-09-11T18:00:00,5.740,60.700,0.000
2026-09-11T18:15:00,5.730,60.600,0.000
2026-09-11T18:30:00,5.730,60.400,0.000
2026-09-11T18:45:00,5.740,60.200,0.000
2026-09-11T19:00:00,5.730,60.000,0.000
2026-09-11T19:15:00,5.740,63.300,0.000
2026-09-11T19:30:00,5.730,60.200,0.000
2026-09-11T19:45:00,5.740,63.400,0.000
2026-09-11T20:00:00,5.730,58.500,0.000
2026-09-11T20:15:00,5.730,61.300,0.000
2026-09-11T20:30:00,5.720,63.000,0.000
2026-09-11T20:45:00,5.720,60.600,0.000
2026-09-11T21:00:00,5.700,59.000,0.000
2026-09-11T21:15:00,5.710,60.100,0.000
2026-09-11T21:30:00,5.700,61.700,0.000
2026-09-11T21:45:00,5.680,60.500,0.000
2026-09-11T22:00:00,5.680,60.400,0.000
2026-09-11T22:15:00,5.670,59.300,0.000
2026-09-11T22:30:00,5.670,56.300,0.000
2026-09-11T22:45:00,5.650,54.800,0.000
2026-09-11T23:00:00,5.640,52.900,0.000
2026-09-11T23:15:00,5.640,56.500,0.000
2026-09-11T23:30:00,5.640,56.400,0.000
2026-09-11T23:45:00,5.630,53.100,0.000
2026-09-12T00:00:00,5.620,56.600,0.000
2026-09-12T00:15:00,5.610,57.100,0.000
2026-09-12T00:30:00,5.610,54.100,0.000
2026-09-12T00:45:00,5.600,54.000,0.000
2026-09-12T01:00:00,5.590,56.800,0.000
2026-09-12T01:15:00,5.590,54.800,0.000
2026-09-12T01:30:00,5.580,55.800,0.000
2026-09-12T01:45:00,5.580,55.200,0.000
2026-09-12T02:00:00,5.560,57.200,0.000
2026-09-12T02:15:00,5.550,55.900,0.000
2026-09-12T02:30:00,5.550,54.800,0.000
2026-09-12T02:45:00,5.540,56.000,0.000
2026-09-12T03:00:00,5.540,53.800,0.000
2026-09-12T03:15:00,5.530,52.900,0.000
2026-09-12T03:30:00,5.530,52.300,0.000
2026-09-12T03:45:00,5.520,56.600,0.000
2026-09-12T04:00:00,5.510,52.500,0.000
2026-09-12T04:15:00,5.490,52.100,0.000
2026-09-12T04:30:00,5.490,53.700,0.000
2026-09-12T04:45:00,5.480,53.100,0.000
2026-09-12T05:00:00,5.480,55.200,0.000
2026-09-12T05:15:00,5.470,52.800,0.000
2026-09-12T05:30:00,5.460,54.900,0.000
2026-09-12T05:45:00,5.440,53.400,0.000
2026-09-12T06:00:00,5.450,52.200,0.000
2026-09-12T06:15:00,5.440,54.300,0.000
2026-09-12T06:30:00,5.430,54.800,0.000
2026-09-12T06:45:00,5.440,52.700,0.000
2026-09-12T07:00:00,5.420,50.500,0.000
2026-09-12T07:15:00,5.410,51.700,0.000
2026-09-12T07:30:00,5.410,53.000,0.000
2026-09-12T07:45:00,5.410,50.700,0.000
2026-09-12T08:00:00,5.390,50.900,0.000
2026-09-12T08:15:00,5.380,51.100,0.000
2026-09-12T08:30:00,5.370,48.700,0.000
2026-09-12T08:45:00,5.370,52.500,0.000
2026-09-12T09:00:00,5.360,48.400,0.000
2026-09-12T09:15:00,5.350,49.700,0.000
2026-09-12T09:30:00,5.330,48.500,0.000
2026-09-12T09:45:00,5.340,49.000,0.000
2026-09-12T10:00:00,5.320,48.700,0.000
2026-09-12T10:15:00,5.320,46.300,0.000
2026-09-12T10:30:00,5.320,47.500,0.000
2026-09-12T10:45:00,5.300,50.300,0.000
2026-09-12T11:00:00,5.300,48.800,0.000
2026-09-12T11:15:00,5.290,48.100,0.000
2026-09-12T11:30:00,5.300,47.200,0.000
2026-09-12T11:45:00,5.280,46.500,0.000
2026-09-12T12:00:00,5.270,45.500,0.000
2026-09-12T12:15:00,5.270,48.200,0.000
2026-09-12T12:30:00,5.260,47.100,0.000
2026-09-12T12:45:00,5.260,48.000,0.000
2026-09-12T13:00:00,5.250,47.600,0.000
2026-09-12T13:15:00,5.250,47.700,0.000
2026-09-12T13:30:00,5.230,45.700,0.000
2026-09-12T13:45:00,5.230,45.000,0.000
2026-09-12T14:00:00,5.230,44.300,0.000
2026-09-12T14:15:00,5.220,44.200,0.000
2026-09-12T14:30:00,5.220,46.800,0.000
2026-09-12T14:45:00,5.210,47.200,0.000
2026-09-12T15:00:00,5.210,43.900,0.000
2026-09-12T15:15:00,5.210,46.700,0.000
2026-09-12T15:30:00,5.190,46.600,0.000
2026-09-12T15:45:00,5.180,43.100,0.000
2026-09-12T16:00:00,5.180,45.500,0.000
2026-09-12T16:15:00,5.180,46.100,0.000
2026-09-12T16:30:00,5.170,45.700,0.000
2026-09-12T16:45:00,5.170,45.200,0.000
2026-09-12T17:00:00,5.170,45.000,0.000
2026-09-12T17:15:00,5.160,45.800,0.000
2026-09-12T17:30:00,5.150,41.200,0.000
2026-09-12T17:45:00,5.150,42.300,0.000
2026-09-12T18:00:00,5.140,45.500,0.000
2026-09-12T18:15:00,5.140,45.200,0.000
2026-09-12T18:30:00,5.140,44.200,0.000
2026-09-12T18:45:00,5.130,41.900,0.000
2026-09-12T19:00:00,5.120,45.100,0.000
2026-09-12T19:15:00,5.130,44.600,0.000
2026-09-12T19:30:00,5.120,45.100,0.000
2026-09-12T19:45:00,5.110,43.300,0.000
2026-09-12T20:00:00,5.110,42.700,0.000
2026-09-12T20:15:00,5.100,44.000,0.000
2026-09-12T20:30:00,5.100,42.200,0.000
2026-09-12T20:45:00,5.090,43.800,0.000
2026-09-12T21:00:00,5.090,44.000,0.000
2026-09-12T21:15:00,5.090,43.200,0.000
2026-09-12T21:30:00,5.080,44.000,0.000
2026-09-12T21:45:00,5.080,43.600,0.000
2026-09-12T22:00:00,5.070,42.900,0.000
2026-09-12T22:15:00,5.070,42.000,0.000
2026-09-12T22:30:00,5.070,43.700,0.000
2026-09-12T22:45:00,5.070,45.400,0.000
2026-09-12T23:00:00,5.050,43.000,0.000
2026-09-12T23:15:00,5.060,43.900,0.000
2026-09-12T23:30:00,5.050,40.700,0.000
2026-09-12T23:45:00,5.040,42.000,0.000
2026-09-13T00:00:00,5.050,44.600,0.000
2026-09-13T00:15:00,5.040,39.900,0.000
2026-09-13T00:30:00,5.030,39.200,0.000
2026-09-13T00:45:00,5.040,37.300,0.000
2026-09-13T01:00:00,5.040,41.600,0.000
2026-09-13T01:15:00,5.040,43.400,0.000
2026-09-13T01:30:00,5.020,40.500,0.000
2026-09-13T01:45:00,5.020,42.400,0.000
2026-09-13T02:00:00,5.010,42.800,0.000
2026-09-13T02:15:00,5.010,41.700,0.000
2026-09-13T02:30:00,5.000,41.300,0.000
2026-09-13T02:45:00,5.010,42.400,0.000
2026-09-13T03:00:00,5.000,41.100,0.000
2026-09-13T03:15:00,5.000,43.400,0.000
2026-09-13T03:30:00,5.000,41.300,0.000
2026-09-13T03:45:00,4.990,40.800,0.000
2026-09-13T04:00:00,4.990,42.400,0.000
2026-09-13T04:15:00,4.980,40.900,0.000
2026-09-13T04:30:00,4.980,40.400,0.000
2026-09-13T04:45:00,4.980,42.000,0.000
2026-09-13T05:00:00,4.980,42.800,0.000
2026-09-13T05:15:00,4.970,41.300,0.000
2026-09-13T05:30:00,4.980,42.700,0.000
2026-09-13T05:45:00,4.970,40.100,0.000
2026-09-13T06:00:00,4.960,42.000,0.000
2026-09-13T06:15:00,4.960,40.700,0.000
2026-09-13T06:30:00,4.970,41.400,0.000
2026-09-13T06:45:00,4.960,41.400,0.000
2026-09-13T07:00:00,4.950,40.800,0.000
2026-09-13T07:15:00,4.950,42.900,0.000
2026-09-13T07:30:00,4.950,42.500,0.000
2026-09-13T07:45:00,4.950,41.500,0.000
2026-09-13T08:00:00,4.940,39.000,0.000
2026-09-13T08:15:00,4.940,39.200,0.000
2026-09-13T08:30:00,4.940,43.100,0.000
2026-09-13T08:45:00,4.930,41.300,0.000
2026-09-13T09:00:00,4.930,40.100,0.000
2026-09-13T09:15:00,4.940,39.800,0.000
2026-09-13T09:30:00,4.920,39.600,0.000
2026-09-13T09:45:00,4.920,41.500,0.000
2026-09-13T10:00:00,4.920,41.100,0.000
2026-09-13T10:15:00,4.920,40.700,0.000
2026-09-13T10:30:00,4.920,40.300,0.000
2026-09-13T10:45:00,4.910,39.300,0.000
2026-09-13T11:00:00,4.910,42.000,0.000
2026-09-13T11:15:00,4.910,38.600,0.000
2026-09-13T11:30:00,4.910,41.600,0.000
2026-09-13T11:45:00,4.910,38.800,0.000
2026-09-13T12:00:00,4.910,37.700,0.000
2026-09-13T12:15:00,4.910,39.400,0.000
2026-09-13T12:30:00,4.910,39.300,0.000
2026-09-13T12:45:00,4.910,39.500,0.000
2026-09-13T13:00:00,4.900,38.700,0.000
2026-09-13T13:15:00,4.910,38.700,0.000
2026-09-13T13:30:00,4.910,37.900,0.000
2026-09-13T13:45:00,4.910,37.400,0.000
2026-09-13T14:00:00,4.900,39.400,0.000
2026-09-13T14:15:00,4.900,39.100,0.000
2026-09-13T14:30:00,4.910,38.600,0.000
2026-09-13T14:45:00,4.890,39.600,0.000
2026-09-13T15:00:00,4.900,38.100,0.000
2026-09-13T15:15:00,4.900,39.400,0.000
2026-09-13T15:30:00,4.900,39.500,0.000
2026-09-13T15:45:00,4.890,39.000,0.000
2026-09-13T16:00:00,4.890,39.000,0.000
2026-09-13T16:15:00,4.890,38.900,0.000
2026-09-13T16:30:00,4.880,37.700,0.000
2026-09-13T16:45:00,4.880,38.100,0.000
2026-09-13T17:00:00,4.880,37.600,0.000
2026-09-13T17:15:00,4.880,38.800,0.000
2026-09-13T17:30:00,4.880,38.500,0.000
2026-09-13T17:45:00,4.870,38.200,0.000
2026-09-13T18:00:00,4.870,38.000,0.000
2026-09-13T18:15:00,4.880,38.500,0.000
2026-09-13T18:30:00,4.870,37.300,0.000
2026-09-13T18:45:00,4.870,37.300,0.000
2026-09-13T19:00:00,4.880,38.000,0.000
2026-09-13T19:15:00,4.870,37.800,0.000
2026-09-13T19:30:00,4.860,37.800,0.000
2026-09-13T19:45:00,4.870,36.600,0.000
2026-09-13T20:00:00,4.870,38.800,0.000
2026-09-13T20:15:00,4.860,38.200,0.000
2026-09-13T20:30:00,4.860,38.100,0.000
2026-09-13T20:45:00,4.860,37.700,0.000
2026-09-13T21:00:00,4.860,37.800,0.000
2026-09-13T21:15:00,4.850,38.100,0.000
2026-09-13T21:30:00,4.860,37.800,0.000
2026-09-13T21:45:00,4.850,37.900,0.000
2026-09-13T22:00:00,4.850,38.400,0.000
2026-09-13T22:15:00,4.850,37.400,0.000
2026-09-13T22:30:00,4.850,36.800,0.000
2026-09-13T22:45:00,4.850,36.900,0.000
2026-09-13T23:00:00,4.850,37.700,0.000
2026-09-13T23:15:00,4.850,36.300,0.000
2026-09-13T23:30:00,4.850,38.100,0.000
2026-09-13T23:45:00,4.840,38.800,0.000
2026-09-14T00:00:00,4.830,36.900,0.000
2026-09-14T00:15:00,4.850,36.300,0.000
2026-09-14T00:30:00,4.840,36.700,0.000
2026-09-14T00:45:00,4.830,37.700,0.000
2026-09-14T01:00:00,4.840,36.700,0.000
2026-09-14T01:15:00,4.830,37.000,0.000
2026-09-14T01:30:00,4.830,37.300,0.000
2026-09-14T01:45:00,4.830,36.600,0.000
2026-09-14T02:00:00,4.820,36.200,0.000
2026-09-14T02:15:00,4.820,37.200,0.000
2026-09-14T02:30:00,4.820,36.600,0.000
2026-09-14T02:45:00,4.820,35.600,0.000
2026-09-14T03:00:00,4.820,35.600,0.000
2026-09-14T03:15:00,4.820,35.600,0.000
2026-09-14T03:30:00,4.820,36.000,0.000
2026-09-14T03:45:00,4.810,36.100,0.000
2026-09-14T04:00:00,4.820,36.600,0.000
2026-09-14T04:15:00,4.810,34.300,0.000
2026-09-14T04:30:00,4.810,36.300,0.000
2026-09-14T04:45:00,4.810,38.000,0.000
2026-09-14T05:00:00,4.800,37.700,0.000
2026-09-14T05:15:00,4.810,36.800,0.000
2026-09-14T05:30:00,4.800,36.900,0.000
2026-09-14T05:45:00,4.810,36.200,0.000
2026-09-14T06:00:00,4.810,37.300,0.000
2026-09-14T06:15:00,4.800,35.100,0.000
2026-09-14T06:30:00,4.800,34.800,0.000
2026-09-14T06:45:00,4.790,35.300,0.000
2026-09-14T07:00:00,4.800,36.400,0.000
2026-09-14T07:15:00,4.790,34.700,0.000
2026-09-14T07:30:00,4.800,34.200,0.000
2026-09-14T07:45:00,4.780,37.100,0.000
2026-09-14T08:00:00,4.790,36.100,0.000
2026-09-14T08:15:00,4.780,35.800,0.000
2026-09-14T08:30:00,4.790,35.900,0.000
2026-09-14T08:45:00,4.790,34.400,0.000
2026-09-14T09:00:00,4.780,34.600,0.000
2026-09-14T09:15:00,4.780,36.000,0.000
2026-09-14T09:30:00,4.780,36.000,0.000
2026-09-14T09:45:00,4.770,35.800,0.000
2026-09-14T10:00:00,4.780,34.200,0.000
2026-09-14T10:15:00,4.780,36.100,0.000
2026-09-14T10:30:00,4.780,35.800,0.000
2026-09-14T10:45:00,4.780,35.400,0.000
2026-09-14T11:00:00,4.780,35.600,0.000
2026-09-14T11:15:00,4.770,36.500,0.000
2026-09-14T11:30:00,4.770,34.500,0.000
2026-09-14T11:45:00,4.770,35.100,0.000
2026-09-14T12:00:00,4.780,35.700,0.000
2026-09-14T12:15:00,4.780,34.900,0.000
2026-09-14T12:30:00,4.780,33.700,0.000
2026-09-14T12:45:00,4.780,34.400,0.000
2026-09-14T13:00:00,4.780,35.600,0.500
2026-09-14T13:15:00,4.780,35.800,0.000
2026-09-14T13:30:00,4.780,33.800,0.000
2026-09-14T13:45:00,4.790,34.100,0.000
2026-09-14T14:00:00,4.780,36.100,0.000
2026-09-14T14:15:00,4.780,34.600,0.000
2026-09-14T14:30:00,4.790,35.300,0.500
2026-09-14T14:45:00,4.780,35.000,0.000
2026-09-14T15:00:00,4.780,34.100,0.000
2026-09-14T15:15:00,4.780,35.400,0.000
2026-09-14T15:30:00,4.790,35.200,0.000
2026-09-14T15:45:00,4.790,34.800,0.000
2026-09-14T16:00:00,4.780,34.100,0.000
2026-09-14T16:15:00,4.790,34.000,0.000
2026-09-14T16:30:00,4.790,33.600,0.000
2026-09-14T16:45:00,4.780,34.400,0.000
2026-09-14T17:00:00,4.780,35.000,0.000
2026-09-14T17:15:00,4.780,35.300,0.000
2026-09-14T17:30:00,4.780,33.500,0.000
2026-09-14T17:45:00,4.770,33.800,0.000
2026-09-14T18:00:00,4.790,33.100,0.000
2026-09-14T18:15:00,4.790,33.600,0.000
2026-09-14T18:30:00,4.780,34.500,0.000
2026-09-14T18:45:00,4.780,34.100,0.000
2026-09-14T19:00:00,4.780,34.400,0.000
2026-09-14T19:15:00,4.780,34.700,0.000
2026-09-14T19:30:00,4.780,34.200,0.000
2026-09-14T19:45:00,4.780,34.700,0.000
2026-09-14T20:00:00,4.790,34.300,0.000
2026-09-14T20:15:00,4.770,35.600,0.000
2026-09-14T20:30:00,4.780,33.800,0.000
2026-09-14T20:45:00,4.780,34.300,0.000
2026-09-14T21:00:00,4.780,34.200,0.000
2026-09-14T21:15:00,4.780,33.400,0.000
2026-09-14T21:30:00,4.780,35.500,0.000
2026-09-14T21:45:00,4.780,34.000,0.000
2026-09-14T22:00:00,4.780,35.200,0.000
2026-09-14T22:15:00,4.780,34.700,0.000
2026-09-14T22:30:00,4.770,34.600,0.000
2026-09-14T22:45:00,4.780,34.900,0.000
2026-09-14T23:00:00,4.770,33.800,0.000
2026-09-14T23:15:00,4.770,35.200,0.000
2026-09-14T23:30:00,4.770,34.500,0.000
2026-09-14T23:45:00,4.770,33.600,0.000
2026-09-15T00:00:00,4.770,33.700,0.000
2026-09-15T00:15:00,4.770,34.600,0.000
2026-09-15T00:30:00,4.770,33.100,0.000
2026-09-15T00:45:00,4.770,34.700,0.000
2026-09-15T01:00:00,4.770,34.100,0.000
2026-09-15T01:15:00,4.770,32.900,0.000
2026-09-15T01:30:00,4.770,34.000,0.000
2026-09-15T01:45:00,4.770,33.700,0.000
2026-09-15T02:00:00,4.760,34.500,0.000
2026-09-15T02:15:00,4.760,33.800,0.000
2026-09-15T02:30:00,4.770,35.000,0.000
2026-09-15T02:45:00,4.770,34.800,0.000
2026-09-15T03:00:00,4.760,33.900,6.000
2026-09-15T03:15:00,4.770,37.100,7.000
2026-09-15T03:30:00,4.780,34.100,0.500
2026-09-15T03:45:00,4.780,34.100,0.000
2026-09-15T04:00:00,4.790,34.900,0.000
2026-09-15T04:15:00,4.800,35.300,0.000
2026-09-15T04:30:00,4.790,35.600,0.000
2026-09-15T04:45:00,4.810,34.900,0.000
2026-09-15T05:00:00,4.800,34.700,0.000
2026-09-15T05:15:00,4.810,36.500,0.000
2026-09-15T05:30:00,4.820,38.600,0.500
2026-09-15T05:45:00,4.830,38.100,0.500
2026-09-15T06:00:00,4.830,41.300,8.000
2026-09-15T06:15:00,4.850,43.100,5.000
2026-09-15T06:30:00,4.870,44.200,2.500
2026-09-15T06:45:00,4.890,43.500,3.500
2026-09-15T07:00:00,4.910,46.700,5.000
2026-09-15T07:15:00,4.950,47.600,1.500
2026-09-15T07:30:00,4.980,48.300,1.500
2026-09-15T07:45:00,5.020,50.600,1.500
2026-09-15T08:00:00,5.060,50.800,2.000
2026-09-15T08:15:00,5.100,52.600,1.500
2026-09-15T08:30:00,5.110,52.000,1.000
2026-09-15T08:45:00,5.130,53.300,1.000
2026-09-15T09:00:00,5.150,52.100,0.000
2026-09-15T09:15:00,5.180,53.400,0.000
2026-09-15T09:30:00,5.230,53.800,0.000
2026-09-15T09:45:00,5.290,58.400,0.000
2026-09-15T10:00:00,5.350,58.800,0.000
2026-09-15T10:15:00,5.440,64.100,0.000
2026-09-15T10:30:00,5.510,63.300,0.000
2026-09-15T10:45:00,5.570,66.800,0.000
2026-09-15T11:00:00,5.650,71.200,0.000
2026-09-15T11:15:00,5.690,71.900,0.000
2026-09-15T11:30:00,5.760,74.400,0.000
2026-09-15T11:45:00,5.780,77.400,0.000
2026-09-15T12:00:00,5.810,72.500,0.500
2026-09-15T12:15:00,5.850,78.000,1.000
2026-09-15T12:30:00,5.870,79.600,7.500
2026-09-15T12:45:00,5.890,78.400,0.000
2026-09-15T13:00:00,5.900,76.500,0.000
2026-09-15T13:15:00,5.920,74.600,0.000
2026-09-15T13:30:00,5.950,76.300,0.000
2026-09-15T13:45:00,5.950,78.900,0.000
2026-09-15T14:00:00,5.960,77.100,0.000
2026-09-15T14:15:00,5.970,77.100,0.000
2026-09-15T14:30:00,5.980,81.200,0.000
2026-09-15T14:45:00,5.980,74.500,0.000
2026-09-15T15:00:00,5.980,73.000,0.000
2026-09-15T15:15:00,5.990,76.500,0.000
2026-09-15T15:30:00,5.970,72.600,0.000
2026-09-15T15:45:00,5.980,68.500,0.000
2026-09-15T16:00:00,5.960,72.900,0.000
2026-09-15T16:15:00,5.950,70.700,0.000
2026-09-15T16:30:00,5.930,67.800,0.000
2026-09-15T16:45:00,5.910,68.700,0.000
2026-09-15T17:00:00,5.900,68.200,0.000
2026-09-15T17:15:00,5.880,63.200,0.000
2026-09-15T17:30:00,5.870,64.000,0.000
2026-09-15T17:45:00,5.860,65.400,0.000
2026-09-15T18:00:00,5.830,59.100,0.000
2026-09-15T18:15:00,5.810,66.200,0.000
2026-09-15T18:30:00,5.790,62.700,0.000
2026-09-15T18:45:00,5.770,62.500,5.500
2026-09-15T19:00:00,5.760,61.900,14.500
2026-09-15T19:15:00,5.750,68.100,11.500
2026-09-15T19:30:00,5.760,74.300,1.500
2026-09-15T19:45:00,5.760,56.100,0.000
2026-09-15T20:00:00,5.760,61.700,0.500
2026-09-15T20:15:00,5.750,62.500,0.000
2026-09-15T20:30:00,5.760,63.500,0.000
2026-09-15T20:45:00,5.760,68.300,0.500
2026-09-15T21:00:00,5.780,65.400,0.500
2026-09-15T21:15:00,5.780,72.900,0.000
2026-09-15T21:30:00,5.810,71.300,0.500
2026-09-15T21:45:00,5.840,74.700,0.500
2026-09-15T22:00:00,5.860,73.700,0.500
2026-09-15T22:15:00,5.900,73.200,0.000
2026-09-15T22:30:00,5.940,74.100,0.500
2026-09-15T22:45:00,5.950,75.800,0.000
2026-09-15T23:00:00,5.960,76.200,0.000
2026-09-15T23:15:00,5.980,76.000,0.000
2026-09-15T23:30:00,6.000,73.300,0.000
2026-09-15T23:45:00,5.990,72.700,0.000
2026-09-16T00:00:00,5.990,69.700,0.000
2026-09-16T00:15:00,5.980,72.400,0.000
2026-09-16T00:30:00,5.970,70.200,0.000
2026-09-16T00:45:00,5.960,69.300,0.000
2026-09-16T01:00:00,5.960,67.700,0.000
2026-09-16T01:15:00,5.950,66.900,0.000
2026-09-16T01:30:00,5.950,67.700,0.000
2026-09-16T01:45:00,5.950,68.000,0.000
2026-09-16T02:00:00,5.940,69.500,0.000
2026-09-16T02:15:00,5.950,65.000,0.000
2026-09-16T02:30:00,5.940,68.500,0.000
2026-09-16T02:45:00,5.930,65.300,0.000
2026-09-16T03:00:00,5.920,65.100,0.000
2026-09-16T03:15:00,5.920,67.600,0.000
2026-09-16T03:30:00,5.910,65.300,0.000
2026-09-16T03:45:00,5.880,66.700,0.000
2026-09-16T04:00:00,5.870,57.900,0.000
2026-09-16T04:15:00,5.860,60.600,0.000
2026-09-16T04:30:00,5.850,61.700,0.000
2026-09-16T04:45:00,5.830,66.100,0.000
2026-09-16T05:00:00,5.810,62.800,0.000
2026-09-16T05:15:00,5.800,57.700,0.000
2026-09-16T05:30:00,5.800,58.300,0.000
2026-09-16T05:45:00,5.780,59.900,0.000
2026-09-16T06:00:00,5.750,58.400,0.000
2026-09-16T06:15:00,5.750,58.800,0.000
2026-09-16T06:30:00,5.730,56.000,0.000
2026-09-16T06:45:00,5.720,54.500,0.000
2026-09-16T07:00:00,5.700,54.200,0.000
2026-09-16T07:15:00,5.690,57.500,0.000
2026-09-16T07:30:00,5.670,53.100,0.000
2026-09-16T07:45:00,5.660,50.400,0.000
2026-09-16T08:00:00,5.660,55.100,0.000
2026-09-16T08:15:00,5.640,52.200,0.000
2026-09-16T08:30:00,5.620,51.000,0.000
2026-09-16T08:45:00,5.600,55.400,0.000
2026-09-16T09:00:00,5.590,57.500,0.000
2026-09-16T09:15:00,5.590,50.400,0.000
2026-09-16T09:30:00,5.560,55.700,0.000
2026-09-16T09:45:00,5.550,50.400,0.000
2026-09-16T10:00:00,5.540,52.400,0.000
2026-09-16T10:15:00,5.530,53.300,0.000
2026-09-16T10:30:00,5.520,52.600,0.000
2026-09-16T10:45:00,5.500,52.800,0.000
2026-09-16T11:00:00,5.480,51.500,0.000
2026-09-16T11:15:00,5.480,49.000,0.000
2026-09-16T11:30:00,5.470,49.400,0.000
2026-09-16T11:45:00,5.450,49.500,0.000
2026-09-16T12:00:00,5.440,48.300,0.000
2026-09-16T12:15:00,5.420,48.200,0.000
2026-09-16T12:30:00,5.410,46.900,0.000
2026-09-16T12:45:00,5.400,47.800,0.000
2026-09-16T13:00:00,5.390,46.000,0.000
2026-09-16T13:15:00,5.380,45.500,0.000
2026-09-16T13:30:00,5.370,46.800,0.000
2026-09-16T13:45:00,5.350,46.500,0.000
2026-09-16T14:00:00,5.340,46.900,0.000
2026-09-16T14:15:00,5.330,47.400,0.000
2026-09-16T14:30:00,5.330,44.500,0.000
2026-09-16T14:45:00,5.310,45.500,0.000
2026-09-16T15:00:00,5.300,42.500,0.000
2026-09-16T15:15:00,5.300,44.500,0.000
2026-09-16T15:30:00,5.280,44.100,0.000
2026-09-16T15:45:00,5.270,43.000,0.000
2026-09-16T16:00:00,5.250,41.600,0.000
2026-09-16T16:15:00,5.250,41.900,0.000
2026-09-16T16:30:00,5.240,44.100,0.000
2026-09-16T16:45:00,5.220,42.800,0.000
2026-09-16T17:00:00,5.210,41.900,0.000
2026-09-16T17:15:00,5.200,41.100,0.000
2026-09-16T17:30:00,5.190,40.100,0.000
2026-09-16T17:45:00,5.190,42.900,0.000
2026-09-16T18:00:00,5.170,41.100,0.000
2026-09-16T18:15:00,5.160,42.400,0.000
2026-09-16T18:30:00,5.160,42.300,0.000
2026-09-16T18:45:00,5.150,40.300,0.000
2026-09-16T19:00:00,5.140,40.300,0.000
2026-09-16T19:15:00,5.140,43.900,0.000
2026-09-16T19:30:00,5.130,43.700,0.000
2026-09-16T19:45:00,5.140,44.700,0.000
2026-09-16T20:00:00,5.150,43.300,0.000
2026-09-16T20:15:00,5.170,44.100,0.000
2026-09-16T20:30:00,5.180,42.500,0.000
2026-09-16T20:45:00,5.180,45.100,0.000
2026-09-16T21:00:00,5.200,46.300,0.000
2026-09-16T21:15:00,5.200,47.400,0.000
2026-09-16T21:30:00,5.210,47.000,0.000
2026-09-16T21:45:00,5.210,46.600,0.000
2026-09-16T22:00:00,5.190,46.300,0.000
2026-09-16T22:15:00,5.210,45.800,0.000
2026-09-16T22:30:00,5.200,46.300,0.000
2026-09-16T22:45:00,5.200,46.300,0.000
2026-09-16T23:00:00,5.210,46.700,0.000
2026-09-16T23:15:00,5.210,47.600,0.000
2026-09-16T23:30:00,5.210,48.400,0.500
2026-09-16T23:45:00,5.210,47.700,0.000
2026-09-17T00:00:00,5.240,49.700,0.000
2026-09-17T00:15:00,5.280,52.000,0.000
2026-09-17T00:30:00,5.350,54.200,0.000
2026-09-17T00:45:00,5.410,59.400,0.000
2026-09-17T01:00:00,5.490,66.000,0.000
2026-09-17T01:15:00,5.550,64.400,0.000
2026-09-17T01:30:00,5.620,65.200,0.000
2026-09-17T01:45:00,5.660,68.100,0.000
2026-09-17T02:00:00,5.700,70.400,0.000
2026-09-17T02:15:00,5.740,75.300,0.000
2026-09-17T02:30:00,5.760,72.400,0.000
2026-09-17T02:45:00,5.800,75.400,0.000
2026-09-17T03:00:00,5.800,71.500,0.000
2026-09-17T03:15:00,5.850,77.300,0.000
2026-09-17T03:30:00,5.880,77.100,0.000
2026-09-17T03:45:00,5.910,82.900,0.000
2026-09-17T04:00:00,5.940,80.800,0.000
2026-09-17T04:15:00,5.960,77.000,0.000
2026-09-17T04:30:00,5.970,79.000,0.000
2026-09-17T04:45:00,5.990,77.300,0.000
2026-09-17T05:00:00,5.990,77.600,0.000
2026-09-17T05:15:00,5.990,77.800,0.000
2026-09-17T05:30:00,6.000,84.100,0.000
2026-09-17T05:45:00,5.990,74.500,0.000
2026-09-17T06:00:00,5.970,76.500,0.000
2026-09-17T06:15:00,5.960,70.600,0.000
2026-09-17T06:30:00,5.940,76.300,0.000
2026-09-17T06:45:00,5.920,73.100,0.000
2026-09-17T07:00:00,5.910,67.300,0.000
2026-09-17T07:15:00,5.880,69.800,0.000
2026-09-17T07:30:00,5.860,65.700,0.000
2026-09-17T07:45:00,5.830,68.200,0.000
2026-09-17T08:00:00,5.810,63.600,0.000
2026-09-17T08:15:00,5.790,62.600,0.000
2026-09-17T08:30:00,5.760,61.000,0.000
2026-09-17T08:45:00,5.750,62.300,0.000
2026-09-17T09:00:00,5.730,60.600,0.000
2026-09-17T09:15:00,5.720,63.700,0.000
2026-09-17T09:30:00,5.690,59.900,0.000
2026-09-17T09:45:00,5.670,59.300,0.000
2026-09-17T10:00:00,5.650,56.400,0.000
2026-09-17T10:15:00,5.630,57.900,0.000
2026-09-17T10:30:00,5.610,54.700,0.000
2026-09-17T10:45:00,5.600,57.200,0.000
2026-09-17T11:00:00,5.590,60.200,0.000
2026-09-17T11:15:00,5.570,54.500,0.000
2026-09-17T11:30:00,5.560,54.800,0.000
2026-09-17T11:45:00,5.540,53.800,0.000
2026-09-17T12:00:00,5.560,55.900,0.000
2026-09-17T12:15:00,5.530,55.700,0.000
2026-09-17T12:30:00,5.520,51.600,0.000
2026-09-17T12:45:00,5.540,59.000,0.000
2026-09-17T13:00:00,5.520,58.400,0.000
2026-09-17T13:15:00,5.520,57.300,0.000
2026-09-17T13:30:00,5.520,56.600,0.000
2026-09-17T13:45:00,5.510,54.700,0.000
2026-09-17T14:00:00,5.490,57.600,0.000
2026-09-17T14:15:00,5.490,55.900,0.000
2026-09-17T14:30:00,5.470,53.800,0.000
2026-09-17T14:45:00,5.470,54.800,0.000
2026-09-17T15:00:00,5.460,55.400,0.000
2026-09-17T15:15:00,5.460,53.800,0.000
2026-09-17T15:30:00,5.450,53.700,0.000
2026-09-17T15:45:00,5.440,54.800,0.000
2026-09-17T16:00:00,5.440,55.600,0.000
2026-09-17T16:15:00,5.430,52.100,0.000
2026-09-17T16:30:00,5.410,53.000,0.000
2026-09-17T16:45:00,5.410,53.500,0.500
2026-09-17T17:00:00,5.410,58.400,0.500
2026-09-17T17:15:00,5.400,52.700,0.000
2026-09-17T17:30:00,5.390,60.700,0.500
2026-09-17T17:45:00,5.380,59.800,12.500
2026-09-17T18:00:00,5.400,69.900,18.000
2026-09-17T18:15:00,5.420,63.900,11.000
2026-09-17T18:30:00,5.420,61.800,6.000
2026-09-17T18:45:00,5.430,59.700,2.000
2026-09-17T19:00:00,5.440,61.800,1.500
2026-09-17T19:15:00,5.450,60.700,0.500
2026-09-17T19:30:00,5.470,63.300,1.000
2026-09-17T19:45:00,5.480,64.800,1.500
2026-09-17T20:00:00,5.510,65.000,1.000
2026-09-17T20:15:00,5.530,63.400,0.500
2026-09-17T20:30:00,5.560,62.900,0.000
2026-09-17T20:45:00,5.580,61.400,0.000
2026-09-17T21:00:00,5.620,61.200,0.000
2026-09-17T21:15:00,5.630,61.300,0.000
2026-09-17T21:30:00,5.660,62.200,0.000
2026-09-17T21:45:00,5.660,59.800,0.000
2026-09-17T22:00:00,5.670,62.000,0.000
2026-09-17T22:15:00,5.670,61.200,0.000
2026-09-17T22:30:00,5.670,59.500,0.000
2026-09-17T22:45:00,5.690,61.200,0.000
2026-09-17T23:00:00,5.660,58.800,0.000
2026-09-17T23:15:00,5.660,58.100,0.000
2026-09-17T23:30:00,5.670,58.400,0.000
2026-09-17T23:45:00,5.650,58.700,0.000
2026-09-18T00:00:00,5.650,59.400,0.000
2026-09-18T00:15:00,5.650,57.900,0.000
2026-09-18T00:30:00,5.640,57.800,0.000
2026-09-18T00:45:00,5.640,57.900,0.000
2026-09-18T01:00:00,5.630,59.100,0.000
2026-09-18T01:15:00,5.640,58.700,0.000
2026-09-18T01:30:00,5.640,58.700,0.000
2026-09-18T01:45:00,5.650,59.000,0.000
2026-09-18T02:00:00,5.660,60.900,0.000
2026-09-18T02:15:00,5.660,60.000,0.000
2026-09-18T02:30:00,5.670,59.700,0.000
2026-09-18T02:45:00,5.680,62.000,0.000
2026-09-18T03:00:00,5.680,59.100,0.000
2026-09-18T03:15:00,5.680,61.100,0.000
2026-09-18T03:30:00,5.680,59.800,0.000
2026-09-18T03:45:00,5.680,59.600,0.000
2026-09-18T04:00:00,5.690,59.500,0.000
2026-09-18T04:15:00,5.680,57.600,0.000
2026-09-18T04:30:00,5.670,57.900,0.000
2026-09-18T04:45:00,5.670,61.000,0.000
2026-09-18T05:00:00,5.670,58.100,0.000
2026-09-18T05:15:00,5.650,59.600,0.000
2026-09-18T05:30:00,5.640,55.800,0.000
2026-09-18T05:45:00,5.630,55.500,0.000
2026-09-18T06:00:00,5.630,57.500,0.000
2026-09-18T06:15:00,5.620,55.800,0.000
2026-09-18T06:30:00,5.620,55.100,0.000
2026-09-18T06:45:00,5.610,56.400,0.000
2026-09-18T07:00:00,5.600,55.700,0.000
2026-09-18T07:15:00,5.600,55.500,0.000
2026-09-18T07:30:00,5.590,58.900,0.000
2026-09-18T07:45:00,5.570,53.100,0.000
2026-09-18T08:00:00,5.570,52.600,0.000
2026-09-18T08:15:00,5.560,51.300,0.000
2026-09-18T08:30:00,5.540,51.300,0.000
2026-09-18T08:45:00,5.540,50.800,0.000
2026-09-18T09:00:00,5.530,55.600,0.000
2026-09-18T09:15:00,5.530,54.800,0.000
2026-09-18T09:30:00,5.510,52.400,0.000
2026-09-18T09:45:00,5.510,52.900,0.000
2026-09-18T10:00:00,5.500,52.600,0.000
2026-09-18T10:15:00,5.500,50.100,0.000
2026-09-18T10:30:00,5.490,54.500,0.000
2026-09-18T10:45:00,5.480,52.300,0.000
2026-09-18T11:00:00,5.470,51.900,0.000
2026-09-18T11:15:00,5.460,53.000,0.000
2026-09-18T11:30:00,5.460,52.900,0.000
2026-09-18T11:45:00,5.450,49.200,0.000
2026-09-18T12:00:00,5.440,51.900,0.000
2026-09-18T12:15:00,5.440,52.000,0.000
2026-09-18T12:30:00,5.430,48.500,0.000
2026-09-18T12:45:00,5.410,49.500,0.000
2026-09-18T13:00:00,5.410,53.900,0.000
2026-09-18T13:15:00,5.400,48.800,0.000
2026-09-18T13:30:00,5.400,49.900,0.000
2026-09-18T13:45:00,5.390,51.000,0.000
2026-09-18T14:00:00,5.380,51.700,0.000
2026-09-18T14:15:00,5.370,50.100,0.000
2026-09-18T14:30:00,5.370,51.000,0.000
2026-09-18T14:45:00,5.360,50.800,0.000
2026-09-18T15:00:00,5.360,50.500,0.000
2026-09-18T15:15:00,5.350,49.000,0.000
2026-09-18T15:30:00,5.340,48.600,0.000
2026-09-18T15:45:00,5.350,51.100,0.000
2026-09-18T16:00:00,5.340,47.400,0.000
2026-09-18T16:15:00,5.320,47.100,0.000
2026-09-18T16:30:00,5.330,49.600,0.000
2026-09-18T16:45:00,5.320,47.800,0.000
2026-09-18T17:00:00,5.310,48.400,0.000
2026-09-18T17:15:00,5.320,47.400,0.000
2026-09-18T17:30:00,5.330,50.300,0.000
2026-09-18T17:45:00,5.350,49.400,0.000
2026-09-18T18:00:00,5.400,56.100,0.000
2026-09-18T18:15:00,5.450,57.200,0.000
2026-09-18T18:30:00,5.500,60.700,0.000
2026-09-18T18:45:00,5.540,62.200,0.000
2026-09-18T19:00:00,5.590,64.200,0.000
2026-09-18T19:15:00,5.620,65.100,0.000
2026-09-18T19:30:00,5.640,63.200,0.000
2026-09-18T19:45:00,5.660,66.600,0.000
2026-09-18T20:00:00,5.660,66.500,0.000
2026-09-18T20:15:00,5.660,62.900,0.000
2026-09-18T20:30:00,5.670,64.300,0.000
2026-09-18T20:45:00,5.670,63.500,0.000
2026-09-18T21:00:00,5.660,65.500,0.000
2026-09-18T21:15:00,5.640,59.700,0.000
2026-09-18T21:30:00,5.630,60.100,0.000
2026-09-18T21:45:00,5.620,58.400,0.000
2026-09-18T22:00:00,5.610,61.300,0.000
2026-09-18T22:15:00,5.600,62.900,0.000
2026-09-18T22:30:00,5.590,56.500,0.000
2026-09-18T22:45:00,5.570,58.000,0.000
2026-09-18T23:00:00,5.570,57.700,0.000
2026-09-18T23:15:00,5.550,56.400,0.000
2026-09-18T23:30:00,5.540,58.800,0.000
2026-09-18T23:45:00,5.530,52.500,0.000
2026-09-19T00:00:00,5.520,55.000,0.000
2026-09-19T00:15:00,5.520,54.300,0.000
2026-09-19T00:30:00,5.520,56.400,0.000
2026-09-19T00:45:00,5.510,56.600,0.000
2026-09-19T01:00:00,5.490,57.700,0.000
2026-09-19T01:15:00,5.480,58.600,0.000
2026-09-19T01:30:00,5.470,54.300,0.000
2026-09-19T01:45:00,5.470,54.200,0.000
2026-09-19T02:00:00,5.460,54.600,0.000
2026-09-19T02:15:00,5.450,55.100,0.000
2026-09-19T02:30:00,5.450,55.300,0.000
2026-09-19T02:45:00,5.440,53.100,0.000
2026-09-19T03:00:00,5.420,54.100,0.000
2026-09-19T03:15:00,5.410,51.700,0.000
2026-09-19T03:30:00,5.410,55.000,0.000
2026-09-19T03:45:00,5.400,53.500,0.000
2026-09-19T04:00:00,5.400,51.300,0.000
2026-09-19T04:15:00,5.380,52.700,0.000
2026-09-19T04:30:00,5.370,51.800,0.000
2026-09-19T04:45:00,5.370,50.600,0.000
2026-09-19T05:00:00,5.360,52.100,0.000
2026-09-19T05:15:00,5.360,52.300,0.000
2026-09-19T05:30:00,5.360,51.500,0.000
2026-09-19T05:45:00,5.350,52.400,0.000
2026-09-19T06:00:00,5.350,53.100,0.000
2026-09-19T06:15:00,5.340,48.000,0.000
2026-09-19T06:30:00,5.330,50.600,0.000
2026-09-19T06:45:00,5.320,47.900,0.000
2026-09-19T07:00:00,5.300,48.400,0.000
2026-09-19T07:15:00,5.310,51.000,0.000
2026-09-19T07:30:00,5.310,51.100,0.000
2026-09-19T07:45:00,5.300,48.800,0.000
2026-09-19T08:00:00,5.300,46.400,0.000
2026-09-19T08:15:00,5.280,49.200,0.000
2026-09-19T08:30:00,5.280,49.800,0.000
2026-09-19T08:45:00,5.270,50.300,0.000
2026-09-19T09:00:00,5.270,48.300,0.000
2026-09-19T09:15:00,5.260,48.800,0.000
2026-09-19T09:30:00,5.250,49.900,0.000
2026-09-19T09:45:00,5.250,47.300,0.000
2026-09-19T10:00:00,5.250,48.700,0.000
2026-09-19T10:15:00,5.240,47.800,0.000
2026-09-19T10:30:00,5.240,49.400,0.000
2026-09-19T10:45:00,5.240,47.400,0.000
2026-09-19T11:00:00,5.230,45.300,0.000
2026-09-19T11:15:00,5.220,45.000,0.000
2026-09-19T11:30:00,5.220,48.500,0.000
2026-09-19T11:45:00,5.210,48.200,0.000
2026-09-19T12:00:00,5.200,46.000,0.000
2026-09-19T12:15:00,5.200,47.400,0.000
2026-09-19T12:30:00,5.190,43.700,0.000
2026-09-19T12:45:00,5.200,46.300,0.000
2026-09-19T13:00:00,5.190,46.800,0.000
2026-09-19T13:15:00,5.180,45.100,0.000
2026-09-19T13:30:00,5.180,46.400,0.000
2026-09-19T13:45:00,5.170,46.600,0.000
2026-09-19T14:00:00,5.170,43.800,0.000
2026-09-19T14:15:00,5.170,45.700,0.000
2026-09-19T14:30:00,5.150,45.600,0.000
2026-09-19T14:45:00,5.160,44.700,0.000
2026-09-19T15:00:00,5.160,47.900,0.000
2026-09-19T15:15:00,5.140,45.100,0.000
2026-09-19T15:30:00,5.150,45.700,0.000
2026-09-19T15:45:00,5.150,46.100,0.000
2026-09-19T16:00:00,5.150,45.700,0.000
2026-09-19T16:15:00,5.140,45.500,0.000
2026-09-19T16:30:00,5.130,44.400,0.000
2026-09-19T16:45:00,5.130,46.400,0.000
2026-09-19T17:00:00,5.120,46.200,0.000
2026-09-19T17:15:00,5.110,44.600,0.000
2026-09-19T17:30:00,5.120,45.000,0.000
2026-09-19T17:45:00,5.120,45.200,0.000
2026-09-19T18:00:00,5.120,46.700,0.000
2026-09-19T18:15:00,5.120,46.900,0.000
2026-09-19T18:30:00,5.140,45.800,0.000
2026-09-19T18:45:00,5.160,47.200,0.000
2026-09-19T19:00:00,5.180,51.100,0.000
2026-09-19T19:15:00,5.200,48.100,0.000
2026-09-19T19:30:00,5.220,50.600,0.000
2026-09-19T19:45:00,5.220,51.800,0.000
2026-09-19T20:00:00,5.240,49.800,0.000
2026-09-19T20:15:00,5.240,51.700,0.000
2026-09-19T20:30:00,5.240,50.100,0.000
2026-09-19T20:45:00,5.230,51.400,2.000
2026-09-19T21:00:00,5.230,51.700,0.000
2026-09-19T21:15:00,5.230,49.700,0.500
2026-09-19T21:30:00,5.230,51.800,1.000
2026-09-19T21:45:00,5.230,50.300,5.500
2026-09-19T22:00:00,5.240,60.900,5.500
2026-09-19T22:15:00,5.240,58.700,1.500
2026-09-19T22:30:00,5.250,50.600,2.000
2026-09-19T22:45:00,5.250,49.600,0.500
2026-09-19T23:00:00,5.250,49.400,0.000
2026-09-19T23:15:00,5.250,49.700,0.000
2026-09-19T23:30:00,5.250,51.000,0.000
2026-09-19T23:45:00,5.240,47.500,0.000
2026-09-20T00:00:00,5.240,49.100,0.000
2026-09-20T00:15:00,5.240,48.600,0.000
2026-09-20T00:30:00,5.240,49.000,0.000
2026-09-20T00:45:00,5.250,48.100,0.000
2026-09-20T01:00:00,5.250,50.100,0.000
2026-09-20T01:15:00,5.280,51.500,0.000
2026-09-20T01:30:00,5.300,52.500,0.000
2026-09-20T01:45:00,5.350,53.300,0.000
2026-09-20T02:00:00,5.400,59.900,0.000
2026-09-20T02:15:00,5.440,59.100,0.000
2026-09-20T02:30:00,5.480,60.800,0.000
2026-09-20T02:45:00,5.540,64.800,0.000
2026-09-20T03:00:00,5.610,73.500,0.000
2026-09-20T03:15:00,5.680,71.300,0.000
2026-09-20T03:30:00,5.760,77.100,0.000
2026-09-20T03:45:00,5.820,79.200,0.000
2026-09-20T04:00:00,5.890,86.100,0.000
2026-09-20T04:15:00,5.950,84.200,0.000
2026-09-20T04:30:00,5.980,85.000,0.000
2026-09-20T04:45:00,6.020,87.900,0.000
2026-09-20T05:00:00,6.030,85.900,0.000
2026-09-20T05:15:00,6.000,78.100,0.000
2026-09-20T05:30:00,6.030,77.600,0.000
2026-09-20T05:45:00,6.000,80.600,0.000
2026-09-20T06:00:00,5.990,78.200,0.000
2026-09-20T06:15:00,5.980,77.600,0.000
2026-09-20T06:30:00,5.940,72.500,0.000
2026-09-20T06:45:00,5.920,74.000,0.000
2026-09-20T07:00:00,5.910,68.900,0.000
2026-09-20T07:15:00,5.890,69.100,0.000
2026-09-20T07:30:00,5.870,70.100,0.000
2026-09-20T07:45:00,5.860,66.000,0.000
2026-09-20T08:00:00,5.840,67.900,0.000
2026-09-20T08:15:00,5.810,66.900,0.000
2026-09-20T08:30:00,5.810,65.900,0.000
2026-09-20T08:45:00,5.790,65.800,0.000
2026-09-20T09:00:00,5.780,64.100,0.000
2026-09-20T09:15:00,5.760,63.100,0.000
2026-09-20T09:30:00,5.740,61.900,0.000
2026-09-20T09:45:00,5.730,64.100,0.000
2026-09-20T10:00:00,5.720,58.500,0.000
2026-09-20T10:15:00,5.700,59.100,0.000
2026-09-20T10:30:00,5.710,64.100,0.000
2026-09-20T10:45:00,5.680,58.900,0.000
2026-09-20T11:00:00,5.680,60.300,0.000
2026-09-20T11:15:00,5.680,64.200,0.000
2026-09-20T11:30:00,5.660,56.800,0.000
2026-09-20T11:45:00,5.630,58.800,0.000
2026-09-20T12:00:00,5.630,58.900,0.000
2026-09-20T12:15:00,5.610,56.100,0.000
2026-09-20T12:30:00,5.610,56.700,0.000
2026-09-20T12:45:00,5.600,59.600,0.000
2026-09-20T13:00:00,5.580,56.800,0.000
2026-09-20T13:15:00,5.580,57.200,0.000
2026-09-20T13:30:00,5.580,59.300,0.000
2026-09-20T13:45:00,5.580,57.100,0.000
2026-09-20T14:00:00,5.580,55.100,1.500
2026-09-20T14:15:00,5.560,62.800,2.500
2026-09-20T14:30:00,5.550,65.100,1.500
2026-09-20T14:45:00,5.550,54.800,0.000
2026-09-20T15:00:00,5.530,54.600,0.000
2026-09-20T15:15:00,5.530,54.600,0.000
2026-09-20T15:30:00,5.520,56.100,0.000
2026-09-20T15:45:00,5.510,54.200,0.000
2026-09-20T16:00:00,5.510,57.100,0.000
2026-09-20T16:15:00,5.500,58.300,0.500
2026-09-20T16:30:00,5.490,60.200,1.000
2026-09-20T16:45:00,5.490,56.300,0.000
2026-09-20T17:00:00,5.490,57.800,0.500
2026-09-20T17:15:00,5.490,58.100,0.500
2026-09-20T17:30:00,5.500,59.700,0.000
2026-09-20T17:45:00,5.520,56.800,0.000
2026-09-20T18:00:00,5.540,58.100,0.000
2026-09-20T18:15:00,5.550,61.300,0.000
2026-09-20T18:30:00,5.590,62.500,0.000
2026-09-20T18:45:00,5.610,62.500,0.000
2026-09-20T19:00:00,5.630,66.500,0.000
2026-09-20T19:15:00,5.650,63.100,0.000
2026-09-20T19:30:00,5.660,61.400,0.000
2026-09-20T19:45:00,5.660,65.100,0.000
2026-09-20T20:00:00,5.680,64.400,0.000
2026-09-20T20:15:00,5.680,63.400,0.000
2026-09-20T20:30:00,5.670,61.900,0.000
2026-09-20T20:45:00,5.680,66.100,0.000
2026-09-20T21:00:00,5.690,63.500,0.000
2026-09-20T21:15:00,5.670,63.400,0.000
2026-09-20T21:30:00,5.660,66.600,0.000
2026-09-20T21:45:00,5.660,62.900,0.000
2026-09-20T22:00:00,5.650,60.600,0.000
2026-09-20T22:15:00,5.640,61.000,0.000
2026-09-20T22:30:00,5.630,57.900,0.000
2026-09-20T22:45:00,5.630,63.800,0.000
2026-09-20T23:00:00,5.620,63.500,0.000
2026-09-20T23:15:00,5.620,57.300,0.000
2026-09-20T23:30:00,5.610,59.200,0.000
2026-09-20T23:45:00,5.610,62.400,0.000
2026-09-21T00:00:00,5.590,59.700,0.000
2026-09-21T00:15:00,5.590,59.500,0.000
2026-09-21T00:30:00,5.580,58.300,0.000
2026-09-21T00:45:00,5.570,58.300,0.000
2026-09-21T01:00:00,5.560,61.000,0.000
2026-09-21T01:15:00,5.550,58.400,0.000
2026-09-21T01:30:00,5.530,56.400,0.000
2026-09-21T01:45:00,5.530,57.800,0.000
2026-09-21T02:00:00,5.530,57.300,0.000
2026-09-21T02:15:00,5.520,59.400,0.000
2026-09-21T02:30:00,5.510,54.000,0.000
2026-09-21T02:45:00,5.520,57.900,0.000
2026-09-21T03:00:00,5.490,54.900,0.000
2026-09-21T03:15:00,5.490,56.300,0.000
2026-09-21T03:30:00,5.480,55.400,0.000
2026-09-21T03:45:00,5.480,55.200,0.000
2026-09-21T04:00:00,5.470,54.700,0.000
2026-09-21T04:15:00,5.460,55.100,0.000
2026-09-21T04:30:00,5.460,53.900,0.000
2026-09-21T04:45:00,5.450,53.300,0.000
2026-09-21T05:00:00,5.450,54.500,0.000
2026-09-21T05:15:00,5.440,53.100,0.500
2026-09-21T05:30:00,5.430,55.300,0.000
2026-09-21T05:45:00,5.430,53.200,0.000
2026-09-21T06:00:00,5.410,48.600,0.000
2026-09-21T06:15:00,5.410,53.300,0.000
2026-09-21T06:30:00,5.410,53.900,0.000
2026-09-21T06:45:00,5.390,55.500,0.000
2026-09-21T07:00:00,5.400,53.600,0.000
2026-09-21T07:15:00,5.390,54.500,0.000
2026-09-21T07:30:00,5.380,52.100,0.000
2026-09-21T07:45:00,5.380,51.700,0.000
2026-09-21T08:00:00,5.370,51.800,0.000
2026-09-21T08:15:00,5.360,50.300,0.000
2026-09-21T08:30:00,5.350,50.900,0.000
2026-09-21T08:45:00,5.350,52.100,0.000
2026-09-21T09:00:00,5.350,51.300,0.000
2026-09-21T09:15:00,5.340,49.500,0.000
2026-09-21T09:30:00,5.340,52.300,0.000
2026-09-21T09:45:00,5.330,51.500,0.000
2026-09-21T10:00:00,5.330,51.200,0.000
2026-09-21T10:15:00,5.310,49.500,0.000
2026-09-21T10:30:00,5.310,52.600,0.000
2026-09-21T10:45:00,5.300,47.300,0.000
2026-09-21T11:00:00,5.300,52.000,0.000
2026-09-21T11:15:00,5.290,49.600,0.000
2026-09-21T11:30:00,5.290,47.700,0.000
2026-09-21T11:45:00,5.290,49.800,0.000
2026-09-21T12:00:00,5.280,48.300,0.000
2026-09-21T12:15:00,5.300,50.900,0.000
2026-09-21T12:30:00,5.290,51.300,0.000
2026-09-21T12:45:00,5.290,50.000,0.000
2026-09-21T13:00:00,5.290,51.400,0.000
2026-09-21T13:15:00,5.290,51.500,0.000
2026-09-21T13:30:00,5.290,51.700,0.000
2026-09-21T13:45:00,5.280,50.300,0.000
2026-09-21T14:00:00,5.290,55.100,0.000
2026-09-21T14:15:00,5.280,52.100,0.000
2026-09-21T14:30:00,5.290,52.600,0.000
2026-09-21T14:45:00,5.280,48.700,0.000
2026-09-21T15:00:00,5.300,52.200,0.000
2026-09-21T15:15:00,5.300,52.900,0.000
2026-09-21T15:30:00,5.330,54.000,0.000
2026-09-21T15:45:00,5.330,53.000,0.000
2026-09-21T16:00:00,5.350,53.400,0.000
2026-09-21T16:15:00,5.340,53.600,0.000
2026-09-21T16:30:00,5.350,52.700,0.000
2026-09-21T16:45:00,5.350,54.500,0.000
2026-09-21T17:00:00,5.350,51.800,0.000
2026-09-21T17:15:00,5.350,64.100,2.500
2026-09-21T17:30:00,5.350,63.100,0.500
2026-09-21T17:45:00,5.360,59.300,0.500
2026-09-21T18:00:00,5.350,55.500,0.000
2026-09-21T18:15:00,5.370,56.700,0.000
2026-09-21T18:30:00,5.370,51.100,0.000
2026-09-21T18:45:00,5.360,53.300,0.000
2026-09-21T19:00:00,5.370,50.600,0.000
2026-09-21T19:15:00,5.360,54.100,0.000
2026-09-21T19:30:00,5.360,51.600,0.000
2026-09-21T19:45:00,5.350,52.100,0.000
2026-09-21T20:00:00,5.360,54.200,0.000
2026-09-21T20:15:00,5.350,53.400,0.000
2026-09-21T20:30:00,5.350,50.000,0.000
2026-09-21T20:45:00,5.370,54.000,0.000
2026-09-21T21:00:00,5.350,55.300,0.000
2026-09-21T21:15:00,5.350,52.100,0.000
2026-09-21T21:30:00,5.350,52.600,0.000
2026-09-21T21:45:00,5.350,51.800,0.000
2026-09-21T22:00:00,5.350,56.000,0.000
2026-09-21T22:15:00,5.340,49.800,0.000
2026-09-21T22:30:00,5.340,51.800,0.500
2026-09-21T22:45:00,5.340,52.700,5.500
2026-09-21T23:00:00,5.340,62.800,2.500
2026-09-21T23:15:00,5.350,60.600,0.000
2026-09-21T23:30:00,5.340,51.800,0.000
2026-09-21T23:45:00,5.360,54.700,2.500
2026-09-22T00:00:00,5.360,53.800,0.500
2026-09-22T00:15:00,5.350,55.500,0.000
2026-09-22T00:30:00,5.350,54.600,0.000
2026-09-22T00:45:00,5.350,53.300,0.000
2026-09-22T01:00:00,5.350,54.700,0.000
2026-09-22T01:15:00,5.330,52.400,0.000
2026-09-22T01:30:00,5.340,54.100,0.000
2026-09-22T01:45:00,5.330,54.200,0.500
2026-09-22T02:00:00,5.330,53.500,0.500
2026-09-22T02:15:00,5.320,50.800,0.000
2026-09-22T02:30:00,5.330,50.200,0.000
2026-09-22T02:45:00,5.310,51.900,0.000
2026-09-22T03:00:00,5.320,51.200,0.500
2026-09-22T03:15:00,5.310,56.700,1.500
2026-09-22T03:30:00,5.310,58.900,2.000
2026-09-22T03:45:00,5.320,61.400,1.500
2026-09-22T04:00:00,5.310,57.400,1.500
2026-09-22T04:15:00,5.310,58.800,1.500
2026-09-22T04:30:00,5.310,56.100,1.000
2026-09-22T04:45:00,5.310,60.100,1.500
2026-09-22T05:00:00,5.310,58.100,1.500
2026-09-22T05:15:00,5.320,59.700,1.500
2026-09-22T05:30:00,5.340,57.900,1.000
2026-09-22T05:45:00,5.340,59.400,1.000
2026-09-22T06:00:00,5.350,58.500,0.500
2026-09-22T06:15:00,5.380,57.600,0.000
2026-09-22T06:30:00,5.400,57.300,0.000
2026-09-22T06:45:00,5.420,63.100,0.000
2026-09-22T07:00:00,5.440,58.400,0.000
2026-09-22T07:15:00,5.480,62.500,0.000
2026-09-22T07:30:00,5.500,62.500,0.000
2026-09-22T07:45:00,5.550,63.300,0.000
2026-09-22T08:00:00,5.570,66.700,0.000
2026-09-22T08:15:00,5.620,69.700,0.000
2026-09-22T08:30:00,5.640,66.300,0.000
2026-09-22T08:45:00,5.660,67.700,0.000
2026-09-22T09:00:00,5.690,69.200,0.000
2026-09-22T09:15:00,5.730,71.700,0.000
2026-09-22T09:30:00,5.730,70.500,0.000
2026-09-22T09:45:00,5.770,76.700,0.000
2026-09-22T10:00:00,5.770,70.800,0.000
2026-09-22T10:15:00,5.810,73.000,0.000
2026-09-22T10:30:00,5.820,76.000,0.000
2026-09-22T10:45:00,5.840,71.200,0.000
2026-09-22T11:00:00,5.860,73.900,0.000
2026-09-22T11:15:00,5.880,75.300,0.000
2026-09-22T11:30:00,5.880,69.700,0.000
2026-09-22T11:45:00,5.910,74.800,0.000
2026-09-22T12:00:00,5.900,73.100,0.000
2026-09-22T12:15:00,5.910,76.900,0.000
2026-09-22T12:30:00,5.910,73.600,0.000
2026-09-22T12:45:00,5.900,75.000,0.000
2026-09-22T13:00:00,5.890,70.200,0.000
2026-09-22T13:15:00,5.900,67.200,0.000
2026-09-22T13:30:00,5.880,70.400,0.000
2026-09-22T13:45:00,5.880,73.700,0.000
2026-09-22T14:00:00,5.870,65.200,0.000
2026-09-22T14:15:00,5.850,69.500,0.000
2026-09-22T14:30:00,5.840,69.000,0.000
2026-09-22T14:45:00,5.820,67.900,0.000
2026-09-22T15:00:00,5.810,65.200,0.000
2026-09-22T15:15:00,5.810,63.900,0.000
2026-09-22T15:30:00,5.790,69.200,0.000
2026-09-22T15:45:00,5.780,68.500,0.000
2026-09-22T16:00:00,5.750,64.300,0.000
2026-09-22T16:15:00,5.750,64.400,0.000
2026-09-22T16:30:00,5.730,63.300,0.000
2026-09-22T16:45:00,5.730,60.400,0.000
2026-09-22T17:00:00,5.720,61.300,0.000
2026-09-22T17:15:00,5.690,63.900,0.000
2026-09-22T17:30:00,5.690,63.800,0.000
2026-09-22T17:45:00,5.670,61.700,0.000
2026-09-22T18:00:00,5.660,58.000,0.000
2026-09-22T18:15:00,5.650,60.300,0.000
2026-09-22T18:30:00,5.640,58.400,0.000
2026-09-22T18:45:00,5.620,61.300,0.000
2026-09-22T19:00:00,5.610,59.000,0.000
2026-09-22T19:15:00,5.610,60.600,0.000
2026-09-22T19:30:00,5.600,59.900,0.000
2026-09-22T19:45:00,5.590,61.300,0.000
2026-09-22T20:00:00,5.580,56.100,0.000
2026-09-22T20:15:00,5.580,62.900,0.000
2026-09-22T20:30:00,5.560,60.900,0.000
2026-09-22T20:45:00,5.550,57.500,0.000
2026-09-22T21:00:00,5.550,58.200,0.000
2026-09-22T21:15:00,5.540,61.300,0.000
2026-09-22T21:30:00,5.530,55.900,0.000
2026-09-22T21:45:00,5.520,54.200,0.000
2026-09-22T22:00:00,5.510,56.100,0.000
2026-09-22T22:15:00,5.510,55.500,0.000
2026-09-22T22:30:00,5.500,60.700,0.000
2026-09-22T22:45:00,5.500,55.500,0.000
2026-09-22T23:00:00,5.480,57.900,0.000
2026-09-22T23:15:00,5.480,56.200,0.000
2026-09-22T23:30:00,5.470,56.700,0.000
2026-09-22T23:45:00,5.460,57.600,0.000
2026-09-23T00:00:00,5.450,57.900,0.000
2026-09-23T00:15:00,5.440,53.200,0.000
2026-09-23T00:30:00,5.450,58.100,0.000
2026-09-23T00:45:00,5.420,55.900,0.000
2026-09-23T01:00:00,5.420,54.700,0.000
2026-09-23T01:15:00,5.420,52.900,0.000
2026-09-23T01:30:00,5.420,56.400,0.000
2026-09-23T01:45:00,5.400,51.100,0.000
2026-09-23T02:00:00,5.410,54.000,0.000
2026-09-23T02:15:00,5.390,54.200,0.000
2026-09-23T02:30:00,5.380,53.700,0.000
2026-09-23T02:45:00,5.390,56.400,0.000
2026-09-23T03:00:00,5.370,53.900,0.000
2026-09-23T03:15:00,5.370,53.300,0.000
2026-09-23T03:30:00,5.370,53.600,0.000
2026-09-23T03:45:00,5.360,51.500,0.000
2026-09-23T04:00:00,5.370,53.000,0.000
2026-09-23T04:15:00,5.350,52.100,0.000
2026-09-23T04:30:00,5.350,52.200,0.000
2026-09-23T04:45:00,5.330,49.900,0.000
2026-09-23T05:00:00,5.330,50.600,0.000
2026-09-23T05:15:00,5.320,48.000,0.000
2026-09-23T05:30:00,5.330,49.300,0.000
2026-09-23T05:45:00,5.320,55.400,0.000
2026-09-23T06:00:00,5.310,46.200,0.000
2026-09-23T06:15:00,5.320,50.600,0.000
2026-09-23T06:30:00,5.310,50.300,0.000
2026-09-23T06:45:00,5.310,51.600,0.000
2026-09-23T07:00:00,5.290,44.200,0.000
2026-09-23T07:15:00,5.280,49.300,0.000
2026-09-23T07:30:00,5.290,52.300,0.000
2026-09-23T07:45:00,5.290,48.300,0.000
2026-09-23T08:00:00,5.280,51.100,0.000
2026-09-23T08:15:00,5.280,51.200,0.000
2026-09-23T08:30:00,5.270,49.700,0.000
2026-09-23T08:45:00,5.250,47.300,0.000
2026-09-23T09:00:00,5.260,47.600,0.000
2026-09-23T09:15:00,5.250,48.800,0.000
2026-09-23T09:30:00,5.250,49.900,0.000
2026-09-23T09:45:00,5.250,48.500,0.000
2026-09-23T10:00:00,5.240,48.900,0.000
2026-09-23T10:15:00,5.240,49.300,0.000
2026-09-23T10:30:00,5.230,48.400,0.000
2026-09-23T10:45:00,5.220,48.900,0.000
2026-09-23T11:00:00,5.230,47.400,0.000
2026-09-23T11:15:00,5.210,46.600,0.000
2026-09-23T11:30:00,5.210,48.900,0.000
2026-09-23T11:45:00,5.210,48.300,2.000
2026-09-23T12:00:00,5.220,50.500,0.500
2026-09-23T12:15:00,5.210,53.500,0.500
2026-09-23T12:30:00,5.200,47.500,0.000
2026-09-23T12:45:00,5.200,43.500,0.000
2026-09-23T13:00:00,5.200,48.400,0.500
2026-09-23T13:15:00,5.200,50.200,0.000
2026-09-23T13:30:00,5.190,49.300,0.000
2026-09-23T13:45:00,5.190,48.100,0.500
2026-09-23T14:00:00,5.180,44.900,2.500
2026-09-23T14:15:00,5.190,49.000,0.000
2026-09-23T14:30:00,5.190,47.200,0.000
2026-09-23T14:45:00,5.190,48.600,0.000
2026-09-23T15:00:00,5.190,47.300,3.000
2026-09-23T15:15:00,5.200,49.900,0.000
2026-09-23T15:30:00,5.200,49.000,0.000
2026-09-23T15:45:00,5.200,45.000,0.000
2026-09-23T16:00:00,5.190,48.900,0.000
2026-09-23T16:15:00,5.190,47.600,0.000
2026-09-23T16:30:00,5.190,48.800,0.000
2026-09-23T16:45:00,5.200,46.900,0.000
2026-09-23T17:00:00,5.190,48.500,0.000
2026-09-23T17:15:00,5.210,48.500,0.000
2026-09-23T17:30:00,5.240,52.200,0.000
2026-09-23T17:45:00,5.300,54.300,0.000
2026-09-23T18:00:00,5.340,56.200,0.000
2026-09-23T18:15:00,5.390,60.400,0.000
2026-09-23T18:30:00,5.430,62.500,0.000
2026-09-23T18:45:00,5.450,63.400,0.000
2026-09-23T19:00:00,5.480,59.600,0.000
2026-09-23T19:15:00,5.510,65.600,0.000
2026-09-23T19:30:00,5.510,62.300,0.000
2026-09-23T19:45:00,5.530,63.300,0.000
2026-09-23T20:00:00,5.510,63.900,0.000
2026-09-23T20:15:00,5.510,62.800,0.000
2026-09-23T20:30:00,5.490,61.300,0.000
2026-09-23T20:45:00,5.450,58.700,0.000
2026-09-23T21:00:00,5.420,56.500,0.000
2026-09-23T21:15:00,5.380,53.000,0.000
2026-09-23T21:30:00,5.370,52.500,0.000
2026-09-23T21:45:00,5.340,48.700,0.000
2026-09-23T22:00:00,5.310,51.400,0.000
2026-09-23T22:15:00,5.290,49.200,0.000
2026-09-23T22:30:00,5.280,49.400,0.000
2026-09-23T22:45:00,5.270,48.700,0.000
2026-09-23T23:00:00,5.250,47.600,0.000
2026-09-23T23:15:00,5.250,48.200,0.000
2026-09-23T23:30:00,5.230,48.000,0.000
2026-09-23T23:45:00,5.240,48.900,0.000
2026-09-24T00:00:00,5.220,47.800,0.000
2026-09-24T00:15:00,5.210,46.900,0.000
2026-09-24T00:30:00,5.210,46.900,0.000
2026-09-24T00:45:00,5.200,45.200,0.000
2026-09-24T01:00:00,5.190,49.300,0.000
2026-09-24T01:15:00,5.190,47.300,2.500
2026-09-24T01:30:00,5.190,51.000,0.000
2026-09-24T01:45:00,5.190,48.100,0.000
2026-09-24T02:00:00,5.180,47.400,8.500
2026-09-24T02:15:00,5.190,52.400,6.500
2026-09-24T02:30:00,5.200,53.300,0.500
2026-09-24T02:45:00,5.200,52.900,1.000
2026-09-24T03:00:00,5.200,50.600,0.000
2026-09-24T03:15:00,5.210,50.400,0.000
2026-09-24T03:30:00,5.220,48.500,0.000
2026-09-24T03:45:00,5.230,52.100,0.500
2026-09-24T04:00:00,5.230,49.600,0.000
2026-09-24T04:15:00,5.230,47.600,0.000
2026-09-24T04:30:00,5.240,50.800,0.000
2026-09-24T04:45:00,5.250,49.200,0.000
2026-09-24T05:00:00,5.240,51.600,0.000
2026-09-24T05:15:00,5.240,47.500,0.000
2026-09-24T05:30:00,5.250,50.800,0.000
2026-09-24T05:45:00,5.250,50.500,0.000
2026-09-24T06:00:00,5.250,49.700,0.000
2026-09-24T06:15:00,5.240,52.000,0.000
2026-09-24T06:30:00,5.260,47.200,0.000
2026-09-24T06:45:00,5.260,50.400,0.000
2026-09-24T07:00:00,5.260,49.200,0.000
2026-09-24T07:15:00,5.260,48.500,0.000
2026-09-24T07:30:00,5.270,50.900,0.000
2026-09-24T07:45:00,5.270,50.000,0.000
2026-09-24T08:00:00,5.270,50.700,0.000
2026-09-24T08:15:00,5.260,50.600,0.000
2026-09-24T08:30:00,5.260,50.700,0.000
2026-09-24T08:45:00,5.270,52.900,0.000
2026-09-24T09:00:00,5.260,50.500,0.000
2026-09-24T09:15:00,5.260,49.000,0.000
2026-09-24T09:30:00,5.250,50.200,0.000
2026-09-24T09:45:00,5.270,50.300,0.000
2026-09-24T10:00:00,5.280,51.100,0.000
2026-09-24T10:15:00,5.270,52.500,0.000
2026-09-24T10:30:00,5.300,52.800,0.000
2026-09-24T10:45:00,5.330,55.300,0.000
2026-09-24T11:00:00,5.350,56.200,0.000
2026-09-24T11:15:00,5.390,58.000,0.000
2026-09-24T11:30:00,5.390,57.900,0.000
2026-09-24T11:45:00,5.410,57.200,0.000
2026-09-24T12:00:00,5.400,60.400,0.000
2026-09-24T12:15:00,5.410,62.300,0.000
2026-09-24T12:30:00,5.420,56.300,0.000
2026-09-24T12:45:00,5.410,59.200,0.000
2026-09-24T13:00:00,5.400,56.900,0.000
2026-09-24T13:15:00,5.410,59.100,0.000
2026-09-24T13:30:00,5.400,59.700,0.000
2026-09-24T13:45:00,5.410,57.600,0.000
2026-09-24T14:00:00,5.420,54.800,0.000
2026-09-24T14:15:00,5.420,61.200,0.500
2026-09-24T14:30:00,5.410,55.900,0.000
2026-09-24T14:45:00,5.410,56.900,0.000
2026-09-24T15:00:00,5.400,57.100,0.000
2026-09-24T15:15:00,5.400,58.800,0.000
2026-09-24T15:30:00,5.400,57.800,0.000
2026-09-24T15:45:00,5.390,54.300,0.500
2026-09-24T16:00:00,5.390,55.300,0.000
2026-09-24T16:15:00,5.400,59.400,0.500
2026-09-24T16:30:00,5.380,60.700,0.500
2026-09-24T16:45:00,5.390,56.800,0.500
2026-09-24T17:00:00,5.390,55.900,0.000
2026-09-24T17:15:00,5.380,59.700,0.500
2026-09-24T17:30:00,5.380,54.400,0.000
2026-09-24T17:45:00,5.380,54.500,0.000
2026-09-24T18:00:00,5.360,54.300,0.000
2026-09-24T18:15:00,5.380,54.300,0.000
2026-09-24T18:30:00,5.370,55.400,0.000
2026-09-24T18:45:00,5.380,56.200,0.000
2026-09-24T19:00:00,5.370,54.700,0.500
2026-09-24T19:15:00,5.370,53.300,0.000
2026-09-24T19:30:00,5.370,54.900,0.000
2026-09-24T19:45:00,5.360,54.400,0.000
2026-09-24T20:00:00,5.370,53.100,0.500
2026-09-24T20:15:00,5.350,52.800,0.000
2026-09-24T20:30:00,5.340,50.100,0.500
2026-09-24T20:45:00,5.330,53.300,0.000
2026-09-24T21:00:00,5.300,53.200,0.000
2026-09-24T21:15:00,5.280,51.200,0.500
2026-09-24T21:30:00,5.280,48.800,0.000
2026-09-24T21:45:00,5.270,49.600,0.500
2026-09-24T22:00:00,5.250,49.800,0.000
2026-09-24T22:15:00,5.250,50.400,0.500
2026-09-24T22:30:00,5.240,49.300,0.000
2026-09-24T22:45:00,5.240,48.600,0.000
2026-09-24T23:00:00,5.230,49.500,0.000
2026-09-24T23:15:00,5.230,50.000,0.500
2026-09-24T23:30:00,5.230,52.000,0.500
2026-09-24T23:45:00,5.220,49.100,0.500
2026-09-25T00:00:00,5.230,50.500,4.500
2026-09-25T00:15:00,5.220,60.000,2.500
2026-09-25T00:30:00,5.220,57.000,0.500
2026-09-25T00:45:00,5.230,52.700,0.000
2026-09-25T01:00:00,5.220,53.300,0.500
2026-09-25T01:15:00,5.220,57.500,1.000
2026-09-25T01:30:00,5.240,50.400,0.500
2026-09-25T01:45:00,5.230,50.200,2.000
2026-09-25T02:00:00,5.240,59.600,3.000
2026-09-25T02:15:00,5.240,59.900,7.500
2026-09-25T02:30:00,5.260,57.600,4.500
2026-09-25T02:45:00,5.270,60.800,2.000
2026-09-25T03:00:00,5.290,62.400,2.000
2026-09-25T03:15:00,5.300,56.300,0.500
2026-09-25T03:30:00,5.330,59.700,0.500
2026-09-25T03:45:00,5.360,56.800,0.000
2026-09-25T04:00:00,5.400,54.400,0.000
2026-09-25T04:15:00,5.410,59.300,0.000
2026-09-25T04:30:00,5.470,59.800,0.000
2026-09-25T04:45:00,5.540,65.300,0.000
2026-09-25T05:00:00,5.600,68.900,0.000
2026-09-25T05:15:00,5.700,77.200,0.000
2026-09-25T05:30:00,5.800,78.500,0.500
2026-09-25T05:45:00,5.900,80.600,0.500
2026-09-25T06:00:00,5.960,87.800,0.000
2026-09-25T06:15:00,6.060,94.300,0.500
2026-09-25T06:30:00,6.120,99.100,0.000
2026-09-25T06:45:00,6.200,106.000,0.000
2026-09-25T07:00:00,6.260,117.400,0.000
2026-09-25T07:15:00,6.340,118.000,0.000
2026-09-25T07:30:00,6.400,123.300,0.000
2026-09-25T07:45:00,6.440,124.200,0.000
2026-09-25T08:00:00,6.510,137.900,1.000
2026-09-25T08:15:00,6.570,144.300,1.500
2026-09-25T08:30:00,6.610,146.400,1.000
2026-09-25T08:45:00,6.650,136.100,0.500
2026-09-25T09:00:00,6.690,137.400,0.000
2026-09-25T09:15:00,6.700,138.300,0.000
2026-09-25T09:30:00,6.750,134.000,0.000
2026-09-25T09:45:00,6.760,135.900,0.000
2026-09-25T10:00:00,6.780,137.900,0.000
2026-09-25T10:15:00,6.800,140.100,1.000
2026-09-25T10:30:00,6.830,143.500,0.000
2026-09-25T10:45:00,6.850,136.100,0.000
2026-09-25T11:00:00,6.880,139.200,0.000
2026-09-25T11:15:00,6.900,140.500,0.000
2026-09-25T11:30:00,6.910,141.800,0.000
2026-09-25T11:45:00,6.910,139.200,0.000
2026-09-25T12:00:00,6.920,140.700,0.500
2026-09-25T12:15:00,6.920,143.100,0.500
2026-09-25T12:30:00,6.950,144.900,0.500
2026-09-25T12:45:00,6.950,141.100,0.000
2026-09-25T13:00:00,6.970,139.300,5.000
2026-09-25T13:15:00,6.970,162.700,2.500
2026-09-25T13:30:00,6.980,145.900,2.000
2026-09-25T13:45:00,7.000,145.000,0.500
2026-09-25T14:00:00,7.010,136.800,1.000
2026-09-25T14:15:00,7.010,147.200,0.500
2026-09-25T14:30:00,7.020,146.400,0.000
2026-09-25T14:45:00,7.030,147.100,0.000
2026-09-25T15:00:00,7.030,141.800,0.000
2026-09-25T15:15:00,7.040,138.700,0.000
2026-09-25T15:30:00,7.050,140.600,0.000
2026-09-25T15:45:00,7.070,136.000,0.500
2026-09-25T16:00:00,7.090,149.600,3.000
2026-09-25T16:15:00,7.130,171.400,10.500
2026-09-25T16:30:00,7.190,180.000,0.500
2026-09-25T16:45:00,7.250,171.300,1.500
2026-09-25T17:00:00,7.300,182.100,0.500
2026-09-25T17:15:00,7.350,180.000,1.000
2026-09-25T17:30:00,7.400,177.200,0.500
2026-09-25T17:45:00,7.450,181.500,1.500
2026-09-25T18:00:00,7.510,188.700,3.000
2026-09-25T18:15:00,7.560,197.000,2.500
2026-09-25T18:30:00,7.610,191.400,2.000
2026-09-25T18:45:00,7.670,204.200,3.500
2026-09-25T19:00:00,7.710,200.200,1.000
2026-09-25T19:15:00,7.770,203.300,1.000
2026-09-25T19:30:00,7.810,198.000,0.000
2026-09-25T19:45:00,7.850,189.000,0.500
2026-09-25T20:00:00,7.890,186.800,0.000
2026-09-25T20:15:00,7.930,196.300,0.000
2026-09-25T20:30:00,7.960,200.100,0.000
2026-09-25T20:45:00,7.990,199.900,0.000
2026-09-25T21:00:00,8.020,199.500,0.000
2026-09-25T21:15:00,8.040,199.900,0.000
2026-09-25T21:30:00,8.070,211.100,0.000
2026-09-25T21:45:00,8.080,207.900,0.000
2026-09-25T22:00:00,8.090,199.500,0.000
2026-09-25T22:15:00,8.090,177.400,0.000
2026-09-25T22:30:00,8.080,183.000,0.000
2026-09-25T22:45:00,8.070,186.300,0.000
2026-09-25T23:00:00,8.060,183.700,0.500
2026-09-25T23:15:00,8.030,185.100,0.000
2026-09-25T23:30:00,8.010,197.400,0.000
2026-09-25T23:45:00,7.980,174.800,0.000
2026-09-26T00:00:00,7.950,171.300,0.000
2026-09-26T00:15:00,7.920,171.700,0.000
2026-09-26T00:30:00,7.900,163.000,0.500
2026-09-26T00:45:00,7.870,177.200,1.500
2026-09-26T01:00:00,7.850,184.500,1.500
2026-09-26T01:15:00,7.830,171.100,2.000
2026-09-26T01:30:00,7.790,169.700,2.000
2026-09-26T01:45:00,7.770,175.800,1.500
2026-09-26T02:00:00,7.750,162.000,1.000
2026-09-26T02:15:00,7.730,167.700,1.500
2026-09-26T02:30:00,7.710,172.200,1.000
2026-09-26T02:45:00,7.700,171.800,0.500
2026-09-26T03:00:00,7.700,160.300,0.000
2026-09-26T03:15:00,7.700,146.500,0.000
2026-09-26T03:30:00,7.690,165.500,0.500
2026-09-26T03:45:00,7.680,156.400,1.000
2026-09-26T04:00:00,7.700,158.400,1.000
2026-09-26T04:15:00,7.690,163.600,0.500
2026-09-26T04:30:00,7.700,160.100,0.000
2026-09-26T04:45:00,7.690,154.400,0.000
2026-09-26T05:00:00,7.690,153.500,0.500
2026-09-26T05:15:00,7.690,162.800,0.000
2026-09-26T05:30:00,7.680,161.900,0.000
2026-09-26T05:45:00,7.690,157.700,0.000
2026-09-26T06:00:00,7.670,156.800,1.000
2026-09-26T06:15:00,7.670,172.900,0.500
2026-09-26T06:30:00,7.670,163.000,2.000
2026-09-26T06:45:00,7.670,171.100,3.000
2026-09-26T07:00:00,7.670,162.700,4.500
2026-09-26T07:15:00,7.680,168.600,5.000
2026-09-26T07:30:00,7.680,174.500,5.500
2026-09-26T07:45:00,7.690,182.100,3.500
2026-09-26T08:00:00,7.700,178.600,2.000
2026-09-26T08:15:00,7.720,182.700,1.500
2026-09-26T08:30:00,7.730,169.900,1.000
2026-09-26T08:45:00,7.750,161.700,0.000
2026-09-26T09:00:00,7.760,177.900,1.500
2026-09-26T09:15:00,7.780,170.600,1.500
2026-09-26T09:30:00,7.810,185.200,1.000
2026-09-26T09:45:00,7.840,187.600,0.500
2026-09-26T10:00:00,7.890,172.900,1.500
2026-09-26T10:15:00,7.950,196.100,1.000
2026-09-26T10:30:00,8.000,219.400,2.500
2026-09-26T10:45:00,8.050,197.300,2.000
2026-09-26T11:00:00,8.110,209.200,0.500
2026-09-26T11:15:00,8.170,216.600,4.000
2026-09-26T11:30:00,8.230,229.200,4.000
2026-09-26T11:45:00,8.300,226.900,1.000
2026-09-26T12:00:00,8.350,227.900,1.000
2026-09-26T12:15:00,8.420,226.900,1.500
2026-09-26T12:30:00,8.490,233.200,1.500
2026-09-26T12:45:00,8.540,245.400,1.500
2026-09-26T13:00:00,8.610,262.100,1.000
2026-09-26T13:15:00,8.680,263.000,1.500
2026-09-26T13:30:00,8.750,255.600,1.500
2026-09-26T13:45:00,8.830,287.400,1.500
2026-09-26T14:00:00,8.900,307.000,5.000
2026-09-26T14:15:00,9.000,335.200,2.000
2026-09-26T14:30:00,9.090,293.000,1.500
2026-09-26T14:45:00,9.190,327.100,4.000
2026-09-26T15:00:00,9.300,364.600,5.500
2026-09-26T15:15:00,9.420,370.700,2.500
2026-09-26T15:30:00,9.540,381.400,0.500
2026-09-26T15:45:00,9.660,432.900,0.500
2026-09-26T16:00:00,9.780,456.500,0.500
2026-09-26T16:15:00,9.870,431.800,1.000
2026-09-26T16:30:00,9.950,454.700,1.000
2026-09-26T16:45:00,10.010,421.500,0.500
2026-09-26T17:00:00,10.070,530.600,0.500
2026-09-26T17:15:00,10.110,547.400,0.500
2026-09-26T17:30:00,10.160,518.900,0.000
2026-09-26T17:45:00,10.250,558.900,0.500
2026-09-26T18:00:00,10.350,595.100,0.500
2026-09-26T18:15:00,10.430,621.500,1.000
2026-09-26T18:30:00,10.490,675.300,0.500
2026-09-26T18:45:00,10.580,658.000,0.500
2026-09-26T19:00:00,10.620,624.000,0.000
2026-09-26T19:15:00,10.670,635.400,0.500
2026-09-26T19:30:00,10.730,573.600,0.000
2026-09-26T19:45:00,10.800,614.500,0.000
2026-09-26T20:00:00,10.870,668.600,0.000
2026-09-26T20:15:00,10.880,565.000,0.000
2026-09-26T20:30:00,10.910,504.200,0.000
2026-09-26T20:45:00,10.920,556.900,0.000
2026-09-26T21:00:00,10.920,491.800,0.000
2026-09-26T21:15:00,10.920,469.900,0.000
2026-09-26T21:30:00,10.960,483.600,0.000
2026-09-26T21:45:00,10.930,454.000,0.000
2026-09-26T22:00:00,10.950,464.000,0.000
2026-09-26T22:15:00,10.930,466.900,0.000
2026-09-26T22:30:00,10.960,447.000,0.000
2026-09-26T22:45:00,10.970,458.800,0.000
2026-09-26T23:00:00,10.960,448.700,0.000
2026-09-26T23:15:00,10.960,438.300,0.500
2026-09-26T23:30:00,10.990,420.200,0.000
2026-09-26T23:45:00,10.960,382.100,0.000
2026-09-27T00:00:00,10.970,375.900,0.000
2026-09-27T00:15:00,10.990,415.600,0.000
2026-09-27T00:30:00,10.990,421.000,0.000
2026-09-27T00:45:00,10.990,369.200,0.000
2026-09-27T01:00:00,11.000,395.600,0.000
2026-09-27T01:15:00,10.990,421.000,0.000
2026-09-27T01:30:00,10.980,381.200,0.000
2026-09-27T01:45:00,10.980,394.400,0.000
2026-09-27T02:00:00,10.990,387.600,0.000
2026-09-27T02:15:00,10.970,432.900,0.000
2026-09-27T02:30:00,10.980,332.500,0.000
2026-09-27T02:45:00,10.980,420.800,0.500
2026-09-27T03:00:00,10.970,373.500,0.000
2026-09-27T03:15:00,10.970,424.400,0.000
2026-09-27T03:30:00,10.960,376.000,0.000
2026-09-27T03:45:00,10.980,414.900,0.000
2026-09-27T04:00:00,10.960,474.600,0.000
2026-09-27T04:15:00,10.960,476.600,0.000
2026-09-27T04:30:00,10.930,433.300,0.000
2026-09-27T04:45:00,10.940,372.500,0.000
2026-09-27T05:00:00,10.950,430.000,0.000
2026-09-27T05:15:00,10.940,418.400,0.000
2026-09-27T05:30:00,10.930,462.700,0.000
2026-09-27T05:45:00,10.930,447.800,0.000
2026-09-27T06:00:00,10.940,459.200,0.000
2026-09-27T06:15:00,10.920,447.600,0.000
2026-09-27T06:30:00,10.920,459.100,0.000
2026-09-27T06:45:00,10.920,475.600,0.000
2026-09-27T07:00:00,10.910,466.600,1.000
2026-09-27T07:15:00,10.920,459.800,0.000
2026-09-27T07:30:00,10.910,467.400,0.500
2026-09-27T07:45:00,10.910,468.100,0.000
2026-09-27T08:00:00,10.900,490.000,0.000
2026-09-27T08:15:00,10.910,496.800,0.000
2026-09-27T08:30:00,10.890,500.700,0.000
2026-09-27T08:45:00,10.890,509.100,0.000
2026-09-27T09:00:00,10.890,528.500,0.000
2026-09-27T09:15:00,10.890,531.100,0.000
2026-09-27T09:30:00,10.880,471.100,0.000
2026-09-27T09:45:00,10.830,472.700,0.000
2026-09-27T10:00:00,10.860,567.400,0.000
2026-09-27T10:15:00,10.840,520.700,0.000
2026-09-27T10:30:00,10.870,547.400,0.500
2026-09-27T10:45:00,10.830,498.000,0.500
2026-09-27T11:00:00,10.800,530.000,1.000
2026-09-27T11:15:00,10.820,529.700,1.500
2026-09-27T11:30:00,10.800,532.100,2.500
2026-09-27T11:45:00,10.750,424.900,2.000
2026-09-27T12:00:00,10.760,455.700,1.000
2026-09-27T12:15:00,10.720,452.100,0.000
2026-09-27T12:30:00,10.690,504.800,1.000
2026-09-27T12:45:00,10.670,508.800,0.000
2026-09-27T13:00:00,10.640,520.800,0.000
2026-09-27T13:15:00,10.620,502.800,0.000
2026-09-27T13:30:00,10.600,489.100,0.000
2026-09-27T13:45:00,10.570,521.300,0.000
2026-09-27T14:00:00,10.540,545.400,0.000
2026-09-27T14:15:00,10.530,529.000,0.000
2026-09-27T14:30:00,10.500,504.100,0.000
2026-09-27T14:45:00,10.490,433.200,0.000
2026-09-27T15:00:00,10.470,481.000,0.000
2026-09-27T15:15:00,10.460,471.000,0.000
2026-09-27T15:30:00,10.450,452.900,0.000
2026-09-27T15:45:00,10.440,484.900,0.000
2026-09-27T16:00:00,10.420,498.300,0.000
2026-09-27T16:15:00,10.420,460.300,0.500
2026-09-27T16:30:00,10.420,478.200,0.500
2026-09-27T16:45:00,10.420,470.500,0.000
2026-09-27T17:00:00,10.410,488.200,0.000
2026-09-27T17:15:00,10.400,432.900,0.000
2026-09-27T17:30:00,10.400,453.900,0.000
2026-09-27T17:45:00,10.380,444.500,0.000
2026-09-27T18:00:00,10.360,432.800,0.000
2026-09-27T18:15:00,10.340,406.900,0.000
2026-09-27T18:30:00,10.310,457.000,0.000
2026-09-27T18:45:00,10.300,442.300,0.000
2026-09-27T19:00:00,10.270,414.100,0.000
2026-09-27T19:15:00,10.250,420.800,0.000
2026-09-27T19:30:00,10.230,398.000,0.000
2026-09-27T19:45:00,10.220,394.600,0.000
2026-09-27T20:00:00,10.200,411.600,0.000
2026-09-27T20:15:00,10.180,399.700,0.000
2026-09-27T20:30:00,10.170,372.300,0.000
2026-09-27T20:45:00,10.160,399.000,0.000
2026-09-27T21:00:00,10.160,391.800,0.000
2026-09-27T21:15:00,10.150,376.000,0.000
2026-09-27T21:30:00,10.140,390.600,0.000
2026-09-27T21:45:00,10.140,429.600,0.000
2026-09-27T22:00:00,10.140,396.000,0.000
2026-09-27T22:15:00,10.140,396.300,0.000
2026-09-27T22:30:00,10.150,398.000,0.000
2026-09-27T22:45:00,10.140,366.700,0.000
2026-09-27T23:00:00,10.140,380.900,0.000
2026-09-27T23:15:00,10.150,409.500,0.000
2026-09-27T23:30:00,10.140,417.100,0.000
2026-09-27T23:45:00,10.140,431.700,0.000
2026-09-28T00:00:00,10.150,419.600,0.000
2026-09-28T00:15:00,10.150,403.700,0.000
2026-09-28T00:30:00,10.160,430.500,0.000
2026-09-28T00:45:00,10.170,366.000,0.000
2026-09-28T01:00:00,10.170,425.600,0.000
2026-09-28T01:15:00,10.180,387.100,0.000
2026-09-28T01:30:00,10.180,438.000,0.000
2026-09-28T01:45:00,10.180,429.800,0.000
2026-09-28T02:00:00,10.190,405.600,0.000
2026-09-28T02:15:00,10.190,432.900,0.000
2026-09-28T02:30:00,10.190,431.500,0.000
2026-09-28T02:45:00,10.190,439.700,0.000
2026-09-28T03:00:00,10.190,416.800,0.000
2026-09-28T03:15:00,10.190,425.400,0.000
2026-09-28T03:30:00,10.200,423.000,0.000
2026-09-28T03:45:00,10.190,416.700,0.500
2026-09-28T04:00:00,10.200,445.700,0.000
2026-09-28T04:15:00,10.200,435.400,0.000
2026-09-28T04:30:00,10.200,437.000,0.000
2026-09-28T04:45:00,10.190,386.000,13.000
2026-09-28T05:00:00,10.190,450.000,22.000
2026-09-28T05:15:00,10.230,449.500,4.000
2026-09-28T05:30:00,10.230,452.000,3.000
2026-09-28T05:45:00,10.220,466.400,6.000
2026-09-28T06:00:00,10.230,426.000,1.500
2026-09-28T06:15:00,10.230,443.400,1.000
2026-09-28T06:30:00,10.240,466.600,1.000
2026-09-28T06:45:00,10.240,444.100,1.000
2026-09-28T07:00:00,10.230,430.800,0.500
2026-09-28T07:15:00,10.230,471.400,0.000
2026-09-28T07:30:00,10.240,477.600,0.000
2026-09-28T07:45:00,10.250,491.800,0.000
2026-09-28T08:00:00,10.260,439.100,0.000
2026-09-28T08:15:00,10.280,445.900,0.000
2026-09-28T08:30:00,10.300,474.300,0.000
2026-09-28T08:45:00,10.310,462.300,0.000
2026-09-28T09:00:00,10.330,480.000,0.000
2026-09-28T09:15:00,10.350,450.500,0.000
2026-09-28T09:30:00,10.370,477.600,0.000
2026-09-28T09:45:00,10.390,498.800,0.000
2026-09-28T10:00:00,10.410,488.000,0.000
2026-09-28T10:15:00,10.410,506.300,0.000
2026-09-28T10:30:00,10.410,480.700,0.000
2026-09-28T10:45:00,10.420,525.000,0.000
2026-09-28T11:00:00,10.430,488.400,0.000
2026-09-28T11:15:00,10.420,479.400,0.000
2026-09-28T11:30:00,10.420,501.100,0.000
2026-09-28T11:45:00,10.420,524.500,0.000
2026-09-28T12:00:00,10.400,463.800,0.000
2026-09-28T12:15:00,10.400,486.300,0.000
2026-09-28T12:30:00,10.380,480.500,0.000
2026-09-28T12:45:00,10.380,475.200,0.000
2026-09-28T13:00:00,10.370,478.700,0.000
2026-09-28T13:15:00,10.340,466.900,0.000
2026-09-28T13:30:00,10.330,464.800,0.000
2026-09-28T13:45:00,10.320,462.300,0.000
2026-09-28T14:00:00,10.290,466.900,0.000
2026-09-28T14:15:00,10.270,433.800,0.000
2026-09-28T14:30:00,10.250,439.700,0.000
2026-09-28T14:45:00,10.240,428.700,0.000
2026-09-28T15:00:00,10.220,462.800,0.000
2026-09-28T15:15:00,10.190,426.900,0.000
2026-09-28T15:30:00,10.180,363.600,0.000
2026-09-28T15:45:00,10.160,421.600,0.000
2026-09-28T16:00:00,10.140,374.700,0.000
2026-09-28T16:15:00,10.120,399.900,0.000
2026-09-28T16:30:00,10.100,399.400,0.000
2026-09-28T16:45:00,10.080,377.500,0.000
2026-09-28T17:00:00,10.060,348.200,0.000
2026-09-28T17:15:00,10.050,348.300,0.000
2026-09-28T17:30:00,10.030,374.000,0.000
2026-09-28T17:45:00,10.020,347.900,0.000
2026-09-28T18:00:00,10.000,328.700,0.000
2026-09-28T18:15:00,10.000,312.900,0.000
2026-09-28T18:30:00,9.980,327.600,0.000
2026-09-28T18:45:00,9.980,333.300,0.000
2026-09-28T19:00:00,9.970,330.500,0.000
2026-09-28T19:15:00,9.960,305.100,0.000
2026-09-28T19:30:00,9.950,337.400,0.000
2026-09-28T19:45:00,9.940,331.900,0.000
2026-09-28T20:00:00,9.940,282.600,0.000
2026-09-28T20:15:00,9.930,314.200,0.000
2026-09-28T20:30:00,9.910,306.000,0.000
2026-09-28T20:45:00,9.910,283.700,0.000
2026-09-28T21:00:00,9.900,325.300,0.000
2026-09-28T21:15:00,9.890,296.000,0.000
2026-09-28T21:30:00,9.880,293.500,0.000
2026-09-28T21:45:00,9.870,297.400,0.000
2026-09-28T22:00:00,9.860,288.000,0.000
2026-09-28T22:15:00,9.870,314.300,0.000
2026-09-28T22:30:00,9.850,307.200,0.000
2026-09-28T22:45:00,9.840,290.000,0.000
2026-09-28T23:00:00,9.840,301.800,0.000
2026-09-28T23:15:00,9.820,288.700,0.000
2026-09-28T23:30:00,9.820,274.000,0.000
2026-09-28T23:45:00,9.800,291.500,0.000
2026-09-29T00:00:00,9.800,287.000,0.000
2026-09-29T00:15:00,9.790,262.200,0.000
2026-09-29T00:30:00,9.780,286.700,0.000
2026-09-29T00:45:00,9.780,281.200,0.000
2026-09-29T01:00:00,9.760,281.200,0.000
2026-09-29T01:15:00,9.760,257.100,0.000
2026-09-29T01:30:00,9.740,280.600,0.000
2026-09-29T01:45:00,9.730,265.600,0.000
2026-09-29T02:00:00,9.730,267.800,0.000
2026-09-29T02:15:00,9.720,263.400,0.000
2026-09-29T02:30:00,9.710,261.300,0.000
2026-09-29T02:45:00,9.700,263.000,0.000
2026-09-29T03:00:00,9.690,260.600,0.000
2026-09-29T03:15:00,9.680,262.700,0.000
2026-09-29T03:30:00,9.670,265.400,0.000
2026-09-29T03:45:00,9.660,259.800,0.000
2026-09-29T04:00:00,9.650,272.700,0.000
2026-09-29T04:15:00,9.640,253.200,0.000
2026-09-29T04:30:00,9.640,272.300,0.000
2026-09-29T04:45:00,9.630,230.800,0.000
2026-09-29T05:00:00,9.620,250.400,0.000
2026-09-29T05:15:00,9.610,250.700,0.000
2026-09-29T05:30:00,9.610,268.100,0.000
2026-09-29T05:45:00,9.600,257.500,0.000
2026-09-29T06:00:00,9.590,250.000,0.000
2026-09-29T06:15:00,9.580,247.600,0.000
2026-09-29T06:30:00,9.570,236.200,0.000
2026-09-29T06:45:00,9.560,245.900,0.000
2026-09-29T07:00:00,9.540,239.400,0.000
2026-09-29T07:15:00,9.540,232.100,0.000
2026-09-29T07:30:00,9.530,236.000,0.000
2026-09-29T07:45:00,9.520,248.500,0.000
2026-09-29T08:00:00,9.510,256.200,0.000
2026-09-29T08:15:00,9.500,247.700,0.000
2026-09-29T08:30:00,9.490,246.200,0.000
2026-09-29T08:45:00,9.480,242.700,0.000
2026-09-29T09:00:00,9.460,223.600,0.000
2026-09-29T09:15:00,9.450,223.500,0.000
2026-09-29T09:30:00,9.420,240.700,0.000
2026-09-29T09:45:00,9.410,222.800,0.000
2026-09-29T10:00:00,9.390,238.200,0.000
2026-09-29T10:15:00,9.360,230.400,0.000
2026-09-29T10:30:00,9.340,218.300,0.000
2026-09-29T10:45:00,9.310,205.500,0.000
2026-09-29T11:00:00,9.280,220.800,0.000
2026-09-29T11:15:00,9.260,197.200,0.000
2026-09-29T11:30:00,9.220,187.900,0.000
2026-09-29T11:45:00,9.200,191.900,0.000
2026-09-29T12:00:00,9.170,186.400,0.000
2026-09-29T12:15:00,9.150,177.200,0.000
2026-09-29T12:30:00,9.120,176.500,0.000
2026-09-29T12:45:00,9.090,184.200,0.000
2026-09-29T13:00:00,9.060,178.200,0.000
2026-09-29T13:15:00,9.040,174.300,0.000
2026-09-29T13:30:00,9.020,175.600,0.000
2026-09-29T13:45:00,8.990,159.600,0.000
2026-09-29T14:00:00,8.970,167.300,0.000
2026-09-29T14:15:00,8.940,157.200,0.000
2026-09-29T14:30:00,8.920,175.700,0.000
2026-09-29T14:45:00,8.900,165.300,0.000
2026-09-29T15:00:00,8.870,172.300,0.000
2026-09-29T15:15:00,8.860,168.600,0.000
2026-09-29T15:30:00,8.830,158.000,0.000
2026-09-29T15:45:00,8.810,159.900,0.000
2026-09-29T16:00:00,8.780,164.200,0.000
2026-09-29T16:15:00,8.770,153.000,0.000
2026-09-29T16:30:00,8.750,161.400,0.000
2026-09-29T16:45:00,8.730,147.500,0.000
2026-09-29T17:00:00,8.700,153.300,0.000
2026-09-29T17:15:00,8.670,152.600,0.000
2026-09-29T17:30:00,8.630,144.800,0.000
2026-09-29T17:45:00,8.610,145.000,0.000
2026-09-29T18:00:00,8.560,138.500,0.000
2026-09-29T18:15:00,8.520,134.100,0.000
2026-09-29T18:30:00,8.490,132.900,0.000
2026-09-29T18:45:00,8.450,138.100,0.000
2026-09-29T19:00:00,8.420,130.000,0.000
2026-09-29T19:15:00,8.380,120.400,0.000
2026-09-29T19:30:00,8.350,128.200,0.000
2026-09-29T19:45:00,8.320,120.000,0.000
2026-09-29T20:00:00,8.280,131.800,0.000
2026-09-29T20:15:00,8.250,119.500,0.000
2026-09-29T20:30:00,8.220,126.700,0.000
2026-09-29T20:45:00,8.190,118.700,0.000
2026-09-29T21:00:00,8.160,112.100,0.000
2026-09-29T21:15:00,8.120,114.100,0.000
2026-09-29T21:30:00,8.100,113.500,0.000
2026-09-29T21:45:00,8.070,121.200,0.000
2026-09-29T22:00:00,8.040,115.400,0.000
2026-09-29T22:15:00,8.020,112.200,0.000
2026-09-29T22:30:00,7.980,115.400,0.000
2026-09-29T22:45:00,7.960,109.300,0.000
2026-09-29T23:00:00,7.940,111.000,0.000
2026-09-29T23:15:00,7.920,116.300,0.000
2026-09-29T23:30:00,7.890,116.000,0.000
2026-09-29T23:45:00,7.870,114.900,0.000
2026-09-30T00:00:00,7.830,115.800,0.000
2026-09-30T00:15:00,7.820,109.000,0.000
2026-09-30T00:30:00,7.800,108.500,0.000
2026-09-30T00:45:00,7.770,107.600,0.000
2026-09-30T01:00:00,7.750,107.900,0.000
2026-09-30T01:15:00,7.730,110.800,0.000
2026-09-30T01:30:00,7.710,105.800,0.000
2026-09-30T01:45:00,7.690,103.600,0.000
2026-09-30T02:00:00,7.670,114.900,0.000
2026-09-30T02:15:00,7.650,103.900,0.000
2026-09-30T02:30:00,7.630,108.900,0.000
2026-09-30T02:45:00,7.610,111.100,0.000
2026-09-30T03:00:00,7.600,108.000,0.000
2026-09-30T03:15:00,7.580,108.800,0.000
2026-09-30T03:30:00,7.560,104.400,0.000
2026-09-30T03:45:00,7.540,109.200,0.000
2026-09-30T04:00:00,7.530,102.300,0.000
2026-09-30T04:15:00,7.510,107.400,0.000
2026-09-30T04:30:00,7.490,111.900,0.000
2026-09-30T04:45:00,7.480,108.100,0.000
2026-09-30T05:00:00,7.460,100.100,0.000
2026-09-30T05:15:00,7.440,102.800,0.000
2026-09-30T05:30:00,7.430,102.500,0.000
2026-09-30T05:45:00,7.420,101.800,0.000
2026-09-30T06:00:00,7.400,105.500,0.000
2026-09-30T06:15:00,7.380,101.200,0.000
2026-09-30T06:30:00,7.370,105.200,0.000
2026-09-30T06:45:00,7.360,103.200,0.000
2026-09-30T07:00:00,7.350,109.000,0.000
2026-09-30T07:15:00,7.330,99.300,0.000
2026-09-30T07:30:00,7.310,94.100,0.000
2026-09-30T07:45:00,7.290,96.100,0.000
2026-09-30T08:00:00,7.270,95.800,0.000
2026-09-30T08:15:00,7.230,95.500,0.000
2026-09-30T08:30:00,7.190,99.900,0.000
2026-09-30T08:45:00,7.160,86.000,0.000
2026-09-30T09:00:00,7.120,95.700,0.000
2026-09-30T09:15:00,7.090,88.700,0.000
2026-09-30T09:30:00,7.050,82.800,0.000
2026-09-30T09:45:00,7.020,85.900,0.000
2026-09-30T10:00:00,7.000,83.000,0.000
2026-09-30T10:15:00,6.970,84.200,0.000
2026-09-30T10:30:00,6.940,84.200,0.000
2026-09-30T10:45:00,6.930,78.400,0.000
2026-09-30T11:00:00,6.900,77.900,0.000
2026-09-30T11:15:00,6.880,79.300,0.000
2026-09-30T11:30:00,6.860,77.200,0.000
2026-09-30T11:45:00,6.840,76.700,0.000
2026-09-30T12:00:00,6.810,80.200,0.000
2026-09-30T12:15:00,6.790,75.400,0.000
2026-09-30T12:30:00,6.780,81.500,0.000
2026-09-30T12:45:00,6.760,76.500,0.000
2026-09-30T13:00:00,6.750,74.200,0.000
2026-09-30T13:15:00,6.730,77.300,0.000
2026-09-30T13:30:00,6.710,80.700,0.000
2026-09-30T13:45:00,6.700,73.900,0.000
2026-09-30T14:00:00,6.680,77.400,0.000
2026-09-30T14:15:00,6.670,72.700,0.000
2026-09-30T14:30:00,6.650,76.000,0.000
2026-09-30T14:45:00,6.640,73.300,0.000
2026-09-30T15:00:00,6.630,77.200,0.000
2026-09-30T15:15:00,6.620,70.100,0.000
2026-09-30T15:30:00,6.600,73.400,0.000
2026-09-30T15:45:00,6.590,69.700,0.000
2026-09-30T16:00:00,6.570,72.800,0.000
2026-09-30T16:15:00,6.570,73.300,0.000
2026-09-30T16:30:00,6.550,68.900,0.000
2026-09-30T16:45:00,6.540,68.800,0.000
2026-09-30T17:00:00,6.530,67.200,0.000
2026-09-30T17:15:00,6.520,69.800,0.000
2026-09-30T17:30:00,6.510,66.500,0.000
2026-09-30T17:45:00,6.490,69.500,0.000
2026-09-30T18:00:00,6.470,68.400,0.000
2026-09-30T18:15:00,6.470,69.600,0.000
2026-09-30T18:30:00,6.450,68.700,0.000
2026-09-30T18:45:00,6.450,69.400,0.000
2026-09-30T19:00:00,6.430,65.200,0.000
2026-09-30T19:15:00,6.420,67.400,0.000
2026-09-30T19:30:00,6.420,74.600,0.000
2026-09-30T19:45:00,6.410,71.100,0.000
2026-09-30T20:00:00,6.400,72.400,0.000
2026-09-30T20:15:00,6.400,70.700,0.000
2026-09-30T20:30:00,6.380,69.300,0.000
2026-09-30T20:45:00,6.370,71.000,0.000
2026-09-30T21:00:00,6.360,69.100,0.000
2026-09-30T21:15:00,6.350,69.500,0.000
2026-09-30T21:30:00,6.340,66.700,0.000
2026-09-30T21:45:00,6.340,72.600,0.000
2026-09-30T22:00:00,6.330,70.400,0.000
2026-09-30T22:15:00,6.320,71.600,0.000
2026-09-30T22:30:00,6.310,70.800,0.000
2026-09-30T22:45:00,6.310,71.900,0.000
2026-09-30T23:00:00,6.300,68.300,0.000
2026-09-30T23:15:00,6.280,70.000,0.000
2026-09-30T23:30:00,6.280,70.300,0.000
2026-09-30T23:45:00,6.270,68.100,0.000
