datetime,level_msl_m,q_cms,rain_mm
2026-06-07T23:45:00,3.950,41.60,0.000
2026-06-07T23:30:00,3.960,42.10,0.000
2026-06-07T23:15:00,3.970,48.90,0.000
2026-06-07T23:00:00,3.970,50.00,0.000
2026-06-07T22:45:00,3.980,43.10,0.000
2026-06-07T22:30:00,3.990,40.20,0.000
2026-06-07T22:15:00,3.990,46.20,0.000
2026-06-07T22:00:00,3.990,38.40,0.000
2026-06-07T21:45:00,4.000,50.80,0.000
2026-06-07T21:30:00,4.000,40.80,0.000
2026-06-07T21:15:00,4.000,47.70,0.000
2026-06-07T21:00:00,4.000,45.70,0.000
2026-06-07T20:45:00,4.010,48.70,0.000
2026-06-07T20:30:00,4.010,47.50,0.000
2026-06-07T20:15:00,4.010,48.90,0.000
2026-06-07T20:00:00,4.010,43.50,0.000
2026-06-07T19:45:00,4.020,46.60,0.000
2026-06-07T19:30:00,4.020,47.40,0.000
2026-06-07T19:15:00,4.020,46.10,0.000
2026-06-07T19:00:00,4.020,47.10,0.000
2026-06-07T18:45:00,4.020,43.20,0.000
2026-06-07T18:30:00,4.030,44.90,0.000
2026-06-07T18:15:00,4.030,45.90,0.000
2026-06-07T18:00:00,4.030,45.30,0.000
2026-06-07T17:45:00,4.030,44.10,0.000
2026-06-07T17:30:00,4.030,43.60,0.000
2026-06-07T17:15:00,4.030,43.20,0.000
2026-06-07T17:00:00,4.040,39.30,0.000
2026-06-07T16:45:00,4.040,40.30,0.000
2026-06-07T16:30:00,4.040,40.70,0.000
2026-06-07T16:15:00,4.040,47.80,0.000
2026-06-07T16:00:00,4.040,41.00,0.000
2026-06-07T15:45:00,4.040,38.80,0.000
2026-06-07T15:30:00,4.040,49.30,0.000
2026-06-07T15:15:00,4.050,46.40,0.000
2026-06-07T15:00:00,4.050,45.30,0.000
2026-06-07T14:45:00,4.050,48.70,0.000
2026-06-07T14:30:00,4.050,38.90,0.000
2026-06-07T14:15:00,4.060,41.40,0.000
2026-06-07T14:00:00,4.060,45.30,0.000
2026-06-07T13:45:00,4.070,46.10,0.000
2026-06-07T13:30:00,4.070,48.50,0.000
2026-06-07T13:15:00,4.080,42.80,0.000
2026-06-07T13:00:00,4.080,41.60,0.000
2026-06-07T12:45:00,4.090,37.10,0.000
2026-06-07T12:30:00,4.100,38.20,0.000
2026-06-07T12:15:00,4.100,39.10,0.000
2026-06-07T12:00:00,4.110,42.60,0.000
2026-06-07T11:45:00,4.120,50.80,0.000
2026-06-07T11:30:00,4.130,62.20,0.000
2026-06-07T11:15:00,4.140,73.30,0.000
2026-06-07T11:00:00,4.150,70.50,0.500
2026-06-07T10:45:00,4.160,73.80,0.000
2026-06-07T10:30:00,4.160,70.20,1.000
2026-06-07T10:15:00,4.160,43.70,6.000
2026-06-07T10:00:00,4.180,43.10,0.000
2026-06-07T09:45:00,4.200,53.50,0.000
2026-06-07T09:30:00,4.210,37.70,0.000
2026-06-07T09:15:00,4.220,42.10,0.000
2026-06-07T09:00:00,4.220,42.80,0.000
2026-06-07T08:45:00,4.230,0.00,0.000
2026-06-07T08:30:00,4.240,0.00,0.000
2026-06-07T08:15:00,4.250,0.00,0.000
2026-06-07T08:00:00,4.260,33.00,0.000
2026-06-07T07:45:00,4.260,0.00,0.000
2026-06-07T07:30:00,4.270,0.00,0.000
2026-06-07T07:15:00,4.270,0.00,0.000
2026-06-07T07:00:00,4.270,60.50,0.000
2026-06-07T06:45:00,4.280,0.00,0.000
2026-06-07T06:30:00,4.280,0.00,0.000
2026-06-07T06:15:00,4.290,0.00,0.000
2026-06-07T06:00:00,4.290,0.00,0.000
2026-06-07T05:45:00,4.300,0.00,0.000
2026-06-07T05:30:00,4.300,0.00,0.000
2026-06-07T05:15:00,4.300,0.00,0.000
2026-06-07T05:00:00,4.310,0.00,0.000
2026-06-07T04:45:00,4.310,0.00,0.000
2026-06-07T04:30:00,4.310,0.00,0.000
2026-06-07T04:15:00,4.310,0.00,0.000
2026-06-07T04:00:00,4.320,0.00,0.000
2026-06-07T03:45:00,4.320,0.00,0.000
2026-06-07T03:30:00,4.320,0.00,0.000
2026-06-07T03:15:00,4.330,0.00,0.000
2026-06-07T03:00:00,4.330,0.00,0.000
2026-06-07T02:45:00,4.330,0.00,0.000
2026-06-07T02:30:00,4.340,0.00,0.000
2026-06-07T02:15:00,4.340,0.00,0.000
2026-06-07T02:00:00,4.340,0.00,0.000
2026-06-07T01:45:00,4.350,0.00,0.000
2026-06-07T01:30:00,4.350,0.00,0.000
2026-06-07T01:15:00,4.350,43.00,0.000
2026-06-07T01:00:00,4.350,45.10,0.000
2026-06-07T00:45:00,4.350,0.00,0.000
2026-06-07T00:30:00,4.360,0.00,0.000
2026-06-07T00:15:00,4.360,0.00,0.000
2026-06-07T00:00:00,4.360,0.00,0.000
2026-06-06T23:45:00,4.360,0.00,0.000
2026-06-06T23:30:00,4.360,50.40,0.000
2026-06-06T23:15:00,4.370,402.40,0.000
2026-06-06T23:00:00,4.370,36.80,0.000
2026-06-06T22:45:00,4.370,45.40,0.000
2026-06-06T22:30:00,4.370,49.60,0.000
2026-06-06T22:15:00,4.370,49.60,0.000
2026-06-06T22:00:00,4.370,42.10,0.000
2026-06-06T21:45:00,4.370,54.00,0.000
2026-06-06T21:30:00,4.370,43.40,0.000
2026-06-06T21:15:00,4.360,44.40,0.000
2026-06-06T21:00:00,4.360,40.50,0.000
2026-06-06T20:45:00,4.360,0.00,0.000
2026-06-06T20:30:00,4.350,0.00,0.000
2026-06-06T20:15:00,4.350,0.00,0.000
2026-06-06T20:00:00,4.340,0.00,0.000
2026-06-06T19:45:00,4.340,0.00,0.000
2026-06-06T19:30:00,4.330,103.80,0.000
2026-06-06T19:15:00,4.330,58.80,0.000
2026-06-06T19:00:00,4.320,48.00,0.000
2026-06-06T18:45:00,4.310,54.60,0.000
2026-06-06T18:30:00,4.310,52.60,0.000
2026-06-06T18:15:00,4.300,51.90,0.000
2026-06-06T18:00:00,4.300,38.60,0.000
2026-06-06T17:45:00,4.300,52.30,0.000
2026-06-06T17:30:00,4.280,58.20,0.000
2026-06-06T17:15:00,4.280,45.90,0.000
2026-06-06T17:00:00,4.270,40.40,0.000
2026-06-06T16:45:00,4.270,56.80,0.000
2026-06-06T16:30:00,4.260,49.70,0.000
2026-06-06T16:15:00,4.250,62.60,0.000
2026-06-06T16:00:00,4.250,66.30,0.000
2026-06-06T15:45:00,4.240,62.70,0.000
2026-06-06T15:30:00,4.230,67.10,0.000
2026-06-06T15:15:00,4.230,54.90,0.000
2026-06-06T15:00:00,4.220,67.10,0.000
2026-06-06T14:45:00,4.220,66.60,0.000
2026-06-06T14:30:00,4.210,64.20,0.000
2026-06-06T14:15:00,4.200,67.30,0.000
2026-06-06T14:00:00,4.200,75.30,0.000
2026-06-06T13:45:00,4.190,70.60,0.000
2026-06-06T13:30:00,4.180,65.20,0.000
2026-06-06T13:15:00,4.180,60.90,0.000
2026-06-06T13:00:00,4.180,63.20,0.000
2026-06-06T12:45:00,4.170,58.90,0.000
2026-06-06T12:30:00,4.170,0.00,0.000
2026-06-06T12:15:00,4.170,0.00,0.000
2026-06-06T12:00:00,4.170,0.00,0.000
2026-06-06T11:45:00,4.160,0.00,0.000
2026-06-06T11:30:00,4.170,0.00,0.000
2026-06-06T11:15:00,4.170,0.00,0.000
2026-06-06T11:00:00,4.170,0.00,0.000
2026-06-06T10:45:00,4.170,0.00,0.000
2026-06-06T10:30:00,4.170,0.00,0.000
2026-06-06T10:15:00,4.170,0.00,0.000
2026-06-06T10:00:00,4.170,0.00,0.000
2026-06-06T09:45:00,4.170,0.00,0.000
2026-06-06T09:30:00,4.180,0.00,0.000
2026-06-06T09:15:00,4.180,0.00,0.000
2026-06-06T09:00:00,4.180,0.00,0.000
2026-06-06T08:45:00,4.180,0.00,0.000
2026-06-06T08:30:00,4.180,0.00,0.000
2026-06-06T08:15:00,4.180,0.00,0.000
2026-06-06T08:00:00,4.180,0.00,0.000
2026-06-06T07:45:00,4.190,0.00,0.000
2026-06-06T07:30:00,4.190,0.00,0.000
2026-06-06T07:15:00,4.190,0.00,0.000
2026-06-06T07:00:00,4.190,0.00,0.000
2026-06-06T06:45:00,4.190,0.00,0.000
2026-06-06T06:30:00,4.190,0.00,0.000
2026-06-06T06:15:00,4.190,0.00,0.000
2026-06-06T06:00:00,4.190,0.00,0.000
2026-06-06T05:45:00,4.190,0.00,0.000
2026-06-06T05:30:00,4.190,0.00,0.000
2026-06-06T05:15:00,4.200,0.00,0.000
2026-06-06T05:00:00,4.200,0.00,0.000
2026-06-06T04:45:00,4.200,0.00,0.000
2026-06-06T04:30:00,4.200,0.00,0.000
2026-06-06T04:15:00,4.190,0.00,0.000
2026-06-06T04:00:00,4.190,0.00,0.000
2026-06-06T03:45:00,4.190,0.00,0.000
2026-06-06T03:30:00,4.190,63.00,0.000
2026-06-06T03:15:00,4.190,0.00,0.000
2026-06-06T03:00:00,4.190,0.00,0.000
2026-06-06T02:45:00,4.190,0.00,0.000
2026-06-06T02:30:00,4.190,0.00,0.000
2026-06-06T02:15:00,4.190,0.00,0.000
2026-06-06T02:00:00,4.190,0.00,0.000
2026-06-06T01:45:00,4.190,0.00,0.000
2026-06-06T01:30:00,4.190,0.00,0.000
2026-06-06T01:15:00,4.180,0.00,0.000
2026-06-06T01:00:00,4.180,0.00,0.000
2026-06-06T00:45:00,4.180,0.00,0.000
2026-06-06T00:30:00,4.180,0.00,0.000
2026-06-06T00:15:00,4.170,0.00,0.000
2026-06-06T00:00:00,4.170,0.00,0.000
2026-06-05T23:45:00,4.170,0.00,0.000
2026-06-05T23:30:00,4.170,0.00,0.000
2026-06-05T23:15:00,4.170,0.00,0.000
2026-06-05T23:00:00,4.170,0.00,0.000
2026-06-05T22:45:00,4.160,0.00,0.000
2026-06-05T22:30:00,4.160,0.00,0.000
2026-06-05T22:15:00,4.160,0.00,0.000
2026-06-05T22:00:00,4.160,0.00,0.000
2026-06-05T21:45:00,4.150,46.90,0.000
2026-06-05T21:30:00,4.150,0.00,0.000
2026-06-05T21:15:00,4.150,0.00,0.000
2026-06-05T21:00:00,4.140,0.00,0.000
2026-06-05T20:45:00,4.140,0.00,0.000
2026-06-05T20:30:00,4.140,0.00,0.000
2026-06-05T20:15:00,4.140,0.00,0.000
2026-06-05T20:00:00,4.130,0.00,0.000
2026-06-05T19:45:00,4.130,0.00,0.000
2026-06-05T19:30:00,4.130,0.00,0.000
2026-06-05T19:15:00,4.120,0.00,0.000
2026-06-05T19:00:00,4.120,0.00,0.000
2026-06-05T18:45:00,4.120,0.00,0.000
2026-06-05T18:30:00,4.110,0.00,0.000
2026-06-05T18:15:00,4.110,0.00,0.000
2026-06-05T18:00:00,4.110,0.00,0.000
2026-06-05T17:45:00,4.110,0.00,0.000
2026-06-05T17:30:00,4.100,0.00,0.000
2026-06-05T17:15:00,4.100,0.00,0.000
2026-06-05T17:00:00,4.100,0.00,0.000
2026-06-05T16:45:00,4.090,0.00,0.000
2026-06-05T16:30:00,4.090,0.00,0.000
2026-06-05T16:15:00,4.080,0.00,0.000
2026-06-05T16:00:00,4.080,0.00,0.000
2026-06-05T15:45:00,4.080,0.00,0.000
2026-06-05T15:30:00,4.080,0.00,0.000
2026-06-05T15:15:00,4.070,0.00,0.000
2026-06-05T15:00:00,4.070,0.00,0.000
2026-06-05T14:45:00,4.060,0.00,0.000
2026-06-05T14:30:00,4.060,0.00,0.000
2026-06-05T14:15:00,4.060,0.00,0.000
2026-06-05T14:00:00,4.060,0.00,0.000
2026-06-05T13:45:00,4.060,0.00,0.000
2026-06-05T13:30:00,4.060,34.30,0.000
2026-06-05T13:15:00,4.060,31.70,0.000
2026-06-05T13:00:00,4.050,31.70,0.000
2026-06-05T12:45:00,4.050,50.20,0.000
2026-06-05T12:30:00,4.050,0.00,0.000
2026-06-05T12:15:00,4.050,0.00,0.000
2026-06-05T12:00:00,4.040,0.00,0.500
2026-06-05T11:45:00,4.040,0.00,0.000
2026-06-05T11:30:00,4.050,0.00,0.000
2026-06-05T11:15:00,4.040,0.00,0.000
2026-06-05T11:00:00,4.040,0.00,0.000
2026-06-05T10:45:00,4.040,0.00,0.000
2026-06-05T10:30:00,4.040,0.00,0.000
2026-06-05T10:15:00,4.040,0.00,0.000
2026-06-05T10:00:00,4.040,0.00,0.000
2026-06-05T09:45:00,4.040,0.00,0.000
2026-06-05T09:30:00,4.040,0.00,0.000
2026-06-05T09:15:00,4.040,0.00,0.000
2026-06-05T09:00:00,4.030,0.00,0.000
2026-06-05T08:45:00,4.030,0.00,0.000
2026-06-05T08:30:00,4.030,0.00,0.000
2026-06-05T08:15:00,4.040,0.00,0.000
2026-06-05T08:00:00,4.030,0.00,0.000
2026-06-05T07:45:00,4.040,0.00,0.000
2026-06-05T07:30:00,4.030,0.00,0.000
2026-06-05T07:15:00,4.040,0.00,0.000
2026-06-05T07:00:00,4.040,0.00,0.000
2026-06-05T06:45:00,4.040,0.00,0.000
2026-06-05T06:30:00,4.040,0.00,0.000
2026-06-05T06:15:00,4.040,34.80,0.000
2026-06-05T06:00:00,4.040,54.50,0.000
2026-06-05T05:45:00,4.040,0.00,0.000
2026-06-05T05:30:00,4.030,0.00,0.000
2026-06-05T05:15:00,4.040,0.00,0.000
2026-06-05T05:00:00,4.030,0.00,0.000
2026-06-05T04:45:00,4.030,0.00,0.000
2026-06-05T04:30:00,4.020,0.00,0.000
2026-06-05T04:15:00,4.010,42.70,0.000
2026-06-05T04:00:00,4.000,48.20,0.000
2026-06-05T03:45:00,4.000,46.40,0.000
2026-06-05T03:30:00,3.990,48.30,0.000
2026-06-05T03:15:00,3.990,46.60,0.000
2026-06-05T03:00:00,3.980,44.40,0.000
2026-06-05T02:45:00,3.970,51.50,0.000
2026-06-05T02:30:00,3.970,46.30,1.000
2026-06-05T02:15:00,3.970,57.10,0.000
2026-06-05T02:00:00,3.960,61.20,0.000
2026-06-05T01:45:00,3.960,0.00,0.000
2026-06-05T01:30:00,3.960,0.00,0.000
2026-06-05T01:15:00,3.950,0.00,0.000
2026-06-05T01:00:00,3.950,0.00,0.000
2026-06-05T00:45:00,3.950,0.00,0.000
2026-06-05T00:30:00,3.940,0.00,0.000
2026-06-05T00:15:00,3.940,0.00,0.000
2026-06-05T00:00:00,3.940,0.00,0.000
2026-06-04T23:45:00,3.940,0.00,0.000
2026-06-04T23:30:00,3.930,0.00,0.000
2026-06-04T23:15:00,3.930,0.00,0.000
2026-06-04T23:00:00,3.930,0.00,0.000
2026-06-04T22:45:00,3.930,0.00,0.000
2026-06-04T22:30:00,3.930,0.00,0.000
2026-06-04T22:15:00,3.930,0.00,0.000
2026-06-04T22:00:00,3.930,0.00,0.000
2026-06-04T21:45:00,3.920,0.00,0.000
2026-06-04T21:30:00,3.920,0.00,0.000
2026-06-04T21:15:00,3.920,0.00,0.000
2026-06-04T21:00:00,3.920,0.00,0.000
2026-06-04T20:45:00,3.920,0.00,0.000
2026-06-04T20:30:00,3.920,0.00,0.000
2026-06-04T20:15:00,3.920,0.00,0.000
2026-06-04T20:00:00,3.920,0.00,0.000
2026-06-04T19:45:00,3.920,0.00,0.000
2026-06-04T19:30:00,3.920,86.60,0.000
2026-06-04T19:15:00,3.920,0.00,0.000
2026-06-04T19:00:00,3.920,0.00,0.000
2026-06-04T18:45:00,3.920,0.00,0.000
2026-06-04T18:30:00,3.920,0.00,0.000
2026-06-04T18:15:00,3.920,0.00,0.000
2026-06-04T18:00:00,3.920,0.00,0.000
2026-06-04T17:45:00,3.920,0.00,0.000
2026-06-04T17:30:00,3.920,0.00,0.000
2026-06-04T17:15:00,3.920,0.00,0.000
2026-06-04T17:00:00,3.920,0.00,0.000
2026-06-04T16:45:00,3.930,0.00,0.000
2026-06-04T16:30:00,3.930,0.00,0.000
2026-06-04T16:15:00,3.930,39.40,0.000
2026-06-04T16:00:00,3.930,0.00,0.000
2026-06-04T15:45:00,3.930,0.00,0.000
2026-06-04T15:30:00,3.940,0.00,0.000
2026-06-04T15:15:00,3.940,0.00,0.000
2026-06-04T15:00:00,3.940,0.00,0.000
2026-06-04T14:45:00,3.940,0.00,0.000
2026-06-04T14:30:00,3.950,0.00,0.000
2026-06-04T14:15:00,3.950,0.00,0.000
2026-06-04T14:00:00,3.950,0.00,0.000
2026-06-04T13:45:00,3.960,0.00,0.000
2026-06-04T13:30:00,3.960,0.00,0.000
2026-06-04T13:15:00,3.960,42.40,0.000
2026-06-04T13:00:00,3.970,44.50,0.000
2026-06-04T12:45:00,3.970,46.30,0.000
2026-06-04T12:30:00,3.960,46.30,0.000
2026-06-04T12:15:00,3.970,50.30,0.000
2026-06-04T12:00:00,3.970,55.70,0.000
2026-06-04T11:45:00,3.980,56.80,1.000
2026-06-04T11:30:00,3.970,0.00,8.500
2026-06-04T11:15:00,3.980,0.00,1.500
2026-06-04T11:00:00,3.980,0.00,0.000
2026-06-04T10:45:00,3.980,0.00,0.000
2026-06-04T10:30:00,3.990,0.00,0.000
2026-06-04T10:15:00,3.990,41.60,0.000
2026-06-04T10:00:00,3.990,43.20,0.000
2026-06-04T09:45:00,3.990,47.10,0.000
2026-06-04T09:30:00,4.000,0.00,0.000
2026-06-04T09:15:00,4.000,0.00,0.500
2026-06-04T09:00:00,4.000,0.00,0.000
2026-06-04T08:45:00,4.000,0.00,1.500
2026-06-04T08:30:00,4.010,0.00,0.000
2026-06-04T08:15:00,4.010,0.00,0.000
2026-06-04T08:00:00,4.010,0.00,0.000
2026-06-04T07:45:00,4.020,0.00,0.000
2026-06-04T07:30:00,4.020,0.00,0.000
2026-06-04T07:15:00,4.020,0.00,0.000
2026-06-04T07:00:00,4.030,0.00,0.000
2026-06-04T06:45:00,4.030,0.00,0.000
2026-06-04T06:30:00,4.030,0.00,0.000
2026-06-04T06:15:00,4.030,0.00,0.000
2026-06-04T06:00:00,4.040,0.00,0.000
2026-06-04T05:45:00,4.040,0.00,0.000
2026-06-04T05:30:00,4.040,0.00,0.000
2026-06-04T05:15:00,4.050,0.00,0.000
2026-06-04T05:00:00,4.050,0.00,0.000
2026-06-04T04:45:00,4.050,0.00,0.000
2026-06-04T04:30:00,4.060,0.00,0.000
2026-06-04T04:15:00,4.060,0.00,0.000
2026-06-04T04:00:00,4.060,0.00,0.000
2026-06-04T03:45:00,4.060,0.00,0.000
2026-06-04T03:30:00,4.060,0.00,0.000
2026-06-04T03:15:00,4.070,0.00,0.000
2026-06-04T03:00:00,4.070,0.00,0.000
2026-06-04T02:45:00,4.080,0.00,0.000
2026-06-04T02:30:00,4.080,0.00,0.000
2026-06-04T02:15:00,4.080,0.00,0.000
2026-06-04T02:00:00,4.080,0.00,0.000
2026-06-04T01:45:00,4.090,0.00,0.000
2026-06-04T01:30:00,4.090,0.00,0.000
2026-06-04T01:15:00,4.090,0.00,0.000
2026-06-04T01:00:00,4.090,0.00,0.000
2026-06-04T00:45:00,4.090,0.00,0.000
2026-06-04T00:30:00,4.090,69.20,0.000
2026-06-04T00:15:00,4.100,197.20,0.000
2026-06-04T00:00:00,4.100,135.10,0.000
2026-06-03T23:45:00,4.100,93.10,0.000
2026-06-03T23:30:00,4.100,0.00,0.000
2026-06-03T23:15:00,4.100,0.00,0.000
2026-06-03T23:00:00,4.100,0.00,0.000
2026-06-03T22:45:00,4.100,0.00,0.000
2026-06-03T22:30:00,4.090,0.00,0.000
2026-06-03T22:15:00,4.090,0.00,0.000
2026-06-03T22:00:00,4.090,0.00,0.000
2026-06-03T21:45:00,4.080,0.00,0.000
2026-06-03T21:30:00,4.070,0.00,0.000
2026-06-03T21:15:00,4.070,72.10,0.000
2026-06-03T21:00:00,4.070,52.20,0.000
2026-06-03T20:45:00,4.060,55.80,0.000
2026-06-03T20:30:00,4.050,54.90,0.000
2026-06-03T20:15:00,4.050,58.50,0.000
2026-06-03T20:00:00,4.040,0.00,0.000
2026-06-03T19:45:00,4.040,0.00,7.000
2026-06-03T19:30:00,4.030,0.00,1.000
2026-06-03T19:15:00,4.030,56.60,0.000
2026-06-03T19:00:00,4.020,51.60,0.000
2026-06-03T18:45:00,4.020,0.00,0.000
2026-06-03T18:30:00,4.010,0.00,0.000
2026-06-03T18:15:00,4.000,0.00,0.000
2026-06-03T18:00:00,4.000,31.30,0.000
2026-06-03T17:45:00,4.000,31.30,0.000
2026-06-03T17:30:00,3.990,31.30,0.000
2026-06-03T17:15:00,3.990,31.20,0.000
2026-06-03T17:00:00,3.980,32.00,0.000
2026-06-03T16:45:00,3.970,31.60,0.000
2026-06-03T16:30:00,3.970,36.60,0.000
2026-06-03T16:15:00,3.960,31.00,0.000
2026-06-03T16:00:00,3.960,31.00,0.000
2026-06-03T15:45:00,3.950,30.90,0.000
2026-06-03T15:30:00,3.940,0.00,0.000
2026-06-03T15:15:00,3.930,0.00,0.000
2026-06-03T15:00:00,3.930,0.00,0.000
2026-06-03T14:45:00,3.920,0.00,0.000
2026-06-03T14:30:00,3.910,0.00,0.000
2026-06-03T14:15:00,3.910,0.00,0.000
2026-06-03T14:00:00,3.900,0.00,0.000
2026-06-03T13:45:00,3.890,0.00,0.000
2026-06-03T13:30:00,3.880,0.00,0.000
2026-06-03T13:15:00,3.880,0.00,0.000
2026-06-03T13:00:00,3.870,0.00,0.000
2026-06-03T12:45:00,3.870,0.00,0.000
2026-06-03T12:30:00,3.860,0.00,0.000
2026-06-03T12:15:00,3.860,0.00,0.000
2026-06-03T12:00:00,3.850,0.00,0.000
2026-06-03T11:45:00,3.850,0.00,0.000
2026-06-03T11:30:00,3.850,0.00,0.000
2026-06-03T11:15:00,3.850,0.00,0.000
2026-06-03T11:00:00,3.850,0.00,0.000
2026-06-03T10:45:00,3.840,0.00,0.000
2026-06-03T10:30:00,3.840,0.00,0.000
2026-06-03T10:15:00,3.840,0.00,0.000
2026-06-03T10:00:00,3.830,0.00,0.000
2026-06-03T09:45:00,3.830,0.00,0.000
2026-06-03T09:30:00,3.830,0.00,0.000
2026-06-03T09:15:00,3.820,0.00,0.000
2026-06-03T09:00:00,3.820,0.00,0.000
2026-06-03T08:45:00,3.820,0.00,0.000
2026-06-03T08:30:00,3.810,0.00,0.000
2026-06-03T08:15:00,3.800,0.00,0.000
2026-06-03T08:00:00,3.800,0.00,0.000
2026-06-03T07:45:00,3.790,0.00,0.000
2026-06-03T07:30:00,3.790,0.00,0.000
2026-06-03T07:15:00,3.780,0.00,0.000
2026-06-03T07:00:00,3.770,0.00,0.000
2026-06-03T06:45:00,3.770,0.00,0.000
2026-06-03T06:30:00,3.760,0.00,0.000
2026-06-03T06:15:00,3.750,0.00,0.000
2026-06-03T06:00:00,3.740,0.00,0.000
2026-06-03T05:45:00,3.740,0.00,0.000
2026-06-03T05:30:00,3.730,0.00,0.000
2026-06-03T05:15:00,3.720,0.00,0.000
2026-06-03T05:00:00,3.710,0.00,0.000
2026-06-03T04:45:00,3.700,0.00,0.000
2026-06-03T04:30:00,3.690,0.00,0.000
2026-06-03T04:15:00,3.680,0.00,0.000
2026-06-03T04:00:00,3.660,0.00,0.000
2026-06-03T03:45:00,3.660,0.00,0.000
2026-06-03T03:30:00,3.650,0.00,0.000
2026-06-03T03:15:00,3.630,0.00,0.000
2026-06-03T03:00:00,3.630,0.00,0.000
2026-06-03T02:45:00,3.620,0.00,0.000
2026-06-03T02:30:00,3.610,0.00,0.000
2026-06-03T02:15:00,3.610,0.00,0.000
2026-06-03T02:00:00,3.610,0.00,0.000
2026-06-03T01:45:00,3.600,0.00,0.000
2026-06-03T01:30:00,3.600,0.00,0.000
2026-06-03T01:15:00,3.590,0.00,0.000
2026-06-03T01:00:00,3.600,29.60,0.000
2026-06-03T00:45:00,3.590,32.60,0.000
2026-06-03T00:30:00,3.590,36.20,0.000
2026-06-03T00:15:00,3.590,34.80,0.000
2026-06-03T00:00:00,3.590,37.60,0.500
2026-06-02T23:45:00,3.590,36.60,0.000
2026-06-02T23:30:00,3.590,36.80,0.500
2026-06-02T23:15:00,3.590,35.80,0.000
2026-06-02T23:00:00,3.590,35.20,0.000
2026-06-02T22:45:00,3.590,44.60,1.000
2026-06-02T22:30:00,3.590,49.20,8.500
2026-06-02T22:15:00,3.590,38.10,3.000
2026-06-02T22:00:00,3.590,38.30,0.000
2026-06-02T21:45:00,3.590,40.60,0.000
2026-06-02T21:30:00,3.590,0.00,0.000
2026-06-02T21:15:00,3.590,0.00,0.000
2026-06-02T21:00:00,3.590,0.00,0.000
2026-06-02T20:45:00,3.590,0.00,0.000
2026-06-02T20:30:00,3.590,0.00,0.000
2026-06-02T20:15:00,3.600,0.00,0.000
2026-06-02T20:00:00,3.600,0.00,0.000
2026-06-02T19:45:00,3.600,0.00,0.000
2026-06-02T19:30:00,3.600,0.00,0.000
2026-06-02T19:15:00,3.600,0.00,0.000
2026-06-02T19:00:00,3.600,0.00,0.000
2026-06-02T18:45:00,3.600,0.00,0.000
2026-06-02T18:30:00,3.610,0.00,0.000
2026-06-02T18:15:00,3.610,0.00,0.000
2026-06-02T18:00:00,3.610,0.00,0.000
2026-06-02T17:45:00,3.610,0.00,0.000
2026-06-02T17:30:00,3.610,0.00,0.000
2026-06-02T17:15:00,3.610,0.00,0.000
2026-06-02T17:00:00,3.610,0.00,0.000
2026-06-02T16:45:00,3.620,0.00,0.000
2026-06-02T16:30:00,3.620,0.00,0.000
2026-06-02T16:15:00,3.620,0.00,0.000
2026-06-02T16:00:00,3.630,0.00,0.000
2026-06-02T15:45:00,3.630,0.00,0.000
2026-06-02T15:30:00,3.630,0.00,0.000
2026-06-02T15:15:00,3.630,0.00,0.000
2026-06-02T15:00:00,3.640,0.00,0.000
2026-06-02T14:45:00,3.640,0.00,0.000
2026-06-02T14:30:00,3.640,0.00,0.000
2026-06-02T14:15:00,3.650,0.00,0.000
2026-06-02T14:00:00,3.650,0.00,0.000
2026-06-02T13:45:00,3.650,0.00,0.000
2026-06-02T13:30:00,3.650,0.00,0.000
2026-06-02T13:15:00,3.660,0.00,0.000
2026-06-02T13:00:00,3.660,0.00,0.000
2026-06-02T12:45:00,3.660,0.00,0.000
2026-06-02T12:30:00,3.660,0.00,0.000
2026-06-02T12:15:00,3.670,0.00,0.000
2026-06-02T12:00:00,3.670,0.00,0.000
2026-06-02T11:45:00,3.680,0.00,0.000
2026-06-02T11:30:00,3.680,0.00,0.000
2026-06-02T11:15:00,3.680,0.00,0.000
2026-06-02T11:00:00,3.690,0.00,0.500
2026-06-02T10:45:00,3.690,0.00,0.000
2026-06-02T10:30:00,3.690,0.00,0.000
2026-06-02T10:15:00,3.700,0.00,0.000
2026-06-02T10:00:00,3.700,0.00,0.000
2026-06-02T09:45:00,3.710,0.00,0.000
2026-06-02T09:30:00,3.710,0.00,0.000
2026-06-02T09:15:00,3.710,0.00,0.000
2026-06-02T09:00:00,3.720,0.00,0.000
2026-06-02T08:45:00,3.720,0.00,0.000
2026-06-02T08:30:00,3.730,0.00,0.000
2026-06-02T08:15:00,3.740,0.00,0.000
2026-06-02T08:00:00,3.750,0.00,0.000
2026-06-02T07:45:00,3.760,0.00,0.000
2026-06-02T07:30:00,3.770,0.00,0.000
2026-06-02T07:15:00,3.780,0.00,0.000
2026-06-02T07:00:00,3.790,0.00,0.000
2026-06-02T06:45:00,3.800,0.00,0.000
2026-06-02T06:30:00,3.810,0.00,0.000
2026-06-02T06:15:00,3.810,0.00,0.000
2026-06-02T06:00:00,3.830,0.00,0.000
2026-06-02T05:45:00,3.840,0.00,0.000
2026-06-02T05:30:00,3.850,0.00,0.000
2026-06-02T05:15:00,3.860,0.00,0.000
2026-06-02T05:00:00,3.870,0.00,0.000
2026-06-02T04:45:00,3.880,0.00,0.000
2026-06-02T04:30:00,3.880,0.00,0.000
2026-06-02T04:15:00,3.890,0.00,0.000
2026-06-02T04:00:00,3.900,0.00,0.000
2026-06-02T03:45:00,3.900,0.00,0.000
2026-06-02T03:30:00,3.910,0.00,0.000
2026-06-02T03:15:00,3.910,0.00,0.000
2026-06-02T03:00:00,3.920,0.00,0.000
2026-06-02T02:45:00,3.920,0.00,0.000
2026-06-02T02:30:00,3.930,0.00,0.000
2026-06-02T02:15:00,3.940,0.00,0.000
2026-06-02T02:00:00,3.940,0.00,0.000
2026-06-02T01:45:00,3.950,0.00,0.000
2026-06-02T01:30:00,3.960,0.00,0.000
2026-06-02T01:15:00,3.960,0.00,0.000
2026-06-02T01:00:00,3.970,0.00,0.000
2026-06-02T00:45:00,3.970,0.00,0.000
2026-06-02T00:30:00,3.980,0.00,0.000
2026-06-02T00:15:00,3.980,0.00,0.000
2026-06-02T00:00:00,3.990,0.00,0.000
2026-06-01T23:45:00,3.990,0.00,0.000
2026-06-01T23:30:00,4.000,0.00,0.000
2026-06-01T23:15:00,4.000,391.00,0.000
2026-06-01T23:00:00,4.010,237.40,0.000
2026-06-01T22:45:00,4.010,53.60,0.000
2026-06-01T22:30:00,4.010,53.00,0.000
2026-06-01T22:15:00,4.010,53.30,0.000
2026-06-01T22:00:00,4.010,52.30,0.000
2026-06-01T21:45:00,4.010,55.40,0.000
2026-06-01T21:30:00,4.010,57.00,0.500
2026-06-01T21:15:00,4.000,60.70,0.500
2026-06-01T21:00:00,4.010,58.70,0.500
2026-06-01T20:45:00,4.020,0.00,0.500
2026-06-01T20:30:00,4.020,0.00,0.000
2026-06-01T20:15:00,4.000,0.00,0.000
2026-06-01T20:00:00,4.000,0.00,0.000
2026-06-01T19:45:00,3.990,0.00,0.000
2026-06-01T19:30:00,3.990,0.00,0.000
2026-06-01T19:15:00,4.000,0.00,0.000
2026-06-01T19:00:00,4.000,0.00,0.000
2026-06-01T18:45:00,4.000,0.00,0.000
2026-06-01T18:30:00,4.000,31.30,0.000
2026-06-01T18:15:00,4.000,31.30,0.000
2026-06-01T18:00:00,3.990,0.00,0.000
2026-06-01T17:45:00,3.990,0.00,0.000
2026-06-01T17:30:00,4.000,0.00,0.000
2026-06-01T17:15:00,3.990,31.30,0.000
2026-06-01T17:00:00,4.000,0.00,0.000
2026-06-01T16:45:00,4.000,0.00,0.000
2026-06-01T16:30:00,4.000,0.00,0.000
2026-06-01T16:15:00,3.990,0.00,0.000
2026-06-01T16:00:00,4.000,0.00,0.000
2026-06-01T15:45:00,4.000,0.00,0.000
2026-06-01T15:30:00,4.000,0.00,0.000
2026-06-01T15:15:00,4.000,0.00,0.000
2026-06-01T15:00:00,4.000,0.00,0.000
2026-06-01T14:45:00,4.000,0.00,0.000
2026-06-01T14:30:00,4.000,0.00,0.000
2026-06-01T14:15:00,4.000,0.00,0.000
2026-06-01T14:00:00,4.000,0.00,0.000
2026-06-01T13:45:00,4.000,0.00,0.000
2026-06-01T13:30:00,3.990,0.00,0.000
2026-06-01T13:15:00,3.990,0.00,0.000
2026-06-01T13:00:00,4.000,0.00,0.000
2026-06-01T12:45:00,4.000,0.00,0.000
2026-06-01T12:30:00,4.000,0.00,0.000
2026-06-01T12:15:00,4.000,0.00,0.000
2026-06-01T12:00:00,4.010,0.00,0.000
2026-06-01T11:45:00,4.010,0.00,0.000
2026-06-01T11:30:00,4.020,0.00,0.000
2026-06-01T11:15:00,4.020,0.00,0.000
2026-06-01T11:00:00,4.020,0.00,0.000
2026-06-01T10:45:00,4.030,0.00,0.000
2026-06-01T10:30:00,4.040,0.00,0.000
2026-06-01T10:15:00,4.040,0.00,0.000
2026-06-01T10:00:00,4.050,0.00,0.000
2026-06-01T09:45:00,4.050,0.00,0.000
2026-06-01T09:30:00,4.050,0.00,0.000
2026-06-01T09:15:00,4.050,0.00,0.000
2026-06-01T09:00:00,4.050,0.00,0.000
2026-06-01T08:45:00,4.050,0.00,0.000
2026-06-01T08:30:00,4.050,0.00,0.000
2026-06-01T08:15:00,4.050,0.00,0.000
2026-06-01T08:00:00,4.050,0.00,0.000
2026-06-01T07:45:00,4.050,0.00,0.000
2026-06-01T07:30:00,4.040,0.00,0.000
2026-06-01T07:15:00,4.050,0.00,0.000
2026-06-01T07:00:00,4.050,0.00,0.000
2026-06-01T06:45:00,4.050,0.00,0.000
2026-06-01T06:30:00,4.050,0.00,0.000
2026-06-01T06:15:00,4.040,0.00,0.000
2026-06-01T06:00:00,4.040,0.00,0.000
2026-06-01T05:45:00,4.040,0.00,0.000
2026-06-01T05:30:00,4.040,0.00,0.000
2026-06-01T05:15:00,4.040,0.00,0.000
2026-06-01T05:00:00,4.040,0.00,0.000
2026-06-01T04:45:00,4.040,0.00,0.000
2026-06-01T04:30:00,4.040,0.00,0.000
2026-06-01T04:15:00,4.040,0.00,0.000
2026-06-01T04:00:00,4.030,0.00,0.000
2026-06-01T03:45:00,4.030,0.00,0.000
2026-06-01T03:30:00,4.030,0.00,0.000
2026-06-01T03:15:00,4.030,0.00,0.000
2026-06-01T03:00:00,4.030,0.00,0.000
2026-06-01T02:45:00,4.030,0.00,0.000
2026-06-01T02:30:00,4.030,0.00,0.500
2026-06-01T02:15:00,4.030,0.00,0.000
2026-06-01T02:00:00,4.030,0.00,0.000
2026-06-01T01:45:00,4.020,44.60,0.000
2026-06-01T01:30:00,4.020,0.00,0.500
2026-06-01T01:15:00,4.020,0.00,0.000
2026-06-01T01:00:00,4.020,0.00,0.000
2026-06-01T00:45:00,4.020,0.00,0.000
2026-06-01T00:30:00,4.020,0.00,0.000
2026-06-01T00:15:00,4.020,0.00,0.000
2026-06-01T00:00:00,4.010,0.00,0.000
2026-06-14T23:45:00,3.710,0.00,0.000
2026-06-14T23:30:00,3.720,757.80,0.000
2026-06-14T23:15:00,3.720,0.00,0.000
2026-06-14T23:00:00,3.720,0.00,0.000
2026-06-14T22:45:00,3.720,0.00,0.000
2026-06-14T22:30:00,3.730,0.00,0.000
2026-06-14T22:15:00,3.720,0.00,0.000
2026-06-14T22:00:00,3.720,0.00,0.000
2026-06-14T21:45:00,3.720,0.00,0.000
2026-06-14T21:30:00,3.720,0.00,0.000
2026-06-14T21:15:00,3.720,0.00,0.000
2026-06-14T21:00:00,3.720,0.00,0.000
2026-06-14T20:45:00,3.710,0.00,0.000
2026-06-14T20:30:00,3.710,0.00,0.000
2026-06-14T20:15:00,3.710,0.00,0.000
2026-06-14T20:00:00,3.710,0.00,0.000
2026-06-14T19:45:00,3.710,0.00,0.000
2026-06-14T19:30:00,3.700,0.00,0.000
2026-06-14T19:15:00,3.700,0.00,0.000
2026-06-14T19:00:00,3.700,0.00,0.000
2026-06-14T18:45:00,3.690,0.00,0.000
2026-06-14T18:30:00,3.690,0.00,0.000
2026-06-14T18:15:00,3.690,0.00,0.000
2026-06-14T18:00:00,3.680,0.00,0.000
2026-06-14T17:45:00,3.680,0.00,0.000
2026-06-14T17:30:00,3.680,0.00,0.000
2026-06-14T17:15:00,3.680,0.00,0.000
2026-06-14T17:00:00,3.670,0.00,0.000
2026-06-14T16:45:00,3.670,0.00,0.000
2026-06-14T16:30:00,3.660,0.00,2.500
2026-06-14T16:15:00,3.660,0.00,6.500
2026-06-14T16:00:00,3.650,0.00,0.000
2026-06-14T15:45:00,3.650,0.00,0.000
2026-06-14T15:30:00,3.650,0.00,0.000
2026-06-14T15:15:00,3.650,0.00,0.000
2026-06-14T15:00:00,3.640,0.00,0.000
2026-06-14T14:45:00,3.640,0.00,0.000
2026-06-14T14:30:00,3.640,0.00,0.000
2026-06-14T14:15:00,3.640,0.00,0.000
2026-06-14T14:00:00,3.630,0.00,0.000
2026-06-14T13:45:00,3.630,0.00,0.000
2026-06-14T13:30:00,3.630,0.00,0.000
2026-06-14T13:15:00,3.630,0.00,0.000
2026-06-14T13:00:00,3.630,0.00,0.000
2026-06-14T12:45:00,3.630,0.00,0.000
2026-06-14T12:30:00,3.630,0.00,0.000
2026-06-14T12:15:00,3.640,0.00,0.000
2026-06-14T12:00:00,3.630,0.00,0.000
2026-06-14T11:45:00,3.640,0.00,0.000
2026-06-14T11:30:00,3.640,0.00,0.000
2026-06-14T11:15:00,3.650,0.00,0.000
2026-06-14T11:00:00,3.650,0.00,0.000
2026-06-14T10:45:00,3.650,0.00,0.000
2026-06-14T10:30:00,3.650,0.00,0.000
2026-06-14T10:15:00,3.660,0.00,0.000
2026-06-14T10:00:00,3.660,0.00,0.000
2026-06-14T09:45:00,3.670,0.00,0.000
2026-06-14T09:30:00,3.670,0.00,0.000
2026-06-14T09:15:00,3.670,0.00,0.000
2026-06-14T09:00:00,3.680,0.00,0.000
2026-06-14T08:45:00,3.680,0.00,0.000
2026-06-14T08:30:00,3.690,0.00,0.000
2026-06-14T08:15:00,3.690,0.00,0.000
2026-06-14T08:00:00,3.690,0.00,0.000
2026-06-14T07:45:00,3.700,0.00,0.000
2026-06-14T07:30:00,3.700,0.00,0.000
2026-06-14T07:15:00,3.700,0.00,0.000
2026-06-14T07:00:00,3.710,0.00,0.000
2026-06-14T06:45:00,3.710,0.00,0.000
2026-06-14T06:30:00,3.710,0.00,0.000
2026-06-14T06:15:00,3.720,32.40,0.000
2026-06-14T06:00:00,3.720,32.40,0.000
2026-06-14T05:45:00,3.730,53.30,0.000
2026-06-14T05:30:00,3.730,95.70,0.000
2026-06-14T05:15:00,3.730,387.50,0.000
2026-06-14T05:00:00,3.740,204.90,0.000
2026-06-14T04:45:00,3.740,0.00,0.000
2026-06-14T04:30:00,3.740,0.00,0.000
2026-06-14T04:15:00,3.750,0.00,0.000
2026-06-14T04:00:00,3.750,0.00,0.000
2026-06-14T03:45:00,3.750,0.00,0.000
2026-06-14T03:30:00,3.760,0.00,0.000
2026-06-14T03:15:00,3.760,0.00,0.000
2026-06-14T03:00:00,3.760,0.00,0.000
2026-06-14T02:45:00,3.770,35.80,0.000
2026-06-14T02:30:00,3.770,218.40,0.000
2026-06-14T02:15:00,3.770,301.30,0.000
2026-06-14T02:00:00,3.770,29.50,0.000
2026-06-14T01:45:00,3.780,29.50,0.000
2026-06-14T01:30:00,3.780,29.60,0.000
2026-06-14T01:15:00,3.780,35.20,0.000
2026-06-14T01:00:00,3.790,0.00,0.000
2026-06-14T00:45:00,3.790,0.00,0.000
2026-06-14T00:30:00,3.790,0.00,0.000
2026-06-14T00:15:00,3.800,32.10,0.000
2026-06-14T00:00:00,3.800,29.70,0.000
2026-06-13T23:45:00,3.800,0.00,0.000
2026-06-13T23:30:00,3.800,0.00,0.000
2026-06-13T23:15:00,3.800,0.00,0.000
2026-06-13T23:00:00,3.800,34.10,0.000
2026-06-13T22:45:00,3.810,188.30,0.000
2026-06-13T22:30:00,3.800,394.10,0.000
2026-06-13T22:15:00,3.800,32.10,0.000
2026-06-13T22:00:00,3.800,251.20,0.000
2026-06-13T21:45:00,3.800,0.00,0.000
2026-06-13T21:30:00,3.800,0.00,0.000
2026-06-13T21:15:00,3.790,0.00,0.000
2026-06-13T21:00:00,3.790,38.10,0.000
2026-06-13T20:45:00,3.790,42.10,0.000
2026-06-13T20:30:00,3.780,0.00,0.000
2026-06-13T20:15:00,3.780,0.00,0.000
2026-06-13T20:00:00,3.780,0.00,0.000
2026-06-13T19:45:00,3.770,43.30,0.000
2026-06-13T19:30:00,3.770,51.50,0.000
2026-06-13T19:15:00,3.760,43.00,0.000
2026-06-13T19:00:00,3.760,42.50,0.000
2026-06-13T18:45:00,3.750,43.20,0.000
2026-06-13T18:30:00,3.740,0.00,0.000
2026-06-13T18:15:00,3.740,0.00,0.000
2026-06-13T18:00:00,3.740,0.00,0.000
2026-06-13T17:45:00,3.730,32.80,0.000
2026-06-13T17:30:00,3.730,36.20,0.000
2026-06-13T17:15:00,3.720,38.70,0.000
2026-06-13T17:00:00,3.720,33.00,0.000
2026-06-13T16:45:00,3.710,38.80,0.000
2026-06-13T16:30:00,3.710,0.00,0.000
2026-06-13T16:15:00,3.710,0.00,0.000
2026-06-13T16:00:00,3.700,0.00,0.000
2026-06-13T15:45:00,3.690,0.00,0.000
2026-06-13T15:30:00,3.690,0.00,0.000
2026-06-13T15:15:00,3.680,0.00,0.000
2026-06-13T15:00:00,3.680,0.00,0.000
2026-06-13T14:45:00,3.670,0.00,0.000
2026-06-13T14:30:00,3.670,0.00,0.000
2026-06-13T14:15:00,3.660,0.00,0.000
2026-06-13T14:00:00,3.650,0.00,0.000
2026-06-13T13:45:00,3.650,0.00,0.000
2026-06-13T13:30:00,3.650,0.00,0.000
2026-06-13T13:15:00,3.650,0.00,0.000
2026-06-13T13:00:00,3.640,0.00,0.000
2026-06-13T12:45:00,3.640,41.40,0.000
2026-06-13T12:30:00,3.630,44.60,0.000
2026-06-13T12:15:00,3.630,0.00,0.000
2026-06-13T12:00:00,3.640,0.00,0.000
2026-06-13T11:45:00,3.630,0.00,0.000
2026-06-13T11:30:00,3.640,0.00,0.000
2026-06-13T11:15:00,3.640,0.00,0.000
2026-06-13T11:00:00,3.640,0.00,0.000
2026-06-13T10:45:00,3.640,0.00,0.000
2026-06-13T10:30:00,3.640,0.00,0.000
2026-06-13T10:15:00,3.640,0.00,0.000
2026-06-13T10:00:00,3.640,0.00,0.000
2026-06-13T09:45:00,3.640,0.00,0.000
2026-06-13T09:30:00,3.640,0.00,0.000
2026-06-13T09:15:00,3.650,0.00,0.000
2026-06-13T09:00:00,3.640,0.00,0.000
2026-06-13T08:45:00,3.650,0.00,0.000
2026-06-13T08:30:00,3.650,0.00,0.000
2026-06-13T08:15:00,3.650,0.00,0.000
2026-06-13T08:00:00,3.650,0.00,0.000
2026-06-13T07:45:00,3.650,0.00,0.000
2026-06-13T07:30:00,3.650,0.00,0.000
2026-06-13T07:15:00,3.650,28.30,0.500
2026-06-13T07:00:00,3.650,29.00,0.000
2026-06-13T06:45:00,3.650,0.00,0.000
2026-06-13T06:30:00,3.650,0.00,0.000
2026-06-13T06:15:00,3.650,0.00,0.000
2026-06-13T06:00:00,3.650,0.00,0.000
2026-06-13T05:45:00,3.650,0.00,0.000
2026-06-13T05:30:00,3.660,39.20,0.000
2026-06-13T05:15:00,3.660,0.00,0.000
2026-06-13T05:00:00,3.660,0.00,0.000
2026-06-13T04:45:00,3.670,0.00,0.000
2026-06-13T04:30:00,3.670,0.00,0.000
2026-06-13T04:15:00,3.670,35.50,0.000
2026-06-13T04:00:00,3.670,44.00,0.000
2026-06-13T03:45:00,3.680,44.00,0.000
2026-06-13T03:30:00,3.680,42.70,0.000
2026-06-13T03:15:00,3.680,44.20,0.000
2026-06-13T03:00:00,3.680,42.10,0.000
2026-06-13T02:45:00,3.690,51.00,0.000
2026-06-13T02:30:00,3.690,47.20,0.000
2026-06-13T02:15:00,3.690,54.30,0.000
2026-06-13T02:00:00,3.690,31.80,0.000
2026-06-13T01:45:00,3.700,48.40,0.000
2026-06-13T01:30:00,3.700,28.80,0.000
2026-06-13T01:15:00,3.700,0.00,0.000
2026-06-13T01:00:00,3.700,0.00,0.000
2026-06-13T00:45:00,3.710,0.00,0.000
2026-06-13T00:30:00,3.710,34.60,0.000
2026-06-13T00:15:00,3.710,38.60,0.000
2026-06-13T00:00:00,3.710,0.00,0.000
2026-06-12T23:45:00,3.720,0.00,0.000
2026-06-12T23:30:00,3.720,0.00,0.000
2026-06-12T23:15:00,3.720,0.00,0.000
2026-06-12T23:00:00,3.720,40.50,0.000
2026-06-12T22:45:00,3.730,37.70,0.000
2026-06-12T22:30:00,3.730,35.90,0.000
2026-06-12T22:15:00,3.730,51.50,0.000
2026-06-12T22:00:00,3.730,37.00,0.000
2026-06-12T21:45:00,3.730,61.40,0.000
2026-06-12T21:30:00,3.730,162.70,0.000
2026-06-12T21:15:00,3.730,29.00,0.000
2026-06-12T21:00:00,3.730,0.00,0.000
2026-06-12T20:45:00,3.740,0.00,0.000
2026-06-12T20:30:00,3.740,0.00,0.000
2026-06-12T20:15:00,3.740,0.00,0.000
2026-06-12T20:00:00,3.740,0.00,0.000
2026-06-12T19:45:00,3.740,0.00,0.000
2026-06-12T19:30:00,3.740,37.70,0.000
2026-06-12T19:15:00,3.730,66.80,0.000
2026-06-12T19:00:00,3.720,40.90,0.000
2026-06-12T18:45:00,3.730,41.40,0.000
2026-06-12T18:30:00,3.720,43.90,0.000
2026-06-12T18:15:00,3.730,44.50,0.000
2026-06-12T18:00:00,3.740,39.60,0.000
2026-06-12T17:45:00,3.740,41.90,0.000
2026-06-12T17:30:00,3.750,39.50,0.000
2026-06-12T17:15:00,3.760,43.60,0.000
2026-06-12T17:00:00,3.770,45.50,0.000
2026-06-12T16:45:00,3.770,49.00,0.000
2026-06-12T16:30:00,3.780,59.10,0.000
2026-06-12T16:15:00,3.790,61.80,0.000
2026-06-12T16:00:00,3.800,60.30,0.500
2026-06-12T15:45:00,3.800,60.60,0.000
2026-06-12T15:30:00,3.810,61.60,0.000
2026-06-12T15:15:00,3.820,62.70,0.000
2026-06-12T15:00:00,3.820,59.90,0.000
2026-06-12T14:45:00,3.830,61.50,0.000
2026-06-12T14:30:00,3.830,59.80,0.000
2026-06-12T14:15:00,3.840,47.20,0.000
2026-06-12T14:00:00,3.850,49.80,0.000
2026-06-12T13:45:00,3.860,49.50,0.000
2026-06-12T13:30:00,3.860,46.20,0.000
2026-06-12T13:15:00,3.870,49.30,0.000
2026-06-12T13:00:00,3.880,62.80,0.000
2026-06-12T12:45:00,3.880,64.40,0.000
2026-06-12T12:30:00,3.890,53.30,0.000
2026-06-12T12:15:00,3.900,56.60,0.000
2026-06-12T12:00:00,3.900,61.60,0.000
2026-06-12T11:45:00,3.910,49.10,0.000
2026-06-12T11:30:00,3.920,58.00,0.000
2026-06-12T11:15:00,3.920,52.50,0.000
2026-06-12T11:00:00,3.930,54.40,0.000
2026-06-12T10:45:00,3.930,54.90,0.000
2026-06-12T10:30:00,3.950,55.20,0.000
2026-06-12T10:15:00,3.970,49.90,0.000
2026-06-12T10:00:00,3.970,51.70,0.000
2026-06-12T09:45:00,3.980,48.40,0.000
2026-06-12T09:30:00,3.970,50.00,0.000
2026-06-12T09:15:00,3.980,47.30,0.000
2026-06-12T09:00:00,3.980,50.40,0.000
2026-06-12T08:45:00,3.980,47.80,0.000
2026-06-12T08:30:00,3.980,75.40,0.000
2026-06-12T08:15:00,3.980,60.30,0.000
2026-06-12T08:00:00,3.990,66.70,0.000
2026-06-12T07:45:00,3.980,69.40,0.000
2026-06-12T07:30:00,3.990,75.00,0.000
2026-06-12T07:15:00,3.990,74.20,0.000
2026-06-12T07:00:00,3.990,66.90,0.000
2026-06-12T06:45:00,3.990,70.00,0.000
2026-06-12T06:30:00,3.990,69.20,0.000
2026-06-12T06:15:00,3.990,56.30,0.000
2026-06-12T06:00:00,3.990,53.50,0.000
2026-06-12T05:45:00,3.990,50.40,0.000
2026-06-12T05:30:00,3.990,51.20,0.000
2026-06-12T05:15:00,3.990,50.80,0.000
2026-06-12T05:00:00,3.990,52.10,0.000
2026-06-12T04:45:00,4.000,53.50,0.000
2026-06-12T04:30:00,4.000,45.50,0.000
2026-06-12T04:15:00,4.000,46.50,0.000
2026-06-12T04:00:00,4.000,52.30,0.000
2026-06-12T03:45:00,4.000,52.40,0.000
2026-06-12T03:30:00,4.010,44.50,0.000
2026-06-12T03:15:00,4.010,50.70,0.000
2026-06-12T03:00:00,4.010,50.00,0.500
2026-06-12T02:45:00,4.020,49.60,0.000
2026-06-12T02:30:00,4.020,71.10,0.000
2026-06-12T02:15:00,4.030,69.90,0.000
2026-06-12T02:00:00,4.030,66.90,0.000
2026-06-12T01:45:00,4.030,61.50,0.000
2026-06-12T01:30:00,4.040,49.10,0.000
2026-06-12T01:15:00,4.040,47.60,0.000
2026-06-12T01:00:00,4.050,41.40,0.000
2026-06-12T00:45:00,4.060,50.30,0.000
2026-06-12T00:30:00,4.070,46.30,0.000
2026-06-12T00:15:00,4.070,45.40,0.000
2026-06-12T00:00:00,4.080,46.70,0.000
2026-06-11T23:45:00,4.080,43.60,0.000
2026-06-11T23:30:00,4.090,59.30,0.000
2026-06-11T23:15:00,4.100,66.00,0.000
2026-06-11T23:00:00,4.110,74.10,0.000
2026-06-11T22:45:00,4.110,69.60,0.000
2026-06-11T22:30:00,4.120,70.50,0.000
2026-06-11T22:15:00,4.130,69.80,0.000
2026-06-11T22:00:00,4.130,72.90,0.000
2026-06-11T21:45:00,4.140,75.40,0.000
2026-06-11T21:30:00,4.150,72.20,0.500
2026-06-11T21:15:00,4.160,74.30,0.000
2026-06-11T21:00:00,4.170,71.70,0.000
2026-06-11T20:45:00,4.170,77.30,0.000
2026-06-11T20:30:00,4.180,76.70,0.000
2026-06-11T20:15:00,4.190,72.30,0.000
2026-06-11T20:00:00,4.190,73.00,0.000
2026-06-11T19:45:00,4.200,76.70,0.000
2026-06-11T19:30:00,4.210,74.80,0.000
2026-06-11T19:15:00,4.220,59.80,0.000
2026-06-11T19:00:00,4.220,79.70,0.500
2026-06-11T18:45:00,4.220,79.10,0.000
2026-06-11T18:30:00,4.230,57.20,0.500
2026-06-11T18:15:00,4.230,53.90,0.000
2026-06-11T18:00:00,4.250,50.10,0.000
2026-06-11T17:45:00,4.260,33.00,0.000
2026-06-11T17:30:00,4.260,34.80,0.000
2026-06-11T17:15:00,4.260,0.00,0.000
2026-06-11T17:00:00,4.260,0.00,0.000
2026-06-11T16:45:00,4.260,0.00,0.000
2026-06-11T16:30:00,4.260,33.00,0.000
2026-06-11T16:15:00,4.260,33.00,0.000
2026-06-11T16:00:00,4.250,34.10,0.000
2026-06-11T15:45:00,4.250,33.00,0.000
2026-06-11T15:30:00,4.250,41.10,0.000
2026-06-11T15:15:00,4.250,37.30,0.000
2026-06-11T15:00:00,4.250,34.70,0.000
2026-06-11T14:45:00,4.250,33.00,0.000
2026-06-11T14:30:00,4.250,37.50,0.000
2026-06-11T14:15:00,4.250,33.00,0.000
2026-06-11T14:00:00,4.250,33.10,0.000
2026-06-11T13:45:00,4.250,41.10,0.000
2026-06-11T13:30:00,4.240,33.50,0.000
2026-06-11T13:15:00,4.240,33.30,0.000
2026-06-11T13:00:00,4.240,32.90,0.000
2026-06-11T12:45:00,4.240,33.00,0.000
2026-06-11T12:30:00,4.240,33.10,0.000
2026-06-11T12:15:00,4.240,32.90,0.000
2026-06-11T12:00:00,4.240,32.90,0.000
2026-06-11T11:45:00,4.230,32.90,0.000
2026-06-11T11:30:00,4.230,32.80,0.000
2026-06-11T11:15:00,4.220,0.00,0.000
2026-06-11T11:00:00,4.220,0.00,0.000
2026-06-11T10:45:00,4.210,0.00,0.000
2026-06-11T10:30:00,4.200,32.70,0.000
2026-06-11T10:15:00,4.200,0.00,0.000
2026-06-11T10:00:00,4.190,0.00,0.000
2026-06-11T09:45:00,4.180,0.00,0.000
2026-06-11T09:30:00,4.180,32.50,0.000
2026-06-11T09:15:00,4.160,0.00,0.000
2026-06-11T09:00:00,4.160,0.00,0.000
2026-06-11T08:45:00,4.150,0.00,0.000
2026-06-11T08:30:00,4.140,0.00,0.000
2026-06-11T08:15:00,4.130,0.00,0.000
2026-06-11T08:00:00,4.120,0.00,0.000
2026-06-11T07:45:00,4.110,0.00,0.000
2026-06-11T07:30:00,4.100,32.00,0.000
2026-06-11T07:15:00,4.100,37.70,0.000
2026-06-11T07:00:00,4.090,34.90,0.000
2026-06-11T06:45:00,4.080,37.10,0.000
2026-06-11T06:30:00,4.070,31.80,0.000
2026-06-11T06:15:00,4.060,35.50,0.000
2026-06-11T06:00:00,4.060,0.00,0.000
2026-06-11T05:45:00,4.050,0.00,0.000
2026-06-11T05:30:00,4.040,0.00,0.500
2026-06-11T05:15:00,4.030,0.00,0.000
2026-06-11T05:00:00,4.030,0.00,0.000
2026-06-11T04:45:00,4.020,0.00,0.000
2026-06-11T04:30:00,4.010,0.00,0.000
2026-06-11T04:15:00,4.010,0.00,0.000
2026-06-11T04:00:00,4.000,0.00,0.000
2026-06-11T03:45:00,3.990,0.00,0.000
2026-06-11T03:30:00,3.980,0.00,0.000
2026-06-11T03:15:00,3.980,0.00,0.000
2026-06-11T03:00:00,3.970,0.00,0.000
2026-06-11T02:45:00,3.970,0.00,0.000
2026-06-11T02:30:00,3.960,0.00,0.000
2026-06-11T02:15:00,3.950,0.00,0.000
2026-06-11T02:00:00,3.950,0.00,0.000
2026-06-11T01:45:00,3.940,0.00,0.000
2026-06-11T01:30:00,3.930,0.00,0.000
2026-06-11T01:15:00,3.920,0.00,0.000
2026-06-11T01:00:00,3.910,0.00,0.000
2026-06-11T00:45:00,3.910,0.00,0.000
2026-06-11T00:30:00,3.900,0.00,0.000
2026-06-11T00:15:00,3.890,0.00,0.000
2026-06-11T00:00:00,3.880,37.40,0.000
2026-06-10T23:45:00,3.880,39.20,0.000
2026-06-10T23:30:00,3.870,56.50,0.000
2026-06-10T23:15:00,3.860,55.90,0.000
2026-06-10T23:00:00,3.850,53.30,0.000
2026-06-10T22:45:00,3.840,54.20,0.000
2026-06-10T22:30:00,3.830,55.70,0.500
2026-06-10T22:15:00,3.820,44.30,0.000
2026-06-10T22:00:00,3.810,52.90,0.000
2026-06-10T21:45:00,3.810,29.80,0.000
2026-06-10T21:30:00,3.800,44.70,0.000
2026-06-10T21:15:00,3.790,50.20,0.000
2026-06-10T21:00:00,3.780,0.00,0.000
2026-06-10T20:45:00,3.780,0.00,0.000
2026-06-10T20:30:00,3.770,0.00,0.000
2026-06-10T20:15:00,3.760,0.00,0.000
2026-06-10T20:00:00,3.750,0.00,0.000
2026-06-10T19:45:00,3.750,0.00,0.000
2026-06-10T19:30:00,3.740,0.00,0.500
2026-06-10T19:15:00,3.740,0.00,0.000
2026-06-10T19:00:00,3.740,0.00,0.000
2026-06-10T18:45:00,3.730,0.00,0.000
2026-06-10T18:30:00,3.720,0.00,0.000
2026-06-10T18:15:00,3.720,0.00,0.000
2026-06-10T18:00:00,3.720,0.00,0.000
2026-06-10T17:45:00,3.710,0.00,0.000
2026-06-10T17:30:00,3.710,0.00,0.000
2026-06-10T17:15:00,3.700,0.00,0.000
2026-06-10T17:00:00,3.700,0.00,0.000
2026-06-10T16:45:00,3.690,0.00,0.000
2026-06-10T16:30:00,3.690,0.00,0.000
2026-06-10T16:15:00,3.680,0.00,0.000
2026-06-10T16:00:00,3.680,0.00,0.000
2026-06-10T15:45:00,3.670,0.00,0.000
2026-06-10T15:30:00,3.670,0.00,0.000
2026-06-10T15:15:00,3.670,0.00,0.000
2026-06-10T15:00:00,3.660,0.00,0.000
2026-06-10T14:45:00,3.660,0.00,0.000
2026-06-10T14:30:00,3.660,38.40,0.000
2026-06-10T14:15:00,3.660,33.90,0.000
2026-06-10T14:00:00,3.650,36.30,0.000
2026-06-10T13:45:00,3.650,37.60,0.000
2026-06-10T13:30:00,3.650,37.00,0.000
2026-06-10T13:15:00,3.640,36.20,0.000
2026-06-10T13:00:00,3.640,28.20,0.000
2026-06-10T12:45:00,3.640,34.30,0.000
2026-06-10T12:30:00,3.630,39.30,0.000
2026-06-10T12:15:00,3.630,38.00,0.000
2026-06-10T12:00:00,3.620,39.20,1.500
2026-06-10T11:45:00,3.620,42.30,0.500
2026-06-10T11:30:00,3.610,0.00,0.500
2026-06-10T11:15:00,3.600,0.00,1.500
2026-06-10T11:00:00,3.600,0.00,4.000
2026-06-10T10:45:00,3.600,0.00,0.000
2026-06-10T10:30:00,3.600,0.00,0.000
2026-06-10T10:15:00,3.610,0.00,0.000
2026-06-10T10:00:00,3.610,0.00,0.000
2026-06-10T09:45:00,3.610,0.00,0.000
2026-06-10T09:30:00,3.620,0.00,0.000
2026-06-10T09:15:00,3.620,0.00,0.000
2026-06-10T09:00:00,3.620,0.00,0.000
2026-06-10T08:45:00,3.630,0.00,0.000
2026-06-10T08:30:00,3.630,0.00,0.000
2026-06-10T08:15:00,3.630,0.00,0.000
2026-06-10T08:00:00,3.630,0.00,0.000
2026-06-10T07:45:00,3.640,0.00,0.000
2026-06-10T07:30:00,3.640,0.00,0.000
2026-06-10T07:15:00,3.640,0.00,0.000
2026-06-10T07:00:00,3.640,0.00,0.000
2026-06-10T06:45:00,3.640,0.00,0.000
2026-06-10T06:30:00,3.650,0.00,0.000
2026-06-10T06:15:00,3.650,0.00,0.000
2026-06-10T06:00:00,3.650,0.00,0.000
2026-06-10T05:45:00,3.650,0.00,0.000
2026-06-10T05:30:00,3.660,0.00,0.000
2026-06-10T05:15:00,3.660,0.00,0.000
2026-06-10T05:00:00,3.670,0.00,0.000
2026-06-10T04:45:00,3.670,0.00,0.000
2026-06-10T04:30:00,3.680,351.30,0.000
2026-06-10T04:15:00,3.680,0.00,0.000
2026-06-10T04:00:00,3.690,0.00,0.000
2026-06-10T03:45:00,3.700,0.00,0.000
2026-06-10T03:30:00,3.700,0.00,0.000
2026-06-10T03:15:00,3.710,0.00,0.000
2026-06-10T03:00:00,3.720,0.00,0.000
2026-06-10T02:45:00,3.720,0.00,0.000
2026-06-10T02:30:00,3.730,37.90,0.000
2026-06-10T02:15:00,3.730,0.00,0.000
2026-06-10T02:00:00,3.740,0.00,0.000
2026-06-10T01:45:00,3.740,0.00,0.000
2026-06-10T01:30:00,3.750,29.60,0.000
2026-06-10T01:15:00,3.750,0.00,0.000
2026-06-10T01:00:00,3.760,0.00,0.000
2026-06-10T00:45:00,3.770,0.00,0.000
2026-06-10T00:30:00,3.770,0.00,0.000
2026-06-10T00:15:00,3.780,43.40,0.000
2026-06-10T00:00:00,3.780,43.60,0.000
2026-06-09T23:45:00,3.790,36.70,0.000
2026-06-09T23:30:00,3.790,40.80,0.000
2026-06-09T23:15:00,3.800,38.10,0.000
2026-06-09T23:00:00,3.810,42.60,0.000
2026-06-09T22:45:00,3.810,42.20,0.000
2026-06-09T22:30:00,3.820,34.60,0.000
2026-06-09T22:15:00,3.830,48.30,0.000
2026-06-09T22:00:00,3.830,35.80,0.000
2026-06-09T21:45:00,3.840,32.60,0.000
2026-06-09T21:30:00,3.850,30.50,0.000
2026-06-09T21:15:00,3.850,30.30,0.000
2026-06-09T21:00:00,3.860,0.00,0.000
2026-06-09T20:45:00,3.870,0.00,0.000
2026-06-09T20:30:00,3.880,0.00,0.000
2026-06-09T20:15:00,3.880,0.00,0.000
2026-06-09T20:00:00,3.890,0.00,0.000
2026-06-09T19:45:00,3.900,0.00,0.000
2026-06-09T19:30:00,3.910,40.70,0.000
2026-06-09T19:15:00,3.920,0.00,0.000
2026-06-09T19:00:00,3.920,0.00,0.000
2026-06-09T18:45:00,3.930,0.00,0.000
2026-06-09T18:30:00,3.940,40.20,0.000
2026-06-09T18:15:00,3.950,47.30,0.000
2026-06-09T18:00:00,3.960,52.60,0.000
2026-06-09T17:45:00,3.970,48.70,0.000
2026-06-09T17:30:00,3.970,65.50,0.500
2026-06-09T17:15:00,3.980,58.60,0.000
2026-06-09T17:00:00,3.980,54.10,0.000
2026-06-09T16:45:00,3.990,68.70,0.000
2026-06-09T16:30:00,4.000,0.00,1.000
2026-06-09T16:15:00,4.000,0.00,3.000
2026-06-09T16:00:00,4.010,0.00,1.000
2026-06-09T15:45:00,4.020,56.10,0.000
2026-06-09T15:30:00,4.040,33.10,0.000
2026-06-09T15:15:00,4.040,40.20,0.000
2026-06-09T15:00:00,4.040,37.40,0.000
2026-06-09T14:45:00,4.050,56.60,0.000
2026-06-09T14:30:00,4.050,63.50,0.500
2026-06-09T14:15:00,4.060,62.20,1.000
2026-06-09T14:00:00,4.060,36.00,0.000
2026-06-09T13:45:00,4.070,32.70,0.000
2026-06-09T13:30:00,4.070,63.60,0.000
2026-06-09T13:15:00,4.070,63.70,1.500
2026-06-09T13:00:00,4.070,66.80,0.500
2026-06-09T12:45:00,4.080,66.80,0.500
2026-06-09T12:30:00,4.060,63.20,8.500
2026-06-09T12:15:00,4.060,33.80,0.500
2026-06-09T12:00:00,4.070,52.40,0.000
2026-06-09T11:45:00,4.070,35.20,0.000
2026-06-09T11:30:00,4.080,33.30,0.000
2026-06-09T11:15:00,4.080,42.60,0.000
2026-06-09T11:00:00,4.080,31.90,0.000
2026-06-09T10:45:00,4.080,32.60,0.000
2026-06-09T10:30:00,4.090,53.70,0.000
2026-06-09T10:15:00,4.090,0.00,0.000
2026-06-09T10:00:00,4.090,0.00,0.000
2026-06-09T09:45:00,4.100,0.00,0.000
2026-06-09T09:30:00,4.100,32.00,0.000
2026-06-09T09:15:00,4.100,0.00,0.000
2026-06-09T09:00:00,4.090,0.00,0.000
2026-06-09T08:45:00,4.090,0.00,0.000
2026-06-09T08:30:00,4.090,0.00,0.000
2026-06-09T08:15:00,4.090,0.00,0.000
2026-06-09T08:00:00,4.080,0.00,0.000
2026-06-09T07:45:00,4.080,31.80,0.000
2026-06-09T07:30:00,4.080,31.80,0.000
2026-06-09T07:15:00,4.070,31.80,0.000
2026-06-09T07:00:00,4.070,31.80,0.000
2026-06-09T06:45:00,4.060,31.70,0.000
2026-06-09T06:30:00,4.060,31.70,0.000
2026-06-09T06:15:00,4.060,0.00,0.000
2026-06-09T06:00:00,4.050,0.00,0.000
2026-06-09T05:45:00,4.050,0.00,0.000
2026-06-09T05:30:00,4.040,0.00,0.000
2026-06-09T05:15:00,4.030,0.00,0.000
2026-06-09T05:00:00,4.030,80.30,0.000
2026-06-09T04:45:00,4.020,631.30,0.000
2026-06-09T04:30:00,4.020,0.00,0.000
2026-06-09T04:15:00,4.010,0.00,0.000
2026-06-09T04:00:00,4.000,0.00,0.000
2026-06-09T03:45:00,4.000,96.00,0.000
2026-06-09T03:30:00,3.990,0.00,0.000
2026-06-09T03:15:00,3.990,0.00,0.000
2026-06-09T03:00:00,3.980,0.00,0.000
2026-06-09T02:45:00,3.970,0.00,0.000
2026-06-09T02:30:00,3.970,0.00,0.000
2026-06-09T02:15:00,3.960,0.00,0.000
2026-06-09T02:00:00,3.950,0.00,0.000
2026-06-09T01:45:00,3.940,35.80,0.000
2026-06-09T01:30:00,3.930,31.20,0.000
2026-06-09T01:15:00,3.930,640.10,0.000
2026-06-09T01:00:00,3.920,0.00,0.000
2026-06-09T00:45:00,3.910,0.00,0.000
2026-06-09T00:30:00,3.900,0.00,0.000
2026-06-09T00:15:00,3.890,0.00,0.000
2026-06-09T00:00:00,3.880,0.00,0.000
2026-06-08T23:45:00,3.870,0.00,0.000
2026-06-08T23:30:00,3.870,0.00,0.000
2026-06-08T23:15:00,3.860,0.00,0.000
2026-06-08T23:00:00,3.850,0.00,0.000
2026-06-08T22:45:00,3.840,0.00,0.000
2026-06-08T22:30:00,3.830,0.00,0.000
2026-06-08T22:15:00,3.820,0.00,0.000
2026-06-08T22:00:00,3.820,0.00,0.000
2026-06-08T21:45:00,3.810,0.00,0.000
2026-06-08T21:30:00,3.800,286.00,0.000
2026-06-08T21:15:00,3.800,0.00,0.000
2026-06-08T21:00:00,3.790,0.00,0.000
2026-06-08T20:45:00,3.780,0.00,0.000
2026-06-08T20:30:00,3.780,0.00,0.000
2026-06-08T20:15:00,3.780,46.70,0.000
2026-06-08T20:00:00,3.770,120.70,0.000
2026-06-08T19:45:00,3.770,148.60,0.000
2026-06-08T19:30:00,3.760,0.00,0.000
2026-06-08T19:15:00,3.760,0.00,0.000
2026-06-08T19:00:00,3.760,0.00,0.000
2026-06-08T18:45:00,3.750,0.00,0.000
2026-06-08T18:30:00,3.750,0.00,0.000
2026-06-08T18:15:00,3.750,0.00,0.000
2026-06-08T18:00:00,3.750,0.00,0.000
2026-06-08T17:45:00,3.750,0.00,0.000
2026-06-08T17:30:00,3.750,0.00,0.000
2026-06-08T17:15:00,3.740,39.10,0.000
2026-06-08T17:00:00,3.740,39.50,0.000
2026-06-08T16:45:00,3.740,38.30,0.000
2026-06-08T16:30:00,3.740,39.20,0.000
2026-06-08T16:15:00,3.740,42.30,0.000
2026-06-08T16:00:00,3.740,29.20,0.000
2026-06-08T15:45:00,3.740,43.00,0.000
2026-06-08T15:30:00,3.740,44.40,0.000
2026-06-08T15:15:00,3.730,39.00,0.000
2026-06-08T15:00:00,3.730,46.90,0.000
2026-06-08T14:45:00,3.720,0.00,0.000
2026-06-08T14:30:00,3.720,0.00,1.000
2026-06-08T14:15:00,3.720,0.00,1.500
2026-06-08T14:00:00,3.700,0.00,16.500
2026-06-08T13:45:00,3.700,0.00,0.500
2026-06-08T13:30:00,3.700,0.00,1.000
2026-06-08T13:15:00,3.700,0.00,0.000
2026-06-08T13:00:00,3.700,0.00,0.000
2026-06-08T12:45:00,3.700,0.00,0.000
2026-06-08T12:30:00,3.700,0.00,0.000
2026-06-08T12:15:00,3.700,0.00,0.000
2026-06-08T12:00:00,3.690,0.00,0.000
2026-06-08T11:45:00,3.700,0.00,0.000
2026-06-08T11:30:00,3.690,0.00,0.000
2026-06-08T11:15:00,3.690,0.00,0.000
2026-06-08T11:00:00,3.690,0.00,1.000
2026-06-08T10:45:00,3.690,0.00,0.000
2026-06-08T10:30:00,3.690,0.00,0.000
2026-06-08T10:15:00,3.690,0.00,0.000
2026-06-08T10:00:00,3.680,0.00,0.000
2026-06-08T09:45:00,3.680,0.00,0.000
2026-06-08T09:30:00,3.680,0.00,0.000
2026-06-08T09:15:00,3.690,0.00,0.000
2026-06-08T09:00:00,3.690,0.00,0.000
2026-06-08T08:45:00,3.700,0.00,0.000
2026-06-08T08:30:00,3.700,0.00,0.000
2026-06-08T08:15:00,3.710,0.00,0.000
2026-06-08T08:00:00,3.710,0.00,0.000
2026-06-08T07:45:00,3.720,0.00,0.000
2026-06-08T07:30:00,3.720,0.00,0.000
2026-06-08T07:15:00,3.730,0.00,0.000
2026-06-08T07:00:00,3.730,29.10,0.000
2026-06-08T06:45:00,3.740,93.00,0.000
2026-06-08T06:30:00,3.750,56.90,0.000
2026-06-08T06:15:00,3.740,60.50,0.000
2026-06-08T06:00:00,3.750,0.00,0.000
2026-06-08T05:45:00,3.760,0.00,0.000
2026-06-08T05:30:00,3.760,0.00,0.000
2026-06-08T05:15:00,3.770,0.00,0.000
2026-06-08T05:00:00,3.780,0.00,0.000
2026-06-08T04:45:00,3.790,43.30,0.000
2026-06-08T04:30:00,3.800,42.80,0.000
2026-06-08T04:15:00,3.800,30.80,0.000
2026-06-08T04:00:00,3.810,39.10,0.000
2026-06-08T03:45:00,3.820,35.70,0.000
2026-06-08T03:30:00,3.830,35.30,0.000
2026-06-08T03:15:00,3.840,35.40,0.000
2026-06-08T03:00:00,3.840,37.60,0.000
2026-06-08T02:45:00,3.850,44.00,0.000
2026-06-08T02:30:00,3.860,0.00,0.000
2026-06-08T02:15:00,3.870,0.00,0.000
2026-06-08T02:00:00,3.880,0.00,0.000
2026-06-08T01:45:00,3.890,36.90,0.000
2026-06-08T01:30:00,3.890,38.60,0.000
2026-06-08T01:15:00,3.900,44.30,0.000
2026-06-08T01:00:00,3.910,39.80,0.000
2026-06-08T00:45:00,3.920,38.90,0.000
2026-06-08T00:30:00,3.930,37.40,0.000
2026-06-08T00:15:00,3.940,38.00,0.000
2026-06-08T00:00:00,3.940,44.40,0.000
2026-06-21T23:45:00,3.920,0.00,0.000
2026-06-21T23:30:00,3.930,0.00,0.000
2026-06-21T23:15:00,3.930,0.00,0.000
2026-06-21T23:00:00,3.930,0.00,0.000
2026-06-21T22:45:00,3.930,0.00,0.000
2026-06-21T22:30:00,3.920,0.00,0.000
2026-06-21T22:15:00,3.920,0.00,0.000
2026-06-21T22:00:00,3.920,30.70,0.000
2026-06-21T21:45:00,3.910,52.30,0.000
2026-06-21T21:30:00,3.910,170.80,0.000
2026-06-21T21:15:00,3.910,53.80,0.000
2026-06-21T21:00:00,3.910,44.60,0.000
2026-06-21T20:45:00,3.900,0.00,0.000
2026-06-21T20:30:00,3.900,0.00,0.000
2026-06-21T20:15:00,3.890,0.00,0.000
2026-06-21T20:00:00,3.890,0.00,0.000
2026-06-21T19:45:00,3.890,0.00,0.000
2026-06-21T19:30:00,3.880,0.00,0.000
2026-06-21T19:15:00,3.880,0.00,0.000
2026-06-21T19:00:00,3.870,0.00,0.000
2026-06-21T18:45:00,3.870,0.00,0.000
2026-06-21T18:30:00,3.860,0.00,0.000
2026-06-21T18:15:00,3.860,0.00,0.000
2026-06-21T18:00:00,3.850,0.00,0.000
2026-06-21T17:45:00,3.850,0.00,0.000
2026-06-21T17:30:00,3.840,0.00,0.000
2026-06-21T17:15:00,3.840,0.00,0.000
2026-06-21T17:00:00,3.840,0.00,0.000
2026-06-21T16:45:00,3.830,0.00,0.000
2026-06-21T16:30:00,3.830,0.00,0.000
2026-06-21T16:15:00,3.820,0.00,0.000
2026-06-21T16:00:00,3.820,0.00,0.000
2026-06-21T15:45:00,3.820,0.00,0.000
2026-06-21T15:30:00,3.810,42.30,0.000
2026-06-21T15:15:00,3.800,0.00,0.000
2026-06-21T15:00:00,3.800,0.00,0.000
2026-06-21T14:45:00,3.800,0.00,0.000
2026-06-21T14:30:00,3.800,52.10,0.000
2026-06-21T14:15:00,3.790,56.10,0.000
2026-06-21T14:00:00,3.790,0.00,0.000
2026-06-21T13:45:00,3.780,0.00,0.000
2026-06-21T13:30:00,3.790,0.00,0.000
2026-06-21T13:15:00,3.780,0.00,0.000
2026-06-21T13:00:00,3.780,0.00,0.000
2026-06-21T12:45:00,3.780,0.00,0.000
2026-06-21T12:30:00,3.780,0.00,0.000
2026-06-21T12:15:00,3.780,0.00,0.000
2026-06-21T12:00:00,3.780,0.00,0.000
2026-06-21T11:45:00,3.780,0.00,0.000
2026-06-21T11:30:00,3.790,0.00,0.000
2026-06-21T11:15:00,3.790,0.00,0.000
2026-06-21T11:00:00,3.790,0.00,0.000
2026-06-21T10:45:00,3.800,0.00,0.000
2026-06-21T10:30:00,3.800,0.00,0.000
2026-06-21T10:15:00,3.800,0.00,0.000
2026-06-21T10:00:00,3.800,0.00,0.000
2026-06-21T09:45:00,3.800,0.00,0.000
2026-06-21T09:30:00,3.800,0.00,0.000
2026-06-21T09:15:00,3.800,0.00,0.000
2026-06-21T09:00:00,3.810,0.00,0.000
2026-06-21T08:45:00,3.810,0.00,0.000
2026-06-21T08:30:00,3.810,0.00,0.000
2026-06-21T08:15:00,3.810,0.00,0.000
2026-06-21T08:00:00,3.820,0.00,0.000
2026-06-21T07:45:00,3.820,0.00,0.000
2026-06-21T07:30:00,3.820,0.00,0.000
2026-06-21T07:15:00,3.820,0.00,0.000
2026-06-21T07:00:00,3.820,0.00,0.000
2026-06-21T06:45:00,3.820,0.00,0.000
2026-06-21T06:30:00,3.820,0.00,0.000
2026-06-21T06:15:00,3.820,0.00,0.000
2026-06-21T06:00:00,3.830,0.00,0.000
2026-06-21T05:45:00,3.820,0.00,0.000
2026-06-21T05:30:00,3.830,0.00,0.000
2026-06-21T05:15:00,3.820,0.00,0.000
2026-06-21T05:00:00,3.830,0.00,0.000
2026-06-21T04:45:00,3.830,0.00,0.000
2026-06-21T04:30:00,3.840,0.00,0.000
2026-06-21T04:15:00,3.840,0.00,0.000
2026-06-21T04:00:00,3.840,0.00,0.000
2026-06-21T03:45:00,3.850,0.00,0.000
2026-06-21T03:30:00,3.850,0.00,0.000
2026-06-21T03:15:00,3.860,0.00,0.000
2026-06-21T03:00:00,3.860,0.00,0.000
2026-06-21T02:45:00,3.860,0.00,0.000
2026-06-21T02:30:00,3.870,0.00,0.000
2026-06-21T02:15:00,3.870,0.00,0.000
2026-06-21T02:00:00,3.880,0.00,0.000
2026-06-21T01:45:00,3.880,35.40,0.000
2026-06-21T01:30:00,3.880,0.00,0.000
2026-06-21T01:15:00,3.890,0.00,0.000
2026-06-21T01:00:00,3.890,0.00,0.000
2026-06-21T00:45:00,3.900,0.00,0.000
2026-06-21T00:30:00,3.900,0.00,0.000
2026-06-21T00:15:00,3.910,0.00,0.000
2026-06-21T00:00:00,3.910,0.00,0.000
2026-06-20T23:45:00,3.910,0.00,0.000
2026-06-20T23:30:00,3.910,0.00,0.000
2026-06-20T23:15:00,3.920,30.70,0.000
2026-06-20T23:00:00,3.920,30.70,0.000
2026-06-20T22:45:00,3.920,30.70,0.000
2026-06-20T22:30:00,3.920,30.70,0.000
2026-06-20T22:15:00,3.920,208.90,0.000
2026-06-20T22:00:00,3.920,116.60,0.000
2026-06-20T21:45:00,3.920,30.70,0.000
2026-06-20T21:30:00,3.920,110.90,0.000
2026-06-20T21:15:00,3.910,30.70,0.000
2026-06-20T21:00:00,3.910,0.00,0.000
2026-06-20T20:45:00,3.910,0.00,0.000
2026-06-20T20:30:00,3.910,0.00,0.000
2026-06-20T20:15:00,3.910,0.00,0.000
2026-06-20T20:00:00,3.900,0.00,0.000
2026-06-20T19:45:00,3.910,32.20,0.000
2026-06-20T19:30:00,3.900,106.60,0.000
2026-06-20T19:15:00,3.900,48.10,0.000
2026-06-20T19:00:00,3.900,32.90,0.000
2026-06-20T18:45:00,3.890,46.60,0.000
2026-06-20T18:30:00,3.890,30.60,0.000
2026-06-20T18:15:00,3.890,43.90,0.000
2026-06-20T18:00:00,3.890,33.80,0.000
2026-06-20T17:45:00,3.890,30.60,0.000
2026-06-20T17:30:00,3.890,30.60,0.000
2026-06-20T17:15:00,3.890,30.60,0.000
2026-06-20T17:00:00,3.880,30.60,0.000
2026-06-20T16:45:00,3.880,30.60,0.000
2026-06-20T16:30:00,3.880,30.60,0.000
2026-06-20T16:15:00,3.880,32.40,0.000
2026-06-20T16:00:00,3.880,32.80,0.000
2026-06-20T15:45:00,3.880,0.00,0.000
2026-06-20T15:30:00,3.870,0.00,0.000
2026-06-20T15:15:00,3.880,0.00,0.000
2026-06-20T15:00:00,3.870,30.50,0.000
2026-06-20T14:45:00,3.870,30.50,0.000
2026-06-20T14:30:00,3.870,30.50,0.000
2026-06-20T14:15:00,3.870,30.40,0.000
2026-06-20T14:00:00,3.870,42.50,0.000
2026-06-20T13:45:00,3.870,32.10,0.000
2026-06-20T13:30:00,3.870,40.70,0.000
2026-06-20T13:15:00,3.870,33.60,0.000
2026-06-20T13:00:00,3.870,0.00,0.000
2026-06-20T12:45:00,3.880,0.00,0.000
2026-06-20T12:30:00,3.890,0.00,0.000
2026-06-20T12:15:00,3.890,0.00,0.000
2026-06-20T12:00:00,3.890,0.00,0.000
2026-06-20T11:45:00,3.910,0.00,0.000
2026-06-20T11:30:00,3.910,0.00,0.000
2026-06-20T11:15:00,3.910,0.00,0.000
2026-06-20T11:00:00,3.910,0.00,0.000
2026-06-20T10:45:00,3.910,0.00,0.000
2026-06-20T10:30:00,3.910,0.00,0.000
2026-06-20T10:15:00,3.910,0.00,0.000
2026-06-20T10:00:00,3.910,0.00,0.000
2026-06-20T09:45:00,3.910,0.00,0.000
2026-06-20T09:30:00,3.910,0.00,0.000
2026-06-20T09:15:00,3.910,0.00,0.000
2026-06-20T09:00:00,3.920,0.00,0.000
2026-06-20T08:45:00,3.920,0.00,0.000
2026-06-20T08:30:00,3.920,0.00,0.000
2026-06-20T08:15:00,3.920,0.00,0.000
2026-06-20T08:00:00,3.920,0.00,0.000
2026-06-20T07:45:00,3.920,0.00,0.000
2026-06-20T07:30:00,3.920,0.00,0.000
2026-06-20T07:15:00,3.920,0.00,0.000
2026-06-20T07:00:00,3.930,0.00,0.000
2026-06-20T06:45:00,3.930,30.80,0.000
2026-06-20T06:30:00,3.930,30.80,0.000
2026-06-20T06:15:00,3.930,0.00,0.000
2026-06-20T06:00:00,3.930,0.00,0.000
2026-06-20T05:45:00,3.930,0.00,0.000
2026-06-20T05:30:00,3.930,0.00,0.000
2026-06-20T05:15:00,3.930,0.00,0.000
2026-06-20T05:00:00,3.930,0.00,0.000
2026-06-20T04:45:00,3.930,0.00,0.000
2026-06-20T04:30:00,3.930,0.00,0.000
2026-06-20T04:15:00,3.930,0.00,0.000
2026-06-20T04:00:00,3.930,0.00,0.000
2026-06-20T03:45:00,3.930,0.00,0.000
2026-06-20T03:30:00,3.930,0.00,0.000
2026-06-20T03:15:00,3.930,0.00,0.000
2026-06-20T03:00:00,3.930,0.00,0.000
2026-06-20T02:45:00,3.920,0.00,0.000
2026-06-20T02:30:00,3.920,0.00,0.000
2026-06-20T02:15:00,3.920,0.00,0.000
2026-06-20T02:00:00,3.920,0.00,0.000
2026-06-20T01:45:00,3.920,0.00,0.000
2026-06-20T01:30:00,3.920,0.00,0.000
2026-06-20T01:15:00,3.910,0.00,0.000
2026-06-20T01:00:00,3.910,0.00,0.000
2026-06-20T00:45:00,3.910,0.00,0.000
2026-06-20T00:30:00,3.910,0.00,0.000
2026-06-20T00:15:00,3.910,0.00,0.000
2026-06-20T00:00:00,3.910,0.00,0.000
2026-06-19T23:45:00,3.910,0.00,0.000
2026-06-19T23:30:00,3.900,0.00,0.000
2026-06-19T23:15:00,3.900,48.00,0.000
2026-06-19T23:00:00,3.900,47.70,0.000
2026-06-19T22:45:00,3.900,41.40,0.000
2026-06-19T22:30:00,3.900,46.10,0.000
2026-06-19T22:15:00,3.890,48.90,0.500
2026-06-19T22:00:00,3.890,50.70,1.000
2026-06-19T21:45:00,3.880,46.40,0.500
2026-06-19T21:30:00,3.890,47.20,0.000
2026-06-19T21:15:00,3.890,46.20,0.500
2026-06-19T21:00:00,3.890,0.00,0.500
2026-06-19T20:45:00,3.870,0.00,3.000
2026-06-19T20:30:00,3.860,0.00,1.000
2026-06-19T20:15:00,3.860,30.30,1.000
2026-06-19T20:00:00,3.850,67.20,0.000
2026-06-19T19:45:00,3.860,0.00,0.000
2026-06-19T19:30:00,3.850,0.00,0.000
2026-06-19T19:15:00,3.850,0.00,0.000
2026-06-19T19:00:00,3.850,0.00,0.000
2026-06-19T18:45:00,3.850,0.00,0.000
2026-06-19T18:30:00,3.850,0.00,0.000
2026-06-19T18:15:00,3.850,0.00,0.000
2026-06-19T18:00:00,3.850,0.00,0.000
2026-06-19T17:45:00,3.850,0.00,0.000
2026-06-19T17:30:00,3.840,0.00,0.000
2026-06-19T17:15:00,3.840,0.00,0.000
2026-06-19T17:00:00,3.840,0.00,0.000
2026-06-19T16:45:00,3.840,0.00,0.000
2026-06-19T16:30:00,3.840,31.10,0.000
2026-06-19T16:15:00,3.840,0.00,0.000
2026-06-19T16:00:00,3.830,0.00,0.000
2026-06-19T15:45:00,3.830,0.00,0.000
2026-06-19T15:30:00,3.830,37.20,0.000
2026-06-19T15:15:00,3.830,49.50,0.000
2026-06-19T15:00:00,3.830,0.00,0.000
2026-06-19T14:45:00,3.830,0.00,0.000
2026-06-19T14:30:00,3.820,0.00,0.000
2026-06-19T14:15:00,3.820,0.00,0.000
2026-06-19T14:00:00,3.820,0.00,0.000
2026-06-19T13:45:00,3.820,0.00,0.000
2026-06-19T13:30:00,3.820,0.00,0.000
2026-06-19T13:15:00,3.810,0.00,0.000
2026-06-19T13:00:00,3.810,0.00,0.000
2026-06-19T12:45:00,3.810,0.00,0.000
2026-06-19T12:30:00,3.810,0.00,0.000
2026-06-19T12:15:00,3.800,0.00,0.000
2026-06-19T12:00:00,3.800,0.00,0.000
2026-06-19T11:45:00,3.800,0.00,0.000
2026-06-19T11:30:00,3.800,0.00,0.000
2026-06-19T11:15:00,3.800,0.00,0.000
2026-06-19T11:00:00,3.800,0.00,0.000
2026-06-19T10:45:00,3.800,0.00,0.000
2026-06-19T10:30:00,3.800,0.00,0.000
2026-06-19T10:15:00,3.800,0.00,0.000
2026-06-19T10:00:00,3.800,0.00,0.000
2026-06-19T09:45:00,3.800,0.00,0.000
2026-06-19T09:30:00,3.800,0.00,0.000
2026-06-19T09:15:00,3.790,0.00,0.000
2026-06-19T09:00:00,3.790,0.00,0.000
2026-06-19T08:45:00,3.790,0.00,0.000
2026-06-19T08:30:00,3.790,0.00,0.000
2026-06-19T08:15:00,3.790,0.00,0.000
2026-06-19T08:00:00,3.790,0.00,0.000
2026-06-19T07:45:00,3.790,0.00,0.000
2026-06-19T07:30:00,3.790,0.00,0.000
2026-06-19T07:15:00,3.790,0.00,0.000
2026-06-19T07:00:00,3.780,0.00,0.000
2026-06-19T06:45:00,3.780,0.00,0.000
2026-06-19T06:30:00,3.780,0.00,0.000
2026-06-19T06:15:00,3.780,0.00,0.000
2026-06-19T06:00:00,3.780,0.00,0.000
2026-06-19T05:45:00,3.780,0.00,0.000
2026-06-19T05:30:00,3.780,0.00,0.000
2026-06-19T05:15:00,3.780,0.00,0.000
2026-06-19T05:00:00,3.770,0.00,0.000
2026-06-19T04:45:00,3.770,0.00,0.000
2026-06-19T04:30:00,3.770,0.00,0.000
2026-06-19T04:15:00,3.770,0.00,0.000
2026-06-19T04:00:00,3.770,0.00,0.000
2026-06-19T03:45:00,3.770,0.00,0.000
2026-06-19T03:30:00,3.770,0.00,0.000
2026-06-19T03:15:00,3.770,0.00,0.000
2026-06-19T03:00:00,3.770,0.00,0.000
2026-06-19T02:45:00,3.770,0.00,0.000
2026-06-19T02:30:00,3.760,0.00,0.000
2026-06-19T02:15:00,3.760,0.00,0.000
2026-06-19T02:00:00,3.760,0.00,0.000
2026-06-19T01:45:00,3.760,0.00,0.000
2026-06-19T01:30:00,3.760,0.00,0.000
2026-06-19T01:15:00,3.760,0.00,0.000
2026-06-19T01:00:00,3.750,0.00,0.000
2026-06-19T00:45:00,3.750,0.00,0.000
2026-06-19T00:30:00,3.750,0.00,0.000
2026-06-19T00:15:00,3.750,0.00,0.000
2026-06-19T00:00:00,3.750,0.00,0.000
2026-06-18T23:45:00,3.740,0.00,0.000
2026-06-18T23:30:00,3.740,0.00,0.000
2026-06-18T23:15:00,3.740,0.00,0.000
2026-06-18T23:00:00,3.740,0.00,0.000
2026-06-18T22:45:00,3.740,0.00,0.000
2026-06-18T22:30:00,3.740,0.00,0.000
2026-06-18T22:15:00,3.730,0.00,0.000
2026-06-18T22:00:00,3.730,0.00,0.000
2026-06-18T21:45:00,3.730,0.00,0.000
2026-06-18T21:30:00,3.730,0.00,0.000
2026-06-18T21:15:00,3.730,0.00,0.000
2026-06-18T21:00:00,3.720,0.00,0.500
2026-06-18T20:45:00,3.710,0.00,0.000
2026-06-18T20:30:00,3.710,45.10,0.500
2026-06-18T20:15:00,3.710,0.00,0.000
2026-06-18T20:00:00,3.700,0.00,0.000
2026-06-18T19:45:00,3.700,0.00,0.500
2026-06-18T19:30:00,3.690,0.00,0.000
2026-06-18T19:15:00,3.690,40.40,0.500
2026-06-18T19:00:00,3.680,0.00,8.000
2026-06-18T18:45:00,3.680,0.00,1.000
2026-06-18T18:30:00,3.680,0.00,0.000
2026-06-18T18:15:00,3.680,0.00,0.000
2026-06-18T18:00:00,3.680,0.00,0.000
2026-06-18T17:45:00,3.680,0.00,0.000
2026-06-18T17:30:00,3.680,0.00,0.000
2026-06-18T17:15:00,3.670,0.00,0.000
2026-06-18T17:00:00,3.670,0.00,0.000
2026-06-18T16:45:00,3.670,0.00,0.000
2026-06-18T16:30:00,3.670,0.00,0.000
2026-06-18T16:15:00,3.670,0.00,0.000
2026-06-18T16:00:00,3.670,0.00,0.000
2026-06-18T15:45:00,3.670,0.00,0.000
2026-06-18T15:30:00,3.670,0.00,0.000
2026-06-18T15:15:00,3.670,0.00,0.000
2026-06-18T15:00:00,3.670,0.00,0.000
2026-06-18T14:45:00,3.670,0.00,0.000
2026-06-18T14:30:00,3.670,0.00,0.000
2026-06-18T14:15:00,3.670,0.00,0.000
2026-06-18T14:00:00,3.670,56.90,0.000
2026-06-18T13:45:00,3.670,55.90,0.000
2026-06-18T13:30:00,3.670,0.00,0.000
2026-06-18T13:15:00,3.670,0.00,0.000
2026-06-18T13:00:00,3.670,0.00,0.000
2026-06-18T12:45:00,3.670,0.00,0.000
2026-06-18T12:30:00,3.660,0.00,0.000
2026-06-18T12:15:00,3.670,0.00,0.000
2026-06-18T12:00:00,3.670,0.00,0.000
2026-06-18T11:45:00,3.670,0.00,0.000
2026-06-18T11:30:00,3.670,0.00,0.000
2026-06-18T11:15:00,3.660,0.00,0.000
2026-06-18T11:00:00,3.670,0.00,0.000
2026-06-18T10:45:00,3.660,0.00,0.000
2026-06-18T10:30:00,3.660,0.00,0.000
2026-06-18T10:15:00,3.670,0.00,0.000
2026-06-18T10:00:00,3.660,0.00,0.000
2026-06-18T09:45:00,3.660,0.00,0.500
2026-06-18T09:30:00,3.660,0.00,0.000
2026-06-18T09:15:00,3.660,0.00,0.000
2026-06-18T09:00:00,3.670,0.00,0.000
2026-06-18T08:45:00,3.660,0.00,0.000
2026-06-18T08:30:00,3.660,0.00,0.000
2026-06-18T08:15:00,3.670,0.00,0.000
2026-06-18T08:00:00,3.670,0.00,0.000
2026-06-18T07:45:00,3.670,0.00,0.000
2026-06-18T07:30:00,3.670,0.00,0.000
2026-06-18T07:15:00,3.670,0.00,0.000
2026-06-18T07:00:00,3.670,0.00,0.000
2026-06-18T06:45:00,3.670,0.00,0.000
2026-06-18T06:30:00,3.670,0.00,0.000
2026-06-18T06:15:00,3.680,0.00,0.000
2026-06-18T06:00:00,3.680,0.00,0.000
2026-06-18T05:45:00,3.680,0.00,0.000
2026-06-18T05:30:00,3.680,0.00,0.000
2026-06-18T05:15:00,3.690,0.00,0.000
2026-06-18T05:00:00,3.690,0.00,0.000
2026-06-18T04:45:00,3.690,0.00,0.000
2026-06-18T04:30:00,3.690,0.00,0.000
2026-06-18T04:15:00,3.690,0.00,0.000
2026-06-18T04:00:00,3.690,0.00,0.000
2026-06-18T03:45:00,3.690,0.00,0.000
2026-06-18T03:30:00,3.690,0.00,0.000
2026-06-18T03:15:00,3.690,0.00,0.000
2026-06-18T03:00:00,3.700,0.00,0.000
2026-06-18T02:45:00,3.700,0.00,0.000
2026-06-18T02:30:00,3.700,0.00,0.000
2026-06-18T02:15:00,3.700,0.00,0.000
2026-06-18T02:00:00,3.700,0.00,0.000
2026-06-18T01:45:00,3.700,0.00,0.000
2026-06-18T01:30:00,3.700,0.00,0.000
2026-06-18T01:15:00,3.710,0.00,0.000
2026-06-18T01:00:00,3.710,0.00,0.000
2026-06-18T00:45:00,3.710,0.00,0.000
2026-06-18T00:30:00,3.710,0.00,0.000
2026-06-18T00:15:00,3.710,0.00,0.000
2026-06-18T00:00:00,3.710,0.00,0.000
2026-06-17T23:45:00,3.710,0.00,0.000
2026-06-17T23:30:00,3.710,0.00,0.000
2026-06-17T23:15:00,3.710,0.00,0.000
2026-06-17T23:00:00,3.710,33.80,0.000
2026-06-17T22:45:00,3.720,0.00,0.000
2026-06-17T22:30:00,3.710,0.00,0.000
2026-06-17T22:15:00,3.710,0.00,0.000
2026-06-17T22:00:00,3.720,0.00,0.000
2026-06-17T21:45:00,3.710,0.00,0.500
2026-06-17T21:30:00,3.720,1,429.90,1.500
2026-06-17T21:15:00,3.720,0.00,0.000
2026-06-17T21:00:00,3.720,0.00,0.000
2026-06-17T20:45:00,3.720,0.00,0.000
2026-06-17T20:30:00,3.720,0.00,0.000
2026-06-17T20:15:00,3.720,0.00,0.000
2026-06-17T20:00:00,3.720,0.00,0.000
2026-06-17T19:45:00,3.720,0.00,0.000
2026-06-17T19:30:00,3.720,0.00,0.000
2026-06-17T19:15:00,3.720,0.00,0.000
2026-06-17T19:00:00,3.730,0.00,0.000
2026-06-17T18:45:00,3.730,0.00,0.000
2026-06-17T18:30:00,3.720,0.00,0.000
2026-06-17T18:15:00,3.730,0.00,0.000
2026-06-17T18:00:00,3.730,0.00,0.000
2026-06-17T17:45:00,3.730,0.00,0.000
2026-06-17T17:30:00,3.730,0.00,0.000
2026-06-17T17:15:00,3.730,0.00,0.000
2026-06-17T17:00:00,3.730,0.00,0.000
2026-06-17T16:45:00,3.730,0.00,0.000
2026-06-17T16:30:00,3.730,57.10,0.000
2026-06-17T16:15:00,3.740,54.10,0.000
2026-06-17T16:00:00,3.730,62.30,0.000
2026-06-17T15:45:00,3.730,45.30,0.000
2026-06-17T15:30:00,3.720,0.00,0.000
2026-06-17T15:15:00,3.730,0.00,0.000
2026-06-17T15:00:00,3.730,0.00,0.000
2026-06-17T14:45:00,3.730,57.70,0.000
2026-06-17T14:30:00,3.730,29.20,0.000
2026-06-17T14:15:00,3.740,29.20,0.000
2026-06-17T14:00:00,3.740,41.50,0.000
2026-06-17T13:45:00,3.740,29.30,0.000
2026-06-17T13:30:00,3.750,48.80,0.000
2026-06-17T13:15:00,3.750,43.20,0.000
2026-06-17T13:00:00,3.750,0.00,0.000
2026-06-17T12:45:00,3.760,0.00,0.000
2026-06-17T12:30:00,3.760,0.00,0.000
2026-06-17T12:15:00,3.770,0.00,0.000
2026-06-17T12:00:00,3.770,0.00,0.000
2026-06-17T11:45:00,3.770,127.20,0.000
2026-06-17T11:30:00,3.780,42.30,0.000
2026-06-17T11:15:00,3.780,0.00,0.000
2026-06-17T11:00:00,3.780,0.00,0.000
2026-06-17T10:45:00,3.780,0.00,0.000
2026-06-17T10:30:00,3.790,0.00,0.000
2026-06-17T10:15:00,3.790,0.00,0.000
2026-06-17T10:00:00,3.800,0.00,0.000
2026-06-17T09:45:00,3.800,0.00,0.000
2026-06-17T09:30:00,3.810,0.00,0.000
2026-06-17T09:15:00,3.810,0.00,0.000
2026-06-17T09:00:00,3.810,0.00,0.000
2026-06-17T08:45:00,3.820,0.00,0.000
2026-06-17T08:30:00,3.820,0.00,0.000
2026-06-17T08:15:00,3.830,0.00,0.000
2026-06-17T08:00:00,3.830,0.00,0.000
2026-06-17T07:45:00,3.840,0.00,0.000
2026-06-17T07:30:00,3.840,30.30,0.000
2026-06-17T07:15:00,3.850,30.20,0.000
2026-06-17T07:00:00,3.850,30.30,0.000
2026-06-17T06:45:00,3.860,0.00,0.000
2026-06-17T06:30:00,3.860,0.00,0.000
2026-06-17T06:15:00,3.860,0.00,0.000
2026-06-17T06:00:00,3.870,0.00,0.000
2026-06-17T05:45:00,3.870,0.00,0.000
2026-06-17T05:30:00,3.880,0.00,0.000
2026-06-17T05:15:00,3.880,0.00,0.000
2026-06-17T05:00:00,3.880,0.00,0.000
2026-06-17T04:45:00,3.890,0.00,0.000
2026-06-17T04:30:00,3.890,0.00,0.000
2026-06-17T04:15:00,3.890,0.00,0.000
2026-06-17T04:00:00,3.890,0.00,0.000
2026-06-17T03:45:00,3.890,0.00,0.000
2026-06-17T03:30:00,3.890,0.00,0.000
2026-06-17T03:15:00,3.890,0.00,0.000
2026-06-17T03:00:00,3.890,0.00,0.000
2026-06-17T02:45:00,3.900,0.00,0.000
2026-06-17T02:30:00,3.900,0.00,0.000
2026-06-17T02:15:00,3.900,0.00,0.000
2026-06-17T02:00:00,3.900,0.00,0.000
2026-06-17T01:45:00,3.900,0.00,0.000
2026-06-17T01:30:00,3.900,0.00,0.000
2026-06-17T01:15:00,3.900,0.00,0.000
2026-06-17T01:00:00,3.900,0.00,0.000
2026-06-17T00:45:00,3.900,0.00,0.000
2026-06-17T00:30:00,3.900,0.00,0.000
2026-06-17T00:15:00,3.900,0.00,0.000
2026-06-17T00:00:00,3.900,0.00,0.000
2026-06-16T23:45:00,3.910,0.00,0.000
2026-06-16T23:30:00,3.910,0.00,0.000
2026-06-16T23:15:00,3.910,0.00,0.000
2026-06-16T23:00:00,3.910,0.00,0.000
2026-06-16T22:45:00,3.910,0.00,0.000
2026-06-16T22:30:00,3.910,50.90,0.000
2026-06-16T22:15:00,3.910,48.70,0.000
2026-06-16T22:00:00,3.910,52.00,0.000
2026-06-16T21:45:00,3.910,57.30,0.000
2026-06-16T21:30:00,3.910,54.80,0.500
2026-06-16T21:15:00,3.900,50.20,0.000
2026-06-16T21:00:00,3.910,54.60,0.000
2026-06-16T20:45:00,3.910,0.00,0.000
2026-06-16T20:30:00,3.910,0.00,0.000
2026-06-16T20:15:00,3.910,0.00,0.000
2026-06-16T20:00:00,3.910,0.00,0.000
2026-06-16T19:45:00,3.910,0.00,0.000
2026-06-16T19:30:00,3.910,0.00,0.000
2026-06-16T19:15:00,3.910,0.00,0.000
2026-06-16T19:00:00,3.910,47.20,0.000
2026-06-16T18:45:00,3.910,38.40,0.000
2026-06-16T18:30:00,3.910,0.00,0.000
2026-06-16T18:15:00,3.910,0.00,0.000
2026-06-16T18:00:00,3.910,0.00,0.000
2026-06-16T17:45:00,3.910,0.00,0.000
2026-06-16T17:30:00,3.910,0.00,0.000
2026-06-16T17:15:00,3.910,0.00,0.000
2026-06-16T17:00:00,3.910,0.00,0.000
2026-06-16T16:45:00,3.910,54.80,0.000
2026-06-16T16:30:00,3.910,0.00,0.000
2026-06-16T16:15:00,3.910,0.00,0.000
2026-06-16T16:00:00,3.920,0.00,0.000
2026-06-16T15:45:00,3.910,0.00,0.000
2026-06-16T15:30:00,3.910,0.00,0.000
2026-06-16T15:15:00,3.920,0.00,0.000
2026-06-16T15:00:00,3.920,0.00,0.000
2026-06-16T14:45:00,3.920,0.00,0.000
2026-06-16T14:30:00,3.920,0.00,0.000
2026-06-16T14:15:00,3.910,0.00,0.000
2026-06-16T14:00:00,3.920,0.00,0.000
2026-06-16T13:45:00,3.920,0.00,0.000
2026-06-16T13:30:00,3.910,0.00,0.000
2026-06-16T13:15:00,3.910,0.00,0.000
2026-06-16T13:00:00,3.920,0.00,0.000
2026-06-16T12:45:00,3.910,0.00,0.000
2026-06-16T12:30:00,3.910,0.00,0.000
2026-06-16T12:15:00,3.920,0.00,0.000
2026-06-16T12:00:00,3.910,0.00,0.000
2026-06-16T11:45:00,3.910,0.00,0.000
2026-06-16T11:30:00,3.910,0.00,0.000
2026-06-16T11:15:00,3.920,0.00,0.000
2026-06-16T11:00:00,3.910,0.00,0.000
2026-06-16T10:45:00,3.910,0.00,0.000
2026-06-16T10:30:00,3.910,0.00,0.000
2026-06-16T10:15:00,3.910,0.00,0.000
2026-06-16T10:00:00,3.910,0.00,0.000
2026-06-16T09:45:00,3.910,0.00,0.000
2026-06-16T09:30:00,3.910,0.00,0.000
2026-06-16T09:15:00,3.910,0.00,0.000
2026-06-16T09:00:00,3.910,0.00,0.000
2026-06-16T08:45:00,3.910,0.00,0.000
2026-06-16T08:30:00,3.910,0.00,0.000
2026-06-16T08:15:00,3.910,0.00,0.000
2026-06-16T08:00:00,3.910,0.00,0.000
2026-06-16T07:45:00,3.910,0.00,0.000
2026-06-16T07:30:00,3.910,0.00,0.000
2026-06-16T07:15:00,3.910,0.00,0.000
2026-06-16T07:00:00,3.910,0.00,0.000
2026-06-16T06:45:00,3.910,33.70,0.000
2026-06-16T06:30:00,3.910,30.70,0.000
2026-06-16T06:15:00,3.910,34.30,0.000
2026-06-16T06:00:00,3.910,0.00,0.000
2026-06-16T05:45:00,3.910,0.00,0.000
2026-06-16T05:30:00,3.910,0.00,0.000
2026-06-16T05:15:00,3.900,45.70,0.000
2026-06-16T05:00:00,3.910,54.00,0.000
2026-06-16T04:45:00,3.900,0.00,0.000
2026-06-16T04:30:00,3.900,0.00,0.000
2026-06-16T04:15:00,3.900,0.00,0.000
2026-06-16T04:00:00,3.900,0.00,0.000
2026-06-16T03:45:00,3.900,0.00,0.000
2026-06-16T03:30:00,3.900,30.60,0.000
2026-06-16T03:15:00,3.900,0.00,0.000
2026-06-16T03:00:00,3.900,0.00,0.000
2026-06-16T02:45:00,3.890,0.00,0.000
2026-06-16T02:30:00,3.890,0.00,0.000
2026-06-16T02:15:00,3.890,0.00,0.000
2026-06-16T02:00:00,3.890,0.00,0.000
2026-06-16T01:45:00,3.890,0.00,0.000
2026-06-16T01:30:00,3.890,194.70,0.000
2026-06-16T01:15:00,3.890,0.00,0.000
2026-06-16T01:00:00,3.890,0.00,0.000
2026-06-16T00:45:00,3.890,0.00,0.000
2026-06-16T00:30:00,3.880,0.00,0.000
2026-06-16T00:15:00,3.880,52.20,0.000
2026-06-16T00:00:00,3.880,378.30,0.000
2026-06-15T23:45:00,3.880,47.20,0.000
2026-06-15T23:30:00,3.880,49.30,0.000
2026-06-15T23:15:00,3.880,0.00,0.000
2026-06-15T23:00:00,3.880,0.00,0.000
2026-06-15T22:45:00,3.870,0.00,0.000
2026-06-15T22:30:00,3.880,50.40,0.000
2026-06-15T22:15:00,3.870,147.90,0.000
2026-06-15T22:00:00,3.870,58.80,0.000
2026-06-15T21:45:00,3.860,30.30,0.000
2026-06-15T21:30:00,3.880,41.30,0.000
2026-06-15T21:15:00,3.870,42.30,0.000
2026-06-15T21:00:00,3.870,0.00,0.000
2026-06-15T20:45:00,3.870,0.00,0.000
2026-06-15T20:30:00,3.870,0.00,0.000
2026-06-15T20:15:00,3.860,0.00,0.000
2026-06-15T20:00:00,3.860,0.00,0.000
2026-06-15T19:45:00,3.850,0.00,0.000
2026-06-15T19:30:00,3.850,0.00,0.000
2026-06-15T19:15:00,3.850,0.00,0.000
2026-06-15T19:00:00,3.840,0.00,0.000
2026-06-15T18:45:00,3.830,0.00,0.000
2026-06-15T18:30:00,3.830,0.00,0.000
2026-06-15T18:15:00,3.830,0.00,0.000
2026-06-15T18:00:00,3.820,0.00,0.000
2026-06-15T17:45:00,3.820,0.00,0.000
2026-06-15T17:30:00,3.810,0.00,0.000
2026-06-15T17:15:00,3.810,0.00,0.000
2026-06-15T17:00:00,3.810,0.00,0.000
2026-06-15T16:45:00,3.820,0.00,0.000
2026-06-15T16:30:00,3.810,0.00,0.000
2026-06-15T16:15:00,3.800,0.00,0.000
2026-06-15T16:00:00,3.800,0.00,0.000
2026-06-15T15:45:00,3.800,0.00,0.000
2026-06-15T15:30:00,3.790,0.00,0.000
2026-06-15T15:15:00,3.790,0.00,0.000
2026-06-15T15:00:00,3.780,0.00,0.000
2026-06-15T14:45:00,3.780,0.00,0.000
2026-06-15T14:30:00,3.770,0.00,0.000
2026-06-15T14:15:00,3.770,0.00,0.000
2026-06-15T14:00:00,3.760,0.00,0.000
2026-06-15T13:45:00,3.750,0.00,0.000
2026-06-15T13:30:00,3.750,0.00,0.000
2026-06-15T13:15:00,3.750,0.00,0.000
2026-06-15T13:00:00,3.740,0.00,0.000
2026-06-15T12:45:00,3.730,0.00,0.000
2026-06-15T12:30:00,3.730,0.00,0.000
2026-06-15T12:15:00,3.720,0.00,0.000
2026-06-15T12:00:00,3.720,0.00,0.000
2026-06-15T11:45:00,3.710,0.00,0.000
2026-06-15T11:30:00,3.700,0.00,0.000
2026-06-15T11:15:00,3.700,0.00,0.000
2026-06-15T11:00:00,3.690,0.00,0.000
2026-06-15T10:45:00,3.680,0.00,0.000
2026-06-15T10:30:00,3.680,0.00,0.000
2026-06-15T10:15:00,3.670,0.00,0.000
2026-06-15T10:00:00,3.670,0.00,0.000
2026-06-15T09:45:00,3.660,0.00,0.000
2026-06-15T09:30:00,3.650,0.00,0.000
2026-06-15T09:15:00,3.640,0.00,0.000
2026-06-15T09:00:00,3.640,0.00,0.000
2026-06-15T08:45:00,3.630,0.00,0.000
2026-06-15T08:30:00,3.630,0.00,0.000
2026-06-15T08:15:00,3.630,0.00,0.000
2026-06-15T08:00:00,3.630,0.00,0.000
2026-06-15T07:45:00,3.640,0.00,0.000
2026-06-15T07:30:00,3.640,0.00,0.000
2026-06-15T07:15:00,3.640,0.00,0.000
2026-06-15T07:00:00,3.640,0.00,0.000
2026-06-15T06:45:00,3.650,0.00,0.000
2026-06-15T06:30:00,3.650,0.00,0.000
2026-06-15T06:15:00,3.650,0.00,0.000
2026-06-15T06:00:00,3.650,0.00,0.000
2026-06-15T05:45:00,3.660,0.00,0.500
2026-06-15T05:30:00,3.660,0.00,0.000
2026-06-15T05:15:00,3.670,0.00,0.000
2026-06-15T05:00:00,3.670,0.00,0.000
2026-06-15T04:45:00,3.670,0.00,0.000
2026-06-15T04:30:00,3.680,0.00,0.000
2026-06-15T04:15:00,3.680,0.00,0.500
2026-06-15T04:00:00,3.680,0.00,1.000
2026-06-15T03:45:00,3.680,0.00,1.000
2026-06-15T03:30:00,3.680,37.70,1.000
2026-06-15T03:15:00,3.680,0.00,1.500
2026-06-15T03:00:00,3.690,0.00,1.000
2026-06-15T02:45:00,3.690,0.00,0.000
2026-06-15T02:30:00,3.690,0.00,0.000
2026-06-15T02:15:00,3.690,0.00,0.500
2026-06-15T02:00:00,3.700,0.00,0.500
2026-06-15T01:45:00,3.710,0.00,0.500
2026-06-15T01:30:00,3.700,0.00,2.000
2026-06-15T01:15:00,3.700,0.00,1.000
2026-06-15T01:00:00,3.710,0.00,0.500
2026-06-15T00:45:00,3.710,347.70,4.500
2026-06-15T00:30:00,3.700,351.80,5.500
2026-06-15T00:15:00,3.710,0.00,7.500
2026-06-15T00:00:00,3.710,0.00,0.000
2026-06-26T10:00:00,3.980,46.50,0.000
2026-06-26T09:45:00,3.990,0.00,0.000
2026-06-26T09:30:00,3.990,0.00,0.000
2026-06-26T09:15:00,3.990,0.00,0.000
2026-06-26T09:00:00,3.990,31.40,0.000
2026-06-26T08:45:00,3.990,0.00,0.000
2026-06-26T08:30:00,4.000,0.00,0.000
2026-06-26T08:15:00,4.000,0.00,0.000
2026-06-26T08:00:00,4.000,31.50,0.000
2026-06-26T07:45:00,4.010,31.50,0.000
2026-06-26T07:30:00,4.010,31.50,0.000
2026-06-26T07:15:00,4.020,31.40,0.000
2026-06-26T07:00:00,4.020,31.50,0.000
2026-06-26T06:45:00,4.030,31.50,0.000
2026-06-26T06:30:00,4.030,31.50,0.000
2026-06-26T06:15:00,4.030,0.00,0.000
2026-06-26T06:00:00,4.040,0.00,0.000
2026-06-26T05:45:00,4.050,0.00,0.000
2026-06-26T05:30:00,4.050,0.00,0.000
2026-06-26T05:15:00,4.060,0.00,0.000
2026-06-26T05:00:00,4.060,0.00,0.000
2026-06-26T04:45:00,4.060,0.00,0.000
2026-06-26T04:30:00,4.060,0.00,0.000
2026-06-26T04:15:00,4.060,0.00,0.000
2026-06-26T04:00:00,4.050,0.00,0.000
2026-06-26T03:45:00,4.050,0.00,0.000
2026-06-26T03:30:00,4.050,0.00,0.000
2026-06-26T03:15:00,4.050,0.00,0.000
2026-06-26T03:00:00,4.050,0.00,0.000
2026-06-26T02:45:00,4.050,0.00,0.000
2026-06-26T02:30:00,4.050,42.80,0.000
2026-06-26T02:15:00,4.050,0.00,0.000
2026-06-26T02:00:00,4.040,0.00,0.000
2026-06-26T01:45:00,4.040,0.00,0.000
2026-06-26T01:30:00,4.040,0.00,0.000
2026-06-26T01:15:00,4.030,0.00,0.000
2026-06-26T01:00:00,4.030,0.00,0.000
2026-06-26T00:45:00,4.030,0.00,0.000
2026-06-26T00:30:00,4.030,0.00,0.000
2026-06-26T00:15:00,4.030,0.00,0.000
2026-06-26T00:00:00,4.030,0.00,0.000
2026-06-25T23:45:00,4.030,46.90,0.000
2026-06-25T23:30:00,4.030,158.10,0.000
2026-06-25T23:15:00,4.030,47.90,0.000
2026-06-25T23:00:00,4.020,0.00,0.000
2026-06-25T22:45:00,4.020,0.00,0.000
2026-06-25T22:30:00,4.020,0.00,0.000
2026-06-25T22:15:00,4.020,0.00,0.000
2026-06-25T22:00:00,4.020,0.00,0.000
2026-06-25T21:45:00,4.010,0.00,0.000
2026-06-25T21:30:00,4.010,0.00,0.000
2026-06-25T21:15:00,4.010,0.00,0.000
2026-06-25T21:00:00,4.010,0.00,0.000
2026-06-25T20:45:00,4.000,0.00,0.000
2026-06-25T20:30:00,3.990,0.00,0.000
2026-06-25T20:15:00,3.990,47.00,0.000
2026-06-25T20:00:00,3.990,31.20,0.000
2026-06-25T19:45:00,3.980,31.20,0.000
2026-06-25T19:30:00,3.970,112.30,0.000
2026-06-25T19:15:00,3.970,31.10,0.000
2026-06-25T19:00:00,3.960,130.80,0.000
2026-06-25T18:45:00,3.950,31.00,0.000
2026-06-25T18:30:00,3.950,31.00,0.000
2026-06-25T18:15:00,3.950,30.90,0.000
2026-06-25T18:00:00,3.940,0.00,0.000
2026-06-25T17:45:00,3.940,0.00,0.000
2026-06-25T17:30:00,3.930,0.00,0.000
2026-06-25T17:15:00,3.930,0.00,0.000
2026-06-25T17:00:00,3.930,0.00,0.000
2026-06-25T16:45:00,3.930,0.00,0.000
2026-06-25T16:30:00,3.920,0.00,0.000
2026-06-25T16:15:00,3.920,0.00,0.000
2026-06-25T16:00:00,3.910,0.00,0.000
2026-06-25T15:45:00,3.910,0.00,0.000
2026-06-25T15:30:00,3.910,0.00,0.000
2026-06-25T15:15:00,3.900,0.00,0.000
2026-06-25T15:00:00,3.900,0.00,0.000
2026-06-25T14:45:00,3.890,0.00,0.000
2026-06-25T14:30:00,3.900,0.00,0.000
2026-06-25T14:15:00,3.890,0.00,0.000
2026-06-25T14:00:00,3.890,0.00,0.000
2026-06-25T13:45:00,3.880,0.00,0.000
2026-06-25T13:30:00,3.880,0.00,0.000
2026-06-25T13:15:00,3.880,0.00,0.000
2026-06-25T13:00:00,3.870,0.00,0.000
2026-06-25T12:45:00,3.870,0.00,0.000
2026-06-25T12:30:00,3.860,0.00,0.000
2026-06-25T12:15:00,3.860,0.00,0.000
2026-06-25T12:00:00,3.860,0.00,0.000
2026-06-25T11:45:00,3.850,0.00,0.000
2026-06-25T11:30:00,3.850,0.00,0.000
2026-06-25T11:15:00,3.850,0.00,0.000
2026-06-25T11:00:00,3.850,0.00,0.000
2026-06-25T10:45:00,3.850,0.00,0.000
2026-06-25T10:30:00,3.850,0.00,0.000
2026-06-25T10:15:00,3.840,0.00,0.000
2026-06-25T10:00:00,3.840,0.00,0.000
2026-06-25T09:45:00,3.840,0.00,0.000
2026-06-25T09:30:00,3.840,0.00,0.000
2026-06-25T09:15:00,3.840,0.00,0.000
2026-06-25T09:00:00,3.840,0.00,0.000
2026-06-25T08:45:00,3.840,0.00,0.000
2026-06-25T08:30:00,3.830,0.00,0.000
2026-06-25T08:15:00,3.830,0.00,0.000
2026-06-25T08:00:00,3.830,0.00,0.000
2026-06-25T07:45:00,3.830,0.00,0.000
2026-06-25T07:30:00,3.830,0.00,0.000
2026-06-25T07:15:00,3.830,0.00,0.000
2026-06-25T07:00:00,3.820,0.00,0.000
2026-06-25T06:45:00,3.820,0.00,0.000
2026-06-25T06:30:00,3.820,0.00,0.000
2026-06-25T06:15:00,3.820,0.00,0.000
2026-06-25T06:00:00,3.820,0.00,0.000
2026-06-25T05:45:00,3.810,0.00,0.000
2026-06-25T05:30:00,3.810,0.00,0.000
2026-06-25T05:15:00,3.810,0.00,0.000
2026-06-25T05:00:00,3.810,0.00,0.000
2026-06-25T04:45:00,3.800,0.00,0.000
2026-06-25T04:30:00,3.800,0.00,0.000
2026-06-25T04:15:00,3.800,29.80,0.000
2026-06-25T04:00:00,3.800,0.00,0.000
2026-06-25T03:45:00,3.790,0.00,0.000
2026-06-25T03:30:00,3.800,0.00,0.500
2026-06-25T03:15:00,3.790,0.00,0.000
2026-06-25T03:00:00,3.790,0.00,0.000
2026-06-25T02:45:00,3.790,0.00,0.000
2026-06-25T02:30:00,3.780,0.00,0.500
2026-06-25T02:15:00,3.780,40.80,0.500
2026-06-25T02:00:00,3.780,46.10,0.500
2026-06-25T01:45:00,3.780,40.30,0.000
2026-06-25T01:30:00,3.770,40.60,0.500
2026-06-25T01:15:00,3.770,1,182.80,0.500
2026-06-25T01:00:00,3.770,31.90,0.000
2026-06-25T00:45:00,3.770,1,365.30,0.500
2026-06-25T00:30:00,3.770,36.80,1.500
2026-06-25T00:15:00,3.750,46.70,2.500
2026-06-25T00:00:00,3.740,47.30,3.000
2026-06-24T23:45:00,3.740,39.50,0.000
2026-06-24T23:30:00,3.730,37.20,1.000
2026-06-24T23:15:00,3.710,47.90,2.500
2026-06-24T23:00:00,3.700,332.90,12.000
2026-06-24T22:45:00,3.690,0.00,20.000
2026-06-24T22:30:00,3.680,0.00,20.500
2026-06-24T22:15:00,3.670,0.00,5.000
2026-06-24T22:00:00,3.670,0.00,1.000
2026-06-24T21:45:00,3.670,0.00,0.000
2026-06-24T21:30:00,3.670,0.00,0.000
2026-06-24T21:15:00,3.670,0.00,0.000
2026-06-24T21:00:00,3.670,0.00,0.000
2026-06-24T20:45:00,3.680,0.00,0.000
2026-06-24T20:30:00,3.680,0.00,0.000
2026-06-24T20:15:00,3.680,0.00,0.000
2026-06-24T20:00:00,3.680,0.00,0.000
2026-06-24T19:45:00,3.680,0.00,0.000
2026-06-24T19:30:00,3.680,0.00,0.000
2026-06-24T19:15:00,3.680,0.00,0.000
2026-06-24T19:00:00,3.690,0.00,0.000
2026-06-24T18:45:00,3.690,0.00,0.000
2026-06-24T18:30:00,3.680,0.00,0.000
2026-06-24T18:15:00,3.690,0.00,0.000
2026-06-24T18:00:00,3.680,0.00,0.000
2026-06-24T17:45:00,3.690,0.00,0.000
2026-06-24T17:30:00,3.690,0.00,0.000
2026-06-24T17:15:00,3.690,0.00,0.000
2026-06-24T17:00:00,3.690,0.00,0.000
2026-06-24T16:45:00,3.690,0.00,0.000
2026-06-24T16:30:00,3.700,0.00,0.000
2026-06-24T16:15:00,3.700,0.00,0.000
2026-06-24T16:00:00,3.700,0.00,0.000
2026-06-24T15:45:00,3.700,0.00,0.000
2026-06-24T15:30:00,3.700,0.00,0.000
2026-06-24T15:15:00,3.700,0.00,0.000
2026-06-24T15:00:00,3.700,0.00,0.000
2026-06-24T14:45:00,3.710,0.00,0.000
2026-06-24T14:30:00,3.700,0.00,0.000
2026-06-24T14:15:00,3.710,0.00,0.000
2026-06-24T14:00:00,3.710,0.00,0.000
2026-06-24T13:45:00,3.710,0.00,0.000
2026-06-24T13:30:00,3.710,0.00,0.000
2026-06-24T13:15:00,3.720,0.00,0.000
2026-06-24T13:00:00,3.710,0.00,0.000
2026-06-24T12:45:00,3.720,0.00,0.000
2026-06-24T12:30:00,3.710,0.00,0.000
2026-06-24T12:15:00,3.720,0.00,0.000
2026-06-24T12:00:00,3.720,0.00,0.000
2026-06-24T11:45:00,3.720,0.00,0.000
2026-06-24T11:30:00,3.720,0.00,0.000
2026-06-24T11:15:00,3.720,0.00,0.000
2026-06-24T11:00:00,3.720,0.00,0.000
2026-06-24T10:45:00,3.730,0.00,0.000
2026-06-24T10:30:00,3.730,0.00,0.000
2026-06-24T10:15:00,3.730,0.00,0.000
2026-06-24T10:00:00,3.730,0.00,0.000
2026-06-24T09:45:00,3.730,0.00,0.000
2026-06-24T09:30:00,3.730,0.00,0.000
2026-06-24T09:15:00,3.730,0.00,0.000
2026-06-24T09:00:00,3.740,0.00,0.000
2026-06-24T08:45:00,3.740,0.00,0.000
2026-06-24T08:30:00,3.740,0.00,0.000
2026-06-24T08:15:00,3.740,0.00,0.000
2026-06-24T08:00:00,3.740,0.00,0.000
2026-06-24T07:45:00,3.740,0.00,0.000
2026-06-24T07:30:00,3.750,0.00,0.000
2026-06-24T07:15:00,3.750,0.00,0.000
2026-06-24T07:00:00,3.750,0.00,0.000
2026-06-24T06:45:00,3.750,0.00,0.000
2026-06-24T06:30:00,3.750,0.00,0.000
2026-06-24T06:15:00,3.750,0.00,0.000
2026-06-24T06:00:00,3.750,0.00,0.000
2026-06-24T05:45:00,3.750,0.00,0.000
2026-06-24T05:30:00,3.750,0.00,0.000
2026-06-24T05:15:00,3.760,0.00,0.000
2026-06-24T05:00:00,3.760,0.00,0.000
2026-06-24T04:45:00,3.760,0.00,0.000
2026-06-24T04:30:00,3.760,0.00,0.000
2026-06-24T04:15:00,3.760,0.00,0.000
2026-06-24T04:00:00,3.760,0.00,0.000
2026-06-24T03:45:00,3.760,0.00,0.000
2026-06-24T03:30:00,3.760,0.00,0.000
2026-06-24T03:15:00,3.760,0.00,0.000
2026-06-24T03:00:00,3.760,0.00,0.000
2026-06-24T02:45:00,3.760,0.00,0.000
2026-06-24T02:30:00,3.760,0.00,0.000
2026-06-24T02:15:00,3.760,0.00,0.000
2026-06-24T02:00:00,3.770,0.00,0.000
2026-06-24T01:45:00,3.770,0.00,0.000
2026-06-24T01:30:00,3.770,0.00,0.000
2026-06-24T01:15:00,3.770,0.00,0.000
2026-06-24T01:00:00,3.770,0.00,0.000
2026-06-24T00:45:00,3.770,0.00,0.000
2026-06-24T00:30:00,3.770,0.00,0.000
2026-06-24T00:15:00,3.770,0.00,0.000
2026-06-24T00:00:00,3.770,0.00,0.000
2026-06-23T23:45:00,3.770,0.00,0.000
2026-06-23T23:30:00,3.770,0.00,0.000
2026-06-23T23:15:00,3.770,0.00,0.000
2026-06-23T23:00:00,3.780,0.00,0.000
2026-06-23T22:45:00,3.780,0.00,0.000
2026-06-23T22:30:00,3.780,0.00,0.000
2026-06-23T22:15:00,3.780,0.00,0.000
2026-06-23T22:00:00,3.780,0.00,0.000
2026-06-23T21:45:00,3.780,0.00,0.000
2026-06-23T21:30:00,3.780,0.00,0.000
2026-06-23T21:15:00,3.780,64.20,0.000
2026-06-23T21:00:00,3.780,0.00,0.000
2026-06-23T20:45:00,3.780,0.00,0.000
2026-06-23T20:30:00,3.780,0.00,0.000
2026-06-23T20:15:00,3.780,0.00,0.000
2026-06-23T20:00:00,3.780,0.00,0.000
2026-06-23T19:45:00,3.780,0.00,0.000
2026-06-23T19:30:00,3.790,0.00,0.000
2026-06-23T19:15:00,3.790,0.00,0.000
2026-06-23T19:00:00,3.780,0.00,0.000
2026-06-23T18:45:00,3.790,0.00,0.000
2026-06-23T18:30:00,3.790,0.00,0.000
2026-06-23T18:15:00,3.790,42.40,0.000
2026-06-23T18:00:00,3.790,29.60,0.000
2026-06-23T17:45:00,3.790,0.00,0.000
2026-06-23T17:30:00,3.790,0.00,0.000
2026-06-23T17:15:00,3.790,0.00,0.000
2026-06-23T17:00:00,3.790,0.00,0.000
2026-06-23T16:45:00,3.790,0.00,0.000
2026-06-23T16:30:00,3.790,0.00,0.000
2026-06-23T16:15:00,3.790,0.00,0.000
2026-06-23T16:00:00,3.790,40.30,0.000
2026-06-23T15:45:00,3.800,0.00,0.000
2026-06-23T15:30:00,3.800,0.00,0.000
2026-06-23T15:15:00,3.800,0.00,0.000
2026-06-23T15:00:00,3.800,0.00,0.000
2026-06-23T14:45:00,3.790,0.00,0.000
2026-06-23T14:30:00,3.800,0.00,0.000
2026-06-23T14:15:00,3.800,0.00,0.000
2026-06-23T14:00:00,3.800,0.00,0.000
2026-06-23T13:45:00,3.800,0.00,0.000
2026-06-23T13:30:00,3.800,0.00,0.000
2026-06-23T13:15:00,3.810,0.00,0.000
2026-06-23T13:00:00,3.800,0.00,0.000
2026-06-23T12:45:00,3.810,0.00,0.000
2026-06-23T12:30:00,3.800,0.00,0.000
2026-06-23T12:15:00,3.810,0.00,0.000
2026-06-23T12:00:00,3.810,0.00,0.000
2026-06-23T11:45:00,3.810,0.00,0.000
2026-06-23T11:30:00,3.810,0.00,0.000
2026-06-23T11:15:00,3.810,0.00,0.000
2026-06-23T11:00:00,3.810,0.00,0.000
2026-06-23T10:45:00,3.810,0.00,0.000
2026-06-23T10:30:00,3.810,0.00,0.000
2026-06-23T10:15:00,3.810,0.00,0.000
2026-06-23T10:00:00,3.810,0.00,0.000
2026-06-23T09:45:00,3.820,0.00,0.000
2026-06-23T09:30:00,3.820,0.00,0.000
2026-06-23T09:15:00,3.820,0.00,0.000
2026-06-23T09:00:00,3.820,0.00,0.000
2026-06-23T08:45:00,3.820,0.00,0.000
2026-06-23T08:30:00,3.820,34.30,0.000
2026-06-23T08:15:00,3.820,0.00,0.000
2026-06-23T08:00:00,3.820,0.00,0.000
2026-06-23T07:45:00,3.820,0.00,0.000
2026-06-23T07:30:00,3.820,0.00,0.000
2026-06-23T07:15:00,3.820,0.00,0.000
2026-06-23T07:00:00,3.820,0.00,0.000
2026-06-23T06:45:00,3.820,0.00,0.000
2026-06-23T06:30:00,3.820,0.00,0.000
2026-06-23T06:15:00,3.820,0.00,0.000
2026-06-23T06:00:00,3.820,0.00,0.000
2026-06-23T05:45:00,3.820,0.00,0.000
2026-06-23T05:30:00,3.820,0.00,0.000
2026-06-23T05:15:00,3.820,0.00,0.000
2026-06-23T05:00:00,3.820,0.00,0.000
2026-06-23T04:45:00,3.820,0.00,0.000
2026-06-23T04:30:00,3.820,0.00,0.000
2026-06-23T04:15:00,3.820,0.00,0.000
2026-06-23T04:00:00,3.820,0.00,0.000
2026-06-23T03:45:00,3.830,0.00,0.000
2026-06-23T03:30:00,3.820,0.00,0.000
2026-06-23T03:15:00,3.830,0.00,0.000
2026-06-23T03:00:00,3.830,0.00,0.000
2026-06-23T02:45:00,3.830,0.00,0.000
2026-06-23T02:30:00,3.820,0.00,0.000
2026-06-23T02:15:00,3.830,0.00,0.000
2026-06-23T02:00:00,3.830,0.00,0.000
2026-06-23T01:45:00,3.830,0.00,0.000
2026-06-23T01:30:00,3.820,0.00,0.000
2026-06-23T01:15:00,3.830,0.00,0.000
2026-06-23T01:00:00,3.830,0.00,0.000
2026-06-23T00:45:00,3.830,0.00,0.000
2026-06-23T00:30:00,3.830,0.00,0.000
2026-06-23T00:15:00,3.830,0.00,0.000
2026-06-23T00:00:00,3.830,0.00,0.000
2026-06-22T23:45:00,3.830,0.00,0.000
2026-06-22T23:30:00,3.830,0.00,0.000
2026-06-22T23:15:00,3.830,0.00,0.000
2026-06-22T23:00:00,3.830,37.80,0.000
2026-06-22T22:45:00,3.830,0.00,0.000
2026-06-22T22:30:00,3.830,0.00,0.000
2026-06-22T22:15:00,3.830,0.00,0.000
2026-06-22T22:00:00,3.830,0.00,0.000
2026-06-22T21:45:00,3.830,0.00,0.000
2026-06-22T21:30:00,3.830,0.00,0.000
2026-06-22T21:15:00,3.830,0.00,0.000
2026-06-22T21:00:00,3.830,0.00,0.000
2026-06-22T20:45:00,3.830,0.00,0.000
2026-06-22T20:30:00,3.830,0.00,0.000
2026-06-22T20:15:00,3.830,0.00,0.000
2026-06-22T20:00:00,3.830,0.00,0.000
2026-06-22T19:45:00,3.830,0.00,0.000
2026-06-22T19:30:00,3.830,0.00,0.000
2026-06-22T19:15:00,3.820,0.00,0.000
2026-06-22T19:00:00,3.830,0.00,0.000
2026-06-22T18:45:00,3.820,0.00,0.000
2026-06-22T18:30:00,3.820,0.00,0.000
2026-06-22T18:15:00,3.820,0.00,0.000
2026-06-22T18:00:00,3.820,0.00,0.000
2026-06-22T17:45:00,3.820,0.00,0.000
2026-06-22T17:30:00,3.820,0.00,0.000
2026-06-22T17:15:00,3.820,0.00,0.000
2026-06-22T17:00:00,3.820,0.00,0.000
2026-06-22T16:45:00,3.820,0.00,0.000
2026-06-22T16:30:00,3.820,0.00,0.000
2026-06-22T16:15:00,3.820,0.00,0.000
2026-06-22T16:00:00,3.820,0.00,0.000
2026-06-22T15:45:00,3.820,0.00,0.000
2026-06-22T15:30:00,3.820,0.00,0.000
2026-06-22T15:15:00,3.820,0.00,0.000
2026-06-22T15:00:00,3.820,0.00,0.000
2026-06-22T14:45:00,3.820,0.00,0.000
2026-06-22T14:30:00,3.820,0.00,0.000
2026-06-22T14:15:00,3.820,0.00,0.000
2026-06-22T14:00:00,3.820,0.00,0.000
2026-06-22T13:45:00,3.820,0.00,0.000
2026-06-22T13:30:00,3.820,0.00,0.000
2026-06-22T13:15:00,3.820,0.00,0.000
2026-06-22T13:00:00,3.820,0.00,0.000
2026-06-22T12:45:00,3.820,0.00,0.000
2026-06-22T12:30:00,3.820,0.00,0.000
2026-06-22T12:15:00,3.820,0.00,0.000
2026-06-22T12:00:00,3.820,0.00,0.000
2026-06-22T11:45:00,3.820,0.00,0.000
2026-06-22T11:30:00,3.820,0.00,0.000
2026-06-22T11:15:00,3.810,0.00,0.000
2026-06-22T11:00:00,3.820,0.00,0.000
2026-06-22T10:45:00,3.820,46.30,0.000
2026-06-22T10:30:00,3.820,0.00,0.000
2026-06-22T10:15:00,3.820,0.00,0.000
2026-06-22T10:00:00,3.830,0.00,0.000
2026-06-22T09:45:00,3.820,0.00,0.000
2026-06-22T09:30:00,3.820,0.00,0.000
2026-06-22T09:15:00,3.820,0.00,0.000
2026-06-22T09:00:00,3.820,0.00,0.000
2026-06-22T08:45:00,3.820,0.00,0.000
2026-06-22T08:30:00,3.820,0.00,0.000
2026-06-22T08:15:00,3.830,0.00,0.000
2026-06-22T08:00:00,3.830,0.00,0.000
2026-06-22T07:45:00,3.840,0.00,0.000
2026-06-22T07:30:00,3.840,0.00,0.000
2026-06-22T07:15:00,3.840,0.00,0.000
2026-06-22T07:00:00,3.850,0.00,0.000
2026-06-22T06:45:00,3.850,0.00,0.000
2026-06-22T06:30:00,3.850,0.00,0.000
2026-06-22T06:15:00,3.850,0.00,0.000
2026-06-22T06:00:00,3.860,0.00,0.000
2026-06-22T05:45:00,3.860,0.00,0.000
2026-06-22T05:30:00,3.860,0.00,0.000
2026-06-22T05:15:00,3.870,0.00,0.000
2026-06-22T05:00:00,3.870,0.00,0.000
2026-06-22T04:45:00,3.870,0.00,0.000
2026-06-22T04:30:00,3.880,0.00,0.000
2026-06-22T04:15:00,3.880,0.00,0.000
2026-06-22T04:00:00,3.880,0.00,0.000
2026-06-22T03:45:00,3.880,0.00,0.000
2026-06-22T03:30:00,3.890,0.00,0.000
2026-06-22T03:15:00,3.890,0.00,0.000
2026-06-22T03:00:00,3.890,0.00,0.000
2026-06-22T02:45:00,3.900,0.00,0.000
2026-06-22T02:30:00,3.900,0.00,0.000
2026-06-22T02:15:00,3.900,0.00,0.000
2026-06-22T02:00:00,3.900,0.00,0.000
2026-06-22T01:45:00,3.910,0.00,0.000
2026-06-22T01:30:00,3.910,0.00,0.000
2026-06-22T01:15:00,3.910,0.00,0.000
2026-06-22T01:00:00,3.910,0.00,0.000
2026-06-22T00:45:00,3.920,0.00,0.000
2026-06-22T00:30:00,3.920,0.00,0.000
2026-06-22T00:15:00,3.920,0.00,0.000
2026-06-22T00:00:00,3.920,0.00,0.000
2026-07-12T23:45:00,3.860,30.30,0.000
2026-07-12T23:30:00,3.860,0.00,0.000
2026-07-12T23:15:00,3.860,0.00,0.000
2026-07-12T23:00:00,3.870,0.00,0.000
2026-07-12T22:45:00,3.870,30.50,0.000
2026-07-12T22:30:00,3.870,32.80,0.000
2026-07-12T22:15:00,3.870,42.20,0.000
2026-07-12T22:00:00,3.870,33.70,0.000
2026-07-12T21:45:00,3.870,34.20,0.000
2026-07-12T21:30:00,3.870,33.10,0.000
2026-07-12T21:15:00,3.870,35.90,0.000
2026-07-12T21:00:00,3.860,30.50,0.000
2026-07-12T20:45:00,3.860,34.00,0.000
2026-07-12T20:30:00,3.860,43.30,0.000
2026-07-12T20:15:00,3.860,54.90,0.000
2026-07-12T20:00:00,3.860,55.00,0.000
2026-07-12T19:45:00,3.860,48.90,0.000
2026-07-12T19:30:00,3.860,50.90,0.000
2026-07-12T19:15:00,3.850,42.60,0.000
2026-07-12T19:00:00,3.850,44.00,0.000
2026-07-12T18:45:00,3.850,52.60,0.000
2026-07-12T18:30:00,3.850,40.50,0.000
2026-07-12T18:15:00,3.840,42.50,0.000
2026-07-12T18:00:00,3.840,45.60,0.000
2026-07-12T17:45:00,3.840,50.60,0.000
2026-07-12T17:30:00,3.840,49.40,0.000
2026-07-12T17:15:00,3.840,54.50,0.000
2026-07-12T17:00:00,3.840,43.80,0.000
2026-07-12T16:45:00,3.830,48.60,0.000
2026-07-12T16:30:00,3.830,57.10,0.000
2026-07-12T16:15:00,3.830,54.70,0.000
2026-07-12T16:00:00,3.830,57.00,0.000
2026-07-12T15:45:00,3.830,48.80,0.000
2026-07-12T15:30:00,3.830,42.40,0.000
2026-07-12T15:15:00,3.820,46.00,0.000
2026-07-12T15:00:00,3.830,50.50,0.000
2026-07-12T14:45:00,3.830,59.30,0.000
2026-07-12T14:30:00,3.820,42.40,0.000
2026-07-12T14:15:00,3.810,53.30,0.000
2026-07-12T14:00:00,3.810,44.60,0.000
2026-07-12T13:45:00,3.800,52.80,0.000
2026-07-12T13:30:00,3.790,50.10,0.000
2026-07-12T13:15:00,3.800,45.80,0.000
2026-07-12T13:00:00,3.800,53.10,0.000
2026-07-12T12:45:00,3.790,30.60,0.000
2026-07-12T12:30:00,3.790,59.90,0.000
2026-07-12T12:15:00,3.780,46.80,0.000
2026-07-12T12:00:00,3.790,45.80,0.000
2026-07-12T11:45:00,3.790,29.80,0.000
2026-07-12T11:30:00,3.800,29.90,0.000
2026-07-12T11:15:00,3.800,0.00,0.000
2026-07-12T11:00:00,3.800,0.00,0.000
2026-07-12T10:45:00,3.800,0.00,0.000
2026-07-12T10:30:00,3.800,0.00,0.000
2026-07-12T10:15:00,3.800,0.00,0.000
2026-07-12T10:00:00,3.800,0.00,0.000
2026-07-12T09:45:00,3.800,0.00,0.000
2026-07-12T09:30:00,3.810,0.00,0.000
2026-07-12T09:15:00,3.810,0.00,0.000
2026-07-12T09:00:00,3.810,0.00,0.000
2026-07-12T08:45:00,3.810,0.00,0.000
2026-07-12T08:30:00,3.810,0.00,0.000
2026-07-12T08:15:00,3.810,0.00,0.000
2026-07-12T08:00:00,3.820,0.00,0.000
2026-07-12T07:45:00,3.820,0.00,0.000
2026-07-12T07:30:00,3.820,0.00,0.000
2026-07-12T07:15:00,3.820,0.00,0.000
2026-07-12T07:00:00,3.820,0.00,0.000
2026-07-12T06:45:00,3.820,0.00,0.000
2026-07-12T06:30:00,3.820,0.00,0.000
2026-07-12T06:15:00,3.820,0.00,0.000
2026-07-12T06:00:00,3.820,0.00,0.000
2026-07-12T05:45:00,3.820,0.00,0.000
2026-07-12T05:30:00,3.820,0.00,0.000
2026-07-12T05:15:00,3.830,0.00,0.000
2026-07-12T05:00:00,3.830,245.70,0.000
2026-07-12T04:45:00,3.830,0.00,0.000
2026-07-12T04:30:00,3.830,0.00,0.000
2026-07-12T04:15:00,3.830,0.00,0.000
2026-07-12T04:00:00,3.830,0.00,0.000
2026-07-12T03:45:00,3.830,0.00,0.000
2026-07-12T03:30:00,3.830,0.00,0.000
2026-07-12T03:15:00,3.830,0.00,0.000
2026-07-12T03:00:00,3.840,0.00,0.000
2026-07-12T02:45:00,3.840,0.00,0.000
2026-07-12T02:30:00,3.840,0.00,0.000
2026-07-12T02:15:00,3.840,0.00,0.000
2026-07-12T02:00:00,3.840,0.00,0.000
2026-07-12T01:45:00,3.840,0.00,0.000
2026-07-12T01:30:00,3.840,30.30,0.000
2026-07-12T01:15:00,3.840,0.00,0.000
2026-07-12T01:00:00,3.840,0.00,0.000
2026-07-12T00:45:00,3.840,0.00,0.000
2026-07-12T00:30:00,3.840,0.00,0.000
2026-07-12T00:15:00,3.850,0.00,0.000
2026-07-12T00:00:00,3.840,0.00,0.000
2026-07-11T23:45:00,3.840,0.00,0.000
2026-07-11T23:30:00,3.840,30.80,0.000
2026-07-11T23:15:00,3.840,179.10,0.000
2026-07-11T23:00:00,3.840,30.30,0.000
2026-07-11T22:45:00,3.840,30.30,0.000
2026-07-11T22:30:00,3.840,0.00,0.000
2026-07-11T22:15:00,3.830,0.00,0.000
2026-07-11T22:00:00,3.830,0.00,0.000
2026-07-11T21:45:00,3.820,0.00,0.000
2026-07-11T21:30:00,3.820,0.00,0.000
2026-07-11T21:15:00,3.810,0.00,0.000
2026-07-11T21:00:00,3.800,0.00,0.000
2026-07-11T20:45:00,3.800,0.00,0.000
2026-07-11T20:30:00,3.790,0.00,0.000
2026-07-11T20:15:00,3.790,0.00,0.000
2026-07-11T20:00:00,3.780,0.00,0.000
2026-07-11T19:45:00,3.770,0.00,0.000
2026-07-11T19:30:00,3.770,0.00,0.000
2026-07-11T19:15:00,3.760,0.00,0.000
2026-07-11T19:00:00,3.750,0.00,0.000
2026-07-11T18:45:00,3.750,0.00,0.000
2026-07-11T18:30:00,3.730,0.00,0.000
2026-07-11T18:15:00,3.730,0.00,0.000
2026-07-11T18:00:00,3.730,0.00,0.000
2026-07-11T17:45:00,3.720,0.00,0.000
2026-07-11T17:30:00,3.710,0.00,0.000
2026-07-11T17:15:00,3.700,0.00,0.000
2026-07-11T17:00:00,3.700,0.00,0.000
2026-07-11T16:45:00,3.690,0.00,0.000
2026-07-11T16:30:00,3.680,0.00,0.000
2026-07-11T16:15:00,3.670,0.00,0.000
2026-07-11T16:00:00,3.670,0.00,0.000
2026-07-11T15:45:00,3.660,0.00,0.000
2026-07-11T15:30:00,3.660,0.00,0.000
2026-07-11T15:15:00,3.650,0.00,0.000
2026-07-11T15:00:00,3.650,0.00,0.000
2026-07-11T14:45:00,3.640,0.00,0.000
2026-07-11T14:30:00,3.630,0.00,0.000
2026-07-11T14:15:00,3.640,0.00,0.000
2026-07-11T14:00:00,3.630,0.00,0.000
2026-07-11T13:45:00,3.640,0.00,0.000
2026-07-11T13:30:00,3.640,0.00,0.000
2026-07-11T13:15:00,3.630,0.00,0.000
2026-07-11T13:00:00,3.630,0.00,0.000
2026-07-11T12:45:00,3.630,0.00,0.000
2026-07-11T12:30:00,3.640,0.00,0.000
2026-07-11T12:15:00,3.630,0.00,0.000
2026-07-11T12:00:00,3.640,0.00,0.000
2026-07-11T11:45:00,3.640,0.00,0.000
2026-07-11T11:30:00,3.640,0.00,0.000
2026-07-11T11:15:00,3.640,0.00,0.000
2026-07-11T11:00:00,3.640,0.00,0.000
2026-07-11T10:45:00,3.640,0.00,0.000
2026-07-11T10:30:00,3.640,0.00,0.000
2026-07-11T10:15:00,3.640,0.00,0.000
2026-07-11T10:00:00,3.640,0.00,0.000
2026-07-11T09:45:00,3.640,0.00,0.500
2026-07-11T09:30:00,3.640,0.00,0.000
2026-07-11T09:15:00,3.640,0.00,0.000
2026-07-11T09:00:00,3.650,0.00,0.000
2026-07-11T08:45:00,3.650,0.00,0.000
2026-07-11T08:30:00,3.640,0.00,0.000
2026-07-11T08:15:00,3.640,0.00,0.000
2026-07-11T08:00:00,3.650,0.00,0.000
2026-07-11T07:45:00,3.640,0.00,0.000
2026-07-11T07:30:00,3.650,0.00,0.000
2026-07-11T07:15:00,3.650,33.60,0.500
2026-07-11T07:00:00,3.640,0.00,0.000
2026-07-11T06:45:00,3.640,0.00,0.000
2026-07-11T06:30:00,3.640,0.00,0.000
2026-07-11T06:15:00,3.640,0.00,0.000
2026-07-11T06:00:00,3.640,45.00,0.000
2026-07-11T05:45:00,3.640,66.90,0.000
2026-07-11T05:30:00,3.650,0.00,0.000
2026-07-11T05:15:00,3.650,0.00,0.000
2026-07-11T05:00:00,3.650,0.00,0.000
2026-07-11T04:45:00,3.650,46.00,0.000
2026-07-11T04:30:00,3.650,0.00,0.000
2026-07-11T04:15:00,3.660,0.00,0.000
2026-07-11T04:00:00,3.660,0.00,0.000
2026-07-11T03:45:00,3.660,0.00,0.000
2026-07-11T03:30:00,3.670,0.00,0.000
2026-07-11T03:15:00,3.670,0.00,0.000
2026-07-11T03:00:00,3.670,0.00,0.000
2026-07-11T02:45:00,3.670,0.00,0.000
2026-07-11T02:30:00,3.670,0.00,0.000
2026-07-11T02:15:00,3.680,0.00,0.000
2026-07-11T02:00:00,3.680,0.00,0.000
2026-07-11T01:45:00,3.680,0.00,0.000
2026-07-11T01:30:00,3.680,0.00,0.000
2026-07-11T01:15:00,3.690,0.00,0.000
2026-07-11T01:00:00,3.690,0.00,0.000
2026-07-11T00:45:00,3.690,0.00,0.000
2026-07-11T00:30:00,3.690,0.00,0.000
2026-07-11T00:15:00,3.690,0.00,0.000
2026-07-11T00:00:00,3.700,0.00,0.000
2026-07-10T23:45:00,3.700,0.00,0.000
2026-07-10T23:30:00,3.700,0.00,0.000
2026-07-10T23:15:00,3.700,0.00,0.000
2026-07-10T23:00:00,3.710,0.00,0.000
2026-07-10T22:45:00,3.710,0.00,0.000
2026-07-10T22:30:00,3.710,0.00,0.000
2026-07-10T22:15:00,3.710,0.00,0.000
2026-07-10T22:00:00,3.710,0.00,0.000
2026-07-10T21:45:00,3.720,0.00,0.000
2026-07-10T21:30:00,3.720,0.00,0.000
2026-07-10T21:15:00,3.720,0.00,0.000
2026-07-10T21:00:00,3.720,0.00,0.000
2026-07-10T20:45:00,3.730,0.00,0.000
2026-07-10T20:30:00,3.730,0.00,0.000
2026-07-10T20:15:00,3.730,0.00,0.000
2026-07-10T20:00:00,3.730,0.00,0.000
2026-07-10T19:45:00,3.740,0.00,0.000
2026-07-10T19:30:00,3.740,0.00,0.000
2026-07-10T19:15:00,3.740,0.00,0.000
2026-07-10T19:00:00,3.740,0.00,0.000
2026-07-10T18:45:00,3.740,0.00,0.000
2026-07-10T18:30:00,3.740,0.00,0.000
2026-07-10T18:15:00,3.740,0.00,0.000
2026-07-10T18:00:00,3.750,0.00,0.000
2026-07-10T17:45:00,3.750,0.00,0.000
2026-07-10T17:30:00,3.750,0.00,0.000
2026-07-10T17:15:00,3.760,46.10,0.000
2026-07-10T17:00:00,3.760,66.50,0.000
2026-07-10T16:45:00,3.760,32.20,0.000
2026-07-10T16:30:00,3.760,35.30,0.000
2026-07-10T16:15:00,3.760,43.30,0.000
2026-07-10T16:00:00,3.760,0.00,0.000
2026-07-10T15:45:00,3.770,0.00,0.000
2026-07-10T15:30:00,3.770,0.00,0.000
2026-07-10T15:15:00,3.760,29.50,0.000
2026-07-10T15:00:00,3.770,37.00,0.000
2026-07-10T14:45:00,3.770,0.00,0.000
2026-07-10T14:30:00,3.770,0.00,0.000
2026-07-10T14:15:00,3.770,0.00,0.000
2026-07-10T14:00:00,3.770,29.60,0.000
2026-07-10T13:45:00,3.780,0.00,0.000
2026-07-10T13:30:00,3.780,0.00,0.000
2026-07-10T13:15:00,3.780,0.00,0.000
2026-07-10T13:00:00,3.780,0.00,0.000
2026-07-10T12:45:00,3.780,0.00,0.000
2026-07-10T12:30:00,3.780,0.00,0.000
2026-07-10T12:15:00,3.780,0.00,0.000
2026-07-10T12:00:00,3.780,0.00,0.000
2026-07-10T11:45:00,3.790,0.00,0.000
2026-07-10T11:30:00,3.790,0.00,0.000
2026-07-10T11:15:00,3.790,0.00,0.000
2026-07-10T11:00:00,3.800,0.00,0.000
2026-07-10T10:45:00,3.800,0.00,0.000
2026-07-10T10:30:00,3.800,0.00,0.000
2026-07-10T10:15:00,3.800,0.00,0.000
2026-07-10T10:00:00,3.800,0.00,0.000
2026-07-10T09:45:00,3.800,0.00,0.000
2026-07-10T09:30:00,3.800,37.00,0.000
2026-07-10T09:15:00,3.810,37.90,0.000
2026-07-10T09:00:00,3.810,34.00,0.000
2026-07-10T08:45:00,3.810,40.50,0.000
2026-07-10T08:30:00,3.810,0.00,0.000
2026-07-10T08:15:00,3.810,0.00,0.000
2026-07-10T08:00:00,3.810,0.00,0.000
2026-07-10T07:45:00,3.820,30.40,0.000
2026-07-10T07:30:00,3.820,30.60,0.000
2026-07-10T07:15:00,3.820,30.80,0.000
2026-07-10T07:00:00,3.820,44.10,0.000
2026-07-10T06:45:00,3.820,39.10,0.000
2026-07-10T06:30:00,3.820,38.20,0.000
2026-07-10T06:15:00,3.820,31.10,0.000
2026-07-10T06:00:00,3.820,0.00,0.000
2026-07-10T05:45:00,3.820,0.00,0.000
2026-07-10T05:30:00,3.830,0.00,0.000
2026-07-10T05:15:00,3.820,30.10,0.000
2026-07-10T05:00:00,3.820,0.00,0.000
2026-07-10T04:45:00,3.830,0.00,0.000
2026-07-10T04:30:00,3.830,0.00,0.000
2026-07-10T04:15:00,3.830,0.00,0.000
2026-07-10T04:00:00,3.830,0.00,0.000
2026-07-10T03:45:00,3.830,0.00,0.000
2026-07-10T03:30:00,3.830,0.00,0.000
2026-07-10T03:15:00,3.830,0.00,0.000
2026-07-10T03:00:00,3.830,0.00,0.000
2026-07-10T02:45:00,3.830,0.00,0.000
2026-07-10T02:30:00,3.830,31.30,0.000
2026-07-10T02:15:00,3.830,0.00,0.000
2026-07-10T02:00:00,3.830,0.00,0.000
2026-07-10T01:45:00,3.830,0.00,0.000
2026-07-10T01:30:00,3.830,42.20,0.000
2026-07-10T01:15:00,3.830,37.30,0.000
2026-07-10T01:00:00,3.840,38.40,0.000
2026-07-10T00:45:00,3.830,32.90,0.000
2026-07-10T00:30:00,3.830,0.00,0.000
2026-07-10T00:15:00,3.830,0.00,0.000
2026-07-10T00:00:00,3.830,0.00,0.000
2026-07-09T23:45:00,3.830,40.90,0.000
2026-07-09T23:30:00,3.830,37.00,0.000
2026-07-09T23:15:00,3.830,0.00,0.000
2026-07-09T23:00:00,3.830,0.00,0.000
2026-07-09T22:45:00,3.840,0.00,0.000
2026-07-09T22:30:00,3.830,30.20,0.000
2026-07-09T22:15:00,3.830,31.00,0.000
2026-07-09T22:00:00,3.830,35.80,0.000
2026-07-09T21:45:00,3.830,34.60,0.000
2026-07-09T21:30:00,3.830,34.80,0.000
2026-07-09T21:15:00,3.830,31.40,0.000
2026-07-09T21:00:00,3.830,31.10,0.000
2026-07-09T20:45:00,3.830,0.00,0.000
2026-07-09T20:30:00,3.830,0.00,0.000
2026-07-09T20:15:00,3.830,0.00,0.000
2026-07-09T20:00:00,3.830,0.00,0.000
2026-07-09T19:45:00,3.830,0.00,0.000
2026-07-09T19:30:00,3.830,0.00,0.000
2026-07-09T19:15:00,3.830,46.90,0.000
2026-07-09T19:00:00,3.830,36.00,0.000
2026-07-09T18:45:00,3.830,30.20,0.000
2026-07-09T18:30:00,3.830,33.70,0.000
2026-07-09T18:15:00,3.830,33.10,0.000
2026-07-09T18:00:00,3.830,31.40,0.000
2026-07-09T17:45:00,3.830,38.60,0.000
2026-07-09T17:30:00,3.830,37.90,0.000
2026-07-09T17:15:00,3.820,36.30,0.000
2026-07-09T17:00:00,3.820,38.50,0.000
2026-07-09T16:45:00,3.820,33.90,0.000
2026-07-09T16:30:00,3.820,0.00,0.000
2026-07-09T16:15:00,3.820,0.00,0.000
2026-07-09T16:00:00,3.820,0.00,0.000
2026-07-09T15:45:00,3.820,0.00,0.000
2026-07-09T15:30:00,3.820,0.00,0.000
2026-07-09T15:15:00,3.810,0.00,0.000
2026-07-09T15:00:00,3.810,32.90,0.000
2026-07-09T14:45:00,3.810,38.60,0.000
2026-07-09T14:30:00,3.800,34.80,0.000
2026-07-09T14:15:00,3.810,36.30,0.000
2026-07-09T14:00:00,3.800,29.90,0.000
2026-07-09T13:45:00,3.800,36.50,0.000
2026-07-09T13:30:00,3.800,0.00,0.000
2026-07-09T13:15:00,3.800,0.00,0.000
2026-07-09T13:00:00,3.800,0.00,0.000
2026-07-09T12:45:00,3.800,0.00,0.000
2026-07-09T12:30:00,3.790,0.00,0.000
2026-07-09T12:15:00,3.780,0.00,0.000
2026-07-09T12:00:00,3.780,40.40,0.000
2026-07-09T11:45:00,3.780,35.70,0.000
2026-07-09T11:30:00,3.780,36.50,0.000
2026-07-09T11:15:00,3.780,35.60,0.000
2026-07-09T11:00:00,3.770,37.50,0.000
2026-07-09T10:45:00,3.770,31.80,0.000
2026-07-09T10:30:00,3.770,47.30,0.000
2026-07-09T10:15:00,3.760,31.40,0.000
2026-07-09T10:00:00,3.760,29.50,0.000
2026-07-09T09:45:00,3.750,0.00,0.000
2026-07-09T09:30:00,3.750,0.00,0.000
2026-07-09T09:15:00,3.750,0.00,0.000
2026-07-09T09:00:00,3.740,0.00,0.000
2026-07-09T08:45:00,3.740,0.00,0.000
2026-07-09T08:30:00,3.730,46.40,0.000
2026-07-09T08:15:00,3.730,29.20,0.000
2026-07-09T08:00:00,3.730,29.00,0.000
2026-07-09T07:45:00,3.720,30.80,0.000
2026-07-09T07:30:00,3.710,28.90,0.000
2026-07-09T07:15:00,3.710,0.00,0.000
2026-07-09T07:00:00,3.710,0.00,0.000
2026-07-09T06:45:00,3.700,0.00,0.000
2026-07-09T06:30:00,3.700,0.00,0.000
2026-07-09T06:15:00,3.690,0.00,0.000
2026-07-09T06:00:00,3.690,0.00,0.000
2026-07-09T05:45:00,3.680,0.00,0.000
2026-07-09T05:30:00,3.680,0.00,0.000
2026-07-09T05:15:00,3.660,0.00,0.000
2026-07-09T05:00:00,3.670,0.00,0.000
2026-07-09T04:45:00,3.670,0.00,0.000
2026-07-09T04:30:00,3.670,0.00,0.000
2026-07-09T04:15:00,3.670,0.00,0.000
2026-07-09T04:00:00,3.670,0.00,0.000
2026-07-09T03:45:00,3.680,0.00,0.000
2026-07-09T03:30:00,3.680,0.00,0.000
2026-07-09T03:15:00,3.680,0.00,0.000
2026-07-09T03:00:00,3.690,0.00,0.000
2026-07-09T02:45:00,3.690,0.00,0.000
2026-07-09T02:30:00,3.700,0.00,0.000
2026-07-09T02:15:00,3.700,0.00,0.000
2026-07-09T02:00:00,3.710,0.00,0.000
2026-07-09T01:45:00,3.710,0.00,0.000
2026-07-09T01:30:00,3.710,0.00,0.000
2026-07-09T01:15:00,3.720,378.10,0.000
2026-07-09T01:00:00,3.720,31.40,0.000
2026-07-09T00:45:00,3.730,31.40,0.000
2026-07-09T00:30:00,3.730,32.90,0.000
2026-07-09T00:15:00,3.740,0.00,0.000
2026-07-09T00:00:00,3.740,0.00,0.000
2026-07-08T23:45:00,3.750,0.00,0.000
2026-07-08T23:30:00,3.750,31.90,0.000
2026-07-08T23:15:00,3.760,93.60,0.000
2026-07-08T23:00:00,3.760,46.80,0.000
2026-07-08T22:45:00,3.770,31.90,0.000
2026-07-08T22:30:00,3.770,280.90,0.000
2026-07-08T22:15:00,3.780,47.40,0.000
2026-07-08T22:00:00,3.780,51.80,0.500
2026-07-08T21:45:00,3.780,54.70,0.500
2026-07-08T21:30:00,3.790,53.80,0.000
2026-07-08T21:15:00,3.790,50.40,0.000
2026-07-08T21:00:00,3.790,57.00,0.500
2026-07-08T20:45:00,3.800,362.10,4.500
2026-07-08T20:30:00,3.800,60.30,5.000
2026-07-08T20:15:00,3.800,37.40,0.500
2026-07-08T20:00:00,3.810,38.90,0.000
2026-07-08T19:45:00,3.810,44.30,0.000
2026-07-08T19:30:00,3.820,43.80,0.000
2026-07-08T19:15:00,3.820,56.70,0.500
2026-07-08T19:00:00,3.830,35.40,0.000
2026-07-08T18:45:00,3.830,39.90,0.000
2026-07-08T18:30:00,3.840,42.00,0.000
2026-07-08T18:15:00,3.840,41.00,0.000
2026-07-08T18:00:00,3.850,38.20,0.000
2026-07-08T17:45:00,3.850,36.90,0.000
2026-07-08T17:30:00,3.860,45.70,0.000
2026-07-08T17:15:00,3.860,40.20,0.000
2026-07-08T17:00:00,3.870,41.70,0.000
2026-07-08T16:45:00,3.870,35.50,0.000
2026-07-08T16:30:00,3.870,42.50,0.000
2026-07-08T16:15:00,3.880,52.90,0.000
2026-07-08T16:00:00,3.880,53.00,0.000
2026-07-08T15:45:00,3.890,51.80,0.000
2026-07-08T15:30:00,3.890,50.50,0.000
2026-07-08T15:15:00,3.900,57.10,0.000
2026-07-08T15:00:00,3.900,52.90,0.000
2026-07-08T14:45:00,3.910,46.90,0.000
2026-07-08T14:30:00,3.910,0.00,0.000
2026-07-08T14:15:00,3.920,0.00,0.000
2026-07-08T14:00:00,3.920,0.00,0.000
2026-07-08T13:45:00,3.930,0.00,0.000
2026-07-08T13:30:00,3.930,0.00,0.000
2026-07-08T13:15:00,3.930,0.00,0.000
2026-07-08T13:00:00,3.940,0.00,0.000
2026-07-08T12:45:00,3.950,42.50,0.000
2026-07-08T12:30:00,3.950,40.30,0.000
2026-07-08T12:15:00,3.950,45.00,0.000
2026-07-08T12:00:00,3.960,0.00,0.000
2026-07-08T11:45:00,3.960,0.00,0.000
2026-07-08T11:30:00,3.970,0.00,0.000
2026-07-08T11:15:00,3.970,0.00,0.000
2026-07-08T11:00:00,3.980,0.00,0.000
2026-07-08T10:45:00,3.990,0.00,0.000
2026-07-08T10:30:00,3.990,0.00,0.000
2026-07-08T10:15:00,3.990,0.00,0.000
2026-07-08T10:00:00,3.990,0.00,0.000
2026-07-08T09:45:00,4.000,44.90,0.000
2026-07-08T09:30:00,4.010,48.90,0.000
2026-07-08T09:15:00,4.020,39.70,0.000
2026-07-08T09:00:00,4.030,37.20,0.000
2026-07-08T08:45:00,4.030,36.80,0.000
2026-07-08T08:30:00,4.030,38.00,0.000
2026-07-08T08:15:00,4.030,40.80,0.000
2026-07-08T08:00:00,4.030,42.00,0.000
2026-07-08T07:45:00,4.030,40.00,0.000
2026-07-08T07:30:00,4.030,43.00,0.000
2026-07-08T07:15:00,4.020,36.00,0.000
2026-07-08T07:00:00,4.020,44.30,0.000
2026-07-08T06:45:00,4.030,37.00,0.000
2026-07-08T06:30:00,4.020,39.30,0.000
2026-07-08T06:15:00,4.020,40.00,0.000
2026-07-08T06:00:00,4.030,56.30,0.000
2026-07-08T05:45:00,4.020,104.60,0.000
2026-07-08T05:30:00,4.020,44.80,0.000
2026-07-08T05:15:00,4.010,78.60,0.000
2026-07-08T05:00:00,4.010,39.90,0.000
2026-07-08T04:45:00,4.010,39.70,0.000
2026-07-08T04:30:00,4.000,34.00,0.000
2026-07-08T04:15:00,3.990,51.70,0.000
2026-07-08T04:00:00,3.990,43.40,0.000
2026-07-08T03:45:00,3.990,39.70,0.000
2026-07-08T03:30:00,3.980,32.80,0.000
2026-07-08T03:15:00,3.970,31.10,0.000
2026-07-08T03:00:00,3.970,47.90,0.000
2026-07-08T02:45:00,3.960,38.40,0.000
2026-07-08T02:30:00,3.960,39.50,0.000
2026-07-08T02:15:00,3.950,0.00,0.000
2026-07-08T02:00:00,3.950,0.00,0.000
2026-07-08T01:45:00,3.940,0.00,0.000
2026-07-08T01:30:00,3.930,590.30,0.000
2026-07-08T01:15:00,3.930,37.10,0.000
2026-07-08T01:00:00,3.920,34.80,0.000
2026-07-08T00:45:00,3.920,97.20,0.000
2026-07-08T00:30:00,3.910,36.00,0.000
2026-07-08T00:15:00,3.910,556.80,0.000
2026-07-08T00:00:00,3.900,38.00,0.000
2026-07-07T23:45:00,3.900,0.00,0.000
2026-07-07T23:30:00,3.890,0.00,0.000
2026-07-07T23:15:00,3.890,0.00,0.000
2026-07-07T23:00:00,3.880,0.00,0.000
2026-07-07T22:45:00,3.880,0.00,0.000
2026-07-07T22:30:00,3.870,39.40,0.000
2026-07-07T22:15:00,3.870,32.60,0.000
2026-07-07T22:00:00,3.870,0.00,0.000
2026-07-07T21:45:00,3.860,0.00,0.000
2026-07-07T21:30:00,3.860,0.00,0.000
2026-07-07T21:15:00,3.860,0.00,0.000
2026-07-07T21:00:00,3.850,0.00,0.000
2026-07-07T20:45:00,3.850,0.00,0.000
2026-07-07T20:30:00,3.850,0.00,0.000
2026-07-07T20:15:00,3.850,0.00,0.000
2026-07-07T20:00:00,3.850,0.00,0.000
2026-07-07T19:45:00,3.850,0.00,0.000
2026-07-07T19:30:00,3.850,0.00,0.000
2026-07-07T19:15:00,3.840,0.00,0.000
2026-07-07T19:00:00,3.850,0.00,0.000
2026-07-07T18:45:00,3.840,0.00,0.000
2026-07-07T18:30:00,3.840,47.80,0.000
2026-07-07T18:15:00,3.840,42.60,0.000
2026-07-07T18:00:00,3.840,36.80,0.000
2026-07-07T17:45:00,3.840,53.20,0.000
2026-07-07T17:30:00,3.840,39.30,0.000
2026-07-07T17:15:00,3.830,42.60,0.000
2026-07-07T17:00:00,3.830,46.50,0.000
2026-07-07T16:45:00,3.830,51.90,0.500
2026-07-07T16:30:00,3.830,0.00,0.000
2026-07-07T16:15:00,3.830,0.00,0.000
2026-07-07T16:00:00,3.820,0.00,0.000
2026-07-07T15:45:00,3.820,0.00,3.000
2026-07-07T15:30:00,3.820,0.00,0.000
2026-07-07T15:15:00,3.820,0.00,0.000
2026-07-07T15:00:00,3.820,0.00,0.000
2026-07-07T14:45:00,3.820,0.00,0.000
2026-07-07T14:30:00,3.820,0.00,0.000
2026-07-07T14:15:00,3.810,0.00,0.000
2026-07-07T14:00:00,3.810,0.00,0.000
2026-07-07T13:45:00,3.810,0.00,0.000
2026-07-07T13:30:00,3.810,0.00,0.000
2026-07-07T13:15:00,3.810,0.00,0.000
2026-07-07T13:00:00,3.800,0.00,0.000
2026-07-07T12:45:00,3.800,0.00,0.000
2026-07-07T12:30:00,3.800,0.00,0.000
2026-07-07T12:15:00,3.800,0.00,0.000
2026-07-07T12:00:00,3.800,46.00,0.000
2026-07-07T11:45:00,0.000,0.00,0.000
2026-07-19T23:45:00,3.910,48.00,0.000
2026-07-19T23:30:00,3.910,62.20,0.500
2026-07-19T23:15:00,3.910,32.10,0.000
2026-07-19T23:00:00,3.910,30.90,0.000
2026-07-19T22:45:00,3.910,37.40,0.000
2026-07-19T22:30:00,3.910,31.60,0.000
2026-07-19T22:15:00,3.910,31.60,0.000
2026-07-19T22:00:00,3.910,32.10,0.000
2026-07-19T21:45:00,3.910,32.50,0.000
2026-07-19T21:30:00,3.920,30.90,0.000
2026-07-19T21:15:00,3.920,80.20,0.000
2026-07-19T21:00:00,3.920,0.00,0.000
2026-07-19T20:45:00,3.920,0.00,0.000
2026-07-19T20:30:00,3.920,0.00,0.000
2026-07-19T20:15:00,3.920,0.00,0.000
2026-07-19T20:00:00,3.920,0.00,0.000
2026-07-19T19:45:00,3.920,0.00,0.000
2026-07-19T19:30:00,3.930,0.00,0.000
2026-07-19T19:15:00,3.930,39.70,0.000
2026-07-19T19:00:00,3.930,38.10,0.000
2026-07-19T18:45:00,3.930,36.00,0.000
2026-07-19T18:30:00,3.930,39.80,0.000
2026-07-19T18:15:00,3.930,35.50,0.000
2026-07-19T18:00:00,3.930,36.60,0.000
2026-07-19T17:45:00,3.930,43.30,0.000
2026-07-19T17:30:00,3.930,40.10,0.000
2026-07-19T17:15:00,3.940,43.80,0.000
2026-07-19T17:00:00,3.940,43.90,0.000
2026-07-19T16:45:00,3.940,44.90,0.000
2026-07-19T16:30:00,3.930,55.10,0.000
2026-07-19T16:15:00,3.940,60.20,0.000
2026-07-19T16:00:00,3.940,47.80,0.000
2026-07-19T15:45:00,3.940,54.80,0.000
2026-07-19T15:30:00,3.940,58.30,0.000
2026-07-19T15:15:00,3.940,58.00,0.000
2026-07-19T15:00:00,3.950,48.00,0.000
2026-07-19T14:45:00,3.940,56.30,0.000
2026-07-19T14:30:00,3.950,57.20,0.000
2026-07-19T14:15:00,3.950,60.00,0.000
2026-07-19T14:00:00,3.940,55.40,0.000
2026-07-19T13:45:00,3.940,54.90,0.000
2026-07-19T13:30:00,3.940,55.00,0.000
2026-07-19T13:15:00,3.950,54.20,0.000
2026-07-19T13:00:00,3.940,55.50,0.000
2026-07-19T12:45:00,3.950,54.80,0.000
2026-07-19T12:30:00,3.950,53.90,0.000
2026-07-19T12:15:00,3.950,54.00,0.000
2026-07-19T12:00:00,3.950,53.50,0.000
2026-07-19T11:45:00,3.940,48.60,0.000
2026-07-19T11:30:00,3.950,54.70,0.000
2026-07-19T11:15:00,3.940,52.40,0.000
2026-07-19T11:00:00,3.940,46.10,0.000
2026-07-19T10:45:00,3.950,40.50,0.000
2026-07-19T10:30:00,3.940,46.60,0.000
2026-07-19T10:15:00,3.940,31.10,0.000
2026-07-19T10:00:00,3.940,53.10,0.000
2026-07-19T09:45:00,3.940,51.30,0.000
2026-07-19T09:30:00,3.940,48.90,0.000
2026-07-19T09:15:00,3.940,43.70,0.000
2026-07-19T09:00:00,3.930,54.40,0.000
2026-07-19T08:45:00,3.930,49.30,0.000
2026-07-19T08:30:00,3.930,38.70,0.000
2026-07-19T08:15:00,3.930,44.60,0.000
2026-07-19T08:00:00,3.930,35.80,0.000
2026-07-19T07:45:00,3.930,32.30,0.000
2026-07-19T07:30:00,3.930,35.00,0.000
2026-07-19T07:15:00,3.930,36.30,0.000
2026-07-19T07:00:00,3.920,32.30,0.000
2026-07-19T06:45:00,3.920,33.30,0.000
2026-07-19T06:30:00,3.920,31.90,0.000
2026-07-19T06:15:00,3.920,33.10,0.000
2026-07-19T06:00:00,3.910,42.90,0.000
2026-07-19T05:45:00,3.910,56.90,0.000
2026-07-19T05:30:00,3.900,34.10,0.000
2026-07-19T05:15:00,3.890,44.50,0.000
2026-07-19T05:00:00,3.890,44.00,0.000
2026-07-19T04:45:00,3.900,44.70,0.000
2026-07-19T04:30:00,3.910,45.10,0.000
2026-07-19T04:15:00,3.920,46.20,0.000
2026-07-19T04:00:00,3.920,48.30,0.000
2026-07-19T03:45:00,3.930,50.00,0.000
2026-07-19T03:30:00,3.930,46.40,0.000
2026-07-19T03:15:00,3.940,51.00,0.000
2026-07-19T03:00:00,3.950,45.40,0.000
2026-07-19T02:45:00,3.950,49.60,0.000
2026-07-19T02:30:00,3.960,45.80,0.000
2026-07-19T02:15:00,3.970,49.00,0.000
2026-07-19T02:00:00,3.980,48.00,0.000
2026-07-19T01:45:00,3.980,47.10,0.000
2026-07-19T01:30:00,3.990,48.20,0.000
2026-07-19T01:15:00,4.000,51.70,0.000
2026-07-19T01:00:00,4.010,50.00,0.000
2026-07-19T00:45:00,4.010,48.90,0.000
2026-07-19T00:30:00,4.020,52.90,0.000
2026-07-19T00:15:00,4.030,49.10,0.000
2026-07-19T00:00:00,4.030,52.20,0.000
2026-07-18T23:45:00,4.040,55.40,0.000
2026-07-18T23:30:00,4.040,52.30,0.000
2026-07-18T23:15:00,4.050,51.80,0.000
2026-07-18T23:00:00,4.060,56.70,0.000
2026-07-18T22:45:00,4.060,59.20,0.000
2026-07-18T22:30:00,4.070,63.00,0.000
2026-07-18T22:15:00,4.070,55.60,0.000
2026-07-18T22:00:00,4.070,60.70,0.000
2026-07-18T21:45:00,4.080,61.70,0.000
2026-07-18T21:30:00,4.080,59.90,0.000
2026-07-18T21:15:00,4.080,58.60,0.000
2026-07-18T21:00:00,4.080,59.00,0.000
2026-07-18T20:45:00,4.080,65.00,0.000
2026-07-18T20:30:00,4.080,63.70,0.000
2026-07-18T20:15:00,4.080,57.90,0.000
2026-07-18T20:00:00,4.080,67.10,0.000
2026-07-18T19:45:00,4.080,61.60,0.000
2026-07-18T19:30:00,4.080,60.80,0.000
2026-07-18T19:15:00,4.080,58.10,0.000
2026-07-18T19:00:00,4.080,61.00,0.000
2026-07-18T18:45:00,4.080,60.40,0.000
2026-07-18T18:30:00,4.080,62.40,0.000
2026-07-18T18:15:00,4.080,58.60,0.000
2026-07-18T18:00:00,4.080,63.70,0.000
2026-07-18T17:45:00,4.080,62.50,0.000
2026-07-18T17:30:00,4.080,57.00,0.000
2026-07-18T17:15:00,4.080,61.60,0.000
2026-07-18T17:00:00,4.090,53.60,0.000
2026-07-18T16:45:00,4.080,50.40,0.000
2026-07-18T16:30:00,4.090,52.40,0.000
2026-07-18T16:15:00,4.090,55.20,0.000
2026-07-18T16:00:00,4.080,49.70,0.000
2026-07-18T15:45:00,4.080,51.30,0.000
2026-07-18T15:30:00,4.080,62.40,0.000
2026-07-18T15:15:00,4.070,50.90,0.000
2026-07-18T15:00:00,4.060,50.60,0.000
2026-07-18T14:45:00,4.060,49.00,0.000
2026-07-18T14:30:00,4.060,54.70,0.000
2026-07-18T14:15:00,4.050,48.20,0.000
2026-07-18T14:00:00,4.040,50.30,0.000
2026-07-18T13:45:00,4.040,57.00,0.000
2026-07-18T13:30:00,4.030,62.30,0.000
2026-07-18T13:15:00,4.030,46.90,0.000
2026-07-18T13:00:00,4.020,60.80,0.000
2026-07-18T12:45:00,4.020,56.50,0.000
2026-07-18T12:30:00,4.020,47.50,0.000
2026-07-18T12:15:00,4.020,51.00,0.000
2026-07-18T12:00:00,4.010,48.30,0.000
2026-07-18T11:45:00,4.010,52.70,0.000
2026-07-18T11:30:00,4.010,45.90,0.000
2026-07-18T11:15:00,4.010,38.30,0.000
2026-07-18T11:00:00,4.010,44.60,0.000
2026-07-18T10:45:00,4.010,50.50,0.000
2026-07-18T10:30:00,4.010,46.00,0.000
2026-07-18T10:15:00,4.010,50.00,0.000
2026-07-18T10:00:00,4.010,56.90,0.000
2026-07-18T09:45:00,4.010,53.50,0.000
2026-07-18T09:30:00,4.010,53.00,0.000
2026-07-18T09:15:00,4.010,47.10,0.000
2026-07-18T09:00:00,4.010,56.60,0.000
2026-07-18T08:45:00,4.010,56.90,0.000
2026-07-18T08:30:00,4.000,52.20,0.000
2026-07-18T08:15:00,4.010,51.50,0.000
2026-07-18T08:00:00,4.010,50.40,0.000
2026-07-18T07:45:00,4.000,52.40,0.000
2026-07-18T07:30:00,4.000,47.60,0.000
2026-07-18T07:15:00,4.000,50.40,0.000
2026-07-18T07:00:00,4.000,45.40,0.000
2026-07-18T06:45:00,4.000,47.80,0.000
2026-07-18T06:30:00,4.000,35.20,0.000
2026-07-18T06:15:00,4.000,52.50,0.000
2026-07-18T06:00:00,3.990,54.60,0.000
2026-07-18T05:45:00,3.990,55.90,0.000
2026-07-18T05:30:00,3.990,52.90,0.000
2026-07-18T05:15:00,3.980,51.70,0.000
2026-07-18T05:00:00,3.980,50.00,0.000
2026-07-18T04:45:00,3.970,52.60,0.000
2026-07-18T04:30:00,3.970,49.80,0.000
2026-07-18T04:15:00,3.970,50.90,0.000
2026-07-18T04:00:00,3.960,52.10,0.000
2026-07-18T03:45:00,3.950,48.70,0.000
2026-07-18T03:30:00,3.950,49.60,0.000
2026-07-18T03:15:00,3.950,52.80,0.000
2026-07-18T03:00:00,3.940,48.60,0.000
2026-07-18T02:45:00,3.940,48.40,0.000
2026-07-18T02:30:00,3.930,47.30,0.000
2026-07-18T02:15:00,3.930,46.20,0.000
2026-07-18T02:00:00,3.930,50.10,0.000
2026-07-18T01:45:00,3.920,46.50,0.000
2026-07-18T01:30:00,3.920,45.00,0.000
2026-07-18T01:15:00,3.910,43.30,0.000
2026-07-18T01:00:00,3.910,49.50,0.000
2026-07-18T00:45:00,3.910,42.00,0.000
2026-07-18T00:30:00,3.900,42.10,0.000
2026-07-18T00:15:00,3.900,51.80,0.000
2026-07-18T00:00:00,3.900,35.70,0.000
2026-07-17T23:45:00,3.900,42.40,0.000
2026-07-17T23:30:00,3.900,36.60,0.000
2026-07-17T23:15:00,3.900,41.90,0.000
2026-07-17T23:00:00,3.900,45.30,0.000
2026-07-17T22:45:00,3.890,51.70,0.000
2026-07-17T22:30:00,3.900,50.60,0.000
2026-07-17T22:15:00,3.890,59.00,0.000
2026-07-17T22:00:00,3.890,59.50,0.500
2026-07-17T21:45:00,3.890,61.90,0.000
2026-07-17T21:30:00,3.890,58.60,0.500
2026-07-17T21:15:00,3.890,62.20,0.500
2026-07-17T21:00:00,3.890,56.70,0.500
2026-07-17T20:45:00,3.900,59.50,0.500
2026-07-17T20:30:00,3.890,35.70,0.000
2026-07-17T20:15:00,3.890,61.20,0.000
2026-07-17T20:00:00,3.890,0.00,0.000
2026-07-17T19:45:00,3.900,0.00,1.000
2026-07-17T19:30:00,3.880,0.00,6.000
2026-07-17T19:15:00,3.880,66.70,3.500
2026-07-17T19:00:00,3.880,54.70,0.000
2026-07-17T18:45:00,3.880,42.20,0.000
2026-07-17T18:30:00,3.890,40.20,0.000
2026-07-17T18:15:00,3.890,39.20,0.000
2026-07-17T18:00:00,3.890,43.40,0.000
2026-07-17T17:45:00,3.890,42.60,0.000
2026-07-17T17:30:00,3.900,40.30,0.000
2026-07-17T17:15:00,3.900,45.60,0.000
2026-07-17T17:00:00,3.900,41.50,0.000
2026-07-17T16:45:00,3.900,46.60,0.000
2026-07-17T16:30:00,3.910,40.60,0.000
2026-07-17T16:15:00,3.910,42.50,0.000
2026-07-17T16:00:00,3.910,44.20,0.000
2026-07-17T15:45:00,3.910,46.70,0.000
2026-07-17T15:30:00,3.920,40.90,0.000
2026-07-17T15:15:00,3.920,46.00,0.000
2026-07-17T15:00:00,3.920,43.90,0.000
2026-07-17T14:45:00,3.930,40.00,0.000
2026-07-17T14:30:00,3.930,39.70,0.000
2026-07-17T14:15:00,3.920,38.90,0.000
2026-07-17T14:00:00,3.920,57.80,0.000
2026-07-17T13:45:00,3.930,42.50,0.000
2026-07-17T13:30:00,3.920,42.80,0.000
2026-07-17T13:15:00,3.920,39.50,0.000
2026-07-17T13:00:00,3.920,37.90,0.000
2026-07-17T12:45:00,3.920,37.00,0.000
2026-07-17T12:30:00,3.920,46.60,0.000
2026-07-17T12:15:00,3.920,38.30,0.000
2026-07-17T12:00:00,3.910,39.40,0.000
2026-07-17T11:45:00,3.910,38.90,0.000
2026-07-17T11:30:00,3.910,41.60,0.000
2026-07-17T11:15:00,3.910,35.60,0.000
2026-07-17T11:00:00,3.910,37.00,0.000
2026-07-17T10:45:00,3.910,35.70,0.000
2026-07-17T10:30:00,3.900,35.20,0.000
2026-07-17T10:15:00,3.900,36.90,0.000
2026-07-17T10:00:00,3.900,38.50,0.000
2026-07-17T09:45:00,3.890,40.50,0.000
2026-07-17T09:30:00,3.890,35.50,0.000
2026-07-17T09:15:00,3.890,34.60,0.000
2026-07-17T09:00:00,3.880,34.60,0.000
2026-07-17T08:45:00,3.880,35.60,0.000
2026-07-17T08:30:00,3.870,38.10,0.000
2026-07-17T08:15:00,3.870,35.00,0.000
2026-07-17T08:00:00,3.870,30.50,0.000
2026-07-17T07:45:00,3.860,30.50,0.000
2026-07-17T07:30:00,3.860,31.30,0.000
2026-07-17T07:15:00,3.850,30.40,0.000
2026-07-17T07:00:00,3.840,33.90,0.000
2026-07-17T06:45:00,3.840,39.40,0.000
2026-07-17T06:30:00,3.830,38.00,0.000
2026-07-17T06:15:00,3.830,36.80,0.000
2026-07-17T06:00:00,3.810,43.40,0.000
2026-07-17T05:45:00,3.800,42.80,0.000
2026-07-17T05:30:00,3.800,40.60,0.000
2026-07-17T05:15:00,3.780,45.60,0.000
2026-07-17T05:00:00,3.790,44.50,0.000
2026-07-17T04:45:00,3.790,47.40,0.000
2026-07-17T04:30:00,3.800,48.30,0.000
2026-07-17T04:15:00,3.800,48.40,0.000
2026-07-17T04:00:00,3.810,49.80,0.000
2026-07-17T03:45:00,3.810,46.80,0.000
2026-07-17T03:30:00,3.820,47.80,0.000
2026-07-17T03:15:00,3.820,51.30,0.000
2026-07-17T03:00:00,3.830,52.90,0.000
2026-07-17T02:45:00,3.830,47.90,0.000
2026-07-17T02:30:00,3.840,50.10,0.000
2026-07-17T02:15:00,3.850,47.10,0.000
2026-07-17T02:00:00,3.850,47.60,0.000
2026-07-17T01:45:00,3.860,46.50,0.000
2026-07-17T01:30:00,3.860,50.20,0.000
2026-07-17T01:15:00,3.870,47.10,0.000
2026-07-17T01:00:00,3.870,51.30,0.000
2026-07-17T00:45:00,3.880,53.00,0.000
2026-07-17T00:30:00,3.880,53.20,0.000
2026-07-17T00:15:00,3.890,52.20,0.000
2026-07-17T00:00:00,3.900,53.30,0.000
2026-07-16T23:45:00,3.900,54.60,0.000
2026-07-16T23:30:00,3.910,52.40,0.000
2026-07-16T23:15:00,3.910,53.10,0.000
2026-07-16T23:00:00,3.920,68.50,0.000
2026-07-16T22:45:00,3.920,55.40,0.000
2026-07-16T22:30:00,3.930,55.70,0.000
2026-07-16T22:15:00,3.930,54.00,0.000
2026-07-16T22:00:00,3.940,55.70,0.000
2026-07-16T21:45:00,3.950,51.40,0.000
2026-07-16T21:30:00,3.950,54.00,0.000
2026-07-16T21:15:00,3.960,54.50,0.000
2026-07-16T21:00:00,3.960,52.60,0.000
2026-07-16T20:45:00,3.970,55.70,0.000
2026-07-16T20:30:00,3.970,56.00,0.000
2026-07-16T20:15:00,3.980,56.80,0.000
2026-07-16T20:00:00,3.980,55.90,0.000
2026-07-16T19:45:00,3.990,59.80,0.000
2026-07-16T19:30:00,4.000,66.00,0.000
2026-07-16T19:15:00,4.000,59.00,0.000
2026-07-16T19:00:00,4.010,61.10,0.000
2026-07-16T18:45:00,4.010,64.20,0.000
2026-07-16T18:30:00,4.020,62.60,0.000
2026-07-16T18:15:00,4.020,62.20,0.000
2026-07-16T18:00:00,4.030,58.10,0.000
2026-07-16T17:45:00,4.030,62.30,0.000
2026-07-16T17:30:00,4.030,65.00,0.000
2026-07-16T17:15:00,4.030,0.00,0.000
2026-07-16T17:00:00,4.050,0.00,0.000
2026-07-16T16:45:00,4.030,0.00,6.000
2026-07-16T16:30:00,4.010,61.20,14.000
2026-07-16T16:15:00,4.020,64.60,0.000
2026-07-16T16:00:00,4.030,64.90,0.000
2026-07-16T15:45:00,4.030,59.40,0.000
2026-07-16T15:30:00,4.040,69.60,0.000
2026-07-16T15:15:00,4.040,73.90,0.000
2026-07-16T15:00:00,4.050,69.90,0.000
2026-07-16T14:45:00,4.050,76.50,0.000
2026-07-16T14:30:00,4.060,84.80,0.500
2026-07-16T14:15:00,4.060,86.30,1.500
2026-07-16T14:00:00,4.060,87.10,1.000
2026-07-16T13:45:00,4.070,71.00,0.000
2026-07-16T13:30:00,4.080,70.70,0.000
2026-07-16T13:15:00,4.080,70.90,0.000
2026-07-16T13:00:00,4.080,68.60,0.000
2026-07-16T12:45:00,4.090,71.30,0.000
2026-07-16T12:30:00,4.090,75.00,0.000
2026-07-16T12:15:00,4.100,69.80,0.000
2026-07-16T12:00:00,4.100,83.00,0.000
2026-07-16T11:45:00,4.110,76.60,0.000
2026-07-16T11:30:00,4.110,82.80,0.000
2026-07-16T11:15:00,4.120,76.70,0.000
2026-07-16T11:00:00,4.120,86.30,0.000
2026-07-16T10:45:00,4.120,79.20,0.000
2026-07-16T10:30:00,4.130,76.20,0.000
2026-07-16T10:15:00,4.130,74.50,0.000
2026-07-16T10:00:00,4.140,73.00,0.000
2026-07-16T09:45:00,4.140,75.60,0.000
2026-07-16T09:30:00,4.140,78.10,0.000
2026-07-16T09:15:00,4.140,85.60,0.000
2026-07-16T09:00:00,4.150,72.40,0.000
2026-07-16T08:45:00,4.150,78.80,0.000
2026-07-16T08:30:00,4.150,76.90,0.000
2026-07-16T08:15:00,4.160,81.20,0.000
2026-07-16T08:00:00,4.160,80.70,0.000
2026-07-16T07:45:00,4.160,80.60,0.000
2026-07-16T07:30:00,4.170,80.20,0.000
2026-07-16T07:15:00,4.170,86.80,0.000
2026-07-16T07:00:00,4.170,84.20,0.000
2026-07-16T06:45:00,4.180,86.00,0.000
2026-07-16T06:30:00,4.190,82.30,0.000
2026-07-16T06:15:00,4.190,80.20,0.000
2026-07-16T06:00:00,4.200,80.80,0.000
2026-07-16T05:45:00,4.200,78.40,0.000
2026-07-16T05:30:00,4.200,77.10,0.000
2026-07-16T05:15:00,4.190,79.70,0.000
2026-07-16T05:00:00,4.190,78.40,0.000
2026-07-16T04:45:00,4.190,74.10,0.000
2026-07-16T04:30:00,4.180,74.10,0.000
2026-07-16T04:15:00,4.180,79.40,0.000
2026-07-16T04:00:00,4.180,75.30,0.000
2026-07-16T03:45:00,4.170,77.30,0.000
2026-07-16T03:30:00,4.170,79.20,0.000
2026-07-16T03:15:00,4.160,76.60,0.000
2026-07-16T03:00:00,4.160,73.90,0.000
2026-07-16T02:45:00,4.150,75.40,0.000
2026-07-16T02:30:00,4.150,76.80,0.000
2026-07-16T02:15:00,4.140,74.60,0.000
2026-07-16T02:00:00,4.140,78.00,0.000
2026-07-16T01:45:00,4.140,71.40,0.000
2026-07-16T01:30:00,4.130,75.20,0.000
2026-07-16T01:15:00,4.130,78.50,0.000
2026-07-16T01:00:00,4.120,76.90,0.000
2026-07-16T00:45:00,4.120,74.90,0.000
2026-07-16T00:30:00,4.110,70.70,0.000
2026-07-16T00:15:00,4.110,76.70,0.000
2026-07-16T00:00:00,4.110,74.30,0.000
2026-07-15T23:45:00,4.100,74.90,0.000
2026-07-15T23:30:00,4.100,69.90,0.000
2026-07-15T23:15:00,4.090,72.10,0.000
2026-07-15T23:00:00,4.090,71.70,0.000
2026-07-15T22:45:00,4.090,72.40,0.000
2026-07-15T22:30:00,4.080,71.90,0.000
2026-07-15T22:15:00,4.080,74.20,0.000
2026-07-15T22:00:00,4.080,68.40,0.000
2026-07-15T21:45:00,4.080,66.10,0.000
2026-07-15T21:30:00,4.080,70.40,0.000
2026-07-15T21:15:00,4.090,71.60,0.000
2026-07-15T21:00:00,4.090,75.30,0.000
2026-07-15T20:45:00,4.090,78.00,0.500
2026-07-15T20:30:00,4.090,83.80,0.000
2026-07-15T20:15:00,4.090,80.40,0.000
2026-07-15T20:00:00,4.100,73.70,0.000
2026-07-15T19:45:00,4.100,67.50,0.500
2026-07-15T19:30:00,4.100,81.10,0.500
2026-07-15T19:15:00,4.100,65.40,0.500
2026-07-15T19:00:00,4.110,71.10,0.000
2026-07-15T18:45:00,4.110,69.30,0.000
2026-07-15T18:30:00,4.110,76.00,0.000
2026-07-15T18:15:00,4.120,73.20,0.000
2026-07-15T18:00:00,4.120,82.40,4.000
2026-07-15T17:45:00,4.110,46.50,4.000
2026-07-15T17:30:00,4.110,57.00,0.000
2026-07-15T17:15:00,4.120,59.90,0.000
2026-07-15T17:00:00,4.120,59.50,0.000
2026-07-15T16:45:00,4.130,60.40,0.000
2026-07-15T16:30:00,4.130,57.00,0.000
2026-07-15T16:15:00,4.130,62.80,0.000
2026-07-15T16:00:00,4.130,56.30,0.000
2026-07-15T15:45:00,4.140,53.30,0.000
2026-07-15T15:30:00,4.140,64.80,0.000
2026-07-15T15:15:00,4.150,58.80,0.000
2026-07-15T15:00:00,4.150,68.10,0.000
2026-07-15T14:45:00,4.150,68.00,0.000
2026-07-15T14:30:00,4.160,68.50,0.000
2026-07-15T14:15:00,4.160,71.90,0.000
2026-07-15T14:00:00,4.160,62.70,0.000
2026-07-15T13:45:00,4.160,67.40,0.000
2026-07-15T13:30:00,4.160,62.90,0.000
2026-07-15T13:15:00,4.170,62.40,0.000
2026-07-15T13:00:00,4.170,68.00,0.000
2026-07-15T12:45:00,4.170,65.30,0.000
2026-07-15T12:30:00,4.170,66.00,0.000
2026-07-15T12:15:00,4.170,75.20,0.000
2026-07-15T12:00:00,4.170,75.40,0.000
2026-07-15T11:45:00,4.170,89.90,0.500
2026-07-15T11:30:00,4.160,64.60,2.000
2026-07-15T11:15:00,4.160,65.30,0.000
2026-07-15T11:00:00,4.170,62.80,0.000
2026-07-15T10:45:00,4.170,63.80,0.000
2026-07-15T10:30:00,4.170,61.40,0.000
2026-07-15T10:15:00,4.170,59.50,0.000
2026-07-15T10:00:00,4.160,72.30,0.000
2026-07-15T09:45:00,4.160,75.50,0.000
2026-07-15T09:30:00,4.160,74.20,0.000
2026-07-15T09:15:00,4.160,78.20,0.000
2026-07-15T09:00:00,4.160,78.10,0.000
2026-07-15T08:45:00,4.160,83.40,0.000
2026-07-15T08:30:00,4.160,73.30,0.000
2026-07-15T08:15:00,4.160,71.50,0.000
2026-07-15T08:00:00,4.160,74.80,0.000
2026-07-15T07:45:00,4.160,72.80,0.000
2026-07-15T07:30:00,4.160,73.30,0.000
2026-07-15T07:15:00,4.160,75.80,0.000
2026-07-15T07:00:00,4.160,74.10,0.000
2026-07-15T06:45:00,4.160,71.90,0.000
2026-07-15T06:30:00,4.160,71.40,0.000
2026-07-15T06:15:00,4.150,72.60,0.000
2026-07-15T06:00:00,4.160,71.70,0.000
2026-07-15T05:45:00,4.160,67.00,0.000
2026-07-15T05:30:00,4.150,67.00,0.000
2026-07-15T05:15:00,4.170,63.10,0.000
2026-07-15T05:00:00,4.160,62.30,0.000
2026-07-15T04:45:00,4.150,61.90,0.000
2026-07-15T04:30:00,4.140,64.70,0.000
2026-07-15T04:15:00,4.130,64.80,0.000
2026-07-15T04:00:00,4.120,57.10,0.000
2026-07-15T03:45:00,4.110,63.10,0.000
2026-07-15T03:30:00,4.100,63.40,0.000
2026-07-15T03:15:00,4.100,59.60,0.000
2026-07-15T03:00:00,4.080,59.70,0.000
2026-07-15T02:45:00,4.080,61.90,0.000
2026-07-15T02:30:00,4.070,57.50,0.000
2026-07-15T02:15:00,4.060,56.60,0.000
2026-07-15T02:00:00,4.050,60.40,0.000
2026-07-15T01:45:00,4.050,61.90,0.000
2026-07-15T01:30:00,4.030,51.30,0.000
2026-07-15T01:15:00,4.030,55.00,0.000
2026-07-15T01:00:00,4.020,54.40,0.000
2026-07-15T00:45:00,4.010,52.60,0.000
2026-07-15T00:30:00,4.000,52.70,0.000
2026-07-15T00:15:00,4.000,56.10,0.000
2026-07-15T00:00:00,3.990,53.00,0.000
2026-07-14T23:45:00,3.990,51.40,0.000
2026-07-14T23:30:00,3.980,55.70,0.000
2026-07-14T23:15:00,3.980,54.50,0.000
2026-07-14T23:00:00,3.980,49.90,0.000
2026-07-14T22:45:00,3.970,53.00,0.000
2026-07-14T22:30:00,3.970,49.70,0.000
2026-07-14T22:15:00,3.970,51.20,0.000
2026-07-14T22:00:00,3.980,45.10,0.000
2026-07-14T21:45:00,3.980,63.60,0.000
2026-07-14T21:30:00,3.980,51.50,0.000
2026-07-14T21:15:00,3.990,50.20,0.000
2026-07-14T21:00:00,3.990,49.80,0.000
2026-07-14T20:45:00,3.990,64.00,0.000
2026-07-14T20:30:00,3.980,0.00,0.000
2026-07-14T20:15:00,3.980,0.00,0.000
2026-07-14T20:00:00,3.980,0.00,0.000
2026-07-14T19:45:00,3.980,0.00,0.000
2026-07-14T19:30:00,3.970,46.90,0.000
2026-07-14T19:15:00,3.970,55.60,0.000
2026-07-14T19:00:00,3.970,61.00,0.000
2026-07-14T18:45:00,3.970,55.00,0.000
2026-07-14T18:30:00,3.970,56.90,0.500
2026-07-14T18:15:00,3.970,64.40,0.000
2026-07-14T18:00:00,3.970,59.80,0.000
2026-07-14T17:45:00,3.960,64.90,0.000
2026-07-14T17:30:00,3.950,66.40,0.500
2026-07-14T17:15:00,3.960,68.20,2.000
2026-07-14T17:00:00,3.940,61.80,9.000
2026-07-14T16:45:00,3.930,60.50,8.000
2026-07-14T16:30:00,3.940,64.30,0.000
2026-07-14T16:15:00,3.930,59.00,0.000
2026-07-14T16:00:00,3.940,59.60,0.000
2026-07-14T15:45:00,3.940,53.10,0.500
2026-07-14T15:30:00,3.940,31.10,1.000
2026-07-14T15:15:00,3.940,31.60,0.000
2026-07-14T15:00:00,3.950,31.10,0.000
2026-07-14T14:45:00,3.950,59.90,0.000
2026-07-14T14:30:00,3.960,70.70,0.000
2026-07-14T14:15:00,3.950,64.20,0.000
2026-07-14T14:00:00,3.950,60.60,0.000
2026-07-14T13:45:00,3.940,58.30,0.000
2026-07-14T13:30:00,3.950,30.90,0.000
2026-07-14T13:15:00,3.940,31.00,0.000
2026-07-14T13:00:00,3.940,31.00,0.000
2026-07-14T12:45:00,3.930,43.80,0.000
2026-07-14T12:30:00,3.930,46.60,0.000
2026-07-14T12:15:00,3.930,44.50,0.500
2026-07-14T12:00:00,3.920,57.30,3.500
2026-07-14T11:45:00,3.910,0.00,7.500
2026-07-14T11:30:00,3.910,0.00,0.000
2026-07-14T11:15:00,3.910,0.00,0.000
2026-07-14T11:00:00,3.910,0.00,0.000
2026-07-14T10:45:00,3.910,0.00,0.000
2026-07-14T10:30:00,3.900,0.00,0.000
2026-07-14T10:15:00,3.900,37.30,0.000
2026-07-14T10:00:00,3.900,0.00,0.000
2026-07-14T09:45:00,3.890,0.00,0.000
2026-07-14T09:30:00,3.890,0.00,0.000
2026-07-14T09:15:00,3.890,36.10,0.000
2026-07-14T09:00:00,3.890,32.80,0.000
2026-07-14T08:45:00,3.890,35.70,0.000
2026-07-14T08:30:00,3.880,30.60,0.000
2026-07-14T08:15:00,3.880,0.00,0.000
2026-07-14T08:00:00,3.880,0.00,0.000
2026-07-14T07:45:00,3.870,0.00,0.000
2026-07-14T07:30:00,3.870,30.50,0.000
2026-07-14T07:15:00,3.870,49.80,0.000
2026-07-14T07:00:00,3.860,0.00,0.000
2026-07-14T06:45:00,3.860,0.00,0.000
2026-07-14T06:30:00,3.860,0.00,0.000
2026-07-14T06:15:00,3.850,30.50,0.000
2026-07-14T06:00:00,3.850,50.40,0.000
2026-07-14T05:45:00,3.840,48.10,0.000
2026-07-14T05:30:00,3.840,51.30,0.000
2026-07-14T05:15:00,3.830,52.50,0.000
2026-07-14T05:00:00,3.830,50.00,0.000
2026-07-14T04:45:00,3.820,50.30,0.000
2026-07-14T04:30:00,3.820,0.00,0.000
2026-07-14T04:15:00,3.820,0.00,0.000
2026-07-14T04:00:00,3.810,0.00,0.000
2026-07-14T03:45:00,3.800,0.00,0.000
2026-07-14T03:30:00,3.800,0.00,0.000
2026-07-14T03:15:00,3.800,0.00,0.000
2026-07-14T03:00:00,3.790,0.00,0.000
2026-07-14T02:45:00,3.790,0.00,0.000
2026-07-14T02:30:00,3.780,0.00,0.000
2026-07-14T02:15:00,3.780,0.00,0.000
2026-07-14T02:00:00,3.770,0.00,0.000
2026-07-14T01:45:00,3.770,0.00,0.000
2026-07-14T01:30:00,3.770,0.00,0.000
2026-07-14T01:15:00,3.760,0.00,0.000
2026-07-14T01:00:00,3.760,0.00,0.000
2026-07-14T00:45:00,3.750,0.00,0.000
2026-07-14T00:30:00,3.750,0.00,0.000
2026-07-14T00:15:00,3.750,0.00,0.000
2026-07-14T00:00:00,3.750,0.00,0.000
2026-07-13T23:45:00,3.740,0.00,0.000
2026-07-13T23:30:00,3.740,0.00,0.000
2026-07-13T23:15:00,3.740,0.00,0.000
2026-07-13T23:00:00,3.730,0.00,0.000
2026-07-13T22:45:00,3.730,0.00,0.000
2026-07-13T22:30:00,3.730,0.00,0.000
2026-07-13T22:15:00,3.730,0.00,0.000
2026-07-13T22:00:00,3.730,0.00,0.000
2026-07-13T21:45:00,3.730,0.00,0.000
2026-07-13T21:30:00,3.730,0.00,0.000
2026-07-13T21:15:00,3.730,0.00,0.000
2026-07-13T21:00:00,3.730,0.00,0.000
2026-07-13T20:45:00,3.730,0.00,0.000
2026-07-13T20:30:00,3.730,0.00,0.000
2026-07-13T20:15:00,3.730,0.00,0.000
2026-07-13T20:00:00,3.730,0.00,0.000
2026-07-13T19:45:00,3.730,0.00,0.000
2026-07-13T19:30:00,3.730,0.00,0.000
2026-07-13T19:15:00,3.720,0.00,0.000
2026-07-13T19:00:00,3.720,0.00,0.000
2026-07-13T18:45:00,3.720,0.00,0.000
2026-07-13T18:30:00,3.720,0.00,0.000
2026-07-13T18:15:00,3.720,44.60,0.000
2026-07-13T18:00:00,3.720,72.00,0.000
2026-07-13T17:45:00,3.720,0.00,0.000
2026-07-13T17:30:00,3.710,0.00,2.500
2026-07-13T17:15:00,3.720,0.00,0.000
2026-07-13T17:00:00,3.720,0.00,0.000
2026-07-13T16:45:00,3.720,0.00,0.000
2026-07-13T16:30:00,3.720,0.00,0.000
2026-07-13T16:15:00,3.720,0.00,0.000
2026-07-13T16:00:00,3.720,0.00,0.000
2026-07-13T15:45:00,3.720,0.00,0.000
2026-07-13T15:30:00,3.720,0.00,0.000
2026-07-13T15:15:00,3.720,0.00,0.000
2026-07-13T15:00:00,3.720,0.00,0.000
2026-07-13T14:45:00,3.720,0.00,0.000
2026-07-13T14:30:00,3.720,0.00,0.000
2026-07-13T14:15:00,3.720,0.00,0.000
2026-07-13T14:00:00,3.720,0.00,4.000
2026-07-13T13:45:00,3.710,0.00,11.000
2026-07-13T13:30:00,3.710,0.00,0.000
2026-07-13T13:15:00,3.710,0.00,0.000
2026-07-13T13:00:00,3.710,0.00,0.000
2026-07-13T12:45:00,3.710,0.00,0.000
2026-07-13T12:30:00,3.710,0.00,0.000
2026-07-13T12:15:00,3.720,0.00,0.000
2026-07-13T12:00:00,3.720,0.00,0.000
2026-07-13T11:45:00,3.720,0.00,0.000
2026-07-13T11:30:00,3.720,0.00,0.000
2026-07-13T11:15:00,3.720,0.00,0.000
2026-07-13T11:00:00,3.720,0.00,0.000
2026-07-13T10:45:00,3.730,0.00,0.000
2026-07-13T10:30:00,3.730,0.00,0.000
2026-07-13T10:15:00,3.730,0.00,0.000
2026-07-13T10:00:00,3.730,0.00,0.000
2026-07-13T09:45:00,3.730,0.00,0.000
2026-07-13T09:30:00,3.740,0.00,0.000
2026-07-13T09:15:00,3.740,0.00,0.000
2026-07-13T09:00:00,3.740,0.00,0.000
2026-07-13T08:45:00,3.740,0.00,0.000
2026-07-13T08:30:00,3.740,0.00,0.000
2026-07-13T08:15:00,3.750,0.00,0.000
2026-07-13T08:00:00,3.750,0.00,0.000
2026-07-13T07:45:00,3.750,0.00,0.000
2026-07-13T07:30:00,3.750,0.00,0.000
2026-07-13T07:15:00,3.750,0.00,0.000
2026-07-13T07:00:00,3.750,0.00,0.000
2026-07-13T06:45:00,3.750,0.00,0.000
2026-07-13T06:30:00,3.750,0.00,0.000
2026-07-13T06:15:00,3.760,0.00,0.000
2026-07-13T06:00:00,3.760,0.00,0.000
2026-07-13T05:45:00,3.750,0.00,0.000
2026-07-13T05:30:00,3.760,0.00,0.000
2026-07-13T05:15:00,3.760,0.00,0.000
2026-07-13T05:00:00,3.760,0.00,0.000
2026-07-13T04:45:00,3.760,0.00,0.000
2026-07-13T04:30:00,3.760,34.90,0.000
2026-07-13T04:15:00,3.770,0.00,0.000
2026-07-13T04:00:00,3.780,0.00,0.000
2026-07-13T03:45:00,3.780,0.00,0.000
2026-07-13T03:30:00,3.790,47.10,0.000
2026-07-13T03:15:00,3.790,45.60,0.000
2026-07-13T03:00:00,3.790,43.50,0.000
2026-07-13T02:45:00,3.800,41.20,0.000
2026-07-13T02:30:00,3.800,0.00,0.000
2026-07-13T02:15:00,3.810,0.00,0.000
2026-07-13T02:00:00,3.820,0.00,0.000
2026-07-13T01:45:00,3.820,30.10,0.000
2026-07-13T01:30:00,3.820,0.00,0.000
2026-07-13T01:15:00,3.830,0.00,0.000
2026-07-13T01:00:00,3.830,0.00,0.000
2026-07-13T00:45:00,3.840,0.00,0.000
2026-07-13T00:30:00,3.850,54.00,0.000
2026-07-13T00:15:00,3.850,47.60,0.000
2026-07-13T00:00:00,3.850,38.10,0.000
2026-07-26T23:45:00,4.340,0.00,0.000
2026-07-26T23:30:00,4.340,0.00,0.000
2026-07-26T23:15:00,4.340,0.00,0.000
2026-07-26T23:00:00,4.340,0.00,0.000
2026-07-26T22:45:00,4.340,0.00,0.000
2026-07-26T22:30:00,4.340,0.00,0.000
2026-07-26T22:15:00,4.340,0.00,0.000
2026-07-26T22:00:00,4.330,0.00,0.000
2026-07-26T21:45:00,4.330,0.00,0.000
2026-07-26T21:30:00,4.320,0.00,0.000
2026-07-26T21:15:00,4.320,0.00,0.000
2026-07-26T21:00:00,4.310,0.00,0.000
2026-07-26T20:45:00,4.310,0.00,0.000
2026-07-26T20:30:00,4.300,0.00,0.000
2026-07-26T20:15:00,4.290,0.00,0.000
2026-07-26T20:00:00,4.290,0.00,0.000
2026-07-26T19:45:00,4.280,0.00,0.000
2026-07-26T19:30:00,4.280,51.70,0.000
2026-07-26T19:15:00,4.270,50.40,0.000
2026-07-26T19:00:00,4.270,47.40,0.000
2026-07-26T18:45:00,4.260,63.00,0.000
2026-07-26T18:30:00,4.250,63.70,0.000
2026-07-26T18:15:00,4.240,53.20,0.000
2026-07-26T18:00:00,4.240,56.30,0.000
2026-07-26T17:45:00,4.230,67.30,0.000
2026-07-26T17:30:00,4.220,54.00,0.000
2026-07-26T17:15:00,4.210,61.30,0.000
2026-07-26T17:00:00,4.210,53.60,0.000
2026-07-26T16:45:00,4.200,50.70,0.000
2026-07-26T16:30:00,4.190,57.80,0.000
2026-07-26T16:15:00,4.180,62.20,0.000
2026-07-26T16:00:00,4.180,56.40,0.000
2026-07-26T15:45:00,4.170,50.50,0.000
2026-07-26T15:30:00,4.160,51.50,0.000
2026-07-26T15:15:00,4.150,65.60,0.000
2026-07-26T15:00:00,4.140,53.20,0.000
2026-07-26T14:45:00,4.130,70.20,0.000
2026-07-26T14:30:00,4.130,50.90,0.000
2026-07-26T14:15:00,4.120,65.40,0.000
2026-07-26T14:00:00,4.120,72.90,0.000
2026-07-26T13:45:00,4.110,60.10,0.000
2026-07-26T13:30:00,4.100,59.10,0.000
2026-07-26T13:15:00,4.100,60.60,0.000
2026-07-26T13:00:00,4.090,58.30,0.000
2026-07-26T12:45:00,4.080,54.70,0.000
2026-07-26T12:30:00,4.080,49.60,0.000
2026-07-26T12:15:00,4.080,58.30,0.000
2026-07-26T12:00:00,4.080,52.80,0.000
2026-07-26T11:45:00,4.070,53.90,0.000
2026-07-26T11:30:00,4.070,55.10,0.000
2026-07-26T11:15:00,4.070,42.60,0.000
2026-07-26T11:00:00,4.070,43.30,0.000
2026-07-26T10:45:00,4.070,34.90,0.000
2026-07-26T10:30:00,4.070,0.00,0.000
2026-07-26T10:15:00,4.070,0.00,0.000
2026-07-26T10:00:00,4.070,0.00,0.000
2026-07-26T09:45:00,4.060,0.00,0.000
2026-07-26T09:30:00,4.060,0.00,0.000
2026-07-26T09:15:00,4.060,0.00,0.000
2026-07-26T09:00:00,4.060,0.00,0.000
2026-07-26T08:45:00,4.060,0.00,0.000
2026-07-26T08:30:00,4.060,0.00,0.000
2026-07-26T08:15:00,4.060,0.00,0.000
2026-07-26T08:00:00,4.060,0.00,0.000
2026-07-26T07:45:00,4.060,0.00,0.000
2026-07-26T07:30:00,4.060,0.00,0.000
2026-07-26T07:15:00,4.060,0.00,0.000
2026-07-26T07:00:00,4.060,0.00,0.000
2026-07-26T06:45:00,4.060,31.90,0.000
2026-07-26T06:30:00,4.060,31.90,0.000
2026-07-26T06:15:00,4.060,31.90,0.000
2026-07-26T06:00:00,4.060,63.00,0.000
2026-07-26T05:45:00,4.050,31.90,0.000
2026-07-26T05:30:00,4.050,33.10,0.000
2026-07-26T05:15:00,4.040,36.40,0.000
2026-07-26T05:00:00,4.050,40.20,0.000
2026-07-26T04:45:00,4.050,38.70,0.000
2026-07-26T04:30:00,4.060,40.10,0.000
2026-07-26T04:15:00,4.070,43.40,0.000
2026-07-26T04:00:00,4.080,40.50,0.000
2026-07-26T03:45:00,4.090,42.40,0.000
2026-07-26T03:30:00,4.090,41.30,0.000
2026-07-26T03:15:00,4.100,47.30,0.000
2026-07-26T03:00:00,4.110,39.70,0.000
2026-07-26T02:45:00,4.120,44.30,0.000
2026-07-26T02:30:00,4.120,39.70,0.000
2026-07-26T02:15:00,4.130,42.20,0.000
2026-07-26T02:00:00,4.140,39.40,0.000
2026-07-26T01:45:00,4.150,44.70,0.000
2026-07-26T01:30:00,4.160,45.30,0.000
2026-07-26T01:15:00,4.160,48.60,0.000
2026-07-26T01:00:00,4.170,45.80,0.000
2026-07-26T00:45:00,4.180,46.30,0.000
2026-07-26T00:30:00,4.190,44.70,0.000
2026-07-26T00:15:00,4.200,47.80,0.000
2026-07-26T00:00:00,4.200,51.40,0.000
2026-07-25T23:45:00,4.210,49.50,0.000
2026-07-25T23:30:00,4.220,47.50,0.000
2026-07-25T23:15:00,4.230,50.80,0.000
2026-07-25T23:00:00,4.230,49.30,0.000
2026-07-25T22:45:00,4.240,49.50,0.000
2026-07-25T22:30:00,4.240,49.70,0.000
2026-07-25T22:15:00,4.240,54.40,0.000
2026-07-25T22:00:00,4.250,56.60,0.000
2026-07-25T21:45:00,4.250,46.50,0.000
2026-07-25T21:30:00,4.260,49.90,0.000
2026-07-25T21:15:00,4.260,46.90,0.000
2026-07-25T21:00:00,4.260,53.20,0.000
2026-07-25T20:45:00,4.260,62.30,0.000
2026-07-25T20:30:00,4.260,51.90,0.000
2026-07-25T20:15:00,4.260,50.30,0.000
2026-07-25T20:00:00,4.270,52.70,0.000
2026-07-25T19:45:00,4.270,40.80,0.000
2026-07-25T19:30:00,4.270,44.30,0.000
2026-07-25T19:15:00,4.280,60.30,0.000
2026-07-25T19:00:00,4.270,66.20,0.000
2026-07-25T18:45:00,4.260,65.30,0.000
2026-07-25T18:30:00,4.260,68.30,0.000
2026-07-25T18:15:00,4.260,56.60,0.000
2026-07-25T18:00:00,4.250,41.60,0.000
2026-07-25T17:45:00,4.240,36.60,0.000
2026-07-25T17:30:00,4.230,38.70,0.000
2026-07-25T17:15:00,4.230,39.20,0.000
2026-07-25T17:00:00,4.220,0.00,0.000
2026-07-25T16:45:00,4.210,0.00,0.000
2026-07-25T16:30:00,4.200,0.00,0.000
2026-07-25T16:15:00,4.190,32.70,0.000
2026-07-25T16:00:00,4.180,32.70,0.000
2026-07-25T15:45:00,4.180,0.00,0.000
2026-07-25T15:30:00,4.170,0.00,0.000
2026-07-25T15:15:00,4.160,0.00,0.000
2026-07-25T15:00:00,4.150,37.20,0.000
2026-07-25T14:45:00,4.150,42.00,0.000
2026-07-25T14:30:00,4.140,54.20,0.000
2026-07-25T14:15:00,4.130,43.90,0.000
2026-07-25T14:00:00,4.120,40.80,0.000
2026-07-25T13:45:00,4.120,33.70,0.000
2026-07-25T13:30:00,4.110,0.00,0.000
2026-07-25T13:15:00,4.100,0.00,0.000
2026-07-25T13:00:00,4.100,0.00,0.000
2026-07-25T12:45:00,4.100,0.00,0.000
2026-07-25T12:30:00,4.100,0.00,0.000
2026-07-25T12:15:00,4.090,32.10,0.000
2026-07-25T12:00:00,4.090,0.00,0.000
2026-07-25T11:45:00,4.090,0.00,0.000
2026-07-25T11:30:00,4.080,0.00,0.000
2026-07-25T11:15:00,4.070,0.00,0.000
2026-07-25T11:00:00,4.070,42.60,0.000
2026-07-25T10:45:00,4.070,31.90,0.000
2026-07-25T10:30:00,4.070,33.10,0.000
2026-07-25T10:15:00,4.060,33.40,0.000
2026-07-25T10:00:00,4.060,44.70,0.000
2026-07-25T09:45:00,4.060,40.80,0.000
2026-07-25T09:30:00,4.050,31.80,0.000
2026-07-25T09:15:00,4.040,31.80,0.000
2026-07-25T09:00:00,4.050,0.00,0.000
2026-07-25T08:45:00,4.040,0.00,0.000
2026-07-25T08:30:00,4.030,0.00,0.000
2026-07-25T08:15:00,4.030,0.00,0.000
2026-07-25T08:00:00,4.020,0.00,0.000
2026-07-25T07:45:00,4.010,0.00,0.000
2026-07-25T07:30:00,4.010,31.50,0.000
2026-07-25T07:15:00,4.000,34.50,0.000
2026-07-25T07:00:00,4.000,31.40,0.000
2026-07-25T06:45:00,3.990,31.40,0.000
2026-07-25T06:30:00,3.990,31.40,0.000
2026-07-25T06:15:00,3.980,31.30,0.000
2026-07-25T06:00:00,3.980,0.00,0.000
2026-07-25T05:45:00,3.970,0.00,0.000
2026-07-25T05:30:00,3.970,0.00,0.000
2026-07-25T05:15:00,3.970,0.00,0.000
2026-07-25T05:00:00,3.960,31.20,0.000
2026-07-25T04:45:00,3.960,31.20,0.000
2026-07-25T04:30:00,3.950,31.00,0.000
2026-07-25T04:15:00,3.950,31.10,0.000
2026-07-25T04:00:00,3.950,0.00,0.000
2026-07-25T03:45:00,3.950,0.00,0.000
2026-07-25T03:30:00,3.950,0.00,0.000
2026-07-25T03:15:00,3.950,0.00,0.000
2026-07-25T03:00:00,3.950,0.00,0.000
2026-07-25T02:45:00,3.940,0.00,0.000
2026-07-25T02:30:00,3.940,0.00,0.000
2026-07-25T02:15:00,3.940,40.40,0.000
2026-07-25T02:00:00,3.940,30.90,0.000
2026-07-25T01:45:00,3.930,0.00,0.000
2026-07-25T01:30:00,3.930,0.00,0.000
2026-07-25T01:15:00,3.930,0.00,0.000
2026-07-25T01:00:00,3.930,0.00,0.000
2026-07-25T00:45:00,3.930,0.00,0.000
2026-07-25T00:30:00,3.920,0.00,0.000
2026-07-25T00:15:00,3.920,0.00,0.000
2026-07-25T00:00:00,3.920,0.00,0.000
2026-07-24T23:45:00,3.920,0.00,0.000
2026-07-24T23:30:00,3.920,0.00,0.000
2026-07-24T23:15:00,3.910,0.00,0.000
2026-07-24T23:00:00,3.910,0.00,0.000
2026-07-24T22:45:00,3.910,0.00,0.000
2026-07-24T22:30:00,3.910,0.00,0.000
2026-07-24T22:15:00,3.910,0.00,0.000
2026-07-24T22:00:00,3.900,30.80,0.000
2026-07-24T21:45:00,3.900,30.70,0.000
2026-07-24T21:30:00,3.900,0.00,0.000
2026-07-24T21:15:00,3.890,0.00,0.000
2026-07-24T21:00:00,3.890,0.00,0.000
2026-07-24T20:45:00,3.890,0.00,0.000
2026-07-24T20:30:00,3.890,0.00,0.000
2026-07-24T20:15:00,3.890,0.00,0.000
2026-07-24T20:00:00,3.890,0.00,0.000
2026-07-24T19:45:00,3.890,0.00,0.000
2026-07-24T19:30:00,3.880,0.00,0.000
2026-07-24T19:15:00,3.880,0.00,0.000
2026-07-24T19:00:00,3.880,0.00,0.000
2026-07-24T18:45:00,3.880,0.00,0.000
2026-07-24T18:30:00,3.870,0.00,0.000
2026-07-24T18:15:00,3.870,0.00,0.000
2026-07-24T18:00:00,3.870,0.00,0.000
2026-07-24T17:45:00,3.860,0.00,0.000
2026-07-24T17:30:00,3.860,0.00,0.000
2026-07-24T17:15:00,3.860,0.00,0.000
2026-07-24T17:00:00,3.860,0.00,0.000
2026-07-24T16:45:00,3.850,0.00,0.000
2026-07-24T16:30:00,3.850,0.00,0.000
2026-07-24T16:15:00,3.840,0.00,0.000
2026-07-24T16:00:00,3.840,30.30,0.000
2026-07-24T15:45:00,3.840,0.00,0.000
2026-07-24T15:30:00,3.840,0.00,0.000
2026-07-24T15:15:00,3.830,0.00,0.000
2026-07-24T15:00:00,3.820,0.00,0.000
2026-07-24T14:45:00,3.820,30.10,0.000
2026-07-24T14:30:00,3.820,30.00,0.000
2026-07-24T14:15:00,3.820,0.00,0.000
2026-07-24T14:00:00,3.810,0.00,0.000
2026-07-24T13:45:00,3.820,0.00,0.000
2026-07-24T13:30:00,3.820,0.00,0.000
2026-07-24T13:15:00,3.820,0.00,0.000
2026-07-24T13:00:00,3.820,0.00,0.000
2026-07-24T12:45:00,3.820,0.00,0.000
2026-07-24T12:30:00,3.820,0.00,0.000
2026-07-24T12:15:00,3.830,0.00,0.000
2026-07-24T12:00:00,3.820,0.00,0.000
2026-07-24T11:45:00,3.820,0.00,0.000
2026-07-24T11:30:00,3.830,0.00,0.000
2026-07-24T11:15:00,3.830,0.00,0.000
2026-07-24T11:00:00,3.830,0.00,0.000
2026-07-24T10:45:00,3.830,0.00,0.000
2026-07-24T10:30:00,3.830,0.00,0.000
2026-07-24T10:15:00,3.830,0.00,0.000
2026-07-24T10:00:00,3.820,0.00,0.000
2026-07-24T09:45:00,3.830,0.00,0.000
2026-07-24T09:30:00,3.830,30.20,0.000
2026-07-24T09:15:00,3.830,75.40,0.000
2026-07-24T09:00:00,3.830,30.20,0.000
2026-07-24T08:45:00,3.830,0.00,0.000
2026-07-24T08:30:00,3.830,0.00,0.000
2026-07-24T08:15:00,3.830,0.00,0.000
2026-07-24T08:00:00,3.830,0.00,0.000
2026-07-24T07:45:00,3.820,38.60,0.000
2026-07-24T07:30:00,3.820,30.00,0.000
2026-07-24T07:15:00,3.820,0.00,0.000
2026-07-24T07:00:00,3.820,0.00,0.000
2026-07-24T06:45:00,3.820,0.00,0.000
2026-07-24T06:30:00,3.820,0.00,0.000
2026-07-24T06:15:00,3.820,0.00,0.000
2026-07-24T06:00:00,3.820,0.00,0.000
2026-07-24T05:45:00,3.800,30.90,0.000
2026-07-24T05:30:00,3.810,36.30,0.000
2026-07-24T05:15:00,3.800,37.50,0.000
2026-07-24T05:00:00,3.800,39.20,0.000
2026-07-24T04:45:00,3.810,41.50,0.000
2026-07-24T04:30:00,3.810,37.90,0.000
2026-07-24T04:15:00,3.820,38.90,0.000
2026-07-24T04:00:00,3.820,38.50,0.000
2026-07-24T03:45:00,3.830,42.10,0.000
2026-07-24T03:30:00,3.840,38.70,0.000
2026-07-24T03:15:00,3.840,39.40,0.000
2026-07-24T03:00:00,3.850,46.40,0.000
2026-07-24T02:45:00,3.860,45.60,0.000
2026-07-24T02:30:00,3.860,40.90,0.000
2026-07-24T02:15:00,3.870,45.80,0.000
2026-07-24T02:00:00,3.870,39.20,0.000
2026-07-24T01:45:00,3.880,42.10,0.000
2026-07-24T01:30:00,3.890,41.40,0.000
2026-07-24T01:15:00,3.890,42.50,0.000
2026-07-24T01:00:00,3.900,41.90,0.000
2026-07-24T00:45:00,3.910,39.60,0.000
2026-07-24T00:30:00,3.910,39.90,0.000
2026-07-24T00:15:00,3.920,46.50,0.000
2026-07-24T00:00:00,3.930,45.50,0.000
2026-07-23T23:45:00,3.930,45.40,0.000
2026-07-23T23:30:00,3.930,44.20,0.000
2026-07-23T23:15:00,3.940,39.00,0.000
2026-07-23T23:00:00,3.950,42.70,0.000
2026-07-23T22:45:00,3.950,43.30,0.000
2026-07-23T22:30:00,3.960,44.80,0.000
2026-07-23T22:15:00,3.970,45.30,0.000
2026-07-23T22:00:00,3.970,44.90,0.000
2026-07-23T21:45:00,3.980,46.40,0.000
2026-07-23T21:30:00,3.980,43.20,0.000
2026-07-23T21:15:00,3.990,50.90,0.000
2026-07-23T21:00:00,4.000,47.50,0.000
2026-07-23T20:45:00,4.000,73.70,0.000
2026-07-23T20:30:00,4.010,53.60,0.000
2026-07-23T20:15:00,4.010,41.30,0.000
2026-07-23T20:00:00,4.020,37.60,0.000
2026-07-23T19:45:00,4.030,41.50,0.000
2026-07-23T19:30:00,4.030,44.80,0.000
2026-07-23T19:15:00,4.040,39.00,0.000
2026-07-23T19:00:00,4.050,45.60,0.000
2026-07-23T18:45:00,4.050,64.20,0.000
2026-07-23T18:30:00,4.050,47.10,0.000
2026-07-23T18:15:00,4.060,41.40,0.500
2026-07-23T18:00:00,4.070,41.20,0.000
2026-07-23T17:45:00,4.070,40.40,0.000
2026-07-23T17:30:00,4.080,39.70,0.000
2026-07-23T17:15:00,4.080,0.00,0.000
2026-07-23T17:00:00,4.090,0.00,0.500
2026-07-23T16:45:00,4.090,0.00,0.000
2026-07-23T16:30:00,4.100,40.30,0.000
2026-07-23T16:15:00,4.110,44.00,0.000
2026-07-23T16:00:00,4.110,46.10,0.000
2026-07-23T15:45:00,4.120,0.00,0.000
2026-07-23T15:30:00,4.130,0.00,0.000
2026-07-23T15:15:00,4.140,0.00,0.000
2026-07-23T15:00:00,4.140,51.20,0.000
2026-07-23T14:45:00,4.150,49.10,0.000
2026-07-23T14:30:00,4.160,46.10,0.000
2026-07-23T14:15:00,4.170,45.10,0.000
2026-07-23T14:00:00,4.180,39.70,0.000
2026-07-23T13:45:00,4.180,42.20,0.000
2026-07-23T13:30:00,4.190,50.80,0.000
2026-07-23T13:15:00,4.200,48.10,0.000
2026-07-23T13:00:00,4.200,51.70,0.000
2026-07-23T12:45:00,4.210,36.90,0.000
2026-07-23T12:30:00,4.230,35.80,0.000
2026-07-23T12:15:00,4.230,40.40,0.000
2026-07-23T12:00:00,4.240,38.80,0.000
2026-07-23T11:45:00,4.250,49.70,0.000
2026-07-23T11:30:00,4.240,47.20,0.000
2026-07-23T11:15:00,4.240,49.50,0.000
2026-07-23T11:00:00,4.240,48.00,0.000
2026-07-23T10:45:00,4.240,33.60,0.000
2026-07-23T10:30:00,4.240,35.70,0.000
2026-07-23T10:15:00,4.240,36.40,0.000
2026-07-23T10:00:00,4.230,33.80,0.000
2026-07-23T09:45:00,4.230,33.80,0.000
2026-07-23T09:30:00,4.230,38.30,0.000
2026-07-23T09:15:00,4.230,41.30,0.000
2026-07-23T09:00:00,4.230,63.60,0.000
2026-07-23T08:45:00,4.220,39.10,0.000
2026-07-23T08:30:00,4.220,43.60,0.000
2026-07-23T08:15:00,4.220,50.10,0.000
2026-07-23T08:00:00,4.210,71.50,0.000
2026-07-23T07:45:00,4.210,76.80,0.000
2026-07-23T07:30:00,4.200,43.20,0.000
2026-07-23T07:15:00,4.200,38.30,0.000
2026-07-23T07:00:00,4.190,75.00,0.000
2026-07-23T06:45:00,4.180,53.00,0.000
2026-07-23T06:30:00,4.180,42.30,0.000
2026-07-23T06:15:00,4.180,49.90,0.000
2026-07-23T06:00:00,4.170,45.80,0.000
2026-07-23T05:45:00,4.170,50.90,0.000
2026-07-23T05:30:00,4.160,38.60,0.000
2026-07-23T05:15:00,4.150,37.00,0.000
2026-07-23T05:00:00,4.140,35.60,0.000
2026-07-23T04:45:00,4.130,33.20,0.000
2026-07-23T04:30:00,4.120,43.70,0.000
2026-07-23T04:15:00,4.110,38.50,0.000
2026-07-23T04:00:00,4.110,41.30,0.000
2026-07-23T03:45:00,4.100,39.60,0.000
2026-07-23T03:30:00,4.090,41.10,0.000
2026-07-23T03:15:00,4.080,38.10,0.000
2026-07-23T03:00:00,4.070,37.30,0.000
2026-07-23T02:45:00,4.060,37.90,0.000
2026-07-23T02:30:00,4.060,38.00,0.000
2026-07-23T02:15:00,4.050,35.00,0.000
2026-07-23T02:00:00,4.050,0.00,0.000
2026-07-23T01:45:00,4.050,0.00,0.000
2026-07-23T01:30:00,4.040,0.00,0.000
2026-07-23T01:15:00,4.040,0.00,0.000
2026-07-23T01:00:00,4.040,0.00,0.000
2026-07-23T00:45:00,4.040,0.00,0.000
2026-07-23T00:30:00,4.040,0.00,0.000
2026-07-23T00:15:00,4.040,0.00,0.000
2026-07-23T00:00:00,4.040,39.50,0.000
2026-07-22T23:45:00,4.040,39.20,0.000
2026-07-22T23:30:00,4.040,49.90,0.000
2026-07-22T23:15:00,4.040,59.00,0.000
2026-07-22T23:00:00,4.040,60.70,0.000
2026-07-22T22:45:00,4.040,0.00,0.000
2026-07-22T22:30:00,4.040,0.00,0.000
2026-07-22T22:15:00,4.040,0.00,0.000
2026-07-22T22:00:00,4.040,59.90,0.500
2026-07-22T21:45:00,4.040,63.10,0.500
2026-07-22T21:30:00,4.050,56.00,0.000
2026-07-22T21:15:00,4.050,51.20,0.500
2026-07-22T21:00:00,4.050,48.50,0.500
2026-07-22T20:45:00,4.050,42.10,0.500
2026-07-22T20:30:00,4.050,54.70,0.000
2026-07-22T20:15:00,4.050,58.30,0.500
2026-07-22T20:00:00,4.050,63.10,0.000
2026-07-22T19:45:00,4.050,66.70,0.000
2026-07-22T19:30:00,4.040,61.70,0.500
2026-07-22T19:15:00,4.040,62.40,4.500
2026-07-22T19:00:00,4.030,330.90,6.500
2026-07-22T18:45:00,4.030,40.10,0.000
2026-07-22T18:30:00,4.030,39.50,0.000
2026-07-22T18:15:00,4.030,49.90,0.000
2026-07-22T18:00:00,4.030,52.50,0.000
2026-07-22T17:45:00,4.030,43.00,0.000
2026-07-22T17:30:00,4.040,52.30,0.000
2026-07-22T17:15:00,4.040,49.20,0.000
2026-07-22T17:00:00,4.040,56.60,0.000
2026-07-22T16:45:00,4.040,46.70,0.000
2026-07-22T16:30:00,4.040,47.40,0.000
2026-07-22T16:15:00,4.040,31.80,0.000
2026-07-22T16:00:00,4.040,50.10,0.000
2026-07-22T15:45:00,4.050,46.40,0.000
2026-07-22T15:30:00,4.040,44.30,0.000
2026-07-22T15:15:00,4.050,35.50,0.000
2026-07-22T15:00:00,4.040,46.60,0.000
2026-07-22T14:45:00,4.040,31.90,0.000
2026-07-22T14:30:00,4.040,53.50,0.000
2026-07-22T14:15:00,4.040,56.70,0.000
2026-07-22T14:00:00,4.040,34.50,0.000
2026-07-22T13:45:00,4.030,35.00,0.000
2026-07-22T13:30:00,4.030,34.20,0.000
2026-07-22T13:15:00,4.030,41.40,0.000
2026-07-22T13:00:00,4.020,38.40,0.000
2026-07-22T12:45:00,4.020,36.80,0.000
2026-07-22T12:30:00,4.010,34.80,0.000
2026-07-22T12:15:00,4.010,45.60,0.000
2026-07-22T12:00:00,4.000,36.60,0.000
2026-07-22T11:45:00,3.990,36.20,0.000
2026-07-22T11:30:00,3.990,36.90,0.000
2026-07-22T11:15:00,3.980,36.60,0.000
2026-07-22T11:00:00,3.980,37.80,0.000
2026-07-22T10:45:00,3.970,34.80,0.000
2026-07-22T10:30:00,3.960,34.10,0.000
2026-07-22T10:15:00,3.950,39.10,0.000
2026-07-22T10:00:00,3.950,42.70,0.000
2026-07-22T09:45:00,3.940,35.40,0.000
2026-07-22T09:30:00,3.930,39.20,0.000
2026-07-22T09:15:00,3.920,34.50,0.000
2026-07-22T09:00:00,3.910,31.20,0.000
2026-07-22T08:45:00,3.900,0.00,0.000
2026-07-22T08:30:00,3.890,0.00,0.000
2026-07-22T08:15:00,3.880,0.00,0.000
2026-07-22T08:00:00,3.880,0.00,0.000
2026-07-22T07:45:00,3.870,0.00,0.000
2026-07-22T07:30:00,3.870,0.00,0.000
2026-07-22T07:15:00,3.870,124.60,0.000
2026-07-22T07:00:00,3.870,30.50,0.000
2026-07-22T06:45:00,3.870,0.00,0.000
2026-07-22T06:30:00,3.860,0.00,0.000
2026-07-22T06:15:00,3.860,0.00,0.000
2026-07-22T06:00:00,3.860,0.00,0.000
2026-07-22T05:45:00,3.860,0.00,0.000
2026-07-22T05:30:00,3.860,0.00,0.000
2026-07-22T05:15:00,3.860,0.00,0.000
2026-07-22T05:00:00,3.850,0.00,0.000
2026-07-22T04:45:00,3.850,0.00,0.000
2026-07-22T04:30:00,3.860,0.00,0.000
2026-07-22T04:15:00,3.860,0.00,0.000
2026-07-22T04:00:00,3.860,0.00,0.000
2026-07-22T03:45:00,3.870,0.00,0.000
2026-07-22T03:30:00,3.870,0.00,0.000
2026-07-22T03:15:00,3.870,0.00,0.000
2026-07-22T03:00:00,3.870,30.50,0.000
2026-07-22T02:45:00,3.870,30.50,0.000
2026-07-22T02:30:00,3.880,50.30,0.000
2026-07-22T02:15:00,3.880,32.10,0.500
2026-07-22T02:00:00,3.890,39.50,0.000
2026-07-22T01:45:00,3.890,37.60,0.000
2026-07-22T01:30:00,3.890,44.70,0.000
2026-07-22T01:15:00,3.890,41.50,0.000
2026-07-22T01:00:00,3.900,49.20,1.500
2026-07-22T00:45:00,3.900,30.70,0.000
2026-07-22T00:30:00,3.900,0.00,0.000
2026-07-22T00:15:00,3.900,0.00,0.000
2026-07-22T00:00:00,3.910,0.00,0.000
2026-07-21T23:45:00,3.910,0.00,0.000
2026-07-21T23:30:00,3.910,0.00,0.000
2026-07-21T23:15:00,3.910,43.50,0.000
2026-07-21T23:00:00,3.920,30.80,0.000
2026-07-21T22:45:00,3.920,30.90,0.000
2026-07-21T22:30:00,3.920,31.80,0.000
2026-07-21T22:15:00,3.930,0.00,0.000
2026-07-21T22:00:00,3.930,0.00,0.000
2026-07-21T21:45:00,3.930,0.00,0.000
2026-07-21T21:30:00,3.930,42.00,0.000
2026-07-21T21:15:00,3.940,46.80,0.000
2026-07-21T21:00:00,3.940,31.00,0.000
2026-07-21T20:45:00,3.940,0.00,0.000
2026-07-21T20:30:00,3.950,0.00,0.000
2026-07-21T20:15:00,3.950,0.00,0.000
2026-07-21T20:00:00,3.950,0.00,0.000
2026-07-21T19:45:00,3.950,0.00,0.000
2026-07-21T19:30:00,3.960,0.00,0.000
2026-07-21T19:15:00,3.960,57.60,0.000
2026-07-21T19:00:00,3.960,42.00,0.000
2026-07-21T18:45:00,3.970,50.60,0.000
2026-07-21T18:30:00,3.970,0.00,0.000
2026-07-21T18:15:00,3.970,0.00,0.000
2026-07-21T18:00:00,3.980,0.00,0.000
2026-07-21T17:45:00,3.980,31.30,0.000
2026-07-21T17:30:00,3.980,31.20,0.000
2026-07-21T17:15:00,3.990,32.80,0.000
2026-07-21T17:00:00,3.990,36.00,0.000
2026-07-21T16:45:00,3.990,49.00,0.000
2026-07-21T16:30:00,3.990,45.10,0.000
2026-07-21T16:15:00,4.000,47.40,0.000
2026-07-21T16:00:00,4.000,51.70,0.000
2026-07-21T15:45:00,4.000,40.10,0.000
2026-07-21T15:30:00,4.000,48.90,0.000
2026-07-21T15:15:00,4.010,49.60,0.000
2026-07-21T15:00:00,4.010,54.20,0.000
2026-07-21T14:45:00,4.020,59.60,0.000
2026-07-21T14:30:00,4.020,49.30,0.000
2026-07-21T14:15:00,4.020,47.60,0.000
2026-07-21T14:00:00,4.030,41.40,0.000
2026-07-21T13:45:00,4.030,44.70,0.000
2026-07-21T13:30:00,4.030,42.20,0.000
2026-07-21T13:15:00,4.040,49.90,0.000
2026-07-21T13:00:00,4.040,50.90,0.000
2026-07-21T12:45:00,4.040,43.10,0.000
2026-07-21T12:30:00,4.040,48.50,0.000
2026-07-21T12:15:00,4.060,49.30,0.000
2026-07-21T12:00:00,4.050,44.30,0.000
2026-07-21T11:45:00,4.060,42.00,0.000
2026-07-21T11:30:00,4.060,37.90,0.000
2026-07-21T11:15:00,4.060,52.20,0.000
2026-07-21T11:00:00,4.070,54.00,0.000
2026-07-21T10:45:00,4.070,38.70,0.000
2026-07-21T10:30:00,4.070,38.40,0.000
2026-07-21T10:15:00,4.080,32.10,0.000
2026-07-21T10:00:00,4.080,46.10,0.000
2026-07-21T09:45:00,4.080,54.70,0.000
2026-07-21T09:30:00,4.090,54.40,0.000
2026-07-21T09:15:00,4.090,52.70,0.000
2026-07-21T09:00:00,4.100,32.10,0.000
2026-07-21T08:45:00,4.100,32.10,0.000
2026-07-21T08:30:00,4.100,32.10,0.000
2026-07-21T08:15:00,4.100,32.10,0.000
2026-07-21T08:00:00,4.100,32.10,0.000
2026-07-21T07:45:00,4.100,32.10,0.000
2026-07-21T07:30:00,4.100,0.00,0.000
2026-07-21T07:15:00,4.100,0.00,0.000
2026-07-21T07:00:00,4.100,0.00,0.000
2026-07-21T06:45:00,4.090,32.10,0.000
2026-07-21T06:30:00,4.090,32.10,0.000
2026-07-21T06:15:00,4.100,0.00,0.000
2026-07-21T06:00:00,4.090,0.00,0.000
2026-07-21T05:45:00,4.090,0.00,0.000
2026-07-21T05:30:00,4.090,0.00,0.000
2026-07-21T05:15:00,4.090,0.00,0.000
2026-07-21T05:00:00,4.090,0.00,0.000
2026-07-21T04:45:00,4.090,98.00,0.000
2026-07-21T04:30:00,4.090,43.50,0.000
2026-07-21T04:15:00,4.080,32.00,0.000
2026-07-21T04:00:00,4.080,32.00,0.000
2026-07-21T03:45:00,4.080,31.90,0.000
2026-07-21T03:30:00,4.080,32.00,0.000
2026-07-21T03:15:00,4.080,32.00,0.000
2026-07-21T03:00:00,4.080,32.00,0.000
2026-07-21T02:45:00,4.070,43.30,0.000
2026-07-21T02:30:00,4.070,32.00,0.000
2026-07-21T02:15:00,4.070,32.00,0.000
2026-07-21T02:00:00,4.070,31.90,0.000
2026-07-21T01:45:00,4.070,31.90,0.000
2026-07-21T01:30:00,4.070,52.20,0.000
2026-07-21T01:15:00,4.070,0.00,0.000
2026-07-21T01:00:00,4.070,0.00,0.000
2026-07-21T00:45:00,4.060,0.00,0.000
2026-07-21T00:30:00,4.060,0.00,0.000
2026-07-21T00:15:00,4.060,0.00,0.000
2026-07-21T00:00:00,4.060,0.00,0.000
2026-07-20T23:45:00,4.060,0.00,0.000
2026-07-20T23:30:00,4.060,0.00,0.000
2026-07-20T23:15:00,4.050,0.00,0.000
2026-07-20T23:00:00,4.050,0.00,0.000
2026-07-20T22:45:00,4.050,0.00,0.000
2026-07-20T22:30:00,4.050,0.00,0.000
2026-07-20T22:15:00,4.040,31.80,0.000
2026-07-20T22:00:00,4.040,31.70,0.000
2026-07-20T21:45:00,4.040,31.70,0.000
2026-07-20T21:30:00,4.040,57.50,0.000
2026-07-20T21:15:00,4.040,31.70,0.000
2026-07-20T21:00:00,4.040,0.00,0.000
2026-07-20T20:45:00,4.030,0.00,0.000
2026-07-20T20:30:00,4.030,0.00,0.000
2026-07-20T20:15:00,4.030,0.00,0.000
2026-07-20T20:00:00,4.030,0.00,0.000
2026-07-20T19:45:00,4.020,0.00,0.000
2026-07-20T19:30:00,4.020,0.00,0.000
2026-07-20T19:15:00,4.020,53.80,0.000
2026-07-20T19:00:00,4.010,51.70,0.000
2026-07-20T18:45:00,4.010,53.20,0.000
2026-07-20T18:30:00,4.010,0.00,0.000
2026-07-20T18:15:00,4.000,0.00,0.000
2026-07-20T18:00:00,4.000,0.00,0.000
2026-07-20T17:45:00,4.000,46.00,0.000
2026-07-20T17:30:00,4.000,0.00,0.000
2026-07-20T17:15:00,3.990,0.00,0.000
2026-07-20T17:00:00,3.990,0.00,0.000
2026-07-20T16:45:00,3.990,0.00,0.000
2026-07-20T16:30:00,3.980,0.00,0.000
2026-07-20T16:15:00,3.980,0.00,0.000
2026-07-20T16:00:00,3.980,0.00,0.000
2026-07-20T15:45:00,3.980,31.30,0.000
2026-07-20T15:30:00,3.970,31.30,0.000
2026-07-20T15:15:00,3.970,31.20,0.000
2026-07-20T15:00:00,3.970,55.50,0.000
2026-07-20T14:45:00,3.970,57.00,0.000
2026-07-20T14:30:00,3.960,35.00,0.000
2026-07-20T14:15:00,3.950,33.30,0.000
2026-07-20T14:00:00,3.960,44.40,0.000
2026-07-20T13:45:00,3.950,45.30,0.000
2026-07-20T13:30:00,3.940,38.70,0.000
2026-07-20T13:15:00,3.950,43.10,0.000
2026-07-20T13:00:00,3.940,39.30,0.000
2026-07-20T12:45:00,3.940,45.40,0.000
2026-07-20T12:30:00,3.930,0.00,0.000
2026-07-20T12:15:00,3.930,0.00,0.000
2026-07-20T12:00:00,3.930,0.00,0.000
2026-07-20T11:45:00,3.920,41.80,0.000
2026-07-20T11:30:00,3.920,45.20,0.000
2026-07-20T11:15:00,3.920,47.10,0.000
2026-07-20T11:00:00,3.910,45.30,0.000
2026-07-20T10:45:00,3.910,45.40,0.000
2026-07-20T10:30:00,3.920,46.70,0.000
2026-07-20T10:15:00,3.910,45.30,0.000
2026-07-20T10:00:00,3.910,46.70,0.000
2026-07-20T09:45:00,3.910,44.40,0.000
2026-07-20T09:30:00,3.910,44.10,0.000
2026-07-20T09:15:00,3.910,41.80,0.000
2026-07-20T09:00:00,3.910,40.30,0.000
2026-07-20T08:45:00,3.910,0.00,0.000
2026-07-20T08:30:00,3.910,0.00,0.000
2026-07-20T08:15:00,3.910,0.00,0.000
2026-07-20T08:00:00,3.910,38.80,0.000
2026-07-20T07:45:00,3.900,30.80,0.000
2026-07-20T07:30:00,3.900,0.00,0.000
2026-07-20T07:15:00,3.900,0.00,0.000
2026-07-20T07:00:00,3.900,0.00,0.000
2026-07-20T06:45:00,3.900,48.40,0.000
2026-07-20T06:30:00,3.900,30.70,0.000
2026-07-20T06:15:00,3.900,37.10,0.000
2026-07-20T06:00:00,3.890,52.60,0.000
2026-07-20T05:45:00,3.890,30.70,0.000
2026-07-20T05:30:00,3.890,32.80,0.000
2026-07-20T05:15:00,3.880,31.80,0.000
2026-07-20T05:00:00,3.880,32.30,0.000
2026-07-20T04:45:00,3.880,36.80,0.000
2026-07-20T04:30:00,3.890,30.60,0.000
2026-07-20T04:15:00,3.890,30.60,0.000
2026-07-20T04:00:00,3.890,30.60,0.000
2026-07-20T03:45:00,3.890,31.10,0.000
2026-07-20T03:30:00,3.890,33.50,0.000
2026-07-20T03:15:00,3.890,30.70,0.000
2026-07-20T03:00:00,3.890,31.60,0.000
2026-07-20T02:45:00,3.890,30.70,0.000
2026-07-20T02:30:00,3.890,30.80,0.000
2026-07-20T02:15:00,3.890,30.70,0.000
2026-07-20T02:00:00,3.900,40.30,0.000
2026-07-20T01:45:00,3.900,33.90,0.000
2026-07-20T01:30:00,3.900,33.50,0.000
2026-07-20T01:15:00,3.900,36.40,0.000
2026-07-20T01:00:00,3.900,30.70,0.000
2026-07-20T00:45:00,3.900,33.30,0.000
2026-07-20T00:30:00,3.900,34.50,0.000
2026-07-20T00:15:00,3.900,36.80,0.000
2026-07-20T00:00:00,3.900,30.90,0.000
2026-08-02T23:45:00,3.970,60.30,0.000
2026-08-02T23:30:00,3.980,58.90,0.000
2026-08-02T23:15:00,3.980,61.30,0.000
2026-08-02T23:00:00,3.990,62.90,0.000
2026-08-02T22:45:00,4.000,61.20,0.000
2026-08-02T22:30:00,4.000,61.80,0.000
2026-08-02T22:15:00,4.000,62.40,0.000
2026-08-02T22:00:00,4.010,66.50,0.000
2026-08-02T21:45:00,4.010,66.10,0.000
2026-08-02T21:30:00,4.010,70.50,0.000
2026-08-02T21:15:00,4.010,72.20,0.000
2026-08-02T21:00:00,4.010,69.70,0.000
2026-08-02T20:45:00,4.010,68.20,0.000
2026-08-02T20:30:00,4.010,69.40,0.000
2026-08-02T20:15:00,4.010,68.40,0.000
2026-08-02T20:00:00,4.010,69.30,0.000
2026-08-02T19:45:00,4.010,67.00,0.000
2026-08-02T19:30:00,4.010,69.60,0.000
2026-08-02T19:15:00,4.000,67.50,0.000
2026-08-02T19:00:00,4.000,71.40,0.000
2026-08-02T18:45:00,4.000,64.10,0.000
2026-08-02T18:30:00,4.000,66.60,0.000
2026-08-02T18:15:00,4.000,61.00,0.000
2026-08-02T18:00:00,3.990,65.00,0.000
2026-08-02T17:45:00,3.990,66.80,0.000
2026-08-02T17:30:00,3.990,64.80,0.000
2026-08-02T17:15:00,3.980,69.30,0.000
2026-08-02T17:00:00,3.980,62.10,0.000
2026-08-02T16:45:00,3.970,66.60,0.000
2026-08-02T16:30:00,3.970,66.80,0.000
2026-08-02T16:15:00,3.970,62.30,0.000
2026-08-02T16:00:00,3.960,65.20,0.000
2026-08-02T15:45:00,3.960,62.70,0.000
2026-08-02T15:30:00,3.950,64.70,0.000
2026-08-02T15:15:00,3.950,63.80,0.000
2026-08-02T15:00:00,3.950,58.70,0.000
2026-08-02T14:45:00,3.940,53.10,0.000
2026-08-02T14:30:00,3.940,63.50,0.000
2026-08-02T14:15:00,3.940,64.80,0.000
2026-08-02T14:00:00,3.930,62.70,0.000
2026-08-02T13:45:00,3.920,60.50,0.000
2026-08-02T13:30:00,3.920,59.80,0.000
2026-08-02T13:15:00,3.920,56.40,0.000
2026-08-02T13:00:00,3.910,53.60,0.000
2026-08-02T12:45:00,3.910,49.60,0.000
2026-08-02T12:30:00,3.910,53.60,0.000
2026-08-02T12:15:00,3.910,58.90,0.000
2026-08-02T12:00:00,3.910,53.10,0.000
2026-08-02T11:45:00,3.910,53.40,0.000
2026-08-02T11:30:00,3.910,55.00,0.000
2026-08-02T11:15:00,3.900,48.40,0.000
2026-08-02T11:00:00,3.900,50.40,0.000
2026-08-02T10:45:00,3.900,57.40,0.000
2026-08-02T10:30:00,3.900,53.60,0.000
2026-08-02T10:15:00,3.900,54.60,0.000
2026-08-02T10:00:00,3.900,60.40,0.000
2026-08-02T09:45:00,3.900,58.40,0.000
2026-08-02T09:30:00,3.900,56.80,0.000
2026-08-02T09:15:00,3.900,51.80,0.000
2026-08-02T09:00:00,3.890,57.60,0.000
2026-08-02T08:45:00,3.890,56.70,0.000
2026-08-02T08:30:00,3.890,49.90,0.000
2026-08-02T08:15:00,3.890,52.20,0.000
2026-08-02T08:00:00,3.890,55.70,0.000
2026-08-02T07:45:00,3.890,58.00,0.000
2026-08-02T07:30:00,3.890,58.40,0.000
2026-08-02T07:15:00,3.880,59.70,0.000
2026-08-02T07:00:00,3.870,62.90,0.000
2026-08-02T06:45:00,3.870,66.00,0.000
2026-08-02T06:30:00,3.880,61.80,0.000
2026-08-02T06:15:00,3.890,65.80,0.000
2026-08-02T06:00:00,3.900,63.70,0.000
2026-08-02T05:45:00,3.920,68.20,0.000
2026-08-02T05:30:00,3.930,71.90,0.000
2026-08-02T05:15:00,3.930,70.60,0.000
2026-08-02T05:00:00,3.940,71.00,0.000
2026-08-02T04:45:00,3.950,75.90,0.000
2026-08-02T04:30:00,3.970,72.80,0.000
2026-08-02T04:15:00,3.980,73.80,0.000
2026-08-02T04:00:00,3.990,76.60,0.000
2026-08-02T03:45:00,4.000,75.00,0.000
2026-08-02T03:30:00,4.010,79.70,0.000
2026-08-02T03:15:00,4.020,78.30,0.000
2026-08-02T03:00:00,4.030,78.10,0.000
2026-08-02T02:45:00,4.040,79.90,0.000
2026-08-02T02:30:00,4.050,77.60,0.000
2026-08-02T02:15:00,4.060,80.60,0.000
2026-08-02T02:00:00,4.080,79.90,0.000
2026-08-02T01:45:00,4.090,85.10,0.000
2026-08-02T01:30:00,4.100,81.90,0.000
2026-08-02T01:15:00,4.110,88.40,0.000
2026-08-02T01:00:00,4.120,83.80,0.000
2026-08-02T00:45:00,4.140,91.10,0.000
2026-08-02T00:30:00,4.140,90.00,0.000
2026-08-02T00:15:00,4.160,85.50,0.000
2026-08-02T00:00:00,4.170,86.40,0.000
2026-08-01T23:45:00,4.180,94.20,0.000
2026-08-01T23:30:00,4.190,91.50,0.000
2026-08-01T23:15:00,4.200,96.40,0.000
2026-08-01T23:00:00,4.220,93.00,0.000
2026-08-01T22:45:00,4.230,97.10,0.000
2026-08-01T22:30:00,4.240,103.10,0.000
2026-08-01T22:15:00,4.250,99.70,0.000
2026-08-01T22:00:00,4.260,108.30,0.000
2026-08-01T21:45:00,4.260,106.50,0.000
2026-08-01T21:30:00,4.270,103.50,0.000
2026-08-01T21:15:00,4.280,111.40,0.000
2026-08-01T21:00:00,4.290,113.10,0.000
2026-08-01T20:45:00,4.300,112.60,0.000
2026-08-01T20:30:00,4.300,111.20,0.000
2026-08-01T20:15:00,4.310,106.80,0.000
2026-08-01T20:00:00,4.310,113.40,0.000
2026-08-01T19:45:00,4.320,111.10,0.000
2026-08-01T19:30:00,4.320,112.50,0.000
2026-08-01T19:15:00,4.330,108.60,0.000
2026-08-01T19:00:00,4.330,115.40,0.000
2026-08-01T18:45:00,4.340,109.90,0.000
2026-08-01T18:30:00,4.340,112.20,0.000
2026-08-01T18:15:00,4.350,111.60,0.000
2026-08-01T18:00:00,4.350,114.20,0.000
2026-08-01T17:45:00,4.350,112.20,0.000
2026-08-01T17:30:00,4.360,97.50,0.000
2026-08-01T17:15:00,4.360,110.80,0.000
2026-08-01T17:00:00,4.370,117.00,0.000
2026-08-01T16:45:00,4.370,107.00,0.000
2026-08-01T16:30:00,4.370,116.60,0.000
2026-08-01T16:15:00,4.380,108.10,0.000
2026-08-01T16:00:00,4.380,120.50,0.000
2026-08-01T15:45:00,4.380,109.70,0.000
2026-08-01T15:30:00,4.390,112.90,0.000
2026-08-01T15:15:00,4.390,116.10,0.000
2026-08-01T15:00:00,4.390,115.20,0.000
2026-08-01T14:45:00,4.400,113.40,0.000
2026-08-01T14:30:00,4.400,111.10,0.000
2026-08-01T14:15:00,4.400,118.10,0.000
2026-08-01T14:00:00,4.400,119.10,0.000
2026-08-01T13:45:00,4.410,117.30,0.000
2026-08-01T13:30:00,4.410,96.50,0.000
2026-08-01T13:15:00,4.420,110.60,0.000
2026-08-01T13:00:00,4.420,101.70,0.000
2026-08-01T12:45:00,4.430,108.30,0.000
2026-08-01T12:30:00,4.430,126.50,0.000
2026-08-01T12:15:00,4.430,112.30,0.000
2026-08-01T12:00:00,4.440,94.30,0.000
2026-08-01T11:45:00,4.440,111.20,0.000
2026-08-01T11:30:00,4.450,92.30,0.000
2026-08-01T11:15:00,4.450,125.00,0.000
2026-08-01T11:00:00,4.460,110.60,0.000
2026-08-01T10:45:00,4.460,113.60,0.000
2026-08-01T10:30:00,4.460,126.90,0.000
2026-08-01T10:15:00,4.470,120.50,0.000
2026-08-01T10:00:00,4.470,119.50,0.000
2026-08-01T09:45:00,4.470,111.90,0.000
2026-08-01T09:30:00,4.470,122.50,0.000
2026-08-01T09:15:00,4.470,114.00,0.000
2026-08-01T09:00:00,4.470,126.00,0.000
2026-08-01T08:45:00,4.470,140.40,0.000
2026-08-01T08:30:00,4.470,122.20,0.000
2026-08-01T08:15:00,4.470,133.50,0.000
2026-08-01T08:00:00,4.470,133.30,0.000
2026-08-01T07:45:00,4.460,129.80,0.000
2026-08-01T07:30:00,4.460,137.00,0.000
2026-08-01T07:15:00,4.460,135.40,0.000
2026-08-01T07:00:00,4.450,129.80,0.000
2026-08-01T06:45:00,4.450,132.60,0.000
2026-08-01T06:30:00,4.440,139.60,0.000
2026-08-01T06:15:00,4.440,134.80,0.000
2026-08-01T06:00:00,4.440,115.40,0.000
2026-08-01T05:45:00,4.420,118.90,0.000
2026-08-01T05:30:00,4.410,122.30,0.000
2026-08-01T05:15:00,4.380,121.80,0.000
2026-08-01T05:00:00,4.370,118.20,0.000
2026-08-01T04:45:00,4.340,120.70,0.000
2026-08-01T04:30:00,4.320,117.70,0.000
2026-08-01T04:15:00,4.300,117.10,0.500
2026-08-01T04:00:00,4.280,115.90,0.000
2026-08-01T03:45:00,4.260,110.40,0.000
2026-08-01T03:30:00,4.240,112.90,0.000
2026-08-01T03:15:00,4.220,106.40,0.000
2026-08-01T03:00:00,4.200,113.00,0.000
2026-08-01T02:45:00,4.180,103.50,0.000
2026-08-01T02:30:00,4.160,99.00,0.000
2026-08-01T02:15:00,4.140,97.50,0.000
2026-08-01T02:00:00,4.130,93.40,0.000
2026-08-01T01:45:00,4.120,89.80,0.000
2026-08-01T01:30:00,4.110,86.60,0.000
2026-08-01T01:15:00,4.110,82.30,0.000
2026-08-01T01:00:00,4.110,81.70,0.000
2026-08-01T00:45:00,4.110,84.40,0.000
2026-08-01T00:30:00,4.110,82.00,0.000
2026-08-01T00:15:00,4.120,89.20,0.000
2026-08-01T00:00:00,4.120,90.50,0.000
2026-07-31T23:45:00,4.130,88.60,0.500
2026-07-31T23:30:00,4.140,96.20,0.000
2026-07-31T23:15:00,4.150,95.30,0.500
2026-07-31T23:00:00,4.160,93.40,0.500
2026-07-31T22:45:00,4.160,94.10,0.000
2026-07-31T22:30:00,4.170,76.40,0.000
2026-07-31T22:15:00,4.180,77.90,0.000
2026-07-31T22:00:00,4.190,79.10,0.000
2026-07-31T21:45:00,4.200,73.60,0.000
2026-07-31T21:30:00,4.210,78.90,0.000
2026-07-31T21:15:00,4.220,79.30,0.000
2026-07-31T21:00:00,4.230,79.00,0.000
2026-07-31T20:45:00,4.230,76.90,0.000
2026-07-31T20:30:00,4.240,86.10,0.000
2026-07-31T20:15:00,4.250,84.30,0.000
2026-07-31T20:00:00,4.260,97.30,0.000
2026-07-31T19:45:00,4.270,62.50,1.000
2026-07-31T19:30:00,4.280,72.40,0.000
2026-07-31T19:15:00,4.290,78.10,0.000
2026-07-31T19:00:00,4.300,67.50,0.000
2026-07-31T18:45:00,4.310,82.30,0.000
2026-07-31T18:30:00,4.310,84.80,0.000
2026-07-31T18:15:00,4.330,83.30,0.000
2026-07-31T18:00:00,4.330,80.00,0.000
2026-07-31T17:45:00,4.340,86.30,0.000
2026-07-31T17:30:00,4.350,81.90,0.000
2026-07-31T17:15:00,4.360,87.70,0.000
2026-07-31T17:00:00,4.370,81.60,0.000
2026-07-31T16:45:00,4.380,83.80,0.000
2026-07-31T16:30:00,4.390,69.80,0.000
2026-07-31T16:15:00,4.400,73.50,0.000
2026-07-31T16:00:00,4.410,57.90,0.000
2026-07-31T15:45:00,4.420,74.70,0.000
2026-07-31T15:30:00,4.430,82.00,0.000
2026-07-31T15:15:00,4.430,83.90,0.000
2026-07-31T15:00:00,4.450,75.70,0.000
2026-07-31T14:45:00,4.480,52.50,0.000
2026-07-31T14:30:00,4.480,58.20,0.000
2026-07-31T14:15:00,4.480,55.30,0.000
2026-07-31T14:00:00,4.480,59.30,0.000
2026-07-31T13:45:00,4.470,0.00,0.000
2026-07-31T13:30:00,4.470,0.00,0.000
2026-07-31T13:15:00,4.470,0.00,0.000
2026-07-31T13:00:00,4.460,68.50,0.000
2026-07-31T12:45:00,4.460,61.10,0.000
2026-07-31T12:30:00,4.460,41.60,0.000
2026-07-31T12:15:00,4.460,92.90,0.000
2026-07-31T12:00:00,4.450,42.90,0.000
2026-07-31T11:45:00,4.450,53.10,0.000
2026-07-31T11:30:00,4.440,52.60,0.000
2026-07-31T11:15:00,4.440,59.30,0.000
2026-07-31T11:00:00,4.440,62.30,0.000
2026-07-31T10:45:00,4.440,90.30,0.000
2026-07-31T10:30:00,4.430,68.10,0.000
2026-07-31T10:15:00,4.420,62.00,0.000
2026-07-31T10:00:00,4.420,58.80,0.000
2026-07-31T09:45:00,4.420,72.60,0.000
2026-07-31T09:30:00,4.410,76.70,0.000
2026-07-31T09:15:00,4.400,67.10,0.000
2026-07-31T09:00:00,4.400,68.80,0.000
2026-07-31T08:45:00,4.400,68.90,0.000
2026-07-31T08:30:00,4.390,74.40,0.000
2026-07-31T08:15:00,4.390,92.60,0.000
2026-07-31T08:00:00,4.390,86.40,0.000
2026-07-31T07:45:00,4.380,91.30,0.000
2026-07-31T07:30:00,4.380,95.00,0.000
2026-07-31T07:15:00,4.380,74.80,0.000
2026-07-31T07:00:00,4.370,90.70,0.000
2026-07-31T06:45:00,4.370,94.30,0.000
2026-07-31T06:30:00,4.370,77.00,0.000
2026-07-31T06:15:00,4.370,73.50,0.000
2026-07-31T06:00:00,4.370,84.80,0.000
2026-07-31T05:45:00,4.380,72.80,0.000
2026-07-31T05:30:00,4.370,90.10,0.000
2026-07-31T05:15:00,4.380,77.30,0.000
2026-07-31T05:00:00,4.380,82.40,0.500
2026-07-31T04:45:00,4.370,82.00,0.000
2026-07-31T04:30:00,4.360,80.50,0.000
2026-07-31T04:15:00,4.360,84.10,0.000
2026-07-31T04:00:00,4.350,80.30,0.000
2026-07-31T03:45:00,4.350,82.50,0.000
2026-07-31T03:30:00,4.340,85.50,0.500
2026-07-31T03:15:00,4.330,83.00,0.000
2026-07-31T03:00:00,4.330,84.60,0.000
2026-07-31T02:45:00,4.320,83.10,0.000
2026-07-31T02:30:00,4.320,82.90,0.000
2026-07-31T02:15:00,4.310,84.10,0.500
2026-07-31T02:00:00,4.310,81.40,0.000
2026-07-31T01:45:00,4.300,82.50,0.000
2026-07-31T01:30:00,4.290,83.70,0.500
2026-07-31T01:15:00,4.290,81.70,1.500
2026-07-31T01:00:00,4.280,82.00,1.500
2026-07-31T00:45:00,4.270,82.60,2.000
2026-07-31T00:30:00,4.260,84.00,1.500
2026-07-31T00:15:00,4.260,84.20,1.000
2026-07-31T00:00:00,4.250,85.70,3.000
2026-07-30T23:45:00,4.240,83.70,0.500
2026-07-30T23:30:00,4.230,82.50,2.000
2026-07-30T23:15:00,4.220,39.20,0.000
2026-07-30T23:00:00,4.220,37.70,0.000
2026-07-30T22:45:00,4.210,52.80,0.000
2026-07-30T22:30:00,4.200,59.50,0.000
2026-07-30T22:15:00,4.190,76.80,0.500
2026-07-30T22:00:00,4.190,76.30,0.000
2026-07-30T21:45:00,4.180,59.00,0.000
2026-07-30T21:30:00,4.170,59.40,0.000
2026-07-30T21:15:00,4.160,65.90,0.000
2026-07-30T21:00:00,4.160,62.80,0.000
2026-07-30T20:45:00,4.150,78.60,0.000
2026-07-30T20:30:00,4.140,79.70,0.500
2026-07-30T20:15:00,4.140,70.40,0.000
2026-07-30T20:00:00,4.130,79.20,0.000
2026-07-30T19:45:00,4.130,78.60,0.500
2026-07-30T19:30:00,4.120,78.30,0.000
2026-07-30T19:15:00,4.120,76.40,0.000
2026-07-30T19:00:00,4.120,75.10,0.000
2026-07-30T18:45:00,4.110,67.80,0.000
2026-07-30T18:30:00,4.110,53.00,0.000
2026-07-30T18:15:00,4.110,49.40,0.000
2026-07-30T18:00:00,4.100,48.70,0.000
2026-07-30T17:45:00,4.100,45.50,0.000
2026-07-30T17:30:00,4.100,48.80,0.000
2026-07-30T17:15:00,4.090,41.80,0.000
2026-07-30T17:00:00,4.090,46.80,0.000
2026-07-30T16:45:00,4.080,49.70,0.000
2026-07-30T16:30:00,4.070,43.70,0.000
2026-07-30T16:15:00,4.070,47.90,0.000
2026-07-30T16:00:00,4.070,48.50,0.000
2026-07-30T15:45:00,4.060,48.00,0.000
2026-07-30T15:30:00,4.060,46.90,0.000
2026-07-30T15:15:00,4.060,46.70,0.000
2026-07-30T15:00:00,4.050,45.50,0.000
2026-07-30T14:45:00,4.050,46.50,0.000
2026-07-30T14:30:00,4.040,42.50,0.000
2026-07-30T14:15:00,4.040,40.20,0.000
2026-07-30T14:00:00,4.040,44.50,0.000
2026-07-30T13:45:00,4.040,46.30,0.000
2026-07-30T13:30:00,4.040,48.00,0.000
2026-07-30T13:15:00,4.040,43.70,0.000
2026-07-30T13:00:00,4.040,46.30,0.000
2026-07-30T12:45:00,4.040,49.40,0.000
2026-07-30T12:30:00,4.040,43.40,0.000
2026-07-30T12:15:00,4.040,39.70,0.000
2026-07-30T12:00:00,4.040,41.30,0.000
2026-07-30T11:45:00,4.050,44.10,0.000
2026-07-30T11:30:00,4.050,44.10,0.000
2026-07-30T11:15:00,4.050,45.10,0.000
2026-07-30T11:00:00,4.060,44.70,0.000
2026-07-30T10:45:00,4.060,48.00,0.000
2026-07-30T10:30:00,4.060,47.90,0.000
2026-07-30T10:15:00,4.070,49.40,0.000
2026-07-30T10:00:00,4.070,44.30,0.000
2026-07-30T09:45:00,4.070,49.10,0.000
2026-07-30T09:30:00,4.080,49.20,0.000
2026-07-30T09:15:00,4.080,50.90,0.000
2026-07-30T09:00:00,4.090,54.50,0.000
2026-07-30T08:45:00,4.090,59.80,0.000
2026-07-30T08:30:00,4.100,65.00,0.000
2026-07-30T08:15:00,4.100,72.10,0.000
2026-07-30T08:00:00,4.100,70.20,0.000
2026-07-30T07:45:00,4.110,73.90,0.500
2026-07-30T07:30:00,4.110,74.10,0.000
2026-07-30T07:15:00,4.120,69.50,0.000
2026-07-30T07:00:00,4.120,68.90,0.000
2026-07-30T06:45:00,4.130,73.30,0.000
2026-07-30T06:30:00,4.130,73.80,0.500
2026-07-30T06:15:00,4.130,75.10,0.000
2026-07-30T06:00:00,4.140,75.20,0.000
2026-07-30T05:45:00,4.140,74.20,0.000
2026-07-30T05:30:00,4.150,76.00,0.500
2026-07-30T05:15:00,4.150,75.50,0.000
2026-07-30T05:00:00,4.160,74.80,0.500
2026-07-30T04:45:00,4.170,74.50,0.000
2026-07-30T04:30:00,4.170,76.30,0.500
2026-07-30T04:15:00,4.180,77.00,0.000
2026-07-30T04:00:00,4.180,74.50,0.000
2026-07-30T03:45:00,4.190,67.10,0.000
2026-07-30T03:30:00,4.200,66.90,0.000
2026-07-30T03:15:00,4.200,71.50,0.000
2026-07-30T03:00:00,4.210,76.50,0.000
2026-07-30T02:45:00,4.210,78.20,0.500
2026-07-30T02:30:00,4.220,75.10,0.000
2026-07-30T02:15:00,4.220,77.70,0.000
2026-07-30T02:00:00,4.230,78.10,0.500
2026-07-30T01:45:00,4.240,69.90,0.000
2026-07-30T01:30:00,4.240,73.10,0.000
2026-07-30T01:15:00,4.250,70.70,0.000
2026-07-30T01:00:00,4.260,72.00,0.000
2026-07-30T00:45:00,4.260,78.70,0.000
2026-07-30T00:30:00,4.270,78.80,0.500
2026-07-30T00:15:00,4.280,79.70,0.000
2026-07-30T00:00:00,4.280,79.70,0.500
2026-07-29T23:45:00,4.290,79.50,0.000
2026-07-29T23:30:00,4.290,81.40,0.500
2026-07-29T23:15:00,4.300,79.60,0.500
2026-07-29T23:00:00,4.300,82.30,0.500
2026-07-29T22:45:00,4.310,78.10,0.500
2026-07-29T22:30:00,4.310,83.50,0.000
2026-07-29T22:15:00,4.320,83.90,0.500
2026-07-29T22:00:00,4.330,81.30,0.500
2026-07-29T21:45:00,4.320,80.60,0.500
2026-07-29T21:30:00,4.330,74.20,1.000
2026-07-29T21:15:00,4.320,74.20,1.000
2026-07-29T21:00:00,4.320,70.70,0.500
2026-07-29T20:45:00,4.310,66.70,0.000
2026-07-29T20:30:00,4.300,78.50,0.500
2026-07-29T20:15:00,4.290,73.70,0.000
2026-07-29T20:00:00,4.290,64.60,0.000
2026-07-29T19:45:00,4.280,71.80,1.000
2026-07-29T19:30:00,4.260,74.40,13.000
2026-07-29T19:15:00,4.250,72.70,3.500
2026-07-29T19:00:00,4.240,77.30,0.000
2026-07-29T18:45:00,4.230,74.10,2.000
2026-07-29T18:30:00,4.220,73.90,0.500
2026-07-29T18:15:00,4.220,74.70,0.000
2026-07-29T18:00:00,4.210,64.80,1.500
2026-07-29T17:45:00,4.200,77.80,2.000
2026-07-29T17:30:00,4.190,75.20,0.500
2026-07-29T17:15:00,4.180,76.80,0.000
2026-07-29T17:00:00,4.170,76.80,0.500
2026-07-29T16:45:00,4.170,72.00,0.000
2026-07-29T16:30:00,4.160,71.00,2.500
2026-07-29T16:15:00,4.150,36.80,0.000
2026-07-29T16:00:00,4.140,32.40,0.000
2026-07-29T15:45:00,4.140,35.80,0.000
2026-07-29T15:30:00,4.120,35.20,0.000
2026-07-29T15:15:00,4.120,32.30,0.000
2026-07-29T15:00:00,4.120,36.90,0.000
2026-07-29T14:45:00,4.110,32.70,0.000
2026-07-29T14:30:00,4.100,32.10,0.000
2026-07-29T14:15:00,4.090,36.40,0.000
2026-07-29T14:00:00,4.090,226.60,0.000
2026-07-29T13:45:00,4.080,34.20,0.000
2026-07-29T13:30:00,4.080,32.00,0.000
2026-07-29T13:15:00,4.080,32.00,0.000
2026-07-29T13:00:00,4.080,34.70,0.000
2026-07-29T12:45:00,4.070,31.90,0.000
2026-07-29T12:30:00,4.070,37.90,0.000
2026-07-29T12:15:00,4.070,31.90,0.000
2026-07-29T12:00:00,4.070,34.50,0.000
2026-07-29T11:45:00,4.070,31.90,0.000
2026-07-29T11:30:00,4.070,31.90,0.000
2026-07-29T11:15:00,4.070,35.30,0.000
2026-07-29T11:00:00,4.060,33.80,0.000
2026-07-29T10:45:00,4.060,35.20,0.000
2026-07-29T10:30:00,4.060,40.90,0.000
2026-07-29T10:15:00,4.060,37.50,0.000
2026-07-29T10:00:00,4.060,33.50,0.000
2026-07-29T09:45:00,4.050,99.60,0.000
2026-07-29T09:30:00,4.050,45.20,0.000
2026-07-29T09:15:00,4.050,33.40,0.000
2026-07-29T09:00:00,4.050,43.40,0.000
2026-07-29T08:45:00,4.040,54.90,0.000
2026-07-29T08:30:00,4.040,42.80,0.000
2026-07-29T08:15:00,4.040,36.80,0.000
2026-07-29T08:00:00,4.040,38.50,0.000
2026-07-29T07:45:00,4.030,43.20,0.000
2026-07-29T07:30:00,4.030,37.40,0.000
2026-07-29T07:15:00,4.030,34.60,0.000
2026-07-29T07:00:00,4.030,36.50,0.000
2026-07-29T06:45:00,4.030,44.60,0.000
2026-07-29T06:30:00,4.020,61.00,0.000
2026-07-29T06:15:00,4.020,41.80,0.000
2026-07-29T06:00:00,4.020,34.50,0.000
2026-07-29T05:45:00,4.020,35.90,0.000
2026-07-29T05:30:00,4.020,35.00,0.000
2026-07-29T05:15:00,4.020,36.30,0.000
2026-07-29T05:00:00,4.020,37.20,0.000
2026-07-29T04:45:00,4.030,0.00,0.000
2026-07-29T04:30:00,4.030,0.00,0.000
2026-07-29T04:15:00,4.030,0.00,0.000
2026-07-29T04:00:00,4.030,0.00,0.000
2026-07-29T03:45:00,4.030,0.00,0.000
2026-07-29T03:30:00,4.040,32.90,0.000
2026-07-29T03:15:00,4.040,0.00,0.000
2026-07-29T03:00:00,4.040,0.00,0.000
2026-07-29T02:45:00,4.050,0.00,0.000
2026-07-29T02:30:00,4.050,33.10,0.000
2026-07-29T02:15:00,4.050,34.40,0.000
2026-07-29T02:00:00,4.060,43.50,0.000
2026-07-29T01:45:00,4.060,34.30,0.000
2026-07-29T01:30:00,4.060,49.10,0.000
2026-07-29T01:15:00,4.070,38.50,0.000
2026-07-29T01:00:00,4.070,62.00,0.000
2026-07-29T00:45:00,4.070,64.20,0.000
2026-07-29T00:30:00,4.080,56.30,0.000
2026-07-29T00:15:00,4.080,62.40,0.000
2026-07-29T00:00:00,4.080,66.80,0.000
2026-07-28T23:45:00,4.080,64.60,0.500
2026-07-28T23:30:00,4.090,64.30,0.000
2026-07-28T23:15:00,4.090,67.70,0.000
2026-07-28T23:00:00,4.090,68.30,0.000
2026-07-28T22:45:00,4.090,56.00,0.000
2026-07-28T22:30:00,4.090,50.90,0.000
2026-07-28T22:15:00,4.090,54.80,0.000
2026-07-28T22:00:00,4.080,66.10,0.000
2026-07-28T21:45:00,4.080,64.60,0.000
2026-07-28T21:30:00,4.080,65.90,0.000
2026-07-28T21:15:00,4.080,71.40,0.000
2026-07-28T21:00:00,4.070,72.60,0.000
2026-07-28T20:45:00,4.070,72.10,0.500
2026-07-28T20:30:00,4.060,72.10,0.500
2026-07-28T20:15:00,4.060,69.90,0.000
2026-07-28T20:00:00,4.060,72.00,0.000
2026-07-28T19:45:00,4.050,66.40,0.000
2026-07-28T19:30:00,4.050,37.10,0.000
2026-07-28T19:15:00,4.040,43.90,0.000
2026-07-28T19:00:00,4.040,43.10,0.000
2026-07-28T18:45:00,4.040,45.30,0.000
2026-07-28T18:30:00,4.030,37.10,0.000
2026-07-28T18:15:00,4.020,57.60,0.000
2026-07-28T18:00:00,4.020,40.20,0.000
2026-07-28T17:45:00,4.020,40.90,0.000
2026-07-28T17:30:00,4.020,37.90,0.000
2026-07-28T17:15:00,4.010,36.70,0.000
2026-07-28T17:00:00,4.010,42.10,0.000
2026-07-28T16:45:00,4.000,46.70,0.000
2026-07-28T16:30:00,4.000,38.10,0.000
2026-07-28T16:15:00,4.000,41.60,0.000
2026-07-28T16:00:00,3.990,45.50,0.000
2026-07-28T15:45:00,3.990,53.50,0.000
2026-07-28T15:30:00,3.980,38.00,0.000
2026-07-28T15:15:00,3.980,53.10,0.000
2026-07-28T15:00:00,3.980,49.60,0.000
2026-07-28T14:45:00,3.970,47.40,0.000
2026-07-28T14:30:00,3.970,51.90,0.000
2026-07-28T14:15:00,3.970,46.10,0.000
2026-07-28T14:00:00,3.960,47.00,0.000
2026-07-28T13:45:00,3.970,46.80,0.000
2026-07-28T13:30:00,3.970,46.40,0.000
2026-07-28T13:15:00,3.970,45.90,0.000
2026-07-28T13:00:00,3.970,41.60,0.000
2026-07-28T12:45:00,3.980,33.80,0.000
2026-07-28T12:30:00,3.970,32.70,0.000
2026-07-28T12:15:00,3.980,31.30,0.000
2026-07-28T12:00:00,3.980,32.80,0.000
2026-07-28T11:45:00,3.990,31.40,0.000
2026-07-28T11:30:00,3.990,36.50,0.000
2026-07-28T11:15:00,3.990,31.50,0.000
2026-07-28T11:00:00,3.990,47.00,0.000
2026-07-28T10:45:00,4.000,32.80,0.000
2026-07-28T10:30:00,4.000,32.40,0.000
2026-07-28T10:15:00,4.000,31.50,0.000
2026-07-28T10:00:00,4.010,31.90,0.000
2026-07-28T09:45:00,4.010,31.50,0.000
2026-07-28T09:30:00,4.010,31.50,0.000
2026-07-28T09:15:00,4.010,41.00,0.000
2026-07-28T09:00:00,4.020,32.00,0.000
2026-07-28T08:45:00,4.020,35.40,0.000
2026-07-28T08:30:00,4.020,31.60,0.000
2026-07-28T08:15:00,4.030,0.00,0.000
2026-07-28T08:00:00,4.030,0.00,0.000
2026-07-28T07:45:00,4.030,0.00,0.000
2026-07-28T07:30:00,4.030,31.70,0.000
2026-07-28T07:15:00,4.040,33.70,0.000
2026-07-28T07:00:00,4.040,34.60,0.000
2026-07-28T06:45:00,4.040,34.80,0.000
2026-07-28T06:30:00,4.040,32.40,0.000
2026-07-28T06:15:00,4.040,41.10,0.000
2026-07-28T06:00:00,4.050,40.30,0.000
2026-07-28T05:45:00,4.050,37.00,0.000
2026-07-28T05:30:00,4.050,33.40,0.000
2026-07-28T05:15:00,4.050,31.80,0.000
2026-07-28T05:00:00,4.060,0.00,0.000
2026-07-28T04:45:00,4.050,0.00,0.000
2026-07-28T04:30:00,4.050,0.00,0.000
2026-07-28T04:15:00,4.050,31.80,0.000
2026-07-28T04:00:00,4.050,31.80,0.000
2026-07-28T03:45:00,4.050,31.80,0.000
2026-07-28T03:30:00,4.050,31.80,0.000
2026-07-28T03:15:00,4.050,31.80,0.000
2026-07-28T03:00:00,4.050,31.80,0.000
2026-07-28T02:45:00,4.050,39.90,0.000
2026-07-28T02:30:00,4.050,34.10,0.000
2026-07-28T02:15:00,4.050,31.80,0.000
2026-07-28T02:00:00,4.050,31.80,0.000
2026-07-28T01:45:00,4.050,31.80,0.000
2026-07-28T01:30:00,4.050,33.00,0.000
2026-07-28T01:15:00,4.050,31.80,0.000
2026-07-28T01:00:00,4.050,31.80,0.000
2026-07-28T00:45:00,4.050,31.80,0.000
2026-07-28T00:30:00,4.050,31.80,0.000
2026-07-28T00:15:00,4.050,31.80,0.000
2026-07-28T00:00:00,4.050,31.80,0.000
2026-07-27T23:45:00,4.050,0.00,0.000
2026-07-27T23:30:00,4.050,0.00,0.000
2026-07-27T23:15:00,4.050,0.00,0.000
2026-07-27T23:00:00,4.050,0.00,0.000
2026-07-27T22:45:00,4.050,0.00,0.000
2026-07-27T22:30:00,4.050,0.00,0.000
2026-07-27T22:15:00,4.050,36.50,0.000
2026-07-27T22:00:00,4.050,31.80,0.000
2026-07-27T21:45:00,4.050,0.00,0.000
2026-07-27T21:30:00,4.050,0.00,0.000
2026-07-27T21:15:00,4.050,0.00,0.000
2026-07-27T21:00:00,4.050,0.00,0.000
2026-07-27T20:45:00,4.050,0.00,0.000
2026-07-27T20:30:00,4.050,0.00,0.000
2026-07-27T20:15:00,4.050,0.00,0.000
2026-07-27T20:00:00,4.050,0.00,0.000
2026-07-27T19:45:00,4.060,0.00,0.000
2026-07-27T19:30:00,4.060,61.40,0.000
2026-07-27T19:15:00,4.060,55.50,0.000
2026-07-27T19:00:00,4.060,56.70,0.000
2026-07-27T18:45:00,4.050,60.40,0.000
2026-07-27T18:30:00,4.050,54.10,0.500
2026-07-27T18:15:00,4.060,58.70,1.500
2026-07-27T18:00:00,4.050,59.00,5.500
2026-07-27T17:45:00,4.050,582.60,6.500
2026-07-27T17:30:00,4.040,56.00,0.000
2026-07-27T17:15:00,4.060,56.20,0.000
2026-07-27T17:00:00,4.060,56.60,0.000
2026-07-27T16:45:00,4.060,55.50,0.000
2026-07-27T16:30:00,4.060,53.60,0.000
2026-07-27T16:15:00,4.060,51.60,0.000
2026-07-27T16:00:00,4.060,51.00,0.000
2026-07-27T15:45:00,4.060,55.20,0.000
2026-07-27T15:30:00,4.070,44.20,0.000
2026-07-27T15:15:00,4.070,57.40,0.000
2026-07-27T15:00:00,4.070,52.90,0.000
2026-07-27T14:45:00,4.080,63.30,0.000
2026-07-27T14:30:00,4.080,45.00,0.000
2026-07-27T14:15:00,4.080,52.40,0.000
2026-07-27T14:00:00,4.090,52.40,0.000
2026-07-27T13:45:00,4.090,63.10,0.000
2026-07-27T13:30:00,4.110,60.40,0.000
2026-07-27T13:15:00,4.110,56.00,0.000
2026-07-27T13:00:00,4.110,55.10,0.000
2026-07-27T12:45:00,4.110,55.20,0.000
2026-07-27T12:30:00,4.130,66.30,0.000
2026-07-27T12:15:00,4.120,59.00,0.000
2026-07-27T12:00:00,4.140,56.30,0.000
2026-07-27T11:45:00,4.140,56.20,0.000
2026-07-27T11:30:00,4.150,48.90,0.000
2026-07-27T11:15:00,4.150,53.60,0.000
2026-07-27T11:00:00,4.160,56.50,0.000
2026-07-27T10:45:00,4.160,54.00,0.000
2026-07-27T10:30:00,4.170,40.30,0.000
2026-07-27T10:15:00,4.180,33.70,0.000
2026-07-27T10:00:00,4.180,43.30,0.000
2026-07-27T09:45:00,4.190,33.30,0.000
2026-07-27T09:30:00,4.190,32.70,0.000
2026-07-27T09:15:00,4.200,39.70,0.000
2026-07-27T09:00:00,4.200,53.40,0.000
2026-07-27T08:45:00,4.210,38.40,0.000
2026-07-27T08:30:00,4.220,55.40,0.000
2026-07-27T08:15:00,4.220,46.40,0.000
2026-07-27T08:00:00,4.230,0.00,0.000
2026-07-27T07:45:00,4.230,0.00,0.000
2026-07-27T07:30:00,4.240,0.00,0.000
2026-07-27T07:15:00,4.240,0.00,0.000
2026-07-27T07:00:00,4.250,0.00,0.000
2026-07-27T06:45:00,4.260,0.00,0.000
2026-07-27T06:30:00,4.260,0.00,0.000
2026-07-27T06:15:00,4.260,0.00,0.000
2026-07-27T06:00:00,4.270,0.00,0.000
2026-07-27T05:45:00,4.280,0.00,0.000
2026-07-27T05:30:00,4.280,0.00,0.000
2026-07-27T05:15:00,4.290,0.00,0.000
2026-07-27T05:00:00,4.300,0.00,0.000
2026-07-27T04:45:00,4.300,33.40,0.000
2026-07-27T04:30:00,4.300,0.00,0.000
2026-07-27T04:15:00,4.300,0.00,0.000
2026-07-27T04:00:00,4.310,0.00,0.000
2026-07-27T03:45:00,4.310,0.00,0.000
2026-07-27T03:30:00,4.310,0.00,0.000
2026-07-27T03:15:00,4.310,0.00,0.000
2026-07-27T03:00:00,4.320,0.00,0.000
2026-07-27T02:45:00,4.320,0.00,0.000
2026-07-27T02:30:00,4.320,0.00,0.000
2026-07-27T02:15:00,4.320,0.00,0.000
2026-07-27T02:00:00,4.320,0.00,0.000
2026-07-27T01:45:00,4.330,0.00,0.000
2026-07-27T01:30:00,4.330,33.60,0.000
2026-07-27T01:15:00,4.330,33.60,0.000
2026-07-27T01:00:00,4.330,33.60,0.000
2026-07-27T00:45:00,4.330,33.60,0.000
2026-07-27T00:30:00,4.340,43.00,0.000
2026-07-27T00:15:00,4.340,54.90,0.000
2026-07-27T00:00:00,4.340,62.20,0.000
2026-08-09T23:45:00,3.890,83.80,0.000
2026-08-09T23:30:00,3.900,84.70,0.000
2026-08-09T23:15:00,3.910,85.00,0.000
2026-08-09T23:00:00,3.910,84.90,0.000
2026-08-09T22:45:00,3.920,88.30,0.000
2026-08-09T22:30:00,3.910,87.20,0.000
2026-08-09T22:15:00,3.920,92.00,0.000
2026-08-09T22:00:00,3.930,90.10,0.000
2026-08-09T21:45:00,3.930,91.50,0.000
2026-08-09T21:30:00,3.940,90.70,0.000
2026-08-09T21:15:00,3.940,90.50,0.000
2026-08-09T21:00:00,3.930,94.60,0.000
2026-08-09T20:45:00,3.930,93.70,0.000
2026-08-09T20:30:00,3.930,99.00,0.000
2026-08-09T20:15:00,3.940,92.30,0.000
2026-08-09T20:00:00,3.930,90.00,0.000
2026-08-09T19:45:00,3.920,92.40,0.000
2026-08-09T19:30:00,3.930,95.00,0.000
2026-08-09T19:15:00,3.920,93.90,0.000
2026-08-09T19:00:00,3.930,95.40,0.000
2026-08-09T18:45:00,3.920,91.80,0.000
2026-08-09T18:30:00,3.920,92.20,0.000
2026-08-09T18:15:00,3.920,91.80,0.000
2026-08-09T18:00:00,3.920,93.50,0.000
2026-08-09T17:45:00,3.920,94.90,0.000
2026-08-09T17:30:00,3.910,93.80,0.000
2026-08-09T17:15:00,3.920,89.00,0.000
2026-08-09T17:00:00,3.910,94.20,0.000
2026-08-09T16:45:00,3.920,93.80,0.000
2026-08-09T16:30:00,3.920,90.50,0.000
2026-08-09T16:15:00,3.920,88.80,0.000
2026-08-09T16:00:00,3.910,91.30,0.000
2026-08-09T15:45:00,3.910,91.90,0.000
2026-08-09T15:30:00,3.900,94.20,0.000
2026-08-09T15:15:00,3.910,89.60,0.000
2026-08-09T15:00:00,3.910,91.30,0.000
2026-08-09T14:45:00,3.900,90.90,0.000
2026-08-09T14:30:00,3.910,89.90,0.000
2026-08-09T14:15:00,3.900,88.90,0.000
2026-08-09T14:00:00,3.900,89.30,0.000
2026-08-09T13:45:00,3.890,89.60,0.000
2026-08-09T13:30:00,3.890,86.70,0.000
2026-08-09T13:15:00,3.880,88.60,0.000
2026-08-09T13:00:00,3.880,86.00,0.000
2026-08-09T12:45:00,3.870,83.40,0.000
2026-08-09T12:30:00,3.870,87.60,0.000
2026-08-09T12:15:00,3.880,83.70,0.000
2026-08-09T12:00:00,3.870,80.90,0.000
2026-08-09T11:45:00,3.880,84.00,0.000
2026-08-09T11:30:00,3.890,87.60,0.000
2026-08-09T11:15:00,3.890,88.20,0.000
2026-08-09T11:00:00,3.900,87.80,0.000
2026-08-09T10:45:00,3.890,87.40,0.000
2026-08-09T10:30:00,3.900,89.80,0.000
2026-08-09T10:15:00,3.900,91.30,0.000
2026-08-09T10:00:00,3.900,90.30,0.000
2026-08-09T09:45:00,3.910,91.90,0.000
2026-08-09T09:30:00,3.900,94.40,0.000
2026-08-09T09:15:00,3.920,95.40,0.000
2026-08-09T09:00:00,3.920,91.60,0.000
2026-08-09T08:45:00,3.910,95.80,0.000
2026-08-09T08:30:00,3.920,95.20,0.000
2026-08-09T08:15:00,3.920,93.00,0.000
2026-08-09T08:00:00,3.930,96.20,0.000
2026-08-09T07:45:00,3.920,96.80,0.000
2026-08-09T07:30:00,3.920,97.40,0.000
2026-08-09T07:15:00,3.920,94.80,0.000
2026-08-09T07:00:00,3.930,98.90,0.000
2026-08-09T06:45:00,3.920,94.30,0.000
2026-08-09T06:30:00,3.910,97.70,0.000
2026-08-09T06:15:00,3.910,99.60,0.000
2026-08-09T06:00:00,3.910,97.40,0.000
2026-08-09T05:45:00,3.910,97.80,0.000
2026-08-09T05:30:00,3.910,100.50,0.000
2026-08-09T05:15:00,3.920,98.40,0.000
2026-08-09T05:00:00,3.910,103.20,0.000
2026-08-09T04:45:00,3.920,100.80,0.000
2026-08-09T04:30:00,3.920,104.30,0.500
2026-08-09T04:15:00,3.920,105.20,0.000
2026-08-09T04:00:00,3.940,104.70,0.000
2026-08-09T03:45:00,3.930,103.80,0.000
2026-08-09T03:30:00,3.940,107.10,0.000
2026-08-09T03:15:00,3.940,107.40,0.000
2026-08-09T03:00:00,3.940,105.90,0.000
2026-08-09T02:45:00,3.950,108.80,0.000
2026-08-09T02:30:00,3.960,107.60,0.000
2026-08-09T02:15:00,3.950,109.00,0.000
2026-08-09T02:00:00,3.960,109.20,0.500
2026-08-09T01:45:00,3.960,108.30,0.000
2026-08-09T01:30:00,3.970,112.20,0.000
2026-08-09T01:15:00,3.970,109.50,0.000
2026-08-09T01:00:00,3.980,109.50,0.000
2026-08-09T00:45:00,3.970,108.80,0.000
2026-08-09T00:30:00,3.980,111.90,0.000
2026-08-09T00:15:00,3.990,110.20,0.000
2026-08-09T00:00:00,4.000,113.70,0.000
2026-08-08T23:45:00,4.000,113.20,0.000
2026-08-08T23:30:00,4.000,114.30,0.000
2026-08-08T23:15:00,4.000,113.90,0.000
2026-08-08T23:00:00,4.010,115.20,0.000
2026-08-08T22:45:00,4.020,117.00,0.000
2026-08-08T22:30:00,4.030,116.50,0.000
2026-08-08T22:15:00,4.030,117.80,0.000
2026-08-08T22:00:00,4.030,121.20,0.000
2026-08-08T21:45:00,4.040,123.40,0.000
2026-08-08T21:30:00,4.040,121.10,0.000
2026-08-08T21:15:00,4.050,121.10,0.000
2026-08-08T21:00:00,4.060,125.80,0.000
2026-08-08T20:45:00,4.060,121.50,0.000
2026-08-08T20:30:00,4.060,127.20,0.000
2026-08-08T20:15:00,4.070,124.20,0.000
2026-08-08T20:00:00,4.070,128.00,0.000
2026-08-08T19:45:00,4.080,127.30,0.000
2026-08-08T19:30:00,4.070,129.30,0.000
2026-08-08T19:15:00,4.080,127.70,0.000
2026-08-08T19:00:00,4.090,131.40,0.000
2026-08-08T18:45:00,4.080,128.60,0.000
2026-08-08T18:30:00,4.080,129.40,0.000
2026-08-08T18:15:00,4.090,130.20,0.000
2026-08-08T18:00:00,4.080,131.10,0.000
2026-08-08T17:45:00,4.080,129.30,0.000
2026-08-08T17:30:00,4.100,132.20,0.000
2026-08-08T17:15:00,4.090,132.00,0.000
2026-08-08T17:00:00,4.090,132.00,0.000
2026-08-08T16:45:00,4.110,130.00,0.000
2026-08-08T16:30:00,4.100,129.90,0.000
2026-08-08T16:15:00,4.110,129.70,0.000
2026-08-08T16:00:00,4.110,132.70,0.000
2026-08-08T15:45:00,4.110,138.40,0.000
2026-08-08T15:30:00,4.120,139.00,0.000
2026-08-08T15:15:00,4.110,131.80,0.500
2026-08-08T15:00:00,4.130,134.40,0.000
2026-08-08T14:45:00,4.100,132.40,10.000
2026-08-08T14:30:00,4.110,133.80,0.000
2026-08-08T14:15:00,4.110,135.90,0.000
2026-08-08T14:00:00,4.110,130.60,0.000
2026-08-08T13:45:00,4.120,130.10,0.000
2026-08-08T13:30:00,4.120,139.00,0.000
2026-08-08T13:15:00,4.130,140.90,0.000
2026-08-08T13:00:00,4.130,136.40,0.000
2026-08-08T12:45:00,4.140,132.70,0.000
2026-08-08T12:30:00,4.150,138.30,0.000
2026-08-08T12:15:00,4.150,141.50,0.000
2026-08-08T12:00:00,4.160,139.30,0.000
2026-08-08T11:45:00,4.160,142.60,0.000
2026-08-08T11:30:00,4.160,144.50,0.000
2026-08-08T11:15:00,4.170,153.50,0.000
2026-08-08T11:00:00,4.180,148.00,0.000
2026-08-08T10:45:00,4.190,144.20,0.000
2026-08-08T10:30:00,4.190,153.60,0.000
2026-08-08T10:15:00,4.200,153.60,0.000
2026-08-08T10:00:00,4.210,156.00,0.000
2026-08-08T09:45:00,4.210,157.80,0.000
2026-08-08T09:30:00,4.230,159.50,0.000
2026-08-08T09:15:00,4.230,156.80,0.000
2026-08-08T09:00:00,4.230,158.20,0.000
2026-08-08T08:45:00,4.220,160.00,0.000
2026-08-08T08:30:00,4.220,160.30,0.000
2026-08-08T08:15:00,4.210,158.70,0.000
2026-08-08T08:00:00,4.210,158.20,0.000
2026-08-08T07:45:00,4.200,157.20,0.000
2026-08-08T07:30:00,4.190,152.00,0.000
2026-08-08T07:15:00,4.190,153.70,0.000
2026-08-08T07:00:00,4.170,152.60,0.000
2026-08-08T06:45:00,4.170,151.00,0.000
2026-08-08T06:30:00,4.140,147.90,0.000
2026-08-08T06:15:00,4.140,144.30,0.000
2026-08-08T06:00:00,4.130,139.50,0.000
2026-08-08T05:45:00,4.120,143.90,0.000
2026-08-08T05:30:00,4.100,138.20,0.000
2026-08-08T05:15:00,4.090,137.70,0.000
2026-08-08T05:00:00,4.080,130.30,0.000
2026-08-08T04:45:00,4.070,129.80,0.000
2026-08-08T04:30:00,4.060,128.00,0.000
2026-08-08T04:15:00,4.050,121.80,0.000
2026-08-08T04:00:00,4.030,122.20,0.000
2026-08-08T03:45:00,4.020,117.70,0.000
2026-08-08T03:30:00,4.010,115.40,0.000
2026-08-08T03:15:00,4.000,107.80,0.000
2026-08-08T03:00:00,3.980,105.00,0.000
2026-08-08T02:45:00,3.980,107.20,0.000
2026-08-08T02:30:00,3.970,100.80,0.000
2026-08-08T02:15:00,3.970,101.40,0.000
2026-08-08T02:00:00,3.980,101.60,0.000
2026-08-08T01:45:00,3.990,105.10,0.000
2026-08-08T01:30:00,3.980,100.90,0.000
2026-08-08T01:15:00,4.000,105.20,0.000
2026-08-08T01:00:00,4.000,105.00,0.000
2026-08-08T00:45:00,4.010,106.60,0.500
2026-08-08T00:30:00,4.020,107.40,0.000
2026-08-08T00:15:00,4.020,103.30,0.000
2026-08-08T00:00:00,4.020,106.20,0.000
2026-08-07T23:45:00,4.030,104.80,0.000
2026-08-07T23:30:00,4.030,107.70,0.000
2026-08-07T23:15:00,4.040,109.50,0.500
2026-08-07T23:00:00,4.050,113.80,0.000
2026-08-07T22:45:00,4.060,115.20,0.500
2026-08-07T22:30:00,4.050,115.20,0.000
2026-08-07T22:15:00,4.070,123.70,0.500
2026-08-07T22:00:00,4.060,118.20,6.500
2026-08-07T21:45:00,4.070,110.70,4.500
2026-08-07T21:30:00,4.070,111.50,0.000
2026-08-07T21:15:00,4.080,113.90,0.000
2026-08-07T21:00:00,4.090,117.30,0.000
2026-08-07T20:45:00,4.090,116.20,0.000
2026-08-07T20:30:00,4.100,116.10,0.000
2026-08-07T20:15:00,4.100,117.40,0.000
2026-08-07T20:00:00,4.110,118.30,0.000
2026-08-07T19:45:00,4.100,117.30,0.000
2026-08-07T19:30:00,4.120,121.50,0.000
2026-08-07T19:15:00,4.130,129.70,0.000
2026-08-07T19:00:00,4.140,126.00,0.000
2026-08-07T18:45:00,4.150,132.30,0.000
2026-08-07T18:30:00,4.160,129.10,0.000
2026-08-07T18:15:00,4.170,134.70,0.000
2026-08-07T18:00:00,4.180,134.10,0.000
2026-08-07T17:45:00,4.190,137.50,0.000
2026-08-07T17:30:00,4.200,133.90,0.000
2026-08-07T17:15:00,4.210,144.50,0.000
2026-08-07T17:00:00,4.230,147.70,0.000
2026-08-07T16:45:00,4.240,148.20,0.000
2026-08-07T16:30:00,4.250,156.70,0.000
2026-08-07T16:15:00,4.260,154.50,0.000
2026-08-07T16:00:00,4.270,150.00,0.000
2026-08-07T15:45:00,4.280,162.40,0.000
2026-08-07T15:30:00,4.290,160.60,0.000
2026-08-07T15:15:00,4.300,151.70,0.000
2026-08-07T15:00:00,4.320,148.40,0.000
2026-08-07T14:45:00,4.330,156.60,0.000
2026-08-07T14:30:00,4.340,150.70,0.000
2026-08-07T14:15:00,4.350,148.20,0.000
2026-08-07T14:00:00,4.360,164.40,0.000
2026-08-07T13:45:00,4.370,166.80,0.000
2026-08-07T13:30:00,4.380,171.70,0.000
2026-08-07T13:15:00,4.390,165.30,0.000
2026-08-07T13:00:00,4.400,180.40,0.000
2026-08-07T12:45:00,4.420,167.30,0.000
2026-08-07T12:30:00,4.420,173.50,0.000
2026-08-07T12:15:00,4.430,170.90,0.000
2026-08-07T12:00:00,4.440,168.10,0.000
2026-08-07T11:45:00,4.450,174.50,0.000
2026-08-07T11:30:00,4.460,176.30,0.000
2026-08-07T11:15:00,4.470,163.80,0.000
2026-08-07T11:00:00,4.480,178.80,0.500
2026-08-07T10:45:00,4.490,180.70,0.000
2026-08-07T10:30:00,4.490,187.00,0.000
2026-08-07T10:15:00,4.500,179.20,0.000
2026-08-07T10:00:00,4.510,185.30,0.000
2026-08-07T09:45:00,4.520,187.00,0.000
2026-08-07T09:30:00,4.530,190.40,0.000
2026-08-07T09:15:00,4.540,186.70,0.000
2026-08-07T09:00:00,4.540,175.20,0.000
2026-08-07T08:45:00,4.550,185.20,0.000
2026-08-07T08:30:00,4.550,176.30,0.000
2026-08-07T08:15:00,4.550,184.20,0.000
2026-08-07T08:00:00,4.570,175.10,0.000
2026-08-07T07:45:00,4.560,175.20,0.000
2026-08-07T07:30:00,4.560,180.40,0.000
2026-08-07T07:15:00,4.560,184.00,0.000
2026-08-07T07:00:00,4.570,181.90,0.000
2026-08-07T06:45:00,4.570,165.10,0.000
2026-08-07T06:30:00,4.580,161.50,0.000
2026-08-07T06:15:00,4.570,168.00,0.000
2026-08-07T06:00:00,4.560,160.50,0.000
2026-08-07T05:45:00,4.550,165.70,0.000
2026-08-07T05:30:00,4.540,172.30,0.000
2026-08-07T05:15:00,4.540,157.40,0.000
2026-08-07T05:00:00,4.530,175.90,0.000
2026-08-07T04:45:00,4.520,158.60,0.000
2026-08-07T04:30:00,4.510,155.20,0.000
2026-08-07T04:15:00,4.510,150.00,0.000
2026-08-07T04:00:00,4.500,175.80,0.000
2026-08-07T03:45:00,4.500,168.00,0.000
2026-08-07T03:30:00,4.500,157.00,0.000
2026-08-07T03:15:00,4.490,171.60,0.000
2026-08-07T03:00:00,4.490,164.50,0.000
2026-08-07T02:45:00,4.480,162.00,0.000
2026-08-07T02:30:00,4.470,167.70,0.000
2026-08-07T02:15:00,4.480,173.80,0.000
2026-08-07T02:00:00,4.460,175.60,0.000
2026-08-07T01:45:00,4.460,179.60,0.000
2026-08-07T01:30:00,4.450,179.40,0.000
2026-08-07T01:15:00,4.440,175.90,0.000
2026-08-07T01:00:00,4.430,163.80,0.000
2026-08-07T00:45:00,4.420,170.40,0.000
2026-08-07T00:30:00,4.410,173.90,0.000
2026-08-07T00:15:00,4.390,172.20,0.000
2026-08-07T00:00:00,4.380,176.80,0.000
2026-08-06T23:45:00,4.360,175.30,0.500
2026-08-06T23:30:00,4.350,164.90,0.000
2026-08-06T23:15:00,4.330,160.30,0.000
2026-08-06T23:00:00,4.310,162.20,0.000
2026-08-06T22:45:00,4.290,164.20,0.000
2026-08-06T22:30:00,4.270,160.70,0.500
2026-08-06T22:15:00,4.260,167.70,0.500
2026-08-06T22:00:00,4.230,150.70,2.500
2026-08-06T21:45:00,4.230,160.70,0.000
2026-08-06T21:30:00,4.220,139.00,0.000
2026-08-06T21:15:00,4.210,128.70,0.000
2026-08-06T21:00:00,4.190,128.00,0.000
2026-08-06T20:45:00,4.180,121.60,0.000
2026-08-06T20:30:00,4.150,123.00,0.000
2026-08-06T20:15:00,4.140,119.20,0.000
2026-08-06T20:00:00,4.130,119.00,0.000
2026-08-06T19:45:00,4.130,117.60,0.000
2026-08-06T19:30:00,4.140,98.60,0.000
2026-08-06T19:15:00,4.140,96.70,0.000
2026-08-06T19:00:00,4.130,98.40,0.000
2026-08-06T18:45:00,4.130,88.60,0.000
2026-08-06T18:30:00,4.130,88.00,0.000
2026-08-06T18:15:00,4.130,86.70,0.000
2026-08-06T18:00:00,4.140,88.30,0.000
2026-08-06T17:45:00,4.140,91.10,0.000
2026-08-06T17:30:00,4.150,90.20,0.000
2026-08-06T17:15:00,4.160,91.50,0.000
2026-08-06T17:00:00,4.160,93.70,0.000
2026-08-06T16:45:00,4.170,89.90,0.000
2026-08-06T16:30:00,4.180,90.50,0.000
2026-08-06T16:15:00,4.190,95.00,0.000
2026-08-06T16:00:00,4.190,94.30,0.000
2026-08-06T15:45:00,4.200,97.80,0.000
2026-08-06T15:30:00,4.210,93.10,0.000
2026-08-06T15:15:00,4.220,91.20,0.000
2026-08-06T15:00:00,4.220,87.60,0.000
2026-08-06T14:45:00,4.230,92.00,0.000
2026-08-06T14:30:00,4.240,88.50,0.000
2026-08-06T14:15:00,4.240,76.20,0.000
2026-08-06T14:00:00,4.250,72.80,0.000
2026-08-06T13:45:00,4.250,91.90,0.000
2026-08-06T13:30:00,4.260,105.00,0.000
2026-08-06T13:15:00,4.270,103.10,0.000
2026-08-06T13:00:00,4.280,103.70,0.000
2026-08-06T12:45:00,4.290,101.90,0.000
2026-08-06T12:30:00,4.290,105.90,0.000
2026-08-06T12:15:00,4.300,102.10,0.000
2026-08-06T12:00:00,4.310,111.40,0.000
2026-08-06T11:45:00,4.320,102.20,0.000
2026-08-06T11:30:00,4.320,103.50,0.000
2026-08-06T11:15:00,4.330,109.50,0.000
2026-08-06T11:00:00,4.340,110.60,0.000
2026-08-06T10:45:00,4.350,109.20,0.000
2026-08-06T10:30:00,4.350,102.10,0.000
2026-08-06T10:15:00,4.360,107.70,0.000
2026-08-06T10:00:00,4.370,103.70,0.000
2026-08-06T09:45:00,4.380,113.40,0.000
2026-08-06T09:30:00,4.380,112.50,0.000
2026-08-06T09:15:00,4.390,115.40,0.000
2026-08-06T09:00:00,4.400,120.30,0.000
2026-08-06T08:45:00,4.410,95.60,0.000
2026-08-06T08:30:00,4.420,111.00,0.000
2026-08-06T08:15:00,4.430,123.60,0.000
2026-08-06T08:00:00,4.440,109.80,0.000
2026-08-06T07:45:00,4.440,119.30,0.000
2026-08-06T07:30:00,4.460,120.60,0.000
2026-08-06T07:15:00,4.470,117.90,0.000
2026-08-06T07:00:00,4.480,116.60,0.000
2026-08-06T06:45:00,4.510,101.00,0.000
2026-08-06T06:30:00,4.510,104.70,0.000
2026-08-06T06:15:00,4.500,108.80,0.000
2026-08-06T06:00:00,4.500,110.50,0.000
2026-08-06T05:45:00,4.490,99.00,0.000
2026-08-06T05:30:00,4.480,114.60,0.000
2026-08-06T05:15:00,4.480,84.10,0.000
2026-08-06T05:00:00,4.470,85.70,0.000
2026-08-06T04:45:00,4.460,83.10,0.000
2026-08-06T04:30:00,4.450,88.40,0.000
2026-08-06T04:15:00,4.440,96.90,0.000
2026-08-06T04:00:00,4.430,103.20,0.000
2026-08-06T03:45:00,4.420,103.70,0.000
2026-08-06T03:30:00,4.410,99.00,0.000
2026-08-06T03:15:00,4.390,102.10,0.000
2026-08-06T03:00:00,4.390,100.70,0.000
2026-08-06T02:45:00,4.370,98.90,0.000
2026-08-06T02:30:00,4.360,98.40,0.500
2026-08-06T02:15:00,4.350,104.00,0.000
2026-08-06T02:00:00,4.330,104.40,0.000
2026-08-06T01:45:00,4.320,95.30,0.000
2026-08-06T01:30:00,4.310,100.20,0.000
2026-08-06T01:15:00,4.300,101.60,0.000
2026-08-06T01:00:00,4.280,99.70,0.000
2026-08-06T00:45:00,4.270,90.50,0.000
2026-08-06T00:30:00,4.260,84.80,0.000
2026-08-06T00:15:00,4.250,83.50,0.000
2026-08-06T00:00:00,4.250,77.90,0.000
2026-08-05T23:45:00,4.240,82.30,0.000
2026-08-05T23:30:00,4.240,80.40,0.000
2026-08-05T23:15:00,4.240,76.40,0.000
2026-08-05T23:00:00,4.240,83.90,0.000
2026-08-05T22:45:00,4.240,74.60,0.000
2026-08-05T22:30:00,4.240,80.20,0.000
2026-08-05T22:15:00,4.240,88.90,0.000
2026-08-05T22:00:00,4.250,89.60,0.000
2026-08-05T21:45:00,4.250,90.90,0.000
2026-08-05T21:30:00,4.250,93.20,0.000
2026-08-05T21:15:00,4.250,96.10,0.500
2026-08-05T21:00:00,4.250,94.70,0.000
2026-08-05T20:45:00,4.260,93.30,0.500
2026-08-05T20:30:00,4.260,83.80,0.000
2026-08-05T20:15:00,4.260,77.70,0.000
2026-08-05T20:00:00,4.260,89.10,0.000
2026-08-05T19:45:00,4.260,91.50,0.000
2026-08-05T19:30:00,4.270,90.70,0.000
2026-08-05T19:15:00,4.270,95.90,0.500
2026-08-05T19:00:00,4.270,65.80,2.000
2026-08-05T18:45:00,4.250,85.40,2.500
2026-08-05T18:30:00,4.270,48.90,0.000
2026-08-05T18:15:00,4.270,65.10,0.000
2026-08-05T18:00:00,4.270,65.10,0.000
2026-08-05T17:45:00,4.270,68.20,0.000
2026-08-05T17:30:00,4.280,74.00,0.000
2026-08-05T17:15:00,4.280,62.80,0.000
2026-08-05T17:00:00,4.280,66.80,0.000
2026-08-05T16:45:00,4.280,66.80,0.000
2026-08-05T16:30:00,4.280,73.40,0.000
2026-08-05T16:15:00,4.290,57.80,0.000
2026-08-05T16:00:00,4.290,52.00,0.000
2026-08-05T15:45:00,4.290,68.20,0.000
2026-08-05T15:30:00,4.290,72.40,0.000
2026-08-05T15:15:00,4.300,54.10,0.000
2026-08-05T15:00:00,4.300,48.50,0.000
2026-08-05T14:45:00,4.290,48.90,0.000
2026-08-05T14:30:00,4.290,58.30,0.000
2026-08-05T14:15:00,4.290,54.20,0.000
2026-08-05T14:00:00,4.290,51.90,0.000
2026-08-05T13:45:00,4.280,48.40,0.000
2026-08-05T13:30:00,4.290,52.90,0.000
2026-08-05T13:15:00,4.280,53.70,0.000
2026-08-05T13:00:00,4.280,64.10,0.000
2026-08-05T12:45:00,4.280,65.20,0.000
2026-08-05T12:30:00,4.270,62.00,0.000
2026-08-05T12:15:00,4.270,55.50,0.000
2026-08-05T12:00:00,4.270,73.40,0.000
2026-08-05T11:45:00,4.260,71.10,0.000
2026-08-05T11:30:00,4.260,63.40,0.000
2026-08-05T11:15:00,4.250,68.50,0.000
2026-08-05T11:00:00,4.250,69.70,0.000
2026-08-05T10:45:00,4.240,70.00,0.000
2026-08-05T10:30:00,4.240,73.10,0.000
2026-08-05T10:15:00,4.230,68.90,0.000
2026-08-05T10:00:00,4.230,55.50,0.000
2026-08-05T09:45:00,4.230,72.00,0.000
2026-08-05T09:30:00,4.220,76.90,0.000
2026-08-05T09:15:00,4.210,70.80,0.000
2026-08-05T09:00:00,4.210,69.40,0.000
2026-08-05T08:45:00,4.210,69.80,0.000
2026-08-05T08:30:00,4.200,69.80,0.000
2026-08-05T08:15:00,4.180,72.80,0.000
2026-08-05T08:00:00,4.170,68.60,0.000
2026-08-05T07:45:00,4.160,67.50,0.000
2026-08-05T07:30:00,4.150,69.80,0.000
2026-08-05T07:15:00,4.130,64.50,0.000
2026-08-05T07:00:00,4.120,66.00,0.000
2026-08-05T06:45:00,4.100,67.00,0.000
2026-08-05T06:30:00,4.070,74.60,0.000
2026-08-05T06:15:00,4.060,75.50,0.000
2026-08-05T06:00:00,4.030,75.40,0.000
2026-08-05T05:45:00,4.010,78.50,0.000
2026-08-05T05:30:00,3.970,90.20,0.000
2026-08-05T05:15:00,3.980,88.20,0.000
2026-08-05T05:00:00,3.990,89.10,0.000
2026-08-05T04:45:00,4.000,94.80,0.000
2026-08-05T04:30:00,4.020,92.20,0.000
2026-08-05T04:15:00,4.020,95.80,0.000
2026-08-05T04:00:00,4.030,95.30,0.000
2026-08-05T03:45:00,4.040,93.00,0.000
2026-08-05T03:30:00,4.050,96.20,0.000
2026-08-05T03:15:00,4.060,99.70,0.000
2026-08-05T03:00:00,4.070,104.40,0.000
2026-08-05T02:45:00,4.080,101.00,0.000
2026-08-05T02:30:00,4.090,102.60,0.000
2026-08-05T02:15:00,4.100,105.60,0.000
2026-08-05T02:00:00,4.110,104.80,0.000
2026-08-05T01:45:00,4.120,104.90,0.000
2026-08-05T01:30:00,4.120,108.70,0.000
2026-08-05T01:15:00,4.130,106.10,0.000
2026-08-05T01:00:00,4.140,106.20,0.000
2026-08-05T00:45:00,4.140,113.30,0.000
2026-08-05T00:30:00,4.150,110.10,0.000
2026-08-05T00:15:00,4.160,113.20,0.000
2026-08-05T00:00:00,4.170,116.80,0.000
2026-08-04T23:45:00,4.170,118.90,0.000
2026-08-04T23:30:00,4.180,117.70,0.000
2026-08-04T23:15:00,4.180,117.70,0.000
2026-08-04T23:00:00,4.180,119.90,0.000
2026-08-04T22:45:00,4.180,118.60,0.000
2026-08-04T22:30:00,4.170,129.30,0.000
2026-08-04T22:15:00,4.180,126.10,0.000
2026-08-04T22:00:00,4.190,130.80,0.000
2026-08-04T21:45:00,4.190,136.50,0.000
2026-08-04T21:30:00,4.200,140.60,0.000
2026-08-04T21:15:00,4.220,141.40,0.000
2026-08-04T21:00:00,4.230,147.40,0.000
2026-08-04T20:45:00,4.250,145.30,0.000
2026-08-04T20:30:00,4.270,158.30,0.500
2026-08-04T20:15:00,4.290,162.70,0.000
2026-08-04T20:00:00,4.310,149.70,0.000
2026-08-04T19:45:00,4.330,158.10,0.000
2026-08-04T19:30:00,4.360,168.40,0.000
2026-08-04T19:15:00,4.380,169.80,0.000
2026-08-04T19:00:00,4.390,173.00,0.000
2026-08-04T18:45:00,4.420,177.50,0.000
2026-08-04T18:30:00,4.430,184.80,0.000
2026-08-04T18:15:00,4.450,183.00,0.000
2026-08-04T18:00:00,4.470,175.70,0.000
2026-08-04T17:45:00,4.490,191.00,0.000
2026-08-04T17:30:00,4.510,182.60,0.000
2026-08-04T17:15:00,4.520,194.90,0.000
2026-08-04T17:00:00,4.540,192.50,0.000
2026-08-04T16:45:00,4.560,178.10,0.000
2026-08-04T16:30:00,4.570,192.90,0.000
2026-08-04T16:15:00,4.580,189.50,0.000
2026-08-04T16:00:00,4.600,194.60,0.000
2026-08-04T15:45:00,4.620,200.30,0.000
2026-08-04T15:30:00,4.620,192.80,4.000
2026-08-04T15:15:00,4.620,199.40,0.000
2026-08-04T15:00:00,4.640,199.80,0.000
2026-08-04T14:45:00,4.650,203.70,0.000
2026-08-04T14:30:00,4.670,207.00,0.000
2026-08-04T14:15:00,4.680,197.50,0.500
2026-08-04T14:00:00,4.710,176.70,0.500
2026-08-04T13:45:00,4.700,195.10,0.000
2026-08-04T13:30:00,4.680,194.60,0.000
2026-08-04T13:15:00,4.660,177.80,0.000
2026-08-04T13:00:00,4.650,180.40,0.000
2026-08-04T12:45:00,4.630,202.40,0.000
2026-08-04T12:30:00,4.620,183.10,0.000
2026-08-04T12:15:00,4.600,201.00,0.000
2026-08-04T12:00:00,4.570,197.10,0.000
2026-08-04T11:45:00,4.540,175.70,0.000
2026-08-04T11:30:00,4.510,184.80,0.000
2026-08-04T11:15:00,4.480,195.60,0.000
2026-08-04T11:00:00,4.440,187.20,0.000
2026-08-04T10:45:00,4.420,198.00,0.000
2026-08-04T10:30:00,4.400,189.60,0.000
2026-08-04T10:15:00,4.390,173.80,0.000
2026-08-04T10:00:00,4.340,166.30,0.000
2026-08-04T09:45:00,4.280,160.30,0.000
2026-08-04T09:30:00,4.230,144.50,0.000
2026-08-04T09:15:00,4.170,137.40,0.000
2026-08-04T09:00:00,4.110,124.30,0.000
2026-08-04T08:45:00,4.060,111.80,0.000
2026-08-04T08:30:00,4.030,101.90,0.000
2026-08-04T08:15:00,3.980,89.80,0.000
2026-08-04T08:00:00,3.940,81.60,0.000
2026-08-04T07:45:00,3.920,73.00,0.000
2026-08-04T07:30:00,3.900,65.80,0.000
2026-08-04T07:15:00,3.890,61.40,0.000
2026-08-04T07:00:00,3.880,56.00,0.000
2026-08-04T06:45:00,3.870,51.50,0.000
2026-08-04T06:30:00,3.880,54.90,0.000
2026-08-04T06:15:00,3.890,61.10,0.000
2026-08-04T06:00:00,3.880,56.90,0.000
2026-08-04T05:45:00,3.890,55.00,0.000
2026-08-04T05:30:00,3.890,54.10,0.000
2026-08-04T05:15:00,3.880,56.90,0.000
2026-08-04T05:00:00,3.890,54.50,0.000
2026-08-04T04:45:00,3.890,57.90,0.000
2026-08-04T04:30:00,3.900,53.80,0.000
2026-08-04T04:15:00,3.900,56.40,0.000
2026-08-04T04:00:00,3.900,63.90,0.000
2026-08-04T03:45:00,3.900,58.80,0.000
2026-08-04T03:30:00,3.910,60.90,0.000
2026-08-04T03:15:00,3.910,57.80,0.000
2026-08-04T03:00:00,3.910,58.30,0.000
2026-08-04T02:45:00,3.920,59.50,0.000
2026-08-04T02:30:00,3.920,55.40,0.000
2026-08-04T02:15:00,3.920,55.40,0.000
2026-08-04T02:00:00,3.930,53.60,0.000
2026-08-04T01:45:00,3.930,59.70,0.000
2026-08-04T01:30:00,3.930,60.90,0.000
2026-08-04T01:15:00,3.940,61.10,0.000
2026-08-04T01:00:00,3.940,69.40,0.000
2026-08-04T00:45:00,3.940,54.90,0.000
2026-08-04T00:30:00,3.950,61.40,0.000
2026-08-04T00:15:00,3.950,60.50,0.000
2026-08-04T00:00:00,3.950,58.80,0.000
2026-08-03T23:45:00,3.950,59.20,0.000
2026-08-03T23:30:00,3.960,61.30,0.000
2026-08-03T23:15:00,3.960,61.20,0.000
2026-08-03T23:00:00,3.960,58.00,0.000
2026-08-03T22:45:00,3.970,59.30,0.000
2026-08-03T22:30:00,3.970,64.50,0.000
2026-08-03T22:15:00,3.970,61.30,0.000
2026-08-03T22:00:00,3.980,61.10,0.000
2026-08-03T21:45:00,3.980,64.00,0.000
2026-08-03T21:30:00,3.980,64.50,0.000
2026-08-03T21:15:00,3.990,64.10,0.000
2026-08-03T21:00:00,3.980,67.60,0.000
2026-08-03T20:45:00,3.990,64.20,0.000
2026-08-03T20:30:00,3.990,65.80,0.000
2026-08-03T20:15:00,3.990,63.90,0.000
2026-08-03T20:00:00,3.990,63.60,0.000
2026-08-03T19:45:00,3.990,67.60,0.000
2026-08-03T19:30:00,4.000,63.50,0.000
2026-08-03T19:15:00,4.000,63.70,0.000
2026-08-03T19:00:00,4.000,65.50,0.000
2026-08-03T18:45:00,4.000,66.50,0.000
2026-08-03T18:30:00,4.000,67.00,0.000
2026-08-03T18:15:00,4.000,67.30,0.000
2026-08-03T18:00:00,4.000,59.30,0.000
2026-08-03T17:45:00,4.000,67.30,0.000
2026-08-03T17:30:00,4.000,67.80,0.000
2026-08-03T17:15:00,4.000,64.50,0.000
2026-08-03T17:00:00,4.000,57.20,0.000
2026-08-03T16:45:00,4.000,58.40,0.000
2026-08-03T16:30:00,4.000,64.40,0.000
2026-08-03T16:15:00,4.000,69.50,0.000
2026-08-03T16:00:00,4.000,62.50,0.000
2026-08-03T15:45:00,4.000,67.50,0.000
2026-08-03T15:30:00,4.000,67.70,0.000
2026-08-03T15:15:00,3.990,66.40,0.000
2026-08-03T15:00:00,3.990,60.90,0.000
2026-08-03T14:45:00,3.990,66.70,0.000
2026-08-03T14:30:00,3.990,60.60,0.000
2026-08-03T14:15:00,3.990,64.30,0.000
2026-08-03T14:00:00,3.980,66.60,0.000
2026-08-03T13:45:00,3.980,70.30,0.000
2026-08-03T13:30:00,3.980,67.90,0.000
2026-08-03T13:15:00,3.980,59.60,0.000
2026-08-03T13:00:00,3.970,70.90,0.000
2026-08-03T12:45:00,3.970,74.70,0.000
2026-08-03T12:30:00,3.970,65.50,0.000
2026-08-03T12:15:00,3.960,63.00,0.000
2026-08-03T12:00:00,3.960,66.30,0.000
2026-08-03T11:45:00,3.960,69.50,0.000
2026-08-03T11:30:00,3.950,60.10,0.000
2026-08-03T11:15:00,3.950,58.30,0.000
2026-08-03T11:00:00,3.950,64.10,0.000
2026-08-03T10:45:00,3.940,70.20,0.000
2026-08-03T10:30:00,3.940,62.80,0.000
2026-08-03T10:15:00,3.940,62.40,0.000
2026-08-03T10:00:00,3.930,55.00,0.000
2026-08-03T09:45:00,3.930,55.00,0.000
2026-08-03T09:30:00,3.930,59.50,0.000
2026-08-03T09:15:00,3.930,63.70,0.000
2026-08-03T09:00:00,3.930,63.40,0.000
2026-08-03T08:45:00,3.920,59.40,0.000
2026-08-03T08:30:00,3.920,61.90,0.000
2026-08-03T08:15:00,3.920,58.50,0.000
2026-08-03T08:00:00,3.920,58.90,0.000
2026-08-03T07:45:00,3.920,58.70,0.000
2026-08-03T07:30:00,3.920,60.00,0.000
2026-08-03T07:15:00,3.920,60.00,0.000
2026-08-03T07:00:00,3.920,60.80,0.000
2026-08-03T06:45:00,3.920,57.20,0.000
2026-08-03T06:30:00,3.920,58.80,0.000
2026-08-03T06:15:00,3.920,60.30,0.000
2026-08-03T06:00:00,3.920,59.50,0.000
2026-08-03T05:45:00,3.920,55.40,0.000
2026-08-03T05:30:00,3.930,58.00,0.000
2026-08-03T05:15:00,3.920,57.70,0.000
2026-08-03T05:00:00,3.930,55.00,0.000
2026-08-03T04:45:00,3.920,55.30,0.000
2026-08-03T04:30:00,3.930,60.30,0.000
2026-08-03T04:15:00,3.930,54.80,0.000
2026-08-03T04:00:00,3.930,58.10,0.000
2026-08-03T03:45:00,3.930,56.80,0.000
2026-08-03T03:30:00,3.930,72.90,0.000
2026-08-03T03:15:00,3.930,77.70,1.000
2026-08-03T03:00:00,3.930,76.70,5.500
2026-08-03T02:45:00,3.910,74.80,7.500
2026-08-03T02:30:00,3.920,57.30,0.000
2026-08-03T02:15:00,3.920,53.80,0.000
2026-08-03T02:00:00,3.920,58.40,0.000
2026-08-03T01:45:00,3.930,56.90,0.000
2026-08-03T01:30:00,3.940,57.50,0.000
2026-08-03T01:15:00,3.940,57.70,0.000
2026-08-03T01:00:00,3.940,60.00,0.000
2026-08-03T00:45:00,3.950,59.80,0.000
2026-08-03T00:30:00,3.960,60.30,0.000
2026-08-03T00:15:00,3.960,57.10,0.000
2026-08-03T00:00:00,3.960,58.40,0.000
2026-08-16T23:45:00,3.940,45.10,0.000
2026-08-16T23:30:00,3.940,41.50,0.000
2026-08-16T23:15:00,3.940,43.00,0.000
2026-08-16T23:00:00,3.940,41.40,0.000
2026-08-16T22:45:00,3.950,43.60,0.000
2026-08-16T22:30:00,3.940,44.70,0.000
2026-08-16T22:15:00,3.950,45.70,0.000
2026-08-16T22:00:00,3.940,43.60,0.000
2026-08-16T21:45:00,3.940,46.50,0.000
2026-08-16T21:30:00,3.940,45.30,0.000
2026-08-16T21:15:00,3.940,46.80,0.000
2026-08-16T21:00:00,3.930,44.60,0.000
2026-08-16T20:45:00,3.930,43.70,0.000
2026-08-16T20:30:00,3.930,46.20,0.000
2026-08-16T20:15:00,3.920,47.90,0.000
2026-08-16T20:00:00,3.910,49.20,0.000
2026-08-16T19:45:00,3.910,45.60,0.000
2026-08-16T19:30:00,3.900,47.90,0.000
2026-08-16T19:15:00,3.900,48.40,0.000
2026-08-16T19:00:00,3.890,47.50,0.000
2026-08-16T18:45:00,3.890,45.90,0.000
2026-08-16T18:30:00,3.880,44.50,0.000
2026-08-16T18:15:00,3.880,40.70,0.000
2026-08-16T18:00:00,3.870,44.90,0.000
2026-08-16T17:45:00,3.860,43.20,0.000
2026-08-16T17:30:00,3.860,46.10,0.000
2026-08-16T17:15:00,3.850,40.30,0.000
2026-08-16T17:00:00,3.840,44.60,0.000
2026-08-16T16:45:00,3.840,42.30,0.000
2026-08-16T16:30:00,3.830,44.70,0.000
2026-08-16T16:15:00,3.820,48.30,0.000
2026-08-16T16:00:00,3.810,49.40,0.000
2026-08-16T15:45:00,3.810,45.00,0.000
2026-08-16T15:30:00,3.790,43.00,0.000
2026-08-16T15:15:00,3.790,43.10,0.000
2026-08-16T15:00:00,3.780,42.50,0.000
2026-08-16T14:45:00,3.770,49.90,0.000
2026-08-16T14:30:00,3.770,49.20,0.000
2026-08-16T14:15:00,3.760,44.60,0.000
2026-08-16T14:00:00,3.760,51.80,0.000
2026-08-16T13:45:00,3.760,47.80,0.000
2026-08-16T13:30:00,3.760,46.90,0.000
2026-08-16T13:15:00,3.760,41.60,0.000
2026-08-16T13:00:00,3.760,44.50,0.000
2026-08-16T12:45:00,3.760,35.10,0.000
2026-08-16T12:30:00,3.760,36.10,0.000
2026-08-16T12:15:00,3.760,40.10,0.000
2026-08-16T12:00:00,3.760,41.20,0.000
2026-08-16T11:45:00,3.760,38.10,0.000
2026-08-16T11:30:00,3.770,41.20,0.000
2026-08-16T11:15:00,3.770,38.90,0.000
2026-08-16T11:00:00,3.770,54.40,0.000
2026-08-16T10:45:00,3.780,39.90,0.000
2026-08-16T10:30:00,3.770,40.60,0.000
2026-08-16T10:15:00,3.780,36.00,0.000
2026-08-16T10:00:00,3.780,39.90,0.000
2026-08-16T09:45:00,3.780,37.60,0.000
2026-08-16T09:30:00,3.780,37.80,0.000
2026-08-16T09:15:00,3.790,42.30,0.000
2026-08-16T09:00:00,3.790,44.50,0.000
2026-08-16T08:45:00,3.790,43.70,0.000
2026-08-16T08:30:00,3.790,42.30,0.000
2026-08-16T08:15:00,3.790,46.00,0.000
2026-08-16T08:00:00,3.800,45.40,0.000
2026-08-16T07:45:00,3.800,46.80,0.000
2026-08-16T07:30:00,3.800,47.20,0.000
2026-08-16T07:15:00,3.800,44.20,0.000
2026-08-16T07:00:00,3.800,50.00,0.000
2026-08-16T06:45:00,3.800,46.70,0.000
2026-08-16T06:30:00,3.800,45.40,0.000
2026-08-16T06:15:00,3.790,49.30,0.000
2026-08-16T06:00:00,3.790,49.90,0.000
2026-08-16T05:45:00,3.800,53.90,0.000
2026-08-16T05:30:00,3.810,51.60,0.000
2026-08-16T05:15:00,3.810,50.30,0.000
2026-08-16T05:00:00,3.820,52.50,0.000
2026-08-16T04:45:00,3.830,48.90,0.000
2026-08-16T04:30:00,3.840,53.80,0.000
2026-08-16T04:15:00,3.840,49.70,0.000
2026-08-16T04:00:00,3.850,52.60,0.000
2026-08-16T03:45:00,3.860,54.00,0.000
2026-08-16T03:30:00,3.870,50.40,0.000
2026-08-16T03:15:00,3.870,54.90,0.000
2026-08-16T03:00:00,3.880,54.30,0.000
2026-08-16T02:45:00,3.890,55.60,0.000
2026-08-16T02:30:00,3.900,55.00,0.000
2026-08-16T02:15:00,3.910,59.80,0.000
2026-08-16T02:00:00,3.920,55.30,0.000
2026-08-16T01:45:00,3.930,59.70,0.000
2026-08-16T01:30:00,3.940,61.30,0.000
2026-08-16T01:15:00,3.950,56.50,0.000
2026-08-16T01:00:00,3.950,57.50,0.000
2026-08-16T00:45:00,3.970,58.40,0.000
2026-08-16T00:30:00,3.980,59.20,0.000
2026-08-16T00:15:00,3.990,60.40,0.000
2026-08-16T00:00:00,4.000,60.60,0.000
2026-08-15T23:45:00,4.010,60.00,0.000
2026-08-15T23:30:00,4.020,62.60,0.000
2026-08-15T23:15:00,4.020,63.90,0.000
2026-08-15T23:00:00,4.030,61.90,0.000
2026-08-15T22:45:00,4.040,64.60,0.000
2026-08-15T22:30:00,4.050,67.60,0.000
2026-08-15T22:15:00,4.060,68.70,0.000
2026-08-15T22:00:00,4.070,69.40,0.000
2026-08-15T21:45:00,4.080,67.60,0.000
2026-08-15T21:30:00,4.090,69.70,0.000
2026-08-15T21:15:00,4.100,75.20,0.000
2026-08-15T21:00:00,4.100,75.30,0.000
2026-08-15T20:45:00,4.110,78.80,0.000
2026-08-15T20:30:00,4.110,84.20,0.000
2026-08-15T20:15:00,4.120,87.00,0.000
2026-08-15T20:00:00,4.120,77.00,0.000
2026-08-15T19:45:00,4.130,78.80,0.000
2026-08-15T19:30:00,4.140,82.20,0.000
2026-08-15T19:15:00,4.140,74.30,0.000
2026-08-15T19:00:00,4.150,86.90,0.000
2026-08-15T18:45:00,4.150,70.70,0.000
2026-08-15T18:30:00,4.160,74.80,0.000
2026-08-15T18:15:00,4.160,68.20,0.000
2026-08-15T18:00:00,4.170,81.10,0.000
2026-08-15T17:45:00,4.180,81.90,0.000
2026-08-15T17:30:00,4.180,79.70,0.000
2026-08-15T17:15:00,4.190,84.30,0.000
2026-08-15T17:00:00,4.200,79.80,0.000
2026-08-15T16:45:00,4.210,95.10,0.000
2026-08-15T16:30:00,4.210,78.90,0.000
2026-08-15T16:15:00,4.220,68.70,0.000
2026-08-15T16:00:00,4.230,83.00,0.000
2026-08-15T15:45:00,4.240,84.00,0.000
2026-08-15T15:30:00,4.250,76.50,0.000
2026-08-15T15:15:00,4.260,77.30,0.000
2026-08-15T15:00:00,4.280,78.80,0.000
2026-08-15T14:45:00,4.280,77.60,0.000
2026-08-15T14:30:00,4.290,65.70,0.000
2026-08-15T14:15:00,4.290,68.70,0.000
2026-08-15T14:00:00,4.300,83.40,0.000
2026-08-15T13:45:00,4.310,68.00,0.000
2026-08-15T13:30:00,4.320,56.10,0.000
2026-08-15T13:15:00,4.330,53.80,0.000
2026-08-15T13:00:00,4.340,53.70,0.000
2026-08-15T12:45:00,4.340,48.30,0.000
2026-08-15T12:30:00,4.340,45.50,0.000
2026-08-15T12:15:00,4.350,59.90,0.000
2026-08-15T12:00:00,4.350,59.50,0.000
2026-08-15T11:45:00,4.370,46.90,0.000
2026-08-15T11:30:00,4.380,34.90,0.000
2026-08-15T11:15:00,4.380,41.20,0.000
2026-08-15T11:00:00,4.370,33.90,0.000
2026-08-15T10:45:00,4.380,43.80,0.000
2026-08-15T10:30:00,4.380,42.20,0.000
2026-08-15T10:15:00,4.370,44.00,0.000
2026-08-15T10:00:00,4.370,58.80,0.000
2026-08-15T09:45:00,4.370,53.10,0.000
2026-08-15T09:30:00,4.370,63.80,0.000
2026-08-15T09:15:00,4.370,66.10,0.000
2026-08-15T09:00:00,4.360,67.30,0.000
2026-08-15T08:45:00,4.360,70.50,0.000
2026-08-15T08:30:00,4.360,67.30,0.000
2026-08-15T08:15:00,4.350,67.20,0.000
2026-08-15T08:00:00,4.350,72.60,0.000
2026-08-15T07:45:00,4.350,65.20,0.000
2026-08-15T07:30:00,4.350,64.40,0.000
2026-08-15T07:15:00,4.340,67.80,0.000
2026-08-15T07:00:00,4.340,67.00,0.000
2026-08-15T06:45:00,4.330,70.60,0.000
2026-08-15T06:30:00,4.320,66.20,0.000
2026-08-15T06:15:00,4.330,63.50,0.000
2026-08-15T06:00:00,4.320,60.10,0.000
2026-08-15T05:45:00,4.310,58.90,0.000
2026-08-15T05:30:00,4.300,61.00,0.000
2026-08-15T05:15:00,4.290,65.00,0.000
2026-08-15T05:00:00,4.270,55.00,0.000
2026-08-15T04:45:00,4.270,55.50,0.000
2026-08-15T04:30:00,4.250,52.60,0.000
2026-08-15T04:15:00,4.240,56.10,0.000
2026-08-15T04:00:00,4.240,54.90,0.000
2026-08-15T03:45:00,4.220,59.50,0.000
2026-08-15T03:30:00,4.210,58.50,0.000
2026-08-15T03:15:00,4.200,58.70,0.000
2026-08-15T03:00:00,4.190,52.10,0.000
2026-08-15T02:45:00,4.180,54.10,0.000
2026-08-15T02:30:00,4.180,52.30,0.000
2026-08-15T02:15:00,4.170,50.70,0.000
2026-08-15T02:00:00,4.160,51.70,0.000
2026-08-15T01:45:00,4.150,45.50,0.000
2026-08-15T01:30:00,4.140,53.60,0.000
2026-08-15T01:15:00,4.140,46.70,0.000
2026-08-15T01:00:00,4.130,47.90,0.000
2026-08-15T00:45:00,4.120,47.10,0.000
2026-08-15T00:30:00,4.110,47.90,0.000
2026-08-15T00:15:00,4.110,49.20,0.000
2026-08-15T00:00:00,4.100,48.70,0.000
2026-08-14T23:45:00,4.100,48.60,0.000
2026-08-14T23:30:00,4.090,51.10,0.000
2026-08-14T23:15:00,4.080,47.60,0.000
2026-08-14T23:00:00,4.070,46.20,0.000
2026-08-14T22:45:00,4.060,48.50,0.000
2026-08-14T22:30:00,4.050,46.80,0.000
2026-08-14T22:15:00,4.040,49.20,0.000
2026-08-14T22:00:00,4.030,44.10,0.000
2026-08-14T21:45:00,4.020,45.50,0.000
2026-08-14T21:30:00,4.010,43.30,0.000
2026-08-14T21:15:00,4.010,39.90,0.000
2026-08-14T21:00:00,4.000,42.20,0.000
2026-08-14T20:45:00,3.990,37.00,0.000
2026-08-14T20:30:00,3.990,39.30,0.000
2026-08-14T20:15:00,3.990,42.90,0.000
2026-08-14T20:00:00,3.990,38.50,0.000
2026-08-14T19:45:00,3.980,44.30,0.000
2026-08-14T19:30:00,3.980,40.90,0.000
2026-08-14T19:15:00,3.980,132.20,0.000
2026-08-14T19:00:00,3.980,44.50,0.000
2026-08-14T18:45:00,3.970,42.00,0.000
2026-08-14T18:30:00,3.970,43.50,0.000
2026-08-14T18:15:00,3.970,43.80,0.000
2026-08-14T18:00:00,3.970,44.50,0.000
2026-08-14T17:45:00,3.970,46.20,0.000
2026-08-14T17:30:00,3.960,63.40,0.000
2026-08-14T17:15:00,3.960,57.50,0.000
2026-08-14T17:00:00,3.960,44.50,0.000
2026-08-14T16:45:00,3.950,48.10,0.000
2026-08-14T16:30:00,3.960,53.40,0.000
2026-08-14T16:15:00,3.960,57.00,0.000
2026-08-14T16:00:00,3.960,52.40,0.000
2026-08-14T15:45:00,3.950,58.40,0.000
2026-08-14T15:30:00,3.950,63.60,0.000
2026-08-14T15:15:00,3.950,64.50,0.000
2026-08-14T15:00:00,3.940,59.90,0.000
2026-08-14T14:45:00,3.950,60.10,0.000
2026-08-14T14:30:00,3.950,56.30,0.000
2026-08-14T14:15:00,3.950,56.00,0.000
2026-08-14T14:00:00,3.940,55.40,0.000
2026-08-14T13:45:00,3.940,46.50,0.000
2026-08-14T13:30:00,3.940,58.40,0.000
2026-08-14T13:15:00,3.940,58.00,0.000
2026-08-14T13:00:00,3.940,61.90,0.000
2026-08-14T12:45:00,3.940,53.70,0.000
2026-08-14T12:30:00,3.930,52.40,0.000
2026-08-14T12:15:00,3.940,45.40,0.000
2026-08-14T12:00:00,3.930,50.80,0.000
2026-08-14T11:45:00,3.930,56.60,0.000
2026-08-14T11:30:00,3.930,63.70,0.000
2026-08-14T11:15:00,3.930,50.90,0.000
2026-08-14T11:00:00,3.930,49.70,0.000
2026-08-14T10:45:00,3.930,48.70,0.000
2026-08-14T10:30:00,3.930,42.70,0.000
2026-08-14T10:15:00,3.930,40.50,0.000
2026-08-14T10:00:00,3.930,46.70,0.000
2026-08-14T09:45:00,3.930,42.30,0.000
2026-08-14T09:30:00,3.930,42.00,0.000
2026-08-14T09:15:00,3.920,39.10,0.000
2026-08-14T09:00:00,3.920,37.80,0.000
2026-08-14T08:45:00,3.920,44.20,0.000
2026-08-14T08:30:00,3.920,39.10,0.000
2026-08-14T08:15:00,3.920,53.10,0.000
2026-08-14T08:00:00,3.920,44.10,0.000
2026-08-14T07:45:00,3.920,38.80,0.000
2026-08-14T07:30:00,3.920,38.70,0.000
2026-08-14T07:15:00,3.920,44.00,0.000
2026-08-14T07:00:00,3.920,37.00,0.000
2026-08-14T06:45:00,3.920,34.70,0.000
2026-08-14T06:30:00,3.910,40.10,0.000
2026-08-14T06:15:00,3.920,44.50,0.000
2026-08-14T06:00:00,3.910,42.40,0.000
2026-08-14T05:45:00,3.910,41.20,0.000
2026-08-14T05:30:00,3.910,39.10,0.000
2026-08-14T05:15:00,3.910,41.90,0.000
2026-08-14T05:00:00,3.910,44.80,0.000
2026-08-14T04:45:00,3.910,42.90,0.000
2026-08-14T04:30:00,3.910,46.70,0.000
2026-08-14T04:15:00,3.910,42.90,0.000
2026-08-14T04:00:00,3.920,41.00,0.000
2026-08-14T03:45:00,3.920,41.90,0.000
2026-08-14T03:30:00,3.920,41.30,0.000
2026-08-14T03:15:00,3.920,40.90,0.000
2026-08-14T03:00:00,3.920,44.20,0.000
2026-08-14T02:45:00,3.920,43.00,0.000
2026-08-14T02:30:00,3.930,43.80,0.000
2026-08-14T02:15:00,3.930,42.50,0.000
2026-08-14T02:00:00,3.930,64.10,0.000
2026-08-14T01:45:00,3.930,41.70,0.000
2026-08-14T01:30:00,3.930,42.30,0.000
2026-08-14T01:15:00,3.930,44.80,0.000
2026-08-14T01:00:00,3.930,44.40,0.000
2026-08-14T00:45:00,3.930,43.70,0.000
2026-08-14T00:30:00,3.940,45.80,0.000
2026-08-14T00:15:00,3.940,43.60,0.000
2026-08-14T00:00:00,3.940,42.20,0.000
2026-08-13T23:45:00,3.940,43.20,0.000
2026-08-13T23:30:00,3.940,42.30,0.000
2026-08-13T23:15:00,3.950,43.50,0.000
2026-08-13T23:00:00,3.950,42.00,0.000
2026-08-13T22:45:00,3.950,41.80,0.000
2026-08-13T22:30:00,3.950,41.20,0.000
2026-08-13T22:15:00,3.950,45.80,0.000
2026-08-13T22:00:00,3.950,44.50,0.000
2026-08-13T21:45:00,3.950,42.70,0.000
2026-08-13T21:30:00,3.960,43.20,0.000
2026-08-13T21:15:00,3.960,45.30,0.000
2026-08-13T21:00:00,3.960,44.20,0.000
2026-08-13T20:45:00,3.960,43.00,0.000
2026-08-13T20:30:00,3.960,43.40,0.000
2026-08-13T20:15:00,3.970,38.40,0.000
2026-08-13T20:00:00,3.970,42.50,0.000
2026-08-13T19:45:00,3.970,44.80,0.000
2026-08-13T19:30:00,3.970,45.60,0.000
2026-08-13T19:15:00,3.970,44.10,0.000
2026-08-13T19:00:00,3.970,46.80,0.000
2026-08-13T18:45:00,3.970,42.10,0.000
2026-08-13T18:30:00,3.970,45.20,0.000
2026-08-13T18:15:00,3.970,43.50,0.000
2026-08-13T18:00:00,3.980,45.40,0.000
2026-08-13T17:45:00,3.980,45.00,0.000
2026-08-13T17:30:00,3.980,62.80,0.000
2026-08-13T17:15:00,3.980,49.00,0.000
2026-08-13T17:00:00,3.980,44.00,0.000
2026-08-13T16:45:00,3.980,46.10,0.000
2026-08-13T16:30:00,3.980,47.70,0.000
2026-08-13T16:15:00,3.990,63.80,0.000
2026-08-13T16:00:00,3.980,50.90,0.000
2026-08-13T15:45:00,3.980,71.30,0.000
2026-08-13T15:30:00,3.980,72.70,0.000
2026-08-13T15:15:00,3.990,54.00,0.000
2026-08-13T15:00:00,3.990,73.80,0.000
2026-08-13T14:45:00,3.990,72.80,0.000
2026-08-13T14:30:00,3.990,60.00,0.000
2026-08-13T14:15:00,3.990,71.50,0.000
2026-08-13T14:00:00,3.990,65.30,0.000
2026-08-13T13:45:00,3.990,72.20,0.000
2026-08-13T13:30:00,4.000,68.00,0.000
2026-08-13T13:15:00,3.990,50.10,0.000
2026-08-13T13:00:00,4.000,63.10,0.000
2026-08-13T12:45:00,4.000,43.60,0.000
2026-08-13T12:30:00,4.000,42.00,0.000
2026-08-13T12:15:00,4.010,47.60,0.000
2026-08-13T12:00:00,4.010,40.00,0.000
2026-08-13T11:45:00,4.010,47.10,0.000
2026-08-13T11:30:00,4.010,42.50,0.000
2026-08-13T11:15:00,4.010,42.00,0.000
2026-08-13T11:00:00,4.010,43.40,0.000
2026-08-13T10:45:00,4.010,46.80,0.000
2026-08-13T10:30:00,4.010,41.90,0.000
2026-08-13T10:15:00,4.010,44.80,0.000
2026-08-13T10:00:00,4.010,41.30,0.000
2026-08-13T09:45:00,4.000,45.80,0.000
2026-08-13T09:30:00,4.000,41.20,0.000
2026-08-13T09:15:00,4.000,41.70,0.000
2026-08-13T09:00:00,4.000,42.50,0.000
2026-08-13T08:45:00,4.000,40.40,0.000
2026-08-13T08:30:00,4.000,43.80,0.000
2026-08-13T08:15:00,4.000,39.00,0.000
2026-08-13T08:00:00,4.000,44.90,0.000
2026-08-13T07:45:00,4.000,42.00,0.000
2026-08-13T07:30:00,3.990,41.30,0.000
2026-08-13T07:15:00,3.990,41.60,0.000
2026-08-13T07:00:00,3.990,40.20,0.000
2026-08-13T06:45:00,3.990,44.20,0.000
2026-08-13T06:30:00,3.990,42.20,0.000
2026-08-13T06:15:00,3.990,42.20,0.000
2026-08-13T06:00:00,3.980,43.90,0.000
2026-08-13T05:45:00,3.970,47.10,0.000
2026-08-13T05:30:00,3.980,44.10,0.000
2026-08-13T05:15:00,3.960,47.90,0.000
2026-08-13T05:00:00,3.970,54.20,0.000
2026-08-13T04:45:00,3.970,50.90,0.000
2026-08-13T04:30:00,3.970,51.30,0.000
2026-08-13T04:15:00,3.980,51.10,0.000
2026-08-13T04:00:00,3.980,50.20,0.000
2026-08-13T03:45:00,3.980,51.00,0.000
2026-08-13T03:30:00,3.990,50.30,0.000
2026-08-13T03:15:00,3.990,51.10,0.000
2026-08-13T03:00:00,3.990,50.90,0.000
2026-08-13T02:45:00,4.000,51.70,0.000
2026-08-13T02:30:00,4.000,49.10,0.000
2026-08-13T02:15:00,4.000,54.30,0.000
2026-08-13T02:00:00,4.010,54.40,0.000
2026-08-13T01:45:00,4.010,52.80,0.000
2026-08-13T01:30:00,4.010,51.80,0.000
2026-08-13T01:15:00,4.020,52.90,0.000
2026-08-13T01:00:00,4.020,54.60,0.000
2026-08-13T00:45:00,4.030,53.60,0.000
2026-08-13T00:30:00,4.030,49.70,0.000
2026-08-13T00:15:00,4.030,52.10,0.000
2026-08-13T00:00:00,4.040,58.60,0.000
2026-08-12T23:45:00,4.040,56.30,0.000
2026-08-12T23:30:00,4.050,56.30,0.000
2026-08-12T23:15:00,4.050,55.50,0.000
2026-08-12T23:00:00,4.050,52.90,0.000
2026-08-12T22:45:00,4.060,55.60,0.000
2026-08-12T22:30:00,4.060,59.10,0.000
2026-08-12T22:15:00,4.060,56.50,0.000
2026-08-12T22:00:00,4.060,59.60,0.000
2026-08-12T21:45:00,4.060,62.00,0.000
2026-08-12T21:30:00,4.060,61.30,0.000
2026-08-12T21:15:00,4.060,59.90,0.000
2026-08-12T21:00:00,4.060,62.20,0.000
2026-08-12T20:45:00,4.060,59.10,0.000
2026-08-12T20:30:00,4.050,61.60,0.000
2026-08-12T20:15:00,4.050,59.40,0.000
2026-08-12T20:00:00,4.050,59.70,0.000
2026-08-12T19:45:00,4.050,59.40,0.000
2026-08-12T19:30:00,4.050,60.60,0.000
2026-08-12T19:15:00,4.040,61.10,0.000
2026-08-12T19:00:00,4.040,62.90,0.000
2026-08-12T18:45:00,4.040,62.30,0.000
2026-08-12T18:30:00,4.030,57.60,0.000
2026-08-12T18:15:00,4.030,54.30,0.000
2026-08-12T18:00:00,4.020,51.20,0.000
2026-08-12T17:45:00,4.020,54.80,0.000
2026-08-12T17:30:00,4.010,52.30,0.000
2026-08-12T17:15:00,4.010,49.70,0.000
2026-08-12T17:00:00,4.010,50.20,0.000
2026-08-12T16:45:00,4.000,49.50,0.000
2026-08-12T16:30:00,4.000,49.10,0.000
2026-08-12T16:15:00,4.000,52.10,0.000
2026-08-12T16:00:00,3.990,53.80,0.000
2026-08-12T15:45:00,3.990,53.20,0.000
2026-08-12T15:30:00,3.990,52.30,0.000
2026-08-12T15:15:00,3.980,56.40,0.000
2026-08-12T15:00:00,3.980,66.60,0.000
2026-08-12T14:45:00,3.980,59.20,0.000
2026-08-12T14:30:00,3.970,61.70,0.000
2026-08-12T14:15:00,3.970,54.80,0.000
2026-08-12T14:00:00,3.960,58.80,0.000
2026-08-12T13:45:00,3.960,58.00,0.000
2026-08-12T13:30:00,3.960,54.80,0.000
2026-08-12T13:15:00,3.960,46.90,0.000
2026-08-12T13:00:00,3.950,53.80,0.000
2026-08-12T12:45:00,3.950,48.70,0.000
2026-08-12T12:30:00,3.950,51.50,0.000
2026-08-12T12:15:00,3.960,49.10,0.000
2026-08-12T12:00:00,3.960,50.50,0.000
2026-08-12T11:45:00,3.960,48.80,0.000
2026-08-12T11:30:00,3.960,50.30,0.000
2026-08-12T11:15:00,3.970,47.70,0.000
2026-08-12T11:00:00,3.960,50.50,0.000
2026-08-12T10:45:00,3.960,51.50,0.000
2026-08-12T10:30:00,3.960,48.70,0.000
2026-08-12T10:15:00,3.970,47.70,0.000
2026-08-12T10:00:00,3.970,48.10,0.000
2026-08-12T09:45:00,3.970,52.90,0.000
2026-08-12T09:30:00,3.970,53.80,0.000
2026-08-12T09:15:00,3.970,52.70,0.000
2026-08-12T09:00:00,3.970,54.00,0.000
2026-08-12T08:45:00,3.970,50.80,0.000
2026-08-12T08:30:00,3.980,54.20,0.000
2026-08-12T08:15:00,3.980,50.80,0.000
2026-08-12T08:00:00,3.980,52.00,0.000
2026-08-12T07:45:00,3.980,53.60,0.000
2026-08-12T07:30:00,3.980,52.70,0.000
2026-08-12T07:15:00,3.980,54.20,0.000
2026-08-12T07:00:00,3.980,55.40,0.000
2026-08-12T06:45:00,3.980,51.70,0.000
2026-08-12T06:30:00,3.980,54.70,0.000
2026-08-12T06:15:00,3.980,54.50,0.000
2026-08-12T06:00:00,3.980,53.20,0.000
2026-08-12T05:45:00,3.980,57.40,0.000
2026-08-12T05:30:00,3.990,53.70,0.000
2026-08-12T05:15:00,3.990,56.70,0.000
2026-08-12T05:00:00,3.990,55.80,0.000
2026-08-12T04:45:00,3.990,55.40,0.000
2026-08-12T04:30:00,3.990,53.60,0.000
2026-08-12T04:15:00,3.990,51.70,0.000
2026-08-12T04:00:00,3.990,54.00,0.000
2026-08-12T03:45:00,3.990,54.10,0.000
2026-08-12T03:30:00,3.990,53.50,0.000
2026-08-12T03:15:00,3.990,53.70,0.000
2026-08-12T03:00:00,3.990,55.10,0.000
2026-08-12T02:45:00,3.990,55.20,0.000
2026-08-12T02:30:00,3.990,56.60,0.000
2026-08-12T02:15:00,3.990,55.90,0.000
2026-08-12T02:00:00,3.990,53.40,0.000
2026-08-12T01:45:00,3.990,57.00,0.000
2026-08-12T01:30:00,3.990,54.20,0.000
2026-08-12T01:15:00,3.990,55.90,0.000
2026-08-12T01:00:00,3.990,53.20,0.000
2026-08-12T00:45:00,3.990,51.90,0.000
2026-08-12T00:30:00,3.990,56.10,0.000
2026-08-12T00:15:00,3.990,56.50,0.000
2026-08-12T00:00:00,3.990,56.10,0.000
2026-08-11T23:45:00,3.990,54.00,0.000
2026-08-11T23:30:00,3.990,57.00,0.000
2026-08-11T23:15:00,3.990,55.70,0.000
2026-08-11T23:00:00,3.990,52.00,0.000
2026-08-11T22:45:00,3.990,51.30,0.000
2026-08-11T22:30:00,3.990,55.40,0.000
2026-08-11T22:15:00,3.980,55.80,0.000
2026-08-11T22:00:00,3.980,50.80,0.000
2026-08-11T21:45:00,3.980,52.70,0.000
2026-08-11T21:30:00,3.980,53.90,0.000
2026-08-11T21:15:00,3.980,52.00,0.000
2026-08-11T21:00:00,3.980,53.00,0.000
2026-08-11T20:45:00,3.980,49.30,0.000
2026-08-11T20:30:00,3.970,54.90,0.000
2026-08-11T20:15:00,3.970,50.60,0.000
2026-08-11T20:00:00,3.960,54.90,0.000
2026-08-11T19:45:00,3.950,59.10,0.000
2026-08-11T19:30:00,3.960,57.50,0.000
2026-08-11T19:15:00,3.960,59.20,0.000
2026-08-11T19:00:00,3.960,60.80,0.000
2026-08-11T18:45:00,3.970,62.90,0.000
2026-08-11T18:30:00,3.970,62.90,0.000
2026-08-11T18:15:00,3.970,58.40,0.000
2026-08-11T18:00:00,3.970,58.80,0.000
2026-08-11T17:45:00,3.980,58.50,0.000
2026-08-11T17:30:00,3.980,61.90,0.000
2026-08-11T17:15:00,3.980,59.10,0.000
2026-08-11T17:00:00,3.980,56.10,0.000
2026-08-11T16:45:00,3.980,61.90,0.000
2026-08-11T16:30:00,3.990,58.90,0.000
2026-08-11T16:15:00,3.990,53.10,0.000
2026-08-11T16:00:00,3.990,57.60,0.000
2026-08-11T15:45:00,4.000,52.20,0.000
2026-08-11T15:30:00,4.000,49.90,0.000
2026-08-11T15:15:00,4.000,56.10,0.000
2026-08-11T15:00:00,4.000,60.60,0.000
2026-08-11T14:45:00,4.010,57.30,0.000
2026-08-11T14:30:00,4.010,63.90,0.000
2026-08-11T14:15:00,4.020,63.40,0.000
2026-08-11T14:00:00,4.020,56.20,0.000
2026-08-11T13:45:00,4.020,56.10,0.000
2026-08-11T13:30:00,4.020,50.60,0.000
2026-08-11T13:15:00,4.020,60.00,0.000
2026-08-11T13:00:00,4.030,63.80,0.000
2026-08-11T12:45:00,4.030,55.60,0.000
2026-08-11T12:30:00,4.030,54.50,0.000
2026-08-11T12:15:00,4.030,53.30,0.000
2026-08-11T12:00:00,4.040,56.60,0.000
2026-08-11T11:45:00,4.040,61.20,0.000
2026-08-11T11:30:00,4.040,63.60,0.000
2026-08-11T11:15:00,4.050,65.40,0.000
2026-08-11T11:00:00,4.050,66.80,0.000
2026-08-11T10:45:00,4.050,66.30,0.000
2026-08-11T10:30:00,4.050,68.30,0.000
2026-08-11T10:15:00,4.060,65.50,0.000
2026-08-11T10:00:00,4.060,71.20,0.000
2026-08-11T09:45:00,4.060,65.70,0.000
2026-08-11T09:30:00,4.060,65.00,0.000
2026-08-11T09:15:00,4.060,68.20,0.000
2026-08-11T09:00:00,4.070,69.50,0.000
2026-08-11T08:45:00,4.070,67.30,0.000
2026-08-11T08:30:00,4.070,68.40,0.000
2026-08-11T08:15:00,4.070,70.80,0.000
2026-08-11T08:00:00,4.080,66.70,0.000
2026-08-11T07:45:00,4.080,71.90,0.000
2026-08-11T07:30:00,4.080,73.20,0.000
2026-08-11T07:15:00,4.080,71.20,0.000
2026-08-11T07:00:00,4.080,68.20,0.000
2026-08-11T06:45:00,4.090,73.40,0.000
2026-08-11T06:30:00,4.090,72.10,0.000
2026-08-11T06:15:00,4.090,71.90,0.000
2026-08-11T06:00:00,4.090,70.60,0.000
2026-08-11T05:45:00,4.090,71.40,0.000
2026-08-11T05:30:00,4.100,71.10,0.000
2026-08-11T05:15:00,4.100,70.50,0.000
2026-08-11T05:00:00,4.100,75.40,0.000
2026-08-11T04:45:00,4.100,71.30,0.000
2026-08-11T04:30:00,4.100,73.90,0.000
2026-08-11T04:15:00,4.110,74.00,0.000
2026-08-11T04:00:00,4.100,72.70,0.000
2026-08-11T03:45:00,4.110,76.30,0.000
2026-08-11T03:30:00,4.110,73.40,0.000
2026-08-11T03:15:00,4.110,74.60,0.000
2026-08-11T03:00:00,4.110,77.10,0.000
2026-08-11T02:45:00,4.110,75.40,0.000
2026-08-11T02:30:00,4.110,74.20,0.000
2026-08-11T02:15:00,4.110,75.60,0.000
2026-08-11T02:00:00,4.120,75.70,0.000
2026-08-11T01:45:00,4.120,76.80,0.000
2026-08-11T01:30:00,4.120,75.10,0.000
2026-08-11T01:15:00,4.120,73.10,0.000
2026-08-11T01:00:00,4.120,75.80,0.000
2026-08-11T00:45:00,4.120,76.10,0.000
2026-08-11T00:30:00,4.120,79.20,0.000
2026-08-11T00:15:00,4.120,74.90,0.000
2026-08-11T00:00:00,4.120,74.30,0.000
2026-08-10T23:45:00,4.120,77.30,0.000
2026-08-10T23:30:00,4.130,78.70,0.000
2026-08-10T23:15:00,4.130,72.80,0.000
2026-08-10T23:00:00,4.130,76.90,0.000
2026-08-10T22:45:00,4.130,83.60,0.000
2026-08-10T22:30:00,4.130,78.00,0.000
2026-08-10T22:15:00,4.130,80.30,0.000
2026-08-10T22:00:00,4.130,78.60,0.000
2026-08-10T21:45:00,4.130,80.60,0.000
2026-08-10T21:30:00,4.130,76.70,0.000
2026-08-10T21:15:00,4.130,76.00,0.000
2026-08-10T21:00:00,4.130,79.30,0.000
2026-08-10T20:45:00,4.140,79.90,0.000
2026-08-10T20:30:00,4.130,80.10,0.000
2026-08-10T20:15:00,4.140,80.10,0.000
2026-08-10T20:00:00,4.140,78.20,0.000
2026-08-10T19:45:00,4.140,79.30,0.000
2026-08-10T19:30:00,4.150,72.80,0.000
2026-08-10T19:15:00,4.140,75.50,0.000
2026-08-10T19:00:00,4.150,75.80,0.000
2026-08-10T18:45:00,4.150,76.20,0.000
2026-08-10T18:30:00,4.150,74.20,0.000
2026-08-10T18:15:00,4.140,74.60,0.000
2026-08-10T18:00:00,4.140,75.40,0.000
2026-08-10T17:45:00,4.140,74.60,0.000
2026-08-10T17:30:00,4.130,78.50,0.000
2026-08-10T17:15:00,4.130,79.70,0.000
2026-08-10T17:00:00,4.120,86.30,0.000
2026-08-10T16:45:00,4.120,80.60,0.500
2026-08-10T16:30:00,4.120,67.40,0.000
2026-08-10T16:15:00,4.120,93.20,1.500
2026-08-10T16:00:00,4.110,55.50,0.500
2026-08-10T15:45:00,4.110,71.50,0.000
2026-08-10T15:30:00,4.100,65.00,0.000
2026-08-10T15:15:00,4.100,69.70,0.000
2026-08-10T15:00:00,4.100,76.60,0.000
2026-08-10T14:45:00,4.100,63.40,0.000
2026-08-10T14:30:00,4.080,68.50,4.000
2026-08-10T14:15:00,4.080,72.20,0.000
2026-08-10T14:00:00,4.070,71.70,0.000
2026-08-10T13:45:00,4.070,72.70,0.000
2026-08-10T13:30:00,4.070,63.00,0.000
2026-08-10T13:15:00,4.060,69.80,1.500
2026-08-10T13:00:00,4.050,69.00,0.000
2026-08-10T12:45:00,4.040,66.40,0.000
2026-08-10T12:30:00,4.040,67.90,0.000
2026-08-10T12:15:00,4.030,71.10,0.000
2026-08-10T12:00:00,4.020,68.10,0.000
2026-08-10T11:45:00,4.020,68.30,0.000
2026-08-10T11:30:00,4.010,68.10,0.000
2026-08-10T11:15:00,3.990,75.40,0.000
2026-08-10T11:00:00,3.980,66.40,0.000
2026-08-10T10:45:00,3.980,68.80,0.000
2026-08-10T10:30:00,3.970,69.40,0.000
2026-08-10T10:15:00,3.970,71.20,0.000
2026-08-10T10:00:00,3.970,71.20,0.000
2026-08-10T09:45:00,3.960,71.90,0.000
2026-08-10T09:30:00,3.960,70.20,0.000
2026-08-10T09:15:00,3.950,68.80,0.000
2026-08-10T09:00:00,3.950,72.50,0.000
2026-08-10T08:45:00,3.940,67.00,0.000
2026-08-10T08:30:00,3.940,65.20,0.000
2026-08-10T08:15:00,3.930,68.50,0.000
2026-08-10T08:00:00,3.920,67.90,0.000
2026-08-10T07:45:00,3.910,65.90,0.000
2026-08-10T07:30:00,3.910,65.80,0.000
2026-08-10T07:15:00,3.890,65.10,0.000
2026-08-10T07:00:00,3.880,61.40,0.000
2026-08-10T06:45:00,3.880,63.00,0.000
2026-08-10T06:30:00,3.870,62.80,0.000
2026-08-10T06:15:00,3.850,65.50,0.000
2026-08-10T06:00:00,3.820,64.60,0.000
2026-08-10T05:45:00,3.800,68.40,0.000
2026-08-10T05:30:00,3.800,65.50,0.000
2026-08-10T05:15:00,3.790,67.00,0.000
2026-08-10T05:00:00,3.800,67.50,0.000
2026-08-10T04:45:00,3.810,70.30,0.000
2026-08-10T04:30:00,3.810,67.50,0.000
2026-08-10T04:15:00,3.810,69.60,0.000
2026-08-10T04:00:00,3.820,71.20,0.000
2026-08-10T03:45:00,3.820,73.10,0.000
2026-08-10T03:30:00,3.820,71.80,0.000
2026-08-10T03:15:00,3.830,74.50,0.000
2026-08-10T03:00:00,3.830,72.00,0.000
2026-08-10T02:45:00,3.840,75.80,0.000
2026-08-10T02:30:00,3.840,76.60,0.000
2026-08-10T02:15:00,3.850,75.20,0.000
2026-08-10T02:00:00,3.850,77.10,0.000
2026-08-10T01:45:00,3.860,75.20,0.000
2026-08-10T01:30:00,3.870,76.30,0.000
2026-08-10T01:15:00,3.870,78.20,0.000
2026-08-10T01:00:00,3.870,82.10,0.000
2026-08-10T00:45:00,3.880,81.20,0.000
2026-08-10T00:30:00,3.880,80.40,0.000
2026-08-10T00:15:00,3.890,82.50,0.000
2026-08-10T00:00:00,3.890,81.40,0.000
2026-08-23T23:45:00,4.090,94.60,0.000
2026-08-23T23:30:00,4.100,97.50,0.000
2026-08-23T23:15:00,4.100,93.90,0.000
2026-08-23T23:00:00,4.100,95.10,0.000
2026-08-23T22:45:00,4.100,95.40,0.000
2026-08-23T22:30:00,4.100,94.20,0.000
2026-08-23T22:15:00,4.100,92.70,0.000
2026-08-23T22:00:00,4.100,96.80,0.000
2026-08-23T21:45:00,4.110,94.50,0.000
2026-08-23T21:30:00,4.100,93.90,0.000
2026-08-23T21:15:00,4.110,95.90,0.000
2026-08-23T21:00:00,4.110,100.50,0.000
2026-08-23T20:45:00,4.110,100.90,0.000
2026-08-23T20:30:00,4.110,97.50,0.000
2026-08-23T20:15:00,4.110,99.00,0.000
2026-08-23T20:00:00,4.120,95.80,0.000
2026-08-23T19:45:00,4.120,96.20,0.000
2026-08-23T19:30:00,4.120,96.50,0.000
2026-08-23T19:15:00,4.120,99.10,0.000
2026-08-23T19:00:00,4.120,97.80,0.000
2026-08-23T18:45:00,4.120,97.00,0.000
2026-08-23T18:30:00,4.130,99.10,0.000
2026-08-23T18:15:00,4.130,98.60,0.000
2026-08-23T18:00:00,4.130,96.00,0.000
2026-08-23T17:45:00,4.130,91.80,0.000
2026-08-23T17:30:00,4.130,99.90,0.000
2026-08-23T17:15:00,4.140,105.50,0.000
2026-08-23T17:00:00,4.140,102.20,0.000
2026-08-23T16:45:00,4.140,103.30,0.000
2026-08-23T16:30:00,4.140,98.80,0.000
2026-08-23T16:15:00,4.140,96.30,0.000
2026-08-23T16:00:00,4.140,102.60,0.000
2026-08-23T15:45:00,4.140,93.80,0.000
2026-08-23T15:30:00,4.150,100.40,0.000
2026-08-23T15:15:00,4.150,100.30,0.000
2026-08-23T15:00:00,4.150,103.70,0.000
2026-08-23T14:45:00,4.150,104.10,0.000
2026-08-23T14:30:00,4.160,100.60,0.000
2026-08-23T14:15:00,4.160,102.00,0.000
2026-08-23T14:00:00,4.160,98.80,0.000
2026-08-23T13:45:00,4.160,101.90,0.000
2026-08-23T13:30:00,4.160,99.80,0.000
2026-08-23T13:15:00,4.160,100.70,0.000
2026-08-23T13:00:00,4.170,104.70,0.000
2026-08-23T12:45:00,4.170,102.80,0.000
2026-08-23T12:30:00,4.170,111.10,0.000
2026-08-23T12:15:00,4.170,108.90,0.000
2026-08-23T12:00:00,4.170,106.40,0.000
2026-08-23T11:45:00,4.170,102.80,0.000
2026-08-23T11:30:00,4.180,104.00,0.000
2026-08-23T11:15:00,4.180,106.60,0.000
2026-08-23T11:00:00,4.180,110.80,0.000
2026-08-23T10:45:00,4.180,100.50,0.000
2026-08-23T10:30:00,4.180,105.60,0.000
2026-08-23T10:15:00,4.180,104.50,0.500
2026-08-23T10:00:00,4.180,119.50,1.500
2026-08-23T09:45:00,4.180,115.30,0.500
2026-08-23T09:30:00,4.190,102.10,0.500
2026-08-23T09:15:00,4.190,103.90,0.500
2026-08-23T09:00:00,4.190,104.60,0.000
2026-08-23T08:45:00,4.190,101.80,0.000
2026-08-23T08:30:00,4.190,100.50,0.000
2026-08-23T08:15:00,4.190,106.40,0.000
2026-08-23T08:00:00,4.190,105.30,0.000
2026-08-23T07:45:00,4.200,108.50,0.000
2026-08-23T07:30:00,4.200,104.80,0.000
2026-08-23T07:15:00,4.200,106.80,0.000
2026-08-23T07:00:00,4.200,111.80,0.000
2026-08-23T06:45:00,4.200,110.10,0.000
2026-08-23T06:30:00,4.200,109.30,0.000
2026-08-23T06:15:00,4.200,104.40,0.000
2026-08-23T06:00:00,4.210,105.00,0.000
2026-08-23T05:45:00,4.210,113.50,0.000
2026-08-23T05:30:00,4.210,104.90,0.000
2026-08-23T05:15:00,4.210,111.50,0.000
2026-08-23T05:00:00,4.210,109.60,0.000
2026-08-23T04:45:00,4.210,108.30,0.000
2026-08-23T04:30:00,4.210,109.00,0.000
2026-08-23T04:15:00,4.220,115.20,0.000
2026-08-23T04:00:00,4.220,113.80,0.000
2026-08-23T03:45:00,4.220,112.50,0.000
2026-08-23T03:30:00,4.220,113.80,0.000
2026-08-23T03:15:00,4.220,106.60,0.000
2026-08-23T03:00:00,4.220,108.60,0.000
2026-08-23T02:45:00,4.220,109.80,0.000
2026-08-23T02:30:00,4.220,109.50,0.000
2026-08-23T02:15:00,4.220,109.60,0.000
2026-08-23T02:00:00,4.220,110.40,0.000
2026-08-23T01:45:00,4.220,108.30,0.000
2026-08-23T01:30:00,4.220,110.10,0.000
2026-08-23T01:15:00,4.220,113.20,0.000
2026-08-23T01:00:00,4.230,109.80,0.000
2026-08-23T00:45:00,4.220,109.00,0.000
2026-08-23T00:30:00,4.220,107.20,0.000
2026-08-23T00:15:00,4.230,112.10,0.000
2026-08-23T00:00:00,4.230,113.10,0.000
2026-08-22T23:45:00,4.230,114.50,0.000
2026-08-22T23:30:00,4.230,113.70,0.000
2026-08-22T23:15:00,4.230,114.80,0.000
2026-08-22T23:00:00,4.230,114.80,0.000
2026-08-22T22:45:00,4.230,113.00,0.000
2026-08-22T22:30:00,4.230,117.40,0.000
2026-08-22T22:15:00,4.230,113.80,0.000
2026-08-22T22:00:00,4.230,114.30,0.000
2026-08-22T21:45:00,4.230,115.30,0.000
2026-08-22T21:30:00,4.230,121.20,0.000
2026-08-22T21:15:00,4.230,113.50,0.000
2026-08-22T21:00:00,4.230,119.90,0.000
2026-08-22T20:45:00,4.230,116.90,0.000
2026-08-22T20:30:00,4.230,116.30,0.000
2026-08-22T20:15:00,4.230,114.50,0.000
2026-08-22T20:00:00,4.230,112.50,0.000
2026-08-22T19:45:00,4.230,112.50,0.000
2026-08-22T19:30:00,4.230,112.20,0.000
2026-08-22T19:15:00,4.230,112.90,0.000
2026-08-22T19:00:00,4.230,113.90,0.000
2026-08-22T18:45:00,4.230,118.00,0.000
2026-08-22T18:30:00,4.220,113.80,0.000
2026-08-22T18:15:00,4.230,106.90,0.000
2026-08-22T18:00:00,4.220,110.50,0.000
2026-08-22T17:45:00,4.220,118.40,0.000
2026-08-22T17:30:00,4.220,113.40,0.000
2026-08-22T17:15:00,4.220,114.20,0.000
2026-08-22T17:00:00,4.220,112.70,0.000
2026-08-22T16:45:00,4.220,102.20,0.000
2026-08-22T16:30:00,4.210,92.70,0.000
2026-08-22T16:15:00,4.220,106.20,0.000
2026-08-22T16:00:00,4.220,109.50,0.000
2026-08-22T15:45:00,4.210,95.00,0.000
2026-08-22T15:30:00,4.220,101.40,0.000
2026-08-22T15:15:00,4.210,114.80,0.000
2026-08-22T15:00:00,4.210,109.60,0.000
2026-08-22T14:45:00,4.210,109.10,0.000
2026-08-22T14:30:00,4.210,112.20,0.000
2026-08-22T14:15:00,4.210,111.80,0.000
2026-08-22T14:00:00,4.210,108.70,0.000
2026-08-22T13:45:00,4.210,110.50,0.500
2026-08-22T13:30:00,4.210,109.90,0.000
2026-08-22T13:15:00,4.210,103.60,0.000
2026-08-22T13:00:00,4.210,98.50,0.000
2026-08-22T12:45:00,4.210,104.70,0.000
2026-08-22T12:30:00,4.210,103.40,0.000
2026-08-22T12:15:00,4.210,111.70,0.000
2026-08-22T12:00:00,4.210,111.50,0.000
2026-08-22T11:45:00,4.220,109.90,0.000
2026-08-22T11:30:00,4.220,114.50,0.000
2026-08-22T11:15:00,4.220,113.70,0.000
2026-08-22T11:00:00,4.220,115.90,0.500
2026-08-22T10:45:00,4.230,111.20,0.000
2026-08-22T10:30:00,4.230,103.70,0.000
2026-08-22T10:15:00,4.230,109.60,0.000
2026-08-22T10:00:00,4.250,111.80,0.000
2026-08-22T09:45:00,4.260,106.90,0.000
2026-08-22T09:30:00,4.260,110.70,0.000
2026-08-22T09:15:00,4.270,111.60,0.000
2026-08-22T09:00:00,4.290,109.60,0.000
2026-08-22T08:45:00,4.300,118.60,0.000
2026-08-22T08:30:00,4.310,111.20,0.000
2026-08-22T08:15:00,4.320,116.60,0.000
2026-08-22T08:00:00,4.340,121.80,0.000
2026-08-22T07:45:00,4.380,100.70,0.000
2026-08-22T07:30:00,4.390,106.30,0.000
2026-08-22T07:15:00,4.390,102.80,0.000
2026-08-22T07:00:00,4.390,95.90,0.000
2026-08-22T06:45:00,4.390,95.20,0.000
2026-08-22T06:30:00,4.390,89.00,0.000
2026-08-22T06:15:00,4.390,96.70,0.000
2026-08-22T06:00:00,4.390,103.30,0.000
2026-08-22T05:45:00,4.400,97.60,0.000
2026-08-22T05:30:00,4.400,89.70,0.000
2026-08-22T05:15:00,4.400,101.10,0.000
2026-08-22T05:00:00,4.400,96.10,0.000
2026-08-22T04:45:00,4.400,103.00,0.000
2026-08-22T04:30:00,4.400,92.70,0.000
2026-08-22T04:15:00,4.400,98.40,0.000
2026-08-22T04:00:00,4.390,100.70,0.000
2026-08-22T03:45:00,4.390,95.60,0.000
2026-08-22T03:30:00,4.390,96.90,0.000
2026-08-22T03:15:00,4.390,95.50,0.000
2026-08-22T03:00:00,4.390,93.70,0.000
2026-08-22T02:45:00,4.390,87.70,0.000
2026-08-22T02:30:00,4.390,102.70,0.000
2026-08-22T02:15:00,4.390,93.90,0.000
2026-08-22T02:00:00,4.390,90.50,0.000
2026-08-22T01:45:00,4.380,89.50,0.000
2026-08-22T01:30:00,4.380,91.20,0.000
2026-08-22T01:15:00,4.380,88.70,0.000
2026-08-22T01:00:00,4.380,99.60,0.000
2026-08-22T00:45:00,4.380,102.60,0.000
2026-08-22T00:30:00,4.380,88.70,0.000
2026-08-22T00:15:00,4.380,95.80,0.000
2026-08-22T00:00:00,4.370,96.80,0.000
2026-08-21T23:45:00,4.370,94.10,0.000
2026-08-21T23:30:00,4.370,95.10,0.000
2026-08-21T23:15:00,4.370,95.50,0.000
2026-08-21T23:00:00,4.370,91.30,0.000
2026-08-21T22:45:00,4.360,102.50,0.000
2026-08-21T22:30:00,4.360,96.20,0.000
2026-08-21T22:15:00,4.360,96.40,0.000
2026-08-21T22:00:00,4.350,96.10,0.000
2026-08-21T21:45:00,4.350,96.20,0.000
2026-08-21T21:30:00,4.350,100.60,0.000
2026-08-21T21:15:00,4.340,100.50,0.000
2026-08-21T21:00:00,4.340,92.10,0.000
2026-08-21T20:45:00,4.330,94.60,0.000
2026-08-21T20:30:00,4.320,106.20,2.000
2026-08-21T20:15:00,4.310,87.10,2.000
2026-08-21T20:00:00,4.310,101.40,0.000
2026-08-21T19:45:00,4.300,98.20,0.000
2026-08-21T19:30:00,4.290,95.80,0.000
2026-08-21T19:15:00,4.290,92.20,0.000
2026-08-21T19:00:00,4.270,99.30,0.000
2026-08-21T18:45:00,4.230,118.10,0.000
2026-08-21T18:30:00,4.230,121.60,0.000
2026-08-21T18:15:00,4.230,119.80,0.000
2026-08-21T18:00:00,4.240,118.70,0.000
2026-08-21T17:45:00,4.240,121.10,0.000
2026-08-21T17:30:00,4.250,119.80,0.000
2026-08-21T17:15:00,4.260,117.70,0.000
2026-08-21T17:00:00,4.260,104.90,0.000
2026-08-21T16:45:00,4.270,117.70,0.000
2026-08-21T16:30:00,4.280,117.70,0.000
2026-08-21T16:15:00,4.280,124.90,0.000
2026-08-21T16:00:00,4.290,129.40,0.000
2026-08-21T15:45:00,4.300,131.70,0.000
2026-08-21T15:30:00,4.300,125.60,0.500
2026-08-21T15:15:00,4.310,127.40,0.000
2026-08-21T15:00:00,4.320,126.60,0.000
2026-08-21T14:45:00,4.320,128.20,0.000
2026-08-21T14:30:00,4.330,124.70,0.000
2026-08-21T14:15:00,4.340,109.30,0.000
2026-08-21T14:00:00,4.340,128.10,0.000
2026-08-21T13:45:00,4.350,133.60,0.000
2026-08-21T13:30:00,4.360,122.80,0.000
2026-08-21T13:15:00,4.360,133.10,0.000
2026-08-21T13:00:00,4.370,122.30,0.000
2026-08-21T12:45:00,4.370,135.30,0.000
2026-08-21T12:30:00,4.380,136.30,0.000
2026-08-21T12:15:00,4.390,137.30,0.000
2026-08-21T12:00:00,4.400,137.90,0.000
2026-08-21T11:45:00,4.400,135.90,0.000
2026-08-21T11:30:00,4.410,135.10,0.000
2026-08-21T11:15:00,4.410,142.20,0.000
2026-08-21T11:00:00,4.420,134.70,0.000
2026-08-21T10:45:00,4.420,135.20,0.000
2026-08-21T10:30:00,4.430,144.10,0.000
2026-08-21T10:15:00,4.440,147.50,0.000
2026-08-21T10:00:00,4.440,139.50,0.000
2026-08-21T09:45:00,4.450,143.10,0.000
2026-08-21T09:30:00,4.450,155.30,0.000
2026-08-21T09:15:00,4.460,146.10,0.000
2026-08-21T09:00:00,4.460,156.20,0.000
2026-08-21T08:45:00,4.460,155.20,0.000
2026-08-21T08:30:00,4.470,148.70,0.000
2026-08-21T08:15:00,4.470,151.30,0.000
2026-08-21T08:00:00,4.470,143.20,0.000
2026-08-21T07:45:00,4.480,143.90,0.000
2026-08-21T07:30:00,4.480,158.90,0.000
2026-08-21T07:15:00,4.490,157.30,0.000
2026-08-21T07:00:00,4.490,164.50,0.000
2026-08-21T06:45:00,4.490,165.00,0.000
2026-08-21T06:30:00,4.500,161.90,0.000
2026-08-21T06:15:00,4.500,161.30,0.000
2026-08-21T06:00:00,4.510,164.20,0.000
2026-08-21T05:45:00,4.520,143.20,0.000
2026-08-21T05:30:00,4.570,125.40,0.000
2026-08-21T05:15:00,4.550,127.20,0.000
2026-08-21T05:00:00,4.530,122.80,0.000
2026-08-21T04:45:00,4.510,129.00,0.000
2026-08-21T04:30:00,4.490,131.50,0.000
2026-08-21T04:15:00,4.470,137.30,0.000
2026-08-21T04:00:00,4.450,133.80,0.000
2026-08-21T03:45:00,4.430,129.50,0.000
2026-08-21T03:30:00,4.410,133.20,0.000
2026-08-21T03:15:00,4.380,131.80,0.000
2026-08-21T03:00:00,4.360,130.40,0.000
2026-08-21T02:45:00,4.340,131.70,0.000
2026-08-21T02:30:00,4.320,125.00,0.000
2026-08-21T02:15:00,4.300,124.10,0.000
2026-08-21T02:00:00,4.280,120.90,0.000
2026-08-21T01:45:00,4.270,122.10,0.000
2026-08-21T01:30:00,4.250,113.80,0.000
2026-08-21T01:15:00,4.240,110.30,0.000
2026-08-21T01:00:00,4.230,112.30,0.000
2026-08-21T00:45:00,4.220,107.60,0.000
2026-08-21T00:30:00,4.210,104.70,0.000
2026-08-21T00:15:00,4.200,102.30,0.000
2026-08-21T00:00:00,4.190,97.70,0.000
2026-08-20T23:45:00,4.190,101.50,0.000
2026-08-20T23:30:00,4.190,96.80,0.000
2026-08-20T23:15:00,4.190,92.40,0.000
2026-08-20T23:00:00,4.190,97.20,0.000
2026-08-20T22:45:00,4.190,101.70,0.000
2026-08-20T22:30:00,4.190,94.10,0.000
2026-08-20T22:15:00,4.200,100.90,0.000
2026-08-20T22:00:00,4.200,97.70,0.500
2026-08-20T21:45:00,4.240,86.20,0.000
2026-08-20T21:30:00,4.240,86.70,0.000
2026-08-20T21:15:00,4.230,87.40,0.000
2026-08-20T21:00:00,4.230,86.70,0.000
2026-08-20T20:45:00,4.230,88.00,0.000
2026-08-20T20:30:00,4.220,89.90,0.500
2026-08-20T20:15:00,4.220,90.80,0.000
2026-08-20T20:00:00,4.220,87.20,0.500
2026-08-20T19:45:00,4.220,92.40,0.500
2026-08-20T19:30:00,4.210,91.40,0.500
2026-08-20T19:15:00,4.210,90.60,1.000
2026-08-20T19:00:00,4.200,92.00,1.500
2026-08-20T18:45:00,4.190,98.40,1.500
2026-08-20T18:30:00,4.190,93.60,1.000
2026-08-20T18:15:00,4.190,93.20,1.000
2026-08-20T18:00:00,4.170,71.40,7.500
2026-08-20T17:45:00,4.140,50.40,15.500
2026-08-20T17:30:00,4.140,66.30,0.000
2026-08-20T17:15:00,4.150,64.60,0.000
2026-08-20T17:00:00,4.150,56.40,0.000
2026-08-20T16:45:00,4.140,66.90,0.000
2026-08-20T16:30:00,4.140,67.60,0.000
2026-08-20T16:15:00,4.140,66.50,0.000
2026-08-20T16:00:00,4.140,67.60,0.000
2026-08-20T15:45:00,4.140,91.20,0.500
2026-08-20T15:30:00,4.140,84.50,5.000
2026-08-20T15:15:00,4.140,77.40,2.000
2026-08-20T15:00:00,4.140,66.70,0.000
2026-08-20T14:45:00,4.140,54.80,0.000
2026-08-20T14:30:00,4.140,55.80,0.000
2026-08-20T14:15:00,4.140,68.10,0.000
2026-08-20T14:00:00,4.140,52.40,0.000
2026-08-20T13:45:00,4.140,48.80,0.000
2026-08-20T13:30:00,4.140,59.20,0.000
2026-08-20T13:15:00,4.130,54.90,0.000
2026-08-20T13:00:00,4.140,63.60,0.000
2026-08-20T12:45:00,4.140,61.20,0.000
2026-08-20T12:30:00,4.140,62.20,0.000
2026-08-20T12:15:00,4.140,63.40,0.000
2026-08-20T12:00:00,4.140,59.10,0.000
2026-08-20T11:45:00,4.140,62.40,0.000
2026-08-20T11:30:00,4.140,66.50,0.000
2026-08-20T11:15:00,4.140,64.00,0.000
2026-08-20T11:00:00,4.140,66.30,0.000
2026-08-20T10:45:00,4.140,65.40,0.000
2026-08-20T10:30:00,4.140,68.20,0.000
2026-08-20T10:15:00,4.140,66.90,0.000
2026-08-20T10:00:00,4.140,70.40,0.000
2026-08-20T09:45:00,4.140,65.90,0.000
2026-08-20T09:30:00,4.140,67.20,0.000
2026-08-20T09:15:00,4.140,70.10,0.000
2026-08-20T09:00:00,4.140,74.40,0.000
2026-08-20T08:45:00,4.140,78.00,0.000
2026-08-20T08:30:00,4.140,64.00,0.000
2026-08-20T08:15:00,4.140,69.30,0.000
2026-08-20T08:00:00,4.140,69.30,0.000
2026-08-20T07:45:00,4.140,74.70,0.000
2026-08-20T07:30:00,4.140,72.50,0.000
2026-08-20T07:15:00,4.130,74.40,0.000
2026-08-20T07:00:00,4.130,68.40,0.500
2026-08-20T06:45:00,4.130,65.90,0.000
2026-08-20T06:30:00,4.130,72.50,0.000
2026-08-20T06:15:00,4.120,87.70,0.000
2026-08-20T06:00:00,4.120,68.60,0.500
2026-08-20T05:45:00,4.120,69.50,0.000
2026-08-20T05:30:00,4.120,67.20,0.000
2026-08-20T05:15:00,4.110,64.60,0.000
2026-08-20T05:00:00,4.110,62.90,0.000
2026-08-20T04:45:00,4.110,63.20,0.000
2026-08-20T04:30:00,4.110,66.80,0.000
2026-08-20T04:15:00,4.110,66.00,0.000
2026-08-20T04:00:00,4.100,66.30,0.000
2026-08-20T03:45:00,4.100,64.70,0.000
2026-08-20T03:30:00,4.100,63.30,0.000
2026-08-20T03:15:00,4.100,64.10,0.000
2026-08-20T03:00:00,4.090,65.70,0.000
2026-08-20T02:45:00,4.090,65.80,0.000
2026-08-20T02:30:00,4.090,64.90,0.000
2026-08-20T02:15:00,4.090,63.80,0.000
2026-08-20T02:00:00,4.090,64.60,0.000
2026-08-20T01:45:00,4.080,65.00,0.000
2026-08-20T01:30:00,4.080,63.30,0.000
2026-08-20T01:15:00,4.080,61.00,0.000
2026-08-20T01:00:00,4.080,61.00,0.000
2026-08-20T00:45:00,4.080,61.10,0.000
2026-08-20T00:30:00,4.070,61.40,0.000
2026-08-20T00:15:00,4.070,62.90,0.000
2026-08-20T00:00:00,4.070,59.20,0.000
2026-08-19T23:45:00,4.060,62.70,0.000
2026-08-19T23:30:00,4.060,61.40,0.000
2026-08-19T23:15:00,4.060,64.50,0.000
2026-08-19T23:00:00,4.060,61.40,0.000
2026-08-19T22:45:00,4.050,57.70,0.000
2026-08-19T22:30:00,4.050,61.70,0.000
2026-08-19T22:15:00,4.050,61.90,0.000
2026-08-19T22:00:00,4.050,60.00,0.000
2026-08-19T21:45:00,4.040,60.90,0.000
2026-08-19T21:30:00,4.040,60.80,0.000
2026-08-19T21:15:00,4.040,60.70,0.000
2026-08-19T21:00:00,4.030,57.90,0.000
2026-08-19T20:45:00,4.030,58.90,0.000
2026-08-19T20:30:00,4.030,57.40,0.000
2026-08-19T20:15:00,4.030,60.10,0.000
2026-08-19T20:00:00,4.020,60.50,0.000
2026-08-19T19:45:00,4.020,59.00,0.000
2026-08-19T19:30:00,4.010,59.00,0.000
2026-08-19T19:15:00,4.010,64.40,0.000
2026-08-19T19:00:00,4.010,64.60,0.000
2026-08-19T18:45:00,4.010,73.50,0.000
2026-08-19T18:30:00,4.000,82.90,0.000
2026-08-19T18:15:00,4.000,61.80,0.500
2026-08-19T18:00:00,3.990,58.90,0.000
2026-08-19T17:45:00,3.990,77.80,0.000
2026-08-19T17:30:00,3.980,67.60,0.500
2026-08-19T17:15:00,3.980,52.40,0.000
2026-08-19T17:00:00,3.940,69.30,0.000
2026-08-19T16:45:00,3.950,71.10,0.000
2026-08-19T16:30:00,3.960,69.00,0.000
2026-08-19T16:15:00,3.970,68.40,0.000
2026-08-19T16:00:00,3.980,72.90,0.000
2026-08-19T15:45:00,3.990,71.80,0.000
2026-08-19T15:30:00,4.000,72.80,0.000
2026-08-19T15:15:00,4.010,74.70,0.000
2026-08-19T15:00:00,4.020,71.20,0.000
2026-08-19T14:45:00,4.030,69.80,0.000
2026-08-19T14:30:00,4.040,74.30,0.000
2026-08-19T14:15:00,4.050,76.00,0.000
2026-08-19T14:00:00,4.060,76.70,0.000
2026-08-19T13:45:00,4.070,71.30,0.000
2026-08-19T13:30:00,4.090,80.30,0.000
2026-08-19T13:15:00,4.100,83.60,0.000
2026-08-19T13:00:00,4.110,74.90,0.000
2026-08-19T12:45:00,4.120,79.60,0.000
2026-08-19T12:30:00,4.140,88.40,0.000
2026-08-19T12:15:00,4.150,83.80,0.000
2026-08-19T12:00:00,4.170,80.60,0.000
2026-08-19T11:45:00,4.190,89.00,0.000
2026-08-19T11:30:00,4.200,93.70,0.000
2026-08-19T11:15:00,4.220,88.70,0.000
2026-08-19T11:00:00,4.280,51.90,0.000
2026-08-19T10:45:00,4.290,47.20,0.000
2026-08-19T10:30:00,4.290,60.00,0.000
2026-08-19T10:15:00,4.290,64.00,0.000
2026-08-19T10:00:00,4.280,65.10,0.000
2026-08-19T09:45:00,4.280,61.70,0.000
2026-08-19T09:30:00,4.280,66.90,0.000
2026-08-19T09:15:00,4.280,68.10,0.000
2026-08-19T09:00:00,4.270,69.10,0.000
2026-08-19T08:45:00,4.270,68.10,0.000
2026-08-19T08:30:00,4.270,71.50,0.000
2026-08-19T08:15:00,4.260,63.90,0.000
2026-08-19T08:00:00,4.260,68.80,0.000
2026-08-19T07:45:00,4.250,69.60,0.000
2026-08-19T07:30:00,4.250,65.70,0.000
2026-08-19T07:15:00,4.250,71.60,0.000
2026-08-19T07:00:00,4.240,68.50,0.000
2026-08-19T06:45:00,4.240,60.60,0.000
2026-08-19T06:30:00,4.230,68.20,0.000
2026-08-19T06:15:00,4.230,69.70,0.000
2026-08-19T06:00:00,4.220,62.80,0.000
2026-08-19T05:45:00,4.220,59.30,0.000
2026-08-19T05:30:00,4.210,59.90,0.000
2026-08-19T05:15:00,4.200,57.90,0.000
2026-08-19T05:00:00,4.200,57.20,0.000
2026-08-19T04:45:00,4.190,58.50,0.000
2026-08-19T04:30:00,4.170,58.40,0.000
2026-08-19T04:15:00,4.160,54.50,0.000
2026-08-19T04:00:00,4.150,56.50,0.000
2026-08-19T03:45:00,4.150,58.80,0.000
2026-08-19T03:30:00,4.140,54.90,0.000
2026-08-19T03:15:00,4.120,54.50,0.000
2026-08-19T03:00:00,4.120,53.90,0.000
2026-08-19T02:45:00,4.110,49.80,0.000
2026-08-19T02:30:00,4.100,54.20,0.000
2026-08-19T02:15:00,4.090,50.70,0.000
2026-08-19T02:00:00,4.080,50.10,0.000
2026-08-19T01:45:00,4.070,46.60,0.000
2026-08-19T01:30:00,4.070,52.90,0.000
2026-08-19T01:15:00,4.060,49.10,0.000
2026-08-19T01:00:00,4.050,50.60,0.000
2026-08-19T00:45:00,4.040,44.20,0.000
2026-08-19T00:30:00,4.040,49.60,0.000
2026-08-19T00:15:00,4.030,52.70,0.000
2026-08-19T00:00:00,4.030,52.70,0.000
2026-08-18T23:45:00,4.020,56.60,0.000
2026-08-18T23:30:00,4.020,58.10,0.000
2026-08-18T23:15:00,4.010,57.80,0.500
2026-08-18T23:00:00,4.010,70.50,0.000
2026-08-18T22:45:00,4.010,61.90,0.000
2026-08-18T22:30:00,4.000,68.80,0.000
2026-08-18T22:15:00,4.000,69.20,0.500
2026-08-18T22:00:00,3.990,64.30,0.000
2026-08-18T21:45:00,3.990,66.20,0.000
2026-08-18T21:30:00,3.980,68.80,0.500
2026-08-18T21:15:00,3.980,68.40,0.000
2026-08-18T21:00:00,3.980,64.40,0.500
2026-08-18T20:45:00,3.970,66.50,0.500
2026-08-18T20:30:00,3.970,66.10,0.500
2026-08-18T20:15:00,3.960,63.20,0.500
2026-08-18T20:00:00,3.960,68.00,0.500
2026-08-18T19:45:00,3.950,67.30,0.500
2026-08-18T19:30:00,3.940,70.60,0.500
2026-08-18T19:15:00,3.940,67.90,1.000
2026-08-18T19:00:00,3.920,67.00,17.000
2026-08-18T18:45:00,3.910,51.50,2.500
2026-08-18T18:30:00,3.910,56.90,0.000
2026-08-18T18:15:00,3.900,52.20,0.000
2026-08-18T18:00:00,3.900,50.80,0.500
2026-08-18T17:45:00,3.910,41.90,0.000
2026-08-18T17:30:00,3.900,58.00,0.000
2026-08-18T17:15:00,3.900,43.20,0.000
2026-08-18T17:00:00,3.900,50.10,0.000
2026-08-18T16:45:00,3.900,50.10,0.000
2026-08-18T16:30:00,3.900,53.30,0.000
2026-08-18T16:15:00,3.900,56.30,0.000
2026-08-18T16:00:00,3.900,52.90,0.000
2026-08-18T15:45:00,3.900,58.50,0.000
2026-08-18T15:30:00,3.900,54.50,0.000
2026-08-18T15:15:00,3.900,52.30,0.000
2026-08-18T15:00:00,3.900,56.60,0.000
2026-08-18T14:45:00,3.890,63.60,0.000
2026-08-18T14:30:00,3.890,57.20,0.000
2026-08-18T14:15:00,3.900,64.70,0.000
2026-08-18T14:00:00,3.890,57.10,0.000
2026-08-18T13:45:00,3.890,59.20,0.000
2026-08-18T13:30:00,3.890,52.70,0.000
2026-08-18T13:15:00,3.890,57.40,0.000
2026-08-18T13:00:00,3.890,55.10,0.000
2026-08-18T12:45:00,3.890,46.70,0.000
2026-08-18T12:30:00,3.890,55.70,0.000
2026-08-18T12:15:00,3.890,53.30,0.000
2026-08-18T12:00:00,3.890,50.30,0.000
2026-08-18T11:45:00,3.890,47.60,0.000
2026-08-18T11:30:00,3.890,49.40,0.000
2026-08-18T11:15:00,3.890,47.70,0.000
2026-08-18T11:00:00,3.880,48.70,0.000
2026-08-18T10:45:00,3.880,44.70,0.000
2026-08-18T10:30:00,3.880,43.60,0.000
2026-08-18T10:15:00,3.880,46.20,0.000
2026-08-18T10:00:00,3.880,55.10,0.000
2026-08-18T09:45:00,3.880,41.20,0.000
2026-08-18T09:30:00,3.880,40.30,0.000
2026-08-18T09:15:00,3.880,47.20,0.000
2026-08-18T09:00:00,3.870,45.40,0.000
2026-08-18T08:45:00,3.870,45.10,0.000
2026-08-18T08:30:00,3.870,44.30,0.000
2026-08-18T08:15:00,3.870,44.00,0.000
2026-08-18T08:00:00,3.870,46.90,0.000
2026-08-18T07:45:00,3.870,45.20,0.000
2026-08-18T07:30:00,3.870,47.70,0.000
2026-08-18T07:15:00,3.880,47.40,0.000
2026-08-18T07:00:00,3.880,44.90,0.000
2026-08-18T06:45:00,3.880,43.70,0.000
2026-08-18T06:30:00,3.880,44.90,0.000
2026-08-18T06:15:00,3.880,48.80,0.000
2026-08-18T06:00:00,3.880,43.20,0.000
2026-08-18T05:45:00,3.890,43.40,0.000
2026-08-18T05:30:00,3.890,46.40,0.000
2026-08-18T05:15:00,3.890,43.10,0.000
2026-08-18T05:00:00,3.890,38.20,0.000
2026-08-18T04:45:00,3.890,43.30,0.000
2026-08-18T04:30:00,3.890,44.10,0.000
2026-08-18T04:15:00,3.890,45.00,0.000
2026-08-18T04:00:00,3.890,41.90,0.000
2026-08-18T03:45:00,3.890,44.60,0.000
2026-08-18T03:30:00,3.890,45.00,0.000
2026-08-18T03:15:00,3.890,42.50,0.000
2026-08-18T03:00:00,3.890,39.20,0.000
2026-08-18T02:45:00,3.890,41.00,0.000
2026-08-18T02:30:00,3.890,59.60,0.000
2026-08-18T02:15:00,3.880,57.40,0.000
2026-08-18T02:00:00,3.880,43.30,0.000
2026-08-18T01:45:00,3.880,43.40,0.000
2026-08-18T01:30:00,3.890,41.50,0.000
2026-08-18T01:15:00,3.880,42.10,0.000
2026-08-18T01:00:00,3.880,36.40,0.000
2026-08-18T00:45:00,3.880,46.10,0.000
2026-08-18T00:30:00,3.880,43.60,0.000
2026-08-18T00:15:00,3.880,45.80,0.000
2026-08-18T00:00:00,3.880,44.30,0.000
2026-08-17T23:45:00,3.880,45.00,0.000
2026-08-17T23:30:00,3.880,46.20,0.000
2026-08-17T23:15:00,3.880,47.80,0.000
2026-08-17T23:00:00,3.870,60.30,0.000
2026-08-17T22:45:00,3.880,60.50,0.000
2026-08-17T22:30:00,3.870,0.00,0.000
2026-08-17T22:15:00,3.870,0.00,0.500
2026-08-17T22:00:00,3.870,0.00,0.000
2026-08-17T21:45:00,3.870,46.50,0.000
2026-08-17T21:30:00,3.870,43.30,0.000
2026-08-17T21:15:00,3.870,56.60,0.000
2026-08-17T21:00:00,3.870,61.80,0.500
2026-08-17T20:45:00,3.870,54.70,0.000
2026-08-17T20:30:00,3.860,58.00,0.000
2026-08-17T20:15:00,3.860,57.80,0.500
2026-08-17T20:00:00,3.860,50.00,0.000
2026-08-17T19:45:00,3.870,38.30,0.000
2026-08-17T19:30:00,3.860,52.50,0.000
2026-08-17T19:15:00,3.870,61.70,0.500
2026-08-17T19:00:00,3.860,63.60,0.500
2026-08-17T18:45:00,3.860,64.50,1.000
2026-08-17T18:30:00,3.860,62.30,2.500
2026-08-17T18:15:00,3.860,39.80,0.000
2026-08-17T18:00:00,3.860,30.40,0.000
2026-08-17T17:45:00,3.860,40.10,0.000
2026-08-17T17:30:00,3.860,46.60,0.000
2026-08-17T17:15:00,3.860,42.10,0.000
2026-08-17T17:00:00,3.860,46.40,0.000
2026-08-17T16:45:00,3.860,57.00,0.500
2026-08-17T16:30:00,3.860,62.60,0.500
2026-08-17T16:15:00,3.850,65.00,6.000
2026-08-17T16:00:00,3.850,47.80,1.500
2026-08-17T15:45:00,3.850,55.50,0.000
2026-08-17T15:30:00,3.860,62.20,0.000
2026-08-17T15:15:00,3.850,51.90,0.000
2026-08-17T15:00:00,3.860,48.70,0.000
2026-08-17T14:45:00,3.850,43.20,0.000
2026-08-17T14:30:00,3.860,46.50,0.000
2026-08-17T14:15:00,3.860,46.60,0.000
2026-08-17T14:00:00,3.860,41.30,0.000
2026-08-17T13:45:00,3.860,45.60,0.000
2026-08-17T13:30:00,3.860,46.10,0.000
2026-08-17T13:15:00,3.860,41.80,0.000
2026-08-17T13:00:00,3.860,43.80,0.000
2026-08-17T12:45:00,3.860,45.70,0.000
2026-08-17T12:30:00,3.860,45.70,0.000
2026-08-17T12:15:00,3.860,45.50,0.000
2026-08-17T12:00:00,3.860,46.10,0.000
2026-08-17T11:45:00,3.860,45.60,0.000
2026-08-17T11:30:00,3.860,46.40,0.000
2026-08-17T11:15:00,3.860,44.80,0.000
2026-08-17T11:00:00,3.860,44.70,0.000
2026-08-17T10:45:00,3.870,42.10,0.000
2026-08-17T10:30:00,3.860,47.10,0.000
2026-08-17T10:15:00,3.870,36.50,0.000
2026-08-17T10:00:00,3.870,40.40,0.000
2026-08-17T09:45:00,3.870,30.60,0.000
2026-08-17T09:30:00,3.860,30.60,0.000
2026-08-17T09:15:00,3.860,43.50,0.000
2026-08-17T09:00:00,3.860,42.70,0.000
2026-08-17T08:45:00,3.870,41.00,0.000
2026-08-17T08:30:00,3.870,40.10,0.000
2026-08-17T08:15:00,3.870,35.90,0.000
2026-08-17T08:00:00,3.870,39.00,0.000
2026-08-17T07:45:00,3.880,35.50,0.000
2026-08-17T07:30:00,3.880,32.60,0.000
2026-08-17T07:15:00,3.880,37.00,0.000
2026-08-17T07:00:00,3.880,44.30,0.000
2026-08-17T06:45:00,3.880,47.90,0.000
2026-08-17T06:30:00,3.880,44.00,0.000
2026-08-17T06:15:00,3.880,46.90,0.000
2026-08-17T06:00:00,3.890,47.30,0.000
2026-08-17T05:45:00,3.890,45.70,0.000
2026-08-17T05:30:00,3.890,45.80,0.000
2026-08-17T05:15:00,3.890,47.50,0.000
2026-08-17T05:00:00,3.900,47.50,0.000
2026-08-17T04:45:00,3.900,46.40,0.000
2026-08-17T04:30:00,3.900,46.80,0.000
2026-08-17T04:15:00,3.900,48.80,0.000
2026-08-17T04:00:00,3.910,48.90,0.000
2026-08-17T03:45:00,3.910,48.40,0.000
2026-08-17T03:30:00,3.910,49.40,0.000
2026-08-17T03:15:00,3.910,46.80,0.000
2026-08-17T03:00:00,3.910,48.40,0.000
2026-08-17T02:45:00,3.920,49.50,0.000
2026-08-17T02:30:00,3.920,47.50,0.000
2026-08-17T02:15:00,3.920,50.10,0.000
2026-08-17T02:00:00,3.920,48.70,0.000
2026-08-17T01:45:00,3.920,51.90,0.000
2026-08-17T01:30:00,3.930,48.30,0.000
2026-08-17T01:15:00,3.930,47.30,0.000
2026-08-17T01:00:00,3.930,49.10,0.000
2026-08-17T00:45:00,3.930,48.30,0.000
2026-08-17T00:30:00,3.930,53.50,0.000
2026-08-17T00:15:00,3.940,47.50,0.000
2026-08-17T00:00:00,3.940,49.60,0.000
2026-08-30T23:45:00,4.500,215.90,0.000
2026-08-30T23:30:00,4.440,204.30,0.000
2026-08-30T23:15:00,4.390,195.00,0.000
2026-08-30T23:00:00,4.350,178.50,0.000
2026-08-30T22:45:00,4.300,170.10,0.000
2026-08-30T22:30:00,4.270,164.80,0.000
2026-08-30T22:15:00,4.250,151.90,0.000
2026-08-30T22:00:00,4.230,148.10,0.000
2026-08-30T21:45:00,4.210,140.70,0.500
2026-08-30T21:30:00,4.200,149.00,0.000
2026-08-30T21:15:00,4.200,145.40,0.000
2026-08-30T21:00:00,4.190,148.80,1.000
2026-08-30T20:45:00,4.190,146.20,0.500
2026-08-30T20:30:00,4.210,146.70,1.000
2026-08-30T20:15:00,4.200,144.70,1.000
2026-08-30T20:00:00,4.200,133.80,3.000
2026-08-30T19:45:00,4.170,132.80,10.500
2026-08-30T19:30:00,4.170,142.20,1.500
2026-08-30T19:15:00,4.170,137.90,1.500
2026-08-30T19:00:00,4.170,140.80,1.000
2026-08-30T18:45:00,4.170,139.20,0.500
2026-08-30T18:30:00,4.160,127.40,0.500
2026-08-30T18:15:00,4.160,142.20,3.000
2026-08-30T18:00:00,4.160,137.80,4.000
2026-08-30T17:45:00,4.150,120.80,0.500
2026-08-30T17:30:00,4.150,119.60,0.000
2026-08-30T17:15:00,4.150,120.60,0.000
2026-08-30T17:00:00,4.150,120.30,0.500
2026-08-30T16:45:00,4.150,127.40,0.000
2026-08-30T16:30:00,4.150,120.10,1.000
2026-08-30T16:15:00,4.150,124.90,0.000
2026-08-30T16:00:00,4.150,126.80,0.000
2026-08-30T15:45:00,4.150,126.10,0.000
2026-08-30T15:30:00,4.160,128.60,0.000
2026-08-30T15:15:00,4.160,120.20,0.000
2026-08-30T15:00:00,4.160,127.80,0.000
2026-08-30T14:45:00,4.160,122.80,0.000
2026-08-30T14:30:00,4.170,129.50,0.000
2026-08-30T14:15:00,4.170,124.80,0.000
2026-08-30T14:00:00,4.180,123.60,0.000
2026-08-30T13:45:00,4.180,129.50,0.000
2026-08-30T13:30:00,4.180,129.10,0.000
2026-08-30T13:15:00,4.190,128.70,0.000
2026-08-30T13:00:00,4.200,131.20,0.000
2026-08-30T12:45:00,4.200,129.50,0.000
2026-08-30T12:30:00,4.210,131.80,0.000
2026-08-30T12:15:00,4.210,128.80,0.000
2026-08-30T12:00:00,4.220,137.10,0.000
2026-08-30T11:45:00,4.230,133.00,0.500
2026-08-30T11:30:00,4.230,130.40,0.000
2026-08-30T11:15:00,4.240,133.50,0.000
2026-08-30T11:00:00,4.250,133.60,0.000
2026-08-30T10:45:00,4.260,133.90,0.000
2026-08-30T10:30:00,4.260,133.10,0.000
2026-08-30T10:15:00,4.270,137.10,0.000
2026-08-30T10:00:00,4.280,144.10,0.000
2026-08-30T09:45:00,4.290,138.10,0.000
2026-08-30T09:30:00,4.290,149.50,0.000
2026-08-30T09:15:00,4.300,152.30,0.000
2026-08-30T09:00:00,4.310,144.40,0.000
2026-08-30T08:45:00,4.310,142.90,0.000
2026-08-30T08:30:00,4.320,150.60,0.000
2026-08-30T08:15:00,4.330,149.90,0.000
2026-08-30T08:00:00,4.330,157.20,0.000
2026-08-30T07:45:00,4.340,154.60,0.000
2026-08-30T07:30:00,4.350,151.60,0.000
2026-08-30T07:15:00,4.350,149.50,0.000
2026-08-30T07:00:00,4.350,156.50,0.000
2026-08-30T06:45:00,4.360,148.20,0.000
2026-08-30T06:30:00,4.370,148.90,0.000
2026-08-30T06:15:00,4.370,147.20,0.000
2026-08-30T06:00:00,4.380,162.70,0.000
2026-08-30T05:45:00,4.380,148.80,0.000
2026-08-30T05:30:00,4.380,162.10,0.000
2026-08-30T05:15:00,4.390,150.90,0.000
2026-08-30T05:00:00,4.400,165.40,0.000
2026-08-30T04:45:00,4.400,162.10,0.000
2026-08-30T04:30:00,4.400,164.40,0.000
2026-08-30T04:15:00,4.410,168.60,0.000
2026-08-30T04:00:00,4.410,160.80,0.000
2026-08-30T03:45:00,4.410,164.60,0.000
2026-08-30T03:30:00,4.420,156.20,0.000
2026-08-30T03:15:00,4.420,162.00,0.000
2026-08-30T03:00:00,4.430,171.00,0.000
2026-08-30T02:45:00,4.430,159.40,0.000
2026-08-30T02:30:00,4.430,160.10,0.000
2026-08-30T02:15:00,4.440,164.00,0.000
2026-08-30T02:00:00,4.440,164.60,0.000
2026-08-30T01:45:00,4.450,164.70,0.000
2026-08-30T01:30:00,4.440,165.20,0.000
2026-08-30T01:15:00,4.450,168.30,0.000
2026-08-30T01:00:00,4.450,174.90,0.000
2026-08-30T00:45:00,4.450,171.20,0.000
2026-08-30T00:30:00,4.450,161.70,0.000
2026-08-30T00:15:00,4.460,175.00,0.000
2026-08-30T00:00:00,4.450,174.80,0.000
2026-08-29T23:45:00,4.450,169.30,0.000
2026-08-29T23:30:00,4.450,173.00,0.000
2026-08-29T23:15:00,4.450,179.70,0.000
2026-08-29T23:00:00,4.450,170.50,0.000
2026-08-29T22:45:00,4.440,172.60,0.000
2026-08-29T22:30:00,4.440,173.80,0.000
2026-08-29T22:15:00,4.440,170.50,0.000
2026-08-29T22:00:00,4.440,169.00,0.000
2026-08-29T21:45:00,4.430,173.60,0.000
2026-08-29T21:30:00,4.420,168.20,0.000
2026-08-29T21:15:00,4.420,172.30,0.000
2026-08-29T21:00:00,4.420,168.00,0.000
2026-08-29T20:45:00,4.410,175.10,0.000
2026-08-29T20:30:00,4.410,172.50,0.000
2026-08-29T20:15:00,4.400,166.80,0.000
2026-08-29T20:00:00,4.400,176.20,0.000
2026-08-29T19:45:00,4.400,175.00,0.000
2026-08-29T19:30:00,4.400,166.30,0.000
2026-08-29T19:15:00,4.390,169.10,0.000
2026-08-29T19:00:00,4.390,168.40,0.000
2026-08-29T18:45:00,4.380,167.20,0.000
2026-08-29T18:30:00,4.370,171.50,0.000
2026-08-29T18:15:00,4.360,169.90,0.000
2026-08-29T18:00:00,4.360,168.60,0.000
2026-08-29T17:45:00,4.350,163.40,0.000
2026-08-29T17:30:00,4.340,167.00,0.000
2026-08-29T17:15:00,4.320,163.30,0.000
2026-08-29T17:00:00,4.310,160.30,0.000
2026-08-29T16:45:00,4.290,161.30,0.500
2026-08-29T16:30:00,4.290,160.50,2.000
2026-08-29T16:15:00,4.280,148.10,0.000
2026-08-29T16:00:00,4.270,152.40,0.000
2026-08-29T15:45:00,4.250,152.30,0.000
2026-08-29T15:30:00,4.250,148.60,0.000
2026-08-29T15:15:00,4.250,140.30,0.000
2026-08-29T15:00:00,4.250,142.00,0.000
2026-08-29T14:45:00,4.250,150.80,0.000
2026-08-29T14:30:00,4.250,152.80,0.000
2026-08-29T14:15:00,4.260,148.80,0.000
2026-08-29T14:00:00,4.260,150.40,0.000
2026-08-29T13:45:00,4.270,147.00,0.000
2026-08-29T13:30:00,4.270,154.00,0.000
2026-08-29T13:15:00,4.280,153.80,0.000
2026-08-29T13:00:00,4.290,145.40,0.000
2026-08-29T12:45:00,4.300,151.90,0.000
2026-08-29T12:30:00,4.310,156.90,0.000
2026-08-29T12:15:00,4.320,156.80,0.000
2026-08-29T12:00:00,4.330,155.30,0.000
2026-08-29T11:45:00,4.340,159.40,0.000
2026-08-29T11:30:00,4.350,152.90,0.000
2026-08-29T11:15:00,4.360,160.40,0.000
2026-08-29T11:00:00,4.380,147.90,0.000
2026-08-29T10:45:00,4.390,156.20,0.000
2026-08-29T10:30:00,4.410,159.90,0.000
2026-08-29T10:15:00,4.410,159.00,0.000
2026-08-29T10:00:00,4.430,180.30,0.000
2026-08-29T09:45:00,4.440,159.80,0.000
2026-08-29T09:30:00,4.460,157.30,0.000
2026-08-29T09:15:00,4.460,167.10,0.000
2026-08-29T09:00:00,4.470,180.80,0.000
2026-08-29T08:45:00,4.490,182.10,0.000
2026-08-29T08:30:00,4.500,177.90,0.000
2026-08-29T08:15:00,4.500,186.60,0.000
2026-08-29T08:00:00,4.520,182.90,0.000
2026-08-29T07:45:00,4.530,188.80,0.000
2026-08-29T07:30:00,4.540,189.90,0.000
2026-08-29T07:15:00,4.550,184.80,0.000
2026-08-29T07:00:00,4.560,191.50,0.000
2026-08-29T06:45:00,4.570,193.60,0.000
2026-08-29T06:30:00,4.590,195.70,0.000
2026-08-29T06:15:00,4.600,187.50,0.000
2026-08-29T06:00:00,4.620,183.50,0.000
2026-08-29T05:45:00,4.660,171.80,0.000
2026-08-29T05:30:00,4.650,173.10,0.000
2026-08-29T05:15:00,4.650,170.30,0.000
2026-08-29T05:00:00,4.620,168.30,0.000
2026-08-29T04:45:00,4.600,171.70,0.000
2026-08-29T04:30:00,4.580,171.40,0.000
2026-08-29T04:15:00,4.550,170.70,0.000
2026-08-29T04:00:00,4.520,183.50,0.000
2026-08-29T03:45:00,4.500,191.50,0.000
2026-08-29T03:30:00,4.470,181.70,0.000
2026-08-29T03:15:00,4.440,184.70,0.000
2026-08-29T03:00:00,4.390,190.10,0.000
2026-08-29T02:45:00,4.360,179.30,0.000
2026-08-29T02:30:00,4.320,172.40,0.000
2026-08-29T02:15:00,4.290,165.60,0.000
2026-08-29T02:00:00,4.250,163.20,0.000
2026-08-29T01:45:00,4.200,155.30,0.000
2026-08-29T01:30:00,4.150,148.50,0.000
2026-08-29T01:15:00,4.120,146.30,0.000
2026-08-29T01:00:00,4.080,138.50,0.000
2026-08-29T00:45:00,4.030,137.00,0.000
2026-08-29T00:30:00,4.010,125.90,0.000
2026-08-29T00:15:00,4.010,117.10,0.000
2026-08-29T00:00:00,3.990,100.30,0.000
2026-08-28T23:45:00,3.940,85.40,0.500
2026-08-28T23:30:00,3.900,78.90,0.000
2026-08-28T23:15:00,3.860,70.30,0.000
2026-08-28T23:00:00,3.830,67.70,0.000
2026-08-28T22:45:00,3.810,63.90,0.500
2026-08-28T22:30:00,3.800,64.40,0.000
2026-08-28T22:15:00,3.780,64.80,0.000
2026-08-28T22:00:00,3.770,64.20,0.500
2026-08-28T21:45:00,3.770,59.30,0.500
2026-08-28T21:30:00,3.760,62.80,0.000
2026-08-28T21:15:00,3.760,58.80,0.500
2026-08-28T21:00:00,3.740,60.60,1.000
2026-08-28T20:45:00,3.750,59.70,0.500
2026-08-28T20:30:00,3.740,57.90,1.500
2026-08-28T20:15:00,3.740,59.80,1.000
2026-08-28T20:00:00,3.730,1,197.40,1.000
2026-08-28T19:45:00,3.730,59.80,4.500
2026-08-28T19:30:00,3.730,57.80,2.000
2026-08-28T19:15:00,3.730,50.70,0.500
2026-08-28T19:00:00,3.730,53.90,0.500
2026-08-28T18:45:00,3.730,44.80,0.000
2026-08-28T18:30:00,3.730,40.20,0.000
2026-08-28T18:15:00,3.730,41.40,0.000
2026-08-28T18:00:00,3.730,34.40,0.000
2026-08-28T17:45:00,3.730,39.30,0.000
2026-08-28T17:30:00,3.730,37.00,0.000
2026-08-28T17:15:00,3.740,35.40,0.000
2026-08-28T17:00:00,3.740,37.80,0.000
2026-08-28T16:45:00,3.740,38.00,0.000
2026-08-28T16:30:00,3.740,35.10,0.000
2026-08-28T16:15:00,3.740,35.60,0.000
2026-08-28T16:00:00,3.740,55.80,0.000
2026-08-28T15:45:00,3.750,39.10,0.000
2026-08-28T15:30:00,3.750,40.70,0.000
2026-08-28T15:15:00,3.760,53.80,0.000
2026-08-28T15:00:00,3.760,48.60,0.000
2026-08-28T14:45:00,3.760,48.70,0.000
2026-08-28T14:30:00,3.760,43.80,0.000
2026-08-28T14:15:00,3.770,47.10,0.000
2026-08-28T14:00:00,3.770,45.30,0.000
2026-08-28T13:45:00,3.780,48.50,0.000
2026-08-28T13:30:00,3.780,44.10,0.000
2026-08-28T13:15:00,3.780,45.10,0.000
2026-08-28T13:00:00,3.790,42.80,0.000
2026-08-28T12:45:00,3.790,48.90,0.000
2026-08-28T12:30:00,3.800,43.90,0.500
2026-08-28T12:15:00,3.800,42.20,0.000
2026-08-28T12:00:00,3.800,43.80,0.000
2026-08-28T11:45:00,3.810,45.80,0.000
2026-08-28T11:30:00,3.820,45.90,0.000
2026-08-28T11:15:00,3.820,46.10,0.000
2026-08-28T11:00:00,3.830,48.80,0.000
2026-08-28T10:45:00,3.830,44.90,0.000
2026-08-28T10:30:00,3.840,43.50,0.000
2026-08-28T10:15:00,3.840,45.90,0.000
2026-08-28T10:00:00,3.860,43.50,0.000
2026-08-28T09:45:00,3.860,43.80,0.000
2026-08-28T09:30:00,3.860,41.10,0.000
2026-08-28T09:15:00,3.870,42.40,0.000
2026-08-28T09:00:00,3.870,44.00,0.000
2026-08-28T08:45:00,3.870,38.50,0.000
2026-08-28T08:30:00,3.870,39.80,0.000
2026-08-28T08:15:00,3.870,36.60,0.000
2026-08-28T08:00:00,3.880,36.90,0.000
2026-08-28T07:45:00,3.880,37.10,0.000
2026-08-28T07:30:00,3.870,35.10,0.000
2026-08-28T07:15:00,3.870,42.50,0.000
2026-08-28T07:00:00,3.880,40.30,0.000
2026-08-28T06:45:00,3.870,45.60,0.000
2026-08-28T06:30:00,3.880,41.40,0.000
2026-08-28T06:15:00,3.880,47.40,0.000
2026-08-28T06:00:00,3.880,42.30,0.000
2026-08-28T05:45:00,3.870,42.30,0.000
2026-08-28T05:30:00,3.880,39.60,0.000
2026-08-28T05:15:00,3.880,39.30,0.000
2026-08-28T05:00:00,3.880,37.60,0.000
2026-08-28T04:45:00,3.870,41.20,0.000
2026-08-28T04:30:00,3.870,44.80,0.000
2026-08-28T04:15:00,3.880,39.60,0.000
2026-08-28T04:00:00,3.880,39.10,0.000
2026-08-28T03:45:00,3.880,40.50,0.000
2026-08-28T03:30:00,3.880,37.10,0.000
2026-08-28T03:15:00,3.880,39.70,0.000
2026-08-28T03:00:00,3.880,40.40,0.000
2026-08-28T02:45:00,3.870,41.50,0.000
2026-08-28T02:30:00,3.880,42.40,0.000
2026-08-28T02:15:00,3.870,40.50,0.000
2026-08-28T02:00:00,3.880,40.70,0.000
2026-08-28T01:45:00,3.870,42.40,0.000
2026-08-28T01:30:00,3.870,40.80,0.000
2026-08-28T01:15:00,3.870,43.20,0.000
2026-08-28T01:00:00,3.870,40.70,0.000
2026-08-28T00:45:00,3.870,42.50,0.000
2026-08-28T00:30:00,3.870,40.70,0.000
2026-08-28T00:15:00,3.870,42.50,0.000
2026-08-28T00:00:00,3.870,40.70,0.000
2026-08-27T23:45:00,3.870,40.60,0.000
2026-08-27T23:30:00,3.870,41.20,0.000
2026-08-27T23:15:00,3.860,39.00,0.000
2026-08-27T23:00:00,3.860,38.70,0.000
2026-08-27T22:45:00,3.860,37.40,0.000
2026-08-27T22:30:00,3.860,35.50,0.000
2026-08-27T22:15:00,3.860,39.70,0.000
2026-08-27T22:00:00,3.860,37.00,0.000
2026-08-27T21:45:00,3.860,39.00,0.000
2026-08-27T21:30:00,3.860,46.10,0.000
2026-08-27T21:15:00,3.860,40.40,0.000
2026-08-27T21:00:00,3.860,39.40,0.000
2026-08-27T20:45:00,3.850,41.30,0.000
2026-08-27T20:30:00,3.850,41.40,0.000
2026-08-27T20:15:00,3.850,42.50,0.000
2026-08-27T20:00:00,3.850,39.80,0.000
2026-08-27T19:45:00,3.850,40.80,0.000
2026-08-27T19:30:00,3.840,41.40,0.000
2026-08-27T19:15:00,3.850,40.20,0.000
2026-08-27T19:00:00,3.840,47.40,0.000
2026-08-27T18:45:00,3.840,48.80,0.000
2026-08-27T18:30:00,3.840,43.50,0.000
2026-08-27T18:15:00,3.840,42.90,0.000
2026-08-27T18:00:00,3.840,44.20,0.000
2026-08-27T17:45:00,3.840,45.60,0.000
2026-08-27T17:30:00,3.840,47.50,0.000
2026-08-27T17:15:00,3.840,53.90,0.000
2026-08-27T17:00:00,3.840,41.00,0.000
2026-08-27T16:45:00,3.840,42.30,0.000
2026-08-27T16:30:00,3.840,46.10,0.000
2026-08-27T16:15:00,3.840,38.40,0.000
2026-08-27T16:00:00,3.840,50.80,0.000
2026-08-27T15:45:00,3.840,35.50,0.000
2026-08-27T15:30:00,3.840,30.40,0.000
2026-08-27T15:15:00,3.840,46.30,0.000
2026-08-27T15:00:00,3.840,47.80,0.000
2026-08-27T14:45:00,3.850,44.30,0.000
2026-08-27T14:30:00,3.840,46.80,0.000
2026-08-27T14:15:00,3.850,57.80,0.000
2026-08-27T14:00:00,3.850,43.70,0.000
2026-08-27T13:45:00,3.850,49.10,0.000
2026-08-27T13:30:00,3.840,54.20,0.000
2026-08-27T13:15:00,3.850,50.20,0.000
2026-08-27T13:00:00,3.850,47.50,0.000
2026-08-27T12:45:00,3.850,44.70,0.000
2026-08-27T12:30:00,3.850,51.50,0.000
2026-08-27T12:15:00,3.850,50.10,0.000
2026-08-27T12:00:00,3.850,48.70,0.000
2026-08-27T11:45:00,3.850,48.00,0.000
2026-08-27T11:30:00,3.850,41.30,0.000
2026-08-27T11:15:00,3.850,46.50,0.000
2026-08-27T11:00:00,3.860,49.00,0.000
2026-08-27T10:45:00,3.860,46.30,0.000
2026-08-27T10:30:00,3.860,43.50,0.000
2026-08-27T10:15:00,3.850,48.00,0.000
2026-08-27T10:00:00,3.860,46.20,0.000
2026-08-27T09:45:00,3.860,41.20,0.000
2026-08-27T09:30:00,3.860,42.90,0.000
2026-08-27T09:15:00,3.860,42.50,0.000
2026-08-27T09:00:00,3.860,45.20,0.000
2026-08-27T08:45:00,3.860,43.60,0.000
2026-08-27T08:30:00,3.860,42.20,0.000
2026-08-27T08:15:00,3.860,42.40,0.000
2026-08-27T08:00:00,3.860,42.60,0.000
2026-08-27T07:45:00,3.860,44.00,0.000
2026-08-27T07:30:00,3.870,39.40,0.000
2026-08-27T07:15:00,3.860,43.40,0.000
2026-08-27T07:00:00,3.870,43.20,0.000
2026-08-27T06:45:00,3.860,44.10,0.000
2026-08-27T06:30:00,3.870,42.80,0.000
2026-08-27T06:15:00,3.860,41.50,0.000
2026-08-27T06:00:00,3.870,42.70,0.000
2026-08-27T05:45:00,3.870,43.20,0.000
2026-08-27T05:30:00,3.870,42.20,0.000
2026-08-27T05:15:00,3.870,46.70,0.000
2026-08-27T05:00:00,3.870,44.10,0.000
2026-08-27T04:45:00,3.870,42.10,0.000
2026-08-27T04:30:00,3.870,41.70,0.000
2026-08-27T04:15:00,3.870,41.60,0.000
2026-08-27T04:00:00,3.870,40.30,0.000
2026-08-27T03:45:00,3.870,42.80,0.000
2026-08-27T03:30:00,3.870,40.30,0.000
2026-08-27T03:15:00,3.870,41.50,0.000
2026-08-27T03:00:00,3.870,58.40,0.000
2026-08-27T02:45:00,3.870,44.30,0.000
2026-08-27T02:30:00,3.870,43.10,0.000
2026-08-27T02:15:00,3.870,45.00,0.000
2026-08-27T02:00:00,3.870,43.30,0.000
2026-08-27T01:45:00,3.870,44.80,0.000
2026-08-27T01:30:00,3.870,43.30,0.000
2026-08-27T01:15:00,3.870,45.70,0.000
2026-08-27T01:00:00,3.870,40.10,0.000
2026-08-27T00:45:00,3.870,42.80,0.000
2026-08-27T00:30:00,3.870,42.10,0.000
2026-08-27T00:15:00,3.870,41.20,0.000
2026-08-27T00:00:00,3.870,42.50,0.000
2026-08-26T23:45:00,3.880,45.00,0.000
2026-08-26T23:30:00,3.870,41.70,0.000
2026-08-26T23:15:00,3.870,42.00,0.000
2026-08-26T23:00:00,3.880,42.20,0.000
2026-08-26T22:45:00,3.880,40.60,0.000
2026-08-26T22:30:00,3.880,43.60,0.000
2026-08-26T22:15:00,3.870,43.40,0.000
2026-08-26T22:00:00,3.880,42.40,0.000
2026-08-26T21:45:00,3.870,42.50,0.000
2026-08-26T21:30:00,3.870,42.50,0.000
2026-08-26T21:15:00,3.870,41.90,0.000
2026-08-26T21:00:00,3.870,42.30,0.000
2026-08-26T20:45:00,3.870,42.80,0.000
2026-08-26T20:30:00,3.870,42.80,0.000
2026-08-26T20:15:00,3.870,43.20,0.000
2026-08-26T20:00:00,3.870,44.20,0.000
2026-08-26T19:45:00,3.870,44.60,0.000
2026-08-26T19:30:00,3.870,42.30,0.000
2026-08-26T19:15:00,3.870,43.90,0.000
2026-08-26T19:00:00,3.870,44.20,0.000
2026-08-26T18:45:00,3.870,44.80,0.000
2026-08-26T18:30:00,3.870,44.00,0.000
2026-08-26T18:15:00,3.870,44.00,0.000
2026-08-26T18:00:00,3.870,46.50,0.000
2026-08-26T17:45:00,3.870,45.70,0.000
2026-08-26T17:30:00,3.870,45.70,0.000
2026-08-26T17:15:00,3.870,44.70,0.000
2026-08-26T17:00:00,3.870,44.40,0.000
2026-08-26T16:45:00,3.870,44.90,0.000
2026-08-26T16:30:00,3.870,43.30,0.000
2026-08-26T16:15:00,3.870,41.20,0.000
2026-08-26T16:00:00,3.870,45.10,0.000
2026-08-26T15:45:00,3.860,46.40,0.000
2026-08-26T15:30:00,3.860,45.10,0.000
2026-08-26T15:15:00,3.870,53.80,0.000
2026-08-26T15:00:00,3.870,58.90,0.000
2026-08-26T14:45:00,3.860,65.40,0.000
2026-08-26T14:30:00,3.870,64.90,0.000
2026-08-26T14:15:00,3.840,66.70,0.000
2026-08-26T14:00:00,3.870,51.60,0.000
2026-08-26T13:45:00,3.860,43.40,0.000
2026-08-26T13:30:00,3.860,50.60,0.000
2026-08-26T13:15:00,3.860,60.10,0.000
2026-08-26T13:00:00,3.850,59.20,0.000
2026-08-26T12:45:00,3.850,49.20,0.000
2026-08-26T12:30:00,3.850,45.60,0.000
2026-08-26T12:15:00,3.840,46.30,0.000
2026-08-26T12:00:00,3.840,45.50,0.000
2026-08-26T11:45:00,3.840,44.30,0.000
2026-08-26T11:30:00,3.830,47.80,0.000
2026-08-26T11:15:00,3.820,45.20,0.000
2026-08-26T11:00:00,3.820,46.80,0.000
2026-08-26T10:45:00,3.820,36.40,0.000
2026-08-26T10:30:00,3.810,38.10,0.000
2026-08-26T10:15:00,3.800,42.50,0.000
2026-08-26T10:00:00,3.800,44.90,0.000
2026-08-26T09:45:00,3.790,42.40,0.000
2026-08-26T09:30:00,3.780,45.60,0.000
2026-08-26T09:15:00,3.780,40.90,0.000
2026-08-26T09:00:00,3.780,44.20,0.000
2026-08-26T08:45:00,3.780,42.70,0.000
2026-08-26T08:30:00,3.780,45.60,0.000
2026-08-26T08:15:00,3.790,48.30,0.000
2026-08-26T08:00:00,3.790,45.00,0.000
2026-08-26T07:45:00,3.790,49.10,0.000
2026-08-26T07:30:00,3.790,45.30,0.000
2026-08-26T07:15:00,3.790,46.20,0.000
2026-08-26T07:00:00,3.800,48.60,0.000
2026-08-26T06:45:00,3.800,46.60,0.000
2026-08-26T06:30:00,3.800,43.10,0.000
2026-08-26T06:15:00,3.800,45.30,0.000
2026-08-26T06:00:00,3.800,44.30,0.000
2026-08-26T05:45:00,3.800,46.30,0.000
2026-08-26T05:30:00,3.800,44.30,0.000
2026-08-26T05:15:00,3.800,44.60,0.000
2026-08-26T05:00:00,3.810,43.60,0.000
2026-08-26T04:45:00,3.810,45.60,0.000
2026-08-26T04:30:00,3.810,44.30,0.000
2026-08-26T04:15:00,3.810,48.10,0.000
2026-08-26T04:00:00,3.820,49.00,0.000
2026-08-26T03:45:00,3.820,48.80,0.000
2026-08-26T03:30:00,3.820,46.00,0.000
2026-08-26T03:15:00,3.820,48.90,0.000
2026-08-26T03:00:00,3.820,46.30,0.000
2026-08-26T02:45:00,3.820,47.40,0.000
2026-08-26T02:30:00,3.820,45.20,0.000
2026-08-26T02:15:00,3.820,47.00,0.000
2026-08-26T02:00:00,3.830,45.90,0.000
2026-08-26T01:45:00,3.830,48.10,0.000
2026-08-26T01:30:00,3.830,47.20,0.000
2026-08-26T01:15:00,3.830,45.50,0.000
2026-08-26T01:00:00,3.830,46.40,0.000
2026-08-26T00:45:00,3.830,45.40,0.000
2026-08-26T00:30:00,3.840,47.20,0.000
2026-08-26T00:15:00,3.840,47.80,0.000
2026-08-26T00:00:00,3.840,45.60,0.000
2026-08-25T23:45:00,3.840,48.10,0.000
2026-08-25T23:30:00,3.840,44.90,0.000
2026-08-25T23:15:00,3.840,44.80,0.000
2026-08-25T23:00:00,3.840,46.20,0.000
2026-08-25T22:45:00,3.850,48.30,0.000
2026-08-25T22:30:00,3.850,46.70,0.000
2026-08-25T22:15:00,3.850,45.10,0.000
2026-08-25T22:00:00,3.850,45.70,0.000
2026-08-25T21:45:00,3.860,46.50,0.000
2026-08-25T21:30:00,3.860,48.60,0.000
2026-08-25T21:15:00,3.860,47.00,0.000
2026-08-25T21:00:00,3.860,47.00,0.000
2026-08-25T20:45:00,3.860,45.50,0.000
2026-08-25T20:30:00,3.870,47.30,0.000
2026-08-25T20:15:00,3.870,44.50,0.000
2026-08-25T20:00:00,3.870,48.20,0.000
2026-08-25T19:45:00,3.870,44.50,0.000
2026-08-25T19:30:00,3.880,42.70,0.000
2026-08-25T19:15:00,3.880,45.70,0.000
2026-08-25T19:00:00,3.880,43.40,0.000
2026-08-25T18:45:00,3.880,44.70,0.000
2026-08-25T18:30:00,3.890,46.80,0.000
2026-08-25T18:15:00,3.890,43.60,0.000
2026-08-25T18:00:00,3.890,47.10,0.000
2026-08-25T17:45:00,3.890,48.00,0.000
2026-08-25T17:30:00,3.900,46.50,0.000
2026-08-25T17:15:00,3.900,47.80,0.000
2026-08-25T17:00:00,3.900,46.40,0.000
2026-08-25T16:45:00,3.900,44.70,0.000
2026-08-25T16:30:00,3.900,47.50,0.000
2026-08-25T16:15:00,3.900,49.10,0.000
2026-08-25T16:00:00,3.910,47.60,0.000
2026-08-25T15:45:00,3.910,46.10,0.000
2026-08-25T15:30:00,3.910,43.80,0.000
2026-08-25T15:15:00,3.920,49.50,0.000
2026-08-25T15:00:00,3.920,50.20,0.000
2026-08-25T14:45:00,3.920,46.60,0.000
2026-08-25T14:30:00,3.920,46.70,0.000
2026-08-25T14:15:00,3.930,49.00,0.000
2026-08-25T14:00:00,3.930,50.90,0.000
2026-08-25T13:45:00,3.930,47.60,0.000
2026-08-25T13:30:00,3.930,47.50,0.000
2026-08-25T13:15:00,3.940,45.90,0.000
2026-08-25T13:00:00,3.940,48.90,0.000
2026-08-25T12:45:00,3.940,48.10,0.000
2026-08-25T12:30:00,3.950,51.10,0.000
2026-08-25T12:15:00,3.950,55.30,0.000
2026-08-25T12:00:00,3.950,47.80,0.000
2026-08-25T11:45:00,3.960,48.20,0.000
2026-08-25T11:30:00,3.960,47.60,0.000
2026-08-25T11:15:00,3.960,47.90,0.000
2026-08-25T11:00:00,3.970,47.00,0.000
2026-08-25T10:45:00,3.970,46.70,0.000
2026-08-25T10:30:00,3.970,55.60,0.000
2026-08-25T10:15:00,3.970,52.30,0.000
2026-08-25T10:00:00,3.970,48.90,0.000
2026-08-25T09:45:00,3.970,48.10,0.000
2026-08-25T09:30:00,3.970,49.10,0.000
2026-08-25T09:15:00,3.970,49.30,0.000
2026-08-25T09:00:00,3.970,52.40,0.000
2026-08-25T08:45:00,3.970,51.80,0.000
2026-08-25T08:30:00,3.970,48.50,0.000
2026-08-25T08:15:00,3.970,53.20,0.000
2026-08-25T08:00:00,3.970,50.60,0.000
2026-08-25T07:45:00,3.970,51.00,0.000
2026-08-25T07:30:00,3.970,49.80,0.000
2026-08-25T07:15:00,3.970,51.40,0.000
2026-08-25T07:00:00,3.970,49.70,0.000
2026-08-25T06:45:00,3.970,54.40,0.000
2026-08-25T06:30:00,3.970,55.50,0.000
2026-08-25T06:15:00,3.970,53.90,0.000
2026-08-25T06:00:00,3.970,53.90,0.000
2026-08-25T05:45:00,3.970,50.20,0.000
2026-08-25T05:30:00,3.970,53.80,0.000
2026-08-25T05:15:00,3.960,51.20,0.000
2026-08-25T05:00:00,3.960,53.40,0.000
2026-08-25T04:45:00,3.960,49.60,0.000
2026-08-25T04:30:00,3.960,52.20,0.000
2026-08-25T04:15:00,3.960,55.70,0.000
2026-08-25T04:00:00,3.960,52.40,0.000
2026-08-25T03:45:00,3.950,53.40,0.000
2026-08-25T03:30:00,3.950,51.90,0.000
2026-08-25T03:15:00,3.950,52.40,0.000
2026-08-25T03:00:00,3.950,50.80,0.000
2026-08-25T02:45:00,3.940,52.90,0.000
2026-08-25T02:30:00,3.940,49.30,0.000
2026-08-25T02:15:00,3.940,50.40,0.000
2026-08-25T02:00:00,3.940,49.30,0.000
2026-08-25T01:45:00,3.930,52.30,0.000
2026-08-25T01:30:00,3.930,51.80,0.000
2026-08-25T01:15:00,3.930,49.50,0.000
2026-08-25T01:00:00,3.930,53.40,0.000
2026-08-25T00:45:00,3.920,51.20,0.000
2026-08-25T00:30:00,3.920,50.00,0.000
2026-08-25T00:15:00,3.920,50.00,0.000
2026-08-25T00:00:00,3.920,49.70,0.000
2026-08-24T23:45:00,3.910,47.00,0.000
2026-08-24T23:30:00,3.910,48.60,0.000
2026-08-24T23:15:00,3.910,50.20,0.000
2026-08-24T23:00:00,3.910,48.20,0.000
2026-08-24T22:45:00,3.900,47.90,0.000
2026-08-24T22:30:00,3.900,46.60,0.000
2026-08-24T22:15:00,3.900,49.30,0.000
2026-08-24T22:00:00,3.900,46.00,0.000
2026-08-24T21:45:00,3.900,46.30,0.000
2026-08-24T21:30:00,3.880,50.40,0.000
2026-08-24T21:15:00,3.880,49.20,0.000
2026-08-24T21:00:00,3.890,49.20,0.000
2026-08-24T20:45:00,3.890,51.10,0.000
2026-08-24T20:30:00,3.890,54.20,0.000
2026-08-24T20:15:00,3.890,51.00,0.000
2026-08-24T20:00:00,3.890,51.20,0.000
2026-08-24T19:45:00,3.900,50.70,0.000
2026-08-24T19:30:00,3.900,51.40,0.000
2026-08-24T19:15:00,3.900,53.10,0.000
2026-08-24T19:00:00,3.910,50.40,0.000
2026-08-24T18:45:00,3.910,54.00,0.000
2026-08-24T18:30:00,3.910,53.30,0.000
2026-08-24T18:15:00,3.910,59.70,0.000
2026-08-24T18:00:00,3.920,56.20,0.000
2026-08-24T17:45:00,3.920,49.70,0.000
2026-08-24T17:30:00,3.920,49.10,0.000
2026-08-24T17:15:00,3.920,49.50,0.000
2026-08-24T17:00:00,3.930,43.10,0.000
2026-08-24T16:45:00,3.930,50.40,0.000
2026-08-24T16:30:00,3.930,49.00,0.000
2026-08-24T16:15:00,3.930,50.70,0.000
2026-08-24T16:00:00,3.940,52.70,0.000
2026-08-24T15:45:00,3.940,51.60,0.000
2026-08-24T15:30:00,3.940,48.10,0.000
2026-08-24T15:15:00,3.940,52.80,0.000
2026-08-24T15:00:00,3.950,48.70,0.000
2026-08-24T14:45:00,3.950,50.40,0.000
2026-08-24T14:30:00,3.950,51.20,0.000
2026-08-24T14:15:00,3.960,49.30,0.000
2026-08-24T14:00:00,3.960,51.30,0.000
2026-08-24T13:45:00,3.960,49.90,0.000
2026-08-24T13:30:00,3.970,53.70,0.000
2026-08-24T13:15:00,3.970,59.40,0.000
2026-08-24T13:00:00,3.970,53.40,0.000
2026-08-24T12:45:00,3.970,52.20,0.000
2026-08-24T12:30:00,3.970,55.40,0.000
2026-08-24T12:15:00,3.980,57.00,0.000
2026-08-24T12:00:00,3.980,53.90,0.000
2026-08-24T11:45:00,3.970,55.70,0.000
2026-08-24T11:30:00,3.950,72.50,0.000
2026-08-24T11:15:00,3.960,75.10,0.000
2026-08-24T11:00:00,3.970,71.90,0.000
2026-08-24T10:45:00,3.980,78.80,0.000
2026-08-24T10:30:00,3.990,81.10,0.000
2026-08-24T10:15:00,3.990,80.60,0.000
2026-08-24T10:00:00,4.000,83.20,0.000
2026-08-24T09:45:00,4.010,81.80,0.000
2026-08-24T09:30:00,4.010,84.30,0.000
2026-08-24T09:15:00,4.010,87.70,0.000
2026-08-24T09:00:00,4.010,88.00,0.000
2026-08-24T08:45:00,4.020,84.30,0.000
2026-08-24T08:30:00,4.020,86.00,0.000
2026-08-24T08:15:00,4.020,85.90,0.000
2026-08-24T08:00:00,4.030,88.20,0.000
2026-08-24T07:45:00,4.030,87.10,0.000
2026-08-24T07:30:00,4.030,88.30,0.000
2026-08-24T07:15:00,4.030,87.50,0.000
2026-08-24T07:00:00,4.040,85.70,0.000
2026-08-24T06:45:00,4.040,89.50,0.000
2026-08-24T06:30:00,4.040,88.70,0.000
2026-08-24T06:15:00,4.040,89.40,0.000
2026-08-24T06:00:00,4.040,89.20,0.000
2026-08-24T05:45:00,4.050,92.10,0.000
2026-08-24T05:30:00,4.050,88.10,0.000
2026-08-24T05:15:00,4.050,89.10,0.000
2026-08-24T05:00:00,4.050,89.40,0.000
2026-08-24T04:45:00,4.050,90.20,0.000
2026-08-24T04:30:00,4.060,90.60,0.000
2026-08-24T04:15:00,4.060,91.00,0.000
2026-08-24T04:00:00,4.060,88.90,0.000
2026-08-24T03:45:00,4.060,93.20,0.000
2026-08-24T03:30:00,4.070,97.40,0.000
2026-08-24T03:15:00,4.070,92.80,0.000
2026-08-24T03:00:00,4.070,94.00,0.000
2026-08-24T02:45:00,4.070,95.00,0.000
2026-08-24T02:30:00,4.070,92.00,0.000
2026-08-24T02:15:00,4.070,90.60,0.000
2026-08-24T02:00:00,4.070,90.70,0.000
2026-08-24T01:45:00,4.070,96.70,0.000
2026-08-24T01:30:00,4.080,93.00,0.000
2026-08-24T01:15:00,4.080,95.20,0.000
2026-08-24T01:00:00,4.080,94.80,0.000
2026-08-24T00:45:00,4.080,95.20,0.000
2026-08-24T00:30:00,4.090,96.10,0.000
2026-08-24T00:15:00,4.090,92.60,0.000
2026-08-24T00:00:00,4.090,94.80,0.000
2026-09-06T23:45:00,4.250,158.70,0.000
2026-09-06T23:30:00,4.200,155.70,0.000
2026-09-06T23:15:00,4.180,153.40,0.000
2026-09-06T23:00:00,4.160,138.90,0.000
2026-09-06T22:45:00,4.140,136.40,0.000
2026-09-06T22:30:00,4.110,125.30,0.000
2026-09-06T22:15:00,4.090,122.10,0.000
2026-09-06T22:00:00,4.080,121.50,0.500
2026-09-06T21:45:00,4.080,115.10,0.000
2026-09-06T21:30:00,4.130,106.30,0.000
2026-09-06T21:15:00,4.110,103.80,0.500
2026-09-06T21:00:00,4.090,110.90,0.000
2026-09-06T20:45:00,4.080,0.00,0.500
2026-09-06T20:30:00,4.060,0.00,1.500
2026-09-06T20:15:00,4.020,0.00,13.000
2026-09-06T20:00:00,4.000,85.40,7.000
2026-09-06T19:45:00,3.990,82.90,0.000
2026-09-06T19:30:00,3.990,78.30,0.000
2026-09-06T19:15:00,3.970,85.20,0.000
2026-09-06T19:00:00,3.970,95.40,2.500
2026-09-06T18:45:00,3.960,86.20,6.000
2026-09-06T18:30:00,3.950,86.90,2.500
2026-09-06T18:15:00,3.950,65.90,4.500
2026-09-06T18:00:00,3.950,72.50,0.000
2026-09-06T17:45:00,3.950,66.60,0.000
2026-09-06T17:30:00,3.940,68.40,0.000
2026-09-06T17:15:00,3.950,67.10,0.000
2026-09-06T17:00:00,3.950,62.90,0.000
2026-09-06T16:45:00,3.950,66.80,0.000
2026-09-06T16:30:00,3.950,69.50,0.000
2026-09-06T16:15:00,3.950,67.30,0.000
2026-09-06T16:00:00,3.950,69.10,0.000
2026-09-06T15:45:00,3.950,69.50,0.000
2026-09-06T15:30:00,3.950,71.60,0.000
2026-09-06T15:15:00,3.960,75.10,0.000
2026-09-06T15:00:00,3.960,69.60,0.000
2026-09-06T14:45:00,3.950,70.10,0.000
2026-09-06T14:30:00,3.960,68.80,0.000
2026-09-06T14:15:00,3.960,70.00,0.000
2026-09-06T14:00:00,3.960,70.80,0.000
2026-09-06T13:45:00,3.960,72.60,0.000
2026-09-06T13:30:00,3.960,69.00,0.000
2026-09-06T13:15:00,3.960,75.70,0.000
2026-09-06T13:00:00,3.960,75.10,0.000
2026-09-06T12:45:00,3.960,75.80,0.000
2026-09-06T12:30:00,3.960,68.80,0.000
2026-09-06T12:15:00,3.960,63.60,0.000
2026-09-06T12:00:00,3.970,72.50,0.000
2026-09-06T11:45:00,3.970,66.80,0.000
2026-09-06T11:30:00,3.970,64.30,0.000
2026-09-06T11:15:00,3.970,65.40,0.000
2026-09-06T11:00:00,3.970,67.50,0.000
2026-09-06T10:45:00,3.970,73.00,0.000
2026-09-06T10:30:00,3.970,68.40,0.000
2026-09-06T10:15:00,3.970,68.80,0.000
2026-09-06T10:00:00,3.970,68.80,0.000
2026-09-06T09:45:00,3.970,73.70,0.000
2026-09-06T09:30:00,3.970,73.50,0.000
2026-09-06T09:15:00,3.980,75.30,0.500
2026-09-06T09:00:00,3.980,69.80,0.000
2026-09-06T08:45:00,3.970,73.10,0.000
2026-09-06T08:30:00,3.980,75.20,0.000
2026-09-06T08:15:00,3.980,73.80,0.000
2026-09-06T08:00:00,3.980,70.20,0.000
2026-09-06T07:45:00,3.980,72.40,0.000
2026-09-06T07:30:00,3.980,72.50,0.000
2026-09-06T07:15:00,3.980,74.70,0.000
2026-09-06T07:00:00,3.980,75.60,0.000
2026-09-06T06:45:00,3.980,74.60,0.000
2026-09-06T06:30:00,3.980,74.40,0.000
2026-09-06T06:15:00,3.980,72.60,0.000
2026-09-06T06:00:00,3.980,75.50,0.000
2026-09-06T05:45:00,3.980,73.00,0.000
2026-09-06T05:30:00,3.980,73.80,0.000
2026-09-06T05:15:00,3.980,79.10,0.000
2026-09-06T05:00:00,3.980,73.50,0.000
2026-09-06T04:45:00,3.980,72.90,0.000
2026-09-06T04:30:00,3.980,77.50,0.000
2026-09-06T04:15:00,3.980,74.50,0.000
2026-09-06T04:00:00,3.980,75.50,0.000
2026-09-06T03:45:00,3.970,73.20,0.000
2026-09-06T03:30:00,3.980,76.70,0.000
2026-09-06T03:15:00,3.970,74.10,0.000
2026-09-06T03:00:00,3.980,76.50,0.000
2026-09-06T02:45:00,3.970,74.40,0.000
2026-09-06T02:30:00,3.970,76.30,0.000
2026-09-06T02:15:00,3.970,78.60,0.000
2026-09-06T02:00:00,3.970,73.50,0.000
2026-09-06T01:45:00,3.970,73.70,0.000
2026-09-06T01:30:00,3.970,74.10,0.000
2026-09-06T01:15:00,3.970,79.60,0.000
2026-09-06T01:00:00,3.970,78.60,0.000
2026-09-06T00:45:00,3.970,74.10,0.000
2026-09-06T00:30:00,3.970,76.10,0.000
2026-09-06T00:15:00,3.970,78.20,0.000
2026-09-06T00:00:00,3.970,85.00,0.000
2026-09-05T23:45:00,3.970,71.20,0.000
2026-09-05T23:30:00,3.980,74.00,0.000
2026-09-05T23:15:00,3.970,83.70,0.000
2026-09-05T23:00:00,3.970,84.30,0.500
2026-09-05T22:45:00,3.970,82.10,0.000
2026-09-05T22:30:00,3.970,84.90,0.000
2026-09-05T22:15:00,3.970,83.40,0.000
2026-09-05T22:00:00,3.970,81.50,0.500
2026-09-05T21:45:00,3.970,76.70,0.000
2026-09-05T21:30:00,3.970,82.50,0.000
2026-09-05T21:15:00,3.970,87.40,0.500
2026-09-05T21:00:00,3.970,87.40,1.000
2026-09-05T20:45:00,3.960,83.40,1.000
2026-09-05T20:30:00,3.960,53.80,1.000
2026-09-05T20:15:00,3.960,70.70,0.000
2026-09-05T20:00:00,3.960,69.60,0.000
2026-09-05T19:45:00,3.960,70.90,0.000
2026-09-05T19:30:00,3.970,71.50,0.000
2026-09-05T19:15:00,3.970,71.60,0.000
2026-09-05T19:00:00,3.970,73.10,0.000
2026-09-05T18:45:00,3.970,74.40,0.000
2026-09-05T18:30:00,3.970,73.20,0.000
2026-09-05T18:15:00,3.970,74.00,0.000
2026-09-05T18:00:00,3.970,76.00,0.000
2026-09-05T17:45:00,3.970,73.80,0.000
2026-09-05T17:30:00,3.970,73.20,0.000
2026-09-05T17:15:00,3.970,75.70,0.000
2026-09-05T17:00:00,3.970,73.00,0.000
2026-09-05T16:45:00,3.980,75.30,0.000
2026-09-05T16:30:00,3.970,76.90,0.000
2026-09-05T16:15:00,3.980,74.70,0.000
2026-09-05T16:00:00,3.970,74.90,0.000
2026-09-05T15:45:00,3.970,73.90,0.000
2026-09-05T15:30:00,3.980,74.70,0.000
2026-09-05T15:15:00,3.980,78.20,0.000
2026-09-05T15:00:00,3.980,77.00,0.000
2026-09-05T14:45:00,3.980,75.60,0.000
2026-09-05T14:30:00,3.980,74.80,0.000
2026-09-05T14:15:00,3.990,70.00,0.000
2026-09-05T14:00:00,3.990,74.20,0.000
2026-09-05T13:45:00,3.990,85.10,0.000
2026-09-05T13:30:00,3.990,82.30,0.000
2026-09-05T13:15:00,3.990,73.40,0.000
2026-09-05T13:00:00,3.990,73.50,0.000
2026-09-05T12:45:00,3.990,72.30,0.000
2026-09-05T12:30:00,3.990,70.10,0.000
2026-09-05T12:15:00,4.000,75.50,0.000
2026-09-05T12:00:00,4.000,77.10,0.000
2026-09-05T11:45:00,4.000,78.40,0.000
2026-09-05T11:30:00,4.000,74.50,0.000
2026-09-05T11:15:00,4.000,82.90,0.000
2026-09-05T11:00:00,4.000,76.90,0.000
2026-09-05T10:45:00,4.000,76.90,0.000
2026-09-05T10:30:00,4.010,81.20,0.000
2026-09-05T10:15:00,4.010,72.60,0.000
2026-09-05T10:00:00,4.010,81.50,0.000
2026-09-05T09:45:00,4.010,78.10,0.000
2026-09-05T09:30:00,4.010,77.50,0.000
2026-09-05T09:15:00,4.010,80.70,0.000
2026-09-05T09:00:00,4.010,78.50,0.000
2026-09-05T08:45:00,4.010,81.30,0.000
2026-09-05T08:30:00,4.020,84.00,0.000
2026-09-05T08:15:00,4.010,78.70,0.000
2026-09-05T08:00:00,4.020,79.50,0.000
2026-09-05T07:45:00,4.020,80.60,0.000
2026-09-05T07:30:00,4.020,79.60,0.000
2026-09-05T07:15:00,4.020,81.50,0.000
2026-09-05T07:00:00,4.020,82.10,0.000
2026-09-05T06:45:00,4.020,81.20,0.000
2026-09-05T06:30:00,4.020,79.40,0.000
2026-09-05T06:15:00,4.030,82.00,0.000
2026-09-05T06:00:00,4.020,80.40,0.000
2026-09-05T05:45:00,4.030,78.90,0.000
2026-09-05T05:30:00,4.030,82.20,0.000
2026-09-05T05:15:00,4.030,81.30,0.000
2026-09-05T05:00:00,4.030,79.30,0.000
2026-09-05T04:45:00,4.030,80.90,0.000
2026-09-05T04:30:00,4.030,78.80,0.000
2026-09-05T04:15:00,4.030,81.60,0.000
2026-09-05T04:00:00,4.030,83.50,0.000
2026-09-05T03:45:00,4.030,85.00,0.000
2026-09-05T03:30:00,4.040,81.90,0.000
2026-09-05T03:15:00,4.040,81.80,0.000
2026-09-05T03:00:00,4.040,85.60,0.000
2026-09-05T02:45:00,4.040,85.40,0.000
2026-09-05T02:30:00,4.040,82.60,0.000
2026-09-05T02:15:00,4.040,83.00,0.000
2026-09-05T02:00:00,4.040,82.50,0.000
2026-09-05T01:45:00,4.040,77.70,0.000
2026-09-05T01:30:00,4.040,84.90,0.000
2026-09-05T01:15:00,4.050,84.80,0.000
2026-09-05T01:00:00,4.050,82.30,0.000
2026-09-05T00:45:00,4.050,84.50,0.000
2026-09-05T00:30:00,4.050,83.50,0.000
2026-09-05T00:15:00,4.050,85.00,0.000
2026-09-05T00:00:00,4.050,82.20,0.000
2026-09-04T23:45:00,4.050,83.00,0.000
2026-09-04T23:30:00,4.050,87.80,0.000
2026-09-04T23:15:00,4.050,83.00,0.000
2026-09-04T23:00:00,4.060,83.30,0.000
2026-09-04T22:45:00,4.060,86.10,0.000
2026-09-04T22:30:00,4.060,87.00,0.000
2026-09-04T22:15:00,4.060,85.90,0.000
2026-09-04T22:00:00,4.060,84.10,0.000
2026-09-04T21:45:00,4.060,82.40,0.000
2026-09-04T21:30:00,4.060,84.10,0.000
2026-09-04T21:15:00,4.060,82.50,0.000
2026-09-04T21:00:00,4.060,82.60,0.000
2026-09-04T20:45:00,4.070,85.60,0.000
2026-09-04T20:30:00,4.060,86.20,0.000
2026-09-04T20:15:00,4.070,88.10,0.000
2026-09-04T20:00:00,4.070,87.50,0.000
2026-09-04T19:45:00,4.070,87.50,0.000
2026-09-04T19:30:00,4.070,90.00,0.000
2026-09-04T19:15:00,4.070,87.50,0.000
2026-09-04T19:00:00,4.070,87.60,0.000
2026-09-04T18:45:00,4.070,84.90,0.000
2026-09-04T18:30:00,4.070,84.50,0.000
2026-09-04T18:15:00,4.070,86.30,0.000
2026-09-04T18:00:00,4.070,88.20,0.000
2026-09-04T17:45:00,4.070,84.70,0.000
2026-09-04T17:30:00,4.070,90.20,0.000
2026-09-04T17:15:00,4.080,84.10,0.000
2026-09-04T17:00:00,4.080,76.70,0.000
2026-09-04T16:45:00,4.080,87.90,0.000
2026-09-04T16:30:00,4.080,84.20,0.000
2026-09-04T16:15:00,4.090,83.00,0.000
2026-09-04T16:00:00,4.090,86.20,0.000
2026-09-04T15:45:00,4.090,82.50,0.000
2026-09-04T15:30:00,4.090,88.90,0.000
2026-09-04T15:15:00,4.090,89.70,0.000
2026-09-04T15:00:00,4.090,87.50,0.000
2026-09-04T14:45:00,4.090,83.70,0.000
2026-09-04T14:30:00,4.090,88.40,0.000
2026-09-04T14:15:00,4.090,86.70,0.000
2026-09-04T14:00:00,4.090,85.70,0.000
2026-09-04T13:45:00,4.090,91.50,0.000
2026-09-04T13:30:00,4.090,88.00,0.000
2026-09-04T13:15:00,4.100,92.00,0.000
2026-09-04T13:00:00,4.090,85.70,0.000
2026-09-04T12:45:00,4.100,88.20,0.000
2026-09-04T12:30:00,4.100,92.60,0.000
2026-09-04T12:15:00,4.100,94.50,0.000
2026-09-04T12:00:00,4.100,99.00,0.000
2026-09-04T11:45:00,4.100,84.50,0.000
2026-09-04T11:30:00,4.100,86.30,0.000
2026-09-04T11:15:00,4.100,86.70,0.000
2026-09-04T11:00:00,4.100,95.70,0.000
2026-09-04T10:45:00,4.110,93.40,0.000
2026-09-04T10:30:00,4.100,96.70,0.000
2026-09-04T10:15:00,4.110,93.40,0.000
2026-09-04T10:00:00,4.110,88.60,0.000
2026-09-04T09:45:00,4.110,93.80,0.000
2026-09-04T09:30:00,4.100,90.50,0.000
2026-09-04T09:15:00,4.110,90.70,0.000
2026-09-04T09:00:00,4.110,86.40,0.000
2026-09-04T08:45:00,4.110,94.50,0.000
2026-09-04T08:30:00,4.110,91.10,0.000
2026-09-04T08:15:00,4.110,94.50,0.000
2026-09-04T08:00:00,4.110,94.50,0.000
2026-09-04T07:45:00,4.110,93.80,0.000
2026-09-04T07:30:00,4.110,95.00,0.000
2026-09-04T07:15:00,4.110,89.50,0.000
2026-09-04T07:00:00,4.110,97.30,0.000
2026-09-04T06:45:00,4.110,93.20,0.000
2026-09-04T06:30:00,4.110,91.80,0.000
2026-09-04T06:15:00,4.110,93.10,0.000
2026-09-04T06:00:00,4.110,92.70,0.000
2026-09-04T05:45:00,4.110,92.60,0.000
2026-09-04T05:30:00,4.100,93.90,0.000
2026-09-04T05:15:00,4.110,95.10,0.000
2026-09-04T05:00:00,4.100,95.60,0.000
2026-09-04T04:45:00,4.100,92.50,0.000
2026-09-04T04:30:00,4.100,93.80,0.000
2026-09-04T04:15:00,4.100,91.70,0.000
2026-09-04T04:00:00,4.100,95.60,0.000
2026-09-04T03:45:00,4.100,96.60,0.000
2026-09-04T03:30:00,4.100,92.00,0.000
2026-09-04T03:15:00,4.100,91.60,0.000
2026-09-04T03:00:00,4.090,94.40,0.000
2026-09-04T02:45:00,4.090,92.20,0.000
2026-09-04T02:30:00,4.090,89.90,0.000
2026-09-04T02:15:00,4.090,90.20,0.000
2026-09-04T02:00:00,4.090,88.60,0.000
2026-09-04T01:45:00,4.090,91.60,0.000
2026-09-04T01:30:00,4.090,93.80,0.000
2026-09-04T01:15:00,4.090,90.50,0.000
2026-09-04T01:00:00,4.080,91.70,0.000
2026-09-04T00:45:00,4.080,85.50,0.000
2026-09-04T00:30:00,4.080,91.30,0.000
2026-09-04T00:15:00,4.080,87.50,0.000
2026-09-04T00:00:00,4.080,89.90,0.000
2026-09-03T23:45:00,4.080,88.60,0.000
2026-09-03T23:30:00,4.080,88.60,0.000
2026-09-03T23:15:00,4.080,85.90,0.000
2026-09-03T23:00:00,4.070,88.70,0.000
2026-09-03T22:45:00,4.070,98.00,0.500
2026-09-03T22:30:00,4.070,93.70,0.000
2026-09-03T22:15:00,4.060,86.80,0.000
2026-09-03T22:00:00,4.060,98.70,0.000
2026-09-03T21:45:00,4.060,105.90,0.500
2026-09-03T21:30:00,4.050,101.10,3.500
2026-09-03T21:15:00,4.040,98.40,7.000
2026-09-03T21:00:00,4.040,83.20,0.500
2026-09-03T20:45:00,4.030,70.80,0.000
2026-09-03T20:30:00,4.030,86.60,0.000
2026-09-03T20:15:00,4.030,82.50,0.000
2026-09-03T20:00:00,4.030,85.60,0.000
2026-09-03T19:45:00,4.020,88.80,0.500
2026-09-03T19:30:00,4.020,86.30,0.000
2026-09-03T19:15:00,4.020,85.10,0.000
2026-09-03T19:00:00,4.010,80.70,0.000
2026-09-03T18:45:00,4.010,83.70,0.000
2026-09-03T18:30:00,4.000,84.60,0.000
2026-09-03T18:15:00,4.000,84.70,0.000
2026-09-03T18:00:00,3.990,82.30,0.000
2026-09-03T17:45:00,3.980,82.60,0.000
2026-09-03T17:30:00,3.980,82.20,0.000
2026-09-03T17:15:00,3.970,83.20,0.000
2026-09-03T17:00:00,3.960,77.80,0.000
2026-09-03T16:45:00,3.960,82.40,0.000
2026-09-03T16:30:00,3.950,76.10,0.000
2026-09-03T16:15:00,3.940,76.20,0.000
2026-09-03T16:00:00,3.900,74.80,0.000
2026-09-03T15:45:00,3.910,75.60,0.000
2026-09-03T15:30:00,3.900,85.00,0.000
2026-09-03T15:15:00,3.910,79.80,0.000
2026-09-03T15:00:00,3.910,81.40,0.000
2026-09-03T14:45:00,3.910,82.60,0.000
2026-09-03T14:30:00,3.910,81.60,0.000
2026-09-03T14:15:00,3.910,86.10,0.000
2026-09-03T14:00:00,3.920,84.60,0.000
2026-09-03T13:45:00,3.920,81.60,0.000
2026-09-03T13:30:00,3.920,84.60,0.000
2026-09-03T13:15:00,3.920,79.30,0.000
2026-09-03T13:00:00,3.920,82.70,0.000
2026-09-03T12:45:00,3.930,87.00,0.000
2026-09-03T12:30:00,3.930,82.90,0.000
2026-09-03T12:15:00,3.930,85.50,0.000
2026-09-03T12:00:00,3.940,86.80,0.000
2026-09-03T11:45:00,3.940,83.70,0.000
2026-09-03T11:30:00,3.940,83.50,0.000
2026-09-03T11:15:00,3.940,85.20,0.000
2026-09-03T11:00:00,3.940,85.10,0.000
2026-09-03T10:45:00,3.940,87.00,0.000
2026-09-03T10:30:00,3.950,87.70,0.000
2026-09-03T10:15:00,3.950,91.80,0.000
2026-09-03T10:00:00,3.950,88.50,0.000
2026-09-03T09:45:00,3.950,88.60,0.000
2026-09-03T09:30:00,3.960,87.10,0.000
2026-09-03T09:15:00,3.960,86.90,0.000
2026-09-03T09:00:00,3.960,90.20,0.000
2026-09-03T08:45:00,3.960,94.60,0.000
2026-09-03T08:30:00,3.960,90.90,0.000
2026-09-03T08:15:00,3.960,87.90,0.000
2026-09-03T08:00:00,3.970,89.40,0.000
2026-09-03T07:45:00,3.970,91.20,0.000
2026-09-03T07:30:00,3.970,94.40,0.000
2026-09-03T07:15:00,3.970,90.50,0.000
2026-09-03T07:00:00,3.970,91.50,0.000
2026-09-03T06:45:00,3.970,94.80,0.000
2026-09-03T06:30:00,3.980,93.40,0.000
2026-09-03T06:15:00,3.980,92.10,0.000
2026-09-03T06:00:00,3.980,92.60,0.000
2026-09-03T05:45:00,3.980,93.60,0.000
2026-09-03T05:30:00,3.980,95.20,0.000
2026-09-03T05:15:00,3.980,95.00,0.000
2026-09-03T05:00:00,3.990,95.00,0.000
2026-09-03T04:45:00,3.980,95.70,0.000
2026-09-03T04:30:00,3.990,94.20,0.000
2026-09-03T04:15:00,3.990,93.10,0.000
2026-09-03T04:00:00,4.000,96.30,0.000
2026-09-03T03:45:00,3.990,93.00,0.000
2026-09-03T03:30:00,3.990,94.60,0.000
2026-09-03T03:15:00,4.000,95.60,0.000
2026-09-03T03:00:00,3.990,95.10,0.000
2026-09-03T02:45:00,4.000,96.90,0.000
2026-09-03T02:30:00,3.990,100.00,0.000
2026-09-03T02:15:00,3.990,97.10,0.000
2026-09-03T02:00:00,4.000,99.70,0.000
2026-09-03T01:45:00,4.000,97.50,0.000
2026-09-03T01:30:00,4.000,95.30,0.000
2026-09-03T01:15:00,4.000,98.30,0.000
2026-09-03T01:00:00,4.000,95.20,0.000
2026-09-03T00:45:00,4.010,94.30,0.000
2026-09-03T00:30:00,4.010,96.00,0.000
2026-09-03T00:15:00,4.000,96.00,0.000
2026-09-03T00:00:00,4.010,102.00,0.000
2026-09-02T23:45:00,4.010,97.60,0.000
2026-09-02T23:30:00,4.010,100.00,0.000
2026-09-02T23:15:00,4.010,94.20,0.000
2026-09-02T23:00:00,4.000,99.10,0.000
2026-09-02T22:45:00,4.010,101.60,0.000
2026-09-02T22:30:00,4.000,95.00,0.000
2026-09-02T22:15:00,4.000,96.50,0.000
2026-09-02T22:00:00,4.000,99.60,0.000
2026-09-02T21:45:00,4.000,97.20,0.000
2026-09-02T21:30:00,4.000,98.80,0.000
2026-09-02T21:15:00,4.000,95.60,0.000
2026-09-02T21:00:00,4.000,97.30,0.000
2026-09-02T20:45:00,3.990,96.60,0.000
2026-09-02T20:30:00,4.000,98.40,0.000
2026-09-02T20:15:00,3.990,96.10,0.000
2026-09-02T20:00:00,3.990,94.60,0.000
2026-09-02T19:45:00,3.990,97.90,0.000
2026-09-02T19:30:00,3.990,98.70,0.000
2026-09-02T19:15:00,3.990,94.50,0.000
2026-09-02T19:00:00,3.990,96.80,0.000
2026-09-02T18:45:00,3.980,95.70,0.000
2026-09-02T18:30:00,3.970,95.30,0.000
2026-09-02T18:15:00,3.980,94.70,0.000
2026-09-02T18:00:00,3.970,93.40,0.000
2026-09-02T17:45:00,3.980,90.30,0.000
2026-09-02T17:30:00,3.980,93.20,0.000
2026-09-02T17:15:00,3.970,92.30,0.000
2026-09-02T17:00:00,3.970,91.40,0.000
2026-09-02T16:45:00,3.970,91.40,0.000
2026-09-02T16:30:00,3.970,91.00,0.000
2026-09-02T16:15:00,3.970,91.00,0.000
2026-09-02T16:00:00,3.960,92.60,0.000
2026-09-02T15:45:00,3.950,90.70,0.000
2026-09-02T15:30:00,3.950,95.70,0.000
2026-09-02T15:15:00,3.950,91.60,0.000
2026-09-02T15:00:00,3.950,93.50,0.000
2026-09-02T14:45:00,3.950,91.10,0.000
2026-09-02T14:30:00,3.950,95.50,0.000
2026-09-02T14:15:00,3.950,95.80,0.000
2026-09-02T14:00:00,3.950,95.00,0.000
2026-09-02T13:45:00,3.950,98.90,0.000
2026-09-02T13:30:00,3.950,95.00,0.000
2026-09-02T13:15:00,3.950,97.70,0.000
2026-09-02T13:00:00,3.950,97.20,0.000
2026-09-02T12:45:00,3.940,95.70,0.000
2026-09-02T12:30:00,3.960,101.20,0.000
2026-09-02T12:15:00,3.940,97.80,0.000
2026-09-02T12:00:00,3.960,100.40,0.000
2026-09-02T11:45:00,3.960,99.30,0.000
2026-09-02T11:30:00,3.960,98.40,0.000
2026-09-02T11:15:00,3.970,101.60,0.000
2026-09-02T11:00:00,3.980,102.70,0.000
2026-09-02T10:45:00,3.990,101.60,0.000
2026-09-02T10:30:00,3.980,102.50,0.000
2026-09-02T10:15:00,3.980,103.40,0.000
2026-09-02T10:00:00,3.980,104.70,0.000
2026-09-02T09:45:00,3.980,101.90,0.000
2026-09-02T09:30:00,3.990,101.90,0.000
2026-09-02T09:15:00,3.990,105.80,0.000
2026-09-02T09:00:00,3.990,105.70,0.000
2026-09-02T08:45:00,3.990,110.30,0.000
2026-09-02T08:30:00,4.000,107.10,0.000
2026-09-02T08:15:00,4.000,109.10,0.000
2026-09-02T08:00:00,4.000,107.50,0.000
2026-09-02T07:45:00,4.000,109.80,0.000
2026-09-02T07:30:00,4.000,109.90,0.000
2026-09-02T07:15:00,4.010,109.10,0.000
2026-09-02T07:00:00,4.010,105.10,0.000
2026-09-02T06:45:00,4.010,108.30,0.000
2026-09-02T06:30:00,4.000,106.40,0.000
2026-09-02T06:15:00,4.010,105.50,0.000
2026-09-02T06:00:00,4.010,109.90,0.000
2026-09-02T05:45:00,4.020,109.60,0.000
2026-09-02T05:30:00,4.010,105.50,0.000
2026-09-02T05:15:00,4.020,110.40,0.000
2026-09-02T05:00:00,4.020,112.10,0.000
2026-09-02T04:45:00,4.020,109.50,0.000
2026-09-02T04:30:00,4.010,112.20,0.000
2026-09-02T04:15:00,4.020,110.90,0.000
2026-09-02T04:00:00,4.020,110.30,0.000
2026-09-02T03:45:00,0.000,110.90,-
2026-09-02T03:30:00,4.020,113.30,0.000
2026-09-02T03:15:00,4.020,110.70,0.000
2026-09-02T03:00:00,4.010,112.30,0.000
2026-09-02T02:45:00,4.010,109.80,0.000
2026-09-02T02:30:00,4.010,111.70,0.000
2026-09-02T02:15:00,4.010,112.20,0.000
2026-09-02T02:00:00,4.000,109.60,0.000
2026-09-02T01:45:00,4.000,108.50,0.000
2026-09-02T01:30:00,4.000,110.40,0.000
2026-09-02T01:15:00,4.000,109.10,0.000
2026-09-02T01:00:00,3.990,106.00,0.000
2026-09-02T00:45:00,3.990,106.80,0.000
2026-09-02T00:30:00,3.990,105.50,0.000
2026-09-02T00:15:00,3.990,106.00,0.000
2026-09-02T00:00:00,3.990,105.20,0.000
2026-09-01T23:45:00,3.980,106.10,0.000
2026-09-01T23:30:00,3.980,102.20,0.000
2026-09-01T23:15:00,3.980,104.70,0.000
2026-09-01T23:00:00,3.980,101.90,0.000
2026-09-01T22:45:00,3.990,104.50,0.000
2026-09-01T22:30:00,3.980,104.60,0.000
2026-09-01T22:15:00,3.980,103.10,0.000
2026-09-01T22:00:00,3.990,104.00,0.000
2026-09-01T21:45:00,3.990,105.80,0.000
2026-09-01T21:30:00,3.990,103.50,0.000
2026-09-01T21:15:00,3.990,104.00,0.500
2026-09-01T21:00:00,3.990,108.10,0.000
2026-09-01T20:45:00,4.000,103.70,0.000
2026-09-01T20:30:00,4.010,108.10,0.000
2026-09-01T20:15:00,4.010,106.30,0.000
2026-09-01T20:00:00,4.000,107.80,0.000
2026-09-01T19:45:00,4.010,102.10,0.000
2026-09-01T19:30:00,4.010,106.80,0.000
2026-09-01T19:15:00,4.010,105.40,0.000
2026-09-01T19:00:00,4.020,109.40,0.000
2026-09-01T18:45:00,4.020,109.90,0.000
2026-09-01T18:30:00,4.020,105.00,0.000
2026-09-01T18:15:00,4.020,107.00,0.000
2026-09-01T18:00:00,4.020,107.60,0.000
2026-09-01T17:45:00,4.020,108.40,0.000
2026-09-01T17:30:00,4.020,108.40,0.000
2026-09-01T17:15:00,4.030,110.90,0.000
2026-09-01T17:00:00,4.030,111.40,0.000
2026-09-01T16:45:00,4.030,109.80,0.000
2026-09-01T16:30:00,4.040,110.00,0.000
2026-09-01T16:15:00,4.030,112.20,0.000
2026-09-01T16:00:00,4.060,111.40,0.000
2026-09-01T15:45:00,4.070,111.70,0.000
2026-09-01T15:30:00,4.050,113.30,0.000
2026-09-01T15:15:00,4.040,112.40,0.000
2026-09-01T15:00:00,4.020,113.00,0.000
2026-09-01T14:45:00,4.040,110.80,0.000
2026-09-01T14:30:00,4.040,114.80,0.000
2026-09-01T14:15:00,4.040,112.90,0.000
2026-09-01T14:00:00,4.040,110.60,0.000
2026-09-01T13:45:00,4.030,119.60,0.000
2026-09-01T13:30:00,4.040,111.70,0.000
2026-09-01T13:15:00,4.040,116.30,0.000
2026-09-01T13:00:00,4.040,116.70,0.000
2026-09-01T12:45:00,4.050,117.20,0.000
2026-09-01T12:30:00,4.050,119.80,0.000
2026-09-01T12:15:00,4.040,117.20,0.000
2026-09-01T12:00:00,4.060,119.20,0.000
2026-09-01T11:45:00,4.050,117.90,0.000
2026-09-01T11:30:00,4.060,117.20,0.000
2026-09-01T11:15:00,4.060,119.60,0.000
2026-09-01T11:00:00,4.050,118.10,0.000
2026-09-01T10:45:00,4.060,117.60,0.000
2026-09-01T10:30:00,4.060,121.50,0.000
2026-09-01T10:15:00,4.070,120.00,0.000
2026-09-01T10:00:00,4.070,120.80,0.000
2026-09-01T09:45:00,4.070,123.20,0.000
2026-09-01T09:30:00,4.070,123.90,0.000
2026-09-01T09:15:00,4.070,123.40,0.000
2026-09-01T09:00:00,4.080,124.70,0.000
2026-09-01T08:45:00,4.080,124.30,0.000
2026-09-01T08:30:00,4.080,124.40,0.000
2026-09-01T08:15:00,4.080,126.10,0.000
2026-09-01T08:00:00,4.080,126.40,0.000
2026-09-01T07:45:00,4.080,127.70,0.000
2026-09-01T07:30:00,4.080,129.60,0.000
2026-09-01T07:15:00,4.080,129.80,0.000
2026-09-01T07:00:00,4.090,127.10,0.000
2026-09-01T06:45:00,4.070,130.30,0.000
2026-09-01T06:30:00,4.070,126.60,0.000
2026-09-01T06:15:00,4.060,128.70,0.000
2026-09-01T06:00:00,4.070,134.50,0.000
2026-09-01T05:45:00,4.070,130.10,0.000
2026-09-01T05:30:00,4.070,135.80,0.000
2026-09-01T05:15:00,4.080,137.00,0.000
2026-09-01T05:00:00,4.090,134.50,0.000
2026-09-01T04:45:00,4.100,138.20,0.000
2026-09-01T04:30:00,4.110,134.60,0.000
2026-09-01T04:15:00,4.110,139.70,0.000
2026-09-01T04:00:00,4.120,139.30,0.000
2026-09-01T03:45:00,4.120,141.70,0.000
2026-09-01T03:30:00,4.140,142.90,0.000
2026-09-01T03:15:00,4.140,141.20,0.000
2026-09-01T03:00:00,4.150,142.00,0.000
2026-09-01T02:45:00,4.160,148.50,0.000
2026-09-01T02:30:00,4.160,152.20,0.000
2026-09-01T02:15:00,4.170,154.60,0.000
2026-09-01T02:00:00,4.180,157.50,0.000
2026-09-01T01:45:00,4.190,154.90,0.000
2026-09-01T01:30:00,4.200,155.90,0.000
2026-09-01T01:15:00,4.200,154.20,0.000
2026-09-01T01:00:00,4.210,153.30,0.000
2026-09-01T00:45:00,4.220,160.80,0.000
2026-09-01T00:30:00,4.230,159.60,0.000
2026-09-01T00:15:00,4.240,158.50,0.000
2026-09-01T00:00:00,4.240,158.80,0.000
2026-08-31T23:45:00,4.260,160.00,0.000
2026-08-31T23:30:00,4.260,167.80,0.000
2026-08-31T23:15:00,4.270,164.40,0.000
2026-08-31T23:00:00,4.280,162.90,0.000
2026-08-31T22:45:00,4.290,165.70,0.000
2026-08-31T22:30:00,4.290,169.60,0.000
2026-08-31T22:15:00,4.300,172.60,0.000
2026-08-31T22:00:00,4.320,169.40,0.000
2026-08-31T21:45:00,4.320,176.60,0.000
2026-08-31T21:30:00,4.330,178.00,0.000
2026-08-31T21:15:00,4.340,170.40,0.000
2026-08-31T21:00:00,4.350,166.90,0.000
2026-08-31T20:45:00,4.360,181.20,0.000
2026-08-31T20:30:00,4.370,189.70,0.000
2026-08-31T20:15:00,4.380,185.70,0.000
2026-08-31T20:00:00,4.400,178.30,0.000
2026-08-31T19:45:00,4.400,189.30,0.000
2026-08-31T19:30:00,4.410,194.40,0.000
2026-08-31T19:15:00,4.420,187.30,0.000
2026-08-31T19:00:00,4.430,187.30,0.000
2026-08-31T18:45:00,4.440,194.40,0.000
2026-08-31T18:30:00,4.460,198.00,0.000
2026-08-31T18:15:00,4.470,196.30,0.000
2026-08-31T18:00:00,4.480,193.30,0.000
2026-08-31T17:45:00,4.490,207.40,0.000
2026-08-31T17:30:00,4.510,197.20,0.000
2026-08-31T17:15:00,4.530,206.70,0.000
2026-08-31T17:00:00,4.550,189.40,0.000
2026-08-31T16:45:00,4.560,191.10,0.000
2026-08-31T16:30:00,4.570,188.90,0.000
2026-08-31T16:15:00,4.590,191.50,0.000
2026-08-31T16:00:00,4.610,181.20,0.000
2026-08-31T15:45:00,4.630,197.30,0.000
2026-08-31T15:30:00,4.650,193.90,0.000
2026-08-31T15:15:00,4.670,190.70,0.000
2026-08-31T15:00:00,4.690,200.60,0.000
2026-08-31T14:45:00,4.710,195.20,0.000
2026-08-31T14:30:00,4.730,189.50,0.000
2026-08-31T14:15:00,4.750,189.70,0.000
2026-08-31T14:00:00,4.770,209.20,0.000
2026-08-31T13:45:00,4.790,193.60,0.000
2026-08-31T13:30:00,4.830,207.50,0.000
2026-08-31T13:15:00,4.850,218.30,0.000
2026-08-31T13:00:00,4.870,201.70,0.000
2026-08-31T12:45:00,4.890,200.70,0.000
2026-08-31T12:30:00,4.910,220.30,0.000
2026-08-31T12:15:00,4.930,226.70,0.000
2026-08-31T12:00:00,4.960,232.10,0.000
2026-08-31T11:45:00,4.980,237.00,0.500
2026-08-31T11:30:00,5.000,233.60,0.000
2026-08-31T11:15:00,5.020,234.30,0.000
2026-08-31T11:00:00,5.040,230.50,0.000
2026-08-31T10:45:00,5.070,249.10,0.000
2026-08-31T10:30:00,5.100,246.80,0.000
2026-08-31T10:15:00,5.110,254.10,0.000
2026-08-31T10:00:00,5.130,255.50,0.000
2026-08-31T09:45:00,5.160,264.50,0.000
2026-08-31T09:30:00,5.180,254.70,0.000
2026-08-31T09:15:00,5.210,263.00,0.000
2026-08-31T09:00:00,5.220,270.10,0.000
2026-08-31T08:45:00,5.250,267.70,0.000
2026-08-31T08:30:00,5.270,277.10,0.000
2026-08-31T08:15:00,5.290,271.90,0.000
2026-08-31T08:00:00,5.310,266.00,0.000
2026-08-31T07:45:00,5.320,267.40,0.000
2026-08-31T07:30:00,5.330,281.20,0.000
2026-08-31T07:15:00,5.340,283.50,0.000
2026-08-31T07:00:00,5.360,269.70,0.000
2026-08-31T06:45:00,5.370,274.10,0.000
2026-08-31T06:30:00,5.370,275.20,0.000
2026-08-31T06:15:00,5.370,266.30,0.000
2026-08-31T06:00:00,5.370,277.10,0.000
2026-08-31T05:45:00,5.370,279.10,0.000
2026-08-31T05:30:00,5.370,277.30,0.000
2026-08-31T05:15:00,5.360,276.20,0.000
2026-08-31T05:00:00,5.350,283.50,0.000
2026-08-31T04:45:00,5.320,289.50,0.000
2026-08-31T04:30:00,5.290,279.80,0.000
2026-08-31T04:15:00,5.270,290.50,0.000
2026-08-31T04:00:00,5.240,299.60,0.000
2026-08-31T03:45:00,5.200,288.30,0.000
2026-08-31T03:30:00,5.170,289.70,0.000
2026-08-31T03:15:00,5.130,295.00,0.500
2026-08-31T03:00:00,5.090,280.40,0.000
2026-08-31T02:45:00,5.050,287.10,0.500
2026-08-31T02:30:00,4.990,279.80,0.000
2026-08-31T02:15:00,4.960,266.60,0.000
2026-08-31T02:00:00,4.920,270.60,0.000
2026-08-31T01:45:00,4.880,265.00,0.000
2026-08-31T01:30:00,4.850,258.50,0.000
2026-08-31T01:15:00,4.800,247.90,0.000
2026-08-31T01:00:00,4.760,234.40,0.000
2026-08-31T00:45:00,4.720,235.30,0.000
2026-08-31T00:30:00,4.660,233.60,0.000
2026-08-31T00:15:00,4.600,223.90,0.000
2026-08-31T00:00:00,4.540,222.30,0.000
2026-09-13T23:45:00,4.110,102.10,0.000
2026-09-13T23:30:00,4.110,96.50,0.000
2026-09-13T23:15:00,4.120,99.10,0.000
2026-09-13T23:00:00,4.120,101.90,0.000
2026-09-13T22:45:00,4.120,101.90,0.000
2026-09-13T22:30:00,4.120,94.60,0.000
2026-09-13T22:15:00,4.120,98.80,0.000
2026-09-13T22:00:00,4.120,96.60,0.000
2026-09-13T21:45:00,4.120,97.30,0.000
2026-09-13T21:30:00,4.120,100.20,0.000
2026-09-13T21:15:00,4.120,98.00,0.000
2026-09-13T21:00:00,4.120,98.20,0.000
2026-09-13T20:45:00,4.120,101.10,0.000
2026-09-13T20:30:00,4.120,101.80,0.000
2026-09-13T20:15:00,4.120,99.90,0.000
2026-09-13T20:00:00,4.130,101.00,0.000
2026-09-13T19:45:00,4.120,100.80,0.000
2026-09-13T19:30:00,4.130,100.40,0.000
2026-09-13T19:15:00,4.120,101.40,0.000
2026-09-13T19:00:00,4.130,102.30,0.000
2026-09-13T18:45:00,4.130,98.90,0.000
2026-09-13T18:30:00,4.130,99.70,0.000
2026-09-13T18:15:00,4.130,100.60,0.000
2026-09-13T18:00:00,4.130,101.10,0.000
2026-09-13T17:45:00,4.130,99.70,0.000
2026-09-13T17:30:00,4.130,102.40,0.000
2026-09-13T17:15:00,4.130,98.80,0.000
2026-09-13T17:00:00,4.130,103.80,0.000
2026-09-13T16:45:00,4.130,98.10,0.000
2026-09-13T16:30:00,4.130,101.10,0.000
2026-09-13T16:15:00,4.130,100.50,0.000
2026-09-13T16:00:00,4.130,96.80,0.000
2026-09-13T15:45:00,4.130,97.10,0.000
2026-09-13T15:30:00,4.130,102.00,0.000
2026-09-13T15:15:00,4.130,100.60,0.000
2026-09-13T15:00:00,4.130,100.50,0.000
2026-09-13T14:45:00,4.120,98.30,0.000
2026-09-13T14:30:00,4.120,102.40,0.000
2026-09-13T14:15:00,4.120,99.30,0.000
2026-09-13T14:00:00,4.120,113.20,0.000
2026-09-13T13:45:00,4.120,95.70,0.000
2026-09-13T13:30:00,4.120,96.50,0.000
2026-09-13T13:15:00,4.120,96.60,0.000
2026-09-13T13:00:00,4.120,98.70,0.000
2026-09-13T12:45:00,4.110,98.50,0.000
2026-09-13T12:30:00,4.110,98.60,0.000
2026-09-13T12:15:00,4.110,97.20,0.000
2026-09-13T12:00:00,4.110,93.90,0.000
2026-09-13T11:45:00,4.110,98.10,0.000
2026-09-13T11:30:00,4.100,100.00,0.000
2026-09-13T11:15:00,4.100,97.80,0.000
2026-09-13T11:00:00,4.100,99.20,0.000
2026-09-13T10:45:00,4.090,97.80,0.000
2026-09-13T10:30:00,4.090,99.40,0.000
2026-09-13T10:15:00,4.080,99.70,0.000
2026-09-13T10:00:00,4.080,100.40,0.000
2026-09-13T09:45:00,4.070,98.60,0.000
2026-09-13T09:30:00,4.070,96.10,0.000
2026-09-13T09:15:00,4.060,97.20,0.000
2026-09-13T09:00:00,4.050,98.40,0.000
2026-09-13T08:45:00,4.030,96.20,0.000
2026-09-13T08:30:00,4.030,95.90,0.000
2026-09-13T08:15:00,4.030,100.20,0.000
2026-09-13T08:00:00,4.030,102.00,0.000
2026-09-13T07:45:00,4.030,101.50,0.000
2026-09-13T07:30:00,4.030,102.20,0.000
2026-09-13T07:15:00,4.030,100.80,0.000
2026-09-13T07:00:00,4.030,99.60,0.000
2026-09-13T06:45:00,4.030,96.60,0.000
2026-09-13T06:30:00,4.030,100.60,0.000
2026-09-13T06:15:00,4.030,97.80,0.000
2026-09-13T06:00:00,4.030,101.10,0.000
2026-09-13T05:45:00,4.030,99.70,0.000
2026-09-13T05:30:00,4.030,102.60,0.000
2026-09-13T05:15:00,4.030,103.60,0.000
2026-09-13T05:00:00,4.040,103.10,0.000
2026-09-13T04:45:00,4.040,104.40,0.000
2026-09-13T04:30:00,4.050,105.90,0.000
2026-09-13T04:15:00,4.050,104.30,0.000
2026-09-13T04:00:00,4.050,106.00,0.000
2026-09-13T03:45:00,4.060,105.40,0.000
2026-09-13T03:30:00,4.060,107.10,0.000
2026-09-13T03:15:00,4.060,110.30,0.000
2026-09-13T03:00:00,4.070,108.50,0.000
2026-09-13T02:45:00,4.070,109.00,0.000
2026-09-13T02:30:00,4.070,107.80,0.000
2026-09-13T02:15:00,4.080,106.60,0.000
2026-09-13T02:00:00,4.080,111.70,0.000
2026-09-13T01:45:00,4.080,109.20,0.000
2026-09-13T01:30:00,4.080,112.60,0.000
2026-09-13T01:15:00,4.080,112.70,0.000
2026-09-13T01:00:00,4.080,114.00,0.000
2026-09-13T00:45:00,4.090,111.10,0.000
2026-09-13T00:30:00,4.100,113.90,0.000
2026-09-13T00:15:00,4.100,115.60,0.000
2026-09-13T00:00:00,4.100,115.70,0.000
2026-09-12T23:45:00,4.100,117.50,0.000
2026-09-12T23:30:00,4.110,114.10,0.000
2026-09-12T23:15:00,4.110,114.90,0.000
2026-09-12T23:00:00,4.110,117.90,0.000
2026-09-12T22:45:00,4.120,118.10,0.000
2026-09-12T22:30:00,4.120,115.80,0.000
2026-09-12T22:15:00,4.120,119.20,0.000
2026-09-12T22:00:00,4.120,117.10,0.000
2026-09-12T21:45:00,4.120,117.30,0.000
2026-09-12T21:30:00,4.130,122.70,0.000
2026-09-12T21:15:00,4.140,120.40,0.000
2026-09-12T21:00:00,4.140,117.90,0.000
2026-09-12T20:45:00,4.140,115.00,0.000
2026-09-12T20:30:00,4.150,118.90,0.000
2026-09-12T20:15:00,4.140,117.30,0.000
2026-09-12T20:00:00,4.150,117.10,0.000
2026-09-12T19:45:00,4.160,122.60,0.000
2026-09-12T19:30:00,4.160,122.70,0.000
2026-09-12T19:15:00,4.160,125.60,0.000
2026-09-12T19:00:00,4.170,119.80,0.000
2026-09-12T18:45:00,4.160,127.30,0.000
2026-09-12T18:30:00,4.170,125.90,0.000
2026-09-12T18:15:00,4.170,128.60,0.000
2026-09-12T18:00:00,4.180,125.90,0.000
2026-09-12T17:45:00,4.180,129.40,0.000
2026-09-12T17:30:00,4.190,127.90,0.000
2026-09-12T17:15:00,4.190,126.80,0.000
2026-09-12T17:00:00,4.190,129.90,0.000
2026-09-12T16:45:00,4.190,127.30,0.000
2026-09-12T16:30:00,4.200,127.50,0.000
2026-09-12T16:15:00,4.200,125.90,0.000
2026-09-12T16:00:00,4.210,134.90,0.000
2026-09-12T15:45:00,4.210,134.90,0.000
2026-09-12T15:30:00,4.220,135.30,0.000
2026-09-12T15:15:00,4.220,134.70,0.000
2026-09-12T15:00:00,4.230,136.10,0.000
2026-09-12T14:45:00,4.230,133.70,0.000
2026-09-12T14:30:00,4.230,138.90,0.000
2026-09-12T14:15:00,4.240,139.60,0.000
2026-09-12T14:00:00,4.240,138.40,0.000
2026-09-12T13:45:00,4.250,139.90,0.000
2026-09-12T13:30:00,4.250,135.80,0.000
2026-09-12T13:15:00,4.250,147.30,0.000
2026-09-12T13:00:00,4.260,135.40,0.000
2026-09-12T12:45:00,4.260,145.50,0.000
2026-09-12T12:30:00,4.260,139.10,0.000
2026-09-12T12:15:00,4.270,147.80,0.000
2026-09-12T12:00:00,4.270,150.70,0.000
2026-09-12T11:45:00,4.280,148.50,0.000
2026-09-12T11:30:00,4.280,146.10,0.000
2026-09-12T11:15:00,4.290,149.30,0.000
2026-09-12T11:00:00,4.290,145.10,0.000
2026-09-12T10:45:00,4.290,144.50,0.000
2026-09-12T10:30:00,4.300,149.90,0.000
2026-09-12T10:15:00,4.310,157.70,0.000
2026-09-12T10:00:00,4.310,151.10,0.000
2026-09-12T09:45:00,4.310,154.90,0.000
2026-09-12T09:30:00,4.320,157.30,0.000
2026-09-12T09:15:00,4.320,157.70,0.000
2026-09-12T09:00:00,4.330,154.90,0.000
2026-09-12T08:45:00,4.330,159.20,0.000
2026-09-12T08:30:00,4.340,149.80,0.000
2026-09-12T08:15:00,4.340,156.90,0.000
2026-09-12T08:00:00,4.350,157.40,0.000
2026-09-12T07:45:00,4.350,152.40,0.000
2026-09-12T07:30:00,4.360,155.40,0.000
2026-09-12T07:15:00,4.360,163.50,0.000
2026-09-12T07:00:00,4.370,161.00,0.000
2026-09-12T06:45:00,4.370,167.30,0.000
2026-09-12T06:30:00,4.370,171.80,0.000
2026-09-12T06:15:00,4.380,158.70,0.000
2026-09-12T06:00:00,4.380,157.90,0.000
2026-09-12T05:45:00,4.390,163.20,0.000
2026-09-12T05:30:00,4.400,175.30,0.000
2026-09-12T05:15:00,4.400,161.90,0.000
2026-09-12T05:00:00,4.400,163.20,0.000
2026-09-12T04:45:00,4.410,173.40,0.000
2026-09-12T04:30:00,4.420,163.20,0.000
2026-09-12T04:15:00,4.420,175.10,0.000
2026-09-12T04:00:00,4.420,164.80,0.000
2026-09-12T03:45:00,4.430,167.00,0.000
2026-09-12T03:30:00,4.430,170.70,0.000
2026-09-12T03:15:00,4.440,170.20,0.000
2026-09-12T03:00:00,4.440,171.20,0.000
2026-09-12T02:45:00,4.440,165.90,0.000
2026-09-12T02:30:00,4.450,174.90,0.000
2026-09-12T02:15:00,4.450,175.80,0.000
2026-09-12T02:00:00,4.460,170.40,0.000
2026-09-12T01:45:00,4.460,178.60,0.000
2026-09-12T01:30:00,4.460,174.00,0.000
2026-09-12T01:15:00,4.470,177.40,0.000
2026-09-12T01:00:00,4.470,174.50,0.000
2026-09-12T00:45:00,4.480,177.90,0.000
2026-09-12T00:30:00,4.480,175.40,0.000
2026-09-12T00:15:00,4.490,174.50,0.000
2026-09-12T00:00:00,4.480,175.30,0.000
2026-09-11T23:45:00,4.490,179.90,0.000
2026-09-11T23:30:00,4.490,179.80,0.000
2026-09-11T23:15:00,4.500,185.30,0.000
2026-09-11T23:00:00,4.500,188.00,0.000
2026-09-11T22:45:00,4.500,177.60,0.000
2026-09-11T22:30:00,4.510,182.80,0.000
2026-09-11T22:15:00,4.510,188.60,0.000
2026-09-11T22:00:00,4.510,184.20,0.000
2026-09-11T21:45:00,4.520,183.80,0.000
2026-09-11T21:30:00,4.520,178.20,0.000
2026-09-11T21:15:00,4.520,178.20,0.000
2026-09-11T21:00:00,4.520,182.00,0.000
2026-09-11T20:45:00,4.530,190.50,0.000
2026-09-11T20:30:00,4.530,175.10,0.000
2026-09-11T20:15:00,4.530,178.80,0.000
2026-09-11T20:00:00,4.530,180.60,0.000
2026-09-11T19:45:00,4.530,175.60,0.000
2026-09-11T19:30:00,4.540,179.80,0.000
2026-09-11T19:15:00,4.540,184.70,0.000
2026-09-11T19:00:00,4.540,176.60,0.000
2026-09-11T18:45:00,4.540,183.90,0.000
2026-09-11T18:30:00,4.550,187.30,0.000
2026-09-11T18:15:00,4.550,183.30,0.000
2026-09-11T18:00:00,4.550,183.20,0.000
2026-09-11T17:45:00,4.550,177.50,0.000
2026-09-11T17:30:00,4.550,183.50,0.000
2026-09-11T17:15:00,4.560,185.70,0.000
2026-09-11T17:00:00,4.560,185.20,0.000
2026-09-11T16:45:00,4.560,194.90,1.000
2026-09-11T16:30:00,4.560,193.90,0.000
2026-09-11T16:15:00,4.550,196.40,0.000
2026-09-11T16:00:00,4.560,192.60,0.000
2026-09-11T15:45:00,4.560,176.70,0.000
2026-09-11T15:30:00,4.550,196.30,0.000
2026-09-11T15:15:00,4.550,187.20,0.000
2026-09-11T15:00:00,4.550,204.00,4.000
2026-09-11T14:45:00,4.530,178.10,1.000
2026-09-11T14:30:00,4.530,175.90,0.000
2026-09-11T14:15:00,4.530,177.10,0.000
2026-09-11T14:00:00,4.520,177.90,0.000
2026-09-11T13:45:00,4.520,186.40,0.000
2026-09-11T13:30:00,4.510,181.00,0.000
2026-09-11T13:15:00,4.500,174.90,0.000
2026-09-11T13:00:00,4.490,179.30,0.000
2026-09-11T12:45:00,4.480,168.80,0.000
2026-09-11T12:30:00,4.470,183.60,0.000
2026-09-11T12:15:00,4.450,178.80,0.000
2026-09-11T12:00:00,4.440,176.50,0.000
2026-09-11T11:45:00,4.430,173.10,0.000
2026-09-11T11:30:00,4.410,166.90,0.000
2026-09-11T11:15:00,4.400,166.30,0.000
2026-09-11T11:00:00,4.380,173.40,0.000
2026-09-11T10:45:00,4.370,168.40,0.000
2026-09-11T10:30:00,4.350,165.00,0.000
2026-09-11T10:15:00,4.330,160.20,0.000
2026-09-11T10:00:00,4.310,153.60,0.000
2026-09-11T09:45:00,4.290,162.00,0.000
2026-09-11T09:30:00,4.270,148.30,0.000
2026-09-11T09:15:00,4.260,146.50,0.000
2026-09-11T09:00:00,4.250,139.80,0.000
2026-09-11T08:45:00,4.240,141.70,0.000
2026-09-11T08:30:00,4.230,140.80,0.000
2026-09-11T08:15:00,4.220,130.40,0.000
2026-09-11T08:00:00,4.220,136.20,0.000
2026-09-11T07:45:00,4.210,126.40,0.500
2026-09-11T07:30:00,4.200,130.00,0.000
2026-09-11T07:15:00,4.200,123.60,0.000
2026-09-11T07:00:00,4.200,132.40,0.000
2026-09-11T06:45:00,4.200,133.50,1.000
2026-09-11T06:30:00,4.190,137.10,1.500
2026-09-11T06:15:00,4.180,125.20,0.500
2026-09-11T06:00:00,4.180,134.10,0.500
2026-09-11T05:45:00,4.160,148.80,5.500
2026-09-11T05:30:00,4.150,143.60,13.500
2026-09-11T05:15:00,4.150,123.10,3.500
2026-09-11T05:00:00,4.160,118.20,0.000
2026-09-11T04:45:00,4.160,121.00,0.000
2026-09-11T04:30:00,4.160,120.70,0.000
2026-09-11T04:15:00,4.160,118.40,0.000
2026-09-11T04:00:00,4.160,120.30,0.000
2026-09-11T03:45:00,4.170,123.40,0.000
2026-09-11T03:30:00,4.170,120.80,0.000
2026-09-11T03:15:00,4.170,124.20,0.000
2026-09-11T03:00:00,4.180,125.90,0.000
2026-09-11T02:45:00,4.180,126.90,0.000
2026-09-11T02:30:00,4.190,127.50,0.000
2026-09-11T02:15:00,4.180,126.40,0.000
2026-09-11T02:00:00,4.190,126.10,0.000
2026-09-11T01:45:00,4.180,131.90,0.500
2026-09-11T01:30:00,4.180,144.60,2.500
2026-09-11T01:15:00,4.170,131.00,3.500
2026-09-11T01:00:00,4.180,126.60,0.000
2026-09-11T00:45:00,4.170,129.70,1.000
2026-09-11T00:30:00,4.180,126.40,0.000
2026-09-11T00:15:00,4.180,125.00,1.000
2026-09-11T00:00:00,4.170,126.30,0.000
2026-09-10T23:45:00,4.180,122.20,0.000
2026-09-10T23:30:00,4.180,134.70,2.000
2026-09-10T23:15:00,4.170,139.90,3.500
2026-09-10T23:00:00,4.170,144.40,2.000
2026-09-10T22:45:00,4.180,134.40,0.000
2026-09-10T22:30:00,4.170,138.70,0.500
2026-09-10T22:15:00,4.180,126.70,0.500
2026-09-10T22:00:00,4.180,124.70,0.000
2026-09-10T21:45:00,4.180,133.80,0.000
2026-09-10T21:30:00,4.170,131.40,0.000
2026-09-10T21:15:00,4.180,128.10,0.000
2026-09-10T21:00:00,4.170,129.10,0.000
2026-09-10T20:45:00,4.180,127.40,0.000
2026-09-10T20:30:00,4.180,129.10,0.000
2026-09-10T20:15:00,4.180,128.60,0.000
2026-09-10T20:00:00,4.180,129.40,0.000
2026-09-10T19:45:00,4.170,123.40,0.000
2026-09-10T19:30:00,4.170,130.50,0.000
2026-09-10T19:15:00,4.170,125.80,0.000
2026-09-10T19:00:00,4.170,128.60,0.000
2026-09-10T18:45:00,4.170,128.80,0.000
2026-09-10T18:30:00,4.170,134.40,0.000
2026-09-10T18:15:00,4.160,126.80,0.000
2026-09-10T18:00:00,4.160,126.60,0.000
2026-09-10T17:45:00,4.160,128.80,0.000
2026-09-10T17:30:00,4.160,126.60,0.000
2026-09-10T17:15:00,4.160,128.50,0.000
2026-09-10T17:00:00,4.160,131.90,0.000
2026-09-10T16:45:00,4.170,127.00,0.000
2026-09-10T16:30:00,4.170,127.90,0.000
2026-09-10T16:15:00,4.170,130.30,0.000
2026-09-10T16:00:00,4.170,142.40,1.000
2026-09-10T15:45:00,4.180,144.50,2.500
2026-09-10T15:30:00,4.170,134.50,2.000
2026-09-10T15:15:00,4.180,127.00,0.000
2026-09-10T15:00:00,4.190,121.40,0.000
2026-09-10T14:45:00,4.200,127.90,0.000
2026-09-10T14:30:00,4.210,131.60,0.000
2026-09-10T14:15:00,4.230,130.90,0.000
2026-09-10T14:00:00,4.240,138.50,0.000
2026-09-10T13:45:00,4.260,133.70,0.000
2026-09-10T13:30:00,4.280,140.10,0.000
2026-09-10T13:15:00,4.290,151.10,0.000
2026-09-10T13:00:00,4.310,149.80,0.000
2026-09-10T12:45:00,4.330,146.50,0.000
2026-09-10T12:30:00,4.350,148.40,0.000
2026-09-10T12:15:00,4.380,144.00,0.000
2026-09-10T12:00:00,4.390,152.90,0.000
2026-09-10T11:45:00,4.400,141.70,0.000
2026-09-10T11:30:00,4.420,144.30,0.000
2026-09-10T11:15:00,4.420,139.30,0.000
2026-09-10T11:00:00,4.430,150.80,0.000
2026-09-10T10:45:00,4.430,150.50,0.000
2026-09-10T10:30:00,4.440,153.80,0.000
2026-09-10T10:15:00,4.450,155.50,0.000
2026-09-10T10:00:00,4.460,152.50,0.000
2026-09-10T09:45:00,4.500,137.10,0.000
2026-09-10T09:30:00,4.500,138.70,0.000
2026-09-10T09:15:00,4.490,138.50,0.500
2026-09-10T09:00:00,4.480,142.00,0.000
2026-09-10T08:45:00,4.480,138.10,0.000
2026-09-10T08:30:00,4.470,142.90,0.000
2026-09-10T08:15:00,4.470,138.00,0.000
2026-09-10T08:00:00,4.470,136.60,0.000
2026-09-10T07:45:00,4.460,136.80,0.000
2026-09-10T07:30:00,4.450,135.00,0.000
2026-09-10T07:15:00,4.450,135.50,0.000
2026-09-10T07:00:00,4.440,134.10,0.000
2026-09-10T06:45:00,4.440,138.80,0.000
2026-09-10T06:30:00,4.430,140.00,0.500
2026-09-10T06:15:00,4.420,136.80,0.000
2026-09-10T06:00:00,4.420,134.50,0.000
2026-09-10T05:45:00,4.410,127.80,0.000
2026-09-10T05:30:00,4.400,128.50,2.000
2026-09-10T05:15:00,4.370,136.40,16.500
2026-09-10T05:00:00,4.360,131.40,0.500
2026-09-10T04:45:00,4.350,128.10,0.000
2026-09-10T04:30:00,4.340,122.20,0.000
2026-09-10T04:15:00,4.330,121.80,0.000
2026-09-10T04:00:00,4.320,120.10,0.000
2026-09-10T03:45:00,4.310,119.30,0.000
2026-09-10T03:30:00,4.300,125.60,0.000
2026-09-10T03:15:00,4.290,121.70,0.000
2026-09-10T03:00:00,4.280,121.60,0.000
2026-09-10T02:45:00,4.270,132.10,0.500
2026-09-10T02:30:00,4.260,127.40,1.000
2026-09-10T02:15:00,4.250,111.70,0.000
2026-09-10T02:00:00,4.240,108.80,0.000
2026-09-10T01:45:00,4.230,105.70,0.000
2026-09-10T01:30:00,4.220,104.50,0.000
2026-09-10T01:15:00,4.210,98.90,0.000
2026-09-10T01:00:00,4.210,95.00,0.000
2026-09-10T00:45:00,4.210,100.30,0.000
2026-09-10T00:30:00,4.210,96.20,0.000
2026-09-10T00:15:00,4.210,93.10,0.000
2026-09-10T00:00:00,4.210,95.30,0.000
2026-09-09T23:45:00,4.210,95.50,0.000
2026-09-09T23:30:00,4.210,94.60,0.000
2026-09-09T23:15:00,4.210,92.30,0.000
2026-09-09T23:00:00,4.220,103.40,0.000
2026-09-09T22:45:00,4.210,91.80,0.000
2026-09-09T22:30:00,4.220,95.80,0.000
2026-09-09T22:15:00,4.220,110.20,0.000
2026-09-09T22:00:00,4.220,105.40,0.000
2026-09-09T21:45:00,4.220,96.80,0.000
2026-09-09T21:30:00,4.220,98.00,0.000
2026-09-09T21:15:00,4.220,99.50,0.000
2026-09-09T21:00:00,4.220,78.50,0.000
2026-09-09T20:45:00,4.230,64.50,0.000
2026-09-09T20:30:00,4.230,93.30,0.000
2026-09-09T20:15:00,4.230,96.70,0.000
2026-09-09T20:00:00,4.230,100.50,0.000
2026-09-09T19:45:00,4.230,97.10,0.000
2026-09-09T19:30:00,4.230,97.50,0.000
2026-09-09T19:15:00,4.240,98.70,0.000
2026-09-09T19:00:00,4.240,97.50,0.000
2026-09-09T18:45:00,4.240,105.30,0.000
2026-09-09T18:30:00,4.250,94.40,0.000
2026-09-09T18:15:00,4.250,99.40,0.000
2026-09-09T18:00:00,4.250,100.10,0.000
2026-09-09T17:45:00,4.250,99.40,0.000
2026-09-09T17:30:00,4.250,100.60,0.000
2026-09-09T17:15:00,4.250,96.30,0.000
2026-09-09T17:00:00,4.260,93.80,0.000
2026-09-09T16:45:00,4.260,102.30,0.000
2026-09-09T16:30:00,4.260,91.70,0.000
2026-09-09T16:15:00,4.270,79.90,0.000
2026-09-09T16:00:00,4.270,100.80,0.000
2026-09-09T15:45:00,4.270,102.20,0.000
2026-09-09T15:30:00,4.270,107.80,0.000
2026-09-09T15:15:00,4.280,109.20,0.000
2026-09-09T15:00:00,4.280,96.00,0.000
2026-09-09T14:45:00,4.280,94.10,0.000
2026-09-09T14:30:00,4.280,99.60,0.000
2026-09-09T14:15:00,4.280,104.60,0.000
2026-09-09T14:00:00,4.280,100.80,0.000
2026-09-09T13:45:00,4.290,99.80,0.000
2026-09-09T13:30:00,4.290,96.90,0.000
2026-09-09T13:15:00,4.290,105.00,0.000
2026-09-09T13:00:00,4.290,101.10,0.000
2026-09-09T12:45:00,4.290,97.30,0.000
2026-09-09T12:30:00,4.290,92.40,0.000
2026-09-09T12:15:00,4.300,95.80,0.000
2026-09-09T12:00:00,4.300,92.30,0.000
2026-09-09T11:45:00,4.300,95.50,0.000
2026-09-09T11:30:00,4.310,98.90,0.000
2026-09-09T11:15:00,4.310,109.90,0.000
2026-09-09T11:00:00,4.310,95.50,0.000
2026-09-09T10:45:00,4.310,112.00,0.000
2026-09-09T10:30:00,4.310,108.10,0.000
2026-09-09T10:15:00,4.310,111.80,0.000
2026-09-09T10:00:00,4.310,103.80,0.000
2026-09-09T09:45:00,4.320,107.40,0.000
2026-09-09T09:30:00,4.320,112.80,0.000
2026-09-09T09:15:00,4.320,111.60,0.000
2026-09-09T09:00:00,4.320,114.90,0.000
2026-09-09T08:45:00,4.320,115.10,0.000
2026-09-09T08:30:00,4.320,106.30,0.000
2026-09-09T08:15:00,4.320,107.40,0.000
2026-09-09T08:00:00,4.320,113.80,0.000
2026-09-09T07:45:00,4.320,117.30,0.000
2026-09-09T07:30:00,4.320,107.70,0.000
2026-09-09T07:15:00,4.320,109.60,0.000
2026-09-09T07:00:00,4.320,111.60,0.000
2026-09-09T06:45:00,4.320,109.40,0.000
2026-09-09T06:30:00,4.320,112.90,0.000
2026-09-09T06:15:00,4.320,111.60,0.000
2026-09-09T06:00:00,4.320,109.50,0.000
2026-09-09T05:45:00,4.320,108.80,0.000
2026-09-09T05:30:00,4.310,106.00,0.000
2026-09-09T05:15:00,4.310,108.20,0.000
2026-09-09T05:00:00,4.310,114.70,0.000
2026-09-09T04:45:00,4.310,110.30,0.000
2026-09-09T04:30:00,4.310,113.50,0.000
2026-09-09T04:15:00,4.310,104.50,0.000
2026-09-09T04:00:00,4.300,109.80,0.000
2026-09-09T03:45:00,4.300,107.50,0.000
2026-09-09T03:30:00,4.290,114.40,0.000
2026-09-09T03:15:00,4.290,104.80,0.000
2026-09-09T03:00:00,4.290,111.10,0.000
2026-09-09T02:45:00,4.280,110.90,0.000
2026-09-09T02:30:00,4.290,115.50,0.000
2026-09-09T02:15:00,4.280,108.00,0.000
2026-09-09T02:00:00,4.270,116.30,0.000
2026-09-09T01:45:00,4.270,108.40,0.000
2026-09-09T01:30:00,4.260,109.20,0.000
2026-09-09T01:15:00,4.250,107.10,0.000
2026-09-09T01:00:00,4.250,104.40,0.000
2026-09-09T00:45:00,4.240,111.90,0.000
2026-09-09T00:30:00,4.230,111.90,0.000
2026-09-09T00:15:00,4.220,108.70,0.000
2026-09-09T00:00:00,4.210,108.90,0.000
2026-09-08T23:45:00,4.200,107.20,0.000
2026-09-08T23:30:00,4.200,106.40,0.000
2026-09-08T23:15:00,4.190,108.80,0.000
2026-09-08T23:00:00,4.180,108.20,0.000
2026-09-08T22:45:00,4.170,108.60,0.500
2026-09-08T22:30:00,4.170,110.90,0.000
2026-09-08T22:15:00,4.160,106.60,0.000
2026-09-08T22:00:00,4.160,103.30,0.000
2026-09-08T21:45:00,4.150,101.10,0.000
2026-09-08T21:30:00,4.140,102.30,0.500
2026-09-08T21:15:00,4.140,101.40,0.000
2026-09-08T21:00:00,4.130,96.70,0.000
2026-09-08T20:45:00,4.130,95.60,0.000
2026-09-08T20:30:00,4.120,89.50,0.000
2026-09-08T20:15:00,4.120,100.20,0.000
2026-09-08T20:00:00,4.110,93.60,0.000
2026-09-08T19:45:00,4.100,96.90,0.500
2026-09-08T19:30:00,4.100,92.30,0.000
2026-09-08T19:15:00,4.090,92.80,0.000
2026-09-08T19:00:00,4.070,101.00,0.500
2026-09-08T18:45:00,4.050,104.60,3.000
2026-09-08T18:30:00,4.040,103.50,3.000
2026-09-08T18:15:00,4.020,91.70,13.500
2026-09-08T18:00:00,4.020,88.70,0.000
2026-09-08T17:45:00,4.020,90.20,0.000
2026-09-08T17:30:00,4.020,89.00,0.000
2026-09-08T17:15:00,4.020,92.80,0.000
2026-09-08T17:00:00,4.020,92.90,0.000
2026-09-08T16:45:00,4.020,92.20,0.000
2026-09-08T16:30:00,4.020,91.20,0.000
2026-09-08T16:15:00,4.020,92.50,0.000
2026-09-08T16:00:00,4.020,95.10,0.000
2026-09-08T15:45:00,4.020,91.80,0.000
2026-09-08T15:30:00,4.020,98.60,0.500
2026-09-08T15:15:00,4.010,104.20,0.000
2026-09-08T15:00:00,4.010,95.30,2.000
2026-09-08T14:45:00,4.010,93.60,0.500
2026-09-08T14:30:00,4.010,95.30,0.000
2026-09-08T14:15:00,4.010,96.30,0.000
2026-09-08T14:00:00,4.010,92.60,0.000
2026-09-08T13:45:00,4.010,101.90,1.000
2026-09-08T13:30:00,4.020,94.50,0.000
2026-09-08T13:15:00,4.020,96.80,0.000
2026-09-08T13:00:00,4.020,96.30,0.000
2026-09-08T12:45:00,4.030,95.30,0.000
2026-09-08T12:30:00,4.030,95.80,0.000
2026-09-08T12:15:00,4.040,96.10,0.000
2026-09-08T12:00:00,4.040,99.00,0.000
2026-09-08T11:45:00,4.040,98.10,0.000
2026-09-08T11:30:00,4.050,98.10,0.000
2026-09-08T11:15:00,4.060,96.30,0.000
2026-09-08T11:00:00,4.060,99.00,0.000
2026-09-08T10:45:00,4.070,101.60,0.000
2026-09-08T10:30:00,4.080,95.70,0.000
2026-09-08T10:15:00,4.090,100.10,0.000
2026-09-08T10:00:00,4.080,98.50,0.000
2026-09-08T09:45:00,4.090,101.00,0.000
2026-09-08T09:30:00,4.090,102.20,0.000
2026-09-08T09:15:00,4.090,101.60,0.000
2026-09-08T09:00:00,4.090,101.10,0.000
2026-09-08T08:45:00,4.090,100.10,0.000
2026-09-08T08:30:00,4.100,106.20,0.000
2026-09-08T08:15:00,4.100,101.80,0.000
2026-09-08T08:00:00,4.100,104.30,0.000
2026-09-08T07:45:00,4.090,102.40,0.000
2026-09-08T07:30:00,4.100,103.00,0.000
2026-09-08T07:15:00,4.100,101.30,0.000
2026-09-08T07:00:00,4.100,102.70,0.000
2026-09-08T06:45:00,4.100,103.50,0.000
2026-09-08T06:30:00,4.090,105.10,0.000
2026-09-08T06:15:00,4.100,101.00,0.000
2026-09-08T06:00:00,4.090,101.30,0.000
2026-09-08T05:45:00,4.090,102.60,0.000
2026-09-08T05:30:00,4.090,102.90,0.000
2026-09-08T05:15:00,4.090,102.30,0.000
2026-09-08T05:00:00,4.090,102.20,0.000
2026-09-08T04:45:00,4.090,102.60,0.000
2026-09-08T04:30:00,4.090,100.20,0.000
2026-09-08T04:15:00,4.090,98.00,0.000
2026-09-08T04:00:00,4.080,98.90,0.000
2026-09-08T03:45:00,4.090,95.20,0.000
2026-09-08T03:30:00,4.090,99.90,0.000
2026-09-08T03:15:00,4.090,106.40,0.000
2026-09-08T03:00:00,4.090,97.40,0.000
2026-09-08T02:45:00,4.090,96.60,0.000
2026-09-08T02:30:00,4.100,96.70,0.000
2026-09-08T02:15:00,4.100,99.40,0.000
2026-09-08T02:00:00,4.110,100.90,0.000
2026-09-08T01:45:00,4.110,98.70,0.000
2026-09-08T01:30:00,4.120,98.50,0.000
2026-09-08T01:15:00,4.130,99.60,0.000
2026-09-08T01:00:00,4.130,106.10,0.000
2026-09-08T00:45:00,4.140,100.40,0.000
2026-09-08T00:30:00,4.150,101.80,0.000
2026-09-08T00:15:00,4.150,105.30,0.000
2026-09-08T00:00:00,4.160,107.80,0.000
2026-09-07T23:45:00,4.170,107.00,0.000
2026-09-07T23:30:00,4.170,103.10,0.000
2026-09-07T23:15:00,4.180,110.90,0.000
2026-09-07T23:00:00,4.190,107.70,0.000
2026-09-07T22:45:00,4.200,115.50,0.000
2026-09-07T22:30:00,4.200,112.60,0.000
2026-09-07T22:15:00,4.210,110.20,0.000
2026-09-07T22:00:00,4.220,118.80,0.000
2026-09-07T21:45:00,4.230,116.60,0.000
2026-09-07T21:30:00,4.240,114.20,0.000
2026-09-07T21:15:00,4.240,117.40,0.000
2026-09-07T21:00:00,4.250,117.00,0.000
2026-09-07T20:45:00,4.250,124.20,0.000
2026-09-07T20:30:00,4.260,123.10,0.000
2026-09-07T20:15:00,4.270,119.90,0.000
2026-09-07T20:00:00,4.270,127.40,0.000
2026-09-07T19:45:00,4.280,121.10,0.000
2026-09-07T19:30:00,4.280,127.20,0.000
2026-09-07T19:15:00,4.270,131.70,0.000
2026-09-07T19:00:00,4.270,140.90,0.000
2026-09-07T18:45:00,4.280,140.10,0.000
2026-09-07T18:30:00,4.280,140.60,0.000
2026-09-07T18:15:00,4.290,131.40,0.000
2026-09-07T18:00:00,4.300,144.50,0.000
2026-09-07T17:45:00,4.300,135.90,0.000
2026-09-07T17:30:00,4.300,141.20,0.000
2026-09-07T17:15:00,4.310,140.80,0.000
2026-09-07T17:00:00,4.310,139.40,0.000
2026-09-07T16:45:00,4.320,143.60,0.000
2026-09-07T16:30:00,4.330,142.50,0.000
2026-09-07T16:15:00,4.330,146.50,0.000
2026-09-07T16:00:00,4.340,136.00,0.000
2026-09-07T15:45:00,4.340,140.90,0.000
2026-09-07T15:30:00,4.340,145.80,0.000
2026-09-07T15:15:00,4.350,143.00,0.000
2026-09-07T15:00:00,4.360,147.20,0.000
2026-09-07T14:45:00,4.370,152.90,0.000
2026-09-07T14:30:00,4.370,150.20,0.000
2026-09-07T14:15:00,4.380,153.60,0.000
2026-09-07T14:00:00,4.380,151.00,0.000
2026-09-07T13:45:00,4.390,160.60,0.000
2026-09-07T13:30:00,4.390,151.70,0.000
2026-09-07T13:15:00,4.400,152.80,0.000
2026-09-07T13:00:00,4.400,150.30,0.000
2026-09-07T12:45:00,4.410,147.90,0.000
2026-09-07T12:30:00,4.420,146.00,0.000
2026-09-07T12:15:00,4.420,154.20,0.000
2026-09-07T12:00:00,4.430,156.30,0.000
2026-09-07T11:45:00,4.430,154.20,0.000
2026-09-07T11:30:00,4.440,160.50,0.000
2026-09-07T11:15:00,4.440,167.70,0.000
2026-09-07T11:00:00,4.450,156.00,0.000
2026-09-07T10:45:00,4.450,157.30,0.000
2026-09-07T10:30:00,4.450,163.60,0.000
2026-09-07T10:15:00,4.460,163.00,0.000
2026-09-07T10:00:00,4.460,167.90,0.000
2026-09-07T09:45:00,4.470,160.80,0.000
2026-09-07T09:30:00,4.470,162.20,0.000
2026-09-07T09:15:00,4.470,165.70,0.000
2026-09-07T09:00:00,4.480,160.90,0.000
2026-09-07T08:45:00,4.480,170.10,0.000
2026-09-07T08:30:00,4.490,170.00,0.000
2026-09-07T08:15:00,4.480,173.60,0.000
2026-09-07T08:00:00,4.490,157.90,0.000
2026-09-07T07:45:00,4.490,165.90,0.000
2026-09-07T07:30:00,4.500,162.60,0.000
2026-09-07T07:15:00,4.500,172.90,0.000
2026-09-07T07:00:00,4.500,174.20,0.000
2026-09-07T06:45:00,4.500,175.60,0.000
2026-09-07T06:30:00,4.500,166.60,0.000
2026-09-07T06:15:00,4.500,170.00,0.000
2026-09-07T06:00:00,4.510,180.00,0.000
2026-09-07T05:45:00,4.510,179.30,0.000
2026-09-07T05:30:00,4.510,175.50,0.000
2026-09-07T05:15:00,4.510,177.40,0.000
2026-09-07T05:00:00,4.510,177.30,0.000
2026-09-07T04:45:00,4.510,179.50,0.000
2026-09-07T04:30:00,4.500,178.80,0.000
2026-09-07T04:15:00,4.500,189.40,0.000
2026-09-07T04:00:00,4.500,186.20,0.000
2026-09-07T03:45:00,4.490,182.10,0.000
2026-09-07T03:30:00,4.490,187.20,0.000
2026-09-07T03:15:00,4.490,183.50,0.000
2026-09-07T03:00:00,4.480,178.20,0.000
2026-09-07T02:45:00,4.470,176.40,0.000
2026-09-07T02:30:00,4.460,188.40,0.500
2026-09-07T02:15:00,4.450,189.70,0.000
2026-09-07T02:00:00,4.440,186.80,0.000
2026-09-07T01:45:00,4.430,184.10,0.000
2026-09-07T01:30:00,4.410,186.70,0.000
2026-09-07T01:15:00,4.390,178.50,0.000
2026-09-07T01:00:00,4.370,179.60,0.000
2026-09-07T00:45:00,4.350,169.30,0.000
2026-09-07T00:30:00,4.330,177.90,0.000
2026-09-07T00:15:00,4.300,170.90,0.000
2026-09-07T00:00:00,4.270,169.00,0.000
2026-09-20T23:45:00,4.460,178.10,0.000
2026-09-20T23:30:00,4.460,178.70,0.000
2026-09-20T23:15:00,4.460,177.00,0.000
2026-09-20T23:00:00,4.460,171.00,0.000
2026-09-20T22:45:00,4.460,167.20,0.000
2026-09-20T22:30:00,4.460,173.70,0.000
2026-09-20T22:15:00,4.460,165.20,0.000
2026-09-20T22:00:00,4.460,177.00,0.000
2026-09-20T21:45:00,4.460,168.30,0.000
2026-09-20T21:30:00,4.450,170.80,0.000
2026-09-20T21:15:00,4.450,177.60,0.000
2026-09-20T21:00:00,4.450,173.00,0.000
2026-09-20T20:45:00,4.450,165.40,0.000
2026-09-20T20:30:00,4.450,174.00,0.000
2026-09-20T20:15:00,4.440,164.40,0.000
2026-09-20T20:00:00,4.440,158.70,0.000
2026-09-20T19:45:00,0.000,167.20,0.000
2026-09-20T19:30:00,4.440,168.60,0.000
2026-09-20T19:15:00,4.440,171.30,0.000
2026-09-20T19:00:00,4.440,168.50,0.000
2026-09-20T18:45:00,4.440,169.20,0.000
2026-09-20T18:30:00,4.440,167.50,0.000
2026-09-20T18:15:00,4.450,164.30,0.000
2026-09-20T18:00:00,4.460,169.70,0.000
2026-09-20T17:45:00,4.460,171.70,0.000
2026-09-20T17:30:00,4.460,174.00,0.500
2026-09-20T17:15:00,4.470,173.20,1.000
2026-09-20T17:00:00,4.470,174.10,3.500
2026-09-20T16:45:00,4.460,168.10,14.000
2026-09-20T16:30:00,4.440,173.70,17.000
2026-09-20T16:15:00,4.430,151.50,7.500
2026-09-20T16:00:00,4.440,154.00,0.000
2026-09-20T15:45:00,4.450,166.90,0.000
2026-09-20T15:30:00,4.450,166.90,0.000
2026-09-20T15:15:00,4.460,179.40,0.000
2026-09-20T15:00:00,4.470,175.30,0.000
2026-09-20T14:45:00,4.470,180.00,0.000
2026-09-20T14:30:00,4.490,182.10,0.000
2026-09-20T14:15:00,4.500,176.80,0.000
2026-09-20T14:00:00,4.510,177.20,0.000
2026-09-20T13:45:00,4.510,173.10,0.000
2026-09-20T13:30:00,4.530,171.70,0.000
2026-09-20T13:15:00,4.530,178.50,0.000
2026-09-20T13:00:00,4.540,166.40,0.000
2026-09-20T12:45:00,4.550,153.70,0.000
2026-09-20T12:30:00,4.550,162.60,0.000
2026-09-20T12:15:00,4.560,166.70,0.000
2026-09-20T12:00:00,4.580,175.50,0.000
2026-09-20T11:45:00,4.590,161.50,0.000
2026-09-20T11:30:00,4.590,164.50,0.000
2026-09-20T11:15:00,4.610,171.20,0.000
2026-09-20T11:00:00,4.630,163.10,0.000
2026-09-20T10:45:00,4.640,165.20,0.000
2026-09-20T10:30:00,4.640,160.10,0.000
2026-09-20T10:15:00,4.640,170.10,0.000
2026-09-20T10:00:00,4.640,170.50,0.000
2026-09-20T09:45:00,4.640,157.30,0.000
2026-09-20T09:30:00,4.640,151.10,0.000
2026-09-20T09:15:00,4.640,168.60,0.000
2026-09-20T09:00:00,4.640,170.70,0.000
2026-09-20T08:45:00,4.640,169.50,0.000
2026-09-20T08:30:00,4.630,174.30,0.000
2026-09-20T08:15:00,4.630,177.30,0.000
2026-09-20T08:00:00,4.620,177.80,0.000
2026-09-20T07:45:00,4.610,175.30,0.000
2026-09-20T07:30:00,4.610,176.00,0.000
2026-09-20T07:15:00,4.590,174.40,0.000
2026-09-20T07:00:00,4.580,173.00,0.000
2026-09-20T06:45:00,4.560,177.60,0.000
2026-09-20T06:30:00,4.550,171.30,0.000
2026-09-20T06:15:00,4.530,184.90,0.000
2026-09-20T06:00:00,4.510,178.50,0.000
2026-09-20T05:45:00,4.490,173.80,0.000
2026-09-20T05:30:00,4.470,174.60,0.000
2026-09-20T05:15:00,4.450,167.00,0.000
2026-09-20T05:00:00,4.420,167.60,0.000
2026-09-20T04:45:00,4.400,167.50,0.000
2026-09-20T04:30:00,4.390,160.80,0.000
2026-09-20T04:15:00,4.360,159.80,0.000
2026-09-20T04:00:00,4.350,158.20,0.000
2026-09-20T03:45:00,4.340,146.90,0.000
2026-09-20T03:30:00,4.320,148.50,0.000
2026-09-20T03:15:00,4.310,148.30,0.000
2026-09-20T03:00:00,4.310,141.20,0.000
2026-09-20T02:45:00,4.300,139.20,0.000
2026-09-20T02:30:00,4.290,144.20,0.000
2026-09-20T02:15:00,4.290,131.30,0.000
2026-09-20T02:00:00,4.280,130.90,0.000
2026-09-20T01:45:00,4.280,135.40,0.000
2026-09-20T01:30:00,4.280,129.90,0.000
2026-09-20T01:15:00,4.280,139.80,0.000
2026-09-20T01:00:00,4.280,140.60,0.000
2026-09-20T00:45:00,4.280,130.90,0.000
2026-09-20T00:30:00,4.280,136.30,0.000
2026-09-20T00:15:00,4.280,133.60,0.000
2026-09-20T00:00:00,4.270,128.90,0.000
2026-09-19T23:45:00,4.270,137.40,0.000
2026-09-19T23:30:00,4.270,130.40,0.000
2026-09-19T23:15:00,4.270,132.30,0.000
2026-09-19T23:00:00,4.260,126.90,0.000
2026-09-19T22:45:00,4.260,131.20,0.000
2026-09-19T22:30:00,4.260,135.70,0.000
2026-09-19T22:15:00,4.260,129.10,0.000
2026-09-19T22:00:00,4.250,128.30,0.000
2026-09-19T21:45:00,4.250,138.80,0.000
2026-09-19T21:30:00,4.250,128.70,1.000
2026-09-19T21:15:00,4.240,126.80,0.000
2026-09-19T21:00:00,4.240,127.10,0.000
2026-09-19T20:45:00,4.240,123.60,0.000
2026-09-19T20:30:00,4.230,124.60,0.000
2026-09-19T20:15:00,4.230,124.00,0.000
2026-09-19T20:00:00,4.220,122.60,0.000
2026-09-19T19:45:00,4.220,124.30,0.000
2026-09-19T19:30:00,4.220,119.30,0.000
2026-09-19T19:15:00,4.210,126.80,0.000
2026-09-19T19:00:00,4.210,127.70,0.000
2026-09-19T18:45:00,4.210,118.30,0.000
2026-09-19T18:30:00,4.190,123.80,0.000
2026-09-19T18:15:00,4.190,124.70,0.000
2026-09-19T18:00:00,4.200,124.30,0.000
2026-09-19T17:45:00,4.200,119.90,0.000
2026-09-19T17:30:00,4.200,118.00,0.000
2026-09-19T17:15:00,4.200,121.90,0.000
2026-09-19T17:00:00,4.210,134.40,0.500
2026-09-19T16:45:00,4.210,120.80,0.000
2026-09-19T16:30:00,4.210,124.90,0.000
2026-09-19T16:15:00,4.210,127.10,0.000
2026-09-19T16:00:00,4.220,129.80,0.000
2026-09-19T15:45:00,4.220,129.70,0.000
2026-09-19T15:30:00,4.230,128.70,0.000
2026-09-19T15:15:00,4.230,127.40,0.000
2026-09-19T15:00:00,4.230,131.00,0.000
2026-09-19T14:45:00,4.230,128.00,0.000
2026-09-19T14:30:00,4.240,134.30,0.000
2026-09-19T14:15:00,4.250,130.80,0.000
2026-09-19T14:00:00,4.250,135.50,0.000
2026-09-19T13:45:00,4.250,138.10,0.000
2026-09-19T13:30:00,4.250,134.50,0.000
2026-09-19T13:15:00,4.250,132.00,0.000
2026-09-19T13:00:00,4.260,135.00,0.000
2026-09-19T12:45:00,4.260,132.50,0.000
2026-09-19T12:30:00,4.270,133.20,0.000
2026-09-19T12:15:00,4.270,127.00,0.000
2026-09-19T12:00:00,4.280,134.10,0.000
2026-09-19T11:45:00,4.280,126.40,0.000
2026-09-19T11:30:00,4.280,132.30,0.000
2026-09-19T11:15:00,4.290,136.90,0.000
2026-09-19T11:00:00,4.290,134.20,0.000
2026-09-19T10:45:00,4.290,145.50,0.000
2026-09-19T10:30:00,4.300,138.70,0.000
2026-09-19T10:15:00,4.310,143.00,0.000
2026-09-19T10:00:00,4.310,141.50,0.000
2026-09-19T09:45:00,4.310,148.50,0.000
2026-09-19T09:30:00,4.320,145.90,0.000
2026-09-19T09:15:00,4.320,138.80,0.000
2026-09-19T09:00:00,4.320,146.30,0.000
2026-09-19T08:45:00,4.330,145.50,0.000
2026-09-19T08:30:00,4.330,131.40,0.000
2026-09-19T08:15:00,4.340,143.70,0.000
2026-09-19T08:00:00,4.340,140.90,0.000
2026-09-19T07:45:00,4.350,146.20,0.000
2026-09-19T07:30:00,4.350,144.40,0.000
2026-09-19T07:15:00,4.360,146.60,0.000
2026-09-19T07:00:00,4.360,141.20,0.000
2026-09-19T06:45:00,4.360,156.00,0.000
2026-09-19T06:30:00,4.370,154.00,0.000
2026-09-19T06:15:00,4.370,138.10,0.000
2026-09-19T06:00:00,4.380,150.40,0.000
2026-09-19T05:45:00,4.380,150.20,0.000
2026-09-19T05:30:00,4.380,146.00,0.000
2026-09-19T05:15:00,4.380,159.50,0.000
2026-09-19T05:00:00,4.400,159.70,0.000
2026-09-19T04:45:00,4.390,151.30,0.000
2026-09-19T04:30:00,4.400,147.30,0.000
2026-09-19T04:15:00,4.400,149.80,0.000
2026-09-19T04:00:00,4.410,162.30,0.000
2026-09-19T03:45:00,4.410,169.10,0.000
2026-09-19T03:30:00,4.420,152.90,0.000
2026-09-19T03:15:00,4.420,149.20,0.000
2026-09-19T03:00:00,4.430,157.30,0.000
2026-09-19T02:45:00,4.430,144.80,0.000
2026-09-19T02:30:00,4.430,167.10,0.000
2026-09-19T02:15:00,4.430,156.20,0.000
2026-09-19T02:00:00,4.430,161.20,0.000
2026-09-19T01:45:00,4.440,166.00,0.000
2026-09-19T01:30:00,4.440,168.00,0.000
2026-09-19T01:15:00,4.440,162.60,0.000
2026-09-19T01:00:00,4.450,163.40,0.000
2026-09-19T00:45:00,4.450,154.50,0.000
2026-09-19T00:30:00,4.450,161.90,0.000
2026-09-19T00:15:00,4.450,162.70,0.000
2026-09-19T00:00:00,4.450,163.60,0.000
2026-09-18T23:45:00,4.450,163.20,0.000
2026-09-18T23:30:00,4.450,167.80,0.000
2026-09-18T23:15:00,4.450,166.40,0.000
2026-09-18T23:00:00,4.450,160.50,0.000
2026-09-18T22:45:00,4.450,171.60,0.000
2026-09-18T22:30:00,4.440,164.30,0.000
2026-09-18T22:15:00,4.440,158.80,0.000
2026-09-18T22:00:00,4.440,152.30,0.000
2026-09-18T21:45:00,4.430,166.80,0.000
2026-09-18T21:30:00,4.420,167.40,0.000
2026-09-18T21:15:00,4.420,163.90,0.000
2026-09-18T21:00:00,4.410,171.10,0.000
2026-09-18T20:45:00,4.410,166.80,0.000
2026-09-18T20:30:00,4.400,167.90,0.000
2026-09-18T20:15:00,4.390,147.90,0.000
2026-09-18T20:00:00,4.380,158.10,0.000
2026-09-18T19:45:00,4.380,165.30,0.000
2026-09-18T19:30:00,4.370,154.00,0.000
2026-09-18T19:15:00,4.370,149.30,0.000
2026-09-18T19:00:00,4.360,156.20,0.000
2026-09-18T18:45:00,4.360,143.50,0.000
2026-09-18T18:30:00,4.370,144.10,0.000
2026-09-18T18:15:00,4.370,138.50,0.000
2026-09-18T18:00:00,4.370,147.20,0.000
2026-09-18T17:45:00,4.370,147.80,0.000
2026-09-18T17:30:00,4.380,150.50,0.000
2026-09-18T17:15:00,4.380,153.10,0.000
2026-09-18T17:00:00,4.380,151.90,0.000
2026-09-18T16:45:00,4.390,155.60,0.000
2026-09-18T16:30:00,4.390,149.30,0.000
2026-09-18T16:15:00,4.390,157.50,0.000
2026-09-18T16:00:00,4.400,160.80,0.000
2026-09-18T15:45:00,4.400,152.40,0.000
2026-09-18T15:30:00,4.400,155.50,0.000
2026-09-18T15:15:00,4.410,144.30,0.000
2026-09-18T15:00:00,4.420,154.20,0.000
2026-09-18T14:45:00,4.420,154.30,0.000
2026-09-18T14:30:00,4.420,147.70,0.000
2026-09-18T14:15:00,4.430,152.30,0.000
2026-09-18T14:00:00,4.430,156.30,0.000
2026-09-18T13:45:00,4.440,155.40,0.000
2026-09-18T13:30:00,4.440,127.80,0.000
2026-09-18T13:15:00,4.450,137.00,0.000
2026-09-18T13:00:00,4.450,139.00,0.000
2026-09-18T12:45:00,4.460,138.00,0.000
2026-09-18T12:30:00,4.450,137.50,0.000
2026-09-18T12:15:00,4.470,145.00,0.000
2026-09-18T12:00:00,4.470,156.10,0.000
2026-09-18T11:45:00,4.480,140.80,0.000
2026-09-18T11:30:00,4.480,167.90,0.000
2026-09-18T11:15:00,4.480,156.10,0.000
2026-09-18T11:00:00,4.490,161.90,0.000
2026-09-18T10:45:00,4.500,163.40,0.000
2026-09-18T10:30:00,4.500,159.20,0.000
2026-09-18T10:15:00,4.500,166.60,0.000
2026-09-18T10:00:00,4.510,158.70,0.000
2026-09-18T09:45:00,4.510,154.40,0.000
2026-09-18T09:30:00,4.520,175.80,0.500
2026-09-18T09:15:00,4.520,163.60,0.000
2026-09-18T09:00:00,4.520,168.50,0.000
2026-09-18T08:45:00,4.520,168.00,0.000
2026-09-18T08:30:00,4.530,167.30,0.000
2026-09-18T08:15:00,4.530,168.50,0.000
2026-09-18T08:00:00,4.540,163.40,0.000
2026-09-18T07:45:00,4.540,177.10,0.000
2026-09-18T07:30:00,4.540,175.00,0.000
2026-09-18T07:15:00,4.540,163.40,0.000
2026-09-18T07:00:00,4.540,174.60,0.000
2026-09-18T06:45:00,4.540,172.60,0.000
2026-09-18T06:30:00,4.550,166.30,0.000
2026-09-18T06:15:00,4.550,170.20,0.000
2026-09-18T06:00:00,4.550,167.80,0.000
2026-09-18T05:45:00,4.550,165.40,0.000
2026-09-18T05:30:00,4.550,171.20,0.000
2026-09-18T05:15:00,4.550,168.50,0.000
2026-09-18T05:00:00,4.550,173.10,0.000
2026-09-18T04:45:00,4.550,170.60,0.000
2026-09-18T04:30:00,4.550,172.20,0.000
2026-09-18T04:15:00,4.550,175.20,0.000
2026-09-18T04:00:00,4.540,171.60,0.000
2026-09-18T03:45:00,4.540,161.40,0.000
2026-09-18T03:30:00,4.540,164.40,0.000
2026-09-18T03:15:00,4.550,170.70,0.000
2026-09-18T03:00:00,4.540,174.70,0.000
2026-09-18T02:45:00,4.540,168.50,0.000
2026-09-18T02:30:00,4.540,169.40,0.000
2026-09-18T02:15:00,4.540,174.00,0.000
2026-09-18T02:00:00,4.530,169.70,0.000
2026-09-18T01:45:00,4.540,170.10,0.000
2026-09-18T01:30:00,4.530,166.20,0.000
2026-09-18T01:15:00,4.540,171.80,0.000
2026-09-18T01:00:00,4.530,166.40,0.000
2026-09-18T00:45:00,4.530,172.10,0.000
2026-09-18T00:30:00,4.530,166.00,0.000
2026-09-18T00:15:00,4.530,165.00,0.000
2026-09-18T00:00:00,4.530,164.40,0.000
2026-09-17T23:45:00,4.520,170.50,0.000
2026-09-17T23:30:00,4.520,164.50,0.000
2026-09-17T23:15:00,4.520,162.90,0.000
2026-09-17T23:00:00,4.510,161.60,0.000
2026-09-17T22:45:00,4.500,166.20,0.000
2026-09-17T22:30:00,4.500,176.60,0.000
2026-09-17T22:15:00,4.490,173.80,0.000
2026-09-17T22:00:00,4.490,173.90,0.000
2026-09-17T21:45:00,4.480,163.20,0.000
2026-09-17T21:30:00,4.480,171.40,0.000
2026-09-17T21:15:00,4.480,168.80,0.000
2026-09-17T21:00:00,4.470,168.50,0.500
2026-09-17T20:45:00,4.470,167.60,0.000
2026-09-17T20:30:00,4.470,168.90,1.000
2026-09-17T20:15:00,4.470,170.10,0.500
2026-09-17T20:00:00,4.470,164.30,1.500
2026-09-17T19:45:00,4.460,174.50,1.000
2026-09-17T19:30:00,4.460,168.50,1.000
2026-09-17T19:15:00,4.460,164.00,0.500
2026-09-17T19:00:00,4.460,166.10,0.000
2026-09-17T18:45:00,4.450,169.90,0.500
2026-09-17T18:30:00,4.450,157.70,2.000
2026-09-17T18:15:00,4.430,148.80,7.500
2026-09-17T18:00:00,4.390,149.90,20.000
2026-09-17T17:45:00,4.360,146.00,16.500
2026-09-17T17:30:00,4.370,156.50,0.000
2026-09-17T17:15:00,4.370,156.50,0.000
2026-09-17T17:00:00,4.380,161.10,0.000
2026-09-17T16:45:00,4.380,164.40,0.000
2026-09-17T16:30:00,4.390,146.60,0.000
2026-09-17T16:15:00,4.390,161.20,0.000
2026-09-17T16:00:00,4.400,156.60,0.000
2026-09-17T15:45:00,4.400,164.90,0.000
2026-09-17T15:30:00,4.410,163.30,0.000
2026-09-17T15:15:00,4.410,156.30,0.000
2026-09-17T15:00:00,4.420,171.50,0.000
2026-09-17T14:45:00,4.420,145.10,0.000
2026-09-17T14:30:00,4.430,153.20,0.000
2026-09-17T14:15:00,4.430,156.80,0.000
2026-09-17T14:00:00,4.440,161.30,0.000
2026-09-17T13:45:00,4.450,162.70,0.000
2026-09-17T13:30:00,4.450,160.70,0.000
2026-09-17T13:15:00,4.460,148.60,0.500
2026-09-17T13:00:00,4.470,156.70,0.000
2026-09-17T12:45:00,4.480,155.60,0.000
2026-09-17T12:30:00,4.480,149.70,0.000
2026-09-17T12:15:00,4.490,165.70,0.000
2026-09-17T12:00:00,4.500,166.90,0.000
2026-09-17T11:45:00,4.500,170.30,0.000
2026-09-17T11:30:00,4.510,167.10,0.000
2026-09-17T11:15:00,4.510,171.00,0.000
2026-09-17T11:00:00,4.520,169.20,0.000
2026-09-17T10:45:00,4.530,169.20,0.000
2026-09-17T10:30:00,4.530,175.00,0.000
2026-09-17T10:15:00,4.540,167.20,0.000
2026-09-17T10:00:00,4.540,167.70,0.000
2026-09-17T09:45:00,4.550,166.50,0.000
2026-09-17T09:30:00,4.550,179.20,0.000
2026-09-17T09:15:00,4.550,184.50,0.000
2026-09-17T09:00:00,4.550,184.20,0.000
2026-09-17T08:45:00,4.560,173.00,0.000
2026-09-17T08:30:00,4.560,188.20,0.000
2026-09-17T08:15:00,4.560,180.30,0.000
2026-09-17T08:00:00,4.550,185.90,0.000
2026-09-17T07:45:00,4.550,183.20,0.000
2026-09-17T07:30:00,4.550,184.00,0.000
2026-09-17T07:15:00,4.530,192.10,0.000
2026-09-17T07:00:00,4.530,193.60,0.000
2026-09-17T06:45:00,4.520,188.90,0.000
2026-09-17T06:30:00,4.510,187.60,0.000
2026-09-17T06:15:00,4.500,180.80,0.000
2026-09-17T06:00:00,4.480,189.90,0.000
2026-09-17T05:45:00,4.470,182.60,0.000
2026-09-17T05:30:00,4.460,182.50,0.000
2026-09-17T05:15:00,4.440,186.70,0.000
2026-09-17T05:00:00,4.420,186.40,0.000
2026-09-17T04:45:00,4.410,180.50,0.000
2026-09-17T04:30:00,4.390,176.30,0.000
2026-09-17T04:15:00,4.370,171.60,0.000
2026-09-17T04:00:00,4.360,164.40,0.000
2026-09-17T03:45:00,4.350,173.00,0.000
2026-09-17T03:30:00,4.330,171.00,0.000
2026-09-17T03:15:00,4.310,158.20,0.000
2026-09-17T03:00:00,4.290,159.90,0.000
2026-09-17T02:45:00,4.280,157.40,0.000
2026-09-17T02:30:00,4.270,154.40,0.000
2026-09-17T02:15:00,4.250,146.90,0.000
2026-09-17T02:00:00,4.240,142.50,0.000
2026-09-17T01:45:00,4.230,137.50,0.000
2026-09-17T01:30:00,4.230,137.00,0.000
2026-09-17T01:15:00,4.220,137.90,0.000
2026-09-17T01:00:00,4.220,137.00,0.000
2026-09-17T00:45:00,4.210,130.70,0.000
2026-09-17T00:30:00,4.210,133.50,0.000
2026-09-17T00:15:00,4.220,131.30,0.000
2026-09-17T00:00:00,4.210,138.00,0.000
2026-09-16T23:45:00,4.210,139.80,0.000
2026-09-16T23:30:00,4.220,138.20,0.000
2026-09-16T23:15:00,4.220,143.50,0.500
2026-09-16T23:00:00,4.220,145.00,0.000
2026-09-16T22:45:00,4.230,134.00,0.000
2026-09-16T22:30:00,4.220,129.40,0.000
2026-09-16T22:15:00,4.230,129.60,0.000
2026-09-16T22:00:00,4.230,136.00,0.000
2026-09-16T21:45:00,4.230,129.00,0.000
2026-09-16T21:30:00,4.230,131.90,0.000
2026-09-16T21:15:00,4.240,138.00,0.500
2026-09-16T21:00:00,4.240,135.40,0.000
2026-09-16T20:45:00,4.240,133.90,0.000
2026-09-16T20:30:00,4.250,131.20,0.000
2026-09-16T20:15:00,4.250,136.10,0.000
2026-09-16T20:00:00,4.260,143.70,0.000
2026-09-16T19:45:00,4.260,136.50,0.000
2026-09-16T19:30:00,4.270,141.20,0.000
2026-09-16T19:15:00,4.280,141.40,0.000
2026-09-16T19:00:00,4.280,141.80,0.000
2026-09-16T18:45:00,4.290,148.10,0.000
2026-09-16T18:30:00,4.300,141.90,0.000
2026-09-16T18:15:00,4.300,144.50,0.000
2026-09-16T18:00:00,4.310,137.00,0.000
2026-09-16T17:45:00,4.310,149.60,0.000
2026-09-16T17:30:00,4.320,141.10,0.000
2026-09-16T17:15:00,4.330,141.20,0.000
2026-09-16T17:00:00,4.340,142.40,0.000
2026-09-16T16:45:00,4.340,142.40,0.000
2026-09-16T16:30:00,4.350,154.40,0.000
2026-09-16T16:15:00,4.360,156.00,0.000
2026-09-16T16:00:00,4.370,149.20,0.000
2026-09-16T15:45:00,4.370,148.40,0.000
2026-09-16T15:30:00,4.380,148.80,0.000
2026-09-16T15:15:00,4.390,153.20,0.000
2026-09-16T15:00:00,4.390,157.30,0.000
2026-09-16T14:45:00,4.400,143.20,0.000
2026-09-16T14:30:00,4.410,152.70,0.000
2026-09-16T14:15:00,4.420,155.00,0.000
2026-09-16T14:00:00,4.430,158.70,0.000
2026-09-16T13:45:00,4.430,173.50,0.000
2026-09-16T13:30:00,4.440,158.10,0.000
2026-09-16T13:15:00,4.450,171.60,0.000
2026-09-16T13:00:00,4.460,160.20,0.000
2026-09-16T12:45:00,4.470,169.80,0.000
2026-09-16T12:30:00,4.480,167.70,0.000
2026-09-16T12:15:00,4.480,150.80,0.000
2026-09-16T12:00:00,4.490,160.20,0.000
2026-09-16T11:45:00,4.500,166.20,0.000
2026-09-16T11:30:00,4.510,159.10,0.000
2026-09-16T11:15:00,4.510,133.20,0.000
2026-09-16T11:00:00,4.520,148.90,0.000
2026-09-16T10:45:00,4.530,160.20,0.000
2026-09-16T10:30:00,4.540,167.70,0.000
2026-09-16T10:15:00,4.540,172.50,0.000
2026-09-16T10:00:00,4.550,160.60,0.000
2026-09-16T09:45:00,4.560,174.80,0.000
2026-09-16T09:30:00,4.570,171.80,0.000
2026-09-16T09:15:00,4.580,184.50,0.000
2026-09-16T09:00:00,4.580,167.70,0.000
2026-09-16T08:45:00,4.590,168.20,0.000
2026-09-16T08:30:00,4.600,177.00,0.000
2026-09-16T08:15:00,4.600,177.20,0.000
2026-09-16T08:00:00,4.610,169.10,0.000
2026-09-16T07:45:00,4.620,179.50,0.000
2026-09-16T07:30:00,4.620,176.30,0.000
2026-09-16T07:15:00,4.630,178.20,0.000
2026-09-16T07:00:00,4.630,175.70,0.000
2026-09-16T06:45:00,4.640,172.40,0.000
2026-09-16T06:30:00,4.650,178.60,0.000
2026-09-16T06:15:00,4.650,173.80,0.000
2026-09-16T06:00:00,4.660,177.70,0.000
2026-09-16T05:45:00,4.660,180.80,0.000
2026-09-16T05:30:00,4.660,180.00,0.000
2026-09-16T05:15:00,4.660,177.30,0.000
2026-09-16T05:00:00,4.670,184.80,0.000
2026-09-16T04:45:00,4.670,181.90,0.000
2026-09-16T04:30:00,4.670,178.80,0.000
2026-09-16T04:15:00,4.670,183.20,0.000
2026-09-16T04:00:00,4.670,179.40,0.000
2026-09-16T03:45:00,4.670,179.40,0.000
2026-09-16T03:30:00,4.670,182.90,0.000
2026-09-16T03:15:00,4.670,181.90,0.000
2026-09-16T03:00:00,4.670,181.30,0.000
2026-09-16T02:45:00,4.670,174.70,0.000
2026-09-16T02:30:00,4.670,188.50,0.000
2026-09-16T02:15:00,4.660,185.80,0.000
2026-09-16T02:00:00,4.650,181.00,0.000
2026-09-16T01:45:00,4.660,186.30,0.000
2026-09-16T01:30:00,4.660,189.40,0.000
2026-09-16T01:15:00,4.650,190.70,0.000
2026-09-16T01:00:00,4.640,184.20,0.000
2026-09-16T00:45:00,4.640,187.40,0.000
2026-09-16T00:30:00,4.630,190.50,0.000
2026-09-16T00:15:00,4.630,189.50,0.000
2026-09-16T00:00:00,4.620,184.50,0.000
2026-09-15T23:45:00,4.620,191.00,0.000
2026-09-15T23:30:00,4.610,184.70,0.000
2026-09-15T23:15:00,4.600,185.50,0.000
2026-09-15T23:00:00,4.600,189.60,0.000
2026-09-15T22:45:00,4.600,192.70,0.000
2026-09-15T22:30:00,4.590,190.20,0.000
2026-09-15T22:15:00,4.590,191.70,0.500
2026-09-15T22:00:00,4.590,190.60,0.000
2026-09-15T21:45:00,4.590,188.60,0.500
2026-09-15T21:30:00,4.600,189.10,0.000
2026-09-15T21:15:00,4.600,180.70,0.500
2026-09-15T21:00:00,4.610,184.70,0.000
2026-09-15T20:45:00,4.610,175.50,0.000
2026-09-15T20:30:00,4.620,183.00,0.000
2026-09-15T20:15:00,4.620,178.80,0.000
2026-09-15T20:00:00,4.630,187.00,0.000
2026-09-15T19:45:00,4.630,186.30,0.000
2026-09-15T19:30:00,4.640,190.30,0.000
2026-09-15T19:15:00,4.640,181.70,1.000
2026-09-15T19:00:00,4.660,164.80,2.000
2026-09-15T18:45:00,4.650,172.60,1.500
2026-09-15T18:30:00,4.660,179.00,0.000
2026-09-15T18:15:00,4.660,180.30,0.000
2026-09-15T18:00:00,4.660,180.10,0.000
2026-09-15T17:45:00,4.660,189.00,0.000
2026-09-15T17:30:00,4.670,185.90,0.000
2026-09-15T17:15:00,4.680,175.50,0.000
2026-09-15T17:00:00,4.680,179.00,0.000
2026-09-15T16:45:00,4.670,168.30,0.000
2026-09-15T16:30:00,4.670,172.00,0.000
2026-09-15T16:15:00,4.670,179.00,0.000
2026-09-15T16:00:00,4.660,168.50,0.000
2026-09-15T15:45:00,4.650,175.40,0.000
2026-09-15T15:30:00,4.640,170.80,0.000
2026-09-15T15:15:00,4.620,165.70,0.000
2026-09-15T15:00:00,4.610,171.00,0.000
2026-09-15T14:45:00,4.590,167.90,0.000
2026-09-15T14:30:00,4.580,176.90,0.000
2026-09-15T14:15:00,4.560,164.10,0.000
2026-09-15T14:00:00,4.550,166.30,0.000
2026-09-15T13:45:00,4.540,156.70,0.000
2026-09-15T13:30:00,4.510,174.10,0.000
2026-09-15T13:15:00,4.500,162.30,0.000
2026-09-15T13:00:00,4.490,160.50,0.000
2026-09-15T12:45:00,4.470,166.80,0.000
2026-09-15T12:30:00,4.460,152.50,0.000
2026-09-15T12:15:00,4.440,147.30,0.000
2026-09-15T12:00:00,4.440,146.80,0.000
2026-09-15T11:45:00,4.420,160.00,0.000
2026-09-15T11:30:00,4.420,140.70,0.000
2026-09-15T11:15:00,4.420,148.50,0.000
2026-09-15T11:00:00,4.420,141.60,0.000
2026-09-15T10:45:00,4.450,116.30,0.000
2026-09-15T10:30:00,4.440,116.00,0.000
2026-09-15T10:15:00,4.430,110.30,0.000
2026-09-15T10:00:00,4.420,115.80,0.000
2026-09-15T09:45:00,4.410,118.40,0.000
2026-09-15T09:30:00,4.390,110.10,0.000
2026-09-15T09:15:00,4.380,104.10,0.000
2026-09-15T09:00:00,4.370,119.50,0.000
2026-09-15T08:45:00,4.360,121.00,0.500
2026-09-15T08:30:00,4.350,120.80,1.000
2026-09-15T08:15:00,4.340,120.60,1.000
2026-09-15T08:00:00,4.330,116.60,1.000
2026-09-15T07:45:00,4.320,114.10,1.500
2026-09-15T07:30:00,4.310,112.50,1.500
2026-09-15T07:15:00,4.310,114.70,0.500
2026-09-15T07:00:00,4.300,104.00,1.000
2026-09-15T06:45:00,4.280,111.80,6.500
2026-09-15T06:30:00,4.260,111.80,8.000
2026-09-15T06:15:00,4.250,112.30,2.500
2026-09-15T06:00:00,4.240,108.60,6.500
2026-09-15T05:45:00,4.230,106.70,7.500
2026-09-15T05:30:00,4.230,89.40,2.500
2026-09-15T05:15:00,4.230,100.70,0.000
2026-09-15T05:00:00,4.230,86.10,0.000
2026-09-15T04:45:00,4.230,88.80,0.000
2026-09-15T04:30:00,4.230,91.50,0.000
2026-09-15T04:15:00,4.230,86.10,0.000
2026-09-15T04:00:00,4.230,89.10,0.000
2026-09-15T03:45:00,4.230,89.70,0.000
2026-09-15T03:30:00,4.220,91.50,0.000
2026-09-15T03:15:00,4.220,86.70,0.000
2026-09-15T03:00:00,4.220,106.80,0.000
2026-09-15T02:45:00,4.230,101.80,0.500
2026-09-15T02:30:00,4.220,89.50,0.000
2026-09-15T02:15:00,4.220,90.50,0.000
2026-09-15T02:00:00,4.220,82.00,0.000
2026-09-15T01:45:00,4.220,90.00,0.000
2026-09-15T01:30:00,4.220,86.40,0.000
2026-09-15T01:15:00,4.220,85.20,0.000
2026-09-15T01:00:00,4.220,84.70,0.000
2026-09-15T00:45:00,4.220,88.80,0.000
2026-09-15T00:30:00,4.220,93.70,0.000
2026-09-15T00:15:00,4.220,88.80,0.000
2026-09-15T00:00:00,4.230,87.30,0.000
2026-09-14T23:45:00,4.230,92.20,0.000
2026-09-14T23:30:00,4.220,88.40,0.000
2026-09-14T23:15:00,4.220,86.70,0.000
2026-09-14T23:00:00,4.220,86.30,0.000
2026-09-14T22:45:00,4.220,92.00,0.000
2026-09-14T22:30:00,4.220,85.50,0.000
2026-09-14T22:15:00,4.220,87.20,0.000
2026-09-14T22:00:00,4.220,85.20,0.000
2026-09-14T21:45:00,4.220,88.10,0.000
2026-09-14T21:30:00,4.220,84.10,0.000
2026-09-14T21:15:00,4.220,81.70,0.000
2026-09-14T21:00:00,4.220,86.00,0.000
2026-09-14T20:45:00,4.220,90.30,0.000
2026-09-14T20:30:00,4.220,88.50,0.000
2026-09-14T20:15:00,4.220,85.40,0.000
2026-09-14T20:00:00,4.220,89.00,0.000
2026-09-14T19:45:00,4.220,89.70,0.000
2026-09-14T19:30:00,4.220,83.20,0.000
2026-09-14T19:15:00,4.220,86.40,0.000
2026-09-14T19:00:00,4.220,88.30,0.000
2026-09-14T18:45:00,4.220,87.70,0.000
2026-09-14T18:30:00,4.210,87.30,0.000
2026-09-14T18:15:00,4.210,85.60,0.000
2026-09-14T18:00:00,4.210,88.10,0.000
2026-09-14T17:45:00,4.210,86.00,0.000
2026-09-14T17:30:00,4.210,90.50,0.000
2026-09-14T17:15:00,4.210,84.70,0.000
2026-09-14T17:00:00,4.210,87.60,0.000
2026-09-14T16:45:00,4.210,89.60,0.000
2026-09-14T16:30:00,4.210,85.50,0.000
2026-09-14T16:15:00,4.210,88.80,0.000
2026-09-14T16:00:00,4.200,90.40,0.000
2026-09-14T15:45:00,4.200,88.10,0.000
2026-09-14T15:30:00,4.200,100.70,0.500
2026-09-14T15:15:00,4.200,110.00,0.000
2026-09-14T15:00:00,4.200,106.90,0.500
2026-09-14T14:45:00,4.190,93.80,0.000
2026-09-14T14:30:00,4.190,92.10,0.000
2026-09-14T14:15:00,4.190,89.30,0.000
2026-09-14T14:00:00,4.180,89.70,0.000
2026-09-14T13:45:00,4.180,90.00,0.000
2026-09-14T13:30:00,4.180,89.10,0.000
2026-09-14T13:15:00,4.180,89.30,0.000
2026-09-14T13:00:00,4.170,86.30,0.000
2026-09-14T12:45:00,4.170,85.30,0.000
2026-09-14T12:30:00,4.170,81.70,0.000
2026-09-14T12:15:00,4.160,84.90,0.000
2026-09-14T12:00:00,4.160,84.60,0.000
2026-09-14T11:45:00,4.160,82.20,0.000
2026-09-14T11:30:00,4.160,88.70,0.000
2026-09-14T11:15:00,4.140,87.20,0.000
2026-09-14T11:00:00,4.140,87.80,0.000
2026-09-14T10:45:00,4.140,95.00,0.000
2026-09-14T10:30:00,4.140,87.40,0.000
2026-09-14T10:15:00,4.130,83.90,0.000
2026-09-14T10:00:00,4.120,84.30,0.000
2026-09-14T09:45:00,4.120,84.70,0.000
2026-09-14T09:30:00,4.110,83.30,0.000
2026-09-14T09:15:00,4.110,82.60,0.000
2026-09-14T09:00:00,4.100,87.00,0.000
2026-09-14T08:45:00,4.070,91.00,0.000
2026-09-14T08:30:00,4.060,90.00,0.000
2026-09-14T08:15:00,4.070,93.80,0.000
2026-09-14T08:00:00,4.070,93.80,0.000
2026-09-14T07:45:00,4.070,92.10,0.000
2026-09-14T07:30:00,4.070,93.60,0.000
2026-09-14T07:15:00,4.070,88.80,0.000
2026-09-14T07:00:00,4.080,92.50,0.000
2026-09-14T06:45:00,4.080,89.00,0.000
2026-09-14T06:30:00,4.080,93.10,0.000
2026-09-14T06:15:00,4.080,92.80,0.000
2026-09-14T06:00:00,4.080,93.20,0.000
2026-09-14T05:45:00,4.080,97.00,0.000
2026-09-14T05:30:00,4.080,91.90,0.000
2026-09-14T05:15:00,4.080,93.90,0.000
2026-09-14T05:00:00,4.090,93.10,0.000
2026-09-14T04:45:00,4.090,96.40,0.000
2026-09-14T04:30:00,4.090,91.80,0.000
2026-09-14T04:15:00,4.090,89.10,0.000
2026-09-14T04:00:00,4.090,100.00,0.000
2026-09-14T03:45:00,4.090,97.10,0.000
2026-09-14T03:30:00,4.090,95.70,0.000
2026-09-14T03:15:00,4.100,95.80,0.000
2026-09-14T03:00:00,4.100,95.40,0.000
2026-09-14T02:45:00,4.100,98.30,0.000
2026-09-14T02:30:00,4.100,97.60,0.000
2026-09-14T02:15:00,4.100,99.50,0.000
2026-09-14T02:00:00,4.100,98.80,0.000
2026-09-14T01:45:00,4.100,96.70,0.000
2026-09-14T01:30:00,4.100,96.30,0.000
2026-09-14T01:15:00,4.100,99.00,0.000
2026-09-14T01:00:00,4.110,99.40,0.000
2026-09-14T00:45:00,4.110,99.80,0.000
2026-09-14T00:30:00,4.110,96.90,0.000
2026-09-14T00:15:00,4.110,98.90,0.000
2026-09-14T00:00:00,4.110,98.50,0.000
2026-09-27T23:45:00,7.460,559.40,0.000
2026-09-27T23:30:00,7.470,531.90,0.000
2026-09-27T23:15:00,7.480,556.80,0.000
2026-09-27T23:00:00,7.480,554.60,0.000
2026-09-27T22:45:00,7.480,442.50,0.000
2026-09-27T22:30:00,7.490,562.50,0.000
2026-09-27T22:15:00,7.500,565.40,0.000
2026-09-27T22:00:00,7.500,561.60,0.000
2026-09-27T21:45:00,7.510,572.50,0.000
2026-09-27T21:30:00,7.510,556.40,0.000
2026-09-27T21:15:00,7.530,583.30,0.000
2026-09-27T21:00:00,7.520,607.50,0.000
2026-09-27T20:45:00,7.530,580.60,0.000
2026-09-27T20:30:00,7.530,604.50,0.000
2026-09-27T20:15:00,7.530,559.00,0.000
2026-09-27T20:00:00,7.550,619.50,0.000
2026-09-27T19:45:00,7.550,510.60,0.000
2026-09-27T19:30:00,7.550,539.10,0.000
2026-09-27T19:15:00,7.540,543.60,0.000
2026-09-27T19:00:00,7.580,597.00,0.000
2026-09-27T18:45:00,7.570,648.30,0.000
2026-09-27T18:30:00,7.560,581.80,0.000
2026-09-27T18:15:00,7.570,600.40,0.000
2026-09-27T18:00:00,7.580,598.80,0.000
2026-09-27T17:45:00,7.580,570.10,0.000
2026-09-27T17:30:00,7.590,552.90,0.000
2026-09-27T17:15:00,7.600,560.80,0.000
2026-09-27T17:00:00,7.590,567.60,0.000
2026-09-27T16:45:00,7.580,608.40,0.000
2026-09-27T16:30:00,7.590,577.00,0.000
2026-09-27T16:15:00,7.600,536.40,0.500
2026-09-27T16:00:00,7.590,608.50,0.000
2026-09-27T15:45:00,7.600,521.50,0.000
2026-09-27T15:30:00,7.620,634.60,0.000
2026-09-27T15:15:00,7.600,570.50,0.000
2026-09-27T15:00:00,7.620,615.30,0.000
2026-09-27T14:45:00,7.620,616.70,0.000
2026-09-27T14:30:00,7.630,616.50,0.000
2026-09-27T14:15:00,7.640,572.60,0.000
2026-09-27T14:00:00,7.630,626.60,0.000
2026-09-27T13:45:00,7.650,599.70,0.000
2026-09-27T13:30:00,7.650,629.90,0.000
2026-09-27T13:15:00,7.650,508.80,0.000
2026-09-27T13:00:00,7.660,617.90,0.000
2026-09-27T12:45:00,7.640,582.60,0.000
2026-09-27T12:30:00,7.650,531.00,0.000
2026-09-27T12:15:00,7.670,532.30,0.000
2026-09-27T12:00:00,7.660,564.70,0.000
2026-09-27T11:45:00,7.650,607.10,2.500
2026-09-27T11:30:00,7.660,600.50,3.000
2026-09-27T11:15:00,7.650,601.60,2.500
2026-09-27T11:00:00,7.660,609.50,4.500
2026-09-27T10:45:00,7.660,568.50,1.500
2026-09-27T10:30:00,7.650,581.00,1.500
2026-09-27T10:15:00,7.650,608.60,1.000
2026-09-27T10:00:00,7.680,587.30,0.000
2026-09-27T09:45:00,7.660,625.20,0.000
2026-09-27T09:30:00,7.660,616.50,0.000
2026-09-27T09:15:00,7.670,528.30,0.000
2026-09-27T09:00:00,7.650,592.10,0.000
2026-09-27T08:45:00,7.660,614.40,0.000
2026-09-27T08:30:00,7.660,545.70,0.000
2026-09-27T08:15:00,7.640,579.20,0.000
2026-09-27T08:00:00,7.650,578.80,0.000
2026-09-27T07:45:00,7.630,643.50,0.500
2026-09-27T07:30:00,7.630,609.20,0.000
2026-09-27T07:15:00,7.620,639.30,0.500
2026-09-27T07:00:00,7.590,624.50,0.000
2026-09-27T06:45:00,7.600,634.00,0.500
2026-09-27T06:30:00,7.580,608.50,0.000
2026-09-27T06:15:00,7.570,593.30,0.000
2026-09-27T06:00:00,7.540,601.50,0.000
2026-09-27T05:45:00,7.530,628.10,0.000
2026-09-27T05:30:00,7.490,575.90,0.000
2026-09-27T05:15:00,7.460,498.10,0.000
2026-09-27T05:00:00,7.440,594.90,0.000
2026-09-27T04:45:00,7.420,576.60,0.000
2026-09-27T04:30:00,7.390,497.10,0.000
2026-09-27T04:15:00,7.360,512.00,0.000
2026-09-27T04:00:00,7.320,517.90,0.000
2026-09-27T03:45:00,7.310,498.70,0.000
2026-09-27T03:30:00,7.270,513.20,0.000
2026-09-27T03:15:00,7.250,469.70,0.000
2026-09-27T03:00:00,7.230,472.90,0.000
2026-09-27T02:45:00,7.220,464.50,0.000
2026-09-27T02:30:00,7.190,479.40,0.000
2026-09-27T02:15:00,7.170,430.40,0.000
2026-09-27T02:00:00,7.160,474.40,0.000
2026-09-27T01:45:00,7.130,437.50,0.000
2026-09-27T01:30:00,7.100,464.50,0.000
2026-09-27T01:15:00,7.080,409.70,0.000
2026-09-27T01:00:00,7.070,422.30,0.000
2026-09-27T00:45:00,7.040,420.20,0.000
2026-09-27T00:30:00,7.020,386.50,0.000
2026-09-27T00:15:00,7.000,377.50,0.000
2026-09-27T00:00:00,6.980,436.80,0.000
2026-09-26T23:45:00,6.960,438.30,0.000
2026-09-26T23:30:00,6.940,455.10,0.000
2026-09-26T23:15:00,6.910,398.90,0.000
2026-09-26T23:00:00,6.890,404.80,0.500
2026-09-26T22:45:00,6.860,406.10,0.000
2026-09-26T22:30:00,6.830,376.10,0.000
2026-09-26T22:15:00,6.810,379.50,0.000
2026-09-26T22:00:00,6.790,424.10,0.000
2026-09-26T21:45:00,6.770,391.60,0.000
2026-09-26T21:30:00,6.750,386.40,0.000
2026-09-26T21:15:00,6.730,373.50,0.000
2026-09-26T21:00:00,6.700,389.50,0.000
2026-09-26T20:45:00,6.680,366.90,0.000
2026-09-26T20:30:00,6.660,376.60,0.000
2026-09-26T20:15:00,6.630,376.50,0.000
2026-09-26T20:00:00,6.610,380.20,0.500
2026-09-26T19:45:00,6.590,373.00,0.500
2026-09-26T19:30:00,6.560,371.50,0.000
2026-09-26T19:15:00,6.540,355.90,0.000
2026-09-26T19:00:00,6.520,357.90,0.500
2026-09-26T18:45:00,6.490,393.10,1.000
2026-09-26T18:30:00,6.470,353.30,0.500
2026-09-26T18:15:00,6.450,363.60,1.000
2026-09-26T18:00:00,6.420,382.80,2.000
2026-09-26T17:45:00,6.390,358.30,0.500
2026-09-26T17:30:00,6.360,339.50,0.500
2026-09-26T17:15:00,6.330,344.80,0.500
2026-09-26T17:00:00,6.300,353.00,0.500
2026-09-26T16:45:00,6.270,338.20,0.500
2026-09-26T16:30:00,6.250,332.10,1.000
2026-09-26T16:15:00,6.220,345.60,1.000
2026-09-26T16:00:00,6.190,336.30,1.000
2026-09-26T15:45:00,6.160,324.80,0.500
2026-09-26T15:30:00,6.140,321.40,0.500
2026-09-26T15:15:00,6.110,314.30,0.000
2026-09-26T15:00:00,6.090,308.60,0.500
2026-09-26T14:45:00,6.060,322.20,1.500
2026-09-26T14:30:00,6.040,312.40,1.000
2026-09-26T14:15:00,6.020,316.80,1.000
2026-09-26T14:00:00,5.960,346.80,1.500
2026-09-26T13:45:00,5.940,331.90,2.500
2026-09-26T13:30:00,5.910,316.50,1.000
2026-09-26T13:15:00,5.900,324.00,1.000
2026-09-26T13:00:00,5.870,318.20,1.500
2026-09-26T12:45:00,5.850,343.10,1.000
2026-09-26T12:30:00,5.830,328.70,1.500
2026-09-26T12:15:00,5.800,319.60,1.500
2026-09-26T12:00:00,5.790,313.90,1.500
2026-09-26T11:45:00,5.770,320.80,1.000
2026-09-26T11:30:00,5.750,309.00,1.500
2026-09-26T11:15:00,5.740,316.40,1.000
2026-09-26T11:00:00,5.730,312.20,0.500
2026-09-26T10:45:00,5.720,315.20,0.500
2026-09-26T10:30:00,5.720,306.70,0.000
2026-09-26T10:15:00,5.700,296.20,0.500
2026-09-26T10:00:00,5.700,314.10,1.500
2026-09-26T09:45:00,5.700,304.50,1.000
2026-09-26T09:30:00,5.690,305.90,0.500
2026-09-26T09:15:00,5.690,306.00,1.000
2026-09-26T09:00:00,5.690,282.30,0.000
2026-09-26T08:45:00,5.690,298.10,0.500
2026-09-26T08:30:00,5.690,281.50,0.500
2026-09-26T08:15:00,5.690,306.90,0.500
2026-09-26T08:00:00,5.680,309.60,1.500
2026-09-26T07:45:00,5.670,340.70,2.500
2026-09-26T07:30:00,5.660,330.60,4.000
2026-09-26T07:15:00,5.660,288.40,2.000
2026-09-26T07:00:00,5.650,287.40,2.000
2026-09-26T06:45:00,5.650,327.20,3.500
2026-09-26T06:30:00,5.640,269.80,2.000
2026-09-26T06:15:00,5.640,292.50,0.500
2026-09-26T06:00:00,5.650,298.60,0.000
2026-09-26T05:45:00,5.650,295.30,0.000
2026-09-26T05:30:00,5.650,310.80,2.000
2026-09-26T05:15:00,5.660,293.60,0.000
2026-09-26T05:00:00,5.660,298.70,0.000
2026-09-26T04:45:00,5.660,307.00,0.000
2026-09-26T04:30:00,5.660,298.80,0.000
2026-09-26T04:15:00,5.660,305.30,0.500
2026-09-26T04:00:00,5.670,302.00,0.500
2026-09-26T03:45:00,5.670,311.80,0.000
2026-09-26T03:30:00,5.670,298.50,0.000
2026-09-26T03:15:00,5.680,303.20,0.500
2026-09-26T03:00:00,5.680,305.00,0.500
2026-09-26T02:45:00,5.670,303.90,1.000
2026-09-26T02:30:00,5.680,297.40,0.500
2026-09-26T02:15:00,5.680,322.90,0.500
2026-09-26T02:00:00,5.670,303.60,1.000
2026-09-26T01:45:00,5.670,316.30,1.500
2026-09-26T01:30:00,5.670,310.80,2.000
2026-09-26T01:15:00,5.670,317.20,0.500
2026-09-26T01:00:00,5.660,326.50,1.000
2026-09-26T00:45:00,5.650,328.70,1.000
2026-09-26T00:30:00,5.650,320.10,0.500
2026-09-26T00:15:00,5.640,301.70,0.000
2026-09-26T00:00:00,5.640,304.80,0.000
2026-09-25T23:45:00,5.640,313.10,0.000
2026-09-25T23:30:00,5.620,307.10,0.000
2026-09-25T23:15:00,5.600,306.70,0.000
2026-09-25T23:00:00,5.590,313.60,0.000
2026-09-25T22:45:00,5.580,304.40,0.000
2026-09-25T22:30:00,5.560,295.30,0.000
2026-09-25T22:15:00,5.550,298.40,0.000
2026-09-25T22:00:00,5.540,305.70,0.000
2026-09-25T21:45:00,5.520,287.70,0.000
2026-09-25T21:30:00,5.500,288.10,0.000
2026-09-25T21:15:00,5.490,301.30,0.000
2026-09-25T21:00:00,5.470,285.60,0.000
2026-09-25T20:45:00,5.450,289.10,0.000
2026-09-25T20:30:00,5.430,303.90,0.000
2026-09-25T20:15:00,5.410,301.80,0.000
2026-09-25T20:00:00,5.400,299.40,0.500
2026-09-25T19:45:00,5.380,297.30,0.500
2026-09-25T19:30:00,5.360,302.40,2.000
2026-09-25T19:15:00,5.340,292.10,1.000
2026-09-25T19:00:00,5.320,287.50,0.500
2026-09-25T18:45:00,5.310,302.00,3.500
2026-09-25T18:30:00,5.290,273.40,6.500
2026-09-25T18:15:00,5.270,283.90,5.500
2026-09-25T18:00:00,5.250,274.90,1.000
2026-09-25T17:45:00,5.230,258.30,0.000
2026-09-25T17:30:00,5.210,261.90,0.500
2026-09-25T17:15:00,5.200,265.90,0.000
2026-09-25T17:00:00,5.190,252.80,1.000
2026-09-25T16:45:00,5.170,272.80,1.500
2026-09-25T16:30:00,5.150,263.50,8.500
2026-09-25T16:15:00,5.150,260.70,1.500
2026-09-25T16:00:00,5.140,248.80,0.500
2026-09-25T15:45:00,5.130,235.00,0.000
2026-09-25T15:30:00,5.120,246.60,0.000
2026-09-25T15:15:00,5.110,252.70,0.000
2026-09-25T15:00:00,5.100,245.30,0.000
2026-09-25T14:45:00,5.100,243.20,0.000
2026-09-25T14:30:00,5.080,243.90,1.500
2026-09-25T14:15:00,5.070,252.80,0.000
2026-09-25T14:00:00,5.060,253.40,0.500
2026-09-25T13:45:00,5.040,243.90,1.500
2026-09-25T13:30:00,5.030,255.40,1.500
2026-09-25T13:15:00,5.020,220.90,1.500
2026-09-25T13:00:00,5.020,228.60,0.000
2026-09-25T12:45:00,5.000,219.50,0.000
2026-09-25T12:30:00,4.980,234.20,0.500
2026-09-25T12:15:00,4.970,216.60,0.500
2026-09-25T12:00:00,4.960,212.30,0.000
2026-09-25T11:45:00,4.950,200.80,0.000
2026-09-25T11:30:00,4.930,202.10,0.500
2026-09-25T11:15:00,4.910,210.10,0.000
2026-09-25T11:00:00,4.890,202.00,0.500
2026-09-25T10:45:00,4.860,204.10,0.000
2026-09-25T10:30:00,4.840,211.40,1.000
2026-09-25T10:15:00,4.810,203.00,0.500
2026-09-25T10:00:00,4.790,198.00,0.000
2026-09-25T09:45:00,4.760,196.60,0.000
2026-09-25T09:30:00,4.730,193.30,0.000
2026-09-25T09:15:00,4.690,198.00,0.000
2026-09-25T09:00:00,4.660,203.40,0.500
2026-09-25T08:45:00,4.630,204.50,0.500
2026-09-25T08:30:00,4.600,202.30,1.000
2026-09-25T08:15:00,4.570,200.00,1.500
2026-09-25T08:00:00,4.540,182.70,0.000
2026-09-25T07:45:00,4.510,192.90,0.000
2026-09-25T07:30:00,4.480,187.20,0.000
2026-09-25T07:15:00,4.460,179.40,0.000
2026-09-25T07:00:00,4.440,171.30,0.000
2026-09-25T06:45:00,4.420,179.40,0.500
2026-09-25T06:30:00,4.390,165.00,0.000
2026-09-25T06:15:00,4.380,159.10,0.000
2026-09-25T06:00:00,4.360,153.50,0.500
2026-09-25T05:45:00,4.350,156.30,0.000
2026-09-25T05:30:00,4.330,155.70,0.000
2026-09-25T05:15:00,4.330,146.20,0.000
2026-09-25T05:00:00,4.320,160.10,0.500
2026-09-25T04:45:00,4.310,147.70,0.000
2026-09-25T04:30:00,4.310,139.90,0.000
2026-09-25T04:15:00,4.300,146.20,0.000
2026-09-25T04:00:00,4.300,133.80,0.000
2026-09-25T03:45:00,4.290,146.70,0.000
2026-09-25T03:30:00,4.290,149.00,0.500
2026-09-25T03:15:00,4.280,150.00,1.000
2026-09-25T03:00:00,4.270,148.80,1.500
2026-09-25T02:45:00,4.260,151.50,5.500
2026-09-25T02:30:00,4.250,144.30,5.000
2026-09-25T02:15:00,4.250,143.00,2.500
2026-09-25T02:00:00,4.250,139.80,1.500
2026-09-25T01:45:00,4.250,138.60,0.500
2026-09-25T01:30:00,4.250,142.60,1.500
2026-09-25T01:15:00,4.250,135.30,1.000
2026-09-25T01:00:00,4.250,131.70,0.500
2026-09-25T00:45:00,4.250,145.40,0.500
2026-09-25T00:30:00,4.250,140.80,1.000
2026-09-25T00:15:00,4.250,151.60,3.500
2026-09-25T00:00:00,4.260,146.70,0.500
2026-09-24T23:45:00,4.260,143.30,0.000
2026-09-24T23:30:00,4.260,143.60,0.500
2026-09-24T23:15:00,4.260,137.50,0.000
2026-09-24T23:00:00,4.270,133.00,0.000
2026-09-24T22:45:00,4.270,136.10,0.000
2026-09-24T22:30:00,4.270,144.00,0.000
2026-09-24T22:15:00,4.270,149.30,0.000
2026-09-24T22:00:00,4.280,147.20,0.500
2026-09-24T21:45:00,4.280,134.60,0.500
2026-09-24T21:30:00,4.280,155.60,0.500
2026-09-24T21:15:00,4.280,146.90,0.000
2026-09-24T21:00:00,4.280,139.10,0.000
2026-09-24T20:45:00,4.290,149.10,0.000
2026-09-24T20:30:00,4.290,149.30,0.000
2026-09-24T20:15:00,4.280,144.10,0.500
2026-09-24T20:00:00,4.290,146.70,0.000
2026-09-24T19:45:00,4.280,139.10,0.000
2026-09-24T19:30:00,4.280,132.70,0.000
2026-09-24T19:15:00,4.280,148.40,0.000
2026-09-24T19:00:00,4.290,142.70,0.000
2026-09-24T18:45:00,4.290,144.70,0.000
2026-09-24T18:30:00,4.290,148.80,0.000
2026-09-24T18:15:00,4.290,150.00,0.000
2026-09-24T18:00:00,4.290,143.90,0.000
2026-09-24T17:45:00,4.290,152.40,0.000
2026-09-24T17:30:00,4.290,145.90,0.000
2026-09-24T17:15:00,4.280,141.60,0.500
2026-09-24T17:00:00,4.290,154.30,0.000
2026-09-24T16:45:00,4.290,154.60,0.000
2026-09-24T16:30:00,4.280,148.70,0.500
2026-09-24T16:15:00,4.280,148.10,0.000
2026-09-24T16:00:00,4.280,152.00,0.000
2026-09-24T15:45:00,4.280,149.00,0.000
2026-09-24T15:30:00,4.270,156.20,0.500
2026-09-24T15:15:00,4.270,149.00,0.000
2026-09-24T15:00:00,4.270,142.60,0.000
2026-09-24T14:45:00,4.270,153.00,0.000
2026-09-24T14:30:00,4.270,145.80,0.000
2026-09-24T14:15:00,4.260,148.20,0.000
2026-09-24T14:00:00,4.260,150.30,0.000
2026-09-24T13:45:00,4.260,143.70,0.000
2026-09-24T13:30:00,4.250,148.90,0.000
2026-09-24T13:15:00,4.250,137.00,0.000
2026-09-24T13:00:00,4.250,142.10,0.000
2026-09-24T12:45:00,4.240,137.50,0.000
2026-09-24T12:30:00,4.240,128.90,0.000
2026-09-24T12:15:00,4.240,137.60,0.000
2026-09-24T12:00:00,4.230,137.30,0.000
2026-09-24T11:45:00,4.230,140.40,0.000
2026-09-24T11:30:00,4.230,135.30,0.000
2026-09-24T11:15:00,4.220,138.70,0.000
2026-09-24T11:00:00,4.220,130.80,0.000
2026-09-24T10:45:00,4.220,131.40,0.000
2026-09-24T10:30:00,4.220,131.40,0.000
2026-09-24T10:15:00,4.220,132.40,0.000
2026-09-24T10:00:00,4.220,133.20,0.000
2026-09-24T09:45:00,4.220,129.40,0.000
2026-09-24T09:30:00,4.220,131.20,0.000
2026-09-24T09:15:00,4.220,133.00,0.000
2026-09-24T09:00:00,4.220,128.90,0.000
2026-09-24T08:45:00,4.220,124.30,0.000
2026-09-24T08:30:00,4.230,131.10,0.000
2026-09-24T08:15:00,4.220,131.60,0.000
2026-09-24T08:00:00,4.220,136.30,0.000
2026-09-24T07:45:00,4.220,130.80,0.000
2026-09-24T07:30:00,4.220,126.70,0.000
2026-09-24T07:15:00,4.220,129.40,0.000
2026-09-24T07:00:00,4.220,129.00,0.000
2026-09-24T06:45:00,4.220,128.60,0.000
2026-09-24T06:30:00,4.220,137.90,0.000
2026-09-24T06:15:00,4.220,130.40,0.000
2026-09-24T06:00:00,4.220,127.60,0.000
2026-09-24T05:45:00,4.220,132.30,0.000
2026-09-24T05:30:00,4.220,128.50,0.000
2026-09-24T05:15:00,4.220,134.40,0.000
2026-09-24T05:00:00,4.220,130.30,0.500
2026-09-24T04:45:00,4.220,129.40,0.000
2026-09-24T04:30:00,4.220,126.20,0.000
2026-09-24T04:15:00,4.220,124.00,0.000
2026-09-24T04:00:00,4.220,133.00,0.000
2026-09-24T03:45:00,4.220,137.50,0.000
2026-09-24T03:30:00,4.220,134.70,0.000
2026-09-24T03:15:00,4.220,145.30,0.000
2026-09-24T03:00:00,4.220,140.60,1.000
2026-09-24T02:45:00,4.220,139.60,0.500
2026-09-24T02:30:00,4.220,149.30,1.500
2026-09-24T02:15:00,4.210,140.70,4.000
2026-09-24T02:00:00,4.220,141.20,2.500
2026-09-24T01:45:00,4.210,127.80,4.500
2026-09-24T01:30:00,4.220,140.30,1.000
2026-09-24T01:15:00,4.220,130.20,0.000
2026-09-24T01:00:00,4.230,138.90,0.000
2026-09-24T00:45:00,4.230,138.10,0.000
2026-09-24T00:30:00,4.240,131.60,0.000
2026-09-24T00:15:00,4.230,131.90,0.000
2026-09-24T00:00:00,4.240,141.70,0.000
2026-09-23T23:45:00,4.250,137.40,0.000
2026-09-23T23:30:00,4.250,147.00,0.000
2026-09-23T23:15:00,4.250,140.70,0.000
2026-09-23T23:00:00,4.260,143.10,0.000
2026-09-23T22:45:00,4.260,135.10,0.000
2026-09-23T22:30:00,4.260,140.40,0.000
2026-09-23T22:15:00,4.260,140.70,0.000
2026-09-23T22:00:00,4.260,147.60,0.000
2026-09-23T21:45:00,4.260,148.20,0.000
2026-09-23T21:30:00,4.250,147.80,0.000
2026-09-23T21:15:00,4.250,145.20,0.000
2026-09-23T21:00:00,4.240,144.60,0.000
2026-09-23T20:45:00,4.240,138.80,0.000
2026-09-23T20:30:00,4.230,140.90,0.000
2026-09-23T20:15:00,4.220,135.10,0.000
2026-09-23T20:00:00,4.220,140.90,0.000
2026-09-23T19:45:00,4.200,131.80,0.000
2026-09-23T19:30:00,4.190,128.30,0.000
2026-09-23T19:15:00,4.180,131.30,0.000
2026-09-23T19:00:00,4.180,130.30,0.000
2026-09-23T18:45:00,4.180,123.20,0.000
2026-09-23T18:30:00,4.160,125.60,0.000
2026-09-23T18:15:00,4.170,120.70,0.000
2026-09-23T18:00:00,4.160,126.10,0.000
2026-09-23T17:45:00,4.160,121.30,0.000
2026-09-23T17:30:00,4.160,120.40,0.000
2026-09-23T17:15:00,4.160,123.30,0.000
2026-09-23T17:00:00,4.160,122.50,0.000
2026-09-23T16:45:00,4.150,122.20,0.000
2026-09-23T16:30:00,4.150,123.70,0.000
2026-09-23T16:15:00,4.150,124.80,0.000
2026-09-23T16:00:00,4.150,125.50,0.000
2026-09-23T15:45:00,4.150,123.40,0.000
2026-09-23T15:30:00,4.150,123.90,0.000
2026-09-23T15:15:00,4.140,123.70,1.000
2026-09-23T15:00:00,4.140,122.40,0.000
2026-09-23T14:45:00,4.140,123.10,0.000
2026-09-23T14:30:00,4.140,129.80,0.500
2026-09-23T14:15:00,4.150,125.80,0.000
2026-09-23T14:00:00,4.150,124.40,0.000
2026-09-23T13:45:00,4.150,123.80,0.000
2026-09-23T13:30:00,4.150,121.50,0.000
2026-09-23T13:15:00,4.150,121.60,0.000
2026-09-23T13:00:00,4.160,132.00,0.000
2026-09-23T12:45:00,4.160,124.70,0.000
2026-09-23T12:30:00,4.160,126.10,0.000
2026-09-23T12:15:00,4.170,129.90,0.000
2026-09-23T12:00:00,4.170,126.10,0.000
2026-09-23T11:45:00,4.170,131.00,0.000
2026-09-23T11:30:00,4.180,129.50,0.000
2026-09-23T11:15:00,4.180,128.60,0.000
2026-09-23T11:00:00,4.180,126.70,0.000
2026-09-23T10:45:00,4.180,123.50,0.000
2026-09-23T10:30:00,4.190,129.60,0.000
2026-09-23T10:15:00,4.200,127.40,0.000
2026-09-23T10:00:00,4.200,130.00,0.000
2026-09-23T09:45:00,4.200,134.00,0.000
2026-09-23T09:30:00,4.200,129.30,0.000
2026-09-23T09:15:00,4.200,134.10,0.000
2026-09-23T09:00:00,4.210,136.60,0.000
2026-09-23T08:45:00,4.200,129.30,0.000
2026-09-23T08:30:00,4.210,136.90,0.000
2026-09-23T08:15:00,4.220,134.30,0.000
2026-09-23T08:00:00,4.220,141.50,0.000
2026-09-23T07:45:00,4.220,142.00,0.000
2026-09-23T07:30:00,4.230,141.00,0.000
2026-09-23T07:15:00,4.230,145.40,0.000
2026-09-23T07:00:00,4.230,134.30,0.000
2026-09-23T06:45:00,4.230,140.50,0.000
2026-09-23T06:30:00,4.240,140.10,0.000
2026-09-23T06:15:00,4.240,131.50,0.000
2026-09-23T06:00:00,4.250,137.90,0.000
2026-09-23T05:45:00,4.250,141.20,0.000
2026-09-23T05:30:00,4.250,144.10,0.000
2026-09-23T05:15:00,4.250,141.70,0.000
2026-09-23T05:00:00,4.260,144.40,0.000
2026-09-23T04:45:00,4.260,145.30,0.000
2026-09-23T04:30:00,4.270,145.20,0.000
2026-09-23T04:15:00,4.270,153.00,0.000
2026-09-23T04:00:00,4.270,149.40,0.000
2026-09-23T03:45:00,4.280,147.70,0.000
2026-09-23T03:30:00,4.280,145.30,0.000
2026-09-23T03:15:00,4.290,144.30,0.000
2026-09-23T03:00:00,4.290,152.80,0.000
2026-09-23T02:45:00,4.290,144.50,0.000
2026-09-23T02:30:00,4.300,154.90,0.000
2026-09-23T02:15:00,4.300,148.60,0.000
2026-09-23T02:00:00,4.310,155.90,0.000
2026-09-23T01:45:00,4.310,158.90,0.000
2026-09-23T01:30:00,4.310,155.00,0.000
2026-09-23T01:15:00,4.310,152.50,0.000
2026-09-23T01:00:00,4.320,161.30,0.000
2026-09-23T00:45:00,4.330,151.40,0.000
2026-09-23T00:30:00,4.330,160.50,0.000
2026-09-23T00:15:00,4.330,159.20,0.000
2026-09-23T00:00:00,4.340,162.50,0.000
2026-09-22T23:45:00,4.340,156.90,0.000
2026-09-22T23:30:00,4.350,168.50,0.000
2026-09-22T23:15:00,4.360,162.90,0.000
2026-09-22T23:00:00,4.360,168.00,0.000
2026-09-22T22:45:00,4.360,152.60,0.000
2026-09-22T22:30:00,4.370,165.20,0.000
2026-09-22T22:15:00,4.370,172.20,0.000
2026-09-22T22:00:00,4.380,164.60,0.000
2026-09-22T21:45:00,4.390,164.20,0.000
2026-09-22T21:30:00,4.390,160.70,0.000
2026-09-22T21:15:00,4.390,177.60,0.000
2026-09-22T21:00:00,4.400,166.50,0.000
2026-09-22T20:45:00,4.400,169.00,0.000
2026-09-22T20:30:00,4.410,173.80,0.000
2026-09-22T20:15:00,4.420,174.80,0.000
2026-09-22T20:00:00,4.420,178.90,0.500
2026-09-22T19:45:00,4.430,176.00,0.000
2026-09-22T19:30:00,4.430,180.70,0.000
2026-09-22T19:15:00,4.440,180.30,0.000
2026-09-22T19:00:00,4.440,181.50,0.000
2026-09-22T18:45:00,4.440,176.30,0.000
2026-09-22T18:30:00,4.450,178.70,0.000
2026-09-22T18:15:00,4.450,179.00,0.000
2026-09-22T18:00:00,4.460,186.70,0.000
2026-09-22T17:45:00,4.460,176.30,0.000
2026-09-22T17:30:00,4.470,187.80,0.000
2026-09-22T17:15:00,4.470,181.80,0.000
2026-09-22T17:00:00,4.470,183.00,0.000
2026-09-22T16:45:00,4.480,177.40,0.000
2026-09-22T16:30:00,4.480,185.80,0.000
2026-09-22T16:15:00,4.480,183.00,0.000
2026-09-22T16:00:00,4.480,188.10,0.000
2026-09-22T15:45:00,4.490,184.90,0.000
2026-09-22T15:30:00,4.490,182.70,0.000
2026-09-22T15:15:00,4.480,183.50,0.000
2026-09-22T15:00:00,4.480,185.10,0.000
2026-09-22T14:45:00,4.480,197.00,0.000
2026-09-22T14:30:00,4.480,180.20,0.000
2026-09-22T14:15:00,4.490,186.50,0.000
2026-09-22T14:00:00,4.480,181.30,0.000
2026-09-22T13:45:00,4.480,181.70,0.000
2026-09-22T13:30:00,4.480,191.40,0.000
2026-09-22T13:15:00,4.470,192.90,0.000
2026-09-22T13:00:00,4.480,186.50,0.000
2026-09-22T12:45:00,4.470,184.20,0.000
2026-09-22T12:30:00,4.470,181.10,0.000
2026-09-22T12:15:00,4.470,183.00,0.000
2026-09-22T12:00:00,4.460,167.80,0.000
2026-09-22T11:45:00,4.460,174.00,0.000
2026-09-22T11:30:00,4.450,171.00,0.000
2026-09-22T11:15:00,4.450,173.40,0.000
2026-09-22T11:00:00,4.430,172.60,0.000
2026-09-22T10:45:00,4.420,157.40,0.000
2026-09-22T10:30:00,4.410,157.10,0.000
2026-09-22T10:15:00,4.400,164.00,0.000
2026-09-22T10:00:00,4.390,159.60,0.000
2026-09-22T09:45:00,4.380,159.40,0.000
2026-09-22T09:30:00,4.370,157.70,0.000
2026-09-22T09:15:00,4.360,151.20,0.000
2026-09-22T09:00:00,4.350,149.20,0.000
2026-09-22T08:45:00,4.340,150.30,0.000
2026-09-22T08:30:00,4.340,158.30,0.000
2026-09-22T08:15:00,4.330,152.70,0.000
2026-09-22T08:00:00,4.330,150.10,0.000
2026-09-22T07:45:00,4.320,144.60,0.000
2026-09-22T07:30:00,4.320,142.90,0.000
2026-09-22T07:15:00,4.320,146.40,0.000
2026-09-22T07:00:00,4.310,154.00,0.000
2026-09-22T06:45:00,4.310,151.50,0.000
2026-09-22T06:30:00,4.310,150.40,0.000
2026-09-22T06:15:00,4.310,153.90,0.500
2026-09-22T06:00:00,4.300,152.40,0.500
2026-09-22T05:45:00,4.300,158.50,1.000
2026-09-22T05:30:00,4.300,155.90,1.500
2026-09-22T05:15:00,4.300,152.60,1.500
2026-09-22T05:00:00,4.290,154.90,1.000
2026-09-22T04:45:00,4.290,150.80,1.000
2026-09-22T04:30:00,4.290,154.80,1.000
2026-09-22T04:15:00,4.290,153.60,1.500
2026-09-22T04:00:00,4.280,157.80,2.500
2026-09-22T03:45:00,4.280,158.50,3.000
2026-09-22T03:30:00,4.280,156.70,1.500
2026-09-22T03:15:00,4.280,140.10,0.500
2026-09-22T03:00:00,4.280,137.20,0.000
2026-09-22T02:45:00,4.280,146.70,0.000
2026-09-22T02:30:00,4.280,149.90,0.000
2026-09-22T02:15:00,4.280,157.40,0.000
2026-09-22T02:00:00,4.280,148.00,0.500
2026-09-22T01:45:00,4.290,147.80,0.000
2026-09-22T01:30:00,4.280,146.80,0.000
2026-09-22T01:15:00,4.280,146.90,0.000
2026-09-22T01:00:00,4.280,146.20,0.000
2026-09-22T00:45:00,4.280,142.10,0.000
2026-09-22T00:30:00,4.280,145.60,0.000
2026-09-22T00:15:00,4.290,145.70,0.000
2026-09-22T00:00:00,4.280,143.40,0.000
2026-09-21T23:45:00,4.280,147.00,0.000
2026-09-21T23:30:00,4.280,155.00,1.000
2026-09-21T23:15:00,4.270,151.60,4.500
2026-09-21T23:00:00,4.270,148.10,4.000
2026-09-21T22:45:00,4.260,157.90,2.500
2026-09-21T22:30:00,4.260,145.10,0.500
2026-09-21T22:15:00,4.260,139.20,1.000
2026-09-21T22:00:00,4.250,147.60,1.000
2026-09-21T21:45:00,4.250,143.00,0.500
2026-09-21T21:30:00,4.250,139.70,0.500
2026-09-21T21:15:00,4.250,149.20,0.000
2026-09-21T21:00:00,4.250,152.10,1.000
2026-09-21T20:45:00,4.250,136.10,1.500
2026-09-21T20:30:00,4.240,140.10,0.000
2026-09-21T20:15:00,4.250,145.40,0.000
2026-09-21T20:00:00,4.250,140.50,0.000
2026-09-21T19:45:00,4.240,141.40,0.000
2026-09-21T19:30:00,4.240,146.10,0.000
2026-09-21T19:15:00,4.250,141.80,0.000
2026-09-21T19:00:00,4.240,142.40,0.000
2026-09-21T18:45:00,4.240,155.20,0.500
2026-09-21T18:30:00,4.240,148.30,1.000
2026-09-21T18:15:00,4.240,146.10,0.500
2026-09-21T18:00:00,4.230,151.80,0.000
2026-09-21T17:45:00,4.240,137.40,0.000
2026-09-21T17:30:00,4.240,142.80,0.000
2026-09-21T17:15:00,4.230,139.90,0.000
2026-09-21T17:00:00,4.230,138.90,0.000
2026-09-21T16:45:00,4.230,135.90,0.000
2026-09-21T16:30:00,4.230,141.20,0.000
2026-09-21T16:15:00,4.230,135.90,0.000
2026-09-21T16:00:00,4.240,134.70,0.000
2026-09-21T15:45:00,4.240,141.10,0.000
2026-09-21T15:30:00,4.240,138.30,0.000
2026-09-21T15:15:00,4.240,145.20,0.000
2026-09-21T15:00:00,4.240,132.80,0.000
2026-09-21T14:45:00,4.240,133.80,0.000
2026-09-21T14:30:00,4.250,139.70,0.000
2026-09-21T14:15:00,4.240,150.50,0.000
2026-09-21T14:00:00,4.250,148.90,0.000
2026-09-21T13:45:00,4.250,136.70,0.000
2026-09-21T13:30:00,4.260,145.80,0.000
2026-09-21T13:15:00,4.260,138.60,0.000
2026-09-21T13:00:00,4.260,148.50,0.000
2026-09-21T12:45:00,4.270,141.50,0.000
2026-09-21T12:30:00,4.270,144.30,0.000
2026-09-21T12:15:00,4.270,146.20,0.000
2026-09-21T12:00:00,4.280,148.90,0.000
2026-09-21T11:45:00,4.280,145.40,0.000
2026-09-21T11:30:00,4.290,148.10,0.000
2026-09-21T11:15:00,4.290,151.10,0.000
2026-09-21T11:00:00,4.300,152.20,0.000
2026-09-21T10:45:00,4.290,147.50,0.000
2026-09-21T10:30:00,4.300,137.60,0.000
2026-09-21T10:15:00,4.300,137.30,0.000
2026-09-21T10:00:00,4.310,148.10,0.000
2026-09-21T09:45:00,4.310,151.80,0.000
2026-09-21T09:30:00,4.320,150.30,0.000
2026-09-21T09:15:00,4.320,149.50,0.000
2026-09-21T09:00:00,4.330,144.70,0.000
2026-09-21T08:45:00,4.330,152.10,0.000
2026-09-21T08:30:00,4.340,148.50,0.000
2026-09-21T08:15:00,4.340,144.00,0.000
2026-09-21T08:00:00,4.340,154.50,0.000
2026-09-21T07:45:00,4.350,161.40,0.000
2026-09-21T07:30:00,4.350,145.70,0.000
2026-09-21T07:15:00,4.360,145.10,0.000
2026-09-21T07:00:00,4.370,155.20,0.000
2026-09-21T06:45:00,4.370,152.30,0.000
2026-09-21T06:30:00,4.370,164.30,0.000
2026-09-21T06:15:00,4.370,158.30,0.000
2026-09-21T06:00:00,4.380,157.60,0.000
2026-09-21T05:45:00,4.380,149.80,0.000
2026-09-21T05:30:00,4.390,154.40,0.000
2026-09-21T05:15:00,4.390,161.70,0.000
2026-09-21T05:00:00,4.390,154.40,0.000
2026-09-21T04:45:00,4.400,171.50,0.000
2026-09-21T04:30:00,4.400,157.80,0.000
2026-09-21T04:15:00,4.410,158.50,0.000
2026-09-21T04:00:00,4.410,161.10,0.000
2026-09-21T03:45:00,4.410,167.60,0.000
2026-09-21T03:30:00,4.420,152.90,0.000
2026-09-21T03:15:00,4.420,165.40,0.000
2026-09-21T03:00:00,4.420,158.10,0.000
2026-09-21T02:45:00,4.420,163.00,0.000
2026-09-21T02:30:00,4.430,174.10,0.000
2026-09-21T02:15:00,4.430,172.40,0.000
2026-09-21T02:00:00,4.430,178.90,0.000
2026-09-21T01:45:00,4.440,170.50,0.000
2026-09-21T01:30:00,4.440,182.00,0.000
2026-09-21T01:15:00,4.440,165.00,0.000
2026-09-21T01:00:00,4.450,161.00,0.000
2026-09-21T00:45:00,4.450,159.00,0.000
2026-09-21T00:30:00,4.450,163.90,0.000
2026-09-21T00:15:00,4.450,169.90,0.000
2026-09-21T00:00:00,4.460,168.00,0.000
2026-10-04T23:45:00,4.700,85.50,0.000
2026-10-04T23:30:00,4.700,73.00,0.000
2026-10-04T23:15:00,4.700,77.40,0.000
2026-10-04T23:00:00,4.700,76.90,0.000
2026-10-04T22:45:00,4.700,80.20,0.000
2026-10-04T22:30:00,4.700,89.60,0.000
2026-10-04T22:15:00,4.700,78.70,0.000
2026-10-04T22:00:00,4.700,77.80,0.000
2026-10-04T21:45:00,4.700,76.90,0.000
2026-10-04T21:30:00,4.700,75.90,0.000
2026-10-04T21:15:00,4.700,86.90,0.000
2026-10-04T21:00:00,4.700,80.40,0.000
2026-10-04T20:45:00,4.700,82.50,0.000
2026-10-04T20:30:00,4.700,78.90,0.000
2026-10-04T20:15:00,4.700,75.90,0.000
2026-10-04T20:00:00,4.700,87.80,0.000
2026-10-04T19:45:00,4.710,85.00,0.000
2026-10-04T19:30:00,4.710,69.30,0.000
2026-10-04T19:15:00,4.710,138.00,0.000
2026-10-04T19:00:00,4.710,75.50,0.000
2026-10-04T18:45:00,4.710,75.70,0.000
2026-10-04T18:30:00,4.710,80.00,0.000
2026-10-04T18:15:00,4.710,81.00,0.000
2026-10-04T18:00:00,4.710,84.30,0.000
2026-10-04T17:45:00,4.710,85.00,0.000
2026-10-04T17:30:00,4.710,82.20,0.000
2026-10-04T17:15:00,4.720,85.10,0.000
2026-10-04T17:00:00,4.720,81.90,0.000
2026-10-04T16:45:00,4.720,81.80,0.000
2026-10-04T16:30:00,4.720,81.60,0.000
2026-10-04T16:15:00,4.720,84.20,0.000
2026-10-04T16:00:00,4.720,90.60,0.000
2026-10-04T15:45:00,4.720,90.90,0.000
2026-10-04T15:30:00,4.720,85.40,0.000
2026-10-04T15:15:00,4.720,84.20,0.000
2026-10-04T15:00:00,4.730,84.40,0.000
2026-10-04T14:45:00,4.730,76.60,0.000
2026-10-04T14:30:00,4.730,76.20,0.000
2026-10-04T14:15:00,4.730,75.30,0.000
2026-10-04T14:00:00,4.730,67.40,0.000
2026-10-04T13:45:00,4.730,58.20,0.000
2026-10-04T13:30:00,4.730,57.70,0.000
2026-10-04T13:15:00,4.730,43.50,0.000
2026-10-04T13:00:00,4.730,73.00,0.000
2026-10-04T12:45:00,4.740,71.90,0.000
2026-10-04T12:30:00,4.740,68.80,0.000
2026-10-04T12:15:00,4.740,74.60,0.000
2026-10-04T12:00:00,4.740,61.70,0.000
2026-10-04T11:45:00,4.740,64.30,0.000
2026-10-04T11:30:00,4.730,49.40,0.000
2026-10-04T11:15:00,4.740,56.30,0.000
2026-10-04T11:00:00,4.740,66.40,0.000
2026-10-04T10:45:00,4.740,71.40,0.000
2026-10-04T10:30:00,4.740,64.60,0.000
2026-10-04T10:15:00,4.740,79.60,0.000
2026-10-04T10:00:00,4.740,78.30,0.500
2026-10-04T09:45:00,4.750,86.30,0.000
2026-10-04T09:30:00,4.750,89.20,0.000
2026-10-04T09:15:00,4.750,86.50,0.000
2026-10-04T09:00:00,4.750,88.40,0.000
2026-10-04T08:45:00,4.750,84.10,0.000
2026-10-04T08:30:00,4.750,84.50,0.000
2026-10-04T08:15:00,4.760,88.30,0.000
2026-10-04T08:00:00,4.760,86.60,0.000
2026-10-04T07:45:00,4.760,86.70,0.000
2026-10-04T07:30:00,4.760,86.50,0.000
2026-10-04T07:15:00,4.760,90.00,0.000
2026-10-04T07:00:00,4.760,84.70,0.000
2026-10-04T06:45:00,4.770,92.70,0.000
2026-10-04T06:30:00,4.760,87.60,0.000
2026-10-04T06:15:00,4.770,99.10,0.000
2026-10-04T06:00:00,4.770,100.50,0.000
2026-10-04T05:45:00,4.770,85.70,0.000
2026-10-04T05:30:00,4.770,85.80,0.000
2026-10-04T05:15:00,4.780,87.90,0.000
2026-10-04T05:00:00,4.780,89.90,0.000
2026-10-04T04:45:00,4.780,86.00,0.000
2026-10-04T04:30:00,4.780,90.50,0.000
2026-10-04T04:15:00,4.780,99.40,0.000
2026-10-04T04:00:00,4.780,91.90,0.000
2026-10-04T03:45:00,4.780,92.70,0.000
2026-10-04T03:30:00,4.790,89.40,0.000
2026-10-04T03:15:00,4.790,89.30,0.000
2026-10-04T03:00:00,4.790,90.10,0.000
2026-10-04T02:45:00,4.790,88.90,0.000
2026-10-04T02:30:00,4.790,105.80,0.000
2026-10-04T02:15:00,4.790,108.00,0.000
2026-10-04T02:00:00,4.800,90.90,0.000
2026-10-04T01:45:00,4.800,94.00,0.000
2026-10-04T01:30:00,4.800,93.10,0.000
2026-10-04T01:15:00,4.800,90.80,0.000
2026-10-04T01:00:00,4.800,103.10,0.000
2026-10-04T00:45:00,4.810,92.70,0.000
2026-10-04T00:30:00,4.810,89.70,0.000
2026-10-04T00:15:00,4.810,93.30,0.000
2026-10-04T00:00:00,4.810,95.10,0.000
2026-10-03T23:45:00,4.810,105.00,0.000
2026-10-03T23:30:00,4.820,94.70,0.000
2026-10-03T23:15:00,4.820,93.90,0.000
2026-10-03T23:00:00,4.820,99.10,0.000
2026-10-03T22:45:00,4.820,100.10,0.000
2026-10-03T22:30:00,4.820,93.20,0.000
2026-10-03T22:15:00,4.820,91.70,0.000
2026-10-03T22:00:00,4.820,96.30,0.000
2026-10-03T21:45:00,4.830,93.90,0.000
2026-10-03T21:30:00,4.830,98.40,0.000
2026-10-03T21:15:00,4.830,96.50,0.000
2026-10-03T21:00:00,4.830,96.10,0.000
2026-10-03T20:45:00,4.830,102.20,0.000
2026-10-03T20:30:00,4.840,92.60,0.000
2026-10-03T20:15:00,4.830,94.10,0.000
2026-10-03T20:00:00,4.840,100.00,0.000
2026-10-03T19:45:00,4.840,94.50,0.000
2026-10-03T19:30:00,4.840,118.60,0.000
2026-10-03T19:15:00,4.840,91.20,0.000
2026-10-03T19:00:00,4.850,109.00,0.000
2026-10-03T18:45:00,4.850,115.60,0.500
2026-10-03T18:30:00,4.850,85.10,0.000
2026-10-03T18:15:00,4.850,96.80,0.000
2026-10-03T18:00:00,4.860,94.20,0.000
2026-10-03T17:45:00,4.860,93.30,0.000
2026-10-03T17:30:00,4.870,97.90,0.000
2026-10-03T17:15:00,4.870,95.50,0.000
2026-10-03T17:00:00,4.870,101.00,0.000
2026-10-03T16:45:00,4.880,102.20,0.000
2026-10-03T16:30:00,4.880,111.00,0.000
2026-10-03T16:15:00,4.880,101.90,0.000
2026-10-03T16:00:00,4.890,104.50,0.000
2026-10-03T15:45:00,4.900,109.10,0.000
2026-10-03T15:30:00,4.900,112.10,0.000
2026-10-03T15:15:00,4.910,112.20,0.000
2026-10-03T15:00:00,4.910,112.70,0.000
2026-10-03T14:45:00,4.920,116.90,0.000
2026-10-03T14:30:00,4.930,105.20,0.000
2026-10-03T14:15:00,4.940,104.20,0.000
2026-10-03T14:00:00,4.940,108.80,0.000
2026-10-03T13:45:00,4.950,90.30,0.000
2026-10-03T13:30:00,4.960,101.70,0.000
2026-10-03T13:15:00,4.980,120.40,0.000
2026-10-03T13:00:00,4.980,101.50,0.000
2026-10-03T12:45:00,4.990,106.20,0.000
2026-10-03T12:30:00,5.000,121.80,0.000
2026-10-03T12:15:00,5.010,107.80,0.000
2026-10-03T12:00:00,5.010,139.50,0.000
2026-10-03T11:45:00,5.020,130.50,0.000
2026-10-03T11:30:00,5.030,139.10,0.000
2026-10-03T11:15:00,5.030,132.10,0.000
2026-10-03T11:00:00,5.030,131.80,0.000
2026-10-03T10:45:00,5.040,153.50,0.000
2026-10-03T10:30:00,5.040,140.30,0.000
2026-10-03T10:15:00,5.050,141.90,0.000
2026-10-03T10:00:00,5.050,157.00,0.000
2026-10-03T09:45:00,5.050,151.40,0.000
2026-10-03T09:30:00,5.050,154.40,0.000
2026-10-03T09:15:00,5.060,151.20,0.000
2026-10-03T09:00:00,5.060,154.50,0.000
2026-10-03T08:45:00,5.060,153.80,0.000
2026-10-03T08:30:00,5.060,148.60,0.000
2026-10-03T08:15:00,5.060,161.20,0.000
2026-10-03T08:00:00,5.070,156.00,0.000
2026-10-03T07:45:00,5.070,156.80,0.000
2026-10-03T07:30:00,5.070,163.10,0.000
2026-10-03T07:15:00,5.080,159.60,0.000
2026-10-03T07:00:00,5.070,158.90,0.000
2026-10-03T06:45:00,5.080,162.60,0.000
2026-10-03T06:30:00,5.080,155.80,0.000
2026-10-03T06:15:00,5.080,160.30,0.000
2026-10-03T06:00:00,5.090,159.70,0.000
2026-10-03T05:45:00,5.090,165.60,0.000
2026-10-03T05:30:00,5.090,165.80,0.000
2026-10-03T05:15:00,5.090,165.80,0.000
2026-10-03T05:00:00,5.090,169.10,0.000
2026-10-03T04:45:00,5.100,164.40,0.000
2026-10-03T04:30:00,5.100,169.60,0.000
2026-10-03T04:15:00,5.100,169.40,0.000
2026-10-03T04:00:00,5.100,164.70,0.000
2026-10-03T03:45:00,5.110,160.10,0.000
2026-10-03T03:30:00,5.110,166.90,0.000
2026-10-03T03:15:00,5.110,169.10,0.000
2026-10-03T03:00:00,5.110,165.70,0.000
2026-10-03T02:45:00,5.120,171.20,0.000
2026-10-03T02:30:00,5.120,177.50,0.000
2026-10-03T02:15:00,5.120,171.00,0.000
2026-10-03T02:00:00,5.120,170.30,0.000
2026-10-03T01:45:00,5.130,174.40,0.000
2026-10-03T01:30:00,5.130,179.20,0.000
2026-10-03T01:15:00,5.130,173.50,0.000
2026-10-03T01:00:00,5.130,169.20,0.000
2026-10-03T00:45:00,5.130,173.70,0.000
2026-10-03T00:30:00,5.140,172.10,0.000
2026-10-03T00:15:00,5.140,172.40,0.000
2026-10-03T00:00:00,5.140,174.30,0.000
2026-10-02T23:45:00,5.140,168.10,0.000
2026-10-02T23:30:00,5.150,176.00,0.000
2026-10-02T23:15:00,5.150,177.60,0.000
2026-10-02T23:00:00,5.150,169.00,0.000
2026-10-02T22:45:00,5.150,167.30,0.000
2026-10-02T22:30:00,5.150,173.10,0.000
2026-10-02T22:15:00,5.150,172.30,0.000
2026-10-02T22:00:00,5.150,174.40,0.000
2026-10-02T21:45:00,5.150,169.90,0.000
2026-10-02T21:30:00,5.150,173.20,0.000
2026-10-02T21:15:00,5.150,176.10,0.000
2026-10-02T21:00:00,5.150,174.30,0.000
2026-10-02T20:45:00,5.150,174.50,0.000
2026-10-02T20:30:00,5.150,172.40,0.000
2026-10-02T20:15:00,5.150,166.90,0.000
2026-10-02T20:00:00,5.150,177.20,0.000
2026-10-02T19:45:00,5.150,171.50,0.000
2026-10-02T19:30:00,5.150,176.90,0.000
2026-10-02T19:15:00,5.150,169.00,0.000
2026-10-02T19:00:00,5.150,169.90,0.000
2026-10-02T18:45:00,5.150,174.80,0.000
2026-10-02T18:30:00,5.150,162.40,0.000
2026-10-02T18:15:00,5.150,170.10,0.000
2026-10-02T18:00:00,5.150,168.80,0.000
2026-10-02T17:45:00,5.150,163.10,0.000
2026-10-02T17:30:00,5.150,171.80,0.000
2026-10-02T17:15:00,5.150,169.80,0.000
2026-10-02T17:00:00,5.150,171.50,0.000
2026-10-02T16:45:00,5.150,176.60,0.000
2026-10-02T16:30:00,5.150,169.00,0.000
2026-10-02T16:15:00,5.150,169.30,0.000
2026-10-02T16:00:00,5.150,175.90,0.000
2026-10-02T15:45:00,5.150,173.70,0.000
2026-10-02T15:30:00,5.160,184.70,0.500
2026-10-02T15:15:00,5.150,186.10,0.500
2026-10-02T15:00:00,5.160,178.20,0.500
2026-10-02T14:45:00,5.150,161.80,0.000
2026-10-02T14:30:00,5.150,159.90,0.000
2026-10-02T14:15:00,5.160,171.90,0.000
2026-10-02T14:00:00,5.160,152.30,0.000
2026-10-02T13:45:00,5.160,134.40,0.000
2026-10-02T13:30:00,5.160,140.40,0.000
2026-10-02T13:15:00,5.160,134.30,0.000
2026-10-02T13:00:00,5.170,139.40,0.000
2026-10-02T12:45:00,5.170,166.10,0.000
2026-10-02T12:30:00,5.180,175.00,0.000
2026-10-02T12:15:00,5.180,166.70,0.000
2026-10-02T12:00:00,5.180,141.40,0.000
2026-10-02T11:45:00,5.180,143.60,0.000
2026-10-02T11:30:00,5.180,139.50,0.000
2026-10-02T11:15:00,5.190,156.10,0.000
2026-10-02T11:00:00,5.190,172.10,0.000
2026-10-02T10:45:00,5.190,170.20,0.000
2026-10-02T10:30:00,5.200,180.50,0.000
2026-10-02T10:15:00,5.200,179.90,0.000
2026-10-02T10:00:00,5.200,175.10,0.000
2026-10-02T09:45:00,5.210,175.60,0.000
2026-10-02T09:30:00,5.210,175.40,0.000
2026-10-02T09:15:00,5.220,179.80,0.000
2026-10-02T09:00:00,5.220,174.80,0.000
2026-10-02T08:45:00,5.220,176.50,0.000
2026-10-02T08:30:00,5.230,179.00,0.000
2026-10-02T08:15:00,5.230,176.30,0.000
2026-10-02T08:00:00,5.230,178.20,0.000
2026-10-02T07:45:00,5.230,178.20,0.000
2026-10-02T07:30:00,5.240,185.10,0.000
2026-10-02T07:15:00,5.240,184.30,0.000
2026-10-02T07:00:00,5.240,181.50,0.000
2026-10-02T06:45:00,5.240,182.70,0.000
2026-10-02T06:30:00,5.250,181.50,0.000
2026-10-02T06:15:00,5.250,184.00,0.000
2026-10-02T06:00:00,5.250,181.20,0.000
2026-10-02T05:45:00,5.260,183.20,0.000
2026-10-02T05:30:00,5.260,191.50,0.000
2026-10-02T05:15:00,5.260,183.30,0.000
2026-10-02T05:00:00,5.270,179.90,0.000
2026-10-02T04:45:00,5.270,184.90,0.000
2026-10-02T04:30:00,5.270,185.50,0.000
2026-10-02T04:15:00,5.280,185.90,0.000
2026-10-02T04:00:00,5.280,186.50,0.000
2026-10-02T03:45:00,5.280,185.80,0.000
2026-10-02T03:30:00,5.290,183.50,0.000
2026-10-02T03:15:00,5.290,191.50,0.000
2026-10-02T03:00:00,5.290,192.70,0.000
2026-10-02T02:45:00,5.290,181.30,0.000
2026-10-02T02:30:00,5.300,191.50,0.000
2026-10-02T02:15:00,5.300,185.50,0.000
2026-10-02T02:00:00,5.310,186.60,0.000
2026-10-02T01:45:00,5.310,189.50,0.000
2026-10-02T01:30:00,5.310,200.20,0.000
2026-10-02T01:15:00,5.310,191.40,0.000
2026-10-02T01:00:00,5.320,195.90,0.000
2026-10-02T00:45:00,5.320,187.20,0.000
2026-10-02T00:30:00,5.320,195.90,0.000
2026-10-02T00:15:00,5.320,192.00,0.000
2026-10-02T00:00:00,5.330,191.70,0.000
2026-10-01T23:45:00,5.330,194.20,0.000
2026-10-01T23:30:00,5.330,184.70,0.000
2026-10-01T23:15:00,5.330,190.00,0.000
2026-10-01T23:00:00,5.340,188.40,0.000
2026-10-01T22:45:00,5.330,186.80,0.000
2026-10-01T22:30:00,5.340,194.20,0.000
2026-10-01T22:15:00,5.330,200.50,0.000
2026-10-01T22:00:00,5.340,205.10,0.000
2026-10-01T21:45:00,5.340,194.30,0.000
2026-10-01T21:30:00,5.340,194.50,0.000
2026-10-01T21:15:00,5.340,201.00,0.000
2026-10-01T21:00:00,5.340,197.10,0.000
2026-10-01T20:45:00,5.340,192.10,0.000
2026-10-01T20:30:00,5.340,198.30,0.000
2026-10-01T20:15:00,5.340,190.60,0.000
2026-10-01T20:00:00,5.340,195.90,0.000
2026-10-01T19:45:00,5.340,201.50,0.000
2026-10-01T19:30:00,5.340,190.40,0.000
2026-10-01T19:15:00,5.340,192.60,0.000
2026-10-01T19:00:00,5.340,195.90,0.000
2026-10-01T18:45:00,5.340,196.70,0.000
2026-10-01T18:30:00,5.340,198.20,0.000
2026-10-01T18:15:00,5.330,203.20,0.000
2026-10-01T18:00:00,5.330,198.70,0.000
2026-10-01T17:45:00,5.320,193.50,0.000
2026-10-01T17:30:00,5.320,200.50,0.000
2026-10-01T17:15:00,5.320,195.80,0.000
2026-10-01T17:00:00,5.320,198.20,0.000
2026-10-01T16:45:00,5.320,194.60,0.000
2026-10-01T16:30:00,5.320,196.60,0.000
2026-10-01T16:15:00,5.320,181.50,0.000
2026-10-01T16:00:00,5.310,192.30,0.000
2026-10-01T15:45:00,5.310,192.50,0.000
2026-10-01T15:30:00,5.310,192.30,0.000
2026-10-01T15:15:00,5.310,179.40,0.000
2026-10-01T15:00:00,5.300,177.70,0.000
2026-10-01T14:45:00,5.300,160.30,0.000
2026-10-01T14:30:00,5.290,171.50,0.000
2026-10-01T14:15:00,5.290,166.60,0.000
2026-10-01T14:00:00,5.280,174.10,0.000
2026-10-01T13:45:00,5.270,171.40,0.000
2026-10-01T13:30:00,5.260,169.50,0.000
2026-10-01T13:15:00,5.250,138.00,0.000
2026-10-01T13:00:00,5.240,142.20,0.000
2026-10-01T12:45:00,5.230,144.40,0.000
2026-10-01T12:30:00,5.220,150.20,0.000
2026-10-01T12:15:00,5.210,127.70,0.000
2026-10-01T12:00:00,5.200,138.20,0.000
2026-10-01T11:45:00,5.190,126.70,0.000
2026-10-01T11:30:00,5.190,135.90,0.000
2026-10-01T11:15:00,5.190,140.40,0.000
2026-10-01T11:00:00,5.190,140.20,0.000
2026-10-01T10:45:00,5.190,135.50,0.000
2026-10-01T10:30:00,5.200,146.80,0.000
2026-10-01T10:15:00,5.200,155.80,0.000
2026-10-01T10:00:00,5.210,150.10,0.000
2026-10-01T09:45:00,5.210,157.40,0.000
2026-10-01T09:30:00,5.220,164.50,0.000
2026-10-01T09:15:00,5.220,155.70,0.000
2026-10-01T09:00:00,5.230,157.80,0.000
2026-10-01T08:45:00,5.230,160.40,0.000
2026-10-01T08:30:00,5.240,152.90,0.000
2026-10-01T08:15:00,5.240,159.20,0.000
2026-10-01T08:00:00,5.250,159.20,0.000
2026-10-01T07:45:00,5.250,160.70,0.000
2026-10-01T07:30:00,5.250,160.70,0.000
2026-10-01T07:15:00,5.260,163.90,0.000
2026-10-01T07:00:00,5.270,162.10,0.000
2026-10-01T06:45:00,5.270,157.60,0.000
2026-10-01T06:30:00,5.280,162.90,0.000
2026-10-01T06:15:00,5.280,158.10,0.000
2026-10-01T06:00:00,5.290,165.00,0.000
2026-10-01T05:45:00,5.290,163.50,0.000
2026-10-01T05:30:00,5.300,167.50,0.000
2026-10-01T05:15:00,5.310,166.00,0.000
2026-10-01T05:00:00,5.310,162.20,0.000
2026-10-01T04:45:00,5.320,170.70,0.000
2026-10-01T04:30:00,5.320,166.20,0.000
2026-10-01T04:15:00,5.330,169.60,0.000
2026-10-01T04:00:00,5.330,177.10,0.000
2026-10-01T03:45:00,5.340,171.60,0.000
2026-10-01T03:30:00,5.340,165.70,0.000
2026-10-01T03:15:00,5.350,166.80,0.000
2026-10-01T03:00:00,5.360,175.70,0.000
2026-10-01T02:45:00,5.360,171.80,0.000
2026-10-01T02:30:00,5.370,169.80,0.000
2026-10-01T02:15:00,5.370,172.90,0.000
2026-10-01T02:00:00,5.380,178.70,0.000
2026-10-01T01:45:00,5.380,179.90,0.000
2026-10-01T01:30:00,5.390,173.80,0.000
2026-10-01T01:15:00,5.400,172.40,0.000
2026-10-01T01:00:00,5.410,177.40,0.000
2026-10-01T00:45:00,5.410,184.70,0.000
2026-10-01T00:30:00,5.420,177.10,0.000
2026-10-01T00:15:00,5.430,183.50,0.000
2026-10-01T00:00:00,5.430,184.40,0.000
2026-09-30T23:45:00,5.430,175.80,0.000
2026-09-30T23:30:00,5.440,170.40,0.000
2026-09-30T23:15:00,5.450,175.00,0.000
2026-09-30T23:00:00,5.450,189.00,0.000
2026-09-30T22:45:00,5.460,187.70,0.000
2026-09-30T22:30:00,5.470,187.20,0.000
2026-09-30T22:15:00,5.470,190.30,0.000
2026-09-30T22:00:00,5.480,193.00,0.000
2026-09-30T21:45:00,5.490,193.50,0.000
2026-09-30T21:30:00,5.490,179.00,0.000
2026-09-30T21:15:00,5.500,183.80,0.000
2026-09-30T21:00:00,5.510,191.80,0.000
2026-09-30T20:45:00,5.510,189.40,0.000
2026-09-30T20:30:00,5.520,199.30,0.000
2026-09-30T20:15:00,5.520,182.90,0.000
2026-09-30T20:00:00,5.530,188.70,0.000
2026-09-30T19:45:00,5.540,199.40,0.000
2026-09-30T19:30:00,5.550,189.60,0.000
2026-09-30T19:15:00,5.560,195.50,0.000
2026-09-30T19:00:00,5.560,193.60,0.000
2026-09-30T18:45:00,5.560,195.40,0.000
2026-09-30T18:30:00,5.570,190.10,0.000
2026-09-30T18:15:00,5.580,199.40,0.000
2026-09-30T18:00:00,5.590,195.80,0.000
2026-09-30T17:45:00,5.590,198.60,0.000
2026-09-30T17:30:00,5.600,204.90,0.000
2026-09-30T17:15:00,5.610,201.80,0.000
2026-09-30T17:00:00,5.620,209.30,0.000
2026-09-30T16:45:00,5.630,201.30,0.000
2026-09-30T16:30:00,5.640,205.30,0.000
2026-09-30T16:15:00,5.650,205.10,0.000
2026-09-30T16:00:00,5.650,200.60,0.000
2026-09-30T15:45:00,5.660,198.60,0.000
2026-09-30T15:30:00,5.670,208.90,0.000
2026-09-30T15:15:00,5.680,202.00,0.000
2026-09-30T15:00:00,5.690,210.10,0.000
2026-09-30T14:45:00,5.700,185.00,0.000
2026-09-30T14:30:00,5.710,197.00,0.000
2026-09-30T14:15:00,5.720,208.60,0.000
2026-09-30T14:00:00,5.730,216.50,0.000
2026-09-30T13:45:00,5.740,188.00,0.000
2026-09-30T13:30:00,5.750,216.90,0.000
2026-09-30T13:15:00,5.770,206.40,0.000
2026-09-30T13:00:00,5.770,201.50,0.000
2026-09-30T12:45:00,5.780,188.00,0.000
2026-09-30T12:30:00,5.790,199.60,0.000
2026-09-30T12:15:00,5.800,188.50,0.000
2026-09-30T12:00:00,5.810,204.50,0.000
2026-09-30T11:45:00,5.830,205.30,0.000
2026-09-30T11:30:00,5.840,210.10,0.000
2026-09-30T11:15:00,5.850,215.20,0.000
2026-09-30T11:00:00,5.870,218.80,0.000
2026-09-30T10:45:00,5.880,218.20,0.000
2026-09-30T10:30:00,5.890,211.50,0.000
2026-09-30T10:15:00,5.910,238.70,0.000
2026-09-30T10:00:00,5.920,247.40,0.000
2026-09-30T09:45:00,5.930,240.60,0.000
2026-09-30T09:30:00,5.950,243.80,0.000
2026-09-30T09:15:00,5.960,250.50,0.000
2026-09-30T09:00:00,5.980,248.70,0.000
2026-09-30T08:45:00,5.990,236.50,0.000
2026-09-30T08:30:00,6.000,257.60,0.000
2026-09-30T08:15:00,6.010,247.20,0.000
2026-09-30T08:00:00,6.020,252.20,0.000
2026-09-30T07:45:00,6.030,269.00,0.000
2026-09-30T07:30:00,6.040,256.30,0.000
2026-09-30T07:15:00,6.050,243.90,0.000
2026-09-30T07:00:00,6.060,250.50,0.000
2026-09-30T06:45:00,6.070,258.90,0.000
2026-09-30T06:30:00,6.080,257.80,0.000
2026-09-30T06:15:00,6.090,251.00,0.000
2026-09-30T06:00:00,6.100,251.20,0.000
2026-09-30T05:45:00,6.110,261.50,0.000
2026-09-30T05:30:00,6.120,269.40,0.000
2026-09-30T05:15:00,6.140,273.50,0.000
2026-09-30T05:00:00,6.140,259.40,0.000
2026-09-30T04:45:00,6.160,262.10,0.000
2026-09-30T04:30:00,6.170,267.40,0.000
2026-09-30T04:15:00,6.180,258.50,0.000
2026-09-30T04:00:00,6.190,275.50,0.000
2026-09-30T03:45:00,6.200,291.90,0.000
2026-09-30T03:30:00,6.220,270.10,0.000
2026-09-30T03:15:00,6.230,271.90,0.000
2026-09-30T03:00:00,6.240,272.30,0.000
2026-09-30T02:45:00,6.260,279.50,0.000
2026-09-30T02:30:00,6.270,299.70,0.000
2026-09-30T02:15:00,6.280,295.90,0.000
2026-09-30T02:00:00,6.300,283.20,0.000
2026-09-30T01:45:00,6.310,306.80,0.000
2026-09-30T01:30:00,6.330,287.90,0.000
2026-09-30T01:15:00,6.340,282.90,0.000
2026-09-30T01:00:00,6.350,299.30,0.000
2026-09-30T00:45:00,6.370,284.10,0.000
2026-09-30T00:30:00,6.380,290.80,0.000
2026-09-30T00:15:00,6.400,297.20,0.000
2026-09-30T00:00:00,6.410,289.90,0.000
2026-09-29T23:45:00,6.430,312.20,0.000
2026-09-29T23:30:00,6.440,290.40,0.000
2026-09-29T23:15:00,6.460,317.20,0.000
2026-09-29T23:00:00,6.470,285.20,0.000
2026-09-29T22:45:00,6.490,318.80,0.000
2026-09-29T22:30:00,6.500,307.40,0.000
2026-09-29T22:15:00,6.520,312.70,0.000
2026-09-29T22:00:00,6.540,301.80,0.000
2026-09-29T21:45:00,6.550,324.80,0.000
2026-09-29T21:30:00,6.560,323.10,0.000
2026-09-29T21:15:00,6.580,343.30,0.000
2026-09-29T21:00:00,6.590,328.20,0.000
2026-09-29T20:45:00,6.610,296.50,0.000
2026-09-29T20:30:00,6.620,356.30,0.000
2026-09-29T20:15:00,6.640,345.70,0.000
2026-09-29T20:00:00,6.650,362.10,0.000
2026-09-29T19:45:00,6.660,339.10,0.000
2026-09-29T19:30:00,6.680,347.30,0.000
2026-09-29T19:15:00,6.700,343.20,0.000
2026-09-29T19:00:00,6.710,323.60,0.000
2026-09-29T18:45:00,6.710,352.40,0.000
2026-09-29T18:30:00,6.720,347.10,0.000
2026-09-29T18:15:00,6.740,328.90,0.000
2026-09-29T18:00:00,6.750,374.70,0.000
2026-09-29T17:45:00,6.750,383.00,0.000
2026-09-29T17:30:00,6.770,368.90,0.000
2026-09-29T17:15:00,6.780,378.50,0.000
2026-09-29T17:00:00,6.790,346.70,0.000
2026-09-29T16:45:00,6.800,374.40,0.000
2026-09-29T16:30:00,6.810,376.30,0.000
2026-09-29T16:15:00,6.830,334.70,0.000
2026-09-29T16:00:00,6.840,357.40,0.000
2026-09-29T15:45:00,6.840,385.80,0.000
2026-09-29T15:30:00,6.850,326.70,0.000
2026-09-29T15:15:00,6.860,354.90,0.000
2026-09-29T15:00:00,6.870,409.20,0.000
2026-09-29T14:45:00,6.890,313.10,0.000
2026-09-29T14:30:00,6.890,367.80,0.000
2026-09-29T14:15:00,6.910,309.40,0.000
2026-09-29T14:00:00,6.910,404.70,0.000
2026-09-29T13:45:00,6.920,372.10,0.000
2026-09-29T13:30:00,6.930,354.50,0.000
2026-09-29T13:15:00,6.940,420.50,0.000
2026-09-29T13:00:00,6.930,393.80,0.000
2026-09-29T12:45:00,6.940,357.00,0.000
2026-09-29T12:30:00,6.960,365.60,0.000
2026-09-29T12:15:00,6.970,406.70,0.000
2026-09-29T12:00:00,6.980,398.20,0.000
2026-09-29T11:45:00,6.980,389.30,0.000
2026-09-29T11:30:00,6.980,403.50,0.000
2026-09-29T11:15:00,6.990,378.00,0.000
2026-09-29T11:00:00,7.000,389.00,0.000
2026-09-29T10:45:00,7.000,407.30,0.000
2026-09-29T10:30:00,7.010,375.30,0.000
2026-09-29T10:15:00,7.010,420.00,0.000
2026-09-29T10:00:00,7.030,379.40,0.000
2026-09-29T09:45:00,7.020,393.90,0.000
2026-09-29T09:30:00,7.030,419.30,0.000
2026-09-29T09:15:00,7.040,423.40,0.000
2026-09-29T09:00:00,7.050,446.30,0.000
2026-09-29T08:45:00,7.050,446.60,0.000
2026-09-29T08:30:00,7.050,385.60,0.000
2026-09-29T08:15:00,7.070,435.40,0.000
2026-09-29T08:00:00,7.070,411.50,0.000
2026-09-29T07:45:00,7.070,424.50,0.000
2026-09-29T07:30:00,7.090,459.20,0.000
2026-09-29T07:15:00,7.090,460.20,0.000
2026-09-29T07:00:00,7.100,440.80,0.000
2026-09-29T06:45:00,7.100,407.50,0.000
2026-09-29T06:30:00,7.100,470.30,0.000
2026-09-29T06:15:00,7.100,466.50,0.000
2026-09-29T06:00:00,7.110,443.40,0.000
2026-09-29T05:45:00,7.120,472.80,0.000
2026-09-29T05:30:00,7.120,413.50,0.000
2026-09-29T05:15:00,7.130,447.90,0.000
2026-09-29T05:00:00,7.140,405.90,0.000
2026-09-29T04:45:00,7.150,465.50,0.000
2026-09-29T04:30:00,7.150,461.20,0.000
2026-09-29T04:15:00,7.150,458.40,0.000
2026-09-29T04:00:00,7.170,471.70,0.000
2026-09-29T03:45:00,7.170,405.00,0.000
2026-09-29T03:30:00,7.170,483.60,0.000
2026-09-29T03:15:00,7.180,466.60,0.000
2026-09-29T03:00:00,7.180,487.10,0.000
2026-09-29T02:45:00,7.190,481.30,0.000
2026-09-29T02:30:00,7.190,492.40,0.000
2026-09-29T02:15:00,7.200,501.70,0.000
2026-09-29T02:00:00,7.200,482.20,0.000
2026-09-29T01:45:00,7.200,440.90,0.000
2026-09-29T01:30:00,7.210,438.80,0.000
2026-09-29T01:15:00,7.220,451.70,0.000
2026-09-29T01:00:00,7.230,436.00,0.000
2026-09-29T00:45:00,7.240,455.70,0.000
2026-09-29T00:30:00,7.240,487.20,0.000
2026-09-29T00:15:00,7.250,428.80,0.000
2026-09-29T00:00:00,7.240,446.80,0.000
2026-09-28T23:45:00,7.250,465.60,0.000
2026-09-28T23:30:00,7.260,426.30,0.000
2026-09-28T23:15:00,7.250,524.00,0.000
2026-09-28T23:00:00,7.270,484.80,0.000
2026-09-28T22:45:00,7.270,486.10,0.000
2026-09-28T22:30:00,7.290,482.70,0.000
2026-09-28T22:15:00,7.280,484.20,0.000
2026-09-28T22:00:00,7.290,434.30,0.000
2026-09-28T21:45:00,7.290,519.00,0.000
2026-09-28T21:30:00,7.300,516.80,0.000
2026-09-28T21:15:00,7.300,473.40,0.000
2026-09-28T21:00:00,7.310,472.60,0.000
2026-09-28T20:45:00,7.310,466.20,0.000
2026-09-28T20:30:00,7.320,493.40,0.000
2026-09-28T20:15:00,7.330,509.90,0.000
2026-09-28T20:00:00,7.330,507.20,0.000
2026-09-28T19:45:00,7.330,518.20,0.000
2026-09-28T19:30:00,7.330,476.20,0.000
2026-09-28T19:15:00,7.340,492.30,0.000
2026-09-28T19:00:00,7.340,504.30,0.000
2026-09-28T18:45:00,7.350,489.70,0.000
2026-09-28T18:30:00,7.350,499.60,0.000
2026-09-28T18:15:00,7.360,510.60,0.000
2026-09-28T18:00:00,7.360,553.90,0.000
2026-09-28T17:45:00,7.340,505.20,0.000
2026-09-28T17:30:00,7.360,489.40,0.000
2026-09-28T17:15:00,7.350,534.60,0.000
2026-09-28T17:00:00,7.360,486.00,0.000
2026-09-28T16:45:00,7.370,501.40,0.000
2026-09-28T16:30:00,7.360,487.00,0.000
2026-09-28T16:15:00,7.360,532.70,0.000
2026-09-28T16:00:00,7.360,504.20,0.000
2026-09-28T15:45:00,7.360,472.00,0.000
2026-09-28T15:30:00,7.370,532.70,0.000
2026-09-28T15:15:00,7.370,475.30,0.000
2026-09-28T15:00:00,7.350,484.60,0.000
2026-09-28T14:45:00,7.370,502.60,0.000
2026-09-28T14:30:00,7.360,546.60,0.000
2026-09-28T14:15:00,7.360,455.50,0.000
2026-09-28T14:00:00,7.380,499.90,0.000
2026-09-28T13:45:00,7.370,503.50,0.000
2026-09-28T13:30:00,7.360,516.10,0.000
2026-09-28T13:15:00,7.360,482.20,0.000
2026-09-28T13:00:00,7.360,529.60,0.000
2026-09-28T12:45:00,7.360,530.20,0.000
2026-09-28T12:30:00,7.360,476.90,0.000
2026-09-28T12:15:00,7.370,486.40,0.000
2026-09-28T12:00:00,7.370,470.40,0.000
2026-09-28T11:45:00,7.360,488.10,0.000
2026-09-28T11:30:00,7.360,527.10,0.000
2026-09-28T11:15:00,7.370,474.10,0.000
2026-09-28T11:00:00,7.370,471.70,0.000
2026-09-28T10:45:00,7.370,498.60,0.000
2026-09-28T10:30:00,7.360,528.20,0.000
2026-09-28T10:15:00,7.360,517.30,0.000
2026-09-28T10:00:00,7.370,540.50,0.000
2026-09-28T09:45:00,7.360,529.50,0.000
2026-09-28T09:30:00,7.380,494.40,0.000
2026-09-28T09:15:00,7.380,482.80,0.000
2026-09-28T09:00:00,7.380,499.70,0.000
2026-09-28T08:45:00,7.390,461.40,0.000
2026-09-28T08:30:00,7.370,553.60,0.000
2026-09-28T08:15:00,7.380,562.90,0.000
2026-09-28T08:00:00,7.380,555.80,0.000
2026-09-28T07:45:00,7.380,562.70,0.000
2026-09-28T07:30:00,7.380,490.10,0.000
2026-09-28T07:15:00,7.390,541.20,0.000
2026-09-28T07:00:00,7.390,525.70,0.000
2026-09-28T06:45:00,7.390,559.50,0.500
2026-09-28T06:30:00,7.400,529.90,0.500
2026-09-28T06:15:00,7.400,469.10,1.000
2026-09-28T06:00:00,7.410,565.50,1.500
2026-09-28T05:45:00,7.410,503.30,5.000
2026-09-28T05:30:00,7.400,553.70,8.000
2026-09-28T05:15:00,7.400,556.30,3.000
2026-09-28T05:00:00,7.410,572.80,9.000
2026-09-28T04:45:00,7.370,475.00,22.500
2026-09-28T04:30:00,7.370,485.30,0.000
2026-09-28T04:15:00,7.380,551.80,0.000
2026-09-28T04:00:00,7.390,542.00,0.000
2026-09-28T03:45:00,7.380,548.50,1.500
2026-09-28T03:30:00,7.390,525.60,2.500
2026-09-28T03:15:00,7.410,511.90,0.000
2026-09-28T03:00:00,7.410,554.40,0.000
2026-09-28T02:45:00,7.400,510.60,0.000
2026-09-28T02:30:00,7.400,525.60,0.000
2026-09-28T02:15:00,7.420,539.40,0.000
2026-09-28T02:00:00,7.420,524.80,0.000
2026-09-28T01:45:00,7.430,498.60,0.000
2026-09-28T01:30:00,7.420,496.70,0.000
2026-09-28T01:15:00,7.450,481.40,0.000
2026-09-28T01:00:00,7.450,579.20,0.000
2026-09-28T00:45:00,7.440,597.00,0.000
2026-09-28T00:30:00,7.450,549.80,0.000
2026-09-28T00:15:00,7.450,521.10,0.000
2026-09-28T00:00:00,7.450,519.60,0.000
