datetime,level_msl_m,q_cms,rain_mm
2025-06-07T23:45:00,4.340,16.20,0.000
2025-06-07T23:30:00,4.340,16.50,0.000
2025-06-07T23:15:00,4.340,16.20,0.000
2025-06-07T23:00:00,4.340,16.40,0.000
2025-06-07T22:45:00,4.330,15.80,0.000
2025-06-07T22:30:00,4.330,15.80,0.000
2025-06-07T22:15:00,4.330,15.30,0.000
2025-06-07T22:00:00,4.330,15.60,0.000
2025-06-07T21:45:00,4.330,15.40,0.000
2025-06-07T21:30:00,4.330,15.20,0.000
2025-06-07T21:15:00,4.330,15.20,0.000
2025-06-07T21:00:00,4.330,15.20,0.000
2025-06-07T20:45:00,4.330,15.30,0.000
2025-06-07T20:30:00,4.330,15.40,0.000
2025-06-07T20:15:00,4.340,15.20,0.000
2025-06-07T20:00:00,4.340,15.70,0.000
2025-06-07T19:45:00,4.340,16.80,0.000
2025-06-07T19:30:00,4.350,14.90,0.000
2025-06-07T19:15:00,4.340,15.40,0.000
2025-06-07T19:00:00,4.350,15.30,0.000
2025-06-07T18:45:00,4.350,15.10,0.000
2025-06-07T18:30:00,4.350,15.40,0.000
2025-06-07T18:15:00,4.360,15.20,0.000
2025-06-07T18:00:00,4.360,15.60,0.000
2025-06-07T17:45:00,4.370,15.90,0.000
2025-06-07T17:30:00,4.370,15.50,0.000
2025-06-07T17:15:00,4.380,15.70,0.000
2025-06-07T17:00:00,4.380,15.80,0.000
2025-06-07T16:45:00,4.390,15.90,0.000
2025-06-07T16:30:00,4.390,15.80,0.000
2025-06-07T16:15:00,4.400,15.30,0.000
2025-06-07T16:00:00,4.400,15.50,0.000
2025-06-07T15:45:00,4.410,15.30,0.000
2025-06-07T15:30:00,4.410,15.60,0.000
2025-06-07T15:15:00,4.420,16.20,0.000
2025-06-07T15:00:00,4.420,15.60,0.000
2025-06-07T14:45:00,4.430,16.20,0.000
2025-06-07T14:30:00,4.440,16.10,0.000
2025-06-07T14:15:00,4.440,15.90,0.000
2025-06-07T14:00:00,4.450,15.30,0.000
2025-06-07T13:45:00,4.460,16.40,0.000
2025-06-07T13:30:00,4.460,16.40,0.000
2025-06-07T13:15:00,4.470,16.70,0.000
2025-06-07T13:00:00,4.470,16.60,0.000
2025-06-07T12:45:00,4.480,16.20,0.000
2025-06-07T12:30:00,4.490,16.60,0.000
2025-06-07T12:15:00,4.490,16.70,0.000
2025-06-07T12:00:00,4.490,16.70,0.000
2025-06-07T11:45:00,4.490,16.50,0.000
2025-06-07T11:30:00,4.490,16.30,0.000
2025-06-07T11:15:00,4.490,17.20,0.000
2025-06-07T11:00:00,4.490,16.30,0.000
2025-06-07T10:45:00,4.490,16.40,0.000
2025-06-07T10:30:00,4.490,16.50,0.000
2025-06-07T10:15:00,4.490,16.30,0.000
2025-06-07T10:00:00,4.490,16.20,0.000
2025-06-07T09:45:00,4.490,17.10,0.500
2025-06-07T09:30:00,4.480,16.40,0.000
2025-06-07T09:15:00,4.490,16.80,0.000
2025-06-07T09:00:00,4.490,16.80,0.000
2025-06-07T08:45:00,4.490,17.00,0.000
2025-06-07T08:30:00,4.490,17.60,0.000
2025-06-07T08:15:00,4.490,17.30,0.000
2025-06-07T08:00:00,4.490,17.50,0.000
2025-06-07T07:45:00,4.490,17.40,0.000
2025-06-07T07:30:00,4.490,17.20,0.000
2025-06-07T07:15:00,4.490,17.50,0.000
2025-06-07T07:00:00,4.490,17.20,0.000
2025-06-07T06:45:00,4.480,16.40,0.000
2025-06-07T06:30:00,4.490,17.30,0.000
2025-06-07T06:15:00,4.490,17.60,0.000
2025-06-07T06:00:00,4.490,17.20,0.000
2025-06-07T05:45:00,4.480,16.90,0.000
2025-06-07T05:30:00,4.480,17.80,0.000
2025-06-07T05:15:00,4.480,17.80,0.000
2025-06-07T05:00:00,4.480,17.70,0.000
2025-06-07T04:45:00,4.480,17.60,0.000
2025-06-07T04:30:00,4.480,17.70,0.000
2025-06-07T04:15:00,4.480,18.00,0.000
2025-06-07T04:00:00,4.480,17.70,0.000
2025-06-07T03:45:00,4.480,17.90,0.000
2025-06-07T03:30:00,4.480,18.70,0.000
2025-06-07T03:15:00,4.480,17.90,0.000
2025-06-07T03:00:00,4.480,18.50,0.000
2025-06-07T02:45:00,4.470,19.30,0.000
2025-06-07T02:30:00,4.470,18.80,0.000
2025-06-07T02:15:00,4.470,18.70,0.000
2025-06-07T02:00:00,4.460,17.80,0.000
2025-06-07T01:45:00,4.460,18.60,1.000
2025-06-07T01:30:00,4.450,20.00,0.500
2025-06-07T01:15:00,4.440,18.30,0.500
2025-06-07T01:00:00,4.430,18.90,3.500
2025-06-07T00:45:00,4.430,19.40,11.500
2025-06-07T00:30:00,4.420,17.70,0.000
2025-06-07T00:15:00,4.420,16.40,0.000
2025-06-07T00:00:00,4.410,16.70,0.000
2025-06-06T23:45:00,4.410,16.80,0.000
2025-06-06T23:30:00,4.410,17.10,0.000
2025-06-06T23:15:00,4.410,16.90,0.000
2025-06-06T23:00:00,4.410,17.00,0.000
2025-06-06T22:45:00,4.410,17.10,0.000
2025-06-06T22:30:00,4.410,16.60,0.000
2025-06-06T22:15:00,4.410,16.80,0.000
2025-06-06T22:00:00,4.410,16.80,0.000
2025-06-06T21:45:00,4.410,17.30,0.000
2025-06-06T21:30:00,4.410,17.20,0.000
2025-06-06T21:15:00,4.400,17.00,0.000
2025-06-06T21:00:00,4.400,17.00,0.000
2025-06-06T20:45:00,4.400,16.50,0.000
2025-06-06T20:30:00,4.400,17.60,0.000
2025-06-06T20:15:00,4.400,16.80,0.000
2025-06-06T20:00:00,4.400,16.10,0.000
2025-06-06T19:45:00,4.400,17.10,0.000
2025-06-06T19:30:00,4.400,17.40,0.000
2025-06-06T19:15:00,4.400,17.50,0.000
2025-06-06T19:00:00,4.400,17.10,0.000
2025-06-06T18:45:00,4.400,16.80,0.000
2025-06-06T18:30:00,4.400,17.30,0.000
2025-06-06T18:15:00,4.400,17.00,0.000
2025-06-06T18:00:00,4.400,17.40,0.000
2025-06-06T17:45:00,4.390,17.20,0.000
2025-06-06T17:30:00,4.400,16.80,0.000
2025-06-06T17:15:00,4.390,16.50,0.000
2025-06-06T17:00:00,4.390,17.40,0.000
2025-06-06T16:45:00,4.390,17.40,0.000
2025-06-06T16:30:00,4.390,17.00,0.000
2025-06-06T16:15:00,4.390,16.90,0.000
2025-06-06T16:00:00,4.390,17.00,0.000
2025-06-06T15:45:00,4.390,17.20,0.000
2025-06-06T15:30:00,4.390,17.10,0.000
2025-06-06T15:15:00,4.390,17.50,0.000
2025-06-06T15:00:00,4.390,17.20,0.000
2025-06-06T14:45:00,4.390,17.30,0.000
2025-06-06T14:30:00,4.380,17.40,0.000
2025-06-06T14:15:00,4.380,16.50,0.000
2025-06-06T14:00:00,4.380,17.00,0.000
2025-06-06T13:45:00,4.380,17.00,0.000
2025-06-06T13:30:00,4.380,17.20,0.000
2025-06-06T13:15:00,4.380,17.40,0.000
2025-06-06T13:00:00,4.380,17.40,0.000
2025-06-06T12:45:00,4.380,17.60,0.000
2025-06-06T12:30:00,4.380,17.40,0.000
2025-06-06T12:15:00,4.380,17.30,0.000
2025-06-06T12:00:00,4.380,17.00,0.000
2025-06-06T11:45:00,4.380,17.60,0.000
2025-06-06T11:30:00,4.380,17.20,0.000
2025-06-06T11:15:00,4.380,17.00,0.000
2025-06-06T11:00:00,4.370,17.30,0.000
2025-06-06T10:45:00,4.370,17.50,0.000
2025-06-06T10:30:00,4.370,17.60,0.000
2025-06-06T10:15:00,4.370,17.20,0.000
2025-06-06T10:00:00,4.370,17.70,0.000
2025-06-06T09:45:00,4.370,17.10,0.000
2025-06-06T09:30:00,4.370,17.70,0.000
2025-06-06T09:15:00,4.370,17.80,0.000
2025-06-06T09:00:00,4.370,18.10,0.000
2025-06-06T08:45:00,4.370,17.60,0.000
2025-06-06T08:30:00,4.370,17.70,0.000
2025-06-06T08:15:00,4.370,18.30,0.000
2025-06-06T08:00:00,4.370,18.00,0.000
2025-06-06T07:45:00,4.370,18.20,0.000
2025-06-06T07:30:00,4.370,18.10,0.000
2025-06-06T07:15:00,4.370,17.90,0.000
2025-06-06T07:00:00,4.360,18.00,0.000
2025-06-06T06:45:00,4.370,18.20,0.000
2025-06-06T06:30:00,4.370,18.30,0.000
2025-06-06T06:15:00,4.370,17.80,0.000
2025-06-06T06:00:00,4.370,17.90,0.000
2025-06-06T05:45:00,4.380,18.00,0.000
2025-06-06T05:30:00,4.380,18.70,0.000
2025-06-06T05:15:00,4.380,18.60,0.000
2025-06-06T05:00:00,4.380,18.10,0.000
2025-06-06T04:45:00,4.390,18.30,0.000
2025-06-06T04:30:00,4.380,18.60,0.000
2025-06-06T04:15:00,4.390,18.10,0.000
2025-06-06T04:00:00,4.390,18.60,0.000
2025-06-06T03:45:00,4.390,18.30,0.000
2025-06-06T03:30:00,4.390,19.20,0.000
2025-06-06T03:15:00,4.390,19.60,0.500
2025-06-06T03:00:00,4.400,19.60,0.000
2025-06-06T02:45:00,4.400,19.10,0.000
2025-06-06T02:30:00,4.400,19.90,0.000
2025-06-06T02:15:00,4.400,20.80,0.500
2025-06-06T02:00:00,4.400,20.20,0.000
2025-06-06T01:45:00,4.400,19.80,0.000
2025-06-06T01:30:00,4.410,19.30,0.000
2025-06-06T01:15:00,4.400,18.70,0.500
2025-06-06T01:00:00,4.400,20.00,0.000
2025-06-06T00:45:00,4.410,20.70,0.500
2025-06-06T00:30:00,4.400,19.40,0.500
2025-06-06T00:15:00,4.400,20.40,6.000
2025-06-06T00:00:00,4.400,20.00,6.500
2025-06-05T23:45:00,4.400,19.20,0.000
2025-06-05T23:30:00,4.400,18.80,0.000
2025-06-05T23:15:00,4.400,19.40,0.000
2025-06-05T23:00:00,4.400,18.80,0.000
2025-06-05T22:45:00,4.400,19.00,0.000
2025-06-05T22:30:00,4.410,19.10,0.000
2025-06-05T22:15:00,4.400,18.90,0.000
2025-06-05T22:00:00,4.410,18.90,0.000
2025-06-05T21:45:00,4.410,19.00,0.000
2025-06-05T21:30:00,4.410,19.30,0.000
2025-06-05T21:15:00,4.410,19.10,0.000
2025-06-05T21:00:00,4.410,18.70,0.000
2025-06-05T20:45:00,4.420,19.60,0.000
2025-06-05T20:30:00,4.420,19.80,0.000
2025-06-05T20:15:00,4.420,19.60,0.000
2025-06-05T20:00:00,4.420,19.40,0.000
2025-06-05T19:45:00,4.420,19.60,0.000
2025-06-05T19:30:00,4.420,19.50,0.000
2025-06-05T19:15:00,4.430,19.40,0.000
2025-06-05T19:00:00,4.430,20.00,0.000
2025-06-05T18:45:00,4.430,19.90,0.000
2025-06-05T18:30:00,4.430,20.10,0.000
2025-06-05T18:15:00,4.430,19.10,0.000
2025-06-05T18:00:00,4.440,19.90,0.000
2025-06-05T17:45:00,4.440,19.80,0.000
2025-06-05T17:30:00,4.440,20.10,0.000
2025-06-05T17:15:00,4.440,20.00,0.000
2025-06-05T17:00:00,4.440,20.10,0.000
2025-06-05T16:45:00,4.450,20.40,0.000
2025-06-05T16:30:00,4.440,20.50,0.000
2025-06-05T16:15:00,4.450,20.30,0.000
2025-06-05T16:00:00,4.440,19.60,0.000
2025-06-05T15:45:00,4.450,19.90,0.000
2025-06-05T15:30:00,4.450,20.20,0.000
2025-06-05T15:15:00,4.450,19.70,0.000
2025-06-05T15:00:00,4.450,20.00,0.000
2025-06-05T14:45:00,4.460,19.70,0.000
2025-06-05T14:30:00,4.460,19.90,0.000
2025-06-05T14:15:00,4.460,20.20,0.000
2025-06-05T14:00:00,4.470,20.30,0.000
2025-06-05T13:45:00,4.460,20.30,0.000
2025-06-05T13:30:00,4.470,21.00,0.000
2025-06-05T13:15:00,4.460,19.90,0.000
2025-06-05T13:00:00,4.470,20.70,0.000
2025-06-05T12:45:00,4.470,21.00,0.000
2025-06-05T12:30:00,4.470,20.40,0.000
2025-06-05T12:15:00,4.470,20.40,0.000
2025-06-05T12:00:00,4.480,20.70,0.000
2025-06-05T11:45:00,4.480,20.40,0.000
2025-06-05T11:30:00,4.480,21.40,0.000
2025-06-05T11:15:00,4.480,21.10,0.000
2025-06-05T11:00:00,4.480,20.80,0.000
2025-06-05T10:45:00,4.490,22.20,0.000
2025-06-05T10:30:00,4.490,20.70,0.000
2025-06-05T10:15:00,4.480,21.20,0.000
2025-06-05T10:00:00,4.490,21.10,0.000
2025-06-05T09:45:00,4.490,21.00,0.500
2025-06-05T09:30:00,4.490,22.10,0.000
2025-06-05T09:15:00,4.500,21.80,0.000
2025-06-05T09:00:00,4.500,21.70,0.000
2025-06-05T08:45:00,4.500,21.80,0.000
2025-06-05T08:30:00,4.500,21.30,0.000
2025-06-05T08:15:00,4.510,20.90,0.000
2025-06-05T08:00:00,4.510,22.70,0.000
2025-06-05T07:45:00,4.510,21.90,0.000
2025-06-05T07:30:00,4.510,22.60,0.000
2025-06-05T07:15:00,4.520,22.40,0.000
2025-06-05T07:00:00,4.520,22.20,0.000
2025-06-05T06:45:00,4.520,22.00,0.000
2025-06-05T06:30:00,4.520,22.70,0.000
2025-06-05T06:15:00,4.520,22.30,0.000
2025-06-05T06:00:00,4.520,22.90,0.000
2025-06-05T05:45:00,4.520,22.50,0.000
2025-06-05T05:30:00,4.530,23.40,0.000
2025-06-05T05:15:00,4.520,22.60,0.000
2025-06-05T05:00:00,4.520,22.90,0.000
2025-06-05T04:45:00,4.530,22.60,0.000
2025-06-05T04:30:00,4.530,22.80,0.000
2025-06-05T04:15:00,4.530,22.90,0.000
2025-06-05T04:00:00,4.530,22.80,0.000
2025-06-05T03:45:00,4.530,23.40,0.000
2025-06-05T03:30:00,4.540,23.40,0.000
2025-06-05T03:15:00,4.540,23.00,0.000
2025-06-05T03:00:00,4.540,23.10,0.000
2025-06-05T02:45:00,4.540,23.80,0.000
2025-06-05T02:30:00,4.540,23.40,0.000
2025-06-05T02:15:00,4.540,23.30,0.000
2025-06-05T02:00:00,4.540,23.30,0.000
2025-06-05T01:45:00,4.540,23.50,0.000
2025-06-05T01:30:00,4.550,22.90,0.000
2025-06-05T01:15:00,4.550,24.20,0.000
2025-06-05T01:00:00,4.550,23.20,0.000
2025-06-05T00:45:00,4.560,23.50,0.000
2025-06-05T00:30:00,4.560,23.60,0.000
2025-06-05T00:15:00,4.550,24.40,0.000
2025-06-05T00:00:00,4.550,24.00,0.000
2025-06-04T23:45:00,4.560,24.00,0.000
2025-06-04T23:30:00,4.560,24.50,0.000
2025-06-04T23:15:00,4.560,24.50,0.000
2025-06-04T23:00:00,4.560,23.60,0.000
2025-06-04T22:45:00,4.560,24.60,0.000
2025-06-04T22:30:00,4.560,24.20,0.000
2025-06-04T22:15:00,4.570,24.40,0.000
2025-06-04T22:00:00,4.570,24.50,0.000
2025-06-04T21:45:00,4.570,24.80,0.000
2025-06-04T21:30:00,4.570,25.00,0.000
2025-06-04T21:15:00,4.570,24.50,0.000
2025-06-04T21:00:00,4.570,25.10,0.000
2025-06-04T20:45:00,4.570,25.00,0.000
2025-06-04T20:30:00,4.580,24.80,0.000
2025-06-04T20:15:00,4.570,25.00,0.000
2025-06-04T20:00:00,4.570,24.10,0.000
2025-06-04T19:45:00,4.570,24.90,0.000
2025-06-04T19:30:00,4.570,24.20,0.000
2025-06-04T19:15:00,4.570,24.50,0.000
2025-06-04T19:00:00,4.570,24.40,0.000
2025-06-04T18:45:00,4.570,25.10,0.000
2025-06-04T18:30:00,4.560,24.10,0.000
2025-06-04T18:15:00,4.560,23.40,0.000
2025-06-04T18:00:00,4.550,24.60,0.000
2025-06-04T17:45:00,4.530,22.80,0.000
2025-06-04T17:30:00,4.520,22.70,0.000
2025-06-04T17:15:00,4.490,22.10,0.000
2025-06-04T17:00:00,4.470,20.80,0.000
2025-06-04T16:45:00,4.440,19.30,0.000
2025-06-04T16:30:00,4.400,17.40,0.000
2025-06-04T16:15:00,4.390,16.40,0.000
2025-06-04T16:00:00,4.380,16.00,0.000
2025-06-04T15:45:00,4.380,15.70,0.000
2025-06-04T15:30:00,4.390,15.80,0.000
2025-06-04T15:15:00,4.390,15.50,0.000
2025-06-04T15:00:00,4.400,16.20,0.000
2025-06-04T14:45:00,4.400,16.40,0.000
2025-06-04T14:30:00,4.410,16.40,0.000
2025-06-04T14:15:00,4.410,16.50,0.000
2025-06-04T14:00:00,4.420,17.10,0.000
2025-06-04T13:45:00,4.430,17.20,0.000
2025-06-04T13:30:00,4.430,17.00,0.000
2025-06-04T13:15:00,4.440,17.10,0.000
2025-06-04T13:00:00,4.450,17.50,0.000
2025-06-04T12:45:00,4.470,18.40,0.000
2025-06-04T12:30:00,4.480,18.20,0.000
2025-06-04T12:15:00,4.500,19.70,0.000
2025-06-04T12:00:00,4.530,20.50,0.000
2025-06-04T11:45:00,4.550,20.80,0.000
2025-06-04T11:30:00,4.570,22.80,0.000
2025-06-04T11:15:00,4.590,23.30,0.000
2025-06-04T11:00:00,4.610,24.30,0.000
2025-06-04T10:45:00,4.620,24.70,0.000
2025-06-04T10:30:00,4.630,25.40,0.000
2025-06-04T10:15:00,4.630,26.80,0.000
2025-06-04T10:00:00,4.640,25.90,0.000
2025-06-04T09:45:00,4.640,26.20,0.000
2025-06-04T09:30:00,4.640,26.90,0.000
2025-06-04T09:15:00,4.640,27.00,0.000
2025-06-04T09:00:00,4.640,26.70,0.000
2025-06-04T08:45:00,4.640,25.90,0.000
2025-06-04T08:30:00,4.650,26.30,0.000
2025-06-04T08:15:00,4.640,26.60,0.000
2025-06-04T08:00:00,4.650,27.30,0.000
2025-06-04T07:45:00,4.650,26.70,0.000
2025-06-04T07:30:00,4.650,27.60,0.000
2025-06-04T07:15:00,4.660,27.90,0.000
2025-06-04T07:00:00,4.670,27.80,0.000
2025-06-04T06:45:00,4.670,27.20,0.000
2025-06-04T06:30:00,4.670,27.40,0.000
2025-06-04T06:15:00,4.680,28.00,0.000
2025-06-04T06:00:00,4.680,28.40,0.000
2025-06-04T05:45:00,4.680,28.10,0.000
2025-06-04T05:30:00,4.690,27.90,0.000
2025-06-04T05:15:00,4.690,28.10,0.000
2025-06-04T05:00:00,4.700,27.80,0.000
2025-06-04T04:45:00,4.690,28.70,0.000
2025-06-04T04:30:00,4.700,29.00,0.000
2025-06-04T04:15:00,4.700,29.10,0.000
2025-06-04T04:00:00,4.710,29.70,0.000
2025-06-04T03:45:00,4.710,29.70,0.000
2025-06-04T03:30:00,4.710,28.20,0.000
2025-06-04T03:15:00,4.720,29.80,0.000
2025-06-04T03:00:00,4.720,28.60,0.000
2025-06-04T02:45:00,4.720,30.20,0.000
2025-06-04T02:30:00,4.730,29.20,0.000
2025-06-04T02:15:00,4.730,29.20,0.000
2025-06-04T02:00:00,4.740,30.70,0.000
2025-06-04T01:45:00,4.740,30.50,0.000
2025-06-04T01:30:00,4.730,29.60,0.000
2025-06-04T01:15:00,4.740,30.20,0.000
2025-06-04T01:00:00,4.750,30.30,0.000
2025-06-04T00:45:00,4.750,30.80,0.000
2025-06-04T00:30:00,4.750,31.20,0.000
2025-06-04T00:15:00,4.760,31.30,0.000
2025-06-04T00:00:00,4.760,29.90,0.000
2025-06-03T23:45:00,4.770,31.30,0.000
2025-06-03T23:30:00,4.760,31.30,0.000
2025-06-03T23:15:00,4.770,32.10,0.000
2025-06-03T23:00:00,4.770,30.20,0.000
2025-06-03T22:45:00,4.780,31.40,0.000
2025-06-03T22:30:00,4.780,31.40,0.000
2025-06-03T22:15:00,4.780,31.20,0.000
2025-06-03T22:00:00,4.790,32.40,0.000
2025-06-03T21:45:00,4.790,32.50,0.000
2025-06-03T21:30:00,4.790,32.30,0.000
2025-06-03T21:15:00,4.800,32.70,0.000
2025-06-03T21:00:00,4.800,32.70,0.000
2025-06-03T20:45:00,4.800,32.50,0.000
2025-06-03T20:30:00,4.810,33.20,0.000
2025-06-03T20:15:00,4.800,33.20,0.000
2025-06-03T20:00:00,4.810,33.30,0.000
2025-06-03T19:45:00,4.820,32.60,0.000
2025-06-03T19:30:00,4.820,32.60,0.000
2025-06-03T19:15:00,4.820,33.20,0.000
2025-06-03T19:00:00,4.830,33.10,0.000
2025-06-03T18:45:00,4.830,33.20,0.000
2025-06-03T18:30:00,4.830,32.90,0.000
2025-06-03T18:15:00,4.840,33.80,0.000
2025-06-03T18:00:00,4.850,34.40,0.000
2025-06-03T17:45:00,4.850,33.90,0.000
2025-06-03T17:30:00,4.860,34.70,0.000
2025-06-03T17:15:00,4.860,33.80,0.000
2025-06-03T17:00:00,4.860,34.30,0.000
2025-06-03T16:45:00,4.860,35.60,0.000
2025-06-03T16:30:00,4.860,34.60,0.000
2025-06-03T16:15:00,4.870,34.30,0.000
2025-06-03T16:00:00,4.870,34.80,0.000
2025-06-03T15:45:00,4.870,35.50,0.000
2025-06-03T15:30:00,4.860,34.10,0.000
2025-06-03T15:15:00,4.860,34.70,0.000
2025-06-03T15:00:00,4.850,32.00,0.000
2025-06-03T14:45:00,4.830,32.30,0.000
2025-06-03T14:30:00,4.810,31.10,0.000
2025-06-03T14:15:00,4.810,30.40,0.000
2025-06-03T14:00:00,4.800,29.10,0.000
2025-06-03T13:45:00,4.810,30.70,0.000
2025-06-03T13:30:00,4.810,29.50,0.000
2025-06-03T13:15:00,4.830,30.80,0.000
2025-06-03T13:00:00,4.840,31.50,0.000
2025-06-03T12:45:00,4.850,32.30,0.000
2025-06-03T12:30:00,4.860,32.10,0.000
2025-06-03T12:15:00,4.880,32.20,0.000
2025-06-03T12:00:00,4.890,30.70,0.000
2025-06-03T11:45:00,4.910,32.20,0.000
2025-06-03T11:30:00,4.920,33.70,0.000
2025-06-03T11:15:00,4.940,32.70,0.000
2025-06-03T11:00:00,4.960,35.70,0.000
2025-06-03T10:45:00,4.960,34.20,0.000
2025-06-03T10:30:00,4.990,34.50,0.000
2025-06-03T10:15:00,5.000,35.80,0.000
2025-06-03T10:00:00,5.020,35.50,0.000
2025-06-03T09:45:00,5.030,35.10,0.000
2025-06-03T09:30:00,5.050,36.40,0.000
2025-06-03T09:15:00,5.070,36.50,0.000
2025-06-03T09:00:00,5.090,37.50,0.000
2025-06-03T08:45:00,5.110,36.90,0.000
2025-06-03T08:30:00,5.120,39.80,0.000
2025-06-03T08:15:00,5.140,39.40,0.000
2025-06-03T08:00:00,5.160,38.70,0.000
2025-06-03T07:45:00,5.180,39.70,0.000
2025-06-03T07:30:00,5.200,40.40,0.000
2025-06-03T07:15:00,5.210,39.30,0.000
2025-06-03T07:00:00,5.230,40.50,0.000
2025-06-03T06:45:00,5.250,40.80,0.000
2025-06-03T06:30:00,5.260,43.90,0.000
2025-06-03T06:15:00,5.290,40.50,0.000
2025-06-03T06:00:00,5.310,43.10,0.000
2025-06-03T05:45:00,5.330,42.40,0.000
2025-06-03T05:30:00,5.340,43.50,0.000
2025-06-03T05:15:00,5.360,48.10,0.000
2025-06-03T05:00:00,5.390,45.30,0.000
2025-06-03T04:45:00,5.410,47.70,0.000
2025-06-03T04:30:00,5.430,50.30,0.000
2025-06-03T04:15:00,5.450,49.80,0.000
2025-06-03T04:00:00,5.470,49.30,0.000
2025-06-03T03:45:00,5.500,50.60,0.000
2025-06-03T03:30:00,5.520,50.60,0.000
2025-06-03T03:15:00,5.540,57.40,0.000
2025-06-03T03:00:00,5.570,55.00,0.000
2025-06-03T02:45:00,5.590,56.00,0.000
2025-06-03T02:30:00,5.610,58.20,0.000
2025-06-03T02:15:00,5.640,59.20,0.000
2025-06-03T02:00:00,5.670,62.10,0.000
2025-06-03T01:45:00,5.690,62.10,0.000
2025-06-03T01:30:00,5.720,66.30,0.000
2025-06-03T01:15:00,5.740,65.80,0.000
2025-06-03T01:00:00,5.780,65.10,0.000
2025-06-03T00:45:00,5.800,66.30,0.000
2025-06-03T00:30:00,5.830,67.30,0.500
2025-06-03T00:15:00,5.860,74.40,0.000
2025-06-03T00:00:00,5.880,72.10,0.000
2025-06-02T23:45:00,5.900,78.10,0.000
2025-06-02T23:30:00,5.940,76.20,0.000
2025-06-02T23:15:00,5.960,82.60,0.000
2025-06-02T23:00:00,5.990,79.30,0.000
2025-06-02T22:45:00,6.010,85.60,0.000
2025-06-02T22:30:00,6.030,80.50,0.000
2025-06-02T22:15:00,6.050,84.40,0.000
2025-06-02T22:00:00,6.080,91.10,0.000
2025-06-02T21:45:00,6.090,91.60,0.000
2025-06-02T21:30:00,6.110,94.10,0.000
2025-06-02T21:15:00,6.130,91.50,0.000
2025-06-02T21:00:00,6.150,97.00,0.000
2025-06-02T20:45:00,6.170,99.30,0.000
2025-06-02T20:30:00,6.170,99.00,0.000
2025-06-02T20:15:00,6.180,99.10,0.000
2025-06-02T20:00:00,6.160,103.00,0.000
2025-06-02T19:45:00,6.140,103.70,0.000
2025-06-02T19:30:00,6.100,100.90,0.000
2025-06-02T19:15:00,6.050,98.70,0.000
2025-06-02T19:00:00,5.950,101.30,0.000
2025-06-02T18:45:00,5.810,89.10,0.000
2025-06-02T18:30:00,5.640,82.00,0.000
2025-06-02T18:15:00,5.450,68.50,0.000
2025-06-02T18:00:00,5.250,54.90,0.000
2025-06-02T17:45:00,5.110,43.50,0.000
2025-06-02T17:30:00,5.030,38.70,1.000
2025-06-02T17:15:00,5.000,42.30,8.000
2025-06-02T17:00:00,4.980,37.90,0.000
2025-06-02T16:45:00,4.960,36.10,0.000
2025-06-02T16:30:00,4.960,36.50,0.000
2025-06-02T16:15:00,4.960,35.50,0.000
2025-06-02T16:00:00,4.960,35.00,0.000
2025-06-02T15:45:00,4.970,35.30,0.500
2025-06-02T15:30:00,4.980,37.80,0.500
2025-06-02T15:15:00,4.980,39.70,1.000
2025-06-02T15:00:00,4.990,35.30,0.000
2025-06-02T14:45:00,5.000,35.70,0.000
2025-06-02T14:30:00,5.010,34.50,0.000
2025-06-02T14:15:00,5.010,36.60,0.000
2025-06-02T14:00:00,5.030,35.10,0.000
2025-06-02T13:45:00,5.030,35.70,0.500
2025-06-02T13:30:00,5.040,36.00,0.000
2025-06-02T13:15:00,5.050,36.40,0.000
2025-06-02T13:00:00,5.060,35.90,0.000
2025-06-02T12:45:00,5.070,37.30,0.000
2025-06-02T12:30:00,5.080,37.50,0.000
2025-06-02T12:15:00,5.090,38.00,0.000
2025-06-02T12:00:00,5.100,38.10,0.000
2025-06-02T11:45:00,5.110,37.60,0.000
2025-06-02T11:30:00,5.120,39.60,0.000
2025-06-02T11:15:00,5.130,40.60,0.000
2025-06-02T11:00:00,5.140,39.10,0.000
2025-06-02T10:45:00,5.150,38.10,0.000
2025-06-02T10:30:00,5.170,40.90,0.000
2025-06-02T10:15:00,5.170,39.80,0.000
2025-06-02T10:00:00,5.180,41.60,0.000
2025-06-02T09:45:00,5.200,43.90,0.000
2025-06-02T09:30:00,5.210,42.20,0.000
2025-06-02T09:15:00,5.220,44.00,0.000
2025-06-02T09:00:00,5.230,44.70,0.000
2025-06-02T08:45:00,5.240,43.30,0.000
2025-06-02T08:30:00,5.250,46.20,0.000
2025-06-02T08:15:00,5.270,44.70,0.000
2025-06-02T08:00:00,5.280,45.30,0.000
2025-06-02T07:45:00,5.300,46.00,0.000
2025-06-02T07:30:00,5.300,47.70,0.000
2025-06-02T07:15:00,5.310,49.60,0.000
2025-06-02T07:00:00,5.320,49.90,0.000
2025-06-02T06:45:00,5.330,50.20,0.000
2025-06-02T06:30:00,5.340,50.70,0.000
2025-06-02T06:15:00,5.340,50.00,0.000
2025-06-02T06:00:00,5.340,51.50,0.000
2025-06-02T05:45:00,5.350,52.60,0.000
2025-06-02T05:30:00,5.350,51.90,0.000
2025-06-02T05:15:00,5.350,53.80,0.000
2025-06-02T05:00:00,5.350,53.20,0.000
2025-06-02T04:45:00,5.350,51.20,0.000
2025-06-02T04:30:00,5.360,55.70,0.000
2025-06-02T04:15:00,5.360,52.80,0.000
2025-06-02T04:00:00,5.340,52.20,0.000
2025-06-02T03:45:00,5.350,52.00,0.000
2025-06-02T03:30:00,5.330,51.70,0.000
2025-06-02T03:15:00,5.330,52.50,0.000
2025-06-02T03:00:00,5.320,54.60,0.000
2025-06-02T02:45:00,5.310,53.50,0.000
2025-06-02T02:30:00,5.320,53.40,0.000
2025-06-02T02:15:00,5.300,54.30,0.000
2025-06-02T02:00:00,5.280,54.00,0.000
2025-06-02T01:45:00,5.270,52.60,0.000
2025-06-02T01:30:00,5.260,51.60,0.500
2025-06-02T01:15:00,5.240,50.30,0.000
2025-06-02T01:00:00,5.210,52.80,0.000
2025-06-02T00:45:00,5.190,50.70,0.000
2025-06-02T00:30:00,5.140,49.50,0.000
2025-06-02T00:15:00,5.090,48.10,0.000
2025-06-02T00:00:00,5.030,44.00,0.000
2025-06-01T23:45:00,4.960,40.40,0.000
2025-06-01T23:30:00,4.920,37.00,0.000
2025-06-01T23:15:00,4.880,36.30,0.000
2025-06-01T23:00:00,4.840,35.80,0.000
2025-06-01T22:45:00,4.810,32.90,0.000
2025-06-01T22:30:00,4.790,32.00,0.000
2025-06-01T22:15:00,4.770,31.60,0.000
2025-06-01T22:00:00,4.770,32.50,0.000
2025-06-01T21:45:00,4.780,31.70,0.000
2025-06-01T21:30:00,4.780,31.60,0.000
2025-06-01T21:15:00,4.770,31.80,0.000
2025-06-01T21:00:00,4.780,30.70,0.000
2025-06-01T20:45:00,4.780,32.90,0.000
2025-06-01T20:30:00,4.780,34.30,2.000
2025-06-01T20:15:00,4.790,32.20,0.000
2025-06-01T20:00:00,4.790,32.90,0.000
2025-06-01T19:45:00,4.790,32.60,0.000
2025-06-01T19:30:00,4.800,32.80,0.000
2025-06-01T19:15:00,4.810,33.90,0.000
2025-06-01T19:00:00,4.810,32.90,0.000
2025-06-01T18:45:00,4.810,33.80,0.000
2025-06-01T18:30:00,4.830,33.00,0.000
2025-06-01T18:15:00,4.840,32.60,0.000
2025-06-01T18:00:00,4.840,32.10,0.000
2025-06-01T17:45:00,4.850,32.80,0.000
2025-06-01T17:30:00,4.850,33.90,0.000
2025-06-01T17:15:00,4.870,34.00,0.000
2025-06-01T17:00:00,4.880,34.30,0.000
2025-06-01T16:45:00,4.890,35.20,0.000
2025-06-01T16:30:00,4.880,34.00,0.000
2025-06-01T16:15:00,4.900,35.40,0.000
2025-06-01T16:00:00,4.900,35.20,0.000
2025-06-01T15:45:00,4.920,35.80,0.000
2025-06-01T15:30:00,4.920,35.70,0.000
2025-06-01T15:15:00,4.930,35.30,0.000
2025-06-01T15:00:00,4.940,36.90,0.000
2025-06-01T14:45:00,4.950,36.50,0.000
2025-06-01T14:30:00,4.960,37.20,0.000
2025-06-01T14:15:00,4.970,36.30,0.000
2025-06-01T14:00:00,4.970,36.60,0.000
2025-06-01T13:45:00,4.980,36.50,0.000
2025-06-01T13:30:00,4.990,35.20,0.000
2025-06-01T13:15:00,4.990,38.30,0.000
2025-06-01T13:00:00,5.010,36.10,0.000
2025-06-01T12:45:00,5.010,36.20,0.000
2025-06-01T12:30:00,5.020,37.70,0.000
2025-06-01T12:15:00,5.020,36.00,0.000
2025-06-01T12:00:00,5.030,38.70,0.000
2025-06-01T11:45:00,5.040,38.30,0.000
2025-06-01T11:30:00,5.040,36.60,0.000
2025-06-01T11:15:00,5.040,36.40,0.000
2025-06-01T11:00:00,5.050,37.60,0.000
2025-06-01T10:45:00,5.060,35.80,0.000
2025-06-01T10:30:00,5.060,35.70,0.000
2025-06-01T10:15:00,5.070,35.40,0.000
2025-06-01T10:00:00,5.070,35.30,0.000
2025-06-01T09:45:00,5.070,35.70,0.000
2025-06-01T09:30:00,5.070,33.70,0.000
2025-06-01T09:15:00,5.070,33.20,0.000
2025-06-01T09:00:00,5.070,32.40,0.000
2025-06-01T08:45:00,5.070,32.00,0.000
2025-06-01T08:30:00,5.080,30.00,0.000
2025-06-01T08:15:00,5.090,30.20,0.000
2025-06-01T08:00:00,5.110,30.20,0.000
2025-06-01T07:45:00,5.130,32.80,0.000
2025-06-01T07:30:00,5.150,30.90,0.000
2025-06-01T07:15:00,5.180,30.90,0.000
2025-06-01T07:00:00,5.200,30.80,0.000
2025-06-01T06:45:00,5.220,31.90,0.000
2025-06-01T06:30:00,5.230,32.00,0.000
2025-06-01T06:15:00,5.230,32.10,0.000
2025-06-01T06:00:00,5.240,32.00,0.000
2025-06-01T05:45:00,5.240,33.10,0.000
2025-06-01T05:30:00,5.240,32.60,0.000
2025-06-01T05:15:00,5.250,35.10,0.000
2025-06-01T05:00:00,5.250,34.40,0.000
2025-06-01T04:45:00,5.250,36.30,0.500
2025-06-01T04:30:00,5.250,34.00,2.500
2025-06-01T04:15:00,5.250,40.10,0.500
2025-06-01T04:00:00,5.260,34.80,0.000
2025-06-01T03:45:00,5.250,35.60,0.000
2025-06-01T03:30:00,5.260,35.20,0.500
2025-06-01T03:15:00,5.270,32.90,0.000
2025-06-01T03:00:00,5.270,34.40,0.000
2025-06-01T02:45:00,5.270,37.50,0.000
2025-06-01T02:30:00,5.270,37.40,0.000
2025-06-01T02:15:00,5.280,37.10,0.000
2025-06-01T02:00:00,5.280,37.80,0.000
2025-06-01T01:45:00,5.280,38.40,0.000
2025-06-01T01:30:00,5.290,36.90,0.000
2025-06-01T01:15:00,5.290,40.10,0.000
2025-06-01T01:00:00,5.290,40.50,0.000
2025-06-01T00:45:00,5.290,40.60,0.000
2025-06-01T00:30:00,5.290,42.10,0.000
2025-06-01T00:15:00,5.290,39.90,0.000
2025-06-01T00:00:00,5.300,41.70,0.000
2025-06-14T23:45:00,4.800,34.50,0.000
2025-06-14T23:30:00,4.810,34.10,0.000
2025-06-14T23:15:00,4.810,35.00,0.000
2025-06-14T23:00:00,4.800,35.10,0.000
2025-06-14T22:45:00,4.800,34.30,0.000
2025-06-14T22:30:00,4.810,34.60,0.000
2025-06-14T22:15:00,4.800,34.20,0.000
2025-06-14T22:00:00,4.800,35.60,0.000
2025-06-14T21:45:00,4.810,33.50,0.000
2025-06-14T21:30:00,4.810,35.40,0.000
2025-06-14T21:15:00,4.810,35.70,0.000
2025-06-14T21:00:00,4.810,34.50,0.000
2025-06-14T20:45:00,4.810,35.50,0.000
2025-06-14T20:30:00,4.800,34.30,0.000
2025-06-14T20:15:00,4.800,35.70,0.000
2025-06-14T20:00:00,4.800,34.40,0.000
2025-06-14T19:45:00,4.800,35.60,0.000
2025-06-14T19:30:00,4.800,33.90,0.000
2025-06-14T19:15:00,4.800,34.40,0.000
2025-06-14T19:00:00,4.790,35.00,0.000
2025-06-14T18:45:00,4.780,33.90,0.000
2025-06-14T18:30:00,4.790,33.60,0.000
2025-06-14T18:15:00,4.780,34.20,0.000
2025-06-14T18:00:00,4.780,33.80,0.000
2025-06-14T17:45:00,4.770,34.60,0.000
2025-06-14T17:30:00,4.770,34.00,0.000
2025-06-14T17:15:00,4.770,33.70,0.000
2025-06-14T17:00:00,4.770,33.10,0.000
2025-06-14T16:45:00,4.770,34.00,0.000
2025-06-14T16:30:00,4.760,32.20,0.000
2025-06-14T16:15:00,4.760,32.80,0.000
2025-06-14T16:00:00,4.760,33.10,0.000
2025-06-14T15:45:00,4.770,33.30,0.000
2025-06-14T15:30:00,4.760,32.50,0.000
2025-06-14T15:15:00,4.760,33.60,0.000
2025-06-14T15:00:00,4.760,33.00,0.000
2025-06-14T14:45:00,4.760,33.70,0.000
2025-06-14T14:30:00,4.760,34.00,0.000
2025-06-14T14:15:00,4.770,33.70,1.500
2025-06-14T14:00:00,4.760,34.20,0.000
2025-06-14T13:45:00,4.760,33.70,0.000
2025-06-14T13:30:00,4.760,33.10,0.000
2025-06-14T13:15:00,4.760,33.50,0.000
2025-06-14T13:00:00,4.760,33.20,0.000
2025-06-14T12:45:00,4.770,33.60,0.000
2025-06-14T12:30:00,4.760,33.80,0.000
2025-06-14T12:15:00,4.770,34.30,0.000
2025-06-14T12:00:00,4.770,34.50,0.000
2025-06-14T11:45:00,4.770,36.20,0.000
2025-06-14T11:30:00,4.780,34.90,0.000
2025-06-14T11:15:00,4.790,35.20,0.000
2025-06-14T11:00:00,4.790,36.50,0.000
2025-06-14T10:45:00,4.780,35.00,0.000
2025-06-14T10:30:00,4.790,35.10,0.000
2025-06-14T10:15:00,4.790,34.40,0.000
2025-06-14T10:00:00,4.790,35.30,0.000
2025-06-14T09:45:00,4.800,36.20,0.000
2025-06-14T09:30:00,4.810,34.50,0.000
2025-06-14T09:15:00,4.800,34.20,0.000
2025-06-14T09:00:00,4.800,37.00,0.000
2025-06-14T08:45:00,4.810,36.00,0.000
2025-06-14T08:30:00,4.820,36.60,0.000
2025-06-14T08:15:00,4.820,36.40,0.000
2025-06-14T08:00:00,4.820,37.10,0.000
2025-06-14T07:45:00,4.830,37.20,0.000
2025-06-14T07:30:00,4.830,37.60,0.000
2025-06-14T07:15:00,4.830,36.30,0.500
2025-06-14T07:00:00,4.830,40.10,2.000
2025-06-14T06:45:00,4.830,37.90,0.000
2025-06-14T06:30:00,4.840,36.90,0.000
2025-06-14T06:15:00,4.840,37.90,0.000
2025-06-14T06:00:00,4.840,37.90,0.000
2025-06-14T05:45:00,4.860,36.40,0.000
2025-06-14T05:30:00,4.840,37.60,0.000
2025-06-14T05:15:00,4.840,37.80,0.000
2025-06-14T05:00:00,4.850,38.50,0.000
2025-06-14T04:45:00,4.860,36.50,0.000
2025-06-14T04:30:00,4.860,38.70,0.000
2025-06-14T04:15:00,4.870,39.20,0.000
2025-06-14T04:00:00,4.860,39.60,0.000
2025-06-14T03:45:00,4.870,40.00,0.000
2025-06-14T03:30:00,4.870,38.50,0.000
2025-06-14T03:15:00,4.870,38.80,0.000
2025-06-14T03:00:00,4.870,39.50,0.000
2025-06-14T02:45:00,4.880,40.60,0.000
2025-06-14T02:30:00,4.880,40.10,0.000
2025-06-14T02:15:00,4.870,38.80,0.000
2025-06-14T02:00:00,4.870,39.30,0.000
2025-06-14T01:45:00,4.890,40.10,0.000
2025-06-14T01:30:00,4.870,39.10,0.000
2025-06-14T01:15:00,4.880,39.80,0.000
2025-06-14T01:00:00,4.860,39.40,0.000
2025-06-14T00:45:00,4.870,40.50,0.000
2025-06-14T00:30:00,4.850,39.70,0.000
2025-06-14T00:15:00,4.860,38.80,0.000
2025-06-14T00:00:00,4.850,39.10,0.000
2025-06-13T23:45:00,4.850,37.40,0.000
2025-06-13T23:30:00,4.830,37.10,0.000
2025-06-13T23:15:00,4.830,38.50,0.000
2025-06-13T23:00:00,4.820,37.80,0.000
2025-06-13T22:45:00,4.810,36.40,0.000
2025-06-13T22:30:00,4.800,36.90,0.000
2025-06-13T22:15:00,4.800,36.50,0.000
2025-06-13T22:00:00,4.790,37.50,0.000
2025-06-13T21:45:00,4.770,35.40,0.000
2025-06-13T21:30:00,4.770,35.90,0.000
2025-06-13T21:15:00,4.760,34.80,0.000
2025-06-13T21:00:00,4.750,34.60,0.000
2025-06-13T20:45:00,4.740,34.80,0.000
2025-06-13T20:30:00,4.730,34.50,0.000
2025-06-13T20:15:00,4.720,33.60,0.000
2025-06-13T20:00:00,4.710,32.30,0.000
2025-06-13T19:45:00,4.700,32.90,0.000
2025-06-13T19:30:00,4.690,31.70,0.000
2025-06-13T19:15:00,4.690,31.80,0.000
2025-06-13T19:00:00,4.680,31.70,0.000
2025-06-13T18:45:00,4.680,30.70,0.000
2025-06-13T18:30:00,4.680,31.20,0.000
2025-06-13T18:15:00,4.670,30.60,0.500
2025-06-13T18:00:00,4.670,33.60,0.500
2025-06-13T17:45:00,4.670,33.40,0.500
2025-06-13T17:30:00,4.670,32.80,0.500
2025-06-13T17:15:00,4.660,32.00,1.000
2025-06-13T17:00:00,4.670,33.80,1.000
2025-06-13T16:45:00,4.670,32.80,1.000
2025-06-13T16:30:00,4.660,33.40,4.000
2025-06-13T16:15:00,4.660,32.00,6.500
2025-06-13T16:00:00,4.660,29.60,0.000
2025-06-13T15:45:00,4.670,29.00,0.000
2025-06-13T15:30:00,4.660,29.60,0.000
2025-06-13T15:15:00,4.670,29.40,0.000
2025-06-13T15:00:00,4.670,30.70,0.000
2025-06-13T14:45:00,4.680,29.40,0.000
2025-06-13T14:30:00,4.680,30.40,0.000
2025-06-13T14:15:00,4.680,29.90,0.000
2025-06-13T14:00:00,4.680,30.60,0.000
2025-06-13T13:45:00,4.680,31.00,0.000
2025-06-13T13:30:00,4.690,30.80,0.000
2025-06-13T13:15:00,4.690,31.80,0.000
2025-06-13T13:00:00,4.710,31.80,0.000
2025-06-13T12:45:00,4.700,31.10,0.000
2025-06-13T12:30:00,4.700,30.90,0.000
2025-06-13T12:15:00,4.710,31.50,0.000
2025-06-13T12:00:00,4.710,31.60,0.000
2025-06-13T11:45:00,4.720,30.70,0.000
2025-06-13T11:30:00,4.720,31.60,0.000
2025-06-13T11:15:00,4.730,32.00,0.000
2025-06-13T11:00:00,4.730,32.20,0.000
2025-06-13T10:45:00,4.730,31.50,0.000
2025-06-13T10:30:00,4.740,32.90,0.000
2025-06-13T10:15:00,4.730,32.50,0.000
2025-06-13T10:00:00,4.750,33.00,0.000
2025-06-13T09:45:00,4.750,32.70,0.000
2025-06-13T09:30:00,4.750,33.40,0.000
2025-06-13T09:15:00,4.760,32.90,0.000
2025-06-13T09:00:00,4.770,33.20,0.000
2025-06-13T08:45:00,4.770,34.10,0.000
2025-06-13T08:30:00,4.780,33.60,0.000
2025-06-13T08:15:00,4.790,34.50,0.000
2025-06-13T08:00:00,4.790,33.50,0.000
2025-06-13T07:45:00,4.790,34.70,0.000
2025-06-13T07:30:00,4.790,34.10,0.000
2025-06-13T07:15:00,4.790,33.70,0.000
2025-06-13T07:00:00,4.800,34.20,0.000
2025-06-13T06:45:00,4.810,35.10,0.000
2025-06-13T06:30:00,4.810,36.40,0.000
2025-06-13T06:15:00,4.820,34.20,0.000
2025-06-13T06:00:00,4.820,35.10,0.000
2025-06-13T05:45:00,4.820,36.60,0.000
2025-06-13T05:30:00,4.820,34.70,0.000
2025-06-13T05:15:00,4.830,37.30,0.000
2025-06-13T05:00:00,4.840,35.40,0.000
2025-06-13T04:45:00,4.850,36.70,0.000
2025-06-13T04:30:00,4.850,37.60,0.000
2025-06-13T04:15:00,4.860,38.00,0.000
2025-06-13T04:00:00,4.860,36.00,0.000
2025-06-13T03:45:00,4.850,36.10,0.000
2025-06-13T03:30:00,4.870,38.10,0.000
2025-06-13T03:15:00,4.880,37.30,0.000
2025-06-13T03:00:00,4.880,38.20,0.000
2025-06-13T02:45:00,4.890,39.30,0.000
2025-06-13T02:30:00,4.890,39.20,0.000
2025-06-13T02:15:00,4.890,37.90,0.000
2025-06-13T02:00:00,4.920,40.40,0.000
2025-06-13T01:45:00,4.920,38.60,0.000
2025-06-13T01:30:00,4.940,39.90,0.000
2025-06-13T01:15:00,4.940,41.30,0.000
2025-06-13T01:00:00,4.950,42.10,0.000
2025-06-13T00:45:00,4.960,43.10,0.000
2025-06-13T00:30:00,4.980,42.50,0.000
2025-06-13T00:15:00,4.990,43.70,0.000
2025-06-13T00:00:00,5.000,43.90,0.000
2025-06-12T23:45:00,5.010,44.60,0.000
2025-06-12T23:30:00,5.030,45.40,0.000
2025-06-12T23:15:00,5.050,47.60,0.000
2025-06-12T23:00:00,5.050,47.00,0.000
2025-06-12T22:45:00,5.070,48.20,0.000
2025-06-12T22:30:00,5.060,49.20,0.000
2025-06-12T22:15:00,5.050,48.10,0.000
2025-06-12T22:00:00,5.020,47.70,0.000
2025-06-12T21:45:00,4.980,45.80,0.000
2025-06-12T21:30:00,4.930,45.00,0.000
2025-06-12T21:15:00,4.850,39.80,0.000
2025-06-12T21:00:00,4.760,36.00,0.000
2025-06-12T20:45:00,4.710,33.00,0.000
2025-06-12T20:30:00,4.670,32.10,0.000
2025-06-12T20:15:00,4.650,30.90,0.000
2025-06-12T20:00:00,4.650,30.60,0.000
2025-06-12T19:45:00,4.650,30.10,0.000
2025-06-12T19:30:00,4.630,29.00,0.000
2025-06-12T19:15:00,4.640,30.00,0.000
2025-06-12T19:00:00,4.630,29.20,0.000
2025-06-12T18:45:00,4.640,30.10,0.000
2025-06-12T18:30:00,4.640,29.60,0.000
2025-06-12T18:15:00,4.640,29.10,0.000
2025-06-12T18:00:00,4.640,29.10,0.000
2025-06-12T17:45:00,4.650,30.20,0.000
2025-06-12T17:30:00,4.650,29.50,0.000
2025-06-12T17:15:00,4.640,29.60,0.000
2025-06-12T17:00:00,4.640,28.00,1.000
2025-06-12T16:45:00,4.650,30.20,7.000
2025-06-12T16:30:00,4.650,29.10,0.000
2025-06-12T16:15:00,4.640,29.10,0.000
2025-06-12T16:00:00,4.650,28.90,0.000
2025-06-12T15:45:00,4.650,29.60,0.000
2025-06-12T15:30:00,4.650,29.30,0.000
2025-06-12T15:15:00,4.660,30.10,0.000
2025-06-12T15:00:00,4.660,29.80,0.000
2025-06-12T14:45:00,4.660,28.80,0.000
2025-06-12T14:30:00,4.670,28.80,0.000
2025-06-12T14:15:00,4.670,30.10,0.000
2025-06-12T14:00:00,4.670,30.30,0.000
2025-06-12T13:45:00,4.670,30.60,0.000
2025-06-12T13:30:00,4.670,30.20,0.000
2025-06-12T13:15:00,4.680,30.50,0.000
2025-06-12T13:00:00,4.670,30.60,0.000
2025-06-12T12:45:00,4.680,30.60,0.000
2025-06-12T12:30:00,4.680,29.80,0.000
2025-06-12T12:15:00,4.680,30.70,0.000
2025-06-12T12:00:00,4.690,30.70,0.000
2025-06-12T11:45:00,4.680,30.60,0.000
2025-06-12T11:30:00,4.690,30.70,0.000
2025-06-12T11:15:00,4.690,29.40,0.000
2025-06-12T11:00:00,4.690,30.60,0.000
2025-06-12T10:45:00,4.690,30.70,0.000
2025-06-12T10:30:00,4.700,30.80,0.000
2025-06-12T10:15:00,4.710,31.70,0.000
2025-06-12T10:00:00,4.700,31.30,0.000
2025-06-12T09:45:00,4.710,31.20,0.000
2025-06-12T09:30:00,4.720,31.20,0.000
2025-06-12T09:15:00,4.720,31.90,0.000
2025-06-12T09:00:00,4.720,30.70,0.000
2025-06-12T08:45:00,4.730,31.50,0.000
2025-06-12T08:30:00,4.730,31.80,0.000
2025-06-12T08:15:00,4.740,31.90,0.000
2025-06-12T08:00:00,4.740,31.90,0.000
2025-06-12T07:45:00,4.750,32.80,0.000
2025-06-12T07:30:00,4.760,32.50,0.000
2025-06-12T07:15:00,4.750,32.80,0.000
2025-06-12T07:00:00,4.750,32.40,0.000
2025-06-12T06:45:00,4.760,33.40,0.000
2025-06-12T06:30:00,4.750,31.20,0.000
2025-06-12T06:15:00,4.750,31.80,0.000
2025-06-12T06:00:00,4.750,32.90,0.000
2025-06-12T05:45:00,4.740,32.00,0.000
2025-06-12T05:30:00,4.750,31.30,0.000
2025-06-12T05:15:00,4.750,30.80,0.000
2025-06-12T05:00:00,4.750,31.60,0.000
2025-06-12T04:45:00,4.760,32.30,0.000
2025-06-12T04:30:00,4.770,32.20,0.000
2025-06-12T04:15:00,4.770,32.40,0.000
2025-06-12T04:00:00,4.770,31.50,0.000
2025-06-12T03:45:00,4.770,31.50,0.000
2025-06-12T03:30:00,4.780,32.30,0.000
2025-06-12T03:15:00,4.780,32.00,0.000
2025-06-12T03:00:00,4.790,31.40,0.000
2025-06-12T02:45:00,4.790,32.90,0.000
2025-06-12T02:30:00,4.790,31.70,0.000
2025-06-12T02:15:00,4.800,31.80,0.000
2025-06-12T02:00:00,4.800,32.70,0.000
2025-06-12T01:45:00,4.810,32.50,0.000
2025-06-12T01:30:00,4.810,33.80,0.000
2025-06-12T01:15:00,4.820,33.00,0.000
2025-06-12T01:00:00,4.830,33.10,0.000
2025-06-12T00:45:00,4.830,33.60,0.500
2025-06-12T00:30:00,4.840,33.10,0.000
2025-06-12T00:15:00,4.840,34.70,0.000
2025-06-12T00:00:00,4.850,33.60,0.000
2025-06-11T23:45:00,4.860,35.80,0.500
2025-06-11T23:30:00,4.860,35.50,0.500
2025-06-11T23:15:00,4.860,34.20,0.000
2025-06-11T23:00:00,4.860,35.00,0.000
2025-06-11T22:45:00,4.870,34.50,0.000
2025-06-11T22:30:00,4.870,34.20,0.000
2025-06-11T22:15:00,4.880,36.30,0.500
2025-06-11T22:00:00,4.890,37.20,0.000
2025-06-11T21:45:00,4.890,35.10,0.000
2025-06-11T21:30:00,4.900,33.40,0.000
2025-06-11T21:15:00,4.910,33.20,0.000
2025-06-11T21:00:00,4.910,34.90,0.000
2025-06-11T20:45:00,4.910,33.80,0.000
2025-06-11T20:30:00,4.920,35.60,0.000
2025-06-11T20:15:00,4.930,34.60,0.000
2025-06-11T20:00:00,4.930,34.90,0.000
2025-06-11T19:45:00,4.940,34.00,0.000
2025-06-11T19:30:00,4.940,35.60,0.000
2025-06-11T19:15:00,4.960,35.40,0.000
2025-06-11T19:00:00,4.960,36.70,0.000
2025-06-11T18:45:00,4.960,36.40,0.000
2025-06-11T18:30:00,4.970,34.90,0.000
2025-06-11T18:15:00,4.980,35.10,0.000
2025-06-11T18:00:00,4.980,34.80,0.000
2025-06-11T17:45:00,4.990,36.70,0.000
2025-06-11T17:30:00,5.000,37.90,0.000
2025-06-11T17:15:00,5.010,37.50,0.000
2025-06-11T17:00:00,5.010,36.10,0.000
2025-06-11T16:45:00,5.010,35.60,0.000
2025-06-11T16:30:00,5.020,37.40,0.000
2025-06-11T16:15:00,5.030,36.40,0.000
2025-06-11T16:00:00,5.040,37.20,0.000
2025-06-11T15:45:00,5.040,37.40,0.000
2025-06-11T15:30:00,5.040,39.10,0.000
2025-06-11T15:15:00,5.040,37.40,0.000
2025-06-11T15:00:00,5.050,38.10,0.000
2025-06-11T14:45:00,5.060,38.40,0.000
2025-06-11T14:30:00,5.070,39.40,0.000
2025-06-11T14:15:00,5.070,40.40,0.000
2025-06-11T14:00:00,5.080,40.10,0.000
2025-06-11T13:45:00,5.080,40.20,0.000
2025-06-11T13:30:00,5.090,38.30,0.000
2025-06-11T13:15:00,5.100,39.90,0.000
2025-06-11T13:00:00,5.100,41.50,0.000
2025-06-11T12:45:00,5.100,41.70,0.000
2025-06-11T12:30:00,5.110,39.70,0.000
2025-06-11T12:15:00,5.120,40.20,0.000
2025-06-11T12:00:00,5.120,41.60,0.000
2025-06-11T11:45:00,5.130,43.10,0.000
2025-06-11T11:30:00,5.140,42.70,0.000
2025-06-11T11:15:00,5.150,41.50,0.000
2025-06-11T11:00:00,5.150,42.30,0.000
2025-06-11T10:45:00,5.150,43.80,0.000
2025-06-11T10:30:00,5.160,43.30,0.000
2025-06-11T10:15:00,5.170,44.80,0.000
2025-06-11T10:00:00,5.170,43.90,0.000
2025-06-11T09:45:00,5.170,44.40,0.000
2025-06-11T09:30:00,5.180,45.60,0.000
2025-06-11T09:15:00,5.180,45.60,0.000
2025-06-11T09:00:00,5.180,46.00,0.000
2025-06-11T08:45:00,5.180,43.60,0.000
2025-06-11T08:30:00,5.180,45.80,0.000
2025-06-11T08:15:00,5.170,44.70,0.000
2025-06-11T08:00:00,5.170,45.20,0.000
2025-06-11T07:45:00,5.170,45.90,0.000
2025-06-11T07:30:00,5.170,44.70,0.000
2025-06-11T07:15:00,5.160,44.10,0.000
2025-06-11T07:00:00,5.160,45.20,0.000
2025-06-11T06:45:00,5.150,43.50,0.000
2025-06-11T06:30:00,5.140,44.30,0.000
2025-06-11T06:15:00,5.130,44.50,0.000
2025-06-11T06:00:00,5.130,43.80,0.000
2025-06-11T05:45:00,5.120,42.80,0.000
2025-06-11T05:30:00,5.120,43.70,0.000
2025-06-11T05:15:00,5.100,43.30,0.000
2025-06-11T05:00:00,5.090,43.70,0.000
2025-06-11T04:45:00,5.080,42.60,0.000
2025-06-11T04:30:00,5.070,42.60,0.000
2025-06-11T04:15:00,5.050,41.90,0.000
2025-06-11T04:00:00,5.040,42.10,0.000
2025-06-11T03:45:00,5.020,39.90,0.000
2025-06-11T03:30:00,5.000,39.90,0.000
2025-06-11T03:15:00,4.990,38.60,0.000
2025-06-11T03:00:00,4.970,38.20,0.000
2025-06-11T02:45:00,4.950,37.40,0.000
2025-06-11T02:30:00,4.920,35.00,0.000
2025-06-11T02:15:00,4.890,33.30,0.000
2025-06-11T02:00:00,4.870,33.80,0.000
2025-06-11T01:45:00,4.860,31.80,0.000
2025-06-11T01:30:00,4.850,32.10,0.000
2025-06-11T01:15:00,4.850,31.90,0.000
2025-06-11T01:00:00,4.850,31.50,0.000
2025-06-11T00:45:00,4.860,31.90,0.000
2025-06-11T00:30:00,4.860,32.20,0.000
2025-06-11T00:15:00,4.860,30.90,0.000
2025-06-11T00:00:00,4.860,31.60,0.000
2025-06-10T23:45:00,4.870,31.40,0.000
2025-06-10T23:30:00,4.880,35.10,0.500
2025-06-10T23:15:00,4.870,31.30,0.000
2025-06-10T23:00:00,4.880,31.50,0.000
2025-06-10T22:45:00,4.880,32.30,0.000
2025-06-10T22:30:00,4.880,31.90,0.000
2025-06-10T22:15:00,4.890,32.40,0.000
2025-06-10T22:00:00,4.890,33.30,0.000
2025-06-10T21:45:00,4.890,33.00,0.000
2025-06-10T21:30:00,4.890,32.10,0.000
2025-06-10T21:15:00,4.890,33.00,0.000
2025-06-10T21:00:00,4.890,31.80,0.000
2025-06-10T20:45:00,4.900,32.50,0.000
2025-06-10T20:30:00,4.890,33.20,0.000
2025-06-10T20:15:00,4.900,32.40,0.000
2025-06-10T20:00:00,4.910,34.00,0.000
2025-06-10T19:45:00,4.900,33.10,0.000
2025-06-10T19:30:00,4.910,33.20,0.000
2025-06-10T19:15:00,4.910,34.10,0.000
2025-06-10T19:00:00,4.910,33.50,0.000
2025-06-10T18:45:00,4.910,34.50,0.000
2025-06-10T18:30:00,4.920,34.90,0.000
2025-06-10T18:15:00,4.920,33.90,0.000
2025-06-10T18:00:00,4.920,34.70,0.000
2025-06-10T17:45:00,4.930,34.90,0.000
2025-06-10T17:30:00,4.920,32.70,0.000
2025-06-10T17:15:00,4.930,33.40,0.000
2025-06-10T17:00:00,4.930,35.90,0.000
2025-06-10T16:45:00,4.940,34.10,0.000
2025-06-10T16:30:00,4.940,36.30,0.000
2025-06-10T16:15:00,4.940,35.70,0.000
2025-06-10T16:00:00,4.950,36.60,0.000
2025-06-10T15:45:00,4.960,35.40,0.000
2025-06-10T15:30:00,4.950,34.40,0.000
2025-06-10T15:15:00,4.950,36.10,0.000
2025-06-10T15:00:00,4.960,35.30,0.000
2025-06-10T14:45:00,4.960,37.40,0.000
2025-06-10T14:30:00,4.960,37.30,0.000
2025-06-10T14:15:00,4.970,37.50,0.000
2025-06-10T14:00:00,4.970,37.40,0.000
2025-06-10T13:45:00,4.980,36.30,0.000
2025-06-10T13:30:00,4.990,37.50,0.000
2025-06-10T13:15:00,4.990,37.00,0.000
2025-06-10T13:00:00,4.980,36.70,0.000
2025-06-10T12:45:00,4.980,37.70,0.000
2025-06-10T12:30:00,4.990,37.40,0.000
2025-06-10T12:15:00,4.990,39.10,0.000
2025-06-10T12:00:00,5.000,38.60,0.000
2025-06-10T11:45:00,5.000,38.70,0.000
2025-06-10T11:30:00,5.000,39.50,0.000
2025-06-10T11:15:00,5.010,38.90,0.000
2025-06-10T11:00:00,5.000,40.00,0.000
2025-06-10T10:45:00,5.000,38.80,0.000
2025-06-10T10:30:00,5.010,38.90,0.000
2025-06-10T10:15:00,5.010,39.40,0.000
2025-06-10T10:00:00,5.020,38.30,0.000
2025-06-10T09:45:00,5.010,40.70,0.000
2025-06-10T09:30:00,5.020,39.70,0.000
2025-06-10T09:15:00,5.010,38.20,0.000
2025-06-10T09:00:00,5.010,40.40,0.000
2025-06-10T08:45:00,5.010,39.20,0.000
2025-06-10T08:30:00,5.010,41.00,0.000
2025-06-10T08:15:00,5.010,39.10,0.000
2025-06-10T08:00:00,5.010,40.90,0.000
2025-06-10T07:45:00,5.000,40.30,0.000
2025-06-10T07:30:00,5.000,40.20,0.000
2025-06-10T07:15:00,5.000,40.80,0.000
2025-06-10T07:00:00,4.990,39.50,0.000
2025-06-10T06:45:00,4.990,39.20,0.000
2025-06-10T06:30:00,4.970,39.90,0.000
2025-06-10T06:15:00,4.960,38.70,0.000
2025-06-10T06:00:00,4.960,38.70,0.000
2025-06-10T05:45:00,4.950,38.20,0.000
2025-06-10T05:30:00,4.920,38.10,0.000
2025-06-10T05:15:00,4.910,36.50,0.000
2025-06-10T05:00:00,4.900,35.90,0.000
2025-06-10T04:45:00,4.890,36.60,0.000
2025-06-10T04:30:00,4.870,35.10,0.000
2025-06-10T04:15:00,4.850,34.10,0.000
2025-06-10T04:00:00,4.830,34.20,0.000
2025-06-10T03:45:00,4.820,32.90,0.000
2025-06-10T03:30:00,4.810,33.40,0.000
2025-06-10T03:15:00,4.800,32.10,0.000
2025-06-10T03:00:00,4.800,32.80,0.000
2025-06-10T02:45:00,4.790,32.10,0.000
2025-06-10T02:30:00,4.790,31.50,0.000
2025-06-10T02:15:00,4.780,32.30,0.000
2025-06-10T02:00:00,4.780,30.30,0.000
2025-06-10T01:45:00,4.780,32.60,0.500
2025-06-10T01:30:00,4.780,33.10,0.000
2025-06-10T01:15:00,4.770,31.50,0.500
2025-06-10T01:00:00,4.770,33.50,1.500
2025-06-10T00:45:00,4.760,32.00,0.500
2025-06-10T00:30:00,4.760,32.50,2.000
2025-06-10T00:15:00,4.760,32.60,3.000
2025-06-10T00:00:00,4.760,31.20,0.500
2025-06-09T23:45:00,4.760,32.50,0.000
2025-06-09T23:30:00,4.760,30.30,0.000
2025-06-09T23:15:00,4.770,30.30,0.000
2025-06-09T23:00:00,4.770,32.10,0.000
2025-06-09T22:45:00,4.770,30.00,0.000
2025-06-09T22:30:00,4.770,31.30,5.000
2025-06-09T22:15:00,4.770,34.50,0.500
2025-06-09T22:00:00,4.770,30.80,0.000
2025-06-09T21:45:00,4.780,31.20,0.000
2025-06-09T21:30:00,4.780,30.90,0.000
2025-06-09T21:15:00,4.780,30.80,0.000
2025-06-09T21:00:00,4.790,30.70,0.000
2025-06-09T20:45:00,4.790,31.20,0.000
2025-06-09T20:30:00,4.790,30.60,0.000
2025-06-09T20:15:00,4.800,32.00,0.000
2025-06-09T20:00:00,4.800,32.20,0.000
2025-06-09T19:45:00,4.810,32.60,0.000
2025-06-09T19:30:00,4.810,32.80,0.000
2025-06-09T19:15:00,4.820,32.20,0.000
2025-06-09T19:00:00,4.820,32.80,0.000
2025-06-09T18:45:00,4.820,31.80,0.000
2025-06-09T18:30:00,4.820,32.10,0.000
2025-06-09T18:15:00,4.830,32.30,0.000
2025-06-09T18:00:00,4.840,32.90,0.000
2025-06-09T17:45:00,4.840,34.00,0.000
2025-06-09T17:30:00,4.840,32.00,0.000
2025-06-09T17:15:00,4.840,33.50,0.000
2025-06-09T17:00:00,4.850,32.50,0.000
2025-06-09T16:45:00,4.850,32.80,0.000
2025-06-09T16:30:00,4.860,33.10,0.000
2025-06-09T16:15:00,4.870,32.60,0.000
2025-06-09T16:00:00,4.870,33.10,0.000
2025-06-09T15:45:00,4.870,34.10,0.000
2025-06-09T15:30:00,4.870,32.30,0.000
2025-06-09T15:15:00,4.880,33.80,0.000
2025-06-09T15:00:00,4.880,34.00,0.000
2025-06-09T14:45:00,4.880,33.90,0.000
2025-06-09T14:30:00,4.890,34.10,0.000
2025-06-09T14:15:00,4.900,33.90,0.000
2025-06-09T14:00:00,4.900,34.10,0.000
2025-06-09T13:45:00,4.890,31.80,0.000
2025-06-09T13:30:00,4.890,32.40,0.000
2025-06-09T13:15:00,4.890,33.80,0.000
2025-06-09T13:00:00,4.890,33.40,0.000
2025-06-09T12:45:00,4.890,34.00,0.000
2025-06-09T12:30:00,4.890,32.80,0.000
2025-06-09T12:15:00,4.890,32.60,0.000
2025-06-09T12:00:00,4.890,33.60,0.000
2025-06-09T11:45:00,4.890,32.00,0.000
2025-06-09T11:30:00,4.880,31.00,0.000
2025-06-09T11:15:00,4.890,34.40,0.000
2025-06-09T11:00:00,4.890,33.50,0.000
2025-06-09T10:45:00,4.880,33.20,0.000
2025-06-09T10:30:00,4.880,32.10,0.000
2025-06-09T10:15:00,4.870,33.10,0.000
2025-06-09T10:00:00,4.860,31.60,0.000
2025-06-09T09:45:00,4.850,33.00,0.000
2025-06-09T09:30:00,4.850,31.70,0.000
2025-06-09T09:15:00,4.850,32.60,0.000
2025-06-09T09:00:00,4.840,32.90,0.000
2025-06-09T08:45:00,4.820,32.10,0.000
2025-06-09T08:30:00,4.820,31.80,0.000
2025-06-09T08:15:00,4.810,32.40,0.000
2025-06-09T08:00:00,4.790,32.30,0.000
2025-06-09T07:45:00,4.780,31.10,0.000
2025-06-09T07:30:00,4.780,30.70,0.000
2025-06-09T07:15:00,4.760,31.10,0.000
2025-06-09T07:00:00,4.750,28.90,0.000
2025-06-09T06:45:00,4.740,30.10,0.000
2025-06-09T06:30:00,4.720,30.10,0.000
2025-06-09T06:15:00,4.720,29.80,0.000
2025-06-09T06:00:00,4.700,28.90,0.000
2025-06-09T05:45:00,4.680,27.00,0.000
2025-06-09T05:30:00,4.670,27.50,0.000
2025-06-09T05:15:00,4.660,25.90,0.000
2025-06-09T05:00:00,4.650,26.10,0.000
2025-06-09T04:45:00,4.640,26.50,0.000
2025-06-09T04:30:00,4.630,26.90,0.000
2025-06-09T04:15:00,4.620,27.00,1.000
2025-06-09T04:00:00,4.610,28.20,1.000
2025-06-09T03:45:00,4.600,24.80,2.500
2025-06-09T03:30:00,4.600,27.70,2.000
2025-06-09T03:15:00,4.590,26.90,1.000
2025-06-09T03:00:00,4.590,26.90,3.000
2025-06-09T02:45:00,4.580,27.00,14.500
2025-06-09T02:30:00,4.560,25.50,0.000
2025-06-09T02:15:00,4.560,25.00,0.000
2025-06-09T02:00:00,4.560,24.40,0.000
2025-06-09T01:45:00,4.560,25.00,0.000
2025-06-09T01:30:00,4.560,24.60,0.000
2025-06-09T01:15:00,4.560,24.30,0.000
2025-06-09T01:00:00,4.560,24.50,0.000
2025-06-09T00:45:00,4.560,24.70,0.000
2025-06-09T00:30:00,4.560,25.00,0.000
2025-06-09T00:15:00,4.560,25.40,0.000
2025-06-09T00:00:00,4.560,24.60,0.000
2025-06-08T23:45:00,4.560,24.40,0.000
2025-06-08T23:30:00,4.560,24.70,0.000
2025-06-08T23:15:00,4.560,25.40,0.000
2025-06-08T23:00:00,4.560,24.80,0.000
2025-06-08T22:45:00,4.560,24.90,0.000
2025-06-08T22:30:00,4.560,25.00,0.000
2025-06-08T22:15:00,4.560,24.50,0.000
2025-06-08T22:00:00,4.550,24.50,0.000
2025-06-08T21:45:00,4.550,24.50,0.000
2025-06-08T21:30:00,4.550,25.40,0.500
2025-06-08T21:15:00,4.550,25.40,0.000
2025-06-08T21:00:00,4.550,25.80,0.000
2025-06-08T20:45:00,4.550,24.50,0.000
2025-06-08T20:30:00,4.550,25.00,0.000
2025-06-08T20:15:00,4.550,26.10,0.000
2025-06-08T20:00:00,4.550,25.70,0.000
2025-06-08T19:45:00,4.550,24.90,0.000
2025-06-08T19:30:00,4.540,24.80,0.000
2025-06-08T19:15:00,4.540,25.00,0.000
2025-06-08T19:00:00,4.530,26.00,0.000
2025-06-08T18:45:00,4.530,24.90,0.000
2025-06-08T18:30:00,4.530,25.60,0.000
2025-06-08T18:15:00,4.520,24.60,0.000
2025-06-08T18:00:00,4.520,25.60,0.000
2025-06-08T17:45:00,4.510,25.20,0.000
2025-06-08T17:30:00,4.500,24.60,0.000
2025-06-08T17:15:00,4.490,23.90,0.000
2025-06-08T17:00:00,4.480,23.10,0.000
2025-06-08T16:45:00,4.470,23.00,0.000
2025-06-08T16:30:00,4.440,21.80,0.000
2025-06-08T16:15:00,4.420,21.00,0.000
2025-06-08T16:00:00,4.390,20.30,0.000
2025-06-08T15:45:00,4.360,18.60,0.000
2025-06-08T15:30:00,4.320,17.40,0.000
2025-06-08T15:15:00,4.300,16.30,0.000
2025-06-08T15:00:00,4.290,16.30,0.000
2025-06-08T14:45:00,4.290,15.80,0.000
2025-06-08T14:30:00,4.290,15.40,0.000
2025-06-08T14:15:00,4.290,16.10,0.000
2025-06-08T14:00:00,4.290,15.90,0.000
2025-06-08T13:45:00,4.290,16.10,0.000
2025-06-08T13:30:00,4.290,16.10,0.000
2025-06-08T13:15:00,4.290,15.50,0.000
2025-06-08T13:00:00,4.290,15.80,0.000
2025-06-08T12:45:00,4.290,15.80,0.000
2025-06-08T12:30:00,4.300,15.90,0.000
2025-06-08T12:15:00,4.300,17.50,0.500
2025-06-08T12:00:00,4.300,15.60,0.000
2025-06-08T11:45:00,4.290,15.40,0.000
2025-06-08T11:30:00,4.300,15.40,0.000
2025-06-08T11:15:00,4.300,15.50,0.000
2025-06-08T11:00:00,4.300,15.70,0.000
2025-06-08T10:45:00,4.300,15.90,0.000
2025-06-08T10:30:00,4.300,15.10,0.000
2025-06-08T10:15:00,4.300,15.40,0.000
2025-06-08T10:00:00,4.300,16.00,0.000
2025-06-08T09:45:00,4.300,15.80,0.000
2025-06-08T09:30:00,4.300,15.80,0.000
2025-06-08T09:15:00,4.300,15.20,0.000
2025-06-08T09:00:00,4.300,15.50,0.000
2025-06-08T08:45:00,4.300,16.40,0.000
2025-06-08T08:30:00,4.310,15.70,0.000
2025-06-08T08:15:00,4.310,16.30,0.000
2025-06-08T08:00:00,4.310,16.20,0.000
2025-06-08T07:45:00,4.310,16.30,0.000
2025-06-08T07:30:00,4.320,16.60,0.000
2025-06-08T07:15:00,4.320,16.80,0.000
2025-06-08T07:00:00,4.320,16.70,0.000
2025-06-08T06:45:00,4.320,16.70,0.000
2025-06-08T06:30:00,4.320,16.80,0.000
2025-06-08T06:15:00,4.320,16.90,0.000
2025-06-08T06:00:00,4.320,16.40,0.000
2025-06-08T05:45:00,4.310,17.00,0.000
2025-06-08T05:30:00,4.310,16.40,0.000
2025-06-08T05:15:00,4.300,15.80,0.000
2025-06-08T05:00:00,4.300,15.60,0.000
2025-06-08T04:45:00,4.300,15.60,0.000
2025-06-08T04:30:00,4.290,15.30,0.000
2025-06-08T04:15:00,4.290,15.30,0.000
2025-06-08T04:00:00,4.300,15.70,0.000
2025-06-08T03:45:00,4.300,15.40,0.000
2025-06-08T03:30:00,4.300,15.50,0.000
2025-06-08T03:15:00,4.300,15.40,0.000
2025-06-08T03:00:00,4.310,15.10,0.000
2025-06-08T02:45:00,4.300,15.40,0.000
2025-06-08T02:30:00,4.310,15.30,0.500
2025-06-08T02:15:00,4.310,16.70,1.000
2025-06-08T02:00:00,4.310,17.30,0.500
2025-06-08T01:45:00,4.310,15.30,0.000
2025-06-08T01:30:00,4.310,15.60,0.000
2025-06-08T01:15:00,4.320,15.50,0.000
2025-06-08T01:00:00,4.320,15.80,0.000
2025-06-08T00:45:00,4.320,16.00,0.000
2025-06-08T00:30:00,4.330,16.10,0.000
2025-06-08T00:15:00,4.330,16.00,0.000
2025-06-08T00:00:00,4.330,15.90,0.000
2025-06-21T23:45:00,4.580,27.00,0.000
2025-06-21T23:30:00,4.580,26.90,0.000
2025-06-21T23:15:00,4.580,27.80,0.500
2025-06-21T23:00:00,4.580,28.90,3.000
2025-06-21T22:45:00,4.570,28.40,1.000
2025-06-21T22:30:00,4.580,27.40,0.000
2025-06-21T22:15:00,4.580,27.90,0.000
2025-06-21T22:00:00,4.570,27.90,0.000
2025-06-21T21:45:00,4.570,27.50,0.000
2025-06-21T21:30:00,4.570,28.50,0.000
2025-06-21T21:15:00,4.570,26.80,0.000
2025-06-21T21:00:00,4.570,28.00,0.000
2025-06-21T20:45:00,4.570,28.00,0.000
2025-06-21T20:30:00,4.570,26.90,0.000
2025-06-21T20:15:00,4.570,27.10,0.000
2025-06-21T20:00:00,4.570,27.80,0.000
2025-06-21T19:45:00,4.570,27.80,0.000
2025-06-21T19:30:00,4.570,27.70,0.000
2025-06-21T19:15:00,4.560,27.30,0.000
2025-06-21T19:00:00,4.560,27.40,0.000
2025-06-21T18:45:00,4.570,28.30,0.000
2025-06-21T18:30:00,4.570,27.40,0.000
2025-06-21T18:15:00,4.570,27.30,0.000
2025-06-21T18:00:00,4.570,27.30,0.000
2025-06-21T17:45:00,4.570,27.20,0.000
2025-06-21T17:30:00,4.560,27.30,0.000
2025-06-21T17:15:00,4.570,26.70,0.000
2025-06-21T17:00:00,4.570,26.90,0.000
2025-06-21T16:45:00,4.570,26.70,0.000
2025-06-21T16:30:00,4.570,27.00,0.000
2025-06-21T16:15:00,4.580,28.00,0.000
2025-06-21T16:00:00,4.570,27.60,0.000
2025-06-21T15:45:00,4.570,27.40,0.000
2025-06-21T15:30:00,4.570,27.40,0.000
2025-06-21T15:15:00,4.580,28.20,0.000
2025-06-21T15:00:00,4.570,27.30,0.000
2025-06-21T14:45:00,4.580,28.40,0.000
2025-06-21T14:30:00,4.570,26.60,0.000
2025-06-21T14:15:00,4.580,27.90,0.000
2025-06-21T14:00:00,4.570,27.20,0.000
2025-06-21T13:45:00,4.580,28.10,0.000
2025-06-21T13:30:00,4.580,27.20,0.000
2025-06-21T13:15:00,4.570,27.30,0.000
2025-06-21T13:00:00,4.570,28.30,0.000
2025-06-21T12:45:00,4.580,27.80,0.000
2025-06-21T12:30:00,4.580,27.90,0.000
2025-06-21T12:15:00,4.580,27.40,0.000
2025-06-21T12:00:00,4.580,28.70,0.000
2025-06-21T11:45:00,4.580,27.20,0.000
2025-06-21T11:30:00,4.580,27.40,0.000
2025-06-21T11:15:00,4.580,27.40,0.000
2025-06-21T11:00:00,4.590,28.40,0.000
2025-06-21T10:45:00,4.580,28.10,0.000
2025-06-21T10:30:00,4.580,28.20,0.000
2025-06-21T10:15:00,4.580,28.40,0.000
2025-06-21T10:00:00,4.590,28.80,0.000
2025-06-21T09:45:00,4.590,28.10,0.000
2025-06-21T09:30:00,4.590,28.70,0.000
2025-06-21T09:15:00,4.580,27.90,0.000
2025-06-21T09:00:00,4.590,28.60,0.000
2025-06-21T08:45:00,4.590,28.30,0.000
2025-06-21T08:30:00,4.590,29.90,0.000
2025-06-21T08:15:00,4.600,29.20,0.000
2025-06-21T08:00:00,4.590,28.60,0.000
2025-06-21T07:45:00,4.590,29.10,0.000
2025-06-21T07:30:00,4.600,29.70,0.000
2025-06-21T07:15:00,4.590,28.90,0.000
2025-06-21T07:00:00,4.590,28.30,0.000
2025-06-21T06:45:00,4.590,28.10,0.000
2025-06-21T06:30:00,4.590,28.10,0.000
2025-06-21T06:15:00,4.600,29.40,0.000
2025-06-21T06:00:00,4.600,29.50,0.000
2025-06-21T05:45:00,4.600,29.80,0.000
2025-06-21T05:30:00,4.600,29.40,0.000
2025-06-21T05:15:00,4.600,28.90,0.000
2025-06-21T05:00:00,4.600,29.20,0.000
2025-06-21T04:45:00,4.600,28.80,0.000
2025-06-21T04:30:00,4.600,28.40,0.000
2025-06-21T04:15:00,4.610,28.70,0.000
2025-06-21T04:00:00,4.610,30.00,0.000
2025-06-21T03:45:00,4.600,29.60,0.000
2025-06-21T03:30:00,4.610,30.20,0.000
2025-06-21T03:15:00,4.610,28.70,0.000
2025-06-21T03:00:00,4.620,29.00,0.000
2025-06-21T02:45:00,4.610,29.30,0.000
2025-06-21T02:30:00,4.620,29.80,0.000
2025-06-21T02:15:00,4.630,29.40,0.000
2025-06-21T02:00:00,4.620,30.00,0.000
2025-06-21T01:45:00,4.630,29.70,0.000
2025-06-21T01:30:00,4.620,30.30,0.000
2025-06-21T01:15:00,4.620,30.60,0.500
2025-06-21T01:00:00,4.620,29.50,0.000
2025-06-21T00:45:00,4.610,29.90,0.500
2025-06-21T00:30:00,4.600,31.00,1.000
2025-06-21T00:15:00,4.600,29.60,0.000
2025-06-21T00:00:00,4.590,28.90,0.000
2025-06-20T23:45:00,4.590,27.60,0.000
2025-06-20T23:30:00,4.590,27.70,0.000
2025-06-20T23:15:00,4.590,28.00,0.000
2025-06-20T23:00:00,4.600,28.00,0.000
2025-06-20T22:45:00,4.600,28.20,0.000
2025-06-20T22:30:00,4.600,28.40,0.000
2025-06-20T22:15:00,4.600,28.70,0.000
2025-06-20T22:00:00,4.600,28.60,0.500
2025-06-20T21:45:00,4.600,31.00,0.500
2025-06-20T21:30:00,4.600,27.00,0.000
2025-06-20T21:15:00,4.600,28.80,0.000
2025-06-20T21:00:00,4.600,29.20,0.000
2025-06-20T20:45:00,4.610,28.00,0.000
2025-06-20T20:30:00,4.610,28.40,0.000
2025-06-20T20:15:00,4.610,27.80,0.000
2025-06-20T20:00:00,4.600,27.80,0.000
2025-06-20T19:45:00,4.600,27.90,0.000
2025-06-20T19:30:00,4.600,28.60,0.000
2025-06-20T19:15:00,4.610,29.00,0.000
2025-06-20T19:00:00,4.610,28.20,0.000
2025-06-20T18:45:00,4.600,28.60,0.000
2025-06-20T18:30:00,4.600,27.70,0.000
2025-06-20T18:15:00,4.600,28.20,0.000
2025-06-20T18:00:00,4.600,28.30,0.000
2025-06-20T17:45:00,4.610,27.90,0.000
2025-06-20T17:30:00,4.600,28.60,0.000
2025-06-20T17:15:00,4.590,28.00,0.000
2025-06-20T17:00:00,4.600,27.80,0.000
2025-06-20T16:45:00,4.590,27.50,0.000
2025-06-20T16:30:00,4.590,28.70,0.000
2025-06-20T16:15:00,4.590,27.70,0.000
2025-06-20T16:00:00,4.580,27.90,0.000
2025-06-20T15:45:00,4.560,26.70,0.000
2025-06-20T15:30:00,4.540,26.40,0.000
2025-06-20T15:15:00,4.520,25.50,0.000
2025-06-20T15:00:00,4.490,24.10,0.000
2025-06-20T14:45:00,4.470,23.20,0.000
2025-06-20T14:30:00,4.440,22.50,0.000
2025-06-20T14:15:00,4.420,20.80,0.000
2025-06-20T14:00:00,4.410,20.30,0.000
2025-06-20T13:45:00,4.400,20.10,0.000
2025-06-20T13:30:00,4.400,19.50,0.000
2025-06-20T13:15:00,4.400,20.00,0.000
2025-06-20T13:00:00,4.400,19.60,0.000
2025-06-20T12:45:00,4.400,20.20,0.000
2025-06-20T12:30:00,4.400,19.80,0.000
2025-06-20T12:15:00,4.400,19.90,0.000
2025-06-20T12:00:00,4.400,19.10,0.000
2025-06-20T11:45:00,4.410,20.40,0.000
2025-06-20T11:30:00,4.400,19.80,0.000
2025-06-20T11:15:00,4.400,19.90,0.000
2025-06-20T11:00:00,4.400,19.90,0.000
2025-06-20T10:45:00,4.400,19.50,0.000
2025-06-20T10:30:00,4.410,19.50,0.000
2025-06-20T10:15:00,4.410,20.60,0.000
2025-06-20T10:00:00,4.410,20.10,0.000
2025-06-20T09:45:00,4.410,20.30,0.000
2025-06-20T09:30:00,4.420,20.50,0.000
2025-06-20T09:15:00,4.410,20.20,0.000
2025-06-20T09:00:00,4.420,20.90,0.000
2025-06-20T08:45:00,4.420,20.80,0.000
2025-06-20T08:30:00,4.420,20.60,0.000
2025-06-20T08:15:00,4.420,20.20,0.000
2025-06-20T08:00:00,4.420,20.40,0.000
2025-06-20T07:45:00,4.420,20.40,0.000
2025-06-20T07:30:00,4.420,20.40,0.000
2025-06-20T07:15:00,4.420,20.40,0.000
2025-06-20T07:00:00,4.420,20.60,0.000
2025-06-20T06:45:00,4.420,20.80,0.000
2025-06-20T06:30:00,4.430,20.90,0.000
2025-06-20T06:15:00,4.420,20.80,0.000
2025-06-20T06:00:00,4.430,20.40,0.000
2025-06-20T05:45:00,4.420,20.20,0.000
2025-06-20T05:30:00,4.430,20.50,0.000
2025-06-20T05:15:00,4.430,20.90,0.000
2025-06-20T05:00:00,4.430,20.80,0.000
2025-06-20T04:45:00,4.430,20.60,0.000
2025-06-20T04:30:00,4.430,20.70,0.000
2025-06-20T04:15:00,4.430,20.70,0.000
2025-06-20T04:00:00,4.430,21.10,0.000
2025-06-20T03:45:00,4.430,21.70,0.000
2025-06-20T03:30:00,4.430,20.60,0.000
2025-06-20T03:15:00,4.430,20.50,0.000
2025-06-20T03:00:00,4.440,20.90,0.000
2025-06-20T02:45:00,4.440,21.10,0.000
2025-06-20T02:30:00,4.440,21.10,0.000
2025-06-20T02:15:00,4.440,21.10,0.000
2025-06-20T02:00:00,4.440,20.80,0.000
2025-06-20T01:45:00,4.440,20.80,0.000
2025-06-20T01:30:00,4.440,21.00,0.000
2025-06-20T01:15:00,4.440,20.90,0.000
2025-06-20T01:00:00,4.440,20.60,0.000
2025-06-20T00:45:00,4.440,20.70,0.000
2025-06-20T00:30:00,4.440,20.60,0.000
2025-06-20T00:15:00,4.440,21.00,0.000
2025-06-20T00:00:00,4.440,20.50,0.000
2025-06-19T23:45:00,4.440,21.10,0.000
2025-06-19T23:30:00,4.450,21.30,0.000
2025-06-19T23:15:00,4.450,21.10,0.000
2025-06-19T23:00:00,4.440,20.80,0.000
2025-06-19T22:45:00,4.450,21.60,0.000
2025-06-19T22:30:00,4.450,20.90,0.000
2025-06-19T22:15:00,4.450,21.70,0.000
2025-06-19T22:00:00,4.450,20.80,0.000
2025-06-19T21:45:00,4.450,20.40,0.000
2025-06-19T21:30:00,4.460,20.50,0.000
2025-06-19T21:15:00,4.450,20.20,0.000
2025-06-19T21:00:00,4.450,20.70,0.000
2025-06-19T20:45:00,4.450,21.20,0.000
2025-06-19T20:30:00,4.450,21.20,0.000
2025-06-19T20:15:00,4.440,20.60,0.000
2025-06-19T20:00:00,4.450,22.40,0.000
2025-06-19T19:45:00,4.450,21.40,0.000
2025-06-19T19:30:00,4.450,21.20,0.000
2025-06-19T19:15:00,4.450,21.20,0.000
2025-06-19T19:00:00,4.450,21.50,0.000
2025-06-19T18:45:00,4.450,21.60,0.000
2025-06-19T18:30:00,4.450,21.10,0.000
2025-06-19T18:15:00,4.450,21.40,0.000
2025-06-19T18:00:00,4.450,21.50,0.000
2025-06-19T17:45:00,4.450,20.90,0.000
2025-06-19T17:30:00,4.450,21.00,0.000
2025-06-19T17:15:00,4.450,21.20,0.000
2025-06-19T17:00:00,4.450,21.50,0.000
2025-06-19T16:45:00,4.440,21.20,0.000
2025-06-19T16:30:00,4.450,21.30,0.000
2025-06-19T16:15:00,4.450,21.40,0.000
2025-06-19T16:00:00,4.450,21.50,0.000
2025-06-19T15:45:00,4.450,20.90,0.000
2025-06-19T15:30:00,4.440,21.10,0.000
2025-06-19T15:15:00,4.450,21.20,0.000
2025-06-19T15:00:00,4.450,21.60,0.000
2025-06-19T14:45:00,4.450,21.30,0.000
2025-06-19T14:30:00,4.450,21.60,0.000
2025-06-19T14:15:00,4.450,21.70,0.000
2025-06-19T14:00:00,4.440,21.80,0.000
2025-06-19T13:45:00,4.450,20.70,0.000
2025-06-19T13:30:00,4.450,21.40,0.000
2025-06-19T13:15:00,4.450,21.70,0.000
2025-06-19T13:00:00,4.450,21.90,0.000
2025-06-19T12:45:00,4.450,22.00,0.000
2025-06-19T12:30:00,4.450,21.60,0.000
2025-06-19T12:15:00,4.450,21.40,0.000
2025-06-19T12:00:00,4.450,21.50,0.000
2025-06-19T11:45:00,4.450,21.80,0.000
2025-06-19T11:30:00,4.450,21.60,0.000
2025-06-19T11:15:00,4.450,21.10,0.000
2025-06-19T11:00:00,4.450,20.80,0.000
2025-06-19T10:45:00,4.460,21.40,0.000
2025-06-19T10:30:00,4.450,21.60,0.000
2025-06-19T10:15:00,4.460,22.00,0.000
2025-06-19T10:00:00,4.450,21.90,0.000
2025-06-19T09:45:00,4.450,22.60,0.000
2025-06-19T09:30:00,4.450,21.70,0.000
2025-06-19T09:15:00,4.450,22.10,0.000
2025-06-19T09:00:00,4.460,22.00,0.000
2025-06-19T08:45:00,4.450,21.30,0.000
2025-06-19T08:30:00,4.460,21.80,0.000
2025-06-19T08:15:00,4.460,22.00,0.000
2025-06-19T08:00:00,4.460,22.40,0.000
2025-06-19T07:45:00,4.460,22.60,0.000
2025-06-19T07:30:00,4.450,22.20,0.000
2025-06-19T07:15:00,4.460,22.40,0.000
2025-06-19T07:00:00,4.460,22.50,0.000
2025-06-19T06:45:00,4.460,22.50,0.000
2025-06-19T06:30:00,4.460,22.30,0.000
2025-06-19T06:15:00,4.460,22.60,0.000
2025-06-19T06:00:00,4.460,22.30,0.000
2025-06-19T05:45:00,4.460,22.50,0.000
2025-06-19T05:30:00,4.460,22.50,0.000
2025-06-19T05:15:00,4.460,22.20,0.000
2025-06-19T05:00:00,4.460,23.00,0.000
2025-06-19T04:45:00,4.460,22.30,0.000
2025-06-19T04:30:00,4.460,22.40,0.000
2025-06-19T04:15:00,4.460,22.50,0.000
2025-06-19T04:00:00,4.460,22.40,0.000
2025-06-19T03:45:00,4.460,22.60,0.000
2025-06-19T03:30:00,4.460,22.50,0.000
2025-06-19T03:15:00,4.450,22.00,0.000
2025-06-19T03:00:00,4.460,22.40,0.000
2025-06-19T02:45:00,4.460,22.30,0.000
2025-06-19T02:30:00,4.460,22.10,0.000
2025-06-19T02:15:00,4.460,22.40,0.000
2025-06-19T02:00:00,4.460,22.50,0.000
2025-06-19T01:45:00,4.460,22.60,0.000
2025-06-19T01:30:00,4.460,22.20,0.000
2025-06-19T01:15:00,4.460,22.90,0.000
2025-06-19T01:00:00,4.460,22.60,0.000
2025-06-19T00:45:00,4.460,21.80,0.000
2025-06-19T00:30:00,4.460,22.40,0.000
2025-06-19T00:15:00,4.460,21.00,0.000
2025-06-19T00:00:00,4.460,21.70,0.000
2025-06-18T23:45:00,4.460,23.90,0.000
2025-06-18T23:30:00,4.460,22.00,0.000
2025-06-18T23:15:00,4.460,22.60,0.000
2025-06-18T23:00:00,4.460,22.80,0.000
2025-06-18T22:45:00,4.460,22.80,0.000
2025-06-18T22:30:00,4.460,22.20,0.000
2025-06-18T22:15:00,4.460,22.70,0.000
2025-06-18T22:00:00,4.460,22.80,0.000
2025-06-18T21:45:00,4.460,22.10,0.000
2025-06-18T21:30:00,4.460,22.30,0.000
2025-06-18T21:15:00,4.460,22.30,0.000
2025-06-18T21:00:00,4.460,21.90,0.000
2025-06-18T20:45:00,4.460,22.00,0.000
2025-06-18T20:30:00,4.450,23.10,0.000
2025-06-18T20:15:00,4.460,22.60,0.000
2025-06-18T20:00:00,4.450,22.90,0.000
2025-06-18T19:45:00,4.460,23.40,0.000
2025-06-18T19:30:00,4.460,22.40,0.000
2025-06-18T19:15:00,4.460,22.80,0.000
2025-06-18T19:00:00,4.460,22.30,0.000
2025-06-18T18:45:00,4.450,22.50,0.000
2025-06-18T18:30:00,4.450,23.00,0.000
2025-06-18T18:15:00,4.460,23.10,0.000
2025-06-18T18:00:00,4.460,22.70,0.000
2025-06-18T17:45:00,4.450,22.50,0.000
2025-06-18T17:30:00,4.450,22.10,0.000
2025-06-18T17:15:00,4.450,23.00,0.000
2025-06-18T17:00:00,4.450,22.50,0.000
2025-06-18T16:45:00,4.450,22.70,0.000
2025-06-18T16:30:00,4.450,22.00,0.000
2025-06-18T16:15:00,4.440,22.30,0.000
2025-06-18T16:00:00,4.450,23.10,0.000
2025-06-18T15:45:00,4.450,22.90,0.000
2025-06-18T15:30:00,4.440,22.40,0.000
2025-06-18T15:15:00,4.450,22.80,0.000
2025-06-18T15:00:00,4.450,23.00,0.000
2025-06-18T14:45:00,4.450,22.60,0.000
2025-06-18T14:30:00,4.440,22.60,0.000
2025-06-18T14:15:00,4.450,22.40,0.000
2025-06-18T14:00:00,4.450,22.40,0.000
2025-06-18T13:45:00,4.450,23.60,0.000
2025-06-18T13:30:00,4.450,23.00,0.000
2025-06-18T13:15:00,4.450,23.40,0.000
2025-06-18T13:00:00,4.450,23.20,0.000
2025-06-18T12:45:00,4.450,22.60,0.000
2025-06-18T12:30:00,4.450,22.60,0.000
2025-06-18T12:15:00,4.450,22.80,0.000
2025-06-18T12:00:00,4.450,22.10,0.000
2025-06-18T11:45:00,4.450,22.40,0.000
2025-06-18T11:30:00,4.450,23.00,0.000
2025-06-18T11:15:00,4.450,22.50,0.000
2025-06-18T11:00:00,4.450,23.00,0.000
2025-06-18T10:45:00,4.450,23.80,0.000
2025-06-18T10:30:00,4.450,22.60,0.000
2025-06-18T10:15:00,4.450,24.00,0.000
2025-06-18T10:00:00,4.450,23.20,0.000
2025-06-18T09:45:00,4.450,22.70,0.000
2025-06-18T09:30:00,4.450,23.30,0.000
2025-06-18T09:15:00,4.450,22.70,0.000
2025-06-18T09:00:00,4.450,23.60,0.000
2025-06-18T08:45:00,4.450,23.50,0.000
2025-06-18T08:30:00,4.450,23.30,0.000
2025-06-18T08:15:00,4.450,23.00,0.000
2025-06-18T08:00:00,4.460,23.20,0.000
2025-06-18T07:45:00,4.460,23.20,0.000
2025-06-18T07:30:00,4.460,23.30,0.000
2025-06-18T07:15:00,4.460,23.60,0.000
2025-06-18T07:00:00,4.460,23.20,0.000
2025-06-18T06:45:00,4.470,23.30,0.000
2025-06-18T06:30:00,4.470,24.10,0.000
2025-06-18T06:15:00,4.470,24.30,0.000
2025-06-18T06:00:00,4.470,23.70,0.000
2025-06-18T05:45:00,4.470,24.10,0.000
2025-06-18T05:30:00,4.470,24.10,0.000
2025-06-18T05:15:00,4.470,23.80,0.000
2025-06-18T05:00:00,4.470,23.80,0.000
2025-06-18T04:45:00,4.470,23.70,0.000
2025-06-18T04:30:00,4.470,23.80,0.000
2025-06-18T04:15:00,4.470,23.80,0.000
2025-06-18T04:00:00,4.470,23.30,0.000
2025-06-18T03:45:00,4.480,24.50,0.000
2025-06-18T03:30:00,4.480,23.80,0.000
2025-06-18T03:15:00,4.470,23.80,0.000
2025-06-18T03:00:00,4.480,24.40,0.000
2025-06-18T02:45:00,4.470,24.20,0.000
2025-06-18T02:30:00,4.480,23.90,0.000
2025-06-18T02:15:00,4.480,23.80,0.000
2025-06-18T02:00:00,4.480,24.30,0.000
2025-06-18T01:45:00,4.480,24.10,0.000
2025-06-18T01:30:00,4.480,24.00,0.000
2025-06-18T01:15:00,4.480,24.60,0.000
2025-06-18T01:00:00,4.480,24.30,0.000
2025-06-18T00:45:00,4.480,24.50,0.000
2025-06-18T00:30:00,4.480,24.20,0.000
2025-06-18T00:15:00,4.490,25.00,0.000
2025-06-18T00:00:00,4.490,24.40,0.000
2025-06-17T23:45:00,4.490,24.90,0.000
2025-06-17T23:30:00,4.500,25.10,0.000
2025-06-17T23:15:00,4.490,23.90,0.000
2025-06-17T23:00:00,4.490,24.20,0.000
2025-06-17T22:45:00,4.490,24.80,0.000
2025-06-17T22:30:00,4.490,24.30,0.000
2025-06-17T22:15:00,4.490,24.30,0.000
2025-06-17T22:00:00,4.500,24.90,0.000
2025-06-17T21:45:00,4.500,25.20,0.000
2025-06-17T21:30:00,4.500,25.00,0.000
2025-06-17T21:15:00,4.500,24.80,0.000
2025-06-17T21:00:00,4.500,24.60,0.000
2025-06-17T20:45:00,4.500,24.90,0.000
2025-06-17T20:30:00,4.500,25.00,0.000
2025-06-17T20:15:00,4.500,25.40,0.000
2025-06-17T20:00:00,4.500,25.30,0.000
2025-06-17T19:45:00,4.500,24.50,0.000
2025-06-17T19:30:00,4.500,25.20,0.000
2025-06-17T19:15:00,4.500,25.10,0.000
2025-06-17T19:00:00,4.510,25.60,0.000
2025-06-17T18:45:00,4.500,25.40,0.000
2025-06-17T18:30:00,4.500,25.60,0.000
2025-06-17T18:15:00,4.510,25.10,0.000
2025-06-17T18:00:00,4.500,24.30,0.000
2025-06-17T17:45:00,4.500,25.00,0.000
2025-06-17T17:30:00,4.510,25.10,0.000
2025-06-17T17:15:00,4.500,24.40,0.000
2025-06-17T17:00:00,4.510,25.10,0.000
2025-06-17T16:45:00,4.510,25.50,0.000
2025-06-17T16:30:00,4.510,25.10,0.000
2025-06-17T16:15:00,4.510,25.00,0.000
2025-06-17T16:00:00,4.510,24.90,0.000
2025-06-17T15:45:00,4.510,25.20,0.000
2025-06-17T15:30:00,4.520,25.90,0.000
2025-06-17T15:15:00,4.520,25.80,0.000
2025-06-17T15:00:00,4.520,25.40,0.000
2025-06-17T14:45:00,4.510,25.50,0.000
2025-06-17T14:30:00,4.510,25.10,0.000
2025-06-17T14:15:00,4.520,25.60,0.000
2025-06-17T14:00:00,4.520,25.00,0.000
2025-06-17T13:45:00,4.520,25.00,0.000
2025-06-17T13:30:00,4.530,26.20,0.000
2025-06-17T13:15:00,4.520,25.30,0.000
2025-06-17T13:00:00,4.530,25.70,0.000
2025-06-17T12:45:00,4.530,25.60,0.000
2025-06-17T12:30:00,4.530,25.40,0.000
2025-06-17T12:15:00,4.530,25.90,0.000
2025-06-17T12:00:00,4.530,26.10,0.000
2025-06-17T11:45:00,4.530,26.50,0.000
2025-06-17T11:30:00,4.530,25.70,0.000
2025-06-17T11:15:00,4.530,25.70,0.000
2025-06-17T11:00:00,4.530,26.10,0.000
2025-06-17T10:45:00,4.530,25.90,0.000
2025-06-17T10:30:00,4.530,25.70,0.000
2025-06-17T10:15:00,4.540,26.00,0.000
2025-06-17T10:00:00,4.530,26.10,0.000
2025-06-17T09:45:00,4.540,26.70,0.000
2025-06-17T09:30:00,4.530,25.60,0.000
2025-06-17T09:15:00,4.540,26.50,0.000
2025-06-17T09:00:00,4.540,26.70,0.000
2025-06-17T08:45:00,4.540,26.50,0.000
2025-06-17T08:30:00,4.550,26.30,0.000
2025-06-17T08:15:00,4.550,26.80,0.000
2025-06-17T08:00:00,4.550,26.90,0.000
2025-06-17T07:45:00,4.560,26.90,0.000
2025-06-17T07:30:00,4.560,26.70,0.000
2025-06-17T07:15:00,4.560,27.40,0.000
2025-06-17T07:00:00,4.550,26.90,0.000
2025-06-17T06:45:00,4.560,27.40,0.000
2025-06-17T06:30:00,4.570,27.30,0.000
2025-06-17T06:15:00,4.560,27.20,0.000
2025-06-17T06:00:00,4.570,27.40,0.000
2025-06-17T05:45:00,4.560,27.30,0.000
2025-06-17T05:30:00,4.570,26.80,0.000
2025-06-17T05:15:00,4.580,27.30,0.000
2025-06-17T05:00:00,4.570,27.80,0.000
2025-06-17T04:45:00,4.570,27.20,0.000
2025-06-17T04:30:00,4.580,27.90,0.000
2025-06-17T04:15:00,4.580,27.90,0.000
2025-06-17T04:00:00,4.580,27.80,0.000
2025-06-17T03:45:00,4.580,28.10,0.000
2025-06-17T03:30:00,4.590,27.00,0.000
2025-06-17T03:15:00,4.590,27.30,0.000
2025-06-17T03:00:00,4.590,28.40,0.000
2025-06-17T02:45:00,4.580,28.00,0.000
2025-06-17T02:30:00,4.590,28.10,0.000
2025-06-17T02:15:00,4.590,27.60,0.000
2025-06-17T02:00:00,4.590,27.00,0.000
2025-06-17T01:45:00,4.600,28.80,0.000
2025-06-17T01:30:00,4.590,27.90,0.000
2025-06-17T01:15:00,4.600,28.30,0.000
2025-06-17T01:00:00,4.600,28.40,0.000
2025-06-17T00:45:00,4.610,27.80,0.000
2025-06-17T00:30:00,4.600,27.80,0.000
2025-06-17T00:15:00,4.610,28.60,0.000
2025-06-17T00:00:00,4.610,28.40,0.000
2025-06-16T23:45:00,4.610,28.40,0.000
2025-06-16T23:30:00,4.610,28.70,0.000
2025-06-16T23:15:00,4.620,27.60,0.000
2025-06-16T23:00:00,4.620,27.90,0.000
2025-06-16T22:45:00,4.610,28.30,0.000
2025-06-16T22:30:00,4.630,28.50,0.000
2025-06-16T22:15:00,4.620,28.30,0.000
2025-06-16T22:00:00,4.630,28.90,0.000
2025-06-16T21:45:00,4.630,29.00,0.000
2025-06-16T21:30:00,4.630,28.90,0.000
2025-06-16T21:15:00,4.630,28.90,0.000
2025-06-16T21:00:00,4.640,28.80,0.000
2025-06-16T20:45:00,4.640,29.10,0.000
2025-06-16T20:30:00,4.640,28.20,0.000
2025-06-16T20:15:00,4.650,29.10,0.000
2025-06-16T20:00:00,4.640,28.90,0.000
2025-06-16T19:45:00,4.650,29.90,0.000
2025-06-16T19:30:00,4.640,29.60,0.000
2025-06-16T19:15:00,4.650,29.10,0.000
2025-06-16T19:00:00,4.650,28.80,0.000
2025-06-16T18:45:00,4.660,29.10,0.000
2025-06-16T18:30:00,4.660,29.00,0.000
2025-06-16T18:15:00,4.650,29.50,0.000
2025-06-16T18:00:00,4.660,29.20,0.000
2025-06-16T17:45:00,4.660,29.80,0.000
2025-06-16T17:30:00,4.660,29.80,0.000
2025-06-16T17:15:00,4.670,30.60,0.000
2025-06-16T17:00:00,4.670,29.60,0.000
2025-06-16T16:45:00,4.670,30.90,0.000
2025-06-16T16:30:00,4.670,30.00,0.000
2025-06-16T16:15:00,4.680,30.10,0.000
2025-06-16T16:00:00,4.680,30.40,0.000
2025-06-16T15:45:00,4.680,29.30,0.000
2025-06-16T15:30:00,4.690,31.20,0.000
2025-06-16T15:15:00,4.690,30.20,0.000
2025-06-16T15:00:00,4.700,29.70,0.000
2025-06-16T14:45:00,4.700,30.10,0.000
2025-06-16T14:30:00,4.700,30.70,0.000
2025-06-16T14:15:00,4.700,31.80,0.000
2025-06-16T14:00:00,4.700,30.40,0.000
2025-06-16T13:45:00,4.710,31.00,0.000
2025-06-16T13:30:00,4.710,31.20,0.000
2025-06-16T13:15:00,4.720,30.60,0.000
2025-06-16T13:00:00,4.720,30.50,0.000
2025-06-16T12:45:00,4.720,31.60,0.000
2025-06-16T12:30:00,4.730,30.90,0.000
2025-06-16T12:15:00,4.730,31.60,0.000
2025-06-16T12:00:00,4.730,30.40,0.000
2025-06-16T11:45:00,4.740,31.70,0.000
2025-06-16T11:30:00,4.740,32.10,0.000
2025-06-16T11:15:00,4.740,31.60,0.000
2025-06-16T11:00:00,4.740,31.00,0.000
2025-06-16T10:45:00,4.740,31.80,0.000
2025-06-16T10:30:00,4.750,32.30,0.000
2025-06-16T10:15:00,4.750,30.90,0.000
2025-06-16T10:00:00,4.750,32.40,0.000
2025-06-16T09:45:00,4.750,31.00,0.000
2025-06-16T09:30:00,4.760,33.30,0.000
2025-06-16T09:15:00,4.760,32.60,0.000
2025-06-16T09:00:00,4.760,32.10,0.000
2025-06-16T08:45:00,4.760,32.40,0.000
2025-06-16T08:30:00,4.780,32.90,0.000
2025-06-16T08:15:00,4.770,33.30,0.000
2025-06-16T08:00:00,4.770,31.30,0.000
2025-06-16T07:45:00,4.780,33.60,0.000
2025-06-16T07:30:00,4.780,33.00,0.000
2025-06-16T07:15:00,4.780,33.10,0.000
2025-06-16T07:00:00,4.780,32.80,0.000
2025-06-16T06:45:00,4.780,33.00,0.000
2025-06-16T06:30:00,4.790,33.20,0.000
2025-06-16T06:15:00,4.800,33.40,0.000
2025-06-16T06:00:00,4.800,32.40,0.000
2025-06-16T05:45:00,4.800,34.10,0.000
2025-06-16T05:30:00,4.790,34.50,0.000
2025-06-16T05:15:00,4.800,32.50,0.000
2025-06-16T05:00:00,4.800,34.00,0.000
2025-06-16T04:45:00,4.810,33.60,0.000
2025-06-16T04:30:00,4.810,34.00,0.000
2025-06-16T04:15:00,4.820,34.40,0.000
2025-06-16T04:00:00,4.810,33.90,0.000
2025-06-16T03:45:00,4.820,34.30,0.000
2025-06-16T03:30:00,4.810,34.00,0.000
2025-06-16T03:15:00,4.820,34.70,0.000
2025-06-16T03:00:00,4.820,35.40,0.000
2025-06-16T02:45:00,4.830,34.40,0.000
2025-06-16T02:30:00,4.830,33.90,0.000
2025-06-16T02:15:00,4.820,35.10,0.000
2025-06-16T02:00:00,4.830,35.40,0.000
2025-06-16T01:45:00,4.830,34.30,0.000
2025-06-16T01:30:00,4.840,34.60,0.000
2025-06-16T01:15:00,4.840,34.60,0.000
2025-06-16T01:00:00,4.850,35.20,0.000
2025-06-16T00:45:00,4.840,35.30,0.000
2025-06-16T00:30:00,4.850,35.70,0.000
2025-06-16T00:15:00,4.850,35.00,0.000
2025-06-16T00:00:00,4.860,35.20,0.000
2025-06-15T23:45:00,4.850,35.10,0.000
2025-06-15T23:30:00,4.860,35.10,0.000
2025-06-15T23:15:00,4.850,35.50,0.000
2025-06-15T23:00:00,4.860,35.50,0.000
2025-06-15T22:45:00,4.860,36.20,0.000
2025-06-15T22:30:00,4.860,36.10,0.000
2025-06-15T22:15:00,4.860,35.90,0.000
2025-06-15T22:00:00,4.860,35.90,0.000
2025-06-15T21:45:00,4.850,35.70,0.000
2025-06-15T21:30:00,4.860,35.90,0.000
2025-06-15T21:15:00,4.870,36.20,0.000
2025-06-15T21:00:00,4.860,35.80,0.000
2025-06-15T20:45:00,4.860,37.60,0.000
2025-06-15T20:30:00,4.860,35.50,0.000
2025-06-15T20:15:00,4.870,35.90,0.000
2025-06-15T20:00:00,4.860,35.30,0.000
2025-06-15T19:45:00,4.860,36.00,0.000
2025-06-15T19:30:00,4.860,36.30,0.000
2025-06-15T19:15:00,4.850,35.50,0.000
2025-06-15T19:00:00,4.850,35.40,0.000
2025-06-15T18:45:00,4.850,36.10,0.000
2025-06-15T18:30:00,4.840,35.00,0.000
2025-06-15T18:15:00,4.840,37.30,0.000
2025-06-15T18:00:00,4.840,35.40,0.000
2025-06-15T17:45:00,4.830,34.40,0.000
2025-06-15T17:30:00,4.830,34.80,0.000
2025-06-15T17:15:00,4.820,34.60,0.000
2025-06-15T17:00:00,4.830,35.10,0.000
2025-06-15T16:45:00,4.810,34.50,0.000
2025-06-15T16:30:00,4.810,34.60,0.000
2025-06-15T16:15:00,4.810,33.90,0.000
2025-06-15T16:00:00,4.810,33.90,0.000
2025-06-15T15:45:00,4.810,34.20,0.000
2025-06-15T15:30:00,4.800,41.50,0.000
2025-06-15T15:15:00,4.800,35.00,0.000
2025-06-15T15:00:00,4.800,34.70,0.000
2025-06-15T14:45:00,4.800,33.90,0.000
2025-06-15T14:30:00,4.800,33.70,0.000
2025-06-15T14:15:00,4.800,34.70,0.000
2025-06-15T14:00:00,4.800,34.90,0.000
2025-06-15T13:45:00,4.800,37.40,4.500
2025-06-15T13:30:00,4.780,33.00,22.000
2025-06-15T13:15:00,4.760,33.60,0.000
2025-06-15T13:00:00,4.760,33.30,0.000
2025-06-15T12:45:00,4.760,33.20,0.000
2025-06-15T12:30:00,4.760,32.50,0.000
2025-06-15T12:15:00,4.770,33.60,0.000
2025-06-15T12:00:00,4.770,33.40,0.000
2025-06-15T11:45:00,4.760,33.30,0.000
2025-06-15T11:30:00,4.770,33.20,1.000
2025-06-15T11:15:00,4.770,33.50,0.000
2025-06-15T11:00:00,4.770,32.40,3.500
2025-06-15T10:45:00,4.770,32.00,0.000
2025-06-15T10:30:00,4.770,33.20,0.000
2025-06-15T10:15:00,4.770,33.20,0.000
2025-06-15T10:00:00,4.770,32.50,0.000
2025-06-15T09:45:00,4.770,33.70,0.000
2025-06-15T09:30:00,4.770,32.70,0.000
2025-06-15T09:15:00,4.770,32.60,0.000
2025-06-15T09:00:00,4.770,31.60,0.000
2025-06-15T08:45:00,4.770,32.30,0.000
2025-06-15T08:30:00,4.780,33.10,0.000
2025-06-15T08:15:00,4.770,34.30,0.000
2025-06-15T08:00:00,4.780,32.90,0.000
2025-06-15T07:45:00,4.780,32.90,0.000
2025-06-15T07:30:00,4.770,33.30,0.000
2025-06-15T07:15:00,4.780,33.00,0.000
2025-06-15T07:00:00,4.780,33.60,0.000
2025-06-15T06:45:00,4.780,32.80,0.000
2025-06-15T06:30:00,4.780,33.50,0.000
2025-06-15T06:15:00,4.780,34.10,0.000
2025-06-15T06:00:00,4.780,34.00,0.000
2025-06-15T05:45:00,4.790,34.40,0.000
2025-06-15T05:30:00,4.780,34.00,0.000
2025-06-15T05:15:00,4.780,33.50,0.000
2025-06-15T05:00:00,4.780,33.70,0.000
2025-06-15T04:45:00,4.780,34.50,0.000
2025-06-15T04:30:00,4.780,33.90,0.000
2025-06-15T04:15:00,4.790,33.90,0.000
2025-06-15T04:00:00,4.790,34.00,0.000
2025-06-15T03:45:00,4.790,34.50,0.000
2025-06-15T03:30:00,4.790,33.80,0.000
2025-06-15T03:15:00,4.790,35.10,0.000
2025-06-15T03:00:00,4.790,33.90,0.000
2025-06-15T02:45:00,4.790,33.90,0.000
2025-06-15T02:30:00,4.790,33.70,0.000
2025-06-15T02:15:00,4.800,35.00,0.000
2025-06-15T02:00:00,4.800,34.20,0.000
2025-06-15T01:45:00,4.800,34.80,1.000
2025-06-15T01:30:00,4.800,34.90,0.000
2025-06-15T01:15:00,4.790,33.90,0.000
2025-06-15T01:00:00,4.790,35.10,0.000
2025-06-15T00:45:00,4.810,34.30,0.000
2025-06-15T00:30:00,4.810,35.20,0.000
2025-06-15T00:15:00,4.800,35.20,0.000
2025-06-15T00:00:00,4.800,35.60,0.000
2025-06-28T23:45:00,4.720,31.90,0.000
2025-06-28T23:30:00,4.720,30.20,0.000
2025-06-28T23:15:00,4.720,30.50,0.000
2025-06-28T23:00:00,4.710,31.90,0.000
2025-06-28T22:45:00,4.720,31.00,0.000
2025-06-28T22:30:00,4.720,31.20,0.000
2025-06-28T22:15:00,4.710,30.90,0.000
2025-06-28T22:00:00,4.710,31.10,0.000
2025-06-28T21:45:00,4.710,30.90,0.000
2025-06-28T21:30:00,4.710,30.50,0.000
2025-06-28T21:15:00,4.710,29.20,0.000
2025-06-28T21:00:00,4.710,31.10,0.000
2025-06-28T20:45:00,4.720,30.90,0.000
2025-06-28T20:30:00,4.710,30.30,0.000
2025-06-28T20:15:00,4.720,30.50,0.000
2025-06-28T20:00:00,4.720,30.30,0.000
2025-06-28T19:45:00,4.720,30.20,0.000
2025-06-28T19:30:00,4.720,29.90,0.000
2025-06-28T19:15:00,4.720,30.90,0.000
2025-06-28T19:00:00,4.720,29.70,0.000
2025-06-28T18:45:00,4.720,29.80,0.000
2025-06-28T18:30:00,4.730,30.90,0.000
2025-06-28T18:15:00,4.730,30.50,0.000
2025-06-28T18:00:00,4.730,30.90,0.000
2025-06-28T17:45:00,4.730,31.20,0.000
2025-06-28T17:30:00,4.730,30.30,0.000
2025-06-28T17:15:00,4.740,30.80,0.000
2025-06-28T17:00:00,4.730,30.30,0.000
2025-06-28T16:45:00,4.740,29.70,0.000
2025-06-28T16:30:00,4.740,30.20,0.000
2025-06-28T16:15:00,4.750,30.00,0.000
2025-06-28T16:00:00,4.750,30.30,0.000
2025-06-28T15:45:00,4.760,30.60,0.000
2025-06-28T15:30:00,4.760,30.40,0.000
2025-06-28T15:15:00,4.760,31.10,0.000
2025-06-28T15:00:00,4.760,30.40,0.000
2025-06-28T14:45:00,4.770,30.50,0.000
2025-06-28T14:30:00,4.770,29.30,0.000
2025-06-28T14:15:00,4.770,30.50,0.000
2025-06-28T14:00:00,4.770,30.70,0.000
2025-06-28T13:45:00,4.780,31.40,0.000
2025-06-28T13:30:00,4.790,30.70,0.000
2025-06-28T13:15:00,4.790,30.50,0.000
2025-06-28T13:00:00,4.800,30.10,0.000
2025-06-28T12:45:00,4.800,30.40,0.000
2025-06-28T12:30:00,4.800,29.90,0.000
2025-06-28T12:15:00,4.810,31.90,0.000
2025-06-28T12:00:00,4.820,31.60,0.000
2025-06-28T11:45:00,4.820,30.50,0.000
2025-06-28T11:30:00,4.820,30.70,0.000
2025-06-28T11:15:00,4.820,30.70,0.000
2025-06-28T11:00:00,4.830,31.20,0.000
2025-06-28T10:45:00,4.840,30.80,0.000
2025-06-28T10:30:00,4.840,30.50,0.000
2025-06-28T10:15:00,4.840,30.40,0.000
2025-06-28T10:00:00,4.860,31.70,0.000
2025-06-28T09:45:00,4.860,31.70,0.000
2025-06-28T09:30:00,4.870,31.00,0.000
2025-06-28T09:15:00,4.870,31.70,0.000
2025-06-28T09:00:00,4.880,31.50,0.000
2025-06-28T08:45:00,4.880,30.40,0.000
2025-06-28T08:30:00,4.890,32.80,0.000
2025-06-28T08:15:00,4.900,31.30,0.000
2025-06-28T08:00:00,4.900,31.60,0.000
2025-06-28T07:45:00,4.900,31.10,0.000
2025-06-28T07:30:00,4.890,30.70,0.000
2025-06-28T07:15:00,4.890,31.40,0.000
2025-06-28T07:00:00,4.890,31.30,0.000
2025-06-28T06:45:00,4.890,30.60,0.000
2025-06-28T06:30:00,4.880,30.70,0.000
2025-06-28T06:15:00,4.890,31.00,0.000
2025-06-28T06:00:00,4.880,30.20,0.000
2025-06-28T05:45:00,4.880,31.30,0.000
2025-06-28T05:30:00,4.880,29.70,0.500
2025-06-28T05:15:00,4.870,31.30,0.000
2025-06-28T05:00:00,4.870,30.40,0.000
2025-06-28T04:45:00,4.870,29.50,0.000
2025-06-28T04:30:00,4.860,30.60,0.000
2025-06-28T04:15:00,4.860,31.00,0.000
2025-06-28T04:00:00,4.850,31.20,0.500
2025-06-28T03:45:00,4.850,30.30,0.000
2025-06-28T03:30:00,4.850,29.30,0.000
2025-06-28T03:15:00,4.840,30.20,0.000
2025-06-28T03:00:00,4.840,31.20,0.000
2025-06-28T02:45:00,4.840,30.50,0.000
2025-06-28T02:30:00,4.840,31.60,0.000
2025-06-28T02:15:00,4.830,30.70,0.000
2025-06-28T02:00:00,4.830,30.80,0.000
2025-06-28T01:45:00,4.830,30.60,0.000
2025-06-28T01:30:00,4.830,31.00,0.000
2025-06-28T01:15:00,4.820,30.80,0.000
2025-06-28T01:00:00,4.820,31.20,0.000
2025-06-28T00:45:00,4.810,31.00,0.000
2025-06-28T00:30:00,4.820,31.30,0.000
2025-06-28T00:15:00,4.810,32.10,0.000
2025-06-28T00:00:00,4.810,30.90,0.000
2025-06-27T23:45:00,4.810,30.70,0.000
2025-06-27T23:30:00,4.800,31.50,0.500
2025-06-27T23:15:00,4.800,31.60,0.000
2025-06-27T23:00:00,4.800,31.10,0.000
2025-06-27T22:45:00,4.790,29.90,0.000
2025-06-27T22:30:00,4.800,30.40,0.000
2025-06-27T22:15:00,4.790,31.70,0.000
2025-06-27T22:00:00,4.790,30.20,0.000
2025-06-27T21:45:00,4.780,31.10,0.000
2025-06-27T21:30:00,4.780,31.60,0.000
2025-06-27T21:15:00,4.780,30.50,0.500
2025-06-27T21:00:00,4.770,29.70,0.000
2025-06-27T20:45:00,4.780,31.40,0.000
2025-06-27T20:30:00,4.770,31.00,0.000
2025-06-27T20:15:00,4.770,29.50,0.000
2025-06-27T20:00:00,4.760,30.70,0.000
2025-06-27T19:45:00,4.760,31.50,0.000
2025-06-27T19:30:00,4.760,31.50,0.000
2025-06-27T19:15:00,4.760,29.80,0.000
2025-06-27T19:00:00,4.760,31.60,0.000
2025-06-27T18:45:00,4.750,31.20,0.000
2025-06-27T18:30:00,4.740,32.80,0.500
2025-06-27T18:15:00,4.740,33.40,1.000
2025-06-27T18:00:00,4.730,33.10,0.500
2025-06-27T17:45:00,4.730,32.60,0.500
2025-06-27T17:30:00,4.720,31.90,1.000
2025-06-27T17:15:00,4.710,32.50,0.500
2025-06-27T17:00:00,4.720,32.20,3.000
2025-06-27T16:45:00,4.710,33.30,0.500
2025-06-27T16:30:00,4.700,30.60,0.000
2025-06-27T16:15:00,4.700,30.20,0.000
2025-06-27T16:00:00,4.700,30.80,0.000
2025-06-27T15:45:00,4.690,29.10,0.000
2025-06-27T15:30:00,4.700,29.80,0.000
2025-06-27T15:15:00,4.690,29.70,0.000
2025-06-27T15:00:00,4.690,30.40,0.000
2025-06-27T14:45:00,4.690,30.90,0.000
2025-06-27T14:30:00,4.690,29.80,0.000
2025-06-27T14:15:00,4.690,29.70,0.000
2025-06-27T14:00:00,4.680,29.90,0.000
2025-06-27T13:45:00,4.680,30.40,0.000
2025-06-27T13:30:00,4.680,30.20,0.000
2025-06-27T13:15:00,4.680,30.20,0.000
2025-06-27T13:00:00,4.690,30.70,0.000
2025-06-27T12:45:00,4.680,30.30,0.000
2025-06-27T12:30:00,4.680,30.50,0.000
2025-06-27T12:15:00,4.680,31.00,0.000
2025-06-27T12:00:00,4.680,29.90,0.000
2025-06-27T11:45:00,4.680,30.30,0.000
2025-06-27T11:30:00,4.690,29.50,0.000
2025-06-27T11:15:00,4.690,30.00,0.000
2025-06-27T11:00:00,4.680,30.00,0.000
2025-06-27T10:45:00,4.690,31.00,0.000
2025-06-27T10:30:00,4.690,30.50,0.000
2025-06-27T10:15:00,4.690,30.80,0.000
2025-06-27T10:00:00,4.700,30.60,0.000
2025-06-27T09:45:00,4.700,30.50,0.000
2025-06-27T09:30:00,4.710,31.50,0.000
2025-06-27T09:15:00,4.700,30.70,0.000
2025-06-27T09:00:00,4.700,31.20,0.000
2025-06-27T08:45:00,4.700,31.00,0.000
2025-06-27T08:30:00,4.700,32.10,0.000
2025-06-27T08:15:00,4.700,31.10,0.000
2025-06-27T08:00:00,4.700,30.90,0.000
2025-06-27T07:45:00,4.710,31.50,0.000
2025-06-27T07:30:00,4.700,31.70,0.000
2025-06-27T07:15:00,4.700,30.50,0.000
2025-06-27T07:00:00,4.700,30.70,0.000
2025-06-27T06:45:00,4.710,31.40,0.000
2025-06-27T06:30:00,4.710,31.40,0.000
2025-06-27T06:15:00,4.710,31.20,0.000
2025-06-27T06:00:00,4.710,31.00,0.000
2025-06-27T05:45:00,4.700,31.30,0.000
2025-06-27T05:30:00,4.710,30.70,0.000
2025-06-27T05:15:00,4.710,30.70,0.000
2025-06-27T05:00:00,4.710,31.20,0.000
2025-06-27T04:45:00,4.710,31.70,0.000
2025-06-27T04:30:00,4.710,31.10,0.000
2025-06-27T04:15:00,4.710,30.60,0.000
2025-06-27T04:00:00,4.720,31.30,0.000
2025-06-27T03:45:00,4.710,30.40,0.000
2025-06-27T03:30:00,4.710,31.00,0.000
2025-06-27T03:15:00,4.720,31.10,0.000
2025-06-27T03:00:00,4.720,31.50,0.000
2025-06-27T02:45:00,4.720,31.40,0.000
2025-06-27T02:30:00,4.720,31.80,0.000
2025-06-27T02:15:00,4.720,31.40,0.000
2025-06-27T02:00:00,4.720,31.40,0.000
2025-06-27T01:45:00,4.720,30.60,0.000
2025-06-27T01:30:00,4.720,30.80,0.000
2025-06-27T01:15:00,4.720,31.40,0.500
2025-06-27T01:00:00,4.720,31.20,0.000
2025-06-27T00:45:00,4.720,31.10,0.000
2025-06-27T00:30:00,4.730,31.00,0.000
2025-06-27T00:15:00,4.730,31.30,0.000
2025-06-27T00:00:00,4.720,30.50,0.000
2025-06-26T23:45:00,4.720,31.40,0.000
2025-06-26T23:30:00,4.730,31.60,0.000
2025-06-26T23:15:00,4.720,32.10,0.000
2025-06-26T23:00:00,4.730,32.20,0.000
2025-06-26T22:45:00,4.730,32.40,0.000
2025-06-26T22:30:00,4.730,31.40,0.000
2025-06-26T22:15:00,4.730,31.80,0.000
2025-06-26T22:00:00,4.720,31.50,0.000
2025-06-26T21:45:00,4.730,31.60,0.000
2025-06-26T21:30:00,4.720,32.00,0.000
2025-06-26T21:15:00,4.740,32.30,0.000
2025-06-26T21:00:00,4.740,32.50,0.000
2025-06-26T20:45:00,4.730,31.20,0.000
2025-06-26T20:30:00,4.740,31.20,0.000
2025-06-26T20:15:00,4.740,33.20,0.500
2025-06-26T20:00:00,4.740,33.50,0.000
2025-06-26T19:45:00,4.740,31.90,0.000
2025-06-26T19:30:00,4.740,31.60,0.000
2025-06-26T19:15:00,4.750,32.30,0.000
2025-06-26T19:00:00,4.750,32.30,0.500
2025-06-26T18:45:00,4.730,34.60,4.000
2025-06-26T18:30:00,4.710,62.40,5.000
2025-06-26T18:15:00,4.710,34.20,2.500
2025-06-26T18:00:00,4.700,34.20,2.500
2025-06-26T17:45:00,4.700,47.60,3.500
2025-06-26T17:30:00,4.700,33.30,2.500
2025-06-26T17:15:00,4.700,30.60,0.000
2025-06-26T17:00:00,4.710,31.80,0.000
2025-06-26T16:45:00,4.700,31.20,0.000
2025-06-26T16:30:00,4.700,32.60,0.000
2025-06-26T16:15:00,4.700,31.40,0.000
2025-06-26T16:00:00,4.710,31.70,0.000
2025-06-26T15:45:00,4.710,31.90,0.000
2025-06-26T15:30:00,4.710,31.70,0.000
2025-06-26T15:15:00,4.710,31.50,0.000
2025-06-26T15:00:00,4.710,32.30,0.000
2025-06-26T14:45:00,4.720,31.50,0.000
2025-06-26T14:30:00,4.720,32.10,0.000
2025-06-26T14:15:00,4.710,31.20,0.000
2025-06-26T14:00:00,4.720,31.90,0.000
2025-06-26T13:45:00,4.720,31.50,0.000
2025-06-26T13:30:00,4.720,32.10,0.000
2025-06-26T13:15:00,4.730,31.90,0.000
2025-06-26T13:00:00,4.720,32.30,0.000
2025-06-26T12:45:00,4.730,33.10,0.000
2025-06-26T12:30:00,4.730,33.00,0.000
2025-06-26T12:15:00,4.730,32.50,0.000
2025-06-26T12:00:00,4.730,31.10,0.000
2025-06-26T11:45:00,4.730,31.90,0.000
2025-06-26T11:30:00,4.730,32.40,0.000
2025-06-26T11:15:00,4.730,31.90,0.000
2025-06-26T11:00:00,4.740,32.20,0.000
2025-06-26T10:45:00,4.740,32.50,0.000
2025-06-26T10:30:00,4.740,32.80,0.000
2025-06-26T10:15:00,4.730,32.10,0.000
2025-06-26T10:00:00,4.730,32.30,0.000
2025-06-26T09:45:00,4.740,32.50,0.000
2025-06-26T09:30:00,4.730,32.60,0.000
2025-06-26T09:15:00,4.740,31.90,0.000
2025-06-26T09:00:00,4.730,31.90,0.000
2025-06-26T08:45:00,4.730,32.20,0.000
2025-06-26T08:30:00,4.740,33.10,0.000
2025-06-26T08:15:00,4.730,31.70,0.000
2025-06-26T08:00:00,4.730,32.70,0.000
2025-06-26T07:45:00,4.730,32.90,0.000
2025-06-26T07:30:00,4.730,33.30,0.000
2025-06-26T07:15:00,4.730,33.10,0.000
2025-06-26T07:00:00,4.740,32.70,0.000
2025-06-26T06:45:00,4.740,32.70,0.000
2025-06-26T06:30:00,4.740,32.80,0.000
2025-06-26T06:15:00,4.740,32.10,0.000
2025-06-26T06:00:00,4.740,33.50,0.000
2025-06-26T05:45:00,4.740,31.90,0.000
2025-06-26T05:30:00,4.740,33.80,0.000
2025-06-26T05:15:00,4.740,33.10,0.000
2025-06-26T05:00:00,4.750,32.00,0.000
2025-06-26T04:45:00,4.750,32.50,0.000
2025-06-26T04:30:00,4.750,32.90,0.000
2025-06-26T04:15:00,4.750,33.50,0.000
2025-06-26T04:00:00,4.740,34.10,0.000
2025-06-26T03:45:00,4.740,33.30,0.000
2025-06-26T03:30:00,4.730,32.40,0.000
2025-06-26T03:15:00,4.730,32.80,0.500
2025-06-26T03:00:00,4.720,35.30,0.500
2025-06-26T02:45:00,4.710,32.30,0.000
2025-06-26T02:30:00,4.720,32.60,0.500
2025-06-26T02:15:00,4.710,32.50,0.000
2025-06-26T02:00:00,4.720,34.10,1.500
2025-06-26T01:45:00,4.700,32.60,0.500
2025-06-26T01:30:00,4.700,32.20,3.500
2025-06-26T01:15:00,4.710,35.80,6.500
2025-06-26T01:00:00,4.700,30.90,0.000
2025-06-26T00:45:00,4.700,32.10,0.000
2025-06-26T00:30:00,4.710,31.40,0.000
2025-06-26T00:15:00,4.710,31.90,0.000
2025-06-26T00:00:00,4.710,32.20,0.000
2025-06-25T23:45:00,4.720,31.30,0.000
2025-06-25T23:30:00,4.710,32.70,0.000
2025-06-25T23:15:00,4.730,32.10,0.000
2025-06-25T23:00:00,4.730,32.50,0.000
2025-06-25T22:45:00,4.730,31.40,0.000
2025-06-25T22:30:00,4.730,31.80,0.000
2025-06-25T22:15:00,4.730,32.20,0.000
2025-06-25T22:00:00,4.730,31.80,0.000
2025-06-25T21:45:00,4.740,32.90,0.000
2025-06-25T21:30:00,4.730,32.40,0.000
2025-06-25T21:15:00,4.740,33.40,0.000
2025-06-25T21:00:00,4.750,33.10,0.000
2025-06-25T20:45:00,4.740,31.70,0.000
2025-06-25T20:30:00,4.750,32.70,0.000
2025-06-25T20:15:00,4.740,32.90,0.000
2025-06-25T20:00:00,4.760,31.90,0.000
2025-06-25T19:45:00,4.750,33.20,0.000
2025-06-25T19:30:00,4.760,32.90,0.000
2025-06-25T19:15:00,4.750,32.30,0.000
2025-06-25T19:00:00,4.760,32.40,0.000
2025-06-25T18:45:00,4.760,32.60,0.000
2025-06-25T18:30:00,4.770,32.30,0.000
2025-06-25T18:15:00,4.770,32.20,0.000
2025-06-25T18:00:00,4.770,33.50,0.000
2025-06-25T17:45:00,4.770,33.10,0.000
2025-06-25T17:30:00,4.780,32.00,0.000
2025-06-25T17:15:00,4.780,32.30,0.000
2025-06-25T17:00:00,4.780,32.50,0.000
2025-06-25T16:45:00,4.780,33.50,0.000
2025-06-25T16:30:00,4.790,33.00,0.500
2025-06-25T16:15:00,4.790,34.10,3.500
2025-06-25T16:00:00,4.780,35.40,12.000
2025-06-25T15:45:00,4.780,35.70,0.500
2025-06-25T15:30:00,4.780,31.30,0.000
2025-06-25T15:15:00,4.790,32.10,0.000
2025-06-25T15:00:00,4.790,33.40,0.000
2025-06-25T14:45:00,4.790,33.10,0.000
2025-06-25T14:30:00,4.800,33.60,0.000
2025-06-25T14:15:00,4.800,32.90,0.000
2025-06-25T14:00:00,4.800,32.60,0.000
2025-06-25T13:45:00,4.810,33.30,0.000
2025-06-25T13:30:00,4.820,32.70,0.000
2025-06-25T13:15:00,4.810,33.80,0.000
2025-06-25T13:00:00,4.820,33.70,0.000
2025-06-25T12:45:00,4.820,32.30,0.000
2025-06-25T12:30:00,4.840,33.40,0.000
2025-06-25T12:15:00,4.830,33.90,0.000
2025-06-25T12:00:00,4.830,33.90,0.000
2025-06-25T11:45:00,4.840,34.40,0.000
2025-06-25T11:30:00,4.850,34.60,0.000
2025-06-25T11:15:00,4.840,34.20,0.000
2025-06-25T11:00:00,4.850,33.80,0.000
2025-06-25T10:45:00,4.850,34.70,0.000
2025-06-25T10:30:00,4.850,34.20,0.000
2025-06-25T10:15:00,4.860,35.60,0.000
2025-06-25T10:00:00,4.870,35.50,0.000
2025-06-25T09:45:00,4.860,36.50,0.000
2025-06-25T09:30:00,4.860,36.50,0.000
2025-06-25T09:15:00,4.860,36.10,0.000
2025-06-25T09:00:00,4.870,35.80,0.000
2025-06-25T08:45:00,4.850,36.30,0.000
2025-06-25T08:30:00,4.830,35.30,0.000
2025-06-25T08:15:00,4.810,34.20,0.000
2025-06-25T08:00:00,4.790,34.60,0.000
2025-06-25T07:45:00,4.770,33.10,0.000
2025-06-25T07:30:00,4.750,31.60,0.000
2025-06-25T07:15:00,4.740,31.10,0.000
2025-06-25T07:00:00,4.740,31.10,0.000
2025-06-25T06:45:00,4.720,30.40,0.000
2025-06-25T06:30:00,4.720,30.70,0.000
2025-06-25T06:15:00,4.720,31.50,0.000
2025-06-25T06:00:00,4.730,31.10,0.000
2025-06-25T05:45:00,4.730,31.50,0.000
2025-06-25T05:30:00,4.730,30.70,0.000
2025-06-25T05:15:00,4.730,32.00,0.000
2025-06-25T05:00:00,4.730,30.00,0.000
2025-06-25T04:45:00,4.730,31.20,0.000
2025-06-25T04:30:00,4.730,30.20,0.000
2025-06-25T04:15:00,4.730,31.60,0.000
2025-06-25T04:00:00,4.720,31.50,0.000
2025-06-25T03:45:00,4.730,31.30,0.000
2025-06-25T03:30:00,4.720,30.70,0.000
2025-06-25T03:15:00,4.730,32.10,0.000
2025-06-25T03:00:00,4.720,30.90,0.000
2025-06-25T02:45:00,4.730,31.10,0.000
2025-06-25T02:30:00,4.740,31.20,0.000
2025-06-25T02:15:00,4.730,31.00,0.000
2025-06-25T02:00:00,4.730,31.60,0.000
2025-06-25T01:45:00,4.740,31.30,0.000
2025-06-25T01:30:00,4.730,31.50,0.000
2025-06-25T01:15:00,4.730,31.50,0.000
2025-06-25T01:00:00,4.730,31.70,0.000
2025-06-25T00:45:00,4.730,31.10,0.000
2025-06-25T00:30:00,4.730,31.90,0.000
2025-06-25T00:15:00,4.730,29.80,0.000
2025-06-25T00:00:00,4.740,31.00,0.000
2025-06-24T23:45:00,4.740,31.90,0.000
2025-06-24T23:30:00,4.730,31.90,0.000
2025-06-24T23:15:00,4.730,32.20,0.000
2025-06-24T23:00:00,4.740,31.50,0.000
2025-06-24T22:45:00,4.730,31.60,0.000
2025-06-24T22:30:00,4.730,31.10,0.000
2025-06-24T22:15:00,4.720,31.00,0.000
2025-06-24T22:00:00,4.730,30.60,0.000
2025-06-24T21:45:00,4.720,31.80,0.000
2025-06-24T21:30:00,4.730,31.20,0.000
2025-06-24T21:15:00,4.730,31.30,0.000
2025-06-24T21:00:00,4.730,31.60,0.000
2025-06-24T20:45:00,4.720,31.40,0.000
2025-06-24T20:30:00,4.730,30.90,0.000
2025-06-24T20:15:00,4.730,31.20,0.000
2025-06-24T20:00:00,4.730,31.90,0.000
2025-06-24T19:45:00,4.730,31.10,0.000
2025-06-24T19:30:00,4.730,32.20,0.000
2025-06-24T19:15:00,4.730,31.90,0.000
2025-06-24T19:00:00,4.740,31.70,0.000
2025-06-24T18:45:00,4.730,31.70,0.000
2025-06-24T18:30:00,4.730,30.90,0.000
2025-06-24T18:15:00,4.730,31.80,0.000
2025-06-24T18:00:00,4.730,31.20,0.000
2025-06-24T17:45:00,4.730,31.70,0.000
2025-06-24T17:30:00,4.740,31.60,0.000
2025-06-24T17:15:00,4.730,30.00,0.000
2025-06-24T17:00:00,4.730,30.90,0.000
2025-06-24T16:45:00,4.730,31.30,0.000
2025-06-24T16:30:00,4.740,31.70,0.000
2025-06-24T16:15:00,4.730,31.90,0.000
2025-06-24T16:00:00,4.730,31.60,0.000
2025-06-24T15:45:00,4.730,31.40,0.000
2025-06-24T15:30:00,4.740,32.20,0.000
2025-06-24T15:15:00,4.740,31.20,0.000
2025-06-24T15:00:00,4.730,31.80,0.000
2025-06-24T14:45:00,4.740,31.50,0.000
2025-06-24T14:30:00,4.740,30.80,0.000
2025-06-24T14:15:00,4.730,31.40,0.000
2025-06-24T14:00:00,4.740,30.70,0.000
2025-06-24T13:45:00,4.740,32.70,0.000
2025-06-24T13:30:00,4.730,32.00,0.000
2025-06-24T13:15:00,4.740,31.00,0.000
2025-06-24T13:00:00,4.730,32.70,0.000
2025-06-24T12:45:00,4.740,32.00,0.000
2025-06-24T12:30:00,4.740,31.70,0.000
2025-06-24T12:15:00,4.740,32.30,0.000
2025-06-24T12:00:00,4.730,31.60,0.000
2025-06-24T11:45:00,4.740,31.60,0.000
2025-06-24T11:30:00,4.730,31.90,0.000
2025-06-24T11:15:00,4.740,32.40,0.000
2025-06-24T11:00:00,4.740,32.00,0.000
2025-06-24T10:45:00,4.740,32.40,0.000
2025-06-24T10:30:00,4.740,33.10,0.000
2025-06-24T10:15:00,4.740,32.70,0.000
2025-06-24T10:00:00,4.740,33.60,0.000
2025-06-24T09:45:00,4.740,32.60,0.000
2025-06-24T09:30:00,4.730,33.10,0.000
2025-06-24T09:15:00,4.740,30.50,0.000
2025-06-24T09:00:00,4.740,31.70,0.000
2025-06-24T08:45:00,4.740,33.00,0.000
2025-06-24T08:30:00,4.740,32.80,0.000
2025-06-24T08:15:00,4.740,32.30,0.000
2025-06-24T08:00:00,4.740,33.50,0.000
2025-06-24T07:45:00,4.740,32.70,0.000
2025-06-24T07:30:00,4.740,33.80,0.000
2025-06-24T07:15:00,4.740,34.50,0.000
2025-06-24T07:00:00,4.750,34.60,0.000
2025-06-24T06:45:00,4.750,33.80,0.000
2025-06-24T06:30:00,4.760,34.50,0.000
2025-06-24T06:15:00,4.760,34.10,0.000
2025-06-24T06:00:00,4.760,33.60,0.000
2025-06-24T05:45:00,4.760,34.50,0.000
2025-06-24T05:30:00,4.770,34.20,0.000
2025-06-24T05:15:00,4.760,34.20,0.000
2025-06-24T05:00:00,4.760,33.70,0.000
2025-06-24T04:45:00,4.760,33.90,0.000
2025-06-24T04:30:00,4.770,34.30,0.000
2025-06-24T04:15:00,4.760,33.30,0.000
2025-06-24T04:00:00,4.770,33.50,0.000
2025-06-24T03:45:00,4.770,34.10,0.000
2025-06-24T03:30:00,4.770,34.60,0.000
2025-06-24T03:15:00,4.770,34.60,0.000
2025-06-24T03:00:00,4.760,35.40,0.000
2025-06-24T02:45:00,4.760,34.20,0.000
2025-06-24T02:30:00,4.760,34.50,0.000
2025-06-24T02:15:00,4.770,35.10,0.000
2025-06-24T02:00:00,4.770,33.50,0.000
2025-06-24T01:45:00,4.770,34.90,0.000
2025-06-24T01:30:00,4.770,34.80,0.000
2025-06-24T01:15:00,4.770,35.70,0.000
2025-06-24T01:00:00,4.760,35.00,0.000
2025-06-24T00:45:00,4.770,34.20,0.000
2025-06-24T00:30:00,4.760,34.20,0.000
2025-06-24T00:15:00,4.770,32.90,0.000
2025-06-24T00:00:00,4.760,35.30,0.000
2025-06-23T23:45:00,4.770,33.70,0.000
2025-06-23T23:30:00,4.760,35.30,0.000
2025-06-23T23:15:00,4.760,33.90,0.000
2025-06-23T23:00:00,4.760,32.90,0.000
2025-06-23T22:45:00,4.750,33.30,0.000
2025-06-23T22:30:00,4.740,33.30,0.000
2025-06-23T22:15:00,4.740,34.90,0.000
2025-06-23T22:00:00,4.740,33.40,0.000
2025-06-23T21:45:00,4.750,33.80,0.000
2025-06-23T21:30:00,4.750,32.70,0.000
2025-06-23T21:15:00,4.750,33.50,0.000
2025-06-23T21:00:00,4.750,32.90,0.000
2025-06-23T20:45:00,4.750,33.60,0.000
2025-06-23T20:30:00,4.760,33.00,0.000
2025-06-23T20:15:00,4.750,33.20,0.000
2025-06-23T20:00:00,4.740,33.50,0.000
2025-06-23T19:45:00,4.750,31.80,0.000
2025-06-23T19:30:00,4.750,32.00,0.000
2025-06-23T19:15:00,4.740,32.50,0.000
2025-06-23T19:00:00,4.740,32.30,0.000
2025-06-23T18:45:00,4.740,32.20,0.000
2025-06-23T18:30:00,4.740,31.00,0.000
2025-06-23T18:15:00,4.750,32.20,0.000
2025-06-23T18:00:00,4.750,32.50,0.000
2025-06-23T17:45:00,4.750,32.90,0.000
2025-06-23T17:30:00,4.750,33.40,0.500
2025-06-23T17:15:00,4.770,33.00,0.000
2025-06-23T17:00:00,4.760,35.00,5.500
2025-06-23T16:45:00,4.770,33.20,0.000
2025-06-23T16:30:00,4.770,33.40,0.000
2025-06-23T16:15:00,4.770,32.60,0.500
2025-06-23T16:00:00,4.770,35.80,0.000
2025-06-23T15:45:00,4.780,32.70,0.000
2025-06-23T15:30:00,4.780,31.90,0.000
2025-06-23T15:15:00,4.780,31.80,0.000
2025-06-23T15:00:00,4.790,33.30,0.000
2025-06-23T14:45:00,4.790,33.00,0.000
2025-06-23T14:30:00,4.810,34.20,0.000
2025-06-23T14:15:00,4.800,33.60,0.000
2025-06-23T14:00:00,4.810,32.70,0.000
2025-06-23T13:45:00,4.820,33.30,0.000
2025-06-23T13:30:00,4.830,32.40,0.000
2025-06-23T13:15:00,4.830,33.50,0.000
2025-06-23T13:00:00,4.830,33.70,0.000
2025-06-23T12:45:00,4.830,34.00,0.000
2025-06-23T12:30:00,4.840,36.10,2.500
2025-06-23T12:15:00,4.840,35.40,4.000
2025-06-23T12:00:00,4.840,33.60,0.000
2025-06-23T11:45:00,4.850,33.90,0.000
2025-06-23T11:30:00,4.850,34.40,0.000
2025-06-23T11:15:00,4.850,33.90,0.000
2025-06-23T11:00:00,4.850,34.10,0.000
2025-06-23T10:45:00,4.860,33.90,0.000
2025-06-23T10:30:00,4.860,35.50,0.000
2025-06-23T10:15:00,4.860,34.20,0.000
2025-06-23T10:00:00,4.870,33.80,0.000
2025-06-23T09:45:00,4.870,33.00,0.000
2025-06-23T09:30:00,4.860,33.20,0.000
2025-06-23T09:15:00,4.870,33.80,0.000
2025-06-23T09:00:00,4.870,34.90,0.000
2025-06-23T08:45:00,4.870,34.70,0.000
2025-06-23T08:30:00,4.870,34.60,0.000
2025-06-23T08:15:00,4.870,34.90,0.000
2025-06-23T08:00:00,4.870,35.10,0.000
2025-06-23T07:45:00,4.870,35.00,0.000
2025-06-23T07:30:00,4.870,35.60,0.000
2025-06-23T07:15:00,4.870,35.40,0.000
2025-06-23T07:00:00,4.870,34.10,0.500
2025-06-23T06:45:00,4.870,35.70,0.000
2025-06-23T06:30:00,4.860,35.60,0.000
2025-06-23T06:15:00,4.860,35.90,0.000
2025-06-23T06:00:00,4.870,35.80,0.000
2025-06-23T05:45:00,4.850,34.90,0.000
2025-06-23T05:30:00,4.850,35.70,0.000
2025-06-23T05:15:00,4.850,34.20,0.000
2025-06-23T05:00:00,4.850,35.30,0.000
2025-06-23T04:45:00,4.850,34.20,0.000
2025-06-23T04:30:00,4.850,34.70,0.000
2025-06-23T04:15:00,4.840,35.90,0.000
2025-06-23T04:00:00,4.840,35.40,0.000
2025-06-23T03:45:00,4.840,35.90,0.000
2025-06-23T03:30:00,4.840,34.80,0.000
2025-06-23T03:15:00,4.840,34.30,0.000
2025-06-23T03:00:00,4.830,34.70,0.000
2025-06-23T02:45:00,4.830,36.20,0.000
2025-06-23T02:30:00,4.820,34.60,0.000
2025-06-23T02:15:00,4.820,34.40,0.000
2025-06-23T02:00:00,4.820,34.60,0.000
2025-06-23T01:45:00,4.820,34.30,0.000
2025-06-23T01:30:00,4.810,33.90,0.000
2025-06-23T01:15:00,4.800,35.20,0.000
2025-06-23T01:00:00,4.790,35.30,0.000
2025-06-23T00:45:00,4.780,34.20,0.000
2025-06-23T00:30:00,4.770,34.10,0.000
2025-06-23T00:15:00,4.760,33.90,0.000
2025-06-23T00:00:00,4.740,33.50,0.000
2025-06-22T23:45:00,4.730,33.20,0.000
2025-06-22T23:30:00,4.720,32.60,0.000
2025-06-22T23:15:00,4.710,31.50,0.000
2025-06-22T23:00:00,4.690,31.90,0.000
2025-06-22T22:45:00,4.690,30.80,0.000
2025-06-22T22:30:00,4.670,31.20,0.000
2025-06-22T22:15:00,4.660,30.70,0.500
2025-06-22T22:00:00,4.650,31.00,0.500
2025-06-22T21:45:00,4.640,31.10,2.500
2025-06-22T21:30:00,4.630,32.30,2.000
2025-06-22T21:15:00,4.630,32.30,2.000
2025-06-22T21:00:00,4.630,31.90,2.500
2025-06-22T20:45:00,4.620,29.80,8.000
2025-06-22T20:30:00,4.610,29.50,1.500
2025-06-22T20:15:00,4.600,29.40,0.000
2025-06-22T20:00:00,4.600,28.10,0.000
2025-06-22T19:45:00,4.600,27.80,0.000
2025-06-22T19:30:00,4.600,28.70,0.000
2025-06-22T19:15:00,4.600,28.00,0.000
2025-06-22T19:00:00,4.600,28.20,0.000
2025-06-22T18:45:00,4.600,27.20,0.000
2025-06-22T18:30:00,4.590,27.90,0.000
2025-06-22T18:15:00,4.590,27.00,0.000
2025-06-22T18:00:00,4.600,27.50,0.000
2025-06-22T17:45:00,4.600,28.10,0.000
2025-06-22T17:30:00,4.600,28.50,0.000
2025-06-22T17:15:00,4.590,28.40,0.000
2025-06-22T17:00:00,4.600,28.80,0.000
2025-06-22T16:45:00,4.600,28.00,0.000
2025-06-22T16:30:00,4.600,28.20,0.000
2025-06-22T16:15:00,4.590,28.20,0.000
2025-06-22T16:00:00,4.590,28.00,0.000
2025-06-22T15:45:00,4.590,28.40,0.000
2025-06-22T15:30:00,4.590,28.40,0.000
2025-06-22T15:15:00,4.590,28.30,0.500
2025-06-22T15:00:00,4.590,30.80,4.000
2025-06-22T14:45:00,4.590,30.90,15.000
2025-06-22T14:30:00,4.570,28.00,3.500
2025-06-22T14:15:00,4.570,28.30,2.500
2025-06-22T14:00:00,4.570,27.00,0.000
2025-06-22T13:45:00,4.570,26.10,0.000
2025-06-22T13:30:00,4.570,26.30,0.000
2025-06-22T13:15:00,4.570,27.10,0.000
2025-06-22T13:00:00,4.570,27.00,0.000
2025-06-22T12:45:00,4.570,26.90,0.000
2025-06-22T12:30:00,4.570,26.10,0.000
2025-06-22T12:15:00,4.570,27.60,0.000
2025-06-22T12:00:00,4.570,26.10,0.000
2025-06-22T11:45:00,4.580,27.40,0.000
2025-06-22T11:30:00,4.570,26.60,0.000
2025-06-22T11:15:00,4.570,26.30,0.000
2025-06-22T11:00:00,4.570,26.50,0.000
2025-06-22T10:45:00,4.570,26.80,0.000
2025-06-22T10:30:00,4.570,27.60,0.000
2025-06-22T10:15:00,4.580,27.40,0.000
2025-06-22T10:00:00,4.580,28.60,0.000
2025-06-22T09:45:00,4.580,27.50,0.000
2025-06-22T09:30:00,4.580,27.80,0.000
2025-06-22T09:15:00,4.580,26.90,0.000
2025-06-22T09:00:00,4.590,27.40,0.000
2025-06-22T08:45:00,4.580,27.70,0.000
2025-06-22T08:30:00,4.590,27.40,0.000
2025-06-22T08:15:00,4.590,27.20,0.000
2025-06-22T08:00:00,4.590,27.80,0.000
2025-06-22T07:45:00,4.590,27.30,0.000
2025-06-22T07:30:00,4.600,27.30,0.000
2025-06-22T07:15:00,4.600,27.80,0.000
2025-06-22T07:00:00,4.590,27.30,0.000
2025-06-22T06:45:00,4.590,27.40,0.000
2025-06-22T06:30:00,4.600,28.10,0.000
2025-06-22T06:15:00,4.600,27.20,0.000
2025-06-22T06:00:00,4.600,28.20,0.000
2025-06-22T05:45:00,4.590,27.40,0.000
2025-06-22T05:30:00,4.600,28.20,0.000
2025-06-22T05:15:00,4.590,27.30,0.000
2025-06-22T05:00:00,4.590,27.70,0.000
2025-06-22T04:45:00,4.600,27.30,0.000
2025-06-22T04:30:00,4.590,27.60,0.000
2025-06-22T04:15:00,4.590,27.70,0.000
2025-06-22T04:00:00,4.590,26.70,0.000
2025-06-22T03:45:00,4.590,27.90,0.000
2025-06-22T03:30:00,4.600,27.80,0.000
2025-06-22T03:15:00,4.590,27.90,0.000
2025-06-22T03:00:00,4.600,28.30,0.000
2025-06-22T02:45:00,4.610,27.80,0.000
2025-06-22T02:30:00,4.600,28.30,0.000
2025-06-22T02:15:00,4.600,27.20,0.000
2025-06-22T02:00:00,4.590,28.70,0.000
2025-06-22T01:45:00,4.590,28.80,0.000
2025-06-22T01:30:00,4.590,27.60,0.000
2025-06-22T01:15:00,4.580,26.90,0.000
2025-06-22T01:00:00,4.570,27.60,0.000
2025-06-22T00:45:00,4.580,27.70,0.000
2025-06-22T00:30:00,4.580,27.50,0.000
2025-06-22T00:15:00,4.580,27.30,0.000
2025-06-22T00:00:00,4.570,27.20,0.000
2025-07-05T23:45:00,4.940,43.10,0.000
2025-07-05T23:30:00,4.930,43.50,0.000
2025-07-05T23:15:00,4.900,40.70,0.000
2025-07-05T23:00:00,4.880,40.20,0.000
2025-07-05T22:45:00,4.860,40.90,0.000
2025-07-05T22:30:00,4.850,39.90,0.000
2025-07-05T22:15:00,4.820,38.10,0.000
2025-07-05T22:00:00,4.800,36.80,0.000
2025-07-05T21:45:00,4.780,36.60,0.000
2025-07-05T21:30:00,4.780,35.80,0.000
2025-07-05T21:15:00,4.760,36.00,0.000
2025-07-05T21:00:00,4.750,35.10,0.000
2025-07-05T20:45:00,4.760,34.50,0.000
2025-07-05T20:30:00,4.770,33.80,0.000
2025-07-05T20:15:00,4.770,36.50,0.000
2025-07-05T20:00:00,4.790,37.00,0.000
2025-07-05T19:45:00,4.780,36.40,0.000
2025-07-05T19:30:00,4.780,36.60,0.000
2025-07-05T19:15:00,4.780,36.10,0.000
2025-07-05T19:00:00,4.780,36.30,0.000
2025-07-05T18:45:00,4.780,35.70,0.000
2025-07-05T18:30:00,4.770,35.30,0.000
2025-07-05T18:15:00,4.780,35.50,0.000
2025-07-05T18:00:00,4.780,36.30,0.000
2025-07-05T17:45:00,4.770,37.10,4.000
2025-07-05T17:30:00,4.770,47.70,5.000
2025-07-05T17:15:00,4.770,35.90,0.000
2025-07-05T17:00:00,4.770,35.90,0.000
2025-07-05T16:45:00,4.760,36.50,0.000
2025-07-05T16:30:00,4.770,36.20,0.000
2025-07-05T16:15:00,4.760,36.10,0.000
2025-07-05T16:00:00,4.770,36.10,0.000
2025-07-05T15:45:00,4.760,36.00,0.000
2025-07-05T15:30:00,4.760,37.80,0.000
2025-07-05T15:15:00,4.760,36.90,0.000
2025-07-05T15:00:00,4.760,36.10,0.000
2025-07-05T14:45:00,4.760,36.90,0.000
2025-07-05T14:30:00,4.740,35.00,0.000
2025-07-05T14:15:00,4.750,36.80,0.000
2025-07-05T14:00:00,4.740,36.50,0.000
2025-07-05T13:45:00,4.750,36.60,0.000
2025-07-05T13:30:00,4.740,37.00,0.000
2025-07-05T13:15:00,4.740,35.80,0.000
2025-07-05T13:00:00,4.730,36.00,0.000
2025-07-05T12:45:00,4.730,35.20,0.000
2025-07-05T12:30:00,4.740,36.50,0.000
2025-07-05T12:15:00,4.720,35.90,0.000
2025-07-05T12:00:00,4.710,35.10,0.000
2025-07-05T11:45:00,4.700,35.80,0.000
2025-07-05T11:30:00,4.690,34.20,0.000
2025-07-05T11:15:00,4.650,33.70,0.000
2025-07-05T11:00:00,4.630,33.50,0.000
2025-07-05T10:45:00,4.610,32.00,0.000
2025-07-05T10:30:00,4.580,30.60,0.000
2025-07-05T10:15:00,4.560,29.20,0.000
2025-07-05T10:00:00,4.550,29.70,0.000
2025-07-05T09:45:00,4.550,29.40,0.000
2025-07-05T09:30:00,4.550,29.00,0.000
2025-07-05T09:15:00,4.550,29.40,0.000
2025-07-05T09:00:00,4.560,29.10,0.000
2025-07-05T08:45:00,4.550,28.80,0.000
2025-07-05T08:30:00,4.560,29.20,0.000
2025-07-05T08:15:00,4.550,28.60,0.000
2025-07-05T08:00:00,4.560,29.80,0.000
2025-07-05T07:45:00,4.570,29.70,0.000
2025-07-05T07:30:00,4.580,30.80,0.000
2025-07-05T07:15:00,4.570,30.30,0.000
2025-07-05T07:00:00,4.570,30.10,0.000
2025-07-05T06:45:00,4.570,29.30,0.000
2025-07-05T06:30:00,4.590,30.80,0.000
2025-07-05T06:15:00,4.590,30.50,0.000
2025-07-05T06:00:00,4.580,29.60,0.000
2025-07-05T05:45:00,4.580,30.30,0.000
2025-07-05T05:30:00,4.590,31.20,0.000
2025-07-05T05:15:00,4.580,30.70,0.000
2025-07-05T05:00:00,4.590,30.40,0.000
2025-07-05T04:45:00,4.600,30.70,0.000
2025-07-05T04:30:00,4.600,31.20,0.000
2025-07-05T04:15:00,4.600,30.70,0.000
2025-07-05T04:00:00,4.600,31.70,0.000
2025-07-05T03:45:00,4.610,31.50,0.000
2025-07-05T03:30:00,4.610,31.80,0.000
2025-07-05T03:15:00,4.610,31.20,0.000
2025-07-05T03:00:00,4.620,31.60,0.000
2025-07-05T02:45:00,4.620,32.70,0.000
2025-07-05T02:30:00,4.620,32.70,0.000
2025-07-05T02:15:00,4.630,31.70,0.000
2025-07-05T02:00:00,4.630,32.20,0.000
2025-07-05T01:45:00,4.630,32.00,0.000
2025-07-05T01:30:00,4.640,32.40,0.000
2025-07-05T01:15:00,4.630,32.40,0.000
2025-07-05T01:00:00,4.630,32.00,0.000
2025-07-05T00:45:00,4.640,32.60,0.000
2025-07-05T00:30:00,4.650,32.50,0.000
2025-07-05T00:15:00,4.650,32.60,0.000
2025-07-05T00:00:00,4.650,32.90,0.000
2025-07-04T23:45:00,4.660,34.00,0.000
2025-07-04T23:30:00,4.660,33.10,0.000
2025-07-04T23:15:00,4.660,32.80,0.000
2025-07-04T23:00:00,4.660,32.80,0.000
2025-07-04T22:45:00,4.670,32.90,0.000
2025-07-04T22:30:00,4.670,33.60,0.000
2025-07-04T22:15:00,4.680,33.50,0.000
2025-07-04T22:00:00,4.680,32.70,0.000
2025-07-04T21:45:00,4.680,34.30,0.000
2025-07-04T21:30:00,4.690,33.50,0.000
2025-07-04T21:15:00,4.680,34.00,0.000
2025-07-04T21:00:00,4.690,34.70,0.000
2025-07-04T20:45:00,4.690,34.30,0.000
2025-07-04T20:30:00,4.700,33.80,0.000
2025-07-04T20:15:00,4.700,34.40,0.000
2025-07-04T20:00:00,4.710,34.50,0.000
2025-07-04T19:45:00,4.710,35.70,0.000
2025-07-04T19:30:00,4.700,34.70,0.000
2025-07-04T19:15:00,4.710,34.50,0.000
2025-07-04T19:00:00,4.720,35.70,0.000
2025-07-04T18:45:00,4.720,35.50,0.000
2025-07-04T18:30:00,4.720,36.80,0.000
2025-07-04T18:15:00,4.720,35.00,0.000
2025-07-04T18:00:00,4.710,34.90,0.000
2025-07-04T17:45:00,4.710,35.90,0.000
2025-07-04T17:30:00,4.720,35.60,0.000
2025-07-04T17:15:00,4.720,35.40,0.000
2025-07-04T17:00:00,4.720,34.80,0.000
2025-07-04T16:45:00,4.720,34.90,0.000
2025-07-04T16:30:00,4.720,34.10,0.000
2025-07-04T16:15:00,4.720,35.30,0.000
2025-07-04T16:00:00,4.730,34.60,0.000
2025-07-04T15:45:00,4.730,36.00,0.000
2025-07-04T15:30:00,4.730,34.40,0.000
2025-07-04T15:15:00,4.750,35.70,0.000
2025-07-04T15:00:00,4.750,35.80,0.000
2025-07-04T14:45:00,4.760,35.80,0.000
2025-07-04T14:30:00,4.770,36.10,0.000
2025-07-04T14:15:00,4.770,36.20,0.000
2025-07-04T14:00:00,4.770,36.00,0.000
2025-07-04T13:45:00,4.780,35.80,0.500
2025-07-04T13:30:00,4.790,37.00,0.000
2025-07-04T13:15:00,4.790,36.60,0.000
2025-07-04T13:00:00,4.800,35.60,0.000
2025-07-04T12:45:00,4.800,35.90,0.000
2025-07-04T12:30:00,4.800,36.20,0.000
2025-07-04T12:15:00,4.810,35.70,0.000
2025-07-04T12:00:00,4.810,36.80,0.000
2025-07-04T11:45:00,4.810,37.00,0.000
2025-07-04T11:30:00,4.830,37.90,0.000
2025-07-04T11:15:00,4.830,36.20,0.000
2025-07-04T11:00:00,4.830,38.10,0.000
2025-07-04T10:45:00,4.850,39.20,0.000
2025-07-04T10:30:00,4.850,36.90,0.000
2025-07-04T10:15:00,4.850,37.90,0.000
2025-07-04T10:00:00,4.860,38.20,0.000
2025-07-04T09:45:00,4.860,37.40,0.000
2025-07-04T09:30:00,4.870,37.10,0.000
2025-07-04T09:15:00,4.880,37.70,0.000
2025-07-04T09:00:00,4.880,40.60,0.000
2025-07-04T08:45:00,4.900,39.50,0.000
2025-07-04T08:30:00,4.900,39.20,0.000
2025-07-04T08:15:00,4.900,40.50,0.000
2025-07-04T08:00:00,4.910,40.40,0.000
2025-07-04T07:45:00,4.920,39.60,0.000
2025-07-04T07:30:00,4.930,40.60,0.000
2025-07-04T07:15:00,4.930,39.50,0.000
2025-07-04T07:00:00,4.940,39.50,0.000
2025-07-04T06:45:00,4.950,40.40,0.000
2025-07-04T06:30:00,4.960,41.60,0.000
2025-07-04T06:15:00,4.970,40.10,0.000
2025-07-04T06:00:00,4.970,42.00,0.000
2025-07-04T05:45:00,4.980,42.60,0.000
2025-07-04T05:30:00,4.990,42.70,0.000
2025-07-04T05:15:00,5.000,40.70,0.000
2025-07-04T05:00:00,5.010,41.30,0.000
2025-07-04T04:45:00,5.010,42.10,0.000
2025-07-04T04:30:00,5.030,40.60,0.000
2025-07-04T04:15:00,5.030,43.70,0.000
2025-07-04T04:00:00,5.060,44.90,0.000
2025-07-04T03:45:00,5.060,43.30,0.000
2025-07-04T03:30:00,5.060,42.60,0.000
2025-07-04T03:15:00,5.080,44.70,0.000
2025-07-04T03:00:00,5.090,44.00,0.000
2025-07-04T02:45:00,5.100,43.80,0.000
2025-07-04T02:30:00,5.100,43.80,0.000
2025-07-04T02:15:00,5.120,43.80,0.000
2025-07-04T02:00:00,5.130,44.60,0.000
2025-07-04T01:45:00,5.150,45.10,0.000
2025-07-04T01:30:00,5.150,47.20,0.000
2025-07-04T01:15:00,5.170,45.70,0.000
2025-07-04T01:00:00,5.180,46.80,0.000
2025-07-04T00:45:00,5.190,46.30,0.000
2025-07-04T00:30:00,5.210,47.30,0.000
2025-07-04T00:15:00,5.220,46.50,0.000
2025-07-04T00:00:00,5.230,48.30,0.000
2025-07-03T23:45:00,5.240,48.60,0.000
2025-07-03T23:30:00,5.260,48.80,0.000
2025-07-03T23:15:00,5.270,49.60,0.000
2025-07-03T23:00:00,5.280,47.90,0.000
2025-07-03T22:45:00,5.300,50.70,0.000
2025-07-03T22:30:00,5.320,49.60,0.000
2025-07-03T22:15:00,5.340,55.20,0.000
2025-07-03T22:00:00,5.340,50.90,0.000
2025-07-03T21:45:00,5.370,53.00,0.000
2025-07-03T21:30:00,5.370,52.70,0.000
2025-07-03T21:15:00,5.400,52.80,0.000
2025-07-03T21:00:00,5.410,52.60,0.000
2025-07-03T20:45:00,5.420,52.00,0.000
2025-07-03T20:30:00,5.450,55.40,0.000
2025-07-03T20:15:00,5.470,54.90,0.000
2025-07-03T20:00:00,5.480,56.00,0.000
2025-07-03T19:45:00,5.490,57.50,0.000
2025-07-03T19:30:00,5.510,56.50,0.000
2025-07-03T19:15:00,5.530,59.10,0.000
2025-07-03T19:00:00,5.550,59.70,0.000
2025-07-03T18:45:00,5.560,61.10,0.000
2025-07-03T18:30:00,5.590,58.90,0.000
2025-07-03T18:15:00,5.580,58.20,0.000
2025-07-03T18:00:00,5.610,61.70,0.000
2025-07-03T17:45:00,5.620,61.00,0.000
2025-07-03T17:30:00,5.640,60.60,0.000
2025-07-03T17:15:00,5.660,63.30,0.000
2025-07-03T17:00:00,5.670,61.60,0.000
2025-07-03T16:45:00,5.680,61.60,0.000
2025-07-03T16:30:00,5.680,62.60,0.000
2025-07-03T16:15:00,5.700,64.90,0.000
2025-07-03T16:00:00,5.710,67.00,0.000
2025-07-03T15:45:00,5.730,64.70,0.000
2025-07-03T15:30:00,5.740,68.30,0.000
2025-07-03T15:15:00,5.750,67.20,0.000
2025-07-03T15:00:00,5.770,68.30,0.000
2025-07-03T14:45:00,5.770,69.40,0.000
2025-07-03T14:30:00,5.780,67.70,0.000
2025-07-03T14:15:00,5.800,70.10,0.000
2025-07-03T14:00:00,5.810,70.70,0.000
2025-07-03T13:45:00,5.820,71.80,0.000
2025-07-03T13:30:00,5.830,73.50,0.000
2025-07-03T13:15:00,5.840,73.50,0.000
2025-07-03T13:00:00,5.850,73.80,0.000
2025-07-03T12:45:00,5.860,74.20,0.000
2025-07-03T12:30:00,5.880,79.00,0.000
2025-07-03T12:15:00,5.880,78.20,0.000
2025-07-03T12:00:00,5.900,75.90,0.000
2025-07-03T11:45:00,5.890,79.10,0.000
2025-07-03T11:30:00,5.920,83.90,0.000
2025-07-03T11:15:00,5.930,82.00,0.000
2025-07-03T11:00:00,5.930,84.00,0.000
2025-07-03T10:45:00,5.940,82.30,0.000
2025-07-03T10:30:00,5.950,85.70,0.000
2025-07-03T10:15:00,5.960,90.80,0.000
2025-07-03T10:00:00,5.970,84.30,0.000
2025-07-03T09:45:00,5.970,90.20,0.000
2025-07-03T09:30:00,5.970,88.90,0.000
2025-07-03T09:15:00,5.960,88.90,0.500
2025-07-03T09:00:00,5.960,90.20,0.000
2025-07-03T08:45:00,5.970,88.60,0.000
2025-07-03T08:30:00,5.950,91.90,0.000
2025-07-03T08:15:00,5.940,93.60,0.000
2025-07-03T08:00:00,5.930,92.20,0.000
2025-07-03T07:45:00,5.920,90.90,0.000
2025-07-03T07:30:00,5.890,88.10,0.000
2025-07-03T07:15:00,5.870,89.50,0.000
2025-07-03T07:00:00,5.850,89.00,0.000
2025-07-03T06:45:00,5.830,88.20,0.000
2025-07-03T06:30:00,5.810,86.10,0.000
2025-07-03T06:15:00,5.790,85.70,0.000
2025-07-03T06:00:00,5.770,84.10,0.000
2025-07-03T05:45:00,5.740,83.70,0.000
2025-07-03T05:30:00,5.710,81.90,0.000
2025-07-03T05:15:00,5.690,82.90,0.000
2025-07-03T05:00:00,5.670,80.90,0.000
2025-07-03T04:45:00,5.630,79.60,0.000
2025-07-03T04:30:00,5.600,75.20,0.000
2025-07-03T04:15:00,5.580,73.60,0.500
2025-07-03T04:00:00,5.560,74.30,0.000
2025-07-03T03:45:00,5.530,69.80,0.000
2025-07-03T03:30:00,5.520,72.10,0.000
2025-07-03T03:15:00,5.500,71.80,0.000
2025-07-03T03:00:00,5.470,70.40,0.000
2025-07-03T02:45:00,5.450,68.90,0.500
2025-07-03T02:30:00,5.400,68.50,1.000
2025-07-03T02:15:00,5.370,66.40,1.000
2025-07-03T02:00:00,5.360,66.60,0.500
2025-07-03T01:45:00,5.330,64.50,1.000
2025-07-03T01:30:00,5.260,60.00,1.000
2025-07-03T01:15:00,5.200,58.40,0.500
2025-07-03T01:00:00,5.140,54.90,0.500
2025-07-03T00:45:00,5.060,50.50,0.500
2025-07-03T00:30:00,4.960,46.60,0.500
2025-07-03T00:15:00,4.870,42.80,0.000
2025-07-03T00:00:00,4.790,39.80,1.000
2025-07-02T23:45:00,4.720,35.80,0.500
2025-07-02T23:30:00,4.680,34.50,1.000
2025-07-02T23:15:00,4.650,32.90,0.500
2025-07-02T23:00:00,4.630,31.90,1.000
2025-07-02T22:45:00,4.620,30.80,0.500
2025-07-02T22:30:00,4.610,30.10,0.500
2025-07-02T22:15:00,4.600,28.70,0.500
2025-07-02T22:00:00,4.590,29.20,1.000
2025-07-02T21:45:00,4.580,29.20,1.000
2025-07-02T21:30:00,4.580,29.10,1.000
2025-07-02T21:15:00,4.580,29.20,1.000
2025-07-02T21:00:00,4.570,28.00,0.000
2025-07-02T20:45:00,4.570,25.60,0.500
2025-07-02T20:30:00,4.560,26.80,0.500
2025-07-02T20:15:00,4.550,26.40,0.500
2025-07-02T20:00:00,4.550,27.70,0.000
2025-07-02T19:45:00,4.550,25.50,0.500
2025-07-02T19:30:00,4.550,25.30,0.000
2025-07-02T19:15:00,4.550,24.90,0.000
2025-07-02T19:00:00,4.550,25.40,0.000
2025-07-02T18:45:00,4.560,25.90,0.000
2025-07-02T18:30:00,4.560,26.10,0.000
2025-07-02T18:15:00,4.560,25.00,0.000
2025-07-02T18:00:00,4.570,25.90,0.000
2025-07-02T17:45:00,4.570,24.70,0.000
2025-07-02T17:30:00,4.570,25.90,0.000
2025-07-02T17:15:00,4.580,25.50,0.000
2025-07-02T17:00:00,4.590,25.20,0.000
2025-07-02T16:45:00,4.590,24.60,0.000
2025-07-02T16:30:00,4.590,25.70,0.000
2025-07-02T16:15:00,4.600,27.10,0.000
2025-07-02T16:00:00,4.610,26.30,0.000
2025-07-02T15:45:00,4.620,26.60,2.500
2025-07-02T15:30:00,4.620,29.00,0.500
2025-07-02T15:15:00,4.630,26.10,0.000
2025-07-02T15:00:00,4.650,27.00,0.000
2025-07-02T14:45:00,4.660,27.20,0.000
2025-07-02T14:30:00,4.680,27.90,0.000
2025-07-02T14:15:00,4.690,28.10,0.000
2025-07-02T14:00:00,4.720,29.20,0.000
2025-07-02T13:45:00,4.740,30.20,0.000
2025-07-02T13:30:00,4.780,30.10,0.000
2025-07-02T13:15:00,4.810,31.70,0.000
2025-07-02T13:00:00,4.860,33.80,0.000
2025-07-02T12:45:00,4.890,34.90,0.000
2025-07-02T12:30:00,4.930,36.90,0.000
2025-07-02T12:15:00,4.960,37.80,0.000
2025-07-02T12:00:00,4.970,38.70,0.000
2025-07-02T11:45:00,4.980,39.30,0.000
2025-07-02T11:30:00,4.990,40.20,0.000
2025-07-02T11:15:00,4.990,40.10,0.000
2025-07-02T11:00:00,5.000,40.30,0.000
2025-07-02T10:45:00,5.000,40.10,0.000
2025-07-02T10:30:00,5.000,41.30,0.000
2025-07-02T10:15:00,5.010,40.90,0.000
2025-07-02T10:00:00,5.010,40.60,0.000
2025-07-02T09:45:00,5.010,40.90,0.000
2025-07-02T09:30:00,5.030,41.90,0.000
2025-07-02T09:15:00,5.020,42.10,0.000
2025-07-02T09:00:00,5.020,41.00,0.000
2025-07-02T08:45:00,5.030,40.60,0.000
2025-07-02T08:30:00,5.030,44.10,0.000
2025-07-02T08:15:00,5.020,41.30,0.000
2025-07-02T08:00:00,5.040,42.10,0.000
2025-07-02T07:45:00,5.040,43.30,0.000
2025-07-02T07:30:00,5.040,42.90,0.000
2025-07-02T07:15:00,5.050,44.20,0.000
2025-07-02T07:00:00,5.060,43.50,0.000
2025-07-02T06:45:00,5.060,42.50,0.000
2025-07-02T06:30:00,5.060,43.00,0.000
2025-07-02T06:15:00,5.060,42.70,0.000
2025-07-02T06:00:00,5.060,43.90,0.000
2025-07-02T05:45:00,5.070,44.90,0.000
2025-07-02T05:30:00,5.070,43.80,0.000
2025-07-02T05:15:00,5.080,43.40,0.000
2025-07-02T05:00:00,5.080,43.70,0.000
2025-07-02T04:45:00,5.080,42.70,0.000
2025-07-02T04:30:00,5.080,42.90,0.000
2025-07-02T04:15:00,5.080,45.20,0.000
2025-07-02T04:00:00,5.090,45.20,0.000
2025-07-02T03:45:00,5.090,44.00,0.000
2025-07-02T03:30:00,5.090,44.10,0.000
2025-07-02T03:15:00,5.090,45.80,0.000
2025-07-02T03:00:00,5.090,43.60,0.000
2025-07-02T02:45:00,5.090,44.60,0.000
2025-07-02T02:30:00,5.090,44.30,0.000
2025-07-02T02:15:00,5.100,46.60,0.000
2025-07-02T02:00:00,5.090,44.50,0.000
2025-07-02T01:45:00,5.100,44.10,0.000
2025-07-02T01:30:00,5.100,45.90,0.000
2025-07-02T01:15:00,5.090,43.80,0.000
2025-07-02T01:00:00,5.100,49.10,0.000
2025-07-02T00:45:00,5.110,46.80,0.000
2025-07-02T00:30:00,5.110,48.70,0.000
2025-07-02T00:15:00,5.100,46.80,0.000
2025-07-02T00:00:00,5.100,47.60,0.000
2025-07-01T23:45:00,5.100,47.40,0.000
2025-07-01T23:30:00,5.080,47.00,0.000
2025-07-01T23:15:00,5.060,45.10,0.000
2025-07-01T23:00:00,5.040,46.00,0.000
2025-07-01T22:45:00,5.000,42.90,0.000
2025-07-01T22:30:00,4.980,42.30,0.000
2025-07-01T22:15:00,4.940,40.00,0.500
2025-07-01T22:00:00,4.940,38.40,0.000
2025-07-01T21:45:00,4.920,37.90,0.000
2025-07-01T21:30:00,4.910,37.70,0.000
2025-07-01T21:15:00,4.920,37.80,0.000
2025-07-01T21:00:00,4.910,37.10,0.000
2025-07-01T20:45:00,4.910,39.70,0.500
2025-07-01T20:30:00,4.900,40.50,1.000
2025-07-01T20:15:00,4.900,40.60,0.500
2025-07-01T20:00:00,4.890,40.10,0.500
2025-07-01T19:45:00,4.900,39.60,0.500
2025-07-01T19:30:00,4.890,39.40,0.000
2025-07-01T19:15:00,4.890,38.20,1.000
2025-07-01T19:00:00,4.890,38.90,0.500
2025-07-01T18:45:00,4.870,40.60,3.500
2025-07-01T18:30:00,4.870,39.00,2.500
2025-07-01T18:15:00,4.870,38.10,0.000
2025-07-01T18:00:00,4.880,35.70,0.000
2025-07-01T17:45:00,4.880,35.90,0.000
2025-07-01T17:30:00,4.880,35.90,0.000
2025-07-01T17:15:00,4.890,36.40,0.000
2025-07-01T17:00:00,4.890,36.00,0.000
2025-07-01T16:45:00,4.890,36.60,0.000
2025-07-01T16:30:00,4.900,36.50,0.000
2025-07-01T16:15:00,4.900,36.40,0.000
2025-07-01T16:00:00,4.900,36.90,0.000
2025-07-01T15:45:00,4.900,37.00,0.000
2025-07-01T15:30:00,4.900,37.40,0.000
2025-07-01T15:15:00,4.910,37.40,0.000
2025-07-01T15:00:00,4.910,37.10,0.000
2025-07-01T14:45:00,4.920,37.50,0.000
2025-07-01T14:30:00,4.920,38.40,0.000
2025-07-01T14:15:00,4.920,36.90,0.000
2025-07-01T14:00:00,4.920,37.00,0.000
2025-07-01T13:45:00,4.930,38.00,0.000
2025-07-01T13:30:00,4.920,37.40,0.000
2025-07-01T13:15:00,4.930,37.60,0.000
2025-07-01T13:00:00,4.930,38.10,0.000
2025-07-01T12:45:00,4.930,38.20,0.000
2025-07-01T12:30:00,4.940,38.60,0.000
2025-07-01T12:15:00,4.940,38.40,0.000
2025-07-01T12:00:00,4.940,37.10,0.000
2025-07-01T11:45:00,4.940,38.20,0.000
2025-07-01T11:30:00,4.950,38.40,0.000
2025-07-01T11:15:00,4.960,39.00,0.000
2025-07-01T11:00:00,4.950,37.40,0.000
2025-07-01T10:45:00,4.950,37.70,0.000
2025-07-01T10:30:00,4.960,38.00,0.000
2025-07-01T10:15:00,4.970,38.50,0.000
2025-07-01T10:00:00,4.960,38.30,0.000
2025-07-01T09:45:00,4.980,39.30,0.000
2025-07-01T09:30:00,4.970,38.90,0.000
2025-07-01T09:15:00,4.980,38.60,0.000
2025-07-01T09:00:00,4.980,38.50,0.000
2025-07-01T08:45:00,4.980,39.90,0.000
2025-07-01T08:30:00,4.990,38.60,0.000
2025-07-01T08:15:00,4.990,39.20,0.000
2025-07-01T08:00:00,4.990,40.90,0.000
2025-07-01T07:45:00,4.990,40.90,0.000
2025-07-01T07:30:00,5.000,40.80,0.000
2025-07-01T07:15:00,5.010,40.60,0.000
2025-07-01T07:00:00,5.000,40.00,0.000
2025-07-01T06:45:00,5.010,40.20,0.000
2025-07-01T06:30:00,5.010,39.70,0.000
2025-07-01T06:15:00,5.010,40.50,0.000
2025-07-01T06:00:00,5.020,40.40,0.000
2025-07-01T05:45:00,5.020,40.10,0.000
2025-07-01T05:30:00,5.020,39.90,0.000
2025-07-01T05:15:00,5.030,40.20,0.000
2025-07-01T05:00:00,5.030,41.20,0.000
2025-07-01T04:45:00,5.030,40.40,0.000
2025-07-01T04:30:00,5.040,40.50,0.000
2025-07-01T04:15:00,5.050,42.10,0.000
2025-07-01T04:00:00,5.040,41.70,0.000
2025-07-01T03:45:00,5.040,41.70,0.000
2025-07-01T03:30:00,5.040,40.60,0.000
2025-07-01T03:15:00,5.050,42.30,0.000
2025-07-01T03:00:00,5.050,41.40,0.000
2025-07-01T02:45:00,5.060,40.30,0.000
2025-07-01T02:30:00,5.060,42.40,0.000
2025-07-01T02:15:00,5.060,42.30,0.000
2025-07-01T02:00:00,5.060,41.40,0.000
2025-07-01T01:45:00,5.060,42.20,0.000
2025-07-01T01:30:00,5.070,42.40,0.000
2025-07-01T01:15:00,5.080,42.80,0.000
2025-07-01T01:00:00,5.080,41.70,0.000
2025-07-01T00:45:00,5.080,41.90,0.000
2025-07-01T00:30:00,5.080,43.30,0.000
2025-07-01T00:15:00,5.080,42.50,0.000
2025-07-01T00:00:00,5.080,40.70,0.000
2025-06-30T23:45:00,5.080,43.00,0.000
2025-06-30T23:30:00,5.090,42.20,0.000
2025-06-30T23:15:00,5.090,43.20,0.000
2025-06-30T23:00:00,5.100,42.30,0.000
2025-06-30T22:45:00,5.100,43.00,0.000
2025-06-30T22:30:00,5.100,43.00,0.000
2025-06-30T22:15:00,5.100,42.20,0.000
2025-06-30T22:00:00,5.100,42.80,0.000
2025-06-30T21:45:00,5.110,44.10,0.000
2025-06-30T21:30:00,5.100,41.20,0.000
2025-06-30T21:15:00,5.110,42.00,0.000
2025-06-30T21:00:00,5.110,42.70,0.000
2025-06-30T20:45:00,5.120,43.10,0.000
2025-06-30T20:30:00,5.120,43.00,0.000
2025-06-30T20:15:00,5.120,43.50,0.000
2025-06-30T20:00:00,5.120,43.50,0.000
2025-06-30T19:45:00,5.110,43.80,0.000
2025-06-30T19:30:00,5.120,44.10,0.000
2025-06-30T19:15:00,5.120,43.90,0.000
2025-06-30T19:00:00,5.120,44.30,0.000
2025-06-30T18:45:00,5.130,44.60,0.000
2025-06-30T18:30:00,5.130,43.40,0.000
2025-06-30T18:15:00,5.140,44.40,0.000
2025-06-30T18:00:00,5.140,43.80,0.000
2025-06-30T17:45:00,5.140,44.10,0.000
2025-06-30T17:30:00,5.140,45.10,0.000
2025-06-30T17:15:00,5.140,43.30,0.000
2025-06-30T17:00:00,5.140,43.10,0.000
2025-06-30T16:45:00,5.150,44.10,0.000
2025-06-30T16:30:00,5.160,43.90,0.000
2025-06-30T16:15:00,5.160,45.20,0.000
2025-06-30T16:00:00,5.150,43.60,0.000
2025-06-30T15:45:00,5.160,45.80,0.000
2025-06-30T15:30:00,5.160,45.90,0.500
2025-06-30T15:15:00,5.160,46.20,0.500
2025-06-30T15:00:00,5.150,46.10,0.500
2025-06-30T14:45:00,5.160,45.30,0.500
2025-06-30T14:30:00,5.160,48.00,0.500
2025-06-30T14:15:00,5.150,46.80,0.000
2025-06-30T14:00:00,5.150,49.20,0.500
2025-06-30T13:45:00,5.150,48.10,2.000
2025-06-30T13:30:00,5.140,50.30,1.500
2025-06-30T13:15:00,5.150,48.90,3.000
2025-06-30T13:00:00,5.140,45.30,3.000
2025-06-30T12:45:00,5.130,44.60,0.000
2025-06-30T12:30:00,5.130,46.60,0.000
2025-06-30T12:15:00,5.130,44.40,0.000
2025-06-30T12:00:00,5.130,45.00,0.000
2025-06-30T11:45:00,5.140,44.60,0.000
2025-06-30T11:30:00,5.150,45.60,0.000
2025-06-30T11:15:00,5.140,45.70,0.000
2025-06-30T11:00:00,5.150,44.40,0.000
2025-06-30T10:45:00,5.150,45.00,0.000
2025-06-30T10:30:00,5.140,45.80,0.000
2025-06-30T10:15:00,5.150,47.80,0.000
2025-06-30T10:00:00,5.150,44.10,0.000
2025-06-30T09:45:00,5.150,46.60,0.000
2025-06-30T09:30:00,5.160,46.10,0.000
2025-06-30T09:15:00,5.160,47.10,0.000
2025-06-30T09:00:00,5.160,46.80,0.000
2025-06-30T08:45:00,5.170,47.00,0.000
2025-06-30T08:30:00,5.170,46.80,0.000
2025-06-30T08:15:00,5.170,46.60,0.000
2025-06-30T08:00:00,5.180,48.60,0.000
2025-06-30T07:45:00,5.180,49.90,0.000
2025-06-30T07:30:00,5.190,49.70,0.500
2025-06-30T07:15:00,5.190,47.40,0.000
2025-06-30T07:00:00,5.190,52.80,0.000
2025-06-30T06:45:00,5.200,49.60,0.500
2025-06-30T06:30:00,5.200,51.60,0.000
2025-06-30T06:15:00,5.210,51.80,0.000
2025-06-30T06:00:00,5.210,52.00,0.500
2025-06-30T05:45:00,5.210,51.70,0.500
2025-06-30T05:30:00,5.220,53.80,0.000
2025-06-30T05:15:00,5.220,49.50,0.500
2025-06-30T05:00:00,5.230,51.20,0.000
2025-06-30T04:45:00,5.220,51.80,0.000
2025-06-30T04:30:00,5.230,53.50,0.000
2025-06-30T04:15:00,5.240,52.50,0.000
2025-06-30T04:00:00,5.230,49.90,0.000
2025-06-30T03:45:00,5.250,53.90,0.000
2025-06-30T03:30:00,5.240,52.40,0.000
2025-06-30T03:15:00,5.260,52.30,0.000
2025-06-30T03:00:00,5.250,52.20,0.000
2025-06-30T02:45:00,5.250,54.60,0.000
2025-06-30T02:30:00,5.260,54.30,0.000
2025-06-30T02:15:00,5.250,52.20,0.000
2025-06-30T02:00:00,5.250,55.10,0.000
2025-06-30T01:45:00,5.250,52.80,0.000
2025-06-30T01:30:00,5.250,54.80,0.000
2025-06-30T01:15:00,5.240,53.30,0.000
2025-06-30T01:00:00,5.240,52.10,0.500
2025-06-30T00:45:00,5.230,54.70,0.000
2025-06-30T00:30:00,5.220,53.30,0.000
2025-06-30T00:15:00,5.210,54.40,0.000
2025-06-30T00:00:00,5.180,50.10,0.000
2025-06-29T23:45:00,5.180,52.80,0.000
2025-06-29T23:30:00,5.160,51.10,0.000
2025-06-29T23:15:00,5.130,49.90,0.000
2025-06-29T23:00:00,5.120,49.70,0.000
2025-06-29T22:45:00,5.100,49.00,0.000
2025-06-29T22:30:00,5.070,46.60,0.500
2025-06-29T22:15:00,5.060,44.80,0.000
2025-06-29T22:00:00,5.030,43.90,0.000
2025-06-29T21:45:00,5.000,43.40,0.000
2025-06-29T21:30:00,4.990,41.70,0.000
2025-06-29T21:15:00,4.970,42.90,0.000
2025-06-29T21:00:00,4.940,40.70,0.500
2025-06-29T20:45:00,4.920,38.40,0.000
2025-06-29T20:30:00,4.900,36.90,0.000
2025-06-29T20:15:00,4.880,36.20,0.000
2025-06-29T20:00:00,4.870,37.40,0.000
2025-06-29T19:45:00,4.850,38.60,0.500
2025-06-29T19:30:00,4.820,36.70,0.000
2025-06-29T19:15:00,4.810,36.60,1.000
2025-06-29T19:00:00,4.790,36.60,1.500
2025-06-29T18:45:00,4.760,34.40,0.000
2025-06-29T18:30:00,4.750,32.40,0.000
2025-06-29T18:15:00,4.740,31.30,0.500
2025-06-29T18:00:00,4.720,31.10,0.500
2025-06-29T17:45:00,4.710,33.80,0.500
2025-06-29T17:30:00,4.700,32.40,2.500
2025-06-29T17:15:00,4.690,32.00,0.500
2025-06-29T17:00:00,4.680,31.50,0.500
2025-06-29T16:45:00,4.680,31.80,2.000
2025-06-29T16:30:00,4.670,30.70,0.500
2025-06-29T16:15:00,4.670,31.10,0.000
2025-06-29T16:00:00,4.670,28.60,0.000
2025-06-29T15:45:00,4.660,28.60,0.000
2025-06-29T15:30:00,4.670,29.20,0.000
2025-06-29T15:15:00,4.660,29.30,0.000
2025-06-29T15:00:00,4.660,29.30,0.000
2025-06-29T14:45:00,4.660,29.80,0.000
2025-06-29T14:30:00,4.660,30.00,0.000
2025-06-29T14:15:00,4.660,29.70,0.000
2025-06-29T14:00:00,4.670,29.60,0.000
2025-06-29T13:45:00,4.670,29.20,0.000
2025-06-29T13:30:00,4.660,29.80,0.000
2025-06-29T13:15:00,4.670,29.40,0.000
2025-06-29T13:00:00,4.670,29.70,0.000
2025-06-29T12:45:00,4.670,29.80,0.000
2025-06-29T12:30:00,4.670,30.40,0.000
2025-06-29T12:15:00,4.670,29.80,0.000
2025-06-29T12:00:00,4.660,29.00,0.000
2025-06-29T11:45:00,4.660,29.50,0.000
2025-06-29T11:30:00,4.670,30.80,0.000
2025-06-29T11:15:00,4.670,29.60,0.000
2025-06-29T11:00:00,4.660,29.70,0.000
2025-06-29T10:45:00,4.670,29.60,0.000
2025-06-29T10:30:00,4.670,29.10,0.000
2025-06-29T10:15:00,4.670,30.30,0.500
2025-06-29T10:00:00,4.670,30.30,0.000
2025-06-29T09:45:00,4.680,30.20,0.000
2025-06-29T09:30:00,4.680,30.30,0.000
2025-06-29T09:15:00,4.670,29.10,0.000
2025-06-29T09:00:00,4.690,30.30,0.000
2025-06-29T08:45:00,4.680,30.30,0.000
2025-06-29T08:30:00,4.680,30.30,0.000
2025-06-29T08:15:00,4.690,30.60,0.000
2025-06-29T08:00:00,4.690,31.50,0.000
2025-06-29T07:45:00,4.700,31.10,0.000
2025-06-29T07:30:00,4.690,30.90,0.000
2025-06-29T07:15:00,4.700,30.80,0.000
2025-06-29T07:00:00,4.700,31.30,0.000
2025-06-29T06:45:00,4.710,31.20,0.000
2025-06-29T06:30:00,4.710,31.50,0.000
2025-06-29T06:15:00,4.700,31.70,0.000
2025-06-29T06:00:00,4.700,31.90,0.000
2025-06-29T05:45:00,4.700,31.00,0.000
2025-06-29T05:30:00,4.710,32.10,0.000
2025-06-29T05:15:00,4.710,31.10,0.000
2025-06-29T05:00:00,4.710,31.00,0.000
2025-06-29T04:45:00,4.700,31.30,0.000
2025-06-29T04:30:00,4.710,30.90,0.000
2025-06-29T04:15:00,4.710,31.50,0.000
2025-06-29T04:00:00,4.710,31.80,0.000
2025-06-29T03:45:00,4.700,31.10,0.000
2025-06-29T03:30:00,4.710,30.90,0.000
2025-06-29T03:15:00,4.710,31.70,0.000
2025-06-29T03:00:00,4.710,31.70,0.000
2025-06-29T02:45:00,4.720,31.40,0.000
2025-06-29T02:30:00,4.710,31.80,0.000
2025-06-29T02:15:00,4.710,31.40,0.000
2025-06-29T02:00:00,4.710,30.80,0.000
2025-06-29T01:45:00,4.710,31.80,0.000
2025-06-29T01:30:00,4.710,31.10,0.000
2025-06-29T01:15:00,4.720,30.40,0.000
2025-06-29T01:00:00,4.720,32.00,0.000
2025-06-29T00:45:00,4.720,31.00,0.000
2025-06-29T00:30:00,4.710,32.20,0.000
2025-06-29T00:15:00,4.720,30.60,0.000
2025-06-29T00:00:00,4.720,31.20,0.000
2025-07-12T23:45:00,4.830,38.80,1.000
2025-07-12T23:30:00,4.830,38.40,1.500
2025-07-12T23:15:00,4.830,37.60,1.500
2025-07-12T23:00:00,4.820,35.40,0.000
2025-07-12T22:45:00,4.820,36.70,0.500
2025-07-12T22:30:00,4.820,35.50,0.000
2025-07-12T22:15:00,4.820,34.80,0.000
2025-07-12T22:00:00,4.820,35.40,0.000
2025-07-12T21:45:00,4.820,35.80,0.500
2025-07-12T21:30:00,4.820,34.60,0.500
2025-07-12T21:15:00,4.820,36.30,0.500
2025-07-12T21:00:00,4.820,38.10,2.000
2025-07-12T20:45:00,4.820,36.30,1.000
2025-07-12T20:30:00,4.820,35.60,0.000
2025-07-12T20:15:00,4.820,34.40,0.000
2025-07-12T20:00:00,4.820,36.80,0.000
2025-07-12T19:45:00,4.830,35.60,0.000
2025-07-12T19:30:00,4.840,34.50,0.000
2025-07-12T19:15:00,4.830,34.60,0.000
2025-07-12T19:00:00,4.820,34.50,0.000
2025-07-12T18:45:00,4.840,35.00,0.000
2025-07-12T18:30:00,4.830,34.40,0.000
2025-07-12T18:15:00,4.840,34.60,0.000
2025-07-12T18:00:00,4.840,34.90,0.000
2025-07-12T17:45:00,4.840,35.10,0.000
2025-07-12T17:30:00,4.840,34.90,0.000
2025-07-12T17:15:00,4.840,34.80,0.000
2025-07-12T17:00:00,4.840,35.00,0.000
2025-07-12T16:45:00,4.850,34.20,0.000
2025-07-12T16:30:00,4.850,34.90,0.000
2025-07-12T16:15:00,4.850,34.40,0.000
2025-07-12T16:00:00,4.850,35.20,0.000
2025-07-12T15:45:00,4.850,35.20,0.000
2025-07-12T15:30:00,4.860,35.50,0.000
2025-07-12T15:15:00,4.860,34.80,0.000
2025-07-12T15:00:00,4.870,34.50,0.000
2025-07-12T14:45:00,4.860,35.30,0.000
2025-07-12T14:30:00,4.870,35.40,0.000
2025-07-12T14:15:00,4.860,36.60,0.000
2025-07-12T14:00:00,4.870,36.20,0.000
2025-07-12T13:45:00,4.870,35.60,0.000
2025-07-12T13:30:00,4.870,35.70,0.000
2025-07-12T13:15:00,4.880,36.30,0.000
2025-07-12T13:00:00,4.870,36.50,0.000
2025-07-12T12:45:00,4.870,36.40,0.000
2025-07-12T12:30:00,4.880,35.10,0.000
2025-07-12T12:15:00,4.870,35.60,0.000
2025-07-12T12:00:00,4.880,35.40,0.000
2025-07-12T11:45:00,4.880,36.50,0.000
2025-07-12T11:30:00,4.870,35.60,0.000
2025-07-12T11:15:00,4.870,35.90,0.000
2025-07-12T11:00:00,4.880,35.40,0.000
2025-07-12T10:45:00,4.880,35.70,0.000
2025-07-12T10:30:00,4.880,37.80,0.000
2025-07-12T10:15:00,4.870,34.90,0.000
2025-07-12T10:00:00,4.870,36.40,0.000
2025-07-12T09:45:00,4.880,36.50,0.000
2025-07-12T09:30:00,4.870,35.40,0.000
2025-07-12T09:15:00,4.880,35.40,0.000
2025-07-12T09:00:00,4.880,36.80,0.000
2025-07-12T08:45:00,4.870,37.10,0.000
2025-07-12T08:30:00,4.880,36.20,0.000
2025-07-12T08:15:00,4.880,36.00,0.000
2025-07-12T08:00:00,4.870,36.00,0.000
2025-07-12T07:45:00,4.870,37.10,0.000
2025-07-12T07:30:00,4.880,37.10,0.000
2025-07-12T07:15:00,4.880,36.40,0.000
2025-07-12T07:00:00,4.880,38.10,0.000
2025-07-12T06:45:00,4.890,37.50,0.000
2025-07-12T06:30:00,4.880,36.90,0.000
2025-07-12T06:15:00,4.890,37.90,0.000
2025-07-12T06:00:00,4.890,38.70,0.000
2025-07-12T05:45:00,4.870,36.70,0.000
2025-07-12T05:30:00,4.890,36.50,0.000
2025-07-12T05:15:00,4.890,36.90,0.000
2025-07-12T05:00:00,4.890,38.00,0.000
2025-07-12T04:45:00,4.890,37.30,0.000
2025-07-12T04:30:00,4.890,36.40,0.000
2025-07-12T04:15:00,4.890,37.10,0.000
2025-07-12T04:00:00,4.900,36.70,0.000
2025-07-12T03:45:00,4.890,36.60,0.000
2025-07-12T03:30:00,4.890,37.90,0.000
2025-07-12T03:15:00,4.900,39.10,0.000
2025-07-12T03:00:00,4.900,37.60,0.000
2025-07-12T02:45:00,4.900,37.30,0.000
2025-07-12T02:30:00,4.910,38.30,0.000
2025-07-12T02:15:00,4.900,38.30,0.000
2025-07-12T02:00:00,4.910,38.80,0.000
2025-07-12T01:45:00,4.910,37.90,0.000
2025-07-12T01:30:00,4.900,36.90,0.000
2025-07-12T01:15:00,4.910,36.20,0.000
2025-07-12T01:00:00,4.910,37.30,0.000
2025-07-12T00:45:00,4.910,38.30,0.000
2025-07-12T00:30:00,4.910,37.00,0.000
2025-07-12T00:15:00,4.910,37.60,0.000
2025-07-12T00:00:00,4.920,38.40,0.000
2025-07-11T23:45:00,4.910,37.80,0.000
2025-07-11T23:30:00,4.930,38.70,0.000
2025-07-11T23:15:00,4.920,38.20,0.000
2025-07-11T23:00:00,4.920,38.50,0.000
2025-07-11T22:45:00,4.910,38.90,0.000
2025-07-11T22:30:00,4.920,38.10,0.000
2025-07-11T22:15:00,4.920,38.50,0.000
2025-07-11T22:00:00,4.920,38.40,0.000
2025-07-11T21:45:00,4.920,38.30,0.000
2025-07-11T21:30:00,4.930,38.90,0.000
2025-07-11T21:15:00,4.920,37.10,0.000
2025-07-11T21:00:00,4.930,38.50,0.000
2025-07-11T20:45:00,4.930,39.20,0.000
2025-07-11T20:30:00,4.930,38.20,0.000
2025-07-11T20:15:00,4.930,38.40,0.000
2025-07-11T20:00:00,4.930,38.80,0.000
2025-07-11T19:45:00,4.940,38.10,0.000
2025-07-11T19:30:00,4.940,38.60,0.000
2025-07-11T19:15:00,4.940,39.40,0.000
2025-07-11T19:00:00,4.940,38.70,0.000
2025-07-11T18:45:00,4.950,37.50,0.000
2025-07-11T18:30:00,4.940,39.50,0.000
2025-07-11T18:15:00,4.940,38.70,0.000
2025-07-11T18:00:00,4.950,38.80,0.000
2025-07-11T17:45:00,4.960,38.80,0.000
2025-07-11T17:30:00,4.950,39.60,0.000
2025-07-11T17:15:00,4.960,39.00,0.000
2025-07-11T17:00:00,4.960,39.60,0.000
2025-07-11T16:45:00,4.970,40.60,0.000
2025-07-11T16:30:00,4.970,38.60,0.000
2025-07-11T16:15:00,4.980,39.70,0.000
2025-07-11T16:00:00,4.980,39.90,0.000
2025-07-11T15:45:00,4.990,40.00,0.000
2025-07-11T15:30:00,4.990,40.20,0.000
2025-07-11T15:15:00,4.990,39.90,0.000
2025-07-11T15:00:00,5.000,40.60,0.000
2025-07-11T14:45:00,5.010,40.50,0.000
2025-07-11T14:30:00,5.020,40.40,0.000
2025-07-11T14:15:00,5.010,39.60,0.000
2025-07-11T14:00:00,5.020,40.00,0.000
2025-07-11T13:45:00,5.020,42.00,0.000
2025-07-11T13:30:00,5.030,41.40,0.000
2025-07-11T13:15:00,5.040,41.40,0.000
2025-07-11T13:00:00,5.040,41.30,0.000
2025-07-11T12:45:00,5.040,43.80,0.000
2025-07-11T12:30:00,5.050,43.20,0.000
2025-07-11T12:15:00,5.060,41.40,0.000
2025-07-11T12:00:00,5.060,42.00,0.000
2025-07-11T11:45:00,5.060,42.40,0.000
2025-07-11T11:30:00,5.070,42.10,0.000
2025-07-11T11:15:00,5.060,43.10,0.000
2025-07-11T11:00:00,5.070,42.90,0.000
2025-07-11T10:45:00,5.080,42.40,0.000
2025-07-11T10:30:00,5.080,45.00,0.000
2025-07-11T10:15:00,5.080,43.40,0.000
2025-07-11T10:00:00,5.080,43.80,0.000
2025-07-11T09:45:00,5.090,45.20,0.000
2025-07-11T09:30:00,5.100,44.60,0.000
2025-07-11T09:15:00,5.090,42.20,0.000
2025-07-11T09:00:00,5.100,43.70,0.000
2025-07-11T08:45:00,5.100,45.10,0.000
2025-07-11T08:30:00,5.100,45.30,0.000
2025-07-11T08:15:00,5.100,44.00,0.000
2025-07-11T08:00:00,5.100,44.90,0.000
2025-07-11T07:45:00,5.110,47.20,0.000
2025-07-11T07:30:00,5.090,46.00,0.000
2025-07-11T07:15:00,5.090,42.70,0.000
2025-07-11T07:00:00,5.090,45.80,0.000
2025-07-11T06:45:00,5.090,45.90,0.000
2025-07-11T06:30:00,5.090,45.90,0.000
2025-07-11T06:15:00,5.090,45.20,0.000
2025-07-11T06:00:00,5.080,45.40,0.000
2025-07-11T05:45:00,5.070,46.10,0.000
2025-07-11T05:30:00,5.070,43.10,0.000
2025-07-11T05:15:00,5.060,44.50,0.000
2025-07-11T05:00:00,5.060,46.50,0.000
2025-07-11T04:45:00,5.050,44.80,0.000
2025-07-11T04:30:00,5.050,42.00,0.000
2025-07-11T04:15:00,5.040,44.90,0.000
2025-07-11T04:00:00,5.030,43.40,0.000
2025-07-11T03:45:00,5.030,44.60,0.000
2025-07-11T03:30:00,5.030,43.70,0.000
2025-07-11T03:15:00,5.020,44.60,0.000
2025-07-11T03:00:00,5.010,41.70,0.000
2025-07-11T02:45:00,5.000,43.10,0.000
2025-07-11T02:30:00,4.990,42.70,0.000
2025-07-11T02:15:00,4.980,43.00,0.000
2025-07-11T02:00:00,4.970,41.90,0.000
2025-07-11T01:45:00,4.970,41.80,0.000
2025-07-11T01:30:00,4.960,42.10,0.000
2025-07-11T01:15:00,4.950,41.10,0.000
2025-07-11T01:00:00,4.950,41.10,0.000
2025-07-11T00:45:00,4.930,40.70,0.000
2025-07-11T00:30:00,4.920,39.60,0.000
2025-07-11T00:15:00,4.900,39.80,0.000
2025-07-11T00:00:00,4.890,39.50,0.000
2025-07-10T23:45:00,4.880,39.30,0.000
2025-07-10T23:30:00,4.880,37.80,0.000
2025-07-10T23:15:00,4.870,36.90,0.000
2025-07-10T23:00:00,4.870,38.40,0.000
2025-07-10T22:45:00,4.870,37.60,0.500
2025-07-10T22:30:00,4.870,37.60,1.500
2025-07-10T22:15:00,4.860,37.80,1.000
2025-07-10T22:00:00,4.860,38.10,0.000
2025-07-10T21:45:00,4.870,36.40,0.000
2025-07-10T21:30:00,4.860,37.60,0.000
2025-07-10T21:15:00,4.860,37.00,0.000
2025-07-10T21:00:00,4.860,36.80,0.000
2025-07-10T20:45:00,4.870,37.10,0.000
2025-07-10T20:30:00,4.860,37.50,0.000
2025-07-10T20:15:00,4.870,39.00,0.000
2025-07-10T20:00:00,4.870,36.30,0.000
2025-07-10T19:45:00,4.860,38.50,0.000
2025-07-10T19:30:00,4.860,38.60,0.000
2025-07-10T19:15:00,4.870,37.00,0.000
2025-07-10T19:00:00,4.860,38.40,0.000
2025-07-10T18:45:00,4.860,37.30,0.000
2025-07-10T18:30:00,4.860,38.90,0.000
2025-07-10T18:15:00,4.860,37.70,0.000
2025-07-10T18:00:00,4.860,38.90,0.000
2025-07-10T17:45:00,4.860,38.60,0.000
2025-07-10T17:30:00,4.860,37.70,0.000
2025-07-10T17:15:00,4.860,37.90,0.000
2025-07-10T17:00:00,4.860,38.70,0.000
2025-07-10T16:45:00,4.860,38.40,0.000
2025-07-10T16:30:00,4.850,37.30,0.000
2025-07-10T16:15:00,4.860,39.00,0.000
2025-07-10T16:00:00,4.850,38.70,0.000
2025-07-10T15:45:00,4.860,39.20,0.000
2025-07-10T15:30:00,4.860,39.30,0.000
2025-07-10T15:15:00,4.860,38.50,0.000
2025-07-10T15:00:00,4.860,39.60,0.000
2025-07-10T14:45:00,4.860,39.00,0.000
2025-07-10T14:30:00,4.860,39.90,0.000
2025-07-10T14:15:00,4.850,37.80,0.000
2025-07-10T14:00:00,4.860,38.90,0.000
2025-07-10T13:45:00,4.860,38.60,0.000
2025-07-10T13:30:00,4.860,38.70,0.000
2025-07-10T13:15:00,4.860,39.40,0.000
2025-07-10T13:00:00,4.850,38.80,0.000
2025-07-10T12:45:00,4.860,39.00,0.000
2025-07-10T12:30:00,4.850,40.40,0.000
2025-07-10T12:15:00,4.840,39.10,0.000
2025-07-10T12:00:00,4.840,39.30,0.000
2025-07-10T11:45:00,4.840,38.80,0.000
2025-07-10T11:30:00,4.830,38.20,0.000
2025-07-10T11:15:00,4.800,38.00,0.000
2025-07-10T11:00:00,4.800,37.50,0.000
2025-07-10T10:45:00,4.770,36.10,0.000
2025-07-10T10:30:00,4.740,35.10,0.000
2025-07-10T10:15:00,4.720,34.60,0.000
2025-07-10T10:00:00,4.680,31.50,0.000
2025-07-10T09:45:00,4.650,30.00,0.000
2025-07-10T09:30:00,4.630,29.80,0.000
2025-07-10T09:15:00,4.640,30.20,0.000
2025-07-10T09:00:00,4.630,29.20,0.000
2025-07-10T08:45:00,4.640,30.60,0.000
2025-07-10T08:30:00,4.630,30.20,0.000
2025-07-10T08:15:00,4.640,30.40,0.000
2025-07-10T08:00:00,4.640,29.90,0.000
2025-07-10T07:45:00,4.650,30.10,0.000
2025-07-10T07:30:00,4.650,30.80,0.000
2025-07-10T07:15:00,4.650,29.80,0.000
2025-07-10T07:00:00,4.650,30.10,0.000
2025-07-10T06:45:00,4.650,30.00,0.000
2025-07-10T06:30:00,4.650,29.60,0.000
2025-07-10T06:15:00,4.660,30.00,0.000
2025-07-10T06:00:00,4.660,31.00,0.000
2025-07-10T05:45:00,4.670,31.20,0.000
2025-07-10T05:30:00,4.670,31.10,0.000
2025-07-10T05:15:00,4.680,31.50,0.000
2025-07-10T05:00:00,4.680,30.50,0.000
2025-07-10T04:45:00,4.680,30.70,0.000
2025-07-10T04:30:00,4.680,30.10,0.000
2025-07-10T04:15:00,4.680,31.50,0.000
2025-07-10T04:00:00,4.690,30.90,0.000
2025-07-10T03:45:00,4.680,31.30,0.000
2025-07-10T03:30:00,4.690,31.40,0.000
2025-07-10T03:15:00,4.690,31.30,0.000
2025-07-10T03:00:00,4.700,32.00,0.000
2025-07-10T02:45:00,4.700,32.00,0.000
2025-07-10T02:30:00,4.710,31.40,0.000
2025-07-10T02:15:00,4.700,31.70,0.000
2025-07-10T02:00:00,4.700,30.40,0.000
2025-07-10T01:45:00,4.720,32.30,0.000
2025-07-10T01:30:00,4.710,31.80,0.000
2025-07-10T01:15:00,4.720,32.40,0.000
2025-07-10T01:00:00,4.720,31.50,0.000
2025-07-10T00:45:00,4.720,32.40,0.000
2025-07-10T00:30:00,4.720,31.60,0.000
2025-07-10T00:15:00,4.730,32.30,0.000
2025-07-10T00:00:00,4.730,32.00,0.000
2025-07-09T23:45:00,4.730,32.10,0.000
2025-07-09T23:30:00,4.730,32.40,0.000
2025-07-09T23:15:00,4.740,32.50,0.000
2025-07-09T23:00:00,4.750,32.40,0.000
2025-07-09T22:45:00,4.740,33.50,0.000
2025-07-09T22:30:00,4.740,32.80,0.000
2025-07-09T22:15:00,4.750,32.80,0.000
2025-07-09T22:00:00,4.760,32.70,0.000
2025-07-09T21:45:00,4.750,32.80,0.000
2025-07-09T21:30:00,4.760,32.90,0.000
2025-07-09T21:15:00,4.760,32.80,0.000
2025-07-09T21:00:00,4.770,32.60,0.000
2025-07-09T20:45:00,4.770,32.90,0.000
2025-07-09T20:30:00,4.770,33.70,0.000
2025-07-09T20:15:00,4.780,32.90,0.000
2025-07-09T20:00:00,4.780,33.10,0.000
2025-07-09T19:45:00,4.780,33.80,0.000
2025-07-09T19:30:00,4.790,34.10,0.000
2025-07-09T19:15:00,4.790,33.70,0.000
2025-07-09T19:00:00,4.790,33.00,0.000
2025-07-09T18:45:00,4.800,33.30,0.000
2025-07-09T18:30:00,4.800,34.40,0.000
2025-07-09T18:15:00,4.810,34.00,0.000
2025-07-09T18:00:00,4.810,33.70,0.000
2025-07-09T17:45:00,4.810,33.30,0.000
2025-07-09T17:30:00,4.810,33.70,0.000
2025-07-09T17:15:00,4.820,33.80,0.000
2025-07-09T17:00:00,4.820,34.80,0.000
2025-07-09T16:45:00,4.830,34.30,0.000
2025-07-09T16:30:00,4.830,35.00,0.000
2025-07-09T16:15:00,4.830,33.00,0.000
2025-07-09T16:00:00,4.840,34.40,0.000
2025-07-09T15:45:00,4.840,34.80,0.000
2025-07-09T15:30:00,4.850,34.40,0.000
2025-07-09T15:15:00,4.840,35.20,0.000
2025-07-09T15:00:00,4.850,35.50,0.000
2025-07-09T14:45:00,4.850,35.50,0.000
2025-07-09T14:30:00,4.860,34.10,0.000
2025-07-09T14:15:00,4.860,34.60,0.000
2025-07-09T14:00:00,4.870,35.00,0.000
2025-07-09T13:45:00,4.870,35.00,0.000
2025-07-09T13:30:00,4.870,36.10,0.000
2025-07-09T13:15:00,4.870,35.80,0.000
2025-07-09T13:00:00,4.880,35.80,0.000
2025-07-09T12:45:00,4.890,35.90,0.000
2025-07-09T12:30:00,4.880,36.20,0.000
2025-07-09T12:15:00,4.890,36.70,0.000
2025-07-09T12:00:00,4.890,37.00,0.000
2025-07-09T11:45:00,4.900,37.70,0.000
2025-07-09T11:30:00,4.910,37.60,0.000
2025-07-09T11:15:00,4.920,37.70,0.000
2025-07-09T11:00:00,4.910,37.10,0.000
2025-07-09T10:45:00,4.920,38.10,0.000
2025-07-09T10:30:00,4.930,37.80,0.000
2025-07-09T10:15:00,4.940,39.10,0.000
2025-07-09T10:00:00,4.950,39.20,0.000
2025-07-09T09:45:00,4.960,40.90,0.000
2025-07-09T09:30:00,4.950,38.80,0.000
2025-07-09T09:15:00,4.960,39.90,0.000
2025-07-09T09:00:00,4.980,40.30,0.000
2025-07-09T08:45:00,4.980,42.90,0.000
2025-07-09T08:30:00,5.000,42.50,0.000
2025-07-09T08:15:00,5.000,42.90,0.000
2025-07-09T08:00:00,5.010,42.80,0.000
2025-07-09T07:45:00,5.020,44.50,0.000
2025-07-09T07:30:00,5.020,45.90,0.000
2025-07-09T07:15:00,5.040,45.40,0.000
2025-07-09T07:00:00,5.060,45.50,0.000
2025-07-09T06:45:00,5.060,45.60,0.000
2025-07-09T06:30:00,5.070,46.10,0.000
2025-07-09T06:15:00,5.080,47.10,0.000
2025-07-09T06:00:00,5.070,46.40,0.000
2025-07-09T05:45:00,5.080,47.90,0.000
2025-07-09T05:30:00,5.080,47.90,0.000
2025-07-09T05:15:00,5.080,47.50,0.000
2025-07-09T05:00:00,5.080,48.60,0.000
2025-07-09T04:45:00,5.090,48.40,0.000
2025-07-09T04:30:00,5.080,51.00,0.000
2025-07-09T04:15:00,5.060,49.50,0.000
2025-07-09T04:00:00,5.030,47.10,0.000
2025-07-09T03:45:00,5.040,49.10,0.000
2025-07-09T03:30:00,5.010,48.70,0.000
2025-07-09T03:15:00,4.990,47.20,0.000
2025-07-09T03:00:00,4.960,44.70,0.000
2025-07-09T02:45:00,4.920,44.30,0.000
2025-07-09T02:30:00,4.900,43.80,0.000
2025-07-09T02:15:00,4.860,42.90,0.000
2025-07-09T02:00:00,4.830,40.80,0.000
2025-07-09T01:45:00,4.800,39.40,0.000
2025-07-09T01:30:00,4.780,38.30,0.000
2025-07-09T01:15:00,4.770,36.30,0.000
2025-07-09T01:00:00,4.770,36.10,0.000
2025-07-09T00:45:00,4.750,36.60,0.000
2025-07-09T00:30:00,4.750,36.10,0.000
2025-07-09T00:15:00,4.750,36.00,0.000
2025-07-09T00:00:00,4.750,36.80,0.000
2025-07-08T23:45:00,4.760,36.30,0.500
2025-07-08T23:30:00,4.740,37.10,0.500
2025-07-08T23:15:00,4.750,38.50,0.500
2025-07-08T23:00:00,4.740,37.80,1.000
2025-07-08T22:45:00,4.740,38.70,0.000
2025-07-08T22:30:00,4.740,35.40,0.000
2025-07-08T22:15:00,4.740,34.50,0.000
2025-07-08T22:00:00,4.740,36.20,0.000
2025-07-08T21:45:00,4.750,34.50,0.000
2025-07-08T21:30:00,4.750,35.40,0.000
2025-07-08T21:15:00,4.750,34.40,0.000
2025-07-08T21:00:00,4.750,34.90,0.000
2025-07-08T20:45:00,4.750,35.80,0.000
2025-07-08T20:30:00,4.760,34.00,0.000
2025-07-08T20:15:00,4.770,36.20,0.000
2025-07-08T20:00:00,4.770,35.20,0.000
2025-07-08T19:45:00,4.770,33.80,0.000
2025-07-08T19:30:00,4.780,35.80,0.000
2025-07-08T19:15:00,4.790,34.30,0.000
2025-07-08T19:00:00,4.780,35.90,0.000
2025-07-08T18:45:00,4.780,34.80,0.000
2025-07-08T18:30:00,4.800,36.80,0.000
2025-07-08T18:15:00,4.790,34.80,0.000
2025-07-08T18:00:00,4.810,35.10,0.000
2025-07-08T17:45:00,4.820,35.40,0.000
2025-07-08T17:30:00,4.820,36.00,0.000
2025-07-08T17:15:00,4.820,36.40,0.000
2025-07-08T17:00:00,4.830,36.00,0.000
2025-07-08T16:45:00,4.850,37.40,0.000
2025-07-08T16:30:00,4.860,36.90,0.000
2025-07-08T16:15:00,4.850,37.90,0.000
2025-07-08T16:00:00,4.870,37.00,0.000
2025-07-08T15:45:00,4.880,38.70,0.000
2025-07-08T15:30:00,4.880,37.70,0.000
2025-07-08T15:15:00,4.880,36.70,0.000
2025-07-08T15:00:00,4.890,37.30,0.000
2025-07-08T14:45:00,4.890,37.60,0.000
2025-07-08T14:30:00,4.910,38.30,0.000
2025-07-08T14:15:00,4.900,39.70,1.500
2025-07-08T14:00:00,4.900,43.70,0.500
2025-07-08T13:45:00,4.920,38.60,0.000
2025-07-08T13:30:00,4.920,38.60,0.000
2025-07-08T13:15:00,4.920,41.20,0.000
2025-07-08T13:00:00,4.930,39.30,0.000
2025-07-08T12:45:00,4.930,41.00,0.000
2025-07-08T12:30:00,4.940,39.00,0.000
2025-07-08T12:15:00,4.940,38.10,0.000
2025-07-08T12:00:00,4.940,39.50,0.000
2025-07-08T11:45:00,4.950,40.50,0.000
2025-07-08T11:30:00,4.940,41.00,0.000
2025-07-08T11:15:00,4.950,39.80,0.000
2025-07-08T11:00:00,4.960,41.20,0.000
2025-07-08T10:45:00,4.960,40.80,0.000
2025-07-08T10:30:00,4.970,42.40,0.000
2025-07-08T10:15:00,4.970,40.40,0.000
2025-07-08T10:00:00,4.970,40.40,0.000
2025-07-08T09:45:00,4.980,42.50,0.000
2025-07-08T09:30:00,4.980,42.50,0.000
2025-07-08T09:15:00,4.990,42.60,0.000
2025-07-08T09:00:00,4.990,43.50,0.000
2025-07-08T08:45:00,5.000,43.70,0.000
2025-07-08T08:30:00,5.000,42.90,0.000
2025-07-08T08:15:00,5.010,44.90,0.000
2025-07-08T08:00:00,5.010,44.40,0.000
2025-07-08T07:45:00,5.010,45.20,0.000
2025-07-08T07:30:00,5.000,45.70,0.000
2025-07-08T07:15:00,5.020,44.60,0.000
2025-07-08T07:00:00,5.020,45.30,0.000
2025-07-08T06:45:00,5.020,44.80,0.000
2025-07-08T06:30:00,5.030,44.40,0.000
2025-07-08T06:15:00,5.020,47.20,0.000
2025-07-08T06:00:00,5.030,47.10,0.000
2025-07-08T05:45:00,5.020,47.30,0.000
2025-07-08T05:30:00,5.040,47.00,0.000
2025-07-08T05:15:00,5.010,46.20,0.000
2025-07-08T05:00:00,5.020,47.50,0.000
2025-07-08T04:45:00,5.000,48.70,0.000
2025-07-08T04:30:00,5.010,46.00,0.000
2025-07-08T04:15:00,5.000,46.60,0.000
2025-07-08T04:00:00,4.980,46.50,0.000
2025-07-08T03:45:00,4.970,45.80,0.000
2025-07-08T03:30:00,4.950,45.90,0.000
2025-07-08T03:15:00,4.930,44.90,0.000
2025-07-08T03:00:00,4.910,43.90,0.000
2025-07-08T02:45:00,4.860,42.60,0.000
2025-07-08T02:30:00,4.820,41.40,0.000
2025-07-08T02:15:00,4.780,38.40,0.000
2025-07-08T02:00:00,4.750,37.60,0.000
2025-07-08T01:45:00,4.720,36.00,0.500
2025-07-08T01:30:00,4.700,35.60,0.000
2025-07-08T01:15:00,4.690,34.60,0.000
2025-07-08T01:00:00,4.680,34.00,0.000
2025-07-08T00:45:00,4.680,34.10,0.000
2025-07-08T00:30:00,4.670,34.10,0.000
2025-07-08T00:15:00,4.670,35.00,0.000
2025-07-08T00:00:00,4.670,33.40,0.000
2025-07-07T23:45:00,4.670,35.20,0.000
2025-07-07T23:30:00,4.680,34.90,0.500
2025-07-07T23:15:00,4.670,35.10,0.000
2025-07-07T23:00:00,4.660,34.10,0.000
2025-07-07T22:45:00,4.670,33.90,0.000
2025-07-07T22:30:00,4.660,33.60,0.000
2025-07-07T22:15:00,4.670,34.70,0.500
2025-07-07T22:00:00,4.670,34.10,0.000
2025-07-07T21:45:00,4.660,34.00,0.000
2025-07-07T21:30:00,4.660,33.80,0.000
2025-07-07T21:15:00,4.640,32.80,0.500
2025-07-07T21:00:00,4.640,35.10,2.000
2025-07-07T20:45:00,4.620,34.00,1.000
2025-07-07T20:30:00,4.610,34.50,1.500
2025-07-07T20:15:00,4.600,33.50,11.000
2025-07-07T20:00:00,4.570,46.10,15.000
2025-07-07T19:45:00,4.560,32.40,8.000
2025-07-07T19:30:00,4.550,29.00,0.000
2025-07-07T19:15:00,4.550,29.60,0.000
2025-07-07T19:00:00,4.560,28.90,0.000
2025-07-07T18:45:00,4.550,29.10,0.000
2025-07-07T18:30:00,4.540,29.10,0.000
2025-07-07T18:15:00,4.550,29.30,0.000
2025-07-07T18:00:00,4.550,28.90,0.000
2025-07-07T17:45:00,4.550,28.90,0.000
2025-07-07T17:30:00,4.550,29.50,0.000
2025-07-07T17:15:00,4.550,30.30,0.000
2025-07-07T17:00:00,4.550,30.00,0.000
2025-07-07T16:45:00,4.550,29.40,0.000
2025-07-07T16:30:00,4.540,29.00,0.000
2025-07-07T16:15:00,4.540,29.50,0.000
2025-07-07T16:00:00,4.540,29.10,0.000
2025-07-07T15:45:00,4.540,29.50,0.000
2025-07-07T15:30:00,4.540,29.10,0.000
2025-07-07T15:15:00,4.550,29.90,0.000
2025-07-07T15:00:00,4.550,29.40,0.000
2025-07-07T14:45:00,4.540,30.10,0.000
2025-07-07T14:30:00,4.540,28.90,0.000
2025-07-07T14:15:00,4.550,29.90,0.000
2025-07-07T14:00:00,4.540,29.90,0.000
2025-07-07T13:45:00,4.550,29.80,0.000
2025-07-07T13:30:00,4.550,28.90,0.000
2025-07-07T13:15:00,4.540,29.70,0.000
2025-07-07T13:00:00,4.550,29.90,0.000
2025-07-07T12:45:00,4.540,29.70,0.000
2025-07-07T12:30:00,4.530,28.80,0.000
2025-07-07T12:15:00,4.520,28.50,0.000
2025-07-07T12:00:00,4.500,28.40,0.000
2025-07-07T11:45:00,4.490,27.20,0.000
2025-07-07T11:30:00,4.460,26.10,0.000
2025-07-07T11:15:00,4.420,25.30,0.000
2025-07-07T11:00:00,4.390,23.70,0.000
2025-07-07T10:45:00,4.350,21.70,0.000
2025-07-07T10:30:00,4.330,20.80,0.000
2025-07-07T10:15:00,4.320,20.10,0.000
2025-07-07T10:00:00,4.320,19.20,0.000
2025-07-07T09:45:00,4.310,20.30,0.000
2025-07-07T09:30:00,4.320,20.50,0.000
2025-07-07T09:15:00,4.320,20.10,0.000
2025-07-07T09:00:00,4.320,19.60,0.000
2025-07-07T08:45:00,4.330,19.70,0.000
2025-07-07T08:30:00,4.330,20.10,0.000
2025-07-07T08:15:00,4.330,20.00,0.000
2025-07-07T08:00:00,4.330,20.00,0.000
2025-07-07T07:45:00,4.330,20.20,0.000
2025-07-07T07:30:00,4.340,20.70,0.000
2025-07-07T07:15:00,4.340,20.40,0.000
2025-07-07T07:00:00,4.350,20.70,0.000
2025-07-07T06:45:00,4.350,20.80,0.000
2025-07-07T06:30:00,4.350,20.30,0.000
2025-07-07T06:15:00,4.350,21.10,0.000
2025-07-07T06:00:00,4.360,21.30,0.000
2025-07-07T05:45:00,4.360,21.10,0.000
2025-07-07T05:30:00,4.360,21.30,0.000
2025-07-07T05:15:00,4.370,21.70,0.000
2025-07-07T05:00:00,4.380,21.60,0.000
2025-07-07T04:45:00,4.380,22.00,0.000
2025-07-07T04:30:00,4.380,21.70,0.000
2025-07-07T04:15:00,4.390,21.70,0.000
2025-07-07T04:00:00,4.390,22.60,0.000
2025-07-07T03:45:00,4.400,21.60,0.000
2025-07-07T03:30:00,4.410,21.80,0.000
2025-07-07T03:15:00,4.410,22.60,0.000
2025-07-07T03:00:00,4.420,22.80,0.000
2025-07-07T02:45:00,4.420,22.70,0.000
2025-07-07T02:30:00,4.420,22.30,0.000
2025-07-07T02:15:00,4.430,22.40,0.000
2025-07-07T02:00:00,4.440,23.50,0.000
2025-07-07T01:45:00,4.450,23.00,0.000
2025-07-07T01:30:00,4.460,23.40,0.000
2025-07-07T01:15:00,4.460,23.20,0.000
2025-07-07T01:00:00,4.470,23.60,0.000
2025-07-07T00:45:00,4.480,24.50,0.000
2025-07-07T00:30:00,4.490,24.00,0.000
2025-07-07T00:15:00,4.500,24.20,0.000
2025-07-07T00:00:00,4.510,24.60,0.000
2025-07-06T23:45:00,4.520,24.60,0.000
2025-07-06T23:30:00,4.530,24.50,0.000
2025-07-06T23:15:00,4.550,25.70,0.000
2025-07-06T23:00:00,4.560,25.60,0.000
2025-07-06T22:45:00,4.570,25.30,0.000
2025-07-06T22:30:00,4.600,26.10,0.000
2025-07-06T22:15:00,4.630,27.50,0.000
2025-07-06T22:00:00,4.650,28.10,0.000
2025-07-06T21:45:00,4.680,28.30,0.000
2025-07-06T21:30:00,4.730,30.20,0.000
2025-07-06T21:15:00,4.760,32.30,0.000
2025-07-06T21:00:00,4.800,33.40,0.000
2025-07-06T20:45:00,4.840,35.10,0.000
2025-07-06T20:30:00,4.870,36.40,0.000
2025-07-06T20:15:00,4.900,37.90,0.000
2025-07-06T20:00:00,4.910,39.40,0.000
2025-07-06T19:45:00,4.930,39.70,0.000
2025-07-06T19:30:00,4.930,40.00,0.000
2025-07-06T19:15:00,4.930,37.00,0.000
2025-07-06T19:00:00,4.930,37.60,0.000
2025-07-06T18:45:00,4.930,40.90,0.000
2025-07-06T18:30:00,4.950,39.80,0.000
2025-07-06T18:15:00,4.940,38.70,0.000
2025-07-06T18:00:00,4.940,39.20,0.000
2025-07-06T17:45:00,4.950,39.60,0.000
2025-07-06T17:30:00,4.940,40.70,0.000
2025-07-06T17:15:00,4.950,40.70,0.000
2025-07-06T17:00:00,4.960,40.70,0.000
2025-07-06T16:45:00,4.950,39.70,0.000
2025-07-06T16:30:00,4.960,40.20,0.000
2025-07-06T16:15:00,4.960,40.30,0.000
2025-07-06T16:00:00,4.960,38.30,0.000
2025-07-06T15:45:00,4.970,38.80,0.000
2025-07-06T15:30:00,4.970,39.60,1.500
2025-07-06T15:15:00,4.970,60.20,0.500
2025-07-06T15:00:00,4.970,40.50,0.000
2025-07-06T14:45:00,4.960,40.20,0.000
2025-07-06T14:30:00,4.980,41.70,0.000
2025-07-06T14:15:00,4.970,41.90,0.000
2025-07-06T14:00:00,4.980,41.60,0.000
2025-07-06T13:45:00,4.970,40.20,0.000
2025-07-06T13:30:00,4.980,42.30,0.000
2025-07-06T13:15:00,4.970,41.70,0.000
2025-07-06T13:00:00,4.980,40.70,0.000
2025-07-06T12:45:00,4.980,43.00,0.000
2025-07-06T12:30:00,4.980,41.20,0.000
2025-07-06T12:15:00,4.970,40.20,0.000
2025-07-06T12:00:00,4.970,40.10,0.000
2025-07-06T11:45:00,4.960,42.00,0.000
2025-07-06T11:30:00,4.960,41.70,0.000
2025-07-06T11:15:00,4.940,41.80,0.000
2025-07-06T11:00:00,4.930,39.50,0.000
2025-07-06T10:45:00,4.920,38.60,0.000
2025-07-06T10:30:00,4.890,38.60,0.000
2025-07-06T10:15:00,4.880,36.90,0.000
2025-07-06T10:00:00,4.880,36.80,0.000
2025-07-06T09:45:00,4.870,36.90,0.000
2025-07-06T09:30:00,4.880,37.00,0.000
2025-07-06T09:15:00,4.880,35.50,0.000
2025-07-06T09:00:00,4.880,36.50,0.000
2025-07-06T08:45:00,4.890,36.60,0.000
2025-07-06T08:30:00,4.900,38.30,0.000
2025-07-06T08:15:00,4.910,36.90,0.000
2025-07-06T08:00:00,4.920,38.10,0.000
2025-07-06T07:45:00,4.920,37.80,0.000
2025-07-06T07:30:00,4.920,39.80,0.000
2025-07-06T07:15:00,4.930,37.50,0.000
2025-07-06T07:00:00,4.930,38.50,0.000
2025-07-06T06:45:00,4.940,39.70,0.000
2025-07-06T06:30:00,4.940,39.60,0.000
2025-07-06T06:15:00,4.950,39.20,0.000
2025-07-06T06:00:00,4.950,39.60,0.000
2025-07-06T05:45:00,4.950,40.80,0.000
2025-07-06T05:30:00,4.960,41.30,0.000
2025-07-06T05:15:00,4.960,40.90,0.000
2025-07-06T05:00:00,4.970,40.80,0.000
2025-07-06T04:45:00,4.970,42.30,0.000
2025-07-06T04:30:00,4.970,41.40,0.000
2025-07-06T04:15:00,4.980,42.70,0.000
2025-07-06T04:00:00,4.970,43.10,0.000
2025-07-06T03:45:00,4.980,43.70,0.000
2025-07-06T03:30:00,4.980,42.60,0.000
2025-07-06T03:15:00,4.990,41.70,0.000
2025-07-06T03:00:00,4.990,43.50,0.000
2025-07-06T02:45:00,4.990,43.00,0.000
2025-07-06T02:30:00,5.000,43.20,0.000
2025-07-06T02:15:00,4.990,43.30,0.000
2025-07-06T02:00:00,4.990,44.30,0.000
2025-07-06T01:45:00,4.990,44.60,0.000
2025-07-06T01:30:00,4.990,43.60,0.000
2025-07-06T01:15:00,4.980,43.80,0.000
2025-07-06T01:00:00,4.990,44.90,0.000
2025-07-06T00:45:00,4.980,43.70,0.000
2025-07-06T00:30:00,4.960,43.00,0.000
2025-07-06T00:15:00,4.960,43.90,0.000
2025-07-06T00:00:00,4.930,43.00,0.000
2025-07-19T23:45:00,5.170,53.70,0.000
2025-07-19T23:30:00,5.150,50.80,0.000
2025-07-19T23:15:00,5.130,50.20,0.000
2025-07-19T23:00:00,5.100,51.60,0.000
2025-07-19T22:45:00,5.080,49.70,0.000
2025-07-19T22:30:00,5.060,48.00,0.000
2025-07-19T22:15:00,5.020,46.20,0.000
2025-07-19T22:00:00,4.980,43.80,0.000
2025-07-19T21:45:00,4.970,44.00,0.000
2025-07-19T21:30:00,4.930,42.90,0.000
2025-07-19T21:15:00,4.920,41.90,0.000
2025-07-19T21:00:00,4.890,40.50,0.000
2025-07-19T20:45:00,4.870,39.50,0.000
2025-07-19T20:30:00,4.860,39.80,0.000
2025-07-19T20:15:00,4.830,38.20,0.000
2025-07-19T20:00:00,4.810,37.30,0.000
2025-07-19T19:45:00,4.800,36.50,0.000
2025-07-19T19:30:00,4.790,36.30,0.500
2025-07-19T19:15:00,4.780,35.30,0.000
2025-07-19T19:00:00,4.760,36.20,0.000
2025-07-19T18:45:00,4.750,34.30,0.500
2025-07-19T18:30:00,4.740,36.40,2.500
2025-07-19T18:15:00,4.730,36.80,4.000
2025-07-19T18:00:00,4.720,34.40,10.500
2025-07-19T17:45:00,4.690,34.70,13.000
2025-07-19T17:30:00,4.680,34.50,2.000
2025-07-19T17:15:00,4.670,31.60,0.000
2025-07-19T17:00:00,4.680,31.40,0.000
2025-07-19T16:45:00,4.680,31.10,0.000
2025-07-19T16:30:00,4.690,32.00,0.000
2025-07-19T16:15:00,4.680,32.30,0.000
2025-07-19T16:00:00,4.680,32.10,0.000
2025-07-19T15:45:00,4.690,32.10,0.000
2025-07-19T15:30:00,4.690,32.30,0.000
2025-07-19T15:15:00,4.690,31.90,0.000
2025-07-19T15:00:00,4.690,32.40,0.000
2025-07-19T14:45:00,4.700,32.00,0.000
2025-07-19T14:30:00,4.690,31.20,0.000
2025-07-19T14:15:00,4.690,31.80,0.000
2025-07-19T14:00:00,4.690,32.40,0.000
2025-07-19T13:45:00,4.690,32.90,0.000
2025-07-19T13:30:00,4.700,33.00,0.000
2025-07-19T13:15:00,4.690,32.00,0.000
2025-07-19T13:00:00,4.690,32.90,0.000
2025-07-19T12:45:00,4.700,32.30,0.000
2025-07-19T12:30:00,4.700,33.70,0.000
2025-07-19T12:15:00,4.700,32.80,0.000
2025-07-19T12:00:00,4.690,32.70,0.000
2025-07-19T11:45:00,4.700,33.40,0.000
2025-07-19T11:30:00,4.700,32.00,0.000
2025-07-19T11:15:00,4.710,33.10,0.000
2025-07-19T11:00:00,4.710,33.10,0.000
2025-07-19T10:45:00,4.700,32.60,0.000
2025-07-19T10:30:00,4.710,32.70,0.000
2025-07-19T10:15:00,4.700,33.70,0.000
2025-07-19T10:00:00,4.710,33.40,0.000
2025-07-19T09:45:00,4.710,32.30,0.000
2025-07-19T09:30:00,4.710,33.60,0.000
2025-07-19T09:15:00,4.710,34.70,0.000
2025-07-19T09:00:00,4.720,34.40,0.000
2025-07-19T08:45:00,4.720,33.60,0.000
2025-07-19T08:30:00,4.720,33.30,0.000
2025-07-19T08:15:00,4.730,34.60,0.000
2025-07-19T08:00:00,4.720,33.80,0.000
2025-07-19T07:45:00,4.720,34.40,0.000
2025-07-19T07:30:00,4.730,33.50,0.000
2025-07-19T07:15:00,4.730,34.40,0.000
2025-07-19T07:00:00,4.730,34.20,0.000
2025-07-19T06:45:00,4.720,34.20,0.000
2025-07-19T06:30:00,4.740,34.00,0.000
2025-07-19T06:15:00,4.730,35.20,0.000
2025-07-19T06:00:00,4.740,33.50,0.000
2025-07-19T05:45:00,4.730,33.90,0.000
2025-07-19T05:30:00,4.740,34.70,0.000
2025-07-19T05:15:00,4.730,34.20,0.000
2025-07-19T05:00:00,4.740,34.50,0.000
2025-07-19T04:45:00,4.750,34.80,0.000
2025-07-19T04:30:00,4.740,34.90,0.000
2025-07-19T04:15:00,4.740,34.40,0.000
2025-07-19T04:00:00,4.740,35.30,0.000
2025-07-19T03:45:00,4.740,35.30,0.000
2025-07-19T03:30:00,4.740,34.90,0.000
2025-07-19T03:15:00,4.740,34.10,0.000
2025-07-19T03:00:00,4.740,35.20,0.000
2025-07-19T02:45:00,4.740,34.40,0.000
2025-07-19T02:30:00,4.740,34.40,0.000
2025-07-19T02:15:00,4.750,34.30,0.000
2025-07-19T02:00:00,4.740,33.40,0.000
2025-07-19T01:45:00,4.740,33.40,0.000
2025-07-19T01:30:00,4.740,36.00,0.000
2025-07-19T01:15:00,4.730,34.70,0.000
2025-07-19T01:00:00,4.740,35.60,0.000
2025-07-19T00:45:00,4.750,35.20,0.000
2025-07-19T00:30:00,4.750,35.90,0.000
2025-07-19T00:15:00,4.750,34.90,0.000
2025-07-19T00:00:00,4.750,35.70,0.000
2025-07-18T23:45:00,4.750,35.40,0.000
2025-07-18T23:30:00,4.740,35.20,0.000
2025-07-18T23:15:00,4.750,35.80,0.000
2025-07-18T23:00:00,4.750,35.20,0.000
2025-07-18T22:45:00,4.750,35.10,0.000
2025-07-18T22:30:00,4.750,35.40,0.000
2025-07-18T22:15:00,4.750,34.20,0.000
2025-07-18T22:00:00,4.740,34.40,0.000
2025-07-18T21:45:00,4.740,35.10,0.000
2025-07-18T21:30:00,4.730,36.10,0.000
2025-07-18T21:15:00,4.750,36.10,0.000
2025-07-18T21:00:00,4.730,34.60,0.000
2025-07-18T20:45:00,4.730,36.40,0.000
2025-07-18T20:30:00,4.740,35.40,0.000
2025-07-18T20:15:00,4.740,35.30,0.000
2025-07-18T20:00:00,4.740,34.40,0.000
2025-07-18T19:45:00,4.740,35.40,0.000
2025-07-18T19:30:00,4.740,34.20,0.000
2025-07-18T19:15:00,4.750,34.90,0.000
2025-07-18T19:00:00,4.740,34.40,0.000
2025-07-18T18:45:00,4.750,33.20,0.000
2025-07-18T18:30:00,4.740,35.30,0.000
2025-07-18T18:15:00,4.740,34.60,0.000
2025-07-18T18:00:00,4.740,35.80,0.000
2025-07-18T17:45:00,4.740,35.40,0.000
2025-07-18T17:30:00,4.730,34.40,0.000
2025-07-18T17:15:00,4.720,34.70,0.000
2025-07-18T17:00:00,4.720,34.70,0.000
2025-07-18T16:45:00,4.720,34.50,0.000
2025-07-18T16:30:00,4.720,35.50,0.000
2025-07-18T16:15:00,4.720,33.20,0.000
2025-07-18T16:00:00,4.720,34.30,0.000
2025-07-18T15:45:00,4.720,33.60,0.000
2025-07-18T15:30:00,4.720,33.30,0.000
2025-07-18T15:15:00,4.720,34.80,0.000
2025-07-18T15:00:00,4.720,34.90,0.000
2025-07-18T14:45:00,4.710,32.30,1.500
2025-07-18T14:30:00,4.720,33.80,0.000
2025-07-18T14:15:00,4.720,35.00,0.000
2025-07-18T14:00:00,4.720,34.40,0.000
2025-07-18T13:45:00,4.730,34.20,0.000
2025-07-18T13:30:00,4.720,33.90,0.000
2025-07-18T13:15:00,4.730,35.00,0.000
2025-07-18T13:00:00,4.720,34.50,0.000
2025-07-18T12:45:00,4.720,33.90,0.000
2025-07-18T12:30:00,4.720,34.50,0.000
2025-07-18T12:15:00,4.720,35.60,0.000
2025-07-18T12:00:00,4.720,35.40,0.500
2025-07-18T11:45:00,4.720,34.90,2.000
2025-07-18T11:30:00,4.720,33.80,0.000
2025-07-18T11:15:00,4.710,34.00,1.000
2025-07-18T11:00:00,4.720,35.20,0.000
2025-07-18T10:45:00,4.710,34.10,0.000
2025-07-18T10:30:00,4.720,34.30,0.000
2025-07-18T10:15:00,4.720,33.80,0.000
2025-07-18T10:00:00,4.720,34.10,0.000
2025-07-18T09:45:00,4.720,34.30,0.000
2025-07-18T09:30:00,4.730,35.20,0.000
2025-07-18T09:15:00,4.730,34.90,0.000
2025-07-18T09:00:00,4.730,34.10,0.000
2025-07-18T08:45:00,4.730,34.10,0.000
2025-07-18T08:30:00,4.740,34.80,0.000
2025-07-18T08:15:00,4.730,34.20,0.000
2025-07-18T08:00:00,4.740,34.00,0.000
2025-07-18T07:45:00,4.720,34.40,0.000
2025-07-18T07:30:00,4.740,34.00,0.000
2025-07-18T07:15:00,4.740,34.70,0.000
2025-07-18T07:00:00,4.730,35.00,0.000
2025-07-18T06:45:00,4.740,34.30,0.000
2025-07-18T06:30:00,4.740,34.90,0.000
2025-07-18T06:15:00,4.740,35.00,0.000
2025-07-18T06:00:00,4.740,35.10,0.000
2025-07-18T05:45:00,4.740,34.50,0.000
2025-07-18T05:30:00,4.740,35.10,0.000
2025-07-18T05:15:00,4.740,34.90,0.000
2025-07-18T05:00:00,4.740,35.20,0.000
2025-07-18T04:45:00,4.740,35.00,0.000
2025-07-18T04:30:00,4.740,36.20,0.000
2025-07-18T04:15:00,4.750,35.60,0.000
2025-07-18T04:00:00,4.750,34.50,0.000
2025-07-18T03:45:00,4.750,34.90,0.000
2025-07-18T03:30:00,4.740,35.20,0.000
2025-07-18T03:15:00,4.750,35.30,0.000
2025-07-18T03:00:00,4.760,34.90,0.000
2025-07-18T02:45:00,4.760,35.20,0.000
2025-07-18T02:30:00,4.750,35.60,0.000
2025-07-18T02:15:00,4.760,35.80,0.000
2025-07-18T02:00:00,4.760,36.10,0.000
2025-07-18T01:45:00,4.770,35.70,0.000
2025-07-18T01:30:00,4.760,35.30,0.000
2025-07-18T01:15:00,4.770,35.70,0.000
2025-07-18T01:00:00,4.760,35.70,0.000
2025-07-18T00:45:00,4.770,35.50,0.000
2025-07-18T00:30:00,4.770,36.10,0.000
2025-07-18T00:15:00,4.790,36.90,0.000
2025-07-18T00:00:00,4.770,35.90,0.000
2025-07-17T23:45:00,4.770,36.30,0.000
2025-07-17T23:30:00,4.780,36.70,0.000
2025-07-17T23:15:00,4.780,36.30,0.000
2025-07-17T23:00:00,4.780,35.90,0.000
2025-07-17T22:45:00,4.790,35.80,0.000
2025-07-17T22:30:00,4.790,36.50,0.000
2025-07-17T22:15:00,4.790,36.00,0.000
2025-07-17T22:00:00,4.800,36.50,0.000
2025-07-17T21:45:00,4.790,36.50,0.000
2025-07-17T21:30:00,4.780,35.20,0.000
2025-07-17T21:15:00,4.800,37.60,0.500
2025-07-17T21:00:00,4.780,36.90,0.000
2025-07-17T20:45:00,4.790,36.80,0.500
2025-07-17T20:30:00,4.780,35.20,1.000
2025-07-17T20:15:00,4.780,35.90,2.500
2025-07-17T20:00:00,4.780,35.70,0.000
2025-07-17T19:45:00,4.780,35.80,0.000
2025-07-17T19:30:00,4.780,36.30,0.000
2025-07-17T19:15:00,4.780,37.10,0.000
2025-07-17T19:00:00,4.780,35.80,0.000
2025-07-17T18:45:00,4.770,36.50,0.000
2025-07-17T18:30:00,4.770,36.10,0.000
2025-07-17T18:15:00,4.770,35.90,0.000
2025-07-17T18:00:00,4.780,36.90,0.000
2025-07-17T17:45:00,4.780,36.60,0.000
2025-07-17T17:30:00,4.790,36.50,0.000
2025-07-17T17:15:00,4.780,36.10,0.000
2025-07-17T17:00:00,4.780,36.50,0.000
2025-07-17T16:45:00,4.780,35.70,0.000
2025-07-17T16:30:00,4.790,36.60,0.500
2025-07-17T16:15:00,4.780,36.30,0.000
2025-07-17T16:00:00,4.790,35.60,0.000
2025-07-17T15:45:00,4.790,36.60,0.000
2025-07-17T15:30:00,4.790,36.30,0.000
2025-07-17T15:15:00,4.790,36.30,0.000
2025-07-17T15:00:00,4.790,36.10,0.000
2025-07-17T14:45:00,4.790,35.30,0.000
2025-07-17T14:30:00,4.790,37.10,0.000
2025-07-17T14:15:00,4.800,36.10,0.000
2025-07-17T14:00:00,4.800,36.30,0.000
2025-07-17T13:45:00,4.800,37.90,0.000
2025-07-17T13:30:00,4.800,36.30,0.000
2025-07-17T13:15:00,4.810,36.20,0.000
2025-07-17T13:00:00,4.810,36.20,0.000
2025-07-17T12:45:00,4.820,37.70,0.000
2025-07-17T12:30:00,4.810,35.80,0.000
2025-07-17T12:15:00,4.810,36.30,0.000
2025-07-17T12:00:00,4.810,36.20,0.000
2025-07-17T11:45:00,4.820,37.50,0.000
2025-07-17T11:30:00,4.830,38.10,0.000
2025-07-17T11:15:00,4.830,38.30,0.000
2025-07-17T11:00:00,4.830,37.80,0.000
2025-07-17T10:45:00,4.830,38.30,0.000
2025-07-17T10:30:00,4.840,37.10,0.000
2025-07-17T10:15:00,4.840,37.20,0.000
2025-07-17T10:00:00,4.840,38.00,0.000
2025-07-17T09:45:00,4.840,37.50,0.000
2025-07-17T09:30:00,4.840,39.30,0.000
2025-07-17T09:15:00,4.850,37.40,0.000
2025-07-17T09:00:00,4.840,37.10,0.000
2025-07-17T08:45:00,4.850,37.90,0.000
2025-07-17T08:30:00,4.850,35.90,0.000
2025-07-17T08:15:00,4.850,36.90,0.000
2025-07-17T08:00:00,4.850,36.50,0.000
2025-07-17T07:45:00,4.850,38.30,0.000
2025-07-17T07:30:00,4.850,36.60,0.000
2025-07-17T07:15:00,4.850,38.60,0.000
2025-07-17T07:00:00,4.860,39.10,0.000
2025-07-17T06:45:00,4.850,36.90,0.000
2025-07-17T06:30:00,4.850,37.90,0.000
2025-07-17T06:15:00,4.860,38.80,0.000
2025-07-17T06:00:00,4.860,37.60,0.000
2025-07-17T05:45:00,4.870,36.00,0.000
2025-07-17T05:30:00,4.860,37.80,0.000
2025-07-17T05:15:00,4.860,38.60,0.000
2025-07-17T05:00:00,4.860,38.90,0.000
2025-07-17T04:45:00,4.870,39.50,0.000
2025-07-17T04:30:00,4.870,38.60,0.000
2025-07-17T04:15:00,4.860,38.70,0.000
2025-07-17T04:00:00,4.860,39.60,0.000
2025-07-17T03:45:00,4.880,38.40,0.000
2025-07-17T03:30:00,4.870,38.20,0.000
2025-07-17T03:15:00,4.880,38.30,0.000
2025-07-17T03:00:00,4.870,38.30,0.000
2025-07-17T02:45:00,4.880,41.00,0.000
2025-07-17T02:30:00,4.880,37.40,0.000
2025-07-17T02:15:00,4.890,40.30,0.000
2025-07-17T02:00:00,4.890,38.70,0.000
2025-07-17T01:45:00,4.890,39.50,0.000
2025-07-17T01:30:00,4.890,39.60,0.000
2025-07-17T01:15:00,4.900,39.00,0.000
2025-07-17T01:00:00,4.910,39.10,0.000
2025-07-17T00:45:00,4.910,40.10,0.000
2025-07-17T00:30:00,4.910,38.90,0.000
2025-07-17T00:15:00,4.910,40.90,0.000
2025-07-17T00:00:00,4.920,39.40,0.000
2025-07-16T23:45:00,4.920,38.50,0.000
2025-07-16T23:30:00,4.920,38.40,0.000
2025-07-16T23:15:00,4.930,40.40,0.000
2025-07-16T23:00:00,4.930,40.90,0.000
2025-07-16T22:45:00,4.930,39.70,0.000
2025-07-16T22:30:00,4.940,43.10,0.500
2025-07-16T22:15:00,4.950,44.60,1.500
2025-07-16T22:00:00,4.940,42.90,0.000
2025-07-16T21:45:00,4.940,38.80,0.000
2025-07-16T21:30:00,4.950,42.40,0.000
2025-07-16T21:15:00,4.950,41.40,0.000
2025-07-16T21:00:00,4.960,42.70,0.000
2025-07-16T20:45:00,4.970,43.70,0.000
2025-07-16T20:30:00,4.970,42.40,0.000
2025-07-16T20:15:00,4.990,42.90,0.000
2025-07-16T20:00:00,4.970,41.80,0.000
2025-07-16T19:45:00,4.990,43.10,0.000
2025-07-16T19:30:00,4.990,41.30,0.000
2025-07-16T19:15:00,5.000,40.50,0.000
2025-07-16T19:00:00,5.000,42.80,0.000
2025-07-16T18:45:00,5.000,41.10,0.000
2025-07-16T18:30:00,5.020,43.30,0.000
2025-07-16T18:15:00,5.020,43.60,0.000
2025-07-16T18:00:00,5.030,43.60,0.000
2025-07-16T17:45:00,5.040,42.70,0.000
2025-07-16T17:30:00,5.040,45.00,0.000
2025-07-16T17:15:00,5.040,44.70,0.000
2025-07-16T17:00:00,5.050,44.80,0.000
2025-07-16T16:45:00,5.050,44.90,0.000
2025-07-16T16:30:00,5.060,46.10,0.000
2025-07-16T16:15:00,5.060,46.20,0.000
2025-07-16T16:00:00,5.060,45.60,0.000
2025-07-16T15:45:00,5.060,45.90,0.000
2025-07-16T15:30:00,5.080,46.40,0.000
2025-07-16T15:15:00,5.070,45.90,0.000
2025-07-16T15:00:00,5.080,47.20,0.000
2025-07-16T14:45:00,5.090,47.40,0.000
2025-07-16T14:30:00,5.080,46.30,0.000
2025-07-16T14:15:00,5.090,46.70,0.000
2025-07-16T14:00:00,5.090,46.10,0.000
2025-07-16T13:45:00,5.090,48.90,0.000
2025-07-16T13:30:00,5.100,48.60,0.000
2025-07-16T13:15:00,5.100,47.00,0.000
2025-07-16T13:00:00,5.110,49.20,0.000
2025-07-16T12:45:00,5.110,48.40,0.000
2025-07-16T12:30:00,5.100,47.90,0.000
2025-07-16T12:15:00,5.120,49.50,0.000
2025-07-16T12:00:00,5.130,48.90,0.000
2025-07-16T11:45:00,5.130,51.10,0.000
2025-07-16T11:30:00,5.120,50.00,0.000
2025-07-16T11:15:00,5.140,50.30,0.000
2025-07-16T11:00:00,5.140,51.10,0.000
2025-07-16T10:45:00,5.140,51.00,0.000
2025-07-16T10:30:00,5.130,50.20,0.000
2025-07-16T10:15:00,5.130,52.40,0.000
2025-07-16T10:00:00,5.120,52.00,0.000
2025-07-16T09:45:00,5.110,50.60,0.000
2025-07-16T09:30:00,5.100,49.30,0.000
2025-07-16T09:15:00,5.080,50.30,0.000
2025-07-16T09:00:00,5.050,49.50,0.000
2025-07-16T08:45:00,5.020,47.40,0.000
2025-07-16T08:30:00,4.990,47.00,0.000
2025-07-16T08:15:00,4.950,44.30,0.000
2025-07-16T08:00:00,4.920,42.10,0.000
2025-07-16T07:45:00,4.890,41.40,0.000
2025-07-16T07:30:00,4.850,40.20,0.000
2025-07-16T07:15:00,4.830,39.20,0.500
2025-07-16T07:00:00,4.810,40.10,0.500
2025-07-16T06:45:00,4.800,37.00,0.000
2025-07-16T06:30:00,4.790,36.70,0.500
2025-07-16T06:15:00,4.790,38.50,0.500
2025-07-16T06:00:00,4.770,38.30,0.500
2025-07-16T05:45:00,4.770,35.40,0.000
2025-07-16T05:30:00,4.750,36.40,0.000
2025-07-16T05:15:00,4.750,37.00,0.500
2025-07-16T05:00:00,4.750,35.80,0.500
2025-07-16T04:45:00,4.740,34.30,0.500
2025-07-16T04:30:00,4.740,37.50,2.500
2025-07-16T04:15:00,4.740,34.00,0.000
2025-07-16T04:00:00,4.730,33.90,0.500
2025-07-16T03:45:00,4.740,36.40,4.500
2025-07-16T03:30:00,4.730,33.10,0.000
2025-07-16T03:15:00,4.740,34.30,0.000
2025-07-16T03:00:00,4.740,32.90,0.000
2025-07-16T02:45:00,4.730,35.50,0.000
2025-07-16T02:30:00,4.740,33.00,0.000
2025-07-16T02:15:00,4.750,34.40,0.000
2025-07-16T02:00:00,4.740,34.30,0.000
2025-07-16T01:45:00,4.750,34.40,0.000
2025-07-16T01:30:00,4.740,33.30,0.000
2025-07-16T01:15:00,4.750,33.80,0.000
2025-07-16T01:00:00,4.750,33.50,0.000
2025-07-16T00:45:00,4.750,35.30,0.000
2025-07-16T00:30:00,4.750,34.60,0.000
2025-07-16T00:15:00,4.760,34.30,0.000
2025-07-16T00:00:00,4.760,35.20,0.000
2025-07-15T23:45:00,4.760,34.40,0.000
2025-07-15T23:30:00,4.760,35.20,0.000
2025-07-15T23:15:00,4.760,34.00,0.000
2025-07-15T23:00:00,4.770,34.10,0.000
2025-07-15T22:45:00,4.760,34.60,0.000
2025-07-15T22:30:00,4.770,33.60,0.000
2025-07-15T22:15:00,4.770,34.20,0.000
2025-07-15T22:00:00,4.770,35.20,0.000
2025-07-15T21:45:00,4.780,34.20,0.000
2025-07-15T21:30:00,4.780,34.40,0.000
2025-07-15T21:15:00,4.780,34.80,0.000
2025-07-15T21:00:00,4.790,34.80,0.000
2025-07-15T20:45:00,4.790,33.20,0.000
2025-07-15T20:30:00,4.780,33.70,0.000
2025-07-15T20:15:00,4.790,34.80,0.000
2025-07-15T20:00:00,4.800,34.40,0.000
2025-07-15T19:45:00,4.810,35.20,0.000
2025-07-15T19:30:00,4.810,35.50,0.000
2025-07-15T19:15:00,4.810,34.30,0.000
2025-07-15T19:00:00,4.810,35.50,0.000
2025-07-15T18:45:00,4.820,34.30,0.000
2025-07-15T18:30:00,4.820,33.80,0.000
2025-07-15T18:15:00,4.810,34.50,0.000
2025-07-15T18:00:00,4.820,34.40,0.000
2025-07-15T17:45:00,4.820,34.00,0.000
2025-07-15T17:30:00,4.830,34.80,0.000
2025-07-15T17:15:00,4.830,34.60,0.000
2025-07-15T17:00:00,4.830,34.20,0.000
2025-07-15T16:45:00,4.830,34.90,0.000
2025-07-15T16:30:00,4.840,34.60,0.000
2025-07-15T16:15:00,4.830,34.30,0.000
2025-07-15T16:00:00,4.830,35.60,0.000
2025-07-15T15:45:00,4.830,34.10,0.000
2025-07-15T15:30:00,4.840,35.10,0.000
2025-07-15T15:15:00,4.840,35.20,0.000
2025-07-15T15:00:00,4.840,34.10,0.000
2025-07-15T14:45:00,4.840,35.10,0.000
2025-07-15T14:30:00,4.840,34.80,0.000
2025-07-15T14:15:00,4.850,35.40,0.000
2025-07-15T14:00:00,4.850,35.80,0.000
2025-07-15T13:45:00,4.850,35.40,0.000
2025-07-15T13:30:00,4.860,35.90,0.000
2025-07-15T13:15:00,4.860,35.50,0.000
2025-07-15T13:00:00,4.860,34.80,0.000
2025-07-15T12:45:00,4.860,35.00,0.000
2025-07-15T12:30:00,4.870,35.70,0.000
2025-07-15T12:15:00,4.870,36.20,0.000
2025-07-15T12:00:00,4.870,36.50,0.000
2025-07-15T11:45:00,4.880,35.20,0.000
2025-07-15T11:30:00,4.880,35.70,0.000
2025-07-15T11:15:00,4.890,35.40,0.000
2025-07-15T11:00:00,4.890,36.30,0.000
2025-07-15T10:45:00,4.900,36.00,0.000
2025-07-15T10:30:00,4.900,35.30,0.000
2025-07-15T10:15:00,4.900,36.90,0.000
2025-07-15T10:00:00,4.910,36.50,0.000
2025-07-15T09:45:00,4.900,36.70,0.000
2025-07-15T09:30:00,4.920,37.70,0.000
2025-07-15T09:15:00,4.920,37.20,0.000
2025-07-15T09:00:00,4.930,37.30,0.000
2025-07-15T08:45:00,4.930,37.20,0.000
2025-07-15T08:30:00,4.940,37.60,0.000
2025-07-15T08:15:00,4.930,37.30,0.000
2025-07-15T08:00:00,4.940,37.60,0.000
2025-07-15T07:45:00,4.950,38.80,0.000
2025-07-15T07:30:00,4.940,37.50,0.000
2025-07-15T07:15:00,4.940,37.80,0.000
2025-07-15T07:00:00,4.930,39.20,0.000
2025-07-15T06:45:00,4.950,37.90,0.000
2025-07-15T06:30:00,4.950,38.70,0.000
2025-07-15T06:15:00,4.940,39.10,0.000
2025-07-15T06:00:00,4.940,38.10,0.000
2025-07-15T05:45:00,4.940,39.40,0.000
2025-07-15T05:30:00,4.940,37.70,0.000
2025-07-15T05:15:00,4.940,37.90,0.000
2025-07-15T05:00:00,4.950,38.30,0.000
2025-07-15T04:45:00,4.940,37.90,0.000
2025-07-15T04:30:00,4.930,38.40,0.000
2025-07-15T04:15:00,4.940,39.00,0.000
2025-07-15T04:00:00,4.930,39.80,0.000
2025-07-15T03:45:00,4.940,39.20,0.000
2025-07-15T03:30:00,4.930,39.40,0.000
2025-07-15T03:15:00,4.930,38.40,0.000
2025-07-15T03:00:00,4.930,37.70,0.000
2025-07-15T02:45:00,4.920,37.70,0.000
2025-07-15T02:30:00,4.930,38.50,0.000
2025-07-15T02:15:00,4.930,37.90,0.000
2025-07-15T02:00:00,4.930,39.60,0.000
2025-07-15T01:45:00,4.930,37.70,0.000
2025-07-15T01:30:00,4.920,40.00,0.000
2025-07-15T01:15:00,4.920,39.80,0.000
2025-07-15T01:00:00,4.920,41.10,0.000
2025-07-15T00:45:00,4.920,37.70,0.000
2025-07-15T00:30:00,4.900,37.20,0.000
2025-07-15T00:15:00,4.880,39.30,0.000
2025-07-15T00:00:00,4.870,38.60,0.000
2025-07-14T23:45:00,4.850,37.80,0.000
2025-07-14T23:30:00,4.820,35.10,0.000
2025-07-14T23:15:00,4.810,35.90,0.000
2025-07-14T23:00:00,4.790,35.70,0.000
2025-07-14T22:45:00,4.780,34.50,0.000
2025-07-14T22:30:00,4.770,34.40,0.000
2025-07-14T22:15:00,4.770,33.30,0.000
2025-07-14T22:00:00,4.760,32.60,0.000
2025-07-14T21:45:00,4.760,33.60,0.000
2025-07-14T21:30:00,4.770,34.00,1.000
2025-07-14T21:15:00,4.760,36.90,1.000
2025-07-14T21:00:00,4.760,35.50,1.500
2025-07-14T20:45:00,4.760,36.80,0.000
2025-07-14T20:30:00,4.760,33.10,0.000
2025-07-14T20:15:00,4.760,33.00,0.000
2025-07-14T20:00:00,4.760,31.60,0.000
2025-07-14T19:45:00,4.750,32.20,0.000
2025-07-14T19:30:00,4.750,32.60,0.000
2025-07-14T19:15:00,4.750,33.50,0.000
2025-07-14T19:00:00,4.750,33.20,0.000
2025-07-14T18:45:00,4.760,33.60,0.000
2025-07-14T18:30:00,4.740,32.80,0.000
2025-07-14T18:15:00,4.750,33.50,0.000
2025-07-14T18:00:00,4.750,32.40,0.000
2025-07-14T17:45:00,4.740,33.80,0.000
2025-07-14T17:30:00,4.750,33.90,0.000
2025-07-14T17:15:00,4.750,33.00,0.000
2025-07-14T17:00:00,4.750,32.70,0.000
2025-07-14T16:45:00,4.740,32.40,0.000
2025-07-14T16:30:00,4.740,33.80,0.000
2025-07-14T16:15:00,4.750,34.10,0.000
2025-07-14T16:00:00,4.750,33.80,0.000
2025-07-14T15:45:00,4.740,34.10,0.000
2025-07-14T15:30:00,4.740,33.80,0.000
2025-07-14T15:15:00,4.740,34.30,0.000
2025-07-14T15:00:00,4.730,33.70,0.000
2025-07-14T14:45:00,4.740,34.80,0.000
2025-07-14T14:30:00,4.730,33.10,0.000
2025-07-14T14:15:00,4.730,33.20,0.000
2025-07-14T14:00:00,4.740,34.20,0.000
2025-07-14T13:45:00,4.740,33.80,0.000
2025-07-14T13:30:00,4.740,32.40,0.000
2025-07-14T13:15:00,4.730,33.50,0.000
2025-07-14T13:00:00,4.730,35.40,0.000
2025-07-14T12:45:00,4.730,34.60,0.000
2025-07-14T12:30:00,4.720,33.50,0.000
2025-07-14T12:15:00,4.730,33.60,0.000
2025-07-14T12:00:00,4.720,33.20,0.000
2025-07-14T11:45:00,4.730,34.40,0.000
2025-07-14T11:30:00,4.730,34.30,0.000
2025-07-14T11:15:00,4.720,34.50,0.000
2025-07-14T11:00:00,4.720,35.40,0.000
2025-07-14T10:45:00,4.720,33.20,0.000
2025-07-14T10:30:00,4.730,34.30,0.000
2025-07-14T10:15:00,4.730,34.50,0.000
2025-07-14T10:00:00,4.720,34.60,0.000
2025-07-14T09:45:00,4.720,33.60,0.000
2025-07-14T09:30:00,4.720,35.10,0.000
2025-07-14T09:15:00,4.710,35.10,0.000
2025-07-14T09:00:00,4.730,34.10,0.000
2025-07-14T08:45:00,4.720,33.60,0.000
2025-07-14T08:30:00,4.720,35.10,0.000
2025-07-14T08:15:00,4.720,34.60,0.000
2025-07-14T08:00:00,4.720,35.10,0.000
2025-07-14T07:45:00,4.720,34.10,0.000
2025-07-14T07:30:00,4.720,34.20,0.000
2025-07-14T07:15:00,4.730,35.00,0.000
2025-07-14T07:00:00,4.730,34.90,0.000
2025-07-14T06:45:00,4.730,34.00,0.000
2025-07-14T06:30:00,4.730,35.50,0.000
2025-07-14T06:15:00,4.730,34.50,0.000
2025-07-14T06:00:00,4.730,34.60,0.000
2025-07-14T05:45:00,4.730,34.60,0.000
2025-07-14T05:30:00,4.730,35.10,0.000
2025-07-14T05:15:00,4.720,34.40,0.000
2025-07-14T05:00:00,4.750,35.20,0.000
2025-07-14T04:45:00,4.730,34.80,0.000
2025-07-14T04:30:00,4.740,35.00,0.000
2025-07-14T04:15:00,4.740,35.50,0.000
2025-07-14T04:00:00,4.740,35.30,0.000
2025-07-14T03:45:00,4.750,35.20,0.000
2025-07-14T03:30:00,4.740,34.70,0.000
2025-07-14T03:15:00,4.750,34.90,0.000
2025-07-14T03:00:00,4.740,35.20,0.000
2025-07-14T02:45:00,4.750,35.90,0.000
2025-07-14T02:30:00,4.750,35.30,0.000
2025-07-14T02:15:00,4.760,36.60,0.000
2025-07-14T02:00:00,4.760,34.20,0.000
2025-07-14T01:45:00,4.760,35.80,0.000
2025-07-14T01:30:00,4.760,34.40,0.000
2025-07-14T01:15:00,4.760,35.40,0.000
2025-07-14T01:00:00,4.770,36.50,0.000
2025-07-14T00:45:00,4.760,35.40,0.000
2025-07-14T00:30:00,4.770,36.00,0.000
2025-07-14T00:15:00,4.770,36.10,0.000
2025-07-14T00:00:00,4.770,35.10,0.000
2025-07-13T23:45:00,4.780,36.30,0.000
2025-07-13T23:30:00,4.770,35.20,0.000
2025-07-13T23:15:00,4.780,35.60,0.000
2025-07-13T23:00:00,4.780,34.00,0.000
2025-07-13T22:45:00,4.790,35.40,0.000
2025-07-13T22:30:00,4.790,34.40,0.000
2025-07-13T22:15:00,4.780,35.60,0.000
2025-07-13T22:00:00,4.790,34.70,0.000
2025-07-13T21:45:00,4.790,34.50,0.000
2025-07-13T21:30:00,4.800,35.70,1.000
2025-07-13T21:15:00,4.790,37.70,3.500
2025-07-13T21:00:00,4.790,36.60,2.000
2025-07-13T20:45:00,4.800,34.60,0.000
2025-07-13T20:30:00,4.800,36.40,0.000
2025-07-13T20:15:00,4.800,36.30,0.000
2025-07-13T20:00:00,4.810,36.80,0.000
2025-07-13T19:45:00,4.810,36.60,0.000
2025-07-13T19:30:00,4.810,35.50,0.000
2025-07-13T19:15:00,4.820,36.80,0.000
2025-07-13T19:00:00,4.820,35.90,0.000
2025-07-13T18:45:00,4.810,36.30,0.000
2025-07-13T18:30:00,4.820,35.60,0.000
2025-07-13T18:15:00,4.820,35.40,0.000
2025-07-13T18:00:00,4.830,35.30,0.000
2025-07-13T17:45:00,4.820,34.90,0.000
2025-07-13T17:30:00,4.820,35.20,0.000
2025-07-13T17:15:00,4.820,36.30,0.000
2025-07-13T17:00:00,4.830,34.80,0.000
2025-07-13T16:45:00,4.830,36.70,0.000
2025-07-13T16:30:00,4.830,35.20,0.000
2025-07-13T16:15:00,4.840,35.90,0.000
2025-07-13T16:00:00,4.830,37.40,0.000
2025-07-13T15:45:00,4.840,35.40,0.000
2025-07-13T15:30:00,4.840,35.20,0.000
2025-07-13T15:15:00,4.840,36.30,0.000
2025-07-13T15:00:00,4.830,37.80,0.000
2025-07-13T14:45:00,4.840,35.70,0.000
2025-07-13T14:30:00,4.840,35.80,0.000
2025-07-13T14:15:00,4.850,37.50,0.000
2025-07-13T14:00:00,4.840,36.20,0.000
2025-07-13T13:45:00,4.860,36.60,0.000
2025-07-13T13:30:00,4.860,38.10,0.000
2025-07-13T13:15:00,4.870,37.60,0.000
2025-07-13T13:00:00,4.860,37.90,0.000
2025-07-13T12:45:00,4.870,36.80,0.000
2025-07-13T12:30:00,4.870,37.00,0.000
2025-07-13T12:15:00,4.870,38.40,0.000
2025-07-13T12:00:00,4.880,37.40,0.000
2025-07-13T11:45:00,4.880,37.60,0.000
2025-07-13T11:30:00,4.880,37.40,0.000
2025-07-13T11:15:00,4.880,37.00,0.500
2025-07-13T11:00:00,4.880,37.20,0.000
2025-07-13T10:45:00,4.880,39.80,0.000
2025-07-13T10:30:00,4.890,36.90,0.000
2025-07-13T10:15:00,4.900,38.80,0.000
2025-07-13T10:00:00,4.880,36.80,0.000
2025-07-13T09:45:00,4.900,39.90,0.000
2025-07-13T09:30:00,4.900,39.70,0.000
2025-07-13T09:15:00,4.900,39.00,0.000
2025-07-13T09:00:00,4.910,39.80,0.000
2025-07-13T08:45:00,4.910,38.20,0.000
2025-07-13T08:30:00,4.910,38.50,0.000
2025-07-13T08:15:00,4.920,41.30,0.000
2025-07-13T08:00:00,4.910,39.90,0.000
2025-07-13T07:45:00,4.910,38.30,0.000
2025-07-13T07:30:00,4.920,39.10,0.000
2025-07-13T07:15:00,4.930,41.10,0.000
2025-07-13T07:00:00,4.920,39.60,0.000
2025-07-13T06:45:00,4.930,40.50,0.000
2025-07-13T06:30:00,4.920,40.70,0.000
2025-07-13T06:15:00,4.920,39.80,0.000
2025-07-13T06:00:00,4.920,40.90,0.000
2025-07-13T05:45:00,4.930,40.10,0.000
2025-07-13T05:30:00,4.920,40.20,0.000
2025-07-13T05:15:00,4.920,40.40,0.000
2025-07-13T05:00:00,4.910,39.20,0.000
2025-07-13T04:45:00,4.910,37.90,0.000
2025-07-13T04:30:00,4.920,40.80,0.000
2025-07-13T04:15:00,4.900,38.30,0.000
2025-07-13T04:00:00,4.900,38.70,0.000
2025-07-13T03:45:00,4.900,40.10,0.000
2025-07-13T03:30:00,4.900,39.40,0.000
2025-07-13T03:15:00,4.900,37.70,0.000
2025-07-13T03:00:00,4.890,37.70,0.000
2025-07-13T02:45:00,4.890,39.60,0.000
2025-07-13T02:30:00,4.880,39.80,0.000
2025-07-13T02:15:00,4.870,38.10,0.000
2025-07-13T02:00:00,4.880,39.40,0.000
2025-07-13T01:45:00,4.860,38.30,0.000
2025-07-13T01:30:00,4.850,36.30,0.000
2025-07-13T01:15:00,4.860,38.20,0.000
2025-07-13T01:00:00,4.850,37.90,0.000
2025-07-13T00:45:00,4.840,36.40,0.000
2025-07-13T00:30:00,4.840,37.70,0.000
2025-07-13T00:15:00,4.830,35.90,0.500
2025-07-13T00:00:00,4.840,38.70,1.000
2025-07-26T23:45:00,5.360,64.60,0.500
2025-07-26T23:30:00,5.280,60.40,0.000
2025-07-26T23:15:00,5.220,58.50,0.500
2025-07-26T23:00:00,5.170,52.50,0.000
2025-07-26T22:45:00,5.130,50.80,0.000
2025-07-26T22:30:00,5.090,49.70,0.500
2025-07-26T22:15:00,5.050,46.40,0.000
2025-07-26T22:00:00,5.020,47.50,0.000
2025-07-26T21:45:00,4.970,44.30,0.500
2025-07-26T21:30:00,4.930,41.90,0.000
2025-07-26T21:15:00,4.880,42.50,1.500
2025-07-26T21:00:00,4.860,41.80,2.000
2025-07-26T20:45:00,4.830,41.80,8.500
2025-07-26T20:30:00,4.800,40.30,19.500
2025-07-26T20:15:00,4.760,36.50,21.000
2025-07-26T20:00:00,4.730,38.40,9.500
2025-07-26T19:45:00,4.720,34.50,0.000
2025-07-26T19:30:00,4.710,31.60,0.000
2025-07-26T19:15:00,4.710,33.20,0.000
2025-07-26T19:00:00,4.710,32.60,0.000
2025-07-26T18:45:00,4.710,32.80,0.000
2025-07-26T18:30:00,4.710,33.40,0.000
2025-07-26T18:15:00,4.720,33.90,0.000
2025-07-26T18:00:00,4.720,32.90,0.000
2025-07-26T17:45:00,4.720,33.20,0.000
2025-07-26T17:30:00,4.720,34.70,0.500
2025-07-26T17:15:00,4.730,32.40,2.000
2025-07-26T17:00:00,4.720,33.30,0.000
2025-07-26T16:45:00,4.730,32.70,0.000
2025-07-26T16:30:00,4.730,32.90,0.000
2025-07-26T16:15:00,4.730,32.90,0.000
2025-07-26T16:00:00,4.730,33.10,0.000
2025-07-26T15:45:00,4.720,32.10,0.000
2025-07-26T15:30:00,4.730,32.90,0.000
2025-07-26T15:15:00,4.730,33.60,0.000
2025-07-26T15:00:00,4.730,32.50,0.000
2025-07-26T14:45:00,4.740,33.50,0.000
2025-07-26T14:30:00,4.740,33.70,0.000
2025-07-26T14:15:00,4.740,33.60,0.000
2025-07-26T14:00:00,4.740,32.90,0.000
2025-07-26T13:45:00,4.730,32.60,0.000
2025-07-26T13:30:00,4.750,33.40,0.000
2025-07-26T13:15:00,4.750,32.90,0.000
2025-07-26T13:00:00,4.750,32.80,0.000
2025-07-26T12:45:00,4.750,33.80,0.000
2025-07-26T12:30:00,4.760,34.30,0.000
2025-07-26T12:15:00,4.750,34.00,0.000
2025-07-26T12:00:00,4.750,32.60,0.000
2025-07-26T11:45:00,4.750,32.90,0.000
2025-07-26T11:30:00,4.750,33.30,0.000
2025-07-26T11:15:00,4.760,33.40,0.000
2025-07-26T11:00:00,4.760,32.90,0.000
2025-07-26T10:45:00,4.760,33.80,0.000
2025-07-26T10:30:00,4.760,32.00,0.000
2025-07-26T10:15:00,4.760,32.40,0.000
2025-07-26T10:00:00,4.770,32.40,0.000
2025-07-26T09:45:00,4.770,34.00,0.000
2025-07-26T09:30:00,4.760,33.60,0.000
2025-07-26T09:15:00,4.770,33.70,0.000
2025-07-26T09:00:00,4.770,35.00,0.000
2025-07-26T08:45:00,4.770,34.00,0.000
2025-07-26T08:30:00,4.770,34.30,0.000
2025-07-26T08:15:00,4.770,34.60,0.000
2025-07-26T08:00:00,4.770,33.90,0.000
2025-07-26T07:45:00,4.780,34.80,0.000
2025-07-26T07:30:00,4.770,34.20,0.000
2025-07-26T07:15:00,4.770,34.90,0.000
2025-07-26T07:00:00,4.780,33.80,0.000
2025-07-26T06:45:00,4.780,34.00,0.000
2025-07-26T06:30:00,4.780,35.10,0.000
2025-07-26T06:15:00,4.770,34.00,0.000
2025-07-26T06:00:00,4.770,35.00,0.000
2025-07-26T05:45:00,4.760,34.90,0.000
2025-07-26T05:30:00,4.770,35.20,0.000
2025-07-26T05:15:00,4.760,35.20,0.000
2025-07-26T05:00:00,4.760,34.90,0.000
2025-07-26T04:45:00,4.760,35.40,0.000
2025-07-26T04:30:00,4.760,35.20,0.000
2025-07-26T04:15:00,4.750,36.40,0.000
2025-07-26T04:00:00,4.760,34.70,0.000
2025-07-26T03:45:00,4.760,35.50,0.000
2025-07-26T03:30:00,4.750,34.70,0.000
2025-07-26T03:15:00,4.750,34.80,0.000
2025-07-26T03:00:00,4.750,35.00,0.000
2025-07-26T02:45:00,4.740,35.60,0.000
2025-07-26T02:30:00,4.740,34.90,0.000
2025-07-26T02:15:00,4.730,35.30,0.000
2025-07-26T02:00:00,4.740,35.40,0.000
2025-07-26T01:45:00,4.740,34.90,0.000
2025-07-26T01:30:00,4.730,35.50,0.000
2025-07-26T01:15:00,4.730,35.80,0.000
2025-07-26T01:00:00,4.720,34.60,0.000
2025-07-26T00:45:00,4.730,34.60,0.000
2025-07-26T00:30:00,4.730,35.00,0.000
2025-07-26T00:15:00,4.710,34.90,0.000
2025-07-26T00:00:00,4.720,35.60,0.000
2025-07-25T23:45:00,4.710,34.20,0.000
2025-07-25T23:30:00,4.710,35.30,0.000
2025-07-25T23:15:00,4.710,35.20,0.000
2025-07-25T23:00:00,4.700,35.30,0.000
2025-07-25T22:45:00,4.680,34.10,0.000
2025-07-25T22:30:00,4.680,34.10,0.000
2025-07-25T22:15:00,4.660,32.70,0.000
2025-07-25T22:00:00,4.640,32.90,0.000
2025-07-25T21:45:00,4.600,30.80,0.000
2025-07-25T21:30:00,4.570,29.90,0.000
2025-07-25T21:15:00,4.510,27.50,0.000
2025-07-25T21:00:00,4.450,25.00,0.000
2025-07-25T20:45:00,4.390,21.90,0.000
2025-07-25T20:30:00,4.330,19.30,0.000
2025-07-25T20:15:00,4.300,18.50,0.000
2025-07-25T20:00:00,4.300,17.50,0.000
2025-07-25T19:45:00,4.290,17.80,0.000
2025-07-25T19:30:00,4.290,18.10,0.000
2025-07-25T19:15:00,4.300,17.60,0.000
2025-07-25T19:00:00,4.300,18.00,0.000
2025-07-25T18:45:00,4.310,17.70,0.000
2025-07-25T18:30:00,4.310,18.00,0.000
2025-07-25T18:15:00,4.310,17.60,0.000
2025-07-25T18:00:00,4.320,17.80,0.000
2025-07-25T17:45:00,4.320,17.90,0.000
2025-07-25T17:30:00,4.320,18.00,0.000
2025-07-25T17:15:00,4.330,18.10,0.000
2025-07-25T17:00:00,4.330,18.20,0.000
2025-07-25T16:45:00,4.330,17.90,0.000
2025-07-25T16:30:00,4.340,18.50,0.000
2025-07-25T16:15:00,4.340,18.30,0.000
2025-07-25T16:00:00,4.350,18.30,0.000
2025-07-25T15:45:00,4.350,18.30,0.000
2025-07-25T15:30:00,4.360,18.20,0.000
2025-07-25T15:15:00,4.360,18.80,0.000
2025-07-25T15:00:00,4.370,19.20,0.000
2025-07-25T14:45:00,4.370,19.20,0.000
2025-07-25T14:30:00,4.380,19.10,0.000
2025-07-25T14:15:00,4.390,19.40,0.000
2025-07-25T14:00:00,4.390,19.60,0.000
2025-07-25T13:45:00,4.400,20.00,0.000
2025-07-25T13:30:00,4.410,20.40,0.000
2025-07-25T13:15:00,4.420,19.80,0.000
2025-07-25T13:00:00,4.420,19.60,0.000
2025-07-25T12:45:00,4.430,20.40,0.000
2025-07-25T12:30:00,4.440,20.10,0.000
2025-07-25T12:15:00,4.450,21.00,0.000
2025-07-25T12:00:00,4.470,21.10,0.000
2025-07-25T11:45:00,4.480,21.30,0.000
2025-07-25T11:30:00,4.490,21.90,0.000
2025-07-25T11:15:00,4.510,21.70,0.000
2025-07-25T11:00:00,4.530,22.00,0.000
2025-07-25T10:45:00,4.540,22.10,0.000
2025-07-25T10:30:00,4.570,23.50,0.000
2025-07-25T10:15:00,4.590,23.00,0.000
2025-07-25T10:00:00,4.620,24.50,0.000
2025-07-25T09:45:00,4.650,25.40,0.000
2025-07-25T09:30:00,4.680,25.80,0.000
2025-07-25T09:15:00,4.730,27.70,0.000
2025-07-25T09:00:00,4.770,29.90,0.000
2025-07-25T08:45:00,4.820,30.40,0.000
2025-07-25T08:30:00,4.860,32.30,0.000
2025-07-25T08:15:00,4.900,35.80,0.000
2025-07-25T08:00:00,4.930,37.00,0.000
2025-07-25T07:45:00,4.940,38.20,0.000
2025-07-25T07:30:00,4.950,37.80,0.000
2025-07-25T07:15:00,4.960,38.20,0.000
2025-07-25T07:00:00,4.960,38.10,0.000
2025-07-25T06:45:00,4.970,38.00,0.000
2025-07-25T06:30:00,4.960,37.80,0.000
2025-07-25T06:15:00,4.970,39.50,0.000
2025-07-25T06:00:00,4.970,38.80,0.000
2025-07-25T05:45:00,4.970,39.40,0.000
2025-07-25T05:30:00,4.970,38.60,0.000
2025-07-25T05:15:00,4.970,40.30,0.000
2025-07-25T05:00:00,4.970,38.80,0.000
2025-07-25T04:45:00,4.980,40.70,0.000
2025-07-25T04:30:00,4.970,40.50,0.000
2025-07-25T04:15:00,4.970,40.00,0.000
2025-07-25T04:00:00,4.970,39.10,0.000
2025-07-25T03:45:00,4.970,38.10,0.000
2025-07-25T03:30:00,4.980,39.70,0.000
2025-07-25T03:15:00,4.970,40.10,0.000
2025-07-25T03:00:00,4.970,39.50,0.000
2025-07-25T02:45:00,4.970,39.80,0.000
2025-07-25T02:30:00,4.970,39.00,0.000
2025-07-25T02:15:00,4.970,39.50,0.000
2025-07-25T02:00:00,4.960,40.10,0.000
2025-07-25T01:45:00,4.970,40.50,0.000
2025-07-25T01:30:00,4.960,39.60,0.000
2025-07-25T01:15:00,4.960,40.20,0.000
2025-07-25T01:00:00,4.960,39.10,0.000
2025-07-25T00:45:00,4.960,41.40,0.000
2025-07-25T00:30:00,4.960,40.40,0.000
2025-07-25T00:15:00,4.950,41.00,0.000
2025-07-25T00:00:00,4.950,40.30,0.000
2025-07-24T23:45:00,4.950,40.80,0.000
2025-07-24T23:30:00,4.950,41.20,0.000
2025-07-24T23:15:00,4.940,40.80,0.000
2025-07-24T23:00:00,4.940,40.90,0.000
2025-07-24T22:45:00,4.940,41.80,0.000
2025-07-24T22:30:00,4.920,41.50,0.000
2025-07-24T22:15:00,4.910,41.30,0.000
2025-07-24T22:00:00,4.900,39.80,0.000
2025-07-24T21:45:00,4.880,39.90,0.000
2025-07-24T21:30:00,4.840,37.40,0.000
2025-07-24T21:15:00,4.810,37.70,0.000
2025-07-24T21:00:00,4.770,35.80,0.000
2025-07-24T20:45:00,4.720,33.80,0.000
2025-07-24T20:30:00,4.660,30.50,0.000
2025-07-24T20:15:00,4.630,29.50,0.000
2025-07-24T20:00:00,4.600,27.80,0.000
2025-07-24T19:45:00,4.600,27.20,0.000
2025-07-24T19:30:00,4.600,27.80,0.000
2025-07-24T19:15:00,4.610,27.50,0.000
2025-07-24T19:00:00,4.620,27.40,0.000
2025-07-24T18:45:00,4.620,27.90,0.000
2025-07-24T18:30:00,4.630,27.90,0.000
2025-07-24T18:15:00,4.640,27.50,0.000
2025-07-24T18:00:00,4.640,28.50,0.000
2025-07-24T17:45:00,4.650,28.70,0.000
2025-07-24T17:30:00,4.670,28.00,0.000
2025-07-24T17:15:00,4.670,28.70,0.000
2025-07-24T17:00:00,4.680,28.90,0.000
2025-07-24T16:45:00,4.700,29.80,0.000
2025-07-24T16:30:00,4.710,29.60,0.000
2025-07-24T16:15:00,4.720,30.00,0.000
2025-07-24T16:00:00,4.730,30.60,0.000
2025-07-24T15:45:00,4.740,30.70,0.000
2025-07-24T15:30:00,4.750,29.60,0.000
2025-07-24T15:15:00,4.770,31.30,0.000
2025-07-24T15:00:00,4.780,31.40,0.000
2025-07-24T14:45:00,4.790,30.70,0.000
2025-07-24T14:30:00,4.800,32.30,0.000
2025-07-24T14:15:00,4.820,31.00,0.000
2025-07-24T14:00:00,4.830,32.30,0.000
2025-07-24T13:45:00,4.840,33.60,0.000
2025-07-24T13:30:00,4.850,32.00,0.000
2025-07-24T13:15:00,4.870,32.40,0.000
2025-07-24T13:00:00,4.890,33.60,0.000
2025-07-24T12:45:00,4.900,35.70,0.000
2025-07-24T12:30:00,4.920,35.10,0.000
2025-07-24T12:15:00,4.940,35.30,0.000
2025-07-24T12:00:00,4.950,36.90,0.000
2025-07-24T11:45:00,4.980,38.70,0.000
2025-07-24T11:30:00,5.010,38.30,0.000
2025-07-24T11:15:00,5.050,40.90,0.000
2025-07-24T11:00:00,5.080,42.30,0.000
2025-07-24T10:45:00,5.110,42.80,0.000
2025-07-24T10:30:00,5.150,48.10,0.000
2025-07-24T10:15:00,5.160,48.10,0.000
2025-07-24T10:00:00,5.170,49.80,0.000
2025-07-24T09:45:00,5.160,50.50,0.000
2025-07-24T09:30:00,5.160,49.10,0.000
2025-07-24T09:15:00,5.140,50.00,0.500
2025-07-24T09:00:00,5.140,47.80,0.000
2025-07-24T08:45:00,5.120,48.70,0.000
2025-07-24T08:30:00,5.110,48.60,0.000
2025-07-24T08:15:00,5.090,47.70,0.000
2025-07-24T08:00:00,5.070,47.20,0.000
2025-07-24T07:45:00,5.050,47.10,0.000
2025-07-24T07:30:00,5.040,44.60,0.000
2025-07-24T07:15:00,5.000,45.00,0.000
2025-07-24T07:00:00,4.980,42.70,0.000
2025-07-24T06:45:00,4.960,42.10,0.000
2025-07-24T06:30:00,4.940,41.60,0.000
2025-07-24T06:15:00,4.890,40.00,0.000
2025-07-24T06:00:00,4.870,39.00,0.000
2025-07-24T05:45:00,4.860,38.60,0.000
2025-07-24T05:30:00,4.840,38.00,0.000
2025-07-24T05:15:00,4.820,37.80,0.000
2025-07-24T05:00:00,4.820,37.00,0.000
2025-07-24T04:45:00,4.810,37.10,0.000
2025-07-24T04:30:00,4.810,36.90,0.000
2025-07-24T04:15:00,4.800,34.90,0.000
2025-07-24T04:00:00,4.790,36.80,0.000
2025-07-24T03:45:00,4.790,37.50,0.500
2025-07-24T03:30:00,4.780,36.80,0.000
2025-07-24T03:15:00,4.770,37.70,0.000
2025-07-24T03:00:00,4.760,34.80,0.000
2025-07-24T02:45:00,4.740,35.30,0.000
2025-07-24T02:30:00,4.740,35.20,0.000
2025-07-24T02:15:00,4.730,35.00,0.000
2025-07-24T02:00:00,4.720,34.20,0.500
2025-07-24T01:45:00,4.710,35.20,1.000
2025-07-24T01:30:00,4.700,36.00,9.000
2025-07-24T01:15:00,4.700,33.90,0.000
2025-07-24T01:00:00,4.690,32.70,0.000
2025-07-24T00:45:00,4.690,33.40,1.000
2025-07-24T00:30:00,4.680,33.40,0.500
2025-07-24T00:15:00,4.670,34.50,0.500
2025-07-24T00:00:00,4.670,33.30,0.000
2025-07-23T23:45:00,4.670,32.50,0.000
2025-07-23T23:30:00,4.660,33.10,0.000
2025-07-23T23:15:00,4.660,33.40,0.000
2025-07-23T23:00:00,4.660,33.00,0.000
2025-07-23T22:45:00,4.640,31.70,0.000
2025-07-23T22:30:00,4.630,31.00,0.000
2025-07-23T22:15:00,4.610,30.60,0.000
2025-07-23T22:00:00,4.590,30.20,0.000
2025-07-23T21:45:00,4.560,29.30,0.000
2025-07-23T21:30:00,4.530,27.90,0.000
2025-07-23T21:15:00,4.460,25.10,0.000
2025-07-23T21:00:00,4.410,22.70,0.000
2025-07-23T20:45:00,4.340,19.90,0.000
2025-07-23T20:30:00,4.280,17.70,0.000
2025-07-23T20:15:00,4.250,15.80,0.000
2025-07-23T20:00:00,4.240,15.70,0.000
2025-07-23T19:45:00,4.230,15.80,0.000
2025-07-23T19:30:00,4.230,15.60,0.000
2025-07-23T19:15:00,4.230,15.20,0.000
2025-07-23T19:00:00,4.230,15.50,0.000
2025-07-23T18:45:00,4.230,15.20,0.000
2025-07-23T18:30:00,4.230,15.30,0.000
2025-07-23T18:15:00,4.230,15.30,0.000
2025-07-23T18:00:00,4.230,15.10,0.000
2025-07-23T17:45:00,4.230,14.80,0.500
2025-07-23T17:30:00,4.230,16.50,2.500
2025-07-23T17:15:00,4.230,14.90,0.000
2025-07-23T17:00:00,4.240,14.70,0.000
2025-07-23T16:45:00,4.240,14.40,0.500
2025-07-23T16:30:00,4.250,15.90,1.000
2025-07-23T16:15:00,4.250,14.80,0.500
2025-07-23T16:00:00,4.250,14.70,0.000
2025-07-23T15:45:00,4.260,14.80,0.000
2025-07-23T15:30:00,4.270,15.80,0.000
2025-07-23T15:15:00,4.270,14.80,0.000
2025-07-23T15:00:00,4.280,15.20,0.000
2025-07-23T14:45:00,4.290,15.90,0.000
2025-07-23T14:30:00,4.300,15.00,0.000
2025-07-23T14:15:00,4.310,15.60,0.000
2025-07-23T14:00:00,4.320,16.50,0.000
2025-07-23T13:45:00,4.340,15.90,0.000
2025-07-23T13:30:00,4.350,17.00,0.000
2025-07-23T13:15:00,4.380,18.10,0.000
2025-07-23T13:00:00,4.410,18.10,0.000
2025-07-23T12:45:00,4.440,19.80,0.000
2025-07-23T12:30:00,4.480,20.60,0.000
2025-07-23T12:15:00,4.520,23.10,0.000
2025-07-23T12:00:00,4.570,24.10,0.000
2025-07-23T11:45:00,4.620,27.60,0.000
2025-07-23T11:30:00,4.670,29.30,0.000
2025-07-23T11:15:00,4.700,30.80,0.000
2025-07-23T11:00:00,4.730,32.00,0.000
2025-07-23T10:45:00,4.750,33.60,0.000
2025-07-23T10:30:00,4.750,32.90,0.000
2025-07-23T10:15:00,4.750,33.20,0.000
2025-07-23T10:00:00,4.760,33.20,0.000
2025-07-23T09:45:00,4.760,33.20,0.000
2025-07-23T09:30:00,4.760,34.70,0.000
2025-07-23T09:15:00,4.760,32.10,0.000
2025-07-23T09:00:00,4.760,33.20,0.000
2025-07-23T08:45:00,4.760,33.70,0.000
2025-07-23T08:30:00,4.760,34.20,0.000
2025-07-23T08:15:00,4.760,35.00,0.000
2025-07-23T08:00:00,4.760,34.20,0.500
2025-07-23T07:45:00,4.750,34.20,0.000
2025-07-23T07:30:00,4.750,34.70,0.000
2025-07-23T07:15:00,4.760,33.80,0.000
2025-07-23T07:00:00,4.750,33.80,0.000
2025-07-23T06:45:00,4.750,35.40,0.000
2025-07-23T06:30:00,4.750,33.00,0.000
2025-07-23T06:15:00,4.740,33.20,0.000
2025-07-23T06:00:00,4.740,34.70,0.000
2025-07-23T05:45:00,4.740,35.60,0.500
2025-07-23T05:30:00,4.740,32.50,0.000
2025-07-23T05:15:00,4.730,34.50,0.000
2025-07-23T05:00:00,4.730,32.90,0.000
2025-07-23T04:45:00,4.730,33.40,0.000
2025-07-23T04:30:00,4.730,34.80,0.000
2025-07-23T04:15:00,4.740,33.80,0.000
2025-07-23T04:00:00,4.720,33.10,0.500
2025-07-23T03:45:00,4.720,33.10,0.000
2025-07-23T03:30:00,4.720,32.90,0.000
2025-07-23T03:15:00,4.720,34.30,0.000
2025-07-23T03:00:00,4.720,34.80,0.000
2025-07-23T02:45:00,4.720,34.70,0.000
2025-07-23T02:30:00,4.720,34.20,0.000
2025-07-23T02:15:00,4.720,33.50,0.000
2025-07-23T02:00:00,4.710,33.80,0.000
2025-07-23T01:45:00,4.720,33.30,0.000
2025-07-23T01:30:00,4.710,34.70,0.000
2025-07-23T01:15:00,4.710,33.50,0.000
2025-07-23T01:00:00,4.710,34.00,0.000
2025-07-23T00:45:00,4.710,34.20,0.000
2025-07-23T00:30:00,4.710,33.70,0.000
2025-07-23T00:15:00,4.690,33.80,0.000
2025-07-23T00:00:00,4.690,34.20,0.000
2025-07-22T23:45:00,4.690,34.30,0.000
2025-07-22T23:30:00,4.680,33.30,0.000
2025-07-22T23:15:00,4.680,32.60,0.000
2025-07-22T23:00:00,4.670,34.30,0.000
2025-07-22T22:45:00,4.670,33.70,0.000
2025-07-22T22:30:00,4.660,33.10,0.000
2025-07-22T22:15:00,4.640,33.10,0.000
2025-07-22T22:00:00,4.630,32.20,0.000
2025-07-22T21:45:00,4.600,31.30,0.000
2025-07-22T21:30:00,4.570,29.80,0.000
2025-07-22T21:15:00,4.520,28.40,0.000
2025-07-22T21:00:00,4.470,26.10,0.000
2025-07-22T20:45:00,4.400,22.60,0.000
2025-07-22T20:30:00,4.330,19.70,0.000
2025-07-22T20:15:00,4.280,17.50,0.000
2025-07-22T20:00:00,4.250,16.80,0.000
2025-07-22T19:45:00,4.250,15.90,0.000
2025-07-22T19:30:00,4.250,16.20,0.000
2025-07-22T19:15:00,4.260,16.50,0.000
2025-07-22T19:00:00,4.250,16.50,0.000
2025-07-22T18:45:00,4.240,16.20,0.000
2025-07-22T18:30:00,4.250,16.40,0.000
2025-07-22T18:15:00,4.250,17.10,0.500
2025-07-22T18:00:00,4.250,17.20,0.000
2025-07-22T17:45:00,4.250,16.50,0.000
2025-07-22T17:30:00,4.250,16.30,0.000
2025-07-22T17:15:00,4.250,16.60,0.000
2025-07-22T17:00:00,4.250,17.00,0.000
2025-07-22T16:45:00,4.260,17.10,0.000
2025-07-22T16:30:00,4.250,16.50,0.000
2025-07-22T16:15:00,4.250,16.60,0.000
2025-07-22T16:00:00,4.260,16.80,0.000
2025-07-22T15:45:00,4.260,16.20,0.000
2025-07-22T15:30:00,4.250,16.50,0.000
2025-07-22T15:15:00,4.250,16.70,0.000
2025-07-22T15:00:00,4.260,16.60,0.000
2025-07-22T14:45:00,4.260,17.30,0.000
2025-07-22T14:30:00,4.260,17.00,0.000
2025-07-22T14:15:00,4.270,16.90,0.000
2025-07-22T14:00:00,4.260,16.80,0.000
2025-07-22T13:45:00,4.260,17.20,0.000
2025-07-22T13:30:00,4.260,16.50,0.000
2025-07-22T13:15:00,4.270,16.80,0.000
2025-07-22T13:00:00,4.260,16.40,0.000
2025-07-22T12:45:00,4.260,16.90,0.000
2025-07-22T12:30:00,4.270,17.00,0.000
2025-07-22T12:15:00,4.270,17.00,0.000
2025-07-22T12:00:00,4.270,16.90,0.000
2025-07-22T11:45:00,4.270,17.30,0.000
2025-07-22T11:30:00,4.270,16.80,0.000
2025-07-22T11:15:00,4.270,17.10,0.000
2025-07-22T11:00:00,4.270,17.00,0.000
2025-07-22T10:45:00,4.270,17.20,0.000
2025-07-22T10:30:00,4.270,17.20,0.000
2025-07-22T10:15:00,4.270,17.70,0.000
2025-07-22T10:00:00,4.280,17.70,0.500
2025-07-22T09:45:00,4.280,17.40,0.000
2025-07-22T09:30:00,4.280,17.80,0.000
2025-07-22T09:15:00,4.280,17.90,0.000
2025-07-22T09:00:00,4.280,18.40,0.000
2025-07-22T08:45:00,4.280,17.70,0.000
2025-07-22T08:30:00,4.280,17.60,0.000
2025-07-22T08:15:00,4.280,17.70,0.000
2025-07-22T08:00:00,4.280,17.70,0.000
2025-07-22T07:45:00,4.290,17.80,0.000
2025-07-22T07:30:00,4.290,18.10,0.000
2025-07-22T07:15:00,4.290,17.90,0.000
2025-07-22T07:00:00,4.290,18.30,0.000
2025-07-22T06:45:00,4.290,17.80,0.000
2025-07-22T06:30:00,4.290,17.90,0.000
2025-07-22T06:15:00,4.290,17.60,0.000
2025-07-22T06:00:00,4.290,18.00,0.000
2025-07-22T05:45:00,4.290,18.20,0.000
2025-07-22T05:30:00,4.290,18.20,0.000
2025-07-22T05:15:00,4.300,18.70,0.000
2025-07-22T05:00:00,4.300,18.40,0.000
2025-07-22T04:45:00,4.300,18.60,0.000
2025-07-22T04:30:00,4.300,18.30,0.000
2025-07-22T04:15:00,4.300,18.40,0.000
2025-07-22T04:00:00,4.300,18.30,0.000
2025-07-22T03:45:00,4.300,18.20,0.000
2025-07-22T03:30:00,4.310,18.90,0.000
2025-07-22T03:15:00,4.310,19.00,0.000
2025-07-22T03:00:00,4.310,18.60,0.000
2025-07-22T02:45:00,4.320,19.00,0.000
2025-07-22T02:30:00,4.320,19.00,0.000
2025-07-22T02:15:00,4.310,18.60,0.000
2025-07-22T02:00:00,4.320,18.90,0.000
2025-07-22T01:45:00,4.320,19.10,0.000
2025-07-22T01:30:00,4.330,18.80,0.000
2025-07-22T01:15:00,4.330,19.00,0.000
2025-07-22T01:00:00,4.330,19.50,0.000
2025-07-22T00:45:00,4.330,19.50,0.000
2025-07-22T00:30:00,4.330,19.20,0.000
2025-07-22T00:15:00,4.330,19.20,0.000
2025-07-22T00:00:00,4.340,19.90,0.000
2025-07-21T23:45:00,4.340,19.30,0.000
2025-07-21T23:30:00,4.350,20.30,0.000
2025-07-21T23:15:00,4.350,20.10,0.000
2025-07-21T23:00:00,4.350,19.70,0.000
2025-07-21T22:45:00,4.360,20.10,0.000
2025-07-21T22:30:00,4.360,20.30,0.000
2025-07-21T22:15:00,4.370,20.30,0.000
2025-07-21T22:00:00,4.360,19.80,0.000
2025-07-21T21:45:00,4.370,20.50,0.000
2025-07-21T21:30:00,4.370,20.80,0.000
2025-07-21T21:15:00,4.370,20.60,0.000
2025-07-21T21:00:00,4.370,20.80,0.000
2025-07-21T20:45:00,4.370,20.10,0.000
2025-07-21T20:30:00,4.370,20.30,0.000
2025-07-21T20:15:00,4.370,20.00,0.000
2025-07-21T20:00:00,4.380,20.80,0.000
2025-07-21T19:45:00,4.380,20.40,0.000
2025-07-21T19:30:00,4.390,20.50,0.000
2025-07-21T19:15:00,4.390,20.20,0.000
2025-07-21T19:00:00,4.400,20.70,0.500
2025-07-21T18:45:00,4.410,20.80,0.000
2025-07-21T18:30:00,4.420,21.90,0.000
2025-07-21T18:15:00,4.420,21.60,0.000
2025-07-21T18:00:00,4.440,21.60,0.000
2025-07-21T17:45:00,4.450,22.20,0.000
2025-07-21T17:30:00,4.470,22.30,0.000
2025-07-21T17:15:00,4.490,23.20,0.000
2025-07-21T17:00:00,4.520,22.80,0.000
2025-07-21T16:45:00,4.550,24.30,0.000
2025-07-21T16:30:00,4.580,25.90,0.000
2025-07-21T16:15:00,4.630,27.70,0.000
2025-07-21T16:00:00,4.680,29.70,0.000
2025-07-21T15:45:00,4.730,31.60,0.000
2025-07-21T15:30:00,4.770,32.70,0.000
2025-07-21T15:15:00,4.810,35.20,0.000
2025-07-21T15:00:00,4.850,36.80,0.000
2025-07-21T14:45:00,4.880,39.10,0.000
2025-07-21T14:30:00,4.890,39.30,0.000
2025-07-21T14:15:00,4.890,37.50,0.000
2025-07-21T14:00:00,4.890,38.60,0.000
2025-07-21T13:45:00,4.890,39.00,0.000
2025-07-21T13:30:00,4.880,39.50,0.000
2025-07-21T13:15:00,4.880,39.30,0.000
2025-07-21T13:00:00,4.910,39.80,0.000
2025-07-21T12:45:00,4.900,38.90,0.000
2025-07-21T12:30:00,4.900,40.40,0.000
2025-07-21T12:15:00,4.910,39.50,0.000
2025-07-21T12:00:00,4.920,41.70,0.000
2025-07-21T11:45:00,4.910,38.60,0.000
2025-07-21T11:30:00,4.910,40.00,0.000
2025-07-21T11:15:00,4.910,40.00,0.000
2025-07-21T11:00:00,4.920,38.70,0.000
2025-07-21T10:45:00,4.910,39.70,0.000
2025-07-21T10:30:00,4.930,38.30,0.000
2025-07-21T10:15:00,4.930,41.40,0.000
2025-07-21T10:00:00,4.920,40.50,0.000
2025-07-21T09:45:00,4.930,41.10,0.000
2025-07-21T09:30:00,4.920,40.20,0.000
2025-07-21T09:15:00,4.920,40.80,0.000
2025-07-21T09:00:00,4.930,40.10,0.000
2025-07-21T08:45:00,4.940,42.60,0.000
2025-07-21T08:30:00,4.940,42.30,0.000
2025-07-21T08:15:00,4.940,41.10,0.000
2025-07-21T08:00:00,4.940,42.20,0.000
2025-07-21T07:45:00,4.940,40.90,0.000
2025-07-21T07:30:00,4.950,40.60,0.000
2025-07-21T07:15:00,4.950,39.40,0.000
2025-07-21T07:00:00,4.950,43.20,0.000
2025-07-21T06:45:00,4.960,42.30,0.000
2025-07-21T06:30:00,4.960,42.40,0.000
2025-07-21T06:15:00,4.960,42.40,0.000
2025-07-21T06:00:00,4.960,42.00,0.000
2025-07-21T05:45:00,4.980,42.70,0.000
2025-07-21T05:30:00,4.980,44.70,0.000
2025-07-21T05:15:00,4.980,43.70,0.000
2025-07-21T05:00:00,4.980,43.40,0.000
2025-07-21T04:45:00,4.980,41.40,0.000
2025-07-21T04:30:00,4.980,44.20,0.000
2025-07-21T04:15:00,4.990,42.80,0.000
2025-07-21T04:00:00,5.000,44.50,0.000
2025-07-21T03:45:00,4.990,43.50,0.000
2025-07-21T03:30:00,5.010,42.20,0.000
2025-07-21T03:15:00,5.000,43.40,0.000
2025-07-21T03:00:00,5.010,43.60,0.000
2025-07-21T02:45:00,5.010,42.90,0.000
2025-07-21T02:30:00,5.010,44.50,0.000
2025-07-21T02:15:00,5.020,44.50,0.000
2025-07-21T02:00:00,5.020,44.20,0.000
2025-07-21T01:45:00,5.020,44.20,0.000
2025-07-21T01:30:00,5.020,44.50,0.000
2025-07-21T01:15:00,5.010,45.10,0.000
2025-07-21T01:00:00,5.010,43.90,0.000
2025-07-21T00:45:00,5.020,45.10,0.000
2025-07-21T00:30:00,5.010,43.40,0.000
2025-07-21T00:15:00,5.020,45.00,0.000
2025-07-21T00:00:00,5.020,45.20,0.000
2025-07-20T23:45:00,5.010,42.90,0.000
2025-07-20T23:30:00,5.020,44.40,0.000
2025-07-20T23:15:00,5.020,44.80,0.000
2025-07-20T23:00:00,5.020,44.00,0.500
2025-07-20T22:45:00,5.010,42.00,0.000
2025-07-20T22:30:00,5.010,44.80,0.000
2025-07-20T22:15:00,5.010,42.70,0.000
2025-07-20T22:00:00,5.010,43.40,0.000
2025-07-20T21:45:00,5.010,44.30,0.000
2025-07-20T21:30:00,5.000,41.60,0.000
2025-07-20T21:15:00,5.010,40.60,0.000
2025-07-20T21:00:00,5.010,42.60,0.000
2025-07-20T20:45:00,5.000,42.70,0.000
2025-07-20T20:30:00,5.010,44.90,0.000
2025-07-20T20:15:00,5.010,41.60,0.000
2025-07-20T20:00:00,5.010,47.00,0.000
2025-07-20T19:45:00,5.000,43.00,0.000
2025-07-20T19:30:00,5.010,41.30,0.000
2025-07-20T19:15:00,5.000,42.90,0.000
2025-07-20T19:00:00,5.000,41.80,0.000
2025-07-20T18:45:00,5.000,43.40,0.000
2025-07-20T18:30:00,5.000,41.50,0.000
2025-07-20T18:15:00,5.020,41.90,0.000
2025-07-20T18:00:00,5.020,41.40,0.000
2025-07-20T17:45:00,5.020,41.60,0.000
2025-07-20T17:30:00,5.020,43.30,0.000
2025-07-20T17:15:00,5.030,43.30,0.000
2025-07-20T17:00:00,5.030,42.60,0.000
2025-07-20T16:45:00,5.040,42.60,0.000
2025-07-20T16:30:00,5.050,42.20,0.000
2025-07-20T16:15:00,5.040,42.90,0.000
2025-07-20T16:00:00,5.050,42.80,0.000
2025-07-20T15:45:00,5.050,43.40,0.000
2025-07-20T15:30:00,5.060,44.00,0.000
2025-07-20T15:15:00,5.070,43.20,0.000
2025-07-20T15:00:00,5.080,44.30,0.000
2025-07-20T14:45:00,5.070,43.80,0.000
2025-07-20T14:30:00,5.080,43.10,0.000
2025-07-20T14:15:00,5.090,43.90,0.000
2025-07-20T14:00:00,5.100,45.50,0.000
2025-07-20T13:45:00,5.100,44.60,0.000
2025-07-20T13:30:00,5.100,45.70,0.000
2025-07-20T13:15:00,5.110,44.70,0.000
2025-07-20T13:00:00,5.120,44.70,0.000
2025-07-20T12:45:00,5.120,46.00,0.000
2025-07-20T12:30:00,5.130,46.80,0.000
2025-07-20T12:15:00,5.130,46.00,0.000
2025-07-20T12:00:00,5.140,45.50,0.000
2025-07-20T11:45:00,5.150,47.70,0.000
2025-07-20T11:30:00,5.150,45.60,0.000
2025-07-20T11:15:00,5.150,46.20,0.000
2025-07-20T11:00:00,5.160,47.30,0.000
2025-07-20T10:45:00,5.160,47.60,0.000
2025-07-20T10:30:00,5.170,47.70,0.000
2025-07-20T10:15:00,5.180,46.00,0.000
2025-07-20T10:00:00,5.190,47.40,0.000
2025-07-20T09:45:00,5.190,48.70,0.000
2025-07-20T09:30:00,5.200,48.40,0.000
2025-07-20T09:15:00,5.200,51.00,0.000
2025-07-20T09:00:00,5.200,47.00,0.000
2025-07-20T08:45:00,5.220,49.90,0.000
2025-07-20T08:30:00,5.230,49.40,0.000
2025-07-20T08:15:00,5.240,52.30,0.000
2025-07-20T08:00:00,5.240,49.00,0.000
2025-07-20T07:45:00,5.250,51.80,0.000
2025-07-20T07:30:00,5.250,49.90,0.000
2025-07-20T07:15:00,5.250,51.00,0.000
2025-07-20T07:00:00,5.270,52.60,0.000
2025-07-20T06:45:00,5.260,52.20,0.000
2025-07-20T06:30:00,5.280,54.60,0.000
2025-07-20T06:15:00,5.270,51.30,0.000
2025-07-20T06:00:00,5.280,54.20,0.000
2025-07-20T05:45:00,5.270,52.70,0.000
2025-07-20T05:30:00,5.280,54.60,0.000
2025-07-20T05:15:00,5.270,51.30,0.000
2025-07-20T05:00:00,5.280,51.80,0.000
2025-07-20T04:45:00,5.270,53.10,0.000
2025-07-20T04:30:00,5.280,51.40,0.000
2025-07-20T04:15:00,5.280,54.60,0.000
2025-07-20T04:00:00,5.280,56.00,0.000
2025-07-20T03:45:00,5.270,54.30,0.000
2025-07-20T03:30:00,5.280,52.10,0.000
2025-07-20T03:15:00,5.290,55.20,0.000
2025-07-20T03:00:00,5.270,51.40,0.000
2025-07-20T02:45:00,5.280,53.20,0.000
2025-07-20T02:30:00,5.280,54.70,0.000
2025-07-20T02:15:00,5.280,55.40,0.000
2025-07-20T02:00:00,5.280,54.40,0.000
2025-07-20T01:45:00,5.280,55.20,0.000
2025-07-20T01:30:00,5.270,54.00,0.000
2025-07-20T01:15:00,5.260,55.10,0.000
2025-07-20T01:00:00,5.250,55.30,0.000
2025-07-20T00:45:00,5.240,55.10,0.000
2025-07-20T00:30:00,5.230,54.80,0.000
2025-07-20T00:15:00,5.220,56.20,0.000
2025-07-20T00:00:00,5.190,54.20,0.000
2025-08-02T23:45:00,5.330,53.50,0.000
2025-08-02T23:30:00,5.320,53.50,0.000
2025-08-02T23:15:00,5.330,53.10,0.000
2025-08-02T23:00:00,5.320,53.70,0.000
2025-08-02T22:45:00,5.340,55.60,0.000
2025-08-02T22:30:00,5.340,54.10,0.000
2025-08-02T22:15:00,5.330,54.00,0.000
2025-08-02T22:00:00,5.340,53.90,0.000
2025-08-02T21:45:00,5.340,57.40,0.000
2025-08-02T21:30:00,5.350,53.60,0.000
2025-08-02T21:15:00,5.340,53.10,0.000
2025-08-02T21:00:00,5.350,56.10,0.000
2025-08-02T20:45:00,5.340,55.70,0.000
2025-08-02T20:30:00,5.360,54.50,0.000
2025-08-02T20:15:00,5.360,56.10,0.000
2025-08-02T20:00:00,5.360,53.20,0.000
2025-08-02T19:45:00,5.370,55.90,0.000
2025-08-02T19:30:00,5.370,53.20,0.000
2025-08-02T19:15:00,5.360,56.00,0.000
2025-08-02T19:00:00,5.370,57.30,0.000
2025-08-02T18:45:00,5.380,56.80,0.000
2025-08-02T18:30:00,5.370,56.60,0.000
2025-08-02T18:15:00,5.380,56.40,0.000
2025-08-02T18:00:00,5.380,56.50,0.000
2025-08-02T17:45:00,5.380,54.40,0.000
2025-08-02T17:30:00,5.380,54.30,0.000
2025-08-02T17:15:00,5.400,53.80,0.000
2025-08-02T17:00:00,5.390,54.60,0.000
2025-08-02T16:45:00,5.390,54.40,0.000
2025-08-02T16:30:00,5.400,54.60,0.000
2025-08-02T16:15:00,5.390,56.70,0.000
2025-08-02T16:00:00,5.400,56.70,0.000
2025-08-02T15:45:00,5.400,57.70,0.000
2025-08-02T15:30:00,5.390,57.40,0.000
2025-08-02T15:15:00,5.400,58.70,0.000
2025-08-02T15:00:00,5.400,58.10,0.000
2025-08-02T14:45:00,5.420,59.00,0.000
2025-08-02T14:30:00,5.410,57.80,0.000
2025-08-02T14:15:00,5.410,58.30,0.000
2025-08-02T14:00:00,5.410,55.20,0.000
2025-08-02T13:45:00,5.400,57.50,0.000
2025-08-02T13:30:00,5.410,58.70,0.000
2025-08-02T13:15:00,5.420,59.20,0.000
2025-08-02T13:00:00,5.410,58.10,0.000
2025-08-02T12:45:00,5.420,59.60,0.000
2025-08-02T12:30:00,5.430,56.50,0.000
2025-08-02T12:15:00,5.420,56.60,0.000
2025-08-02T12:00:00,5.420,57.30,0.000
2025-08-02T11:45:00,5.430,56.40,0.000
2025-08-02T11:30:00,5.420,55.40,0.000
2025-08-02T11:15:00,5.430,59.30,0.000
2025-08-02T11:00:00,5.430,58.90,0.000
2025-08-02T10:45:00,5.430,55.80,0.000
2025-08-02T10:30:00,5.430,59.20,0.000
2025-08-02T10:15:00,5.430,56.90,0.000
2025-08-02T10:00:00,5.440,60.40,0.000
2025-08-02T09:45:00,5.440,60.90,0.000
2025-08-02T09:30:00,5.440,57.50,0.000
2025-08-02T09:15:00,5.440,59.00,0.000
2025-08-02T09:00:00,5.440,59.00,0.000
2025-08-02T08:45:00,5.440,59.80,0.000
2025-08-02T08:30:00,5.440,60.90,0.000
2025-08-02T08:15:00,5.450,59.40,0.000
2025-08-02T08:00:00,5.450,60.40,0.000
2025-08-02T07:45:00,5.440,62.90,0.000
2025-08-02T07:30:00,5.440,61.30,0.000
2025-08-02T07:15:00,5.440,60.70,0.000
2025-08-02T07:00:00,5.440,62.30,0.000
2025-08-02T06:45:00,5.450,62.00,0.000
2025-08-02T06:30:00,5.460,63.10,0.000
2025-08-02T06:15:00,5.450,62.00,0.000
2025-08-02T06:00:00,5.450,62.30,0.000
2025-08-02T05:45:00,5.440,63.00,0.000
2025-08-02T05:30:00,5.440,61.90,0.000
2025-08-02T05:15:00,5.440,63.30,0.000
2025-08-02T05:00:00,5.430,60.40,0.000
2025-08-02T04:45:00,5.430,63.00,0.000
2025-08-02T04:30:00,5.400,61.80,0.000
2025-08-02T04:15:00,5.380,60.10,0.000
2025-08-02T04:00:00,5.370,60.70,0.000
2025-08-02T03:45:00,5.350,60.30,0.000
2025-08-02T03:30:00,5.340,57.10,0.000
2025-08-02T03:15:00,5.320,59.20,0.000
2025-08-02T03:00:00,5.320,56.60,0.000
2025-08-02T02:45:00,5.300,56.70,0.000
2025-08-02T02:30:00,5.300,55.00,0.000
2025-08-02T02:15:00,5.290,56.50,0.000
2025-08-02T02:00:00,5.300,55.30,0.000
2025-08-02T01:45:00,5.290,57.30,0.000
2025-08-02T01:30:00,5.280,56.00,0.000
2025-08-02T01:15:00,5.280,55.50,0.000
2025-08-02T01:00:00,5.270,55.50,0.000
2025-08-02T00:45:00,5.270,54.20,0.000
2025-08-02T00:30:00,5.260,53.00,0.000
2025-08-02T00:15:00,5.260,54.40,0.000
2025-08-02T00:00:00,5.250,55.80,0.000
2025-08-01T23:45:00,5.240,54.30,0.000
2025-08-01T23:30:00,5.240,57.40,0.000
2025-08-01T23:15:00,5.220,55.30,0.000
2025-08-01T23:00:00,5.210,54.30,0.000
2025-08-01T22:45:00,5.190,53.70,0.000
2025-08-01T22:30:00,5.170,52.80,0.000
2025-08-01T22:15:00,5.150,55.40,0.000
2025-08-01T22:00:00,5.110,51.70,0.000
2025-08-01T21:45:00,5.100,50.40,0.000
2025-08-01T21:30:00,5.030,49.80,0.000
2025-08-01T21:15:00,4.990,47.10,0.000
2025-08-01T21:00:00,4.900,44.70,0.000
2025-08-01T20:45:00,4.790,39.30,0.000
2025-08-01T20:30:00,4.690,34.30,0.000
2025-08-01T20:15:00,4.590,29.60,0.000
2025-08-01T20:00:00,4.540,26.70,0.000
2025-08-01T19:45:00,4.530,26.40,0.000
2025-08-01T19:30:00,4.530,26.30,0.000
2025-08-01T19:15:00,4.530,25.40,0.000
2025-08-01T19:00:00,4.540,25.90,0.000
2025-08-01T18:45:00,4.540,26.00,0.000
2025-08-01T18:30:00,4.540,26.20,0.000
2025-08-01T18:15:00,4.550,25.60,0.000
2025-08-01T18:00:00,4.550,26.00,0.000
2025-08-01T17:45:00,4.560,27.20,0.000
2025-08-01T17:30:00,4.560,26.00,0.000
2025-08-01T17:15:00,4.560,26.70,0.000
2025-08-01T17:00:00,4.560,26.30,0.000
2025-08-01T16:45:00,4.560,26.50,0.000
2025-08-01T16:30:00,4.570,26.40,0.000
2025-08-01T16:15:00,4.570,27.50,0.000
2025-08-01T16:00:00,4.580,27.10,0.000
2025-08-01T15:45:00,4.590,27.00,0.000
2025-08-01T15:30:00,4.590,27.70,0.000
2025-08-01T15:15:00,4.590,27.10,0.000
2025-08-01T15:00:00,4.600,27.40,0.000
2025-08-01T14:45:00,4.600,27.20,0.000
2025-08-01T14:30:00,4.600,28.00,0.000
2025-08-01T14:15:00,4.610,27.90,0.000
2025-08-01T14:00:00,4.620,28.20,0.000
2025-08-01T13:45:00,4.620,28.70,0.000
2025-08-01T13:30:00,4.620,27.80,0.000
2025-08-01T13:15:00,4.630,28.90,0.000
2025-08-01T13:00:00,4.630,28.40,0.000
2025-08-01T12:45:00,4.650,29.40,0.000
2025-08-01T12:30:00,4.650,28.40,0.000
2025-08-01T12:15:00,4.660,29.10,0.000
2025-08-01T12:00:00,4.670,29.20,0.000
2025-08-01T11:45:00,4.680,29.80,0.000
2025-08-01T11:30:00,4.690,29.40,0.000
2025-08-01T11:15:00,4.700,30.30,0.000
2025-08-01T11:00:00,4.710,30.70,0.000
2025-08-01T10:45:00,4.730,31.00,0.000
2025-08-01T10:30:00,4.750,30.40,0.000
2025-08-01T10:15:00,4.770,29.60,0.000
2025-08-01T10:00:00,4.800,31.00,0.000
2025-08-01T09:45:00,4.830,33.00,0.000
2025-08-01T09:30:00,4.880,34.10,0.000
2025-08-01T09:15:00,4.920,36.20,0.000
2025-08-01T09:00:00,4.970,37.10,0.000
2025-08-01T08:45:00,5.020,40.00,0.000
2025-08-01T08:30:00,5.070,42.10,0.000
2025-08-01T08:15:00,5.110,43.00,0.000
2025-08-01T08:00:00,5.130,46.20,0.000
2025-08-01T07:45:00,5.150,46.40,0.000
2025-08-01T07:30:00,5.170,48.60,0.000
2025-08-01T07:15:00,5.170,46.50,0.000
2025-08-01T07:00:00,5.170,50.10,0.000
2025-08-01T06:45:00,5.180,50.70,0.000
2025-08-01T06:30:00,5.170,49.90,0.000
2025-08-01T06:15:00,5.180,50.10,0.000
2025-08-01T06:00:00,5.180,50.90,0.000
2025-08-01T05:45:00,5.190,49.40,0.000
2025-08-01T05:30:00,5.190,51.20,0.000
2025-08-01T05:15:00,5.190,50.00,0.000
2025-08-01T05:00:00,5.190,50.40,0.000
2025-08-01T04:45:00,5.190,49.70,0.000
2025-08-01T04:30:00,5.190,49.90,0.000
2025-08-01T04:15:00,5.190,49.80,0.000
2025-08-01T04:00:00,5.200,50.00,0.000
2025-08-01T03:45:00,5.190,47.70,0.000
2025-08-01T03:30:00,5.190,51.10,0.000
2025-08-01T03:15:00,5.200,50.80,0.000
2025-08-01T03:00:00,5.190,50.30,0.000
2025-08-01T02:45:00,5.200,51.20,0.000
2025-08-01T02:30:00,5.200,51.30,0.000
2025-08-01T02:15:00,5.190,50.30,0.000
2025-08-01T02:00:00,5.190,51.50,0.000
2025-08-01T01:45:00,5.190,50.80,0.000
2025-08-01T01:30:00,5.200,50.60,0.000
2025-08-01T01:15:00,5.180,49.90,0.000
2025-08-01T01:00:00,5.190,50.80,0.000
2025-08-01T00:45:00,5.190,49.60,0.000
2025-08-01T00:30:00,5.180,50.60,0.000
2025-08-01T00:15:00,5.190,51.40,0.000
2025-08-01T00:00:00,5.170,49.60,0.000
2025-07-31T23:45:00,5.180,51.30,0.000
2025-07-31T23:30:00,5.160,50.20,0.000
2025-07-31T23:15:00,5.170,49.80,0.000
2025-07-31T23:00:00,5.150,51.50,0.000
2025-07-31T22:45:00,5.160,50.80,0.000
2025-07-31T22:30:00,5.130,52.60,0.000
2025-07-31T22:15:00,5.120,50.60,0.000
2025-07-31T22:00:00,5.110,48.00,0.000
2025-07-31T21:45:00,5.090,49.40,0.000
2025-07-31T21:30:00,5.060,47.40,0.000
2025-07-31T21:15:00,5.000,45.50,0.000
2025-07-31T21:00:00,4.970,43.30,0.000
2025-07-31T20:45:00,4.890,40.80,0.000
2025-07-31T20:30:00,4.840,38.40,0.000
2025-07-31T20:15:00,4.780,36.10,0.000
2025-07-31T20:00:00,4.740,34.60,0.000
2025-07-31T19:45:00,4.730,32.50,0.000
2025-07-31T19:30:00,4.720,32.70,1.000
2025-07-31T19:15:00,4.730,33.30,1.500
2025-07-31T19:00:00,4.730,35.40,2.000
2025-07-31T18:45:00,4.730,32.40,0.000
2025-07-31T18:30:00,4.740,32.30,0.000
2025-07-31T18:15:00,4.750,32.60,0.000
2025-07-31T18:00:00,4.750,33.20,0.000
2025-07-31T17:45:00,4.760,32.40,0.000
2025-07-31T17:30:00,4.770,32.60,0.000
2025-07-31T17:15:00,4.770,32.60,0.000
2025-07-31T17:00:00,4.780,33.00,0.000
2025-07-31T16:45:00,4.790,32.50,0.000
2025-07-31T16:30:00,4.790,33.00,0.000
2025-07-31T16:15:00,4.800,33.00,0.000
2025-07-31T16:00:00,4.800,33.20,0.000
2025-07-31T15:45:00,4.800,32.40,0.000
2025-07-31T15:30:00,4.810,33.90,0.000
2025-07-31T15:15:00,4.830,33.30,0.000
2025-07-31T15:00:00,4.830,33.60,0.000
2025-07-31T14:45:00,4.840,33.10,0.000
2025-07-31T14:30:00,4.850,34.30,0.000
2025-07-31T14:15:00,4.860,34.20,0.000
2025-07-31T14:00:00,4.860,34.10,0.000
2025-07-31T13:45:00,4.870,34.30,0.000
2025-07-31T13:30:00,4.880,34.30,0.000
2025-07-31T13:15:00,4.890,35.10,0.000
2025-07-31T13:00:00,4.900,34.50,0.000
2025-07-31T12:45:00,4.920,35.50,0.000
2025-07-31T12:30:00,4.920,35.90,0.000
2025-07-31T12:15:00,4.930,36.30,0.000
2025-07-31T12:00:00,4.950,35.50,0.000
2025-07-31T11:45:00,4.960,35.90,0.000
2025-07-31T11:30:00,4.970,37.20,0.000
2025-07-31T11:15:00,4.980,36.10,0.000
2025-07-31T11:00:00,5.000,37.90,0.000
2025-07-31T10:45:00,5.010,35.70,0.000
2025-07-31T10:30:00,5.040,37.00,0.000
2025-07-31T10:15:00,5.050,38.80,0.000
2025-07-31T10:00:00,5.080,39.60,0.000
2025-07-31T09:45:00,5.100,40.30,0.000
2025-07-31T09:30:00,5.130,41.50,0.000
2025-07-31T09:15:00,5.150,42.60,0.000
2025-07-31T09:00:00,5.200,43.60,0.000
2025-07-31T08:45:00,5.230,45.90,0.000
2025-07-31T08:30:00,5.270,46.60,0.000
2025-07-31T08:15:00,5.290,47.50,0.000
2025-07-31T08:00:00,5.320,49.40,0.000
2025-07-31T07:45:00,5.340,55.60,0.000
2025-07-31T07:30:00,5.340,51.90,0.000
2025-07-31T07:15:00,5.340,52.40,0.000
2025-07-31T07:00:00,5.340,52.90,0.000
2025-07-31T06:45:00,5.350,52.60,0.000
2025-07-31T06:30:00,5.340,55.00,0.000
2025-07-31T06:15:00,5.360,55.20,0.000
2025-07-31T06:00:00,5.360,56.50,0.000
2025-07-31T05:45:00,5.360,52.40,0.000
2025-07-31T05:30:00,5.360,53.40,0.000
2025-07-31T05:15:00,5.360,52.90,0.000
2025-07-31T05:00:00,5.370,56.50,0.000
2025-07-31T04:45:00,5.370,54.30,0.000
2025-07-31T04:30:00,5.370,52.90,0.000
2025-07-31T04:15:00,5.380,56.40,0.000
2025-07-31T04:00:00,5.390,58.30,0.000
2025-07-31T03:45:00,5.390,58.80,0.000
2025-07-31T03:30:00,5.380,53.70,0.000
2025-07-31T03:15:00,5.400,59.40,0.000
2025-07-31T03:00:00,5.390,59.10,0.000
2025-07-31T02:45:00,5.400,58.10,0.000
2025-07-31T02:30:00,5.410,58.10,0.000
2025-07-31T02:15:00,5.400,59.50,0.000
2025-07-31T02:00:00,5.400,58.10,0.000
2025-07-31T01:45:00,5.420,61.40,0.000
2025-07-31T01:30:00,5.410,60.60,0.000
2025-07-31T01:15:00,5.410,59.20,0.000
2025-07-31T01:00:00,5.420,60.30,0.000
2025-07-31T00:45:00,5.410,58.40,0.000
2025-07-31T00:30:00,5.410,60.20,0.000
2025-07-31T00:15:00,5.410,63.70,0.000
2025-07-31T00:00:00,5.410,62.80,0.000
2025-07-30T23:45:00,5.410,62.50,0.000
2025-07-30T23:30:00,5.400,62.30,0.000
2025-07-30T23:15:00,5.400,61.10,0.000
2025-07-30T23:00:00,5.380,60.00,0.000
2025-07-30T22:45:00,5.380,59.60,0.000
2025-07-30T22:30:00,5.380,62.90,0.000
2025-07-30T22:15:00,5.360,62.10,0.000
2025-07-30T22:00:00,5.330,62.10,0.000
2025-07-30T21:45:00,5.310,60.30,0.000
2025-07-30T21:30:00,5.270,56.80,0.000
2025-07-30T21:15:00,5.250,56.80,0.000
2025-07-30T21:00:00,5.180,54.50,0.000
2025-07-30T20:45:00,5.110,51.20,0.000
2025-07-30T20:30:00,5.050,46.30,0.000
2025-07-30T20:15:00,4.980,44.10,0.000
2025-07-30T20:00:00,4.940,40.90,0.000
2025-07-30T19:45:00,4.910,39.90,0.000
2025-07-30T19:30:00,4.910,38.90,0.000
2025-07-30T19:15:00,4.910,37.90,0.000
2025-07-30T19:00:00,4.890,38.00,0.000
2025-07-30T18:45:00,4.900,37.70,0.000
2025-07-30T18:30:00,4.890,39.50,0.000
2025-07-30T18:15:00,4.890,37.70,0.000
2025-07-30T18:00:00,4.900,39.00,0.000
2025-07-30T17:45:00,4.890,37.60,0.000
2025-07-30T17:30:00,4.870,37.40,0.000
2025-07-30T17:15:00,4.880,38.40,0.000
2025-07-30T17:00:00,4.880,37.00,1.000
2025-07-30T16:45:00,4.850,38.50,13.000
2025-07-30T16:30:00,4.840,41.10,0.500
2025-07-30T16:15:00,4.830,38.10,0.000
2025-07-30T16:00:00,4.820,36.90,0.000
2025-07-30T15:45:00,4.800,35.80,0.000
2025-07-30T15:30:00,4.790,35.70,0.000
2025-07-30T15:15:00,4.790,35.40,0.000
2025-07-30T15:00:00,4.770,35.10,0.000
2025-07-30T14:45:00,4.780,34.00,0.000
2025-07-30T14:30:00,4.770,34.40,0.000
2025-07-30T14:15:00,4.760,34.00,0.000
2025-07-30T14:00:00,4.760,34.10,0.500
2025-07-30T13:45:00,4.760,32.90,0.000
2025-07-30T13:30:00,4.760,33.50,1.000
2025-07-30T13:15:00,4.760,36.10,1.500
2025-07-30T13:00:00,4.760,33.60,0.000
2025-07-30T12:45:00,4.770,33.20,0.000
2025-07-30T12:30:00,4.780,33.50,0.000
2025-07-30T12:15:00,4.780,32.50,0.000
2025-07-30T12:00:00,4.780,33.10,0.000
2025-07-30T11:45:00,4.770,32.90,0.000
2025-07-30T11:30:00,4.790,33.30,0.000
2025-07-30T11:15:00,4.790,33.90,0.000
2025-07-30T11:00:00,4.790,34.00,0.000
2025-07-30T10:45:00,4.810,35.60,0.000
2025-07-30T10:30:00,4.800,33.30,0.000
2025-07-30T10:15:00,4.810,34.20,0.000
2025-07-30T10:00:00,4.820,34.10,0.000
2025-07-30T09:45:00,4.810,35.40,0.000
2025-07-30T09:30:00,4.820,35.10,0.000
2025-07-30T09:15:00,4.830,35.00,0.000
2025-07-30T09:00:00,4.840,35.50,0.000
2025-07-30T08:45:00,4.840,35.70,0.000
2025-07-30T08:30:00,4.840,36.20,0.000
2025-07-30T08:15:00,4.840,36.50,0.000
2025-07-30T08:00:00,4.840,36.10,0.000
2025-07-30T07:45:00,4.860,36.70,0.000
2025-07-30T07:30:00,4.860,36.00,0.000
2025-07-30T07:15:00,4.860,37.00,0.000
2025-07-30T07:00:00,4.870,36.60,0.000
2025-07-30T06:45:00,4.870,37.40,0.000
2025-07-30T06:30:00,4.880,36.10,0.000
2025-07-30T06:15:00,4.890,35.50,0.000
2025-07-30T06:00:00,4.890,36.30,0.000
2025-07-30T05:45:00,4.890,37.40,0.000
2025-07-30T05:30:00,4.900,37.90,0.000
2025-07-30T05:15:00,4.920,39.60,0.000
2025-07-30T05:00:00,4.920,37.80,0.000
2025-07-30T04:45:00,4.920,38.20,0.000
2025-07-30T04:30:00,4.930,38.10,0.000
2025-07-30T04:15:00,4.940,38.70,0.000
2025-07-30T04:00:00,4.950,38.80,0.000
2025-07-30T03:45:00,4.950,37.90,0.000
2025-07-30T03:30:00,4.950,39.80,0.000
2025-07-30T03:15:00,4.970,38.90,0.000
2025-07-30T03:00:00,4.970,37.30,0.000
2025-07-30T02:45:00,4.980,39.90,0.000
2025-07-30T02:30:00,4.980,39.30,0.000
2025-07-30T02:15:00,4.990,39.50,0.000
2025-07-30T02:00:00,5.000,38.90,0.000
2025-07-30T01:45:00,5.010,39.90,0.000
2025-07-30T01:30:00,5.020,41.60,0.000
2025-07-30T01:15:00,5.030,41.60,0.000
2025-07-30T01:00:00,5.030,41.40,0.000
2025-07-30T00:45:00,5.040,41.20,0.000
2025-07-30T00:30:00,5.060,42.10,0.000
2025-07-30T00:15:00,5.050,41.40,0.000
2025-07-30T00:00:00,5.070,43.00,0.000
2025-07-29T23:45:00,5.060,42.30,0.000
2025-07-29T23:30:00,5.070,41.60,0.000
2025-07-29T23:15:00,5.080,43.00,0.000
2025-07-29T23:00:00,5.090,42.40,0.000
2025-07-29T22:45:00,5.100,43.50,0.000
2025-07-29T22:30:00,5.110,42.70,0.000
2025-07-29T22:15:00,5.110,42.30,0.000
2025-07-29T22:00:00,5.120,43.70,0.000
2025-07-29T21:45:00,5.120,43.30,0.000
2025-07-29T21:30:00,5.140,44.80,0.000
2025-07-29T21:15:00,5.150,45.40,0.000
2025-07-29T21:00:00,5.150,44.10,0.000
2025-07-29T20:45:00,5.160,44.80,0.000
2025-07-29T20:30:00,5.170,47.60,0.000
2025-07-29T20:15:00,5.190,45.70,0.000
2025-07-29T20:00:00,5.190,46.80,0.000
2025-07-29T19:45:00,5.190,47.10,0.000
2025-07-29T19:30:00,5.200,45.80,0.000
2025-07-29T19:15:00,5.210,47.00,0.000
2025-07-29T19:00:00,5.210,47.70,0.000
2025-07-29T18:45:00,5.210,46.50,0.000
2025-07-29T18:30:00,5.230,46.60,0.000
2025-07-29T18:15:00,5.230,47.40,0.000
2025-07-29T18:00:00,5.240,46.40,0.000
2025-07-29T17:45:00,5.250,47.00,0.000
2025-07-29T17:30:00,5.270,48.60,0.000
2025-07-29T17:15:00,5.270,48.00,0.000
2025-07-29T17:00:00,5.270,47.20,0.000
2025-07-29T16:45:00,5.280,49.00,0.000
2025-07-29T16:30:00,5.300,50.40,0.000
2025-07-29T16:15:00,5.300,50.20,0.000
2025-07-29T16:00:00,5.300,49.90,0.000
2025-07-29T15:45:00,5.310,49.10,0.000
2025-07-29T15:30:00,5.320,51.00,0.000
2025-07-29T15:15:00,5.320,50.90,0.000
2025-07-29T15:00:00,5.330,51.50,0.000
2025-07-29T14:45:00,5.330,50.40,0.000
2025-07-29T14:30:00,5.320,49.70,0.000
2025-07-29T14:15:00,5.320,49.10,0.000
2025-07-29T14:00:00,5.340,51.40,0.000
2025-07-29T13:45:00,5.340,52.20,0.000
2025-07-29T13:30:00,5.350,50.10,0.000
2025-07-29T13:15:00,5.350,49.80,0.000
2025-07-29T13:00:00,5.370,51.20,0.000
2025-07-29T12:45:00,5.380,50.40,0.000
2025-07-29T12:30:00,5.390,50.50,0.000
2025-07-29T12:15:00,5.410,52.60,1.500
2025-07-29T12:00:00,5.420,52.30,4.000
2025-07-29T11:45:00,5.450,55.00,4.000
2025-07-29T11:30:00,5.480,54.40,0.000
2025-07-29T11:15:00,5.510,54.60,2.000
2025-07-29T11:00:00,5.560,57.40,0.000
2025-07-29T10:45:00,5.590,61.90,0.000
2025-07-29T10:30:00,5.630,60.00,0.000
2025-07-29T10:15:00,5.670,65.60,0.000
2025-07-29T10:00:00,5.700,68.90,0.000
2025-07-29T09:45:00,5.730,69.30,0.000
2025-07-29T09:30:00,5.740,68.70,0.000
2025-07-29T09:15:00,5.750,73.20,0.000
2025-07-29T09:00:00,5.750,72.80,0.000
2025-07-29T08:45:00,5.770,75.50,0.000
2025-07-29T08:30:00,5.780,74.30,0.000
2025-07-29T08:15:00,5.800,73.90,0.000
2025-07-29T08:00:00,5.800,70.70,0.000
2025-07-29T07:45:00,5.820,70.50,0.000
2025-07-29T07:30:00,5.830,75.00,0.000
2025-07-29T07:15:00,5.850,79.90,0.000
2025-07-29T07:00:00,5.860,79.50,0.000
2025-07-29T06:45:00,5.870,77.80,0.000
2025-07-29T06:30:00,5.900,80.70,0.000
2025-07-29T06:15:00,5.910,79.40,0.000
2025-07-29T06:00:00,5.930,82.10,0.000
2025-07-29T05:45:00,5.940,80.80,0.000
2025-07-29T05:30:00,5.960,80.00,0.000
2025-07-29T05:15:00,5.970,84.50,0.000
2025-07-29T05:00:00,5.990,85.60,0.000
2025-07-29T04:45:00,6.000,86.10,0.000
2025-07-29T04:30:00,6.020,93.00,0.000
2025-07-29T04:15:00,6.040,89.30,0.000
2025-07-29T04:00:00,6.040,87.50,0.000
2025-07-29T03:45:00,6.050,87.30,0.000
2025-07-29T03:30:00,6.070,92.30,0.000
2025-07-29T03:15:00,6.080,95.10,0.000
2025-07-29T03:00:00,6.090,93.20,0.000
2025-07-29T02:45:00,6.100,92.60,0.000
2025-07-29T02:30:00,6.100,97.40,0.000
2025-07-29T02:15:00,6.100,92.70,0.000
2025-07-29T02:00:00,6.120,95.30,0.000
2025-07-29T01:45:00,6.120,99.70,0.000
2025-07-29T01:30:00,6.110,97.70,0.000
2025-07-29T01:15:00,6.110,99.50,0.000
2025-07-29T01:00:00,6.110,95.20,0.000
2025-07-29T00:45:00,6.100,97.50,0.000
2025-07-29T00:30:00,6.080,101.40,0.000
2025-07-29T00:15:00,6.060,100.80,0.000
2025-07-29T00:00:00,6.030,100.50,0.000
2025-07-28T23:45:00,6.010,103.30,0.000
2025-07-28T23:30:00,5.960,100.00,0.000
2025-07-28T23:15:00,5.910,100.00,0.000
2025-07-28T23:00:00,5.840,93.10,0.000
2025-07-28T22:45:00,5.770,91.80,0.000
2025-07-28T22:30:00,5.680,82.80,0.000
2025-07-28T22:15:00,5.550,74.70,0.500
2025-07-28T22:00:00,5.430,65.20,0.000
2025-07-28T21:45:00,5.320,61.40,0.000
2025-07-28T21:30:00,5.250,57.30,0.500
2025-07-28T21:15:00,5.180,52.90,0.000
2025-07-28T21:00:00,5.170,50.40,0.000
2025-07-28T20:45:00,5.140,48.30,0.000
2025-07-28T20:30:00,5.120,48.90,0.000
2025-07-28T20:15:00,5.110,47.80,0.500
2025-07-28T20:00:00,5.100,49.20,0.500
2025-07-28T19:45:00,5.090,48.10,0.500
2025-07-28T19:30:00,5.090,48.70,10.000
2025-07-28T19:15:00,5.080,52.70,2.500
2025-07-28T19:00:00,5.080,43.60,0.000
2025-07-28T18:45:00,5.080,45.20,0.500
2025-07-28T18:30:00,5.080,47.10,0.000
2025-07-28T18:15:00,5.090,46.60,0.000
2025-07-28T18:00:00,5.080,45.90,0.000
2025-07-28T17:45:00,5.090,46.90,0.000
2025-07-28T17:30:00,5.090,44.50,0.000
2025-07-28T17:15:00,5.080,44.30,0.000
2025-07-28T17:00:00,5.100,47.20,0.000
2025-07-28T16:45:00,5.100,47.10,0.000
2025-07-28T16:30:00,5.080,46.60,0.000
2025-07-28T16:15:00,5.100,46.70,0.000
2025-07-28T16:00:00,5.090,46.10,0.000
2025-07-28T15:45:00,5.100,47.10,0.000
2025-07-28T15:30:00,5.100,46.30,0.000
2025-07-28T15:15:00,5.100,47.00,0.000
2025-07-28T15:00:00,5.090,45.70,0.000
2025-07-28T14:45:00,5.090,46.40,0.000
2025-07-28T14:30:00,5.090,48.00,0.000
2025-07-28T14:15:00,5.110,46.00,0.000
2025-07-28T14:00:00,5.100,46.30,0.000
2025-07-28T13:45:00,5.100,45.50,0.000
2025-07-28T13:30:00,5.090,45.80,0.000
2025-07-28T13:15:00,5.100,47.30,0.000
2025-07-28T13:00:00,5.090,45.00,0.000
2025-07-28T12:45:00,5.090,46.10,0.000
2025-07-28T12:30:00,5.100,46.70,0.000
2025-07-28T12:15:00,5.080,45.30,0.000
2025-07-28T12:00:00,5.090,45.50,0.000
2025-07-28T11:45:00,5.080,45.10,0.000
2025-07-28T11:30:00,5.080,46.50,0.000
2025-07-28T11:15:00,5.070,45.30,0.000
2025-07-28T11:00:00,5.080,46.60,3.000
2025-07-28T10:45:00,5.080,53.40,2.500
2025-07-28T10:30:00,5.070,45.30,0.000
2025-07-28T10:15:00,5.080,44.30,0.000
2025-07-28T10:00:00,5.080,46.60,0.000
2025-07-28T09:45:00,5.080,46.70,0.000
2025-07-28T09:30:00,5.080,45.50,0.000
2025-07-28T09:15:00,5.080,45.70,0.000
2025-07-28T09:00:00,5.090,45.60,0.000
2025-07-28T08:45:00,5.090,46.70,0.000
2025-07-28T08:30:00,5.110,47.20,0.000
2025-07-28T08:15:00,5.100,46.30,0.000
2025-07-28T08:00:00,5.110,45.20,0.000
2025-07-28T07:45:00,5.110,46.60,0.000
2025-07-28T07:30:00,5.120,47.40,0.000
2025-07-28T07:15:00,5.120,49.10,0.000
2025-07-28T07:00:00,5.120,47.00,0.000
2025-07-28T06:45:00,5.130,48.10,0.000
2025-07-28T06:30:00,5.150,50.20,0.000
2025-07-28T06:15:00,5.140,49.20,0.000
2025-07-28T06:00:00,5.150,46.20,0.000
2025-07-28T05:45:00,5.140,49.50,0.000
2025-07-28T05:30:00,5.150,48.60,0.000
2025-07-28T05:15:00,5.150,49.20,0.000
2025-07-28T05:00:00,5.170,49.70,0.000
2025-07-28T04:45:00,5.160,48.50,0.000
2025-07-28T04:30:00,5.180,50.80,0.000
2025-07-28T04:15:00,5.180,50.00,0.000
2025-07-28T04:00:00,5.180,48.70,0.000
2025-07-28T03:45:00,5.190,49.20,0.000
2025-07-28T03:30:00,5.190,50.00,0.000
2025-07-28T03:15:00,5.200,49.00,0.000
2025-07-28T03:00:00,5.210,50.20,0.000
2025-07-28T02:45:00,5.200,51.60,0.000
2025-07-28T02:30:00,5.210,49.50,0.000
2025-07-28T02:15:00,5.220,52.40,0.000
2025-07-28T02:00:00,5.210,50.20,0.000
2025-07-28T01:45:00,5.230,53.00,0.000
2025-07-28T01:30:00,5.230,49.00,0.000
2025-07-28T01:15:00,5.230,51.00,0.000
2025-07-28T01:00:00,5.250,52.30,0.000
2025-07-28T00:45:00,5.250,49.10,0.000
2025-07-28T00:30:00,5.250,51.50,0.000
2025-07-28T00:15:00,5.260,49.70,0.000
2025-07-28T00:00:00,5.260,52.50,0.000
2025-07-27T23:45:00,5.260,50.70,0.000
2025-07-27T23:30:00,5.270,53.30,0.000
2025-07-27T23:15:00,5.280,54.40,0.000
2025-07-27T23:00:00,5.280,52.10,0.000
2025-07-27T22:45:00,5.290,53.30,0.000
2025-07-27T22:30:00,5.290,54.00,0.000
2025-07-27T22:15:00,5.300,52.90,0.000
2025-07-27T22:00:00,5.300,53.30,0.000
2025-07-27T21:45:00,5.310,54.20,0.000
2025-07-27T21:30:00,5.310,54.30,0.000
2025-07-27T21:15:00,5.320,52.40,0.000
2025-07-27T21:00:00,5.340,53.20,0.000
2025-07-27T20:45:00,5.340,56.50,0.000
2025-07-27T20:30:00,5.340,55.00,0.000
2025-07-27T20:15:00,5.340,56.40,0.000
2025-07-27T20:00:00,5.360,52.80,0.000
2025-07-27T19:45:00,5.370,55.80,0.000
2025-07-27T19:30:00,5.380,57.80,0.000
2025-07-27T19:15:00,5.390,56.20,0.000
2025-07-27T19:00:00,5.400,55.40,0.000
2025-07-27T18:45:00,5.400,54.90,0.000
2025-07-27T18:30:00,5.410,55.30,0.000
2025-07-27T18:15:00,5.420,59.90,0.000
2025-07-27T18:00:00,5.430,59.40,0.000
2025-07-27T17:45:00,5.430,58.80,0.000
2025-07-27T17:30:00,5.440,60.90,0.000
2025-07-27T17:15:00,5.460,57.70,0.000
2025-07-27T17:00:00,5.470,58.00,0.000
2025-07-27T16:45:00,5.470,58.00,0.000
2025-07-27T16:30:00,5.480,58.40,0.000
2025-07-27T16:15:00,5.490,59.70,0.000
2025-07-27T16:00:00,5.500,58.90,0.000
2025-07-27T15:45:00,5.510,60.90,0.000
2025-07-27T15:30:00,5.530,63.70,0.000
2025-07-27T15:15:00,5.530,60.30,0.000
2025-07-27T15:00:00,5.550,64.00,0.000
2025-07-27T14:45:00,5.560,65.50,0.000
2025-07-27T14:30:00,5.570,62.70,0.000
2025-07-27T14:15:00,5.580,65.50,0.000
2025-07-27T14:00:00,5.600,67.70,0.000
2025-07-27T13:45:00,5.610,68.90,0.000
2025-07-27T13:30:00,5.630,70.30,0.000
2025-07-27T13:15:00,5.640,68.90,0.000
2025-07-27T13:00:00,5.650,69.10,0.000
2025-07-27T12:45:00,5.670,68.50,0.000
2025-07-27T12:30:00,5.680,69.00,0.000
2025-07-27T12:15:00,5.700,70.50,0.000
2025-07-27T12:00:00,5.720,69.90,0.000
2025-07-27T11:45:00,5.730,71.90,0.000
2025-07-27T11:30:00,5.750,77.70,0.000
2025-07-27T11:15:00,5.770,70.20,0.000
2025-07-27T11:00:00,5.780,71.10,0.000
2025-07-27T10:45:00,5.800,78.60,0.000
2025-07-27T10:30:00,5.820,79.70,0.000
2025-07-27T10:15:00,5.840,81.30,0.000
2025-07-27T10:00:00,5.850,77.50,0.000
2025-07-27T09:45:00,5.860,80.30,0.000
2025-07-27T09:30:00,5.880,82.80,0.000
2025-07-27T09:15:00,5.890,82.50,0.000
2025-07-27T09:00:00,5.900,84.20,0.000
2025-07-27T08:45:00,5.900,82.40,0.000
2025-07-27T08:30:00,5.920,82.90,0.000
2025-07-27T08:15:00,5.930,84.60,0.000
2025-07-27T08:00:00,5.950,82.40,0.000
2025-07-27T07:45:00,5.970,83.50,0.000
2025-07-27T07:30:00,5.980,85.40,0.000
2025-07-27T07:15:00,6.000,87.90,0.000
2025-07-27T07:00:00,6.010,88.00,0.000
2025-07-27T06:45:00,6.020,88.90,0.000
2025-07-27T06:30:00,6.040,92.90,0.000
2025-07-27T06:15:00,6.050,91.90,0.000
2025-07-27T06:00:00,6.060,91.50,0.000
2025-07-27T05:45:00,6.060,93.20,0.000
2025-07-27T05:30:00,6.070,95.10,0.000
2025-07-27T05:15:00,6.060,91.90,0.000
2025-07-27T05:00:00,6.050,94.00,0.000
2025-07-27T04:45:00,6.060,97.50,0.000
2025-07-27T04:30:00,6.040,96.90,0.000
2025-07-27T04:15:00,6.020,93.90,0.000
2025-07-27T04:00:00,6.020,95.20,0.000
2025-07-27T03:45:00,6.000,95.80,0.000
2025-07-27T03:30:00,5.990,93.20,0.000
2025-07-27T03:15:00,5.980,93.00,0.500
2025-07-27T03:00:00,5.960,94.40,0.000
2025-07-27T02:45:00,5.920,90.70,0.000
2025-07-27T02:30:00,5.910,92.00,0.000
2025-07-27T02:15:00,5.880,89.80,0.000
2025-07-27T02:00:00,5.840,91.40,0.000
2025-07-27T01:45:00,5.810,86.60,0.000
2025-07-27T01:30:00,5.790,86.20,0.000
2025-07-27T01:15:00,5.730,82.70,0.500
2025-07-27T01:00:00,5.700,81.90,0.000
2025-07-27T00:45:00,5.650,80.50,0.500
2025-07-27T00:30:00,5.570,79.50,0.500
2025-07-27T00:15:00,5.490,69.10,0.000
2025-07-27T00:00:00,5.430,69.20,0.000
2025-08-09T23:45:00,4.540,26.80,0.000
2025-08-09T23:30:00,4.530,26.40,0.000
2025-08-09T23:15:00,4.530,26.70,0.000
2025-08-09T23:00:00,4.530,26.30,0.000
2025-08-09T22:45:00,4.540,27.10,0.000
2025-08-09T22:30:00,4.540,26.60,0.000
2025-08-09T22:15:00,4.530,26.40,0.000
2025-08-09T22:00:00,4.540,26.40,0.000
2025-08-09T21:45:00,4.540,26.20,0.000
2025-08-09T21:30:00,4.540,26.80,0.000
2025-08-09T21:15:00,4.550,27.00,0.000
2025-08-09T21:00:00,4.550,27.60,0.000
2025-08-09T20:45:00,4.540,26.30,0.000
2025-08-09T20:30:00,4.550,27.00,0.000
2025-08-09T20:15:00,4.540,26.30,0.000
2025-08-09T20:00:00,4.540,26.70,0.000
2025-08-09T19:45:00,4.540,27.40,0.000
2025-08-09T19:30:00,4.540,26.50,0.000
2025-08-09T19:15:00,4.550,26.70,0.000
2025-08-09T19:00:00,4.550,27.00,0.000
2025-08-09T18:45:00,4.550,28.00,0.000
2025-08-09T18:30:00,4.550,27.10,0.000
2025-08-09T18:15:00,4.550,27.20,0.000
2025-08-09T18:00:00,4.560,27.30,0.000
2025-08-09T17:45:00,4.550,26.30,0.000
2025-08-09T17:30:00,4.550,26.50,0.000
2025-08-09T17:15:00,4.560,27.00,0.000
2025-08-09T17:00:00,4.550,27.20,0.000
2025-08-09T16:45:00,4.560,27.20,0.000
2025-08-09T16:30:00,4.560,26.80,0.000
2025-08-09T16:15:00,4.550,26.90,0.000
2025-08-09T16:00:00,4.560,27.40,0.000
2025-08-09T15:45:00,4.560,27.00,0.000
2025-08-09T15:30:00,4.560,27.90,0.000
2025-08-09T15:15:00,4.570,27.70,0.000
2025-08-09T15:00:00,4.560,27.90,0.000
2025-08-09T14:45:00,4.560,27.00,0.000
2025-08-09T14:30:00,4.570,27.30,0.000
2025-08-09T14:15:00,4.570,27.30,0.000
2025-08-09T14:00:00,4.570,26.70,0.000
2025-08-09T13:45:00,4.570,27.40,0.000
2025-08-09T13:30:00,4.580,28.40,0.000
2025-08-09T13:15:00,4.580,27.80,0.000
2025-08-09T13:00:00,4.580,27.50,0.000
2025-08-09T12:45:00,4.590,28.60,0.000
2025-08-09T12:30:00,4.590,28.60,0.000
2025-08-09T12:15:00,4.600,27.90,0.000
2025-08-09T12:00:00,4.610,28.70,0.000
2025-08-09T11:45:00,4.620,29.40,0.000
2025-08-09T11:30:00,4.620,28.40,0.000
2025-08-09T11:15:00,4.640,29.30,0.000
2025-08-09T11:00:00,4.660,30.90,0.000
2025-08-09T10:45:00,4.690,30.80,0.000
2025-08-09T10:30:00,4.710,31.60,0.000
2025-08-09T10:15:00,4.710,33.80,0.000
2025-08-09T10:00:00,4.740,34.90,0.000
2025-08-09T09:45:00,4.740,34.10,0.000
2025-08-09T09:30:00,4.730,34.20,0.000
2025-08-09T09:15:00,4.740,34.60,0.000
2025-08-09T09:00:00,4.740,33.90,0.000
2025-08-09T08:45:00,4.750,34.60,0.000
2025-08-09T08:30:00,4.740,35.20,0.000
2025-08-09T08:15:00,4.760,35.80,0.000
2025-08-09T08:00:00,4.750,35.90,0.000
2025-08-09T07:45:00,4.760,34.70,0.000
2025-08-09T07:30:00,4.750,35.00,0.000
2025-08-09T07:15:00,4.750,35.80,0.000
2025-08-09T07:00:00,4.750,35.40,0.000
2025-08-09T06:45:00,4.750,32.90,0.000
2025-08-09T06:30:00,4.760,34.20,0.000
2025-08-09T06:15:00,4.760,35.40,0.000
2025-08-09T06:00:00,4.750,34.80,0.000
2025-08-09T05:45:00,4.750,35.60,0.000
2025-08-09T05:30:00,4.760,35.60,0.000
2025-08-09T05:15:00,4.750,34.60,0.000
2025-08-09T05:00:00,4.750,34.70,0.000
2025-08-09T04:45:00,4.760,34.20,0.000
2025-08-09T04:30:00,4.770,35.00,0.000
2025-08-09T04:15:00,4.760,35.10,0.000
2025-08-09T04:00:00,4.760,35.20,0.000
2025-08-09T03:45:00,4.760,35.20,0.000
2025-08-09T03:30:00,4.760,35.00,0.000
2025-08-09T03:15:00,4.760,35.70,0.000
2025-08-09T03:00:00,4.770,35.70,0.000
2025-08-09T02:45:00,4.770,35.30,0.000
2025-08-09T02:30:00,4.760,35.30,0.000
2025-08-09T02:15:00,4.760,36.50,0.000
2025-08-09T02:00:00,4.760,33.90,0.000
2025-08-09T01:45:00,4.770,36.70,0.000
2025-08-09T01:30:00,4.760,34.80,0.000
2025-08-09T01:15:00,4.760,34.20,0.000
2025-08-09T01:00:00,4.770,35.30,0.000
2025-08-09T00:45:00,4.760,35.50,0.000
2025-08-09T00:30:00,4.760,35.20,0.000
2025-08-09T00:15:00,4.760,34.90,0.000
2025-08-09T00:00:00,4.760,34.50,0.000
2025-08-08T23:45:00,4.760,35.00,0.000
2025-08-08T23:30:00,4.770,35.00,0.000
2025-08-08T23:15:00,4.770,35.40,0.000
2025-08-08T23:00:00,4.770,36.00,0.000
2025-08-08T22:45:00,4.790,36.70,0.000
2025-08-08T22:30:00,4.780,35.80,0.000
2025-08-08T22:15:00,4.770,36.10,0.000
2025-08-08T22:00:00,4.780,35.60,0.000
2025-08-08T21:45:00,4.780,35.90,0.000
2025-08-08T21:30:00,4.780,36.90,0.000
2025-08-08T21:15:00,4.780,35.50,0.000
2025-08-08T21:00:00,4.780,36.90,0.000
2025-08-08T20:45:00,4.790,35.70,0.000
2025-08-08T20:30:00,4.790,36.50,0.000
2025-08-08T20:15:00,4.790,35.50,0.000
2025-08-08T20:00:00,4.780,36.10,0.000
2025-08-08T19:45:00,4.790,34.60,0.000
2025-08-08T19:30:00,4.790,35.50,0.000
2025-08-08T19:15:00,4.790,35.50,0.000
2025-08-08T19:00:00,4.790,34.10,0.000
2025-08-08T18:45:00,4.800,36.90,0.000
2025-08-08T18:30:00,4.790,36.00,0.000
2025-08-08T18:15:00,4.800,34.90,0.000
2025-08-08T18:00:00,4.800,35.80,0.000
2025-08-08T17:45:00,4.790,35.70,0.000
2025-08-08T17:30:00,4.810,35.60,0.000
2025-08-08T17:15:00,4.790,34.90,0.000
2025-08-08T17:00:00,4.810,35.10,0.000
2025-08-08T16:45:00,4.810,37.00,0.000
2025-08-08T16:30:00,4.810,35.50,0.000
2025-08-08T16:15:00,4.810,33.80,0.000
2025-08-08T16:00:00,4.800,36.20,0.000
2025-08-08T15:45:00,4.800,35.30,0.000
2025-08-08T15:30:00,4.810,36.10,0.000
2025-08-08T15:15:00,4.810,35.80,0.000
2025-08-08T15:00:00,4.820,36.50,0.000
2025-08-08T14:45:00,4.810,36.80,0.000
2025-08-08T14:30:00,4.820,35.40,0.000
2025-08-08T14:15:00,4.820,35.30,0.000
2025-08-08T14:00:00,4.830,36.40,0.000
2025-08-08T13:45:00,4.830,37.00,0.000
2025-08-08T13:30:00,4.830,36.60,0.000
2025-08-08T13:15:00,4.830,35.70,0.000
2025-08-08T13:00:00,4.840,36.60,0.000
2025-08-08T12:45:00,4.840,35.30,0.000
2025-08-08T12:30:00,4.840,35.40,0.000
2025-08-08T12:15:00,4.850,35.60,0.000
2025-08-08T12:00:00,4.860,36.30,0.000
2025-08-08T11:45:00,4.870,37.90,0.000
2025-08-08T11:30:00,4.870,35.80,0.000
2025-08-08T11:15:00,4.890,37.50,0.000
2025-08-08T11:00:00,4.890,38.50,0.000
2025-08-08T10:45:00,4.900,39.80,0.000
2025-08-08T10:30:00,4.920,39.80,0.000
2025-08-08T10:15:00,4.920,39.50,0.000
2025-08-08T10:00:00,4.920,38.40,0.000
2025-08-08T09:45:00,4.930,40.10,0.000
2025-08-08T09:30:00,4.930,38.70,0.000
2025-08-08T09:15:00,4.930,39.80,0.000
2025-08-08T09:00:00,4.930,40.30,0.000
2025-08-08T08:45:00,4.930,39.20,0.000
2025-08-08T08:30:00,4.940,41.70,0.000
2025-08-08T08:15:00,4.940,40.50,0.000
2025-08-08T08:00:00,4.950,41.70,0.000
2025-08-08T07:45:00,4.950,40.80,0.000
2025-08-08T07:30:00,4.940,39.90,0.000
2025-08-08T07:15:00,4.940,41.40,0.000
2025-08-08T07:00:00,4.950,41.70,0.000
2025-08-08T06:45:00,4.950,39.20,0.000
2025-08-08T06:30:00,4.950,41.80,0.000
2025-08-08T06:15:00,4.940,42.00,0.000
2025-08-08T06:00:00,4.950,40.20,0.000
2025-08-08T05:45:00,4.940,41.00,0.000
2025-08-08T05:30:00,4.940,41.50,0.000
2025-08-08T05:15:00,4.950,39.70,0.000
2025-08-08T05:00:00,4.950,39.90,0.000
2025-08-08T04:45:00,4.940,41.50,0.000
2025-08-08T04:30:00,4.950,40.90,0.000
2025-08-08T04:15:00,4.960,41.90,0.000
2025-08-08T04:00:00,4.950,41.20,0.000
2025-08-08T03:45:00,4.950,41.60,0.000
2025-08-08T03:30:00,4.950,41.30,0.000
2025-08-08T03:15:00,4.950,42.30,0.000
2025-08-08T03:00:00,4.950,41.70,0.000
2025-08-08T02:45:00,4.950,41.80,0.000
2025-08-08T02:30:00,4.940,41.10,0.000
2025-08-08T02:15:00,4.960,41.70,0.000
2025-08-08T02:00:00,4.950,41.50,0.000
2025-08-08T01:45:00,4.940,41.30,0.000
2025-08-08T01:30:00,4.950,41.10,0.000
2025-08-08T01:15:00,4.950,40.60,0.000
2025-08-08T01:00:00,4.930,37.90,0.000
2025-08-08T00:45:00,4.940,39.60,0.000
2025-08-08T00:30:00,4.940,39.00,0.000
2025-08-08T00:15:00,4.950,39.20,0.000
2025-08-08T00:00:00,4.940,39.00,0.000
2025-08-07T23:45:00,4.940,41.30,0.000
2025-08-07T23:30:00,4.940,40.90,0.000
2025-08-07T23:15:00,4.940,40.60,0.000
2025-08-07T23:00:00,4.940,41.50,0.000
2025-08-07T22:45:00,4.940,41.20,0.000
2025-08-07T22:30:00,4.930,39.80,0.000
2025-08-07T22:15:00,4.940,39.70,0.000
2025-08-07T22:00:00,4.940,39.90,0.000
2025-08-07T21:45:00,4.940,41.10,0.000
2025-08-07T21:30:00,4.930,39.70,0.000
2025-08-07T21:15:00,4.920,38.10,0.000
2025-08-07T21:00:00,4.930,40.20,0.000
2025-08-07T20:45:00,4.930,41.00,0.000
2025-08-07T20:30:00,4.930,40.20,0.000
2025-08-07T20:15:00,4.930,41.80,0.000
2025-08-07T20:00:00,4.940,41.80,0.000
2025-08-07T19:45:00,4.940,40.40,0.000
2025-08-07T19:30:00,4.940,41.40,0.000
2025-08-07T19:15:00,4.940,40.70,0.000
2025-08-07T19:00:00,4.940,39.50,0.000
2025-08-07T18:45:00,4.940,41.20,0.000
2025-08-07T18:30:00,4.930,41.30,0.000
2025-08-07T18:15:00,4.930,42.20,0.000
2025-08-07T18:00:00,4.930,41.80,0.000
2025-08-07T17:45:00,4.920,40.30,0.000
2025-08-07T17:30:00,4.910,41.00,0.500
2025-08-07T17:15:00,4.920,43.10,1.000
2025-08-07T17:00:00,4.910,43.90,3.000
2025-08-07T16:45:00,4.910,43.70,11.000
2025-08-07T16:30:00,4.890,40.70,0.000
2025-08-07T16:15:00,4.890,39.90,0.000
2025-08-07T16:00:00,4.900,40.30,0.000
2025-08-07T15:45:00,4.900,39.90,0.000
2025-08-07T15:30:00,4.890,39.60,0.000
2025-08-07T15:15:00,4.900,39.20,0.000
2025-08-07T15:00:00,4.900,37.90,0.000
2025-08-07T14:45:00,4.890,39.30,0.000
2025-08-07T14:30:00,4.890,37.50,0.000
2025-08-07T14:15:00,4.890,38.80,0.000
2025-08-07T14:00:00,4.900,39.50,0.000
2025-08-07T13:45:00,4.900,40.60,0.000
2025-08-07T13:30:00,4.890,39.50,0.000
2025-08-07T13:15:00,4.910,40.30,0.000
2025-08-07T13:00:00,4.910,40.10,0.000
2025-08-07T12:45:00,4.910,39.90,0.000
2025-08-07T12:30:00,4.920,40.60,0.000
2025-08-07T12:15:00,4.910,38.10,0.000
2025-08-07T12:00:00,4.930,39.90,0.000
2025-08-07T11:45:00,4.940,40.50,0.000
2025-08-07T11:30:00,4.950,40.70,0.000
2025-08-07T11:15:00,4.960,39.60,0.000
2025-08-07T11:00:00,4.970,41.20,0.000
2025-08-07T10:45:00,4.990,43.40,0.000
2025-08-07T10:30:00,5.000,44.90,0.000
2025-08-07T10:15:00,5.000,44.40,0.000
2025-08-07T10:00:00,5.020,44.60,0.000
2025-08-07T09:45:00,5.020,45.90,0.000
2025-08-07T09:30:00,5.020,45.30,0.000
2025-08-07T09:15:00,5.020,45.10,0.000
2025-08-07T09:00:00,5.020,44.90,0.000
2025-08-07T08:45:00,5.020,45.30,0.000
2025-08-07T08:30:00,5.020,43.90,0.000
2025-08-07T08:15:00,5.020,45.80,0.000
2025-08-07T08:00:00,5.010,44.80,0.000
2025-08-07T07:45:00,5.030,47.00,0.000
2025-08-07T07:30:00,5.020,45.30,0.000
2025-08-07T07:15:00,5.020,45.30,0.000
2025-08-07T07:00:00,5.020,44.60,0.000
2025-08-07T06:45:00,5.020,45.60,0.000
2025-08-07T06:30:00,5.030,44.40,0.000
2025-08-07T06:15:00,5.030,46.00,0.000
2025-08-07T06:00:00,5.030,45.70,0.000
2025-08-07T05:45:00,5.020,44.90,0.000
2025-08-07T05:30:00,5.030,44.60,0.000
2025-08-07T05:15:00,5.030,46.40,0.000
2025-08-07T05:00:00,5.020,46.80,0.000
2025-08-07T04:45:00,5.040,45.10,0.000
2025-08-07T04:30:00,5.030,46.10,0.000
2025-08-07T04:15:00,5.040,43.40,0.000
2025-08-07T04:00:00,5.040,47.20,0.000
2025-08-07T03:45:00,5.040,45.10,0.000
2025-08-07T03:30:00,5.040,45.10,0.000
2025-08-07T03:15:00,5.040,44.60,0.000
2025-08-07T03:00:00,5.040,46.50,0.000
2025-08-07T02:45:00,5.030,44.30,0.000
2025-08-07T02:30:00,5.030,42.80,0.000
2025-08-07T02:15:00,5.040,47.30,0.000
2025-08-07T02:00:00,5.040,46.50,0.000
2025-08-07T01:45:00,5.040,45.30,0.000
2025-08-07T01:30:00,5.030,46.60,0.000
2025-08-07T01:15:00,5.040,45.60,0.000
2025-08-07T01:00:00,5.040,46.00,0.000
2025-08-07T00:45:00,5.040,46.90,0.000
2025-08-07T00:30:00,5.050,46.30,0.000
2025-08-07T00:15:00,5.050,45.30,0.000
2025-08-07T00:00:00,5.040,47.50,0.000
2025-08-06T23:45:00,5.050,45.00,0.000
2025-08-06T23:30:00,5.050,46.00,0.000
2025-08-06T23:15:00,5.060,45.50,0.000
2025-08-06T23:00:00,5.050,46.20,0.000
2025-08-06T22:45:00,5.060,49.80,0.500
2025-08-06T22:30:00,5.060,50.70,0.500
2025-08-06T22:15:00,5.050,46.60,0.000
2025-08-06T22:00:00,5.040,45.90,0.000
2025-08-06T21:45:00,5.060,45.80,0.000
2025-08-06T21:30:00,5.050,46.20,0.000
2025-08-06T21:15:00,5.050,46.10,0.000
2025-08-06T21:00:00,5.060,45.80,0.000
2025-08-06T20:45:00,5.070,47.30,0.000
2025-08-06T20:30:00,5.060,46.20,0.000
2025-08-06T20:15:00,5.050,45.50,0.000
2025-08-06T20:00:00,5.070,45.00,0.000
2025-08-06T19:45:00,5.050,44.60,0.000
2025-08-06T19:30:00,5.070,49.00,0.000
2025-08-06T19:15:00,5.060,45.50,0.000
2025-08-06T19:00:00,5.050,45.00,0.000
2025-08-06T18:45:00,5.060,47.10,0.000
2025-08-06T18:30:00,5.080,45.90,0.000
2025-08-06T18:15:00,5.070,47.20,0.000
2025-08-06T18:00:00,5.070,46.50,0.000
2025-08-06T17:45:00,5.070,47.20,0.000
2025-08-06T17:30:00,5.070,47.30,0.000
2025-08-06T17:15:00,5.070,47.00,0.000
2025-08-06T17:00:00,5.080,45.60,0.000
2025-08-06T16:45:00,5.070,45.70,0.000
2025-08-06T16:30:00,5.070,46.50,0.000
2025-08-06T16:15:00,5.070,46.80,0.000
2025-08-06T16:00:00,5.080,47.40,0.000
2025-08-06T15:45:00,5.080,48.50,0.000
2025-08-06T15:30:00,5.080,47.90,0.000
2025-08-06T15:15:00,5.080,46.40,0.000
2025-08-06T15:00:00,5.090,48.00,0.000
2025-08-06T14:45:00,5.080,47.20,0.000
2025-08-06T14:30:00,5.080,46.90,0.000
2025-08-06T14:15:00,5.090,47.10,0.000
2025-08-06T14:00:00,5.090,47.60,0.000
2025-08-06T13:45:00,5.090,46.40,0.000
2025-08-06T13:30:00,5.090,47.40,0.000
2025-08-06T13:15:00,5.090,45.90,0.000
2025-08-06T13:00:00,5.080,46.60,0.000
2025-08-06T12:45:00,5.090,46.70,0.000
2025-08-06T12:30:00,5.090,47.90,0.000
2025-08-06T12:15:00,5.090,45.90,0.000
2025-08-06T12:00:00,5.090,48.40,0.000
2025-08-06T11:45:00,5.090,47.00,0.000
2025-08-06T11:30:00,5.100,47.20,0.000
2025-08-06T11:15:00,5.110,48.20,0.000
2025-08-06T11:00:00,5.100,48.00,0.000
2025-08-06T10:45:00,5.100,49.20,0.000
2025-08-06T10:30:00,5.110,48.00,0.000
2025-08-06T10:15:00,5.110,47.20,0.000
2025-08-06T10:00:00,5.110,47.20,0.000
2025-08-06T09:45:00,5.110,49.20,0.000
2025-08-06T09:30:00,5.120,47.80,0.000
2025-08-06T09:15:00,5.120,44.40,0.000
2025-08-06T09:00:00,5.130,48.80,0.000
2025-08-06T08:45:00,5.130,47.60,0.000
2025-08-06T08:30:00,5.140,48.70,0.000
2025-08-06T08:15:00,5.130,47.60,0.000
2025-08-06T08:00:00,5.140,49.60,0.000
2025-08-06T07:45:00,5.140,48.70,0.000
2025-08-06T07:30:00,5.150,48.00,0.000
2025-08-06T07:15:00,5.140,49.90,0.000
2025-08-06T07:00:00,5.140,49.20,0.000
2025-08-06T06:45:00,5.150,50.80,0.000
2025-08-06T06:30:00,5.150,50.20,0.000
2025-08-06T06:15:00,5.140,48.50,0.000
2025-08-06T06:00:00,5.160,49.90,0.000
2025-08-06T05:45:00,5.170,51.00,0.000
2025-08-06T05:30:00,5.150,48.50,0.000
2025-08-06T05:15:00,5.160,48.80,0.000
2025-08-06T05:00:00,5.160,48.20,0.000
2025-08-06T04:45:00,5.150,49.10,0.000
2025-08-06T04:30:00,5.160,50.30,0.000
2025-08-06T04:15:00,5.170,48.50,0.000
2025-08-06T04:00:00,5.160,50.20,0.000
2025-08-06T03:45:00,5.170,49.70,0.000
2025-08-06T03:30:00,5.170,49.90,0.000
2025-08-06T03:15:00,5.170,49.10,0.000
2025-08-06T03:00:00,5.170,46.90,0.000
2025-08-06T02:45:00,5.170,50.30,0.000
2025-08-06T02:30:00,5.180,50.80,0.000
2025-08-06T02:15:00,5.180,49.20,0.000
2025-08-06T02:00:00,5.190,53.00,0.000
2025-08-06T01:45:00,5.180,50.50,0.000
2025-08-06T01:30:00,5.190,51.20,0.000
2025-08-06T01:15:00,5.190,50.10,0.000
2025-08-06T01:00:00,5.190,51.00,0.000
2025-08-06T00:45:00,5.200,50.50,0.000
2025-08-06T00:30:00,5.190,50.30,0.000
2025-08-06T00:15:00,5.190,50.80,0.000
2025-08-06T00:00:00,5.210,50.90,0.000
2025-08-05T23:45:00,5.210,51.80,0.000
2025-08-05T23:30:00,5.220,51.80,0.000
2025-08-05T23:15:00,5.210,52.50,0.000
2025-08-05T23:00:00,5.210,51.00,0.000
2025-08-05T22:45:00,5.210,51.30,0.000
2025-08-05T22:30:00,5.210,51.80,0.000
2025-08-05T22:15:00,5.220,50.90,0.000
2025-08-05T22:00:00,5.220,51.20,0.000
2025-08-05T21:45:00,5.230,51.60,0.000
2025-08-05T21:30:00,5.230,51.30,0.000
2025-08-05T21:15:00,5.240,52.00,0.000
2025-08-05T21:00:00,5.230,51.70,0.000
2025-08-05T20:45:00,5.240,52.90,0.000
2025-08-05T20:30:00,5.240,53.00,0.000
2025-08-05T20:15:00,5.240,52.70,0.000
2025-08-05T20:00:00,5.260,53.00,0.000
2025-08-05T19:45:00,5.250,52.20,0.000
2025-08-05T19:30:00,5.260,49.10,0.000
2025-08-05T19:15:00,5.260,52.90,0.000
2025-08-05T19:00:00,5.270,52.30,0.000
2025-08-05T18:45:00,5.270,51.70,0.000
2025-08-05T18:30:00,5.280,53.70,0.000
2025-08-05T18:15:00,5.270,52.70,0.000
2025-08-05T18:00:00,5.290,54.70,0.000
2025-08-05T17:45:00,5.290,54.50,0.000
2025-08-05T17:30:00,5.290,52.80,0.000
2025-08-05T17:15:00,5.290,54.90,0.000
2025-08-05T17:00:00,5.300,54.50,0.000
2025-08-05T16:45:00,5.310,55.20,0.000
2025-08-05T16:30:00,5.300,54.20,0.000
2025-08-05T16:15:00,5.320,55.60,0.000
2025-08-05T16:00:00,5.320,55.40,0.000
2025-08-05T15:45:00,5.320,54.70,0.000
2025-08-05T15:30:00,5.330,58.30,0.000
2025-08-05T15:15:00,5.340,57.10,0.000
2025-08-05T15:00:00,5.340,57.80,0.000
2025-08-05T14:45:00,5.340,59.50,0.000
2025-08-05T14:30:00,5.330,59.80,0.000
2025-08-05T14:15:00,5.340,59.60,0.000
2025-08-05T14:00:00,5.300,57.20,0.000
2025-08-05T13:45:00,5.300,58.80,0.000
2025-08-05T13:30:00,5.260,56.60,0.000
2025-08-05T13:15:00,5.220,54.70,0.000
2025-08-05T13:00:00,5.180,53.50,0.000
2025-08-05T12:45:00,5.170,50.80,0.000
2025-08-05T12:30:00,5.150,50.20,0.000
2025-08-05T12:15:00,5.130,50.20,0.000
2025-08-05T12:00:00,5.130,50.60,0.000
2025-08-05T11:45:00,5.120,49.00,0.000
2025-08-05T11:30:00,5.130,51.50,0.000
2025-08-05T11:15:00,5.130,49.20,0.000
2025-08-05T11:00:00,5.120,47.80,0.000
2025-08-05T10:45:00,5.110,47.50,0.000
2025-08-05T10:30:00,5.110,49.10,0.000
2025-08-05T10:15:00,5.110,48.70,0.000
2025-08-05T10:00:00,5.110,48.60,0.000
2025-08-05T09:45:00,5.100,50.20,1.500
2025-08-05T09:30:00,5.090,50.40,4.000
2025-08-05T09:15:00,5.090,47.70,0.000
2025-08-05T09:00:00,5.090,48.40,0.000
2025-08-05T08:45:00,5.090,45.90,0.000
2025-08-05T08:30:00,5.090,47.20,0.000
2025-08-05T08:15:00,5.100,48.60,0.000
2025-08-05T08:00:00,5.100,48.00,0.000
2025-08-05T07:45:00,5.090,45.90,0.000
2025-08-05T07:30:00,5.090,48.50,0.000
2025-08-05T07:15:00,5.100,47.90,0.000
2025-08-05T07:00:00,5.090,47.90,0.000
2025-08-05T06:45:00,5.100,47.40,0.000
2025-08-05T06:30:00,5.100,48.80,0.000
2025-08-05T06:15:00,5.110,47.50,0.000
2025-08-05T06:00:00,5.110,48.20,0.000
2025-08-05T05:45:00,5.100,48.10,0.000
2025-08-05T05:30:00,5.100,48.00,0.000
2025-08-05T05:15:00,5.110,47.50,0.000
2025-08-05T05:00:00,5.110,48.30,0.000
2025-08-05T04:45:00,5.110,48.50,0.000
2025-08-05T04:30:00,5.110,49.00,0.000
2025-08-05T04:15:00,5.120,49.10,0.000
2025-08-05T04:00:00,5.110,48.30,0.000
2025-08-05T03:45:00,5.110,47.50,0.000
2025-08-05T03:30:00,5.110,46.80,0.000
2025-08-05T03:15:00,5.120,49.20,0.000
2025-08-05T03:00:00,5.120,47.40,0.000
2025-08-05T02:45:00,5.120,48.00,0.000
2025-08-05T02:30:00,5.110,47.40,0.000
2025-08-05T02:15:00,5.110,47.80,0.000
2025-08-05T02:00:00,5.120,50.00,0.000
2025-08-05T01:45:00,5.130,48.50,0.000
2025-08-05T01:30:00,5.120,47.90,0.000
2025-08-05T01:15:00,5.120,48.80,0.000
2025-08-05T01:00:00,5.130,49.00,0.000
2025-08-05T00:45:00,5.120,49.20,0.000
2025-08-05T00:30:00,5.120,47.60,0.000
2025-08-05T00:15:00,5.120,47.50,0.000
2025-08-05T00:00:00,5.140,47.40,0.000
2025-08-04T23:45:00,5.120,48.20,0.000
2025-08-04T23:30:00,5.130,49.10,0.000
2025-08-04T23:15:00,5.130,48.70,0.000
2025-08-04T23:00:00,5.130,49.70,0.000
2025-08-04T22:45:00,5.140,49.00,0.000
2025-08-04T22:30:00,5.130,49.40,0.000
2025-08-04T22:15:00,5.140,48.40,0.000
2025-08-04T22:00:00,5.150,51.10,0.000
2025-08-04T21:45:00,5.140,46.60,0.000
2025-08-04T21:30:00,5.140,48.40,0.000
2025-08-04T21:15:00,5.130,48.30,0.000
2025-08-04T21:00:00,5.140,46.40,0.000
2025-08-04T20:45:00,5.150,48.30,0.000
2025-08-04T20:30:00,5.150,49.00,0.000
2025-08-04T20:15:00,5.150,49.70,0.000
2025-08-04T20:00:00,5.150,46.20,0.000
2025-08-04T19:45:00,5.150,46.10,0.000
2025-08-04T19:30:00,5.150,50.50,0.000
2025-08-04T19:15:00,5.150,49.00,0.000
2025-08-04T19:00:00,5.150,49.30,0.000
2025-08-04T18:45:00,5.150,49.70,0.000
2025-08-04T18:30:00,5.150,50.30,0.000
2025-08-04T18:15:00,5.150,50.00,0.000
2025-08-04T18:00:00,5.160,50.80,0.000
2025-08-04T17:45:00,5.150,46.80,0.000
2025-08-04T17:30:00,5.150,49.80,0.000
2025-08-04T17:15:00,5.160,45.50,0.000
2025-08-04T17:00:00,5.160,48.90,0.000
2025-08-04T16:45:00,5.160,48.40,0.000
2025-08-04T16:30:00,5.160,48.10,0.000
2025-08-04T16:15:00,5.170,50.20,0.000
2025-08-04T16:00:00,5.170,49.40,0.000
2025-08-04T15:45:00,5.170,48.60,0.000
2025-08-04T15:30:00,5.180,50.70,0.000
2025-08-04T15:15:00,5.170,50.50,0.000
2025-08-04T15:00:00,5.180,50.80,0.000
2025-08-04T14:45:00,5.170,50.30,0.000
2025-08-04T14:30:00,5.170,49.60,0.000
2025-08-04T14:15:00,5.180,50.20,0.000
2025-08-04T14:00:00,5.180,47.90,0.000
2025-08-04T13:45:00,5.190,49.20,0.000
2025-08-04T13:30:00,5.170,48.10,0.000
2025-08-04T13:15:00,5.190,50.20,0.000
2025-08-04T13:00:00,5.190,48.50,0.000
2025-08-04T12:45:00,5.190,49.60,0.000
2025-08-04T12:30:00,5.190,49.90,0.000
2025-08-04T12:15:00,5.190,49.70,0.000
2025-08-04T12:00:00,5.190,50.20,0.000
2025-08-04T11:45:00,5.180,49.50,0.000
2025-08-04T11:30:00,5.190,50.50,0.000
2025-08-04T11:15:00,5.190,49.50,0.000
2025-08-04T11:00:00,5.190,47.60,0.000
2025-08-04T10:45:00,5.180,48.90,0.000
2025-08-04T10:30:00,5.200,50.30,0.000
2025-08-04T10:15:00,5.200,50.60,0.000
2025-08-04T10:00:00,5.200,50.80,0.000
2025-08-04T09:45:00,5.190,49.80,0.000
2025-08-04T09:30:00,5.210,50.40,0.000
2025-08-04T09:15:00,5.210,51.50,0.000
2025-08-04T09:00:00,5.200,48.30,0.000
2025-08-04T08:45:00,5.210,51.80,0.000
2025-08-04T08:30:00,5.200,50.20,0.000
2025-08-04T08:15:00,5.200,50.20,0.000
2025-08-04T08:00:00,5.220,48.50,0.000
2025-08-04T07:45:00,5.220,47.70,0.000
2025-08-04T07:30:00,5.220,48.10,0.000
2025-08-04T07:15:00,5.220,48.70,0.000
2025-08-04T07:00:00,5.220,51.60,0.000
2025-08-04T06:45:00,5.230,51.10,0.000
2025-08-04T06:30:00,5.220,50.50,0.000
2025-08-04T06:15:00,5.230,51.00,0.000
2025-08-04T06:00:00,5.230,52.00,0.000
2025-08-04T05:45:00,5.230,51.20,0.000
2025-08-04T05:30:00,5.220,49.40,0.000
2025-08-04T05:15:00,5.240,53.00,0.000
2025-08-04T05:00:00,5.230,51.30,0.000
2025-08-04T04:45:00,5.230,51.40,0.000
2025-08-04T04:30:00,5.230,51.20,0.000
2025-08-04T04:15:00,5.230,48.90,0.000
2025-08-04T04:00:00,5.240,52.10,0.000
2025-08-04T03:45:00,5.240,51.10,0.000
2025-08-04T03:30:00,5.240,51.20,0.000
2025-08-04T03:15:00,5.240,52.10,0.000
2025-08-04T03:00:00,5.250,48.20,0.000
2025-08-04T02:45:00,5.250,52.20,0.000
2025-08-04T02:30:00,5.240,51.00,0.000
2025-08-04T02:15:00,5.250,49.20,0.000
2025-08-04T02:00:00,5.240,51.80,0.000
2025-08-04T01:45:00,5.250,49.50,0.000
2025-08-04T01:30:00,5.250,52.60,0.000
2025-08-04T01:15:00,5.250,53.40,0.000
2025-08-04T01:00:00,5.250,51.00,0.000
2025-08-04T00:45:00,5.250,51.60,0.000
2025-08-04T00:30:00,5.260,51.90,0.000
2025-08-04T00:15:00,5.260,51.80,0.000
2025-08-04T00:00:00,5.260,52.80,0.000
2025-08-03T23:45:00,5.260,52.90,0.000
2025-08-03T23:30:00,5.260,52.40,0.000
2025-08-03T23:15:00,5.260,52.20,0.000
2025-08-03T23:00:00,5.260,53.20,0.000
2025-08-03T22:45:00,5.260,51.90,0.000
2025-08-03T22:30:00,5.270,49.70,0.000
2025-08-03T22:15:00,5.260,49.50,0.000
2025-08-03T22:00:00,5.260,53.10,0.000
2025-08-03T21:45:00,5.270,53.50,0.000
2025-08-03T21:30:00,5.270,50.90,0.000
2025-08-03T21:15:00,5.280,51.20,0.000
2025-08-03T21:00:00,5.270,52.10,0.000
2025-08-03T20:45:00,5.270,50.60,0.000
2025-08-03T20:30:00,5.280,51.70,0.000
2025-08-03T20:15:00,5.280,51.00,0.000
2025-08-03T20:00:00,5.270,54.10,0.000
2025-08-03T19:45:00,5.270,53.30,0.000
2025-08-03T19:30:00,5.270,50.20,0.000
2025-08-03T19:15:00,5.290,53.60,0.000
2025-08-03T19:00:00,5.290,52.40,0.000
2025-08-03T18:45:00,5.290,54.40,0.000
2025-08-03T18:30:00,5.280,53.50,0.000
2025-08-03T18:15:00,5.290,52.80,0.000
2025-08-03T18:00:00,5.290,51.70,0.000
2025-08-03T17:45:00,5.290,52.80,0.000
2025-08-03T17:30:00,5.290,49.90,0.000
2025-08-03T17:15:00,5.300,53.90,0.000
2025-08-03T17:00:00,5.300,54.70,0.000
2025-08-03T16:45:00,5.300,52.30,0.000
2025-08-03T16:30:00,5.300,51.80,0.000
2025-08-03T16:15:00,5.300,54.10,0.000
2025-08-03T16:00:00,5.310,54.20,0.000
2025-08-03T15:45:00,5.310,53.30,0.000
2025-08-03T15:30:00,5.310,54.50,0.000
2025-08-03T15:15:00,5.310,55.10,0.000
2025-08-03T15:00:00,5.310,54.40,0.000
2025-08-03T14:45:00,5.310,51.30,0.000
2025-08-03T14:30:00,5.310,50.90,0.000
2025-08-03T14:15:00,5.320,54.10,0.000
2025-08-03T14:00:00,5.320,55.10,0.000
2025-08-03T13:45:00,5.320,52.80,0.000
2025-08-03T13:30:00,5.320,54.80,0.000
2025-08-03T13:15:00,5.310,51.50,0.000
2025-08-03T13:00:00,5.320,52.70,0.000
2025-08-03T12:45:00,5.320,55.40,0.000
2025-08-03T12:30:00,5.330,56.00,0.000
2025-08-03T12:15:00,5.330,53.60,0.000
2025-08-03T12:00:00,5.340,57.00,0.000
2025-08-03T11:45:00,5.330,55.60,0.000
2025-08-03T11:30:00,5.340,52.70,0.000
2025-08-03T11:15:00,5.330,55.40,0.000
2025-08-03T11:00:00,5.330,56.10,0.000
2025-08-03T10:45:00,5.340,56.20,0.000
2025-08-03T10:30:00,5.340,52.00,0.000
2025-08-03T10:15:00,5.350,56.60,0.000
2025-08-03T10:00:00,5.350,58.20,0.000
2025-08-03T09:45:00,5.350,55.60,0.000
2025-08-03T09:30:00,5.350,56.10,0.000
2025-08-03T09:15:00,5.350,54.00,0.000
2025-08-03T09:00:00,5.350,54.70,0.000
2025-08-03T08:45:00,5.350,55.90,0.000
2025-08-03T08:30:00,5.350,57.80,0.000
2025-08-03T08:15:00,5.350,55.40,0.000
2025-08-03T08:00:00,5.350,57.90,0.000
2025-08-03T07:45:00,5.350,54.90,0.000
2025-08-03T07:30:00,5.340,56.50,0.000
2025-08-03T07:15:00,5.340,57.20,0.000
2025-08-03T07:00:00,5.330,56.20,0.000
2025-08-03T06:45:00,5.340,52.50,0.000
2025-08-03T06:30:00,5.340,56.60,0.000
2025-08-03T06:15:00,5.320,54.20,0.000
2025-08-03T06:00:00,5.330,54.70,0.000
2025-08-03T05:45:00,5.320,55.50,0.000
2025-08-03T05:30:00,5.330,54.90,0.000
2025-08-03T05:15:00,5.320,52.90,0.000
2025-08-03T05:00:00,5.320,56.90,1.000
2025-08-03T04:45:00,5.320,61.50,1.500
2025-08-03T04:30:00,5.310,54.30,0.000
2025-08-03T04:15:00,5.310,55.90,0.000
2025-08-03T04:00:00,5.300,53.00,0.500
2025-08-03T03:45:00,5.300,54.60,0.500
2025-08-03T03:30:00,5.300,54.10,0.000
2025-08-03T03:15:00,5.310,53.70,0.000
2025-08-03T03:00:00,5.290,54.40,0.000
2025-08-03T02:45:00,5.300,56.10,0.000
2025-08-03T02:30:00,5.300,55.50,0.000
2025-08-03T02:15:00,5.310,52.10,0.000
2025-08-03T02:00:00,5.310,55.00,0.000
2025-08-03T01:45:00,5.300,54.10,0.000
2025-08-03T01:30:00,5.310,54.30,0.000
2025-08-03T01:15:00,5.320,56.00,0.000
2025-08-03T01:00:00,5.310,53.30,0.000
2025-08-03T00:45:00,5.310,55.30,0.000
2025-08-03T00:30:00,5.320,56.50,0.000
2025-08-03T00:15:00,5.320,53.10,0.000
2025-08-03T00:00:00,5.330,55.60,0.000
2025-08-16T23:45:00,5.630,69.10,0.500
2025-08-16T23:30:00,5.640,72.30,1.000
2025-08-16T23:15:00,5.630,67.20,1.000
2025-08-16T23:00:00,5.640,64.80,0.000
2025-08-16T22:45:00,5.640,65.10,0.500
2025-08-16T22:30:00,5.660,71.80,0.500
2025-08-16T22:15:00,5.660,62.80,0.000
2025-08-16T22:00:00,5.670,63.10,0.000
2025-08-16T21:45:00,5.680,65.90,0.500
2025-08-16T21:30:00,5.690,64.20,0.000
2025-08-16T21:15:00,5.690,66.20,0.000
2025-08-16T21:00:00,5.700,67.00,0.000
2025-08-16T20:45:00,5.710,67.20,1.000
2025-08-16T20:30:00,5.710,67.10,0.000
2025-08-16T20:15:00,5.710,68.30,0.000
2025-08-16T20:00:00,5.710,67.90,0.000
2025-08-16T19:45:00,5.720,66.40,0.000
2025-08-16T19:30:00,5.720,68.50,0.000
2025-08-16T19:15:00,5.720,66.90,0.000
2025-08-16T19:00:00,5.720,67.00,0.000
2025-08-16T18:45:00,5.720,67.40,0.000
2025-08-16T18:30:00,5.720,71.10,0.000
2025-08-16T18:15:00,5.720,66.40,0.000
2025-08-16T18:00:00,5.720,66.30,0.000
2025-08-16T17:45:00,5.720,66.40,0.000
2025-08-16T17:30:00,5.720,64.90,0.000
2025-08-16T17:15:00,5.720,67.50,0.000
2025-08-16T17:00:00,5.730,65.80,0.000
2025-08-16T16:45:00,5.730,66.10,0.000
2025-08-16T16:30:00,5.730,65.70,0.000
2025-08-16T16:15:00,5.750,69.00,0.000
2025-08-16T16:00:00,5.740,65.10,0.000
2025-08-16T15:45:00,5.750,66.90,0.000
2025-08-16T15:30:00,5.760,67.40,0.000
2025-08-16T15:15:00,5.770,67.90,0.000
2025-08-16T15:00:00,5.790,67.20,0.000
2025-08-16T14:45:00,5.800,70.70,0.000
2025-08-16T14:30:00,5.810,66.90,0.000
2025-08-16T14:15:00,5.820,67.70,0.000
2025-08-16T14:00:00,5.840,69.80,0.500
2025-08-16T13:45:00,5.850,71.70,0.500
2025-08-16T13:30:00,5.860,72.20,0.500
2025-08-16T13:15:00,5.860,72.50,1.000
2025-08-16T13:00:00,5.880,72.90,1.000
2025-08-16T12:45:00,5.890,76.60,1.500
2025-08-16T12:30:00,5.900,71.90,1.500
2025-08-16T12:15:00,5.910,78.70,1.500
2025-08-16T12:00:00,5.910,74.70,3.500
2025-08-16T11:45:00,5.910,75.30,2.500
2025-08-16T11:30:00,5.930,73.00,1.000
2025-08-16T11:15:00,5.930,75.90,4.500
2025-08-16T11:00:00,5.940,77.10,0.000
2025-08-16T10:45:00,5.950,72.20,0.000
2025-08-16T10:30:00,5.960,76.60,0.000
2025-08-16T10:15:00,5.980,75.40,0.000
2025-08-16T10:00:00,5.990,79.10,0.000
2025-08-16T09:45:00,6.010,79.40,0.000
2025-08-16T09:30:00,6.010,79.00,0.000
2025-08-16T09:15:00,6.030,79.60,0.000
2025-08-16T09:00:00,6.030,80.60,0.000
2025-08-16T08:45:00,6.040,82.30,0.000
2025-08-16T08:30:00,6.040,80.10,0.000
2025-08-16T08:15:00,6.050,83.50,0.000
2025-08-16T08:00:00,6.050,85.90,0.000
2025-08-16T07:45:00,6.060,85.20,0.000
2025-08-16T07:30:00,6.050,88.50,0.000
2025-08-16T07:15:00,6.060,85.30,0.500
2025-08-16T07:00:00,6.060,87.30,1.000
2025-08-16T06:45:00,6.060,89.80,0.500
2025-08-16T06:30:00,6.050,81.10,0.000
2025-08-16T06:15:00,6.050,85.70,0.000
2025-08-16T06:00:00,6.060,87.10,0.000
2025-08-16T05:45:00,6.050,90.10,0.000
2025-08-16T05:30:00,6.040,95.20,0.500
2025-08-16T05:15:00,6.050,90.50,0.000
2025-08-16T05:00:00,6.050,90.80,0.000
2025-08-16T04:45:00,6.040,91.50,0.000
2025-08-16T04:30:00,6.040,90.70,0.000
2025-08-16T04:15:00,6.040,95.00,0.000
2025-08-16T04:00:00,6.040,98.60,0.000
2025-08-16T03:45:00,6.020,95.50,0.000
2025-08-16T03:30:00,6.000,100.20,0.000
2025-08-16T03:15:00,5.960,98.10,0.000
2025-08-16T03:00:00,5.920,92.60,0.000
2025-08-16T02:45:00,5.870,89.40,0.000
2025-08-16T02:30:00,5.800,88.40,0.000
2025-08-16T02:15:00,5.730,85.00,0.000
2025-08-16T02:00:00,5.640,75.80,0.000
2025-08-16T01:45:00,5.560,74.30,0.000
2025-08-16T01:30:00,5.450,69.70,0.000
2025-08-16T01:15:00,5.360,61.70,0.000
2025-08-16T01:00:00,5.250,58.20,0.000
2025-08-16T00:45:00,5.140,51.60,0.000
2025-08-16T00:30:00,5.030,45.70,0.000
2025-08-16T00:15:00,4.930,42.70,1.000
2025-08-16T00:00:00,4.860,39.90,1.000
2025-08-15T23:45:00,4.820,36.10,1.000
2025-08-15T23:30:00,4.810,37.10,1.500
2025-08-15T23:15:00,4.800,35.60,2.000
2025-08-15T23:00:00,4.790,36.40,4.000
2025-08-15T22:45:00,4.780,37.30,2.500
2025-08-15T22:30:00,4.780,35.70,2.000
2025-08-15T22:15:00,4.780,35.60,0.500
2025-08-15T22:00:00,4.770,34.10,2.500
2025-08-15T21:45:00,4.770,35.00,6.000
2025-08-15T21:30:00,4.760,35.00,4.500
2025-08-15T21:15:00,4.750,34.30,2.000
2025-08-15T21:00:00,4.760,31.70,0.500
2025-08-15T20:45:00,4.760,31.20,0.000
2025-08-15T20:30:00,4.770,31.80,0.000
2025-08-15T20:15:00,4.780,32.30,0.000
2025-08-15T20:00:00,4.800,33.00,0.000
2025-08-15T19:45:00,4.800,33.90,0.000
2025-08-15T19:30:00,4.820,32.80,0.000
2025-08-15T19:15:00,4.820,34.10,0.000
2025-08-15T19:00:00,4.840,35.60,0.000
2025-08-15T18:45:00,4.860,34.80,0.000
2025-08-15T18:30:00,4.870,36.10,0.000
2025-08-15T18:15:00,4.890,37.10,0.000
2025-08-15T18:00:00,4.890,36.20,0.000
2025-08-15T17:45:00,4.910,36.50,0.000
2025-08-15T17:30:00,4.900,37.00,0.000
2025-08-15T17:15:00,4.920,37.80,0.000
2025-08-15T17:00:00,4.910,37.90,0.000
2025-08-15T16:45:00,4.910,37.40,0.000
2025-08-15T16:30:00,4.920,37.40,0.000
2025-08-15T16:15:00,4.920,37.70,0.000
2025-08-15T16:00:00,4.940,38.50,0.000
2025-08-15T15:45:00,4.940,39.20,0.000
2025-08-15T15:30:00,4.940,39.00,0.000
2025-08-15T15:15:00,4.950,39.50,0.000
2025-08-15T15:00:00,4.950,38.60,0.000
2025-08-15T14:45:00,4.960,41.10,0.000
2025-08-15T14:30:00,4.960,39.10,0.000
2025-08-15T14:15:00,4.960,41.40,0.000
2025-08-15T14:00:00,4.960,38.70,0.000
2025-08-15T13:45:00,4.960,39.70,0.000
2025-08-15T13:30:00,4.970,39.40,0.000
2025-08-15T13:15:00,4.980,38.50,0.000
2025-08-15T13:00:00,4.990,41.20,0.000
2025-08-15T12:45:00,4.990,41.90,0.000
2025-08-15T12:30:00,4.990,42.70,0.000
2025-08-15T12:15:00,5.000,42.60,0.000
2025-08-15T12:00:00,5.010,44.10,0.000
2025-08-15T11:45:00,5.010,43.50,0.000
2025-08-15T11:30:00,5.000,40.10,0.000
2025-08-15T11:15:00,5.020,42.60,0.000
2025-08-15T11:00:00,5.020,44.20,0.000
2025-08-15T10:45:00,5.040,45.60,0.000
2025-08-15T10:30:00,5.030,44.50,0.000
2025-08-15T10:15:00,5.030,44.30,0.000
2025-08-15T10:00:00,5.030,44.10,0.000
2025-08-15T09:45:00,5.050,46.70,0.000
2025-08-15T09:30:00,5.050,46.40,0.000
2025-08-15T09:15:00,5.030,43.30,0.000
2025-08-15T09:00:00,5.030,44.70,0.000
2025-08-15T08:45:00,5.030,45.60,0.000
2025-08-15T08:30:00,5.000,45.00,0.000
2025-08-15T08:15:00,4.980,44.90,0.000
2025-08-15T08:00:00,4.960,43.50,0.000
2025-08-15T07:45:00,4.950,42.00,0.000
2025-08-15T07:30:00,4.930,41.20,0.000
2025-08-15T07:15:00,4.940,41.90,0.000
2025-08-15T07:00:00,4.930,41.90,0.000
2025-08-15T06:45:00,4.930,42.30,0.000
2025-08-15T06:30:00,4.920,40.70,0.000
2025-08-15T06:15:00,4.920,41.90,0.000
2025-08-15T06:00:00,4.910,41.90,0.000
2025-08-15T05:45:00,4.900,42.50,0.000
2025-08-15T05:30:00,4.900,41.00,0.000
2025-08-15T05:15:00,4.860,40.60,0.000
2025-08-15T05:00:00,4.850,40.30,0.000
2025-08-15T04:45:00,4.840,39.40,0.000
2025-08-15T04:30:00,4.810,38.20,0.000
2025-08-15T04:15:00,4.780,37.40,0.000
2025-08-15T04:00:00,4.750,36.60,0.000
2025-08-15T03:45:00,4.730,34.60,0.000
2025-08-15T03:30:00,4.710,34.10,0.000
2025-08-15T03:15:00,4.690,33.10,0.000
2025-08-15T03:00:00,4.680,32.90,0.000
2025-08-15T02:45:00,4.690,33.20,0.000
2025-08-15T02:30:00,4.670,32.80,0.000
2025-08-15T02:15:00,4.680,31.80,0.000
2025-08-15T02:00:00,4.680,32.40,0.000
2025-08-15T01:45:00,4.670,31.50,0.000
2025-08-15T01:30:00,4.670,33.70,1.000
2025-08-15T01:15:00,4.670,34.10,0.500
2025-08-15T01:00:00,4.680,33.20,1.000
2025-08-15T00:45:00,4.680,35.50,1.000
2025-08-15T00:30:00,4.670,33.00,0.500
2025-08-15T00:15:00,4.660,32.90,1.000
2025-08-15T00:00:00,4.650,35.00,3.000
2025-08-14T23:45:00,4.650,35.50,4.500
2025-08-14T23:30:00,4.640,34.70,15.000
2025-08-14T23:15:00,4.610,33.10,22.500
2025-08-14T23:00:00,4.590,30.60,1.000
2025-08-14T22:45:00,4.580,30.00,1.000
2025-08-14T22:30:00,4.580,29.90,0.000
2025-08-14T22:15:00,4.580,29.50,0.000
2025-08-14T22:00:00,4.580,28.50,0.000
2025-08-14T21:45:00,4.580,29.30,0.000
2025-08-14T21:30:00,4.590,29.80,0.000
2025-08-14T21:15:00,4.580,29.40,0.000
2025-08-14T21:00:00,4.580,28.60,0.000
2025-08-14T20:45:00,4.590,30.00,0.000
2025-08-14T20:30:00,4.580,29.70,0.000
2025-08-14T20:15:00,4.580,28.40,0.000
2025-08-14T20:00:00,4.590,29.60,0.000
2025-08-14T19:45:00,4.590,29.30,0.000
2025-08-14T19:30:00,4.590,28.40,0.000
2025-08-14T19:15:00,4.590,28.30,0.000
2025-08-14T19:00:00,4.590,29.60,0.000
2025-08-14T18:45:00,4.600,28.60,0.000
2025-08-14T18:30:00,4.590,29.70,0.000
2025-08-14T18:15:00,4.590,29.30,0.000
2025-08-14T18:00:00,4.590,29.40,0.000
2025-08-14T17:45:00,4.590,29.10,0.000
2025-08-14T17:30:00,4.590,29.10,0.000
2025-08-14T17:15:00,4.590,29.60,0.000
2025-08-14T17:00:00,4.600,29.70,0.000
2025-08-14T16:45:00,4.590,29.50,0.000
2025-08-14T16:30:00,4.600,29.80,0.000
2025-08-14T16:15:00,4.600,28.30,0.000
2025-08-14T16:00:00,4.600,30.50,0.000
2025-08-14T15:45:00,4.600,29.90,0.000
2025-08-14T15:30:00,4.600,29.00,0.000
2025-08-14T15:15:00,4.600,29.20,0.000
2025-08-14T15:00:00,4.610,30.80,0.000
2025-08-14T14:45:00,4.610,30.30,0.000
2025-08-14T14:30:00,4.620,30.00,0.000
2025-08-14T14:15:00,4.610,29.50,0.000
2025-08-14T14:00:00,4.610,29.20,0.000
2025-08-14T13:45:00,4.610,28.90,0.000
2025-08-14T13:30:00,4.610,30.00,0.000
2025-08-14T13:15:00,4.620,29.10,0.000
2025-08-14T13:00:00,4.610,29.50,0.000
2025-08-14T12:45:00,4.620,30.00,0.000
2025-08-14T12:30:00,4.620,29.30,0.000
2025-08-14T12:15:00,4.620,30.30,0.000
2025-08-14T12:00:00,4.610,30.10,0.000
2025-08-14T11:45:00,4.620,30.00,0.000
2025-08-14T11:30:00,4.620,30.70,0.000
2025-08-14T11:15:00,4.630,30.50,0.000
2025-08-14T11:00:00,4.620,29.70,0.000
2025-08-14T10:45:00,4.620,30.90,0.000
2025-08-14T10:30:00,4.620,29.90,0.000
2025-08-14T10:15:00,4.620,29.70,0.000
2025-08-14T10:00:00,4.630,30.70,0.000
2025-08-14T09:45:00,4.630,30.30,0.000
2025-08-14T09:30:00,4.630,31.40,0.000
2025-08-14T09:15:00,4.630,29.90,0.000
2025-08-14T09:00:00,4.630,31.00,0.000
2025-08-14T08:45:00,4.630,31.10,0.000
2025-08-14T08:30:00,4.640,30.90,0.000
2025-08-14T08:15:00,4.640,30.20,0.000
2025-08-14T08:00:00,4.640,31.80,0.000
2025-08-14T07:45:00,4.640,31.10,0.000
2025-08-14T07:30:00,4.640,31.40,0.000
2025-08-14T07:15:00,4.650,31.40,0.000
2025-08-14T07:00:00,4.650,31.70,0.000
2025-08-14T06:45:00,4.650,30.60,0.000
2025-08-14T06:30:00,4.650,30.90,0.000
2025-08-14T06:15:00,4.650,30.40,0.000
2025-08-14T06:00:00,4.650,30.70,0.000
2025-08-14T05:45:00,4.650,32.10,0.000
2025-08-14T05:30:00,4.650,31.90,0.000
2025-08-14T05:15:00,4.650,31.20,0.000
2025-08-14T05:00:00,4.660,32.40,0.000
2025-08-14T04:45:00,4.660,32.10,0.000
2025-08-14T04:30:00,4.660,32.60,0.000
2025-08-14T04:15:00,4.660,32.20,0.000
2025-08-14T04:00:00,4.660,33.30,0.000
2025-08-14T03:45:00,4.670,32.20,0.000
2025-08-14T03:30:00,4.670,32.30,0.000
2025-08-14T03:15:00,4.660,32.40,0.000
2025-08-14T03:00:00,4.660,32.40,0.000
2025-08-14T02:45:00,4.670,31.30,0.000
2025-08-14T02:30:00,4.670,32.90,0.000
2025-08-14T02:15:00,4.680,32.50,0.000
2025-08-14T02:00:00,4.670,32.30,0.000
2025-08-14T01:45:00,4.670,32.30,0.000
2025-08-14T01:30:00,4.680,33.10,0.000
2025-08-14T01:15:00,4.680,32.70,0.000
2025-08-14T01:00:00,4.690,33.40,0.000
2025-08-14T00:45:00,4.670,31.20,0.000
2025-08-14T00:30:00,4.680,31.20,0.000
2025-08-14T00:15:00,4.680,32.90,0.000
2025-08-14T00:00:00,4.680,32.70,0.000
2025-08-13T23:45:00,4.680,32.50,0.000
2025-08-13T23:30:00,4.680,31.20,0.000
2025-08-13T23:15:00,4.690,33.00,0.000
2025-08-13T23:00:00,4.690,33.50,0.000
2025-08-13T22:45:00,4.690,31.90,0.000
2025-08-13T22:30:00,4.690,32.90,0.000
2025-08-13T22:15:00,4.690,33.10,0.000
2025-08-13T22:00:00,4.700,32.30,0.000
2025-08-13T21:45:00,4.690,33.10,0.000
2025-08-13T21:30:00,4.710,33.50,0.000
2025-08-13T21:15:00,4.710,33.50,0.000
2025-08-13T21:00:00,4.700,33.60,0.000
2025-08-13T20:45:00,4.700,33.80,0.000
2025-08-13T20:30:00,4.700,32.90,0.000
2025-08-13T20:15:00,4.720,33.00,0.000
2025-08-13T20:00:00,4.710,33.30,0.000
2025-08-13T19:45:00,4.710,33.10,0.000
2025-08-13T19:30:00,4.710,33.50,0.000
2025-08-13T19:15:00,4.720,33.00,0.000
2025-08-13T19:00:00,4.720,33.90,0.000
2025-08-13T18:45:00,4.720,34.80,0.000
2025-08-13T18:30:00,4.720,33.30,0.000
2025-08-13T18:15:00,4.730,34.60,0.000
2025-08-13T18:00:00,4.730,34.30,0.000
2025-08-13T17:45:00,4.730,34.30,0.000
2025-08-13T17:30:00,4.720,33.40,0.000
2025-08-13T17:15:00,4.730,34.00,0.000
2025-08-13T17:00:00,4.740,34.20,0.000
2025-08-13T16:45:00,4.740,33.60,0.000
2025-08-13T16:30:00,4.740,32.80,0.000
2025-08-13T16:15:00,4.750,34.30,0.000
2025-08-13T16:00:00,4.750,35.00,0.000
2025-08-13T15:45:00,4.740,33.90,0.000
2025-08-13T15:30:00,4.740,33.10,0.000
2025-08-13T15:15:00,4.750,33.20,0.000
2025-08-13T15:00:00,4.750,33.10,0.000
2025-08-13T14:45:00,4.750,34.80,0.000
2025-08-13T14:30:00,4.760,33.10,0.000
2025-08-13T14:15:00,4.770,36.00,0.000
2025-08-13T14:00:00,4.760,33.80,0.000
2025-08-13T13:45:00,4.770,35.90,0.000
2025-08-13T13:30:00,4.770,34.60,0.000
2025-08-13T13:15:00,4.770,35.10,0.000
2025-08-13T13:00:00,4.780,35.40,0.000
2025-08-13T12:45:00,4.770,35.70,0.000
2025-08-13T12:30:00,4.780,35.70,0.000
2025-08-13T12:15:00,4.780,35.50,0.000
2025-08-13T12:00:00,4.780,36.10,0.000
2025-08-13T11:45:00,4.780,35.70,0.000
2025-08-13T11:30:00,4.800,37.60,0.000
2025-08-13T11:15:00,4.790,36.00,0.000
2025-08-13T11:00:00,4.790,34.30,0.000
2025-08-13T10:45:00,4.790,36.90,0.000
2025-08-13T10:30:00,4.800,36.10,0.000
2025-08-13T10:15:00,4.810,38.10,0.000
2025-08-13T10:00:00,4.820,38.10,0.000
2025-08-13T09:45:00,4.810,37.40,0.000
2025-08-13T09:30:00,4.820,37.10,0.000
2025-08-13T09:15:00,4.830,38.60,0.000
2025-08-13T09:00:00,4.840,37.40,0.000
2025-08-13T08:45:00,4.840,38.10,0.000
2025-08-13T08:30:00,4.840,38.50,0.000
2025-08-13T08:15:00,4.850,39.10,0.000
2025-08-13T08:00:00,4.860,39.80,0.000
2025-08-13T07:45:00,4.850,39.10,0.000
2025-08-13T07:30:00,4.850,39.80,0.000
2025-08-13T07:15:00,4.840,38.40,0.000
2025-08-13T07:00:00,4.820,38.70,0.000
2025-08-13T06:45:00,4.800,36.20,0.000
2025-08-13T06:30:00,4.770,36.90,0.000
2025-08-13T06:15:00,4.760,34.80,0.000
2025-08-13T06:00:00,4.770,34.60,0.000
2025-08-13T05:45:00,4.750,34.20,0.000
2025-08-13T05:30:00,4.760,34.70,0.000
2025-08-13T05:15:00,4.760,36.30,0.000
2025-08-13T05:00:00,4.760,35.00,0.500
2025-08-13T04:45:00,4.760,35.90,0.500
2025-08-13T04:30:00,4.760,36.50,0.500
2025-08-13T04:15:00,4.770,37.80,0.500
2025-08-13T04:00:00,4.760,35.30,0.000
2025-08-13T03:45:00,4.770,37.10,0.000
2025-08-13T03:30:00,4.770,36.10,0.000
2025-08-13T03:15:00,4.760,36.30,0.000
2025-08-13T03:00:00,4.770,36.10,0.500
2025-08-13T02:45:00,4.770,37.60,1.500
2025-08-13T02:30:00,4.770,37.10,4.500
2025-08-13T02:15:00,4.770,34.50,0.000
2025-08-13T02:00:00,4.780,34.00,0.000
2025-08-13T01:45:00,4.780,34.10,0.000
2025-08-13T01:30:00,4.790,35.10,0.000
2025-08-13T01:15:00,4.790,36.10,0.000
2025-08-13T01:00:00,4.800,34.90,0.000
2025-08-13T00:45:00,4.810,36.70,0.000
2025-08-13T00:30:00,4.810,37.30,0.000
2025-08-13T00:15:00,4.810,35.10,0.000
2025-08-13T00:00:00,4.820,36.20,0.000
2025-08-12T23:45:00,4.820,36.80,0.000
2025-08-12T23:30:00,4.820,36.90,0.000
2025-08-12T23:15:00,4.830,36.30,0.000
2025-08-12T23:00:00,4.830,36.40,0.000
2025-08-12T22:45:00,4.840,36.20,0.000
2025-08-12T22:30:00,4.850,37.00,0.000
2025-08-12T22:15:00,4.850,38.60,0.000
2025-08-12T22:00:00,4.860,37.90,0.000
2025-08-12T21:45:00,4.860,37.40,0.000
2025-08-12T21:30:00,4.880,37.20,0.000
2025-08-12T21:15:00,4.880,39.00,0.000
2025-08-12T21:00:00,4.890,37.00,0.000
2025-08-12T20:45:00,4.880,39.00,0.000
2025-08-12T20:30:00,4.890,37.40,0.000
2025-08-12T20:15:00,4.910,38.00,0.000
2025-08-12T20:00:00,4.920,38.10,0.000
2025-08-12T19:45:00,4.920,38.50,0.000
2025-08-12T19:30:00,4.920,38.70,0.000
2025-08-12T19:15:00,4.940,38.70,0.000
2025-08-12T19:00:00,4.940,40.00,0.000
2025-08-12T18:45:00,4.950,39.40,0.000
2025-08-12T18:30:00,4.940,38.90,0.000
2025-08-12T18:15:00,4.960,40.00,0.000
2025-08-12T18:00:00,4.970,39.10,0.000
2025-08-12T17:45:00,4.960,39.60,0.000
2025-08-12T17:30:00,4.980,40.00,0.000
2025-08-12T17:15:00,4.990,40.90,0.000
2025-08-12T17:00:00,4.990,40.60,0.000
2025-08-12T16:45:00,5.000,40.50,0.000
2025-08-12T16:30:00,5.020,40.60,0.000
2025-08-12T16:15:00,5.030,42.30,0.000
2025-08-12T16:00:00,5.030,41.50,0.000
2025-08-12T15:45:00,5.050,42.50,0.000
2025-08-12T15:30:00,5.060,42.80,0.000
2025-08-12T15:15:00,5.070,44.60,0.000
2025-08-12T15:00:00,5.090,42.90,0.000
2025-08-12T14:45:00,5.090,43.20,0.000
2025-08-12T14:30:00,5.110,46.10,0.000
2025-08-12T14:15:00,5.110,45.00,0.000
2025-08-12T14:00:00,5.130,44.40,0.000
2025-08-12T13:45:00,5.140,45.40,0.000
2025-08-12T13:30:00,5.150,44.10,0.000
2025-08-12T13:15:00,5.180,47.40,0.000
2025-08-12T13:00:00,5.180,47.50,0.000
2025-08-12T12:45:00,5.200,47.60,0.000
2025-08-12T12:30:00,5.210,48.60,0.000
2025-08-12T12:15:00,5.220,48.00,0.000
2025-08-12T12:00:00,5.240,47.70,0.000
2025-08-12T11:45:00,5.260,48.50,0.000
2025-08-12T11:30:00,5.280,50.80,0.000
2025-08-12T11:15:00,5.290,53.40,0.000
2025-08-12T11:00:00,5.310,53.30,0.000
2025-08-12T10:45:00,5.330,53.10,0.000
2025-08-12T10:30:00,5.340,54.00,0.000
2025-08-12T10:15:00,5.350,58.60,0.000
2025-08-12T10:00:00,5.380,57.30,0.000
2025-08-12T09:45:00,5.390,57.20,0.000
2025-08-12T09:30:00,5.410,59.10,0.000
2025-08-12T09:15:00,5.440,61.50,0.000
2025-08-12T09:00:00,5.450,61.20,0.000
2025-08-12T08:45:00,5.470,62.80,0.000
2025-08-12T08:30:00,5.490,63.30,0.000
2025-08-12T08:15:00,5.510,64.40,0.000
2025-08-12T08:00:00,5.510,66.50,0.000
2025-08-12T07:45:00,5.530,68.60,0.000
2025-08-12T07:30:00,5.550,69.90,0.000
2025-08-12T07:15:00,5.570,69.70,0.000
2025-08-12T07:00:00,5.570,72.10,0.000
2025-08-12T06:45:00,5.570,70.20,0.000
2025-08-12T06:30:00,5.550,68.50,0.000
2025-08-12T06:15:00,5.560,71.70,0.000
2025-08-12T06:00:00,5.560,71.50,0.000
2025-08-12T05:45:00,5.560,73.30,0.000
2025-08-12T05:30:00,5.540,74.30,0.000
2025-08-12T05:15:00,5.530,71.60,0.000
2025-08-12T05:00:00,5.510,70.90,0.000
2025-08-12T04:45:00,5.480,71.10,0.000
2025-08-12T04:30:00,5.460,68.70,0.000
2025-08-12T04:15:00,5.430,64.90,0.000
2025-08-12T04:00:00,5.390,63.60,0.000
2025-08-12T03:45:00,5.360,63.70,0.000
2025-08-12T03:30:00,5.310,61.80,0.000
2025-08-12T03:15:00,5.280,60.60,0.000
2025-08-12T03:00:00,5.220,58.50,0.000
2025-08-12T02:45:00,5.160,54.40,0.000
2025-08-12T02:30:00,5.110,53.00,0.000
2025-08-12T02:15:00,5.030,48.10,0.000
2025-08-12T02:00:00,4.970,46.00,0.000
2025-08-12T01:45:00,4.920,44.70,0.000
2025-08-12T01:30:00,4.840,40.80,0.000
2025-08-12T01:15:00,4.790,38.30,0.000
2025-08-12T01:00:00,4.720,36.60,0.000
2025-08-12T00:45:00,4.680,34.80,0.000
2025-08-12T00:30:00,4.630,31.60,0.500
2025-08-12T00:15:00,4.600,31.50,0.500
2025-08-12T00:00:00,4.580,30.60,3.000
2025-08-11T23:45:00,4.550,29.90,2.500
2025-08-11T23:30:00,4.540,28.90,1.500
2025-08-11T23:15:00,4.540,29.60,1.500
2025-08-11T23:00:00,4.540,26.60,2.000
2025-08-11T22:45:00,4.540,29.10,3.500
2025-08-11T22:30:00,4.540,28.10,3.500
2025-08-11T22:15:00,4.530,28.60,1.500
2025-08-11T22:00:00,4.540,26.90,0.000
2025-08-11T21:45:00,4.530,26.70,0.000
2025-08-11T21:30:00,4.530,26.50,0.000
2025-08-11T21:15:00,4.540,26.50,0.000
2025-08-11T21:00:00,4.540,27.00,0.000
2025-08-11T20:45:00,4.540,26.90,0.000
2025-08-11T20:30:00,4.540,26.20,0.000
2025-08-11T20:15:00,4.530,26.80,0.000
2025-08-11T20:00:00,4.540,26.90,0.000
2025-08-11T19:45:00,4.540,27.20,0.000
2025-08-11T19:30:00,4.540,26.50,0.000
2025-08-11T19:15:00,4.540,26.40,0.000
2025-08-11T19:00:00,4.550,26.30,0.000
2025-08-11T18:45:00,4.550,26.10,0.000
2025-08-11T18:30:00,4.550,26.70,0.000
2025-08-11T18:15:00,4.550,27.20,0.000
2025-08-11T18:00:00,4.550,27.10,0.000
2025-08-11T17:45:00,4.550,26.90,0.000
2025-08-11T17:30:00,4.550,26.70,0.000
2025-08-11T17:15:00,4.550,27.40,0.000
2025-08-11T17:00:00,4.560,26.70,0.000
2025-08-11T16:45:00,4.550,27.40,0.000
2025-08-11T16:30:00,4.550,27.10,0.000
2025-08-11T16:15:00,4.560,26.90,0.000
2025-08-11T16:00:00,4.570,27.20,0.000
2025-08-11T15:45:00,4.560,28.00,0.000
2025-08-11T15:30:00,4.570,27.70,0.000
2025-08-11T15:15:00,4.570,27.20,0.000
2025-08-11T15:00:00,4.570,28.40,0.000
2025-08-11T14:45:00,4.580,29.10,0.000
2025-08-11T14:30:00,4.580,28.30,0.000
2025-08-11T14:15:00,4.570,27.90,0.000
2025-08-11T14:00:00,4.580,27.60,0.000
2025-08-11T13:45:00,4.580,28.80,0.000
2025-08-11T13:30:00,4.590,28.00,0.000
2025-08-11T13:15:00,4.590,29.10,0.000
2025-08-11T13:00:00,4.580,28.40,0.000
2025-08-11T12:45:00,4.590,28.70,0.000
2025-08-11T12:30:00,4.590,27.90,0.000
2025-08-11T12:15:00,4.590,29.80,0.000
2025-08-11T12:00:00,4.590,29.10,0.000
2025-08-11T11:45:00,4.590,28.80,0.000
2025-08-11T11:30:00,4.600,28.60,0.000
2025-08-11T11:15:00,4.610,30.40,0.000
2025-08-11T11:00:00,4.600,29.10,0.000
2025-08-11T10:45:00,4.610,29.90,0.000
2025-08-11T10:30:00,4.610,29.20,0.000
2025-08-11T10:15:00,4.610,30.50,0.000
2025-08-11T10:00:00,4.610,29.20,0.000
2025-08-11T09:45:00,4.610,30.60,0.000
2025-08-11T09:30:00,4.620,30.20,0.000
2025-08-11T09:15:00,4.610,30.50,0.000
2025-08-11T09:00:00,4.610,30.10,0.000
2025-08-11T08:45:00,4.610,30.60,0.000
2025-08-11T08:30:00,4.610,30.70,0.000
2025-08-11T08:15:00,4.610,30.90,0.000
2025-08-11T08:00:00,4.610,30.10,0.000
2025-08-11T07:45:00,4.610,30.20,0.000
2025-08-11T07:30:00,4.600,30.30,0.000
2025-08-11T07:15:00,4.600,29.50,0.000
2025-08-11T07:00:00,4.580,29.00,0.000
2025-08-11T06:45:00,4.580,29.40,0.000
2025-08-11T06:30:00,4.570,28.00,0.000
2025-08-11T06:15:00,4.550,28.70,0.000
2025-08-11T06:00:00,4.550,27.50,0.000
2025-08-11T05:45:00,4.540,27.20,0.000
2025-08-11T05:30:00,4.530,26.50,0.000
2025-08-11T05:15:00,4.520,26.30,0.000
2025-08-11T05:00:00,4.520,26.70,0.000
2025-08-11T04:45:00,4.520,26.20,0.000
2025-08-11T04:30:00,4.510,25.80,0.000
2025-08-11T04:15:00,4.500,25.50,0.000
2025-08-11T04:00:00,4.500,25.50,0.000
2025-08-11T03:45:00,4.500,25.80,0.000
2025-08-11T03:30:00,4.500,25.40,0.000
2025-08-11T03:15:00,4.490,25.40,0.000
2025-08-11T03:00:00,4.500,25.50,0.000
2025-08-11T02:45:00,4.500,25.40,0.000
2025-08-11T02:30:00,4.490,25.50,0.000
2025-08-11T02:15:00,4.500,24.70,0.000
2025-08-11T02:00:00,4.490,25.40,0.000
2025-08-11T01:45:00,4.500,25.50,0.000
2025-08-11T01:30:00,4.500,25.50,0.000
2025-08-11T01:15:00,4.490,25.30,0.000
2025-08-11T01:00:00,4.490,25.40,0.500
2025-08-11T00:45:00,4.490,26.50,0.000
2025-08-11T00:30:00,4.490,26.20,0.000
2025-08-11T00:15:00,4.480,25.00,0.000
2025-08-11T00:00:00,4.490,24.80,0.000
2025-08-10T23:45:00,4.480,25.20,0.500
2025-08-10T23:30:00,4.490,25.70,0.000
2025-08-10T23:15:00,4.490,25.20,0.000
2025-08-10T23:00:00,4.480,24.90,0.000
2025-08-10T22:45:00,4.490,26.20,0.500
2025-08-10T22:30:00,4.480,25.00,0.500
2025-08-10T22:15:00,4.490,25.90,0.500
2025-08-10T22:00:00,4.480,24.50,0.000
2025-08-10T21:45:00,4.480,24.60,0.000
2025-08-10T21:30:00,4.480,24.90,0.000
2025-08-10T21:15:00,4.490,24.80,0.000
2025-08-10T21:00:00,4.480,24.90,0.000
2025-08-10T20:45:00,4.480,25.20,0.000
2025-08-10T20:30:00,4.490,24.90,0.000
2025-08-10T20:15:00,4.490,25.50,0.000
2025-08-10T20:00:00,4.490,24.70,0.000
2025-08-10T19:45:00,4.490,19.90,0.000
2025-08-10T19:30:00,4.480,24.50,0.000
2025-08-10T19:15:00,4.480,24.80,0.000
2025-08-10T19:00:00,4.480,24.80,0.000
2025-08-10T18:45:00,4.480,24.40,0.000
2025-08-10T18:30:00,4.490,25.30,0.000
2025-08-10T18:15:00,4.480,24.50,0.000
2025-08-10T18:00:00,4.470,24.20,0.000
2025-08-10T17:45:00,4.490,25.50,0.000
2025-08-10T17:30:00,4.490,24.50,0.000
2025-08-10T17:15:00,4.490,24.40,0.000
2025-08-10T17:00:00,4.480,25.40,0.000
2025-08-10T16:45:00,4.480,24.50,0.000
2025-08-10T16:30:00,4.480,25.10,0.000
2025-08-10T16:15:00,4.480,25.00,0.000
2025-08-10T16:00:00,4.480,24.50,0.000
2025-08-10T15:45:00,4.490,25.10,0.000
2025-08-10T15:30:00,4.490,24.80,0.000
2025-08-10T15:15:00,4.490,24.70,0.000
2025-08-10T15:00:00,4.480,24.50,0.000
2025-08-10T14:45:00,4.480,25.40,0.000
2025-08-10T14:30:00,4.490,24.70,0.000
2025-08-10T14:15:00,4.480,25.40,0.000
2025-08-10T14:00:00,4.480,25.40,0.000
2025-08-10T13:45:00,4.490,24.40,0.000
2025-08-10T13:30:00,4.480,25.00,0.000
2025-08-10T13:15:00,4.490,24.70,0.000
2025-08-10T13:00:00,4.490,24.70,0.000
2025-08-10T12:45:00,4.490,24.90,0.000
2025-08-10T12:30:00,4.500,25.40,0.000
2025-08-10T12:15:00,4.490,25.10,0.000
2025-08-10T12:00:00,4.500,25.10,0.000
2025-08-10T11:45:00,4.490,25.70,0.000
2025-08-10T11:30:00,4.490,24.90,0.000
2025-08-10T11:15:00,4.490,25.00,0.000
2025-08-10T11:00:00,4.490,24.70,0.000
2025-08-10T10:45:00,4.500,24.90,0.000
2025-08-10T10:30:00,4.500,25.30,0.000
2025-08-10T10:15:00,4.500,25.50,0.000
2025-08-10T10:00:00,4.500,25.40,0.000
2025-08-10T09:45:00,4.510,25.50,0.000
2025-08-10T09:30:00,4.500,25.40,0.000
2025-08-10T09:15:00,4.510,25.50,0.000
2025-08-10T09:00:00,4.500,24.40,0.000
2025-08-10T08:45:00,4.510,25.90,0.000
2025-08-10T08:30:00,4.520,25.80,0.000
2025-08-10T08:15:00,4.510,25.90,0.000
2025-08-10T08:00:00,4.510,25.80,0.000
2025-08-10T07:45:00,4.520,26.40,0.000
2025-08-10T07:30:00,4.520,26.40,0.000
2025-08-10T07:15:00,4.520,26.70,0.000
2025-08-10T07:00:00,4.520,26.00,0.000
2025-08-10T06:45:00,4.520,26.60,0.000
2025-08-10T06:30:00,4.520,25.30,0.000
2025-08-10T06:15:00,4.520,26.30,0.000
2025-08-10T06:00:00,4.510,25.80,0.000
2025-08-10T05:45:00,4.520,27.20,0.000
2025-08-10T05:30:00,4.520,26.40,0.000
2025-08-10T05:15:00,4.520,26.40,0.000
2025-08-10T05:00:00,4.530,26.60,0.000
2025-08-10T04:45:00,4.520,27.20,0.000
2025-08-10T04:30:00,4.520,26.80,0.000
2025-08-10T04:15:00,4.510,25.80,0.000
2025-08-10T04:00:00,4.520,26.10,0.000
2025-08-10T03:45:00,4.530,26.50,0.000
2025-08-10T03:30:00,4.520,25.40,0.000
2025-08-10T03:15:00,4.520,26.30,0.000
2025-08-10T03:00:00,4.520,26.60,0.000
2025-08-10T02:45:00,4.520,27.20,0.000
2025-08-10T02:30:00,4.520,25.70,0.000
2025-08-10T02:15:00,4.520,26.20,0.000
2025-08-10T02:00:00,4.520,26.50,0.000
2025-08-10T01:45:00,4.530,26.40,0.000
2025-08-10T01:30:00,4.520,26.50,0.000
2025-08-10T01:15:00,4.530,26.50,0.000
2025-08-10T01:00:00,4.530,26.30,0.000
2025-08-10T00:45:00,4.530,26.50,0.000
2025-08-10T00:30:00,4.530,26.30,0.000
2025-08-10T00:15:00,4.540,26.40,0.000
2025-08-10T00:00:00,4.530,26.30,0.000
2025-08-23T23:45:00,5.690,75.30,0.000
2025-08-23T23:30:00,5.650,73.10,0.000
2025-08-23T23:15:00,5.620,69.70,0.000
2025-08-23T23:00:00,5.560,70.20,0.000
2025-08-23T22:45:00,5.520,70.40,0.500
2025-08-23T22:30:00,5.460,66.80,0.500
2025-08-23T22:15:00,5.410,60.60,0.500
2025-08-23T22:00:00,5.360,56.20,0.500
2025-08-23T21:45:00,5.330,55.50,2.500
2025-08-23T21:30:00,5.300,57.40,4.000
2025-08-23T21:15:00,5.280,49.00,0.000
2025-08-23T21:00:00,5.280,48.20,0.000
2025-08-23T20:45:00,5.270,46.80,0.000
2025-08-23T20:30:00,5.280,48.40,0.000
2025-08-23T20:15:00,5.280,49.00,0.000
2025-08-23T20:00:00,5.290,49.10,0.000
2025-08-23T19:45:00,5.290,49.20,0.000
2025-08-23T19:30:00,5.300,48.90,0.000
2025-08-23T19:15:00,5.300,49.40,0.000
2025-08-23T19:00:00,5.310,49.10,0.000
2025-08-23T18:45:00,5.310,50.10,0.000
2025-08-23T18:30:00,5.320,47.50,0.000
2025-08-23T18:15:00,5.330,49.50,0.000
2025-08-23T18:00:00,5.330,52.30,0.000
2025-08-23T17:45:00,5.330,50.60,0.000
2025-08-23T17:30:00,5.340,51.00,0.000
2025-08-23T17:15:00,5.340,48.80,0.000
2025-08-23T17:00:00,5.350,51.30,0.000
2025-08-23T16:45:00,5.360,52.20,0.000
2025-08-23T16:30:00,5.360,52.60,0.000
2025-08-23T16:15:00,5.380,51.90,0.000
2025-08-23T16:00:00,5.380,53.30,0.000
2025-08-23T15:45:00,5.380,53.00,0.000
2025-08-23T15:30:00,5.400,53.80,0.000
2025-08-23T15:15:00,5.410,54.50,0.000
2025-08-23T15:00:00,5.410,54.40,0.000
2025-08-23T14:45:00,5.420,54.80,0.000
2025-08-23T14:30:00,5.420,57.60,0.000
2025-08-23T14:15:00,5.430,55.90,0.000
2025-08-23T14:00:00,5.430,55.20,0.000
2025-08-23T13:45:00,5.440,56.20,0.000
2025-08-23T13:30:00,5.450,56.20,0.000
2025-08-23T13:15:00,5.460,55.70,0.000
2025-08-23T13:00:00,5.460,57.30,0.500
2025-08-23T12:45:00,5.470,61.00,0.000
2025-08-23T12:30:00,5.470,56.20,0.000
2025-08-23T12:15:00,5.480,59.20,0.000
2025-08-23T12:00:00,5.490,58.00,0.000
2025-08-23T11:45:00,5.490,61.80,0.000
2025-08-23T11:30:00,5.510,59.00,0.000
2025-08-23T11:15:00,5.510,56.60,0.000
2025-08-23T11:00:00,5.510,59.50,0.000
2025-08-23T10:45:00,5.530,63.00,0.000
2025-08-23T10:30:00,5.530,59.80,0.000
2025-08-23T10:15:00,5.540,58.10,0.000
2025-08-23T10:00:00,5.540,64.40,0.000
2025-08-23T09:45:00,5.550,63.40,0.000
2025-08-23T09:30:00,5.560,62.40,0.000
2025-08-23T09:15:00,5.550,61.90,0.000
2025-08-23T09:00:00,5.570,64.30,0.000
2025-08-23T08:45:00,5.570,62.20,0.000
2025-08-23T08:30:00,5.570,63.60,0.000
2025-08-23T08:15:00,5.570,62.10,0.000
2025-08-23T08:00:00,5.590,65.80,0.000
2025-08-23T07:45:00,5.600,67.60,0.000
2025-08-23T07:30:00,5.590,66.90,0.000
2025-08-23T07:15:00,5.600,67.30,0.000
2025-08-23T07:00:00,5.590,66.90,0.000
2025-08-23T06:45:00,5.600,67.20,0.000
2025-08-23T06:30:00,5.590,68.50,0.000
2025-08-23T06:15:00,5.590,68.70,0.000
2025-08-23T06:00:00,5.590,66.90,0.000
2025-08-23T05:45:00,5.590,67.40,0.000
2025-08-23T05:30:00,5.580,67.10,0.000
2025-08-23T05:15:00,5.560,68.70,0.000
2025-08-23T05:00:00,5.560,66.10,0.000
2025-08-23T04:45:00,5.560,66.20,0.000
2025-08-23T04:30:00,5.540,65.70,0.000
2025-08-23T04:15:00,5.520,65.50,0.000
2025-08-23T04:00:00,5.510,64.50,0.000
2025-08-23T03:45:00,5.490,64.20,0.000
2025-08-23T03:30:00,5.470,63.80,0.000
2025-08-23T03:15:00,5.460,63.90,0.000
2025-08-23T03:00:00,5.440,62.70,0.000
2025-08-23T02:45:00,5.420,59.60,0.000
2025-08-23T02:30:00,5.420,60.40,0.000
2025-08-23T02:15:00,5.400,60.90,0.000
2025-08-23T02:00:00,5.380,57.60,0.000
2025-08-23T01:45:00,5.380,57.60,0.000
2025-08-23T01:30:00,5.360,56.20,0.000
2025-08-23T01:15:00,5.360,53.30,0.000
2025-08-23T01:00:00,5.350,55.50,0.000
2025-08-23T00:45:00,5.350,57.00,0.000
2025-08-23T00:30:00,5.330,56.90,0.000
2025-08-23T00:15:00,5.330,56.30,0.000
2025-08-23T00:00:00,5.330,54.90,0.000
2025-08-22T23:45:00,5.320,56.80,0.000
2025-08-22T23:30:00,5.320,56.00,2.500
2025-08-22T23:15:00,5.310,58.80,1.500
2025-08-22T23:00:00,5.310,59.70,3.000
2025-08-22T22:45:00,5.280,57.10,1.000
2025-08-22T22:30:00,5.260,54.40,3.000
2025-08-22T22:15:00,5.230,60.70,6.500
2025-08-22T22:00:00,5.220,58.00,2.000
2025-08-22T21:45:00,5.170,51.10,0.000
2025-08-22T21:30:00,5.130,50.00,0.000
2025-08-22T21:15:00,5.090,47.40,0.000
2025-08-22T21:00:00,5.040,44.90,0.000
2025-08-22T20:45:00,5.000,40.80,0.000
2025-08-22T20:30:00,4.950,38.60,0.000
2025-08-22T20:15:00,4.910,38.00,0.000
2025-08-22T20:00:00,4.910,35.80,0.000
2025-08-22T19:45:00,4.890,36.30,0.000
2025-08-22T19:30:00,4.900,35.50,0.000
2025-08-22T19:15:00,4.900,37.30,0.500
2025-08-22T19:00:00,4.900,37.50,0.000
2025-08-22T18:45:00,4.910,37.00,0.000
2025-08-22T18:30:00,4.900,37.40,0.500
2025-08-22T18:15:00,4.910,36.60,0.000
2025-08-22T18:00:00,4.900,36.30,0.000
2025-08-22T17:45:00,4.910,36.10,4.000
2025-08-22T17:30:00,4.910,38.90,5.500
2025-08-22T17:15:00,4.920,38.40,0.000
2025-08-22T17:00:00,4.940,37.40,0.000
2025-08-22T16:45:00,4.940,37.40,0.000
2025-08-22T16:30:00,4.950,37.00,0.000
2025-08-22T16:15:00,4.980,38.30,0.000
2025-08-22T16:00:00,4.980,38.80,0.000
2025-08-22T15:45:00,4.990,39.60,0.000
2025-08-22T15:30:00,5.010,40.10,0.000
2025-08-22T15:15:00,5.020,39.30,0.000
2025-08-22T15:00:00,5.040,40.50,0.000
2025-08-22T14:45:00,5.050,41.20,0.000
2025-08-22T14:30:00,5.060,40.80,0.000
2025-08-22T14:15:00,5.080,42.30,0.000
2025-08-22T14:00:00,5.080,42.50,0.000
2025-08-22T13:45:00,5.090,43.90,0.000
2025-08-22T13:30:00,5.100,43.30,0.000
2025-08-22T13:15:00,5.110,43.60,0.000
2025-08-22T13:00:00,5.110,44.20,0.000
2025-08-22T12:45:00,5.120,45.80,0.000
2025-08-22T12:30:00,5.130,45.30,0.000
2025-08-22T12:15:00,5.140,45.50,0.000
2025-08-22T12:00:00,5.130,45.90,0.000
2025-08-22T11:45:00,5.130,45.30,0.000
2025-08-22T11:30:00,5.150,44.60,0.000
2025-08-22T11:15:00,5.140,45.10,0.000
2025-08-22T11:00:00,5.150,46.00,0.000
2025-08-22T10:45:00,5.170,46.60,0.000
2025-08-22T10:30:00,5.160,46.60,0.000
2025-08-22T10:15:00,5.170,48.00,0.000
2025-08-22T10:00:00,5.190,48.10,0.000
2025-08-22T09:45:00,5.190,50.00,0.000
2025-08-22T09:30:00,5.200,50.30,0.000
2025-08-22T09:15:00,5.210,51.30,0.000
2025-08-22T09:00:00,5.220,52.00,0.000
2025-08-22T08:45:00,5.240,54.20,0.000
2025-08-22T08:30:00,5.250,54.70,0.000
2025-08-22T08:15:00,5.250,55.20,0.000
2025-08-22T08:00:00,5.250,56.10,0.000
2025-08-22T07:45:00,5.250,53.70,0.000
2025-08-22T07:30:00,5.240,56.00,0.000
2025-08-22T07:15:00,5.210,54.60,0.000
2025-08-22T07:00:00,5.180,54.50,0.000
2025-08-22T06:45:00,5.090,51.80,0.000
2025-08-22T06:30:00,5.020,47.30,0.000
2025-08-22T06:15:00,4.900,41.50,0.000
2025-08-22T06:00:00,4.800,39.00,0.000
2025-08-22T05:45:00,4.720,33.50,0.000
2025-08-22T05:30:00,4.660,31.20,0.000
2025-08-22T05:15:00,4.630,32.00,1.000
2025-08-22T05:00:00,4.600,28.20,0.000
2025-08-22T04:45:00,4.590,27.70,0.000
2025-08-22T04:30:00,4.580,26.60,0.000
2025-08-22T04:15:00,4.570,26.60,0.000
2025-08-22T04:00:00,4.580,26.40,0.000
2025-08-22T03:45:00,4.570,26.80,1.000
2025-08-22T03:30:00,4.570,27.90,0.500
2025-08-22T03:15:00,4.580,26.50,2.000
2025-08-22T03:00:00,4.580,28.60,0.000
2025-08-22T02:45:00,4.580,26.40,1.000
2025-08-22T02:30:00,4.590,28.80,0.000
2025-08-22T02:15:00,4.580,26.80,0.000
2025-08-22T02:00:00,4.590,27.80,0.000
2025-08-22T01:45:00,4.590,28.70,0.000
2025-08-22T01:30:00,4.590,26.90,0.000
2025-08-22T01:15:00,4.590,27.70,0.000
2025-08-22T01:00:00,4.590,27.60,0.000
2025-08-22T00:45:00,4.590,23.70,0.000
2025-08-22T00:30:00,4.590,27.40,0.000
2025-08-22T00:15:00,4.590,26.90,0.000
2025-08-22T00:00:00,4.580,27.10,0.000
2025-08-21T23:45:00,4.570,27.70,0.000
2025-08-21T23:30:00,4.560,27.00,0.000
2025-08-21T23:15:00,4.560,26.50,0.000
2025-08-21T23:00:00,4.560,26.20,0.000
2025-08-21T22:45:00,4.560,25.50,0.000
2025-08-21T22:30:00,4.550,25.70,0.000
2025-08-21T22:15:00,4.560,25.60,0.000
2025-08-21T22:00:00,4.550,26.40,0.000
2025-08-21T21:45:00,4.550,26.30,0.000
2025-08-21T21:30:00,4.550,25.80,0.000
2025-08-21T21:15:00,4.550,26.00,0.000
2025-08-21T21:00:00,4.550,26.20,0.000
2025-08-21T20:45:00,4.550,25.90,0.000
2025-08-21T20:30:00,4.560,25.90,0.000
2025-08-21T20:15:00,4.550,25.60,0.000
2025-08-21T20:00:00,4.550,25.40,0.000
2025-08-21T19:45:00,4.550,24.60,0.000
2025-08-21T19:30:00,4.560,26.10,0.000
2025-08-21T19:15:00,4.560,25.10,0.000
2025-08-21T19:00:00,4.560,26.60,0.000
2025-08-21T18:45:00,4.560,22.00,0.000
2025-08-21T18:30:00,4.570,24.40,0.000
2025-08-21T18:15:00,4.580,25.10,0.000
2025-08-21T18:00:00,4.580,26.30,0.000
2025-08-21T17:45:00,4.570,26.00,0.000
2025-08-21T17:30:00,4.580,26.20,0.000
2025-08-21T17:15:00,4.580,27.00,0.000
2025-08-21T17:00:00,4.580,26.30,0.000
2025-08-21T16:45:00,4.580,27.60,0.000
2025-08-21T16:30:00,4.560,26.80,0.000
2025-08-21T16:15:00,4.550,26.20,0.000
2025-08-21T16:00:00,4.550,26.70,0.000
2025-08-21T15:45:00,4.540,25.80,0.000
2025-08-21T15:30:00,4.530,25.20,0.000
2025-08-21T15:15:00,4.530,25.30,0.000
2025-08-21T15:00:00,4.530,25.00,0.000
2025-08-21T14:45:00,4.530,24.80,0.000
2025-08-21T14:30:00,4.530,25.20,0.000
2025-08-21T14:15:00,4.540,25.30,0.000
2025-08-21T14:00:00,4.530,24.80,0.000
2025-08-21T13:45:00,4.530,25.90,0.000
2025-08-21T13:30:00,4.530,26.00,0.000
2025-08-21T13:15:00,4.530,24.90,0.000
2025-08-21T13:00:00,4.530,25.30,0.000
2025-08-21T12:45:00,4.530,25.00,0.000
2025-08-21T12:30:00,4.540,24.40,0.000
2025-08-21T12:15:00,4.540,23.80,0.000
2025-08-21T12:00:00,4.540,23.90,0.000
2025-08-21T11:45:00,4.540,22.30,0.000
2025-08-21T11:30:00,4.540,22.50,0.000
2025-08-21T11:15:00,4.540,24.20,0.000
2025-08-21T11:00:00,4.550,25.60,0.000
2025-08-21T10:45:00,4.550,25.20,0.000
2025-08-21T10:30:00,4.550,25.40,0.000
2025-08-21T10:15:00,4.550,25.90,0.000
2025-08-21T10:00:00,4.560,26.00,0.000
2025-08-21T09:45:00,4.570,26.00,0.000
2025-08-21T09:30:00,4.560,26.50,0.000
2025-08-21T09:15:00,4.580,26.70,0.000
2025-08-21T09:00:00,4.580,26.70,0.000
2025-08-21T08:45:00,4.580,25.70,0.000
2025-08-21T08:30:00,4.580,27.00,0.000
2025-08-21T08:15:00,4.580,26.30,0.000
2025-08-21T08:00:00,4.590,26.60,0.000
2025-08-21T07:45:00,4.590,27.10,0.000
2025-08-21T07:30:00,4.590,28.00,0.000
2025-08-21T07:15:00,4.590,26.90,0.000
2025-08-21T07:00:00,4.590,26.80,0.000
2025-08-21T06:45:00,4.590,27.90,0.000
2025-08-21T06:30:00,4.590,28.30,0.000
2025-08-21T06:15:00,4.590,27.70,0.000
2025-08-21T06:00:00,4.590,27.40,0.000
2025-08-21T05:45:00,4.600,27.70,0.000
2025-08-21T05:30:00,4.610,27.90,0.000
2025-08-21T05:15:00,4.610,28.10,0.000
2025-08-21T05:00:00,4.610,29.10,0.000
2025-08-21T04:45:00,4.610,28.10,0.000
2025-08-21T04:30:00,4.610,28.30,0.000
2025-08-21T04:15:00,4.610,28.60,0.000
2025-08-21T04:00:00,4.620,28.30,0.000
2025-08-21T03:45:00,4.630,28.80,0.000
2025-08-21T03:30:00,4.630,28.40,0.000
2025-08-21T03:15:00,4.630,29.90,0.000
2025-08-21T03:00:00,4.640,29.10,0.000
2025-08-21T02:45:00,4.630,28.80,0.000
2025-08-21T02:30:00,4.640,29.50,0.000
2025-08-21T02:15:00,4.640,28.90,0.000
2025-08-21T02:00:00,4.650,29.80,0.000
2025-08-21T01:45:00,4.650,29.40,0.000
2025-08-21T01:30:00,4.650,30.00,0.000
2025-08-21T01:15:00,4.650,29.10,0.000
2025-08-21T01:00:00,4.660,29.70,0.000
2025-08-21T00:45:00,4.650,29.80,0.000
2025-08-21T00:30:00,4.650,29.80,0.000
2025-08-21T00:15:00,4.660,29.60,0.000
2025-08-21T00:00:00,4.660,29.60,0.000
2025-08-20T23:45:00,4.660,29.70,0.000
2025-08-20T23:30:00,4.660,30.60,0.000
2025-08-20T23:15:00,4.660,30.20,0.000
2025-08-20T23:00:00,4.660,30.30,0.000
2025-08-20T22:45:00,4.660,30.20,0.000
2025-08-20T22:30:00,4.660,29.80,0.000
2025-08-20T22:15:00,4.650,29.30,0.000
2025-08-20T22:00:00,4.650,29.60,0.000
2025-08-20T21:45:00,4.640,29.40,0.000
2025-08-20T21:30:00,4.640,29.20,0.000
2025-08-20T21:15:00,4.630,28.30,0.000
2025-08-20T21:00:00,4.630,28.10,0.000
2025-08-20T20:45:00,4.640,28.30,0.000
2025-08-20T20:30:00,4.630,27.40,0.000
2025-08-20T20:15:00,4.630,27.40,0.000
2025-08-20T20:00:00,4.640,29.30,0.000
2025-08-20T19:45:00,4.650,28.40,0.000
2025-08-20T19:30:00,4.650,27.90,0.000
2025-08-20T19:15:00,4.650,28.30,0.000
2025-08-20T19:00:00,4.650,28.50,0.000
2025-08-20T18:45:00,4.650,28.30,0.000
2025-08-20T18:30:00,4.650,29.00,0.000
2025-08-20T18:15:00,4.660,28.70,0.000
2025-08-20T18:00:00,4.660,29.10,0.000
2025-08-20T17:45:00,4.660,29.90,0.000
2025-08-20T17:30:00,4.670,28.90,0.000
2025-08-20T17:15:00,4.660,29.00,0.000
2025-08-20T17:00:00,4.680,28.80,0.000
2025-08-20T16:45:00,4.680,29.90,0.000
2025-08-20T16:30:00,4.680,29.90,0.000
2025-08-20T16:15:00,4.690,29.60,0.000
2025-08-20T16:00:00,4.680,29.90,0.000
2025-08-20T15:45:00,4.690,30.00,0.000
2025-08-20T15:30:00,4.700,29.80,0.000
2025-08-20T15:15:00,4.700,30.00,0.000
2025-08-20T15:00:00,4.700,29.90,0.000
2025-08-20T14:45:00,4.700,27.40,0.000
2025-08-20T14:30:00,4.710,29.50,0.000
2025-08-20T14:15:00,4.710,29.40,0.000
2025-08-20T14:00:00,4.720,30.80,0.000
2025-08-20T13:45:00,4.720,30.00,0.000
2025-08-20T13:30:00,4.720,30.30,0.000
2025-08-20T13:15:00,4.720,29.50,0.000
2025-08-20T13:00:00,4.730,30.00,0.000
2025-08-20T12:45:00,4.730,31.10,0.000
2025-08-20T12:30:00,4.740,28.40,0.000
2025-08-20T12:15:00,4.740,30.30,0.000
2025-08-20T12:00:00,4.740,31.60,0.000
2025-08-20T11:45:00,4.750,28.30,0.000
2025-08-20T11:30:00,4.750,31.00,0.000
2025-08-20T11:15:00,4.750,31.40,0.000
2025-08-20T11:00:00,4.760,31.10,0.000
2025-08-20T10:45:00,4.750,32.00,0.000
2025-08-20T10:30:00,4.760,30.20,0.000
2025-08-20T10:15:00,4.770,30.90,0.000
2025-08-20T10:00:00,4.770,31.50,0.000
2025-08-20T09:45:00,4.780,31.40,0.000
2025-08-20T09:30:00,4.770,31.20,0.000
2025-08-20T09:15:00,4.790,31.50,0.000
2025-08-20T09:00:00,4.790,32.10,0.000
2025-08-20T08:45:00,4.800,32.20,0.000
2025-08-20T08:30:00,4.800,31.80,0.000
2025-08-20T08:15:00,4.790,31.70,0.000
2025-08-20T08:00:00,4.800,31.90,0.000
2025-08-20T07:45:00,4.810,32.50,0.000
2025-08-20T07:30:00,4.810,32.10,0.000
2025-08-20T07:15:00,4.810,32.90,0.000
2025-08-20T07:00:00,4.830,32.70,0.000
2025-08-20T06:45:00,4.830,33.60,0.000
2025-08-20T06:30:00,4.830,31.90,0.000
2025-08-20T06:15:00,4.840,33.80,0.000
2025-08-20T06:00:00,4.840,32.40,0.000
2025-08-20T05:45:00,4.850,33.60,0.000
2025-08-20T05:30:00,4.850,33.60,0.000
2025-08-20T05:15:00,4.860,33.70,0.000
2025-08-20T05:00:00,4.860,33.70,0.000
2025-08-20T04:45:00,4.860,34.60,0.000
2025-08-20T04:30:00,4.870,35.10,0.000
2025-08-20T04:15:00,4.880,34.50,0.000
2025-08-20T04:00:00,4.880,35.00,0.000
2025-08-20T03:45:00,4.890,34.30,0.000
2025-08-20T03:30:00,4.890,33.50,0.000
2025-08-20T03:15:00,4.900,36.10,0.000
2025-08-20T03:00:00,4.900,34.40,0.000
2025-08-20T02:45:00,4.900,35.50,0.000
2025-08-20T02:30:00,4.910,35.80,0.000
2025-08-20T02:15:00,4.910,34.90,0.000
2025-08-20T02:00:00,4.900,36.10,0.000
2025-08-20T01:45:00,4.910,36.30,0.000
2025-08-20T01:30:00,4.900,36.70,0.000
2025-08-20T01:15:00,4.900,34.10,0.000
2025-08-20T01:00:00,4.900,35.00,0.000
2025-08-20T00:45:00,4.890,36.10,0.000
2025-08-20T00:30:00,4.900,34.60,0.000
2025-08-20T00:15:00,4.900,34.90,0.000
2025-08-20T00:00:00,4.900,34.50,0.000
2025-08-19T23:45:00,4.890,34.90,0.000
2025-08-19T23:30:00,4.900,33.40,0.000
2025-08-19T23:15:00,4.900,33.90,0.000
2025-08-19T23:00:00,4.910,35.10,0.000
2025-08-19T22:45:00,4.910,35.90,0.000
2025-08-19T22:30:00,4.910,32.30,0.000
2025-08-19T22:15:00,4.910,34.90,0.000
2025-08-19T22:00:00,4.930,36.90,0.000
2025-08-19T21:45:00,4.930,36.60,0.000
2025-08-19T21:30:00,4.940,35.70,0.000
2025-08-19T21:15:00,4.940,33.40,0.000
2025-08-19T21:00:00,4.950,36.40,0.000
2025-08-19T20:45:00,4.950,36.30,0.000
2025-08-19T20:30:00,4.950,36.80,0.500
2025-08-19T20:15:00,4.960,37.00,0.000
2025-08-19T20:00:00,4.960,36.80,0.500
2025-08-19T19:45:00,4.970,40.10,1.500
2025-08-19T19:30:00,4.960,38.40,0.500
2025-08-19T19:15:00,4.970,35.70,0.000
2025-08-19T19:00:00,4.970,37.20,0.000
2025-08-19T18:45:00,4.980,36.50,0.000
2025-08-19T18:30:00,4.980,36.30,0.000
2025-08-19T18:15:00,4.990,37.80,0.000
2025-08-19T18:00:00,5.000,36.80,0.000
2025-08-19T17:45:00,5.000,38.50,0.000
2025-08-19T17:30:00,5.000,36.70,0.000
2025-08-19T17:15:00,5.020,37.60,0.000
2025-08-19T17:00:00,5.010,38.70,0.000
2025-08-19T16:45:00,5.020,38.70,0.000
2025-08-19T16:30:00,5.040,37.40,0.000
2025-08-19T16:15:00,5.030,37.50,0.000
2025-08-19T16:00:00,5.040,37.20,0.000
2025-08-19T15:45:00,5.050,38.70,0.000
2025-08-19T15:30:00,5.060,37.70,0.000
2025-08-19T15:15:00,5.060,37.80,0.000
2025-08-19T15:00:00,5.070,38.90,0.000
2025-08-19T14:45:00,5.070,40.20,0.000
2025-08-19T14:30:00,5.080,37.90,0.000
2025-08-19T14:15:00,5.090,39.10,0.000
2025-08-19T14:00:00,5.100,40.20,0.000
2025-08-19T13:45:00,5.100,38.80,0.000
2025-08-19T13:30:00,5.100,39.80,0.000
2025-08-19T13:15:00,5.110,39.10,0.000
2025-08-19T13:00:00,5.120,40.20,0.000
2025-08-19T12:45:00,5.130,37.80,0.000
2025-08-19T12:30:00,5.140,41.60,0.000
2025-08-19T12:15:00,5.150,41.60,0.000
2025-08-19T12:00:00,5.150,41.90,0.000
2025-08-19T11:45:00,5.160,40.20,0.000
2025-08-19T11:30:00,5.160,42.40,0.000
2025-08-19T11:15:00,5.170,41.50,0.000
2025-08-19T11:00:00,5.190,43.00,0.000
2025-08-19T10:45:00,5.190,41.30,0.000
2025-08-19T10:30:00,5.190,42.70,0.000
2025-08-19T10:15:00,5.210,43.90,0.000
2025-08-19T10:00:00,5.210,43.10,0.000
2025-08-19T09:45:00,5.220,44.30,0.000
2025-08-19T09:30:00,5.230,44.60,0.000
2025-08-19T09:15:00,5.230,42.90,0.000
2025-08-19T09:00:00,5.240,42.70,0.000
2025-08-19T08:45:00,5.250,45.70,0.000
2025-08-19T08:30:00,5.260,44.40,0.000
2025-08-19T08:15:00,5.270,46.50,0.000
2025-08-19T08:00:00,5.280,45.50,0.000
2025-08-19T07:45:00,5.270,43.10,0.000
2025-08-19T07:30:00,5.290,44.90,0.000
2025-08-19T07:15:00,5.300,44.80,0.000
2025-08-19T07:00:00,5.310,48.10,0.000
2025-08-19T06:45:00,5.320,48.40,0.000
2025-08-19T06:30:00,5.320,46.50,0.000
2025-08-19T06:15:00,5.320,48.20,0.000
2025-08-19T06:00:00,5.340,48.50,0.000
2025-08-19T05:45:00,5.340,47.80,0.000
2025-08-19T05:30:00,5.350,50.60,0.000
2025-08-19T05:15:00,5.360,48.70,0.000
2025-08-19T05:00:00,5.360,49.50,0.000
2025-08-19T04:45:00,5.380,50.50,0.000
2025-08-19T04:30:00,5.380,51.70,0.000
2025-08-19T04:15:00,5.390,52.00,0.000
2025-08-19T04:00:00,5.400,52.00,0.000
2025-08-19T03:45:00,5.400,53.00,0.000
2025-08-19T03:30:00,5.420,54.10,0.000
2025-08-19T03:15:00,5.420,52.50,0.000
2025-08-19T03:00:00,5.420,53.70,0.000
2025-08-19T02:45:00,5.430,55.30,0.000
2025-08-19T02:30:00,5.450,55.80,0.000
2025-08-19T02:15:00,5.450,53.30,0.000
2025-08-19T02:00:00,5.450,56.10,0.000
2025-08-19T01:45:00,5.470,54.70,0.000
2025-08-19T01:30:00,5.460,57.30,0.000
2025-08-19T01:15:00,5.470,55.30,0.000
2025-08-19T01:00:00,5.470,56.70,0.000
2025-08-19T00:45:00,5.480,56.00,0.000
2025-08-19T00:30:00,5.480,57.90,0.000
2025-08-19T00:15:00,5.470,60.00,0.000
2025-08-19T00:00:00,5.460,58.10,0.000
2025-08-18T23:45:00,5.460,58.10,0.000
2025-08-18T23:30:00,5.440,58.60,0.000
2025-08-18T23:15:00,5.440,56.30,0.000
2025-08-18T23:00:00,5.410,55.40,0.000
2025-08-18T22:45:00,5.390,54.00,0.000
2025-08-18T22:30:00,5.370,53.60,0.000
2025-08-18T22:15:00,5.350,52.10,0.000
2025-08-18T22:00:00,5.330,51.60,0.000
2025-08-18T21:45:00,5.300,49.60,0.000
2025-08-18T21:30:00,5.280,47.70,0.000
2025-08-18T21:15:00,5.250,47.60,0.000
2025-08-18T21:00:00,5.230,47.30,0.500
2025-08-18T20:45:00,5.220,47.20,0.500
2025-08-18T20:30:00,5.210,46.30,0.500
2025-08-18T20:15:00,5.200,46.30,0.500
2025-08-18T20:00:00,5.190,43.50,0.500
2025-08-18T19:45:00,5.180,45.10,0.500
2025-08-18T19:30:00,5.190,46.20,2.000
2025-08-18T19:15:00,5.180,46.30,6.500
2025-08-18T19:00:00,5.170,46.50,5.500
2025-08-18T18:45:00,5.170,46.70,1.500
2025-08-18T18:30:00,5.180,41.80,0.000
2025-08-18T18:15:00,5.190,41.10,0.000
2025-08-18T18:00:00,5.200,42.50,0.000
2025-08-18T17:45:00,5.200,43.40,0.000
2025-08-18T17:30:00,5.210,44.00,0.000
2025-08-18T17:15:00,5.220,41.60,0.000
2025-08-18T17:00:00,5.220,43.90,0.000
2025-08-18T16:45:00,5.230,42.10,0.000
2025-08-18T16:30:00,5.240,44.00,0.000
2025-08-18T16:15:00,5.240,43.00,0.000
2025-08-18T16:00:00,5.250,42.30,0.000
2025-08-18T15:45:00,5.250,42.20,0.000
2025-08-18T15:30:00,5.260,44.50,0.000
2025-08-18T15:15:00,5.270,43.70,0.000
2025-08-18T15:00:00,5.270,42.90,0.000
2025-08-18T14:45:00,5.290,44.50,0.000
2025-08-18T14:30:00,5.290,43.30,0.500
2025-08-18T14:15:00,5.300,50.00,1.500
2025-08-18T14:00:00,5.310,45.60,0.000
2025-08-18T13:45:00,5.310,44.40,0.000
2025-08-18T13:30:00,5.320,46.00,0.000
2025-08-18T13:15:00,5.340,48.00,0.000
2025-08-18T13:00:00,5.340,46.10,0.000
2025-08-18T12:45:00,5.350,46.20,0.000
2025-08-18T12:30:00,5.350,47.10,0.000
2025-08-18T12:15:00,5.360,47.40,0.000
2025-08-18T12:00:00,5.370,46.90,0.000
2025-08-18T11:45:00,5.380,49.20,0.000
2025-08-18T11:30:00,5.400,49.90,0.000
2025-08-18T11:15:00,5.400,48.90,0.000
2025-08-18T11:00:00,5.410,49.20,0.000
2025-08-18T10:45:00,5.410,49.60,0.000
2025-08-18T10:30:00,5.430,51.90,0.000
2025-08-18T10:15:00,5.440,48.40,0.000
2025-08-18T10:00:00,5.460,50.70,0.000
2025-08-18T09:45:00,5.470,51.00,0.000
2025-08-18T09:30:00,5.490,54.00,0.000
2025-08-18T09:15:00,5.500,52.80,0.000
2025-08-18T09:00:00,5.510,54.90,0.000
2025-08-18T08:45:00,5.530,53.20,0.000
2025-08-18T08:30:00,5.530,53.80,0.000
2025-08-18T08:15:00,5.550,55.80,0.000
2025-08-18T08:00:00,5.560,56.20,0.000
2025-08-18T07:45:00,5.580,49.70,0.000
2025-08-18T07:30:00,5.580,53.00,0.000
2025-08-18T07:15:00,5.590,55.40,0.000
2025-08-18T07:00:00,5.600,59.60,0.000
2025-08-18T06:45:00,5.620,58.00,0.000
2025-08-18T06:30:00,5.630,56.10,0.000
2025-08-18T06:15:00,5.640,59.70,0.000
2025-08-18T06:00:00,5.660,57.90,0.000
2025-08-18T05:45:00,5.660,58.50,0.000
2025-08-18T05:30:00,5.680,59.40,0.000
2025-08-18T05:15:00,5.700,58.50,0.000
2025-08-18T05:00:00,5.710,63.00,0.000
2025-08-18T04:45:00,5.720,60.40,0.000
2025-08-18T04:30:00,5.740,62.60,0.000
2025-08-18T04:15:00,5.750,59.90,0.000
2025-08-18T04:00:00,5.760,60.10,0.000
2025-08-18T03:45:00,5.780,63.90,0.000
2025-08-18T03:30:00,5.790,61.70,0.000
2025-08-18T03:15:00,5.810,61.10,0.000
2025-08-18T03:00:00,5.820,62.40,0.000
2025-08-18T02:45:00,5.830,67.00,0.000
2025-08-18T02:30:00,5.850,64.00,0.500
2025-08-18T02:15:00,5.860,66.40,0.000
2025-08-18T02:00:00,5.880,62.90,0.000
2025-08-18T01:45:00,5.900,68.30,0.000
2025-08-18T01:30:00,5.910,66.20,0.000
2025-08-18T01:15:00,5.920,68.50,0.000
2025-08-18T01:00:00,5.940,67.80,0.000
2025-08-18T00:45:00,5.960,67.90,0.000
2025-08-18T00:30:00,5.980,71.20,0.000
2025-08-18T00:15:00,6.000,71.10,0.000
2025-08-18T00:00:00,6.010,69.60,0.000
2025-08-17T23:45:00,6.040,69.20,0.000
2025-08-17T23:30:00,6.050,70.20,0.000
2025-08-17T23:15:00,6.070,71.30,0.000
2025-08-17T23:00:00,6.100,74.90,0.000
2025-08-17T22:45:00,6.110,71.50,0.000
2025-08-17T22:30:00,6.130,72.00,0.000
2025-08-17T22:15:00,6.150,74.60,0.000
2025-08-17T22:00:00,6.180,75.70,0.000
2025-08-17T21:45:00,6.200,74.60,0.000
2025-08-17T21:30:00,6.230,77.60,0.000
2025-08-17T21:15:00,6.260,87.70,0.000
2025-08-17T21:00:00,6.280,81.50,0.000
2025-08-17T20:45:00,6.310,83.60,0.000
2025-08-17T20:30:00,6.350,84.50,0.000
2025-08-17T20:15:00,6.370,87.30,0.000
2025-08-17T20:00:00,6.400,90.80,0.000
2025-08-17T19:45:00,6.420,88.30,0.000
2025-08-17T19:30:00,6.440,90.70,0.000
2025-08-17T19:15:00,6.450,95.80,0.000
2025-08-17T19:00:00,6.470,93.70,0.000
2025-08-17T18:45:00,6.490,91.20,0.000
2025-08-17T18:30:00,6.500,95.10,0.000
2025-08-17T18:15:00,6.520,99.40,0.000
2025-08-17T18:00:00,6.540,101.50,0.000
2025-08-17T17:45:00,6.560,99.80,0.000
2025-08-17T17:30:00,6.590,99.00,0.000
2025-08-17T17:15:00,6.600,104.90,0.000
2025-08-17T17:00:00,6.620,101.90,0.000
2025-08-17T16:45:00,6.640,100.90,0.000
2025-08-17T16:30:00,6.650,105.00,0.000
2025-08-17T16:15:00,6.670,103.00,0.000
2025-08-17T16:00:00,6.700,104.80,0.000
2025-08-17T15:45:00,6.710,104.40,0.000
2025-08-17T15:30:00,6.720,99.60,0.000
2025-08-17T15:15:00,6.740,106.30,0.000
2025-08-17T15:00:00,6.760,112.20,0.000
2025-08-17T14:45:00,6.780,111.50,0.000
2025-08-17T14:30:00,6.790,114.30,0.000
2025-08-17T14:15:00,6.810,113.40,0.000
2025-08-17T14:00:00,6.830,112.50,0.000
2025-08-17T13:45:00,6.840,116.80,0.000
2025-08-17T13:30:00,6.850,112.90,0.000
2025-08-17T13:15:00,6.860,110.30,0.000
2025-08-17T13:00:00,6.890,113.40,0.000
2025-08-17T12:45:00,6.900,113.10,0.000
2025-08-17T12:30:00,6.900,120.60,0.000
2025-08-17T12:15:00,6.910,119.80,0.000
2025-08-17T12:00:00,6.910,121.90,0.000
2025-08-17T11:45:00,6.920,115.80,0.000
2025-08-17T11:30:00,6.930,125.90,0.000
2025-08-17T11:15:00,6.930,121.20,0.000
2025-08-17T11:00:00,6.940,121.20,0.000
2025-08-17T10:45:00,6.930,133.40,0.000
2025-08-17T10:30:00,6.920,133.60,0.000
2025-08-17T10:15:00,6.910,133.60,0.000
2025-08-17T10:00:00,6.900,124.90,0.000
2025-08-17T09:45:00,6.890,136.30,0.000
2025-08-17T09:30:00,6.880,135.40,0.000
2025-08-17T09:15:00,6.850,134.50,0.000
2025-08-17T09:00:00,6.830,130.10,0.000
2025-08-17T08:45:00,6.800,132.70,0.000
2025-08-17T08:30:00,6.750,132.20,0.000
2025-08-17T08:15:00,6.710,127.30,0.000
2025-08-17T08:00:00,6.650,126.40,0.000
2025-08-17T07:45:00,6.600,119.90,0.000
2025-08-17T07:30:00,6.530,117.20,0.000
2025-08-17T07:15:00,6.470,118.70,0.000
2025-08-17T07:00:00,6.380,108.30,0.000
2025-08-17T06:45:00,6.300,104.40,0.000
2025-08-17T06:30:00,6.220,101.40,0.000
2025-08-17T06:15:00,6.140,99.90,0.500
2025-08-17T06:00:00,6.070,91.50,0.500
2025-08-17T05:45:00,6.000,92.30,0.500
2025-08-17T05:30:00,5.940,87.80,1.000
2025-08-17T05:15:00,5.890,86.10,1.000
2025-08-17T05:00:00,5.850,82.10,1.000
2025-08-17T04:45:00,5.820,78.20,1.000
2025-08-17T04:30:00,5.790,78.40,2.000
2025-08-17T04:15:00,5.760,76.70,1.500
2025-08-17T04:00:00,5.740,79.30,1.500
2025-08-17T03:45:00,5.730,75.20,1.500
2025-08-17T03:30:00,5.710,74.50,2.500
2025-08-17T03:15:00,5.700,73.70,1.500
2025-08-17T03:00:00,5.690,74.20,3.000
2025-08-17T02:45:00,5.690,75.20,3.500
2025-08-17T02:30:00,5.680,73.70,3.000
2025-08-17T02:15:00,5.670,72.60,3.000
2025-08-17T02:00:00,5.660,68.70,1.500
2025-08-17T01:45:00,5.650,68.20,0.500
2025-08-17T01:30:00,5.640,64.90,0.500
2025-08-17T01:15:00,5.650,65.00,0.500
2025-08-17T01:00:00,5.650,67.60,0.500
2025-08-17T00:45:00,5.640,71.30,1.000
2025-08-17T00:30:00,5.640,68.10,1.000
2025-08-17T00:15:00,5.630,71.30,1.500
2025-08-17T00:00:00,5.630,72.40,0.500
2025-08-30T23:45:00,4.840,34.70,0.000
2025-08-30T23:30:00,4.850,34.80,0.000
2025-08-30T23:15:00,4.860,36.00,0.000
2025-08-30T23:00:00,4.860,35.90,0.000
2025-08-30T22:45:00,4.850,35.40,0.000
2025-08-30T22:30:00,4.860,35.30,0.000
2025-08-30T22:15:00,4.850,35.60,0.000
2025-08-30T22:00:00,4.850,36.70,0.000
2025-08-30T21:45:00,4.870,35.60,0.000
2025-08-30T21:30:00,4.860,35.10,0.000
2025-08-30T21:15:00,4.860,36.10,0.000
2025-08-30T21:00:00,4.860,36.20,0.000
2025-08-30T20:45:00,4.870,36.10,0.000
2025-08-30T20:30:00,4.870,35.00,0.000
2025-08-30T20:15:00,4.870,35.70,0.000
2025-08-30T20:00:00,4.870,35.50,0.000
2025-08-30T19:45:00,4.870,35.00,0.000
2025-08-30T19:30:00,4.880,35.70,0.000
2025-08-30T19:15:00,4.880,36.90,0.000
2025-08-30T19:00:00,4.870,36.10,0.000
2025-08-30T18:45:00,4.880,36.30,0.000
2025-08-30T18:30:00,4.890,37.20,0.000
2025-08-30T18:15:00,4.880,36.10,0.000
2025-08-30T18:00:00,4.880,35.60,0.000
2025-08-30T17:45:00,4.890,34.80,0.000
2025-08-30T17:30:00,4.890,37.10,0.000
2025-08-30T17:15:00,4.900,37.60,0.000
2025-08-30T17:00:00,4.900,35.80,0.000
2025-08-30T16:45:00,4.890,36.30,0.000
2025-08-30T16:30:00,4.900,37.40,0.000
2025-08-30T16:15:00,4.900,34.90,0.000
2025-08-30T16:00:00,4.910,37.10,0.000
2025-08-30T15:45:00,4.890,36.40,0.000
2025-08-30T15:30:00,4.910,36.70,0.000
2025-08-30T15:15:00,4.910,37.80,0.000
2025-08-30T15:00:00,4.910,38.00,0.000
2025-08-30T14:45:00,4.920,36.10,0.000
2025-08-30T14:30:00,4.910,36.90,0.000
2025-08-30T14:15:00,4.920,36.80,0.000
2025-08-30T14:00:00,4.920,36.90,0.000
2025-08-30T13:45:00,4.920,37.70,0.000
2025-08-30T13:30:00,4.930,35.80,0.000
2025-08-30T13:15:00,4.930,36.50,0.000
2025-08-30T13:00:00,4.930,37.70,0.000
2025-08-30T12:45:00,4.930,36.90,0.000
2025-08-30T12:30:00,4.940,36.80,0.000
2025-08-30T12:15:00,4.930,36.10,0.000
2025-08-30T12:00:00,4.940,37.20,0.000
2025-08-30T11:45:00,4.940,37.50,0.000
2025-08-30T11:30:00,4.950,37.50,0.000
2025-08-30T11:15:00,4.940,36.80,0.000
2025-08-30T11:00:00,4.940,36.20,0.000
2025-08-30T10:45:00,4.960,36.80,0.000
2025-08-30T10:30:00,4.960,37.70,0.000
2025-08-30T10:15:00,4.960,37.40,0.000
2025-08-30T10:00:00,4.960,36.00,0.000
2025-08-30T09:45:00,4.970,37.30,0.000
2025-08-30T09:30:00,4.970,36.50,0.000
2025-08-30T09:15:00,4.980,39.10,0.000
2025-08-30T09:00:00,4.970,38.20,0.000
2025-08-30T08:45:00,4.980,37.60,0.000
2025-08-30T08:30:00,4.980,39.80,0.000
2025-08-30T08:15:00,4.980,37.80,0.000
2025-08-30T08:00:00,4.990,38.70,0.000
2025-08-30T07:45:00,5.000,37.80,0.000
2025-08-30T07:30:00,4.990,38.40,0.000
2025-08-30T07:15:00,5.000,37.40,0.000
2025-08-30T07:00:00,5.000,38.40,0.000
2025-08-30T06:45:00,5.010,38.50,0.000
2025-08-30T06:30:00,5.010,38.00,0.000
2025-08-30T06:15:00,5.000,38.80,0.000
2025-08-30T06:00:00,5.010,39.20,0.000
2025-08-30T05:45:00,5.000,37.30,0.000
2025-08-30T05:30:00,5.020,38.70,0.000
2025-08-30T05:15:00,5.020,39.90,0.000
2025-08-30T05:00:00,5.010,39.50,0.000
2025-08-30T04:45:00,5.020,39.20,0.000
2025-08-30T04:30:00,5.020,39.40,0.000
2025-08-30T04:15:00,5.030,39.00,0.000
2025-08-30T04:00:00,5.020,38.90,0.000
2025-08-30T03:45:00,5.030,40.30,0.000
2025-08-30T03:30:00,5.030,38.60,0.000
2025-08-30T03:15:00,5.020,40.00,0.000
2025-08-30T03:00:00,5.020,39.30,0.000
2025-08-30T02:45:00,5.040,40.30,0.000
2025-08-30T02:30:00,5.030,40.70,0.000
2025-08-30T02:15:00,5.040,39.90,0.000
2025-08-30T02:00:00,5.030,40.20,0.000
2025-08-30T01:45:00,5.040,40.80,0.000
2025-08-30T01:30:00,5.040,39.00,0.000
2025-08-30T01:15:00,5.030,40.00,0.000
2025-08-30T01:00:00,5.040,41.20,0.000
2025-08-30T00:45:00,5.030,39.80,0.000
2025-08-30T00:30:00,5.040,40.00,0.000
2025-08-30T00:15:00,5.040,39.80,0.000
2025-08-30T00:00:00,5.040,39.40,0.000
2025-08-29T23:45:00,5.040,40.60,0.000
2025-08-29T23:30:00,5.040,38.70,0.000
2025-08-29T23:15:00,5.040,39.40,0.000
2025-08-29T23:00:00,5.050,40.70,0.000
2025-08-29T22:45:00,5.050,38.30,0.000
2025-08-29T22:30:00,5.040,39.50,0.000
2025-08-29T22:15:00,5.040,40.00,0.000
2025-08-29T22:00:00,5.050,39.60,0.000
2025-08-29T21:45:00,5.060,40.00,0.000
2025-08-29T21:30:00,5.060,40.70,0.000
2025-08-29T21:15:00,5.050,39.60,0.000
2025-08-29T21:00:00,5.060,40.50,0.000
2025-08-29T20:45:00,5.050,39.80,0.000
2025-08-29T20:30:00,5.060,41.00,0.000
2025-08-29T20:15:00,5.060,40.20,0.000
2025-08-29T20:00:00,5.050,39.40,0.000
2025-08-29T19:45:00,5.060,41.10,0.000
2025-08-29T19:30:00,5.060,40.30,0.000
2025-08-29T19:15:00,5.060,41.40,0.000
2025-08-29T19:00:00,5.060,41.70,0.000
2025-08-29T18:45:00,5.060,41.20,0.000
2025-08-29T18:30:00,5.060,41.00,0.000
2025-08-29T18:15:00,5.060,40.40,0.000
2025-08-29T18:00:00,5.050,40.00,0.000
2025-08-29T17:45:00,5.060,39.70,0.000
2025-08-29T17:30:00,5.050,41.00,0.000
2025-08-29T17:15:00,5.060,42.00,0.000
2025-08-29T17:00:00,5.060,41.10,0.000
2025-08-29T16:45:00,5.060,41.10,0.000
2025-08-29T16:30:00,5.060,41.00,0.000
2025-08-29T16:15:00,5.070,41.70,0.000
2025-08-29T16:00:00,5.070,41.70,0.000
2025-08-29T15:45:00,5.070,42.20,0.000
2025-08-29T15:30:00,5.070,40.30,0.000
2025-08-29T15:15:00,5.070,41.80,0.000
2025-08-29T15:00:00,5.070,40.40,0.000
2025-08-29T14:45:00,5.070,45.30,0.000
2025-08-29T14:30:00,5.080,41.80,0.000
2025-08-29T14:15:00,5.080,40.10,0.000
2025-08-29T14:00:00,5.080,40.40,0.000
2025-08-29T13:45:00,5.080,41.60,0.000
2025-08-29T13:30:00,5.080,42.80,0.000
2025-08-29T13:15:00,5.100,42.70,0.000
2025-08-29T13:00:00,5.090,42.00,0.000
2025-08-29T12:45:00,5.110,41.30,0.000
2025-08-29T12:30:00,5.120,42.40,0.000
2025-08-29T12:15:00,5.120,42.30,0.000
2025-08-29T12:00:00,5.130,41.60,0.000
2025-08-29T11:45:00,5.140,43.60,0.000
2025-08-29T11:30:00,5.140,43.80,0.000
2025-08-29T11:15:00,5.160,42.30,0.000
2025-08-29T11:00:00,5.170,43.60,0.000
2025-08-29T10:45:00,5.180,42.90,0.000
2025-08-29T10:30:00,5.200,42.70,0.000
2025-08-29T10:15:00,5.220,45.30,0.000
2025-08-29T10:00:00,5.240,44.50,0.000
2025-08-29T09:45:00,5.260,45.30,0.000
2025-08-29T09:30:00,5.290,47.30,0.000
2025-08-29T09:15:00,5.320,49.20,0.000
2025-08-29T09:00:00,5.360,50.30,0.000
2025-08-29T08:45:00,5.400,50.80,0.000
2025-08-29T08:30:00,5.430,56.10,0.000
2025-08-29T08:15:00,5.480,57.00,0.000
2025-08-29T08:00:00,5.500,62.90,0.000
2025-08-29T07:45:00,5.520,62.50,0.000
2025-08-29T07:30:00,5.530,61.90,0.000
2025-08-29T07:15:00,5.520,64.70,0.000
2025-08-29T07:00:00,5.530,60.50,0.000
2025-08-29T06:45:00,5.540,66.10,0.000
2025-08-29T06:30:00,5.530,63.00,0.000
2025-08-29T06:15:00,5.540,65.00,0.000
2025-08-29T06:00:00,5.530,63.60,0.000
2025-08-29T05:45:00,5.540,65.70,0.000
2025-08-29T05:30:00,5.540,64.70,0.000
2025-08-29T05:15:00,5.550,59.90,0.000
2025-08-29T05:00:00,5.550,63.80,0.000
2025-08-29T04:45:00,5.540,62.00,0.000
2025-08-29T04:30:00,5.550,62.60,0.000
2025-08-29T04:15:00,5.550,64.80,0.000
2025-08-29T04:00:00,5.540,65.60,0.000
2025-08-29T03:45:00,5.550,60.30,0.000
2025-08-29T03:30:00,5.560,68.00,0.000
2025-08-29T03:15:00,5.550,64.90,0.000
2025-08-29T03:00:00,5.550,64.80,0.000
2025-08-29T02:45:00,5.560,64.90,0.000
2025-08-29T02:30:00,5.550,65.60,0.000
2025-08-29T02:15:00,5.560,64.80,0.000
2025-08-29T02:00:00,5.560,64.10,0.000
2025-08-29T01:45:00,5.550,60.60,0.000
2025-08-29T01:30:00,5.570,65.90,0.000
2025-08-29T01:15:00,5.550,62.80,0.000
2025-08-29T01:00:00,5.560,66.10,0.000
2025-08-29T00:45:00,5.550,64.40,0.000
2025-08-29T00:30:00,5.560,61.70,0.000
2025-08-29T00:15:00,5.560,65.20,0.000
2025-08-29T00:00:00,5.550,65.00,0.000
2025-08-28T23:45:00,5.560,62.60,0.000
2025-08-28T23:30:00,5.570,65.40,0.000
2025-08-28T23:15:00,5.560,66.90,0.000
2025-08-28T23:00:00,5.560,61.10,0.000
2025-08-28T22:45:00,5.570,64.70,0.000
2025-08-28T22:30:00,5.560,60.30,0.000
2025-08-28T22:15:00,5.570,67.30,0.000
2025-08-28T22:00:00,5.570,64.10,0.000
2025-08-28T21:45:00,5.570,61.00,0.000
2025-08-28T21:30:00,5.570,64.20,0.000
2025-08-28T21:15:00,5.580,64.80,0.000
2025-08-28T21:00:00,5.580,68.10,0.000
2025-08-28T20:45:00,5.570,65.00,0.000
2025-08-28T20:30:00,5.570,65.80,0.000
2025-08-28T20:15:00,5.580,62.60,0.000
2025-08-28T20:00:00,5.590,67.00,0.000
2025-08-28T19:45:00,5.580,62.50,0.000
2025-08-28T19:30:00,5.580,66.50,0.000
2025-08-28T19:15:00,5.580,64.30,0.000
2025-08-28T19:00:00,5.590,67.60,0.000
2025-08-28T18:45:00,5.580,66.00,0.000
2025-08-28T18:30:00,5.580,65.40,0.000
2025-08-28T18:15:00,5.590,68.40,0.000
2025-08-28T18:00:00,5.570,60.40,0.000
2025-08-28T17:45:00,5.590,68.20,0.000
2025-08-28T17:30:00,5.580,66.60,0.000
2025-08-28T17:15:00,5.580,68.20,0.000
2025-08-28T17:00:00,5.580,63.50,0.000
2025-08-28T16:45:00,5.590,68.40,0.000
2025-08-28T16:30:00,5.570,66.00,0.000
2025-08-28T16:15:00,5.590,61.10,0.000
2025-08-28T16:00:00,5.590,69.10,0.000
2025-08-28T15:45:00,5.600,69.00,0.000
2025-08-28T15:30:00,5.590,65.60,0.000
2025-08-28T15:15:00,5.590,68.30,0.000
2025-08-28T15:00:00,5.600,66.20,0.000
2025-08-28T14:45:00,5.600,62.70,0.000
2025-08-28T14:30:00,5.600,67.90,0.000
2025-08-28T14:15:00,5.600,68.40,0.000
2025-08-28T14:00:00,5.600,69.90,0.000
2025-08-28T13:45:00,5.600,69.60,0.000
2025-08-28T13:30:00,5.600,66.50,0.500
2025-08-28T13:15:00,5.610,69.00,6.000
2025-08-28T13:00:00,5.600,68.90,0.000
2025-08-28T12:45:00,5.600,69.60,0.000
2025-08-28T12:30:00,5.600,67.40,0.000
2025-08-28T12:15:00,5.600,64.40,0.000
2025-08-28T12:00:00,5.600,68.20,0.000
2025-08-28T11:45:00,5.600,67.30,0.000
2025-08-28T11:30:00,5.610,68.00,0.000
2025-08-28T11:15:00,5.620,67.50,0.000
2025-08-28T11:00:00,5.630,67.70,0.000
2025-08-28T10:45:00,5.620,69.70,0.000
2025-08-28T10:30:00,5.630,68.30,0.000
2025-08-28T10:15:00,5.630,70.70,0.000
2025-08-28T10:00:00,5.640,65.90,0.000
2025-08-28T09:45:00,5.630,63.10,0.000
2025-08-28T09:30:00,5.640,70.50,0.000
2025-08-28T09:15:00,5.640,68.60,0.000
2025-08-28T09:00:00,5.640,68.70,0.000
2025-08-28T08:45:00,5.650,72.00,0.000
2025-08-28T08:30:00,5.650,64.70,0.000
2025-08-28T08:15:00,5.660,70.70,0.000
2025-08-28T08:00:00,5.670,71.30,0.000
2025-08-28T07:45:00,5.660,72.60,0.000
2025-08-28T07:30:00,5.670,70.30,0.000
2025-08-28T07:15:00,5.670,71.40,0.000
2025-08-28T07:00:00,5.670,66.60,0.000
2025-08-28T06:45:00,5.680,71.40,0.000
2025-08-28T06:30:00,5.670,73.00,0.000
2025-08-28T06:15:00,5.680,71.60,0.000
2025-08-28T06:00:00,5.680,71.10,0.000
2025-08-28T05:45:00,5.690,70.60,0.000
2025-08-28T05:30:00,5.700,72.70,0.000
2025-08-28T05:15:00,5.690,70.00,0.000
2025-08-28T05:00:00,5.700,72.40,0.000
2025-08-28T04:45:00,5.710,72.20,0.000
2025-08-28T04:30:00,5.710,74.50,0.000
2025-08-28T04:15:00,5.700,73.40,0.000
2025-08-28T04:00:00,5.700,69.10,0.000
2025-08-28T03:45:00,5.720,73.20,0.000
2025-08-28T03:30:00,5.710,71.50,0.000
2025-08-28T03:15:00,5.720,71.80,0.000
2025-08-28T03:00:00,5.710,68.00,0.000
2025-08-28T02:45:00,5.720,68.60,0.000
2025-08-28T02:30:00,5.720,68.60,0.000
2025-08-28T02:15:00,5.730,73.30,0.000
2025-08-28T02:00:00,5.730,74.00,0.000
2025-08-28T01:45:00,5.730,72.80,0.000
2025-08-28T01:30:00,5.730,66.10,0.000
2025-08-28T01:15:00,5.750,74.50,0.000
2025-08-28T01:00:00,5.740,75.30,0.000
2025-08-28T00:45:00,5.750,74.70,0.000
2025-08-28T00:30:00,5.750,74.20,0.000
2025-08-28T00:15:00,5.750,72.00,0.000
2025-08-28T00:00:00,5.750,58.80,0.000
2025-08-27T23:45:00,5.760,73.80,0.000
2025-08-27T23:30:00,5.770,74.30,0.000
2025-08-27T23:15:00,5.760,77.10,0.000
2025-08-27T23:00:00,5.760,73.20,0.000
2025-08-27T22:45:00,5.760,76.70,0.000
2025-08-27T22:30:00,5.780,74.00,0.000
2025-08-27T22:15:00,5.770,70.70,0.000
2025-08-27T22:00:00,5.770,76.20,0.000
2025-08-27T21:45:00,5.780,72.60,0.000
2025-08-27T21:30:00,5.780,74.10,0.000
2025-08-27T21:15:00,5.780,74.10,0.000
2025-08-27T21:00:00,5.790,74.30,0.000
2025-08-27T20:45:00,5.790,71.90,0.000
2025-08-27T20:30:00,5.790,79.00,0.000
2025-08-27T20:15:00,5.790,75.30,0.000
2025-08-27T20:00:00,5.800,69.80,0.000
2025-08-27T19:45:00,5.810,76.60,0.000
2025-08-27T19:30:00,5.810,73.40,0.000
2025-08-27T19:15:00,5.810,74.70,0.000
2025-08-27T19:00:00,5.810,73.80,0.000
2025-08-27T18:45:00,5.820,79.60,0.000
2025-08-27T18:30:00,5.820,76.90,0.000
2025-08-27T18:15:00,5.820,73.00,0.000
2025-08-27T18:00:00,5.820,77.80,0.000
2025-08-27T17:45:00,5.840,77.40,0.000
2025-08-27T17:30:00,5.830,73.70,0.000
2025-08-27T17:15:00,5.850,77.20,0.000
2025-08-27T17:00:00,5.850,80.80,0.000
2025-08-27T16:45:00,5.850,78.30,0.000
2025-08-27T16:30:00,5.850,74.60,0.000
2025-08-27T16:15:00,5.850,77.10,0.000
2025-08-27T16:00:00,5.860,73.90,0.000
2025-08-27T15:45:00,5.870,78.30,0.000
2025-08-27T15:30:00,5.870,73.80,0.000
2025-08-27T15:15:00,5.880,78.30,0.000
2025-08-27T15:00:00,5.880,77.00,0.000
2025-08-27T14:45:00,5.890,81.30,0.000
2025-08-27T14:30:00,5.890,81.50,0.000
2025-08-27T14:15:00,5.900,73.50,0.000
2025-08-27T14:00:00,5.900,81.30,0.000
2025-08-27T13:45:00,5.910,73.80,0.000
2025-08-27T13:30:00,5.920,80.50,0.000
2025-08-27T13:15:00,5.920,74.80,0.000
2025-08-27T13:00:00,5.930,82.90,0.000
2025-08-27T12:45:00,5.940,78.70,0.000
2025-08-27T12:30:00,5.940,79.70,0.000
2025-08-27T12:15:00,5.940,78.90,0.000
2025-08-27T12:00:00,5.950,78.60,0.000
2025-08-27T11:45:00,5.950,83.30,0.000
2025-08-27T11:30:00,5.960,76.40,0.000
2025-08-27T11:15:00,5.960,78.10,0.000
2025-08-27T11:00:00,5.970,81.20,0.000
2025-08-27T10:45:00,5.980,78.20,0.000
2025-08-27T10:30:00,5.980,80.40,0.000
2025-08-27T10:15:00,5.980,79.60,0.000
2025-08-27T10:00:00,6.000,82.90,0.000
2025-08-27T09:45:00,6.000,82.20,0.000
2025-08-27T09:30:00,6.010,78.20,0.000
2025-08-27T09:15:00,6.000,78.50,0.000
2025-08-27T09:00:00,6.010,83.80,0.000
2025-08-27T08:45:00,6.030,84.20,0.000
2025-08-27T08:30:00,6.030,79.20,0.000
2025-08-27T08:15:00,6.040,79.20,0.000
2025-08-27T08:00:00,6.050,81.00,0.000
2025-08-27T07:45:00,6.050,85.10,0.000
2025-08-27T07:30:00,6.070,80.80,0.000
2025-08-27T07:15:00,6.060,86.40,0.000
2025-08-27T07:00:00,6.070,82.10,0.000
2025-08-27T06:45:00,6.080,86.90,0.000
2025-08-27T06:30:00,6.090,86.50,0.000
2025-08-27T06:15:00,6.090,83.50,0.000
2025-08-27T06:00:00,6.090,88.80,0.000
2025-08-27T05:45:00,6.100,81.40,0.000
2025-08-27T05:30:00,6.110,89.10,0.000
2025-08-27T05:15:00,6.110,81.50,0.000
2025-08-27T05:00:00,6.120,86.20,0.000
2025-08-27T04:45:00,6.130,88.40,0.000
2025-08-27T04:30:00,6.140,92.50,0.000
2025-08-27T04:15:00,6.140,85.30,0.000
2025-08-27T04:00:00,6.150,92.10,0.000
2025-08-27T03:45:00,6.150,85.50,0.000
2025-08-27T03:30:00,6.170,87.00,0.000
2025-08-27T03:15:00,6.160,90.10,0.000
2025-08-27T03:00:00,6.170,90.20,0.000
2025-08-27T02:45:00,6.180,91.40,0.000
2025-08-27T02:30:00,6.180,90.70,0.000
2025-08-27T02:15:00,6.200,94.60,0.000
2025-08-27T02:00:00,6.190,94.00,0.000
2025-08-27T01:45:00,6.200,95.30,0.000
2025-08-27T01:30:00,6.200,87.50,0.000
2025-08-27T01:15:00,6.200,85.90,0.000
2025-08-27T01:00:00,6.220,85.00,0.000
2025-08-27T00:45:00,6.220,85.70,0.000
2025-08-27T00:30:00,6.220,94.80,0.000
2025-08-27T00:15:00,6.220,98.50,0.000
2025-08-27T00:00:00,6.220,96.40,0.000
2025-08-26T23:45:00,6.220,94.30,0.000
2025-08-26T23:30:00,6.210,97.20,0.000
2025-08-26T23:15:00,6.220,98.00,0.000
2025-08-26T23:00:00,6.220,89.90,0.000
2025-08-26T22:45:00,6.220,94.90,0.000
2025-08-26T22:30:00,6.230,97.90,0.000
2025-08-26T22:15:00,6.230,96.60,0.000
2025-08-26T22:00:00,6.230,98.10,0.000
2025-08-26T21:45:00,6.240,95.50,0.000
2025-08-26T21:30:00,6.230,97.60,0.000
2025-08-26T21:15:00,6.220,101.10,0.000
2025-08-26T21:00:00,6.220,102.80,0.000
2025-08-26T20:45:00,6.220,106.10,0.000
2025-08-26T20:30:00,6.200,98.20,0.000
2025-08-26T20:15:00,6.180,98.30,0.000
2025-08-26T20:00:00,6.160,94.40,0.000
2025-08-26T19:45:00,6.140,95.10,1.000
2025-08-26T19:30:00,6.100,89.00,0.000
2025-08-26T19:15:00,6.080,93.60,0.000
2025-08-26T19:00:00,6.040,86.80,0.500
2025-08-26T18:45:00,6.020,91.80,0.500
2025-08-26T18:30:00,6.010,87.60,0.500
2025-08-26T18:15:00,5.980,86.00,0.500
2025-08-26T18:00:00,5.970,84.50,0.500
2025-08-26T17:45:00,5.970,86.20,0.500
2025-08-26T17:30:00,5.950,84.10,1.000
2025-08-26T17:15:00,5.950,88.40,1.000
2025-08-26T17:00:00,5.930,91.00,9.000
2025-08-26T16:45:00,5.920,80.20,1.000
2025-08-26T16:30:00,5.910,81.90,0.000
2025-08-26T16:15:00,5.910,84.80,0.000
2025-08-26T16:00:00,5.900,83.40,0.000
2025-08-26T15:45:00,5.890,81.50,0.000
2025-08-26T15:30:00,5.880,80.20,0.000
2025-08-26T15:15:00,5.850,80.50,0.000
2025-08-26T15:00:00,5.830,79.20,0.000
2025-08-26T14:45:00,5.800,79.60,0.000
2025-08-26T14:30:00,5.770,73.30,0.000
2025-08-26T14:15:00,5.740,72.80,0.000
2025-08-26T14:00:00,5.700,72.50,1.000
2025-08-26T13:45:00,5.690,74.60,0.500
2025-08-26T13:30:00,5.680,64.00,0.000
2025-08-26T13:15:00,5.680,66.10,0.000
2025-08-26T13:00:00,5.680,65.70,0.000
2025-08-26T12:45:00,5.680,62.80,0.000
2025-08-26T12:30:00,5.680,66.60,0.000
2025-08-26T12:15:00,5.680,67.50,0.000
2025-08-26T12:00:00,5.680,66.00,0.000
2025-08-26T11:45:00,5.690,72.30,0.000
2025-08-26T11:30:00,5.690,68.00,0.000
2025-08-26T11:15:00,5.690,70.50,0.000
2025-08-26T11:00:00,5.700,68.10,0.000
2025-08-26T10:45:00,5.710,69.50,0.000
2025-08-26T10:30:00,5.700,65.10,0.000
2025-08-26T10:15:00,5.730,72.80,0.000
2025-08-26T10:00:00,5.720,66.90,0.000
2025-08-26T09:45:00,5.730,66.90,0.000
2025-08-26T09:30:00,5.750,68.30,0.000
2025-08-26T09:15:00,5.750,69.60,0.000
2025-08-26T09:00:00,5.770,72.50,0.000
2025-08-26T08:45:00,5.770,68.80,0.000
2025-08-26T08:30:00,5.790,69.60,0.000
2025-08-26T08:15:00,5.790,74.20,0.000
2025-08-26T08:00:00,5.790,70.90,0.000
2025-08-26T07:45:00,5.800,70.00,0.000
2025-08-26T07:30:00,5.820,70.00,0.000
2025-08-26T07:15:00,5.820,73.70,0.000
2025-08-26T07:00:00,5.830,72.50,0.000
2025-08-26T06:45:00,5.840,71.80,0.000
2025-08-26T06:30:00,5.850,72.90,0.000
2025-08-26T06:15:00,5.860,71.10,0.000
2025-08-26T06:00:00,5.860,70.90,0.000
2025-08-26T05:45:00,5.870,76.70,0.000
2025-08-26T05:30:00,5.890,74.40,0.000
2025-08-26T05:15:00,5.900,75.80,0.000
2025-08-26T05:00:00,5.900,76.80,0.000
2025-08-26T04:45:00,5.920,77.10,0.000
2025-08-26T04:30:00,5.920,73.80,0.000
2025-08-26T04:15:00,5.940,76.50,0.000
2025-08-26T04:00:00,5.960,74.80,0.000
2025-08-26T03:45:00,5.970,74.80,0.000
2025-08-26T03:30:00,5.970,77.20,0.000
2025-08-26T03:15:00,5.990,83.00,0.000
2025-08-26T03:00:00,5.990,77.80,0.000
2025-08-26T02:45:00,6.000,79.40,0.000
2025-08-26T02:30:00,6.020,78.90,0.000
2025-08-26T02:15:00,6.030,80.80,0.000
2025-08-26T02:00:00,6.030,79.10,0.000
2025-08-26T01:45:00,6.050,81.20,0.000
2025-08-26T01:30:00,6.060,85.20,0.000
2025-08-26T01:15:00,6.070,80.80,0.000
2025-08-26T01:00:00,6.090,89.30,0.000
2025-08-26T00:45:00,6.090,86.10,0.000
2025-08-26T00:30:00,6.110,83.90,0.000
2025-08-26T00:15:00,6.110,86.40,0.000
2025-08-26T00:00:00,6.120,88.70,0.000
2025-08-25T23:45:00,6.130,92.90,0.000
2025-08-25T23:30:00,6.130,84.20,0.000
2025-08-25T23:15:00,6.140,89.40,0.000
2025-08-25T23:00:00,6.150,84.30,0.000
2025-08-25T22:45:00,6.150,90.60,0.000
2025-08-25T22:30:00,6.150,93.20,0.000
2025-08-25T22:15:00,6.150,91.10,0.000
2025-08-25T22:00:00,6.150,91.40,0.000
2025-08-25T21:45:00,6.160,90.00,0.000
2025-08-25T21:30:00,6.160,92.60,0.000
2025-08-25T21:15:00,6.160,85.20,0.000
2025-08-25T21:00:00,6.160,86.60,0.000
2025-08-25T20:45:00,6.150,91.20,0.000
2025-08-25T20:30:00,6.160,84.50,0.000
2025-08-25T20:15:00,6.160,85.30,0.000
2025-08-25T20:00:00,6.150,86.70,0.000
2025-08-25T19:45:00,6.140,90.10,0.000
2025-08-25T19:30:00,6.140,92.50,0.000
2025-08-25T19:15:00,6.120,87.50,0.000
2025-08-25T19:00:00,6.120,84.20,0.000
2025-08-25T18:45:00,6.100,81.00,0.000
2025-08-25T18:30:00,6.090,83.30,0.000
2025-08-25T18:15:00,6.080,79.10,0.000
2025-08-25T18:00:00,6.060,78.60,0.000
2025-08-25T17:45:00,6.060,81.60,0.000
2025-08-25T17:30:00,6.070,77.60,0.000
2025-08-25T17:15:00,6.090,81.60,0.000
2025-08-25T17:00:00,6.090,79.80,0.000
2025-08-25T16:45:00,6.090,81.60,0.000
2025-08-25T16:30:00,6.110,81.20,0.000
2025-08-25T16:15:00,6.120,83.40,0.000
2025-08-25T16:00:00,6.130,80.20,0.000
2025-08-25T15:45:00,6.130,82.70,0.000
2025-08-25T15:30:00,6.140,81.60,0.000
2025-08-25T15:15:00,6.140,85.50,0.000
2025-08-25T15:00:00,6.150,82.80,0.000
2025-08-25T14:45:00,6.160,82.40,0.000
2025-08-25T14:30:00,6.150,83.10,2.000
2025-08-25T14:15:00,6.160,79.80,0.000
2025-08-25T14:00:00,6.170,80.60,0.000
2025-08-25T13:45:00,6.180,79.50,0.000
2025-08-25T13:30:00,6.210,82.10,0.000
2025-08-25T13:15:00,6.240,83.40,0.000
2025-08-25T13:00:00,6.260,82.70,0.000
2025-08-25T12:45:00,6.280,86.40,0.000
2025-08-25T12:30:00,6.310,86.90,0.000
2025-08-25T12:15:00,6.330,88.50,0.000
2025-08-25T12:00:00,6.350,85.80,0.000
2025-08-25T11:45:00,6.380,91.80,0.000
2025-08-25T11:30:00,6.410,86.60,0.000
2025-08-25T11:15:00,6.430,90.50,0.000
2025-08-25T11:00:00,6.460,86.70,0.000
2025-08-25T10:45:00,6.490,86.10,0.000
2025-08-25T10:30:00,6.510,92.30,0.000
2025-08-25T10:15:00,6.540,100.70,0.000
2025-08-25T10:00:00,6.570,99.90,0.000
2025-08-25T09:45:00,6.590,96.50,0.000
2025-08-25T09:30:00,6.620,95.00,0.000
2025-08-25T09:15:00,6.640,95.10,0.000
2025-08-25T09:00:00,6.670,94.40,0.000
2025-08-25T08:45:00,6.700,104.10,0.000
2025-08-25T08:30:00,6.730,100.60,0.000
2025-08-25T08:15:00,6.760,100.30,0.000
2025-08-25T08:00:00,6.790,107.00,0.000
2025-08-25T07:45:00,6.820,106.40,0.000
2025-08-25T07:30:00,6.850,110.50,0.000
2025-08-25T07:15:00,6.870,105.90,0.000
2025-08-25T07:00:00,6.900,107.80,0.000
2025-08-25T06:45:00,6.940,116.70,0.000
2025-08-25T06:30:00,6.970,117.70,0.000
2025-08-25T06:15:00,7.000,117.40,0.000
2025-08-25T06:00:00,7.020,122.00,0.000
2025-08-25T05:45:00,7.060,120.90,0.000
2025-08-25T05:30:00,7.090,131.00,0.000
2025-08-25T05:15:00,7.130,126.90,0.000
2025-08-25T05:00:00,7.160,129.30,0.000
2025-08-25T04:45:00,7.180,134.50,0.000
2025-08-25T04:30:00,7.210,139.00,0.000
2025-08-25T04:15:00,7.230,138.50,0.000
2025-08-25T04:00:00,7.270,138.30,0.000
2025-08-25T03:45:00,7.270,141.30,0.000
2025-08-25T03:30:00,7.290,140.70,0.000
2025-08-25T03:15:00,7.310,152.20,0.000
2025-08-25T03:00:00,7.320,145.50,0.000
2025-08-25T02:45:00,7.310,140.50,0.000
2025-08-25T02:30:00,7.310,150.30,0.000
2025-08-25T02:15:00,7.290,162.00,0.000
2025-08-25T02:00:00,7.280,159.50,0.000
2025-08-25T01:45:00,7.250,161.80,0.000
2025-08-25T01:30:00,7.200,162.10,0.000
2025-08-25T01:15:00,7.170,160.40,0.000
2025-08-25T01:00:00,7.130,161.50,0.000
2025-08-25T00:45:00,7.060,158.00,0.000
2025-08-25T00:30:00,6.970,145.30,0.500
2025-08-25T00:15:00,6.880,157.60,0.000
2025-08-25T00:00:00,6.750,149.10,0.000
2025-08-24T23:45:00,6.610,145.10,0.500
2025-08-24T23:30:00,6.440,132.40,0.500
2025-08-24T23:15:00,6.260,124.90,2.000
2025-08-24T23:00:00,6.080,109.50,5.000
2025-08-24T22:45:00,5.910,95.90,9.000
2025-08-24T22:30:00,5.770,85.00,4.500
2025-08-24T22:15:00,5.700,86.20,4.500
2025-08-24T22:00:00,5.620,74.10,2.500
2025-08-24T21:45:00,5.600,67.60,0.500
2025-08-24T21:30:00,5.590,69.90,0.500
2025-08-24T21:15:00,5.600,69.60,0.500
2025-08-24T21:00:00,5.590,69.50,0.500
2025-08-24T20:45:00,5.590,60.30,0.000
2025-08-24T20:30:00,5.590,66.10,0.000
2025-08-24T20:15:00,5.600,63.90,0.000
2025-08-24T20:00:00,5.590,61.90,0.500
2025-08-24T19:45:00,5.590,62.30,0.000
2025-08-24T19:30:00,5.590,60.20,0.000
2025-08-24T19:15:00,5.590,65.80,1.000
2025-08-24T19:00:00,5.610,66.20,2.500
2025-08-24T18:45:00,5.610,70.20,0.000
2025-08-24T18:30:00,5.630,65.00,0.000
2025-08-24T18:15:00,5.630,65.50,0.000
2025-08-24T18:00:00,5.640,69.00,0.000
2025-08-24T17:45:00,5.640,67.70,0.000
2025-08-24T17:30:00,5.650,65.20,0.000
2025-08-24T17:15:00,5.660,66.30,0.000
2025-08-24T17:00:00,5.670,67.00,0.000
2025-08-24T16:45:00,5.670,66.10,0.000
2025-08-24T16:30:00,5.680,63.40,0.000
2025-08-24T16:15:00,5.690,64.90,0.000
2025-08-24T16:00:00,5.710,65.10,0.000
2025-08-24T15:45:00,5.720,66.70,0.000
2025-08-24T15:30:00,5.750,68.00,0.000
2025-08-24T15:15:00,5.760,70.10,0.000
2025-08-24T15:00:00,5.770,68.70,0.000
2025-08-24T14:45:00,5.780,67.50,0.000
2025-08-24T14:30:00,5.800,70.30,0.000
2025-08-24T14:15:00,5.820,73.50,0.000
2025-08-24T14:00:00,5.840,67.70,0.000
2025-08-24T13:45:00,5.860,73.00,0.000
2025-08-24T13:30:00,5.880,72.30,0.000
2025-08-24T13:15:00,5.890,72.10,0.000
2025-08-24T13:00:00,5.910,73.80,0.000
2025-08-24T12:45:00,5.920,73.30,0.000
2025-08-24T12:30:00,5.940,74.80,0.000
2025-08-24T12:15:00,5.960,75.60,0.000
2025-08-24T12:00:00,5.970,74.50,0.000
2025-08-24T11:45:00,5.990,75.80,0.000
2025-08-24T11:30:00,6.010,80.50,0.000
2025-08-24T11:15:00,6.020,79.30,0.000
2025-08-24T11:00:00,6.060,75.60,0.000
2025-08-24T10:45:00,6.070,79.20,0.000
2025-08-24T10:30:00,6.090,82.80,0.000
2025-08-24T10:15:00,6.110,83.20,0.000
2025-08-24T10:00:00,6.130,82.40,0.000
2025-08-24T09:45:00,6.160,84.40,0.000
2025-08-24T09:30:00,6.170,84.70,0.000
2025-08-24T09:15:00,6.200,84.10,0.000
2025-08-24T09:00:00,6.220,88.20,0.000
2025-08-24T08:45:00,6.250,88.20,0.000
2025-08-24T08:30:00,6.280,87.20,0.000
2025-08-24T08:15:00,6.290,88.70,0.000
2025-08-24T08:00:00,6.320,89.90,0.000
2025-08-24T07:45:00,6.340,93.90,0.000
2025-08-24T07:30:00,6.370,94.10,0.000
2025-08-24T07:15:00,6.390,97.10,0.000
2025-08-24T07:00:00,6.410,99.50,0.000
2025-08-24T06:45:00,6.420,96.50,0.000
2025-08-24T06:30:00,6.450,99.70,0.000
2025-08-24T06:15:00,6.460,101.70,0.000
2025-08-24T06:00:00,6.460,106.10,0.000
2025-08-24T05:45:00,6.480,114.00,0.000
2025-08-24T05:30:00,6.480,111.20,0.000
2025-08-24T05:15:00,6.480,113.60,0.000
2025-08-24T05:00:00,6.480,109.50,0.000
2025-08-24T04:45:00,6.480,112.40,0.000
2025-08-24T04:30:00,6.460,111.40,0.000
2025-08-24T04:15:00,6.430,117.80,0.000
2025-08-24T04:00:00,6.420,111.30,0.000
2025-08-24T03:45:00,6.370,113.30,0.000
2025-08-24T03:30:00,6.330,109.40,0.000
2025-08-24T03:15:00,6.290,111.20,0.000
2025-08-24T03:00:00,6.220,103.80,0.000
2025-08-24T02:45:00,6.160,104.30,0.000
2025-08-24T02:30:00,6.100,98.00,0.000
2025-08-24T02:15:00,6.020,93.40,0.000
2025-08-24T02:00:00,5.960,92.10,0.000
2025-08-24T01:45:00,5.910,84.20,0.000
2025-08-24T01:30:00,5.870,85.40,0.000
2025-08-24T01:15:00,5.850,79.90,0.000
2025-08-24T01:00:00,5.830,81.90,0.000
2025-08-24T00:45:00,5.800,80.00,0.000
2025-08-24T00:30:00,5.780,80.60,0.000
2025-08-24T00:15:00,5.760,81.40,0.000
2025-08-24T00:00:00,5.730,80.60,0.000
2025-09-06T23:45:00,5.080,43.10,1.000
2025-09-06T23:30:00,5.100,42.60,1.500
2025-09-06T23:15:00,5.110,42.90,1.000
2025-09-06T23:00:00,5.130,43.60,1.000
2025-09-06T22:45:00,5.160,43.40,1.000
2025-09-06T22:30:00,5.190,45.60,0.500
2025-09-06T22:15:00,5.220,46.30,1.000
2025-09-06T22:00:00,5.250,47.30,0.000
2025-09-06T21:45:00,5.280,49.20,0.000
2025-09-06T21:30:00,5.290,49.20,0.000
2025-09-06T21:15:00,5.300,49.80,0.500
2025-09-06T21:00:00,5.300,49.80,0.500
2025-09-06T20:45:00,5.290,51.30,1.000
2025-09-06T20:30:00,5.290,53.30,1.500
2025-09-06T20:15:00,5.290,55.20,3.000
2025-09-06T20:00:00,5.270,47.10,0.000
2025-09-06T19:45:00,5.270,46.10,0.000
2025-09-06T19:30:00,5.270,46.20,0.000
2025-09-06T19:15:00,5.270,46.90,0.000
2025-09-06T19:00:00,5.260,47.60,0.000
2025-09-06T18:45:00,5.260,48.20,0.000
2025-09-06T18:30:00,5.250,49.00,0.000
2025-09-06T18:15:00,5.250,47.50,0.000
2025-09-06T18:00:00,5.250,47.30,0.000
2025-09-06T17:45:00,5.240,46.50,0.000
2025-09-06T17:30:00,5.240,46.10,0.000
2025-09-06T17:15:00,5.230,46.60,0.000
2025-09-06T17:00:00,5.220,47.70,0.000
2025-09-06T16:45:00,5.220,48.00,0.000
2025-09-06T16:30:00,5.210,45.20,0.000
2025-09-06T16:15:00,5.190,45.10,0.000
2025-09-06T16:00:00,5.190,45.40,0.000
2025-09-06T15:45:00,5.180,44.30,0.000
2025-09-06T15:30:00,5.190,45.80,0.000
2025-09-06T15:15:00,5.180,45.30,0.000
2025-09-06T15:00:00,5.190,43.70,0.000
2025-09-06T14:45:00,5.190,45.20,0.500
2025-09-06T14:30:00,5.190,44.60,0.000
2025-09-06T14:15:00,5.200,44.00,0.000
2025-09-06T14:00:00,5.190,45.60,0.000
2025-09-06T13:45:00,5.210,44.70,0.000
2025-09-06T13:30:00,5.200,44.60,0.000
2025-09-06T13:15:00,5.210,45.10,0.000
2025-09-06T13:00:00,5.210,44.70,0.000
2025-09-06T12:45:00,5.200,45.80,0.000
2025-09-06T12:30:00,5.210,45.90,0.000
2025-09-06T12:15:00,5.210,45.20,0.000
2025-09-06T12:00:00,5.210,46.00,0.000
2025-09-06T11:45:00,5.220,44.00,0.000
2025-09-06T11:30:00,5.220,45.00,0.000
2025-09-06T11:15:00,5.220,44.60,0.000
2025-09-06T11:00:00,5.220,46.50,0.000
2025-09-06T10:45:00,5.220,42.90,0.000
2025-09-06T10:30:00,5.220,45.60,0.000
2025-09-06T10:15:00,5.220,46.60,0.000
2025-09-06T10:00:00,5.220,44.10,0.000
2025-09-06T09:45:00,5.210,45.70,0.000
2025-09-06T09:30:00,5.220,43.70,0.000
2025-09-06T09:15:00,5.190,45.90,0.000
2025-09-06T09:00:00,5.200,43.80,0.000
2025-09-06T08:45:00,5.180,43.80,0.000
2025-09-06T08:30:00,5.180,43.30,0.000
2025-09-06T08:15:00,5.160,42.80,0.000
2025-09-06T08:00:00,5.160,42.10,0.000
2025-09-06T07:45:00,5.160,40.20,0.000
2025-09-06T07:30:00,5.150,41.50,0.000
2025-09-06T07:15:00,5.160,41.90,0.000
2025-09-06T07:00:00,5.170,41.30,0.000
2025-09-06T06:45:00,5.170,42.80,0.000
2025-09-06T06:30:00,5.180,42.10,0.000
2025-09-06T06:15:00,5.180,44.10,0.000
2025-09-06T06:00:00,5.190,41.30,0.000
2025-09-06T05:45:00,5.190,40.90,0.000
2025-09-06T05:30:00,5.190,41.20,0.000
2025-09-06T05:15:00,5.210,42.40,0.000
2025-09-06T05:00:00,5.210,42.40,0.000
2025-09-06T04:45:00,5.210,41.80,0.000
2025-09-06T04:30:00,5.220,42.90,0.000
2025-09-06T04:15:00,5.230,41.90,0.000
2025-09-06T04:00:00,5.220,41.60,0.000
2025-09-06T03:45:00,5.230,43.10,0.000
2025-09-06T03:30:00,5.240,40.00,0.000
2025-09-06T03:15:00,5.240,42.50,0.000
2025-09-06T03:00:00,5.250,43.60,0.000
2025-09-06T02:45:00,5.260,43.30,0.500
2025-09-06T02:30:00,5.250,48.80,2.000
2025-09-06T02:15:00,5.260,47.70,1.500
2025-09-06T02:00:00,5.260,48.00,0.500
2025-09-06T01:45:00,5.270,45.80,0.000
2025-09-06T01:30:00,5.270,42.70,0.000
2025-09-06T01:15:00,5.280,41.50,0.000
2025-09-06T01:00:00,5.280,45.70,0.000
2025-09-06T00:45:00,5.300,45.40,0.000
2025-09-06T00:30:00,5.300,44.20,0.000
2025-09-06T00:15:00,5.310,43.60,0.000
2025-09-06T00:00:00,5.310,45.30,0.000
2025-09-05T23:45:00,5.330,47.10,0.000
2025-09-05T23:30:00,5.320,45.20,0.000
2025-09-05T23:15:00,5.330,46.40,0.000
2025-09-05T23:00:00,5.330,45.80,0.000
2025-09-05T22:45:00,5.330,38.70,0.000
2025-09-05T22:30:00,5.340,48.60,0.000
2025-09-05T22:15:00,5.350,44.70,0.000
2025-09-05T22:00:00,5.340,46.50,0.000
2025-09-05T21:45:00,5.340,43.50,0.000
2025-09-05T21:30:00,5.350,45.80,0.000
2025-09-05T21:15:00,5.340,40.90,0.000
2025-09-05T21:00:00,5.340,45.10,0.000
2025-09-05T20:45:00,5.360,47.90,0.000
2025-09-05T20:30:00,5.360,45.60,0.000
2025-09-05T20:15:00,5.370,46.80,0.000
2025-09-05T20:00:00,5.370,47.10,0.000
2025-09-05T19:45:00,5.370,44.70,0.000
2025-09-05T19:30:00,5.380,46.50,0.000
2025-09-05T19:15:00,5.380,47.00,0.000
2025-09-05T19:00:00,5.390,46.40,0.000
2025-09-05T18:45:00,5.390,47.40,0.000
2025-09-05T18:30:00,5.400,41.60,0.000
2025-09-05T18:15:00,5.400,46.70,0.000
2025-09-05T18:00:00,5.410,45.60,0.000
2025-09-05T17:45:00,5.410,46.40,0.000
2025-09-05T17:30:00,5.420,45.10,0.000
2025-09-05T17:15:00,5.430,46.40,0.000
2025-09-05T17:00:00,5.440,47.40,0.000
2025-09-05T16:45:00,5.440,46.30,0.000
2025-09-05T16:30:00,5.460,47.60,0.000
2025-09-05T16:15:00,5.470,49.40,0.000
2025-09-05T16:00:00,5.470,48.60,0.000
2025-09-05T15:45:00,5.480,47.70,0.000
2025-09-05T15:30:00,5.490,48.30,0.000
2025-09-05T15:15:00,5.500,50.30,0.000
2025-09-05T15:00:00,5.510,49.90,0.000
2025-09-05T14:45:00,5.520,50.00,0.000
2025-09-05T14:30:00,5.530,49.90,0.000
2025-09-05T14:15:00,5.540,51.60,0.000
2025-09-05T14:00:00,5.540,50.60,0.000
2025-09-05T13:45:00,5.550,52.30,0.000
2025-09-05T13:30:00,5.560,50.00,0.000
2025-09-05T13:15:00,5.570,54.10,0.000
2025-09-05T13:00:00,5.590,55.30,0.000
2025-09-05T12:45:00,5.590,54.20,0.000
2025-09-05T12:30:00,5.610,53.80,0.000
2025-09-05T12:15:00,5.610,55.90,0.000
2025-09-05T12:00:00,5.610,54.20,0.000
2025-09-05T11:45:00,5.610,56.30,0.000
2025-09-05T11:30:00,5.620,55.20,0.000
2025-09-05T11:15:00,5.630,55.50,0.000
2025-09-05T11:00:00,5.630,54.00,0.000
2025-09-05T10:45:00,5.640,55.50,0.000
2025-09-05T10:30:00,5.650,55.00,0.000
2025-09-05T10:15:00,5.650,56.70,0.000
2025-09-05T10:00:00,5.650,58.80,0.000
2025-09-05T09:45:00,5.650,56.80,0.000
2025-09-05T09:30:00,5.660,56.30,0.000
2025-09-05T09:15:00,5.660,55.60,0.000
2025-09-05T09:00:00,5.660,57.70,0.000
2025-09-05T08:45:00,5.670,62.00,0.000
2025-09-05T08:30:00,5.670,61.40,0.000
2025-09-05T08:15:00,5.670,59.00,0.000
2025-09-05T08:00:00,5.680,60.80,0.000
2025-09-05T07:45:00,5.660,60.20,0.000
2025-09-05T07:30:00,5.670,62.10,0.000
2025-09-05T07:15:00,5.670,62.40,0.000
2025-09-05T07:00:00,5.670,59.60,0.000
2025-09-05T06:45:00,5.680,64.20,0.000
2025-09-05T06:30:00,5.660,61.80,0.000
2025-09-05T06:15:00,5.650,62.80,0.000
2025-09-05T06:00:00,5.650,61.00,0.000
2025-09-05T05:45:00,5.630,61.10,0.000
2025-09-05T05:30:00,5.600,63.10,0.000
2025-09-05T05:15:00,5.590,61.00,0.000
2025-09-05T05:00:00,5.540,62.10,0.500
2025-09-05T04:45:00,5.500,62.80,0.500
2025-09-05T04:30:00,5.450,62.00,0.500
2025-09-05T04:15:00,5.410,58.30,0.500
2025-09-05T04:00:00,5.380,57.00,1.000
2025-09-05T03:45:00,5.350,56.60,1.000
2025-09-05T03:30:00,5.320,56.80,1.000
2025-09-05T03:15:00,5.280,51.00,1.000
2025-09-05T03:00:00,5.240,53.40,1.000
2025-09-05T02:45:00,5.210,51.10,1.000
2025-09-05T02:30:00,5.170,49.30,4.500
2025-09-05T02:15:00,5.130,46.60,7.500
2025-09-05T02:00:00,5.100,46.60,19.500
2025-09-05T01:45:00,5.040,0.00,18.000
2025-09-05T01:30:00,5.020,40.40,10.000
2025-09-05T01:15:00,4.990,39.90,12.500
2025-09-05T01:00:00,4.960,41.40,4.500
2025-09-05T00:45:00,4.960,38.50,0.500
2025-09-05T00:30:00,4.960,40.20,3.000
2025-09-05T00:15:00,4.970,41.10,0.500
2025-09-05T00:00:00,4.960,39.00,0.000
2025-09-04T23:45:00,4.960,38.80,0.000
2025-09-04T23:30:00,4.960,39.00,0.000
2025-09-04T23:15:00,4.960,38.50,0.000
2025-09-04T23:00:00,4.970,38.50,0.000
2025-09-04T22:45:00,4.970,38.10,0.000
2025-09-04T22:30:00,4.960,36.60,0.000
2025-09-04T22:15:00,4.960,36.60,0.000
2025-09-04T22:00:00,4.950,37.70,0.000
2025-09-04T21:45:00,4.950,32.80,0.000
2025-09-04T21:30:00,4.950,38.20,0.000
2025-09-04T21:15:00,4.940,38.00,0.000
2025-09-04T21:00:00,4.930,36.10,0.000
2025-09-04T20:45:00,4.930,37.60,0.000
2025-09-04T20:30:00,4.920,37.70,0.000
2025-09-04T20:15:00,4.920,36.60,0.000
2025-09-04T20:00:00,4.910,35.80,0.000
2025-09-04T19:45:00,4.910,36.90,0.000
2025-09-04T19:30:00,4.910,35.60,0.000
2025-09-04T19:15:00,4.910,36.20,0.000
2025-09-04T19:00:00,4.910,35.90,0.000
2025-09-04T18:45:00,4.910,34.30,0.000
2025-09-04T18:30:00,4.910,35.30,0.000
2025-09-04T18:15:00,4.910,36.50,0.000
2025-09-04T18:00:00,4.930,36.10,0.000
2025-09-04T17:45:00,4.930,36.20,0.000
2025-09-04T17:30:00,4.930,36.20,0.000
2025-09-04T17:15:00,4.930,36.10,0.000
2025-09-04T17:00:00,4.930,34.60,0.000
2025-09-04T16:45:00,4.940,37.00,0.000
2025-09-04T16:30:00,4.940,36.70,0.000
2025-09-04T16:15:00,4.940,35.20,0.000
2025-09-04T16:00:00,4.940,35.90,0.000
2025-09-04T15:45:00,4.940,36.10,0.000
2025-09-04T15:30:00,4.940,36.20,0.000
2025-09-04T15:15:00,4.940,36.00,0.000
2025-09-04T15:00:00,4.940,35.30,0.000
2025-09-04T14:45:00,4.940,36.70,0.000
2025-09-04T14:30:00,4.950,37.10,0.000
2025-09-04T14:15:00,4.950,35.30,0.000
2025-09-04T14:00:00,4.960,37.00,0.000
2025-09-04T13:45:00,4.970,36.40,0.000
2025-09-04T13:30:00,4.960,37.60,0.000
2025-09-04T13:15:00,4.970,35.90,0.000
2025-09-04T13:00:00,4.970,37.30,0.000
2025-09-04T12:45:00,4.980,36.40,0.000
2025-09-04T12:30:00,4.990,37.60,0.000
2025-09-04T12:15:00,4.980,36.40,0.000
2025-09-04T12:00:00,4.990,36.80,0.000
2025-09-04T11:45:00,4.990,38.30,0.000
2025-09-04T11:30:00,5.000,36.00,0.000
2025-09-04T11:15:00,5.000,37.50,0.000
2025-09-04T11:00:00,5.010,37.80,0.000
2025-09-04T10:45:00,5.010,37.60,0.000
2025-09-04T10:30:00,5.020,37.60,0.000
2025-09-04T10:15:00,5.020,37.00,0.000
2025-09-04T10:00:00,5.020,37.30,0.000
2025-09-04T09:45:00,5.020,37.20,0.000
2025-09-04T09:30:00,5.030,39.50,0.000
2025-09-04T09:15:00,5.030,37.20,0.000
2025-09-04T09:00:00,5.040,37.00,0.000
2025-09-04T08:45:00,5.040,39.30,0.000
2025-09-04T08:30:00,5.040,37.60,0.000
2025-09-04T08:15:00,5.040,38.80,0.000
2025-09-04T08:00:00,5.050,39.50,0.000
2025-09-04T07:45:00,5.060,37.50,0.000
2025-09-04T07:30:00,5.060,38.60,0.000
2025-09-04T07:15:00,5.060,38.10,0.000
2025-09-04T07:00:00,5.070,38.00,0.000
2025-09-04T06:45:00,5.070,39.00,0.000
2025-09-04T06:30:00,5.070,38.40,0.000
2025-09-04T06:15:00,5.070,39.00,0.000
2025-09-04T06:00:00,5.070,39.40,0.000
2025-09-04T05:45:00,5.080,38.60,0.000
2025-09-04T05:30:00,5.080,39.40,0.000
2025-09-04T05:15:00,5.080,38.30,0.000
2025-09-04T05:00:00,5.090,39.50,0.500
2025-09-04T04:45:00,5.100,37.90,0.000
2025-09-04T04:30:00,5.090,40.20,0.000
2025-09-04T04:15:00,5.100,38.60,0.000
2025-09-04T04:00:00,5.100,41.00,0.000
2025-09-04T03:45:00,5.100,40.80,0.000
2025-09-04T03:30:00,5.090,38.80,0.000
2025-09-04T03:15:00,5.100,43.80,0.000
2025-09-04T03:00:00,5.090,41.00,0.000
2025-09-04T02:45:00,5.080,39.30,1.500
2025-09-04T02:30:00,5.060,43.70,9.500
2025-09-04T02:15:00,5.030,43.70,1.500
2025-09-04T02:00:00,5.030,39.20,0.500
2025-09-04T01:45:00,5.020,42.30,1.500
2025-09-04T01:30:00,5.020,43.00,0.500
2025-09-04T01:15:00,5.020,39.50,0.000
2025-09-04T01:00:00,5.020,40.50,0.000
2025-09-04T00:45:00,5.030,39.20,0.000
2025-09-04T00:30:00,5.040,40.20,0.500
2025-09-04T00:15:00,5.040,40.40,0.500
2025-09-04T00:00:00,5.040,40.70,0.500
2025-09-03T23:45:00,5.040,41.20,0.000
2025-09-03T23:30:00,5.050,40.40,0.000
2025-09-03T23:15:00,5.050,40.70,0.000
2025-09-03T23:00:00,5.060,41.30,0.000
2025-09-03T22:45:00,5.060,39.60,0.000
2025-09-03T22:30:00,5.060,39.50,0.000
2025-09-03T22:15:00,5.070,40.50,0.000
2025-09-03T22:00:00,5.080,41.80,0.000
2025-09-03T21:45:00,5.080,41.00,0.000
2025-09-03T21:30:00,5.080,41.50,0.000
2025-09-03T21:15:00,5.090,43.50,0.000
2025-09-03T21:00:00,5.090,42.20,0.000
2025-09-03T20:45:00,5.100,42.10,0.000
2025-09-03T20:30:00,5.100,42.40,0.000
2025-09-03T20:15:00,5.110,40.30,0.000
2025-09-03T20:00:00,5.120,41.90,0.000
2025-09-03T19:45:00,5.120,41.90,0.000
2025-09-03T19:30:00,5.120,42.10,0.000
2025-09-03T19:15:00,5.130,43.20,0.000
2025-09-03T19:00:00,5.130,43.00,0.000
2025-09-03T18:45:00,5.140,42.30,0.000
2025-09-03T18:30:00,5.150,43.10,0.000
2025-09-03T18:15:00,5.150,44.90,0.000
2025-09-03T18:00:00,5.150,42.80,0.000
2025-09-03T17:45:00,5.160,44.60,0.000
2025-09-03T17:30:00,5.170,44.10,0.000
2025-09-03T17:15:00,5.170,43.30,0.000
2025-09-03T17:00:00,5.180,43.80,0.000
2025-09-03T16:45:00,5.180,43.30,0.000
2025-09-03T16:30:00,5.190,44.20,0.000
2025-09-03T16:15:00,5.200,43.20,0.000
2025-09-03T16:00:00,5.200,45.10,0.000
2025-09-03T15:45:00,5.220,42.70,0.000
2025-09-03T15:30:00,5.220,45.90,0.000
2025-09-03T15:15:00,5.220,45.00,0.000
2025-09-03T15:00:00,5.230,45.90,0.000
2025-09-03T14:45:00,5.240,46.10,0.000
2025-09-03T14:30:00,5.240,47.50,0.000
2025-09-03T14:15:00,5.250,46.00,0.000
2025-09-03T14:00:00,5.250,48.30,0.000
2025-09-03T13:45:00,5.260,45.20,0.000
2025-09-03T13:30:00,5.270,46.60,0.000
2025-09-03T13:15:00,5.270,45.30,0.000
2025-09-03T13:00:00,5.280,47.60,0.000
2025-09-03T12:45:00,5.290,48.70,0.000
2025-09-03T12:30:00,5.290,47.00,0.000
2025-09-03T12:15:00,5.300,47.30,0.000
2025-09-03T12:00:00,5.300,47.20,0.000
2025-09-03T11:45:00,5.310,48.80,0.000
2025-09-03T11:30:00,5.320,48.60,0.000
2025-09-03T11:15:00,5.320,50.30,0.000
2025-09-03T11:00:00,5.330,49.30,0.000
2025-09-03T10:45:00,5.330,50.40,0.000
2025-09-03T10:30:00,5.350,47.70,0.500
2025-09-03T10:15:00,5.350,49.30,0.000
2025-09-03T10:00:00,5.350,50.00,0.000
2025-09-03T09:45:00,5.360,52.30,0.000
2025-09-03T09:30:00,5.370,50.80,0.000
2025-09-03T09:15:00,5.380,54.50,0.000
2025-09-03T09:00:00,5.380,52.30,0.000
2025-09-03T08:45:00,5.400,52.40,0.000
2025-09-03T08:30:00,5.410,52.70,0.000
2025-09-03T08:15:00,5.400,53.80,0.000
2025-09-03T08:00:00,5.410,54.90,0.000
2025-09-03T07:45:00,5.400,53.30,0.000
2025-09-03T07:30:00,5.410,55.20,0.000
2025-09-03T07:15:00,5.410,54.80,0.000
2025-09-03T07:00:00,5.410,54.40,0.000
2025-09-03T06:45:00,5.410,58.40,0.000
2025-09-03T06:30:00,5.400,54.40,0.000
2025-09-03T06:15:00,5.390,57.40,0.000
2025-09-03T06:00:00,5.380,54.10,0.000
2025-09-03T05:45:00,5.360,53.10,0.000
2025-09-03T05:30:00,5.350,55.30,0.000
2025-09-03T05:15:00,5.320,51.00,0.500
2025-09-03T05:00:00,5.320,51.80,0.000
2025-09-03T04:45:00,5.300,52.20,0.000
2025-09-03T04:30:00,5.290,54.50,1.000
2025-09-03T04:15:00,5.270,55.20,1.000
2025-09-03T04:00:00,5.240,52.50,1.000
2025-09-03T03:45:00,5.240,52.70,1.000
2025-09-03T03:30:00,5.220,48.10,0.500
2025-09-03T03:15:00,5.210,47.40,1.000
2025-09-03T03:00:00,5.200,52.10,1.000
2025-09-03T02:45:00,5.200,48.90,2.000
2025-09-03T02:30:00,5.200,53.60,1.500
2025-09-03T02:15:00,5.200,52.10,4.500
2025-09-03T02:00:00,5.180,49.40,6.000
2025-09-03T01:45:00,5.180,48.70,6.000
2025-09-03T01:30:00,5.170,48.70,2.000
2025-09-03T01:15:00,5.180,44.80,2.000
2025-09-03T01:00:00,5.190,47.60,0.500
2025-09-03T00:45:00,5.200,43.60,0.000
2025-09-03T00:30:00,5.210,46.10,0.000
2025-09-03T00:15:00,5.220,44.70,0.000
2025-09-03T00:00:00,5.230,44.30,0.000
2025-09-02T23:45:00,5.240,45.60,0.000
2025-09-02T23:30:00,5.240,43.70,0.000
2025-09-02T23:15:00,5.260,47.10,0.000
2025-09-02T23:00:00,5.270,46.10,0.000
2025-09-02T22:45:00,5.260,45.50,0.000
2025-09-02T22:30:00,5.290,44.70,0.000
2025-09-02T22:15:00,5.300,48.10,0.000
2025-09-02T22:00:00,5.320,47.10,0.000
2025-09-02T21:45:00,5.320,48.80,0.000
2025-09-02T21:30:00,5.330,9.80,0.000
2025-09-02T21:15:00,5.340,47.00,0.000
2025-09-02T21:00:00,5.350,49.70,0.000
2025-09-02T20:45:00,5.370,49.20,0.000
2025-09-02T20:30:00,5.380,49.00,0.000
2025-09-02T20:15:00,5.390,50.50,0.000
2025-09-02T20:00:00,5.400,48.70,0.000
2025-09-02T19:45:00,5.420,48.80,0.000
2025-09-02T19:30:00,5.420,51.00,0.000
2025-09-02T19:15:00,5.430,51.10,0.000
2025-09-02T19:00:00,5.460,53.40,0.000
2025-09-02T18:45:00,5.470,56.40,0.000
2025-09-02T18:30:00,5.490,53.50,0.000
2025-09-02T18:15:00,5.500,54.10,0.000
2025-09-02T18:00:00,5.520,55.40,0.000
2025-09-02T17:45:00,5.540,54.40,0.000
2025-09-02T17:30:00,5.550,55.80,0.000
2025-09-02T17:15:00,5.560,56.40,0.000
2025-09-02T17:00:00,5.570,58.30,0.000
2025-09-02T16:45:00,5.580,56.30,0.000
2025-09-02T16:30:00,5.590,60.10,0.000
2025-09-02T16:15:00,5.600,58.10,0.000
2025-09-02T16:00:00,5.620,60.10,0.000
2025-09-02T15:45:00,5.630,59.30,0.000
2025-09-02T15:30:00,5.640,60.10,0.000
2025-09-02T15:15:00,5.660,61.10,0.000
2025-09-02T15:00:00,5.660,62.10,0.000
2025-09-02T14:45:00,5.690,59.40,0.000
2025-09-02T14:30:00,5.700,63.70,0.000
2025-09-02T14:15:00,5.720,64.60,0.000
2025-09-02T14:00:00,5.730,65.40,0.000
2025-09-02T13:45:00,5.740,67.00,0.000
2025-09-02T13:30:00,5.750,67.30,0.000
2025-09-02T13:15:00,5.760,67.00,0.000
2025-09-02T13:00:00,5.770,67.30,0.000
2025-09-02T12:45:00,5.790,68.30,0.000
2025-09-02T12:30:00,5.800,71.10,0.000
2025-09-02T12:15:00,5.800,68.70,0.000
2025-09-02T12:00:00,5.820,69.60,0.000
2025-09-02T11:45:00,5.830,71.90,0.000
2025-09-02T11:30:00,5.840,69.90,0.000
2025-09-02T11:15:00,5.840,72.40,0.000
2025-09-02T11:00:00,5.860,73.40,0.000
2025-09-02T10:45:00,5.860,71.10,0.000
2025-09-02T10:30:00,5.880,70.90,0.000
2025-09-02T10:15:00,5.880,73.80,0.000
2025-09-02T10:00:00,5.880,78.70,0.000
2025-09-02T09:45:00,5.890,75.50,0.000
2025-09-02T09:30:00,5.890,78.80,0.000
2025-09-02T09:15:00,5.890,71.60,0.000
2025-09-02T09:00:00,5.900,77.80,0.000
2025-09-02T08:45:00,5.890,75.90,0.500
2025-09-02T08:30:00,5.890,81.30,0.000
2025-09-02T08:15:00,5.870,80.80,0.000
2025-09-02T08:00:00,5.850,85.40,0.000
2025-09-02T07:45:00,5.850,83.20,0.000
2025-09-02T07:30:00,5.830,83.60,0.000
2025-09-02T07:15:00,5.800,81.30,0.000
2025-09-02T07:00:00,5.770,80.90,0.000
2025-09-02T06:45:00,5.740,79.50,0.000
2025-09-02T06:30:00,5.690,72.80,0.000
2025-09-02T06:15:00,5.640,75.40,0.000
2025-09-02T06:00:00,5.620,76.10,0.000
2025-09-02T05:45:00,5.550,75.70,0.500
2025-09-02T05:30:00,5.480,68.00,0.000
2025-09-02T05:15:00,5.370,68.70,0.000
2025-09-02T05:00:00,5.240,59.60,0.500
2025-09-02T04:45:00,5.070,53.90,0.500
2025-09-02T04:30:00,4.910,44.90,1.000
2025-09-02T04:15:00,4.770,37.70,1.000
2025-09-02T04:00:00,4.700,35.60,1.000
2025-09-02T03:45:00,4.670,33.40,1.500
2025-09-02T03:30:00,4.650,32.70,1.500
2025-09-02T03:15:00,4.620,31.80,1.500
2025-09-02T03:00:00,4.590,30.80,11.000
2025-09-02T02:45:00,4.560,28.40,11.000
2025-09-02T02:30:00,4.540,28.10,8.500
2025-09-02T02:15:00,4.530,26.60,1.500
2025-09-02T02:00:00,4.520,27.10,2.000
2025-09-02T01:45:00,4.520,26.80,8.500
2025-09-02T01:30:00,4.500,25.00,8.000
2025-09-02T01:15:00,4.500,25.40,0.500
2025-09-02T01:00:00,4.500,24.40,0.000
2025-09-02T00:45:00,4.490,24.20,0.000
2025-09-02T00:30:00,4.490,23.70,0.000
2025-09-02T00:15:00,4.490,24.70,0.000
2025-09-02T00:00:00,4.490,23.60,0.000
2025-09-01T23:45:00,4.490,24.40,0.000
2025-09-01T23:30:00,4.490,24.10,0.000
2025-09-01T23:15:00,4.500,24.40,0.000
2025-09-01T23:00:00,4.500,24.80,0.000
2025-09-01T22:45:00,4.500,23.70,0.000
2025-09-01T22:30:00,4.500,24.60,0.000
2025-09-01T22:15:00,4.500,25.10,0.000
2025-09-01T22:00:00,4.500,25.30,0.000
2025-09-01T21:45:00,4.500,24.50,0.000
2025-09-01T21:30:00,4.510,24.20,0.000
2025-09-01T21:15:00,4.500,24.30,0.000
2025-09-01T21:00:00,4.510,24.20,0.000
2025-09-01T20:45:00,4.520,24.50,0.000
2025-09-01T20:30:00,4.520,24.70,0.000
2025-09-01T20:15:00,4.520,24.80,0.000
2025-09-01T20:00:00,4.510,25.30,0.000
2025-09-01T19:45:00,4.520,25.40,0.000
2025-09-01T19:30:00,4.530,25.90,0.000
2025-09-01T19:15:00,4.530,25.50,0.000
2025-09-01T19:00:00,4.540,25.30,0.000
2025-09-01T18:45:00,4.540,25.90,0.000
2025-09-01T18:30:00,4.550,25.90,0.000
2025-09-01T18:15:00,4.560,26.20,0.000
2025-09-01T18:00:00,4.570,26.50,0.000
2025-09-01T17:45:00,4.580,27.30,0.000
2025-09-01T17:30:00,4.590,27.80,0.000
2025-09-01T17:15:00,4.590,28.10,0.000
2025-09-01T17:00:00,4.590,27.90,0.000
2025-09-01T16:45:00,4.590,27.30,0.000
2025-09-01T16:30:00,4.600,28.30,0.000
2025-09-01T16:15:00,4.590,27.90,0.000
2025-09-01T16:00:00,4.600,28.80,0.000
2025-09-01T15:45:00,4.590,28.20,0.000
2025-09-01T15:30:00,4.590,28.70,0.000
2025-09-01T15:15:00,4.590,26.80,0.000
2025-09-01T15:00:00,4.600,28.30,0.000
2025-09-01T14:45:00,4.600,28.40,0.000
2025-09-01T14:30:00,4.600,27.70,0.000
2025-09-01T14:15:00,4.600,28.90,0.000
2025-09-01T14:00:00,4.600,28.70,0.000
2025-09-01T13:45:00,4.600,29.00,0.000
2025-09-01T13:30:00,4.600,27.50,0.000
2025-09-01T13:15:00,4.600,28.90,0.000
2025-09-01T13:00:00,4.600,28.70,0.000
2025-09-01T12:45:00,4.600,28.60,0.000
2025-09-01T12:30:00,4.600,28.70,0.000
2025-09-01T12:15:00,4.610,29.20,0.000
2025-09-01T12:00:00,4.610,28.30,0.000
2025-09-01T11:45:00,4.610,28.60,0.000
2025-09-01T11:30:00,4.610,29.10,0.000
2025-09-01T11:15:00,4.610,29.20,0.000
2025-09-01T11:00:00,4.610,28.50,0.500
2025-09-01T10:45:00,4.600,28.80,0.000
2025-09-01T10:30:00,4.610,28.80,0.000
2025-09-01T10:15:00,4.620,28.40,0.000
2025-09-01T10:00:00,4.610,29.40,0.000
2025-09-01T09:45:00,4.610,28.30,0.000
2025-09-01T09:30:00,4.610,28.70,0.000
2025-09-01T09:15:00,4.610,28.60,0.000
2025-09-01T09:00:00,4.620,29.60,0.000
2025-09-01T08:45:00,4.610,28.50,0.000
2025-09-01T08:30:00,4.620,29.80,0.000
2025-09-01T08:15:00,4.620,29.30,0.000
2025-09-01T08:00:00,4.620,29.40,0.000
2025-09-01T07:45:00,4.620,29.90,0.000
2025-09-01T07:30:00,4.620,30.00,0.000
2025-09-01T07:15:00,4.620,29.30,0.000
2025-09-01T07:00:00,4.630,29.40,0.000
2025-09-01T06:45:00,4.620,29.50,0.000
2025-09-01T06:30:00,4.620,30.40,0.000
2025-09-01T06:15:00,4.630,29.20,0.000
2025-09-01T06:00:00,4.620,29.50,0.000
2025-09-01T05:45:00,4.630,29.20,0.000
2025-09-01T05:30:00,4.630,30.30,0.000
2025-09-01T05:15:00,4.620,29.30,0.000
2025-09-01T05:00:00,4.630,29.80,0.000
2025-09-01T04:45:00,4.630,29.60,0.000
2025-09-01T04:30:00,4.630,29.70,0.000
2025-09-01T04:15:00,4.630,30.10,0.000
2025-09-01T04:00:00,4.640,29.60,0.000
2025-09-01T03:45:00,4.640,29.20,0.000
2025-09-01T03:30:00,4.650,29.90,0.000
2025-09-01T03:15:00,4.650,29.70,0.000
2025-09-01T03:00:00,4.640,30.40,0.000
2025-09-01T02:45:00,4.640,29.20,0.000
2025-09-01T02:30:00,4.640,29.90,0.000
2025-09-01T02:15:00,4.640,29.80,0.000
2025-09-01T02:00:00,4.650,30.50,0.000
2025-09-01T01:45:00,4.650,30.20,0.000
2025-09-01T01:30:00,4.650,31.50,0.500
2025-09-01T01:15:00,4.650,31.00,0.000
2025-09-01T01:00:00,4.650,29.70,0.000
2025-09-01T00:45:00,4.650,30.40,0.000
2025-09-01T00:30:00,4.650,30.40,0.000
2025-09-01T00:15:00,4.650,29.20,0.000
2025-09-01T00:00:00,4.660,30.10,0.000
2025-08-31T23:45:00,4.660,30.20,0.000
2025-08-31T23:30:00,4.660,30.40,0.000
2025-08-31T23:15:00,4.660,29.90,0.000
2025-08-31T23:00:00,4.660,30.20,0.000
2025-08-31T22:45:00,4.670,30.70,0.000
2025-08-31T22:30:00,4.670,29.80,0.000
2025-08-31T22:15:00,4.680,30.20,0.000
2025-08-31T22:00:00,4.680,30.10,0.000
2025-08-31T21:45:00,4.680,30.30,0.000
2025-08-31T21:30:00,4.700,30.70,0.000
2025-08-31T21:15:00,4.710,31.70,0.000
2025-08-31T21:00:00,4.720,31.90,0.000
2025-08-31T20:45:00,4.730,31.60,0.000
2025-08-31T20:30:00,4.740,32.60,0.000
2025-08-31T20:15:00,4.760,33.70,0.000
2025-08-31T20:00:00,4.760,35.50,0.000
2025-08-31T19:45:00,4.770,34.20,0.000
2025-08-31T19:30:00,4.770,36.20,0.000
2025-08-31T19:15:00,4.770,34.40,0.000
2025-08-31T19:00:00,4.770,35.60,0.000
2025-08-31T18:45:00,4.770,33.80,0.000
2025-08-31T18:30:00,4.760,33.90,0.000
2025-08-31T18:15:00,4.770,36.00,0.500
2025-08-31T18:00:00,4.760,36.80,0.000
2025-08-31T17:45:00,4.760,33.80,0.000
2025-08-31T17:30:00,4.760,33.80,0.000
2025-08-31T17:15:00,4.760,33.60,0.000
2025-08-31T17:00:00,4.770,33.40,0.000
2025-08-31T16:45:00,4.770,33.60,0.000
2025-08-31T16:30:00,4.770,33.60,0.000
2025-08-31T16:15:00,4.770,34.20,0.000
2025-08-31T16:00:00,4.770,35.10,0.000
2025-08-31T15:45:00,4.770,34.80,0.000
2025-08-31T15:30:00,4.770,33.80,0.000
2025-08-31T15:15:00,4.780,34.90,0.000
2025-08-31T15:00:00,4.770,34.20,0.000
2025-08-31T14:45:00,4.770,33.20,0.000
2025-08-31T14:30:00,4.780,35.40,0.000
2025-08-31T14:15:00,4.780,34.20,0.000
2025-08-31T14:00:00,4.780,33.80,0.000
2025-08-31T13:45:00,4.780,33.70,0.000
2025-08-31T13:30:00,4.790,33.70,0.000
2025-08-31T13:15:00,4.780,33.70,0.000
2025-08-31T13:00:00,4.790,34.10,0.000
2025-08-31T12:45:00,4.780,35.80,0.000
2025-08-31T12:30:00,4.780,35.10,0.000
2025-08-31T12:15:00,4.790,34.50,0.000
2025-08-31T12:00:00,4.790,35.40,0.000
2025-08-31T11:45:00,4.790,33.20,0.000
2025-08-31T11:30:00,4.790,34.50,0.000
2025-08-31T11:15:00,4.790,34.00,0.000
2025-08-31T11:00:00,4.790,33.90,0.000
2025-08-31T10:45:00,4.790,34.50,0.000
2025-08-31T10:30:00,4.790,34.20,0.000
2025-08-31T10:15:00,4.790,34.90,0.000
2025-08-31T10:00:00,4.790,34.50,0.000
2025-08-31T09:45:00,4.800,34.60,0.000
2025-08-31T09:30:00,4.790,34.40,0.000
2025-08-31T09:15:00,4.800,34.30,0.000
2025-08-31T09:00:00,4.800,34.10,0.000
2025-08-31T08:45:00,4.800,35.20,0.000
2025-08-31T08:30:00,4.800,34.40,0.000
2025-08-31T08:15:00,4.800,35.20,0.000
2025-08-31T08:00:00,4.800,36.20,0.000
2025-08-31T07:45:00,4.800,34.70,0.000
2025-08-31T07:30:00,4.810,35.60,0.000
2025-08-31T07:15:00,4.810,35.30,0.000
2025-08-31T07:00:00,4.810,34.60,0.000
2025-08-31T06:45:00,4.820,35.10,0.000
2025-08-31T06:30:00,4.820,35.90,0.000
2025-08-31T06:15:00,4.810,35.30,0.000
2025-08-31T06:00:00,4.820,35.00,0.000
2025-08-31T05:45:00,4.820,36.20,0.000
2025-08-31T05:30:00,4.820,35.40,0.000
2025-08-31T05:15:00,4.820,35.00,0.000
2025-08-31T05:00:00,4.820,34.60,0.000
2025-08-31T04:45:00,4.820,36.30,0.000
2025-08-31T04:30:00,4.820,35.30,0.000
2025-08-31T04:15:00,4.830,35.10,0.000
2025-08-31T04:00:00,4.830,35.70,0.000
2025-08-31T03:45:00,4.830,35.00,0.000
2025-08-31T03:30:00,4.830,34.90,0.000
2025-08-31T03:15:00,4.820,33.50,0.000
2025-08-31T03:00:00,4.830,36.90,0.000
2025-08-31T02:45:00,4.820,35.20,0.000
2025-08-31T02:30:00,4.830,36.20,0.000
2025-08-31T02:15:00,4.840,36.20,0.000
2025-08-31T02:00:00,4.840,35.80,0.000
2025-08-31T01:45:00,4.840,34.90,0.000
2025-08-31T01:30:00,4.830,35.10,0.000
2025-08-31T01:15:00,4.830,36.30,0.000
2025-08-31T01:00:00,4.840,35.70,0.000
2025-08-31T00:45:00,4.830,36.20,0.000
2025-08-31T00:30:00,4.840,37.20,0.000
2025-08-31T00:15:00,4.850,35.90,0.000
2025-08-31T00:00:00,4.840,34.90,0.000
2025-09-13T23:45:00,5.900,61.70,0.000
2025-09-13T23:30:00,5.910,65.20,0.000
2025-09-13T23:15:00,5.900,62.30,0.000
2025-09-13T23:00:00,5.910,64.80,0.000
2025-09-13T22:45:00,5.920,65.60,0.000
2025-09-13T22:30:00,5.910,63.40,0.000
2025-09-13T22:15:00,5.920,64.70,0.000
2025-09-13T22:00:00,5.920,70.30,0.000
2025-09-13T21:45:00,5.920,67.20,0.000
2025-09-13T21:30:00,5.930,66.20,0.000
2025-09-13T21:15:00,5.920,65.30,0.000
2025-09-13T21:00:00,5.930,63.60,0.000
2025-09-13T20:45:00,5.920,63.40,0.000
2025-09-13T20:30:00,5.920,62.20,0.000
2025-09-13T20:15:00,5.920,64.70,0.000
2025-09-13T20:00:00,5.910,64.60,0.000
2025-09-13T19:45:00,5.940,64.20,0.000
2025-09-13T19:30:00,5.930,65.60,0.000
2025-09-13T19:15:00,5.920,64.40,0.000
2025-09-13T19:00:00,5.920,65.00,0.000
2025-09-13T18:45:00,5.920,68.10,0.000
2025-09-13T18:30:00,5.930,63.30,0.000
2025-09-13T18:15:00,5.930,68.70,0.000
2025-09-13T18:00:00,5.960,72.70,0.000
2025-09-13T17:45:00,5.940,70.10,0.000
2025-09-13T17:30:00,5.970,72.70,0.000
2025-09-13T17:15:00,5.970,69.80,0.000
2025-09-13T17:00:00,5.970,74.80,0.000
2025-09-13T16:45:00,5.950,73.20,0.000
2025-09-13T16:30:00,5.950,69.00,0.000
2025-09-13T16:15:00,5.920,73.20,0.000
2025-09-13T16:00:00,5.890,71.20,0.000
2025-09-13T15:45:00,5.880,71.00,0.000
2025-09-13T15:30:00,5.850,67.70,0.000
2025-09-13T15:15:00,5.840,67.00,0.500
2025-09-13T15:00:00,5.830,70.90,1.000
2025-09-13T14:45:00,5.820,67.00,0.000
2025-09-13T14:30:00,5.820,66.70,0.000
2025-09-13T14:15:00,5.830,61.60,0.000
2025-09-13T14:00:00,5.830,68.20,0.000
2025-09-13T13:45:00,5.820,70.40,0.000
2025-09-13T13:30:00,5.820,63.60,0.000
2025-09-13T13:15:00,5.820,65.30,0.000
2025-09-13T13:00:00,5.810,64.60,0.000
2025-09-13T12:45:00,5.810,68.10,0.000
2025-09-13T12:30:00,5.810,64.70,0.000
2025-09-13T12:15:00,5.810,66.60,0.000
2025-09-13T12:00:00,5.810,68.00,0.000
2025-09-13T11:45:00,5.800,62.80,0.000
2025-09-13T11:30:00,5.800,65.60,0.000
2025-09-13T11:15:00,5.780,66.00,0.000
2025-09-13T11:00:00,5.790,67.30,0.000
2025-09-13T10:45:00,5.790,68.30,0.000
2025-09-13T10:30:00,5.780,69.20,0.000
2025-09-13T10:15:00,5.760,66.50,0.000
2025-09-13T10:00:00,5.740,65.50,0.000
2025-09-13T09:45:00,5.750,68.90,0.000
2025-09-13T09:30:00,5.720,69.90,0.000
2025-09-13T09:15:00,5.710,72.40,0.000
2025-09-13T09:00:00,5.680,71.60,0.000
2025-09-13T08:45:00,5.650,65.10,0.000
2025-09-13T08:30:00,5.620,64.20,0.000
2025-09-13T08:15:00,5.580,59.70,0.000
2025-09-13T08:00:00,5.570,59.70,0.000
2025-09-13T07:45:00,5.550,55.80,0.000
2025-09-13T07:30:00,5.540,56.80,0.000
2025-09-13T07:15:00,5.540,56.00,0.000
2025-09-13T07:00:00,5.560,56.00,0.000
2025-09-13T06:45:00,5.570,54.90,0.000
2025-09-13T06:30:00,5.580,57.80,0.000
2025-09-13T06:15:00,5.590,59.70,0.000
2025-09-13T06:00:00,5.590,59.60,0.000
2025-09-13T05:45:00,5.600,58.20,0.000
2025-09-13T05:30:00,5.600,60.60,0.000
2025-09-13T05:15:00,5.620,60.70,0.000
2025-09-13T05:00:00,5.630,59.50,0.000
2025-09-13T04:45:00,5.640,60.50,0.000
2025-09-13T04:30:00,5.650,58.00,0.000
2025-09-13T04:15:00,5.650,56.30,0.000
2025-09-13T04:00:00,5.660,59.40,0.000
2025-09-13T03:45:00,5.680,60.90,0.000
2025-09-13T03:30:00,5.680,62.60,0.000
2025-09-13T03:15:00,5.700,57.70,0.000
2025-09-13T03:00:00,5.710,62.60,0.000
2025-09-13T02:45:00,5.710,62.40,0.000
2025-09-13T02:30:00,5.740,61.00,0.000
2025-09-13T02:15:00,5.740,61.60,0.000
2025-09-13T02:00:00,5.760,65.30,0.000
2025-09-13T01:45:00,5.770,66.40,0.000
2025-09-13T01:30:00,5.780,61.10,0.000
2025-09-13T01:15:00,5.800,67.90,0.000
2025-09-13T01:00:00,5.810,63.10,0.000
2025-09-13T00:45:00,5.820,66.50,0.000
2025-09-13T00:30:00,5.840,62.30,0.000
2025-09-13T00:15:00,5.850,66.90,0.000
2025-09-13T00:00:00,5.870,68.60,0.000
2025-09-12T23:45:00,5.890,71.60,0.000
2025-09-12T23:30:00,5.900,71.10,0.000
2025-09-12T23:15:00,5.900,69.60,0.000
2025-09-12T23:00:00,5.920,72.90,0.000
2025-09-12T22:45:00,5.930,70.80,0.000
2025-09-12T22:30:00,5.940,71.20,0.000
2025-09-12T22:15:00,5.960,72.70,0.000
2025-09-12T22:00:00,5.970,74.10,0.000
2025-09-12T21:45:00,5.970,74.20,0.000
2025-09-12T21:30:00,5.980,72.70,0.000
2025-09-12T21:15:00,6.000,75.80,0.000
2025-09-12T21:00:00,6.000,66.00,0.000
2025-09-12T20:45:00,6.010,71.20,0.000
2025-09-12T20:30:00,6.010,73.90,0.000
2025-09-12T20:15:00,6.020,78.40,0.000
2025-09-12T20:00:00,6.020,76.90,0.000
2025-09-12T19:45:00,6.020,80.40,0.000
2025-09-12T19:30:00,6.010,78.30,0.000
2025-09-12T19:15:00,6.010,75.50,0.000
2025-09-12T19:00:00,6.010,77.20,0.000
2025-09-12T18:45:00,6.000,83.10,0.000
2025-09-12T18:30:00,5.970,80.10,0.000
2025-09-12T18:15:00,5.960,76.60,0.000
2025-09-12T18:00:00,5.910,78.20,0.000
2025-09-12T17:45:00,5.870,77.10,0.000
2025-09-12T17:30:00,5.830,71.50,0.000
2025-09-12T17:15:00,5.780,71.00,0.000
2025-09-12T17:00:00,5.720,69.50,0.000
2025-09-12T16:45:00,5.680,64.80,0.000
2025-09-12T16:30:00,5.620,62.80,0.000
2025-09-12T16:15:00,5.570,58.00,0.000
2025-09-12T16:00:00,5.520,54.90,0.000
2025-09-12T15:45:00,5.490,51.90,0.000
2025-09-12T15:30:00,5.480,49.50,0.000
2025-09-12T15:15:00,5.470,49.00,0.000
2025-09-12T15:00:00,5.470,51.00,0.000
2025-09-12T14:45:00,5.480,50.00,0.000
2025-09-12T14:30:00,5.470,44.70,0.000
2025-09-12T14:15:00,5.480,50.10,0.000
2025-09-12T14:00:00,5.470,47.90,0.500
2025-09-12T13:45:00,5.480,54.40,0.000
2025-09-12T13:30:00,5.470,55.00,1.000
2025-09-12T13:15:00,5.460,48.60,0.000
2025-09-12T13:00:00,5.460,48.60,0.000
2025-09-12T12:45:00,5.450,46.30,0.000
2025-09-12T12:30:00,5.460,50.50,0.000
2025-09-12T12:15:00,5.450,47.40,0.000
2025-09-12T12:00:00,5.450,49.80,0.000
2025-09-12T11:45:00,5.450,51.10,0.000
2025-09-12T11:30:00,5.450,50.70,0.000
2025-09-12T11:15:00,5.440,48.90,0.000
2025-09-12T11:00:00,5.440,51.20,0.000
2025-09-12T10:45:00,5.450,49.30,0.000
2025-09-12T10:30:00,5.440,48.80,0.000
2025-09-12T10:15:00,5.450,50.50,0.000
2025-09-12T10:00:00,5.450,50.60,0.000
2025-09-12T09:45:00,5.450,48.90,0.000
2025-09-12T09:30:00,5.460,49.90,0.000
2025-09-12T09:15:00,5.460,50.10,0.000
2025-09-12T09:00:00,5.470,49.50,0.000
2025-09-12T08:45:00,5.470,49.40,0.000
2025-09-12T08:30:00,5.470,51.60,0.000
2025-09-12T08:15:00,5.480,51.20,0.000
2025-09-12T08:00:00,5.480,53.50,0.000
2025-09-12T07:45:00,5.490,52.20,0.000
2025-09-12T07:30:00,5.490,50.00,0.000
2025-09-12T07:15:00,5.490,50.30,0.000
2025-09-12T07:00:00,5.500,51.60,0.000
2025-09-12T06:45:00,5.500,51.30,0.000
2025-09-12T06:30:00,5.510,53.90,0.000
2025-09-12T06:15:00,5.510,52.40,0.000
2025-09-12T06:00:00,5.510,51.00,0.000
2025-09-12T05:45:00,5.520,52.80,0.000
2025-09-12T05:30:00,5.520,51.80,0.000
2025-09-12T05:15:00,5.520,51.30,0.000
2025-09-12T05:00:00,5.530,54.50,0.000
2025-09-12T04:45:00,5.520,52.40,0.000
2025-09-12T04:30:00,5.540,54.40,0.000
2025-09-12T04:15:00,5.530,52.70,0.000
2025-09-12T04:00:00,5.550,55.70,0.000
2025-09-12T03:45:00,5.550,54.70,0.000
2025-09-12T03:30:00,5.550,54.00,0.000
2025-09-12T03:15:00,5.550,55.50,0.000
2025-09-12T03:00:00,5.560,53.90,0.000
2025-09-12T02:45:00,5.560,54.40,0.000
2025-09-12T02:30:00,5.560,52.20,0.000
2025-09-12T02:15:00,5.570,55.70,0.000
2025-09-12T02:00:00,5.570,54.10,0.000
2025-09-12T01:45:00,5.570,53.00,0.000
2025-09-12T01:30:00,5.580,54.00,0.000
2025-09-12T01:15:00,5.590,53.50,0.000
2025-09-12T01:00:00,5.580,54.50,0.000
2025-09-12T00:45:00,5.590,55.60,0.000
2025-09-12T00:30:00,5.590,54.70,0.000
2025-09-12T00:15:00,5.590,53.10,0.000
2025-09-12T00:00:00,5.600,57.00,0.000
2025-09-11T23:45:00,5.600,55.30,0.000
2025-09-11T23:30:00,5.610,55.80,0.000
2025-09-11T23:15:00,5.610,56.80,0.000
2025-09-11T23:00:00,5.610,56.80,0.000
2025-09-11T22:45:00,5.620,58.40,0.000
2025-09-11T22:30:00,5.630,56.50,0.000
2025-09-11T22:15:00,5.620,55.90,0.000
2025-09-11T22:00:00,5.630,55.30,0.000
2025-09-11T21:45:00,5.620,55.20,0.000
2025-09-11T21:30:00,5.640,56.40,0.000
2025-09-11T21:15:00,5.640,57.40,0.000
2025-09-11T21:00:00,5.640,61.20,0.000
2025-09-11T20:45:00,5.640,55.50,0.000
2025-09-11T20:30:00,5.650,56.50,0.000
2025-09-11T20:15:00,5.640,56.80,0.000
2025-09-11T20:00:00,5.650,51.60,0.000
2025-09-11T19:45:00,5.660,60.40,0.000
2025-09-11T19:30:00,5.660,59.40,0.000
2025-09-11T19:15:00,5.660,59.70,0.000
2025-09-11T19:00:00,5.680,60.80,0.000
2025-09-11T18:45:00,5.670,58.00,0.000
2025-09-11T18:30:00,5.670,57.80,0.000
2025-09-11T18:15:00,5.680,57.10,0.000
2025-09-11T18:00:00,5.690,57.60,0.000
2025-09-11T17:45:00,5.690,56.90,0.000
2025-09-11T17:30:00,5.680,62.20,0.000
2025-09-11T17:15:00,5.700,58.30,0.000
2025-09-11T17:00:00,5.700,62.10,0.000
2025-09-11T16:45:00,5.700,60.30,0.000
2025-09-11T16:30:00,5.700,60.10,0.000
2025-09-11T16:15:00,5.710,57.50,0.000
2025-09-11T16:00:00,5.700,57.50,0.000
2025-09-11T15:45:00,5.710,59.20,0.000
2025-09-11T15:30:00,5.710,59.50,0.000
2025-09-11T15:15:00,5.710,60.80,0.000
2025-09-11T15:00:00,5.710,58.80,0.000
2025-09-11T14:45:00,5.710,56.90,0.000
2025-09-11T14:30:00,5.710,61.00,0.000
2025-09-11T14:15:00,5.710,58.60,0.000
2025-09-11T14:00:00,5.710,59.50,0.000
2025-09-11T13:45:00,5.700,62.80,0.000
2025-09-11T13:30:00,5.700,62.60,0.000
2025-09-11T13:15:00,5.690,62.50,0.000
2025-09-11T13:00:00,5.690,59.90,0.000
2025-09-11T12:45:00,5.680,64.20,0.000
2025-09-11T12:30:00,5.680,62.10,0.000
2025-09-11T12:15:00,5.680,62.70,0.000
2025-09-11T12:00:00,5.680,56.30,0.000
2025-09-11T11:45:00,5.670,55.20,0.000
2025-09-11T11:30:00,5.680,62.00,0.000
2025-09-11T11:15:00,5.680,58.70,0.000
2025-09-11T11:00:00,5.670,62.70,0.000
2025-09-11T10:45:00,5.670,58.40,0.000
2025-09-11T10:30:00,5.670,61.70,0.000
2025-09-11T10:15:00,5.670,62.00,0.000
2025-09-11T10:00:00,5.670,60.90,0.000
2025-09-11T09:45:00,5.670,58.90,0.000
2025-09-11T09:30:00,5.680,59.80,0.000
2025-09-11T09:15:00,5.680,62.70,0.000
2025-09-11T09:00:00,5.700,63.80,0.000
2025-09-11T08:45:00,5.700,61.20,0.000
2025-09-11T08:30:00,5.700,63.80,0.000
2025-09-11T08:15:00,5.710,65.10,0.000
2025-09-11T08:00:00,5.720,65.60,0.000
2025-09-11T07:45:00,5.720,65.90,0.000
2025-09-11T07:30:00,5.730,61.70,0.000
2025-09-11T07:15:00,5.730,63.50,0.000
2025-09-11T07:00:00,5.740,64.90,0.000
2025-09-11T06:45:00,5.740,65.20,0.000
2025-09-11T06:30:00,5.740,65.90,0.000
2025-09-11T06:15:00,5.730,65.20,0.000
2025-09-11T06:00:00,5.730,64.80,0.000
2025-09-11T05:45:00,5.730,65.50,0.000
2025-09-11T05:30:00,5.720,67.40,5.000
2025-09-11T05:15:00,5.700,68.80,4.000
2025-09-11T05:00:00,5.680,66.30,0.000
2025-09-11T04:45:00,5.680,62.80,0.000
2025-09-11T04:30:00,5.670,64.60,0.000
2025-09-11T04:15:00,5.650,63.80,0.000
2025-09-11T04:00:00,5.640,63.20,0.000
2025-09-11T03:45:00,5.640,61.90,0.000
2025-09-11T03:30:00,5.630,60.80,0.000
2025-09-11T03:15:00,5.630,58.90,0.000
2025-09-11T03:00:00,5.610,60.70,0.000
2025-09-11T02:45:00,5.610,58.50,0.000
2025-09-11T02:30:00,5.620,59.50,0.000
2025-09-11T02:15:00,5.600,58.30,0.000
2025-09-11T02:00:00,5.610,58.30,0.000
2025-09-11T01:45:00,5.610,59.70,0.000
2025-09-11T01:30:00,5.600,60.60,0.000
2025-09-11T01:15:00,5.600,57.40,0.000
2025-09-11T01:00:00,5.600,58.60,0.500
2025-09-11T00:45:00,5.600,59.00,9.500
2025-09-11T00:30:00,5.590,0.00,5.500
2025-09-11T00:15:00,5.590,58.90,0.000
2025-09-11T00:00:00,5.590,59.30,0.000
2025-09-10T23:45:00,5.600,54.60,0.000
2025-09-10T23:30:00,5.600,58.20,0.000
2025-09-10T23:15:00,5.610,60.60,0.000
2025-09-10T23:00:00,5.610,57.90,0.000
2025-09-10T22:45:00,5.610,56.20,0.000
2025-09-10T22:30:00,5.630,61.10,0.000
2025-09-10T22:15:00,5.620,59.20,0.000
2025-09-10T22:00:00,5.630,61.10,0.000
2025-09-10T21:45:00,5.640,60.80,0.000
2025-09-10T21:30:00,5.630,57.50,0.000
2025-09-10T21:15:00,5.640,58.40,0.000
2025-09-10T21:00:00,5.650,61.10,0.000
2025-09-10T20:45:00,5.650,62.00,0.000
2025-09-10T20:30:00,5.650,59.40,0.000
2025-09-10T20:15:00,5.650,60.60,0.000
2025-09-10T20:00:00,5.660,61.90,0.000
2025-09-10T19:45:00,5.660,60.20,0.000
2025-09-10T19:30:00,5.660,61.90,0.000
2025-09-10T19:15:00,5.670,62.00,0.000
2025-09-10T19:00:00,5.670,61.10,0.000
2025-09-10T18:45:00,5.670,60.80,0.000
2025-09-10T18:30:00,5.670,63.60,0.000
2025-09-10T18:15:00,5.680,63.40,0.000
2025-09-10T18:00:00,5.670,60.50,0.000
2025-09-10T17:45:00,5.670,61.60,0.000
2025-09-10T17:30:00,5.660,60.40,0.000
2025-09-10T17:15:00,5.650,60.90,0.000
2025-09-10T17:00:00,5.650,61.10,0.000
2025-09-10T16:45:00,5.640,61.70,0.000
2025-09-10T16:30:00,5.630,58.50,0.000
2025-09-10T16:15:00,5.610,59.90,0.000
2025-09-10T16:00:00,5.610,58.60,0.000
2025-09-10T15:45:00,5.600,55.80,0.000
2025-09-10T15:30:00,5.600,55.60,0.000
2025-09-10T15:15:00,5.610,53.40,0.000
2025-09-10T15:00:00,5.630,55.50,0.000
2025-09-10T14:45:00,5.630,55.30,0.000
2025-09-10T14:30:00,5.640,57.60,0.000
2025-09-10T14:15:00,5.650,56.40,0.000
2025-09-10T14:00:00,5.660,58.20,0.000
2025-09-10T13:45:00,5.670,58.90,0.000
2025-09-10T13:30:00,5.680,57.10,0.000
2025-09-10T13:15:00,5.680,59.80,0.000
2025-09-10T13:00:00,5.700,61.60,0.000
2025-09-10T12:45:00,5.700,59.20,0.000
2025-09-10T12:30:00,5.710,59.30,0.000
2025-09-10T12:15:00,5.720,59.00,0.000
2025-09-10T12:00:00,5.730,60.50,0.000
2025-09-10T11:45:00,5.730,59.20,0.000
2025-09-10T11:30:00,5.750,61.60,0.000
2025-09-10T11:15:00,5.750,63.70,0.000
2025-09-10T11:00:00,5.770,61.90,0.000
2025-09-10T10:45:00,5.780,59.90,0.000
2025-09-10T10:30:00,5.790,65.90,0.000
2025-09-10T10:15:00,5.790,64.80,0.000
2025-09-10T10:00:00,5.800,63.40,0.000
2025-09-10T09:45:00,5.810,65.70,0.000
2025-09-10T09:30:00,5.820,67.10,0.000
2025-09-10T09:15:00,5.820,65.80,0.000
2025-09-10T09:00:00,5.840,66.60,0.000
2025-09-10T08:45:00,5.840,64.80,0.000
2025-09-10T08:30:00,5.850,68.30,0.000
2025-09-10T08:15:00,5.860,67.60,0.000
2025-09-10T08:00:00,5.860,66.90,0.000
2025-09-10T07:45:00,5.880,69.00,0.000
2025-09-10T07:30:00,5.880,67.60,0.000
2025-09-10T07:15:00,5.890,71.10,0.000
2025-09-10T07:00:00,5.890,65.80,0.000
2025-09-10T06:45:00,5.900,64.40,0.000
2025-09-10T06:30:00,5.900,66.00,0.000
2025-09-10T06:15:00,5.900,68.30,0.000
2025-09-10T06:00:00,5.900,70.10,0.000
2025-09-10T05:45:00,5.910,70.00,0.000
2025-09-10T05:30:00,5.910,71.10,0.000
2025-09-10T05:15:00,5.910,71.20,0.000
2025-09-10T05:00:00,5.910,70.80,0.000
2025-09-10T04:45:00,5.920,73.20,0.000
2025-09-10T04:30:00,5.910,70.90,0.000
2025-09-10T04:15:00,5.920,71.50,0.000
2025-09-10T04:00:00,5.910,72.00,0.000
2025-09-10T03:45:00,5.920,74.10,0.000
2025-09-10T03:30:00,5.920,73.10,0.000
2025-09-10T03:15:00,5.900,73.50,0.000
2025-09-10T03:00:00,5.900,76.00,0.000
2025-09-10T02:45:00,5.890,71.80,0.000
2025-09-10T02:30:00,5.890,72.00,0.000
2025-09-10T02:15:00,5.890,71.30,0.000
2025-09-10T02:00:00,5.870,72.00,0.000
2025-09-10T01:45:00,5.870,69.40,0.000
2025-09-10T01:30:00,5.870,72.10,0.000
2025-09-10T01:15:00,5.850,70.40,0.000
2025-09-10T01:00:00,5.850,70.60,0.000
2025-09-10T00:45:00,5.850,68.70,0.000
2025-09-10T00:30:00,5.840,71.00,0.000
2025-09-10T00:15:00,5.820,70.80,0.000
2025-09-10T00:00:00,5.800,70.10,0.500
2025-09-09T23:45:00,5.770,72.00,0.000
2025-09-09T23:30:00,5.750,72.70,0.500
2025-09-09T23:15:00,5.740,74.30,1.500
2025-09-09T23:00:00,5.700,74.70,1.500
2025-09-09T22:45:00,5.690,73.00,0.500
2025-09-09T22:30:00,5.660,69.50,1.000
2025-09-09T22:15:00,5.630,68.80,1.000
2025-09-09T22:00:00,5.600,70.50,3.000
2025-09-09T21:45:00,5.580,72.60,9.000
2025-09-09T21:30:00,5.550,70.10,5.500
2025-09-09T21:15:00,5.540,66.70,3.000
2025-09-09T21:00:00,5.510,65.00,1.000
2025-09-09T20:45:00,5.500,58.10,0.000
2025-09-09T20:30:00,5.490,58.60,0.000
2025-09-09T20:15:00,5.490,56.70,0.500
2025-09-09T20:00:00,5.480,56.60,0.000
2025-09-09T19:45:00,5.460,57.30,0.000
2025-09-09T19:30:00,5.450,57.20,0.000
2025-09-09T19:15:00,5.420,55.50,0.000
2025-09-09T19:00:00,5.400,53.20,0.000
2025-09-09T18:45:00,5.390,55.90,0.500
2025-09-09T18:30:00,5.350,51.50,2.000
2025-09-09T18:15:00,5.320,56.00,2.500
2025-09-09T18:00:00,5.280,52.50,5.500
2025-09-09T17:45:00,5.250,47.80,4.000
2025-09-09T17:30:00,5.250,44.60,0.500
2025-09-09T17:15:00,5.250,45.60,0.000
2025-09-09T17:00:00,5.250,42.70,0.000
2025-09-09T16:45:00,5.270,45.80,0.000
2025-09-09T16:30:00,5.280,45.60,0.000
2025-09-09T16:15:00,5.290,45.00,0.000
2025-09-09T16:00:00,5.310,47.90,0.000
2025-09-09T15:45:00,5.320,47.50,0.000
2025-09-09T15:30:00,5.320,48.30,0.000
2025-09-09T15:15:00,5.320,47.70,0.000
2025-09-09T15:00:00,5.330,49.00,0.000
2025-09-09T14:45:00,5.320,47.40,0.000
2025-09-09T14:30:00,5.320,48.80,0.000
2025-09-09T14:15:00,5.320,49.40,0.000
2025-09-09T14:00:00,5.320,48.00,0.000
2025-09-09T13:45:00,5.320,47.10,0.000
2025-09-09T13:30:00,5.330,48.50,0.000
2025-09-09T13:15:00,5.320,47.70,0.000
2025-09-09T13:00:00,5.320,50.10,0.000
2025-09-09T12:45:00,5.330,48.80,0.000
2025-09-09T12:30:00,5.340,49.80,1.000
2025-09-09T12:15:00,5.330,53.30,5.500
2025-09-09T12:00:00,5.320,43.40,0.000
2025-09-09T11:45:00,5.320,45.00,0.000
2025-09-09T11:30:00,5.320,47.70,0.000
2025-09-09T11:15:00,5.330,47.70,0.000
2025-09-09T11:00:00,5.320,42.50,0.000
2025-09-09T10:45:00,5.320,47.30,0.000
2025-09-09T10:30:00,5.330,47.80,0.000
2025-09-09T10:15:00,5.320,46.90,0.000
2025-09-09T10:00:00,5.320,47.70,0.000
2025-09-09T09:45:00,5.320,43.60,0.000
2025-09-09T09:30:00,5.320,45.40,0.000
2025-09-09T09:15:00,5.330,44.40,0.000
2025-09-09T09:00:00,5.350,40.90,0.000
2025-09-09T08:45:00,5.360,46.80,0.000
2025-09-09T08:30:00,5.370,47.30,0.000
2025-09-09T08:15:00,5.390,47.00,0.000
2025-09-09T08:00:00,5.410,48.80,0.000
2025-09-09T07:45:00,5.400,48.90,0.000
2025-09-09T07:30:00,5.410,52.50,0.000
2025-09-09T07:15:00,5.420,47.40,0.000
2025-09-09T07:00:00,5.430,49.10,0.000
2025-09-09T06:45:00,5.430,49.70,0.000
2025-09-09T06:30:00,5.440,50.60,0.000
2025-09-09T06:15:00,5.440,50.80,0.000
2025-09-09T06:00:00,5.450,50.30,0.000
2025-09-09T05:45:00,5.450,51.40,0.000
2025-09-09T05:30:00,5.460,51.90,0.000
2025-09-09T05:15:00,5.460,49.40,0.000
2025-09-09T05:00:00,5.460,52.80,0.000
2025-09-09T04:45:00,5.470,53.10,0.000
2025-09-09T04:30:00,5.470,52.10,0.000
2025-09-09T04:15:00,5.470,53.50,0.000
2025-09-09T04:00:00,5.490,52.80,0.000
2025-09-09T03:45:00,5.490,53.40,0.000
2025-09-09T03:30:00,5.490,52.50,0.000
2025-09-09T03:15:00,5.500,56.50,0.000
2025-09-09T03:00:00,5.500,55.20,0.000
2025-09-09T02:45:00,5.510,55.40,0.000
2025-09-09T02:30:00,5.520,55.80,0.000
2025-09-09T02:15:00,5.520,57.10,0.000
2025-09-09T02:00:00,5.520,54.50,0.000
2025-09-09T01:45:00,5.520,56.30,0.000
2025-09-09T01:30:00,5.520,54.10,0.000
2025-09-09T01:15:00,5.520,55.30,0.000
2025-09-09T01:00:00,5.530,56.20,0.000
2025-09-09T00:45:00,5.530,58.00,0.000
2025-09-09T00:30:00,5.530,54.20,0.000
2025-09-09T00:15:00,5.530,55.40,0.000
2025-09-09T00:00:00,5.540,56.50,0.000
2025-09-08T23:45:00,5.540,55.40,0.000
2025-09-08T23:30:00,5.540,56.70,0.000
2025-09-08T23:15:00,5.540,56.50,0.000
2025-09-08T23:00:00,5.550,56.60,0.000
2025-09-08T22:45:00,5.550,58.60,0.000
2025-09-08T22:30:00,5.550,57.40,0.000
2025-09-08T22:15:00,5.550,58.40,0.000
2025-09-08T22:00:00,5.540,56.60,0.000
2025-09-08T21:45:00,5.550,54.80,0.000
2025-09-08T21:30:00,5.550,56.90,0.000
2025-09-08T21:15:00,5.550,57.20,0.000
2025-09-08T21:00:00,5.540,57.90,0.000
2025-09-08T20:45:00,5.540,56.30,0.000
2025-09-08T20:30:00,5.540,56.30,0.000
2025-09-08T20:15:00,5.530,55.00,0.500
2025-09-08T20:00:00,5.520,54.80,0.000
2025-09-08T19:45:00,5.510,56.50,0.000
2025-09-08T19:30:00,5.500,51.60,0.000
2025-09-08T19:15:00,5.490,56.60,1.500
2025-09-08T19:00:00,5.470,50.10,0.000
2025-09-08T18:45:00,5.470,50.00,0.000
2025-09-08T18:30:00,5.470,49.30,0.000
2025-09-08T18:15:00,5.470,45.30,0.000
2025-09-08T18:00:00,5.480,48.20,0.000
2025-09-08T17:45:00,5.480,48.20,1.000
2025-09-08T17:30:00,5.490,50.00,0.000
2025-09-08T17:15:00,5.490,49.30,0.000
2025-09-08T17:00:00,5.510,49.20,0.000
2025-09-08T16:45:00,5.510,50.60,0.000
2025-09-08T16:30:00,5.520,51.10,0.000
2025-09-08T16:15:00,5.530,51.20,0.000
2025-09-08T16:00:00,5.540,50.70,0.000
2025-09-08T15:45:00,5.540,50.30,0.000
2025-09-08T15:30:00,5.550,52.30,0.000
2025-09-08T15:15:00,5.560,52.50,0.000
2025-09-08T15:00:00,5.550,51.80,0.000
2025-09-08T14:45:00,5.570,52.10,0.000
2025-09-08T14:30:00,5.570,54.10,0.000
2025-09-08T14:15:00,5.580,54.20,0.000
2025-09-08T14:00:00,5.590,55.30,0.000
2025-09-08T13:45:00,5.600,53.40,0.000
2025-09-08T13:30:00,5.610,53.20,0.000
2025-09-08T13:15:00,5.610,53.80,0.000
2025-09-08T13:00:00,5.630,53.70,0.000
2025-09-08T12:45:00,5.630,56.20,0.000
2025-09-08T12:30:00,5.650,48.90,0.000
2025-09-08T12:15:00,5.650,57.90,0.000
2025-09-08T12:00:00,5.650,61.10,0.000
2025-09-08T11:45:00,5.670,58.00,0.000
2025-09-08T11:30:00,5.670,61.50,0.000
2025-09-08T11:15:00,5.680,61.40,0.000
2025-09-08T11:00:00,5.690,57.70,0.000
2025-09-08T10:45:00,5.700,63.00,0.000
2025-09-08T10:30:00,5.700,64.10,0.000
2025-09-08T10:15:00,5.700,63.10,0.000
2025-09-08T10:00:00,5.700,64.50,0.000
2025-09-08T09:45:00,5.720,64.60,0.000
2025-09-08T09:30:00,5.720,63.70,0.000
2025-09-08T09:15:00,5.720,64.60,0.000
2025-09-08T09:00:00,5.720,66.10,0.000
2025-09-08T08:45:00,5.730,67.30,0.000
2025-09-08T08:30:00,5.730,65.00,0.000
2025-09-08T08:15:00,5.730,61.10,0.000
2025-09-08T08:00:00,5.710,64.70,0.000
2025-09-08T07:45:00,5.700,65.90,0.000
2025-09-08T07:30:00,5.710,66.00,0.000
2025-09-08T07:15:00,5.690,65.70,0.000
2025-09-08T07:00:00,5.690,64.70,0.000
2025-09-08T06:45:00,5.680,69.70,0.000
2025-09-08T06:30:00,5.660,65.90,0.000
2025-09-08T06:15:00,5.650,65.10,0.000
2025-09-08T06:00:00,5.620,63.10,0.000
2025-09-08T05:45:00,5.600,65.10,0.000
2025-09-08T05:30:00,5.580,61.50,0.000
2025-09-08T05:15:00,5.560,62.30,0.000
2025-09-08T05:00:00,5.530,59.40,0.000
2025-09-08T04:45:00,5.510,59.90,0.000
2025-09-08T04:30:00,5.490,56.00,0.000
2025-09-08T04:15:00,5.450,57.10,0.000
2025-09-08T04:00:00,5.410,55.80,0.000
2025-09-08T03:45:00,5.390,54.90,0.000
2025-09-08T03:30:00,5.360,57.00,0.500
2025-09-08T03:15:00,5.310,55.20,0.000
2025-09-08T03:00:00,5.270,54.20,0.500
2025-09-08T02:45:00,5.220,51.60,0.500
2025-09-08T02:30:00,5.180,47.70,0.000
2025-09-08T02:15:00,5.140,45.30,0.500
2025-09-08T02:00:00,5.090,43.00,0.000
2025-09-08T01:45:00,5.060,41.50,0.000
2025-09-08T01:30:00,5.040,13.10,0.500
2025-09-08T01:15:00,5.020,39.50,0.000
2025-09-08T01:00:00,5.010,37.70,0.000
2025-09-08T00:45:00,5.000,40.20,0.500
2025-09-08T00:30:00,5.010,41.80,0.500
2025-09-08T00:15:00,4.990,40.40,1.000
2025-09-08T00:00:00,4.990,42.00,0.500
2025-09-07T23:45:00,4.990,41.20,0.500
2025-09-07T23:30:00,4.990,40.80,0.500
2025-09-07T23:15:00,4.980,40.70,0.500
2025-09-07T23:00:00,4.980,38.10,0.000
2025-09-07T22:45:00,4.980,36.70,0.000
2025-09-07T22:30:00,4.980,38.90,0.000
2025-09-07T22:15:00,4.980,35.60,0.500
2025-09-07T22:00:00,4.970,37.00,1.000
2025-09-07T21:45:00,4.970,37.20,0.000
2025-09-07T21:30:00,4.960,37.30,0.000
2025-09-07T21:15:00,4.970,37.40,0.000
2025-09-07T21:00:00,4.960,38.50,0.000
2025-09-07T20:45:00,4.960,37.80,0.000
2025-09-07T20:30:00,4.960,37.00,0.000
2025-09-07T20:15:00,4.960,37.50,0.000
2025-09-07T20:00:00,4.960,37.40,0.000
2025-09-07T19:45:00,4.950,35.90,0.000
2025-09-07T19:30:00,4.940,36.90,0.000
2025-09-07T19:15:00,4.930,37.00,0.000
2025-09-07T19:00:00,4.920,35.70,0.000
2025-09-07T18:45:00,4.910,36.00,0.000
2025-09-07T18:30:00,4.900,33.10,0.000
2025-09-07T18:15:00,4.890,35.30,0.000
2025-09-07T18:00:00,4.890,35.00,0.000
2025-09-07T17:45:00,4.870,35.20,0.000
2025-09-07T17:30:00,4.870,33.90,0.000
2025-09-07T17:15:00,4.860,33.60,0.000
2025-09-07T17:00:00,4.860,34.00,0.000
2025-09-07T16:45:00,4.850,34.50,0.000
2025-09-07T16:30:00,4.840,34.40,0.000
2025-09-07T16:15:00,4.840,31.50,0.500
2025-09-07T16:00:00,4.840,35.00,0.000
2025-09-07T15:45:00,4.830,34.00,0.000
2025-09-07T15:30:00,4.820,34.40,5.500
2025-09-07T15:15:00,4.800,34.90,6.500
2025-09-07T15:00:00,4.800,31.20,0.000
2025-09-07T14:45:00,4.800,32.00,0.000
2025-09-07T14:30:00,4.810,34.20,0.000
2025-09-07T14:15:00,4.810,31.10,0.000
2025-09-07T14:00:00,4.810,30.70,0.000
2025-09-07T13:45:00,4.820,31.80,0.000
2025-09-07T13:30:00,4.820,30.90,0.000
2025-09-07T13:15:00,4.820,32.40,0.000
2025-09-07T13:00:00,4.820,31.50,0.000
2025-09-07T12:45:00,4.830,32.40,0.000
2025-09-07T12:30:00,4.830,31.50,0.000
2025-09-07T12:15:00,4.830,31.10,0.000
2025-09-07T12:00:00,4.850,32.40,0.000
2025-09-07T11:45:00,4.850,32.40,0.000
2025-09-07T11:30:00,4.850,32.30,0.000
2025-09-07T11:15:00,4.850,33.20,0.000
2025-09-07T11:00:00,4.860,32.70,0.000
2025-09-07T10:45:00,4.860,34.30,0.000
2025-09-07T10:30:00,4.870,33.00,0.000
2025-09-07T10:15:00,4.870,35.00,0.000
2025-09-07T10:00:00,4.880,33.70,0.000
2025-09-07T09:45:00,4.880,34.00,0.000
2025-09-07T09:30:00,4.890,32.90,0.000
2025-09-07T09:15:00,4.890,34.90,0.000
2025-09-07T09:00:00,4.900,34.30,0.000
2025-09-07T08:45:00,4.910,34.60,0.000
2025-09-07T08:30:00,4.900,34.40,0.000
2025-09-07T08:15:00,4.910,34.60,0.000
2025-09-07T08:00:00,4.910,35.30,0.000
2025-09-07T07:45:00,4.920,34.30,0.000
2025-09-07T07:30:00,4.920,35.30,0.000
2025-09-07T07:15:00,4.920,34.80,0.000
2025-09-07T07:00:00,4.930,34.30,0.000
2025-09-07T06:45:00,4.930,34.30,0.000
2025-09-07T06:30:00,4.940,37.30,0.000
2025-09-07T06:15:00,4.940,35.10,0.000
2025-09-07T06:00:00,4.950,35.50,0.000
2025-09-07T05:45:00,4.950,36.10,0.000
2025-09-07T05:30:00,4.960,33.70,0.000
2025-09-07T05:15:00,4.960,35.10,0.000
2025-09-07T05:00:00,4.970,35.10,0.000
2025-09-07T04:45:00,4.970,35.90,0.500
2025-09-07T04:30:00,4.980,37.20,0.000
2025-09-07T04:15:00,4.990,36.30,0.000
2025-09-07T04:00:00,5.000,36.40,0.000
2025-09-07T03:45:00,5.010,36.40,0.000
2025-09-07T03:30:00,5.010,36.20,0.000
2025-09-07T03:15:00,5.030,37.40,0.000
2025-09-07T03:00:00,5.040,38.40,0.000
2025-09-07T02:45:00,5.050,37.90,0.000
2025-09-07T02:30:00,5.050,40.20,0.000
2025-09-07T02:15:00,5.060,40.90,0.500
2025-09-07T02:00:00,5.090,40.50,0.000
2025-09-07T01:45:00,5.100,42.90,1.000
2025-09-07T01:30:00,5.100,43.80,0.500
2025-09-07T01:15:00,5.100,43.20,0.500
2025-09-07T01:00:00,5.110,42.80,0.000
2025-09-07T00:45:00,5.100,43.40,0.500
2025-09-07T00:30:00,5.100,42.60,0.500
2025-09-07T00:15:00,5.090,44.60,0.500
2025-09-07T00:00:00,5.080,42.50,0.500
2025-09-20T23:45:00,4.950,29.50,0.000
2025-09-20T23:30:00,4.950,31.30,0.000
2025-09-20T23:15:00,4.950,30.00,0.000
2025-09-20T23:00:00,4.960,29.40,0.000
2025-09-20T22:45:00,4.980,30.20,0.000
2025-09-20T22:30:00,4.980,30.30,0.000
2025-09-20T22:15:00,4.990,26.70,0.000
2025-09-20T22:00:00,5.000,30.90,0.000
2025-09-20T21:45:00,5.010,29.40,0.000
2025-09-20T21:30:00,5.010,30.20,0.000
2025-09-20T21:15:00,5.020,32.20,0.000
2025-09-20T21:00:00,5.040,31.80,0.000
2025-09-20T20:45:00,5.040,31.70,0.000
2025-09-20T20:30:00,5.060,31.70,0.000
2025-09-20T20:15:00,5.070,32.40,0.000
2025-09-20T20:00:00,5.090,33.00,0.000
2025-09-20T19:45:00,5.100,32.90,0.000
2025-09-20T19:30:00,5.120,34.10,0.000
2025-09-20T19:15:00,5.150,33.80,0.000
2025-09-20T19:00:00,5.160,25.50,0.000
2025-09-20T18:45:00,5.190,34.80,0.000
2025-09-20T18:30:00,5.210,39.00,0.000
2025-09-20T18:15:00,5.220,37.20,0.000
2025-09-20T18:00:00,5.230,37.90,0.000
2025-09-20T17:45:00,5.230,35.80,0.000
2025-09-20T17:30:00,5.230,39.20,0.000
2025-09-20T17:15:00,5.230,38.80,0.000
2025-09-20T17:00:00,5.240,40.40,0.000
2025-09-20T16:45:00,5.230,38.90,0.000
2025-09-20T16:30:00,5.240,38.90,0.000
2025-09-20T16:15:00,5.240,38.50,0.000
2025-09-20T16:00:00,5.230,38.20,0.000
2025-09-20T15:45:00,5.240,38.40,0.000
2025-09-20T15:30:00,5.230,38.70,0.000
2025-09-20T15:15:00,5.230,39.10,0.000
2025-09-20T15:00:00,5.230,38.90,0.000
2025-09-20T14:45:00,5.230,40.20,0.000
2025-09-20T14:30:00,5.230,40.00,0.000
2025-09-20T14:15:00,5.230,38.80,0.000
2025-09-20T14:00:00,5.230,38.50,0.000
2025-09-20T13:45:00,5.230,40.10,0.000
2025-09-20T13:30:00,5.240,40.60,0.000
2025-09-20T13:15:00,5.250,37.70,0.000
2025-09-20T13:00:00,5.250,40.20,0.000
2025-09-20T12:45:00,5.250,40.30,0.000
2025-09-20T12:30:00,5.240,41.30,0.000
2025-09-20T12:15:00,5.230,40.10,0.000
2025-09-20T12:00:00,5.230,37.70,0.000
2025-09-20T11:45:00,5.220,38.90,0.500
2025-09-20T11:30:00,5.210,42.60,0.000
2025-09-20T11:15:00,5.190,37.20,0.000
2025-09-20T11:00:00,5.170,37.00,0.000
2025-09-20T10:45:00,5.160,36.20,0.000
2025-09-20T10:30:00,5.130,36.20,0.000
2025-09-20T10:15:00,5.120,35.80,0.000
2025-09-20T10:00:00,5.120,33.10,0.000
2025-09-20T09:45:00,5.130,31.90,0.000
2025-09-20T09:30:00,5.130,32.90,0.000
2025-09-20T09:15:00,5.130,34.90,0.000
2025-09-20T09:00:00,5.140,34.40,0.000
2025-09-20T08:45:00,5.160,36.40,0.000
2025-09-20T08:30:00,5.160,34.80,0.000
2025-09-20T08:15:00,5.170,35.90,0.000
2025-09-20T08:00:00,5.180,35.90,0.000
2025-09-20T07:45:00,5.180,36.30,0.000
2025-09-20T07:30:00,5.190,34.60,0.000
2025-09-20T07:15:00,5.190,36.10,0.000
2025-09-20T07:00:00,5.200,36.10,0.000
2025-09-20T06:45:00,5.210,35.80,0.000
2025-09-20T06:30:00,5.220,36.30,0.000
2025-09-20T06:15:00,5.220,36.00,0.000
2025-09-20T06:00:00,5.230,37.30,0.000
2025-09-20T05:45:00,5.250,38.20,0.000
2025-09-20T05:30:00,5.250,36.40,0.000
2025-09-20T05:15:00,5.260,35.40,0.000
2025-09-20T05:00:00,5.270,39.20,0.000
2025-09-20T04:45:00,5.280,39.00,0.000
2025-09-20T04:30:00,5.290,38.40,0.000
2025-09-20T04:15:00,5.300,37.90,0.000
2025-09-20T04:00:00,5.310,38.20,0.000
2025-09-20T03:45:00,5.320,40.90,0.000
2025-09-20T03:30:00,5.320,39.10,0.000
2025-09-20T03:15:00,5.330,40.90,0.000
2025-09-20T03:00:00,5.350,37.50,0.000
2025-09-20T02:45:00,5.360,40.30,0.000
2025-09-20T02:30:00,5.360,41.40,0.000
2025-09-20T02:15:00,5.380,41.70,0.000
2025-09-20T02:00:00,5.380,41.50,0.000
2025-09-20T01:45:00,5.400,42.30,0.000
2025-09-20T01:30:00,5.410,41.60,0.000
2025-09-20T01:15:00,5.420,40.50,0.000
2025-09-20T01:00:00,5.430,40.60,0.000
2025-09-20T00:45:00,5.440,41.10,0.000
2025-09-20T00:30:00,5.450,41.50,0.000
2025-09-20T00:15:00,5.470,42.40,0.000
2025-09-20T00:00:00,5.480,40.50,0.000
2025-09-19T23:45:00,5.490,45.50,0.000
2025-09-19T23:30:00,5.500,45.20,0.000
2025-09-19T23:15:00,5.530,41.90,0.000
2025-09-19T23:00:00,5.530,42.90,0.000
2025-09-19T22:45:00,5.550,44.50,0.000
2025-09-19T22:30:00,5.550,45.50,0.000
2025-09-19T22:15:00,5.580,43.10,0.000
2025-09-19T22:00:00,5.590,42.90,0.000
2025-09-19T21:45:00,5.600,45.00,0.000
2025-09-19T21:30:00,5.620,44.60,0.000
2025-09-19T21:15:00,5.640,46.40,0.000
2025-09-19T21:00:00,5.650,44.50,0.000
2025-09-19T20:45:00,5.670,46.20,0.000
2025-09-19T20:30:00,5.690,47.50,0.000
2025-09-19T20:15:00,5.700,50.00,0.000
2025-09-19T20:00:00,5.720,45.80,0.000
2025-09-19T19:45:00,5.750,41.50,0.000
2025-09-19T19:30:00,5.780,49.70,0.000
2025-09-19T19:15:00,5.790,46.80,0.000
2025-09-19T19:00:00,5.830,48.00,0.000
2025-09-19T18:45:00,5.850,49.60,0.000
2025-09-19T18:30:00,5.880,56.50,0.000
2025-09-19T18:15:00,5.910,51.30,0.000
2025-09-19T18:00:00,5.930,60.00,0.000
2025-09-19T17:45:00,5.940,57.80,0.000
2025-09-19T17:30:00,5.960,57.50,0.000
2025-09-19T17:15:00,5.980,58.40,0.000
2025-09-19T17:00:00,5.990,55.70,0.000
2025-09-19T16:45:00,6.000,54.40,0.000
2025-09-19T16:30:00,6.010,57.00,0.000
2025-09-19T16:15:00,6.030,59.00,0.000
2025-09-19T16:00:00,6.050,58.40,0.000
2025-09-19T15:45:00,6.060,53.50,0.000
2025-09-19T15:30:00,6.070,61.40,0.000
2025-09-19T15:15:00,6.080,62.10,0.000
2025-09-19T15:00:00,6.080,62.40,0.000
2025-09-19T14:45:00,6.110,69.20,0.000
2025-09-19T14:30:00,6.120,60.70,0.000
2025-09-19T14:15:00,6.120,64.30,0.000
2025-09-19T14:00:00,6.150,61.50,0.000
2025-09-19T13:45:00,6.160,66.30,0.000
2025-09-19T13:30:00,6.150,67.80,0.500
2025-09-19T13:15:00,6.170,65.20,0.000
2025-09-19T13:00:00,6.180,60.80,0.000
2025-09-19T12:45:00,6.190,69.10,0.000
2025-09-19T12:30:00,6.190,63.00,0.000
2025-09-19T12:15:00,6.210,69.80,0.000
2025-09-19T12:00:00,6.220,73.60,0.000
2025-09-19T11:45:00,6.220,72.40,0.000
2025-09-19T11:30:00,6.230,68.20,0.000
2025-09-19T11:15:00,6.220,64.80,0.000
2025-09-19T11:00:00,6.220,67.40,0.000
2025-09-19T10:45:00,6.230,68.00,0.000
2025-09-19T10:30:00,6.240,69.70,0.000
2025-09-19T10:15:00,6.250,70.60,0.000
2025-09-19T10:00:00,6.250,59.60,0.000
2025-09-19T09:45:00,6.270,71.80,0.000
2025-09-19T09:30:00,6.280,64.80,0.000
2025-09-19T09:15:00,6.300,66.90,0.000
2025-09-19T09:00:00,6.310,68.20,0.000
2025-09-19T08:45:00,6.330,67.70,0.000
2025-09-19T08:30:00,6.350,69.70,0.000
2025-09-19T08:15:00,6.360,71.60,0.000
2025-09-19T08:00:00,6.390,75.20,0.000
2025-09-19T07:45:00,6.400,76.70,0.000
2025-09-19T07:30:00,6.410,77.10,0.000
2025-09-19T07:15:00,6.440,84.00,0.000
2025-09-19T07:00:00,6.450,83.20,0.000
2025-09-19T06:45:00,6.470,80.10,0.000
2025-09-19T06:30:00,6.480,80.10,0.000
2025-09-19T06:15:00,6.500,83.00,0.000
2025-09-19T06:00:00,6.510,78.80,0.000
2025-09-19T05:45:00,6.530,90.80,0.000
2025-09-19T05:30:00,6.560,87.10,0.000
2025-09-19T05:15:00,6.570,88.70,0.000
2025-09-19T05:00:00,6.580,90.30,0.000
2025-09-19T04:45:00,6.600,91.00,0.000
2025-09-19T04:30:00,6.620,101.70,0.000
2025-09-19T04:15:00,6.630,102.40,0.000
2025-09-19T04:00:00,6.640,102.40,0.000
2025-09-19T03:45:00,6.650,99.30,0.000
2025-09-19T03:30:00,6.650,104.60,0.000
2025-09-19T03:15:00,6.650,110.50,0.000
2025-09-19T03:00:00,6.620,113.90,0.000
2025-09-19T02:45:00,6.600,112.80,0.500
2025-09-19T02:30:00,6.580,114.70,0.500
2025-09-19T02:15:00,6.530,115.20,0.500
2025-09-19T02:00:00,6.470,113.70,1.500
2025-09-19T01:45:00,6.400,116.80,1.500
2025-09-19T01:30:00,6.350,108.70,1.000
2025-09-19T01:15:00,6.280,107.70,1.500
2025-09-19T01:00:00,6.190,112.30,2.000
2025-09-19T00:45:00,6.060,99.50,2.000
2025-09-19T00:30:00,5.900,92.10,1.500
2025-09-19T00:15:00,5.730,72.30,1.500
2025-09-19T00:00:00,5.510,63.70,4.000
2025-09-18T23:45:00,5.360,60.20,2.000
2025-09-18T23:30:00,5.280,49.80,2.500
2025-09-18T23:15:00,5.230,49.10,11.000
2025-09-18T23:00:00,5.190,49.70,33.000
2025-09-18T22:45:00,5.120,0.00,24.000
2025-09-18T22:30:00,5.090,43.50,23.500
2025-09-18T22:15:00,5.070,41.60,1.500
2025-09-18T22:00:00,5.060,35.80,0.000
2025-09-18T21:45:00,5.060,36.10,0.000
2025-09-18T21:30:00,5.060,36.60,0.000
2025-09-18T21:15:00,5.060,37.40,0.000
2025-09-18T21:00:00,5.060,36.10,0.000
2025-09-18T20:45:00,5.060,37.80,0.000
2025-09-18T20:30:00,5.060,36.60,0.000
2025-09-18T20:15:00,5.070,36.30,0.000
2025-09-18T20:00:00,5.060,36.00,0.000
2025-09-18T19:45:00,5.060,34.60,0.000
2025-09-18T19:30:00,5.060,37.30,0.000
2025-09-18T19:15:00,5.070,35.50,0.000
2025-09-18T19:00:00,5.070,36.00,0.000
2025-09-18T18:45:00,5.080,35.90,0.000
2025-09-18T18:30:00,5.080,34.30,0.000
2025-09-18T18:15:00,5.080,36.10,0.000
2025-09-18T18:00:00,5.080,35.60,0.000
2025-09-18T17:45:00,5.080,36.70,0.000
2025-09-18T17:30:00,5.080,36.70,0.000
2025-09-18T17:15:00,5.090,37.70,0.000
2025-09-18T17:00:00,5.090,36.10,0.000
2025-09-18T16:45:00,5.090,36.40,0.000
2025-09-18T16:30:00,5.090,34.60,0.000
2025-09-18T16:15:00,5.090,35.50,0.000
2025-09-18T16:00:00,5.100,34.40,0.000
2025-09-18T15:45:00,5.100,35.70,0.000
2025-09-18T15:30:00,5.110,36.00,0.000
2025-09-18T15:15:00,5.110,38.00,0.000
2025-09-18T15:00:00,5.110,36.80,0.000
2025-09-18T14:45:00,5.110,36.50,0.000
2025-09-18T14:30:00,5.110,37.30,0.000
2025-09-18T14:15:00,5.120,37.80,0.000
2025-09-18T14:00:00,5.120,36.20,0.000
2025-09-18T13:45:00,5.130,36.50,0.000
2025-09-18T13:30:00,5.120,37.70,0.000
2025-09-18T13:15:00,5.130,36.50,0.000
2025-09-18T13:00:00,5.130,37.00,0.000
2025-09-18T12:45:00,5.130,37.80,0.000
2025-09-18T12:30:00,5.140,35.80,0.000
2025-09-18T12:15:00,5.150,36.30,0.000
2025-09-18T12:00:00,5.140,36.70,0.000
2025-09-18T11:45:00,5.150,38.00,0.000
2025-09-18T11:30:00,5.150,35.70,0.000
2025-09-18T11:15:00,5.170,36.00,0.000
2025-09-18T11:00:00,5.160,36.50,0.000
2025-09-18T10:45:00,5.170,37.70,0.000
2025-09-18T10:30:00,5.170,36.60,0.000
2025-09-18T10:15:00,5.180,35.90,0.000
2025-09-18T10:00:00,5.170,36.70,0.000
2025-09-18T09:45:00,5.180,39.10,0.000
2025-09-18T09:30:00,5.180,36.50,0.000
2025-09-18T09:15:00,5.190,36.40,0.000
2025-09-18T09:00:00,5.190,36.00,0.000
2025-09-18T08:45:00,5.200,36.30,0.000
2025-09-18T08:30:00,5.200,38.30,0.000
2025-09-18T08:15:00,5.210,37.60,0.000
2025-09-18T08:00:00,5.200,36.10,0.000
2025-09-18T07:45:00,5.200,38.40,0.000
2025-09-18T07:30:00,5.200,36.30,0.000
2025-09-18T07:15:00,5.200,37.50,0.000
2025-09-18T07:00:00,5.210,38.60,0.000
2025-09-18T06:45:00,5.200,37.30,0.000
2025-09-18T06:30:00,5.210,38.00,0.000
2025-09-18T06:15:00,5.210,38.20,0.000
2025-09-18T06:00:00,5.220,39.80,0.000
2025-09-18T05:45:00,5.210,39.40,0.000
2025-09-18T05:30:00,5.220,39.60,0.000
2025-09-18T05:15:00,5.230,38.40,0.000
2025-09-18T05:00:00,5.220,40.10,0.000
2025-09-18T04:45:00,5.220,39.20,0.000
2025-09-18T04:30:00,5.230,39.70,0.000
2025-09-18T04:15:00,5.220,38.10,0.000
2025-09-18T04:00:00,5.220,38.30,0.000
2025-09-18T03:45:00,5.230,39.70,0.000
2025-09-18T03:30:00,5.220,39.30,0.000
2025-09-18T03:15:00,5.230,39.50,0.000
2025-09-18T03:00:00,5.230,39.60,0.000
2025-09-18T02:45:00,5.220,37.60,0.000
2025-09-18T02:30:00,5.220,40.20,0.000
2025-09-18T02:15:00,5.230,43.80,0.000
2025-09-18T02:00:00,5.220,40.90,0.000
2025-09-18T01:45:00,5.230,40.50,0.000
2025-09-18T01:30:00,5.210,38.10,0.000
2025-09-18T01:15:00,5.210,38.40,0.000
2025-09-18T01:00:00,5.220,41.90,0.000
2025-09-18T00:45:00,5.210,40.00,0.000
2025-09-18T00:30:00,5.200,39.70,0.000
2025-09-18T00:15:00,5.200,40.50,0.000
2025-09-18T00:00:00,5.200,39.30,1.000
2025-09-17T23:45:00,5.200,42.70,0.000
2025-09-17T23:30:00,5.190,39.20,0.000
2025-09-17T23:15:00,5.170,37.60,0.500
2025-09-17T23:00:00,5.170,45.90,5.500
2025-09-17T22:45:00,5.160,47.50,4.500
2025-09-17T22:30:00,5.150,46.00,1.500
2025-09-17T22:15:00,5.150,38.70,0.000
2025-09-17T22:00:00,5.150,38.50,0.000
2025-09-17T21:45:00,5.150,40.00,0.000
2025-09-17T21:30:00,5.160,38.60,0.000
2025-09-17T21:15:00,5.150,37.30,0.000
2025-09-17T21:00:00,5.150,37.00,0.000
2025-09-17T20:45:00,5.160,37.90,0.000
2025-09-17T20:30:00,5.150,39.00,0.000
2025-09-17T20:15:00,5.160,37.20,0.000
2025-09-17T20:00:00,5.150,37.20,0.000
2025-09-17T19:45:00,5.160,35.70,0.000
2025-09-17T19:30:00,5.160,38.10,0.000
2025-09-17T19:15:00,5.160,38.30,0.000
2025-09-17T19:00:00,5.170,38.50,0.000
2025-09-17T18:45:00,5.170,36.60,0.000
2025-09-17T18:30:00,5.160,37.20,0.000
2025-09-17T18:15:00,5.170,37.90,0.000
2025-09-17T18:00:00,5.170,37.70,0.000
2025-09-17T17:45:00,5.170,38.00,0.000
2025-09-17T17:30:00,5.160,39.30,0.000
2025-09-17T17:15:00,5.180,38.10,0.000
2025-09-17T17:00:00,5.180,37.30,0.000
2025-09-17T16:45:00,5.190,39.40,0.000
2025-09-17T16:30:00,5.180,37.90,0.000
2025-09-17T16:15:00,5.180,38.80,0.000
2025-09-17T16:00:00,5.180,39.50,0.000
2025-09-17T15:45:00,5.180,37.40,0.000
2025-09-17T15:30:00,5.180,38.00,0.000
2025-09-17T15:15:00,5.180,38.00,0.000
2025-09-17T15:00:00,5.180,35.00,0.000
2025-09-17T14:45:00,5.180,38.90,0.000
2025-09-17T14:30:00,5.180,38.60,0.000
2025-09-17T14:15:00,5.190,36.50,0.000
2025-09-17T14:00:00,5.200,38.30,0.000
2025-09-17T13:45:00,5.190,37.90,0.000
2025-09-17T13:30:00,5.200,38.30,3.000
2025-09-17T13:15:00,5.190,46.90,0.000
2025-09-17T13:00:00,5.200,40.70,0.000
2025-09-17T12:45:00,5.200,38.00,0.000
2025-09-17T12:30:00,5.200,38.70,0.000
2025-09-17T12:15:00,5.210,34.80,0.000
2025-09-17T12:00:00,5.220,38.10,0.000
2025-09-17T11:45:00,5.220,38.40,0.000
2025-09-17T11:30:00,5.220,38.30,0.000
2025-09-17T11:15:00,5.220,37.80,0.000
2025-09-17T11:00:00,5.220,38.20,0.000
2025-09-17T10:45:00,5.220,38.70,0.000
2025-09-17T10:30:00,5.220,38.80,0.000
2025-09-17T10:15:00,5.220,38.00,0.000
2025-09-17T10:00:00,5.230,39.80,0.000
2025-09-17T09:45:00,5.230,39.20,0.000
2025-09-17T09:30:00,5.220,38.30,0.000
2025-09-17T09:15:00,5.220,37.80,0.000
2025-09-17T09:00:00,5.220,39.10,0.000
2025-09-17T08:45:00,5.230,39.00,0.000
2025-09-17T08:30:00,5.220,37.00,0.000
2025-09-17T08:15:00,5.220,39.80,0.000
2025-09-17T08:00:00,5.220,39.90,0.000
2025-09-17T07:45:00,5.220,38.00,0.000
2025-09-17T07:30:00,5.220,37.20,0.000
2025-09-17T07:15:00,5.220,38.00,0.000
2025-09-17T07:00:00,5.230,38.50,0.000
2025-09-17T06:45:00,5.220,38.90,0.000
2025-09-17T06:30:00,5.230,38.60,0.000
2025-09-17T06:15:00,5.240,38.40,0.000
2025-09-17T06:00:00,5.230,38.10,0.000
2025-09-17T05:45:00,5.230,37.90,0.000
2025-09-17T05:30:00,5.240,38.40,0.000
2025-09-17T05:15:00,5.230,39.80,0.000
2025-09-17T05:00:00,5.240,36.10,0.000
2025-09-17T04:45:00,5.230,39.10,0.000
2025-09-17T04:30:00,5.230,38.20,0.000
2025-09-17T04:15:00,5.240,40.20,0.000
2025-09-17T04:00:00,5.230,39.60,0.000
2025-09-17T03:45:00,5.240,38.50,0.000
2025-09-17T03:30:00,5.240,39.30,0.000
2025-09-17T03:15:00,5.240,39.40,0.000
2025-09-17T03:00:00,5.230,36.80,0.000
2025-09-17T02:45:00,5.240,39.30,0.000
2025-09-17T02:30:00,5.240,39.20,0.000
2025-09-17T02:15:00,5.240,39.40,0.000
2025-09-17T02:00:00,5.240,38.00,0.000
2025-09-17T01:45:00,5.240,38.00,0.000
2025-09-17T01:30:00,5.240,37.30,0.000
2025-09-17T01:15:00,5.250,38.60,0.000
2025-09-17T01:00:00,5.250,39.40,0.000
2025-09-17T00:45:00,5.250,37.50,0.000
2025-09-17T00:30:00,5.250,38.40,0.000
2025-09-17T00:15:00,5.240,39.00,0.000
2025-09-17T00:00:00,5.250,40.40,0.000
2025-09-16T23:45:00,5.250,39.30,0.000
2025-09-16T23:30:00,5.250,41.10,0.000
2025-09-16T23:15:00,5.250,41.70,0.000
2025-09-16T23:00:00,5.240,41.40,0.000
2025-09-16T22:45:00,5.250,39.50,0.000
2025-09-16T22:30:00,5.250,41.50,0.000
2025-09-16T22:15:00,5.240,41.00,0.000
2025-09-16T22:00:00,5.250,39.70,0.000
2025-09-16T21:45:00,5.250,38.50,0.000
2025-09-16T21:30:00,5.250,41.60,0.000
2025-09-16T21:15:00,5.250,38.90,0.000
2025-09-16T21:00:00,5.260,41.10,0.000
2025-09-16T20:45:00,5.250,41.30,0.000
2025-09-16T20:30:00,5.240,38.10,0.000
2025-09-16T20:15:00,5.250,39.40,0.000
2025-09-16T20:00:00,5.240,39.70,0.000
2025-09-16T19:45:00,5.250,39.30,0.000
2025-09-16T19:30:00,5.240,40.70,0.000
2025-09-16T19:15:00,5.250,40.10,0.000
2025-09-16T19:00:00,5.260,40.90,0.000
2025-09-16T18:45:00,5.250,39.60,0.000
2025-09-16T18:30:00,5.250,38.20,0.000
2025-09-16T18:15:00,5.260,40.40,0.000
2025-09-16T18:00:00,5.260,38.90,0.000
2025-09-16T17:45:00,5.250,40.10,0.000
2025-09-16T17:30:00,5.260,38.10,0.000
2025-09-16T17:15:00,5.260,40.80,0.000
2025-09-16T17:00:00,5.250,41.50,0.000
2025-09-16T16:45:00,5.260,39.80,0.000
2025-09-16T16:30:00,5.250,40.40,0.000
2025-09-16T16:15:00,5.260,39.00,0.000
2025-09-16T16:00:00,5.260,39.30,0.000
2025-09-16T15:45:00,5.260,40.70,0.000
2025-09-16T15:30:00,5.260,39.80,0.000
2025-09-16T15:15:00,5.270,38.90,0.000
2025-09-16T15:00:00,5.280,40.90,0.000
2025-09-16T14:45:00,5.270,40.40,0.000
2025-09-16T14:30:00,5.270,40.60,0.000
2025-09-16T14:15:00,5.270,40.20,0.000
2025-09-16T14:00:00,5.260,41.40,0.000
2025-09-16T13:45:00,5.270,39.30,0.000
2025-09-16T13:30:00,5.270,40.40,0.000
2025-09-16T13:15:00,5.280,40.10,0.000
2025-09-16T13:00:00,5.280,42.20,0.000
2025-09-16T12:45:00,5.270,42.00,0.000
2025-09-16T12:30:00,5.270,42.10,0.000
2025-09-16T12:15:00,5.270,40.50,0.000
2025-09-16T12:00:00,5.280,39.90,0.000
2025-09-16T11:45:00,5.280,42.30,0.000
2025-09-16T11:30:00,5.270,42.40,0.000
2025-09-16T11:15:00,5.280,42.50,0.000
2025-09-16T11:00:00,5.270,43.00,0.000
2025-09-16T10:45:00,5.280,42.40,0.000
2025-09-16T10:30:00,5.280,40.90,0.000
2025-09-16T10:15:00,5.280,41.10,0.000
2025-09-16T10:00:00,5.280,43.00,0.000
2025-09-16T09:45:00,5.300,41.40,0.000
2025-09-16T09:30:00,5.300,41.80,0.000
2025-09-16T09:15:00,5.290,42.20,0.000
2025-09-16T09:00:00,5.300,40.70,0.000
2025-09-16T08:45:00,5.300,45.00,0.000
2025-09-16T08:30:00,5.310,41.90,0.000
2025-09-16T08:15:00,5.310,44.10,0.000
2025-09-16T08:00:00,5.320,44.60,0.000
2025-09-16T07:45:00,5.310,44.20,0.000
2025-09-16T07:30:00,5.320,42.10,0.000
2025-09-16T07:15:00,5.330,45.00,0.000
2025-09-16T07:00:00,5.320,43.40,0.000
2025-09-16T06:45:00,5.330,44.60,0.000
2025-09-16T06:30:00,5.330,42.70,0.000
2025-09-16T06:15:00,5.340,43.40,0.000
2025-09-16T06:00:00,5.340,45.20,0.000
2025-09-16T05:45:00,5.340,42.80,0.000
2025-09-16T05:30:00,5.330,44.50,0.000
2025-09-16T05:15:00,5.350,43.40,0.000
2025-09-16T05:00:00,5.340,43.50,0.000
2025-09-16T04:45:00,5.340,41.90,0.000
2025-09-16T04:30:00,5.350,44.60,0.000
2025-09-16T04:15:00,5.350,51.10,1.000
2025-09-16T04:00:00,5.350,48.60,0.000
2025-09-16T03:45:00,5.350,45.20,0.000
2025-09-16T03:30:00,5.350,46.50,0.000
2025-09-16T03:15:00,5.350,45.50,0.000
2025-09-16T03:00:00,5.360,42.90,0.000
2025-09-16T02:45:00,5.360,43.10,0.000
2025-09-16T02:30:00,5.360,46.90,0.000
2025-09-16T02:15:00,5.360,45.90,0.000
2025-09-16T02:00:00,5.360,44.80,0.000
2025-09-16T01:45:00,5.380,46.40,0.000
2025-09-16T01:30:00,5.370,46.50,0.000
2025-09-16T01:15:00,5.380,45.90,0.000
2025-09-16T01:00:00,5.370,44.70,0.000
2025-09-16T00:45:00,5.370,46.60,0.000
2025-09-16T00:30:00,5.390,47.50,0.000
2025-09-16T00:15:00,5.380,43.80,0.000
2025-09-16T00:00:00,5.380,47.30,0.000
2025-09-15T23:45:00,5.380,46.70,0.000
2025-09-15T23:30:00,5.390,45.60,0.000
2025-09-15T23:15:00,5.390,45.20,0.000
2025-09-15T23:00:00,5.390,46.00,0.000
2025-09-15T22:45:00,5.390,45.30,0.000
2025-09-15T22:30:00,5.400,45.40,0.000
2025-09-15T22:15:00,5.390,44.30,0.000
2025-09-15T22:00:00,5.400,45.00,0.000
2025-09-15T21:45:00,5.400,45.50,0.000
2025-09-15T21:30:00,5.400,43.30,0.000
2025-09-15T21:15:00,5.410,44.10,0.000
2025-09-15T21:00:00,5.410,46.10,0.000
2025-09-15T20:45:00,5.410,43.80,0.000
2025-09-15T20:30:00,5.420,44.70,0.000
2025-09-15T20:15:00,5.420,47.40,0.000
2025-09-15T20:00:00,5.430,45.10,0.000
2025-09-15T19:45:00,5.430,46.80,0.000
2025-09-15T19:30:00,5.430,46.80,0.000
2025-09-15T19:15:00,5.440,44.20,0.000
2025-09-15T19:00:00,5.430,46.80,0.000
2025-09-15T18:45:00,5.440,45.80,0.000
2025-09-15T18:30:00,5.440,47.10,0.000
2025-09-15T18:15:00,5.450,45.70,0.000
2025-09-15T18:00:00,5.450,47.90,0.000
2025-09-15T17:45:00,5.460,46.60,0.000
2025-09-15T17:30:00,5.450,46.30,0.000
2025-09-15T17:15:00,5.470,45.90,0.000
2025-09-15T17:00:00,5.460,45.40,0.000
2025-09-15T16:45:00,5.470,47.20,0.000
2025-09-15T16:30:00,5.490,49.40,0.000
2025-09-15T16:15:00,5.480,49.80,0.000
2025-09-15T16:00:00,5.480,46.40,0.000
2025-09-15T15:45:00,5.490,50.20,0.000
2025-09-15T15:30:00,5.480,46.60,0.000
2025-09-15T15:15:00,5.480,44.30,0.000
2025-09-15T15:00:00,5.500,47.90,0.000
2025-09-15T14:45:00,5.500,46.60,0.000
2025-09-15T14:30:00,5.510,44.70,0.000
2025-09-15T14:15:00,5.520,48.80,0.000
2025-09-15T14:00:00,5.510,48.30,0.000
2025-09-15T13:45:00,5.520,49.00,0.000
2025-09-15T13:30:00,5.520,47.50,0.000
2025-09-15T13:15:00,5.540,47.00,0.000
2025-09-15T13:00:00,5.540,48.60,0.000
2025-09-15T12:45:00,5.530,49.20,0.000
2025-09-15T12:30:00,5.560,48.10,0.000
2025-09-15T12:15:00,5.550,47.70,0.000
2025-09-15T12:00:00,5.560,48.30,0.000
2025-09-15T11:45:00,5.560,49.60,0.000
2025-09-15T11:30:00,5.560,50.50,0.000
2025-09-15T11:15:00,5.570,51.20,0.000
2025-09-15T11:00:00,5.580,53.70,0.000
2025-09-15T10:45:00,5.580,50.00,0.000
2025-09-15T10:30:00,5.580,51.40,0.000
2025-09-15T10:15:00,5.600,51.70,0.000
2025-09-15T10:00:00,5.590,49.40,0.000
2025-09-15T09:45:00,5.580,52.70,0.000
2025-09-15T09:30:00,5.600,47.90,0.000
2025-09-15T09:15:00,5.610,53.50,0.000
2025-09-15T09:00:00,5.620,52.10,0.000
2025-09-15T08:45:00,5.620,53.00,0.000
2025-09-15T08:30:00,5.630,53.30,0.000
2025-09-15T08:15:00,5.640,54.50,0.000
2025-09-15T08:00:00,5.620,54.40,0.000
2025-09-15T07:45:00,5.640,53.30,0.000
2025-09-15T07:30:00,5.630,54.10,0.000
2025-09-15T07:15:00,5.640,52.80,0.000
2025-09-15T07:00:00,5.650,52.30,0.000
2025-09-15T06:45:00,5.660,58.30,0.000
2025-09-15T06:30:00,5.670,55.40,0.000
2025-09-15T06:15:00,5.660,52.50,0.000
2025-09-15T06:00:00,5.680,55.60,0.000
2025-09-15T05:45:00,5.670,52.90,0.000
2025-09-15T05:30:00,5.680,51.90,0.000
2025-09-15T05:15:00,5.700,50.90,0.000
2025-09-15T05:00:00,5.680,57.00,0.000
2025-09-15T04:45:00,5.690,52.70,0.000
2025-09-15T04:30:00,5.690,55.40,0.000
2025-09-15T04:15:00,5.710,54.70,0.000
2025-09-15T04:00:00,5.700,53.90,0.000
2025-09-15T03:45:00,5.720,55.60,0.000
2025-09-15T03:30:00,5.720,54.40,0.000
2025-09-15T03:15:00,5.730,56.20,0.000
2025-09-15T03:00:00,5.720,53.00,0.000
2025-09-15T02:45:00,5.730,52.80,0.000
2025-09-15T02:30:00,5.740,54.50,0.000
2025-09-15T02:15:00,5.740,54.40,0.000
2025-09-15T02:00:00,5.750,52.40,0.000
2025-09-15T01:45:00,5.760,60.30,0.000
2025-09-15T01:30:00,5.750,57.10,0.000
2025-09-15T01:15:00,5.770,55.00,0.000
2025-09-15T01:00:00,5.750,58.70,0.000
2025-09-15T00:45:00,5.770,57.40,0.000
2025-09-15T00:30:00,5.770,53.80,0.000
2025-09-15T00:15:00,5.790,62.00,0.000
2025-09-15T00:00:00,5.800,56.30,0.000
2025-09-14T23:45:00,5.820,56.20,0.000
2025-09-14T23:30:00,5.800,59.40,0.000
2025-09-14T23:15:00,5.820,57.50,0.000
2025-09-14T23:00:00,5.830,56.80,0.000
2025-09-14T22:45:00,5.820,57.50,0.000
2025-09-14T22:30:00,5.820,57.00,0.000
2025-09-14T22:15:00,5.840,60.70,0.000
2025-09-14T22:00:00,5.840,61.40,0.000
2025-09-14T21:45:00,5.860,59.70,0.000
2025-09-14T21:30:00,5.860,63.00,0.000
2025-09-14T21:15:00,5.860,61.70,0.000
2025-09-14T21:00:00,5.870,60.70,0.000
2025-09-14T20:45:00,5.890,60.80,0.000
2025-09-14T20:30:00,5.860,61.70,0.000
2025-09-14T20:15:00,5.890,67.30,0.000
2025-09-14T20:00:00,5.900,72.20,0.000
2025-09-14T19:45:00,5.890,63.70,0.000
2025-09-14T19:30:00,5.890,66.30,0.000
2025-09-14T19:15:00,5.900,65.10,0.000
2025-09-14T19:00:00,5.890,63.30,0.000
2025-09-14T18:45:00,5.890,68.60,0.000
2025-09-14T18:30:00,5.880,66.80,0.000
2025-09-14T18:15:00,5.900,63.70,0.000
2025-09-14T18:00:00,5.890,63.60,0.000
2025-09-14T17:45:00,5.880,65.10,0.000
2025-09-14T17:30:00,5.870,67.40,0.000
2025-09-14T17:15:00,5.870,66.90,0.000
2025-09-14T17:00:00,5.870,66.90,0.000
2025-09-14T16:45:00,5.840,66.80,0.000
2025-09-14T16:30:00,5.840,68.90,0.000
2025-09-14T16:15:00,5.840,63.00,0.000
2025-09-14T16:00:00,5.830,67.90,0.000
2025-09-14T15:45:00,5.810,69.80,0.000
2025-09-14T15:30:00,5.780,62.90,0.000
2025-09-14T15:15:00,5.770,59.60,0.000
2025-09-14T15:00:00,5.750,66.20,0.000
2025-09-14T14:45:00,5.730,62.10,0.000
2025-09-14T14:30:00,5.670,59.90,0.000
2025-09-14T14:15:00,5.650,57.20,0.000
2025-09-14T14:00:00,5.620,59.30,0.000
2025-09-14T13:45:00,5.600,54.50,0.000
2025-09-14T13:30:00,5.600,51.50,0.000
2025-09-14T13:15:00,5.580,50.10,0.000
2025-09-14T13:00:00,5.580,52.90,0.000
2025-09-14T12:45:00,5.580,51.60,0.000
2025-09-14T12:30:00,5.580,51.30,0.000
2025-09-14T12:15:00,5.580,44.80,0.000
2025-09-14T12:00:00,5.600,51.70,0.000
2025-09-14T11:45:00,5.610,48.80,0.000
2025-09-14T11:30:00,5.610,51.20,0.000
2025-09-14T11:15:00,5.600,50.50,0.000
2025-09-14T11:00:00,5.620,48.30,0.000
2025-09-14T10:45:00,5.610,52.10,0.000
2025-09-14T10:30:00,5.620,50.30,0.000
2025-09-14T10:15:00,5.620,50.20,0.000
2025-09-14T10:00:00,5.640,50.30,0.000
2025-09-14T09:45:00,5.640,52.80,0.000
2025-09-14T09:30:00,5.640,53.40,0.000
2025-09-14T09:15:00,5.650,51.70,0.000
2025-09-14T09:00:00,5.660,52.60,0.000
2025-09-14T08:45:00,5.670,57.10,0.000
2025-09-14T08:30:00,5.670,54.10,0.000
2025-09-14T08:15:00,5.670,52.20,0.000
2025-09-14T08:00:00,5.690,52.60,0.000
2025-09-14T07:45:00,5.680,53.90,0.000
2025-09-14T07:30:00,5.710,54.90,0.000
2025-09-14T07:15:00,5.700,56.30,0.000
2025-09-14T07:00:00,5.710,55.80,0.000
2025-09-14T06:45:00,5.720,55.40,0.000
2025-09-14T06:30:00,5.730,54.90,0.000
2025-09-14T06:15:00,5.720,53.50,0.000
2025-09-14T06:00:00,5.730,55.70,0.000
2025-09-14T05:45:00,5.730,56.30,0.000
2025-09-14T05:30:00,5.740,54.90,0.000
2025-09-14T05:15:00,5.750,57.70,0.000
2025-09-14T05:00:00,5.750,56.20,0.000
2025-09-14T04:45:00,5.760,56.90,0.000
2025-09-14T04:30:00,5.770,59.20,0.000
2025-09-14T04:15:00,5.770,56.70,0.000
2025-09-14T04:00:00,5.780,54.70,0.000
2025-09-14T03:45:00,5.780,55.10,0.000
2025-09-14T03:30:00,5.800,58.00,0.000
2025-09-14T03:15:00,5.810,58.10,0.000
2025-09-14T03:00:00,5.810,57.10,0.000
2025-09-14T02:45:00,5.820,59.30,0.000
2025-09-14T02:30:00,5.820,57.40,0.000
2025-09-14T02:15:00,5.840,58.40,0.000
2025-09-14T02:00:00,5.830,58.00,0.000
2025-09-14T01:45:00,5.840,60.20,0.000
2025-09-14T01:30:00,5.850,58.80,0.000
2025-09-14T01:15:00,5.850,62.70,0.000
2025-09-14T01:00:00,5.860,59.50,0.000
2025-09-14T00:45:00,5.870,61.10,0.000
2025-09-14T00:30:00,5.880,66.80,0.000
2025-09-14T00:15:00,5.880,62.30,0.000
2025-09-14T00:00:00,5.880,62.40,0.000
2025-09-27T23:45:00,5.380,39.20,0.000
2025-09-27T23:30:00,5.390,36.70,0.000
2025-09-27T23:15:00,5.400,38.20,0.000
2025-09-27T23:00:00,5.420,36.40,0.000
2025-09-27T22:45:00,5.440,37.60,0.000
2025-09-27T22:30:00,5.460,40.10,0.000
2025-09-27T22:15:00,5.470,39.60,0.000
2025-09-27T22:00:00,5.490,39.20,0.000
2025-09-27T21:45:00,5.520,39.70,0.000
2025-09-27T21:30:00,5.530,40.20,0.000
2025-09-27T21:15:00,5.570,42.20,0.000
2025-09-27T21:00:00,5.590,43.20,0.000
2025-09-27T20:45:00,5.610,44.60,0.000
2025-09-27T20:30:00,5.640,43.60,0.000
2025-09-27T20:15:00,5.660,43.60,0.000
2025-09-27T20:00:00,5.680,47.10,0.000
2025-09-27T19:45:00,5.690,47.40,0.000
2025-09-27T19:30:00,5.700,47.20,0.000
2025-09-27T19:15:00,5.710,47.00,0.000
2025-09-27T19:00:00,5.720,49.90,0.000
2025-09-27T18:45:00,5.740,50.80,0.000
2025-09-27T18:30:00,5.750,48.00,0.000
2025-09-27T18:15:00,5.770,50.60,0.000
2025-09-27T18:00:00,5.790,50.40,0.000
2025-09-27T17:45:00,5.800,51.90,0.000
2025-09-27T17:30:00,5.800,54.70,0.000
2025-09-27T17:15:00,5.810,50.70,0.000
2025-09-27T17:00:00,5.820,53.30,0.000
2025-09-27T16:45:00,5.810,52.60,0.000
2025-09-27T16:30:00,5.810,50.50,0.000
2025-09-27T16:15:00,5.830,55.10,0.000
2025-09-27T16:00:00,5.830,49.60,0.000
2025-09-27T15:45:00,5.850,52.60,0.000
2025-09-27T15:30:00,5.850,55.10,0.000
2025-09-27T15:15:00,5.850,50.00,0.000
2025-09-27T15:00:00,5.860,55.70,0.000
2025-09-27T14:45:00,5.860,52.90,0.000
2025-09-27T14:30:00,5.870,53.80,0.000
2025-09-27T14:15:00,5.880,55.50,0.000
2025-09-27T14:00:00,5.890,55.60,0.000
2025-09-27T13:45:00,5.900,59.70,0.000
2025-09-27T13:30:00,5.900,54.50,0.000
2025-09-27T13:15:00,5.890,59.60,0.000
2025-09-27T13:00:00,5.900,56.90,0.000
2025-09-27T12:45:00,5.890,57.20,0.000
2025-09-27T12:30:00,5.890,59.50,0.000
2025-09-27T12:15:00,5.890,62.80,0.000
2025-09-27T12:00:00,5.880,62.00,0.000
2025-09-27T11:45:00,5.860,56.50,0.000
2025-09-27T11:30:00,5.860,57.60,0.000
2025-09-27T11:15:00,5.840,54.70,0.000
2025-09-27T11:00:00,5.840,57.40,0.000
2025-09-27T10:45:00,5.810,54.70,0.000
2025-09-27T10:30:00,5.800,54.30,0.000
2025-09-27T10:15:00,5.790,57.50,0.000
2025-09-27T10:00:00,5.770,59.00,0.000
2025-09-27T09:45:00,5.790,58.30,0.000
2025-09-27T09:30:00,5.780,59.40,0.000
2025-09-27T09:15:00,5.770,55.70,0.000
2025-09-27T09:00:00,5.780,58.40,0.000
2025-09-27T08:45:00,5.800,61.20,0.000
2025-09-27T08:30:00,5.770,59.50,0.000
2025-09-27T08:15:00,5.750,62.90,0.000
2025-09-27T08:00:00,5.750,59.10,0.000
2025-09-27T07:45:00,5.730,59.60,0.500
2025-09-27T07:30:00,5.710,60.40,0.000
2025-09-27T07:15:00,5.670,58.80,0.000
2025-09-27T07:00:00,5.630,61.40,0.000
2025-09-27T06:45:00,5.590,61.60,0.000
2025-09-27T06:30:00,5.500,59.50,0.000
2025-09-27T06:15:00,5.440,54.80,0.000
2025-09-27T06:00:00,5.350,54.50,0.500
2025-09-27T05:45:00,5.280,48.40,0.500
2025-09-27T05:30:00,5.210,46.50,0.000
2025-09-27T05:15:00,5.140,43.80,0.500
2025-09-27T05:00:00,5.070,41.40,0.500
2025-09-27T04:45:00,5.000,41.30,1.500
2025-09-27T04:30:00,4.940,38.70,0.500
2025-09-27T04:15:00,4.890,37.00,1.500
2025-09-27T04:00:00,4.830,35.90,1.000
2025-09-27T03:45:00,4.770,33.80,1.000
2025-09-27T03:30:00,4.730,32.10,1.500
2025-09-27T03:15:00,4.690,31.40,3.500
2025-09-27T03:00:00,4.630,28.60,14.000
2025-09-27T02:45:00,4.580,27.10,16.000
2025-09-27T02:30:00,4.520,25.80,10.500
2025-09-27T02:15:00,4.490,24.00,4.000
2025-09-27T02:00:00,4.480,24.40,7.000
2025-09-27T01:45:00,4.440,22.80,12.500
2025-09-27T01:30:00,4.420,21.60,3.500
2025-09-27T01:15:00,4.420,21.70,3.500
2025-09-27T01:00:00,4.400,21.40,2.500
2025-09-27T00:45:00,4.390,20.00,2.500
2025-09-27T00:30:00,4.390,20.80,1.500
2025-09-27T00:15:00,4.390,18.90,0.000
2025-09-27T00:00:00,4.390,18.70,0.000
2025-09-26T23:45:00,4.390,19.00,0.000
2025-09-26T23:30:00,4.380,19.10,0.000
2025-09-26T23:15:00,4.390,18.40,0.000
2025-09-26T23:00:00,4.380,18.60,0.000
2025-09-26T22:45:00,4.390,19.10,0.500
2025-09-26T22:30:00,4.380,18.20,0.000
2025-09-26T22:15:00,4.380,18.70,0.000
2025-09-26T22:00:00,4.380,19.80,0.000
2025-09-26T21:45:00,4.380,19.60,0.500
2025-09-26T21:30:00,4.390,19.80,0.000
2025-09-26T21:15:00,4.380,18.80,0.500
2025-09-26T21:00:00,4.390,19.40,0.000
2025-09-26T20:45:00,4.390,19.30,0.000
2025-09-26T20:30:00,4.390,19.40,0.000
2025-09-26T20:15:00,4.390,20.60,0.500
2025-09-26T20:00:00,4.390,19.80,0.000
2025-09-26T19:45:00,4.390,19.70,0.500
2025-09-26T19:30:00,4.390,19.50,0.500
2025-09-26T19:15:00,4.390,19.20,0.500
2025-09-26T19:00:00,4.390,20.40,0.000
2025-09-26T18:45:00,4.390,17.70,0.000
2025-09-26T18:30:00,4.400,18.70,0.000
2025-09-26T18:15:00,4.400,15.80,0.000
2025-09-26T18:00:00,4.390,18.00,0.000
2025-09-26T17:45:00,4.400,18.40,0.000
2025-09-26T17:30:00,4.400,18.20,0.000
2025-09-26T17:15:00,4.400,18.20,0.000
2025-09-26T17:00:00,4.400,17.60,0.000
2025-09-26T16:45:00,4.400,18.20,0.000
2025-09-26T16:30:00,4.400,17.20,0.000
2025-09-26T16:15:00,4.400,16.80,0.000
2025-09-26T16:00:00,4.410,18.50,0.000
2025-09-26T15:45:00,4.410,18.20,0.000
2025-09-26T15:30:00,4.420,19.00,0.000
2025-09-26T15:15:00,4.420,19.60,0.000
2025-09-26T15:00:00,4.420,19.50,0.000
2025-09-26T14:45:00,4.430,19.30,0.000
2025-09-26T14:30:00,4.430,19.20,0.000
2025-09-26T14:15:00,4.440,19.10,0.000
2025-09-26T14:00:00,4.440,19.80,0.000
2025-09-26T13:45:00,4.440,19.00,0.000
2025-09-26T13:30:00,4.440,19.60,0.000
2025-09-26T13:15:00,4.440,19.40,0.000
2025-09-26T13:00:00,4.440,19.70,0.000
2025-09-26T12:45:00,4.440,20.10,0.000
2025-09-26T12:30:00,4.440,19.90,0.000
2025-09-26T12:15:00,4.440,19.20,0.000
2025-09-26T12:00:00,4.450,20.30,0.000
2025-09-26T11:45:00,4.440,19.80,0.000
2025-09-26T11:30:00,4.450,20.10,0.000
2025-09-26T11:15:00,4.450,19.70,0.000
2025-09-26T11:00:00,4.460,19.80,0.000
2025-09-26T10:45:00,4.460,20.10,0.000
2025-09-26T10:30:00,4.460,20.40,0.000
2025-09-26T10:15:00,4.460,20.60,0.000
2025-09-26T10:00:00,4.470,20.20,0.000
2025-09-26T09:45:00,4.480,20.80,0.000
2025-09-26T09:30:00,4.500,20.60,0.000
2025-09-26T09:15:00,4.490,21.50,0.000
2025-09-26T09:00:00,4.470,20.70,0.000
2025-09-26T08:45:00,4.450,19.70,0.000
2025-09-26T08:30:00,4.450,19.10,0.000
2025-09-26T08:15:00,4.450,19.50,0.000
2025-09-26T08:00:00,4.450,19.70,0.000
2025-09-26T07:45:00,4.450,19.50,0.000
2025-09-26T07:30:00,4.450,19.70,0.000
2025-09-26T07:15:00,4.460,19.80,0.000
2025-09-26T07:00:00,4.460,19.30,0.000
2025-09-26T06:45:00,4.460,20.20,0.000
2025-09-26T06:30:00,4.460,20.10,0.000
2025-09-26T06:15:00,4.460,19.30,0.000
2025-09-26T06:00:00,4.460,19.20,0.000
2025-09-26T05:45:00,4.460,19.40,0.000
2025-09-26T05:30:00,4.470,20.40,0.000
2025-09-26T05:15:00,4.470,19.90,0.000
2025-09-26T05:00:00,4.470,19.60,0.000
2025-09-26T04:45:00,4.470,19.10,0.000
2025-09-26T04:30:00,4.470,20.40,0.000
2025-09-26T04:15:00,4.470,19.70,0.000
2025-09-26T04:00:00,4.460,20.00,0.000
2025-09-26T03:45:00,4.470,19.60,0.000
2025-09-26T03:30:00,4.470,20.00,0.000
2025-09-26T03:15:00,4.470,19.40,0.000
2025-09-26T03:00:00,4.480,20.20,0.000
2025-09-26T02:45:00,4.480,20.20,0.000
2025-09-26T02:30:00,4.480,20.50,0.000
2025-09-26T02:15:00,4.480,20.30,0.000
2025-09-26T02:00:00,4.490,20.40,0.000
2025-09-26T01:45:00,4.490,21.30,0.500
2025-09-26T01:30:00,4.490,20.90,0.000
2025-09-26T01:15:00,4.490,20.80,0.000
2025-09-26T01:00:00,4.490,21.20,0.000
2025-09-26T00:45:00,4.490,20.50,0.000
2025-09-26T00:30:00,4.500,20.00,0.000
2025-09-26T00:15:00,4.510,20.90,0.000
2025-09-26T00:00:00,4.500,20.60,0.000
2025-09-25T23:45:00,4.510,20.90,0.000
2025-09-25T23:30:00,4.510,20.80,0.000
2025-09-25T23:15:00,4.510,20.20,0.000
2025-09-25T23:00:00,4.510,20.90,0.000
2025-09-25T22:45:00,4.510,21.60,0.000
2025-09-25T22:30:00,4.510,20.60,0.000
2025-09-25T22:15:00,4.510,21.40,0.000
2025-09-25T22:00:00,4.510,20.60,0.000
2025-09-25T21:45:00,4.510,22.00,0.500
2025-09-25T21:30:00,4.510,20.20,0.000
2025-09-25T21:15:00,4.510,20.80,0.000
2025-09-25T21:00:00,4.510,20.80,0.000
2025-09-25T20:45:00,4.510,20.60,0.000
2025-09-25T20:30:00,4.510,20.50,0.000
2025-09-25T20:15:00,4.510,20.40,0.000
2025-09-25T20:00:00,4.520,20.90,0.000
2025-09-25T19:45:00,4.520,20.40,0.500
2025-09-25T19:30:00,4.520,21.80,0.000
2025-09-25T19:15:00,4.520,21.30,1.000
2025-09-25T19:00:00,4.530,20.10,1.000
2025-09-25T18:45:00,4.530,20.20,0.000
2025-09-25T18:30:00,4.530,19.80,0.000
2025-09-25T18:15:00,4.530,19.60,0.000
2025-09-25T18:00:00,4.540,20.70,0.000
2025-09-25T17:45:00,4.540,20.30,0.000
2025-09-25T17:30:00,4.540,20.20,0.000
2025-09-25T17:15:00,4.550,20.60,0.000
2025-09-25T17:00:00,4.550,21.30,0.000
2025-09-25T16:45:00,4.550,20.60,0.000
2025-09-25T16:30:00,4.550,20.30,0.000
2025-09-25T16:15:00,4.560,20.80,0.000
2025-09-25T16:00:00,4.570,23.30,2.000
2025-09-25T15:45:00,4.560,22.10,0.500
2025-09-25T15:30:00,4.570,21.20,0.000
2025-09-25T15:15:00,4.570,21.10,0.000
2025-09-25T15:00:00,4.580,21.00,0.000
2025-09-25T14:45:00,4.590,21.50,0.000
2025-09-25T14:30:00,4.600,21.80,0.000
2025-09-25T14:15:00,4.620,22.50,0.000
2025-09-25T14:00:00,4.640,23.00,0.000
2025-09-25T13:45:00,4.660,23.90,0.000
2025-09-25T13:30:00,4.680,25.80,0.000
2025-09-25T13:15:00,4.700,24.70,0.000
2025-09-25T13:00:00,4.720,26.00,0.000
2025-09-25T12:45:00,4.740,27.30,0.000
2025-09-25T12:30:00,4.730,28.50,0.000
2025-09-25T12:15:00,4.740,29.60,0.000
2025-09-25T12:00:00,4.730,28.70,0.000
2025-09-25T11:45:00,4.710,27.30,0.000
2025-09-25T11:30:00,4.690,26.90,0.000
2025-09-25T11:15:00,4.670,26.50,0.000
2025-09-25T11:00:00,4.640,25.10,0.000
2025-09-25T10:45:00,4.630,24.10,0.000
2025-09-25T10:30:00,4.610,22.90,0.000
2025-09-25T10:15:00,4.590,22.50,0.000
2025-09-25T10:00:00,4.590,22.40,0.000
2025-09-25T09:45:00,4.590,20.90,0.000
2025-09-25T09:30:00,4.600,21.70,0.000
2025-09-25T09:15:00,4.600,21.90,0.000
2025-09-25T09:00:00,4.610,21.80,0.000
2025-09-25T08:45:00,4.610,22.10,0.000
2025-09-25T08:30:00,4.610,22.40,0.000
2025-09-25T08:15:00,4.630,22.40,0.000
2025-09-25T08:00:00,4.620,22.60,0.000
2025-09-25T07:45:00,4.630,22.20,0.000
2025-09-25T07:30:00,4.640,21.90,0.000
2025-09-25T07:15:00,4.640,22.40,0.000
2025-09-25T07:00:00,4.640,21.80,0.000
2025-09-25T06:45:00,4.650,21.80,0.000
2025-09-25T06:30:00,4.650,22.10,0.000
2025-09-25T06:15:00,4.660,22.30,0.000
2025-09-25T06:00:00,4.650,22.50,0.000
2025-09-25T05:45:00,4.660,23.10,0.000
2025-09-25T05:30:00,4.660,23.00,0.000
2025-09-25T05:15:00,4.670,22.80,0.000
2025-09-25T05:00:00,4.670,22.70,0.000
2025-09-25T04:45:00,4.670,22.40,0.000
2025-09-25T04:30:00,4.670,23.60,0.000
2025-09-25T04:15:00,4.680,23.00,0.000
2025-09-25T04:00:00,4.680,23.20,0.000
2025-09-25T03:45:00,4.690,23.40,0.000
2025-09-25T03:30:00,4.690,22.60,0.000
2025-09-25T03:15:00,4.690,23.40,0.000
2025-09-25T03:00:00,4.690,23.00,0.000
2025-09-25T02:45:00,4.700,22.90,0.000
2025-09-25T02:30:00,4.700,22.90,0.000
2025-09-25T02:15:00,4.710,23.90,0.000
2025-09-25T02:00:00,4.710,23.20,0.000
2025-09-25T01:45:00,4.710,24.20,0.000
2025-09-25T01:30:00,4.720,23.10,0.000
2025-09-25T01:15:00,4.720,21.70,0.000
2025-09-25T01:00:00,4.720,24.70,0.000
2025-09-25T00:45:00,4.720,23.80,0.000
2025-09-25T00:30:00,4.730,24.60,0.000
2025-09-25T00:15:00,4.730,24.10,0.000
2025-09-25T00:00:00,4.740,23.80,0.000
2025-09-24T23:45:00,4.740,18.50,0.000
2025-09-24T23:30:00,4.740,18.50,0.000
2025-09-24T23:15:00,4.740,23.90,0.000
2025-09-24T23:00:00,4.740,24.80,0.000
2025-09-24T22:45:00,4.740,24.20,0.000
2025-09-24T22:30:00,4.750,23.90,0.000
2025-09-24T22:15:00,4.750,25.00,0.000
2025-09-24T22:00:00,4.750,24.40,0.000
2025-09-24T21:45:00,4.760,24.30,0.000
2025-09-24T21:30:00,4.770,24.90,0.000
2025-09-24T21:15:00,4.770,25.20,0.000
2025-09-24T21:00:00,4.780,25.80,0.000
2025-09-24T20:45:00,4.780,25.10,0.000
2025-09-24T20:30:00,4.790,26.20,0.000
2025-09-24T20:15:00,4.800,25.80,0.000
2025-09-24T20:00:00,4.800,27.00,0.000
2025-09-24T19:45:00,4.820,27.60,0.000
2025-09-24T19:30:00,4.830,27.40,0.000
2025-09-24T19:15:00,4.850,30.00,0.000
2025-09-24T19:00:00,4.870,30.40,0.000
2025-09-24T18:45:00,4.890,30.80,0.000
2025-09-24T18:30:00,4.900,32.20,0.000
2025-09-24T18:15:00,4.910,33.10,0.000
2025-09-24T18:00:00,4.910,32.80,0.000
2025-09-24T17:45:00,4.910,34.20,0.000
2025-09-24T17:30:00,4.890,33.90,0.000
2025-09-24T17:15:00,4.890,32.70,0.000
2025-09-24T17:00:00,4.870,33.30,0.000
2025-09-24T16:45:00,4.860,32.70,0.000
2025-09-24T16:30:00,4.840,31.00,0.500
2025-09-24T16:15:00,4.830,30.90,0.000
2025-09-24T16:00:00,4.820,30.90,0.000
2025-09-24T15:45:00,4.800,30.20,0.000
2025-09-24T15:30:00,4.800,29.30,0.000
2025-09-24T15:15:00,4.780,30.50,0.000
2025-09-24T15:00:00,4.780,28.20,0.000
2025-09-24T14:45:00,4.770,30.40,0.000
2025-09-24T14:30:00,4.770,28.90,0.000
2025-09-24T14:15:00,4.750,28.40,0.000
2025-09-24T14:00:00,4.750,31.00,3.500
2025-09-24T13:45:00,4.740,30.30,0.000
2025-09-24T13:30:00,4.730,29.30,0.000
2025-09-24T13:15:00,4.720,29.30,0.000
2025-09-24T13:00:00,4.700,28.40,0.000
2025-09-24T12:45:00,4.690,28.20,0.000
2025-09-24T12:30:00,4.680,26.70,0.000
2025-09-24T12:15:00,4.660,27.00,0.000
2025-09-24T12:00:00,4.640,27.90,0.000
2025-09-24T11:45:00,4.620,26.20,0.000
2025-09-24T11:30:00,4.610,25.20,0.000
2025-09-24T11:15:00,4.580,23.80,0.000
2025-09-24T11:00:00,4.540,23.20,0.000
2025-09-24T10:45:00,4.520,19.90,0.000
2025-09-24T10:30:00,4.500,20.60,0.000
2025-09-24T10:15:00,4.490,20.30,0.000
2025-09-24T10:00:00,4.490,20.10,0.000
2025-09-24T09:45:00,4.490,20.10,0.000
2025-09-24T09:30:00,4.490,18.80,0.000
2025-09-24T09:15:00,4.500,20.50,0.000
2025-09-24T09:00:00,4.510,19.50,0.000
2025-09-24T08:45:00,4.510,20.70,0.000
2025-09-24T08:30:00,4.520,21.20,0.000
2025-09-24T08:15:00,4.520,21.10,0.000
2025-09-24T08:00:00,4.530,20.80,0.000
2025-09-24T07:45:00,4.530,21.20,0.000
2025-09-24T07:30:00,4.530,21.70,0.000
2025-09-24T07:15:00,4.530,20.90,0.000
2025-09-24T07:00:00,4.530,20.20,0.000
2025-09-24T06:45:00,4.540,21.20,0.000
2025-09-24T06:30:00,4.540,21.80,0.000
2025-09-24T06:15:00,4.550,21.70,0.000
2025-09-24T06:00:00,4.540,21.60,0.000
2025-09-24T05:45:00,4.550,21.40,0.000
2025-09-24T05:30:00,4.550,21.60,0.000
2025-09-24T05:15:00,4.560,21.60,0.000
2025-09-24T05:00:00,4.550,21.30,0.000
2025-09-24T04:45:00,4.560,22.00,0.000
2025-09-24T04:30:00,4.560,21.20,0.000
2025-09-24T04:15:00,4.570,17.00,0.000
2025-09-24T04:00:00,4.570,21.50,0.000
2025-09-24T03:45:00,4.570,22.10,0.000
2025-09-24T03:30:00,4.570,21.50,0.000
2025-09-24T03:15:00,4.580,21.40,0.000
2025-09-24T03:00:00,4.580,21.70,0.000
2025-09-24T02:45:00,4.580,22.00,0.000
2025-09-24T02:30:00,4.590,22.20,0.000
2025-09-24T02:15:00,4.590,21.40,0.000
2025-09-24T02:00:00,4.590,21.90,0.000
2025-09-24T01:45:00,4.590,21.40,0.000
2025-09-24T01:30:00,4.600,22.30,0.000
2025-09-24T01:15:00,4.610,22.50,0.000
2025-09-24T01:00:00,4.600,22.60,0.000
2025-09-24T00:45:00,4.600,21.70,0.000
2025-09-24T00:30:00,4.610,21.60,0.000
2025-09-24T00:15:00,4.610,22.40,0.000
2025-09-24T00:00:00,4.620,22.30,0.000
2025-09-23T23:45:00,4.620,23.10,0.000
2025-09-23T23:30:00,4.620,21.30,0.000
2025-09-23T23:15:00,4.630,22.50,0.000
2025-09-23T23:00:00,4.630,22.30,0.000
2025-09-23T22:45:00,4.630,21.00,0.000
2025-09-23T22:30:00,4.640,18.70,0.000
2025-09-23T22:15:00,4.640,20.70,0.000
2025-09-23T22:00:00,4.650,21.40,0.000
2025-09-23T21:45:00,4.650,22.40,0.000
2025-09-23T21:30:00,4.650,22.50,0.000
2025-09-23T21:15:00,4.660,22.90,0.000
2025-09-23T21:00:00,4.670,22.70,0.000
2025-09-23T20:45:00,4.670,22.70,0.000
2025-09-23T20:30:00,4.680,23.20,0.000
2025-09-23T20:15:00,4.690,23.50,0.000
2025-09-23T20:00:00,4.710,24.00,0.000
2025-09-23T19:45:00,4.720,24.80,0.000
2025-09-23T19:30:00,4.740,24.60,0.000
2025-09-23T19:15:00,4.760,25.70,0.000
2025-09-23T19:00:00,4.790,26.30,0.000
2025-09-23T18:45:00,4.810,27.90,0.000
2025-09-23T18:30:00,4.830,28.20,0.000
2025-09-23T18:15:00,4.850,29.50,0.000
2025-09-23T18:00:00,4.850,30.10,0.000
2025-09-23T17:45:00,4.850,30.40,0.000
2025-09-23T17:30:00,4.860,29.80,0.000
2025-09-23T17:15:00,4.850,32.20,2.000
2025-09-23T17:00:00,4.850,30.60,0.000
2025-09-23T16:45:00,4.850,30.50,0.000
2025-09-23T16:30:00,4.850,29.40,0.000
2025-09-23T16:15:00,4.840,26.70,0.000
2025-09-23T16:00:00,4.840,27.20,0.000
2025-09-23T15:45:00,4.830,30.60,0.000
2025-09-23T15:30:00,4.820,30.00,0.000
2025-09-23T15:15:00,4.820,26.30,0.000
2025-09-23T15:00:00,4.820,27.90,0.000
2025-09-23T14:45:00,4.830,28.80,0.000
2025-09-23T14:30:00,4.820,30.70,0.000
2025-09-23T14:15:00,4.820,29.60,0.000
2025-09-23T14:00:00,4.820,30.30,0.000
2025-09-23T13:45:00,4.830,24.40,0.000
2025-09-23T13:30:00,4.830,25.20,0.000
2025-09-23T13:15:00,4.830,30.40,0.000
2025-09-23T13:00:00,4.820,30.40,0.000
2025-09-23T12:45:00,4.810,31.00,0.000
2025-09-23T12:30:00,4.800,30.20,0.000
2025-09-23T12:15:00,4.800,29.30,0.000
2025-09-23T12:00:00,4.790,30.10,0.000
2025-09-23T11:45:00,4.780,29.30,0.000
2025-09-23T11:30:00,4.750,28.90,0.000
2025-09-23T11:15:00,4.730,29.00,0.000
2025-09-23T11:00:00,4.710,25.80,0.000
2025-09-23T10:45:00,4.680,25.80,0.000
2025-09-23T10:30:00,4.660,25.10,0.000
2025-09-23T10:15:00,4.650,24.70,0.000
2025-09-23T10:00:00,4.640,24.30,0.000
2025-09-23T09:45:00,4.650,23.70,0.000
2025-09-23T09:30:00,4.650,23.90,0.000
2025-09-23T09:15:00,4.650,25.20,0.000
2025-09-23T09:00:00,4.650,23.30,0.000
2025-09-23T08:45:00,4.660,23.60,0.000
2025-09-23T08:30:00,4.660,24.80,0.000
2025-09-23T08:15:00,4.670,24.60,0.000
2025-09-23T08:00:00,4.670,24.20,0.000
2025-09-23T07:45:00,4.670,24.70,0.000
2025-09-23T07:30:00,4.680,24.60,0.000
2025-09-23T07:15:00,4.680,24.50,0.000
2025-09-23T07:00:00,4.680,24.50,0.000
2025-09-23T06:45:00,4.680,25.50,0.000
2025-09-23T06:30:00,4.690,24.90,0.000
2025-09-23T06:15:00,4.690,24.30,0.000
2025-09-23T06:00:00,4.690,24.40,0.000
2025-09-23T05:45:00,4.690,24.70,0.000
2025-09-23T05:30:00,4.700,24.60,0.000
2025-09-23T05:15:00,4.700,25.10,0.000
2025-09-23T05:00:00,4.700,25.20,0.000
2025-09-23T04:45:00,4.700,25.00,0.000
2025-09-23T04:30:00,4.710,23.90,0.000
2025-09-23T04:15:00,4.720,24.20,0.000
2025-09-23T04:00:00,4.720,24.00,0.500
2025-09-23T03:45:00,4.720,24.40,0.000
2025-09-23T03:30:00,4.720,25.00,0.000
2025-09-23T03:15:00,4.720,24.40,0.000
2025-09-23T03:00:00,4.730,24.40,0.000
2025-09-23T02:45:00,4.730,25.60,0.000
2025-09-23T02:30:00,4.730,24.80,0.000
2025-09-23T02:15:00,4.740,25.90,0.000
2025-09-23T02:00:00,4.750,25.20,0.000
2025-09-23T01:45:00,4.750,25.30,0.000
2025-09-23T01:30:00,4.750,26.30,0.000
2025-09-23T01:15:00,4.750,25.40,0.000
2025-09-23T01:00:00,4.760,26.40,0.000
2025-09-23T00:45:00,4.760,25.90,0.000
2025-09-23T00:30:00,4.760,25.40,0.000
2025-09-23T00:15:00,4.760,18.90,0.000
2025-09-23T00:00:00,4.770,24.30,0.000
2025-09-22T23:45:00,4.770,26.70,0.000
2025-09-22T23:30:00,4.770,26.10,0.000
2025-09-22T23:15:00,4.770,25.90,0.000
2025-09-22T23:00:00,4.780,25.60,0.000
2025-09-22T22:45:00,4.780,26.10,0.000
2025-09-22T22:30:00,4.780,25.30,0.000
2025-09-22T22:15:00,4.780,26.50,0.000
2025-09-22T22:00:00,4.790,26.20,0.000
2025-09-22T21:45:00,4.790,26.70,0.500
2025-09-22T21:30:00,4.800,27.40,0.000
2025-09-22T21:15:00,4.800,26.50,0.000
2025-09-22T21:00:00,4.800,26.60,0.000
2025-09-22T20:45:00,4.810,26.60,0.000
2025-09-22T20:30:00,4.820,25.60,0.000
2025-09-22T20:15:00,4.820,26.40,0.000
2025-09-22T20:00:00,4.830,27.70,0.000
2025-09-22T19:45:00,4.850,29.10,0.500
2025-09-22T19:30:00,4.860,30.00,0.000
2025-09-22T19:15:00,4.880,26.50,0.500
2025-09-22T19:00:00,4.890,32.30,0.500
2025-09-22T18:45:00,4.920,33.30,0.000
2025-09-22T18:30:00,4.930,31.20,0.000
2025-09-22T18:15:00,4.950,32.80,0.000
2025-09-22T18:00:00,4.960,33.50,0.000
2025-09-22T17:45:00,4.960,32.90,0.000
2025-09-22T17:30:00,4.970,34.20,0.000
2025-09-22T17:15:00,4.970,33.70,0.000
2025-09-22T17:00:00,4.980,33.10,0.000
2025-09-22T16:45:00,4.970,33.80,0.000
2025-09-22T16:30:00,4.970,32.90,0.000
2025-09-22T16:15:00,4.960,32.00,0.000
2025-09-22T16:00:00,4.960,34.10,0.000
2025-09-22T15:45:00,4.970,33.60,0.000
2025-09-22T15:30:00,4.960,33.70,0.000
2025-09-22T15:15:00,4.970,34.60,0.000
2025-09-22T15:00:00,4.960,34.80,0.000
2025-09-22T14:45:00,4.970,33.50,0.000
2025-09-22T14:30:00,4.960,34.20,0.000
2025-09-22T14:15:00,4.950,35.70,0.000
2025-09-22T14:00:00,4.960,34.80,0.000
2025-09-22T13:45:00,4.950,34.70,0.000
2025-09-22T13:30:00,4.950,36.10,0.000
2025-09-22T13:15:00,4.940,34.50,0.000
2025-09-22T13:00:00,4.940,34.10,0.000
2025-09-22T12:45:00,4.940,33.20,0.000
2025-09-22T12:30:00,4.930,33.90,0.000
2025-09-22T12:15:00,4.920,29.30,0.000
2025-09-22T12:00:00,4.920,34.40,0.000
2025-09-22T11:45:00,4.900,34.40,0.000
2025-09-22T11:30:00,4.880,34.80,0.000
2025-09-22T11:15:00,4.860,32.70,0.000
2025-09-22T11:00:00,4.840,32.40,0.500
2025-09-22T10:45:00,4.820,31.20,0.000
2025-09-22T10:30:00,4.790,30.20,0.000
2025-09-22T10:15:00,4.780,28.80,0.000
2025-09-22T10:00:00,4.770,27.50,0.000
2025-09-22T09:45:00,4.780,28.40,0.000
2025-09-22T09:30:00,4.770,29.00,0.000
2025-09-22T09:15:00,4.790,29.10,0.000
2025-09-22T09:00:00,4.780,28.50,0.000
2025-09-22T08:45:00,4.790,29.80,0.000
2025-09-22T08:30:00,4.790,28.20,0.000
2025-09-22T08:15:00,4.780,28.60,0.000
2025-09-22T08:00:00,4.780,28.30,0.000
2025-09-22T07:45:00,4.790,28.30,0.000
2025-09-22T07:30:00,4.790,29.20,0.000
2025-09-22T07:15:00,4.790,29.10,0.000
2025-09-22T07:00:00,4.790,29.30,0.000
2025-09-22T06:45:00,4.800,28.50,0.000
2025-09-22T06:30:00,4.800,29.50,0.000
2025-09-22T06:15:00,4.800,29.80,0.000
2025-09-22T06:00:00,4.800,29.60,0.000
2025-09-22T05:45:00,4.800,28.80,0.000
2025-09-22T05:30:00,4.800,28.10,0.000
2025-09-22T05:15:00,4.810,30.00,0.000
2025-09-22T05:00:00,4.820,29.60,0.000
2025-09-22T04:45:00,4.820,29.80,0.000
2025-09-22T04:30:00,4.820,31.00,0.000
2025-09-22T04:15:00,4.830,29.40,0.000
2025-09-22T04:00:00,4.830,30.00,0.000
2025-09-22T03:45:00,4.840,30.30,0.000
2025-09-22T03:30:00,4.840,30.00,0.000
2025-09-22T03:15:00,4.840,30.80,0.000
2025-09-22T03:00:00,4.850,31.80,0.000
2025-09-22T02:45:00,4.850,31.60,0.000
2025-09-22T02:30:00,4.850,32.40,0.000
2025-09-22T02:15:00,4.850,31.60,0.000
2025-09-22T02:00:00,4.830,30.80,0.000
2025-09-22T01:45:00,4.830,31.30,0.000
2025-09-22T01:30:00,4.810,30.90,0.000
2025-09-22T01:15:00,4.800,30.80,0.000
2025-09-22T01:00:00,4.780,29.10,0.000
2025-09-22T00:45:00,4.780,29.00,0.000
2025-09-22T00:30:00,4.760,28.40,0.000
2025-09-22T00:15:00,4.760,28.30,0.000
2025-09-22T00:00:00,4.760,27.50,0.000
2025-09-21T23:45:00,4.760,28.00,0.000
2025-09-21T23:30:00,4.760,29.10,0.000
2025-09-21T23:15:00,4.760,28.20,0.000
2025-09-21T23:00:00,4.760,24.80,0.000
2025-09-21T22:45:00,4.770,28.50,0.000
2025-09-21T22:30:00,4.770,29.50,0.500
2025-09-21T22:15:00,4.770,27.20,0.000
2025-09-21T22:00:00,4.780,28.10,0.000
2025-09-21T21:45:00,4.780,28.20,0.500
2025-09-21T21:30:00,4.770,31.20,4.000
2025-09-21T21:15:00,4.770,29.60,16.500
2025-09-21T21:00:00,4.750,29.00,3.500
2025-09-21T20:45:00,4.760,29.90,0.500
2025-09-21T20:30:00,4.770,27.30,0.000
2025-09-21T20:15:00,4.780,27.20,0.000
2025-09-21T20:00:00,4.790,27.90,0.000
2025-09-21T19:45:00,4.810,28.40,0.000
2025-09-21T19:30:00,4.830,28.00,0.000
2025-09-21T19:15:00,4.850,29.30,0.000
2025-09-21T19:00:00,4.870,31.90,0.000
2025-09-21T18:45:00,4.900,30.30,0.000
2025-09-21T18:30:00,4.920,32.10,0.000
2025-09-21T18:15:00,4.940,32.90,0.000
2025-09-21T18:00:00,4.950,34.30,0.000
2025-09-21T17:45:00,4.950,34.80,0.000
2025-09-21T17:30:00,4.950,33.60,0.000
2025-09-21T17:15:00,4.950,34.40,0.000
2025-09-21T17:00:00,4.940,35.00,0.000
2025-09-21T16:45:00,4.950,34.10,0.000
2025-09-21T16:30:00,4.950,34.50,0.000
2025-09-21T16:15:00,4.950,33.30,0.000
2025-09-21T16:00:00,4.950,34.80,0.000
2025-09-21T15:45:00,4.950,34.20,0.000
2025-09-21T15:30:00,4.950,34.10,0.000
2025-09-21T15:15:00,4.950,34.00,0.000
2025-09-21T15:00:00,4.950,34.80,0.000
2025-09-21T14:45:00,4.950,34.00,0.000
2025-09-21T14:30:00,4.950,35.20,0.000
2025-09-21T14:15:00,4.960,33.40,0.000
2025-09-21T14:00:00,4.940,34.60,0.000
2025-09-21T13:45:00,4.960,35.70,0.000
2025-09-21T13:30:00,4.940,34.10,0.000
2025-09-21T13:15:00,4.940,34.60,0.000
2025-09-21T13:00:00,4.940,36.40,0.000
2025-09-21T12:45:00,4.940,33.10,0.000
2025-09-21T12:30:00,4.930,34.60,0.000
2025-09-21T12:15:00,4.930,33.50,0.000
2025-09-21T12:00:00,4.920,34.80,0.000
2025-09-21T11:45:00,4.910,35.30,0.000
2025-09-21T11:30:00,4.900,33.30,0.000
2025-09-21T11:15:00,4.880,33.40,0.000
2025-09-21T11:00:00,4.860,32.80,0.000
2025-09-21T10:45:00,4.850,31.50,0.000
2025-09-21T10:30:00,4.820,30.30,0.000
2025-09-21T10:15:00,4.800,29.60,0.000
2025-09-21T10:00:00,4.790,28.10,0.000
2025-09-21T09:45:00,4.790,29.80,0.000
2025-09-21T09:30:00,4.800,29.10,0.000
2025-09-21T09:15:00,4.800,28.30,0.000
2025-09-21T09:00:00,4.800,29.50,0.000
2025-09-21T08:45:00,4.810,30.10,0.000
2025-09-21T08:30:00,4.820,28.70,0.000
2025-09-21T08:15:00,4.810,29.90,0.000
2025-09-21T08:00:00,4.830,29.40,0.000
2025-09-21T07:45:00,4.830,29.80,0.000
2025-09-21T07:30:00,4.830,27.70,0.000
2025-09-21T07:15:00,4.840,29.90,0.000
2025-09-21T07:00:00,4.840,29.10,0.000
2025-09-21T06:45:00,4.830,28.30,0.000
2025-09-21T06:30:00,4.840,30.10,0.000
2025-09-21T06:15:00,4.840,29.00,0.000
2025-09-21T06:00:00,4.840,29.70,0.000
2025-09-21T05:45:00,4.840,29.70,0.000
2025-09-21T05:30:00,4.840,28.90,0.000
2025-09-21T05:15:00,4.840,30.10,0.000
2025-09-21T05:00:00,4.840,26.20,0.000
2025-09-21T04:45:00,4.840,28.40,0.000
2025-09-21T04:30:00,4.850,27.20,0.000
2025-09-21T04:15:00,4.850,28.80,0.000
2025-09-21T04:00:00,4.850,29.80,0.000
2025-09-21T03:45:00,4.850,29.80,0.000
2025-09-21T03:30:00,4.870,27.70,0.000
2025-09-21T03:15:00,4.870,28.90,0.000
2025-09-21T03:00:00,4.870,29.20,0.000
2025-09-21T02:45:00,4.880,28.10,0.000
2025-09-21T02:30:00,4.880,28.70,0.500
2025-09-21T02:15:00,4.890,28.20,0.000
2025-09-21T02:00:00,4.900,29.80,0.000
2025-09-21T01:45:00,4.900,28.40,0.000
2025-09-21T01:30:00,4.900,29.80,0.000
2025-09-21T01:15:00,4.910,33.40,0.000
2025-09-21T01:00:00,4.920,28.90,0.000
2025-09-21T00:45:00,4.920,29.90,0.000
2025-09-21T00:30:00,4.930,29.60,0.000
2025-09-21T00:15:00,4.930,28.80,0.000
2025-09-21T00:00:00,4.930,29.60,0.000
2025-10-04T23:45:00,4.960,30.70,0.000
2025-10-04T23:30:00,4.970,30.40,0.000
2025-10-04T23:15:00,4.980,31.50,0.000
2025-10-04T23:00:00,4.980,29.80,0.000
2025-10-04T22:45:00,5.000,31.30,0.000
2025-10-04T22:30:00,5.010,31.00,0.000
2025-10-04T22:15:00,5.020,31.00,0.000
2025-10-04T22:00:00,5.020,32.30,0.000
2025-10-04T21:45:00,5.040,31.50,0.000
2025-10-04T21:30:00,5.050,33.50,0.000
2025-10-04T21:15:00,5.070,32.40,0.000
2025-10-04T21:00:00,5.080,32.10,0.000
2025-10-04T20:45:00,5.100,34.50,0.000
2025-10-04T20:30:00,5.120,35.40,0.000
2025-10-04T20:15:00,5.130,35.70,0.000
2025-10-04T20:00:00,5.140,35.30,0.000
2025-10-04T19:45:00,5.150,36.00,0.000
2025-10-04T19:30:00,5.150,36.80,0.000
2025-10-04T19:15:00,5.160,36.80,0.000
2025-10-04T19:00:00,5.150,37.30,0.000
2025-10-04T18:45:00,5.160,37.80,0.000
2025-10-04T18:30:00,5.170,38.20,0.000
2025-10-04T18:15:00,5.170,37.50,0.000
2025-10-04T18:00:00,5.180,35.90,0.000
2025-10-04T17:45:00,5.190,36.70,0.000
2025-10-04T17:30:00,5.180,38.50,0.000
2025-10-04T17:15:00,5.200,36.50,0.000
2025-10-04T17:00:00,5.200,36.70,0.000
2025-10-04T16:45:00,5.200,36.90,0.000
2025-10-04T16:30:00,5.200,35.90,0.000
2025-10-04T16:15:00,5.210,34.80,0.000
2025-10-04T16:00:00,5.220,38.90,0.000
2025-10-04T15:45:00,5.220,35.30,0.000
2025-10-04T15:30:00,5.220,36.80,0.000
2025-10-04T15:15:00,5.230,38.10,0.000
2025-10-04T15:00:00,5.220,37.10,0.000
2025-10-04T14:45:00,5.220,38.30,0.000
2025-10-04T14:30:00,5.220,34.80,0.000
2025-10-04T14:15:00,5.230,37.40,0.000
2025-10-04T14:00:00,5.230,35.70,0.000
2025-10-04T13:45:00,5.230,35.90,0.000
2025-10-04T13:30:00,5.230,36.50,0.000
2025-10-04T13:15:00,5.230,36.80,0.000
2025-10-04T13:00:00,5.230,36.40,0.000
2025-10-04T12:45:00,5.220,36.10,0.000
2025-10-04T12:30:00,5.230,36.60,0.000
2025-10-04T12:15:00,5.230,35.30,0.000
2025-10-04T12:00:00,5.220,38.10,0.000
2025-10-04T11:45:00,5.210,35.70,0.000
2025-10-04T11:30:00,5.200,35.40,0.000
2025-10-04T11:15:00,5.190,36.50,0.000
2025-10-04T11:00:00,5.190,35.50,2.000
2025-10-04T10:45:00,5.170,39.90,5.000
2025-10-04T10:30:00,5.160,32.60,0.000
2025-10-04T10:15:00,5.150,33.20,0.000
2025-10-04T10:00:00,5.150,33.80,0.000
2025-10-04T09:45:00,5.170,32.30,0.000
2025-10-04T09:30:00,5.160,32.40,0.000
2025-10-04T09:15:00,5.170,32.80,0.000
2025-10-04T09:00:00,5.180,32.90,0.000
2025-10-04T08:45:00,5.190,34.10,0.000
2025-10-04T08:30:00,5.190,32.40,0.000
2025-10-04T08:15:00,5.200,33.60,0.000
2025-10-04T08:00:00,5.200,34.80,0.000
2025-10-04T07:45:00,5.210,34.40,0.000
2025-10-04T07:30:00,5.220,36.10,0.000
2025-10-04T07:15:00,5.220,35.70,0.000
2025-10-04T07:00:00,5.230,35.30,0.000
2025-10-04T06:45:00,5.230,35.20,0.000
2025-10-04T06:30:00,5.240,35.80,0.000
2025-10-04T06:15:00,5.250,35.40,0.000
2025-10-04T06:00:00,5.260,38.20,0.000
2025-10-04T05:45:00,5.260,35.90,0.000
2025-10-04T05:30:00,5.270,37.10,0.000
2025-10-04T05:15:00,5.280,38.00,0.000
2025-10-04T05:00:00,5.290,38.80,0.000
2025-10-04T04:45:00,5.290,37.70,0.000
2025-10-04T04:30:00,5.290,36.50,0.000
2025-10-04T04:15:00,5.300,37.90,0.000
2025-10-04T04:00:00,5.300,39.20,0.000
2025-10-04T03:45:00,5.310,37.50,0.000
2025-10-04T03:30:00,5.310,40.40,0.000
2025-10-04T03:15:00,5.320,38.00,0.000
2025-10-04T03:00:00,5.320,41.70,0.000
2025-10-04T02:45:00,5.310,42.00,0.000
2025-10-04T02:30:00,5.330,40.80,0.000
2025-10-04T02:15:00,5.330,39.50,0.000
2025-10-04T02:00:00,5.330,38.50,0.000
2025-10-04T01:45:00,5.320,40.70,0.000
2025-10-04T01:30:00,5.320,41.70,0.000
2025-10-04T01:15:00,5.320,40.10,0.000
2025-10-04T01:00:00,5.310,40.40,0.000
2025-10-04T00:45:00,5.300,40.70,0.000
2025-10-04T00:30:00,5.300,39.50,0.000
2025-10-04T00:15:00,5.290,39.40,0.000
2025-10-04T00:00:00,5.290,38.00,0.000
2025-10-03T23:45:00,5.290,40.10,0.000
2025-10-03T23:30:00,5.280,37.60,0.000
2025-10-03T23:15:00,5.280,36.40,0.000
2025-10-03T23:00:00,5.270,36.80,0.000
2025-10-03T22:45:00,5.260,37.00,0.000
2025-10-03T22:30:00,5.250,36.50,0.000
2025-10-03T22:15:00,5.260,38.60,0.000
2025-10-03T22:00:00,5.260,37.50,0.000
2025-10-03T21:45:00,5.260,36.80,0.000
2025-10-03T21:30:00,5.260,38.60,0.000
2025-10-03T21:15:00,5.250,38.60,0.000
2025-10-03T21:00:00,5.250,37.20,0.000
2025-10-03T20:45:00,5.250,37.40,0.000
2025-10-03T20:30:00,5.260,36.60,0.000
2025-10-03T20:15:00,5.270,37.70,0.000
2025-10-03T20:00:00,5.270,36.90,0.000
2025-10-03T19:45:00,5.280,40.30,0.000
2025-10-03T19:30:00,5.280,40.50,0.500
2025-10-03T19:15:00,5.290,47.30,6.000
2025-10-03T19:00:00,5.290,48.10,8.500
2025-10-03T18:45:00,5.280,45.20,2.000
2025-10-03T18:30:00,5.290,39.90,0.000
2025-10-03T18:15:00,5.300,46.10,0.000
2025-10-03T18:00:00,5.310,40.90,0.000
2025-10-03T17:45:00,5.320,42.70,0.000
2025-10-03T17:30:00,5.320,43.40,0.000
2025-10-03T17:15:00,5.320,42.40,0.000
2025-10-03T17:00:00,5.340,44.50,0.000
2025-10-03T16:45:00,5.340,44.60,0.000
2025-10-03T16:30:00,5.350,42.90,0.000
2025-10-03T16:15:00,5.340,45.10,0.000
2025-10-03T16:00:00,5.350,47.00,0.000
2025-10-03T15:45:00,5.350,48.80,0.000
2025-10-03T15:30:00,5.350,45.50,0.000
2025-10-03T15:15:00,5.350,47.50,0.000
2025-10-03T15:00:00,5.340,45.90,0.000
2025-10-03T14:45:00,5.340,48.70,0.000
2025-10-03T14:30:00,5.340,46.60,0.000
2025-10-03T14:15:00,5.330,45.10,0.000
2025-10-03T14:00:00,5.320,44.40,0.000
2025-10-03T13:45:00,5.330,46.60,0.000
2025-10-03T13:30:00,5.320,45.10,0.000
2025-10-03T13:15:00,5.320,44.80,0.000
2025-10-03T13:00:00,5.310,44.40,0.000
2025-10-03T12:45:00,5.300,45.70,0.000
2025-10-03T12:30:00,5.310,46.30,0.000
2025-10-03T12:15:00,5.290,46.20,0.000
2025-10-03T12:00:00,5.280,45.30,0.000
2025-10-03T11:45:00,5.260,44.70,0.000
2025-10-03T11:30:00,5.230,44.60,0.000
2025-10-03T11:15:00,5.170,44.60,0.000
2025-10-03T11:00:00,5.130,40.50,0.000
2025-10-03T10:45:00,5.070,38.70,0.000
2025-10-03T10:30:00,5.000,35.30,0.500
2025-10-03T10:15:00,4.960,33.60,0.000
2025-10-03T10:00:00,4.930,30.80,0.000
2025-10-03T09:45:00,4.920,28.40,0.000
2025-10-03T09:30:00,4.910,27.70,0.000
2025-10-03T09:15:00,4.910,26.10,0.000
2025-10-03T09:00:00,4.910,27.10,0.000
2025-10-03T08:45:00,4.910,27.10,0.000
2025-10-03T08:30:00,4.910,28.00,0.000
2025-10-03T08:15:00,4.910,27.30,0.000
2025-10-03T08:00:00,4.910,26.90,0.000
2025-10-03T07:45:00,4.910,26.10,0.000
2025-10-03T07:30:00,4.910,27.10,1.000
2025-10-03T07:15:00,4.920,28.50,0.000
2025-10-03T07:00:00,4.920,26.30,0.000
2025-10-03T06:45:00,4.930,27.50,0.000
2025-10-03T06:30:00,4.940,26.30,0.000
2025-10-03T06:15:00,4.940,25.60,0.000
2025-10-03T06:00:00,4.950,27.00,0.000
2025-10-03T05:45:00,4.950,26.10,0.000
2025-10-03T05:30:00,4.950,26.30,0.000
2025-10-03T05:15:00,4.960,27.00,0.000
2025-10-03T05:00:00,4.960,28.30,0.000
2025-10-03T04:45:00,4.960,27.60,0.000
2025-10-03T04:30:00,4.960,26.80,0.000
2025-10-03T04:15:00,4.970,28.20,0.000
2025-10-03T04:00:00,4.970,27.00,0.000
2025-10-03T03:45:00,4.970,27.50,0.000
2025-10-03T03:30:00,4.970,27.70,0.000
2025-10-03T03:15:00,4.970,28.30,0.000
2025-10-03T03:00:00,4.970,27.60,0.000
2025-10-03T02:45:00,4.970,28.00,0.000
2025-10-03T02:30:00,4.980,28.10,0.000
2025-10-03T02:15:00,4.980,28.40,0.000
2025-10-03T02:00:00,4.990,27.90,0.000
2025-10-03T01:45:00,4.990,28.30,0.000
2025-10-03T01:30:00,4.980,27.70,0.000
2025-10-03T01:15:00,4.990,28.60,0.000
2025-10-03T01:00:00,4.990,28.50,0.000
2025-10-03T00:45:00,4.990,27.00,0.000
2025-10-03T00:30:00,5.000,29.50,0.000
2025-10-03T00:15:00,5.000,27.70,0.000
2025-10-03T00:00:00,5.000,29.30,0.000
2025-10-02T23:45:00,5.000,29.30,0.000
2025-10-02T23:30:00,5.010,29.60,0.000
2025-10-02T23:15:00,5.010,28.80,0.000
2025-10-02T23:00:00,5.010,29.90,0.000
2025-10-02T22:45:00,5.010,31.40,0.000
2025-10-02T22:30:00,5.020,29.90,0.000
2025-10-02T22:15:00,5.020,31.00,0.000
2025-10-02T22:00:00,5.020,30.80,0.000
2025-10-02T21:45:00,5.040,28.80,0.000
2025-10-02T21:30:00,5.030,29.80,0.000
2025-10-02T21:15:00,5.040,31.30,0.000
2025-10-02T21:00:00,5.050,32.70,0.000
2025-10-02T20:45:00,5.050,32.90,0.000
2025-10-02T20:30:00,5.060,33.30,0.000
2025-10-02T20:15:00,5.070,34.50,0.000
2025-10-02T20:00:00,5.080,34.30,0.000
2025-10-02T19:45:00,5.080,34.50,0.000
2025-10-02T19:30:00,5.090,36.30,0.000
2025-10-02T19:15:00,5.090,36.60,0.000
2025-10-02T19:00:00,5.090,37.00,0.000
2025-10-02T18:45:00,5.080,36.20,0.000
2025-10-02T18:30:00,5.070,36.70,0.000
2025-10-02T18:15:00,5.030,37.00,0.000
2025-10-02T18:00:00,4.990,33.50,0.000
2025-10-02T17:45:00,4.960,33.70,0.000
2025-10-02T17:30:00,4.910,30.70,0.000
2025-10-02T17:15:00,4.850,28.20,0.000
2025-10-02T17:00:00,4.810,26.50,0.000
2025-10-02T16:45:00,4.800,26.00,0.000
2025-10-02T16:30:00,4.780,24.30,0.000
2025-10-02T16:15:00,4.770,24.00,0.000
2025-10-02T16:00:00,4.760,23.20,0.000
2025-10-02T15:45:00,4.760,23.70,0.000
2025-10-02T15:30:00,4.760,24.10,0.000
2025-10-02T15:15:00,4.750,24.00,0.000
2025-10-02T15:00:00,4.750,24.80,0.000
2025-10-02T14:45:00,4.750,23.30,0.000
2025-10-02T14:30:00,4.740,26.20,0.500
2025-10-02T14:15:00,4.740,25.10,3.000
2025-10-02T14:00:00,4.730,25.70,5.500
2025-10-02T13:45:00,4.710,23.80,1.000
2025-10-02T13:30:00,4.690,24.60,7.000
2025-10-02T13:15:00,4.680,29.40,4.500
2025-10-02T13:00:00,4.670,25.70,0.000
2025-10-02T12:45:00,4.660,23.60,0.000
2025-10-02T12:30:00,4.660,21.30,0.000
2025-10-02T12:15:00,4.660,23.40,0.000
2025-10-02T12:00:00,4.660,22.80,0.000
2025-10-02T11:45:00,4.660,22.80,0.000
2025-10-02T11:30:00,4.660,23.10,0.000
2025-10-02T11:15:00,4.660,23.20,0.000
2025-10-02T11:00:00,4.660,23.10,0.000
2025-10-02T10:45:00,4.660,23.30,0.000
2025-10-02T10:30:00,4.660,24.10,0.000
2025-10-02T10:15:00,4.660,22.40,0.000
2025-10-02T10:00:00,4.660,23.90,0.000
2025-10-02T09:45:00,4.670,23.80,0.000
2025-10-02T09:30:00,4.670,23.80,0.000
2025-10-02T09:15:00,4.670,23.50,0.000
2025-10-02T09:00:00,4.670,24.20,0.000
2025-10-02T08:45:00,4.670,23.60,0.000
2025-10-02T08:30:00,4.680,23.70,0.000
2025-10-02T08:15:00,4.680,24.30,0.000
2025-10-02T08:00:00,4.680,24.30,0.000
2025-10-02T07:45:00,4.690,25.20,0.000
2025-10-02T07:30:00,4.700,25.00,0.000
2025-10-02T07:15:00,4.700,24.90,0.000
2025-10-02T07:00:00,4.700,24.90,0.000
2025-10-02T06:45:00,4.700,25.00,0.000
2025-10-02T06:30:00,4.710,25.10,0.000
2025-10-02T06:15:00,4.710,25.40,0.000
2025-10-02T06:00:00,4.710,25.20,0.000
2025-10-02T05:45:00,4.710,25.00,0.000
2025-10-02T05:30:00,4.710,26.20,0.000
2025-10-02T05:15:00,4.720,26.40,0.000
2025-10-02T05:00:00,4.720,25.80,0.000
2025-10-02T04:45:00,4.730,25.30,0.000
2025-10-02T04:30:00,4.730,24.80,0.000
2025-10-02T04:15:00,4.730,25.60,0.000
2025-10-02T04:00:00,4.730,26.40,0.000
2025-10-02T03:45:00,4.740,26.40,0.000
2025-10-02T03:30:00,4.730,25.10,0.000
2025-10-02T03:15:00,4.740,26.40,0.000
2025-10-02T03:00:00,4.740,25.40,0.000
2025-10-02T02:45:00,4.740,25.30,0.000
2025-10-02T02:30:00,4.740,25.60,0.000
2025-10-02T02:15:00,4.740,24.60,0.000
2025-10-02T02:00:00,4.750,26.20,0.000
2025-10-02T01:45:00,4.750,25.80,0.000
2025-10-02T01:30:00,4.750,27.40,0.000
2025-10-02T01:15:00,4.760,25.80,0.000
2025-10-02T01:00:00,4.760,26.30,0.000
2025-10-02T00:45:00,4.760,25.30,0.000
2025-10-02T00:30:00,4.760,25.40,0.000
2025-10-02T00:15:00,4.760,25.60,0.000
2025-10-02T00:00:00,4.770,26.80,0.000
2025-10-01T23:45:00,4.770,26.00,0.000
2025-10-01T23:30:00,4.770,27.10,0.000
2025-10-01T23:15:00,4.770,25.60,0.000
2025-10-01T23:00:00,4.770,26.00,0.000
2025-10-01T22:45:00,4.780,26.40,0.000
2025-10-01T22:30:00,4.780,26.50,0.000
2025-10-01T22:15:00,4.780,25.80,0.000
2025-10-01T22:00:00,4.780,27.00,0.000
2025-10-01T21:45:00,4.790,27.10,0.000
2025-10-01T21:30:00,4.790,27.90,0.000
2025-10-01T21:15:00,4.790,26.30,0.000
2025-10-01T21:00:00,4.800,27.50,0.000
2025-10-01T20:45:00,4.800,26.60,0.000
2025-10-01T20:30:00,4.800,27.50,0.000
2025-10-01T20:15:00,4.800,27.00,0.000
2025-10-01T20:00:00,4.800,26.70,0.000
2025-10-01T19:45:00,4.810,26.40,0.000
2025-10-01T19:30:00,4.810,26.40,0.000
2025-10-01T19:15:00,4.820,27.70,0.000
2025-10-01T19:00:00,4.820,27.90,0.000
2025-10-01T18:45:00,4.820,27.80,0.000
2025-10-01T18:30:00,4.820,26.90,0.000
2025-10-01T18:15:00,4.830,28.30,0.000
2025-10-01T18:00:00,4.830,28.30,0.000
2025-10-01T17:45:00,4.840,27.60,0.000
2025-10-01T17:30:00,4.840,29.70,0.000
2025-10-01T17:15:00,4.840,28.30,0.000
2025-10-01T17:00:00,4.850,29.30,0.000
2025-10-01T16:45:00,4.850,28.50,0.000
2025-10-01T16:30:00,4.850,29.40,0.000
2025-10-01T16:15:00,4.870,29.20,0.000
2025-10-01T16:00:00,4.860,29.40,0.000
2025-10-01T15:45:00,4.870,29.20,0.000
2025-10-01T15:30:00,4.880,28.70,0.000
2025-10-01T15:15:00,4.880,29.20,0.000
2025-10-01T15:00:00,4.880,29.30,0.000
2025-10-01T14:45:00,4.880,29.40,0.000
2025-10-01T14:30:00,4.890,29.20,0.000
2025-10-01T14:15:00,4.890,28.50,0.000
2025-10-01T14:00:00,4.890,30.90,0.000
2025-10-01T13:45:00,4.900,30.30,0.000
2025-10-01T13:30:00,4.900,29.20,0.000
2025-10-01T13:15:00,4.900,29.70,0.000
2025-10-01T13:00:00,4.910,29.60,0.000
2025-10-01T12:45:00,4.900,30.60,0.000
2025-10-01T12:30:00,4.910,30.00,0.000
2025-10-01T12:15:00,4.910,29.70,0.000
2025-10-01T12:00:00,4.900,30.70,0.000
2025-10-01T11:45:00,4.890,30.30,0.000
2025-10-01T11:30:00,4.890,29.00,0.000
2025-10-01T11:15:00,4.880,27.70,0.000
2025-10-01T11:00:00,4.880,28.60,0.000
2025-10-01T10:45:00,4.890,29.30,0.000
2025-10-01T10:30:00,4.890,29.40,0.000
2025-10-01T10:15:00,4.900,28.10,0.000
2025-10-01T10:00:00,4.900,29.30,0.000
2025-10-01T09:45:00,4.900,30.10,0.000
2025-10-01T09:30:00,4.910,28.60,0.000
2025-10-01T09:15:00,4.910,30.20,0.500
2025-10-01T09:00:00,4.910,33.70,1.500
2025-10-01T08:45:00,4.910,33.00,2.000
2025-10-01T08:30:00,4.910,32.50,0.000
2025-10-01T08:15:00,4.910,28.80,0.000
2025-10-01T08:00:00,4.910,29.40,0.000
2025-10-01T07:45:00,4.920,29.50,0.000
2025-10-01T07:30:00,4.920,29.40,0.000
2025-10-01T07:15:00,4.920,30.80,0.000
2025-10-01T07:00:00,4.930,29.10,0.000
2025-10-01T06:45:00,4.940,29.90,0.000
2025-10-01T06:30:00,4.940,30.00,0.000
2025-10-01T06:15:00,4.940,29.50,0.000
2025-10-01T06:00:00,4.940,29.90,0.000
2025-10-01T05:45:00,4.950,30.90,0.000
2025-10-01T05:30:00,4.950,29.60,0.000
2025-10-01T05:15:00,4.960,28.00,0.000
2025-10-01T05:00:00,4.960,31.10,0.000
2025-10-01T04:45:00,4.960,29.90,0.000
2025-10-01T04:30:00,4.970,31.70,0.000
2025-10-01T04:15:00,4.970,30.40,0.000
2025-10-01T04:00:00,4.970,30.90,0.000
2025-10-01T03:45:00,4.980,30.00,0.000
2025-10-01T03:30:00,4.980,30.00,0.000
2025-10-01T03:15:00,4.980,31.70,0.000
2025-10-01T03:00:00,4.980,31.50,0.000
2025-10-01T02:45:00,4.990,31.50,0.000
2025-10-01T02:30:00,4.990,32.10,0.000
2025-10-01T02:15:00,4.990,30.60,0.000
2025-10-01T02:00:00,4.990,31.30,0.000
2025-10-01T01:45:00,5.000,32.40,0.000
2025-10-01T01:30:00,5.000,31.20,0.000
2025-10-01T01:15:00,5.000,31.80,0.000
2025-10-01T01:00:00,5.000,32.50,0.000
2025-10-01T00:45:00,5.010,32.60,0.000
2025-10-01T00:30:00,5.010,32.40,0.000
2025-10-01T00:15:00,5.020,31.20,0.000
2025-10-01T00:00:00,5.020,31.80,0.000
2025-09-30T23:45:00,5.020,32.80,0.000
2025-09-30T23:30:00,5.030,33.10,0.000
2025-09-30T23:15:00,5.030,32.80,0.000
2025-09-30T23:00:00,5.030,33.00,0.000
2025-09-30T22:45:00,5.030,33.60,0.000
2025-09-30T22:30:00,5.030,33.70,0.000
2025-09-30T22:15:00,5.050,34.40,0.000
2025-09-30T22:00:00,5.050,35.00,0.000
2025-09-30T21:45:00,5.050,34.70,0.000
2025-09-30T21:30:00,5.050,34.20,0.000
2025-09-30T21:15:00,5.050,33.90,0.000
2025-09-30T21:00:00,5.060,34.60,0.000
2025-09-30T20:45:00,5.050,35.20,0.000
2025-09-30T20:30:00,5.050,34.40,0.000
2025-09-30T20:15:00,5.050,36.00,0.000
2025-09-30T20:00:00,5.050,36.30,0.000
2025-09-30T19:45:00,5.040,36.10,0.000
2025-09-30T19:30:00,5.040,35.30,0.000
2025-09-30T19:15:00,5.020,35.50,0.000
2025-09-30T19:00:00,5.010,34.00,0.000
2025-09-30T18:45:00,5.000,33.10,0.000
2025-09-30T18:30:00,4.980,31.90,0.000
2025-09-30T18:15:00,4.980,32.80,0.000
2025-09-30T18:00:00,4.960,32.90,0.000
2025-09-30T17:45:00,4.960,31.40,0.000
2025-09-30T17:30:00,4.940,31.90,0.000
2025-09-30T17:15:00,4.940,30.70,0.000
2025-09-30T17:00:00,4.930,32.60,0.000
2025-09-30T16:45:00,4.920,30.10,0.000
2025-09-30T16:30:00,4.920,31.00,0.000
2025-09-30T16:15:00,4.910,31.10,0.000
2025-09-30T16:00:00,4.900,29.30,0.500
2025-09-30T15:45:00,4.890,30.70,0.000
2025-09-30T15:30:00,4.890,32.40,1.500
2025-09-30T15:15:00,4.880,30.10,11.500
2025-09-30T15:00:00,4.860,24.80,0.000
2025-09-30T14:45:00,4.860,28.70,0.000
2025-09-30T14:30:00,4.870,29.30,0.000
2025-09-30T14:15:00,4.870,27.30,0.000
2025-09-30T14:00:00,4.870,29.20,0.000
2025-09-30T13:45:00,4.870,29.10,0.000
2025-09-30T13:30:00,4.880,28.50,0.000
2025-09-30T13:15:00,4.870,28.90,0.000
2025-09-30T13:00:00,4.870,29.20,0.000
2025-09-30T12:45:00,4.880,29.20,0.000
2025-09-30T12:30:00,4.880,25.90,0.000
2025-09-30T12:15:00,4.870,28.80,0.000
2025-09-30T12:00:00,4.870,28.60,0.000
2025-09-30T11:45:00,4.880,28.30,0.000
2025-09-30T11:30:00,4.880,25.60,0.000
2025-09-30T11:15:00,4.880,29.70,0.000
2025-09-30T11:00:00,4.880,29.70,0.000
2025-09-30T10:45:00,4.890,29.80,0.000
2025-09-30T10:30:00,4.880,28.30,0.000
2025-09-30T10:15:00,4.890,29.20,0.000
2025-09-30T10:00:00,4.890,27.20,0.000
2025-09-30T09:45:00,4.890,27.80,0.000
2025-09-30T09:30:00,4.900,26.10,0.000
2025-09-30T09:15:00,4.900,28.60,0.000
2025-09-30T09:00:00,4.910,30.30,0.000
2025-09-30T08:45:00,4.910,29.30,0.000
2025-09-30T08:30:00,4.910,29.90,0.000
2025-09-30T08:15:00,4.920,29.80,0.000
2025-09-30T08:00:00,4.920,29.60,0.000
2025-09-30T07:45:00,4.920,29.90,0.000
2025-09-30T07:30:00,4.920,30.60,0.000
2025-09-30T07:15:00,4.930,30.10,0.000
2025-09-30T07:00:00,4.930,30.00,0.000
2025-09-30T06:45:00,4.930,30.50,0.000
2025-09-30T06:30:00,4.940,30.60,0.000
2025-09-30T06:15:00,4.940,30.80,0.000
2025-09-30T06:00:00,4.950,29.30,0.000
2025-09-30T05:45:00,4.940,29.70,0.000
2025-09-30T05:30:00,4.950,30.50,0.000
2025-09-30T05:15:00,4.960,30.10,0.000
2025-09-30T05:00:00,4.960,30.30,0.000
2025-09-30T04:45:00,4.970,29.40,0.000
2025-09-30T04:30:00,4.960,29.10,0.000
2025-09-30T04:15:00,4.970,30.00,0.000
2025-09-30T04:00:00,4.980,30.10,0.000
2025-09-30T03:45:00,4.980,30.50,0.000
2025-09-30T03:30:00,4.980,30.40,0.000
2025-09-30T03:15:00,5.000,31.70,0.000
2025-09-30T03:00:00,5.000,29.20,0.000
2025-09-30T02:45:00,5.010,31.30,0.000
2025-09-30T02:30:00,5.010,31.00,0.000
2025-09-30T02:15:00,5.020,32.60,0.000
2025-09-30T02:00:00,5.020,30.30,0.000
2025-09-30T01:45:00,5.020,31.30,0.000
2025-09-30T01:30:00,5.030,29.90,0.000
2025-09-30T01:15:00,5.040,30.60,0.000
2025-09-30T01:00:00,5.040,31.00,0.000
2025-09-30T00:45:00,5.050,32.20,0.000
2025-09-30T00:30:00,5.050,31.90,0.000
2025-09-30T00:15:00,5.050,32.00,0.000
2025-09-30T00:00:00,5.060,31.80,0.000
2025-09-29T23:45:00,5.060,31.80,0.000
2025-09-29T23:30:00,5.070,32.90,0.000
2025-09-29T23:15:00,5.080,32.10,0.500
2025-09-29T23:00:00,5.080,35.90,0.000
2025-09-29T22:45:00,5.090,33.00,0.000
2025-09-29T22:30:00,5.100,33.50,0.000
2025-09-29T22:15:00,5.090,33.50,0.000
2025-09-29T22:00:00,5.100,33.30,0.000
2025-09-29T21:45:00,5.090,33.60,0.000
2025-09-29T21:30:00,5.090,31.60,0.000
2025-09-29T21:15:00,5.080,33.10,0.000
2025-09-29T21:00:00,5.080,31.30,0.000
2025-09-29T20:45:00,5.080,31.20,0.000
2025-09-29T20:30:00,5.090,30.30,0.000
2025-09-29T20:15:00,5.100,29.90,0.000
2025-09-29T20:00:00,5.100,32.20,0.000
2025-09-29T19:45:00,5.100,30.50,0.000
2025-09-29T19:30:00,5.110,30.60,0.000
2025-09-29T19:15:00,5.120,32.30,0.000
2025-09-29T19:00:00,5.130,31.10,0.000
2025-09-29T18:45:00,5.130,32.80,0.000
2025-09-29T18:30:00,5.140,32.30,0.000
2025-09-29T18:15:00,5.150,32.10,0.000
2025-09-29T18:00:00,5.160,33.60,0.000
2025-09-29T17:45:00,5.160,31.50,0.000
2025-09-29T17:30:00,5.170,30.20,0.000
2025-09-29T17:15:00,5.180,32.50,0.000
2025-09-29T17:00:00,5.190,32.60,0.000
2025-09-29T16:45:00,5.190,31.60,0.000
2025-09-29T16:30:00,5.210,33.90,0.000
2025-09-29T16:15:00,5.220,32.50,0.000
2025-09-29T16:00:00,5.220,33.30,0.000
2025-09-29T15:45:00,5.230,32.60,0.000
2025-09-29T15:30:00,5.230,36.50,0.000
2025-09-29T15:15:00,5.240,36.00,0.000
2025-09-29T15:00:00,5.250,33.30,0.000
2025-09-29T14:45:00,5.250,36.20,0.000
2025-09-29T14:30:00,5.260,35.40,0.000
2025-09-29T14:15:00,5.260,35.10,0.000
2025-09-29T14:00:00,5.260,34.20,0.000
2025-09-29T13:45:00,5.280,34.20,0.000
2025-09-29T13:30:00,5.280,36.70,0.000
2025-09-29T13:15:00,5.280,33.70,0.000
2025-09-29T13:00:00,5.290,34.90,0.000
2025-09-29T12:45:00,5.300,34.80,0.000
2025-09-29T12:30:00,5.300,37.00,0.000
2025-09-29T12:15:00,5.300,36.30,0.000
2025-09-29T12:00:00,5.310,37.50,0.000
2025-09-29T11:45:00,5.320,37.80,0.000
2025-09-29T11:30:00,5.310,40.00,0.000
2025-09-29T11:15:00,5.310,36.60,0.000
2025-09-29T11:00:00,5.310,35.20,0.000
2025-09-29T10:45:00,5.320,36.40,0.000
2025-09-29T10:30:00,5.320,38.10,0.000
2025-09-29T10:15:00,5.320,37.90,0.000
2025-09-29T10:00:00,5.330,38.20,0.000
2025-09-29T09:45:00,5.320,36.30,0.000
2025-09-29T09:30:00,5.340,36.20,0.000
2025-09-29T09:15:00,5.340,38.50,0.000
2025-09-29T09:00:00,5.340,35.10,0.000
2025-09-29T08:45:00,5.340,38.30,0.000
2025-09-29T08:30:00,5.340,40.90,0.000
2025-09-29T08:15:00,5.340,39.20,0.000
2025-09-29T08:00:00,5.350,39.30,0.000
2025-09-29T07:45:00,5.340,37.90,0.000
2025-09-29T07:30:00,5.340,39.60,0.000
2025-09-29T07:15:00,5.340,38.00,0.000
2025-09-29T07:00:00,5.330,42.90,0.000
2025-09-29T06:45:00,5.320,37.60,0.000
2025-09-29T06:30:00,5.320,38.30,0.000
2025-09-29T06:15:00,5.300,40.20,0.000
2025-09-29T06:00:00,5.290,38.50,0.000
2025-09-29T05:45:00,5.290,40.90,0.000
2025-09-29T05:30:00,5.280,39.40,0.000
2025-09-29T05:15:00,5.260,37.40,0.000
2025-09-29T05:00:00,5.240,38.80,0.000
2025-09-29T04:45:00,5.220,38.20,0.000
2025-09-29T04:30:00,5.200,38.50,0.000
2025-09-29T04:15:00,5.160,35.30,0.000
2025-09-29T04:00:00,5.130,36.20,1.000
2025-09-29T03:45:00,5.110,42.30,6.500
2025-09-29T03:30:00,5.070,38.60,10.000
2025-09-29T03:15:00,5.030,37.90,27.500
2025-09-29T03:00:00,4.960,31.60,39.000
2025-09-29T02:45:00,4.880,28.80,14.500
2025-09-29T02:30:00,4.860,31.10,2.000
2025-09-29T02:15:00,4.870,27.00,0.000
2025-09-29T02:00:00,4.880,25.80,0.500
2025-09-29T01:45:00,4.880,25.70,0.000
2025-09-29T01:30:00,4.880,26.10,0.000
2025-09-29T01:15:00,4.890,27.50,0.000
2025-09-29T01:00:00,4.890,26.80,0.000
2025-09-29T00:45:00,4.900,27.50,0.500
2025-09-29T00:30:00,4.910,29.20,0.000
2025-09-29T00:15:00,4.910,27.50,0.000
2025-09-29T00:00:00,4.920,28.00,0.000
2025-09-28T23:45:00,4.930,27.90,0.000
2025-09-28T23:30:00,4.940,28.30,0.000
2025-09-28T23:15:00,4.950,26.80,0.000
2025-09-28T23:00:00,4.950,28.50,0.000
2025-09-28T22:45:00,4.960,28.80,0.000
2025-09-28T22:30:00,4.980,28.10,0.000
2025-09-28T22:15:00,4.990,29.40,0.000
2025-09-28T22:00:00,5.000,29.40,0.000
2025-09-28T21:45:00,5.020,29.90,0.000
2025-09-28T21:30:00,5.030,30.30,0.000
2025-09-28T21:15:00,5.050,31.10,0.000
2025-09-28T21:00:00,5.070,32.50,0.000
2025-09-28T20:45:00,5.100,32.30,0.000
2025-09-28T20:30:00,5.120,33.20,0.000
2025-09-28T20:15:00,5.130,36.00,0.000
2025-09-28T20:00:00,5.150,34.60,0.000
2025-09-28T19:45:00,5.150,36.30,0.000
2025-09-28T19:30:00,5.160,38.20,0.000
2025-09-28T19:15:00,5.160,17.00,0.000
2025-09-28T19:00:00,5.160,34.40,0.000
2025-09-28T18:45:00,5.160,37.10,0.000
2025-09-28T18:30:00,5.160,35.80,0.000
2025-09-28T18:15:00,5.160,37.00,0.000
2025-09-28T18:00:00,5.150,38.20,0.000
2025-09-28T17:45:00,5.150,37.30,0.000
2025-09-28T17:30:00,5.140,38.10,0.000
2025-09-28T17:15:00,5.140,36.30,0.000
2025-09-28T17:00:00,5.150,37.60,0.000
2025-09-28T16:45:00,5.140,35.30,0.000
2025-09-28T16:30:00,5.140,36.90,0.000
2025-09-28T16:15:00,5.140,37.30,0.000
2025-09-28T16:00:00,5.140,36.90,0.000
2025-09-28T15:45:00,5.130,34.90,0.000
2025-09-28T15:30:00,5.130,35.80,0.000
2025-09-28T15:15:00,5.140,35.20,0.000
2025-09-28T15:00:00,5.130,35.40,0.000
2025-09-28T14:45:00,5.130,36.70,0.000
2025-09-28T14:30:00,5.130,34.90,0.000
2025-09-28T14:15:00,5.130,36.50,0.000
2025-09-28T14:00:00,5.130,38.00,0.000
2025-09-28T13:45:00,5.120,36.20,0.000
2025-09-28T13:30:00,5.120,36.00,0.000
2025-09-28T13:15:00,5.130,36.40,0.000
2025-09-28T13:00:00,5.130,36.70,0.000
2025-09-28T12:45:00,5.120,35.80,0.000
2025-09-28T12:30:00,5.130,36.70,0.000
2025-09-28T12:15:00,5.110,36.30,0.000
2025-09-28T12:00:00,5.100,36.20,0.000
2025-09-28T11:45:00,5.090,36.60,0.000
2025-09-28T11:30:00,5.080,34.70,0.000
2025-09-28T11:15:00,5.070,32.90,0.000
2025-09-28T11:00:00,5.050,34.30,0.000
2025-09-28T10:45:00,5.040,31.90,0.000
2025-09-28T10:30:00,5.030,30.30,0.000
2025-09-28T10:15:00,5.010,29.80,0.000
2025-09-28T10:00:00,5.010,29.70,0.000
2025-09-28T09:45:00,5.010,29.70,0.000
2025-09-28T09:30:00,5.020,30.00,0.000
2025-09-28T09:15:00,5.040,28.60,0.000
2025-09-28T09:00:00,5.040,31.60,0.000
2025-09-28T08:45:00,5.050,30.90,0.000
2025-09-28T08:30:00,5.060,30.80,0.000
2025-09-28T08:15:00,5.080,30.80,0.000
2025-09-28T08:00:00,5.090,32.80,0.000
2025-09-28T07:45:00,5.090,30.80,0.000
2025-09-28T07:30:00,5.110,32.30,0.000
2025-09-28T07:15:00,5.110,33.50,0.000
2025-09-28T07:00:00,5.130,33.40,0.000
2025-09-28T06:45:00,5.130,33.50,0.000
2025-09-28T06:30:00,5.140,33.70,0.000
2025-09-28T06:15:00,5.150,33.40,0.000
2025-09-28T06:00:00,5.160,32.60,0.000
2025-09-28T05:45:00,5.170,33.50,0.000
2025-09-28T05:30:00,5.170,34.10,0.000
2025-09-28T05:15:00,5.180,32.60,0.000
2025-09-28T05:00:00,5.200,33.10,0.000
2025-09-28T04:45:00,5.190,34.30,0.000
2025-09-28T04:30:00,5.200,36.60,0.000
2025-09-28T04:15:00,5.220,35.90,0.000
2025-09-28T04:00:00,5.230,34.50,0.000
2025-09-28T03:45:00,5.240,35.60,0.000
2025-09-28T03:30:00,5.250,35.20,0.000
2025-09-28T03:15:00,5.260,35.30,0.000
2025-09-28T03:00:00,5.270,35.00,0.000
2025-09-28T02:45:00,5.280,35.30,0.000
2025-09-28T02:30:00,5.280,34.10,0.000
2025-09-28T02:15:00,5.300,36.30,0.000
2025-09-28T02:00:00,5.310,34.50,0.000
2025-09-28T01:45:00,5.310,30.40,0.000
2025-09-28T01:30:00,5.330,30.30,0.000
2025-09-28T01:15:00,5.330,38.90,0.000
2025-09-28T01:00:00,5.340,35.90,0.000
2025-09-28T00:45:00,5.340,37.80,0.000
2025-09-28T00:30:00,5.360,37.40,0.000
2025-09-28T00:15:00,5.360,36.50,0.000
2025-09-28T00:00:00,5.380,39.30,0.000
