datetime,level_msl_m,q_cms,rain_mm
2024-06-03T04:00:00,4.387,-,0.000
2024-06-03T03:45:00,4.388,-,0.000
2024-06-03T03:30:00,4.389,-,0.000
2024-06-03T03:15:00,4.389,-,0.000
2024-06-03T03:00:00,4.390,-,0.000
2024-06-03T02:45:00,4.391,-,0.000
2024-06-03T02:30:00,4.391,-,0.000
2024-06-03T02:15:00,4.391,-,0.000
2024-06-03T02:00:00,4.392,-,0.000
2024-06-03T01:45:00,4.392,-,0.000
2024-06-03T01:30:00,4.392,-,0.000
2024-06-03T01:15:00,4.392,-,0.000
2024-06-03T01:00:00,4.392,-,0.000
2024-06-03T00:45:00,4.392,-,0.000
2024-06-03T00:30:00,4.392,-,0.000
2024-06-03T00:15:00,4.391,-,0.000
2024-06-03T00:00:00,4.390,-,0.000
2024-06-02T23:45:00,4.388,-,0.000
2024-06-02T23:30:00,4.387,-,0.000
2024-06-02T23:15:00,4.385,-,0.000
2024-06-02T23:00:00,4.382,-,0.000
2024-06-02T22:45:00,4.380,-,0.000
2024-06-02T22:30:00,4.377,-,0.000
2024-06-02T22:15:00,4.373,-,0.000
2024-06-02T22:00:00,4.369,-,0.000
2024-06-02T21:45:00,4.365,-,0.000
2024-06-02T21:30:00,4.360,-,0.000
2024-06-02T21:15:00,4.355,-,0.000
2024-06-02T21:00:00,4.349,-,0.000
2024-06-02T20:45:00,4.343,-,0.000
2024-06-02T20:30:00,4.337,-,0.000
2024-06-02T20:15:00,4.332,-,0.000
2024-06-02T20:00:00,4.326,-,0.000
2024-06-02T19:45:00,4.320,-,0.000
2024-06-02T19:30:00,4.315,-,0.000
2024-06-02T19:15:00,4.309,-,0.000
2024-06-02T19:00:00,4.304,-,0.000
2024-06-02T18:45:00,4.298,-,0.000
2024-06-02T18:30:00,4.291,-,0.000
2024-06-02T18:15:00,4.286,-,0.000
2024-06-02T18:00:00,4.281,-,0.000
2024-06-02T17:45:00,4.274,-,0.000
2024-06-02T17:30:00,4.268,-,0.000
2024-06-02T17:15:00,4.263,-,0.000
2024-06-02T17:00:00,4.257,-,0.000
2024-06-02T16:45:00,4.251,-,0.000
2024-06-02T16:30:00,4.245,-,0.000
2024-06-02T16:15:00,4.239,-,0.000
2024-06-02T16:00:00,4.231,-,0.000
2024-06-02T15:45:00,4.225,-,0.000
2024-06-02T15:30:00,4.219,-,0.000
2024-06-02T15:15:00,4.214,-,0.000
2024-06-02T15:00:00,4.209,-,0.000
2024-06-02T14:45:00,4.203,-,0.000
2024-06-02T14:30:00,4.196,-,0.000
2024-06-02T14:15:00,4.191,-,0.000
2024-06-02T14:00:00,4.184,-,0.000
2024-06-02T13:45:00,4.181,-,0.000
2024-06-02T13:30:00,4.177,-,0.000
2024-06-02T13:15:00,4.174,-,0.000
2024-06-02T13:00:00,4.173,-,0.000
2024-06-02T12:45:00,4.171,-,0.000
2024-06-02T12:30:00,4.171,-,0.000
2024-06-02T12:15:00,4.171,-,0.000
2024-06-02T12:00:00,4.171,-,0.000
2024-06-02T11:45:00,4.172,-,0.000
2024-06-02T11:30:00,4.172,-,0.000
2024-06-02T11:15:00,4.171,-,0.000
2024-06-02T11:00:00,4.172,-,0.000
2024-06-02T10:45:00,4.172,-,0.000
2024-06-02T10:30:00,4.172,-,0.000
2024-06-02T10:15:00,4.172,-,0.000
2024-06-02T10:00:00,4.173,-,0.000
2024-06-02T09:45:00,4.172,-,0.000
2024-06-02T09:30:00,4.172,-,0.000
2024-06-02T09:15:00,4.173,-,0.000
2024-06-02T09:00:00,4.173,-,0.000
2024-06-02T08:45:00,4.172,-,0.000
2024-06-02T08:30:00,4.173,-,0.000
2024-06-02T08:15:00,4.173,-,0.000
2024-06-02T08:00:00,4.173,-,0.000
2024-06-02T07:45:00,4.173,-,0.000
2024-06-02T07:30:00,4.173,-,0.000
2024-06-02T07:15:00,4.173,-,0.000
2024-06-02T07:00:00,4.173,-,0.000
2024-06-02T06:45:00,4.173,-,0.000
2024-06-02T06:30:00,4.173,-,0.000
2024-06-02T06:15:00,4.172,-,0.000
2024-06-02T06:00:00,4.172,-,0.000
2024-06-02T05:45:00,4.172,-,0.000
2024-06-02T05:30:00,4.172,-,0.000
2024-06-02T05:15:00,4.172,-,0.000
2024-06-02T05:00:00,4.172,-,0.000
2024-06-02T04:45:00,4.172,-,0.000
2024-06-02T04:30:00,4.172,-,0.000
2024-06-02T04:15:00,4.172,-,0.000
2024-06-02T04:00:00,4.171,-,0.500
2024-06-02T03:45:00,4.171,-,0.000
2024-06-02T03:30:00,4.170,-,0.000
2024-06-02T03:15:00,4.170,-,0.000
2024-06-02T03:00:00,4.170,-,0.000
2024-06-02T02:45:00,4.170,-,0.000
2024-06-02T02:30:00,4.169,-,0.000
2024-06-02T02:15:00,4.169,-,0.000
2024-06-02T02:00:00,4.168,-,0.000
2024-06-02T01:45:00,4.167,-,0.000
2024-06-02T01:30:00,4.166,-,0.000
2024-06-02T01:15:00,4.166,-,0.000
2024-06-02T01:00:00,4.165,-,0.000
2024-06-02T00:45:00,4.164,-,0.000
2024-06-02T00:30:00,4.162,-,0.000
2024-06-02T00:15:00,4.161,-,0.000
2024-06-02T00:00:00,4.159,-,0.000
2024-06-01T23:45:00,4.157,-,0.000
2024-06-01T23:30:00,4.154,-,0.000
2024-06-01T23:15:00,4.151,-,0.000
2024-06-01T23:00:00,4.147,-,0.000
2024-06-01T22:45:00,4.142,-,0.000
2024-06-01T22:30:00,4.137,-,0.000
2024-06-01T22:15:00,4.131,-,0.000
2024-06-01T22:00:00,4.122,-,0.000
2024-06-01T21:45:00,4.116,-,0.000
2024-06-01T21:30:00,4.109,-,0.000
2024-06-01T21:15:00,4.101,-,0.000
2024-06-01T21:00:00,4.093,-,0.000
2024-06-01T20:45:00,4.085,-,0.000
2024-06-01T20:30:00,4.077,-,0.000
2024-06-01T20:15:00,4.070,-,0.000
2024-06-01T20:00:00,4.062,-,0.000
2024-06-01T19:45:00,4.055,-,0.000
2024-06-01T19:30:00,4.046,-,0.000
2024-06-01T19:15:00,4.038,-,0.000
2024-06-01T19:00:00,4.030,-,0.000
2024-06-01T18:45:00,4.023,-,0.000
2024-06-01T18:30:00,4.015,-,0.000
2024-06-01T18:15:00,4.007,-,0.000
2024-06-01T18:00:00,3.998,-,0.000
2024-06-01T17:45:00,3.989,-,0.000
2024-06-01T17:30:00,3.981,-,0.000
2024-06-01T17:15:00,3.972,-,0.000
2024-06-01T17:00:00,3.965,-,0.000
2024-06-01T16:45:00,3.955,-,0.000
2024-06-01T16:30:00,3.945,-,0.000
2024-06-01T16:15:00,3.937,-,0.000
2024-06-01T16:00:00,3.929,-,0.000
2024-06-01T15:45:00,3.920,-,0.000
2024-06-01T15:30:00,3.912,-,0.000
2024-06-01T15:15:00,3.904,-,0.000
2024-06-01T15:00:00,3.893,-,0.000
2024-06-01T14:45:00,3.886,-,0.000
2024-06-01T14:30:00,3.877,-,0.000
2024-06-01T14:15:00,3.870,-,0.000
2024-06-01T14:00:00,3.863,-,0.000
2024-06-01T13:45:00,3.857,-,0.000
2024-06-01T13:30:00,3.853,-,0.000
2024-06-01T13:15:00,3.847,-,0.000
2024-06-01T13:00:00,3.841,-,0.000
2024-06-01T12:45:00,3.837,-,0.000
2024-06-01T12:30:00,3.833,-,0.000
2024-06-01T12:15:00,3.831,-,0.000
2024-06-01T12:00:00,3.828,-,0.000
2024-06-01T11:45:00,3.825,-,1.000
2024-06-01T11:30:00,3.823,-,0.000
2024-06-01T11:15:00,3.820,-,0.000
2024-06-01T11:00:00,3.817,-,0.000
2024-06-01T10:45:00,3.814,-,0.000
2024-06-01T10:30:00,3.811,-,0.000
2024-06-01T10:15:00,3.809,-,0.000
2024-06-01T10:00:00,3.807,-,0.000
2024-06-01T09:45:00,3.802,-,0.000
2024-06-01T09:30:00,3.800,-,0.000
2024-06-01T09:15:00,3.798,-,0.000
2024-06-01T09:00:00,3.797,-,0.000
2024-06-01T08:45:00,3.794,-,0.000
2024-06-01T08:30:00,3.791,-,0.000
2024-06-01T08:15:00,3.790,-,0.000
2024-06-01T08:00:00,3.788,-,0.000
2024-06-01T07:45:00,3.787,-,0.000
2024-06-01T07:30:00,3.786,-,0.000
2024-06-01T07:15:00,3.784,-,0.000
2024-06-01T07:00:00,3.785,-,0.000
2024-06-01T06:45:00,3.784,-,0.000
2024-06-01T06:30:00,3.784,-,0.000
2024-06-01T06:15:00,3.784,-,0.000
2024-06-01T06:00:00,3.784,-,0.000
2024-06-01T05:45:00,3.785,-,0.000
2024-06-01T05:30:00,3.785,-,0.000
2024-06-01T05:15:00,3.785,-,0.500
2024-06-01T05:00:00,3.785,-,0.500
2024-06-01T04:45:00,3.785,-,0.000
2024-06-01T04:30:00,3.786,-,0.000
2024-06-01T04:15:00,3.786,-,0.000
2024-06-01T04:00:00,3.787,-,0.000
2024-06-01T03:45:00,3.787,-,0.000
2024-06-01T03:30:00,3.787,-,0.000
2024-06-01T03:15:00,3.788,-,0.000
2024-06-01T03:00:00,3.788,-,0.000
2024-06-01T02:45:00,3.788,-,0.000
2024-06-01T02:30:00,3.788,-,0.000
2024-06-01T02:15:00,3.789,-,0.000
2024-06-01T02:00:00,3.789,-,0.000
2024-06-01T01:45:00,3.790,-,0.000
2024-06-01T01:30:00,3.790,-,0.000
2024-06-01T01:15:00,3.790,-,0.000
2024-06-01T01:00:00,3.791,-,0.000
2024-06-01T00:45:00,3.791,-,0.000
2024-06-01T00:30:00,3.791,-,0.000
2024-06-01T00:15:00,3.791,-,0.000
2024-06-01T00:00:00,3.791,-,0.000
2024-07-26T23:45:00,3.420,0.00,0.000
2024-07-26T23:30:00,3.420,0.00,0.000
2024-07-26T23:15:00,3.420,0.00,0.000
2024-07-26T23:00:00,3.420,35.60,0.000
2024-07-26T22:45:00,3.420,0.00,0.000
2024-07-26T22:30:00,3.420,0.00,0.000
2024-07-26T22:15:00,3.420,26.20,0.000
2024-07-26T22:00:00,3.420,0.00,0.000
2024-07-26T21:45:00,3.420,0.00,0.000
2024-07-26T21:30:00,3.420,0.00,0.000
2024-07-26T21:15:00,3.420,26.00,0.000
2024-07-26T21:00:00,3.420,0.00,0.000
2024-07-26T20:45:00,3.420,0.00,0.000
2024-07-26T20:30:00,3.420,0.00,0.000
2024-07-26T20:15:00,3.420,0.00,0.000
2024-07-26T20:00:00,3.420,0.00,0.000
2024-07-26T19:45:00,3.430,0.00,0.000
2024-07-26T19:30:00,3.430,0.00,0.000
2024-07-26T19:15:00,3.420,0.00,0.000
2024-07-26T19:00:00,3.430,0.00,0.000
2024-07-26T18:45:00,3.420,0.00,0.000
2024-07-26T18:30:00,3.430,0.00,0.000
2024-08-02T23:45:00,4.650,169.70,0.000
2024-08-02T23:30:00,4.650,170.60,0.000
2024-08-02T23:15:00,4.650,163.70,0.000
2024-08-02T23:00:00,4.640,164.70,0.000
2024-08-02T22:45:00,4.650,160.80,0.000
2024-08-02T22:30:00,4.640,162.30,0.000
2024-08-02T22:15:00,4.650,163.80,0.000
2024-08-02T22:00:00,4.640,166.50,0.000
2024-08-02T21:45:00,4.640,165.70,0.000
2024-08-02T21:30:00,4.640,173.50,0.000
2024-08-02T21:15:00,4.640,165.80,0.000
2024-08-02T21:00:00,4.640,158.50,0.000
2024-08-02T20:45:00,4.640,162.70,0.000
2024-08-02T20:30:00,4.640,157.20,0.000
2024-08-02T20:15:00,4.630,158.80,0.000
2024-08-02T20:00:00,4.630,161.10,0.000
2024-08-02T19:45:00,4.630,157.40,0.000
2024-08-02T19:30:00,4.630,159.30,0.000
2024-08-02T19:15:00,4.630,157.90,0.000
2024-08-02T19:00:00,4.620,158.80,0.000
2024-08-02T18:45:00,4.630,166.60,0.000
2024-08-02T18:30:00,4.630,161.00,0.000
2024-08-02T18:15:00,4.620,159.80,0.000
2024-08-02T18:00:00,4.620,164.90,0.000
2024-08-02T17:45:00,4.630,169.90,0.000
2024-08-02T17:30:00,4.630,168.10,0.000
2024-08-02T17:15:00,4.640,167.40,0.000
2024-08-02T17:00:00,4.640,164.70,0.000
2024-08-02T16:45:00,4.640,174.00,0.000
2024-08-02T16:30:00,4.650,164.30,0.000
2024-08-02T16:15:00,4.660,164.70,0.000
2024-08-02T16:00:00,4.650,164.20,0.000
2024-08-02T15:45:00,4.660,171.00,0.000
2024-08-02T15:30:00,4.660,165.70,0.000
2024-08-02T15:15:00,4.670,173.80,0.000
2024-08-02T15:00:00,4.680,166.20,0.000
2024-08-02T14:45:00,4.680,179.10,0.000
2024-08-02T14:30:00,4.680,179.50,0.000
2024-08-02T14:15:00,4.690,181.30,0.000
2024-08-02T14:00:00,4.690,177.70,0.000
2024-08-02T13:45:00,4.690,188.70,0.000
2024-08-02T13:30:00,4.700,181.60,0.000
2024-08-02T13:15:00,4.700,174.00,0.000
2024-08-02T13:00:00,4.710,175.80,0.000
2024-08-02T12:45:00,4.710,177.90,0.000
2024-08-02T12:30:00,4.710,177.00,0.000
2024-08-02T12:15:00,4.710,170.10,0.000
2024-08-02T12:00:00,4.720,165.20,0.000
2024-08-02T11:45:00,4.710,168.30,0.000
2024-08-02T11:30:00,4.710,176.80,0.000
2024-08-02T11:15:00,4.720,175.30,0.000
2024-08-02T11:00:00,4.720,186.30,0.000
2024-08-02T10:45:00,4.720,179.00,0.000
2024-08-02T10:30:00,4.720,180.40,0.000
2024-08-02T10:15:00,4.720,170.90,0.000
2024-08-02T10:00:00,4.720,170.30,0.000
2024-08-02T09:45:00,4.720,183.80,0.000
2024-08-02T09:30:00,4.720,180.70,0.000
2024-08-02T09:15:00,4.720,175.90,0.000
2024-08-02T09:00:00,4.720,183.60,0.000
2024-08-02T08:45:00,4.720,187.20,0.000
2024-08-02T08:30:00,4.710,176.90,0.000
2024-08-02T08:15:00,4.720,178.90,0.000
2024-08-02T08:00:00,4.720,183.20,0.000
2024-08-02T07:45:00,4.730,185.40,0.000
2024-08-02T07:30:00,4.720,183.80,0.000
2024-08-02T07:15:00,4.730,195.20,0.000
2024-08-02T07:00:00,4.730,183.90,0.000
2024-08-02T06:45:00,4.740,188.90,0.000
2024-08-02T06:30:00,4.740,194.00,0.000
2024-08-02T06:15:00,4.760,192.00,0.000
2024-08-02T06:00:00,4.760,185.80,0.000
2024-08-02T05:45:00,4.760,186.80,0.000
2024-08-02T05:30:00,4.770,189.70,0.000
2024-08-02T05:15:00,4.780,187.20,0.000
2024-08-02T05:00:00,4.790,195.70,0.000
2024-08-02T04:45:00,4.790,196.70,0.000
2024-08-02T04:30:00,4.800,192.40,0.000
2024-08-02T04:15:00,4.800,192.50,0.000
2024-08-02T04:00:00,4.800,195.10,0.000
2024-08-02T03:45:00,4.800,195.10,0.000
2024-08-02T03:30:00,4.800,201.90,0.000
2024-08-02T03:15:00,4.800,197.40,0.000
2024-08-02T03:00:00,4.800,201.70,0.500
2024-08-02T02:45:00,4.800,194.40,0.500
2024-08-02T02:30:00,4.800,195.10,0.000
2024-08-02T02:15:00,4.790,203.60,0.000
2024-08-02T02:00:00,4.800,201.20,0.000
2024-08-02T01:45:00,4.790,191.10,0.500
2024-08-02T01:30:00,4.790,201.40,0.500
2024-08-02T01:15:00,4.790,196.10,2.500
2024-08-02T01:00:00,4.770,170.50,6.000
2024-08-02T00:45:00,4.750,333.30,8.000
2024-08-02T00:30:00,4.740,199.40,5.500
2024-08-02T00:15:00,4.730,213.20,0.000
2024-08-02T00:00:00,4.720,198.10,0.000
2024-08-01T23:45:00,4.720,195.80,0.000
2024-08-01T23:30:00,4.710,201.50,0.000
2024-08-01T23:15:00,4.710,192.10,0.000
2024-08-01T23:00:00,4.710,199.10,0.000
2024-08-01T22:45:00,4.700,188.50,0.500
2024-08-01T22:30:00,4.700,202.60,0.000
2024-08-01T22:15:00,4.690,199.80,0.000
2024-08-01T22:00:00,4.680,191.50,0.000
2024-08-01T21:45:00,4.670,188.40,0.000
2024-08-01T21:30:00,4.680,193.20,0.000
2024-08-01T21:15:00,4.660,196.40,0.000
2024-08-01T21:00:00,4.650,196.30,0.000
2024-08-01T20:45:00,4.650,196.90,0.000
2024-08-01T20:30:00,4.650,189.20,0.000
2024-08-01T20:15:00,4.630,186.00,0.000
2024-08-01T20:00:00,4.630,190.10,0.000
2024-08-01T19:45:00,4.620,185.80,0.000
2024-08-01T19:30:00,4.620,184.20,0.000
2024-08-01T19:15:00,4.610,189.50,0.000
2024-08-01T19:00:00,4.610,187.10,0.000
2024-08-01T18:45:00,4.610,181.40,0.000
2024-08-01T18:30:00,4.600,185.50,0.000
2024-08-01T18:15:00,4.600,190.90,0.000
2024-08-01T18:00:00,4.590,183.60,0.000
2024-08-01T17:45:00,4.590,178.40,0.000
2024-08-01T17:30:00,4.590,182.40,0.000
2024-08-01T17:15:00,4.590,184.70,0.000
2024-08-01T17:00:00,4.590,185.50,0.000
2024-08-01T16:45:00,4.590,180.50,0.000
2024-08-01T16:30:00,4.590,178.00,0.000
2024-08-01T16:15:00,4.590,186.50,0.000
2024-08-01T16:00:00,4.590,178.80,0.000
2024-08-01T15:45:00,4.590,170.20,0.000
2024-08-01T15:30:00,4.590,172.30,0.000
2024-08-01T15:15:00,4.590,178.30,0.000
2024-08-01T15:00:00,4.590,186.80,0.000
2024-08-01T14:45:00,4.600,182.60,0.000
2024-08-01T14:30:00,4.600,192.30,0.000
2024-08-01T14:15:00,4.610,182.60,0.000
2024-08-01T14:00:00,4.600,189.60,1.000
2024-08-01T13:45:00,4.600,184.40,3.500
2024-08-01T13:30:00,4.590,168.90,5.000
2024-08-01T13:15:00,4.590,177.50,0.000
2024-08-01T13:00:00,4.590,180.00,0.000
2024-08-01T12:45:00,4.600,182.50,0.000
2024-08-01T12:30:00,4.590,180.00,0.000
2024-08-01T12:15:00,4.600,179.50,0.000
2024-08-01T12:00:00,4.590,173.70,0.000
2024-08-01T11:45:00,4.600,176.70,0.000
2024-08-01T11:45:00,4.600,176.70,0.000
2024-08-01T11:30:00,4.600,179.70,0.000
2024-08-01T11:15:00,4.600,188.20,0.000
2024-08-01T11:00:00,4.600,186.10,0.000
2024-08-01T10:45:00,4.600,185.20,0.000
2024-08-01T10:30:00,4.600,180.60,0.000
2024-08-01T10:15:00,4.600,189.30,0.000
2024-08-01T10:00:00,4.600,168.70,0.000
2024-08-01T09:45:00,4.600,182.50,0.000
2024-08-01T09:30:00,4.590,187.30,0.000
2024-08-01T09:15:00,4.600,180.60,0.000
2024-08-01T09:00:00,4.600,185.40,0.000
2024-08-01T08:45:00,4.590,184.60,0.000
2024-08-01T08:30:00,4.590,179.20,0.000
2024-08-01T08:15:00,4.600,189.00,0.000
2024-08-01T08:00:00,4.590,184.70,0.000
2024-08-01T07:45:00,4.600,181.10,0.000
2024-08-01T07:30:00,4.590,191.00,0.000
2024-08-01T07:15:00,4.590,175.40,0.000
2024-08-01T07:00:00,4.600,184.70,0.000
2024-08-01T06:45:00,4.590,184.30,0.000
2024-08-01T06:30:00,4.590,190.90,0.000
2024-08-01T06:15:00,4.600,179.20,0.000
2024-08-01T06:00:00,4.590,186.60,0.000
2024-08-01T05:45:00,4.590,181.60,0.000
2024-08-01T05:30:00,4.590,177.40,0.000
2024-08-01T05:15:00,4.590,186.70,0.000
2024-08-01T05:00:00,4.590,186.40,0.500
2024-08-01T04:45:00,4.590,188.80,0.000
2024-08-01T04:30:00,4.590,188.30,0.000
2024-08-01T04:15:00,4.600,189.10,0.000
2024-08-01T04:00:00,4.590,189.50,0.000
2024-08-01T03:45:00,4.590,189.10,0.000
2024-08-01T03:30:00,4.590,196.00,0.000
2024-08-01T03:15:00,4.590,184.50,0.000
2024-08-01T03:00:00,4.590,191.40,0.000
2024-08-01T02:45:00,4.590,178.90,0.000
2024-08-01T02:30:00,4.590,179.90,0.000
2024-08-01T02:15:00,4.590,191.90,0.000
2024-08-01T02:00:00,4.580,182.50,0.000
2024-08-01T01:45:00,4.580,185.20,0.000
2024-08-01T01:30:00,4.580,189.30,0.000
2024-08-01T01:15:00,4.570,174.30,0.000
2024-08-01T01:00:00,4.570,190.60,0.000
2024-08-01T00:45:00,4.570,183.30,0.000
2024-08-01T00:30:00,4.560,181.70,0.000
2024-08-01T00:15:00,4.560,183.00,0.000
2024-08-01T00:00:00,4.550,188.80,0.000
2024-07-31T23:45:00,4.550,179.60,0.000
2024-07-31T23:30:00,4.540,189.80,0.000
2024-07-31T23:15:00,4.540,175.70,0.000
2024-07-31T23:00:00,4.540,182.20,0.000
2024-07-31T22:45:00,4.540,179.50,0.000
2024-07-31T22:30:00,4.520,174.70,0.000
2024-07-31T22:15:00,4.520,177.20,0.000
2024-07-31T22:00:00,4.520,171.00,0.000
2024-07-31T21:45:00,4.520,171.10,0.000
2024-07-31T21:30:00,4.520,169.60,0.000
2024-07-31T21:15:00,4.520,177.60,0.000
2024-07-31T21:00:00,4.520,175.40,0.000
2024-07-31T20:45:00,4.520,175.80,0.000
2024-07-31T20:30:00,4.530,170.60,0.000
2024-07-31T20:15:00,4.530,187.30,0.000
2024-07-31T20:00:00,4.540,177.20,0.000
2024-07-31T19:45:00,4.540,185.60,0.000
2024-07-31T19:30:00,4.550,173.50,0.000
2024-07-31T19:15:00,4.550,185.80,0.000
2024-07-31T19:00:00,4.560,178.00,0.000
2024-07-31T18:45:00,4.560,192.30,0.000
2024-07-31T18:30:00,4.560,182.00,0.000
2024-07-31T18:15:00,4.570,179.20,0.000
2024-07-31T18:00:00,4.560,194.00,0.000
2024-07-31T17:45:00,4.570,174.90,0.000
2024-07-31T17:30:00,4.570,183.00,0.000
2024-07-31T17:15:00,4.560,174.90,0.000
2024-07-31T17:00:00,4.560,170.60,0.000
2024-07-31T16:45:00,4.560,172.20,0.000
2024-07-31T16:30:00,4.550,159.20,0.000
2024-07-31T16:15:00,4.540,150.00,0.000
2024-07-31T16:00:00,4.540,158.80,0.000
2024-07-31T15:45:00,4.530,157.00,0.000
2024-07-31T15:30:00,4.530,167.70,0.000
2024-07-31T15:15:00,4.520,162.30,0.000
2024-07-31T15:00:00,4.520,155.00,0.000
2024-07-31T14:45:00,4.510,154.50,0.000
2024-07-31T14:30:00,4.500,171.50,0.000
2024-07-31T14:15:00,4.500,154.90,0.000
2024-07-31T14:00:00,4.490,172.70,0.000
2024-07-31T13:45:00,4.490,167.10,0.000
2024-07-31T13:30:00,4.480,164.40,0.000
2024-07-31T13:15:00,4.480,158.90,0.000
2024-07-31T13:00:00,4.470,161.70,0.000
2024-07-31T12:45:00,4.470,159.30,0.000
2024-07-31T12:30:00,4.460,160.50,0.000
2024-07-31T12:15:00,4.460,159.00,0.000
2024-07-31T12:00:00,4.460,156.40,0.000
2024-07-31T11:45:00,4.450,160.00,0.000
2024-07-31T11:30:00,4.450,170.60,0.000
2024-07-31T11:15:00,4.450,160.60,0.000
2024-07-31T11:00:00,4.440,165.00,0.000
2024-07-31T10:45:00,4.440,163.60,0.000
2024-07-31T10:30:00,4.440,167.70,0.000
2024-07-31T10:15:00,4.430,167.40,0.000
2024-07-31T10:00:00,4.430,161.80,0.000
2024-07-31T09:45:00,4.410,160.90,0.000
2024-07-31T09:30:00,4.410,157.80,0.000
2024-07-31T09:15:00,4.410,175.50,0.000
2024-07-31T09:00:00,4.410,166.30,0.000
2024-07-31T08:45:00,4.420,171.70,0.000
2024-07-31T08:30:00,4.420,171.20,0.000
2024-07-31T08:15:00,4.420,169.30,0.000
2024-07-31T08:00:00,4.430,172.70,0.000
2024-07-31T07:45:00,4.430,169.00,0.000
2024-07-31T07:30:00,4.430,179.30,0.000
2024-07-31T07:15:00,4.440,161.90,0.000
2024-07-31T07:00:00,4.440,160.70,0.000
2024-07-31T06:45:00,4.440,167.90,0.000
2024-07-31T06:30:00,4.460,163.60,0.000
2024-07-31T06:15:00,4.460,164.90,0.000
2024-07-31T06:00:00,4.460,176.00,0.000
2024-07-31T05:45:00,4.470,171.30,0.000
2024-07-31T05:30:00,4.480,173.10,0.000
2024-07-31T05:15:00,4.480,169.60,0.000
2024-07-31T05:00:00,4.490,175.40,0.000
2024-07-31T04:45:00,4.500,162.40,0.000
2024-07-31T04:30:00,4.500,161.70,0.000
2024-07-31T04:15:00,4.510,174.80,0.000
2024-07-31T04:00:00,4.520,171.60,0.000
2024-07-31T03:45:00,4.530,176.20,0.000
2024-07-31T03:30:00,4.540,170.70,0.000
2024-07-31T03:15:00,4.540,170.40,0.000
2024-07-31T03:00:00,4.550,170.90,0.000
2024-07-31T02:45:00,4.550,181.60,0.000
2024-07-31T02:30:00,4.550,184.20,0.000
2024-07-31T02:15:00,4.560,191.10,0.000
2024-07-31T02:00:00,4.580,193.60,0.000
2024-07-31T01:45:00,4.580,184.10,0.000
2024-07-31T01:30:00,4.590,179.90,0.000
2024-07-31T01:15:00,4.600,188.30,0.000
2024-07-31T01:00:00,4.610,189.90,0.000
2024-07-31T00:45:00,4.610,186.60,0.000
2024-07-31T00:30:00,4.620,182.30,0.000
2024-07-31T00:15:00,4.630,189.70,0.000
2024-07-31T00:00:00,4.640,193.20,0.000
2024-07-30T23:45:00,4.650,185.00,0.000
2024-07-30T23:30:00,4.670,198.30,0.500
2024-07-30T23:15:00,4.680,187.70,0.000
2024-07-30T23:00:00,4.680,194.20,0.000
2024-07-30T22:45:00,4.710,196.70,0.000
2024-07-30T22:30:00,4.710,200.70,0.000
2024-07-30T22:15:00,4.730,200.10,0.000
2024-07-30T22:00:00,4.740,204.00,0.000
2024-07-30T21:45:00,4.750,197.00,0.000
2024-07-30T21:30:00,4.770,199.80,0.000
2024-07-30T21:15:00,4.790,189.50,0.000
2024-07-30T21:00:00,4.800,202.00,0.000
2024-07-30T20:45:00,4.810,201.80,0.000
2024-07-30T20:30:00,4.830,204.60,0.000
2024-07-30T20:15:00,4.850,200.20,0.000
2024-07-30T20:00:00,4.870,210.90,0.000
2024-07-30T19:45:00,4.890,202.00,0.000
2024-07-30T19:30:00,4.910,207.50,0.000
2024-07-30T19:15:00,4.930,209.90,0.000
2024-07-30T19:00:00,4.950,213.50,0.000
2024-07-30T18:45:00,4.970,213.70,0.000
2024-07-30T18:30:00,5.000,223.10,0.000
2024-07-30T18:15:00,5.020,219.50,0.000
2024-07-30T18:00:00,5.040,230.40,0.000
2024-07-30T17:45:00,5.070,227.90,0.000
2024-07-30T17:30:00,5.100,226.50,0.000
2024-07-30T17:15:00,5.130,236.00,0.000
2024-07-30T17:00:00,5.150,230.00,0.000
2024-07-30T16:45:00,5.190,233.80,0.000
2024-07-30T16:30:00,5.210,245.60,0.000
2024-07-30T16:15:00,5.250,245.90,0.000
2024-07-30T16:00:00,5.270,254.00,0.500
2024-07-30T15:45:00,5.300,250.50,0.000
2024-07-30T15:30:00,5.330,254.20,0.500
2024-07-30T15:15:00,5.360,244.40,2.500
2024-07-30T15:00:00,5.390,252.40,0.000
2024-07-30T14:45:00,5.420,248.00,5.000
2024-07-30T14:30:00,5.450,251.40,0.000
2024-07-30T14:15:00,5.480,253.20,0.000
2024-07-30T14:00:00,5.520,254.80,0.000
2024-07-30T13:45:00,5.560,274.80,0.000
2024-07-30T13:30:00,5.590,264.40,0.000
2024-07-30T13:15:00,5.630,260.60,1.000
2024-07-30T13:00:00,5.370,235.10,0.000
2024-07-30T12:45:00,5.380,222.80,0.000
2024-07-30T12:30:00,5.420,244.70,0.000
2024-07-30T12:15:00,5.460,234.30,0.000
2024-07-30T12:00:00,5.490,236.70,0.000
2024-07-30T11:45:00,5.530,236.30,0.000
2024-07-30T11:30:00,5.550,229.00,0.000
2024-07-30T11:15:00,5.570,238.40,0.000
2024-07-30T11:00:00,5.590,226.80,0.000
2024-07-30T10:45:00,5.620,249.50,0.000
2024-07-30T10:30:00,5.640,248.20,0.000
2024-07-30T10:15:00,5.660,257.80,0.000
2024-07-30T10:00:00,5.680,247.90,0.000
2024-07-30T09:45:00,5.700,252.10,0.000
2024-07-30T09:30:00,5.720,262.60,0.000
2024-07-30T09:15:00,5.750,250.00,0.000
2024-07-30T09:00:00,5.760,245.30,0.000
2024-07-30T08:45:00,5.780,234.40,0.000
2024-07-30T08:30:00,5.790,242.50,0.000
2024-07-30T08:15:00,5.790,227.30,0.000
2024-07-30T08:00:00,5.790,269.50,0.000
2024-07-30T07:45:00,5.780,267.90,0.000
2024-07-30T07:30:00,5.780,264.50,0.000
2024-07-30T07:15:00,5.780,263.90,0.000
2024-07-30T07:00:00,5.770,269.10,0.000
2024-07-30T06:45:00,5.760,273.40,0.000
2024-07-30T06:30:00,5.750,276.80,0.000
2024-07-30T06:15:00,5.750,262.60,0.000
2024-07-30T06:00:00,5.730,275.10,0.000
2024-07-30T05:45:00,5.730,274.30,0.000
2024-07-30T05:30:00,5.720,264.30,0.000
2024-07-30T05:15:00,5.700,265.40,0.000
2024-07-30T05:00:00,5.680,251.20,0.000
2024-07-30T04:45:00,5.660,267.00,0.000
2024-07-30T04:30:00,5.630,270.30,0.000
2024-07-30T04:15:00,5.610,258.30,0.000
2024-07-30T04:00:00,5.590,265.50,0.000
2024-07-30T03:45:00,5.550,274.60,0.000
2024-07-30T03:30:00,5.520,260.10,0.000
2024-07-30T03:15:00,5.480,264.00,0.000
2024-07-30T03:00:00,5.440,277.00,0.000
2024-07-30T02:45:00,5.410,264.90,0.000
2024-07-30T02:30:00,5.370,270.20,0.000
2024-07-30T02:15:00,5.320,265.10,0.000
2024-07-30T02:00:00,5.280,269.20,0.000
2024-07-30T01:45:00,5.230,266.70,0.000
2024-07-30T01:30:00,5.170,259.30,0.000
2024-07-30T01:15:00,5.130,256.40,0.000
2024-07-30T01:00:00,5.080,248.80,0.000
2024-07-30T00:45:00,5.030,245.10,0.000
2024-07-30T00:30:00,4.990,239.20,0.000
2024-07-30T00:15:00,4.930,224.60,0.500
2024-07-30T00:00:00,4.870,221.20,0.000
2024-07-29T23:45:00,4.800,219.50,0.500
2024-07-29T23:30:00,4.730,210.10,0.000
2024-07-29T23:15:00,4.680,211.90,0.500
2024-07-29T23:00:00,4.630,201.60,0.500
2024-07-29T22:45:00,4.560,197.50,0.500
2024-07-29T22:30:00,4.510,190.00,0.500
2024-07-29T22:15:00,4.440,178.30,0.500
2024-07-29T22:00:00,4.400,170.80,0.500
2024-07-29T21:45:00,4.350,156.10,0.500
2024-07-29T21:30:00,4.320,148.30,0.500
2024-07-29T21:15:00,4.290,146.90,1.000
2024-07-29T21:00:00,4.320,126.70,0.500
2024-07-29T20:45:00,4.290,122.50,1.000
2024-07-29T20:30:00,4.270,118.90,1.000
2024-07-29T20:15:00,4.240,118.10,1.500
2024-07-29T20:00:00,4.230,115.20,1.500
2024-07-29T19:45:00,4.210,113.90,0.500
2024-07-29T19:30:00,4.190,109.10,1.500
2024-07-29T19:15:00,4.170,113.20,1.000
2024-07-29T19:00:00,4.140,103.80,4.500
2024-07-29T18:45:00,4.120,93.40,12.500
2024-07-29T18:30:00,4.070,0.00,20.500
2024-07-29T18:15:00,4.020,94.50,16.500
2024-07-29T18:00:00,3.990,95.40,9.500
2024-07-29T17:45:00,3.980,108.60,0.500
2024-07-29T17:30:00,3.970,107.20,0.000
2024-07-29T17:15:00,3.970,102.60,0.000
2024-07-29T17:00:00,3.970,97.10,0.000
2024-07-29T16:45:00,3.970,96.20,1.500
2024-07-29T16:30:00,3.960,100.40,3.000
2024-07-29T16:15:00,3.940,105.80,0.000
2024-07-29T16:00:00,3.960,85.00,0.000
2024-07-29T15:45:00,3.960,85.10,0.000
2024-07-29T15:30:00,3.960,92.60,0.000
2024-07-29T15:15:00,3.960,90.10,0.500
2024-07-29T15:00:00,3.950,81.10,0.000
2024-07-29T14:45:00,3.950,106.20,1.000
2024-07-29T14:30:00,3.940,109.80,3.500
2024-07-29T14:15:00,3.930,99.10,5.000
2024-07-29T14:00:00,3.920,67.20,0.000
2024-07-29T13:45:00,3.920,90.30,0.000
2024-07-29T13:30:00,3.920,80.90,0.000
2024-07-29T13:15:00,3.920,82.70,0.000
2024-07-29T13:00:00,3.920,79.00,0.000
2024-07-29T12:45:00,3.920,75.90,0.000
2024-07-29T12:30:00,3.920,74.70,0.000
2024-07-29T12:15:00,3.920,74.10,0.000
2024-07-29T12:00:00,3.920,80.40,0.000
2024-07-29T11:45:00,3.920,71.60,0.000
2024-07-29T11:30:00,3.910,73.10,0.000
2024-07-29T11:15:00,3.900,78.40,0.000
2024-07-29T11:00:00,3.890,89.40,0.000
2024-07-29T10:45:00,3.890,85.90,0.000
2024-07-29T10:30:00,3.890,82.50,0.000
2024-07-29T10:15:00,3.900,92.70,0.000
2024-07-29T10:00:00,3.900,90.50,0.000
2024-07-29T09:45:00,3.910,87.80,0.000
2024-07-29T09:30:00,3.910,87.30,0.000
2024-07-29T09:15:00,3.910,87.50,0.000
2024-07-29T09:00:00,3.910,89.10,0.000
2024-07-29T08:45:00,3.920,89.50,0.000
2024-07-29T08:30:00,3.920,88.00,0.000
2024-07-29T08:15:00,3.930,90.70,0.000
2024-07-29T08:00:00,3.930,91.10,0.000
2024-07-29T07:45:00,3.930,94.80,0.000
2024-07-29T07:30:00,3.940,95.10,0.000
2024-07-29T07:15:00,3.930,92.90,0.000
2024-07-29T07:00:00,3.940,92.50,0.000
2024-07-29T06:45:00,3.940,98.80,0.000
2024-07-29T06:30:00,3.950,92.60,0.000
2024-07-29T06:15:00,3.960,94.00,0.000
2024-07-29T06:00:00,3.960,98.00,0.000
2024-07-29T05:45:00,3.970,92.20,0.000
2024-07-29T05:30:00,3.970,96.90,0.000
2024-07-29T05:15:00,3.980,99.20,0.000
2024-07-29T05:00:00,3.980,97.40,0.000
2024-07-29T04:45:00,3.980,103.40,0.000
2024-07-29T04:30:00,3.980,100.10,0.000
2024-07-29T04:15:00,4.000,103.90,0.000
2024-07-29T04:00:00,4.010,100.20,0.000
2024-07-29T03:45:00,4.020,103.50,0.000
2024-07-29T03:30:00,4.020,113.00,0.000
2024-07-29T03:15:00,4.040,102.00,0.000
2024-07-29T03:00:00,4.040,109.20,0.000
2024-07-29T02:45:00,4.050,113.30,0.000
2024-07-29T02:30:00,4.060,111.30,0.000
2024-07-29T02:15:00,4.070,119.50,0.000
2024-07-29T02:00:00,4.080,114.50,0.000
2024-07-29T01:45:00,4.090,115.90,0.000
2024-07-29T01:30:00,4.100,122.40,0.000
2024-07-29T01:15:00,4.110,112.50,0.000
2024-07-29T01:00:00,4.120,121.30,0.000
2024-07-29T00:45:00,4.130,113.10,0.000
2024-07-29T00:30:00,4.140,118.90,0.000
2024-07-29T00:15:00,4.150,123.20,0.000
2024-07-29T00:00:00,4.150,119.00,0.000
2024-07-28T23:45:00,4.170,118.20,0.000
2024-07-28T23:30:00,4.180,120.50,0.000
2024-07-28T23:15:00,4.180,124.90,0.000
2024-07-28T23:00:00,4.190,122.40,0.000
2024-07-28T22:45:00,4.200,118.30,0.000
2024-07-28T22:30:00,4.210,126.80,0.000
2024-07-28T22:15:00,4.220,122.30,0.000
2024-07-28T22:00:00,4.230,124.00,0.000
2024-07-28T21:45:00,4.240,137.00,0.000
2024-07-28T21:30:00,4.250,116.30,0.000
2024-07-28T21:15:00,4.250,125.30,0.000
2024-07-28T21:00:00,4.260,124.80,0.000
2024-07-28T20:45:00,4.270,125.70,0.000
2024-07-28T20:30:00,4.280,121.50,0.000
2024-07-28T20:15:00,4.280,130.90,0.000
2024-07-28T20:00:00,4.290,128.20,0.000
2024-07-28T19:45:00,4.300,132.20,0.000
2024-07-28T19:30:00,4.300,135.30,1.500
2024-07-28T19:15:00,4.300,128.50,2.500
2024-07-28T19:00:00,4.310,135.30,0.000
2024-07-28T18:45:00,4.320,131.70,0.000
2024-07-28T18:30:00,4.320,136.70,0.000
2024-07-28T18:15:00,4.330,124.50,0.000
2024-07-28T18:00:00,4.340,132.00,0.000
2024-07-28T17:45:00,4.350,135.10,0.000
2024-07-28T17:30:00,4.350,132.30,0.000
2024-07-28T17:15:00,4.360,131.50,0.000
2024-07-28T17:00:00,4.360,140.00,0.000
2024-07-28T16:45:00,4.370,139.00,0.000
2024-07-28T16:30:00,4.380,138.90,0.000
2024-07-28T16:15:00,4.380,138.50,0.000
2024-07-28T16:00:00,4.390,135.20,0.000
2024-07-28T15:45:00,4.400,120.90,0.000
2024-07-28T15:30:00,4.410,136.20,0.000
2024-07-28T15:15:00,4.420,138.70,0.000
2024-07-28T15:00:00,4.430,141.60,0.000
2024-07-28T14:45:00,4.430,141.70,0.000
2024-07-28T14:30:00,4.440,136.50,0.000
2024-07-28T14:15:00,4.450,140.20,0.000
2024-07-28T14:00:00,4.460,142.90,0.000
2024-07-28T13:45:00,4.470,146.50,0.000
2024-07-28T13:30:00,4.470,130.50,0.000
2024-07-28T13:15:00,4.480,129.10,0.000
2024-07-28T13:00:00,4.490,132.90,0.000
2024-07-28T12:45:00,4.490,148.60,0.000
2024-07-28T12:30:00,4.490,154.70,0.000
2024-07-28T12:15:00,4.500,153.10,0.500
2024-07-28T12:00:00,4.490,165.20,0.000
2024-07-28T11:45:00,4.500,161.00,0.000
2024-07-28T11:30:00,4.510,159.40,0.000
2024-07-28T11:15:00,4.520,138.90,0.000
2024-07-28T11:00:00,4.540,143.60,0.000
2024-07-28T10:45:00,4.550,140.70,0.000
2024-07-28T10:30:00,4.560,135.40,0.500
2024-07-28T10:15:00,4.580,163.00,0.500
2024-07-28T10:00:00,4.590,164.10,0.000
2024-07-28T09:45:00,4.610,157.60,0.000
2024-07-28T09:30:00,4.630,158.80,0.000
2024-07-28T09:15:00,4.640,168.40,0.500
2024-07-28T09:00:00,4.660,164.10,0.000
2024-07-28T08:45:00,4.680,171.50,0.000
2024-07-28T08:30:00,4.700,170.50,0.000
2024-07-28T08:15:00,4.720,175.80,0.000
2024-07-28T08:00:00,4.740,176.00,0.000
2024-07-28T07:45:00,4.760,175.00,0.000
2024-07-28T07:30:00,4.780,174.40,0.000
2024-07-28T07:15:00,4.810,173.80,0.000
2024-07-28T07:00:00,4.840,323.10,0.500
2024-07-28T06:45:00,4.870,179.10,1.000
2024-07-28T06:30:00,4.930,169.20,0.500
2024-07-28T06:15:00,4.980,160.50,0.500
2024-07-28T06:00:00,5.000,154.50,0.500
2024-07-28T05:45:00,5.030,136.90,0.000
2024-07-28T05:30:00,5.010,132.80,0.000
2024-07-28T05:15:00,4.980,138.50,0.000
2024-07-28T05:00:00,4.960,129.50,0.000
2024-07-28T04:45:00,4.930,122.60,0.500
2024-07-28T04:30:00,4.890,114.70,0.000
2024-07-28T04:15:00,4.830,117.30,0.000
2024-07-28T04:00:00,4.780,116.80,0.000
2024-07-28T03:45:00,4.720,133.70,0.000
2024-07-28T03:30:00,4.660,115.80,0.000
2024-07-28T03:15:00,4.600,118.20,0.000
2024-07-28T03:00:00,4.540,121.60,0.000
2024-07-28T02:45:00,4.470,121.90,0.000
2024-07-28T02:30:00,4.410,111.20,0.500
2024-07-28T02:15:00,4.350,118.50,0.000
2024-07-28T02:00:00,4.290,109.90,0.000
2024-07-28T01:45:00,4.230,122.10,0.500
2024-07-28T01:30:00,4.180,116.90,0.000
2024-07-28T01:15:00,4.130,108.80,0.000
2024-07-28T01:00:00,4.090,96.90,0.000
2024-07-28T00:45:00,4.050,79.20,0.000
2024-07-28T00:30:00,4.010,73.00,0.000
2024-07-28T00:15:00,3.990,61.00,0.000
2024-07-28T00:00:00,3.960,68.60,0.500
2024-07-27T23:45:00,3.930,81.80,0.000
2024-07-27T23:30:00,3.910,0.00,0.000
2024-07-27T23:15:00,3.900,75.80,0.000
2024-07-27T23:00:00,3.880,74.10,1.000
2024-07-27T22:45:00,3.870,74.30,0.500
2024-07-27T22:30:00,3.860,70.60,1.000
2024-07-27T22:15:00,3.840,71.30,1.500
2024-07-27T22:00:00,3.840,67.00,1.500
2024-07-27T21:45:00,3.820,66.20,2.000
2024-07-27T21:30:00,3.810,60.50,2.000
2024-07-27T21:15:00,3.780,62.00,1.000
2024-07-27T21:00:00,3.770,61.00,1.500
2024-07-27T20:45:00,3.740,58.70,8.500
2024-07-27T20:30:00,3.710,337.20,2.500
2024-07-27T20:15:00,3.700,59.20,2.500
2024-07-27T20:00:00,3.680,55.60,1.500
2024-07-27T19:45:00,3.660,0.00,12.500
2024-07-27T19:30:00,3.630,333.10,5.500
2024-07-27T19:15:00,3.610,54.60,1.000
2024-07-27T19:00:00,3.600,337.90,7.000
2024-07-27T18:45:00,3.580,51.00,0.000
2024-07-27T18:30:00,3.570,36.90,0.500
2024-07-27T18:15:00,3.560,50.60,0.000
2024-07-27T18:00:00,3.550,37.60,0.000
2024-07-27T17:45:00,3.550,53.40,0.500
2024-07-27T17:30:00,3.540,51.80,1.000
2024-07-27T17:15:00,3.530,355.30,1.000
2024-07-27T17:00:00,3.530,31.50,0.000
2024-07-27T16:45:00,3.520,53.00,0.000
2024-07-27T16:30:00,3.510,32.50,0.000
2024-07-27T16:15:00,3.500,44.60,0.000
2024-07-27T16:00:00,3.490,26.80,0.000
2024-07-27T15:45:00,3.480,28.40,0.000
2024-07-27T15:30:00,3.470,43.50,0.500
2024-07-27T15:15:00,3.460,327.30,6.000
2024-07-27T15:00:00,3.450,51.20,0.000
2024-07-27T14:45:00,3.440,30.00,0.000
2024-07-27T14:30:00,3.440,27.10,0.000
2024-07-27T14:15:00,3.430,0.00,0.000
2024-07-27T14:00:00,3.430,33.30,0.000
2024-07-27T13:45:00,3.420,29.00,0.000
2024-07-27T13:30:00,3.410,35.90,0.000
2024-07-27T13:15:00,3.410,27.00,0.000
2024-07-27T13:00:00,3.400,28.30,0.000
2024-07-27T12:45:00,3.400,28.10,0.000
2024-07-27T12:30:00,3.400,0.00,0.000
2024-07-27T12:15:00,3.390,45.90,1.500
2024-07-27T12:00:00,3.390,291.40,2.000
2024-07-27T11:45:00,3.390,30.20,0.000
2024-07-27T11:30:00,3.370,0.00,5.000
2024-07-27T11:15:00,3.370,0.00,2.000
2024-07-27T11:00:00,3.370,34.50,0.000
2024-07-27T10:45:00,3.370,0.00,0.000
2024-07-27T10:30:00,3.370,0.00,0.000
2024-07-27T10:15:00,3.370,0.00,0.000
2024-07-27T10:00:00,3.370,0.00,0.000
2024-07-27T09:45:00,3.370,0.00,0.000
2024-07-27T09:30:00,3.370,26.10,0.000
2024-07-27T09:15:00,3.380,25.80,0.000
2024-07-27T09:00:00,3.380,0.00,0.000
2024-07-27T08:45:00,3.380,0.00,0.000
2024-07-27T08:30:00,3.380,0.00,0.000
2024-07-27T08:15:00,3.380,0.00,0.000
2024-07-27T08:00:00,3.380,26.70,0.000
2024-07-27T07:45:00,3.390,0.00,0.000
2024-07-27T07:30:00,3.390,0.00,0.000
2024-07-27T07:15:00,3.390,0.00,0.000
2024-07-27T07:00:00,3.390,0.00,0.000
2024-07-27T06:45:00,3.390,32.70,0.000
2024-07-27T06:30:00,3.390,0.00,0.000
2024-07-27T06:15:00,3.390,0.00,0.000
2024-07-27T06:00:00,3.390,0.00,0.000
2024-07-27T05:45:00,3.390,34.70,0.000
2024-07-27T05:30:00,3.390,0.00,0.000
2024-07-27T05:15:00,3.400,0.00,0.000
2024-07-27T05:00:00,3.400,0.00,0.000
2024-07-27T04:45:00,3.400,0.00,0.000
2024-07-27T04:30:00,3.400,0.00,0.000
2024-07-27T04:15:00,3.400,0.00,0.000
2024-07-27T04:00:00,3.400,0.00,0.000
2024-07-27T03:45:00,3.400,30.30,0.000
2024-07-27T03:30:00,3.400,38.30,0.000
2024-07-27T03:15:00,3.400,0.00,0.000
2024-07-27T03:00:00,3.400,25.80,0.000
2024-07-27T02:45:00,3.410,0.00,0.000
2024-07-27T02:30:00,3.400,0.00,0.000
2024-07-27T02:15:00,3.410,0.00,0.000
2024-07-27T02:00:00,3.410,0.00,0.000
2024-07-27T01:45:00,3.410,25.90,0.000
2024-07-27T01:30:00,3.410,0.00,0.000
2024-07-27T01:15:00,3.410,0.00,0.000
2024-07-27T01:00:00,3.410,25.90,0.000
2024-07-27T00:45:00,3.410,0.00,0.000
2024-07-27T00:30:00,3.410,26.00,0.000
2024-07-27T00:15:00,3.410,0.00,0.000
2024-07-27T00:00:00,3.410,0.00,0.000
2024-08-09T23:45:00,4.240,62.10,0.000
2024-08-09T23:30:00,4.250,59.50,0.000
2024-08-09T23:15:00,4.250,58.10,0.000
2024-08-09T23:00:00,4.260,60.40,0.000
2024-08-09T22:45:00,4.260,64.20,0.000
2024-08-09T22:30:00,4.270,63.20,0.000
2024-08-09T22:15:00,4.270,62.80,0.000
2024-08-09T22:00:00,4.270,62.70,0.000
2024-08-09T21:45:00,4.280,61.50,0.000
2024-08-09T21:30:00,4.280,68.20,0.000
2024-08-09T21:15:00,4.290,65.20,0.000
2024-08-09T21:00:00,4.290,65.10,0.000
2024-08-09T20:45:00,4.300,65.00,0.000
2024-08-09T20:30:00,4.300,61.40,0.000
2024-08-09T20:15:00,4.300,69.00,0.000
2024-08-09T20:00:00,4.310,66.20,0.000
2024-08-09T19:45:00,4.310,65.20,0.000
2024-08-09T19:30:00,4.320,63.70,0.000
2024-08-09T19:15:00,4.320,50.70,0.000
2024-08-09T19:00:00,4.330,49.40,0.000
2024-08-09T18:45:00,4.330,51.20,0.000
2024-08-09T18:30:00,4.340,45.00,0.000
2024-08-09T18:15:00,4.340,55.20,0.000
2024-08-09T18:00:00,4.340,64.90,0.000
2024-08-09T17:45:00,4.340,56.40,0.000
2024-08-09T17:30:00,4.340,55.70,0.000
2024-08-09T17:15:00,4.340,59.60,0.000
2024-08-09T17:00:00,4.350,54.60,0.000
2024-08-09T16:45:00,4.350,53.60,0.000
2024-08-09T16:30:00,4.350,50.40,0.000
2024-08-09T16:15:00,4.360,45.60,0.000
2024-08-09T16:00:00,4.360,45.90,0.000
2024-08-09T15:45:00,4.360,45.20,0.000
2024-08-09T15:30:00,4.360,57.10,0.000
2024-08-09T15:15:00,4.370,58.00,0.000
2024-08-09T15:00:00,4.370,52.40,0.000
2024-08-09T14:45:00,4.370,48.60,0.000
2024-08-09T14:30:00,4.370,42.40,0.000
2024-08-09T14:15:00,4.370,63.00,0.000
2024-08-09T14:00:00,4.370,58.00,0.000
2024-08-09T13:45:00,4.380,67.00,0.000
2024-08-09T13:30:00,4.380,62.30,0.000
2024-08-09T13:15:00,4.380,61.70,0.000
2024-08-09T13:00:00,4.390,64.40,0.000
2024-08-09T12:45:00,4.390,65.80,0.000
2024-08-09T12:30:00,4.390,61.70,0.000
2024-08-09T12:15:00,4.390,68.30,0.000
2024-08-09T12:00:00,4.390,71.00,0.000
2024-08-09T11:45:00,4.400,71.90,0.000
2024-08-09T11:30:00,4.400,70.50,0.000
2024-08-09T11:15:00,4.400,73.70,0.000
2024-08-09T11:00:00,4.400,69.30,0.000
2024-08-09T10:45:00,4.400,66.60,0.000
2024-08-09T10:30:00,4.400,77.40,0.000
2024-08-09T10:15:00,4.400,63.30,0.000
2024-08-09T10:00:00,4.400,59.20,0.000
2024-08-09T09:45:00,4.400,61.60,0.000
2024-08-09T09:30:00,4.400,53.10,0.000
2024-08-09T09:15:00,4.400,67.10,0.000
2024-08-09T09:00:00,4.400,70.70,0.000
2024-08-09T08:45:00,4.400,57.40,0.000
2024-08-09T08:30:00,4.400,68.60,0.000
2024-08-09T08:15:00,4.400,69.60,0.000
2024-08-09T08:00:00,4.380,80.90,0.000
2024-08-09T07:45:00,4.390,74.60,0.000
2024-08-09T07:30:00,4.400,78.00,0.000
2024-08-09T07:15:00,4.400,65.20,0.000
2024-08-09T07:00:00,4.400,83.70,0.000
2024-08-09T06:45:00,4.410,87.20,0.000
2024-08-09T06:30:00,4.420,79.60,0.000
2024-08-09T06:15:00,4.420,84.70,0.000
2024-08-09T06:00:00,4.420,83.60,0.000
2024-08-09T05:45:00,4.430,81.10,0.000
2024-08-09T05:30:00,4.430,86.20,0.000
2024-08-09T05:15:00,4.440,83.80,0.000
2024-08-09T05:00:00,4.440,85.90,0.000
2024-08-09T04:45:00,4.440,91.20,0.000
2024-08-09T04:30:00,4.440,79.50,0.000
2024-08-09T04:15:00,4.430,78.40,0.000
2024-08-09T04:00:00,4.440,80.90,0.000
2024-08-09T03:45:00,4.430,79.00,0.000
2024-08-09T03:30:00,4.430,90.20,0.000
2024-08-09T03:15:00,4.430,88.00,0.000
2024-08-09T03:00:00,4.420,83.60,0.000
2024-08-09T02:45:00,4.420,79.90,0.000
2024-08-09T02:30:00,4.410,85.30,0.000
2024-08-09T02:15:00,4.400,85.60,0.000
2024-08-09T02:00:00,4.400,96.40,0.000
2024-08-09T01:45:00,4.390,85.50,0.000
2024-08-09T01:30:00,4.380,84.00,0.000
2024-08-09T01:15:00,4.360,88.20,0.000
2024-08-09T01:00:00,4.350,91.30,0.000
2024-08-09T00:45:00,4.340,84.70,0.000
2024-08-09T00:30:00,4.330,89.40,0.000
2024-08-09T00:15:00,4.310,81.50,0.000
2024-08-09T00:00:00,4.290,82.00,0.000
2024-08-08T23:45:00,4.270,81.10,0.000
2024-08-08T23:30:00,4.260,77.20,0.000
2024-08-08T23:15:00,4.240,80.50,0.000
2024-08-08T23:00:00,4.230,76.10,0.000
2024-08-08T22:45:00,4.220,71.20,0.000
2024-08-08T22:30:00,4.210,67.40,0.000
2024-08-08T22:15:00,4.210,66.00,0.000
2024-08-08T22:00:00,4.210,66.90,0.000
2024-08-08T21:45:00,4.210,68.60,0.000
2024-08-08T21:30:00,4.210,67.30,0.000
2024-08-08T21:15:00,4.210,67.40,0.000
2024-08-08T21:00:00,4.210,62.80,0.000
2024-08-08T20:45:00,4.200,61.90,0.000
2024-08-08T20:30:00,4.200,65.90,0.000
2024-08-08T20:15:00,4.200,68.50,0.000
2024-08-08T20:00:00,4.200,66.70,0.000
2024-08-08T19:45:00,4.200,64.40,0.000
2024-08-08T19:30:00,4.190,65.20,0.000
2024-08-08T19:15:00,4.190,66.80,0.000
2024-08-08T19:00:00,4.190,66.70,0.000
2024-08-08T18:45:00,4.190,63.60,0.000
2024-08-08T18:30:00,4.170,70.20,0.000
2024-08-08T18:15:00,4.170,67.10,0.000
2024-08-08T18:00:00,4.170,71.70,0.000
2024-08-08T17:45:00,4.170,72.00,0.000
2024-08-08T17:30:00,4.180,67.20,0.000
2024-08-08T17:15:00,4.180,67.00,0.000
2024-08-08T17:00:00,4.180,72.00,0.000
2024-08-08T16:45:00,4.180,67.80,0.000
2024-08-08T16:30:00,4.180,71.00,0.000
2024-08-08T16:15:00,4.190,72.30,0.000
2024-08-08T16:00:00,4.190,66.00,0.000
2024-08-08T15:45:00,4.190,68.30,0.000
2024-08-08T15:30:00,4.190,69.60,0.000
2024-08-08T15:15:00,4.190,70.10,0.000
2024-08-08T15:00:00,4.190,71.40,0.000
2024-08-08T14:45:00,4.190,68.50,0.000
2024-08-08T14:30:00,4.200,71.00,0.000
2024-08-08T14:15:00,4.200,73.60,0.000
2024-08-08T14:00:00,4.200,74.40,0.000
2024-08-08T13:45:00,4.190,64.50,0.000
2024-08-08T13:30:00,4.200,74.70,0.000
2024-08-08T13:15:00,4.200,65.00,0.000
2024-08-08T13:00:00,4.200,62.50,0.000
2024-08-08T12:45:00,4.200,73.70,0.000
2024-08-08T12:30:00,4.200,74.00,0.000
2024-08-08T12:15:00,4.200,67.80,0.000
2024-08-08T12:00:00,4.200,68.90,0.000
2024-08-08T11:45:00,4.200,69.70,0.000
2024-08-08T11:30:00,4.200,69.40,0.000
2024-08-08T11:15:00,4.200,75.70,0.000
2024-08-08T11:00:00,4.200,73.60,0.000
2024-08-08T10:45:00,4.200,71.60,0.000
2024-08-08T10:30:00,4.190,71.80,0.000
2024-08-08T10:15:00,4.190,74.40,0.000
2024-08-08T10:00:00,4.190,70.00,0.000
2024-08-08T09:45:00,4.190,74.40,0.000
2024-08-08T09:30:00,4.180,78.90,0.000
2024-08-08T09:15:00,4.180,75.50,0.000
2024-08-08T09:00:00,4.170,80.90,0.000
2024-08-08T08:45:00,4.160,80.60,0.000
2024-08-08T08:30:00,4.160,79.00,0.000
2024-08-08T08:15:00,4.130,85.00,0.000
2024-08-08T08:00:00,4.130,83.30,0.000
2024-08-08T07:45:00,4.140,82.00,0.000
2024-08-08T07:30:00,4.140,84.70,0.000
2024-08-08T07:15:00,4.150,88.50,0.000
2024-08-08T07:00:00,4.160,88.30,0.000
2024-08-08T06:45:00,4.160,87.20,0.000
2024-08-08T06:30:00,4.170,89.00,0.000
2024-08-08T06:15:00,4.180,89.20,0.000
2024-08-08T06:00:00,4.180,89.20,0.000
2024-08-08T05:45:00,4.190,86.80,0.000
2024-08-08T05:30:00,4.200,88.00,0.000
2024-08-08T05:15:00,4.200,86.70,0.000
2024-08-08T05:00:00,4.210,92.90,0.000
2024-08-08T04:45:00,4.210,98.80,0.000
2024-08-08T04:30:00,4.220,92.90,0.000
2024-08-08T04:15:00,4.230,94.00,0.000
2024-08-08T04:00:00,4.240,95.10,0.000
2024-08-08T03:45:00,4.240,89.40,0.000
2024-08-08T03:30:00,4.250,101.60,0.000
2024-08-08T03:15:00,4.260,102.20,0.000
2024-08-08T03:00:00,4.260,101.50,0.000
2024-08-08T02:45:00,4.270,98.00,0.000
2024-08-08T02:30:00,4.280,96.40,0.000
2024-08-08T02:15:00,4.280,94.30,0.000
2024-08-08T02:00:00,4.290,101.80,0.000
2024-08-08T01:45:00,4.300,101.80,0.000
2024-08-08T01:30:00,4.310,100.80,0.000
2024-08-08T01:15:00,4.310,99.20,0.000
2024-08-08T01:00:00,4.320,101.00,0.000
2024-08-08T00:45:00,4.330,99.40,0.000
2024-08-08T00:30:00,4.330,103.70,0.000
2024-08-08T00:15:00,4.350,108.30,0.000
2024-08-08T00:00:00,4.350,102.40,0.000
2024-08-07T23:45:00,4.360,101.50,0.000
2024-08-07T23:30:00,4.370,108.50,0.000
2024-08-07T23:15:00,4.380,106.30,0.000
2024-08-07T23:00:00,4.390,111.00,0.000
2024-08-07T22:45:00,4.390,109.70,0.000
2024-08-07T22:30:00,4.400,116.60,0.000
2024-08-07T22:15:00,4.410,110.60,0.000
2024-08-07T22:00:00,4.420,111.70,0.000
2024-08-07T21:45:00,4.430,115.30,0.000
2024-08-07T21:30:00,4.440,113.90,0.000
2024-08-07T21:15:00,4.450,121.90,0.000
2024-08-07T21:00:00,4.460,129.40,1.500
2024-08-07T20:45:00,4.470,130.90,8.000
2024-08-07T20:30:00,4.470,121.90,10.000
2024-08-07T20:15:00,4.470,118.40,0.000
2024-08-07T20:00:00,4.480,103.10,0.000
2024-08-07T19:45:00,4.500,113.40,0.000
2024-08-07T19:30:00,4.500,114.10,0.000
2024-08-07T19:15:00,4.510,118.50,0.000
2024-08-07T19:00:00,4.520,108.20,0.000
2024-08-07T18:45:00,4.530,109.00,0.000
2024-08-07T18:30:00,4.540,120.00,0.000
2024-08-07T18:15:00,4.550,112.30,0.000
2024-08-07T18:00:00,4.560,119.00,0.000
2024-08-07T17:45:00,4.570,121.10,0.000
2024-08-07T17:30:00,4.580,113.00,0.000
2024-08-07T17:15:00,4.590,132.60,0.000
2024-08-07T17:00:00,4.600,126.00,0.000
2024-08-07T16:45:00,4.610,121.10,0.000
2024-08-07T16:30:00,4.620,126.60,0.000
2024-08-07T16:15:00,4.640,115.90,0.000
2024-08-07T16:00:00,4.640,110.90,0.000
2024-08-07T15:45:00,4.650,124.10,0.000
2024-08-07T15:30:00,4.660,113.00,0.000
2024-08-07T15:15:00,4.670,102.90,0.000
2024-08-07T15:00:00,4.680,103.00,0.000
2024-08-07T14:45:00,4.700,101.40,0.000
2024-08-07T14:30:00,4.710,112.40,0.000
2024-08-07T14:15:00,4.720,115.80,0.000
2024-08-07T14:00:00,4.730,135.10,0.000
2024-08-07T13:45:00,4.750,137.40,0.000
2024-08-07T13:30:00,4.760,126.90,0.000
2024-08-07T13:15:00,4.780,108.60,0.000
2024-08-07T13:00:00,4.800,109.40,0.000
2024-08-07T12:45:00,4.810,119.30,0.000
2024-08-07T12:30:00,4.810,111.20,0.000
2024-08-07T12:15:00,4.810,114.00,0.000
2024-08-07T12:00:00,4.810,118.90,0.000
2024-08-07T11:45:00,4.810,115.40,0.000
2024-08-07T11:30:00,4.820,124.20,0.000
2024-08-07T11:15:00,4.820,119.70,0.000
2024-08-07T11:00:00,4.820,115.10,0.000
2024-08-07T10:45:00,4.810,120.50,0.000
2024-08-07T10:30:00,4.810,118.10,0.000
2024-08-07T10:15:00,4.810,126.10,0.000
2024-08-07T10:00:00,4.790,117.60,0.000
2024-08-07T09:45:00,4.790,130.30,0.000
2024-08-07T09:30:00,4.780,128.20,0.000
2024-08-07T09:15:00,4.770,130.80,0.000
2024-08-07T09:00:00,4.760,147.90,0.000
2024-08-07T08:45:00,4.740,135.50,0.000
2024-08-07T08:30:00,4.720,160.20,0.000
2024-08-07T08:15:00,4.710,152.20,0.000
2024-08-07T08:00:00,4.700,154.50,0.000
2024-08-07T07:45:00,4.690,157.70,0.000
2024-08-07T07:30:00,4.680,149.00,0.000
2024-08-07T07:15:00,4.670,143.00,0.000
2024-08-07T07:00:00,4.660,148.80,0.000
2024-08-07T06:45:00,4.650,149.50,0.000
2024-08-07T06:30:00,4.640,141.50,0.000
2024-08-07T06:15:00,4.630,138.00,0.000
2024-08-07T06:00:00,4.610,142.50,0.000
2024-08-07T05:45:00,4.600,140.80,0.000
2024-08-07T05:30:00,4.580,131.80,0.000
2024-08-07T05:15:00,4.570,143.40,0.000
2024-08-07T05:00:00,4.550,138.50,0.000
2024-08-07T04:45:00,4.540,126.40,0.000
2024-08-07T04:30:00,4.530,134.40,0.000
2024-08-07T04:15:00,4.520,130.80,0.000
2024-08-07T04:00:00,4.510,124.90,0.000
2024-08-07T03:45:00,4.500,121.70,0.000
2024-08-07T03:30:00,4.490,129.90,0.000
2024-08-07T03:15:00,4.480,128.40,0.000
2024-08-07T03:00:00,4.480,126.70,0.000
2024-08-07T02:45:00,4.480,125.10,0.000
2024-08-07T02:30:00,4.470,120.90,0.000
2024-08-07T02:15:00,4.470,122.50,0.000
2024-08-07T02:00:00,4.470,120.20,0.000
2024-08-07T01:45:00,4.470,124.20,0.000
2024-08-07T01:30:00,4.470,122.70,0.000
2024-08-07T01:15:00,4.470,125.00,0.000
2024-08-07T01:00:00,4.470,127.30,0.000
2024-08-07T00:45:00,4.480,125.80,1.000
2024-08-07T00:30:00,4.470,130.80,0.500
2024-08-07T00:15:00,4.480,128.40,3.500
2024-08-07T00:00:00,4.470,136.20,1.000
2024-08-06T23:45:00,4.480,136.00,0.500
2024-08-06T23:30:00,4.480,133.70,1.500
2024-08-06T23:15:00,4.480,135.30,1.500
2024-08-06T23:00:00,4.480,130.20,3.000
2024-08-06T22:45:00,4.480,126.70,0.000
2024-08-06T22:30:00,4.490,112.80,0.000
2024-08-06T22:15:00,4.490,127.00,0.000
2024-08-06T22:00:00,4.500,123.00,0.000
2024-08-06T21:45:00,4.500,131.40,0.000
2024-08-06T21:30:00,4.510,122.30,0.000
2024-08-06T21:15:00,4.520,120.00,0.000
2024-08-06T21:00:00,4.520,121.50,0.000
2024-08-06T20:45:00,4.530,120.40,0.000
2024-08-06T20:30:00,4.530,117.30,0.000
2024-08-06T20:15:00,4.540,126.80,0.000
2024-08-06T20:00:00,4.540,122.90,0.000
2024-08-06T19:45:00,4.550,121.30,0.000
2024-08-06T19:30:00,4.550,134.80,0.000
2024-08-06T19:15:00,4.550,136.30,0.000
2024-08-06T19:00:00,4.550,123.40,0.000
2024-08-06T18:45:00,4.530,128.50,0.000
2024-08-06T18:30:00,4.540,132.50,0.000
2024-08-06T18:15:00,4.550,141.40,0.000
2024-08-06T18:00:00,4.570,133.20,0.000
2024-08-06T17:45:00,4.570,142.10,0.000
2024-08-06T17:30:00,4.580,138.80,0.000
2024-08-06T17:15:00,4.590,137.60,0.000
2024-08-06T17:00:00,4.600,141.40,0.000
2024-08-06T16:45:00,4.610,137.80,0.000
2024-08-06T16:30:00,4.620,138.90,0.000
2024-08-06T16:15:00,4.630,136.90,0.000
2024-08-06T16:00:00,4.640,127.90,0.000
2024-08-06T15:45:00,4.640,126.60,0.000
2024-08-06T15:30:00,4.650,142.50,0.000
2024-08-06T15:15:00,4.660,133.00,0.000
2024-08-06T15:00:00,4.650,137.80,0.000
2024-08-06T14:45:00,4.660,140.80,0.000
2024-08-06T14:30:00,4.670,142.40,0.000
2024-08-06T14:15:00,4.690,148.50,0.000
2024-08-06T14:00:00,4.700,128.30,0.000
2024-08-06T13:45:00,4.710,140.10,0.000
2024-08-06T13:30:00,4.710,132.10,0.000
2024-08-06T13:15:00,4.730,142.00,0.000
2024-08-06T13:00:00,4.730,146.00,0.000
2024-08-06T12:45:00,4.740,141.00,0.000
2024-08-06T12:30:00,4.760,137.40,0.000
2024-08-06T12:15:00,4.770,134.60,0.000
2024-08-06T12:00:00,4.770,150.70,0.000
2024-08-06T11:45:00,4.780,161.20,0.000
2024-08-06T11:30:00,4.790,160.20,0.000
2024-08-06T11:15:00,4.800,156.20,0.000
2024-08-06T11:00:00,4.810,159.90,0.000
2024-08-06T10:45:00,4.810,147.90,0.000
2024-08-06T10:30:00,4.820,157.20,0.000
2024-08-06T10:15:00,4.810,161.00,0.000
2024-08-06T10:00:00,4.820,148.10,0.000
2024-08-06T09:45:00,4.830,168.20,0.000
2024-08-06T09:30:00,4.840,155.20,0.000
2024-08-06T09:15:00,4.820,173.00,0.000
2024-08-06T09:00:00,4.830,174.60,0.000
2024-08-06T08:45:00,4.850,169.30,0.000
2024-08-06T08:30:00,4.860,185.40,0.000
2024-08-06T08:15:00,4.860,187.40,0.000
2024-08-06T08:00:00,4.870,181.40,0.000
2024-08-06T07:45:00,4.880,188.80,0.000
2024-08-06T07:30:00,4.890,191.90,0.000
2024-08-06T07:15:00,4.890,190.70,0.000
2024-08-06T07:00:00,4.900,189.50,0.000
2024-08-06T06:45:00,4.910,193.20,0.500
2024-08-06T06:30:00,4.900,187.70,0.000
2024-08-06T06:15:00,4.900,194.60,0.000
2024-08-06T06:00:00,4.910,184.30,0.000
2024-08-06T05:45:00,4.910,191.60,0.000
2024-08-06T05:30:00,4.900,196.50,0.000
2024-08-06T05:15:00,4.900,191.00,0.000
2024-08-06T05:00:00,4.900,194.50,0.000
2024-08-06T04:45:00,4.890,198.00,0.000
2024-08-06T04:30:00,4.890,190.70,0.000
2024-08-06T04:15:00,4.880,190.00,0.000
2024-08-06T04:00:00,4.870,186.10,0.000
2024-08-06T03:45:00,4.870,189.20,0.000
2024-08-06T03:30:00,4.870,185.90,0.000
2024-08-06T03:15:00,4.860,183.10,0.000
2024-08-06T03:00:00,4.850,178.70,0.000
2024-08-06T02:45:00,4.840,183.10,0.000
2024-08-06T02:30:00,4.830,183.60,0.500
2024-08-06T02:15:00,4.830,179.80,0.000
2024-08-06T02:00:00,4.830,168.30,0.000
2024-08-06T01:45:00,4.830,175.40,0.000
2024-08-06T01:30:00,4.830,177.50,0.000
2024-08-06T01:15:00,4.830,168.10,0.000
2024-08-06T01:00:00,4.840,167.60,0.000
2024-08-06T00:45:00,4.860,168.90,0.000
2024-08-06T00:30:00,4.870,163.00,0.000
2024-08-06T00:15:00,4.890,170.20,0.000
2024-08-06T00:00:00,4.910,170.90,0.000
2024-08-05T23:45:00,4.930,175.80,0.000
2024-08-05T23:30:00,4.950,173.40,0.000
2024-08-05T23:15:00,4.970,179.20,0.000
2024-08-05T23:00:00,4.990,178.50,0.000
2024-08-05T22:45:00,5.020,179.10,0.000
2024-08-05T22:30:00,5.040,182.30,0.000
2024-08-05T22:15:00,5.060,184.80,0.000
2024-08-05T22:00:00,5.080,189.80,0.000
2024-08-05T21:45:00,5.110,190.20,0.000
2024-08-05T21:30:00,5.130,191.60,0.000
2024-08-05T21:15:00,5.160,188.80,0.000
2024-08-05T21:00:00,5.180,171.10,0.000
2024-08-05T20:45:00,5.200,184.50,0.000
2024-08-05T20:30:00,5.230,192.90,0.000
2024-08-05T20:15:00,5.260,199.60,0.000
2024-08-05T20:00:00,5.280,208.40,0.000
2024-08-05T19:45:00,5.310,185.90,0.000
2024-08-05T19:30:00,5.340,198.90,0.000
2024-08-05T19:15:00,5.360,202.80,0.000
2024-08-05T19:00:00,5.390,180.80,0.000
2024-08-05T18:45:00,5.410,198.70,0.000
2024-08-05T18:30:00,5.440,202.60,0.000
2024-08-05T18:15:00,5.470,183.70,0.000
2024-08-05T18:00:00,5.490,186.30,0.000
2024-08-05T17:45:00,5.520,181.70,0.000
2024-08-05T17:30:00,5.540,188.80,0.000
2024-08-05T17:15:00,5.570,195.90,0.000
2024-08-05T17:00:00,5.600,195.60,0.000
2024-08-05T16:45:00,5.630,199.20,0.000
2024-08-05T16:30:00,5.660,194.00,0.000
2024-08-05T16:15:00,5.690,182.10,0.000
2024-08-05T16:00:00,5.710,201.40,0.000
2024-08-05T15:45:00,5.740,174.90,0.000
2024-08-05T15:30:00,5.770,194.40,0.000
2024-08-05T15:15:00,5.790,195.00,0.000
2024-08-05T15:00:00,5.820,211.80,0.000
2024-08-05T14:45:00,5.850,205.60,0.000
2024-08-05T14:30:00,5.880,199.10,0.000
2024-08-05T14:15:00,5.900,197.90,0.000
2024-08-05T14:00:00,5.920,183.30,0.000
2024-08-05T13:45:00,5.950,205.20,0.000
2024-08-05T13:30:00,5.970,201.80,0.000
2024-08-05T13:15:00,5.990,214.70,0.000
2024-08-05T13:00:00,6.010,226.90,0.000
2024-08-05T12:45:00,6.020,194.90,0.000
2024-08-05T12:30:00,6.050,205.30,0.000
2024-08-05T12:15:00,6.070,210.70,0.000
2024-08-05T12:00:00,6.090,235.70,0.000
2024-08-05T11:45:00,6.100,207.80,0.000
2024-08-05T11:30:00,6.110,201.70,0.000
2024-08-05T11:15:00,6.120,233.10,0.000
2024-08-05T11:00:00,6.130,269.00,0.000
2024-08-05T10:45:00,6.130,240.30,0.000
2024-08-05T10:30:00,6.140,237.40,0.000
2024-08-05T10:15:00,6.160,228.00,0.000
2024-08-05T10:00:00,6.170,270.10,0.000
2024-08-05T09:45:00,6.170,242.70,0.000
2024-08-05T09:30:00,6.180,229.50,0.000
2024-08-05T09:15:00,6.160,246.30,0.000
2024-08-05T09:00:00,6.170,252.40,0.000
2024-08-05T08:45:00,6.160,256.00,0.000
2024-08-05T08:30:00,6.150,247.40,0.000
2024-08-05T08:15:00,6.140,255.40,0.000
2024-08-05T08:00:00,6.140,233.10,0.000
2024-08-05T07:45:00,6.120,253.10,0.000
2024-08-05T07:30:00,6.100,260.20,0.000
2024-08-05T07:15:00,6.090,237.50,0.000
2024-08-05T07:00:00,6.080,243.80,0.000
2024-08-05T06:45:00,6.040,241.90,0.000
2024-08-05T06:30:00,6.030,224.70,0.000
2024-08-05T06:15:00,6.010,270.50,0.000
2024-08-05T06:00:00,5.980,240.00,0.000
2024-08-05T05:45:00,5.960,235.20,0.000
2024-08-05T05:30:00,5.940,230.80,0.000
2024-08-05T05:15:00,5.910,219.50,0.000
2024-08-05T05:00:00,5.890,228.70,0.000
2024-08-05T04:45:00,5.870,239.70,0.000
2024-08-05T04:30:00,5.850,228.80,0.000
2024-08-05T04:15:00,5.830,225.50,0.000
2024-08-05T04:00:00,5.810,212.30,0.000
2024-08-05T03:45:00,5.780,213.30,0.000
2024-08-05T03:30:00,5.740,218.50,0.000
2024-08-05T03:15:00,5.700,215.90,0.000
2024-08-05T03:00:00,5.660,220.40,0.000
2024-08-05T02:45:00,5.620,236.80,0.000
2024-08-05T02:30:00,5.590,243.60,0.500
2024-08-05T02:15:00,5.550,221.50,0.000
2024-08-05T02:00:00,5.510,218.30,0.000
2024-08-05T01:45:00,5.480,251.90,0.500
2024-08-05T01:30:00,5.450,247.50,0.500
2024-08-05T01:15:00,5.430,231.60,1.000
2024-08-05T01:00:00,5.400,233.70,0.500
2024-08-05T00:45:00,5.390,226.20,1.000
2024-08-05T00:30:00,5.390,217.70,0.500
2024-08-05T00:15:00,5.380,210.20,0.500
2024-08-05T00:00:00,5.360,199.90,0.500
2024-08-04T23:45:00,5.330,204.00,1.000
2024-08-04T23:30:00,5.310,209.70,0.500
2024-08-04T23:15:00,5.290,201.30,1.000
2024-08-04T23:00:00,5.280,199.60,1.000
2024-08-04T22:45:00,5.260,195.20,4.000
2024-08-04T22:30:00,5.250,184.60,7.000
2024-08-04T22:15:00,5.240,192.00,1.000
2024-08-04T22:00:00,5.240,190.60,3.500
2024-08-04T21:45:00,5.240,176.10,17.000
2024-08-04T21:30:00,5.220,177.30,0.500
2024-08-04T21:15:00,5.240,179.70,0.000
2024-08-04T21:00:00,5.240,176.90,0.000
2024-08-04T20:45:00,5.240,161.30,0.000
2024-08-04T20:30:00,5.240,164.80,0.000
2024-08-04T20:15:00,5.240,169.80,0.000
2024-08-04T20:00:00,5.240,161.90,0.000
2024-08-04T19:45:00,5.240,159.50,0.000
2024-08-04T19:30:00,5.240,163.00,0.000
2024-08-04T19:15:00,5.240,147.00,0.000
2024-08-04T19:00:00,5.230,156.20,0.000
2024-08-04T18:45:00,5.230,156.80,0.000
2024-08-04T18:30:00,5.220,163.70,0.000
2024-08-04T18:15:00,5.210,157.40,0.000
2024-08-04T18:00:00,5.200,158.20,0.000
2024-08-04T17:45:00,5.180,159.50,0.000
2024-08-04T17:30:00,5.140,190.30,0.000
2024-08-04T17:15:00,5.150,174.40,0.000
2024-08-04T17:00:00,5.160,187.10,0.000
2024-08-04T16:45:00,5.170,180.00,0.000
2024-08-04T16:30:00,5.180,190.60,0.000
2024-08-04T16:15:00,5.190,182.00,0.000
2024-08-04T16:00:00,5.190,184.90,0.000
2024-08-04T15:45:00,5.200,185.20,0.000
2024-08-04T15:30:00,5.210,180.80,0.000
2024-08-04T15:15:00,5.220,166.00,0.000
2024-08-04T15:00:00,5.230,205.20,0.000
2024-08-04T14:45:00,5.230,184.90,0.000
2024-08-04T14:30:00,5.250,191.60,0.000
2024-08-04T14:15:00,5.250,193.50,0.000
2024-08-04T14:00:00,5.260,181.60,0.000
2024-08-04T13:45:00,5.260,195.90,0.000
2024-08-04T13:30:00,5.270,198.20,0.000
2024-08-04T13:15:00,5.270,196.90,0.000
2024-08-04T13:00:00,5.280,188.20,0.000
2024-08-04T12:45:00,5.280,194.90,0.000
2024-08-04T12:30:00,5.280,190.60,0.000
2024-08-04T12:15:00,5.290,201.70,0.000
2024-08-04T12:00:00,5.280,191.10,0.000
2024-08-04T11:45:00,5.280,197.10,0.000
2024-08-04T11:30:00,5.270,200.70,0.000
2024-08-04T11:15:00,5.270,189.30,0.000
2024-08-04T11:00:00,5.280,216.30,0.000
2024-08-04T10:45:00,5.280,211.30,0.000
2024-08-04T10:30:00,5.280,205.70,0.000
2024-08-04T10:15:00,5.280,217.00,0.000
2024-08-04T10:00:00,5.270,214.50,0.000
2024-08-04T09:45:00,5.280,205.50,0.000
2024-08-04T09:30:00,5.270,208.40,0.000
2024-08-04T09:15:00,5.270,209.90,0.000
2024-08-04T09:00:00,5.260,197.10,0.000
2024-08-04T08:45:00,5.230,208.60,0.000
2024-08-04T08:30:00,5.220,207.00,0.000
2024-08-04T08:15:00,5.190,207.60,0.000
2024-08-04T08:00:00,5.170,209.10,0.000
2024-08-04T07:45:00,5.150,209.90,0.000
2024-08-04T07:30:00,5.120,206.60,0.000
2024-08-04T07:15:00,5.100,208.90,0.000
2024-08-04T07:00:00,5.080,200.90,0.000
2024-08-04T06:45:00,5.050,194.40,0.000
2024-08-04T06:30:00,5.030,196.40,0.000
2024-08-04T06:15:00,4.990,194.80,0.000
2024-08-04T06:00:00,4.960,187.00,0.000
2024-08-04T05:45:00,4.930,192.50,0.000
2024-08-04T05:30:00,4.910,171.50,0.000
2024-08-04T05:15:00,4.870,182.20,0.000
2024-08-04T05:00:00,4.850,177.50,0.000
2024-08-04T04:45:00,4.820,176.40,0.000
2024-08-04T04:30:00,4.790,168.30,0.000
2024-08-04T04:15:00,4.760,166.50,0.000
2024-08-04T04:00:00,4.740,167.60,0.000
2024-08-04T03:45:00,4.710,163.80,0.000
2024-08-04T03:30:00,4.690,167.20,0.000
2024-08-04T03:15:00,4.670,164.60,0.000
2024-08-04T03:00:00,4.650,160.40,0.500
2024-08-04T02:45:00,4.630,158.50,0.000
2024-08-04T02:30:00,4.610,158.30,0.500
2024-08-04T02:15:00,4.600,155.40,0.500
2024-08-04T02:00:00,4.590,157.30,0.500
2024-08-04T01:45:00,4.580,157.30,0.500
2024-08-04T01:30:00,4.570,156.60,1.000
2024-08-04T01:15:00,4.560,150.70,1.000
2024-08-04T01:00:00,4.560,144.70,1.500
2024-08-04T00:45:00,4.550,141.30,1.000
2024-08-04T00:30:00,4.540,150.50,1.000
2024-08-04T00:15:00,4.540,142.20,1.000
2024-08-04T00:00:00,4.540,142.70,1.000
2024-08-03T23:45:00,4.530,145.40,3.000
2024-08-03T23:30:00,4.530,141.90,1.000
2024-08-03T23:15:00,4.520,140.50,2.500
2024-08-03T23:00:00,4.520,149.50,2.500
2024-08-03T22:45:00,4.520,134.00,1.000
2024-08-03T22:30:00,4.530,128.40,0.000
2024-08-03T22:15:00,4.530,97.80,0.000
2024-08-03T22:00:00,4.520,132.50,0.000
2024-08-03T21:45:00,4.520,134.80,0.000
2024-08-03T21:30:00,4.530,139.50,0.000
2024-08-03T21:15:00,4.530,142.20,0.000
2024-08-03T21:00:00,4.530,136.20,0.000
2024-08-03T20:45:00,4.530,140.30,0.000
2024-08-03T20:30:00,4.540,139.80,0.000
2024-08-03T20:15:00,4.540,133.10,0.000
2024-08-03T20:00:00,4.540,137.30,0.000
2024-08-03T19:45:00,4.550,139.10,0.000
2024-08-03T19:30:00,4.550,144.90,0.000
2024-08-03T19:15:00,4.550,143.10,0.000
2024-08-03T19:00:00,4.550,137.80,0.000
2024-08-03T18:45:00,4.550,149.20,0.000
2024-08-03T18:30:00,4.550,143.70,0.000
2024-08-03T18:15:00,4.550,139.30,0.000
2024-08-03T18:00:00,4.550,140.10,0.000
2024-08-03T17:45:00,4.560,143.90,0.000
2024-08-03T17:30:00,4.560,134.80,0.000
2024-08-03T17:15:00,4.560,131.10,0.000
2024-08-03T17:00:00,4.560,133.90,0.000
2024-08-03T16:45:00,4.560,129.80,0.000
2024-08-03T16:30:00,4.560,138.40,0.000
2024-08-03T16:15:00,4.560,132.40,0.000
2024-08-03T16:00:00,4.560,136.40,0.000
2024-08-03T15:45:00,4.560,138.00,0.000
2024-08-03T15:30:00,4.560,137.70,0.000
2024-08-03T15:15:00,4.560,131.70,0.000
2024-08-03T15:00:00,4.560,136.20,0.000
2024-08-03T14:45:00,4.570,119.80,0.000
2024-08-03T14:30:00,4.560,140.00,0.000
2024-08-03T14:15:00,4.560,130.80,0.000
2024-08-03T14:00:00,4.570,118.40,0.000
2024-08-03T13:45:00,4.570,125.10,0.000
2024-08-03T13:30:00,4.560,144.30,0.000
2024-08-03T13:15:00,4.570,143.30,0.000
2024-08-03T13:00:00,4.570,132.20,0.000
2024-08-03T12:45:00,4.560,143.30,0.000
2024-08-03T12:30:00,4.570,143.50,0.000
2024-08-03T12:15:00,4.560,133.80,0.000
2024-08-03T12:00:00,4.560,148.30,0.000
2024-08-03T11:45:00,4.560,132.90,0.000
2024-08-03T11:30:00,4.550,138.50,0.000
2024-08-03T11:15:00,4.540,145.60,0.000
2024-08-03T11:00:00,4.550,154.00,0.000
2024-08-03T10:45:00,4.550,154.00,0.000
2024-08-03T10:30:00,4.550,157.60,0.000
2024-08-03T10:15:00,4.560,153.30,0.000
2024-08-03T10:00:00,4.560,157.10,0.000
2024-08-03T09:45:00,4.560,162.40,0.000
2024-08-03T09:30:00,4.570,154.80,0.000
2024-08-03T09:15:00,4.570,160.00,0.000
2024-08-03T09:00:00,4.580,151.40,0.000
2024-08-03T08:45:00,4.570,156.90,0.000
2024-08-03T08:30:00,4.580,158.30,0.000
2024-08-03T08:15:00,4.580,156.60,0.000
2024-08-03T08:00:00,4.590,161.70,0.000
2024-08-03T07:45:00,4.590,160.40,0.000
2024-08-03T07:30:00,4.590,162.10,0.000
2024-08-03T07:15:00,4.590,158.30,0.000
2024-08-03T07:00:00,4.600,160.70,0.000
2024-08-03T06:45:00,4.600,151.30,0.000
2024-08-03T06:30:00,4.600,160.00,0.000
2024-08-03T06:15:00,4.610,153.40,0.000
2024-08-03T06:00:00,4.610,163.80,0.000
2024-08-03T05:45:00,4.610,157.00,0.000
2024-08-03T05:30:00,4.610,162.60,0.000
2024-08-03T05:15:00,4.620,164.50,0.000
2024-08-03T05:00:00,4.620,162.70,0.000
2024-08-03T04:45:00,4.630,165.60,0.000
2024-08-03T04:30:00,4.630,162.10,0.000
2024-08-03T04:15:00,4.630,159.40,0.000
2024-08-03T04:00:00,4.630,160.80,0.000
2024-08-03T03:45:00,4.630,165.40,0.000
2024-08-03T03:30:00,4.630,163.90,0.000
2024-08-03T03:15:00,4.640,167.30,0.000
2024-08-03T03:00:00,4.640,162.40,0.500
2024-08-03T02:45:00,4.640,168.10,0.000
2024-08-03T02:30:00,4.640,168.30,0.500
2024-08-03T02:15:00,4.640,170.50,0.000
2024-08-03T02:00:00,4.640,163.50,0.000
2024-08-03T01:45:00,4.650,155.30,0.000
2024-08-03T01:30:00,4.650,168.70,0.000
2024-08-03T01:15:00,4.640,157.40,0.000
2024-08-03T01:00:00,4.650,171.30,0.000
2024-08-03T00:45:00,4.640,166.20,0.000
2024-08-03T00:30:00,4.650,165.70,0.000
2024-08-03T00:15:00,4.640,167.90,0.000
2024-08-03T00:00:00,4.650,170.00,0.000
2024-08-16T23:45:00,4.530,119.90,0.000
2024-08-16T23:30:00,4.530,103.40,0.000
2024-08-16T23:15:00,4.540,106.00,0.000
2024-08-16T23:00:00,4.540,110.60,0.000
2024-08-16T22:45:00,4.540,113.40,0.000
2024-08-16T22:30:00,4.540,120.50,0.500
2024-08-16T22:15:00,4.550,127.50,1.000
2024-08-16T22:00:00,4.550,125.80,6.000
2024-08-16T21:45:00,4.540,120.50,17.000
2024-08-16T21:30:00,4.520,117.80,10.500
2024-08-16T21:15:00,4.500,119.30,0.000
2024-08-16T21:00:00,4.500,109.50,0.000
2024-08-16T20:45:00,4.500,114.10,0.000
2024-08-16T20:30:00,4.510,112.70,0.000
2024-08-16T20:15:00,4.510,111.10,0.000
2024-08-16T20:00:00,4.510,110.20,0.000
2024-08-16T19:45:00,4.510,112.00,0.000
2024-08-16T19:30:00,4.510,115.50,0.000
2024-08-16T19:15:00,4.510,119.60,0.000
2024-08-16T19:00:00,4.520,105.40,0.000
2024-08-16T18:45:00,4.520,112.90,0.000
2024-08-16T18:30:00,4.520,89.70,0.000
2024-08-16T18:15:00,4.520,80.80,0.000
2024-08-16T18:00:00,4.520,98.00,0.000
2024-08-16T17:45:00,4.520,85.40,0.000
2024-08-16T17:30:00,4.520,85.20,0.000
2024-08-16T17:15:00,4.520,71.50,0.000
2024-08-16T17:00:00,4.520,72.40,0.000
2024-08-16T16:45:00,4.520,98.70,0.000
2024-08-16T16:30:00,4.520,98.00,0.000
2024-08-16T16:15:00,4.530,90.60,0.000
2024-08-16T16:00:00,4.530,87.40,0.000
2024-08-16T15:45:00,4.530,99.00,0.000
2024-08-16T15:30:00,4.530,110.50,0.000
2024-08-16T15:15:00,4.530,85.30,0.000
2024-08-16T15:00:00,4.530,97.00,0.000
2024-08-16T14:45:00,4.540,104.20,0.000
2024-08-16T14:30:00,4.540,96.60,0.000
2024-08-16T14:15:00,4.540,97.90,0.000
2024-08-16T14:00:00,4.540,88.30,0.000
2024-08-16T13:45:00,4.540,99.70,0.000
2024-08-16T13:30:00,4.540,92.20,0.000
2024-08-16T13:15:00,4.550,81.90,0.000
2024-08-16T13:00:00,4.540,69.00,0.000
2024-08-16T12:45:00,4.550,106.60,0.000
2024-08-16T12:30:00,4.550,84.40,0.000
2024-08-16T12:15:00,4.550,100.30,0.000
2024-08-16T12:00:00,4.550,96.10,0.000
2024-08-16T11:45:00,4.550,122.90,0.000
2024-08-16T11:30:00,4.550,100.50,0.000
2024-08-16T11:15:00,4.550,98.70,0.000
2024-08-16T11:00:00,4.550,98.90,0.000
2024-08-16T10:45:00,4.540,94.50,0.000
2024-08-16T10:30:00,4.550,92.10,0.000
2024-08-16T10:15:00,4.540,92.80,0.000
2024-08-16T10:00:00,4.550,102.40,0.000
2024-08-16T09:45:00,4.550,113.00,0.000
2024-08-16T09:30:00,4.560,108.40,0.000
2024-08-16T09:15:00,4.560,109.50,0.000
2024-08-16T09:00:00,4.560,107.30,0.000
2024-08-16T08:45:00,4.560,111.10,0.000
2024-08-16T08:30:00,4.560,101.80,0.000
2024-08-16T08:15:00,4.570,105.50,0.000
2024-08-16T08:00:00,4.570,111.10,0.000
2024-08-16T07:45:00,4.570,114.80,0.000
2024-08-16T07:30:00,4.570,106.70,0.000
2024-08-16T07:15:00,4.570,111.60,0.000
2024-08-16T07:00:00,4.570,110.30,0.000
2024-08-16T06:45:00,4.570,110.70,0.000
2024-08-16T06:30:00,4.570,115.60,0.000
2024-08-16T06:15:00,4.570,113.50,0.000
2024-08-16T06:00:00,4.570,107.50,0.000
2024-08-16T05:45:00,4.570,110.00,0.000
2024-08-16T05:30:00,4.580,102.40,0.000
2024-08-16T05:15:00,4.580,110.70,0.000
2024-08-16T05:00:00,4.580,106.80,0.000
2024-08-16T04:45:00,4.580,111.40,0.000
2024-08-16T04:30:00,4.580,107.70,0.000
2024-08-16T04:15:00,4.580,105.80,0.000
2024-08-16T04:00:00,4.580,113.20,0.000
2024-08-16T03:45:00,4.580,108.50,0.000
2024-08-16T03:30:00,4.580,101.00,0.000
2024-08-16T03:15:00,4.580,110.20,0.000
2024-08-16T03:00:00,4.580,108.30,0.000
2024-08-16T02:45:00,4.580,109.70,0.000
2024-08-16T02:30:00,4.580,106.20,0.000
2024-08-16T02:15:00,4.590,109.80,0.000
2024-08-16T02:00:00,4.590,110.70,0.000
2024-08-16T01:45:00,4.590,108.20,0.000
2024-08-16T01:30:00,4.590,102.30,0.000
2024-08-16T01:15:00,4.590,110.40,0.000
2024-08-16T01:00:00,4.590,107.60,0.000
2024-08-16T00:45:00,4.590,111.00,0.000
2024-08-16T00:30:00,4.590,111.80,0.000
2024-08-16T00:15:00,4.590,115.90,0.000
2024-08-16T00:00:00,4.580,110.50,0.000
2024-08-15T23:45:00,4.590,118.70,0.000
2024-08-15T23:30:00,4.590,107.30,0.000
2024-08-15T23:15:00,4.590,114.10,0.000
2024-08-15T23:00:00,4.580,104.30,0.000
2024-08-15T22:45:00,4.580,111.60,0.000
2024-08-15T22:30:00,4.580,110.20,0.000
2024-08-15T22:15:00,4.580,107.30,0.000
2024-08-15T22:00:00,4.580,105.50,0.000
2024-08-15T21:45:00,4.580,101.70,0.000
2024-08-15T21:30:00,4.570,115.80,0.000
2024-08-15T21:15:00,4.580,102.20,0.000
2024-08-15T21:00:00,4.580,108.20,0.000
2024-08-15T20:45:00,4.570,105.30,0.000
2024-08-15T20:30:00,4.570,108.90,0.000
2024-08-15T20:15:00,4.570,113.30,0.000
2024-08-15T20:00:00,4.570,123.00,0.000
2024-08-15T19:45:00,4.570,106.40,0.000
2024-08-15T19:30:00,4.570,110.90,0.000
2024-08-15T19:15:00,4.570,114.40,0.000
2024-08-15T19:00:00,4.560,96.90,0.000
2024-08-15T18:45:00,4.560,90.40,0.000
2024-08-15T18:30:00,4.560,72.90,0.000
2024-08-15T18:15:00,4.560,104.90,0.000
2024-08-15T18:00:00,4.560,102.00,0.000
2024-08-15T17:45:00,4.550,100.20,0.000
2024-08-15T17:30:00,4.540,106.00,0.000
2024-08-15T17:15:00,4.540,94.70,0.000
2024-08-15T17:00:00,4.530,100.20,0.000
2024-08-15T16:45:00,4.520,99.70,0.000
2024-08-15T16:30:00,4.520,95.30,0.000
2024-08-15T16:15:00,4.510,103.20,0.000
2024-08-15T16:00:00,4.500,103.60,0.000
2024-08-15T15:45:00,4.490,97.10,0.000
2024-08-15T15:30:00,4.480,90.50,0.000
2024-08-15T15:15:00,4.480,93.60,0.000
2024-08-15T15:00:00,4.470,95.10,0.000
2024-08-15T14:45:00,4.450,90.20,0.000
2024-08-15T14:30:00,4.440,93.80,0.000
2024-08-15T14:15:00,4.430,95.20,0.000
2024-08-15T14:00:00,4.420,98.00,0.000
2024-08-15T13:54:00,4.410,101.50,0.000
2024-08-15T13:51:00,4.410,89.30,0.000
2024-08-15T13:48:00,4.400,88.00,0.000
2024-08-15T13:45:00,4.400,82.90,0.000
2024-08-15T13:42:00,4.390,95.50,0.000
2024-08-15T13:39:00,4.390,98.40,0.000
2024-08-15T13:36:00,4.390,100.00,0.000
2024-08-15T13:33:00,4.370,102.20,0.000
2024-08-15T13:30:00,4.380,108.00,0.000
2024-08-15T13:27:00,4.380,102.60,0.000
2024-08-15T13:24:00,4.380,93.30,0.000
2024-08-15T13:21:00,4.380,106.30,0.000
2024-08-15T13:18:00,4.350,103.90,0.000
2024-08-15T13:15:00,4.350,107.40,0.000
2024-08-15T13:12:00,4.340,109.50,0.000
2024-08-15T13:09:00,4.350,110.40,0.000
2024-08-15T13:06:00,4.350,103.20,0.000
2024-08-15T13:03:00,4.340,97.50,0.000
2024-08-15T12:54:00,4.350,100.90,0.000
2024-08-15T12:51:00,4.350,107.40,0.000
2024-08-15T12:48:00,4.350,93.40,0.000
2024-08-15T12:00:00,4.340,98.70,0.000
2024-08-15T11:45:00,4.340,103.90,0.000
2024-08-15T11:30:00,4.320,110.30,0.000
2024-08-15T11:15:00,4.320,116.40,0.000
2024-08-15T11:00:00,4.330,116.80,0.000
2024-08-15T10:45:00,4.330,123.60,0.000
2024-08-15T10:30:00,4.330,112.20,0.000
2024-08-15T10:15:00,4.340,115.50,0.000
2024-08-15T10:00:00,4.340,103.00,0.000
2024-08-15T09:45:00,4.340,111.40,0.000
2024-08-15T09:30:00,4.340,123.10,0.000
2024-08-15T09:15:00,4.340,115.00,0.000
2024-08-15T09:00:00,4.350,111.00,0.000
2024-08-15T08:45:00,4.350,107.70,0.000
2024-08-15T08:30:00,4.350,118.70,0.000
2024-08-15T08:15:00,4.350,111.60,0.000
2024-08-15T08:00:00,4.360,115.70,0.000
2024-08-15T07:45:00,4.360,115.00,0.000
2024-08-15T07:30:00,4.360,119.90,0.000
2024-08-15T07:15:00,4.360,114.30,0.000
2024-08-15T07:00:00,4.360,118.00,0.000
2024-08-15T06:45:00,4.360,115.90,0.000
2024-08-15T06:30:00,4.360,120.40,0.000
2024-08-15T06:15:00,4.360,118.80,0.000
2024-08-15T06:00:00,4.360,121.80,0.000
2024-08-15T05:45:00,4.350,124.50,0.000
2024-08-15T05:30:00,4.350,122.60,0.000
2024-08-15T05:15:00,4.350,127.60,0.000
2024-08-15T05:00:00,4.360,130.00,0.000
2024-08-15T04:45:00,4.370,122.30,0.000
2024-08-15T04:30:00,4.370,124.10,0.000
2024-08-15T04:15:00,4.370,119.70,0.000
2024-08-15T04:00:00,4.380,127.90,0.000
2024-08-15T03:45:00,4.390,124.30,0.000
2024-08-15T03:30:00,4.390,123.90,0.000
2024-08-15T03:15:00,4.400,126.60,0.000
2024-08-15T03:00:00,4.400,133.70,0.000
2024-08-15T02:45:00,4.410,125.50,0.000
2024-08-15T02:30:00,4.410,125.50,0.000
2024-08-15T02:15:00,4.420,135.00,0.000
2024-08-15T02:00:00,4.420,128.80,0.000
2024-08-15T01:45:00,4.430,135.60,0.000
2024-08-15T01:30:00,4.440,126.30,0.000
2024-08-15T01:15:00,4.440,127.50,0.000
2024-08-15T01:00:00,4.450,127.10,0.000
2024-08-15T00:45:00,4.450,128.50,0.000
2024-08-15T00:30:00,4.460,127.10,0.000
2024-08-15T00:15:00,4.460,128.70,0.000
2024-08-15T00:00:00,4.470,133.50,0.000
2024-08-14T23:45:00,4.480,131.70,0.000
2024-08-14T23:30:00,4.480,134.40,0.000
2024-08-14T23:15:00,4.490,135.50,0.000
2024-08-14T23:00:00,4.490,135.50,0.000
2024-08-14T22:45:00,4.500,132.70,0.000
2024-08-14T22:30:00,4.510,136.50,0.000
2024-08-14T22:15:00,4.510,138.40,0.000
2024-08-14T22:00:00,4.520,135.80,0.000
2024-08-14T21:45:00,4.530,137.30,0.000
2024-08-14T21:30:00,4.530,141.00,0.000
2024-08-14T21:15:00,4.540,137.70,0.000
2024-08-14T21:00:00,4.550,148.60,0.000
2024-08-14T20:45:00,4.550,140.90,0.000
2024-08-14T20:30:00,4.570,133.30,0.000
2024-08-14T20:15:00,4.570,140.20,0.000
2024-08-14T20:00:00,4.590,144.60,0.000
2024-08-14T19:45:00,4.590,145.50,0.000
2024-08-14T19:30:00,4.610,141.20,0.000
2024-08-14T19:15:00,4.620,146.10,0.000
2024-08-14T19:00:00,4.630,149.90,0.000
2024-08-14T18:45:00,4.650,117.40,0.000
2024-08-14T18:30:00,4.650,129.60,0.000
2024-08-14T18:15:00,4.660,97.40,0.000
2024-08-14T18:00:00,4.670,105.70,0.000
2024-08-14T17:45:00,4.670,103.70,0.000
2024-08-14T17:30:00,4.670,120.40,0.000
2024-08-14T17:15:00,4.680,121.10,0.000
2024-08-14T17:00:00,4.680,139.20,0.000
2024-08-14T16:45:00,4.690,135.20,0.000
2024-08-14T16:30:00,4.690,131.70,0.000
2024-08-14T16:15:00,4.700,127.60,0.000
2024-08-14T16:00:00,4.710,126.00,0.000
2024-08-14T15:45:00,4.720,126.80,0.000
2024-08-14T15:30:00,4.720,132.70,0.000
2024-08-14T15:15:00,4.730,134.90,0.000
2024-08-14T15:00:00,4.740,134.60,0.000
2024-08-14T14:45:00,4.750,139.70,0.000
2024-08-14T14:30:00,4.760,133.50,0.000
2024-08-14T14:15:00,4.770,132.40,0.000
2024-08-14T14:00:00,4.790,117.60,0.000
2024-08-14T13:45:00,4.800,118.90,0.000
2024-08-14T13:30:00,4.800,109.90,0.000
2024-08-14T13:15:00,4.810,130.50,0.000
2024-08-14T13:00:00,4.810,122.30,0.000
2024-08-14T12:45:00,4.820,124.80,0.000
2024-08-14T12:30:00,4.820,115.80,0.000
2024-08-14T12:15:00,4.830,113.90,0.000
2024-08-14T12:00:00,4.830,116.90,0.000
2024-08-14T11:45:00,4.840,128.90,0.000
2024-08-14T11:30:00,4.840,109.60,0.000
2024-08-14T11:15:00,4.840,116.90,0.000
2024-08-14T11:00:00,4.850,115.60,0.000
2024-08-14T10:45:00,4.850,121.10,0.000
2024-08-14T10:30:00,4.860,107.70,0.000
2024-08-14T10:15:00,4.860,126.70,0.000
2024-08-14T10:00:00,4.870,128.70,0.000
2024-08-14T09:45:00,4.870,119.50,0.000
2024-08-14T09:30:00,4.870,127.40,0.000
2024-08-14T09:15:00,4.880,133.10,0.000
2024-08-14T09:00:00,4.880,124.00,0.000
2024-08-14T08:45:00,4.880,137.40,0.000
2024-08-14T08:30:00,4.890,121.70,0.000
2024-08-14T08:15:00,4.890,136.70,0.000
2024-08-14T08:00:00,4.890,139.90,0.000
2024-08-14T07:45:00,4.890,135.60,0.000
2024-08-14T07:30:00,4.890,143.30,0.000
2024-08-14T07:15:00,4.890,137.30,0.000
2024-08-14T07:00:00,4.900,139.60,0.000
2024-08-14T06:45:00,4.900,134.40,0.000
2024-08-14T06:30:00,4.900,139.80,0.000
2024-08-14T06:15:00,4.890,141.40,0.000
2024-08-14T06:00:00,4.890,131.70,0.000
2024-08-14T05:45:00,4.890,136.80,0.000
2024-08-14T05:30:00,4.890,134.50,0.000
2024-08-14T05:15:00,4.890,140.40,0.000
2024-08-14T05:00:00,4.880,137.60,0.000
2024-08-14T04:45:00,4.880,141.40,0.000
2024-08-14T04:30:00,4.880,140.50,0.000
2024-08-14T04:15:00,4.880,142.40,0.000
2024-08-14T04:00:00,4.870,135.40,0.000
2024-08-14T03:45:00,4.870,141.00,0.000
2024-08-14T03:30:00,4.860,140.90,0.000
2024-08-14T03:15:00,4.860,135.10,0.000
2024-08-14T03:00:00,4.860,126.80,0.000
2024-08-14T02:45:00,4.850,146.70,0.000
2024-08-14T02:30:00,4.850,136.20,0.000
2024-08-14T02:15:00,4.840,137.10,0.000
2024-08-14T02:00:00,4.840,134.50,0.000
2024-08-14T01:45:00,4.830,135.30,0.000
2024-08-14T01:30:00,4.830,126.90,0.000
2024-08-14T01:15:00,4.830,127.10,0.000
2024-08-14T01:00:00,4.830,136.20,0.000
2024-08-14T00:45:00,4.820,131.50,0.000
2024-08-14T00:30:00,4.820,128.00,0.000
2024-08-14T00:15:00,4.820,139.60,0.000
2024-08-14T00:00:00,4.830,134.90,0.000
2024-08-13T23:45:00,4.830,134.30,0.000
2024-08-13T23:30:00,4.830,135.70,0.000
2024-08-13T23:15:00,4.830,125.60,0.000
2024-08-13T23:00:00,4.830,130.40,0.000
2024-08-13T22:45:00,4.830,136.40,0.000
2024-08-13T22:30:00,4.830,137.90,0.000
2024-08-13T22:15:00,4.840,131.40,0.000
2024-08-13T22:00:00,4.840,135.70,0.000
2024-08-13T21:45:00,4.840,135.50,0.000
2024-08-13T21:30:00,4.840,132.10,0.000
2024-08-13T21:15:00,4.840,135.50,0.000
2024-08-13T21:00:00,4.840,127.50,0.000
2024-08-13T20:45:00,4.850,134.00,0.000
2024-08-13T20:45:00,4.850,134.00,0.000
2024-08-13T20:30:00,4.850,136.60,0.000
2024-08-13T20:30:00,4.850,136.60,0.000
2024-08-13T20:15:00,4.850,137.20,0.000
2024-08-13T20:15:00,4.850,137.20,0.000
2024-08-13T20:00:00,4.850,138.10,0.000
2024-08-13T20:00:00,4.850,138.10,0.000
2024-08-13T19:45:00,4.850,135.10,0.000
2024-08-13T19:45:00,4.850,135.10,0.000
2024-08-13T19:30:00,4.850,107.70,0.000
2024-08-13T19:30:00,4.850,107.70,0.000
2024-08-13T19:15:00,4.860,128.90,0.000
2024-08-13T19:15:00,4.860,128.90,0.000
2024-08-13T19:00:00,4.860,134.80,0.000
2024-08-13T19:00:00,4.860,134.80,0.000
2024-08-13T18:45:00,4.880,108.50,0.000
2024-08-13T18:45:00,4.880,108.50,0.000
2024-08-13T18:30:00,4.870,116.80,0.000
2024-08-13T18:30:00,4.870,116.80,0.000
2024-08-13T18:30:00,0.000,0.00,0.000
2024-08-13T18:15:00,0.000,0.00,0.000
2024-08-13T18:15:00,4.860,119.90,0.000
2024-08-13T18:15:00,4.860,119.90,0.000
2024-08-13T18:00:00,4.850,115.90,0.000
2024-08-13T18:00:00,4.850,115.90,0.000
2024-08-13T18:00:00,0.000,0.00,0.000
2024-08-13T17:45:00,4.800,125.60,0.000
2024-08-13T17:45:00,4.830,127.20,0.000
2024-08-13T17:45:00,4.830,127.20,0.000
2024-08-13T17:30:00,4.820,116.10,0.000
2024-08-13T17:30:00,4.820,116.10,0.000
2024-08-13T17:30:00,4.800,125.60,0.000
2024-08-13T17:15:00,4.800,125.60,0.000
2024-08-13T17:00:00,4.800,121.40,0.000
2024-08-13T16:45:00,4.780,123.70,0.000
2024-08-13T16:30:00,4.770,114.90,0.000
2024-08-13T16:30:00,0.000,0.00,0.000
2024-08-13T16:30:00,0.000,0.00,0.000
2024-08-13T16:15:00,0.000,0.00,0.000
2024-08-13T16:15:00,0.000,0.00,0.000
2024-08-13T16:15:00,4.760,115.10,0.000
2024-08-13T16:00:00,4.750,119.00,0.000
2024-08-13T16:00:00,0.000,0.00,0.000
2024-08-13T16:00:00,0.000,0.00,0.000
2024-08-13T15:45:00,0.000,0.00,0.000
2024-08-13T15:45:00,0.000,0.00,0.000
2024-08-13T15:45:00,4.730,115.80,0.000
2024-08-13T15:30:00,4.720,119.20,0.000
2024-08-13T15:30:00,0.000,0.00,0.000
2024-08-13T15:30:00,0.000,0.00,0.000
2024-08-13T15:15:00,0.000,0.00,0.000
2024-08-13T15:15:00,0.000,0.00,0.000
2024-08-13T15:15:00,4.700,135.60,1.000
2024-08-13T15:00:00,4.680,130.60,4.000
2024-08-13T15:00:00,0.000,0.00,0.000
2024-08-13T15:00:00,0.000,0.00,0.000
2024-08-13T14:45:00,0.000,0.00,0.000
2024-08-13T14:45:00,0.000,0.00,0.000
2024-08-13T14:45:00,4.650,110.30,0.000
2024-08-13T14:30:00,4.640,110.70,0.000
2024-08-13T14:30:00,0.000,0.00,0.000
2024-08-13T14:30:00,0.000,0.00,0.000
2024-08-13T14:15:00,0.000,0.00,0.000
2024-08-13T14:15:00,0.000,0.00,0.000
2024-08-13T14:15:00,4.620,122.90,0.000
2024-08-13T14:00:00,4.610,122.90,0.000
2024-08-13T14:00:00,0.000,0.00,0.000
2024-08-13T14:00:00,0.000,0.00,0.000
2024-08-13T13:45:00,0.000,0.00,0.000
2024-08-13T13:45:00,0.000,0.00,0.000
2024-08-13T13:45:00,4.590,115.10,0.000
2024-08-13T13:30:00,4.580,117.20,0.000
2024-08-13T13:30:00,0.000,0.00,0.000
2024-08-13T13:30:00,0.000,0.00,0.000
2024-08-13T13:15:00,0.000,0.00,0.500
2024-08-13T13:15:00,0.000,0.00,0.500
2024-08-13T13:15:00,4.560,102.40,0.000
2024-08-13T13:00:00,4.560,114.00,0.000
2024-08-13T13:00:00,0.000,0.00,0.000
2024-08-13T13:00:00,0.000,0.00,0.000
2024-08-13T12:45:00,0.000,0.00,0.000
2024-08-13T12:45:00,0.000,0.00,0.000
2024-08-13T12:45:00,4.540,109.50,0.000
2024-08-13T12:30:00,4.530,106.50,0.000
2024-08-13T12:30:00,0.000,0.00,0.500
2024-08-13T12:30:00,0.000,0.00,0.500
2024-08-13T12:15:00,0.000,0.00,0.000
2024-08-13T12:15:00,0.000,0.00,0.000
2024-08-13T12:15:00,4.520,106.60,0.000
2024-08-13T12:00:00,4.510,88.30,0.000
2024-08-13T11:45:00,4.500,107.80,0.000
2024-08-13T11:30:00,4.490,97.00,0.000
2024-08-13T11:30:00,0.000,0.00,0.000
2024-08-13T11:30:00,0.000,0.00,0.000
2024-08-13T11:15:00,0.000,0.00,0.000
2024-08-13T11:15:00,0.000,0.00,0.000
2024-08-13T11:15:00,4.480,96.20,0.000
2024-08-13T11:00:00,4.480,116.00,0.000
2024-08-13T11:00:00,0.000,0.00,0.000
2024-08-13T11:00:00,0.000,0.00,0.000
2024-08-13T10:45:00,0.000,0.00,0.000
2024-08-13T10:45:00,0.000,0.00,0.000
2024-08-13T10:45:00,4.470,82.30,0.000
2024-08-13T10:30:00,4.460,106.40,0.000
2024-08-13T10:30:00,0.000,0.00,0.000
2024-08-13T10:30:00,0.000,0.00,0.000
2024-08-13T10:15:00,0.000,0.00,0.000
2024-08-13T10:15:00,0.000,0.00,0.000
2024-08-13T10:15:00,4.450,116.60,0.000
2024-08-13T10:00:00,4.440,113.00,0.000
2024-08-13T10:00:00,0.000,0.00,0.000
2024-08-13T10:00:00,0.000,0.00,0.000
2024-08-13T09:45:00,4.420,117.70,0.000
2024-08-13T09:30:00,4.400,119.10,0.000
2024-08-13T09:15:00,4.400,120.40,0.000
2024-08-13T09:00:00,4.380,125.50,0.000
2024-08-13T08:45:00,4.390,128.50,0.000
2024-08-13T08:30:00,4.400,120.40,0.000
2024-08-13T08:15:00,4.410,122.00,0.000
2024-08-13T08:00:00,4.410,120.40,0.000
2024-08-13T07:45:00,4.420,125.50,0.000
2024-08-13T07:30:00,4.430,127.60,0.000
2024-08-13T07:15:00,4.430,130.10,0.000
2024-08-13T07:00:00,4.440,125.00,0.000
2024-08-13T06:45:00,4.440,130.40,0.000
2024-08-13T06:30:00,4.450,129.90,0.000
2024-08-13T06:15:00,4.450,129.20,0.000
2024-08-13T06:00:00,4.450,127.00,0.000
2024-08-13T05:45:00,4.450,139.50,0.000
2024-08-13T05:30:00,4.460,131.70,0.000
2024-08-13T05:15:00,4.460,131.20,0.000
2024-08-13T05:00:00,4.460,130.90,0.000
2024-08-13T04:45:00,4.460,134.30,0.000
2024-08-13T04:30:00,4.460,134.70,0.000
2024-08-13T04:15:00,4.460,127.10,0.000
2024-08-13T04:00:00,4.460,129.10,0.000
2024-08-13T03:45:00,4.460,144.30,0.000
2024-08-13T03:30:00,4.460,130.60,0.000
2024-08-13T03:15:00,4.460,134.90,0.000
2024-08-13T03:00:00,4.460,130.30,0.000
2024-08-13T02:45:00,4.460,122.80,0.000
2024-08-13T02:30:00,4.450,124.70,0.000
2024-08-13T02:15:00,4.450,130.50,0.000
2024-08-13T02:00:00,4.450,129.60,0.000
2024-08-13T01:45:00,4.440,129.30,0.000
2024-08-13T01:30:00,4.440,126.00,0.000
2024-08-13T01:15:00,4.430,125.10,0.000
2024-08-13T01:00:00,4.440,120.70,0.000
2024-08-13T00:45:00,4.430,129.20,0.000
2024-08-13T00:30:00,4.430,123.80,0.000
2024-08-13T00:15:00,4.440,117.30,0.000
2024-08-13T00:00:00,4.450,123.30,0.000
2024-08-12T23:45:00,4.460,134.20,0.000
2024-08-12T23:30:00,4.460,134.60,0.500
2024-08-12T23:15:00,4.480,135.00,0.000
2024-08-12T23:00:00,4.490,135.10,0.000
2024-08-12T22:45:00,4.500,140.30,0.000
2024-08-12T22:30:00,4.520,125.90,0.000
2024-08-12T22:15:00,4.530,124.00,0.000
2024-08-12T22:00:00,4.550,133.60,0.000
2024-08-12T21:45:00,4.560,136.30,0.000
2024-08-12T21:30:00,4.580,122.00,0.000
2024-08-12T21:15:00,4.600,136.40,0.000
2024-08-12T21:00:00,4.620,138.40,0.000
2024-08-12T20:45:00,4.630,136.90,0.000
2024-08-12T20:30:00,4.650,147.30,1.000
2024-08-12T20:15:00,4.660,140.70,4.500
2024-08-12T20:00:00,4.670,134.10,2.500
2024-08-12T19:45:00,4.680,137.80,0.500
2024-08-12T19:30:00,4.700,128.60,0.000
2024-08-12T19:15:00,4.710,133.70,0.000
2024-08-12T19:00:00,4.720,129.40,0.000
2024-08-12T18:45:00,4.740,144.50,0.000
2024-08-12T18:30:00,4.740,143.00,0.000
2024-08-12T18:15:00,4.770,137.20,0.000
2024-08-12T18:00:00,4.790,148.80,0.000
2024-08-12T17:45:00,4.810,142.20,0.000
2024-08-12T17:30:00,4.840,144.30,0.000
2024-08-12T17:15:00,4.860,144.80,0.000
2024-08-12T17:00:00,4.890,158.50,0.000
2024-08-12T16:45:00,4.910,155.90,0.000
2024-08-12T16:30:00,4.930,161.60,0.000
2024-08-12T16:15:00,4.950,164.30,0.000
2024-08-12T16:00:00,4.960,164.30,0.000
2024-08-12T15:45:00,4.990,165.50,0.000
2024-08-12T15:30:00,5.020,175.30,0.000
2024-08-12T15:15:00,5.060,176.50,0.000
2024-08-12T15:00:00,5.080,174.10,0.000
2024-08-12T14:45:00,5.110,183.50,0.000
2024-08-12T14:30:00,5.140,182.30,0.000
2024-08-12T14:15:00,5.180,178.80,0.000
2024-08-12T14:00:00,5.210,187.20,0.000
2024-08-12T13:45:00,5.230,190.60,0.000
2024-08-12T13:30:00,5.250,173.40,0.000
2024-08-12T13:15:00,5.280,169.30,0.000
2024-08-12T13:00:00,5.310,186.70,0.000
2024-08-12T12:45:00,5.330,175.70,0.000
2024-08-12T12:30:00,5.350,178.20,0.000
2024-08-12T12:15:00,5.380,188.70,0.000
2024-08-12T12:00:00,5.400,176.00,0.000
2024-08-12T11:45:00,5.410,190.50,0.000
2024-08-12T11:30:00,5.440,197.50,0.000
2024-08-12T11:15:00,5.450,172.40,0.000
2024-08-12T11:00:00,5.470,184.00,0.000
2024-08-12T10:45:00,5.490,180.80,0.000
2024-08-12T10:30:00,5.500,178.60,0.000
2024-08-12T10:15:00,5.510,171.00,0.000
2024-08-12T10:00:00,5.500,168.60,0.000
2024-08-12T09:45:00,5.530,201.60,0.000
2024-08-12T09:30:00,5.550,171.30,0.000
2024-08-12T09:15:00,5.530,188.10,0.000
2024-08-12T09:00:00,5.520,177.80,0.000
2024-08-12T08:45:00,5.500,192.50,0.000
2024-08-12T08:30:00,5.490,181.90,0.000
2024-08-12T08:15:00,5.460,196.80,0.000
2024-08-12T08:00:00,5.430,191.90,0.000
2024-08-12T07:45:00,5.380,186.40,0.000
2024-08-12T07:30:00,5.350,190.50,0.000
2024-08-12T07:15:00,5.300,188.10,0.000
2024-08-12T07:00:00,5.260,191.20,0.000
2024-08-12T06:45:00,5.220,194.70,0.000
2024-08-12T06:30:00,5.170,185.60,0.000
2024-08-12T06:15:00,5.130,196.60,0.000
2024-08-12T06:00:00,5.130,167.70,0.000
2024-08-12T05:45:00,5.070,166.40,0.000
2024-08-12T05:30:00,5.010,164.90,0.000
2024-08-12T05:15:00,4.960,157.20,0.000
2024-08-12T05:00:00,4.890,149.20,0.000
2024-08-12T04:45:00,4.820,153.70,0.000
2024-08-12T04:30:00,4.750,134.80,0.000
2024-08-12T04:15:00,4.700,130.00,0.000
2024-08-12T04:00:00,4.640,128.90,0.000
2024-08-12T03:45:00,4.590,120.50,0.000
2024-08-12T03:30:00,4.560,104.30,0.000
2024-08-12T03:15:00,4.530,111.20,0.500
2024-08-12T03:00:00,4.520,99.40,0.000
2024-08-12T02:45:00,4.510,110.50,0.000
2024-08-12T02:30:00,4.500,107.60,0.000
2024-08-12T02:15:00,4.500,105.80,0.500
2024-08-12T02:00:00,4.500,103.00,0.000
2024-08-12T01:45:00,4.490,110.50,0.500
2024-08-12T01:30:00,4.490,81.30,0.000
2024-08-12T01:15:00,4.490,89.70,0.000
2024-08-12T01:00:00,4.480,89.00,0.000
2024-08-12T00:45:00,4.480,99.30,0.000
2024-08-12T00:30:00,4.480,108.30,0.500
2024-08-12T00:15:00,4.480,114.20,0.500
2024-08-12T00:00:00,4.480,107.90,0.000
2024-08-11T23:45:00,4.470,85.90,0.000
2024-08-11T23:30:00,4.470,87.20,0.000
2024-08-11T23:15:00,4.470,89.10,1.000
2024-08-11T23:00:00,4.470,103.80,1.000
2024-08-11T22:45:00,4.460,83.60,0.000
2024-08-11T22:30:00,4.460,85.00,0.000
2024-08-11T22:15:00,4.460,88.30,0.000
2024-08-11T22:00:00,4.450,95.30,0.500
2024-08-11T21:45:00,4.450,107.20,1.000
2024-08-11T21:30:00,4.450,111.20,0.000
2024-08-11T21:15:00,4.450,91.70,0.000
2024-08-11T21:00:00,4.450,104.80,0.000
2024-08-11T20:45:00,4.440,88.40,0.000
2024-08-11T20:30:00,4.440,106.80,0.500
2024-08-11T20:15:00,4.440,99.40,0.000
2024-08-11T20:00:00,4.440,78.00,0.000
2024-08-11T19:45:00,4.440,75.20,0.000
2024-08-11T19:30:00,4.440,81.80,0.000
2024-08-11T19:15:00,4.440,84.00,0.000
2024-08-11T19:00:00,4.440,83.10,0.000
2024-08-11T18:45:00,4.440,75.30,0.000
2024-08-11T18:30:00,4.440,68.10,0.000
2024-08-11T18:15:00,4.440,62.90,0.000
2024-08-11T18:00:00,4.440,64.30,0.000
2024-08-11T17:45:00,4.440,80.30,0.000
2024-08-11T17:30:00,4.440,74.70,0.000
2024-08-11T17:15:00,4.440,83.20,0.000
2024-08-11T17:00:00,4.440,78.30,0.000
2024-08-11T16:45:00,4.440,83.20,0.000
2024-08-11T16:30:00,4.440,70.70,0.000
2024-08-11T16:15:00,4.440,71.00,0.000
2024-08-11T16:00:00,4.430,64.70,0.000
2024-08-11T15:45:00,4.440,66.30,0.000
2024-08-11T15:30:00,4.440,69.40,0.000
2024-08-11T15:15:00,4.440,55.40,0.000
2024-08-11T15:00:00,4.440,62.00,0.000
2024-08-11T14:45:00,4.440,78.10,0.000
2024-08-11T14:30:00,4.440,84.30,0.000
2024-08-11T14:15:00,4.440,89.50,0.000
2024-08-11T14:00:00,4.440,61.80,0.000
2024-08-11T13:45:00,4.450,81.20,0.000
2024-08-11T13:30:00,4.450,65.00,0.000
2024-08-11T13:15:00,4.450,68.60,0.000
2024-08-11T13:00:00,4.450,63.10,0.000
2024-08-11T12:45:00,4.450,58.20,0.000
2024-08-11T12:30:00,4.450,62.80,0.000
2024-08-11T12:15:00,4.450,84.00,0.000
2024-08-11T12:00:00,4.450,75.90,0.000
2024-08-11T11:45:00,4.450,56.60,0.000
2024-08-11T11:30:00,4.450,64.00,0.000
2024-08-11T11:15:00,4.450,70.00,0.000
2024-08-11T11:00:00,4.450,62.40,0.000
2024-08-11T10:45:00,4.450,92.40,0.000
2024-08-11T10:30:00,4.450,84.00,0.000
2024-08-11T10:15:00,4.450,71.00,0.000
2024-08-11T10:00:00,4.460,73.50,0.000
2024-08-11T09:45:00,4.460,71.70,0.000
2024-08-11T09:30:00,4.460,72.60,0.000
2024-08-11T09:15:00,4.450,73.50,0.000
2024-08-11T09:00:00,4.450,82.30,0.000
2024-08-11T08:45:00,4.460,87.00,0.000
2024-08-11T08:30:00,4.460,88.70,0.000
2024-08-11T08:15:00,4.460,89.00,0.000
2024-08-11T08:00:00,4.460,77.70,0.000
2024-08-11T07:45:00,4.460,90.70,0.000
2024-08-11T07:30:00,4.460,85.00,0.000
2024-08-11T07:15:00,4.460,81.80,0.000
2024-08-11T07:00:00,4.460,80.90,0.000
2024-08-11T06:45:00,4.460,85.20,0.000
2024-08-11T06:30:00,4.460,83.40,0.000
2024-08-11T06:15:00,4.460,84.50,0.000
2024-08-11T06:00:00,4.460,83.50,0.000
2024-08-11T05:45:00,4.460,84.20,0.000
2024-08-11T05:30:00,4.450,79.60,0.000
2024-08-11T05:15:00,4.450,91.30,0.000
2024-08-11T05:00:00,4.450,73.00,0.000
2024-08-11T04:45:00,4.450,84.40,0.000
2024-08-11T04:30:00,4.450,79.70,0.000
2024-08-11T04:15:00,4.450,72.30,0.000
2024-08-11T04:00:00,4.450,81.60,0.000
2024-08-11T03:45:00,4.450,83.50,0.000
2024-08-11T03:30:00,4.450,74.50,0.000
2024-08-11T03:15:00,4.440,82.00,0.000
2024-08-11T03:00:00,4.440,77.10,0.000
2024-08-11T02:45:00,4.440,78.80,0.000
2024-08-11T02:30:00,4.440,80.40,0.000
2024-08-11T02:15:00,4.440,78.50,0.000
2024-08-11T02:00:00,4.440,81.90,0.000
2024-08-11T01:45:00,4.440,94.50,0.000
2024-08-11T01:30:00,4.430,81.30,0.000
2024-08-11T01:15:00,4.430,87.00,0.000
2024-08-11T01:00:00,4.430,104.60,1.000
2024-08-11T00:45:00,4.420,108.50,0.000
2024-08-11T00:30:00,4.420,99.40,0.000
2024-08-11T00:15:00,4.420,103.00,1.000
2024-08-11T00:00:00,4.410,102.50,0.000
2024-08-10T23:45:00,4.410,95.70,0.500
2024-08-10T23:30:00,4.400,98.20,0.500
2024-08-10T23:15:00,4.400,98.30,4.500
2024-08-10T23:00:00,4.390,100.00,1.000
2024-08-10T22:45:00,4.380,66.70,0.000
2024-08-10T22:30:00,4.380,73.50,0.000
2024-08-10T22:15:00,4.370,66.20,0.000
2024-08-10T22:00:00,4.370,79.00,0.000
2024-08-10T21:45:00,4.370,83.70,0.000
2024-08-10T21:30:00,4.370,82.40,0.000
2024-08-10T21:15:00,4.360,77.30,0.000
2024-08-10T21:00:00,4.360,67.10,0.000
2024-08-10T20:45:00,4.360,76.50,0.000
2024-08-10T20:30:00,4.350,88.70,0.000
2024-08-10T20:15:00,4.350,79.20,0.000
2024-08-10T20:00:00,4.340,81.50,0.000
2024-08-10T19:45:00,4.340,80.00,0.000
2024-08-10T19:30:00,4.340,81.40,0.000
2024-08-10T19:15:00,4.330,78.70,0.000
2024-08-10T19:00:00,4.330,76.40,0.000
2024-08-10T18:45:00,4.320,77.20,0.000
2024-08-10T18:30:00,4.320,79.60,0.000
2024-08-10T18:15:00,4.310,69.50,0.000
2024-08-10T18:00:00,4.300,74.20,0.000
2024-08-10T17:45:00,4.300,73.30,0.000
2024-08-10T17:30:00,4.290,71.90,0.000
2024-08-10T17:15:00,4.280,69.40,0.000
2024-08-10T17:00:00,4.270,73.40,0.000
2024-08-10T16:45:00,4.260,69.90,0.000
2024-08-10T16:30:00,4.260,74.00,0.000
2024-08-10T16:15:00,4.250,75.00,0.000
2024-08-10T16:00:00,4.240,63.60,0.000
2024-08-10T15:45:00,4.240,70.60,0.000
2024-08-10T15:30:00,4.230,69.40,0.000
2024-08-10T15:15:00,4.220,74.70,0.000
2024-08-10T15:00:00,4.210,71.40,0.000
2024-08-10T14:45:00,4.200,75.60,0.000
2024-08-10T14:30:00,4.190,74.90,0.000
2024-08-10T14:15:00,4.180,69.60,0.000
2024-08-10T14:00:00,4.180,71.60,0.000
2024-08-10T13:45:00,4.170,59.40,0.000
2024-08-10T13:30:00,4.160,69.00,0.000
2024-08-10T13:15:00,4.150,68.10,0.000
2024-08-10T13:00:00,4.140,70.10,0.000
2024-08-10T12:45:00,4.130,68.20,0.000
2024-08-10T12:30:00,4.120,62.60,0.000
2024-08-10T12:15:00,4.110,58.20,0.000
2024-08-10T12:00:00,4.100,52.60,0.000
2024-08-10T11:45:00,4.100,59.80,0.000
2024-08-10T11:30:00,4.100,46.30,0.000
2024-08-10T11:15:00,4.090,52.90,0.000
2024-08-10T11:00:00,4.090,50.40,0.000
2024-08-10T10:45:00,4.090,52.70,0.000
2024-08-10T10:30:00,4.100,46.20,0.000
2024-08-10T10:15:00,4.100,44.80,0.000
2024-08-10T10:00:00,4.100,44.60,0.000
2024-08-10T09:45:00,4.100,46.80,0.000
2024-08-10T09:30:00,4.100,50.20,0.000
2024-08-10T09:15:00,4.110,53.30,0.000
2024-08-10T09:00:00,4.110,52.50,0.000
2024-08-10T08:45:00,4.110,53.30,0.000
2024-08-10T08:30:00,4.110,55.30,0.000
2024-08-10T08:15:00,4.110,54.10,0.000
2024-08-10T08:00:00,4.120,55.20,0.000
2024-08-10T07:45:00,4.120,57.50,0.000
2024-08-10T07:30:00,4.120,54.30,0.000
2024-08-10T07:15:00,4.120,55.30,0.000
2024-08-10T07:00:00,4.130,55.90,0.000
2024-08-10T06:45:00,4.130,56.00,0.000
2024-08-10T06:30:00,4.130,59.00,0.000
2024-08-10T06:15:00,4.140,63.10,0.000
2024-08-10T06:00:00,4.140,57.70,0.000
2024-08-10T05:45:00,4.140,61.70,0.000
2024-08-10T05:30:00,4.150,56.00,0.000
2024-08-10T05:15:00,4.150,57.00,0.000
2024-08-10T05:00:00,4.150,59.60,0.000
2024-08-10T04:45:00,4.160,60.00,0.000
2024-08-10T04:30:00,4.160,56.60,0.000
2024-08-10T04:15:00,4.160,57.60,0.000
2024-08-10T04:00:00,4.170,58.30,0.000
2024-08-10T03:45:00,4.170,58.20,0.000
2024-08-10T03:30:00,4.180,56.50,0.000
2024-08-10T03:15:00,4.180,56.60,0.000
2024-08-10T03:00:00,4.190,60.40,0.000
2024-08-10T02:45:00,4.190,58.10,0.000
2024-08-10T02:30:00,4.190,60.10,0.000
2024-08-10T02:15:00,4.200,60.30,0.000
2024-08-10T02:00:00,4.200,59.70,0.000
2024-08-10T01:45:00,4.210,59.30,0.000
2024-08-10T01:30:00,4.210,67.80,0.000
2024-08-10T01:15:00,4.220,72.20,0.000
2024-08-10T01:00:00,4.220,58.20,0.000
2024-08-10T00:45:00,4.220,62.50,0.000
2024-08-10T00:30:00,4.230,61.20,0.000
2024-08-10T00:15:00,4.230,64.80,0.000
2024-08-10T00:00:00,4.240,64.90,0.000
2024-08-23T23:45:00,4.650,129.40,0.000
2024-08-23T23:30:00,4.650,123.80,0.000
2024-08-23T23:15:00,4.650,137.40,0.000
2024-08-23T23:00:00,4.660,137.90,0.000
2024-08-23T22:45:00,4.660,136.00,0.000
2024-08-23T22:30:00,4.660,132.30,0.000
2024-08-23T22:15:00,4.670,134.20,0.000
2024-08-23T22:00:00,4.670,126.70,0.000
2024-08-23T21:45:00,4.670,129.00,0.000
2024-08-23T21:30:00,4.660,131.60,0.000
2024-08-23T21:15:00,4.670,129.80,0.000
2024-08-23T21:00:00,4.670,122.00,0.000
2024-08-23T20:45:00,4.670,124.70,0.000
2024-08-23T20:30:00,4.670,135.00,0.000
2024-08-23T20:15:00,4.680,138.80,0.000
2024-08-23T20:00:00,4.680,136.60,0.000
2024-08-23T19:45:00,4.680,137.80,0.000
2024-08-23T19:30:00,4.680,137.50,0.000
2024-08-23T19:15:00,4.680,135.20,0.000
2024-08-23T19:00:00,4.680,132.70,0.000
2024-08-23T18:45:00,4.680,127.40,0.000
2024-08-23T18:30:00,4.680,129.50,0.000
2024-08-23T18:15:00,4.680,130.70,0.000
2024-08-23T18:00:00,4.680,139.10,0.000
2024-08-23T17:45:00,4.680,138.10,0.000
2024-08-23T17:30:00,4.680,132.00,0.000
2024-08-23T17:15:00,4.680,137.80,0.000
2024-08-23T17:00:00,4.680,135.00,0.000
2024-08-23T16:45:00,4.680,141.00,0.000
2024-08-23T16:30:00,4.670,144.40,0.000
2024-08-23T16:15:00,4.680,143.30,0.000
2024-08-23T16:00:00,4.680,141.50,0.000
2024-08-23T15:45:00,4.670,132.50,0.000
2024-08-23T15:30:00,4.680,133.40,0.000
2024-08-23T15:15:00,4.670,124.30,0.000
2024-08-23T15:00:00,4.670,137.10,0.000
2024-08-23T14:45:00,4.670,142.90,0.000
2024-08-23T14:30:00,4.660,143.50,0.000
2024-08-23T14:15:00,4.650,152.90,0.000
2024-08-23T14:00:00,4.660,150.40,0.000
2024-08-23T13:45:00,4.670,134.80,0.000
2024-08-23T13:30:00,4.670,133.60,0.000
2024-08-23T13:15:00,4.670,127.10,0.000
2024-08-23T13:00:00,4.670,143.30,0.000
2024-08-23T12:45:00,4.670,149.50,0.000
2024-08-23T12:30:00,4.680,141.50,0.000
2024-08-23T12:15:00,4.680,146.70,0.000
2024-08-23T12:00:00,4.670,140.90,0.000
2024-08-23T11:45:00,4.680,145.80,0.000
2024-08-23T11:30:00,4.670,155.60,0.000
2024-08-23T11:15:00,4.670,126.10,0.000
2024-08-23T11:00:00,4.670,148.80,0.000
2024-08-23T10:45:00,4.660,149.40,0.000
2024-08-23T10:30:00,4.660,150.80,0.000
2024-08-23T10:15:00,4.660,151.90,0.000
2024-08-23T10:00:00,4.650,151.10,0.000
2024-08-23T09:45:00,4.650,146.20,0.000
2024-08-23T09:30:00,4.640,145.90,0.000
2024-08-23T09:15:00,4.630,152.00,0.000
2024-08-23T09:00:00,4.620,152.10,0.000
2024-08-23T08:45:00,4.620,155.20,0.000
2024-08-23T08:30:00,4.610,154.10,0.500
2024-08-23T08:15:00,4.590,155.00,0.000
2024-08-23T08:00:00,4.590,152.30,0.000
2024-08-23T07:45:00,4.570,153.00,0.000
2024-08-23T07:30:00,4.570,148.30,0.000
2024-08-23T07:15:00,4.550,150.50,0.000
2024-08-23T07:00:00,4.540,146.30,0.000
2024-08-23T06:45:00,4.530,141.10,0.000
2024-08-23T06:30:00,4.510,141.10,0.000
2024-08-23T06:15:00,4.500,137.00,0.000
2024-08-23T06:00:00,4.490,135.80,0.000
2024-08-23T05:45:00,4.470,142.60,0.000
2024-08-23T05:30:00,4.460,131.20,0.000
2024-08-23T05:15:00,4.450,123.50,0.000
2024-08-23T05:00:00,4.440,129.00,0.000
2024-08-23T04:45:00,4.440,129.60,0.000
2024-08-23T04:30:00,4.430,135.40,0.000
2024-08-23T04:15:00,4.430,127.20,0.000
2024-08-23T04:00:00,4.430,112.80,0.000
2024-08-23T03:45:00,4.440,112.50,0.000
2024-08-23T03:30:00,4.440,122.40,0.000
2024-08-23T03:15:00,4.440,135.00,0.000
2024-08-23T03:00:00,4.440,142.40,0.500
2024-08-23T02:45:00,4.450,136.90,0.500
2024-08-23T02:30:00,4.450,139.80,0.500
2024-08-23T02:15:00,4.450,139.70,0.000
2024-08-23T02:00:00,4.450,135.80,0.000
2024-08-23T01:45:00,4.460,127.70,0.000
2024-08-23T01:30:00,4.460,132.10,0.000
2024-08-23T01:15:00,4.470,124.70,0.000
2024-08-23T01:00:00,4.470,121.60,0.000
2024-08-23T00:45:00,4.480,120.40,0.000
2024-08-23T00:30:00,4.480,128.00,0.000
2024-08-23T00:15:00,4.480,137.80,0.000
2024-08-23T00:00:00,4.480,126.70,0.000
2024-08-22T23:45:00,4.490,127.90,0.000
2024-08-22T23:30:00,4.490,135.30,0.000
2024-08-22T23:15:00,4.500,123.00,0.000
2024-08-22T23:00:00,4.500,122.00,0.000
2024-08-22T22:45:00,4.500,138.50,0.000
2024-08-22T22:30:00,4.510,132.10,0.000
2024-08-22T22:15:00,4.510,130.60,0.000
2024-08-22T22:00:00,4.520,131.40,0.000
2024-08-22T21:45:00,4.520,132.40,0.000
2024-08-22T21:30:00,4.530,131.70,0.000
2024-08-22T21:15:00,4.530,132.00,0.000
2024-08-22T21:00:00,4.530,127.20,0.000
2024-08-22T20:45:00,4.530,136.10,0.000
2024-08-22T20:30:00,4.540,136.90,0.000
2024-08-22T20:15:00,4.540,137.50,0.000
2024-08-22T20:00:00,4.550,127.00,0.000
2024-08-22T19:45:00,4.550,132.20,0.000
2024-08-22T19:30:00,4.560,124.50,0.000
2024-08-22T19:15:00,4.560,128.30,0.000
2024-08-22T19:00:00,4.570,129.80,0.000
2024-08-22T18:45:00,4.570,130.70,0.000
2024-08-22T18:30:00,4.580,136.50,0.000
2024-08-22T18:15:00,4.580,134.80,0.000
2024-08-22T18:00:00,4.580,132.70,0.000
2024-08-22T17:45:00,4.580,130.60,0.000
2024-08-22T17:30:00,4.590,124.60,0.000
2024-08-22T17:15:00,4.590,130.10,0.000
2024-08-22T17:00:00,4.590,132.30,0.000
2024-08-22T16:45:00,4.590,118.50,0.000
2024-08-22T16:30:00,4.600,123.00,0.000
2024-08-22T16:15:00,4.610,124.10,0.000
2024-08-22T16:00:00,4.610,129.00,0.000
2024-08-22T15:45:00,4.620,121.80,0.000
2024-08-22T15:30:00,4.620,133.30,0.000
2024-08-22T15:15:00,4.630,142.10,0.000
2024-08-22T15:00:00,4.630,135.30,0.000
2024-08-22T14:45:00,4.630,127.40,0.000
2024-08-22T14:30:00,4.640,128.00,0.000
2024-08-22T14:15:00,4.650,125.80,0.000
2024-08-22T14:00:00,4.650,118.20,0.000
2024-08-22T13:45:00,4.650,116.70,0.000
2024-08-22T13:30:00,4.660,126.70,0.000
2024-08-22T13:15:00,4.670,134.20,0.000
2024-08-22T13:00:00,4.670,130.90,0.000
2024-08-22T12:45:00,4.670,145.40,0.000
2024-08-22T12:30:00,4.680,141.30,0.000
2024-08-22T12:15:00,4.680,121.00,0.000
2024-08-22T12:00:00,4.680,137.80,0.000
2024-08-22T11:45:00,4.690,134.10,0.000
2024-08-22T11:30:00,4.690,127.30,0.000
2024-08-22T11:15:00,4.690,139.20,0.000
2024-08-22T11:00:00,4.700,122.50,0.000
2024-08-22T10:45:00,4.700,136.80,0.000
2024-08-22T10:30:00,4.700,147.90,0.000
2024-08-22T10:15:00,4.700,126.60,0.000
2024-08-22T10:00:00,4.710,125.80,0.000
2024-08-22T09:45:00,4.710,143.30,0.000
2024-08-22T09:30:00,4.710,146.20,0.000
2024-08-22T09:15:00,4.710,136.20,0.000
2024-08-22T09:00:00,4.720,151.30,0.000
2024-08-22T08:45:00,4.710,150.80,0.000
2024-08-22T08:30:00,4.710,146.50,0.000
2024-08-22T08:15:00,4.700,160.50,0.000
2024-08-22T08:00:00,4.700,152.90,0.000
2024-08-22T07:45:00,4.700,155.90,0.000
2024-08-22T07:30:00,4.720,162.40,0.000
2024-08-22T07:15:00,4.730,163.40,0.000
2024-08-22T07:00:00,4.740,161.50,0.000
2024-08-22T06:45:00,4.750,159.40,0.000
2024-08-22T06:30:00,4.760,164.30,0.000
2024-08-22T06:15:00,4.780,155.80,0.000
2024-08-22T06:00:00,4.790,168.50,0.000
2024-08-22T05:45:00,4.800,163.60,0.000
2024-08-22T05:30:00,4.820,158.50,0.000
2024-08-22T05:15:00,4.840,155.00,0.000
2024-08-22T05:00:00,4.840,154.00,0.000
2024-08-22T04:45:00,4.850,156.80,0.000
2024-08-22T04:30:00,4.850,158.20,0.000
2024-08-22T04:15:00,4.860,155.50,0.000
2024-08-22T04:00:00,4.870,159.00,0.000
2024-08-22T03:45:00,4.870,150.10,0.000
2024-08-22T03:30:00,4.880,158.40,0.000
2024-08-22T03:15:00,4.880,157.10,0.000
2024-08-22T03:00:00,4.890,163.40,0.000
2024-08-22T02:45:00,4.900,159.50,0.000
2024-08-22T02:30:00,4.900,155.60,0.000
2024-08-22T02:15:00,4.910,162.40,0.000
2024-08-22T02:00:00,4.910,159.70,0.000
2024-08-22T01:45:00,4.920,160.90,0.000
2024-08-22T01:30:00,4.930,155.10,0.000
2024-08-22T01:15:00,4.930,167.60,0.000
2024-08-22T01:00:00,4.930,162.80,0.000
2024-08-22T00:45:00,4.940,154.60,0.000
2024-08-22T00:30:00,4.950,160.90,0.000
2024-08-22T00:15:00,4.960,161.90,0.000
2024-08-22T00:00:00,4.960,159.00,0.000
2024-08-21T23:45:00,4.970,154.20,0.000
2024-08-21T23:30:00,4.970,157.90,0.000
2024-08-21T23:15:00,4.980,165.90,0.000
2024-08-21T23:00:00,4.980,168.00,0.000
2024-08-21T22:45:00,4.990,153.00,0.000
2024-08-21T22:30:00,5.000,163.60,0.000
2024-08-21T22:15:00,5.000,156.00,0.000
2024-08-21T22:00:00,5.010,155.20,0.000
2024-08-21T21:45:00,5.020,152.00,0.000
2024-08-21T21:30:00,5.020,157.50,0.000
2024-08-21T21:15:00,5.020,169.80,0.000
2024-08-21T21:00:00,5.030,166.60,0.000
2024-08-21T20:45:00,5.040,157.10,0.000
2024-08-21T20:30:00,5.040,166.40,0.000
2024-08-21T20:15:00,5.050,161.90,0.000
2024-08-21T20:00:00,5.060,162.20,0.000
2024-08-21T19:45:00,5.060,157.80,0.000
2024-08-21T19:30:00,5.060,166.10,0.000
2024-08-21T19:15:00,5.070,160.80,0.000
2024-08-21T19:00:00,5.070,154.10,0.000
2024-08-21T18:45:00,5.080,158.70,0.000
2024-08-21T18:30:00,5.080,162.70,0.000
2024-08-21T18:15:00,5.090,153.40,0.000
2024-08-21T18:00:00,5.090,152.60,0.000
2024-08-21T17:45:00,5.090,157.30,0.000
2024-08-21T17:30:00,5.090,166.20,0.000
2024-08-21T17:15:00,5.100,170.70,0.000
2024-08-21T17:00:00,5.110,152.70,0.000
2024-08-21T16:45:00,5.110,167.50,0.000
2024-08-21T16:30:00,5.110,177.30,0.000
2024-08-21T16:15:00,5.120,166.40,0.000
2024-08-21T16:00:00,5.130,158.90,0.000
2024-08-21T15:45:00,5.130,161.30,0.000
2024-08-21T15:30:00,5.130,170.80,0.000
2024-08-21T15:15:00,5.130,161.20,0.000
2024-08-21T15:00:00,5.140,158.40,0.000
2024-08-21T14:45:00,5.140,177.80,0.000
2024-08-21T14:30:00,5.140,150.90,0.000
2024-08-21T14:15:00,5.150,158.00,0.000
2024-08-21T14:00:00,5.150,155.90,0.000
2024-08-21T13:45:00,5.160,166.70,0.000
2024-08-21T13:30:00,5.160,151.20,0.000
2024-08-21T13:15:00,5.170,149.50,0.000
2024-08-21T13:00:00,5.170,173.70,0.000
2024-08-21T12:45:00,5.180,158.40,0.000
2024-08-21T12:30:00,5.180,161.70,0.000
2024-08-21T12:15:00,5.200,150.00,0.000
2024-08-21T12:00:00,5.190,146.00,0.000
2024-08-21T11:45:00,5.170,151.00,0.000
2024-08-21T11:30:00,5.140,141.70,0.000
2024-08-21T11:15:00,5.110,174.40,0.000
2024-08-21T11:00:00,5.070,164.50,0.000
2024-08-21T10:45:00,5.030,181.20,0.000
2024-08-21T10:30:00,5.020,175.50,0.000
2024-08-21T10:15:00,5.010,179.50,0.000
2024-08-21T10:00:00,4.990,178.10,0.000
2024-08-21T09:45:00,4.980,174.20,0.000
2024-08-21T09:30:00,4.950,187.40,0.000
2024-08-21T09:15:00,4.920,192.50,0.000
2024-08-21T09:00:00,4.900,193.10,0.000
2024-08-21T08:45:00,4.890,198.70,0.000
2024-08-21T08:30:00,4.870,191.40,0.000
2024-08-21T08:15:00,4.860,193.50,0.000
2024-08-21T08:00:00,4.840,191.40,0.000
2024-08-21T07:45:00,4.830,184.50,0.000
2024-08-21T07:30:00,4.820,191.30,0.000
2024-08-21T07:15:00,4.810,187.70,0.000
2024-08-21T07:00:00,4.800,182.40,0.000
2024-08-21T06:45:00,4.790,180.50,0.000
2024-08-21T06:30:00,4.790,178.50,0.000
2024-08-21T06:15:00,4.780,178.20,0.000
2024-08-21T06:00:00,4.780,179.90,0.000
2024-08-21T05:45:00,4.780,176.40,0.000
2024-08-21T05:30:00,4.780,176.10,0.000
2024-08-21T05:15:00,4.780,173.80,0.000
2024-08-21T05:00:00,4.780,183.70,0.000
2024-08-21T04:45:00,4.780,180.00,0.000
2024-08-21T04:30:00,4.780,179.20,0.000
2024-08-21T04:15:00,4.790,177.80,0.000
2024-08-21T04:00:00,4.780,181.20,0.000
2024-08-21T03:45:00,4.790,184.00,0.000
2024-08-21T03:30:00,4.790,181.60,0.000
2024-08-21T03:15:00,4.790,183.30,0.500
2024-08-21T03:00:00,4.780,185.00,1.500
2024-08-21T02:45:00,4.780,186.80,0.500
2024-08-21T02:30:00,4.780,181.30,0.500
2024-08-21T02:15:00,4.780,181.60,2.500
2024-08-21T02:00:00,4.780,175.70,0.000
2024-08-21T01:45:00,4.770,177.50,0.000
2024-08-21T01:30:00,4.770,176.00,0.000
2024-08-21T01:15:00,4.770,177.30,0.000
2024-08-21T01:00:00,4.780,172.20,0.000
2024-08-21T00:45:00,4.780,176.70,0.000
2024-08-21T00:30:00,4.780,180.40,0.000
2024-08-21T00:15:00,4.790,177.90,0.000
2024-08-21T00:00:00,4.790,169.00,0.000
2024-08-20T23:45:00,4.800,176.80,0.000
2024-08-20T23:30:00,4.800,182.20,0.000
2024-08-20T23:15:00,4.810,170.90,0.000
2024-08-20T23:00:00,4.820,177.70,0.000
2024-08-20T22:45:00,4.820,180.00,0.000
2024-08-20T22:30:00,4.830,181.30,0.000
2024-08-20T22:15:00,4.840,171.90,0.000
2024-08-20T22:00:00,4.840,181.50,0.000
2024-08-20T21:45:00,4.850,173.30,0.000
2024-08-20T21:30:00,4.850,185.50,0.000
2024-08-20T21:15:00,4.860,168.20,0.000
2024-08-20T21:00:00,4.860,172.60,0.000
2024-08-20T20:45:00,4.870,185.40,0.000
2024-08-20T20:30:00,4.870,178.90,0.000
2024-08-20T20:15:00,4.880,179.10,0.000
2024-08-20T20:00:00,4.890,182.30,0.000
2024-08-20T19:45:00,4.900,187.50,0.000
2024-08-20T19:30:00,4.900,180.60,0.000
2024-08-20T19:15:00,4.910,177.40,2.000
2024-08-20T19:00:00,4.910,164.90,3.500
2024-08-20T18:45:00,4.890,154.50,0.000
2024-08-20T18:30:00,4.900,179.30,0.000
2024-08-20T18:15:00,4.900,184.40,0.000
2024-08-20T18:00:00,4.910,188.70,0.000
2024-08-20T17:45:00,4.920,186.20,0.000
2024-08-20T17:30:00,4.920,184.20,0.000
2024-08-20T17:15:00,4.930,186.30,0.000
2024-08-20T17:00:00,4.940,179.60,0.000
2024-08-20T16:45:00,4.940,189.40,0.000
2024-08-20T16:30:00,4.950,184.50,0.000
2024-08-20T16:15:00,4.960,174.80,0.000
2024-08-20T16:00:00,4.960,174.50,0.000
2024-08-20T15:45:00,4.960,177.80,0.000
2024-08-20T15:30:00,4.960,184.40,0.000
2024-08-20T15:15:00,4.960,184.50,0.000
2024-08-20T15:00:00,4.960,183.30,0.000
2024-08-20T14:45:00,4.960,183.70,0.000
2024-08-20T14:30:00,4.960,171.10,0.000
2024-08-20T14:15:00,4.960,180.40,0.000
2024-08-20T14:00:00,4.960,179.40,0.000
2024-08-20T13:45:00,4.960,165.30,0.000
2024-08-20T13:30:00,4.960,177.90,0.000
2024-08-20T13:15:00,4.960,184.20,0.000
2024-08-20T13:00:00,4.960,166.60,0.000
2024-08-20T12:45:00,4.950,159.70,0.000
2024-08-20T12:30:00,4.950,173.00,0.000
2024-08-20T12:15:00,4.950,167.60,0.000
2024-08-20T12:00:00,4.950,177.80,0.000
2024-08-20T11:45:00,4.950,176.80,0.000
2024-08-20T11:30:00,4.950,175.20,0.000
2024-08-20T11:15:00,4.950,177.30,0.000
2024-08-20T11:00:00,4.950,177.40,0.000
2024-08-20T10:45:00,4.940,178.50,0.000
2024-08-20T10:30:00,4.940,176.60,0.000
2024-08-20T10:15:00,4.940,180.30,0.000
2024-08-20T10:00:00,4.950,188.10,0.000
2024-08-20T09:45:00,4.950,181.10,0.000
2024-08-20T09:30:00,4.930,178.50,0.000
2024-08-20T09:15:00,4.920,189.90,0.000
2024-08-20T09:00:00,4.900,174.70,0.000
2024-08-20T08:45:00,4.890,188.20,0.000
2024-08-20T08:30:00,4.860,174.80,0.000
2024-08-20T08:15:00,4.840,180.60,0.000
2024-08-20T08:00:00,4.820,182.90,0.000
2024-08-20T07:45:00,4.810,185.40,0.000
2024-08-20T07:30:00,4.790,186.10,0.000
2024-08-20T07:15:00,4.780,177.40,0.000
2024-08-20T07:00:00,4.770,185.80,0.000
2024-08-20T06:45:00,4.750,181.70,0.500
2024-08-20T06:30:00,4.750,177.20,0.000
2024-08-20T06:15:00,4.740,171.80,0.000
2024-08-20T06:00:00,4.740,174.40,0.000
2024-08-20T05:45:00,4.730,172.10,0.000
2024-08-20T05:30:00,4.740,165.40,0.000
2024-08-20T05:15:00,4.740,167.40,0.000
2024-08-20T05:00:00,4.750,164.80,0.000
2024-08-20T04:45:00,4.760,170.60,0.000
2024-08-20T04:30:00,4.770,165.60,0.000
2024-08-20T04:15:00,4.770,164.80,0.000
2024-08-20T04:00:00,4.780,171.80,0.000
2024-08-20T03:45:00,4.790,169.20,0.000
2024-08-20T03:30:00,4.800,166.50,0.000
2024-08-20T03:15:00,4.820,166.30,0.000
2024-08-20T03:00:00,4.830,172.70,0.000
2024-08-20T02:45:00,4.830,172.40,0.000
2024-08-20T02:30:00,4.850,174.10,0.500
2024-08-20T02:15:00,4.850,184.80,1.000
2024-08-20T02:00:00,4.860,182.00,6.500
2024-08-20T01:45:00,4.870,163.90,3.500
2024-08-20T01:30:00,4.870,169.50,0.000
2024-08-20T01:15:00,4.880,163.20,0.000
2024-08-20T01:00:00,4.890,172.80,1.000
2024-08-20T00:45:00,4.910,172.10,1.500
2024-08-20T00:30:00,4.920,172.80,0.000
2024-08-20T00:15:00,4.930,175.30,0.000
2024-08-20T00:00:00,4.950,173.70,0.000
2024-08-19T23:45:00,4.960,175.70,0.000
2024-08-19T23:30:00,4.970,172.70,0.000
2024-08-19T23:15:00,4.980,178.50,0.000
2024-08-19T23:00:00,5.000,180.90,0.000
2024-08-19T22:45:00,5.020,176.00,0.000
2024-08-19T22:30:00,5.030,179.80,0.000
2024-08-19T22:15:00,5.040,180.50,0.000
2024-08-19T22:00:00,5.050,174.00,0.000
2024-08-19T21:45:00,5.060,173.30,0.000
2024-08-19T21:30:00,5.070,179.30,0.000
2024-08-19T21:15:00,5.080,183.70,0.000
2024-08-19T21:00:00,5.100,187.80,0.000
2024-08-19T20:45:00,5.100,185.00,0.000
2024-08-19T20:30:00,5.120,180.40,0.000
2024-08-19T20:15:00,5.130,177.00,0.000
2024-08-19T20:00:00,5.140,176.50,0.000
2024-08-19T19:45:00,5.150,184.10,0.000
2024-08-19T19:30:00,5.160,175.40,0.000
2024-08-19T19:15:00,5.160,171.70,0.000
2024-08-19T19:00:00,5.170,189.90,0.000
2024-08-19T18:45:00,5.170,191.90,0.000
2024-08-19T18:30:00,5.180,188.60,0.000
2024-08-19T18:15:00,5.170,176.40,0.000
2024-08-19T18:00:00,5.190,180.90,0.000
2024-08-19T17:45:00,5.200,184.40,0.000
2024-08-19T17:30:00,5.220,178.00,0.000
2024-08-19T17:15:00,5.240,182.30,0.000
2024-08-19T17:00:00,5.260,204.70,0.000
2024-08-19T16:45:00,5.270,187.00,0.000
2024-08-19T16:30:00,5.290,170.30,0.000
2024-08-19T16:15:00,5.310,188.20,0.000
2024-08-19T16:00:00,5.340,192.30,0.000
2024-08-19T15:45:00,5.360,183.70,0.000
2024-08-19T15:30:00,5.370,196.70,0.000
2024-08-19T15:15:00,5.380,193.10,0.000
2024-08-19T15:00:00,5.400,180.30,0.000
2024-08-19T14:45:00,5.410,188.40,0.000
2024-08-19T14:30:00,5.430,203.70,0.000
2024-08-19T14:15:00,5.460,197.30,0.000
2024-08-19T14:00:00,5.480,205.40,0.000
2024-08-19T13:45:00,5.500,168.30,0.000
2024-08-19T13:30:00,5.510,186.30,0.000
2024-08-19T13:15:00,5.540,180.20,0.000
2024-08-19T13:00:00,5.550,186.90,0.000
2024-08-19T12:45:00,5.570,180.70,0.000
2024-08-19T12:30:00,5.580,186.80,0.000
2024-08-19T12:15:00,5.610,201.00,0.000
2024-08-19T12:00:00,5.620,191.80,0.000
2024-08-19T11:45:00,5.620,174.60,0.000
2024-08-19T11:30:00,5.630,182.90,0.000
2024-08-19T11:15:00,5.630,209.80,0.000
2024-08-19T11:00:00,5.640,221.80,0.000
2024-08-19T10:45:00,5.650,205.10,0.000
2024-08-19T10:30:00,5.650,223.80,0.000
2024-08-19T10:15:00,5.640,184.70,0.000
2024-08-19T10:00:00,5.640,188.90,0.000
2024-08-19T09:45:00,5.640,188.00,0.000
2024-08-19T09:30:00,5.620,211.00,0.000
2024-08-19T09:15:00,5.600,186.60,0.000
2024-08-19T09:00:00,5.580,201.80,0.000
2024-08-19T08:45:00,5.570,217.10,0.000
2024-08-19T08:30:00,5.540,213.80,0.000
2024-08-19T08:15:00,5.510,196.60,0.000
2024-08-19T08:00:00,5.470,220.90,0.000
2024-08-19T07:45:00,5.430,230.60,0.000
2024-08-19T07:30:00,5.390,213.90,0.000
2024-08-19T07:15:00,5.340,231.20,0.000
2024-08-19T07:00:00,5.300,255.00,0.000
2024-08-19T06:45:00,5.240,245.40,0.000
2024-08-19T06:30:00,5.200,239.70,0.000
2024-08-19T06:15:00,5.140,246.20,0.000
2024-08-19T06:00:00,5.100,239.50,0.000
2024-08-19T05:45:00,5.060,233.10,0.000
2024-08-19T05:30:00,5.000,223.60,0.000
2024-08-19T05:15:00,4.940,232.60,0.000
2024-08-19T05:00:00,4.890,217.20,0.000
2024-08-19T04:45:00,4.850,199.30,0.000
2024-08-19T04:30:00,4.780,195.40,0.000
2024-08-19T04:15:00,4.720,186.80,0.000
2024-08-19T04:00:00,4.660,180.90,0.000
2024-08-19T03:45:00,4.620,163.20,0.000
2024-08-19T03:30:00,4.580,150.60,0.000
2024-08-19T03:15:00,4.550,138.80,0.000
2024-08-19T03:00:00,4.550,140.90,0.000
2024-08-19T02:45:00,4.520,126.60,0.000
2024-08-19T02:30:00,4.510,130.60,0.000
2024-08-19T02:15:00,4.500,131.60,0.000
2024-08-19T02:00:00,4.500,115.70,0.000
2024-08-19T01:45:00,4.500,119.50,0.000
2024-08-19T01:30:00,4.500,117.90,0.000
2024-08-19T01:15:00,4.500,121.90,0.000
2024-08-19T01:00:00,4.510,117.50,3.000
2024-08-19T00:45:00,4.510,126.10,0.000
2024-08-19T00:30:00,4.510,121.70,0.000
2024-08-19T00:15:00,4.520,116.50,0.000
2024-08-19T00:00:00,4.520,134.90,3.000
2024-08-18T23:45:00,4.520,130.90,0.000
2024-08-18T23:30:00,4.530,131.90,0.000
2024-08-18T23:15:00,4.530,109.90,0.000
2024-08-18T23:00:00,4.540,119.30,0.000
2024-08-18T22:45:00,4.540,121.00,0.000
2024-08-18T22:30:00,4.550,121.50,0.000
2024-08-18T22:15:00,4.550,120.70,0.000
2024-08-18T22:00:00,4.550,132.30,0.000
2024-08-18T21:45:00,4.550,136.40,0.000
2024-08-18T21:30:00,4.550,129.50,0.000
2024-08-18T21:15:00,4.550,123.60,0.000
2024-08-18T21:00:00,4.540,135.10,0.000
2024-08-18T20:45:00,4.540,125.10,0.000
2024-08-18T20:30:00,4.530,137.10,0.000
2024-08-18T20:15:00,4.530,132.00,0.500
2024-08-18T20:00:00,4.520,128.20,0.000
2024-08-18T19:45:00,4.520,135.70,0.500
2024-08-18T19:30:00,4.510,131.90,0.000
2024-08-18T19:15:00,4.500,125.60,0.000
2024-08-18T19:00:00,4.490,117.40,0.000
2024-08-18T18:45:00,4.490,123.20,0.000
2024-08-18T18:30:00,4.490,121.40,0.000
2024-08-18T18:15:00,4.490,119.40,0.000
2024-08-18T18:00:00,4.490,114.20,0.000
2024-08-18T17:45:00,4.480,121.70,0.000
2024-08-18T17:30:00,4.480,123.00,0.000
2024-08-18T17:15:00,4.480,112.60,0.000
2024-08-18T17:00:00,4.480,121.20,0.000
2024-08-18T16:45:00,4.480,113.80,0.000
2024-08-18T16:30:00,4.480,111.80,0.000
2024-08-18T16:15:00,4.480,113.60,0.000
2024-08-18T16:00:00,4.490,111.70,0.000
2024-08-18T15:45:00,4.490,118.90,0.000
2024-08-18T15:30:00,4.490,94.00,0.000
2024-08-18T15:15:00,4.490,114.50,0.000
2024-08-18T15:00:00,4.500,116.90,0.000
2024-08-18T14:45:00,4.500,122.00,0.000
2024-08-18T14:30:00,4.500,101.20,0.000
2024-08-18T14:15:00,4.500,89.90,0.000
2024-08-18T14:00:00,4.500,111.00,0.000
2024-08-18T13:45:00,4.510,108.10,0.000
2024-08-18T13:30:00,4.510,108.70,0.000
2024-08-18T13:15:00,4.510,110.90,0.000
2024-08-18T13:00:00,4.520,103.60,0.000
2024-08-18T12:45:00,4.520,105.00,0.000
2024-08-18T12:30:00,4.520,120.60,0.000
2024-08-18T12:15:00,4.520,125.20,0.000
2024-08-18T12:00:00,4.530,103.40,0.000
2024-08-18T11:45:00,4.530,117.10,0.000
2024-08-18T11:30:00,4.530,124.10,0.000
2024-08-18T11:15:00,4.530,109.10,0.000
2024-08-18T11:00:00,4.540,124.00,0.000
2024-08-18T10:45:00,4.540,103.00,0.000
2024-08-18T10:30:00,4.540,117.30,0.000
2024-08-18T10:15:00,4.550,108.40,0.000
2024-08-18T10:00:00,4.550,116.40,0.000
2024-08-18T09:45:00,4.550,111.80,0.000
2024-08-18T09:30:00,4.550,118.40,0.000
2024-08-18T09:15:00,4.550,119.10,0.000
2024-08-18T09:00:00,4.550,124.40,0.000
2024-08-18T08:45:00,4.560,119.60,0.000
2024-08-18T08:30:00,4.560,120.30,0.000
2024-08-18T08:15:00,4.560,125.90,0.000
2024-08-18T08:00:00,4.570,121.30,0.000
2024-08-18T07:45:00,4.570,128.40,0.000
2024-08-18T07:30:00,4.560,125.20,0.000
2024-08-18T07:15:00,4.570,128.80,0.000
2024-08-18T07:00:00,4.560,133.20,0.000
2024-08-18T06:45:00,4.560,118.40,0.000
2024-08-18T06:30:00,4.560,126.50,0.000
2024-08-18T06:15:00,4.570,122.80,0.000
2024-08-18T06:00:00,4.570,122.50,0.000
2024-08-18T05:45:00,4.560,118.60,0.000
2024-08-18T05:30:00,4.570,121.30,0.000
2024-08-18T05:15:00,4.570,130.80,0.000
2024-08-18T05:00:00,4.570,128.60,0.000
2024-08-18T04:45:00,4.580,128.90,3.000
2024-08-18T04:30:00,4.570,128.70,0.000
2024-08-18T04:15:00,4.560,119.70,0.000
2024-08-18T04:00:00,4.560,118.90,0.000
2024-08-18T03:45:00,4.550,116.80,0.000
2024-08-18T03:30:00,4.550,119.40,0.000
2024-08-18T03:15:00,4.540,120.20,0.000
2024-08-18T03:00:00,4.540,118.80,0.000
2024-08-18T02:45:00,4.530,116.90,0.000
2024-08-18T02:30:00,4.530,124.80,0.500
2024-08-18T02:15:00,4.520,127.20,1.500
2024-08-18T02:00:00,4.520,130.30,1.000
2024-08-18T01:45:00,4.510,118.70,1.000
2024-08-18T01:30:00,4.500,127.60,2.500
2024-08-18T01:15:00,4.490,114.20,2.000
2024-08-18T01:00:00,4.480,115.60,0.000
2024-08-18T00:45:00,4.460,113.40,0.000
2024-08-18T00:30:00,4.460,102.30,0.000
2024-08-18T00:15:00,4.460,106.70,0.000
2024-08-18T00:00:00,4.460,113.80,0.000
2024-08-17T23:45:00,4.460,111.00,0.000
2024-08-17T23:30:00,4.460,107.00,0.000
2024-08-17T23:15:00,4.460,98.90,0.000
2024-08-17T23:00:00,4.460,108.00,0.000
2024-08-17T22:45:00,4.460,103.20,0.000
2024-08-17T22:30:00,4.460,121.70,0.000
2024-08-17T22:15:00,4.460,113.10,0.000
2024-08-17T22:00:00,4.460,107.50,0.000
2024-08-17T21:45:00,4.460,108.20,0.000
2024-08-17T21:30:00,4.470,107.30,0.000
2024-08-17T21:15:00,4.470,107.30,0.000
2024-08-17T21:00:00,4.470,113.40,0.000
2024-08-17T20:45:00,4.470,112.70,0.000
2024-08-17T20:30:00,4.470,104.50,0.000
2024-08-17T20:15:00,4.470,99.80,0.000
2024-08-17T20:00:00,4.470,109.50,0.000
2024-08-17T19:45:00,4.470,106.70,0.000
2024-08-17T19:30:00,4.470,105.50,0.000
2024-08-17T19:15:00,4.470,100.70,0.000
2024-08-17T19:00:00,4.470,109.30,0.000
2024-08-17T18:45:00,4.470,92.00,0.000
2024-08-17T18:30:00,4.470,106.40,0.000
2024-08-17T18:15:00,4.470,103.90,0.000
2024-08-17T18:00:00,4.470,107.90,0.000
2024-08-17T17:45:00,4.470,100.00,0.000
2024-08-17T17:30:00,4.470,110.20,0.000
2024-08-17T17:15:00,4.470,104.60,0.000
2024-08-17T17:00:00,4.460,111.50,0.000
2024-08-17T16:45:00,4.460,106.80,0.000
2024-08-17T16:30:00,4.460,98.70,0.000
2024-08-17T16:15:00,4.460,110.80,0.000
2024-08-17T16:00:00,4.460,109.70,0.000
2024-08-17T15:45:00,4.460,99.00,0.000
2024-08-17T15:30:00,4.460,114.20,0.000
2024-08-17T15:15:00,4.450,110.80,0.000
2024-08-17T15:00:00,4.450,96.90,0.000
2024-08-17T14:45:00,4.450,107.80,0.000
2024-08-17T14:30:00,4.450,98.70,0.000
2024-08-17T14:15:00,4.440,96.00,0.000
2024-08-17T14:00:00,4.430,99.10,0.000
2024-08-17T13:45:00,4.420,115.80,0.000
2024-08-17T13:30:00,4.390,117.90,0.000
2024-08-17T13:15:00,4.400,130.40,0.000
2024-08-17T13:00:00,4.430,118.90,0.000
2024-08-17T12:45:00,4.470,110.30,0.000
2024-08-17T12:30:00,4.540,105.10,0.000
2024-08-17T12:15:00,4.540,106.50,0.000
2024-08-17T12:00:00,4.540,110.20,0.000
2024-08-17T11:45:00,4.540,104.70,0.000
2024-08-17T11:30:00,4.540,106.00,0.000
2024-08-17T11:15:00,4.540,106.60,0.000
2024-08-17T11:00:00,4.540,109.20,0.000
2024-08-17T10:45:00,4.540,111.60,0.000
2024-08-17T10:30:00,4.540,108.70,0.000
2024-08-17T10:15:00,4.540,104.80,0.000
2024-08-17T10:00:00,4.530,106.40,0.000
2024-08-17T09:45:00,4.540,113.50,0.000
2024-08-17T09:30:00,4.540,122.30,0.000
2024-08-17T09:15:00,4.540,103.50,0.000
2024-08-17T09:00:00,4.540,107.20,0.000
2024-08-17T08:45:00,4.540,112.50,0.000
2024-08-17T08:30:00,4.530,116.00,0.000
2024-08-17T08:15:00,4.530,115.80,0.000
2024-08-17T08:00:00,4.530,116.40,0.000
2024-08-17T07:45:00,4.530,118.90,0.000
2024-08-17T07:30:00,4.530,113.70,0.000
2024-08-17T07:15:00,4.530,106.80,0.000
2024-08-17T07:00:00,4.530,114.80,0.000
2024-08-17T06:45:00,4.520,114.90,0.000
2024-08-17T06:30:00,4.520,110.80,0.000
2024-08-17T06:15:00,4.520,108.30,0.000
2024-08-17T06:00:00,4.520,117.80,0.000
2024-08-17T05:45:00,4.520,117.30,0.000
2024-08-17T05:30:00,4.520,117.70,0.000
2024-08-17T05:15:00,4.520,112.30,0.000
2024-08-17T05:00:00,4.520,124.80,0.000
2024-08-17T04:45:00,4.520,124.00,0.000
2024-08-17T04:30:00,4.520,117.00,0.000
2024-08-17T04:15:00,4.520,120.40,0.000
2024-08-17T04:00:00,4.520,100.10,0.000
2024-08-17T03:45:00,4.520,116.70,0.000
2024-08-17T03:30:00,4.520,107.90,0.000
2024-08-17T03:15:00,4.520,110.30,0.000
2024-08-17T03:00:00,4.520,110.60,0.000
2024-08-17T02:45:00,4.520,118.00,0.000
2024-08-17T02:30:00,4.520,117.90,0.000
2024-08-17T02:15:00,4.520,113.60,0.000
2024-08-17T02:00:00,4.520,108.40,0.000
2024-08-17T01:45:00,4.520,116.20,0.000
2024-08-17T01:30:00,4.520,116.40,0.500
2024-08-17T01:15:00,4.520,124.30,0.000
2024-08-17T01:00:00,4.520,104.40,0.000
2024-08-17T00:45:00,4.530,111.30,0.000
2024-08-17T00:30:00,4.530,98.30,0.000
2024-08-17T00:15:00,4.530,124.40,0.000
2024-08-17T00:00:00,4.530,102.30,0.000
2024-08-30T23:45:00,4.050,90.30,0.000
2024-08-30T23:30:00,4.050,90.20,0.000
2024-08-30T23:15:00,4.050,88.90,0.000
2024-08-30T23:00:00,4.050,88.30,0.000
2024-08-30T22:45:00,4.050,87.10,0.000
2024-08-30T22:30:00,4.040,88.00,0.000
2024-08-30T22:15:00,4.050,87.30,0.000
2024-08-30T22:00:00,4.050,86.00,0.000
2024-08-30T21:45:00,4.040,86.90,0.000
2024-08-30T21:30:00,4.050,89.30,0.000
2024-08-30T21:15:00,4.050,90.80,0.000
2024-08-30T21:00:00,4.050,89.80,0.000
2024-08-30T20:45:00,4.050,91.20,0.000
2024-08-30T20:30:00,4.050,88.90,0.000
2024-08-30T20:15:00,4.050,86.40,0.000
2024-08-30T20:00:00,4.050,94.20,0.000
2024-08-30T19:45:00,4.050,85.20,0.000
2024-08-30T19:30:00,4.050,94.10,0.000
2024-08-30T19:15:00,4.050,87.00,0.000
2024-08-30T19:00:00,4.060,90.00,0.000
2024-08-30T18:45:00,4.060,90.80,0.000
2024-08-30T18:30:00,4.060,90.80,0.000
2024-08-30T18:15:00,4.070,93.50,0.500
2024-08-30T18:00:00,4.070,100.60,0.000
2024-08-30T17:45:00,4.060,93.50,0.500
2024-08-30T17:30:00,4.060,84.40,0.000
2024-08-30T17:15:00,4.060,74.20,0.000
2024-08-30T17:00:00,4.060,87.70,0.000
2024-08-30T16:45:00,4.060,84.30,0.000
2024-08-30T16:30:00,4.060,91.10,0.000
2024-08-30T16:15:00,4.070,89.00,0.000
2024-08-30T16:00:00,4.070,82.90,0.000
2024-08-30T15:45:00,4.070,86.30,0.000
2024-08-30T15:30:00,4.080,88.20,0.000
2024-08-30T15:15:00,4.080,88.40,0.000
2024-08-30T15:00:00,4.080,85.30,0.000
2024-08-30T14:45:00,4.080,88.80,0.000
2024-08-30T14:30:00,4.080,86.00,0.000
2024-08-30T14:15:00,4.090,94.50,0.000
2024-08-30T14:00:00,4.090,90.60,0.000
2024-08-30T13:45:00,4.090,94.50,0.000
2024-08-30T13:30:00,4.100,91.80,0.000
2024-08-30T13:15:00,4.100,90.50,0.000
2024-08-30T13:00:00,4.110,95.20,0.000
2024-08-30T12:45:00,4.110,97.20,0.000
2024-08-30T12:30:00,4.110,96.70,0.000
2024-08-30T12:15:00,4.120,99.80,0.000
2024-08-30T12:00:00,4.120,95.50,0.000
2024-08-30T11:45:00,4.130,88.20,0.000
2024-08-30T11:30:00,4.130,96.40,0.000
2024-08-30T11:15:00,4.140,89.50,0.000
2024-08-30T11:00:00,4.140,100.60,0.000
2024-08-30T10:45:00,4.150,98.70,0.000
2024-08-30T10:30:00,4.160,98.50,0.000
2024-08-30T10:15:00,4.160,88.40,0.000
2024-08-30T10:00:00,4.160,94.90,0.000
2024-08-30T09:45:00,4.170,93.10,0.000
2024-08-30T09:30:00,4.180,96.70,0.000
2024-08-30T09:15:00,4.180,97.50,0.000
2024-08-30T09:00:00,4.200,96.10,0.000
2024-08-30T08:45:00,4.220,97.80,0.000
2024-08-30T08:30:00,4.220,94.50,0.000
2024-08-30T08:15:00,4.220,97.70,0.000
2024-08-30T08:00:00,4.230,98.10,0.000
2024-08-30T07:45:00,4.230,95.10,0.000
2024-08-30T07:30:00,4.230,97.60,0.000
2024-08-30T07:15:00,4.230,98.90,0.000
2024-08-30T07:00:00,4.240,102.90,0.000
2024-08-30T06:45:00,4.240,96.20,0.000
2024-08-30T06:30:00,4.240,96.00,0.000
2024-08-30T06:15:00,4.240,93.50,0.000
2024-08-30T06:00:00,4.240,103.20,0.000
2024-08-30T05:45:00,4.240,97.50,0.000
2024-08-30T05:30:00,4.240,101.30,0.000
2024-08-30T05:15:00,4.240,102.70,0.000
2024-08-30T05:00:00,4.240,101.90,0.000
2024-08-30T04:45:00,4.240,98.10,0.000
2024-08-30T04:30:00,4.240,102.60,0.000
2024-08-30T04:15:00,4.240,94.50,0.000
2024-08-30T04:00:00,4.240,96.40,0.000
2024-08-30T03:45:00,4.240,99.30,0.000
2024-08-30T03:30:00,4.230,103.30,0.000
2024-08-30T03:15:00,4.240,108.40,0.000
2024-08-30T03:00:00,4.230,97.30,0.000
2024-08-30T02:45:00,4.230,102.20,0.000
2024-08-30T02:30:00,4.230,99.80,0.000
2024-08-30T02:15:00,4.230,98.90,0.000
2024-08-30T02:00:00,4.220,101.60,0.000
2024-08-30T01:45:00,4.230,102.80,0.000
2024-08-30T01:30:00,4.220,95.80,0.000
2024-08-30T01:15:00,4.220,99.00,0.000
2024-08-30T01:00:00,4.220,102.10,0.000
2024-08-30T00:45:00,4.220,95.60,0.000
2024-08-30T00:30:00,4.210,99.40,0.000
2024-08-30T00:15:00,4.210,97.90,0.000
2024-08-30T00:00:00,4.210,98.50,0.000
2024-08-29T23:45:00,4.200,97.60,0.000
2024-08-29T23:30:00,4.200,98.00,0.000
2024-08-29T23:15:00,4.200,92.90,0.000
2024-08-29T23:00:00,4.190,96.00,0.000
2024-08-29T22:45:00,4.190,99.50,0.000
2024-08-29T22:30:00,4.180,96.10,0.000
2024-08-29T22:15:00,4.180,102.00,0.500
2024-08-29T22:00:00,4.180,113.30,0.000
2024-08-29T21:45:00,4.170,106.50,0.000
2024-08-29T21:30:00,4.170,110.40,0.500
2024-08-29T21:15:00,4.160,100.40,0.000
2024-08-29T21:00:00,4.160,102.90,0.500
2024-08-29T20:45:00,4.160,113.30,1.500
2024-08-29T20:30:00,4.150,114.00,4.000
2024-08-29T20:15:00,4.140,107.60,5.000
2024-08-29T20:00:00,4.130,106.80,2.500
2024-08-29T19:45:00,4.130,87.10,0.000
2024-08-29T19:30:00,4.130,89.90,0.000
2024-08-29T19:15:00,4.130,89.90,0.000
2024-08-29T19:00:00,4.130,97.00,0.000
2024-08-29T18:45:00,4.130,91.60,0.000
2024-08-29T18:30:00,4.130,91.70,0.000
2024-08-29T18:15:00,4.120,87.90,0.000
2024-08-29T18:00:00,4.130,90.60,0.000
2024-08-29T17:45:00,4.120,93.70,0.000
2024-08-29T17:30:00,4.120,90.80,0.000
2024-08-29T17:15:00,4.120,90.80,0.000
2024-08-29T17:00:00,4.120,88.90,0.000
2024-08-29T16:45:00,4.120,87.40,0.000
2024-08-29T16:30:00,4.120,90.50,0.000
2024-08-29T16:15:00,4.120,90.40,0.000
2024-08-29T16:00:00,4.120,90.80,0.000
2024-08-29T15:45:00,4.120,90.50,0.000
2024-08-29T15:30:00,4.120,90.20,0.000
2024-08-29T15:15:00,4.120,91.50,0.000
2024-08-29T15:00:00,4.120,93.20,0.000
2024-08-29T14:45:00,4.120,98.00,0.000
2024-08-29T14:30:00,4.110,92.50,0.000
2024-08-29T14:15:00,4.120,98.60,0.000
2024-08-29T14:00:00,4.110,93.80,0.000
2024-08-29T13:45:00,4.110,95.10,0.000
2024-08-29T13:30:00,4.110,94.70,0.000
2024-08-29T13:15:00,4.110,88.20,0.000
2024-08-29T13:00:00,4.100,90.60,0.500
2024-08-29T12:45:00,4.100,92.20,0.000
2024-08-29T12:30:00,4.100,100.90,0.000
2024-08-29T12:15:00,4.100,105.80,0.000
2024-08-29T12:00:00,4.090,89.30,0.500
2024-08-29T11:45:00,4.080,106.00,3.000
2024-08-29T11:30:00,4.080,108.50,7.500
2024-08-29T11:15:00,4.060,100.80,2.500
2024-08-29T11:00:00,4.060,86.20,0.000
2024-08-29T10:45:00,4.060,85.00,0.000
2024-08-29T10:30:00,4.060,87.70,0.000
2024-08-29T10:15:00,4.060,85.80,0.000
2024-08-29T10:00:00,4.060,80.30,0.000
2024-08-29T09:45:00,4.060,84.60,0.000
2024-08-29T09:30:00,4.050,86.80,0.000
2024-08-29T09:15:00,4.050,83.90,0.000
2024-08-29T09:00:00,4.040,87.80,0.000
2024-08-29T08:45:00,4.050,87.10,0.000
2024-08-29T08:30:00,4.040,93.00,0.000
2024-08-29T08:15:00,4.050,86.60,0.000
2024-08-29T08:00:00,4.040,86.70,0.000
2024-08-29T07:45:00,4.050,85.40,0.000
2024-08-29T07:30:00,4.050,91.10,0.000
2024-08-29T07:15:00,4.050,90.40,0.000
2024-08-29T07:00:00,4.060,90.70,0.000
2024-08-29T06:45:00,4.050,90.90,0.000
2024-08-29T06:30:00,4.060,88.50,0.000
2024-08-29T06:15:00,4.050,90.10,0.000
2024-08-29T06:00:00,4.060,89.00,0.000
2024-08-29T05:45:00,4.060,88.50,0.000
2024-08-29T05:30:00,4.060,91.10,0.000
2024-08-29T05:15:00,4.060,87.60,0.000
2024-08-29T05:00:00,4.060,89.70,0.000
2024-08-29T04:45:00,4.060,89.10,0.000
2024-08-29T04:30:00,4.060,91.10,0.000
2024-08-29T04:15:00,4.060,89.30,0.000
2024-08-29T04:00:00,4.060,94.40,0.500
2024-08-29T03:45:00,4.060,98.50,0.000
2024-08-29T03:30:00,4.070,88.80,0.000
2024-08-29T03:15:00,4.060,90.90,0.000
2024-08-29T03:00:00,4.070,85.90,0.000
2024-08-29T02:45:00,4.060,85.20,0.000
2024-08-29T02:30:00,4.060,86.70,0.000
2024-08-29T02:15:00,4.070,87.40,0.000
2024-08-29T02:00:00,4.060,87.00,0.000
2024-08-29T01:45:00,4.060,86.70,0.000
2024-08-29T01:30:00,4.060,87.90,0.000
2024-08-29T01:15:00,4.060,91.70,0.000
2024-08-29T01:00:00,4.060,86.10,0.000
2024-08-29T00:45:00,4.070,89.00,0.000
2024-08-29T00:30:00,4.060,89.20,0.000
2024-08-29T00:15:00,4.060,87.70,0.000
2024-08-29T00:00:00,4.060,90.10,0.000
2024-08-28T23:45:00,4.070,91.00,0.000
2024-08-28T23:30:00,4.060,92.60,0.000
2024-08-28T23:15:00,4.070,90.60,0.000
2024-08-28T23:00:00,4.060,91.40,0.000
2024-08-28T22:45:00,4.070,88.50,0.000
2024-08-28T22:30:00,4.070,89.60,0.000
2024-08-28T22:15:00,4.070,88.50,0.000
2024-08-28T22:00:00,4.070,90.50,0.000
2024-08-28T21:45:00,4.070,93.70,0.500
2024-08-28T21:30:00,4.080,92.50,0.000
2024-08-28T21:15:00,4.080,93.10,0.000
2024-08-28T21:00:00,4.070,101.00,0.500
2024-08-28T20:45:00,4.080,89.60,0.000
2024-08-28T20:30:00,4.080,88.00,0.000
2024-08-28T20:15:00,4.080,89.90,0.000
2024-08-28T20:00:00,4.080,90.40,0.000
2024-08-28T19:45:00,4.080,87.90,0.000
2024-08-28T19:30:00,4.080,93.20,0.000
2024-08-28T19:15:00,4.090,89.00,0.000
2024-08-28T19:00:00,4.090,88.40,0.000
2024-08-28T18:45:00,4.090,93.10,0.000
2024-08-28T18:30:00,4.090,92.00,0.000
2024-08-28T18:15:00,4.100,83.60,0.000
2024-08-28T18:00:00,4.100,93.60,0.000
2024-08-28T17:45:00,4.100,89.30,0.000
2024-08-28T17:30:00,4.110,94.70,0.000
2024-08-28T17:15:00,4.100,92.50,0.000
2024-08-28T17:00:00,4.110,95.00,0.500
2024-08-28T16:45:00,4.110,110.00,0.000
2024-08-28T16:30:00,4.110,109.30,4.500
2024-08-28T16:15:00,4.120,92.50,1.500
2024-08-28T16:00:00,4.080,80.80,0.000
2024-08-28T15:45:00,4.090,90.70,0.000
2024-08-28T15:30:00,4.080,92.90,0.000
2024-08-28T15:15:00,4.090,91.80,0.000
2024-08-28T15:00:00,4.090,90.20,0.000
2024-08-28T14:45:00,4.090,91.20,0.000
2024-08-28T14:30:00,4.090,87.70,0.000
2024-08-28T14:15:00,4.090,93.80,0.000
2024-08-28T14:00:00,4.090,94.10,0.000
2024-08-28T13:45:00,4.100,89.80,0.000
2024-08-28T13:30:00,4.100,92.50,0.000
2024-08-28T13:15:00,4.100,96.10,0.000
2024-08-28T13:00:00,4.110,87.00,0.000
2024-08-28T12:45:00,4.110,84.40,0.000
2024-08-28T12:30:00,4.110,90.70,0.000
2024-08-28T12:15:00,4.110,86.50,0.000
2024-08-28T12:00:00,4.110,89.90,0.000
2024-08-28T11:45:00,4.110,90.80,0.000
2024-08-28T11:30:00,4.110,88.40,0.000
2024-08-28T11:15:00,4.110,86.50,0.000
2024-08-28T11:00:00,4.100,88.80,0.000
2024-08-28T10:45:00,4.110,93.00,0.000
2024-08-28T10:30:00,4.100,89.60,0.000
2024-08-28T10:15:00,4.100,86.40,0.000
2024-08-28T10:00:00,4.100,92.90,0.000
2024-08-28T09:45:00,4.100,96.70,0.000
2024-08-28T09:30:00,4.090,90.70,0.000
2024-08-28T09:15:00,4.090,94.10,0.000
2024-08-28T09:00:00,4.100,93.60,0.000
2024-08-28T08:45:00,4.100,92.20,0.000
2024-08-28T08:30:00,4.100,93.30,0.000
2024-08-28T08:15:00,4.100,95.20,0.000
2024-08-28T08:00:00,4.110,95.00,0.000
2024-08-28T07:45:00,4.110,96.90,0.000
2024-08-28T07:30:00,4.110,97.20,0.000
2024-08-28T07:15:00,4.120,96.40,0.000
2024-08-28T07:00:00,4.120,95.10,0.000
2024-08-28T06:45:00,4.120,98.40,0.000
2024-08-28T06:30:00,4.130,97.10,0.000
2024-08-28T06:15:00,4.130,99.40,0.000
2024-08-28T06:00:00,4.140,98.50,0.000
2024-08-28T05:45:00,4.140,97.60,0.000
2024-08-28T05:30:00,4.140,99.70,0.000
2024-08-28T05:15:00,4.150,99.10,0.000
2024-08-28T05:00:00,4.150,99.10,0.000
2024-08-28T04:45:00,4.150,100.90,0.000
2024-08-28T04:30:00,4.160,100.90,0.000
2024-08-28T04:15:00,4.160,101.50,0.000
2024-08-28T04:00:00,4.170,102.70,0.000
2024-08-28T03:45:00,4.170,102.30,0.000
2024-08-28T03:30:00,4.170,103.20,0.000
2024-08-28T03:15:00,4.180,93.90,0.000
2024-08-28T03:00:00,4.180,97.50,0.000
2024-08-28T02:45:00,4.190,104.60,0.000
2024-08-28T02:30:00,4.190,105.20,0.000
2024-08-28T02:15:00,4.190,106.90,0.000
2024-08-28T02:00:00,4.200,101.40,0.000
2024-08-28T01:45:00,4.200,103.00,0.000
2024-08-28T01:30:00,4.210,98.80,0.000
2024-08-28T01:15:00,4.210,101.70,0.000
2024-08-28T01:00:00,4.220,108.20,0.000
2024-08-28T00:45:00,4.220,112.70,0.000
2024-08-28T00:30:00,4.220,100.60,0.000
2024-08-28T00:15:00,4.230,105.70,0.000
2024-08-28T00:00:00,4.240,108.30,0.000
2024-08-27T23:45:00,4.240,103.70,0.000
2024-08-27T23:30:00,4.240,114.40,0.000
2024-08-27T23:15:00,4.250,111.50,0.000
2024-08-27T23:00:00,4.260,109.10,0.000
2024-08-27T22:45:00,4.260,107.90,0.000
2024-08-27T22:30:00,4.260,115.70,0.000
2024-08-27T22:15:00,4.270,109.60,0.000
2024-08-27T22:00:00,4.280,109.60,0.000
2024-08-27T21:45:00,4.280,111.10,0.000
2024-08-27T21:30:00,4.290,117.00,0.000
2024-08-27T21:15:00,4.300,112.30,0.000
2024-08-27T21:00:00,4.300,110.80,0.000
2024-08-27T20:45:00,4.310,115.20,0.000
2024-08-27T20:30:00,4.320,117.20,0.000
2024-08-27T20:15:00,4.320,116.90,0.000
2024-08-27T20:00:00,4.330,117.40,0.000
2024-08-27T19:45:00,4.340,118.20,0.000
2024-08-27T19:30:00,4.340,119.20,0.000
2024-08-27T19:15:00,4.340,115.60,0.000
2024-08-27T19:00:00,4.350,122.50,0.000
2024-08-27T18:45:00,4.360,126.40,0.000
2024-08-27T18:30:00,4.380,120.80,0.000
2024-08-27T18:15:00,4.390,124.20,0.000
2024-08-27T18:00:00,4.390,120.10,0.000
2024-08-27T17:45:00,4.390,123.70,0.000
2024-08-27T17:30:00,4.390,121.80,0.000
2024-08-27T17:15:00,4.400,123.50,0.000
2024-08-27T17:00:00,4.400,120.10,0.000
2024-08-27T16:45:00,4.400,125.10,0.000
2024-08-27T16:30:00,4.400,129.40,0.000
2024-08-27T16:15:00,4.410,121.30,0.000
2024-08-27T16:00:00,4.410,124.00,0.000
2024-08-27T15:45:00,4.410,126.60,0.000
2024-08-27T15:30:00,4.410,122.90,0.000
2024-08-27T15:15:00,4.410,118.30,0.000
2024-08-27T15:00:00,4.410,130.20,0.000
2024-08-27T14:45:00,4.410,114.40,0.000
2024-08-27T14:30:00,4.420,113.20,0.000
2024-08-27T14:15:00,4.410,110.10,0.000
2024-08-27T14:00:00,4.410,123.80,0.000
2024-08-27T13:45:00,4.410,115.50,0.000
2024-08-27T13:30:00,4.420,116.00,0.000
2024-08-27T13:15:00,4.420,117.20,0.000
2024-08-27T13:00:00,4.410,123.20,0.000
2024-08-27T12:45:00,4.410,124.50,0.000
2024-08-27T12:30:00,4.420,112.60,0.000
2024-08-27T12:15:00,4.410,118.40,0.000
2024-08-27T12:00:00,4.410,126.10,0.000
2024-08-27T11:45:00,4.420,122.50,0.000
2024-08-27T11:30:00,4.410,109.20,0.000
2024-08-27T11:15:00,4.410,124.20,0.000
2024-08-27T11:00:00,4.420,123.10,0.000
2024-08-27T10:45:00,4.410,121.30,0.000
2024-08-27T10:30:00,4.420,116.80,0.000
2024-08-27T10:15:00,4.420,117.90,0.000
2024-08-27T10:00:00,4.420,127.40,0.000
2024-08-27T09:45:00,4.420,118.80,0.000
2024-08-27T09:30:00,4.420,125.00,0.000
2024-08-27T09:15:00,4.410,125.50,0.000
2024-08-27T09:00:00,4.410,123.40,0.000
2024-08-27T08:45:00,4.410,117.00,0.000
2024-08-27T08:30:00,4.400,126.10,0.000
2024-08-27T08:15:00,4.400,124.40,0.000
2024-08-27T08:00:00,4.390,121.00,0.000
2024-08-27T07:45:00,4.390,116.50,0.000
2024-08-27T07:30:00,4.380,121.20,0.000
2024-08-27T07:15:00,4.370,109.40,0.000
2024-08-27T07:00:00,4.370,111.40,0.000
2024-08-27T06:45:00,4.350,109.10,0.000
2024-08-27T06:30:00,4.350,109.20,0.000
2024-08-27T06:15:00,4.350,105.10,0.000
2024-08-27T06:00:00,4.340,103.90,0.000
2024-08-27T05:45:00,4.340,109.10,0.000
2024-08-27T05:30:00,4.340,104.30,0.000
2024-08-27T05:15:00,4.330,107.20,0.500
2024-08-27T05:00:00,4.330,117.20,0.000
2024-08-27T04:45:00,4.330,118.50,0.000
2024-08-27T04:30:00,4.320,116.00,0.500
2024-08-27T04:15:00,4.320,113.80,1.000
2024-08-27T04:00:00,4.320,114.90,1.000
2024-08-27T03:45:00,4.320,115.40,0.500
2024-08-27T03:30:00,4.320,113.60,1.000
2024-08-27T03:15:00,4.320,114.30,1.000
2024-08-27T03:00:00,4.310,115.10,0.500
2024-08-27T02:45:00,4.310,116.30,0.000
2024-08-27T02:30:00,4.310,108.70,1.000
2024-08-27T02:15:00,4.310,110.80,4.000
2024-08-27T02:00:00,4.300,108.70,9.000
2024-08-27T01:45:00,4.270,104.10,7.500
2024-08-27T01:30:00,4.250,97.60,3.000
2024-08-27T01:15:00,4.240,105.70,16.500
2024-08-27T01:00:00,4.210,105.60,19.000
2024-08-27T00:45:00,4.180,0.00,6.500
2024-08-27T00:30:00,4.180,104.50,1.000
2024-08-27T00:15:00,4.180,84.60,0.000
2024-08-27T00:00:00,4.190,85.00,0.000
2024-08-26T23:45:00,4.190,88.60,0.000
2024-08-26T23:30:00,4.190,86.40,0.000
2024-08-26T23:15:00,4.190,88.30,0.000
2024-08-26T23:00:00,4.190,84.10,0.000
2024-08-26T22:45:00,4.190,89.60,0.000
2024-08-26T22:30:00,4.200,91.80,0.000
2024-08-26T22:15:00,4.200,82.50,0.000
2024-08-26T22:00:00,4.190,84.00,0.000
2024-08-26T21:45:00,4.200,92.30,0.000
2024-08-26T21:30:00,4.200,88.80,0.000
2024-08-26T21:15:00,4.200,86.00,0.000
2024-08-26T21:00:00,4.200,85.80,0.000
2024-08-26T20:45:00,4.200,82.20,0.000
2024-08-26T20:30:00,4.200,87.80,0.000
2024-08-26T20:15:00,4.200,82.70,0.000
2024-08-26T20:00:00,4.200,88.20,0.000
2024-08-26T19:45:00,4.200,88.40,0.000
2024-08-26T19:30:00,4.200,88.70,0.000
2024-08-26T19:15:00,4.200,86.70,0.000
2024-08-26T19:00:00,4.200,91.80,0.000
2024-08-26T18:45:00,4.200,86.50,0.000
2024-08-26T18:30:00,4.200,88.50,0.000
2024-08-26T18:15:00,4.200,87.90,0.000
2024-08-26T18:00:00,4.200,92.30,0.000
2024-08-26T17:45:00,4.210,89.20,0.000
2024-08-26T17:30:00,4.200,84.80,0.000
2024-08-26T17:15:00,4.200,85.60,0.000
2024-08-26T17:00:00,4.200,88.00,0.000
2024-08-26T16:45:00,4.200,83.10,0.000
2024-08-26T16:30:00,4.200,92.30,0.000
2024-08-26T16:15:00,4.200,89.60,0.000
2024-08-26T16:00:00,4.200,84.60,0.000
2024-08-26T15:45:00,4.200,87.00,0.000
2024-08-26T15:30:00,4.200,85.50,0.000
2024-08-26T15:15:00,4.200,87.30,0.000
2024-08-26T15:00:00,4.190,86.30,0.000
2024-08-26T14:45:00,4.190,88.00,0.000
2024-08-26T14:30:00,4.190,89.10,0.000
2024-08-26T14:15:00,4.190,84.60,0.000
2024-08-26T14:00:00,4.190,83.70,0.000
2024-08-26T13:45:00,4.190,87.10,0.000
2024-08-26T13:30:00,4.180,85.20,0.000
2024-08-26T13:15:00,4.190,83.10,0.000
2024-08-26T13:00:00,4.190,83.60,0.000
2024-08-26T12:45:00,4.180,85.20,0.000
2024-08-26T12:30:00,4.190,84.80,0.000
2024-08-26T12:15:00,4.180,83.20,0.000
2024-08-26T12:00:00,4.180,88.10,0.000
2024-08-26T11:45:00,4.180,83.50,0.000
2024-08-26T11:30:00,4.180,80.30,0.000
2024-08-26T11:15:00,4.170,88.20,0.000
2024-08-26T11:00:00,4.170,84.70,0.000
2024-08-26T10:45:00,4.170,86.80,0.000
2024-08-26T10:30:00,4.170,84.20,0.000
2024-08-26T10:15:00,4.170,87.30,0.000
2024-08-26T10:00:00,4.170,79.30,0.000
2024-08-26T09:45:00,4.160,90.00,0.000
2024-08-26T09:30:00,4.160,91.90,0.000
2024-08-26T09:15:00,4.160,90.10,0.000
2024-08-26T09:00:00,4.170,85.90,0.000
2024-08-26T08:45:00,4.170,89.00,0.000
2024-08-26T08:30:00,4.170,88.30,0.000
2024-08-26T08:15:00,4.170,90.50,0.000
2024-08-26T08:00:00,4.170,87.00,0.000
2024-08-26T07:45:00,4.180,87.40,0.000
2024-08-26T07:30:00,4.180,88.70,0.000
2024-08-26T07:15:00,4.190,86.20,0.000
2024-08-26T07:00:00,4.190,88.80,0.000
2024-08-26T06:45:00,4.200,89.80,0.000
2024-08-26T06:30:00,4.200,92.60,0.000
2024-08-26T06:15:00,4.210,89.80,0.000
2024-08-26T06:00:00,4.220,92.80,0.000
2024-08-26T05:45:00,4.230,95.50,0.000
2024-08-26T05:30:00,4.230,94.00,0.000
2024-08-26T05:15:00,4.230,93.20,0.000
2024-08-26T05:00:00,4.230,93.20,0.000
2024-08-26T04:45:00,4.240,89.50,0.000
2024-08-26T04:30:00,4.240,95.10,0.000
2024-08-26T04:15:00,4.240,94.90,0.000
2024-08-26T04:00:00,4.240,98.20,0.000
2024-08-26T03:45:00,4.250,97.80,0.000
2024-08-26T03:30:00,4.250,98.50,0.000
2024-08-26T03:15:00,4.250,97.10,0.000
2024-08-26T03:00:00,4.250,98.80,0.000
2024-08-26T02:45:00,4.260,101.40,0.000
2024-08-26T02:30:00,4.260,90.90,0.000
2024-08-26T02:15:00,4.260,96.50,0.000
2024-08-26T02:00:00,4.260,95.30,0.000
2024-08-26T01:45:00,4.260,89.60,0.000
2024-08-26T01:30:00,4.260,98.90,0.000
2024-08-26T01:15:00,4.260,99.20,0.000
2024-08-26T01:00:00,4.270,93.90,0.000
2024-08-26T00:45:00,4.270,91.60,0.000
2024-08-26T00:30:00,4.270,95.70,0.000
2024-08-26T00:15:00,4.270,99.50,0.000
2024-08-26T00:00:00,4.270,98.80,0.000
2024-08-25T23:45:00,4.270,101.00,0.000
2024-08-25T23:30:00,4.280,96.60,0.000
2024-08-25T23:15:00,4.280,98.10,0.000
2024-08-25T23:00:00,4.280,97.80,0.000
2024-08-25T22:45:00,4.290,96.80,0.000
2024-08-25T22:30:00,4.280,99.50,0.000
2024-08-25T22:15:00,4.290,102.70,0.000
2024-08-25T22:00:00,4.290,102.50,0.000
2024-08-25T21:45:00,4.290,100.90,0.000
2024-08-25T21:30:00,4.290,99.80,0.000
2024-08-25T21:15:00,4.290,103.60,0.000
2024-08-25T21:00:00,4.290,101.20,0.000
2024-08-25T20:45:00,4.300,97.60,0.000
2024-08-25T20:30:00,4.300,102.70,0.000
2024-08-25T20:15:00,4.300,107.90,0.000
2024-08-25T20:00:00,4.300,102.80,0.000
2024-08-25T19:45:00,4.310,104.60,0.000
2024-08-25T19:30:00,4.300,95.80,0.000
2024-08-25T19:15:00,4.310,103.80,0.000
2024-08-25T19:00:00,4.310,103.50,0.000
2024-08-25T18:45:00,4.310,104.10,0.000
2024-08-25T18:30:00,4.310,97.50,0.000
2024-08-25T18:15:00,4.310,99.80,0.000
2024-08-25T18:00:00,4.320,101.50,0.000
2024-08-25T17:45:00,4.310,97.80,0.000
2024-08-25T17:30:00,4.310,95.20,0.000
2024-08-25T17:15:00,4.320,102.10,0.000
2024-08-25T17:00:00,4.320,100.10,0.000
2024-08-25T16:45:00,4.320,98.90,0.000
2024-08-25T16:30:00,4.320,97.40,0.000
2024-08-25T16:15:00,4.330,91.10,0.000
2024-08-25T16:00:00,4.330,101.30,0.000
2024-08-25T15:45:00,4.330,99.00,0.000
2024-08-25T15:30:00,4.330,99.30,0.000
2024-08-25T15:15:00,4.330,99.50,0.000
2024-08-25T15:00:00,4.340,105.40,0.000
2024-08-25T14:45:00,4.340,95.10,0.000
2024-08-25T14:30:00,4.340,102.90,0.000
2024-08-25T14:15:00,4.340,100.40,0.000
2024-08-25T14:00:00,4.350,95.50,0.000
2024-08-25T13:45:00,4.350,97.50,0.000
2024-08-25T13:30:00,4.350,103.60,0.000
2024-08-25T13:15:00,4.350,104.90,0.000
2024-08-25T13:00:00,4.350,100.80,0.000
2024-08-25T12:45:00,4.350,95.40,0.000
2024-08-25T12:30:00,4.360,104.00,0.000
2024-08-25T12:15:00,4.360,100.50,0.000
2024-08-25T12:00:00,4.360,109.40,0.000
2024-08-25T11:45:00,4.360,97.70,0.000
2024-08-25T11:30:00,4.370,92.90,0.000
2024-08-25T11:15:00,4.370,105.10,0.000
2024-08-25T11:00:00,4.370,98.30,0.000
2024-08-25T10:45:00,4.370,104.00,0.000
2024-08-25T10:30:00,4.380,109.90,0.000
2024-08-25T10:15:00,4.380,118.00,0.000
2024-08-25T10:00:00,4.380,111.00,0.000
2024-08-25T09:45:00,4.380,108.20,0.000
2024-08-25T09:30:00,4.380,110.70,0.000
2024-08-25T09:15:00,4.390,104.30,0.000
2024-08-25T09:00:00,4.390,109.00,0.000
2024-08-25T08:45:00,4.390,111.10,0.000
2024-08-25T08:30:00,4.400,116.00,0.000
2024-08-25T08:15:00,4.400,113.00,0.000
2024-08-25T08:00:00,4.400,111.10,0.000
2024-08-25T07:45:00,4.400,112.10,0.000
2024-08-25T07:30:00,4.400,107.10,0.000
2024-08-25T07:15:00,4.400,107.00,0.000
2024-08-25T07:00:00,4.400,112.50,0.000
2024-08-25T06:45:00,4.410,110.50,0.000
2024-08-25T06:30:00,4.400,111.80,0.000
2024-08-25T06:15:00,4.410,115.60,0.000
2024-08-25T06:00:00,4.410,111.80,0.000
2024-08-25T05:45:00,4.410,108.20,0.000
2024-08-25T05:30:00,4.410,112.60,0.000
2024-08-25T05:15:00,4.410,110.70,0.000
2024-08-25T05:00:00,4.410,110.10,0.000
2024-08-25T04:45:00,4.420,113.70,0.000
2024-08-25T04:30:00,4.410,113.20,0.000
2024-08-25T04:15:00,4.420,107.00,0.000
2024-08-25T04:00:00,4.420,110.70,0.000
2024-08-25T03:45:00,4.420,106.40,0.000
2024-08-25T03:30:00,4.420,102.70,0.000
2024-08-25T03:15:00,4.420,110.80,0.000
2024-08-25T03:00:00,4.420,108.50,0.000
2024-08-25T02:45:00,4.420,111.90,0.000
2024-08-25T02:30:00,4.420,110.30,0.000
2024-08-25T02:15:00,4.430,106.10,0.000
2024-08-25T02:00:00,4.430,117.20,0.000
2024-08-25T01:45:00,4.430,112.20,0.000
2024-08-25T01:30:00,4.420,111.30,0.000
2024-08-25T01:15:00,4.430,115.40,0.000
2024-08-25T01:00:00,4.430,112.60,0.000
2024-08-25T00:45:00,4.430,109.10,0.000
2024-08-25T00:30:00,4.440,108.70,0.000
2024-08-25T00:15:00,4.430,112.20,0.000
2024-08-25T00:00:00,4.440,113.40,0.000
2024-08-24T23:45:00,4.440,117.40,0.000
2024-08-24T23:30:00,4.440,118.40,0.000
2024-08-24T23:15:00,4.440,108.70,0.000
2024-08-24T23:00:00,4.440,119.10,0.000
2024-08-24T22:45:00,4.440,107.10,0.000
2024-08-24T22:30:00,4.440,113.70,0.000
2024-08-24T22:15:00,4.450,117.80,0.000
2024-08-24T22:00:00,4.450,131.80,0.500
2024-08-24T21:45:00,4.440,113.80,0.000
2024-08-24T21:30:00,4.450,117.10,0.000
2024-08-24T21:15:00,4.450,111.70,0.000
2024-08-24T21:00:00,4.450,132.60,0.000
2024-08-24T20:45:00,4.450,133.50,0.000
2024-08-24T20:30:00,4.450,131.80,0.500
2024-08-24T20:15:00,4.450,125.50,0.000
2024-08-24T20:00:00,4.450,129.70,0.500
2024-08-24T19:45:00,4.450,104.30,0.500
2024-08-24T19:30:00,4.440,113.40,0.000
2024-08-24T19:15:00,4.430,76.50,0.000
2024-08-24T19:00:00,4.430,120.10,0.000
2024-08-24T18:45:00,4.430,120.20,0.000
2024-08-24T18:30:00,4.440,111.20,0.000
2024-08-24T18:15:00,4.440,104.70,0.000
2024-08-24T18:00:00,4.440,117.60,0.000
2024-08-24T17:45:00,4.440,116.80,0.000
2024-08-24T17:30:00,4.440,117.60,0.000
2024-08-24T17:15:00,4.440,118.50,0.000
2024-08-24T17:00:00,4.450,112.40,0.000
2024-08-24T16:45:00,4.450,109.20,0.000
2024-08-24T16:30:00,4.450,108.40,0.000
2024-08-24T16:15:00,4.450,117.90,0.000
2024-08-24T16:00:00,4.450,105.10,0.000
2024-08-24T15:45:00,4.450,108.90,0.000
2024-08-24T15:30:00,4.460,106.20,0.000
2024-08-24T15:15:00,4.460,109.40,0.000
2024-08-24T15:00:00,4.460,108.90,0.000
2024-08-24T14:45:00,4.460,114.10,0.000
2024-08-24T14:30:00,4.460,114.80,0.000
2024-08-24T14:15:00,4.470,109.30,0.000
2024-08-24T14:00:00,4.470,98.80,0.000
2024-08-24T13:45:00,4.480,113.20,0.000
2024-08-24T13:30:00,4.480,114.90,0.000
2024-08-24T13:15:00,4.480,111.80,0.000
2024-08-24T13:00:00,4.480,111.10,0.000
2024-08-24T12:45:00,4.490,120.00,0.000
2024-08-24T12:30:00,4.490,103.90,0.000
2024-08-24T12:15:00,4.500,111.50,0.000
2024-08-24T12:00:00,4.500,109.40,0.000
2024-08-24T11:45:00,4.500,111.00,0.000
2024-08-24T11:30:00,4.510,108.10,0.000
2024-08-24T11:15:00,4.510,106.90,0.000
2024-08-24T11:00:00,4.510,114.80,0.000
2024-08-24T10:45:00,4.510,114.60,0.000
2024-08-24T10:30:00,4.520,120.20,0.000
2024-08-24T10:15:00,4.520,100.80,0.000
2024-08-24T10:00:00,4.520,128.80,0.000
2024-08-24T09:45:00,4.530,125.40,0.000
2024-08-24T09:30:00,4.530,128.10,0.000
2024-08-24T09:15:00,4.530,126.80,0.000
2024-08-24T09:00:00,4.540,126.40,0.000
2024-08-24T08:45:00,4.540,119.50,0.000
2024-08-24T08:30:00,4.550,127.10,0.000
2024-08-24T08:15:00,4.550,137.40,0.000
2024-08-24T08:00:00,4.550,133.20,0.000
2024-08-24T07:45:00,4.560,125.40,0.000
2024-08-24T07:30:00,4.560,129.70,0.000
2024-08-24T07:15:00,4.560,117.00,0.000
2024-08-24T07:00:00,4.560,131.30,0.000
2024-08-24T06:45:00,4.570,122.00,0.000
2024-08-24T06:30:00,4.570,132.60,0.000
2024-08-24T06:15:00,4.580,139.60,0.000
2024-08-24T06:00:00,4.570,139.90,0.000
2024-08-24T05:45:00,4.580,123.70,0.000
2024-08-24T05:30:00,4.580,141.70,0.000
2024-08-24T05:15:00,4.580,139.20,0.000
2024-08-24T05:00:00,4.590,133.30,0.000
2024-08-24T04:45:00,4.590,129.50,0.000
2024-08-24T04:30:00,4.600,131.30,0.000
2024-08-24T04:15:00,4.600,135.70,0.000
2024-08-24T04:00:00,4.600,131.60,0.000
2024-08-24T03:45:00,4.600,139.30,0.000
2024-08-24T03:30:00,4.610,129.90,0.000
2024-08-24T03:15:00,4.610,132.70,0.000
2024-08-24T03:00:00,4.620,129.40,0.000
2024-08-24T02:45:00,4.620,126.40,0.000
2024-08-24T02:30:00,4.620,130.70,0.000
2024-08-24T02:15:00,4.620,131.50,0.000
2024-08-24T02:00:00,4.620,131.30,0.000
2024-08-24T01:45:00,4.630,123.30,0.000
2024-08-24T01:30:00,4.630,133.80,0.000
2024-08-24T01:15:00,4.640,128.90,0.000
2024-08-24T01:00:00,4.640,127.40,0.000
2024-08-24T00:45:00,4.640,127.70,0.000
2024-08-24T00:30:00,4.640,130.70,0.000
2024-08-24T00:15:00,4.640,127.90,0.000
2024-08-24T00:00:00,4.650,128.50,0.000
2024-09-06T23:45:00,3.820,63.10,0.000
2024-09-06T23:30:00,3.820,58.60,0.000
2024-09-06T23:15:00,3.820,58.90,0.000
2024-09-06T23:00:00,3.820,59.90,0.000
2024-09-06T22:45:00,3.820,60.90,0.000
2024-09-06T22:30:00,3.830,64.90,0.000
2024-09-06T22:15:00,3.830,63.40,0.000
2024-09-06T22:00:00,3.830,65.80,0.000
2024-09-06T21:45:00,3.840,59.30,0.000
2024-09-06T21:30:00,3.840,60.90,0.000
2024-09-06T21:15:00,3.840,60.20,0.000
2024-09-06T21:00:00,3.840,62.80,0.000
2024-09-06T20:45:00,3.840,56.90,0.000
2024-09-06T20:30:00,3.850,57.40,0.000
2024-09-06T20:15:00,3.850,56.40,0.000
2024-09-06T20:00:00,3.850,60.20,0.000
2024-09-06T19:45:00,3.850,59.00,0.000
2024-09-06T19:30:00,3.860,56.30,0.000
2024-09-06T19:15:00,3.860,61.10,0.000
2024-09-06T19:00:00,3.860,61.80,0.000
2024-09-06T18:45:00,3.860,61.80,0.000
2024-09-06T18:30:00,3.870,60.70,0.000
2024-09-06T18:15:00,3.870,61.80,0.000
2024-09-06T18:00:00,3.870,62.00,0.000
2024-09-06T17:45:00,3.870,63.60,0.000
2024-09-06T17:30:00,3.870,61.20,0.000
2024-09-06T17:15:00,3.880,62.30,0.000
2024-09-06T17:00:00,3.880,60.20,0.000
2024-09-06T16:45:00,3.880,62.50,0.000
2024-09-06T16:30:00,3.890,63.20,0.000
2024-09-06T16:15:00,3.890,57.60,0.000
2024-09-06T16:00:00,3.890,58.90,0.000
2024-09-06T15:45:00,3.890,57.20,0.000
2024-09-06T15:30:00,3.890,61.80,0.000
2024-09-06T15:15:00,3.890,63.10,0.000
2024-09-06T15:00:00,3.890,64.20,0.000
2024-09-06T14:45:00,3.900,62.50,0.000
2024-09-06T14:30:00,3.900,58.90,0.000
2024-09-06T14:15:00,3.900,66.70,0.000
2024-09-06T14:00:00,3.910,59.20,0.000
2024-09-06T13:45:00,3.910,62.10,0.000
2024-09-06T13:30:00,3.910,65.60,0.000
2024-09-06T13:15:00,3.910,61.90,0.000
2024-09-06T13:00:00,3.920,65.60,0.000
2024-09-06T12:45:00,3.920,63.90,0.000
2024-09-06T12:30:00,3.920,60.80,0.000
2024-09-06T12:15:00,3.920,62.20,0.000
2024-09-06T12:00:00,3.930,60.60,0.000
2024-09-06T11:45:00,3.930,69.70,0.000
2024-09-06T11:30:00,3.920,56.70,0.000
2024-09-06T11:15:00,3.930,73.10,0.000
2024-09-06T11:00:00,3.940,68.00,0.000
2024-09-06T10:45:00,3.940,65.70,0.000
2024-09-06T10:30:00,3.940,73.40,0.000
2024-09-06T10:15:00,3.940,68.20,0.000
2024-09-06T10:00:00,3.940,68.50,0.000
2024-09-06T09:45:00,3.940,70.60,0.000
2024-09-06T09:30:00,3.940,69.20,0.000
2024-09-06T09:15:00,3.940,68.80,0.000
2024-09-06T09:00:00,3.940,67.60,0.000
2024-09-06T08:45:00,3.940,76.10,0.000
2024-09-06T08:30:00,3.930,72.60,0.000
2024-09-06T08:15:00,3.930,81.20,0.000
2024-09-06T08:00:00,3.940,84.30,0.000
2024-09-06T07:45:00,3.940,79.70,0.000
2024-09-06T07:30:00,3.940,78.60,0.000
2024-09-06T07:15:00,3.950,80.60,0.000
2024-09-06T07:00:00,3.950,78.70,0.000
2024-09-06T06:45:00,3.950,78.10,0.000
2024-09-06T06:30:00,3.960,82.70,0.000
2024-09-06T06:15:00,3.960,79.00,0.000
2024-09-06T06:00:00,3.960,84.80,0.000
2024-09-06T05:45:00,3.970,82.10,0.000
2024-09-06T05:30:00,3.980,82.60,0.000
2024-09-06T05:15:00,3.980,81.40,0.000
2024-09-06T05:00:00,3.990,81.10,0.000
2024-09-06T04:45:00,3.990,86.50,0.000
2024-09-06T04:30:00,3.990,88.60,0.000
2024-09-06T04:15:00,4.000,86.40,0.000
2024-09-06T04:00:00,4.010,88.70,0.000
2024-09-06T03:45:00,4.010,85.20,0.000
2024-09-06T03:30:00,4.020,84.20,0.000
2024-09-06T03:15:00,4.020,86.70,0.000
2024-09-06T03:00:00,4.030,87.00,0.000
2024-09-06T02:45:00,4.030,88.90,0.000
2024-09-06T02:30:00,4.040,88.00,0.000
2024-09-06T02:15:00,4.050,88.20,0.000
2024-09-06T02:00:00,4.050,89.00,0.000
2024-09-06T01:45:00,4.060,89.20,0.000
2024-09-06T01:30:00,4.070,88.90,0.000
2024-09-06T01:15:00,4.080,92.90,0.000
2024-09-06T01:00:00,4.090,88.40,0.000
2024-09-06T00:45:00,4.090,88.80,0.000
2024-09-06T00:30:00,4.100,93.30,0.000
2024-09-06T00:15:00,4.110,96.70,0.000
2024-09-06T00:00:00,4.120,95.80,0.000
2024-09-05T23:45:00,4.120,95.80,0.000
2024-09-05T23:30:00,4.130,96.70,0.000
2024-09-05T23:15:00,4.140,92.20,0.000
2024-09-05T23:00:00,4.160,100.90,0.000
2024-09-05T22:45:00,4.160,95.10,0.000
2024-09-05T22:30:00,4.170,99.20,0.000
2024-09-05T22:15:00,4.180,103.40,0.000
2024-09-05T22:00:00,4.180,105.20,0.000
2024-09-05T21:45:00,4.200,103.60,0.000
2024-09-05T21:30:00,4.210,105.70,0.000
2024-09-05T21:15:00,4.210,113.10,0.000
2024-09-05T21:00:00,4.210,115.00,0.000
2024-09-05T20:45:00,4.220,106.40,0.000
2024-09-05T20:30:00,4.230,120.00,0.000
2024-09-05T20:15:00,4.240,117.60,0.000
2024-09-05T20:00:00,4.230,112.50,0.000
2024-09-05T19:45:00,4.230,117.20,0.000
2024-09-05T19:30:00,4.230,117.20,0.000
2024-09-05T19:15:00,4.230,112.00,0.000
2024-09-05T19:00:00,4.230,112.90,0.000
2024-09-05T18:45:00,4.230,106.20,0.000
2024-09-05T18:30:00,4.220,104.10,0.000
2024-09-05T18:15:00,4.220,103.20,0.000
2024-09-05T18:00:00,4.210,106.90,0.000
2024-09-05T17:45:00,4.220,107.40,0.000
2024-09-05T17:30:00,4.210,105.30,0.000
2024-09-05T17:15:00,4.210,103.00,0.000
2024-09-05T17:00:00,4.220,99.80,0.000
2024-09-05T16:45:00,4.220,103.20,0.000
2024-09-05T16:30:00,4.230,106.20,0.000
2024-09-05T16:15:00,4.240,103.10,0.000
2024-09-05T16:00:00,4.240,97.00,0.000
2024-09-05T15:45:00,4.250,108.40,0.000
2024-09-05T15:30:00,4.260,110.50,0.000
2024-09-05T15:15:00,4.270,110.20,0.000
2024-09-05T15:00:00,4.280,105.80,0.000
2024-09-05T14:45:00,4.280,104.50,0.000
2024-09-05T14:30:00,4.300,107.00,0.000
2024-09-05T14:15:00,4.300,102.60,0.000
2024-09-05T14:00:00,4.310,105.90,0.000
2024-09-05T13:45:00,4.320,148.40,0.000
2024-09-05T13:30:00,4.330,102.70,0.000
2024-09-05T13:15:00,4.340,108.30,0.000
2024-09-05T13:00:00,4.350,106.90,0.000
2024-09-05T12:45:00,4.350,106.20,0.000
2024-09-05T12:30:00,4.370,116.60,0.000
2024-09-05T12:15:00,4.380,121.00,0.000
2024-09-05T12:00:00,4.390,110.10,0.000
2024-09-05T11:45:00,4.400,104.90,0.000
2024-09-05T11:30:00,4.410,127.60,0.000
2024-09-05T11:15:00,4.410,120.30,0.000
2024-09-05T11:00:00,4.430,117.80,0.000
2024-09-05T10:45:00,4.430,130.60,0.000
2024-09-05T10:30:00,4.450,119.10,0.000
2024-09-05T10:15:00,4.450,125.30,0.000
2024-09-05T10:00:00,4.460,115.30,0.000
2024-09-05T09:45:00,4.470,127.40,0.000
2024-09-05T09:30:00,4.480,123.40,0.000
2024-09-05T09:15:00,4.490,141.60,0.000
2024-09-05T09:00:00,4.510,128.90,0.000
2024-09-05T08:45:00,4.510,135.00,0.000
2024-09-05T08:30:00,4.520,141.40,0.000
2024-09-05T08:15:00,4.520,145.50,0.000
2024-09-05T08:00:00,4.530,154.90,0.000
2024-09-05T07:45:00,4.540,156.90,0.000
2024-09-05T07:30:00,4.550,148.40,0.000
2024-09-05T07:15:00,4.570,162.90,0.000
2024-09-05T07:00:00,4.590,148.40,0.000
2024-09-05T06:45:00,4.600,148.00,0.000
2024-09-05T06:30:00,4.610,159.50,0.000
2024-09-05T06:15:00,4.620,169.60,0.000
2024-09-05T06:00:00,4.630,164.20,0.000
2024-09-05T05:45:00,4.650,166.10,0.000
2024-09-05T05:30:00,4.660,164.20,0.000
2024-09-05T05:15:00,4.670,166.40,0.000
2024-09-05T05:00:00,4.690,171.60,0.000
2024-09-05T04:45:00,4.700,162.80,0.000
2024-09-05T04:30:00,4.720,172.70,0.000
2024-09-05T04:15:00,4.730,164.60,0.000
2024-09-05T04:00:00,4.740,172.60,0.000
2024-09-05T03:45:00,4.760,167.90,0.000
2024-09-05T03:30:00,4.780,165.70,0.000
2024-09-05T03:15:00,4.790,171.00,0.000
2024-09-05T03:00:00,4.810,171.30,0.000
2024-09-05T02:45:00,4.830,176.70,0.000
2024-09-05T02:30:00,4.840,176.30,0.000
2024-09-05T02:15:00,4.850,178.10,0.000
2024-09-05T02:00:00,4.870,182.40,0.000
2024-09-05T01:45:00,4.880,180.30,0.000
2024-09-05T01:30:00,4.900,180.70,0.000
2024-09-05T01:15:00,4.920,176.40,0.000
2024-09-05T01:00:00,4.940,183.50,0.000
2024-09-05T00:45:00,4.960,186.50,0.000
2024-09-05T00:30:00,4.980,179.90,0.000
2024-09-05T00:15:00,5.000,187.30,0.000
2024-09-05T00:00:00,5.010,176.20,0.000
2024-09-04T23:45:00,5.030,183.50,0.000
2024-09-04T23:30:00,5.050,186.90,0.000
2024-09-04T23:15:00,5.070,188.50,0.000
2024-09-04T23:00:00,5.090,194.70,0.000
2024-09-04T22:45:00,5.110,184.80,0.000
2024-09-04T22:30:00,5.130,203.80,0.000
2024-09-04T22:15:00,5.140,176.00,0.000
2024-09-04T22:00:00,5.170,183.30,0.000
2024-09-04T21:45:00,5.180,197.00,0.000
2024-09-04T21:30:00,5.200,195.70,0.000
2024-09-04T21:15:00,5.220,187.10,0.000
2024-09-04T21:00:00,5.250,187.20,0.000
2024-09-04T20:45:00,5.270,184.50,0.000
2024-09-04T20:30:00,5.280,194.30,0.000
2024-09-04T20:15:00,5.300,169.80,0.000
2024-09-04T20:00:00,5.320,183.90,0.000
2024-09-04T19:45:00,5.340,172.40,0.000
2024-09-04T19:30:00,5.360,190.80,0.000
2024-09-04T19:15:00,5.370,195.40,0.000
2024-09-04T19:00:00,5.380,204.20,0.000
2024-09-04T18:45:00,5.410,192.20,0.000
2024-09-04T18:30:00,5.420,198.50,0.000
2024-09-04T18:15:00,5.430,188.50,0.000
2024-09-04T18:00:00,5.450,183.50,0.000
2024-09-04T17:45:00,5.470,199.70,0.000
2024-09-04T17:30:00,5.480,191.90,0.000
2024-09-04T17:15:00,5.500,191.20,0.000
2024-09-04T17:00:00,5.520,195.50,0.000
2024-09-04T16:45:00,5.540,176.00,0.000
2024-09-04T16:30:00,5.550,185.70,0.000
2024-09-04T16:15:00,5.570,194.30,0.000
2024-09-04T16:00:00,5.590,215.90,0.000
2024-09-04T15:45:00,5.600,201.10,0.000
2024-09-04T15:30:00,5.620,199.90,0.000
2024-09-04T15:15:00,5.630,196.90,0.000
2024-09-04T15:00:00,5.640,221.30,0.500
2024-09-04T14:45:00,5.660,182.20,0.000
2024-09-04T14:30:00,5.670,195.80,0.000
2024-09-04T14:15:00,5.680,197.90,0.000
2024-09-04T14:00:00,5.680,207.10,0.000
2024-09-04T13:45:00,5.690,195.90,0.000
2024-09-04T13:30:00,5.700,215.50,0.000
2024-09-04T13:15:00,5.700,212.80,0.000
2024-09-04T13:00:00,5.710,233.20,0.000
2024-09-04T12:45:00,5.720,206.40,0.000
2024-09-04T12:30:00,5.720,213.40,0.000
2024-09-04T12:15:00,5.720,223.30,0.000
2024-09-04T12:00:00,5.720,215.50,0.000
2024-09-04T11:45:00,5.700,202.20,0.000
2024-09-04T11:30:00,5.690,224.40,0.000
2024-09-04T11:15:00,5.660,234.20,0.000
2024-09-04T11:00:00,5.650,228.50,0.000
2024-09-04T10:45:00,5.630,210.10,0.000
2024-09-04T10:30:00,5.610,229.20,0.000
2024-09-04T10:15:00,5.570,217.40,0.000
2024-09-04T10:00:00,5.540,208.20,0.000
2024-09-04T09:45:00,5.500,219.20,0.000
2024-09-04T09:30:00,5.450,232.60,0.000
2024-09-04T09:15:00,5.410,239.60,0.000
2024-09-04T09:00:00,5.340,232.20,0.000
2024-09-04T08:45:00,5.270,225.40,0.000
2024-09-04T08:30:00,5.200,232.50,0.000
2024-09-04T08:15:00,5.120,227.50,0.000
2024-09-04T08:00:00,5.040,233.10,0.000
2024-09-04T07:45:00,4.950,228.50,0.000
2024-09-04T07:30:00,4.880,216.40,0.000
2024-09-04T07:15:00,4.800,205.60,0.000
2024-09-04T07:00:00,4.720,203.40,0.000
2024-09-04T06:45:00,4.660,186.90,0.000
2024-09-04T06:30:00,4.590,169.50,0.000
2024-09-04T06:15:00,4.510,168.10,0.500
2024-09-04T06:00:00,4.420,152.30,0.000
2024-09-04T05:45:00,4.350,146.50,0.500
2024-09-04T05:30:00,4.280,130.50,0.500
2024-09-04T05:15:00,4.220,119.10,0.500
2024-09-04T05:00:00,4.180,110.10,0.500
2024-09-04T04:45:00,4.140,106.40,1.000
2024-09-04T04:30:00,4.100,105.00,1.000
2024-09-04T04:15:00,4.080,96.00,1.500
2024-09-04T04:00:00,4.060,90.60,1.500
2024-09-04T03:45:00,4.030,91.70,2.500
2024-09-04T03:30:00,4.020,88.90,2.000
2024-09-04T03:15:00,4.010,87.80,1.500
2024-09-04T03:00:00,4.000,82.00,1.500
2024-09-04T02:45:00,3.990,83.60,0.500
2024-09-04T02:30:00,3.990,81.20,0.500
2024-09-04T02:15:00,3.990,77.60,0.500
2024-09-04T02:00:00,3.980,77.50,1.000
2024-09-04T01:45:00,3.980,77.40,0.500
2024-09-04T01:30:00,3.970,73.90,1.500
2024-09-04T01:15:00,3.970,77.60,7.500
2024-09-04T01:00:00,3.960,72.00,17.000
2024-09-04T00:45:00,3.930,65.00,0.500
2024-09-04T00:30:00,3.930,57.10,0.000
2024-09-04T00:15:00,3.930,58.90,0.000
2024-09-04T00:00:00,3.940,74.70,0.500
2024-09-03T23:45:00,3.950,77.10,0.500
2024-09-03T23:30:00,3.960,77.00,0.000
2024-09-03T23:15:00,3.960,64.30,0.000
2024-09-03T23:00:00,3.970,73.60,0.000
2024-09-03T22:45:00,3.970,67.10,0.000
2024-09-03T22:30:00,3.990,59.90,0.000
2024-09-03T22:15:00,3.990,61.20,0.000
2024-09-03T22:00:00,3.990,64.50,0.000
2024-09-03T21:45:00,4.000,66.70,0.000
2024-09-03T21:30:00,4.010,64.30,0.000
2024-09-03T21:15:00,4.010,67.00,0.000
2024-09-03T21:00:00,4.010,65.10,0.000
2024-09-03T20:45:00,4.020,65.20,0.000
2024-09-03T20:30:00,4.020,74.90,0.000
2024-09-03T20:15:00,4.020,70.00,0.000
2024-09-03T20:00:00,4.020,68.00,0.500
2024-09-03T19:45:00,4.020,74.80,2.500
2024-09-03T19:30:00,4.030,86.30,4.500
2024-09-03T19:15:00,4.020,83.60,5.000
2024-09-03T19:00:00,4.020,66.50,0.000
2024-09-03T18:45:00,4.020,67.60,0.000
2024-09-03T18:30:00,4.030,69.60,0.000
2024-09-03T18:15:00,4.030,69.50,0.000
2024-09-03T18:00:00,4.020,66.80,0.000
2024-09-03T17:45:00,4.030,71.20,0.000
2024-09-03T17:30:00,4.030,69.40,0.000
2024-09-03T17:15:00,4.030,65.80,0.000
2024-09-03T17:00:00,4.040,70.00,0.000
2024-09-03T16:45:00,4.040,67.60,0.000
2024-09-03T16:30:00,4.040,66.70,0.000
2024-09-03T16:15:00,4.040,66.70,0.000
2024-09-03T16:00:00,4.040,66.60,0.000
2024-09-03T15:45:00,4.040,68.00,0.000
2024-09-03T15:30:00,4.040,67.50,0.000
2024-09-03T15:15:00,4.040,65.00,0.000
2024-09-03T15:00:00,4.040,63.30,0.000
2024-09-03T14:45:00,4.040,60.70,0.000
2024-09-03T14:30:00,4.040,57.70,0.000
2024-09-03T14:15:00,4.040,58.30,0.000
2024-09-03T14:00:00,4.040,62.50,0.000
2024-09-03T13:45:00,4.030,65.20,0.000
2024-09-03T13:30:00,4.040,66.10,0.000
2024-09-03T13:15:00,4.040,67.20,0.000
2024-09-03T13:00:00,4.040,70.20,0.000
2024-09-03T12:45:00,4.030,66.40,0.000
2024-09-03T12:30:00,4.030,67.40,0.000
2024-09-03T12:15:00,4.030,67.10,0.000
2024-09-03T12:00:00,4.020,63.50,0.000
2024-09-03T11:45:00,4.020,71.40,0.000
2024-09-03T11:30:00,4.020,64.70,0.000
2024-09-03T11:15:00,4.020,69.10,0.000
2024-09-03T11:00:00,4.010,68.10,0.000
2024-09-03T10:45:00,4.010,64.10,0.000
2024-09-03T10:30:00,4.000,69.80,0.000
2024-09-03T10:15:00,4.000,67.80,0.000
2024-09-03T10:00:00,3.990,65.60,0.000
2024-09-03T09:45:00,3.990,68.60,0.000
2024-09-03T09:30:00,3.980,65.80,0.000
2024-09-03T09:15:00,3.980,69.10,0.000
2024-09-03T09:00:00,3.980,68.10,0.000
2024-09-03T08:45:00,3.970,70.80,0.000
2024-09-03T08:30:00,3.970,68.50,0.000
2024-09-03T08:15:00,3.960,64.90,0.000
2024-09-03T08:00:00,3.940,73.50,1.500
2024-09-03T07:45:00,3.920,80.20,7.500
2024-09-03T07:30:00,3.900,83.40,6.000
2024-09-03T07:15:00,3.880,75.80,7.000
2024-09-03T07:00:00,3.860,76.50,6.500
2024-09-03T06:45:00,3.850,76.00,3.000
2024-09-03T06:30:00,3.830,72.90,4.500
2024-09-03T06:15:00,3.800,73.10,2.000
2024-09-03T06:00:00,3.800,60.80,0.000
2024-09-03T05:45:00,3.800,64.30,0.500
2024-09-03T05:30:00,3.800,61.60,0.000
2024-09-03T05:15:00,3.800,61.50,0.000
2024-09-03T05:00:00,3.800,60.00,0.000
2024-09-03T04:45:00,3.800,62.80,0.500
2024-09-03T04:30:00,3.800,61.70,0.000
2024-09-03T04:15:00,3.810,62.70,0.000
2024-09-03T04:00:00,3.810,63.10,0.000
2024-09-03T03:45:00,3.810,60.50,0.000
2024-09-03T03:30:00,3.820,63.90,0.000
2024-09-03T03:15:00,3.820,63.20,0.000
2024-09-03T03:00:00,3.820,68.60,0.000
2024-09-03T02:45:00,3.820,62.40,0.000
2024-09-03T02:30:00,3.830,65.20,0.000
2024-09-03T02:15:00,3.830,62.40,0.000
2024-09-03T02:00:00,3.830,63.70,0.000
2024-09-03T01:45:00,3.830,60.10,0.000
2024-09-03T01:30:00,3.830,65.80,0.000
2024-09-03T01:15:00,3.830,62.90,0.000
2024-09-03T01:00:00,3.830,63.00,0.000
2024-09-03T00:45:00,3.840,61.90,0.000
2024-09-03T00:30:00,3.840,62.40,0.000
2024-09-03T00:15:00,3.840,63.20,0.000
2024-09-03T00:00:00,3.840,62.80,0.000
2024-09-02T23:45:00,3.840,61.00,0.000
2024-09-02T23:30:00,3.850,62.20,0.000
2024-09-02T23:15:00,3.850,62.80,0.000
2024-09-02T23:00:00,3.850,62.50,0.000
2024-09-02T22:45:00,3.850,61.80,0.000
2024-09-02T22:30:00,3.860,62.00,0.000
2024-09-02T22:15:00,3.860,58.10,0.000
2024-09-02T22:00:00,3.860,69.70,4.000
2024-09-02T21:45:00,3.860,76.80,1.000
2024-09-02T21:30:00,3.870,76.30,2.000
2024-09-02T21:15:00,3.870,80.70,0.500
2024-09-02T21:00:00,3.880,76.20,0.000
2024-09-02T20:45:00,3.880,58.80,9.500
2024-09-02T20:30:00,3.860,84.90,10.500
2024-09-02T20:15:00,3.850,78.70,0.500
2024-09-02T20:00:00,3.860,82.10,0.000
2024-09-02T19:45:00,3.870,69.40,0.000
2024-09-02T19:30:00,3.870,67.10,0.000
2024-09-02T19:15:00,3.880,66.30,0.000
2024-09-02T19:00:00,3.880,73.50,0.000
2024-09-02T18:45:00,3.890,73.50,0.000
2024-09-02T18:30:00,3.890,70.40,0.000
2024-09-02T18:15:00,3.890,73.00,0.000
2024-09-02T18:00:00,3.880,73.40,0.000
2024-09-02T17:45:00,3.880,70.30,0.000
2024-09-02T17:30:00,3.880,70.20,0.000
2024-09-02T17:15:00,3.880,71.30,0.000
2024-09-02T17:00:00,3.880,72.50,0.000
2024-09-02T16:45:00,3.870,72.70,0.000
2024-09-02T16:30:00,3.870,69.60,0.000
2024-09-02T16:15:00,3.870,68.60,0.000
2024-09-02T16:00:00,3.870,67.40,0.000
2024-09-02T15:45:00,3.860,65.30,0.000
2024-09-02T15:30:00,3.860,70.60,0.000
2024-09-02T15:15:00,3.860,68.20,0.000
2024-09-02T15:00:00,3.860,69.40,0.000
2024-09-02T14:45:00,3.860,68.10,0.000
2024-09-02T14:30:00,3.870,70.70,0.000
2024-09-02T14:15:00,3.870,70.70,0.000
2024-09-02T14:00:00,3.860,69.30,0.000
2024-09-02T13:45:00,3.870,70.20,0.000
2024-09-02T13:30:00,3.870,68.80,0.000
2024-09-02T13:15:00,3.870,69.80,0.000
2024-09-02T13:00:00,3.870,71.10,0.000
2024-09-02T12:45:00,3.870,64.40,0.000
2024-09-02T12:30:00,3.870,68.60,0.000
2024-09-02T12:15:00,3.870,69.90,0.000
2024-09-02T12:00:00,3.870,67.40,0.000
2024-09-02T11:45:00,3.870,68.70,0.000
2024-09-02T11:30:00,3.870,72.20,0.000
2024-09-02T11:15:00,3.870,75.50,0.000
2024-09-02T11:00:00,3.870,72.80,0.000
2024-09-02T10:45:00,3.870,70.50,0.000
2024-09-02T10:30:00,3.870,72.80,0.000
2024-09-02T10:15:00,3.870,74.70,0.000
2024-09-02T10:00:00,3.870,74.00,0.000
2024-09-02T09:45:00,3.870,72.40,0.000
2024-09-02T09:30:00,3.880,70.90,0.000
2024-09-02T09:15:00,3.880,69.60,0.000
2024-09-02T09:00:00,3.880,74.00,0.000
2024-09-02T08:45:00,3.870,74.70,0.000
2024-09-02T08:30:00,3.880,74.40,0.000
2024-09-02T08:15:00,3.880,71.30,0.000
2024-09-02T08:00:00,3.880,69.20,0.000
2024-09-02T07:45:00,3.880,69.10,0.000
2024-09-02T07:30:00,3.880,73.50,0.000
2024-09-02T07:15:00,3.880,68.30,0.000
2024-09-02T07:00:00,3.880,69.30,0.000
2024-09-02T06:45:00,3.880,76.00,0.000
2024-09-02T06:30:00,3.880,73.50,0.000
2024-09-02T06:15:00,3.880,70.00,0.000
2024-09-02T06:00:00,3.880,69.10,0.000
2024-09-02T05:45:00,3.870,71.00,0.000
2024-09-02T05:30:00,3.880,69.90,0.000
2024-09-02T05:15:00,3.880,71.20,0.000
2024-09-02T05:00:00,3.880,73.60,0.000
2024-09-02T04:45:00,3.870,69.10,0.000
2024-09-02T04:30:00,3.870,70.50,0.000
2024-09-02T04:15:00,3.870,66.70,0.000
2024-09-02T04:00:00,3.870,69.60,0.000
2024-09-02T03:45:00,3.870,70.70,0.000
2024-09-02T03:30:00,3.870,71.50,0.000
2024-09-02T03:15:00,3.870,70.60,0.000
2024-09-02T03:00:00,3.880,71.60,0.000
2024-09-02T02:45:00,3.870,67.20,0.000
2024-09-02T02:30:00,3.870,70.70,0.000
2024-09-02T02:15:00,3.870,72.40,0.000
2024-09-02T02:00:00,3.870,68.00,0.000
2024-09-02T01:45:00,3.870,69.80,0.000
2024-09-02T01:30:00,3.870,70.70,0.000
2024-09-02T01:15:00,3.870,68.50,0.000
2024-09-02T01:00:00,3.860,68.30,0.000
2024-09-02T00:45:00,3.870,67.40,0.000
2024-09-02T00:30:00,3.870,71.60,0.000
2024-09-02T00:15:00,3.870,77.40,1.000
2024-09-02T00:00:00,3.870,83.20,1.000
2024-09-01T23:45:00,3.870,74.80,0.000
2024-09-01T23:30:00,3.870,77.90,0.500
2024-09-01T23:15:00,3.870,77.90,0.500
2024-09-01T23:00:00,3.870,77.70,0.500
2024-09-01T22:45:00,3.860,77.90,0.500
2024-09-01T22:30:00,3.860,82.50,0.500
2024-09-01T22:15:00,3.860,80.70,0.500
2024-09-01T22:00:00,3.860,70.90,0.000
2024-09-01T21:45:00,3.860,79.80,1.000
2024-09-01T21:30:00,3.860,80.30,0.500
2024-09-01T21:15:00,3.860,78.30,0.000
2024-09-01T21:00:00,3.870,75.50,0.000
2024-09-01T20:45:00,3.860,68.10,0.500
2024-09-01T20:30:00,3.860,76.10,0.000
2024-09-01T20:15:00,3.860,77.10,0.000
2024-09-01T20:00:00,3.870,75.20,0.000
2024-09-01T19:45:00,3.860,76.70,0.000
2024-09-01T19:30:00,3.870,68.70,0.000
2024-09-01T19:15:00,3.870,72.70,0.000
2024-09-01T19:00:00,3.870,71.20,0.000
2024-09-01T18:45:00,3.870,72.20,0.000
2024-09-01T18:30:00,3.880,74.40,0.000
2024-09-01T18:15:00,3.880,72.10,0.000
2024-09-01T18:00:00,3.870,69.90,0.000
2024-09-01T17:45:00,3.870,70.60,0.000
2024-09-01T17:30:00,3.870,72.50,0.000
2024-09-01T17:15:00,3.880,73.90,0.000
2024-09-01T17:00:00,3.870,70.60,0.000
2024-09-01T16:45:00,3.870,71.50,0.000
2024-09-01T16:30:00,3.870,72.30,0.000
2024-09-01T16:15:00,3.880,73.70,0.000
2024-09-01T16:00:00,3.880,76.10,0.000
2024-09-01T15:45:00,3.880,74.70,0.000
2024-09-01T15:30:00,3.880,73.20,0.000
2024-09-01T15:15:00,3.880,70.80,0.000
2024-09-01T15:00:00,3.890,73.00,0.000
2024-09-01T14:45:00,3.890,68.50,0.000
2024-09-01T14:30:00,3.890,70.00,0.000
2024-09-01T14:15:00,3.890,73.40,0.000
2024-09-01T14:00:00,3.900,70.70,0.000
2024-09-01T13:45:00,3.900,73.10,0.000
2024-09-01T13:30:00,3.900,73.20,0.000
2024-09-01T13:15:00,3.900,74.70,0.000
2024-09-01T13:00:00,3.900,69.60,0.000
2024-09-01T12:45:00,3.900,71.70,0.000
2024-09-01T12:30:00,3.900,70.00,0.000
2024-09-01T12:15:00,3.910,70.10,0.000
2024-09-01T12:00:00,3.910,69.60,0.000
2024-09-01T11:45:00,3.910,75.30,0.000
2024-09-01T11:30:00,3.900,75.80,0.000
2024-09-01T11:15:00,3.910,74.60,0.000
2024-09-01T11:00:00,3.920,73.30,0.000
2024-09-01T10:45:00,3.920,78.00,0.000
2024-09-01T10:30:00,3.910,79.20,0.000
2024-09-01T10:15:00,3.920,71.30,0.000
2024-09-01T10:00:00,3.920,79.90,0.000
2024-09-01T09:45:00,3.920,77.00,0.000
2024-09-01T09:30:00,3.920,76.60,0.000
2024-09-01T09:15:00,3.930,77.90,0.000
2024-09-01T09:00:00,3.920,74.90,0.000
2024-09-01T08:45:00,3.930,74.60,0.000
2024-09-01T08:30:00,3.920,77.50,0.000
2024-09-01T08:15:00,3.930,76.90,0.000
2024-09-01T08:00:00,3.930,79.20,0.000
2024-09-01T07:45:00,3.930,82.20,0.000
2024-09-01T07:30:00,3.930,80.80,0.000
2024-09-01T07:15:00,3.940,78.80,0.000
2024-09-01T07:00:00,3.940,79.00,0.000
2024-09-01T06:45:00,3.940,75.70,0.000
2024-09-01T06:30:00,3.940,76.00,0.000
2024-09-01T06:15:00,3.940,79.60,0.000
2024-09-01T06:00:00,3.930,79.20,0.000
2024-09-01T05:45:00,3.940,78.00,0.000
2024-09-01T05:30:00,3.940,80.00,0.000
2024-09-01T05:15:00,3.940,80.70,0.000
2024-09-01T05:00:00,3.940,80.80,0.000
2024-09-01T04:45:00,3.940,77.70,0.000
2024-09-01T04:30:00,3.940,80.60,0.000
2024-09-01T04:15:00,3.940,76.90,0.000
2024-09-01T04:00:00,3.950,79.70,0.000
2024-09-01T03:45:00,3.940,80.00,0.000
2024-09-01T03:30:00,3.940,79.20,0.000
2024-09-01T03:15:00,3.950,79.20,0.000
2024-09-01T03:00:00,3.950,81.50,0.000
2024-09-01T02:45:00,3.940,80.40,0.000
2024-09-01T02:30:00,3.940,82.20,0.000
2024-09-01T02:15:00,3.940,81.10,0.000
2024-09-01T02:00:00,3.950,80.80,0.000
2024-09-01T01:45:00,3.950,78.40,0.000
2024-09-01T01:30:00,3.950,80.40,0.000
2024-09-01T01:15:00,3.950,80.80,0.000
2024-09-01T01:00:00,3.950,80.00,0.000
2024-09-01T00:45:00,3.950,77.60,0.000
2024-09-01T00:30:00,3.960,82.10,0.000
2024-09-01T00:15:00,3.950,80.80,0.000
2024-09-01T00:00:00,3.950,79.60,0.000
2024-08-31T23:45:00,3.950,83.10,0.000
2024-08-31T23:30:00,3.960,81.90,0.000
2024-08-31T23:15:00,3.960,80.50,0.000
2024-08-31T23:00:00,3.960,78.00,0.000
2024-08-31T22:45:00,3.960,82.90,0.000
2024-08-31T22:30:00,3.970,83.20,0.000
2024-08-31T22:15:00,3.960,80.40,0.000
2024-08-31T22:00:00,3.970,82.20,0.000
2024-08-31T21:45:00,3.970,91.10,4.000
2024-08-31T21:30:00,3.960,91.80,2.000
2024-08-31T21:15:00,3.960,93.60,3.000
2024-08-31T21:00:00,3.950,94.00,0.000
2024-08-31T20:45:00,3.950,80.30,0.000
2024-08-31T20:30:00,3.950,79.50,0.000
2024-08-31T20:15:00,3.960,80.60,0.000
2024-08-31T20:00:00,3.950,83.60,0.000
2024-08-31T19:45:00,3.960,81.60,0.000
2024-08-31T19:30:00,3.960,79.00,0.000
2024-08-31T19:15:00,3.960,81.70,0.000
2024-08-31T19:00:00,3.960,82.30,0.000
2024-08-31T18:45:00,3.960,82.30,0.000
2024-08-31T18:30:00,3.970,80.80,0.000
2024-08-31T18:15:00,3.960,82.00,0.000
2024-08-31T18:00:00,3.970,81.60,0.000
2024-08-31T17:45:00,3.960,82.80,0.000
2024-08-31T17:30:00,3.960,81.30,0.000
2024-08-31T17:15:00,3.960,79.30,0.000
2024-08-31T17:00:00,3.970,79.30,0.000
2024-08-31T16:45:00,3.960,80.00,0.000
2024-08-31T16:30:00,3.970,78.30,0.000
2024-08-31T16:15:00,3.970,83.60,0.000
2024-08-31T16:00:00,3.970,81.10,0.000
2024-08-31T15:45:00,3.970,79.40,0.000
2024-08-31T15:30:00,3.970,77.00,0.000
2024-08-31T15:15:00,3.970,77.90,0.000
2024-08-31T15:00:00,3.980,86.60,0.000
2024-08-31T14:45:00,3.980,85.40,0.000
2024-08-31T14:30:00,3.980,83.90,0.000
2024-08-31T14:15:00,3.980,83.50,0.000
2024-08-31T14:00:00,3.990,77.80,0.000
2024-08-31T13:45:00,3.980,85.70,0.000
2024-08-31T13:30:00,3.990,82.00,0.000
2024-08-31T13:15:00,3.990,88.70,0.000
2024-08-31T13:00:00,3.990,90.20,0.000
2024-08-31T12:45:00,4.000,86.50,0.000
2024-08-31T12:30:00,4.000,81.60,0.000
2024-08-31T12:15:00,4.000,85.20,0.000
2024-08-31T12:00:00,4.000,86.90,0.000
2024-08-31T11:45:00,4.000,83.50,0.000
2024-08-31T11:30:00,4.000,81.20,0.000
2024-08-31T11:15:00,4.010,83.10,0.000
2024-08-31T11:00:00,4.010,82.70,0.000
2024-08-31T10:45:00,4.010,89.10,0.000
2024-08-31T10:30:00,4.010,84.40,0.000
2024-08-31T10:15:00,4.020,83.20,0.000
2024-08-31T10:00:00,4.020,84.90,0.000
2024-08-31T09:45:00,4.020,84.90,0.000
2024-08-31T09:30:00,4.020,87.60,0.000
2024-08-31T09:15:00,4.020,84.90,0.000
2024-08-31T09:00:00,4.030,87.10,0.000
2024-08-31T08:45:00,4.030,87.90,0.000
2024-08-31T08:30:00,4.030,86.10,0.000
2024-08-31T08:15:00,4.030,88.50,0.000
2024-08-31T08:00:00,4.040,83.60,0.000
2024-08-31T07:45:00,4.030,86.20,0.000
2024-08-31T07:30:00,4.040,87.60,0.000
2024-08-31T07:15:00,4.040,85.20,0.000
2024-08-31T07:00:00,4.040,86.70,0.000
2024-08-31T06:45:00,4.050,85.90,0.000
2024-08-31T06:30:00,4.040,87.60,0.000
2024-08-31T06:15:00,4.050,90.60,0.000
2024-08-31T06:00:00,4.050,89.70,0.000
2024-08-31T05:45:00,4.050,89.30,0.000
2024-08-31T05:30:00,4.050,89.20,0.000
2024-08-31T05:15:00,4.050,90.70,0.000
2024-08-31T05:00:00,4.050,87.60,0.000
2024-08-31T04:45:00,4.050,92.60,0.000
2024-08-31T04:30:00,4.050,89.00,0.000
2024-08-31T04:15:00,4.060,90.40,0.000
2024-08-31T04:00:00,4.060,89.50,0.000
2024-08-31T03:45:00,4.050,90.20,0.000
2024-08-31T03:30:00,4.060,90.20,0.000
2024-08-31T03:15:00,4.060,90.90,0.000
2024-08-31T03:00:00,4.060,89.60,0.000
2024-08-31T02:45:00,4.060,91.70,0.000
2024-08-31T02:30:00,4.060,92.70,0.000
2024-08-31T02:15:00,4.060,88.80,0.000
2024-08-31T02:00:00,4.060,90.00,0.000
2024-08-31T01:45:00,4.060,90.50,0.000
2024-08-31T01:30:00,4.050,90.70,0.000
2024-08-31T01:15:00,4.060,88.90,0.000
2024-08-31T01:00:00,4.060,89.80,0.000
2024-08-31T00:45:00,4.060,90.00,0.000
2024-08-31T00:30:00,4.060,88.70,0.000
2024-08-31T00:15:00,4.050,89.90,0.000
2024-08-31T00:00:00,4.060,90.10,0.000
2024-09-13T23:45:00,4.290,112.60,6.500
2024-09-13T23:30:00,4.250,107.90,14.000
2024-09-13T23:15:00,4.220,105.10,30.000
2024-09-13T23:00:00,4.150,84.60,10.500
2024-09-13T22:45:00,4.130,98.70,5.500
2024-09-13T22:30:00,4.130,100.40,4.500
2024-09-13T22:15:00,4.120,98.20,0.500
2024-09-13T22:00:00,4.130,79.90,0.000
2024-09-13T21:45:00,4.130,78.30,0.500
2024-09-13T21:30:00,4.140,95.00,1.000
2024-09-13T21:15:00,4.140,95.10,2.000
2024-09-13T21:00:00,4.150,87.50,0.000
2024-09-13T20:45:00,4.150,89.10,0.000
2024-09-13T20:30:00,4.160,74.70,0.000
2024-09-13T20:15:00,4.170,73.40,0.000
2024-09-13T20:00:00,4.170,85.70,0.000
2024-09-13T19:45:00,4.180,77.60,0.000
2024-09-13T19:30:00,4.190,69.60,0.000
2024-09-13T19:15:00,4.200,79.50,0.000
2024-09-13T19:00:00,4.200,73.80,0.000
2024-09-13T18:45:00,4.210,78.70,0.000
2024-09-13T18:30:00,4.220,75.20,0.000
2024-09-13T18:15:00,4.230,75.20,0.000
2024-09-13T18:00:00,4.230,74.20,0.000
2024-09-13T17:45:00,4.240,73.40,0.000
2024-09-13T17:30:00,4.250,78.00,0.000
2024-09-13T17:15:00,4.260,74.50,0.000
2024-09-13T17:00:00,4.270,80.30,0.000
2024-09-13T16:45:00,4.280,83.30,0.000
2024-09-13T16:30:00,4.290,81.70,0.000
2024-09-13T16:15:00,4.290,78.20,0.000
2024-09-13T16:00:00,4.300,82.60,0.000
2024-09-13T15:45:00,4.310,77.00,0.000
2024-09-13T15:30:00,4.320,89.50,0.000
2024-09-13T15:15:00,4.330,82.70,0.000
2024-09-13T15:00:00,4.340,85.70,0.000
2024-09-13T14:45:00,4.350,88.90,0.000
2024-09-13T14:30:00,4.360,84.90,0.000
2024-09-13T14:15:00,4.370,72.90,0.000
2024-09-13T14:00:00,4.390,84.20,0.000
2024-09-13T13:45:00,4.400,77.00,0.000
2024-09-13T13:30:00,4.410,79.10,0.000
2024-09-13T13:15:00,4.420,90.10,0.000
2024-09-13T13:00:00,4.430,82.00,0.000
2024-09-13T12:45:00,4.440,89.10,0.000
2024-09-13T12:30:00,4.450,92.30,0.000
2024-09-13T12:15:00,4.470,92.30,0.000
2024-09-13T12:00:00,4.500,91.20,0.000
2024-09-13T11:45:00,4.520,96.70,0.000
2024-09-13T11:30:00,4.520,83.30,0.000
2024-09-13T11:15:00,4.540,89.70,0.000
2024-09-13T11:00:00,4.540,90.40,0.000
2024-09-13T10:45:00,4.550,105.00,0.000
2024-09-13T10:30:00,4.550,94.00,0.000
2024-09-13T10:15:00,4.560,100.80,0.000
2024-09-13T10:00:00,4.570,99.80,0.000
2024-09-13T09:45:00,4.580,100.50,0.000
2024-09-13T09:30:00,4.580,105.00,0.000
2024-09-13T09:15:00,4.590,101.30,0.000
2024-09-13T09:00:00,4.600,104.80,0.000
2024-09-13T08:45:00,4.600,99.30,0.000
2024-09-13T08:30:00,4.610,116.60,0.000
2024-09-13T08:15:00,4.620,112.40,0.000
2024-09-13T08:00:00,4.630,104.30,0.000
2024-09-13T07:45:00,4.630,103.90,0.000
2024-09-13T07:30:00,4.630,112.50,0.000
2024-09-13T07:15:00,4.630,103.50,0.000
2024-09-13T07:00:00,4.630,108.10,0.000
2024-09-13T06:45:00,4.620,105.80,0.000
2024-09-13T06:30:00,4.620,102.10,0.000
2024-09-13T06:15:00,4.610,107.60,0.000
2024-09-13T06:00:00,4.610,115.10,0.000
2024-09-13T05:45:00,4.600,109.70,0.000
2024-09-13T05:30:00,4.590,109.60,0.000
2024-09-13T05:15:00,4.590,98.80,0.000
2024-09-13T05:00:00,4.570,101.30,0.000
2024-09-13T04:45:00,4.560,101.70,0.000
2024-09-13T04:30:00,4.540,98.10,0.000
2024-09-13T04:15:00,4.530,94.40,0.000
2024-09-13T04:00:00,4.510,100.80,0.000
2024-09-13T03:45:00,4.500,95.40,0.000
2024-09-13T03:30:00,4.480,100.40,0.000
2024-09-13T03:15:00,4.460,90.90,0.000
2024-09-13T03:00:00,4.450,93.80,0.000
2024-09-13T02:45:00,4.440,95.10,0.000
2024-09-13T02:30:00,4.420,90.90,0.000
2024-09-13T02:15:00,4.410,93.10,0.000
2024-09-13T02:00:00,4.400,88.80,0.000
2024-09-13T01:45:00,4.380,82.00,0.000
2024-09-13T01:30:00,4.370,85.00,0.000
2024-09-13T01:15:00,4.360,85.10,0.500
2024-09-13T01:00:00,4.350,89.90,0.000
2024-09-13T00:45:00,4.340,98.70,0.000
2024-09-13T00:30:00,4.340,98.30,0.000
2024-09-13T00:15:00,4.340,93.30,0.500
2024-09-13T00:00:00,4.330,103.30,0.000
2024-09-12T23:45:00,4.340,101.60,0.500
2024-09-12T23:30:00,4.340,99.10,0.500
2024-09-12T23:15:00,4.330,100.30,0.500
2024-09-12T23:00:00,4.330,100.50,0.500
2024-09-12T22:45:00,4.340,101.40,0.000
2024-09-12T22:30:00,4.340,99.10,0.500
2024-09-12T22:15:00,4.340,100.00,1.000
2024-09-12T22:00:00,4.340,100.90,0.000
2024-09-12T21:45:00,4.340,100.50,0.000
2024-09-12T21:30:00,4.340,82.40,0.500
2024-09-12T21:15:00,4.350,103.20,0.000
2024-09-12T21:00:00,4.350,84.90,0.000
2024-09-12T20:45:00,4.350,68.60,0.000
2024-09-12T20:30:00,4.350,71.70,0.000
2024-09-12T20:15:00,4.350,47.40,0.000
2024-09-12T20:00:00,4.350,48.30,1.000
2024-09-12T19:45:00,4.350,78.90,0.000
2024-09-12T19:30:00,4.350,55.70,0.000
2024-09-12T19:15:00,4.350,78.10,0.000
2024-09-12T19:00:00,4.350,72.00,0.000
2024-09-12T18:45:00,4.350,76.40,0.000
2024-09-12T18:30:00,4.350,66.00,0.000
2024-09-12T18:15:00,4.350,63.80,0.000
2024-09-12T18:00:00,4.350,68.00,0.000
2024-09-12T17:45:00,4.350,68.30,0.000
2024-09-12T17:30:00,4.350,61.50,0.000
2024-09-12T17:15:00,4.350,57.10,0.000
2024-09-12T17:00:00,4.350,70.50,0.000
2024-09-12T16:45:00,4.350,67.40,0.000
2024-09-12T16:30:00,4.350,68.80,0.000
2024-09-12T16:15:00,4.350,73.30,0.000
2024-09-12T16:00:00,4.350,73.40,0.000
2024-09-12T15:45:00,4.350,66.60,0.000
2024-09-12T15:30:00,4.350,63.00,0.000
2024-09-12T15:15:00,4.350,70.40,0.000
2024-09-12T15:00:00,4.350,63.90,0.000
2024-09-12T14:45:00,4.350,56.30,0.000
2024-09-12T14:30:00,4.340,64.50,0.000
2024-09-12T14:15:00,4.340,65.80,0.000
2024-09-12T14:00:00,4.340,56.90,0.000
2024-09-12T13:45:00,4.340,76.00,0.000
2024-09-12T13:30:00,4.340,61.30,0.000
2024-09-12T13:15:00,4.340,75.50,0.000
2024-09-12T13:00:00,4.340,55.20,0.000
2024-09-12T12:45:00,4.340,66.60,0.000
2024-09-12T12:30:00,4.330,61.40,0.000
2024-09-12T12:15:00,4.330,64.80,0.000
2024-09-12T12:00:00,4.330,74.10,0.000
2024-09-12T11:45:00,4.320,72.90,0.000
2024-09-12T11:30:00,4.320,77.90,0.000
2024-09-12T11:15:00,4.310,73.90,0.000
2024-09-12T11:00:00,4.310,74.60,0.000
2024-09-12T10:45:00,4.300,81.00,0.000
2024-09-12T10:30:00,4.300,74.70,0.000
2024-09-12T10:15:00,4.290,80.30,0.000
2024-09-12T10:00:00,4.290,77.70,0.000
2024-09-12T09:45:00,4.280,74.20,0.000
2024-09-12T09:30:00,4.280,80.20,0.000
2024-09-12T09:15:00,4.270,79.20,0.000
2024-09-12T09:00:00,4.250,84.80,0.000
2024-09-12T08:45:00,4.210,87.70,0.000
2024-09-12T08:30:00,4.200,96.00,0.000
2024-09-12T08:15:00,4.230,97.20,0.000
2024-09-12T08:00:00,4.280,98.60,0.000
2024-09-12T07:45:00,4.330,85.40,0.000
2024-09-12T07:30:00,4.330,83.70,0.000
2024-09-12T07:15:00,4.330,86.00,0.000
2024-09-12T07:00:00,4.330,85.70,0.000
2024-09-12T06:45:00,4.330,76.30,0.000
2024-09-12T06:30:00,4.330,88.00,0.000
2024-09-12T06:15:00,4.330,92.40,0.000
2024-09-12T06:00:00,4.340,86.60,0.000
2024-09-12T05:45:00,4.330,84.60,0.000
2024-09-12T05:30:00,4.330,83.90,0.000
2024-09-12T05:15:00,4.330,84.00,0.000
2024-09-12T05:00:00,4.330,84.70,0.000
2024-09-12T04:45:00,4.330,81.90,0.000
2024-09-12T04:30:00,4.330,81.10,0.000
2024-09-12T04:15:00,4.320,84.10,0.000
2024-09-12T04:00:00,4.320,84.10,0.000
2024-09-12T03:45:00,4.320,86.50,0.000
2024-09-12T03:30:00,4.320,91.10,0.000
2024-09-12T03:15:00,4.320,83.90,0.000
2024-09-12T03:00:00,4.310,87.10,0.000
2024-09-12T02:45:00,4.310,87.50,0.000
2024-09-12T02:30:00,4.310,86.50,0.000
2024-09-12T02:15:00,4.310,86.20,0.000
2024-09-12T02:00:00,4.310,84.30,0.000
2024-09-12T01:45:00,4.310,86.00,0.000
2024-09-12T01:30:00,4.300,83.90,0.000
2024-09-12T01:15:00,4.300,82.70,0.000
2024-09-12T01:00:00,4.300,85.80,0.000
2024-09-12T00:45:00,4.290,83.70,0.000
2024-09-12T00:30:00,4.290,85.90,0.000
2024-09-12T00:15:00,4.290,74.20,0.000
2024-09-12T00:00:00,4.290,86.30,0.000
2024-09-11T23:45:00,4.290,86.70,0.000
2024-09-11T23:30:00,4.290,83.90,0.000
2024-09-11T23:15:00,4.290,85.60,0.000
2024-09-11T23:00:00,4.290,84.10,0.000
2024-09-11T22:45:00,4.290,83.20,0.000
2024-09-11T22:30:00,4.290,108.10,0.000
2024-09-11T22:15:00,4.290,81.90,0.000
2024-09-11T22:00:00,4.290,83.60,0.000
2024-09-11T21:45:00,4.290,83.50,0.000
2024-09-11T21:30:00,4.300,87.90,0.000
2024-09-11T21:15:00,4.290,79.20,0.000
2024-09-11T21:00:00,4.300,83.00,0.000
2024-09-11T20:45:00,4.300,81.60,0.000
2024-09-11T20:30:00,4.300,86.40,0.000
2024-09-11T20:15:00,4.300,84.50,0.000
2024-09-11T20:00:00,4.300,88.60,0.000
2024-09-11T19:45:00,4.300,85.20,0.000
2024-09-11T19:30:00,4.300,82.40,0.000
2024-09-11T19:15:00,4.300,77.50,0.000
2024-09-11T19:00:00,4.300,95.10,0.000
2024-09-11T18:45:00,4.310,79.60,0.000
2024-09-11T18:30:00,4.310,77.10,0.000
2024-09-11T18:15:00,4.310,84.40,0.000
2024-09-11T18:00:00,4.310,83.70,0.000
2024-09-11T17:45:00,4.300,83.80,0.000
2024-09-11T17:30:00,4.310,81.60,0.000
2024-09-11T17:15:00,4.310,77.30,0.000
2024-09-11T17:00:00,4.310,75.40,0.000
2024-09-11T16:45:00,4.310,74.60,0.000
2024-09-11T16:30:00,4.310,85.80,0.000
2024-09-11T16:15:00,4.310,75.80,0.000
2024-09-11T16:00:00,4.310,79.40,0.000
2024-09-11T15:45:00,4.310,74.90,0.000
2024-09-11T15:30:00,4.310,78.00,0.000
2024-09-11T15:15:00,4.320,72.60,0.000
2024-09-11T15:00:00,4.320,84.30,0.000
2024-09-11T14:45:00,4.320,89.70,0.000
2024-09-11T14:30:00,4.320,86.30,0.000
2024-09-11T14:15:00,4.320,80.40,0.000
2024-09-11T14:00:00,4.320,80.80,0.500
2024-09-11T13:45:00,4.320,82.10,0.000
2024-09-11T13:30:00,4.320,83.00,0.000
2024-09-11T13:15:00,4.330,76.40,0.000
2024-09-11T13:00:00,4.330,70.50,0.000
2024-09-11T12:45:00,4.340,77.10,0.000
2024-09-11T12:30:00,4.340,77.10,0.000
2024-09-11T12:15:00,4.350,77.10,0.000
2024-09-11T12:00:00,4.360,84.10,0.000
2024-09-11T11:45:00,4.370,82.30,0.000
2024-09-11T11:30:00,4.380,80.40,0.000
2024-09-11T11:15:00,4.390,79.10,0.000
2024-09-11T11:00:00,4.400,86.70,0.000
2024-09-11T10:45:00,4.410,94.30,0.000
2024-09-11T10:30:00,4.420,83.40,0.000
2024-09-11T10:15:00,4.430,95.00,0.000
2024-09-11T10:00:00,4.440,89.30,0.000
2024-09-11T09:45:00,4.450,87.10,0.000
2024-09-11T09:30:00,4.460,86.20,0.000
2024-09-11T09:15:00,4.470,91.60,0.000
2024-09-11T09:00:00,4.490,97.00,0.000
2024-09-11T08:45:00,4.490,93.50,0.000
2024-09-11T08:30:00,4.510,96.90,0.000
2024-09-11T08:15:00,4.520,90.60,0.000
2024-09-11T08:00:00,4.530,93.80,0.000
2024-09-11T07:45:00,4.560,74.00,0.000
2024-09-11T07:30:00,4.570,74.40,0.000
2024-09-11T07:15:00,4.560,86.10,0.000
2024-09-11T07:00:00,4.560,76.80,0.000
2024-09-11T06:45:00,4.560,81.50,0.000
2024-09-11T06:30:00,4.550,75.70,0.000
2024-09-11T06:15:00,4.550,85.20,0.000
2024-09-11T06:00:00,4.550,84.70,0.000
2024-09-11T05:45:00,4.540,88.10,0.000
2024-09-11T05:30:00,4.540,79.60,0.000
2024-09-11T05:15:00,4.530,85.70,0.000
2024-09-11T05:00:00,4.520,89.30,0.000
2024-09-11T04:45:00,4.520,77.10,0.000
2024-09-11T04:30:00,4.510,80.60,0.000
2024-09-11T04:15:00,4.500,88.60,0.000
2024-09-11T04:00:00,4.490,86.50,0.000
2024-09-11T03:45:00,4.480,83.20,0.000
2024-09-11T03:30:00,4.460,83.30,0.000
2024-09-11T03:15:00,4.450,86.00,0.000
2024-09-11T03:00:00,4.430,82.40,0.000
2024-09-11T02:45:00,4.420,82.50,0.000
2024-09-11T02:30:00,4.400,80.60,0.000
2024-09-11T02:15:00,4.390,81.50,0.000
2024-09-11T02:00:00,4.370,80.50,0.000
2024-09-11T01:45:00,4.350,84.00,0.000
2024-09-11T01:30:00,4.330,77.90,0.000
2024-09-11T01:15:00,4.310,82.90,0.000
2024-09-11T01:00:00,4.290,79.10,0.000
2024-09-11T00:45:00,4.270,82.30,0.000
2024-09-11T00:30:00,4.240,81.30,0.000
2024-09-11T00:15:00,4.220,79.00,0.000
2024-09-11T00:00:00,4.190,72.30,0.000
2024-09-10T23:45:00,4.170,75.40,0.000
2024-09-10T23:30:00,4.150,71.80,0.000
2024-09-10T23:15:00,4.130,67.40,0.000
2024-09-10T23:00:00,4.120,65.30,0.000
2024-09-10T22:45:00,4.100,64.80,0.000
2024-09-10T22:30:00,4.090,60.20,0.000
2024-09-10T22:15:00,4.080,75.10,0.000
2024-09-10T22:00:00,4.070,74.60,0.000
2024-09-10T21:45:00,4.060,77.20,0.000
2024-09-10T21:30:00,4.050,54.90,0.000
2024-09-10T21:15:00,4.050,51.90,0.000
2024-09-10T21:00:00,4.040,69.10,0.000
2024-09-10T20:45:00,4.030,55.20,0.000
2024-09-10T20:30:00,4.020,50.40,1.000
2024-09-10T20:15:00,4.010,59.90,0.000
2024-09-10T20:00:00,4.000,72.40,6.500
2024-09-10T19:45:00,3.990,76.50,13.000
2024-09-10T19:30:00,3.970,73.30,0.000
2024-09-10T19:15:00,3.950,46.30,0.000
2024-09-10T19:00:00,3.950,49.80,0.000
2024-09-10T18:45:00,3.940,47.20,0.000
2024-09-10T18:30:00,3.940,50.50,0.000
2024-09-10T18:15:00,3.930,47.30,0.000
2024-09-10T18:00:00,3.930,51.10,0.000
2024-09-10T17:45:00,3.920,53.70,0.000
2024-09-10T17:30:00,3.910,50.20,0.000
2024-09-10T17:15:00,3.910,48.20,0.000
2024-09-10T17:00:00,3.900,48.70,0.000
2024-09-10T16:45:00,3.890,46.70,0.000
2024-09-10T16:30:00,3.890,47.60,0.000
2024-09-10T16:15:00,3.880,50.30,0.000
2024-09-10T16:00:00,3.860,49.20,0.000
2024-09-10T15:45:00,3.860,53.20,0.000
2024-09-10T15:30:00,3.850,46.60,0.000
2024-09-10T15:15:00,3.850,49.50,0.000
2024-09-10T15:00:00,3.830,48.20,0.000
2024-09-10T14:45:00,3.830,48.30,0.000
2024-09-10T14:30:00,3.810,47.20,0.000
2024-09-10T14:15:00,3.810,48.50,0.000
2024-09-10T14:00:00,3.800,50.40,0.000
2024-09-10T13:45:00,3.790,42.90,0.000
2024-09-10T13:30:00,3.780,0.00,0.000
2024-09-10T13:15:00,3.770,61.70,0.000
2024-09-10T13:00:00,3.760,46.10,0.000
2024-09-10T12:45:00,3.750,45.90,0.000
2024-09-10T12:30:00,3.730,44.60,0.000
2024-09-10T12:15:00,3.720,44.70,0.000
2024-09-10T12:00:00,3.710,42.00,0.000
2024-09-10T11:45:00,3.700,42.60,0.000
2024-09-10T11:30:00,3.690,35.30,0.000
2024-09-10T11:15:00,3.670,38.50,0.000
2024-09-10T11:00:00,3.670,0.00,0.000
2024-09-10T10:45:00,3.650,30.60,0.000
2024-09-10T10:30:00,3.640,0.00,0.000
2024-09-10T10:15:00,3.630,30.90,0.000
2024-09-10T10:00:00,3.620,0.00,0.000
2024-09-10T09:45:00,3.610,34.00,0.000
2024-09-10T09:30:00,3.590,0.00,0.000
2024-09-10T09:15:00,3.590,35.60,0.000
2024-09-10T09:00:00,3.590,0.00,0.000
2024-09-10T08:45:00,3.590,34.40,0.000
2024-09-10T08:30:00,3.580,35.70,0.000
2024-09-10T08:15:00,3.570,0.00,0.000
2024-09-10T08:00:00,3.570,38.70,0.000
2024-09-10T07:45:00,3.580,47.10,0.000
2024-09-10T07:30:00,3.580,35.60,0.000
2024-09-10T07:15:00,3.580,0.00,0.000
2024-09-10T07:00:00,3.580,30.40,0.000
2024-09-10T06:45:00,3.580,38.00,0.000
2024-09-10T06:30:00,3.580,36.30,0.000
2024-09-10T06:15:00,3.580,34.50,0.000
2024-09-10T06:00:00,3.580,0.00,0.000
2024-09-10T05:45:00,3.590,39.50,0.000
2024-09-10T05:30:00,3.590,39.60,0.000
2024-09-10T05:15:00,3.590,29.70,0.000
2024-09-10T05:00:00,3.590,35.50,0.000
2024-09-10T04:45:00,3.590,37.90,0.000
2024-09-10T04:30:00,3.590,41.80,0.000
2024-09-10T04:15:00,3.590,41.10,0.000
2024-09-10T04:00:00,3.590,40.90,0.000
2024-09-10T03:45:00,3.590,38.00,0.000
2024-09-10T03:30:00,3.590,40.50,0.000
2024-09-10T03:15:00,3.600,38.70,0.000
2024-09-10T03:00:00,3.600,31.40,0.000
2024-09-10T02:45:00,3.600,33.00,0.000
2024-09-10T02:30:00,3.600,44.50,0.000
2024-09-10T02:15:00,3.600,38.90,0.000
2024-09-10T02:00:00,3.600,0.00,0.000
2024-09-10T01:45:00,3.600,38.30,0.000
2024-09-10T01:30:00,3.600,43.20,0.000
2024-09-10T01:15:00,3.600,39.70,0.000
2024-09-10T01:00:00,3.600,38.80,0.000
2024-09-10T00:45:00,3.600,38.70,0.000
2024-09-10T00:30:00,3.600,39.90,0.000
2024-09-10T00:15:00,3.600,43.20,0.000
2024-09-10T00:00:00,3.610,34.40,0.000
2024-09-09T23:45:00,3.610,42.20,0.000
2024-09-09T23:30:00,3.600,40.50,0.000
2024-09-09T23:15:00,3.610,42.20,0.000
2024-09-09T23:00:00,3.610,36.90,0.000
2024-09-09T22:45:00,3.610,0.00,0.000
2024-09-09T22:30:00,3.610,42.00,0.000
2024-09-09T22:15:00,3.610,0.00,0.000
2024-09-09T22:00:00,3.610,34.30,0.000
2024-09-09T21:45:00,3.610,36.60,0.000
2024-09-09T21:30:00,3.610,0.00,0.000
2024-09-09T21:15:00,3.610,38.60,0.000
2024-09-09T21:00:00,3.610,38.90,0.000
2024-09-09T20:45:00,3.610,62.00,0.000
2024-09-09T20:30:00,3.610,0.00,0.000
2024-09-09T20:15:00,3.610,0.00,0.000
2024-09-09T20:00:00,3.610,0.00,0.500
2024-09-09T19:45:00,3.620,0.00,0.000
2024-09-09T19:30:00,3.620,0.00,0.000
2024-09-09T19:15:00,3.610,229.00,0.000
2024-09-09T19:00:00,3.610,64.80,2.000
2024-09-09T18:45:00,3.620,349.40,4.000
2024-09-09T18:30:00,3.610,0.00,0.000
2024-09-09T18:15:00,3.610,0.00,0.000
2024-09-09T18:00:00,3.610,0.00,0.000
2024-09-09T17:45:00,3.610,0.00,0.000
2024-09-09T17:30:00,3.610,0.00,0.000
2024-09-09T17:15:00,3.610,32.60,0.000
2024-09-09T17:00:00,3.610,0.00,0.000
2024-09-09T16:45:00,3.610,39.90,0.000
2024-09-09T16:30:00,3.610,33.80,0.000
2024-09-09T16:15:00,3.620,0.00,0.000
2024-09-09T16:00:00,3.620,0.00,0.000
2024-09-09T15:45:00,3.620,0.00,0.000
2024-09-09T15:30:00,3.620,0.00,0.000
2024-09-09T15:15:00,3.620,0.00,0.000
2024-09-09T15:00:00,3.620,0.00,0.000
2024-09-09T14:45:00,3.620,0.00,0.000
2024-09-09T14:30:00,3.620,50.70,0.000
2024-09-09T14:15:00,3.630,0.00,0.000
2024-09-09T14:00:00,3.620,0.00,0.000
2024-09-09T13:45:00,3.630,0.00,0.000
2024-09-09T13:30:00,3.630,0.00,0.000
2024-09-09T13:15:00,3.630,0.00,0.000
2024-09-09T13:00:00,3.630,0.00,0.000
2024-09-09T12:45:00,3.630,0.00,0.000
2024-09-09T12:30:00,3.640,0.00,0.000
2024-09-09T12:15:00,3.640,36.90,0.500
2024-09-09T12:00:00,3.640,35.90,0.000
2024-09-09T11:45:00,3.640,0.00,0.000
2024-09-09T11:30:00,3.650,35.50,0.000
2024-09-09T11:15:00,3.640,46.50,0.000
2024-09-09T11:00:00,3.650,0.00,0.000
2024-09-09T10:45:00,3.650,0.00,0.000
2024-09-09T10:30:00,3.650,0.00,0.000
2024-09-09T10:15:00,3.650,32.00,0.000
2024-09-09T10:00:00,3.660,0.00,0.000
2024-09-09T09:45:00,3.660,41.80,0.000
2024-09-09T09:30:00,3.660,35.70,0.000
2024-09-09T09:15:00,3.660,0.00,0.000
2024-09-09T09:00:00,3.660,43.90,0.000
2024-09-09T08:45:00,3.670,41.10,0.000
2024-09-09T08:30:00,3.670,40.30,0.000
2024-09-09T08:15:00,3.670,44.80,0.000
2024-09-09T08:00:00,3.670,46.70,0.000
2024-09-09T07:45:00,3.680,46.00,0.000
2024-09-09T07:30:00,3.680,47.90,0.000
2024-09-09T07:15:00,3.680,45.40,0.000
2024-09-09T07:00:00,3.690,40.70,0.000
2024-09-09T06:45:00,3.680,44.60,0.000
2024-09-09T06:30:00,3.690,41.00,0.000
2024-09-09T06:15:00,3.690,46.50,0.000
2024-09-09T06:00:00,3.690,48.80,0.000
2024-09-09T05:45:00,3.690,43.40,0.000
2024-09-09T05:30:00,3.700,40.80,0.000
2024-09-09T05:15:00,3.700,45.70,0.000
2024-09-09T05:00:00,3.700,44.80,0.000
2024-09-09T04:45:00,3.700,49.80,0.000
2024-09-09T04:30:00,3.700,49.60,0.000
2024-09-09T04:15:00,3.710,47.40,0.000
2024-09-09T04:00:00,3.710,49.80,0.000
2024-09-09T03:45:00,3.710,46.00,0.000
2024-09-09T03:30:00,3.710,47.00,0.000
2024-09-09T03:15:00,3.710,45.60,0.000
2024-09-09T03:00:00,3.720,44.70,0.000
2024-09-09T02:45:00,3.720,47.70,0.000
2024-09-09T02:30:00,3.720,49.70,0.000
2024-09-09T02:15:00,3.730,44.90,0.000
2024-09-09T02:00:00,3.730,48.40,0.000
2024-09-09T01:45:00,3.730,49.00,0.000
2024-09-09T01:30:00,3.740,49.30,0.000
2024-09-09T01:15:00,3.740,52.40,0.000
2024-09-09T01:00:00,3.740,49.00,0.000
2024-09-09T00:45:00,3.740,48.50,0.000
2024-09-09T00:30:00,3.750,48.30,0.000
2024-09-09T00:15:00,3.750,47.50,0.000
2024-09-09T00:00:00,3.760,52.30,0.000
2024-09-08T23:45:00,3.760,50.90,0.000
2024-09-08T23:30:00,3.770,50.20,0.000
2024-09-08T23:15:00,3.770,49.50,0.000
2024-09-08T23:00:00,3.770,50.20,0.000
2024-09-08T22:45:00,3.770,52.30,0.000
2024-09-08T22:30:00,3.780,51.30,0.000
2024-09-08T22:15:00,3.780,55.50,0.000
2024-09-08T22:00:00,3.790,53.10,0.000
2024-09-08T21:45:00,3.790,55.70,0.000
2024-09-08T21:30:00,3.790,54.70,0.000
2024-09-08T21:15:00,3.780,54.40,0.000
2024-09-08T21:00:00,3.790,52.50,0.000
2024-09-08T20:45:00,3.790,54.10,0.000
2024-09-08T20:30:00,3.790,52.20,0.000
2024-09-08T20:15:00,3.790,49.30,0.000
2024-09-08T20:00:00,3.790,53.70,0.000
2024-09-08T19:45:00,3.790,52.30,0.000
2024-09-08T19:30:00,3.780,50.10,0.000
2024-09-08T19:15:00,3.780,51.10,0.000
2024-09-08T19:00:00,3.780,54.20,0.000
2024-09-08T18:45:00,3.780,55.30,0.000
2024-09-08T18:30:00,3.780,54.80,0.000
2024-09-08T18:15:00,3.780,52.00,0.000
2024-09-08T18:00:00,3.780,64.80,0.000
2024-09-08T17:45:00,3.780,63.10,0.500
2024-09-08T17:30:00,3.770,58.80,2.500
2024-09-08T17:15:00,3.770,870.60,2.000
2024-09-08T17:00:00,3.760,0.00,3.000
2024-09-08T16:45:00,3.750,51.90,0.000
2024-09-08T16:30:00,3.750,53.80,1.500
2024-09-08T16:15:00,3.740,1,150.70,1.000
2024-09-08T16:00:00,3.740,45.80,0.000
2024-09-08T15:45:00,3.730,49.70,0.000
2024-09-08T15:30:00,3.730,64.60,0.000
2024-09-08T15:15:00,3.730,48.60,0.000
2024-09-08T15:00:00,3.730,54.20,0.000
2024-09-08T14:45:00,3.730,50.30,0.000
2024-09-08T14:30:00,3.720,50.90,0.000
2024-09-08T14:15:00,3.720,47.70,0.000
2024-09-08T14:00:00,3.720,49.10,0.000
2024-09-08T13:45:00,3.710,49.90,0.000
2024-09-08T13:30:00,3.710,46.20,0.000
2024-09-08T13:15:00,3.700,44.50,0.000
2024-09-08T13:00:00,3.700,49.50,0.000
2024-09-08T12:45:00,3.700,41.00,0.000
2024-09-08T12:30:00,3.690,51.40,0.000
2024-09-08T12:15:00,3.700,46.40,0.000
2024-09-08T12:00:00,3.690,40.40,0.000
2024-09-08T11:45:00,3.690,45.30,0.000
2024-09-08T11:30:00,3.680,51.10,0.000
2024-09-08T11:15:00,3.690,40.70,0.000
2024-09-08T11:00:00,3.680,44.40,0.000
2024-09-08T10:45:00,3.680,36.80,0.000
2024-09-08T10:30:00,3.680,41.60,0.000
2024-09-08T10:15:00,3.680,42.50,0.000
2024-09-08T10:00:00,3.680,44.50,0.000
2024-09-08T09:45:00,3.670,46.50,0.000
2024-09-08T09:30:00,3.680,48.10,0.000
2024-09-08T09:15:00,3.680,46.50,0.000
2024-09-08T09:00:00,3.680,48.20,0.000
2024-09-08T08:45:00,3.680,47.90,0.000
2024-09-08T08:30:00,3.690,49.10,0.000
2024-09-08T08:15:00,3.680,48.80,0.000
2024-09-08T08:00:00,3.690,53.00,0.000
2024-09-08T07:45:00,3.690,49.80,0.000
2024-09-08T07:30:00,3.690,51.10,0.000
2024-09-08T07:15:00,3.690,48.10,0.000
2024-09-08T07:00:00,3.700,46.60,0.000
2024-09-08T06:45:00,3.700,51.60,0.000
2024-09-08T06:30:00,3.710,53.20,0.000
2024-09-08T06:15:00,3.710,51.60,0.000
2024-09-08T06:00:00,3.710,52.20,0.000
2024-09-08T05:45:00,3.710,55.60,0.000
2024-09-08T05:30:00,3.710,54.30,0.000
2024-09-08T05:15:00,3.710,55.00,0.000
2024-09-08T05:00:00,3.720,49.30,0.000
2024-09-08T04:45:00,3.720,52.50,0.000
2024-09-08T04:30:00,3.720,53.00,0.000
2024-09-08T04:15:00,3.730,49.40,0.000
2024-09-08T04:00:00,3.730,52.00,0.000
2024-09-08T03:45:00,3.730,52.60,0.000
2024-09-08T03:30:00,3.730,56.00,0.000
2024-09-08T03:15:00,3.740,52.00,0.000
2024-09-08T03:00:00,3.740,54.70,0.000
2024-09-08T02:45:00,3.740,54.00,0.000
2024-09-08T02:30:00,3.750,53.80,0.000
2024-09-08T02:15:00,3.750,51.20,0.000
2024-09-08T02:00:00,3.760,54.00,0.000
2024-09-08T01:45:00,3.760,52.60,0.000
2024-09-08T01:30:00,3.760,52.00,0.000
2024-09-08T01:15:00,3.770,56.00,0.000
2024-09-08T01:00:00,3.770,54.10,0.000
2024-09-08T00:45:00,3.770,53.80,0.000
2024-09-08T00:30:00,3.770,54.00,0.000
2024-09-08T00:15:00,3.780,57.10,0.000
2024-09-08T00:00:00,3.780,56.00,0.000
2024-09-07T23:45:00,3.790,59.50,0.000
2024-09-07T23:30:00,3.790,58.30,0.000
2024-09-07T23:15:00,3.790,57.70,0.000
2024-09-07T23:00:00,3.800,57.60,0.000
2024-09-07T22:45:00,3.800,59.90,0.000
2024-09-07T22:30:00,3.810,58.00,0.000
2024-09-07T22:15:00,3.810,62.50,0.000
2024-09-07T22:00:00,3.810,58.30,0.000
2024-09-07T21:45:00,3.820,61.10,0.000
2024-09-07T21:30:00,3.810,55.80,0.000
2024-09-07T21:15:00,3.820,58.20,0.000
2024-09-07T21:00:00,3.820,60.60,0.000
2024-09-07T20:45:00,3.820,54.60,0.000
2024-09-07T20:30:00,3.810,59.80,0.000
2024-09-07T20:15:00,3.820,58.90,0.000
2024-09-07T20:00:00,3.810,56.60,0.000
2024-09-07T19:45:00,3.810,59.70,0.000
2024-09-07T19:30:00,3.810,56.90,0.000
2024-09-07T19:15:00,3.810,58.70,0.000
2024-09-07T19:00:00,3.800,58.10,0.000
2024-09-07T18:45:00,3.800,57.70,0.000
2024-09-07T18:30:00,3.800,59.30,0.000
2024-09-07T18:15:00,3.800,60.50,0.000
2024-09-07T18:00:00,3.790,56.70,0.000
2024-09-07T17:45:00,3.790,61.00,0.000
2024-09-07T17:30:00,3.800,62.20,0.000
2024-09-07T17:15:00,3.790,60.60,0.000
2024-09-07T17:00:00,3.780,59.60,0.000
2024-09-07T16:45:00,3.780,60.20,0.000
2024-09-07T16:30:00,3.780,51.80,0.000
2024-09-07T16:15:00,3.770,55.30,0.000
2024-09-07T16:00:00,3.770,66.90,0.500
2024-09-07T15:45:00,3.750,66.70,0.000
2024-09-07T15:30:00,3.750,63.20,0.000
2024-09-07T15:15:00,3.750,73.60,0.000
2024-09-07T15:00:00,3.750,57.60,0.000
2024-09-07T14:45:00,3.750,52.50,0.000
2024-09-07T14:30:00,3.740,67.80,0.000
2024-09-07T14:15:00,3.740,54.90,0.000
2024-09-07T14:00:00,3.740,51.20,0.000
2024-09-07T13:45:00,3.740,52.10,0.000
2024-09-07T13:30:00,3.740,51.70,0.000
2024-09-07T13:15:00,3.740,56.00,0.000
2024-09-07T13:00:00,3.740,62.90,0.000
2024-09-07T12:45:00,3.740,57.80,0.000
2024-09-07T12:30:00,3.740,61.20,0.000
2024-09-07T12:15:00,3.740,71.70,0.000
2024-09-07T12:00:00,3.740,56.40,0.000
2024-09-07T11:45:00,3.750,60.00,0.000
2024-09-07T11:30:00,3.750,53.90,0.000
2024-09-07T11:15:00,3.750,53.30,0.000
2024-09-07T11:00:00,3.750,53.10,0.000
2024-09-07T10:45:00,3.760,50.80,0.000
2024-09-07T10:30:00,3.760,52.70,0.000
2024-09-07T10:15:00,3.760,54.70,0.000
2024-09-07T10:00:00,3.760,59.70,0.000
2024-09-07T09:45:00,3.760,55.20,0.000
2024-09-07T09:30:00,3.760,55.10,0.000
2024-09-07T09:15:00,3.760,56.80,0.000
2024-09-07T09:00:00,3.760,54.80,0.000
2024-09-07T08:45:00,3.760,57.70,0.000
2024-09-07T08:30:00,3.770,54.10,0.000
2024-09-07T08:15:00,3.770,55.10,0.000
2024-09-07T08:00:00,3.770,57.30,0.000
2024-09-07T07:45:00,3.770,57.10,0.000
2024-09-07T07:30:00,3.770,58.90,0.000
2024-09-07T07:15:00,3.770,58.50,0.000
2024-09-07T07:00:00,3.780,59.80,0.000
2024-09-07T06:45:00,3.770,61.70,0.000
2024-09-07T06:30:00,3.780,57.80,0.000
2024-09-07T06:15:00,3.780,63.10,0.000
2024-09-07T06:00:00,3.770,62.10,0.000
2024-09-07T05:45:00,3.780,58.50,0.000
2024-09-07T05:30:00,3.770,58.30,0.000
2024-09-07T05:15:00,3.770,60.40,0.000
2024-09-07T05:00:00,3.780,63.40,0.000
2024-09-07T04:45:00,3.780,58.00,0.000
2024-09-07T04:30:00,3.780,56.70,0.000
2024-09-07T04:15:00,3.780,57.30,0.000
2024-09-07T04:00:00,3.780,60.40,0.000
2024-09-07T03:45:00,3.780,60.20,0.000
2024-09-07T03:30:00,3.780,61.40,0.000
2024-09-07T03:15:00,3.790,60.50,0.000
2024-09-07T03:00:00,3.790,60.00,0.000
2024-09-07T02:45:00,3.790,59.40,0.000
2024-09-07T02:30:00,3.800,57.90,0.000
2024-09-07T02:15:00,3.800,58.80,0.000
2024-09-07T02:00:00,3.800,57.50,0.000
2024-09-07T01:45:00,3.800,59.20,0.000
2024-09-07T01:30:00,3.800,64.10,0.000
2024-09-07T01:15:00,3.810,62.40,0.000
2024-09-07T01:00:00,3.810,59.40,0.000
2024-09-07T00:45:00,3.810,61.90,0.000
2024-09-07T00:30:00,3.810,57.30,0.000
2024-09-07T00:15:00,3.810,61.50,0.000
2024-09-07T00:00:00,3.820,58.20,0.000
2024-09-20T23:45:00,3.830,52.60,0.000
2024-09-20T23:30:00,3.830,50.00,0.000
2024-09-20T23:15:00,3.830,52.50,0.000
2024-09-20T23:00:00,3.820,51.20,0.000
2024-09-20T22:45:00,3.820,59.90,0.000
2024-09-20T22:30:00,3.820,60.30,0.000
2024-09-20T22:15:00,3.810,58.60,0.000
2024-09-20T22:00:00,3.810,55.80,0.000
2024-09-20T21:45:00,3.810,55.60,0.000
2024-09-20T21:30:00,3.800,49.90,0.000
2024-09-20T21:15:00,3.800,48.50,0.000
2024-09-20T21:00:00,3.790,49.10,0.500
2024-09-20T20:45:00,3.790,53.30,0.000
2024-09-20T20:30:00,3.780,58.50,0.500
2024-09-20T20:15:00,3.780,59.60,1.000
2024-09-20T20:00:00,3.780,57.10,0.000
2024-09-20T19:45:00,3.780,42.30,0.000
2024-09-20T19:30:00,3.770,44.10,0.000
2024-09-20T19:15:00,3.770,43.50,0.000
2024-09-20T19:00:00,3.770,58.00,0.000
2024-09-20T18:45:00,3.770,43.00,0.000
2024-09-20T18:30:00,3.770,39.20,0.000
2024-09-20T18:15:00,3.770,37.90,0.000
2024-09-20T18:00:00,3.770,42.80,0.000
2024-09-20T17:45:00,3.770,42.90,0.000
2024-09-20T17:30:00,3.770,44.30,0.000
2024-09-20T17:15:00,3.770,41.60,0.000
2024-09-20T17:00:00,3.770,37.80,0.000
2024-09-20T16:45:00,3.770,37.20,0.000
2024-09-20T16:30:00,3.770,37.20,0.000
2024-09-20T16:15:00,3.770,39.50,0.000
2024-09-20T16:00:00,3.770,61.00,0.000
2024-09-20T15:45:00,3.770,51.00,0.000
2024-09-20T15:30:00,3.770,41.10,0.000
2024-09-20T15:15:00,3.770,40.30,0.000
2024-09-20T15:00:00,3.770,42.60,0.000
2024-09-20T14:45:00,3.780,41.00,0.000
2024-09-20T14:30:00,3.780,41.90,0.000
2024-09-20T14:15:00,3.780,45.90,0.000
2024-09-20T14:00:00,3.780,44.10,0.000
2024-09-20T13:45:00,3.780,45.80,0.000
2024-09-20T13:30:00,3.780,45.40,0.000
2024-09-20T13:15:00,3.790,45.40,0.000
2024-09-20T13:00:00,3.790,43.00,0.000
2024-09-20T12:45:00,3.790,48.30,0.000
2024-09-20T12:30:00,3.790,45.50,0.000
2024-09-20T12:15:00,3.790,47.10,0.000
2024-09-20T12:00:00,3.790,46.30,0.000
2024-09-20T11:45:00,3.790,48.00,0.000
2024-09-20T11:15:00,3.800,45.50,0.000
2024-09-20T11:00:00,3.810,43.30,0.000
2024-09-20T10:30:00,3.830,43.40,0.000
2024-09-20T10:15:00,3.830,41.70,0.000
2024-09-20T10:00:00,3.830,42.40,0.000
2024-09-20T09:45:00,3.830,46.50,0.000
2024-09-20T09:30:00,3.830,41.60,0.000
2024-09-20T09:15:00,3.830,47.40,0.000
2024-09-20T09:00:00,3.830,39.80,0.000
2024-09-20T08:45:00,3.830,45.70,0.000
2024-09-20T08:00:00,3.820,49.40,0.000
2024-09-20T07:00:00,3.820,44.70,0.000
2024-09-20T06:30:00,3.820,46.70,0.000
2024-09-20T06:15:00,3.820,47.20,0.000
2024-09-20T06:00:00,3.820,44.60,0.000
2024-09-20T05:30:00,3.810,46.70,0.000
2024-09-20T05:15:00,3.800,45.10,0.000
2024-09-20T04:30:00,3.810,48.50,0.000
2024-09-20T04:15:00,3.810,46.90,0.000
2024-09-20T04:00:00,3.810,47.80,0.000
2024-09-20T03:45:00,3.810,46.40,0.000
2024-09-20T03:15:00,3.810,49.10,0.000
2024-09-20T03:00:00,3.810,45.20,0.000
2024-09-20T02:45:00,3.810,47.30,0.000
2024-09-20T02:30:00,3.810,49.10,0.000
2024-09-20T02:15:00,3.810,48.20,0.000
2024-09-20T02:00:00,3.810,48.30,0.000
2024-09-20T01:45:00,3.810,47.60,0.000
2024-09-20T01:30:00,3.810,49.90,0.000
2024-09-20T01:15:00,3.810,46.80,0.000
2024-09-20T01:00:00,3.800,48.50,0.000
2024-09-20T00:45:00,3.800,48.70,0.000
2024-09-20T00:30:00,3.800,47.70,0.000
2024-09-20T00:15:00,3.800,50.70,0.000
2024-09-20T00:00:00,3.800,45.00,0.000
2024-09-19T23:45:00,3.800,45.30,0.000
2024-09-19T23:30:00,3.800,48.80,0.000
2024-09-19T23:15:00,3.800,45.00,0.000
2024-09-19T23:00:00,3.800,46.20,0.000
2024-09-19T22:45:00,3.790,43.00,0.000
2024-09-19T22:30:00,3.790,44.30,0.000
2024-09-19T22:15:00,3.790,47.30,0.000
2024-09-19T22:00:00,3.790,48.30,0.000
2024-09-19T21:45:00,3.790,51.60,0.000
2024-09-19T21:30:00,3.790,44.70,0.000
2024-09-19T21:15:00,3.790,46.10,0.000
2024-09-19T21:00:00,3.780,43.80,0.000
2024-09-19T20:45:00,3.790,48.50,0.000
2024-09-19T20:30:00,3.780,44.80,0.000
2024-09-19T20:15:00,3.780,45.00,0.000
2024-09-19T20:00:00,3.780,47.60,0.000
2024-09-19T19:45:00,3.780,42.00,0.000
2024-09-19T19:30:00,3.780,48.20,0.000
2024-09-19T19:15:00,3.780,45.50,0.000
2024-09-19T19:00:00,3.770,43.00,0.000
2024-09-19T18:45:00,3.770,39.80,0.000
2024-09-19T18:30:00,3.770,44.00,0.000
2024-09-19T18:15:00,3.770,38.50,0.000
2024-09-19T18:00:00,3.760,45.40,0.000
2024-09-19T17:45:00,3.750,48.60,0.000
2024-09-19T17:30:00,3.750,46.90,0.000
2024-09-19T17:15:00,3.750,46.90,0.000
2024-09-19T17:00:00,3.750,48.00,0.000
2024-09-19T16:45:00,3.760,40.10,0.000
2024-09-19T16:30:00,3.760,49.60,0.000
2024-09-19T16:15:00,3.760,49.20,0.000
2024-09-19T16:00:00,3.770,47.00,0.000
2024-09-19T15:45:00,3.760,51.40,0.000
2024-09-19T15:30:00,3.770,51.50,0.000
2024-09-19T15:15:00,3.780,61.00,0.000
2024-09-19T15:00:00,3.780,52.80,0.000
2024-09-19T14:45:00,3.780,47.80,0.000
2024-09-19T14:30:00,3.790,47.30,0.000
2024-09-19T14:15:00,3.790,48.90,0.000
2024-09-19T14:00:00,3.790,51.30,0.000
2024-09-19T13:45:00,3.800,48.40,0.000
2024-09-19T13:30:00,3.800,52.20,0.000
2024-09-19T13:15:00,3.810,52.60,0.000
2024-09-19T13:00:00,3.810,53.40,0.000
2024-09-19T12:45:00,3.820,48.80,0.000
2024-09-19T12:30:00,3.820,50.50,0.000
2024-09-19T12:15:00,3.820,52.90,0.000
2024-09-19T12:00:00,3.830,59.10,0.000
2024-09-19T11:45:00,3.830,49.30,0.000
2024-09-19T11:30:00,3.840,51.20,0.000
2024-09-19T11:15:00,3.850,53.50,0.000
2024-09-19T11:00:00,3.850,52.80,0.000
2024-09-19T10:45:00,3.850,51.50,0.000
2024-09-19T10:30:00,3.860,53.40,0.000
2024-09-19T10:15:00,3.860,54.10,0.000
2024-09-19T10:00:00,3.860,55.10,0.000
2024-09-19T09:45:00,3.850,58.60,0.000
2024-09-19T09:30:00,3.850,58.10,0.000
2024-09-19T09:15:00,3.880,63.00,0.000
2024-09-19T09:00:00,3.930,58.80,0.000
2024-09-19T08:45:00,3.980,52.40,0.000
2024-09-19T08:30:00,3.980,53.80,0.000
2024-09-19T08:15:00,3.980,54.50,0.000
2024-09-19T08:00:00,3.990,50.70,0.000
2024-09-19T07:45:00,3.990,50.10,0.000
2024-09-19T07:30:00,3.990,56.30,0.000
2024-09-19T07:15:00,4.000,55.10,0.000
2024-09-19T07:00:00,4.000,54.40,0.000
2024-09-19T06:45:00,4.010,54.90,0.000
2024-09-19T06:30:00,4.010,58.70,0.000
2024-09-19T06:15:00,4.020,51.90,0.000
2024-09-19T06:00:00,4.020,54.40,0.000
2024-09-19T05:45:00,4.020,54.70,0.000
2024-09-19T05:30:00,4.020,56.30,0.000
2024-09-19T05:15:00,4.030,53.20,0.000
2024-09-19T05:00:00,4.030,52.00,0.000
2024-09-19T04:45:00,4.020,73.40,0.000
2024-09-19T04:30:00,4.030,54.00,0.000
2024-09-19T04:15:00,4.030,54.80,0.000
2024-09-19T04:00:00,4.040,54.40,0.000
2024-09-19T03:45:00,4.040,55.50,0.000
2024-09-19T03:30:00,4.040,53.80,0.000
2024-09-19T03:15:00,4.050,57.20,0.000
2024-09-19T03:00:00,4.050,50.90,0.000
2024-09-19T02:45:00,4.050,57.80,0.000
2024-09-19T02:30:00,4.050,54.70,0.000
2024-09-19T02:15:00,4.050,51.70,0.000
2024-09-19T02:00:00,4.060,59.50,0.000
2024-09-19T01:45:00,4.060,53.80,0.000
2024-09-19T01:30:00,4.060,55.10,0.000
2024-09-19T01:15:00,4.060,57.30,0.000
2024-09-19T01:00:00,4.070,53.20,0.000
2024-09-19T00:45:00,4.070,57.80,0.000
2024-09-19T00:30:00,4.070,53.10,0.000
2024-09-19T00:15:00,4.070,58.10,0.000
2024-09-19T00:00:00,4.080,58.30,0.000
2024-09-18T23:45:00,4.080,57.40,0.000
2024-09-18T23:30:00,4.080,58.60,0.500
2024-09-18T23:15:00,4.090,53.70,0.000
2024-09-18T23:00:00,4.090,56.90,0.000
2024-09-18T22:45:00,4.090,59.30,0.000
2024-09-18T22:30:00,4.090,59.50,0.000
2024-09-18T22:15:00,4.090,52.80,0.000
2024-09-18T22:00:00,4.100,56.30,0.000
2024-09-18T21:45:00,4.100,59.40,0.000
2024-09-18T21:30:00,4.100,64.00,0.000
2024-09-18T21:15:00,4.110,61.60,0.000
2024-09-18T21:00:00,4.100,72.80,0.000
2024-09-18T20:45:00,4.110,76.70,0.000
2024-09-18T20:30:00,4.110,84.20,0.500
2024-09-18T20:15:00,4.110,85.70,0.500
2024-09-18T20:00:00,4.120,80.80,0.000
2024-09-18T19:45:00,4.120,57.80,0.000
2024-09-18T19:30:00,4.120,63.10,0.000
2024-09-18T19:15:00,4.120,62.10,0.000
2024-09-18T19:00:00,4.130,69.70,0.000
2024-09-18T18:45:00,4.140,79.90,0.000
2024-09-18T18:30:00,4.140,76.60,0.500
2024-09-18T18:15:00,4.160,79.70,0.500
2024-09-18T18:00:00,4.160,80.20,0.500
2024-09-18T17:45:00,4.160,80.50,0.500
2024-09-18T17:30:00,4.160,81.60,0.500
2024-09-18T17:15:00,4.160,53.90,0.000
2024-09-18T17:00:00,4.160,51.80,0.000
2024-09-18T16:45:00,4.160,47.40,0.000
2024-09-18T16:30:00,4.160,46.20,0.000
2024-09-18T16:15:00,4.170,59.20,0.000
2024-09-18T16:00:00,4.160,57.80,3.500
2024-09-18T15:45:00,4.130,0.00,33.500
2024-09-18T15:30:00,4.110,79.90,3.500
2024-09-18T15:15:00,4.100,54.10,0.000
2024-09-18T15:00:00,4.100,53.70,0.000
2024-09-18T14:45:00,4.100,51.30,0.000
2024-09-18T14:30:00,4.110,55.40,0.000
2024-09-18T14:15:00,4.110,56.50,0.000
2024-09-18T14:00:00,4.120,56.60,0.000
2024-09-18T13:45:00,4.120,58.20,0.000
2024-09-18T13:30:00,4.120,53.60,0.000
2024-09-18T13:15:00,4.130,58.70,0.000
2024-09-18T13:00:00,4.130,58.80,0.000
2024-09-18T12:45:00,4.140,62.70,0.000
2024-09-18T12:30:00,4.150,58.50,0.000
2024-09-18T12:15:00,4.160,58.30,0.000
2024-09-18T12:00:00,4.160,64.30,0.000
2024-09-18T11:45:00,4.180,64.50,0.000
2024-09-18T11:30:00,4.210,58.50,0.000
2024-09-18T11:15:00,4.200,83.20,1.500
2024-09-18T11:00:00,4.210,87.60,0.000
2024-09-18T10:45:00,4.210,58.70,0.000
2024-09-18T10:30:00,4.210,81.90,0.000
2024-09-18T10:15:00,4.210,52.10,0.000
2024-09-18T10:00:00,4.210,51.70,0.000
2024-09-18T09:45:00,4.210,47.00,0.000
2024-09-18T09:30:00,4.210,54.10,0.000
2024-09-18T09:15:00,4.210,59.20,0.000
2024-09-18T09:00:00,4.220,53.30,0.000
2024-09-18T08:45:00,4.220,45.50,0.000
2024-09-18T08:30:00,4.220,44.70,0.000
2024-09-18T08:15:00,4.220,51.60,0.000
2024-09-18T08:00:00,4.230,49.20,0.000
2024-09-18T07:45:00,4.230,53.80,0.000
2024-09-18T07:30:00,4.230,51.10,0.000
2024-09-18T07:15:00,4.230,50.40,0.000
2024-09-18T07:00:00,4.230,50.00,0.000
2024-09-18T06:45:00,4.230,55.60,0.000
2024-09-18T06:30:00,4.230,51.50,0.000
2024-09-18T06:15:00,4.230,51.70,0.000
2024-09-18T06:00:00,4.230,55.00,0.000
2024-09-18T05:45:00,4.240,54.50,0.000
2024-09-18T05:30:00,4.240,55.20,0.000
2024-09-18T05:15:00,4.240,56.70,0.000
2024-09-18T05:00:00,4.240,51.30,0.000
2024-09-18T04:45:00,4.240,82.80,0.000
2024-09-18T04:30:00,4.240,48.80,0.000
2024-09-18T04:15:00,4.240,61.50,0.000
2024-09-18T04:00:00,4.240,54.10,0.000
2024-09-18T03:45:00,4.240,53.60,0.000
2024-09-18T03:30:00,4.240,51.00,0.000
2024-09-18T03:15:00,4.240,49.40,0.000
2024-09-18T03:00:00,4.240,58.10,0.000
2024-09-18T02:45:00,4.250,45.90,0.000
2024-09-18T02:30:00,4.240,48.70,0.000
2024-09-18T02:15:00,4.250,47.60,0.000
2024-09-18T02:00:00,4.240,48.10,0.000
2024-09-18T01:45:00,4.250,53.90,0.000
2024-09-18T01:30:00,4.250,56.30,0.000
2024-09-18T01:15:00,4.250,56.70,0.000
2024-09-18T01:00:00,4.250,54.40,0.000
2024-09-18T00:45:00,4.250,52.60,0.000
2024-09-18T00:30:00,4.250,50.50,0.000
2024-09-18T00:15:00,4.250,53.20,0.000
2024-09-18T00:00:00,4.250,50.80,0.000
2024-09-17T23:45:00,4.250,54.30,0.000
2024-09-17T23:30:00,4.250,56.60,0.000
2024-09-17T23:15:00,4.240,53.30,0.000
2024-09-17T23:00:00,4.240,57.20,0.000
2024-09-17T22:45:00,4.250,57.10,0.000
2024-09-17T22:30:00,4.250,55.80,0.000
2024-09-17T22:15:00,4.240,54.40,0.000
2024-09-17T22:00:00,4.240,51.80,0.000
2024-09-17T21:45:00,4.240,54.80,0.000
2024-09-17T21:30:00,4.240,56.90,0.000
2024-09-17T21:15:00,4.240,53.70,0.000
2024-09-17T21:00:00,4.240,58.80,0.000
2024-09-17T20:45:00,4.240,55.30,0.000
2024-09-17T20:30:00,4.240,56.60,0.000
2024-09-17T20:15:00,4.230,47.10,0.000
2024-09-17T20:00:00,4.230,56.10,0.000
2024-09-17T19:45:00,4.230,55.90,0.000
2024-09-17T19:30:00,4.230,51.20,0.000
2024-09-17T19:15:00,4.230,51.50,0.000
2024-09-17T19:00:00,4.220,52.10,0.000
2024-09-17T18:45:00,4.220,76.40,0.500
2024-09-17T18:30:00,4.220,82.00,0.000
2024-09-17T18:15:00,4.210,75.30,0.000
2024-09-17T18:00:00,4.210,90.90,0.000
2024-09-17T17:45:00,4.200,50.00,0.000
2024-09-17T17:30:00,4.200,39.50,0.000
2024-09-17T17:15:00,4.200,77.70,0.000
2024-09-17T17:00:00,4.200,45.50,0.000
2024-09-17T16:45:00,4.190,49.30,0.000
2024-09-17T16:30:00,4.190,45.40,0.000
2024-09-17T16:15:00,4.180,51.60,0.000
2024-09-17T16:00:00,4.180,47.50,0.000
2024-09-17T15:45:00,4.180,42.30,0.000
2024-09-17T15:30:00,4.170,38.90,0.000
2024-09-17T15:15:00,4.170,41.10,0.000
2024-09-17T15:00:00,4.160,44.90,0.000
2024-09-17T14:45:00,4.160,51.40,0.000
2024-09-17T14:30:00,4.160,53.00,0.000
2024-09-17T14:15:00,4.160,53.80,0.000
2024-09-17T14:00:00,4.150,53.00,0.000
2024-09-17T13:45:00,4.150,46.80,0.000
2024-09-17T13:30:00,4.140,51.00,0.000
2024-09-17T13:15:00,4.140,53.10,0.000
2024-09-17T13:00:00,4.130,51.20,0.000
2024-09-17T12:45:00,4.120,54.40,0.000
2024-09-17T12:30:00,4.110,48.70,0.000
2024-09-17T12:15:00,4.100,47.20,0.000
2024-09-17T12:00:00,4.100,55.40,0.000
2024-09-17T11:45:00,4.080,54.20,0.000
2024-09-17T11:30:00,4.070,55.10,0.000
2024-09-17T11:15:00,4.060,56.70,0.000
2024-09-17T11:00:00,4.060,62.10,0.000
2024-09-17T10:45:00,4.060,55.80,0.000
2024-09-17T10:30:00,4.060,60.50,0.000
2024-09-17T10:15:00,4.060,67.80,0.000
2024-09-17T10:00:00,4.070,56.00,0.000
2024-09-17T09:45:00,4.070,57.50,0.000
2024-09-17T09:30:00,4.070,51.20,0.000
2024-09-17T09:15:00,4.070,57.40,0.000
2024-09-17T09:00:00,4.070,53.10,0.000
2024-09-17T08:45:00,4.080,59.50,0.000
2024-09-17T08:30:00,4.080,59.10,0.000
2024-09-17T08:15:00,4.080,61.50,0.000
2024-09-17T08:00:00,4.070,65.50,0.000
2024-09-17T07:45:00,4.080,63.00,0.000
2024-09-17T07:30:00,4.080,60.70,0.000
2024-09-17T07:15:00,4.080,63.70,0.000
2024-09-17T07:00:00,4.080,62.20,0.000
2024-09-17T06:45:00,4.070,59.90,0.000
2024-09-17T06:30:00,4.070,65.00,0.000
2024-09-17T06:15:00,4.070,67.50,0.000
2024-09-17T06:00:00,4.070,66.50,0.000
2024-09-17T05:45:00,4.070,67.90,0.000
2024-09-17T05:30:00,4.080,62.90,0.000
2024-09-17T05:15:00,4.080,65.90,0.000
2024-09-17T05:00:00,4.080,65.90,0.000
2024-09-17T04:45:00,4.090,63.90,0.000
2024-09-17T04:30:00,4.090,71.00,0.000
2024-09-17T04:15:00,4.090,64.80,0.000
2024-09-17T04:00:00,4.090,64.30,0.000
2024-09-17T03:45:00,4.100,71.40,0.000
2024-09-17T03:30:00,4.100,68.90,0.000
2024-09-17T03:15:00,4.100,68.10,0.000
2024-09-17T03:00:00,4.110,67.50,0.000
2024-09-17T02:45:00,4.110,67.20,0.000
2024-09-17T02:30:00,4.110,68.10,0.000
2024-09-17T02:15:00,4.110,72.60,0.000
2024-09-17T02:00:00,4.120,66.10,0.000
2024-09-17T01:45:00,4.120,67.30,0.000
2024-09-17T01:30:00,4.120,63.90,0.000
2024-09-17T01:15:00,4.130,67.30,0.000
2024-09-17T01:00:00,4.130,69.70,0.000
2024-09-17T00:45:00,4.130,67.10,0.000
2024-09-17T00:30:00,4.140,67.20,0.000
2024-09-17T00:15:00,4.140,66.40,0.000
2024-09-17T00:00:00,4.140,69.90,0.000
2024-09-16T23:45:00,4.150,70.10,0.000
2024-09-16T23:30:00,4.140,68.00,0.000
2024-09-16T23:15:00,4.150,64.40,0.000
2024-09-16T23:00:00,4.150,70.20,0.000
2024-09-16T22:45:00,4.160,68.30,0.000
2024-09-16T22:30:00,4.160,69.30,0.000
2024-09-16T22:15:00,4.160,73.30,0.000
2024-09-16T22:00:00,4.160,71.80,0.000
2024-09-16T21:45:00,4.170,74.50,0.000
2024-09-16T21:30:00,4.170,75.90,0.000
2024-09-16T21:15:00,4.170,69.20,0.000
2024-09-16T21:00:00,4.170,74.20,0.000
2024-09-16T20:45:00,4.180,75.20,0.000
2024-09-16T20:30:00,4.180,76.10,0.000
2024-09-16T20:15:00,4.180,75.70,0.000
2024-09-16T20:00:00,4.190,79.30,0.000
2024-09-16T19:45:00,4.190,71.10,0.000
2024-09-16T19:30:00,4.190,71.70,0.000
2024-09-16T19:15:00,4.200,74.90,0.000
2024-09-16T19:00:00,4.200,72.50,0.000
2024-09-16T18:45:00,4.200,77.70,0.000
2024-09-16T18:30:00,4.210,76.30,0.000
2024-09-16T18:15:00,4.210,79.80,0.000
2024-09-16T18:00:00,4.210,73.90,0.000
2024-09-16T17:45:00,4.210,74.80,0.000
2024-09-16T17:30:00,4.210,71.90,0.000
2024-09-16T17:15:00,4.220,77.60,0.000
2024-09-16T17:00:00,4.220,69.20,0.000
2024-09-16T16:45:00,4.220,83.10,0.000
2024-09-16T16:30:00,4.230,68.00,0.000
2024-09-16T16:15:00,4.230,70.00,0.000
2024-09-16T16:00:00,4.230,77.80,0.000
2024-09-16T15:45:00,4.230,81.10,0.000
2024-09-16T15:30:00,4.240,69.30,0.000
2024-09-16T15:15:00,4.240,71.40,0.000
2024-09-16T15:00:00,4.240,64.90,0.000
2024-09-16T14:45:00,4.240,80.00,0.000
2024-09-16T14:30:00,4.240,81.10,0.000
2024-09-16T14:15:00,4.240,77.00,0.000
2024-09-16T14:00:00,4.250,79.30,0.000
2024-09-16T13:45:00,4.250,75.40,0.000
2024-09-16T13:30:00,4.250,78.50,0.000
2024-09-16T13:15:00,4.250,77.60,0.000
2024-09-16T13:00:00,4.250,70.60,0.000
2024-09-16T12:45:00,4.250,81.00,0.000
2024-09-16T12:30:00,4.250,64.80,0.000
2024-09-16T12:15:00,4.250,78.90,0.000
2024-09-16T12:00:00,4.250,72.40,0.000
2024-09-16T11:45:00,4.250,77.50,0.000
2024-09-16T11:30:00,4.250,78.30,0.000
2024-09-16T11:15:00,4.250,71.30,0.000
2024-09-16T11:00:00,4.250,85.20,0.000
2024-09-16T10:45:00,4.240,88.30,0.000
2024-09-16T10:30:00,4.240,72.10,0.000
2024-09-16T10:15:00,4.240,87.50,0.000
2024-09-16T10:00:00,4.230,81.30,0.000
2024-09-16T09:45:00,4.230,79.60,0.000
2024-09-16T09:30:00,4.230,90.80,0.000
2024-09-16T09:15:00,4.220,79.70,0.000
2024-09-16T09:00:00,4.210,88.10,0.000
2024-09-16T08:45:00,4.210,82.30,0.000
2024-09-16T08:30:00,4.200,80.30,0.000
2024-09-16T08:15:00,4.190,86.00,0.000
2024-09-16T08:00:00,4.190,89.20,0.000
2024-09-16T07:45:00,4.190,88.30,0.000
2024-09-16T07:30:00,4.190,90.80,0.000
2024-09-16T07:15:00,4.180,91.80,0.000
2024-09-16T07:00:00,4.180,89.60,0.000
2024-09-16T06:45:00,4.180,85.10,0.000
2024-09-16T06:30:00,4.170,84.70,0.000
2024-09-16T06:15:00,4.150,92.80,0.000
2024-09-16T06:00:00,4.150,89.70,0.000
2024-09-16T05:45:00,4.150,91.40,0.000
2024-09-16T05:30:00,4.160,89.80,0.000
2024-09-16T05:15:00,4.150,90.50,0.000
2024-09-16T05:00:00,4.150,89.80,0.000
2024-09-16T04:45:00,4.150,94.90,0.000
2024-09-16T04:30:00,4.150,91.70,0.000
2024-09-16T04:15:00,4.150,96.60,0.000
2024-09-16T04:00:00,4.140,88.70,0.000
2024-09-16T03:45:00,4.150,91.60,0.000
2024-09-16T03:30:00,4.150,92.00,0.000
2024-09-16T03:15:00,4.150,92.40,0.000
2024-09-16T03:00:00,4.140,82.60,0.000
2024-09-16T02:45:00,4.140,87.40,0.000
2024-09-16T02:30:00,4.140,90.70,0.000
2024-09-16T02:15:00,4.140,92.80,0.000
2024-09-16T02:00:00,4.130,87.20,0.000
2024-09-16T01:45:00,4.130,90.70,0.000
2024-09-16T01:30:00,4.130,94.10,0.000
2024-09-16T01:15:00,4.130,88.20,0.000
2024-09-16T01:00:00,4.120,85.60,0.000
2024-09-16T00:45:00,4.120,86.90,0.000
2024-09-16T00:30:00,4.120,88.60,0.000
2024-09-16T00:15:00,4.130,92.40,0.000
2024-09-16T00:00:00,4.120,86.30,0.000
2024-09-15T23:45:00,4.120,84.30,0.000
2024-09-15T23:30:00,4.120,83.60,0.000
2024-09-15T23:15:00,4.130,88.30,0.000
2024-09-15T23:00:00,4.130,85.60,0.000
2024-09-15T22:45:00,4.130,85.70,0.000
2024-09-15T22:30:00,4.130,94.50,0.500
2024-09-15T22:15:00,4.140,107.50,0.500
2024-09-15T22:00:00,4.140,102.80,0.500
2024-09-15T21:45:00,4.140,104.90,0.500
2024-09-15T21:30:00,4.140,96.30,0.000
2024-09-15T21:15:00,4.150,86.00,0.000
2024-09-15T21:00:00,4.150,87.60,0.500
2024-09-15T20:45:00,4.160,87.00,0.000
2024-09-15T20:30:00,4.160,88.40,0.000
2024-09-15T20:15:00,4.160,96.00,0.000
2024-09-15T20:00:00,4.170,81.20,0.000
2024-09-15T19:45:00,4.170,93.00,0.000
2024-09-15T19:30:00,4.170,98.80,2.000
2024-09-15T19:15:00,4.170,93.80,0.000
2024-09-15T19:00:00,4.170,79.90,0.000
2024-09-15T18:45:00,4.170,88.50,0.000
2024-09-15T18:30:00,4.180,90.50,0.000
2024-09-15T18:15:00,4.180,82.70,0.000
2024-09-15T18:00:00,4.180,91.40,0.000
2024-09-15T17:45:00,4.180,94.20,0.000
2024-09-15T17:30:00,4.190,87.40,0.000
2024-09-15T17:15:00,4.190,89.40,0.000
2024-09-15T17:00:00,4.200,91.30,0.000
2024-09-15T16:45:00,4.200,88.00,0.000
2024-09-15T16:30:00,4.210,86.60,0.000
2024-09-15T16:15:00,4.210,93.50,0.000
2024-09-15T16:00:00,4.220,90.20,0.000
2024-09-15T15:45:00,4.220,96.60,0.000
2024-09-15T15:30:00,4.230,92.80,0.000
2024-09-15T15:15:00,4.230,95.30,0.000
2024-09-15T15:00:00,4.230,93.20,0.000
2024-09-15T14:45:00,4.230,94.30,0.000
2024-09-15T14:30:00,4.240,96.90,0.000
2024-09-15T14:15:00,4.250,99.50,0.000
2024-09-15T14:00:00,4.250,101.20,0.000
2024-09-15T13:45:00,4.260,106.40,0.000
2024-09-15T13:30:00,4.260,94.60,0.000
2024-09-15T13:15:00,4.270,97.10,0.000
2024-09-15T13:00:00,4.270,102.20,0.000
2024-09-15T12:45:00,4.280,100.80,0.000
2024-09-15T12:30:00,4.290,101.00,0.000
2024-09-15T12:15:00,4.290,102.90,0.000
2024-09-15T12:00:00,4.290,97.40,0.000
2024-09-15T11:45:00,4.300,100.50,0.000
2024-09-15T11:30:00,4.310,93.40,0.000
2024-09-15T11:15:00,4.320,99.60,0.000
2024-09-15T11:00:00,4.320,101.00,0.000
2024-09-15T10:45:00,4.320,101.50,0.000
2024-09-15T10:30:00,4.330,101.10,0.000
2024-09-15T10:15:00,4.340,105.10,0.000
2024-09-15T10:00:00,4.340,113.00,0.000
2024-09-15T09:45:00,4.350,104.40,0.000
2024-09-15T09:30:00,4.350,109.40,0.000
2024-09-15T09:15:00,4.360,111.00,0.000
2024-09-15T09:00:00,4.360,111.80,0.000
2024-09-15T08:45:00,4.370,110.00,0.000
2024-09-15T08:30:00,4.370,109.20,0.000
2024-09-15T08:15:00,4.380,110.90,0.000
2024-09-15T08:00:00,4.380,105.90,0.000
2024-09-15T07:45:00,4.380,122.20,0.000
2024-09-15T07:30:00,4.380,120.10,0.000
2024-09-15T07:15:00,4.390,116.00,0.000
2024-09-15T07:00:00,4.390,114.80,0.000
2024-09-15T06:45:00,4.390,119.30,0.000
2024-09-15T06:30:00,4.390,119.40,0.000
2024-09-15T06:15:00,4.390,123.90,0.500
2024-09-15T06:00:00,4.390,111.00,0.000
2024-09-15T05:45:00,4.390,122.70,0.000
2024-09-15T05:30:00,4.370,120.10,0.000
2024-09-15T05:15:00,4.370,129.30,0.000
2024-09-15T05:00:00,4.380,126.30,0.000
2024-09-15T04:45:00,4.390,126.20,0.000
2024-09-15T04:30:00,4.410,127.20,0.000
2024-09-15T04:15:00,4.410,120.50,0.000
2024-09-15T04:00:00,4.420,129.70,0.000
2024-09-15T03:45:00,4.430,130.80,0.000
2024-09-15T03:30:00,4.440,131.20,0.000
2024-09-15T03:15:00,4.450,133.40,0.000
2024-09-15T03:00:00,4.450,128.90,0.000
2024-09-15T02:45:00,4.460,142.80,0.000
2024-09-15T02:30:00,4.470,135.10,0.000
2024-09-15T02:15:00,4.480,139.40,0.000
2024-09-15T02:00:00,4.490,133.70,0.000
2024-09-15T01:45:00,4.500,139.70,0.000
2024-09-15T01:30:00,4.520,142.70,0.000
2024-09-15T01:15:00,4.520,144.10,0.000
2024-09-15T01:00:00,4.540,148.60,0.000
2024-09-15T00:45:00,4.540,147.30,0.000
2024-09-15T00:30:00,4.560,149.80,0.000
2024-09-15T00:15:00,4.560,154.10,0.000
2024-09-15T00:00:00,4.580,157.00,0.000
2024-09-14T23:45:00,4.590,157.50,1.500
2024-09-14T23:30:00,4.600,156.40,0.000
2024-09-14T23:15:00,4.600,153.30,0.000
2024-09-14T23:00:00,4.610,158.10,0.000
2024-09-14T22:45:00,4.630,159.90,0.000
2024-09-14T22:30:00,4.640,160.70,0.000
2024-09-14T22:15:00,4.650,159.60,0.000
2024-09-14T22:00:00,4.660,164.50,0.000
2024-09-14T21:45:00,4.670,159.50,0.000
2024-09-14T21:30:00,4.680,165.90,0.000
2024-09-14T21:15:00,4.690,148.10,0.000
2024-09-14T21:00:00,4.710,159.90,0.000
2024-09-14T20:45:00,4.720,158.60,0.000
2024-09-14T20:30:00,4.730,174.00,0.000
2024-09-14T20:15:00,4.740,171.70,0.000
2024-09-14T20:00:00,4.760,165.30,0.000
2024-09-14T19:45:00,4.770,159.50,0.000
2024-09-14T19:30:00,4.780,166.00,0.000
2024-09-14T19:15:00,4.790,166.80,0.000
2024-09-14T19:00:00,4.810,168.00,0.000
2024-09-14T18:45:00,4.820,163.00,0.000
2024-09-14T18:30:00,4.830,166.60,0.000
2024-09-14T18:15:00,4.840,163.00,0.000
2024-09-14T18:00:00,4.850,167.20,0.000
2024-09-14T17:45:00,4.860,168.40,0.000
2024-09-14T17:30:00,4.880,170.50,0.000
2024-09-14T17:15:00,4.890,170.80,0.000
2024-09-14T17:00:00,4.900,178.50,0.000
2024-09-14T16:45:00,4.910,171.80,0.000
2024-09-14T16:30:00,4.930,171.70,0.000
2024-09-14T16:15:00,4.950,176.70,0.000
2024-09-14T16:00:00,4.960,183.20,0.000
2024-09-14T15:45:00,4.980,177.80,0.000
2024-09-14T15:30:00,4.990,180.70,0.500
2024-09-14T15:15:00,5.000,158.30,0.000
2024-09-14T15:00:00,5.010,177.40,0.000
2024-09-14T14:45:00,5.020,178.30,0.000
2024-09-14T14:30:00,5.040,188.10,0.000
2024-09-14T14:15:00,5.050,174.20,0.000
2024-09-14T14:00:00,5.070,190.90,0.000
2024-09-14T13:45:00,5.080,185.00,0.000
2024-09-14T13:30:00,5.090,185.30,0.000
2024-09-14T13:15:00,5.110,174.00,0.000
2024-09-14T13:00:00,5.120,185.50,0.000
2024-09-14T12:45:00,5.130,197.30,0.000
2024-09-14T12:30:00,5.140,170.10,0.000
2024-09-14T12:15:00,5.160,187.60,0.000
2024-09-14T12:00:00,5.170,188.00,0.000
2024-09-14T11:45:00,5.190,194.60,0.000
2024-09-14T11:30:00,5.200,190.90,0.000
2024-09-14T11:15:00,5.230,189.20,0.000
2024-09-14T11:00:00,5.240,188.50,0.000
2024-09-14T10:45:00,5.240,188.60,0.000
2024-09-14T10:30:00,5.240,196.40,0.500
2024-09-14T10:15:00,5.250,189.60,0.000
2024-09-14T10:00:00,5.240,199.00,0.000
2024-09-14T09:45:00,5.250,202.80,0.000
2024-09-14T09:30:00,5.250,186.30,0.000
2024-09-14T09:15:00,5.240,188.80,0.000
2024-09-14T09:00:00,5.240,192.80,0.000
2024-09-14T08:45:00,5.230,200.90,0.000
2024-09-14T08:30:00,5.230,199.50,0.000
2024-09-14T08:15:00,5.230,198.10,0.000
2024-09-14T08:00:00,5.220,210.50,0.000
2024-09-14T07:45:00,5.220,204.50,0.000
2024-09-14T07:30:00,5.210,203.40,0.000
2024-09-14T07:15:00,5.200,201.10,0.000
2024-09-14T07:00:00,5.190,202.80,0.000
2024-09-14T06:45:00,5.190,208.40,0.000
2024-09-14T06:30:00,5.180,211.40,0.000
2024-09-14T06:15:00,5.180,196.70,0.000
2024-09-14T06:00:00,5.150,204.60,0.000
2024-09-14T05:45:00,5.140,193.00,0.000
2024-09-14T05:30:00,5.110,204.90,0.000
2024-09-14T05:15:00,5.100,205.20,0.000
2024-09-14T05:00:00,5.070,208.70,0.000
2024-09-14T04:45:00,5.050,189.10,0.000
2024-09-14T04:30:00,5.030,196.90,0.000
2024-09-14T04:15:00,5.000,183.40,0.000
2024-09-14T04:00:00,4.980,183.70,0.000
2024-09-14T03:45:00,4.970,178.50,0.000
2024-09-14T03:30:00,4.910,171.50,0.000
2024-09-14T03:15:00,4.860,170.60,0.000
2024-09-14T03:00:00,4.800,168.50,0.000
2024-09-14T02:45:00,4.750,167.10,0.000
2024-09-14T02:30:00,4.690,170.80,0.500
2024-09-14T02:15:00,4.640,161.10,0.000
2024-09-14T02:00:00,4.580,150.40,0.500
2024-09-14T01:45:00,4.530,143.10,1.000
2024-09-14T01:30:00,4.480,136.40,1.000
2024-09-14T01:15:00,4.440,137.90,0.500
2024-09-14T01:00:00,4.400,130.00,1.000
2024-09-14T00:45:00,4.370,126.30,0.500
2024-09-14T00:30:00,4.350,121.90,0.500
2024-09-14T00:15:00,4.330,121.90,1.500
2024-09-14T00:00:00,4.310,113.70,1.500
2024-09-27T23:45:00,4.710,153.20,0.000
2024-09-27T23:30:00,4.700,147.60,0.000
2024-09-27T23:15:00,4.700,150.80,0.000
2024-09-27T23:00:00,4.690,153.20,0.000
2024-09-27T22:45:00,4.690,152.40,0.000
2024-09-27T22:30:00,4.690,151.40,0.000
2024-09-27T22:15:00,4.680,147.40,0.000
2024-09-27T22:00:00,4.670,152.00,0.000
2024-09-27T21:45:00,4.660,146.80,0.000
2024-09-27T21:30:00,4.660,157.50,0.000
2024-09-27T21:15:00,4.650,148.10,0.000
2024-09-27T21:00:00,4.650,151.90,0.000
2024-09-27T20:45:00,4.640,156.80,0.000
2024-09-27T20:30:00,4.630,151.60,0.000
2024-09-27T20:15:00,4.620,146.50,0.000
2024-09-27T20:00:00,4.610,143.30,0.000
2024-09-27T19:45:00,4.600,136.20,0.000
2024-09-27T19:30:00,4.590,149.10,0.000
2024-09-27T19:15:00,4.570,150.50,0.000
2024-09-27T19:00:00,4.560,149.40,0.000
2024-09-27T18:45:00,4.550,142.50,0.000
2024-09-27T18:30:00,4.540,153.20,0.000
2024-09-27T18:15:00,4.520,154.00,0.000
2024-09-27T18:00:00,4.510,144.80,0.000
2024-09-27T17:45:00,4.500,147.10,0.000
2024-09-27T17:30:00,4.490,148.10,0.000
2024-09-27T17:15:00,4.480,140.20,0.000
2024-09-27T17:00:00,4.480,154.70,0.000
2024-09-27T16:45:00,4.470,140.70,0.000
2024-09-27T16:30:00,4.470,147.30,0.000
2024-09-27T16:15:00,4.470,139.50,0.000
2024-09-27T16:00:00,4.460,141.60,0.000
2024-09-27T15:45:00,4.460,141.30,0.000
2024-09-27T15:30:00,4.450,132.40,0.000
2024-09-27T15:15:00,4.450,137.10,0.000
2024-09-27T15:00:00,4.460,145.40,0.000
2024-09-27T14:45:00,4.450,146.70,0.000
2024-09-27T14:30:00,4.460,137.80,0.000
2024-09-27T14:15:00,4.450,132.90,0.000
2024-09-27T14:00:00,4.450,138.40,0.500
2024-09-27T13:45:00,4.450,153.20,2.000
2024-09-27T13:30:00,4.430,127.70,4.000
2024-09-27T13:15:00,4.430,146.20,0.000
2024-09-27T13:00:00,4.410,136.60,0.000
2024-09-27T12:45:00,4.410,117.60,0.000
2024-09-27T12:30:00,4.420,121.20,0.000
2024-09-27T12:15:00,4.420,122.30,0.000
2024-09-27T12:00:00,4.430,130.60,0.000
2024-09-27T11:45:00,4.430,114.70,0.000
2024-09-27T11:30:00,4.430,124.40,0.000
2024-09-27T11:15:00,4.440,128.00,0.000
2024-09-27T11:00:00,4.440,133.10,0.000
2024-09-27T10:45:00,4.440,134.10,0.000
2024-09-27T10:30:00,4.450,146.00,0.000
2024-09-27T10:15:00,4.450,142.60,0.000
2024-09-27T10:00:00,4.450,133.00,0.000
2024-09-27T09:45:00,4.450,129.70,0.000
2024-09-27T09:30:00,4.450,142.70,0.000
2024-09-27T09:15:00,4.450,139.50,0.000
2024-09-27T09:00:00,4.450,140.10,0.000
2024-09-27T08:45:00,4.440,155.20,0.000
2024-09-27T08:30:00,4.450,158.00,0.500
2024-09-27T08:15:00,4.490,156.50,0.000
2024-09-27T08:00:00,4.540,154.70,0.000
2024-09-27T07:45:00,4.580,145.40,0.000
2024-09-27T07:30:00,4.580,152.50,0.000
2024-09-27T07:15:00,4.590,150.20,0.000
2024-09-27T07:00:00,4.580,138.70,0.000
2024-09-27T06:45:00,4.590,149.60,0.000
2024-09-27T06:30:00,4.590,140.00,0.000
2024-09-27T06:15:00,4.600,139.40,0.000
2024-09-27T06:00:00,4.600,139.20,0.000
2024-09-27T05:45:00,4.600,148.70,0.000
2024-09-27T05:30:00,4.600,150.80,0.000
2024-09-27T05:15:00,4.600,150.30,0.000
2024-09-27T05:00:00,4.600,159.90,0.000
2024-09-27T04:45:00,4.610,148.40,0.000
2024-09-27T04:30:00,4.610,151.90,0.000
2024-09-27T04:15:00,4.610,152.20,0.000
2024-09-27T04:00:00,4.610,146.60,0.000
2024-09-27T03:45:00,4.610,145.30,0.000
2024-09-27T03:30:00,4.610,150.20,0.000
2024-09-27T03:15:00,4.620,143.60,0.000
2024-09-27T03:00:00,4.610,152.50,0.000
2024-09-27T02:45:00,4.620,153.20,0.000
2024-09-27T02:30:00,4.620,155.50,0.000
2024-09-27T02:15:00,4.620,152.00,0.000
2024-09-27T02:00:00,4.620,149.10,0.000
2024-09-27T01:45:00,4.630,147.20,0.000
2024-09-27T01:30:00,4.630,149.30,0.000
2024-09-27T01:15:00,4.620,158.60,0.000
2024-09-27T01:00:00,4.630,151.60,0.000
2024-09-27T00:45:00,4.630,150.40,0.000
2024-09-27T00:30:00,4.630,152.50,0.000
2024-09-27T00:15:00,4.630,143.00,0.000
2024-09-27T00:00:00,4.620,150.50,0.000
2024-09-26T23:45:00,4.620,151.90,0.000
2024-09-26T23:30:00,4.620,159.40,0.000
2024-09-26T23:15:00,4.620,155.70,0.000
2024-09-26T23:00:00,4.620,155.60,0.000
2024-09-26T22:45:00,4.620,148.40,0.000
2024-09-26T22:30:00,4.610,156.00,0.000
2024-09-26T22:15:00,4.610,156.20,0.000
2024-09-26T22:00:00,4.610,149.40,0.000
2024-09-26T21:45:00,4.610,156.20,0.000
2024-09-26T21:30:00,4.610,154.40,0.000
2024-09-26T21:15:00,4.600,151.00,0.000
2024-09-26T21:00:00,4.600,156.50,0.000
2024-09-26T20:45:00,4.590,150.30,0.000
2024-09-26T20:30:00,4.590,190.20,0.000
2024-09-26T20:15:00,4.590,151.70,0.000
2024-09-26T20:00:00,4.580,158.30,0.000
2024-09-26T19:45:00,4.580,154.40,0.000
2024-09-26T19:30:00,4.580,150.90,0.000
2024-09-26T19:15:00,4.570,150.40,0.000
2024-09-26T19:00:00,4.560,142.10,0.000
2024-09-26T18:45:00,4.560,152.50,0.000
2024-09-26T18:30:00,4.550,141.20,0.000
2024-09-26T18:15:00,4.550,148.30,0.000
2024-09-26T18:00:00,4.550,144.50,0.000
2024-09-26T17:45:00,4.540,143.40,0.000
2024-09-26T17:30:00,4.540,148.70,0.000
2024-09-26T17:15:00,4.530,144.60,0.000
2024-09-26T17:00:00,4.530,140.80,0.000
2024-09-26T16:45:00,4.530,144.40,0.000
2024-09-26T16:30:00,4.530,142.70,0.000
2024-09-26T16:15:00,4.530,145.50,0.000
2024-09-26T16:00:00,4.520,153.90,0.000
2024-09-26T15:45:00,4.520,152.40,0.000
2024-09-26T15:30:00,4.520,137.40,0.000
2024-09-26T15:15:00,4.520,142.90,0.000
2024-09-26T15:00:00,4.520,142.20,0.000
2024-09-26T14:45:00,4.510,141.90,9.000
2024-09-26T14:30:00,4.500,138.50,0.500
2024-09-26T14:15:00,4.500,131.20,0.000
2024-09-26T14:00:00,4.500,127.10,0.000
2024-09-26T13:45:00,4.500,139.90,0.000
2024-09-26T13:30:00,4.490,134.80,0.000
2024-09-26T13:15:00,4.490,119.80,0.000
2024-09-26T13:00:00,4.490,124.10,0.000
2024-09-26T12:45:00,4.480,138.90,0.000
2024-09-26T12:30:00,4.480,134.40,0.000
2024-09-26T12:15:00,4.470,122.20,0.000
2024-09-26T12:00:00,4.470,123.90,0.000
2024-09-26T11:45:00,4.460,130.70,0.000
2024-09-26T11:30:00,4.450,124.40,0.000
2024-09-26T11:15:00,4.450,124.30,0.000
2024-09-26T11:00:00,4.450,116.40,0.000
2024-09-26T10:45:00,4.440,125.90,0.000
2024-09-26T10:30:00,4.440,123.60,0.000
2024-09-26T10:15:00,4.430,122.90,0.000
2024-09-26T10:00:00,4.420,121.80,0.000
2024-09-26T09:45:00,4.420,129.20,0.000
2024-09-26T09:30:00,4.420,130.60,0.000
2024-09-26T09:15:00,4.410,126.10,0.000
2024-09-26T09:00:00,4.410,129.60,0.000
2024-09-26T08:45:00,4.410,131.00,0.000
2024-09-26T08:30:00,4.410,129.10,0.000
2024-09-26T08:15:00,4.410,127.40,0.000
2024-09-26T08:00:00,4.400,131.50,0.000
2024-09-26T07:45:00,4.410,127.70,0.000
2024-09-26T07:30:00,4.410,132.70,0.000
2024-09-26T07:15:00,4.410,129.90,0.000
2024-09-26T07:00:00,4.420,134.60,0.000
2024-09-26T06:45:00,4.420,138.30,0.000
2024-09-26T06:30:00,4.430,134.60,0.000
2024-09-26T06:15:00,4.430,128.30,0.000
2024-09-26T06:00:00,4.440,136.10,0.000
2024-09-26T05:45:00,4.440,136.80,0.000
2024-09-26T05:30:00,4.450,136.70,0.000
2024-09-26T05:15:00,4.450,137.70,0.000
2024-09-26T05:00:00,4.460,138.10,0.000
2024-09-26T04:45:00,4.460,138.60,0.000
2024-09-26T04:30:00,4.470,139.90,0.000
2024-09-26T04:15:00,4.470,139.90,0.000
2024-09-26T04:00:00,4.480,148.60,0.000
2024-09-26T03:45:00,4.490,141.10,0.000
2024-09-26T03:30:00,4.490,144.10,0.000
2024-09-26T03:15:00,4.490,140.30,0.000
2024-09-26T03:00:00,4.500,137.40,0.000
2024-09-26T02:45:00,4.500,148.70,0.000
2024-09-26T02:30:00,4.510,141.00,0.000
2024-09-26T02:15:00,4.510,148.70,0.000
2024-09-26T02:00:00,4.520,144.90,0.000
2024-09-26T01:45:00,4.520,152.60,0.000
2024-09-26T01:30:00,4.520,144.70,0.000
2024-09-26T01:15:00,4.520,151.30,0.000
2024-09-26T01:00:00,4.530,151.30,0.000
2024-09-26T00:45:00,4.530,146.70,0.000
2024-09-26T00:30:00,4.530,157.90,0.000
2024-09-26T00:15:00,4.530,146.00,0.000
2024-09-26T00:00:00,4.530,152.40,0.000
2024-09-25T23:45:00,4.530,141.10,0.000
2024-09-25T23:30:00,4.530,155.30,0.000
2024-09-25T23:15:00,4.530,158.20,0.000
2024-09-25T23:00:00,4.530,147.80,0.000
2024-09-25T22:45:00,4.530,155.00,0.000
2024-09-25T22:30:00,4.530,150.20,0.000
2024-09-25T22:15:00,4.520,150.60,0.000
2024-09-25T22:00:00,4.520,155.40,0.000
2024-09-25T21:45:00,4.520,145.70,0.000
2024-09-25T21:30:00,4.510,154.40,0.000
2024-09-25T21:15:00,4.500,154.60,0.000
2024-09-25T21:00:00,4.500,154.40,0.000
2024-09-25T20:45:00,4.500,149.90,0.000
2024-09-25T20:30:00,4.490,145.60,0.000
2024-09-25T20:15:00,4.480,151.70,0.000
2024-09-25T20:00:00,4.470,155.50,0.000
2024-09-25T19:45:00,4.470,151.10,0.000
2024-09-25T19:30:00,4.460,143.50,0.000
2024-09-25T19:15:00,4.460,138.30,0.000
2024-09-25T19:00:00,4.450,137.60,0.000
2024-09-25T18:45:00,4.450,141.70,0.000
2024-09-25T18:30:00,4.440,146.30,0.000
2024-09-25T18:15:00,4.440,139.90,0.000
2024-09-25T18:00:00,4.440,135.50,0.000
2024-09-25T17:45:00,4.440,137.80,0.000
2024-09-25T17:30:00,4.440,137.70,0.000
2024-09-25T17:15:00,4.440,149.90,0.000
2024-09-25T17:00:00,4.450,149.30,0.500
2024-09-25T16:45:00,4.440,151.30,0.000
2024-09-25T16:30:00,4.440,148.10,0.000
2024-09-25T16:15:00,4.450,147.60,0.000
2024-09-25T16:00:00,4.450,145.50,0.000
2024-09-25T15:45:00,4.450,135.20,0.000
2024-09-25T15:30:00,4.450,135.60,0.000
2024-09-25T15:15:00,4.450,146.20,0.000
2024-09-25T15:00:00,4.450,141.10,0.000
2024-09-25T14:45:00,4.450,137.20,0.000
2024-09-25T14:30:00,4.450,138.50,0.000
2024-09-25T14:15:00,4.450,141.60,0.000
2024-09-25T14:00:00,4.450,128.50,0.000
2024-09-25T13:45:00,4.460,119.10,0.000
2024-09-25T13:30:00,4.460,124.00,0.000
2024-09-25T13:15:00,4.470,140.40,0.000
2024-09-25T13:00:00,4.470,128.90,0.000
2024-09-25T12:45:00,4.470,129.30,0.000
2024-09-25T12:30:00,4.480,123.20,0.000
2024-09-25T12:15:00,4.480,141.20,0.000
2024-09-25T12:00:00,4.480,136.90,0.000
2024-09-25T11:45:00,4.490,138.80,0.000
2024-09-25T11:30:00,4.490,134.00,0.000
2024-09-25T11:15:00,4.490,125.10,0.000
2024-09-25T11:00:00,4.500,137.10,0.000
2024-09-25T10:45:00,4.500,137.20,0.000
2024-09-25T10:30:00,4.510,144.90,0.000
2024-09-25T10:15:00,4.510,144.40,0.500
2024-09-25T10:00:00,4.510,144.50,0.000
2024-09-25T09:45:00,4.520,137.50,0.000
2024-09-25T09:30:00,4.520,140.00,0.000
2024-09-25T09:15:00,4.520,137.00,0.000
2024-09-25T09:00:00,4.520,142.50,0.000
2024-09-25T08:45:00,4.530,158.00,0.000
2024-09-25T08:30:00,4.530,148.70,0.000
2024-09-25T08:15:00,4.530,150.60,0.000
2024-09-25T08:00:00,4.530,151.80,0.000
2024-09-25T07:45:00,4.530,152.10,0.000
2024-09-25T07:30:00,4.540,152.60,0.000
2024-09-25T07:15:00,4.550,157.70,0.000
2024-09-25T07:00:00,4.560,151.30,0.000
2024-09-25T06:45:00,4.560,158.10,0.000
2024-09-25T06:30:00,4.560,163.60,0.000
2024-09-25T06:15:00,4.570,159.60,0.000
2024-09-25T06:00:00,4.570,155.50,0.000
2024-09-25T05:45:00,4.580,160.70,0.000
2024-09-25T05:30:00,4.580,151.70,0.000
2024-09-25T05:15:00,4.590,158.50,0.000
2024-09-25T05:00:00,4.590,155.50,0.000
2024-09-25T04:45:00,4.600,166.80,0.000
2024-09-25T04:30:00,4.600,165.80,0.000
2024-09-25T04:15:00,4.610,160.80,0.000
2024-09-25T04:00:00,4.610,164.00,0.500
2024-09-25T03:45:00,4.610,166.00,0.000
2024-09-25T03:30:00,4.620,162.40,0.000
2024-09-25T03:15:00,4.620,173.00,0.000
2024-09-25T03:00:00,4.630,169.60,0.000
2024-09-25T02:45:00,4.630,174.70,0.000
2024-09-25T02:30:00,4.640,171.70,0.000
2024-09-25T02:15:00,4.640,178.00,0.000
2024-09-25T02:00:00,4.650,164.80,0.000
2024-09-25T01:45:00,4.640,173.50,0.000
2024-09-25T01:30:00,4.650,171.00,0.000
2024-09-25T01:15:00,4.660,173.60,0.000
2024-09-25T01:00:00,4.660,173.00,0.000
2024-09-25T00:45:00,4.660,165.10,0.000
2024-09-25T00:30:00,4.660,171.90,0.000
2024-09-25T00:15:00,4.660,178.30,0.000
2024-09-25T00:00:00,4.670,173.70,0.000
2024-09-24T23:45:00,4.670,170.60,0.000
2024-09-24T23:30:00,4.670,178.30,0.000
2024-09-24T23:15:00,4.670,174.80,0.000
2024-09-24T23:00:00,4.670,174.20,0.000
2024-09-24T22:45:00,4.670,172.10,0.000
2024-09-24T22:30:00,4.670,172.90,0.000
2024-09-24T22:15:00,4.660,177.00,0.000
2024-09-24T22:00:00,4.660,175.10,0.000
2024-09-24T21:45:00,4.650,178.20,0.000
2024-09-24T21:30:00,4.650,170.40,0.000
2024-09-24T21:15:00,4.650,174.90,0.000
2024-09-24T21:00:00,4.640,171.20,0.000
2024-09-24T20:45:00,4.640,170.60,0.500
2024-09-24T20:30:00,4.630,167.70,0.000
2024-09-24T20:15:00,4.620,175.00,0.000
2024-09-24T20:00:00,4.620,169.70,0.000
2024-09-24T19:45:00,4.610,172.10,0.000
2024-09-24T19:30:00,4.610,173.10,0.500
2024-09-24T19:15:00,4.610,166.90,0.000
2024-09-24T19:00:00,4.610,161.80,0.000
2024-09-24T18:45:00,4.610,168.50,0.000
2024-09-24T18:30:00,4.610,164.10,0.000
2024-09-24T18:15:00,4.620,158.70,0.000
2024-09-24T18:00:00,4.610,157.00,0.000
2024-09-24T17:45:00,4.620,159.70,0.000
2024-09-24T17:30:00,4.610,160.00,0.500
2024-09-24T17:15:00,4.610,164.90,1.000
2024-09-24T17:00:00,4.610,172.00,0.500
2024-09-24T16:45:00,4.610,156.30,0.000
2024-09-24T16:30:00,4.610,162.90,0.000
2024-09-24T16:15:00,4.610,162.90,0.000
2024-09-24T16:00:00,4.610,166.30,0.500
2024-09-24T15:45:00,4.610,164.30,0.000
2024-09-24T15:30:00,4.610,161.50,0.500
2024-09-24T15:15:00,4.610,164.90,1.500
2024-09-24T15:00:00,4.610,167.80,5.000
2024-09-24T14:45:00,4.600,153.20,6.500
2024-09-24T14:30:00,4.600,151.40,0.000
2024-09-24T14:15:00,4.590,147.30,0.000
2024-09-24T14:00:00,4.590,153.00,0.000
2024-09-24T13:45:00,4.590,150.80,0.000
2024-09-24T13:30:00,4.590,144.10,0.000
2024-09-24T13:15:00,4.590,148.80,0.000
2024-09-24T13:00:00,4.590,147.90,0.000
2024-09-24T12:45:00,4.590,146.10,0.000
2024-09-24T12:30:00,4.590,141.90,0.000
2024-09-24T12:15:00,4.580,146.60,0.000
2024-09-24T12:00:00,4.570,142.10,0.000
2024-09-24T11:45:00,4.580,154.10,0.000
2024-09-24T11:30:00,4.580,156.70,0.000
2024-09-24T11:15:00,4.590,158.80,0.000
2024-09-24T11:00:00,4.590,159.40,0.000
2024-09-24T10:45:00,4.600,162.70,0.000
2024-09-24T10:30:00,4.600,155.60,0.000
2024-09-24T10:15:00,4.600,166.50,0.000
2024-09-24T10:00:00,4.610,163.80,0.000
2024-09-24T09:45:00,4.610,162.00,0.000
2024-09-24T09:30:00,4.610,160.10,0.000
2024-09-24T09:15:00,4.610,168.90,0.000
2024-09-24T09:00:00,4.610,170.10,0.000
2024-09-24T08:45:00,4.610,161.20,0.000
2024-09-24T08:30:00,4.620,168.60,0.000
2024-09-24T08:15:00,4.620,170.50,0.000
2024-09-24T08:00:00,4.620,162.20,0.000
2024-09-24T07:45:00,4.620,172.60,0.000
2024-09-24T07:30:00,4.610,170.40,0.000
2024-09-24T07:15:00,4.620,167.80,0.000
2024-09-24T07:00:00,4.620,163.50,0.000
2024-09-24T06:45:00,4.620,176.20,0.000
2024-09-24T06:30:00,4.620,175.40,0.000
2024-09-24T06:15:00,4.630,170.50,0.000
2024-09-24T06:00:00,4.630,169.50,0.000
2024-09-24T05:45:00,4.640,174.50,0.000
2024-09-24T05:30:00,4.640,172.30,0.000
2024-09-24T05:15:00,4.640,184.10,0.000
2024-09-24T05:00:00,4.640,170.40,0.000
2024-09-24T04:45:00,4.640,180.20,0.000
2024-09-24T04:30:00,4.650,178.90,0.000
2024-09-24T04:15:00,4.650,179.10,0.000
2024-09-24T04:00:00,4.650,176.10,0.000
2024-09-24T03:45:00,4.650,174.70,0.000
2024-09-24T03:30:00,4.650,177.10,0.000
2024-09-24T03:15:00,4.650,177.90,0.500
2024-09-24T03:00:00,4.650,181.40,1.500
2024-09-24T02:45:00,4.640,182.90,2.000
2024-09-24T02:30:00,4.650,182.30,0.000
2024-09-24T02:15:00,4.650,172.50,0.000
2024-09-24T02:00:00,4.650,171.80,0.000
2024-09-24T01:45:00,4.650,175.90,0.000
2024-09-24T01:30:00,4.650,172.60,0.000
2024-09-24T01:15:00,4.650,169.40,0.000
2024-09-24T01:00:00,4.660,172.00,0.000
2024-09-24T00:45:00,4.670,170.10,0.000
2024-09-24T00:30:00,4.660,170.20,0.000
2024-09-24T00:15:00,4.680,179.10,0.000
2024-09-24T00:00:00,4.680,174.40,0.000
2024-09-23T23:45:00,4.690,178.20,0.000
2024-09-23T23:30:00,4.700,176.40,0.000
2024-09-23T23:15:00,4.700,176.60,0.000
2024-09-23T23:00:00,4.720,173.20,0.000
2024-09-23T22:45:00,4.720,170.70,0.000
2024-09-23T22:30:00,4.740,171.30,0.000
2024-09-23T22:15:00,4.740,173.10,0.000
2024-09-23T22:00:00,4.760,164.20,0.000
2024-09-23T21:45:00,4.770,179.00,0.000
2024-09-23T21:30:00,4.770,172.60,0.000
2024-09-23T21:15:00,4.790,169.40,0.000
2024-09-23T21:00:00,4.800,159.00,0.000
2024-09-23T20:45:00,4.820,177.20,0.000
2024-09-23T20:30:00,4.820,179.30,0.000
2024-09-23T20:15:00,4.840,184.20,0.000
2024-09-23T20:00:00,4.850,186.00,0.000
2024-09-23T19:45:00,4.860,183.90,0.000
2024-09-23T19:30:00,4.870,180.40,0.000
2024-09-23T19:15:00,4.890,182.60,0.000
2024-09-23T19:00:00,4.900,186.90,0.000
2024-09-23T18:45:00,4.910,190.00,0.500
2024-09-23T18:30:00,4.920,191.70,8.500
2024-09-23T18:15:00,4.920,176.90,4.500
2024-09-23T18:00:00,4.930,178.50,0.500
2024-09-23T17:45:00,4.940,168.30,0.500
2024-09-23T17:30:00,4.950,187.20,0.000
2024-09-23T17:15:00,4.960,186.00,0.000
2024-09-23T17:00:00,4.980,189.80,0.000
2024-09-23T16:45:00,4.990,191.30,0.000
2024-09-23T16:30:00,5.010,200.90,0.000
2024-09-23T16:15:00,5.020,198.10,0.000
2024-09-23T16:00:00,5.030,200.70,0.000
2024-09-23T15:45:00,5.050,190.30,0.000
2024-09-23T15:30:00,5.070,200.50,0.000
2024-09-23T15:15:00,5.080,187.70,0.000
2024-09-23T15:00:00,5.090,198.80,0.000
2024-09-23T14:45:00,5.100,198.50,0.000
2024-09-23T14:30:00,5.110,181.40,0.000
2024-09-23T14:15:00,5.120,189.70,0.000
2024-09-23T14:00:00,5.130,191.70,0.000
2024-09-23T13:45:00,5.130,194.00,0.000
2024-09-23T13:30:00,5.150,204.30,0.000
2024-09-23T13:15:00,5.180,203.20,0.000
2024-09-23T13:00:00,5.190,207.60,0.000
2024-09-23T12:45:00,5.200,190.10,0.000
2024-09-23T12:30:00,5.220,201.20,0.000
2024-09-23T12:15:00,5.240,213.30,0.000
2024-09-23T12:00:00,5.260,197.60,0.000
2024-09-23T11:45:00,5.280,209.90,0.000
2024-09-23T11:30:00,5.290,212.20,0.000
2024-09-23T11:15:00,5.300,216.70,0.000
2024-09-23T11:00:00,5.330,205.50,0.000
2024-09-23T10:45:00,5.340,213.40,0.000
2024-09-23T10:30:00,5.350,216.00,0.000
2024-09-23T10:15:00,5.380,210.40,0.000
2024-09-23T10:00:00,5.390,215.70,0.000
2024-09-23T09:45:00,5.410,209.10,0.000
2024-09-23T09:30:00,5.430,217.70,0.000
2024-09-23T09:15:00,5.440,231.20,0.000
2024-09-23T09:00:00,5.440,229.70,0.000
2024-09-23T08:45:00,5.460,231.10,0.000
2024-09-23T08:30:00,5.470,222.80,0.000
2024-09-23T08:15:00,5.480,225.30,0.000
2024-09-23T08:00:00,5.490,231.40,0.000
2024-09-23T07:45:00,5.500,237.00,0.000
2024-09-23T07:30:00,5.510,228.70,0.000
2024-09-23T07:15:00,5.530,238.90,0.000
2024-09-23T07:00:00,5.530,230.60,0.000
2024-09-23T06:45:00,5.540,229.80,0.000
2024-09-23T06:30:00,5.540,233.30,0.000
2024-09-23T06:15:00,5.550,232.60,0.000
2024-09-23T06:00:00,5.550,233.80,0.000
2024-09-23T05:45:00,5.550,245.70,0.000
2024-09-23T05:30:00,5.550,235.40,0.000
2024-09-23T05:15:00,5.560,230.60,0.000
2024-09-23T05:00:00,5.550,264.50,0.000
2024-09-23T04:45:00,5.550,242.60,0.000
2024-09-23T04:30:00,5.540,235.50,0.000
2024-09-23T04:15:00,5.550,229.60,0.000
2024-09-23T04:00:00,5.530,229.70,0.000
2024-09-23T03:45:00,5.520,233.40,0.000
2024-09-23T03:30:00,5.530,242.30,0.000
2024-09-23T03:15:00,5.510,234.10,0.000
2024-09-23T03:00:00,5.480,257.40,0.000
2024-09-23T02:45:00,5.470,247.40,0.000
2024-09-23T02:30:00,5.460,243.10,0.000
2024-09-23T02:15:00,5.440,233.50,0.000
2024-09-23T02:00:00,5.410,233.40,0.000
2024-09-23T01:45:00,5.400,229.30,0.000
2024-09-23T01:30:00,5.370,247.60,0.000
2024-09-23T01:15:00,5.360,231.80,0.000
2024-09-23T01:00:00,5.340,246.30,0.000
2024-09-23T00:45:00,5.320,241.80,0.000
2024-09-23T00:30:00,5.290,222.00,0.000
2024-09-23T00:15:00,5.270,237.40,0.000
2024-09-23T00:00:00,5.240,241.60,0.000
2024-09-22T23:45:00,5.230,224.10,0.000
2024-09-22T23:30:00,5.210,246.70,0.500
2024-09-22T23:15:00,5.200,236.70,0.000
2024-09-22T23:00:00,5.210,220.80,0.500
2024-09-22T22:45:00,5.190,202.40,0.000
2024-09-22T22:30:00,5.140,197.70,0.500
2024-09-22T22:15:00,5.090,199.40,0.500
2024-09-22T22:00:00,5.040,198.30,0.500
2024-09-22T21:45:00,5.000,203.30,1.000
2024-09-22T21:30:00,4.950,198.10,0.500
2024-09-22T21:15:00,4.900,179.80,0.000
2024-09-22T21:00:00,4.850,180.90,0.000
2024-09-22T20:45:00,4.800,180.80,2.500
2024-09-22T20:30:00,4.740,169.20,20.500
2024-09-22T20:15:00,4.650,159.20,17.000
2024-09-22T20:00:00,4.570,158.50,2.000
2024-09-22T19:45:00,4.520,149.80,0.500
2024-09-22T19:30:00,4.470,144.60,0.500
2024-09-22T19:15:00,4.420,138.10,0.500
2024-09-22T19:00:00,4.380,137.00,0.500
2024-09-22T18:45:00,4.330,121.70,0.000
2024-09-22T18:30:00,4.300,116.10,2.000
2024-09-22T18:15:00,4.260,110.60,3.500
2024-09-22T18:00:00,4.240,93.30,0.000
2024-09-22T17:45:00,4.220,85.50,0.000
2024-09-22T17:30:00,4.200,103.70,0.000
2024-09-22T17:15:00,4.190,79.40,0.000
2024-09-22T17:00:00,4.180,83.60,0.000
2024-09-22T16:45:00,4.170,85.50,0.000
2024-09-22T16:30:00,4.160,86.50,0.000
2024-09-22T16:15:00,4.160,95.30,0.500
2024-09-22T16:00:00,4.140,97.40,0.000
2024-09-22T15:45:00,4.140,89.30,0.000
2024-09-22T15:30:00,4.130,82.20,0.000
2024-09-22T15:15:00,4.120,84.30,0.500
2024-09-22T15:00:00,4.120,90.10,0.500
2024-09-22T14:45:00,4.110,91.50,17.500
2024-09-22T14:30:00,4.080,0.00,1.000
2024-09-22T14:15:00,4.070,79.50,0.000
2024-09-22T14:00:00,4.070,72.50,0.000
2024-09-22T13:45:00,4.060,74.60,1.000
2024-09-22T13:30:00,4.050,90.70,0.500
2024-09-22T13:15:00,4.040,88.10,3.000
2024-09-22T13:00:00,4.030,58.80,0.000
2024-09-22T12:45:00,4.030,55.50,0.000
2024-09-22T12:30:00,4.020,60.40,0.000
2024-09-22T12:15:00,4.020,64.60,0.000
2024-09-22T12:00:00,4.010,60.50,0.000
2024-09-22T11:45:00,4.010,59.60,0.000
2024-09-22T11:30:00,4.010,60.20,0.000
2024-09-22T11:15:00,4.000,58.80,0.000
2024-09-22T11:00:00,4.000,60.40,0.000
2024-09-22T10:45:00,4.000,57.30,0.000
2024-09-22T10:30:00,4.000,56.90,0.000
2024-09-22T10:15:00,4.000,57.70,0.000
2024-09-22T10:00:00,4.000,63.00,0.000
2024-09-22T09:45:00,3.990,58.80,0.000
2024-09-22T09:30:00,3.990,52.80,0.000
2024-09-22T09:15:00,3.990,58.70,0.000
2024-09-22T09:00:00,3.990,56.70,0.000
2024-09-22T08:45:00,3.990,61.60,0.000
2024-09-22T08:30:00,3.990,63.90,0.000
2024-09-22T08:15:00,3.980,63.20,0.000
2024-09-22T08:00:00,3.980,62.30,0.000
2024-09-22T07:45:00,3.970,65.00,0.000
2024-09-22T07:30:00,3.970,64.10,0.000
2024-09-22T07:15:00,3.970,73.00,0.000
2024-09-22T07:00:00,3.960,72.80,0.000
2024-09-22T06:45:00,3.960,55.80,0.000
2024-09-22T06:30:00,3.960,57.60,0.000
2024-09-22T06:15:00,3.950,62.80,0.000
2024-09-22T06:00:00,3.950,56.40,0.000
2024-09-22T05:45:00,3.950,59.80,0.500
2024-09-22T05:30:00,3.940,62.80,0.000
2024-09-22T05:15:00,3.940,67.10,0.000
2024-09-22T05:00:00,3.940,70.20,0.000
2024-09-22T04:45:00,3.930,69.40,0.000
2024-09-22T04:30:00,3.930,72.10,0.500
2024-09-22T04:15:00,3.930,68.10,0.000
2024-09-22T04:00:00,3.920,68.10,0.500
2024-09-22T03:45:00,3.920,56.90,0.000
2024-09-22T03:30:00,3.910,52.40,0.000
2024-09-22T03:15:00,3.910,49.10,0.000
2024-09-22T03:00:00,3.900,53.90,0.000
2024-09-22T02:45:00,3.900,66.70,0.000
2024-09-22T02:30:00,3.900,55.90,0.000
2024-09-22T02:15:00,3.900,54.20,0.000
2024-09-22T02:00:00,3.890,60.70,0.000
2024-09-22T01:45:00,3.890,68.90,0.000
2024-09-22T01:30:00,3.890,59.90,0.000
2024-09-22T01:15:00,3.890,50.70,0.500
2024-09-22T01:00:00,3.890,60.70,0.000
2024-09-22T00:45:00,3.890,58.30,0.000
2024-09-22T00:30:00,3.890,59.30,0.000
2024-09-22T00:15:00,3.890,64.00,0.000
2024-09-22T00:00:00,3.890,68.20,0.000
2024-09-21T23:45:00,3.900,65.20,0.500
2024-09-21T23:30:00,3.900,64.00,0.000
2024-09-21T23:15:00,3.900,65.00,0.000
2024-09-21T23:00:00,3.900,50.40,0.000
2024-09-21T22:45:00,3.900,50.60,0.000
2024-09-21T22:30:00,3.910,49.30,0.000
2024-09-21T22:15:00,3.910,52.30,0.000
2024-09-21T22:00:00,3.910,54.90,0.000
2024-09-21T21:45:00,3.910,56.20,0.000
2024-09-21T21:30:00,3.910,66.90,0.000
2024-09-21T21:15:00,3.910,71.30,0.500
2024-09-21T21:00:00,3.910,69.70,0.000
2024-09-21T20:45:00,3.910,70.10,0.500
2024-09-21T20:30:00,3.900,70.30,1.000
2024-09-21T20:15:00,3.900,64.90,0.000
2024-09-21T20:00:00,3.900,71.70,0.500
2024-09-21T19:45:00,3.900,64.10,0.000
2024-09-21T19:30:00,3.890,62.50,0.500
2024-09-21T19:15:00,3.890,52.20,0.500
2024-09-21T19:00:00,3.890,70.50,0.500
2024-09-21T18:45:00,3.890,41.20,0.000
2024-09-21T18:30:00,3.890,43.10,0.000
2024-09-21T18:15:00,3.890,46.80,0.000
2024-09-21T18:00:00,3.880,47.80,0.000
2024-09-21T17:45:00,3.890,48.20,0.000
2024-09-21T17:30:00,3.890,46.50,0.000
2024-09-21T17:15:00,3.880,50.20,0.000
2024-09-21T17:00:00,3.880,47.80,0.000
2024-09-21T16:45:00,3.880,44.70,0.000
2024-09-21T16:30:00,3.880,47.40,0.000
2024-09-21T16:15:00,3.880,44.50,0.000
2024-09-21T16:00:00,3.880,45.30,0.000
2024-09-21T15:45:00,3.880,49.70,0.000
2024-09-21T15:30:00,3.880,48.30,0.000
2024-09-21T15:15:00,3.880,52.20,0.000
2024-09-21T15:00:00,3.880,47.50,0.000
2024-09-21T14:45:00,3.880,51.60,0.000
2024-09-21T14:30:00,3.870,53.50,0.000
2024-09-21T14:15:00,3.870,66.20,0.500
2024-09-21T14:00:00,3.870,69.00,0.500
2024-09-21T13:45:00,3.860,64.70,4.000
2024-09-21T13:30:00,3.850,65.10,0.000
2024-09-21T13:15:00,3.850,47.90,0.000
2024-09-21T13:00:00,3.850,47.00,0.000
2024-09-21T12:45:00,3.850,45.10,0.000
2024-09-21T12:30:00,3.850,49.80,0.000
2024-09-21T12:15:00,3.840,43.90,0.000
2024-09-21T12:00:00,3.850,46.30,0.000
2024-09-21T11:45:00,3.850,51.30,0.000
2024-09-21T11:30:00,3.850,52.00,0.000
2024-09-21T11:15:00,3.850,48.40,0.000
2024-09-21T11:00:00,3.850,50.30,0.000
2024-09-21T10:45:00,3.850,47.40,0.000
2024-09-21T10:30:00,3.850,47.80,0.000
2024-09-21T10:15:00,3.850,45.10,0.000
2024-09-21T10:00:00,3.850,48.70,0.000
2024-09-21T09:45:00,3.860,46.70,0.000
2024-09-21T09:30:00,3.860,45.60,0.000
2024-09-21T09:15:00,3.860,53.30,0.000
2024-09-21T09:00:00,3.860,49.90,0.000
2024-09-21T08:45:00,3.870,52.80,0.000
2024-09-21T08:30:00,3.870,46.70,0.000
2024-09-21T08:15:00,3.870,49.70,0.000
2024-09-21T08:00:00,3.870,46.80,0.000
2024-09-21T07:45:00,3.870,43.50,0.000
2024-09-21T07:30:00,3.870,49.00,0.000
2024-09-21T07:15:00,3.870,46.00,0.000
2024-09-21T07:00:00,3.880,46.30,0.000
2024-09-21T06:45:00,3.870,47.40,0.000
2024-09-21T06:30:00,3.880,48.00,0.000
2024-09-21T06:15:00,3.880,53.50,0.000
2024-09-21T06:00:00,3.880,50.30,0.000
2024-09-21T05:45:00,3.870,50.80,0.000
2024-09-21T05:30:00,3.880,47.70,0.000
2024-09-21T05:15:00,3.880,50.30,0.000
2024-09-21T05:00:00,3.880,51.00,0.000
2024-09-21T04:45:00,3.880,51.60,0.000
2024-09-21T04:30:00,3.880,50.90,0.000
2024-09-21T04:15:00,3.870,49.50,0.000
2024-09-21T04:00:00,3.870,52.20,0.000
2024-09-21T03:45:00,3.870,51.80,0.000
2024-09-21T03:30:00,3.870,53.50,0.000
2024-09-21T03:15:00,3.870,50.40,0.000
2024-09-21T03:00:00,3.870,53.10,0.000
2024-09-21T02:45:00,3.860,53.90,0.000
2024-09-21T02:30:00,3.860,58.30,0.000
2024-09-21T02:15:00,3.860,53.80,0.000
2024-09-21T02:00:00,3.860,55.80,0.000
2024-09-21T01:45:00,3.850,56.00,0.000
2024-09-21T01:30:00,3.850,55.40,0.000
2024-09-21T01:15:00,3.850,51.60,0.000
2024-09-21T01:00:00,3.850,55.20,0.000
2024-09-21T00:45:00,3.840,54.70,0.000
2024-09-21T00:30:00,3.840,52.70,0.000
2024-09-21T00:15:00,3.840,58.20,0.000
2024-09-21T00:00:00,3.830,54.60,0.000
2024-10-04T23:45:00,4.040,46.90,0.000
2024-10-04T23:30:00,4.040,42.80,0.000
2024-10-04T23:15:00,4.040,44.40,0.000
2024-10-04T23:00:00,4.040,43.30,0.000
2024-10-04T22:45:00,4.040,50.00,0.000
2024-10-04T22:30:00,4.040,43.00,0.000
2024-10-04T22:15:00,4.040,47.20,0.000
2024-10-04T22:00:00,4.050,47.40,0.000
2024-10-04T21:45:00,4.050,42.50,0.000
2024-10-04T21:30:00,4.050,47.70,0.000
2024-10-04T21:15:00,4.050,46.80,0.000
2024-10-04T21:00:00,4.050,47.90,0.000
2024-10-04T20:45:00,4.050,47.50,0.000
2024-10-04T20:30:00,4.050,46.60,0.000
2024-10-04T20:15:00,4.050,45.10,0.000
2024-10-04T20:00:00,4.050,47.40,0.000
2024-10-04T19:45:00,4.050,43.90,0.000
2024-10-04T19:30:00,4.060,44.70,0.000
2024-10-04T19:15:00,4.050,46.70,0.500
2024-10-04T19:00:00,4.050,47.80,0.000
2024-10-04T18:45:00,4.060,43.80,0.000
2024-10-04T18:30:00,4.060,43.70,0.000
2024-10-04T18:15:00,4.060,77.60,0.000
2024-10-04T18:00:00,4.060,72.40,0.000
2024-10-04T17:45:00,4.060,70.40,0.000
2024-10-04T17:30:00,4.060,49.30,0.000
2024-10-04T17:15:00,4.060,46.40,0.000
2024-10-04T17:00:00,4.060,46.10,0.000
2024-10-04T16:45:00,4.060,42.50,0.000
2024-10-04T16:30:00,4.060,47.60,0.000
2024-10-04T16:15:00,4.060,48.10,0.000
2024-10-04T16:00:00,4.070,42.70,0.000
2024-10-04T15:45:00,4.070,51.00,0.000
2024-10-04T15:30:00,4.060,54.60,0.500
2024-10-04T15:15:00,4.060,72.80,4.500
2024-10-04T15:00:00,4.060,77.50,13.500
2024-10-04T14:45:00,4.050,69.40,0.000
2024-10-04T14:30:00,4.040,37.40,0.000
2024-10-04T14:15:00,4.050,40.60,0.000
2024-10-04T14:00:00,4.050,42.90,0.000
2024-10-04T13:45:00,4.050,42.00,0.000
2024-10-04T13:30:00,4.050,37.80,0.000
2024-10-04T13:15:00,4.050,42.50,0.000
2024-10-04T13:00:00,4.050,45.40,0.000
2024-10-04T12:45:00,4.060,45.70,0.000
2024-10-04T12:30:00,4.060,41.10,0.000
2024-10-04T12:15:00,4.060,45.70,0.000
2024-10-04T12:00:00,4.060,42.70,0.000
2024-10-04T11:45:00,4.070,44.00,0.000
2024-10-04T11:30:00,4.070,43.70,0.000
2024-10-04T11:15:00,4.070,47.60,0.000
2024-10-04T11:00:00,4.080,49.90,0.000
2024-10-04T10:45:00,4.080,71.00,0.000
2024-10-04T10:30:00,4.080,45.60,0.000
2024-10-04T10:15:00,4.080,41.40,0.000
2024-10-04T10:00:00,4.080,44.40,0.500
2024-10-04T09:45:00,4.080,45.60,0.000
2024-10-04T09:30:00,4.080,62.60,4.500
2024-10-04T09:15:00,4.070,67.90,6.000
2024-10-04T09:00:00,4.060,69.20,8.500
2024-10-04T08:45:00,4.050,76.80,4.500
2024-10-04T08:30:00,4.040,67.90,9.000
2024-10-04T08:15:00,4.030,0.00,5.000
2024-10-04T08:00:00,4.020,45.20,0.000
2024-10-04T07:45:00,4.020,39.70,0.000
2024-10-04T07:30:00,4.020,42.10,0.000
2024-10-04T07:15:00,4.020,45.00,0.000
2024-10-04T07:00:00,4.020,47.20,0.000
2024-10-04T06:45:00,4.020,50.70,0.000
2024-10-04T06:30:00,4.020,45.10,0.000
2024-10-04T06:15:00,4.020,51.20,0.000
2024-10-04T06:00:00,4.020,50.50,0.000
2024-10-04T05:45:00,4.020,49.10,0.000
2024-10-04T05:30:00,4.020,66.20,0.000
2024-10-04T05:15:00,4.020,74.70,0.000
2024-10-04T05:00:00,4.020,60.80,0.000
2024-10-04T04:45:00,4.020,51.30,0.000
2024-10-04T04:30:00,4.020,48.50,0.000
2024-10-04T04:15:00,4.020,49.80,0.000
2024-10-04T04:00:00,4.030,51.70,0.000
2024-10-04T03:45:00,4.030,51.30,0.000
2024-10-04T03:30:00,4.030,50.90,0.000
2024-10-04T03:15:00,4.030,50.40,0.000
2024-10-04T03:00:00,4.030,52.00,0.000
2024-10-04T02:45:00,4.040,51.10,0.000
2024-10-04T02:30:00,4.040,54.20,0.000
2024-10-04T02:15:00,4.040,58.60,0.000
2024-10-04T02:00:00,4.040,52.50,0.000
2024-10-04T01:45:00,4.050,49.00,0.000
2024-10-04T01:30:00,4.050,54.00,0.000
2024-10-04T01:15:00,4.050,50.70,0.000
2024-10-04T01:00:00,4.050,53.20,0.000
2024-10-04T00:45:00,4.050,49.00,0.000
2024-10-04T00:30:00,4.050,54.20,0.000
2024-10-04T00:15:00,4.050,55.40,0.000
2024-10-04T00:00:00,4.050,50.30,0.000
2024-10-03T23:45:00,4.060,51.70,0.000
2024-10-03T23:30:00,4.060,49.30,0.000
2024-10-03T23:15:00,4.060,53.90,0.000
2024-10-03T23:00:00,4.060,52.80,0.000
2024-10-03T22:45:00,4.070,51.80,0.000
2024-10-03T22:30:00,4.060,53.40,0.000
2024-10-03T22:15:00,4.070,49.90,0.000
2024-10-03T22:00:00,4.070,54.20,0.000
2024-10-03T21:45:00,4.070,55.50,0.000
2024-10-03T21:30:00,4.070,52.70,0.000
2024-10-03T21:15:00,4.070,52.00,0.000
2024-10-03T21:00:00,4.070,53.40,0.000
2024-10-03T20:45:00,4.080,56.00,0.000
2024-10-03T20:30:00,4.080,56.10,0.000
2024-10-03T20:15:00,4.080,53.30,0.000
2024-10-03T20:00:00,4.080,58.30,0.000
2024-10-03T19:45:00,4.080,50.10,0.000
2024-10-03T19:30:00,4.080,52.00,0.000
2024-10-03T19:15:00,4.080,53.90,0.000
2024-10-03T19:00:00,4.080,53.00,0.000
2024-10-03T18:45:00,4.080,53.60,0.000
2024-10-03T18:30:00,4.080,49.60,0.000
2024-10-03T18:15:00,4.090,51.00,0.000
2024-10-03T18:00:00,4.080,56.60,0.000
2024-10-03T17:45:00,4.090,55.10,0.000
2024-10-03T17:30:00,4.090,50.20,0.000
2024-10-03T17:15:00,4.090,48.70,0.000
2024-10-03T17:00:00,4.090,57.20,0.000
2024-10-03T16:45:00,4.090,53.30,0.000
2024-10-03T16:30:00,4.090,57.20,0.000
2024-10-03T16:15:00,4.090,53.70,0.000
2024-10-03T16:00:00,4.090,50.30,0.000
2024-10-03T15:45:00,4.090,59.00,0.000
2024-10-03T15:30:00,4.100,55.50,0.000
2024-10-03T15:15:00,4.100,53.10,0.000
2024-10-03T15:00:00,4.100,50.60,0.000
2024-10-03T14:45:00,4.100,52.50,0.000
2024-10-03T14:30:00,4.100,51.70,0.000
2024-10-03T14:15:00,4.100,53.30,0.000
2024-10-03T14:00:00,4.100,51.70,0.000
2024-10-03T13:45:00,4.100,52.50,0.000
2024-10-03T13:30:00,4.100,49.90,0.000
2024-10-03T13:15:00,4.110,50.40,0.000
2024-10-03T13:00:00,4.100,54.70,0.000
2024-10-03T12:45:00,4.100,51.70,0.000
2024-10-03T12:30:00,4.100,57.50,0.000
2024-10-03T12:15:00,4.110,55.00,0.000
2024-10-03T12:00:00,4.110,54.70,0.000
2024-10-03T11:45:00,4.110,57.10,0.000
2024-10-03T11:30:00,4.110,56.00,0.000
2024-10-03T11:15:00,4.110,58.10,0.000
2024-10-03T11:00:00,4.110,55.60,0.000
2024-10-03T10:45:00,4.110,56.90,0.000
2024-10-03T10:30:00,4.110,54.20,0.000
2024-10-03T10:15:00,4.110,59.80,0.000
2024-10-03T10:00:00,4.110,54.20,0.000
2024-10-03T09:45:00,4.110,60.20,0.000
2024-10-03T09:30:00,4.120,54.70,0.000
2024-10-03T09:15:00,4.110,55.20,0.000
2024-10-03T09:00:00,4.120,55.50,0.000
2024-10-03T08:45:00,4.110,56.00,0.000
2024-10-03T08:30:00,4.110,59.20,0.000
2024-10-03T08:15:00,4.110,54.50,0.000
2024-10-03T08:00:00,4.110,52.20,0.000
2024-10-03T07:45:00,4.110,52.60,0.000
2024-10-03T07:30:00,4.110,60.30,0.000
2024-10-03T07:15:00,4.110,57.30,0.000
2024-10-03T07:00:00,4.110,60.30,0.000
2024-10-03T06:45:00,4.100,56.40,0.000
2024-10-03T06:30:00,4.100,56.70,0.000
2024-10-03T06:15:00,4.100,60.80,0.000
2024-10-03T06:00:00,4.100,57.90,0.000
2024-10-03T05:45:00,4.100,60.40,0.000
2024-10-03T05:30:00,4.090,58.10,0.000
2024-10-03T05:15:00,4.090,58.30,0.000
2024-10-03T05:00:00,4.090,54.50,0.000
2024-10-03T04:45:00,4.090,57.90,0.000
2024-10-03T04:30:00,4.080,54.30,0.000
2024-10-03T04:15:00,4.080,56.00,0.000
2024-10-03T04:00:00,4.080,56.80,0.000
2024-10-03T03:45:00,4.080,56.90,0.000
2024-10-03T03:30:00,4.070,56.50,0.000
2024-10-03T03:15:00,4.070,56.00,0.000
2024-10-03T03:00:00,4.070,55.20,0.000
2024-10-03T02:45:00,4.070,58.20,0.000
2024-10-03T02:30:00,4.070,57.20,0.000
2024-10-03T02:15:00,4.060,55.00,0.000
2024-10-03T02:00:00,4.060,57.10,0.000
2024-10-03T01:45:00,4.050,56.80,0.000
2024-10-03T01:30:00,4.050,57.70,0.000
2024-10-03T01:15:00,4.050,59.30,0.000
2024-10-03T01:00:00,4.050,56.40,0.000
2024-10-03T00:45:00,4.050,56.00,0.000
2024-10-03T00:30:00,4.040,54.00,0.000
2024-10-03T00:15:00,4.040,55.10,0.000
2024-10-03T00:00:00,4.030,55.70,0.000
2024-10-02T23:45:00,4.030,52.60,0.000
2024-10-02T23:30:00,4.030,52.60,0.000
2024-10-02T23:15:00,4.030,53.00,0.000
2024-10-02T23:00:00,4.020,52.80,0.000
2024-10-02T22:45:00,4.020,53.70,0.000
2024-10-02T22:30:00,4.020,53.80,0.000
2024-10-02T22:15:00,4.010,51.90,0.000
2024-10-02T22:00:00,4.010,51.10,0.000
2024-10-02T21:45:00,4.010,51.20,0.000
2024-10-02T21:30:00,4.000,54.00,0.000
2024-10-02T21:15:00,4.000,56.20,0.000
2024-10-02T21:00:00,3.990,51.20,0.000
2024-10-02T20:45:00,3.990,53.30,0.000
2024-10-02T20:30:00,3.990,54.20,0.000
2024-10-02T20:15:00,3.990,48.70,0.000
2024-10-02T20:00:00,3.980,57.50,0.000
2024-10-02T19:45:00,3.980,63.90,0.000
2024-10-02T19:30:00,3.980,59.00,0.000
2024-10-02T19:15:00,3.980,72.70,0.500
2024-10-02T19:00:00,3.980,71.50,0.000
2024-10-02T18:45:00,3.970,74.10,0.500
2024-10-02T18:30:00,3.970,71.00,0.000
2024-10-02T18:15:00,3.970,77.20,0.500
2024-10-02T18:00:00,3.970,70.30,0.500
2024-10-02T17:45:00,3.960,73.80,0.500
2024-10-02T17:30:00,3.960,0.00,0.500
2024-10-02T17:15:00,3.950,72.90,1.000
2024-10-02T17:00:00,3.950,70.30,1.000
2024-10-02T16:45:00,3.940,73.20,7.000
2024-10-02T16:30:00,3.930,64.70,20.500
2024-10-02T16:15:00,3.900,0.00,6.000
2024-10-02T16:00:00,3.890,46.80,0.000
2024-10-02T15:45:00,3.900,46.10,0.000
2024-10-02T15:30:00,3.890,44.70,0.000
2024-10-02T15:15:00,3.890,45.80,0.000
2024-10-02T15:00:00,3.890,44.80,0.000
2024-10-02T14:45:00,3.890,44.60,0.000
2024-10-02T14:30:00,3.890,46.00,0.000
2024-10-02T14:15:00,3.890,44.10,0.000
2024-10-02T14:00:00,3.890,51.40,0.000
2024-10-02T13:45:00,3.890,45.60,0.000
2024-10-02T13:30:00,3.890,45.40,0.000
2024-10-02T13:15:00,3.890,45.40,0.000
2024-10-02T13:00:00,3.890,44.40,0.000
2024-10-02T12:45:00,3.890,47.50,0.000
2024-10-02T12:30:00,3.890,41.40,0.000
2024-10-02T12:15:00,3.890,42.30,0.000
2024-10-02T12:00:00,3.890,47.60,0.000
2024-10-02T11:45:00,3.890,47.40,0.000
2024-10-02T11:30:00,3.890,51.70,0.000
2024-10-02T11:15:00,3.890,47.90,0.000
2024-10-02T11:00:00,3.880,47.20,0.000
2024-10-02T10:45:00,3.880,46.60,0.000
2024-10-02T10:30:00,3.880,49.30,0.000
2024-10-02T10:15:00,3.880,47.70,0.000
2024-10-02T10:00:00,3.870,47.30,0.000
2024-10-02T09:45:00,3.870,47.70,0.000
2024-10-02T09:30:00,3.870,46.90,0.000
2024-10-02T09:15:00,3.870,48.60,0.000
2024-10-02T09:00:00,3.870,45.30,0.000
2024-10-02T08:45:00,3.860,43.70,0.000
2024-10-02T08:30:00,3.860,43.80,0.000
2024-10-02T08:15:00,3.840,50.20,0.000
2024-10-02T08:00:00,3.840,52.00,0.000
2024-10-02T07:45:00,3.840,54.00,0.000
2024-10-02T07:30:00,3.840,49.00,0.000
2024-10-02T07:15:00,3.840,50.60,0.000
2024-10-02T07:00:00,3.840,52.50,0.000
2024-10-02T06:45:00,3.840,51.20,0.000
2024-10-02T06:30:00,3.840,54.50,0.000
2024-10-02T06:15:00,3.830,52.30,0.000
2024-10-02T06:00:00,3.830,55.00,0.000
2024-10-02T05:45:00,3.830,52.00,0.000
2024-10-02T05:30:00,3.830,56.20,0.000
2024-10-02T05:15:00,3.830,55.80,0.000
2024-10-02T05:00:00,3.830,55.40,0.000
2024-10-02T04:45:00,3.830,53.40,0.000
2024-10-02T04:30:00,3.840,55.80,0.000
2024-10-02T04:15:00,3.840,49.80,0.000
2024-10-02T04:00:00,3.840,56.20,0.000
2024-10-02T03:45:00,3.840,56.10,0.000
2024-10-02T03:30:00,3.840,55.70,0.000
2024-10-02T03:15:00,3.840,52.90,0.000
2024-10-02T03:00:00,3.840,56.00,0.000
2024-10-02T02:45:00,3.840,54.00,0.000
2024-10-02T02:30:00,3.840,56.80,0.000
2024-10-02T02:15:00,3.850,58.10,0.000
2024-10-02T02:00:00,3.850,51.90,0.000
2024-10-02T01:45:00,3.850,53.70,0.000
2024-10-02T01:30:00,3.850,52.70,0.000
2024-10-02T01:15:00,3.850,55.50,0.000
2024-10-02T01:00:00,3.850,55.90,0.000
2024-10-02T00:45:00,3.860,55.30,0.000
2024-10-02T00:30:00,3.860,51.10,0.000
2024-10-02T00:15:00,3.860,55.50,0.000
2024-10-02T00:00:00,3.860,56.80,0.000
2024-10-01T23:45:00,3.860,55.90,0.000
2024-10-01T23:30:00,3.870,50.20,0.000
2024-10-01T23:15:00,3.870,55.30,0.000
2024-10-01T23:00:00,3.870,48.60,0.000
2024-10-01T22:45:00,3.870,53.10,0.000
2024-10-01T22:30:00,3.870,55.10,0.000
2024-10-01T22:15:00,3.870,51.20,0.000
2024-10-01T22:00:00,3.870,54.20,0.000
2024-10-01T21:45:00,3.880,54.00,0.000
2024-10-01T21:30:00,3.880,60.30,0.000
2024-10-01T21:15:00,3.880,47.00,0.000
2024-10-01T21:00:00,3.880,56.10,0.000
2024-10-01T20:45:00,3.880,69.00,0.500
2024-10-01T20:30:00,3.880,70.40,0.500
2024-10-01T20:15:00,3.880,70.20,0.500
2024-10-01T20:00:00,3.880,71.60,0.000
2024-10-01T19:45:00,3.880,78.30,1.000
2024-10-01T19:30:00,3.870,73.70,4.000
2024-10-01T19:15:00,3.860,68.60,4.000
2024-10-01T19:00:00,3.860,68.30,0.500
2024-10-01T18:45:00,3.860,59.50,0.000
2024-10-01T18:30:00,3.860,64.70,1.500
2024-10-01T18:15:00,3.850,68.90,1.000
2024-10-01T18:00:00,3.850,51.50,0.000
2024-10-01T17:45:00,3.850,51.30,0.000
2024-10-01T17:30:00,3.860,56.50,0.000
2024-10-01T17:15:00,3.860,56.60,0.000
2024-10-01T17:00:00,3.860,54.90,0.000
2024-10-01T16:45:00,3.860,58.80,0.000
2024-10-01T16:30:00,3.860,55.90,0.000
2024-10-01T16:15:00,3.860,54.90,0.000
2024-10-01T16:00:00,3.860,57.80,0.000
2024-10-01T15:45:00,3.860,62.40,0.000
2024-10-01T15:30:00,3.860,56.90,0.000
2024-10-01T15:15:00,3.860,57.10,0.000
2024-10-01T15:00:00,3.860,57.00,0.000
2024-10-01T14:45:00,3.860,54.80,0.000
2024-10-01T14:30:00,3.860,54.20,0.000
2024-10-01T14:15:00,3.860,50.40,0.000
2024-10-01T14:00:00,3.860,52.80,0.000
2024-10-01T13:45:00,3.860,51.10,0.000
2024-10-01T13:30:00,3.860,60.00,0.000
2024-10-01T13:15:00,3.860,53.30,0.000
2024-10-01T13:00:00,3.860,49.70,0.000
2024-10-01T12:45:00,3.860,50.90,0.000
2024-10-01T12:30:00,3.850,60.10,0.000
2024-10-01T12:15:00,3.860,54.30,0.000
2024-10-01T12:00:00,3.860,51.90,0.000
2024-10-01T11:45:00,3.860,50.30,0.000
2024-10-01T11:30:00,3.860,54.20,0.000
2024-10-01T11:15:00,3.860,60.70,0.000
2024-10-01T11:00:00,3.860,54.80,0.000
2024-10-01T10:45:00,3.860,58.60,0.000
2024-10-01T10:30:00,3.860,55.30,0.000
2024-10-01T10:15:00,3.850,48.40,0.000
2024-10-01T10:00:00,3.860,43.60,0.000
2024-10-01T09:45:00,3.850,59.00,0.000
2024-10-01T09:30:00,3.850,56.90,0.000
2024-10-01T09:15:00,3.840,61.30,0.000
2024-10-01T09:00:00,3.840,63.20,0.500
2024-10-01T08:45:00,3.840,58.60,0.000
2024-10-01T08:30:00,3.850,56.80,0.000
2024-10-01T08:15:00,3.850,59.20,0.000
2024-10-01T08:00:00,3.850,58.20,0.000
2024-10-01T07:45:00,3.860,62.20,0.000
2024-10-01T07:30:00,3.850,65.90,0.000
2024-10-01T07:15:00,3.860,60.30,0.000
2024-10-01T07:00:00,3.860,58.20,0.000
2024-10-01T06:45:00,3.860,57.80,0.000
2024-10-01T06:30:00,3.860,58.70,0.000
2024-10-01T06:15:00,3.860,61.30,0.000
2024-10-01T06:00:00,3.860,60.70,0.000
2024-10-01T05:45:00,3.860,64.20,0.000
2024-10-01T05:30:00,3.860,54.20,0.000
2024-10-01T05:15:00,3.870,57.50,0.000
2024-10-01T05:00:00,3.870,59.60,0.000
2024-10-01T04:45:00,3.870,60.00,0.000
2024-10-01T04:30:00,3.870,59.70,0.000
2024-10-01T04:15:00,3.880,55.80,0.000
2024-10-01T04:00:00,3.880,64.00,0.000
2024-10-01T03:45:00,3.880,61.70,0.000
2024-10-01T03:30:00,3.880,62.50,0.000
2024-10-01T03:15:00,3.880,69.80,0.000
2024-10-01T03:00:00,3.890,70.20,0.000
2024-10-01T02:45:00,3.890,70.30,0.000
2024-10-01T02:30:00,3.890,70.50,0.000
2024-10-01T02:15:00,3.890,73.80,0.500
2024-10-01T02:00:00,3.900,77.20,0.000
2024-10-01T01:45:00,3.900,74.10,0.500
2024-10-01T01:30:00,3.900,75.40,0.000
2024-10-01T01:15:00,3.910,73.30,0.500
2024-10-01T01:00:00,3.910,74.90,0.000
2024-10-01T00:45:00,3.920,81.90,1.500
2024-10-01T00:30:00,3.920,81.90,0.500
2024-10-01T00:15:00,3.920,80.00,0.000
2024-10-01T00:00:00,3.920,70.10,0.500
2024-09-30T23:45:00,3.930,74.80,0.000
2024-09-30T23:30:00,3.930,68.10,0.000
2024-09-30T23:15:00,3.940,71.40,0.000
2024-09-30T23:00:00,3.940,81.00,1.000
2024-09-30T22:45:00,3.940,83.80,2.000
2024-09-30T22:30:00,3.940,83.00,6.500
2024-09-30T22:15:00,3.930,77.10,4.500
2024-09-30T22:00:00,3.930,87.90,8.500
2024-09-30T21:45:00,3.920,81.20,11.000
2024-09-30T21:30:00,3.920,76.00,6.500
2024-09-30T21:15:00,3.930,69.60,0.000
2024-09-30T21:00:00,3.930,70.80,0.000
2024-09-30T20:45:00,3.940,67.70,0.000
2024-09-30T20:30:00,3.950,70.10,0.000
2024-09-30T20:15:00,3.970,67.80,0.000
2024-09-30T20:00:00,3.980,76.80,0.000
2024-09-30T19:45:00,3.990,73.90,0.000
2024-09-30T19:30:00,4.010,73.30,0.000
2024-09-30T19:15:00,4.020,74.00,0.000
2024-09-30T19:00:00,4.020,76.30,0.000
2024-09-30T18:45:00,4.040,80.40,0.000
2024-09-30T18:30:00,4.050,79.80,0.000
2024-09-30T18:15:00,4.050,80.80,0.000
2024-09-30T18:00:00,4.060,83.30,0.000
2024-09-30T17:45:00,4.070,84.50,0.000
2024-09-30T17:30:00,4.070,84.30,0.000
2024-09-30T17:15:00,4.080,84.90,0.000
2024-09-30T17:00:00,4.080,84.30,0.000
2024-09-30T16:45:00,4.090,84.20,0.000
2024-09-30T16:30:00,4.100,80.90,0.000
2024-09-30T16:15:00,4.110,86.60,0.000
2024-09-30T16:00:00,4.110,83.50,0.000
2024-09-30T15:45:00,4.120,87.30,0.000
2024-09-30T15:30:00,4.130,84.40,0.000
2024-09-30T15:15:00,4.140,90.30,0.000
2024-09-30T15:00:00,4.140,87.00,0.000
2024-09-30T14:45:00,4.150,86.50,0.000
2024-09-30T14:30:00,4.170,84.10,0.000
2024-09-30T14:15:00,4.170,92.70,0.000
2024-09-30T14:00:00,4.180,87.80,0.000
2024-09-30T13:45:00,4.190,94.10,0.000
2024-09-30T13:30:00,4.200,87.80,0.000
2024-09-30T13:15:00,4.200,87.90,0.000
2024-09-30T13:00:00,4.210,99.90,0.000
2024-09-30T12:45:00,4.220,92.90,0.000
2024-09-30T12:30:00,4.220,98.30,0.000
2024-09-30T12:15:00,4.230,101.40,0.000
2024-09-30T12:00:00,4.230,98.50,0.000
2024-09-30T11:45:00,4.240,100.80,0.000
2024-09-30T11:30:00,4.230,101.70,0.000
2024-09-30T11:15:00,4.240,98.40,0.000
2024-09-30T11:00:00,4.240,98.00,0.000
2024-09-30T10:45:00,4.240,90.40,0.000
2024-09-30T10:30:00,4.240,98.80,0.000
2024-09-30T10:15:00,4.240,108.40,0.000
2024-09-30T10:00:00,4.250,99.80,0.000
2024-09-30T09:45:00,4.250,102.30,0.000
2024-09-30T09:30:00,4.250,97.00,0.000
2024-09-30T09:15:00,4.250,101.40,0.000
2024-09-30T09:00:00,4.250,108.60,0.000
2024-09-30T08:45:00,4.260,101.20,0.000
2024-09-30T08:30:00,4.260,104.90,0.000
2024-09-30T08:15:00,4.260,105.70,0.000
2024-09-30T08:00:00,4.260,108.00,0.000
2024-09-30T07:45:00,4.260,107.20,0.000
2024-09-30T07:30:00,4.260,107.90,0.000
2024-09-30T07:15:00,4.260,111.30,0.500
2024-09-30T07:00:00,4.260,125.20,0.500
2024-09-30T06:45:00,4.270,109.60,0.000
2024-09-30T06:30:00,4.270,106.00,0.000
2024-09-30T06:15:00,4.270,105.40,0.000
2024-09-30T06:00:00,4.270,103.50,0.000
2024-09-30T05:45:00,4.270,115.00,0.000
2024-09-30T05:30:00,4.270,112.90,0.000
2024-09-30T05:15:00,4.270,107.90,0.000
2024-09-30T05:00:00,4.270,112.60,0.000
2024-09-30T04:45:00,4.270,120.30,4.000
2024-09-30T04:30:00,4.280,103.30,0.000
2024-09-30T04:15:00,4.280,103.70,0.000
2024-09-30T04:00:00,4.270,110.00,0.000
2024-09-30T03:45:00,4.280,111.00,0.000
2024-09-30T03:30:00,4.280,110.40,0.000
2024-09-30T03:15:00,4.280,109.30,0.000
2024-09-30T03:00:00,4.280,104.80,0.000
2024-09-30T02:45:00,4.280,104.90,0.000
2024-09-30T02:30:00,4.290,108.00,0.000
2024-09-30T02:15:00,4.290,110.30,0.000
2024-09-30T02:00:00,4.290,108.90,0.000
2024-09-30T01:45:00,4.290,101.70,0.000
2024-09-30T01:30:00,4.290,117.30,0.000
2024-09-30T01:15:00,4.290,109.50,0.000
2024-09-30T01:00:00,4.290,107.30,0.000
2024-09-30T00:45:00,4.300,106.80,0.000
2024-09-30T00:30:00,4.300,108.90,0.000
2024-09-30T00:15:00,4.300,112.70,0.000
2024-09-30T00:00:00,4.300,109.70,0.000
2024-09-29T23:45:00,4.300,108.90,0.000
2024-09-29T23:30:00,4.300,111.60,0.000
2024-09-29T23:15:00,4.300,109.90,0.000
2024-09-29T23:00:00,4.310,110.40,0.000
2024-09-29T22:45:00,4.310,112.90,0.000
2024-09-29T22:30:00,4.310,105.50,0.000
2024-09-29T22:15:00,4.310,111.30,0.000
2024-09-29T22:00:00,4.310,115.00,0.000
2024-09-29T21:45:00,4.310,112.20,0.000
2024-09-29T21:30:00,4.310,105.50,0.000
2024-09-29T21:15:00,4.310,116.90,0.000
2024-09-29T21:00:00,4.320,109.20,0.000
2024-09-29T20:45:00,4.320,106.00,0.000
2024-09-29T20:30:00,4.320,112.10,0.000
2024-09-29T20:15:00,4.320,115.70,0.000
2024-09-29T20:00:00,4.320,107.30,0.000
2024-09-29T19:45:00,4.320,109.30,0.000
2024-09-29T19:30:00,4.320,108.70,0.000
2024-09-29T19:15:00,4.320,105.30,0.000
2024-09-29T19:00:00,4.320,105.30,0.000
2024-09-29T18:45:00,4.320,110.10,0.000
2024-09-29T18:30:00,4.320,110.00,0.000
2024-09-29T18:15:00,4.320,109.20,0.000
2024-09-29T18:00:00,4.320,115.00,0.000
2024-09-29T17:45:00,4.320,111.00,0.000
2024-09-29T17:30:00,4.320,104.40,0.000
2024-09-29T17:15:00,4.330,116.80,0.000
2024-09-29T17:00:00,4.330,111.80,0.000
2024-09-29T16:45:00,4.330,115.40,0.000
2024-09-29T16:30:00,4.330,112.20,0.000
2024-09-29T16:15:00,4.330,107.30,0.000
2024-09-29T16:00:00,4.340,104.30,0.000
2024-09-29T15:45:00,4.340,116.40,0.000
2024-09-29T15:30:00,4.340,104.20,0.000
2024-09-29T15:15:00,4.350,119.20,0.000
2024-09-29T15:00:00,4.350,112.10,0.000
2024-09-29T14:45:00,4.350,116.10,0.000
2024-09-29T14:30:00,4.350,111.30,0.000
2024-09-29T14:15:00,4.350,109.80,0.000
2024-09-29T14:00:00,4.360,119.70,0.000
2024-09-29T13:45:00,4.360,118.20,0.000
2024-09-29T13:30:00,4.360,119.80,0.000
2024-09-29T13:15:00,4.370,108.80,0.000
2024-09-29T13:00:00,4.370,116.80,0.000
2024-09-29T12:45:00,4.370,118.50,0.000
2024-09-29T12:30:00,4.370,117.50,0.000
2024-09-29T12:15:00,4.380,116.30,0.000
2024-09-29T12:00:00,4.380,105.80,0.000
2024-09-29T11:45:00,4.380,107.70,0.000
2024-09-29T11:30:00,4.380,120.60,0.000
2024-09-29T11:15:00,4.380,107.50,0.000
2024-09-29T11:00:00,4.390,121.00,0.000
2024-09-29T10:45:00,4.390,105.90,0.000
2024-09-29T10:30:00,4.390,118.50,0.000
2024-09-29T10:15:00,4.390,114.60,0.000
2024-09-29T10:00:00,4.400,119.30,0.000
2024-09-29T09:45:00,4.390,118.90,0.000
2024-09-29T09:30:00,4.400,116.00,0.000
2024-09-29T09:15:00,4.400,118.00,0.000
2024-09-29T09:00:00,4.410,120.20,0.000
2024-09-29T08:45:00,4.410,120.20,0.000
2024-09-29T08:30:00,4.410,118.30,0.000
2024-09-29T08:15:00,4.410,119.90,0.000
2024-09-29T08:00:00,4.420,117.90,0.000
2024-09-29T07:45:00,4.420,127.30,0.000
2024-09-29T07:30:00,4.420,130.10,0.000
2024-09-29T07:15:00,4.420,122.40,0.000
2024-09-29T07:00:00,4.420,124.60,0.000
2024-09-29T06:45:00,4.420,126.70,0.000
2024-09-29T06:30:00,4.430,128.50,0.000
2024-09-29T06:15:00,4.420,126.40,0.000
2024-09-29T06:00:00,4.430,125.00,0.000
2024-09-29T05:45:00,4.430,135.70,0.000
2024-09-29T05:30:00,4.440,133.20,0.000
2024-09-29T05:15:00,4.440,126.70,0.000
2024-09-29T05:00:00,4.440,122.20,0.000
2024-09-29T04:45:00,4.440,129.50,0.000
2024-09-29T04:30:00,4.440,125.70,0.000
2024-09-29T04:15:00,4.440,126.80,0.000
2024-09-29T04:00:00,4.440,128.30,0.000
2024-09-29T03:45:00,4.440,129.50,0.000
2024-09-29T03:30:00,4.450,132.10,0.000
2024-09-29T03:15:00,4.450,129.10,0.000
2024-09-29T03:00:00,4.450,130.30,0.000
2024-09-29T02:45:00,4.450,129.70,0.000
2024-09-29T02:30:00,4.450,133.50,0.000
2024-09-29T02:15:00,4.460,127.40,0.000
2024-09-29T02:00:00,4.460,123.10,0.000
2024-09-29T01:45:00,4.460,133.10,0.000
2024-09-29T01:30:00,4.460,133.70,0.000
2024-09-29T01:15:00,4.460,133.10,0.000
2024-09-29T01:00:00,4.460,130.20,0.000
2024-09-29T00:45:00,4.460,139.10,0.000
2024-09-29T00:30:00,4.460,128.70,0.000
2024-09-29T00:15:00,4.460,140.60,0.000
2024-09-29T00:00:00,4.470,132.40,0.000
2024-09-28T23:45:00,4.470,136.90,0.000
2024-09-28T23:30:00,4.460,128.10,0.000
2024-09-28T23:15:00,4.460,136.30,0.000
2024-09-28T23:00:00,4.470,130.00,0.000
2024-09-28T22:45:00,4.470,135.30,0.000
2024-09-28T22:30:00,4.470,130.50,0.000
2024-09-28T22:15:00,4.470,132.00,0.000
2024-09-28T22:00:00,4.470,131.80,0.000
2024-09-28T21:45:00,4.470,128.50,0.000
2024-09-28T21:30:00,4.470,133.30,0.000
2024-09-28T21:15:00,4.480,136.70,0.000
2024-09-28T21:00:00,4.480,131.20,0.000
2024-09-28T20:45:00,4.480,133.00,0.000
2024-09-28T20:30:00,4.480,129.90,0.000
2024-09-28T20:15:00,4.480,131.00,0.000
2024-09-28T20:00:00,4.480,138.30,0.000
2024-09-28T19:45:00,4.480,138.10,0.000
2024-09-28T19:30:00,4.490,130.00,0.000
2024-09-28T19:15:00,4.490,120.90,0.000
2024-09-28T19:00:00,4.490,138.00,0.000
2024-09-28T18:45:00,4.490,118.50,0.000
2024-09-28T18:30:00,4.490,133.60,0.000
2024-09-28T18:15:00,4.490,127.30,0.000
2024-09-28T18:00:00,4.500,133.90,0.000
2024-09-28T17:45:00,4.490,127.80,0.000
2024-09-28T17:30:00,4.500,129.00,0.000
2024-09-28T17:15:00,4.490,126.40,0.000
2024-09-28T17:00:00,4.500,143.40,0.000
2024-09-28T16:45:00,4.500,129.10,0.000
2024-09-28T16:30:00,4.500,137.90,0.000
2024-09-28T16:15:00,4.510,134.60,0.000
2024-09-28T16:00:00,4.510,143.80,0.000
2024-09-28T15:45:00,4.520,135.40,0.000
2024-09-28T15:30:00,4.520,140.90,0.000
2024-09-28T15:15:00,4.520,144.30,0.000
2024-09-28T15:00:00,4.530,137.60,0.000
2024-09-28T14:45:00,4.530,140.30,0.000
2024-09-28T14:30:00,4.540,143.60,0.000
2024-09-28T14:15:00,4.540,148.00,0.000
2024-09-28T14:00:00,4.550,145.30,0.000
2024-09-28T13:45:00,4.550,145.40,0.000
2024-09-28T13:30:00,4.560,148.90,0.000
2024-09-28T13:15:00,4.560,139.90,0.000
2024-09-28T13:00:00,4.570,144.40,0.000
2024-09-28T12:45:00,4.570,134.10,0.000
2024-09-28T12:30:00,4.580,135.20,0.000
2024-09-28T12:15:00,4.590,131.50,0.000
2024-09-28T12:00:00,4.590,138.30,0.000
2024-09-28T11:45:00,4.600,123.10,0.000
2024-09-28T11:30:00,4.600,130.00,0.000
2024-09-28T11:15:00,4.610,131.20,0.000
2024-09-28T11:00:00,4.620,138.10,0.000
2024-09-28T10:45:00,4.620,129.20,0.000
2024-09-28T10:30:00,4.640,135.20,0.000
2024-09-28T10:15:00,4.640,147.10,0.000
2024-09-28T10:00:00,4.650,136.60,0.000
2024-09-28T09:45:00,4.670,136.10,0.000
2024-09-28T09:30:00,4.670,130.20,0.000
2024-09-28T09:15:00,4.680,147.30,0.000
2024-09-28T09:00:00,4.680,145.30,0.000
2024-09-28T08:45:00,4.680,143.50,0.000
2024-09-28T08:30:00,4.690,146.70,0.000
2024-09-28T08:15:00,4.690,147.30,0.000
2024-09-28T08:00:00,4.690,147.00,0.000
2024-09-28T07:45:00,4.700,146.70,0.000
2024-09-28T07:30:00,4.700,147.30,0.000
2024-09-28T07:15:00,4.710,144.50,0.000
2024-09-28T07:00:00,4.700,147.20,0.000
2024-09-28T06:45:00,4.710,149.10,0.000
2024-09-28T06:30:00,4.710,157.40,0.000
2024-09-28T06:15:00,4.710,141.00,0.000
2024-09-28T06:00:00,4.710,152.40,0.000
2024-09-28T05:45:00,4.710,149.20,0.000
2024-09-28T05:30:00,4.720,147.40,0.000
2024-09-28T05:15:00,4.720,145.50,0.000
2024-09-28T05:00:00,4.720,151.40,0.000
2024-09-28T04:45:00,4.720,149.60,0.000
2024-09-28T04:30:00,4.720,147.00,0.000
2024-09-28T04:15:00,4.720,153.60,0.000
2024-09-28T04:00:00,4.720,148.30,0.000
2024-09-28T03:45:00,4.720,146.90,0.000
2024-09-28T03:30:00,4.720,149.10,0.000
2024-09-28T03:15:00,4.720,144.80,0.000
2024-09-28T03:00:00,4.720,148.60,0.000
2024-09-28T02:45:00,4.720,154.10,0.000
2024-09-28T02:30:00,4.720,140.00,0.000
2024-09-28T02:15:00,4.720,151.70,0.000
2024-09-28T02:00:00,4.720,150.90,0.000
2024-09-28T01:45:00,4.720,152.50,0.000
2024-09-28T01:30:00,4.720,158.80,0.000
2024-09-28T01:15:00,4.720,152.40,0.000
2024-09-28T01:00:00,4.720,156.30,0.000
2024-09-28T00:45:00,4.710,157.60,0.000
2024-09-28T00:30:00,4.710,156.70,0.000
2024-09-28T00:15:00,4.710,154.00,0.000
2024-09-28T00:00:00,4.700,157.10,0.000
