datetime,level_msl_m,q_cms,rain_mm
2021-06-07T23:45:00,4.355,-,0.000
2021-06-07T23:30:00,4.358,-,0.000
2021-06-07T23:15:00,4.360,-,0.000
2021-06-07T23:00:00,4.363,-,0.000
2021-06-07T22:45:00,4.365,-,0.000
2021-06-07T22:30:00,4.367,-,0.000
2021-06-07T22:15:00,4.369,-,0.000
2021-06-07T22:00:00,4.371,-,0.000
2021-06-07T21:45:00,4.374,-,0.000
2021-06-07T21:30:00,4.376,-,0.000
2021-06-07T21:15:00,4.378,-,0.000
2021-06-07T21:00:00,4.380,-,0.000
2021-06-07T20:45:00,4.382,-,0.000
2021-06-07T20:30:00,4.383,-,0.000
2021-06-07T20:15:00,4.385,-,0.000
2021-06-07T20:00:00,4.387,-,0.000
2021-06-07T19:45:00,4.389,-,0.000
2021-06-07T19:30:00,4.391,-,0.000
2021-06-07T19:15:00,4.393,-,0.000
2021-06-07T19:00:00,4.394,-,0.000
2021-06-07T18:45:00,4.396,-,0.000
2021-06-07T18:30:00,4.399,-,0.000
2021-06-07T18:15:00,4.400,-,0.000
2021-06-07T18:00:00,4.402,-,0.000
2021-06-07T17:45:00,4.405,-,0.000
2021-06-07T17:30:00,4.407,-,0.000
2021-06-07T17:15:00,4.408,-,0.000
2021-06-07T17:00:00,4.409,-,0.000
2021-06-07T16:45:00,4.412,-,0.000
2021-06-07T16:30:00,4.413,-,0.000
2021-06-07T16:15:00,4.415,-,0.000
2021-06-07T16:00:00,4.416,-,0.000
2021-06-07T15:45:00,4.416,-,0.000
2021-06-07T15:30:00,4.418,-,0.000
2021-06-07T15:15:00,4.419,-,0.000
2021-06-07T15:00:00,4.420,-,0.000
2021-06-07T14:45:00,4.420,-,0.500
2021-06-07T14:30:00,4.419,-,0.000
2021-06-07T14:15:00,4.417,-,0.000
2021-06-07T14:00:00,4.414,-,1.000
2021-06-07T13:45:00,4.412,-,0.500
2021-06-07T13:30:00,4.408,-,0.000
2021-06-07T13:15:00,4.404,-,0.000
2021-06-07T13:00:00,4.403,-,0.000
2021-06-07T12:45:00,4.399,-,0.000
2021-06-07T12:30:00,4.395,-,0.000
2021-06-07T12:15:00,4.390,-,0.000
2021-06-07T12:00:00,4.385,-,0.000
2021-06-07T11:45:00,4.381,-,0.500
2021-06-07T11:30:00,4.378,-,0.000
2021-06-07T11:15:00,4.373,-,0.000
2021-06-07T11:00:00,4.369,-,0.000
2021-06-07T10:45:00,4.366,-,0.000
2021-06-07T10:30:00,4.363,-,0.000
2021-06-07T10:15:00,4.359,-,0.000
2021-06-07T10:00:00,4.357,-,0.000
2021-06-07T09:45:00,4.351,-,0.000
2021-06-07T09:30:00,4.349,-,0.000
2021-06-07T09:15:00,4.344,-,0.000
2021-06-07T09:00:00,4.342,-,0.000
2021-06-07T08:45:00,4.336,-,0.000
2021-06-07T08:30:00,4.333,-,0.000
2021-06-07T08:15:00,4.329,-,0.000
2021-06-07T08:00:00,4.325,-,0.000
2021-06-07T07:45:00,4.321,-,0.000
2021-06-07T07:30:00,4.317,-,0.000
2021-06-07T07:15:00,4.313,-,0.000
2021-06-07T07:00:00,4.309,-,0.000
2021-06-07T06:45:00,4.305,-,0.000
2021-06-07T06:30:00,4.302,-,0.000
2021-06-07T06:15:00,4.299,-,0.000
2021-06-07T06:00:00,4.295,-,0.000
2021-06-07T05:45:00,4.288,-,0.000
2021-06-07T05:30:00,4.284,-,0.000
2021-06-07T05:15:00,4.281,-,0.000
2021-06-07T05:00:00,4.278,-,0.000
2021-06-07T04:45:00,4.275,-,0.000
2021-06-07T04:30:00,4.272,-,0.000
2021-06-07T04:15:00,4.269,-,0.000
2021-06-07T04:00:00,4.266,-,0.000
2021-06-07T03:45:00,4.263,-,0.000
2021-06-07T03:30:00,4.261,-,0.000
2021-06-07T03:15:00,4.258,-,0.000
2021-06-07T03:00:00,4.255,-,0.000
2021-06-07T02:45:00,4.252,-,0.000
2021-06-07T02:30:00,4.249,-,0.000
2021-06-07T02:15:00,4.246,-,0.000
2021-06-07T02:00:00,4.244,-,0.000
2021-06-07T01:45:00,4.241,-,0.000
2021-06-07T01:30:00,4.238,-,0.000
2021-06-07T01:15:00,4.235,-,0.000
2021-06-07T01:00:00,4.232,-,0.000
2021-06-07T00:45:00,4.229,-,0.000
2021-06-07T00:30:00,4.227,-,0.000
2021-06-07T00:15:00,4.225,-,0.000
2021-06-07T00:00:00,4.223,-,0.000
2021-06-06T23:45:00,4.219,-,0.000
2021-06-06T23:30:00,4.218,-,0.000
2021-06-06T23:15:00,4.216,-,0.000
2021-06-06T23:00:00,4.214,-,0.000
2021-06-06T22:45:00,4.213,-,0.000
2021-06-06T22:30:00,4.213,-,0.000
2021-06-06T22:15:00,4.213,-,0.000
2021-06-06T22:00:00,4.212,-,0.000
2021-06-06T21:45:00,4.212,-,0.000
2021-06-06T21:30:00,4.212,-,0.000
2021-06-06T21:15:00,4.213,-,0.000
2021-06-06T21:00:00,4.214,-,0.000
2021-06-06T20:45:00,4.214,-,0.000
2021-06-06T20:30:00,4.218,-,0.000
2021-06-06T20:15:00,4.226,-,0.000
2021-06-06T20:00:00,4.232,-,0.000
2021-06-06T19:45:00,4.237,-,0.000
2021-06-06T19:30:00,4.244,-,0.000
2021-06-06T19:15:00,4.251,-,0.000
2021-06-06T19:00:00,4.255,-,0.000
2021-06-06T18:45:00,4.263,-,0.000
2021-06-06T18:30:00,4.268,-,0.000
2021-06-06T18:15:00,4.273,-,0.000
2021-06-06T18:00:00,4.280,-,0.000
2021-06-06T17:45:00,4.286,-,0.000
2021-06-06T17:30:00,4.294,-,0.000
2021-06-06T17:15:00,4.299,-,0.000
2021-06-06T17:00:00,4.306,-,0.000
2021-06-06T16:45:00,4.312,-,0.000
2021-06-06T16:30:00,4.315,-,0.000
2021-06-06T16:15:00,4.322,-,0.000
2021-06-06T16:00:00,4.331,-,0.000
2021-06-06T15:45:00,4.334,-,0.000
2021-06-06T15:30:00,4.347,-,0.000
2021-06-06T15:15:00,4.350,-,0.000
2021-06-06T15:00:00,4.350,-,0.000
2021-06-06T14:45:00,4.355,-,0.000
2021-06-06T14:30:00,4.356,-,0.000
2021-06-06T14:15:00,4.360,-,0.000
2021-06-06T14:00:00,4.362,-,0.000
2021-06-06T13:45:00,4.365,-,0.000
2021-06-06T13:30:00,4.366,-,0.000
2021-06-06T13:15:00,4.368,-,0.000
2021-06-06T13:00:00,4.369,-,0.000
2021-06-06T12:45:00,4.368,-,0.000
2021-06-06T12:30:00,4.370,-,0.000
2021-06-06T12:15:00,4.373,-,0.000
2021-06-06T12:00:00,4.373,-,0.000
2021-06-06T11:45:00,4.374,-,0.000
2021-06-06T11:30:00,4.374,-,0.000
2021-06-06T11:15:00,4.371,-,0.000
2021-06-06T11:00:00,4.367,-,0.000
2021-06-06T10:45:00,4.366,-,0.000
2021-06-06T10:30:00,4.360,-,0.000
2021-06-06T10:15:00,4.355,-,0.000
2021-06-06T10:00:00,4.351,-,0.000
2021-06-06T09:45:00,4.346,-,0.000
2021-06-06T09:30:00,4.343,-,0.000
2021-06-06T09:15:00,4.337,-,0.000
2021-06-06T09:00:00,4.330,-,0.000
2021-06-06T08:45:00,4.324,-,0.000
2021-06-06T08:30:00,4.319,-,0.000
2021-06-06T08:15:00,4.312,-,0.000
2021-06-06T08:00:00,4.306,-,0.000
2021-06-06T07:45:00,4.301,-,0.000
2021-06-06T07:30:00,4.296,-,0.000
2021-06-06T07:15:00,4.290,-,0.000
2021-06-06T07:00:00,4.284,-,0.000
2021-06-06T06:45:00,4.279,-,0.000
2021-06-06T06:30:00,4.273,-,0.000
2021-06-06T06:15:00,4.267,-,0.000
2021-06-06T06:00:00,4.261,-,0.000
2021-06-06T05:45:00,4.256,-,0.000
2021-06-06T05:30:00,4.250,-,0.000
2021-06-06T05:15:00,4.243,-,0.000
2021-06-06T05:00:00,4.238,-,0.000
2021-06-06T04:45:00,4.232,-,0.000
2021-06-06T04:30:00,4.226,-,0.000
2021-06-06T04:15:00,4.220,-,0.000
2021-06-06T04:00:00,4.214,-,0.000
2021-06-06T03:45:00,4.208,-,0.000
2021-06-06T03:30:00,4.202,-,0.000
2021-06-06T03:15:00,4.196,-,0.000
2021-06-06T03:00:00,4.190,-,0.000
2021-06-06T02:45:00,4.183,-,0.000
2021-06-06T02:30:00,4.177,-,0.000
2021-06-06T02:15:00,4.172,-,0.000
2021-06-06T02:00:00,4.167,-,0.000
2021-06-06T01:45:00,4.161,-,0.000
2021-06-06T01:30:00,4.155,-,0.000
2021-06-06T01:15:00,4.149,-,0.000
2021-06-06T01:00:00,4.143,-,0.000
2021-06-06T00:45:00,4.137,-,0.000
2021-06-06T00:30:00,4.131,-,0.000
2021-06-06T00:15:00,4.124,-,0.000
2021-06-06T00:00:00,4.119,-,0.000
2021-06-05T23:45:00,4.112,-,0.000
2021-06-05T23:30:00,4.106,-,0.000
2021-06-05T23:15:00,4.100,-,0.000
2021-06-05T23:00:00,4.094,-,0.000
2021-06-05T22:45:00,4.088,-,0.000
2021-06-05T22:30:00,4.082,-,0.000
2021-06-05T22:15:00,4.075,-,0.000
2021-06-05T22:00:00,4.069,-,0.000
2021-06-05T21:45:00,4.063,-,0.000
2021-06-05T21:30:00,4.057,-,0.000
2021-06-05T21:15:00,4.051,-,0.000
2021-06-05T21:00:00,4.045,-,0.000
2021-06-05T20:45:00,4.040,-,0.000
2021-06-05T20:30:00,4.035,-,0.000
2021-06-05T20:15:00,4.029,-,0.000
2021-06-05T20:00:00,4.023,-,0.000
2021-06-05T19:45:00,4.018,-,0.000
2021-06-05T19:30:00,4.013,-,0.000
2021-06-05T19:15:00,4.009,-,0.000
2021-06-05T19:00:00,4.005,-,0.000
2021-06-05T18:45:00,4.000,-,0.000
2021-06-05T18:30:00,3.996,-,0.000
2021-06-05T18:15:00,3.992,-,0.000
2021-06-05T18:00:00,3.990,-,0.000
2021-06-05T17:45:00,3.988,-,0.000
2021-06-05T17:30:00,3.988,-,0.000
2021-06-05T17:15:00,3.988,-,0.000
2021-06-05T17:00:00,3.990,-,0.000
2021-06-05T16:45:00,3.993,-,0.000
2021-06-05T16:30:00,3.993,-,0.000
2021-06-05T16:15:00,3.997,-,0.000
2021-06-05T16:00:00,4.001,-,0.000
2021-06-05T15:45:00,4.003,-,0.000
2021-06-05T15:30:00,4.007,-,0.000
2021-06-05T15:15:00,4.008,-,0.000
2021-06-05T15:00:00,4.011,-,0.000
2021-06-05T14:45:00,4.014,-,0.000
2021-06-05T14:30:00,4.015,-,0.000
2021-06-05T14:15:00,4.017,-,0.000
2021-06-05T14:00:00,4.020,-,0.000
2021-06-05T13:45:00,4.020,-,0.000
2021-06-05T13:30:00,4.022,-,0.000
2021-06-05T13:15:00,4.022,-,0.000
2021-06-05T13:00:00,4.023,-,0.000
2021-06-05T12:45:00,4.024,-,0.000
2021-06-05T12:30:00,4.024,-,0.000
2021-06-05T12:15:00,4.026,-,0.000
2021-06-05T12:00:00,4.024,-,0.000
2021-06-05T11:45:00,4.023,-,0.000
2021-06-05T11:30:00,4.022,-,0.000
2021-06-05T11:15:00,4.020,-,0.000
2021-06-05T11:00:00,4.018,-,0.000
2021-06-05T10:45:00,4.017,-,0.000
2021-06-05T10:30:00,4.011,-,0.000
2021-06-05T10:15:00,4.005,-,0.000
2021-06-05T10:00:00,3.999,-,0.000
2021-06-05T09:45:00,3.991,-,0.000
2021-06-05T09:30:00,3.982,-,0.000
2021-06-05T09:15:00,3.973,-,0.000
2021-06-05T09:00:00,3.966,-,0.000
2021-06-05T08:45:00,3.958,-,0.000
2021-06-05T08:30:00,3.949,-,0.000
2021-06-05T08:15:00,3.941,-,0.000
2021-06-05T08:00:00,3.932,-,0.000
2021-06-05T07:45:00,3.923,-,0.000
2021-06-05T07:30:00,3.915,-,0.000
2021-06-05T07:15:00,3.907,-,0.000
2021-06-05T07:00:00,3.897,-,0.000
2021-06-05T06:45:00,3.890,-,0.000
2021-06-05T06:30:00,3.881,-,0.000
2021-06-05T06:15:00,3.873,-,0.000
2021-06-05T06:00:00,3.864,-,0.000
2021-06-05T05:45:00,3.856,-,0.000
2021-06-05T05:30:00,3.846,-,0.000
2021-06-05T05:15:00,3.836,-,0.000
2021-06-05T05:00:00,3.829,-,0.000
2021-06-05T04:45:00,3.821,-,0.000
2021-06-05T04:30:00,3.812,-,0.000
2021-06-05T04:15:00,3.804,-,0.000
2021-06-05T04:00:00,3.796,-,0.000
2021-06-05T03:45:00,3.788,-,0.000
2021-06-05T03:30:00,3.778,-,0.000
2021-06-05T03:15:00,3.770,-,0.000
2021-06-05T03:00:00,3.761,-,0.000
2021-06-05T02:45:00,3.753,-,0.000
2021-06-05T02:30:00,3.744,-,0.000
2021-06-05T02:15:00,3.736,-,0.000
2021-06-05T02:00:00,3.727,-,0.000
2021-06-05T01:45:00,3.718,-,0.000
2021-06-05T01:30:00,3.710,-,0.000
2021-06-05T01:15:00,3.701,-,0.000
2021-06-05T01:00:00,3.692,-,0.000
2021-06-05T00:45:00,3.684,-,0.000
2021-06-05T00:30:00,3.676,-,0.000
2021-06-05T00:15:00,3.669,-,0.000
2021-06-05T00:00:00,3.662,-,0.000
2021-06-04T23:45:00,3.654,-,0.000
2021-06-04T23:30:00,3.645,-,0.000
2021-06-04T23:15:00,3.639,-,0.000
2021-06-04T23:00:00,3.631,-,0.000
2021-06-04T22:45:00,3.624,-,0.000
2021-06-04T22:30:00,3.619,-,0.000
2021-06-04T22:15:00,3.616,-,0.000
2021-06-04T22:00:00,3.613,-,0.000
2021-06-04T21:45:00,3.611,-,0.000
2021-06-04T21:30:00,3.612,-,0.000
2021-06-04T21:15:00,3.613,-,0.000
2021-06-04T21:00:00,3.614,-,0.000
2021-06-04T20:45:00,3.616,-,0.000
2021-06-04T20:30:00,3.617,-,0.000
2021-06-04T20:15:00,3.618,-,0.000
2021-06-04T20:00:00,3.619,-,0.000
2021-06-04T19:45:00,3.621,-,0.000
2021-06-04T19:30:00,3.622,-,0.000
2021-06-04T19:15:00,3.623,-,0.000
2021-06-04T19:00:00,3.624,-,0.000
2021-06-04T18:45:00,3.625,-,0.000
2021-06-04T18:30:00,3.627,-,0.000
2021-06-04T18:15:00,3.628,-,0.000
2021-06-04T18:00:00,3.629,-,0.000
2021-06-04T17:45:00,3.631,-,0.000
2021-06-04T17:30:00,3.633,-,0.000
2021-06-04T17:15:00,3.634,-,0.000
2021-06-04T17:00:00,3.635,-,0.000
2021-06-04T16:45:00,3.637,-,0.000
2021-06-04T16:30:00,3.638,-,0.000
2021-06-04T16:15:00,3.640,-,0.000
2021-06-04T16:00:00,3.641,-,0.000
2021-06-04T15:45:00,3.643,-,0.000
2021-06-04T15:30:00,3.644,-,0.000
2021-06-04T15:15:00,3.645,-,0.000
2021-06-04T15:00:00,3.646,-,0.000
2021-06-04T14:45:00,3.649,-,0.000
2021-06-04T14:30:00,3.649,-,0.000
2021-06-04T14:15:00,3.650,-,0.000
2021-06-04T14:00:00,3.652,-,0.000
2021-06-04T13:45:00,3.653,-,0.000
2021-06-04T13:30:00,3.655,-,0.000
2021-06-04T13:15:00,3.657,-,0.000
2021-06-04T13:00:00,3.657,-,0.000
2021-06-04T12:45:00,3.659,-,0.000
2021-06-04T12:30:00,3.660,-,0.000
2021-06-04T12:15:00,3.662,-,0.000
2021-06-04T12:00:00,3.663,-,0.000
2021-06-04T11:45:00,3.664,-,0.000
2021-06-04T11:30:00,3.665,-,0.000
2021-06-04T11:15:00,3.667,-,0.000
2021-06-04T11:00:00,3.668,-,0.000
2021-06-04T10:45:00,3.669,-,0.000
2021-06-04T10:30:00,3.670,-,0.000
2021-06-04T10:15:00,3.672,-,0.000
2021-06-04T10:00:00,3.673,-,0.000
2021-06-04T09:45:00,3.674,-,0.000
2021-06-04T09:30:00,3.675,-,0.000
2021-06-04T09:15:00,3.676,-,0.000
2021-06-04T09:00:00,3.678,-,0.000
2021-06-04T08:45:00,3.679,-,0.000
2021-06-04T08:30:00,3.681,-,0.000
2021-06-04T08:15:00,3.682,-,0.000
2021-06-04T08:00:00,3.683,-,0.000
2021-06-04T07:45:00,3.684,-,0.000
2021-06-04T07:30:00,3.686,-,0.000
2021-06-04T07:15:00,3.687,-,0.000
2021-06-04T07:00:00,3.688,-,0.000
2021-06-04T06:45:00,3.689,-,0.000
2021-06-04T06:30:00,3.690,-,0.000
2021-06-04T06:15:00,3.692,-,0.000
2021-06-04T06:00:00,3.693,-,0.000
2021-06-04T05:45:00,3.695,-,0.000
2021-06-04T05:30:00,3.696,-,0.000
2021-06-04T05:15:00,3.698,-,0.000
2021-06-04T05:00:00,3.699,-,0.000
2021-06-04T04:45:00,3.701,-,0.000
2021-06-04T04:30:00,3.702,-,0.000
2021-06-04T04:15:00,3.704,-,0.000
2021-06-04T04:00:00,3.706,-,0.000
2021-06-04T03:45:00,3.707,-,0.000
2021-06-04T03:30:00,3.708,-,0.000
2021-06-04T03:15:00,3.710,-,0.000
2021-06-04T03:00:00,3.711,-,0.000
2021-06-04T02:45:00,3.713,-,0.000
2021-06-04T02:30:00,3.715,-,0.000
2021-06-04T02:15:00,3.717,-,0.000
2021-06-04T02:00:00,3.718,-,0.000
2021-06-04T01:45:00,3.719,-,0.000
2021-06-04T01:30:00,3.720,-,0.000
2021-06-04T01:15:00,3.721,-,0.000
2021-06-04T01:00:00,3.723,-,0.000
2021-06-04T00:45:00,3.724,-,0.000
2021-06-04T00:30:00,3.726,-,0.000
2021-06-04T00:15:00,3.727,-,0.000
2021-06-04T00:00:00,3.729,-,0.000
2021-06-03T23:45:00,3.730,-,0.000
2021-06-03T23:30:00,3.732,-,0.000
2021-06-03T23:15:00,3.733,-,0.000
2021-06-03T23:00:00,3.735,-,0.000
2021-06-03T22:45:00,3.737,-,0.000
2021-06-03T22:30:00,3.738,-,0.000
2021-06-03T22:15:00,3.740,-,0.000
2021-06-03T22:00:00,3.741,-,0.000
2021-06-03T21:45:00,3.743,-,0.000
2021-06-03T21:30:00,3.744,-,0.000
2021-06-03T21:15:00,3.746,-,0.000
2021-06-03T21:00:00,3.747,-,0.000
2021-06-03T20:45:00,3.749,-,0.000
2021-06-03T20:30:00,3.751,-,0.000
2021-06-03T20:15:00,3.753,-,0.000
2021-06-03T20:00:00,3.754,-,0.000
2021-06-03T19:45:00,3.756,-,0.000
2021-06-03T19:30:00,3.757,-,0.000
2021-06-03T19:15:00,3.758,-,0.000
2021-06-03T19:00:00,3.761,-,0.000
2021-06-03T18:45:00,3.763,-,0.000
2021-06-03T18:30:00,3.763,-,0.000
2021-06-03T18:15:00,3.766,-,0.000
2021-06-03T18:00:00,3.767,-,0.000
2021-06-03T17:45:00,3.770,-,0.000
2021-06-03T17:30:00,3.770,-,0.000
2021-06-03T17:15:00,3.773,-,0.000
2021-06-03T17:00:00,3.773,-,0.000
2021-06-03T16:45:00,3.776,-,0.000
2021-06-03T16:30:00,3.777,-,0.000
2021-06-03T16:15:00,3.779,-,0.000
2021-06-03T16:00:00,3.780,-,0.000
2021-06-03T15:45:00,3.782,-,0.000
2021-06-03T15:30:00,3.784,-,0.000
2021-06-03T15:15:00,3.787,-,0.000
2021-06-03T15:00:00,3.785,-,0.000
2021-06-03T14:45:00,3.790,-,0.000
2021-06-03T14:30:00,3.792,-,0.000
2021-06-03T14:15:00,3.791,-,0.000
2021-06-03T14:00:00,3.793,-,0.000
2021-06-03T13:45:00,3.797,-,0.000
2021-06-03T13:30:00,3.796,-,0.000
2021-06-03T13:15:00,3.797,-,0.000
2021-06-03T13:00:00,3.798,-,0.000
2021-06-03T12:45:00,3.802,-,0.000
2021-06-03T12:30:00,3.804,-,0.000
2021-06-03T12:15:00,3.804,-,0.000
2021-06-03T12:00:00,3.805,-,0.000
2021-06-03T11:45:00,3.807,-,0.000
2021-06-03T11:30:00,3.807,-,0.000
2021-06-03T11:15:00,3.809,-,0.000
2021-06-03T11:00:00,3.813,-,0.000
2021-06-03T10:45:00,3.813,-,0.000
2021-06-03T10:30:00,3.815,-,0.000
2021-06-03T10:15:00,3.817,-,0.000
2021-06-03T10:00:00,3.819,-,0.000
2021-06-03T09:45:00,3.821,-,0.000
2021-06-03T09:30:00,3.821,-,0.000
2021-06-03T09:15:00,3.823,-,0.000
2021-06-03T09:00:00,3.824,-,0.000
2021-06-03T08:45:00,3.827,-,0.000
2021-06-03T08:30:00,3.828,-,0.000
2021-06-03T08:15:00,3.830,-,0.000
2021-06-03T08:00:00,3.832,-,0.000
2021-06-03T07:45:00,3.834,-,0.000
2021-06-03T07:30:00,3.839,-,0.000
2021-06-03T07:15:00,3.840,-,0.000
2021-06-03T07:00:00,3.841,-,0.000
2021-06-03T06:45:00,3.842,-,0.000
2021-06-03T06:30:00,3.843,-,0.000
2021-06-03T06:15:00,3.844,-,0.000
2021-06-03T06:00:00,3.846,-,0.000
2021-06-03T05:45:00,3.847,-,0.000
2021-06-03T05:30:00,3.849,-,0.000
2021-06-03T05:15:00,3.851,-,0.000
2021-06-03T05:00:00,3.853,-,0.000
2021-06-03T04:45:00,3.854,-,0.000
2021-06-03T04:30:00,3.856,-,0.000
2021-06-03T04:15:00,3.857,-,0.000
2021-06-03T04:00:00,3.860,-,0.000
2021-06-03T03:45:00,3.861,-,0.000
2021-06-03T03:30:00,3.863,-,0.000
2021-06-03T03:15:00,3.864,-,0.000
2021-06-03T03:00:00,3.866,-,0.000
2021-06-03T02:45:00,3.868,-,0.000
2021-06-03T02:30:00,3.870,-,0.000
2021-06-03T02:15:00,3.872,-,0.000
2021-06-03T02:00:00,3.873,-,0.000
2021-06-03T01:45:00,3.875,-,0.000
2021-06-03T01:30:00,3.877,-,0.000
2021-06-03T01:15:00,3.879,-,0.000
2021-06-03T01:00:00,3.881,-,0.000
2021-06-03T00:45:00,3.882,-,0.000
2021-06-03T00:30:00,3.884,-,0.000
2021-06-03T00:15:00,3.886,-,0.000
2021-06-03T00:00:00,3.888,-,0.000
2021-06-02T23:45:00,3.889,-,0.000
2021-06-02T23:30:00,3.891,-,0.000
2021-06-02T23:15:00,3.893,-,0.000
2021-06-02T23:00:00,3.895,-,0.000
2021-06-02T22:45:00,3.896,-,0.000
2021-06-02T22:30:00,3.898,-,0.000
2021-06-02T22:15:00,3.900,-,0.000
2021-06-02T22:00:00,3.903,-,0.000
2021-06-02T21:45:00,3.905,-,0.000
2021-06-02T21:30:00,3.906,-,0.000
2021-06-02T21:15:00,3.908,-,0.000
2021-06-02T21:00:00,3.909,-,0.000
2021-06-02T20:45:00,3.912,-,0.000
2021-06-02T20:30:00,3.913,-,0.000
2021-06-02T20:15:00,3.915,-,0.000
2021-06-02T20:00:00,3.916,-,0.000
2021-06-02T19:45:00,3.919,-,0.000
2021-06-02T19:30:00,3.920,-,0.000
2021-06-02T19:15:00,3.922,-,0.000
2021-06-02T19:00:00,3.925,-,0.000
2021-06-02T18:45:00,3.926,-,0.000
2021-06-02T18:30:00,3.929,-,0.000
2021-06-02T18:15:00,3.930,-,0.000
2021-06-02T18:00:00,3.932,-,0.000
2021-06-02T17:45:00,3.934,-,0.000
2021-06-02T17:30:00,3.937,-,0.000
2021-06-02T17:15:00,3.938,-,0.000
2021-06-02T17:00:00,3.940,-,0.000
2021-06-02T16:45:00,3.942,-,0.000
2021-06-02T16:30:00,3.945,-,0.000
2021-06-02T16:15:00,3.946,-,0.000
2021-06-02T16:00:00,3.948,-,0.000
2021-06-02T15:45:00,3.949,-,0.000
2021-06-02T15:30:00,3.952,-,0.000
2021-06-02T15:15:00,3.955,-,0.000
2021-06-02T15:00:00,3.956,-,0.000
2021-06-02T14:45:00,3.957,-,0.000
2021-06-02T14:30:00,3.959,-,0.000
2021-06-02T14:15:00,3.962,-,0.000
2021-06-02T14:00:00,3.965,-,0.000
2021-06-02T13:45:00,3.965,-,0.000
2021-06-02T13:30:00,3.967,-,0.000
2021-06-02T13:15:00,3.969,-,0.000
2021-06-02T13:00:00,3.971,-,0.000
2021-06-02T12:45:00,3.973,-,0.000
2021-06-02T12:30:00,3.975,-,0.000
2021-06-02T12:15:00,3.977,-,0.000
2021-06-02T12:00:00,3.979,-,0.000
2021-06-02T11:45:00,3.981,-,0.000
2021-06-02T11:30:00,3.983,-,0.000
2021-06-02T11:15:00,3.984,-,0.000
2021-06-02T11:00:00,3.986,-,0.000
2021-06-02T10:45:00,3.988,-,0.000
2021-06-02T10:30:00,3.990,-,0.000
2021-06-02T10:15:00,3.992,-,0.000
2021-06-02T10:00:00,3.993,-,0.000
2021-06-02T09:45:00,3.995,-,0.000
2021-06-02T09:30:00,3.996,-,0.000
2021-06-02T09:15:00,3.998,-,0.000
2021-06-02T09:00:00,4.001,-,0.000
2021-06-02T08:45:00,4.003,-,0.000
2021-06-02T08:30:00,4.004,-,0.000
2021-06-02T08:15:00,4.006,-,0.000
2021-06-02T08:00:00,4.008,-,0.000
2021-06-02T07:45:00,4.009,-,0.000
2021-06-02T07:30:00,4.010,-,0.000
2021-06-02T07:15:00,4.012,-,0.000
2021-06-02T07:00:00,4.012,-,0.000
2021-06-02T06:45:00,4.016,-,0.000
2021-06-02T06:30:00,4.022,-,0.000
2021-06-02T06:15:00,4.023,-,0.000
2021-06-02T06:00:00,4.025,-,0.000
2021-06-02T05:45:00,4.026,-,0.000
2021-06-02T05:30:00,4.028,-,0.000
2021-06-02T05:15:00,4.035,-,0.000
2021-06-02T05:00:00,4.041,-,0.000
2021-06-02T04:45:00,4.046,-,0.000
2021-06-02T04:30:00,4.051,-,0.000
2021-06-02T04:15:00,4.057,-,0.000
2021-06-02T04:00:00,4.064,-,0.000
2021-06-02T03:45:00,4.070,-,0.000
2021-06-02T03:30:00,4.076,-,0.000
2021-06-02T03:15:00,4.082,-,0.000
2021-06-02T03:00:00,4.089,-,0.000
2021-06-02T02:45:00,4.094,-,0.000
2021-06-02T02:30:00,4.100,-,0.000
2021-06-02T02:15:00,4.106,-,0.000
2021-06-02T02:00:00,4.113,-,0.000
2021-06-02T01:45:00,4.118,-,0.000
2021-06-02T01:30:00,4.125,-,0.000
2021-06-02T01:15:00,4.131,-,0.000
2021-06-02T01:00:00,4.137,-,0.000
2021-06-02T00:45:00,4.143,-,0.000
2021-06-02T00:30:00,4.149,-,0.000
2021-06-02T00:15:00,4.156,-,0.000
2021-06-02T00:00:00,4.162,-,0.000
2021-06-01T23:45:00,4.167,-,0.000
2021-06-01T23:30:00,4.173,-,0.000
2021-06-01T23:15:00,4.179,-,0.000
2021-06-01T23:00:00,4.185,-,0.000
2021-06-01T22:45:00,4.190,-,0.000
2021-06-01T22:30:00,4.209,-,0.000
2021-06-01T22:15:00,4.209,-,0.000
2021-06-01T22:00:00,4.212,-,0.000
2021-06-01T21:45:00,4.217,-,0.000
2021-06-01T21:30:00,4.223,-,0.000
2021-06-01T21:15:00,4.228,-,0.000
2021-06-01T21:00:00,4.235,-,0.000
2021-06-01T20:45:00,4.241,-,0.000
2021-06-01T20:30:00,4.247,-,0.000
2021-06-01T20:15:00,4.254,-,0.000
2021-06-01T20:00:00,4.260,-,0.000
2021-06-01T19:45:00,4.266,-,0.000
2021-06-01T19:30:00,4.273,-,0.000
2021-06-01T19:15:00,4.279,-,0.000
2021-06-01T19:00:00,4.285,-,0.000
2021-06-01T18:45:00,4.291,-,0.000
2021-06-01T18:30:00,4.297,-,0.000
2021-06-01T18:15:00,4.302,-,0.000
2021-06-01T18:00:00,4.309,-,0.000
2021-06-01T17:45:00,4.315,-,0.000
2021-06-01T17:30:00,4.321,-,0.000
2021-06-01T17:15:00,4.328,-,0.000
2021-06-01T17:00:00,4.332,-,0.000
2021-06-01T16:45:00,4.339,-,0.000
2021-06-01T16:30:00,4.346,-,0.000
2021-06-01T16:15:00,4.352,-,0.000
2021-06-01T16:00:00,4.358,-,0.000
2021-06-01T15:45:00,4.364,-,0.000
2021-06-01T15:30:00,4.369,-,0.000
2021-06-01T15:15:00,4.376,-,0.000
2021-06-01T15:00:00,4.382,-,0.000
2021-06-01T14:45:00,4.387,-,0.000
2021-06-01T14:30:00,4.392,-,0.000
2021-06-01T14:15:00,4.398,-,0.000
2021-06-01T14:00:00,4.405,-,0.000
2021-06-01T13:45:00,4.411,-,0.000
2021-06-01T13:30:00,4.415,-,0.000
2021-06-01T13:15:00,4.420,-,0.000
2021-06-01T13:00:00,4.427,-,0.000
2021-06-01T12:45:00,4.432,-,0.000
2021-06-01T12:30:00,4.436,-,0.000
2021-06-01T12:15:00,4.441,-,0.000
2021-06-01T12:00:00,4.444,-,0.000
2021-06-01T11:45:00,4.449,-,0.000
2021-06-01T11:30:00,4.452,-,0.000
2021-06-01T11:15:00,4.455,-,0.000
2021-06-01T11:00:00,4.458,-,0.000
2021-06-01T10:45:00,4.460,-,0.000
2021-06-01T10:30:00,4.461,-,0.000
2021-06-01T10:15:00,4.461,-,0.000
2021-06-01T10:00:00,4.460,-,0.000
2021-06-01T09:45:00,4.458,-,0.000
2021-06-01T09:30:00,4.457,-,0.000
2021-06-01T09:15:00,4.455,-,0.000
2021-06-01T09:00:00,4.453,-,0.000
2021-06-01T08:45:00,4.451,-,0.000
2021-06-01T08:30:00,4.448,-,0.000
2021-06-01T08:15:00,4.446,-,0.000
2021-06-01T08:00:00,4.444,-,0.000
2021-06-01T07:45:00,4.441,-,0.000
2021-06-01T07:30:00,4.438,-,0.000
2021-06-01T07:15:00,4.437,-,0.000
2021-06-01T07:00:00,4.435,-,0.000
2021-06-01T06:45:00,4.435,-,0.000
2021-06-01T06:30:00,4.431,-,0.000
2021-06-01T06:15:00,4.427,-,0.000
2021-06-01T06:00:00,4.425,-,0.000
2021-06-01T05:45:00,4.421,-,0.000
2021-06-01T05:30:00,4.417,-,0.000
2021-06-01T05:15:00,4.412,-,0.000
2021-06-01T05:00:00,4.410,-,0.000
2021-06-01T04:45:00,4.406,-,0.000
2021-06-01T04:30:00,4.403,-,0.000
2021-06-01T04:15:00,4.399,-,0.000
2021-06-01T04:00:00,4.395,-,0.000
2021-06-01T03:45:00,4.392,-,0.000
2021-06-01T03:30:00,4.387,-,0.000
2021-06-01T03:15:00,4.384,-,0.000
2021-06-01T03:00:00,4.380,-,0.000
2021-06-01T02:45:00,4.376,-,0.000
2021-06-01T02:30:00,4.372,-,0.000
2021-06-01T02:15:00,4.369,-,0.000
2021-06-01T02:00:00,4.366,-,0.000
2021-06-01T01:45:00,4.362,-,0.000
2021-06-01T01:30:00,4.359,-,0.000
2021-06-01T01:15:00,4.356,-,0.000
2021-06-01T01:00:00,4.353,-,0.000
2021-06-01T00:45:00,4.351,-,0.000
2021-06-01T00:30:00,4.349,-,0.000
2021-06-01T00:15:00,4.346,-,0.000
2021-06-01T00:00:00,4.345,-,0.000
2021-06-14T23:45:00,4.692,-,0.000
2021-06-14T23:30:00,4.686,-,0.000
2021-06-14T23:15:00,4.681,-,0.000
2021-06-14T23:00:00,4.677,-,0.000
2021-06-14T22:45:00,4.673,-,0.000
2021-06-14T22:30:00,4.670,-,0.000
2021-06-14T22:15:00,4.668,-,0.000
2021-06-14T22:00:00,4.667,-,0.000
2021-06-14T21:45:00,4.666,-,0.000
2021-06-14T21:30:00,4.667,-,0.000
2021-06-14T21:15:00,4.669,-,0.000
2021-06-14T21:00:00,4.672,-,0.000
2021-06-14T20:45:00,4.674,-,0.000
2021-06-14T20:30:00,4.676,-,0.000
2021-06-14T20:15:00,4.679,-,0.000
2021-06-14T20:00:00,4.682,-,0.000
2021-06-14T19:45:00,4.686,-,0.000
2021-06-14T19:30:00,4.688,-,0.000
2021-06-14T19:15:00,4.688,-,0.000
2021-06-14T19:00:00,4.692,-,0.000
2021-06-14T18:45:00,4.697,-,0.000
2021-06-14T18:30:00,4.702,-,0.000
2021-06-14T18:15:00,4.707,-,0.000
2021-06-14T18:00:00,4.711,-,0.000
2021-06-14T17:45:00,4.715,-,0.000
2021-06-14T17:30:00,4.720,-,0.000
2021-06-14T17:15:00,4.726,-,0.000
2021-06-14T17:00:00,4.730,-,0.000
2021-06-14T16:45:00,4.735,-,0.000
2021-06-14T16:30:00,4.741,-,0.000
2021-06-14T16:15:00,4.747,-,0.000
2021-06-14T16:00:00,4.752,-,0.000
2021-06-14T15:45:00,4.758,-,0.000
2021-06-14T15:30:00,4.764,-,0.000
2021-06-14T15:15:00,4.770,-,0.000
2021-06-14T15:00:00,4.775,-,0.000
2021-06-14T14:45:00,4.779,-,0.000
2021-06-14T14:30:00,4.784,-,0.000
2021-06-14T14:15:00,4.788,-,0.000
2021-06-14T14:00:00,4.794,-,0.000
2021-06-14T13:45:00,4.799,-,0.000
2021-06-14T13:30:00,4.804,-,0.000
2021-06-14T13:15:00,4.809,-,0.000
2021-06-14T13:00:00,4.815,-,0.000
2021-06-14T12:45:00,4.816,-,0.500
2021-06-14T12:30:00,4.821,-,0.500
2021-06-14T12:15:00,4.828,-,1.000
2021-06-14T12:00:00,4.831,-,0.000
2021-06-14T11:45:00,4.835,-,0.000
2021-06-14T11:30:00,4.840,-,0.000
2021-06-14T11:15:00,4.844,-,0.000
2021-06-14T11:00:00,4.846,-,0.000
2021-06-14T10:45:00,4.849,-,0.000
2021-06-14T10:30:00,4.850,-,0.000
2021-06-14T10:15:00,4.849,-,0.000
2021-06-14T10:00:00,4.854,-,0.000
2021-06-14T09:45:00,4.852,-,0.000
2021-06-14T09:30:00,4.850,-,0.000
2021-06-14T09:15:00,4.843,-,0.000
2021-06-14T09:00:00,4.838,-,0.000
2021-06-14T08:45:00,4.831,-,0.000
2021-06-14T08:30:00,4.825,-,0.000
2021-06-14T08:15:00,4.818,-,0.000
2021-06-14T08:00:00,4.812,-,0.000
2021-06-14T07:45:00,4.805,-,0.000
2021-06-14T07:30:00,4.800,-,0.000
2021-06-14T07:15:00,4.793,-,0.000
2021-06-14T07:00:00,4.788,-,0.000
2021-06-14T06:45:00,4.781,-,0.000
2021-06-14T06:30:00,4.775,-,0.000
2021-06-14T06:15:00,4.769,-,0.000
2021-06-14T06:00:00,4.761,-,0.000
2021-06-14T05:45:00,4.755,-,0.000
2021-06-14T05:30:00,4.749,-,0.000
2021-06-14T05:15:00,4.742,-,0.000
2021-06-14T05:00:00,4.735,-,0.000
2021-06-14T04:45:00,4.728,-,0.000
2021-06-14T04:30:00,4.722,-,0.000
2021-06-14T04:15:00,4.714,-,0.000
2021-06-14T04:00:00,4.708,-,0.000
2021-06-14T03:45:00,4.701,-,0.000
2021-06-14T03:30:00,4.693,-,0.000
2021-06-14T03:15:00,4.686,-,0.000
2021-06-14T03:00:00,4.679,-,0.000
2021-06-14T02:45:00,4.673,-,0.000
2021-06-14T02:30:00,4.666,-,0.000
2021-06-14T02:15:00,4.659,-,0.000
2021-06-14T02:00:00,4.653,-,0.000
2021-06-14T01:45:00,4.646,-,0.000
2021-06-14T01:30:00,4.638,-,0.000
2021-06-14T01:15:00,4.631,-,0.000
2021-06-14T01:00:00,4.623,-,0.000
2021-06-14T00:45:00,4.617,-,0.000
2021-06-14T00:30:00,4.611,-,0.000
2021-06-14T00:15:00,4.603,-,0.000
2021-06-14T00:00:00,4.597,-,0.000
2021-06-13T23:45:00,4.591,-,0.000
2021-06-13T23:30:00,4.586,-,0.000
2021-06-13T23:15:00,4.580,-,0.000
2021-06-13T23:00:00,4.575,-,0.000
2021-06-13T22:45:00,4.572,-,0.000
2021-06-13T22:30:00,4.570,-,0.000
2021-06-13T22:15:00,4.568,-,0.000
2021-06-13T22:00:00,4.568,-,0.000
2021-06-13T21:45:00,4.570,-,0.000
2021-06-13T21:30:00,4.573,-,0.000
2021-06-13T21:15:00,4.578,-,0.000
2021-06-13T21:00:00,4.582,-,0.000
2021-06-13T20:45:00,4.586,-,0.000
2021-06-13T20:30:00,4.588,-,0.000
2021-06-13T20:15:00,4.591,-,0.000
2021-06-13T20:00:00,4.595,-,0.000
2021-06-13T19:45:00,4.599,-,0.000
2021-06-13T19:30:00,4.603,-,0.000
2021-06-13T19:15:00,4.607,-,0.000
2021-06-13T19:00:00,4.612,-,0.000
2021-06-13T18:45:00,4.616,-,0.000
2021-06-13T18:30:00,4.618,-,0.000
2021-06-13T18:15:00,4.622,-,0.000
2021-06-13T18:00:00,4.625,-,0.000
2021-06-13T17:45:00,4.630,-,0.000
2021-06-13T17:30:00,4.637,-,0.000
2021-06-13T17:15:00,4.642,-,0.000
2021-06-13T17:00:00,4.647,-,0.000
2021-06-13T16:45:00,4.653,-,0.000
2021-06-13T16:30:00,4.657,-,0.000
2021-06-13T16:15:00,4.663,-,0.000
2021-06-13T16:00:00,4.669,-,0.000
2021-06-13T15:45:00,4.675,-,0.000
2021-06-13T15:30:00,4.680,-,0.000
2021-06-13T15:15:00,4.687,-,0.000
2021-06-13T15:00:00,4.693,-,0.000
2021-06-13T14:45:00,4.701,-,0.000
2021-06-13T14:30:00,4.707,-,0.000
2021-06-13T14:15:00,4.713,-,0.500
2021-06-13T14:00:00,4.719,-,0.000
2021-06-13T13:45:00,4.725,-,0.000
2021-06-13T13:30:00,4.731,-,0.000
2021-06-13T13:15:00,4.739,-,0.000
2021-06-13T13:00:00,4.744,-,0.000
2021-06-13T12:45:00,4.750,-,0.000
2021-06-13T12:30:00,4.756,-,0.000
2021-06-13T12:15:00,4.764,-,0.000
2021-06-13T12:00:00,4.769,-,0.000
2021-06-13T11:45:00,4.774,-,0.000
2021-06-13T11:30:00,4.779,-,0.000
2021-06-13T11:15:00,4.780,-,0.000
2021-06-13T11:00:00,4.788,-,0.000
2021-06-13T10:45:00,4.798,-,0.000
2021-06-13T10:30:00,4.801,-,0.000
2021-06-13T10:15:00,4.804,-,0.000
2021-06-13T10:00:00,4.804,-,0.000
2021-06-13T09:45:00,4.805,-,0.000
2021-06-13T09:30:00,4.807,-,0.000
2021-06-13T09:15:00,4.805,-,0.000
2021-06-13T09:00:00,4.807,-,0.000
2021-06-13T08:45:00,4.803,-,0.000
2021-06-13T08:30:00,4.799,-,0.000
2021-06-13T08:15:00,4.794,-,0.000
2021-06-13T08:00:00,4.791,-,0.000
2021-06-13T07:45:00,4.787,-,0.000
2021-06-13T07:30:00,4.782,-,0.000
2021-06-13T07:15:00,4.777,-,0.000
2021-06-13T07:00:00,4.773,-,0.000
2021-06-13T06:45:00,4.768,-,0.000
2021-06-13T06:30:00,4.763,-,0.000
2021-06-13T06:15:00,4.757,-,0.000
2021-06-13T06:00:00,4.752,-,0.000
2021-06-13T05:45:00,4.748,-,0.000
2021-06-13T05:30:00,4.742,-,0.000
2021-06-13T05:15:00,4.737,-,0.000
2021-06-13T05:00:00,4.729,-,0.000
2021-06-13T04:45:00,4.724,-,0.000
2021-06-13T04:30:00,4.716,-,0.000
2021-06-13T04:15:00,4.709,-,0.000
2021-06-13T04:00:00,4.703,-,0.000
2021-06-13T03:45:00,4.694,-,0.000
2021-06-13T03:30:00,4.686,-,0.000
2021-06-13T03:15:00,4.678,-,0.000
2021-06-13T03:00:00,4.670,-,0.000
2021-06-13T02:45:00,4.662,-,0.000
2021-06-13T02:30:00,4.654,-,0.000
2021-06-13T02:15:00,4.646,-,0.000
2021-06-13T02:00:00,4.637,-,0.000
2021-06-13T01:45:00,4.629,-,0.000
2021-06-13T01:30:00,4.622,-,0.000
2021-06-13T01:15:00,4.613,-,0.000
2021-06-13T01:00:00,4.604,-,0.000
2021-06-13T00:45:00,4.596,-,0.000
2021-06-13T00:30:00,4.588,-,0.000
2021-06-13T00:15:00,4.579,-,0.000
2021-06-13T00:00:00,4.572,-,1.500
2021-06-12T23:45:00,4.561,-,0.000
2021-06-12T23:30:00,4.553,-,0.000
2021-06-12T23:15:00,4.545,-,0.000
2021-06-12T23:00:00,4.538,-,0.000
2021-06-12T22:45:00,4.532,-,0.000
2021-06-12T22:30:00,4.526,-,0.000
2021-06-12T22:15:00,4.520,-,0.000
2021-06-12T22:00:00,4.514,-,0.000
2021-06-12T21:45:00,4.510,-,0.000
2021-06-12T21:30:00,4.507,-,0.000
2021-06-12T21:15:00,4.505,-,0.000
2021-06-12T21:00:00,4.504,-,0.000
2021-06-12T20:45:00,4.506,-,0.000
2021-06-12T20:30:00,4.508,-,0.000
2021-06-12T20:15:00,4.510,-,0.000
2021-06-12T20:00:00,4.512,-,0.000
2021-06-12T19:45:00,4.514,-,0.000
2021-06-12T19:30:00,4.516,-,0.000
2021-06-12T19:15:00,4.518,-,0.000
2021-06-12T19:00:00,4.520,-,0.000
2021-06-12T18:45:00,4.522,-,0.000
2021-06-12T18:30:00,4.524,-,0.000
2021-06-12T18:15:00,4.525,-,0.000
2021-06-12T18:00:00,4.528,-,0.000
2021-06-12T17:45:00,4.529,-,0.000
2021-06-12T17:30:00,4.531,-,0.000
2021-06-12T17:15:00,4.533,-,0.000
2021-06-12T17:00:00,4.535,-,0.000
2021-06-12T16:45:00,4.536,-,0.000
2021-06-12T16:30:00,4.538,-,0.000
2021-06-12T16:15:00,4.539,-,0.000
2021-06-12T16:00:00,4.541,-,0.000
2021-06-12T15:45:00,4.544,-,0.000
2021-06-12T15:30:00,4.546,-,0.000
2021-06-12T15:15:00,4.549,-,0.000
2021-06-12T15:00:00,4.551,-,0.000
2021-06-12T14:45:00,4.555,-,0.000
2021-06-12T14:30:00,4.555,-,0.000
2021-06-12T14:15:00,4.558,-,0.000
2021-06-12T14:00:00,4.560,-,0.000
2021-06-12T13:45:00,4.563,-,0.000
2021-06-12T13:30:00,4.567,-,0.000
2021-06-12T13:15:00,4.569,-,0.000
2021-06-12T13:00:00,4.568,-,0.000
2021-06-12T12:45:00,4.571,-,0.000
2021-06-12T12:30:00,4.571,-,0.000
2021-06-12T12:15:00,4.572,-,0.000
2021-06-12T12:00:00,4.575,-,0.000
2021-06-12T11:45:00,4.576,-,0.000
2021-06-12T11:30:00,4.577,-,0.000
2021-06-12T11:15:00,4.575,-,0.000
2021-06-12T11:00:00,4.573,-,0.000
2021-06-12T10:45:00,4.569,-,0.000
2021-06-12T10:30:00,4.563,-,0.000
2021-06-12T10:15:00,4.558,-,0.000
2021-06-12T10:00:00,4.551,-,0.000
2021-06-12T09:45:00,4.543,-,0.000
2021-06-12T09:30:00,4.534,-,0.000
2021-06-12T09:15:00,4.524,-,0.000
2021-06-12T09:00:00,4.513,-,0.000
2021-06-12T08:45:00,4.503,-,0.000
2021-06-12T08:30:00,4.491,-,0.000
2021-06-12T08:15:00,4.479,-,0.000
2021-06-12T08:00:00,4.468,-,0.000
2021-06-12T07:45:00,4.456,-,0.000
2021-06-12T07:30:00,4.444,-,0.000
2021-06-12T07:15:00,4.431,-,0.000
2021-06-12T07:00:00,4.420,-,0.000
2021-06-12T06:45:00,4.409,-,0.000
2021-06-12T06:30:00,4.397,-,0.000
2021-06-12T06:15:00,4.385,-,0.000
2021-06-12T06:00:00,4.373,-,0.000
2021-06-12T05:45:00,4.360,-,0.000
2021-06-12T05:30:00,4.348,-,0.000
2021-06-12T05:15:00,4.336,-,0.000
2021-06-12T05:00:00,4.324,-,0.000
2021-06-12T04:45:00,4.311,-,0.000
2021-06-12T04:30:00,4.299,-,0.000
2021-06-12T04:15:00,4.286,-,0.000
2021-06-12T04:00:00,4.273,-,0.000
2021-06-12T03:45:00,4.261,-,0.000
2021-06-12T03:30:00,4.248,-,0.000
2021-06-12T03:15:00,4.234,-,0.000
2021-06-12T03:00:00,4.221,-,0.000
2021-06-12T02:45:00,4.208,-,0.000
2021-06-12T02:30:00,4.195,-,0.000
2021-06-12T02:15:00,4.182,-,0.000
2021-06-12T02:00:00,4.169,-,0.000
2021-06-12T01:45:00,4.157,-,0.000
2021-06-12T01:30:00,4.145,-,0.000
2021-06-12T01:15:00,4.132,-,0.000
2021-06-12T01:00:00,4.121,-,0.000
2021-06-12T00:45:00,4.110,-,0.000
2021-06-12T00:30:00,4.100,-,0.000
2021-06-12T00:15:00,4.089,-,0.000
2021-06-12T00:00:00,4.080,-,0.000
2021-06-11T23:45:00,4.072,-,0.000
2021-06-11T23:30:00,4.066,-,0.000
2021-06-11T23:15:00,4.061,-,0.000
2021-06-11T23:00:00,4.058,-,0.000
2021-06-11T22:45:00,4.056,-,0.000
2021-06-11T22:30:00,4.057,-,0.000
2021-06-11T22:15:00,4.058,-,0.000
2021-06-11T22:00:00,4.059,-,0.000
2021-06-11T21:45:00,4.061,-,0.000
2021-06-11T21:30:00,4.062,-,0.000
2021-06-11T21:15:00,4.063,-,0.000
2021-06-11T21:00:00,4.065,-,0.000
2021-06-11T20:45:00,4.066,-,0.000
2021-06-11T20:30:00,4.067,-,0.000
2021-06-11T20:15:00,4.069,-,0.000
2021-06-11T20:00:00,4.071,-,0.000
2021-06-11T19:45:00,4.072,-,0.000
2021-06-11T19:30:00,4.073,-,0.000
2021-06-11T19:15:00,4.075,-,0.000
2021-06-11T19:00:00,4.076,-,0.000
2021-06-11T18:45:00,4.077,-,0.000
2021-06-11T18:30:00,4.078,-,0.000
2021-06-11T18:15:00,4.080,-,0.000
2021-06-11T18:00:00,4.083,-,0.000
2021-06-11T17:45:00,4.083,-,0.000
2021-06-11T17:30:00,4.083,-,0.000
2021-06-11T17:15:00,4.083,-,0.000
2021-06-11T17:00:00,4.083,-,0.000
2021-06-11T16:45:00,4.082,-,0.500
2021-06-11T16:30:00,4.083,-,0.000
2021-06-11T16:15:00,4.082,-,0.000
2021-06-11T16:00:00,4.080,-,0.500
2021-06-11T15:45:00,4.080,-,0.000
2021-06-11T15:30:00,4.079,-,0.000
2021-06-11T15:15:00,4.079,-,0.500
2021-06-11T15:00:00,4.077,-,1.500
2021-06-11T14:45:00,4.076,-,1.500
2021-06-11T14:30:00,4.076,-,0.000
2021-06-11T14:15:00,4.074,-,0.000
2021-06-11T14:00:00,4.072,-,0.000
2021-06-11T13:45:00,4.071,-,0.000
2021-06-11T13:30:00,4.067,-,0.500
2021-06-11T13:15:00,4.067,-,5.000
2021-06-11T13:00:00,4.069,-,9.500
2021-06-11T12:45:00,4.057,-,0.500
2021-06-11T12:30:00,4.055,-,0.500
2021-06-11T12:15:00,4.054,-,0.000
2021-06-11T12:00:00,4.054,-,0.000
2021-06-11T11:45:00,4.055,-,0.000
2021-06-11T11:30:00,4.055,-,0.000
2021-06-11T11:15:00,4.054,-,0.000
2021-06-11T11:00:00,4.054,-,0.000
2021-06-11T10:45:00,4.054,-,0.000
2021-06-11T10:30:00,4.054,-,0.000
2021-06-11T10:15:00,4.054,-,0.000
2021-06-11T10:00:00,4.055,-,0.000
2021-06-11T09:45:00,4.055,-,0.000
2021-06-11T09:30:00,4.055,-,0.000
2021-06-11T09:15:00,4.055,-,0.000
2021-06-11T09:00:00,4.055,-,0.000
2021-06-11T08:45:00,4.055,-,0.000
2021-06-11T08:30:00,4.055,-,0.000
2021-06-11T08:15:00,4.054,-,0.000
2021-06-11T08:00:00,4.055,-,0.000
2021-06-11T07:45:00,4.056,-,0.000
2021-06-11T07:30:00,4.056,-,0.000
2021-06-11T07:15:00,4.055,-,0.000
2021-06-11T07:00:00,4.055,-,0.000
2021-06-11T06:45:00,4.055,-,0.000
2021-06-11T06:30:00,4.056,-,0.000
2021-06-11T06:15:00,4.056,-,0.000
2021-06-11T06:00:00,4.056,-,0.000
2021-06-11T05:45:00,4.056,-,0.000
2021-06-11T05:30:00,4.056,-,0.000
2021-06-11T05:15:00,4.056,-,0.000
2021-06-11T05:00:00,4.056,-,0.000
2021-06-11T04:45:00,4.056,-,0.000
2021-06-11T04:30:00,4.056,-,0.000
2021-06-11T04:15:00,4.057,-,0.000
2021-06-11T04:00:00,4.057,-,0.000
2021-06-11T03:45:00,4.057,-,0.000
2021-06-11T03:30:00,4.057,-,0.000
2021-06-11T03:15:00,4.057,-,0.000
2021-06-11T03:00:00,4.057,-,0.000
2021-06-11T02:45:00,4.057,-,0.000
2021-06-11T02:30:00,4.057,-,0.000
2021-06-11T02:15:00,4.057,-,0.000
2021-06-11T02:00:00,4.057,-,0.000
2021-06-11T01:45:00,4.057,-,0.000
2021-06-11T01:30:00,4.057,-,0.000
2021-06-11T01:15:00,4.057,-,0.000
2021-06-11T01:00:00,4.057,-,0.000
2021-06-11T00:45:00,4.057,-,0.000
2021-06-11T00:30:00,4.056,-,0.000
2021-06-11T00:15:00,4.057,-,0.000
2021-06-11T00:00:00,4.057,-,0.000
2021-06-10T23:45:00,4.057,-,0.000
2021-06-10T23:30:00,4.056,-,0.000
2021-06-10T23:15:00,4.057,-,0.000
2021-06-10T23:00:00,4.057,-,0.000
2021-06-10T22:45:00,4.056,-,0.000
2021-06-10T22:30:00,4.056,-,0.000
2021-06-10T22:15:00,4.056,-,0.000
2021-06-10T22:00:00,4.056,-,0.000
2021-06-10T21:45:00,4.056,-,0.000
2021-06-10T21:30:00,4.056,-,0.000
2021-06-10T21:15:00,4.056,-,0.000
2021-06-10T21:00:00,4.056,-,0.000
2021-06-10T20:45:00,4.056,-,0.000
2021-06-10T20:30:00,4.056,-,0.000
2021-06-10T20:15:00,4.055,-,0.000
2021-06-10T20:00:00,4.055,-,0.000
2021-06-10T19:45:00,4.055,-,0.000
2021-06-10T19:30:00,4.054,-,0.000
2021-06-10T19:15:00,4.054,-,0.000
2021-06-10T19:00:00,4.054,-,0.000
2021-06-10T18:45:00,4.054,-,0.000
2021-06-10T18:30:00,4.054,-,0.000
2021-06-10T18:15:00,4.054,-,0.000
2021-06-10T18:00:00,4.053,-,0.000
2021-06-10T17:45:00,4.053,-,0.000
2021-06-10T17:30:00,4.054,-,0.000
2021-06-10T17:15:00,4.053,-,0.000
2021-06-10T17:00:00,4.052,-,0.000
2021-06-10T16:45:00,4.052,-,0.000
2021-06-10T16:30:00,4.051,-,0.000
2021-06-10T16:15:00,4.051,-,0.000
2021-06-10T16:00:00,4.052,-,0.000
2021-06-10T15:45:00,4.051,-,0.000
2021-06-10T15:30:00,4.050,-,0.000
2021-06-10T15:15:00,4.050,-,0.000
2021-06-10T15:00:00,4.049,-,0.000
2021-06-10T14:45:00,4.049,-,0.000
2021-06-10T14:30:00,4.048,-,0.000
2021-06-10T14:15:00,4.047,-,0.000
2021-06-10T14:00:00,4.047,-,0.000
2021-06-10T13:45:00,4.048,-,0.000
2021-06-10T13:30:00,4.047,-,0.000
2021-06-10T13:15:00,4.046,-,0.000
2021-06-10T13:00:00,4.044,-,0.000
2021-06-10T12:45:00,4.044,-,0.000
2021-06-10T12:30:00,4.043,-,0.000
2021-06-10T12:15:00,4.043,-,0.000
2021-06-10T12:00:00,4.043,-,0.000
2021-06-10T11:45:00,4.042,-,0.000
2021-06-10T11:30:00,4.041,-,0.000
2021-06-10T11:15:00,4.040,-,0.000
2021-06-10T11:00:00,4.040,-,0.000
2021-06-10T10:45:00,4.039,-,0.000
2021-06-10T10:30:00,4.039,-,0.000
2021-06-10T10:15:00,4.038,-,0.000
2021-06-10T10:00:00,4.036,-,0.000
2021-06-10T09:45:00,4.036,-,0.000
2021-06-10T09:30:00,4.035,-,0.000
2021-06-10T09:15:00,4.034,-,0.000
2021-06-10T09:00:00,4.034,-,0.000
2021-06-10T08:45:00,4.033,-,0.000
2021-06-10T08:30:00,4.031,-,0.000
2021-06-10T08:15:00,4.030,-,0.000
2021-06-10T08:00:00,4.029,-,0.000
2021-06-10T07:45:00,4.028,-,0.000
2021-06-10T07:30:00,4.027,-,0.000
2021-06-10T07:15:00,4.026,-,0.000
2021-06-10T07:00:00,4.026,-,0.000
2021-06-10T06:45:00,4.025,-,0.000
2021-06-10T06:30:00,4.024,-,0.000
2021-06-10T06:15:00,4.022,-,0.000
2021-06-10T06:00:00,4.022,-,0.000
2021-06-10T05:45:00,4.020,-,0.000
2021-06-10T05:30:00,4.019,-,0.000
2021-06-10T05:15:00,4.018,-,0.000
2021-06-10T05:00:00,4.019,-,0.000
2021-06-10T04:45:00,4.018,-,0.000
2021-06-10T04:30:00,4.018,-,0.000
2021-06-10T04:15:00,4.016,-,0.000
2021-06-10T04:00:00,4.015,-,0.000
2021-06-10T03:45:00,4.014,-,0.000
2021-06-10T03:30:00,4.013,-,0.000
2021-06-10T03:15:00,4.012,-,0.000
2021-06-10T03:00:00,4.010,-,0.000
2021-06-10T02:45:00,4.009,-,0.000
2021-06-10T02:30:00,4.007,-,0.000
2021-06-10T02:15:00,4.006,-,0.000
2021-06-10T02:00:00,4.005,-,0.000
2021-06-10T01:45:00,4.003,-,0.000
2021-06-10T01:30:00,4.002,-,0.000
2021-06-10T01:15:00,4.000,-,0.000
2021-06-10T01:00:00,3.999,-,0.000
2021-06-10T00:45:00,3.998,-,0.000
2021-06-10T00:30:00,3.996,-,0.000
2021-06-10T00:15:00,3.995,-,0.000
2021-06-10T00:00:00,3.993,-,0.000
2021-06-09T23:45:00,3.991,-,0.000
2021-06-09T23:30:00,3.990,-,0.000
2021-06-09T23:15:00,3.988,-,0.000
2021-06-09T23:00:00,3.987,-,0.000
2021-06-09T22:45:00,3.985,-,0.000
2021-06-09T22:30:00,3.983,-,0.000
2021-06-09T22:15:00,3.982,-,0.000
2021-06-09T22:00:00,3.980,-,0.000
2021-06-09T21:45:00,3.979,-,0.000
2021-06-09T21:30:00,3.977,-,0.000
2021-06-09T21:15:00,3.975,-,0.000
2021-06-09T21:00:00,3.974,-,0.000
2021-06-09T20:45:00,3.972,-,0.000
2021-06-09T20:30:00,3.971,-,0.000
2021-06-09T20:15:00,3.969,-,0.000
2021-06-09T20:00:00,3.967,-,0.000
2021-06-09T19:45:00,3.965,-,0.500
2021-06-09T19:30:00,3.965,-,0.000
2021-06-09T19:15:00,3.964,-,0.500
2021-06-09T19:00:00,3.962,-,0.500
2021-06-09T18:45:00,3.958,-,0.000
2021-06-09T18:30:00,3.953,-,0.000
2021-06-09T18:15:00,3.955,-,0.500
2021-06-09T18:00:00,3.955,-,6.500
2021-06-09T17:45:00,3.941,-,1.500
2021-06-09T17:30:00,3.938,-,0.000
2021-06-09T17:15:00,3.937,-,0.000
2021-06-09T17:00:00,3.937,-,0.500
2021-06-09T16:45:00,3.936,-,0.000
2021-06-09T16:30:00,3.935,-,0.000
2021-06-09T16:15:00,3.934,-,0.000
2021-06-09T16:00:00,3.933,-,0.000
2021-06-09T15:45:00,3.933,-,0.500
2021-06-09T15:30:00,3.932,-,0.000
2021-06-09T15:15:00,3.930,-,0.000
2021-06-09T15:00:00,3.930,-,0.000
2021-06-09T14:45:00,3.931,-,1.000
2021-06-09T14:30:00,3.929,-,0.000
2021-06-09T14:15:00,3.929,-,0.000
2021-06-09T14:00:00,3.929,-,0.000
2021-06-09T13:45:00,3.929,-,0.000
2021-06-09T13:30:00,3.928,-,0.000
2021-06-09T13:15:00,3.929,-,0.000
2021-06-09T13:00:00,3.929,-,0.500
2021-06-09T12:45:00,3.929,-,0.000
2021-06-09T12:30:00,3.929,-,0.000
2021-06-09T12:15:00,3.930,-,0.000
2021-06-09T12:00:00,3.930,-,0.000
2021-06-09T11:45:00,3.930,-,0.000
2021-06-09T11:30:00,3.930,-,0.000
2021-06-09T11:15:00,3.930,-,0.000
2021-06-09T11:00:00,3.930,-,0.000
2021-06-09T10:45:00,3.931,-,0.000
2021-06-09T10:30:00,3.931,-,0.000
2021-06-09T10:15:00,3.931,-,0.000
2021-06-09T10:00:00,3.931,-,0.000
2021-06-09T09:45:00,3.931,-,0.000
2021-06-09T09:30:00,3.931,-,0.000
2021-06-09T09:15:00,3.931,-,0.000
2021-06-09T09:00:00,3.932,-,0.000
2021-06-09T08:45:00,3.931,-,0.000
2021-06-09T08:30:00,3.932,-,0.000
2021-06-09T08:15:00,3.932,-,0.000
2021-06-09T08:00:00,3.932,-,0.000
2021-06-09T07:45:00,3.933,-,0.000
2021-06-09T07:30:00,3.932,-,0.000
2021-06-09T07:15:00,3.932,-,0.000
2021-06-09T07:00:00,3.933,-,0.000
2021-06-09T06:45:00,3.932,-,0.000
2021-06-09T06:30:00,3.934,-,0.000
2021-06-09T06:15:00,3.933,-,0.000
2021-06-09T06:00:00,3.933,-,0.000
2021-06-09T05:45:00,3.932,-,0.000
2021-06-09T05:30:00,3.934,-,0.000
2021-06-09T05:15:00,3.934,-,0.000
2021-06-09T05:00:00,3.934,-,0.000
2021-06-09T04:45:00,3.933,-,0.000
2021-06-09T04:30:00,3.933,-,0.000
2021-06-09T04:15:00,3.934,-,0.500
2021-06-09T04:00:00,3.933,-,0.500
2021-06-09T03:45:00,3.934,-,0.500
2021-06-09T03:30:00,3.933,-,0.000
2021-06-09T03:15:00,3.933,-,0.500
2021-06-09T03:00:00,3.932,-,0.000
2021-06-09T02:45:00,3.932,-,0.500
2021-06-09T02:30:00,3.932,-,0.000
2021-06-09T02:15:00,3.932,-,0.500
2021-06-09T02:00:00,3.931,-,0.000
2021-06-09T01:45:00,3.931,-,1.000
2021-06-09T01:30:00,3.932,-,0.500
2021-06-09T01:15:00,3.932,-,1.500
2021-06-09T01:00:00,3.930,-,2.000
2021-06-09T00:45:00,3.927,-,0.500
2021-06-09T00:30:00,3.925,-,0.500
2021-06-09T00:15:00,3.926,-,0.000
2021-06-09T00:00:00,3.927,-,0.500
2021-06-08T23:45:00,3.927,-,1.500
2021-06-08T23:30:00,3.924,-,0.000
2021-06-08T23:15:00,3.924,-,0.000
2021-06-08T23:00:00,3.926,-,0.000
2021-06-08T22:45:00,3.927,-,0.000
2021-06-08T22:30:00,3.926,-,0.000
2021-06-08T22:15:00,3.925,-,0.000
2021-06-08T22:00:00,3.926,-,0.000
2021-06-08T21:45:00,3.925,-,0.000
2021-06-08T21:30:00,3.926,-,0.000
2021-06-08T21:15:00,3.927,-,0.000
2021-06-08T21:00:00,3.927,-,0.000
2021-06-08T20:45:00,3.930,-,0.000
2021-06-08T20:30:00,3.931,-,0.000
2021-06-08T20:15:00,3.932,-,0.000
2021-06-08T20:00:00,3.933,-,0.000
2021-06-08T19:45:00,3.934,-,0.000
2021-06-08T19:30:00,3.934,-,0.000
2021-06-08T19:15:00,3.934,-,0.000
2021-06-08T19:00:00,3.933,-,0.000
2021-06-08T18:45:00,3.935,-,0.000
2021-06-08T18:30:00,3.940,-,0.000
2021-06-08T18:15:00,3.938,-,0.000
2021-06-08T18:00:00,3.943,-,0.000
2021-06-08T17:45:00,3.941,-,0.000
2021-06-08T17:30:00,3.944,-,0.000
2021-06-08T17:15:00,3.945,-,0.000
2021-06-08T17:00:00,3.944,-,0.000
2021-06-08T16:45:00,3.944,-,0.000
2021-06-08T16:30:00,3.946,-,0.000
2021-06-08T16:15:00,3.944,-,0.000
2021-06-08T16:00:00,3.944,-,0.000
2021-06-08T15:45:00,3.949,-,0.000
2021-06-08T15:30:00,3.957,-,0.000
2021-06-08T15:15:00,3.956,-,0.000
2021-06-08T15:00:00,3.961,-,0.000
2021-06-08T14:45:00,3.954,-,0.000
2021-06-08T14:30:00,3.956,-,0.000
2021-06-08T14:15:00,3.966,-,0.000
2021-06-08T14:00:00,3.960,-,0.000
2021-06-08T13:45:00,3.971,-,0.000
2021-06-08T13:30:00,3.996,-,0.000
2021-06-08T13:15:00,3.998,-,0.000
2021-06-08T13:00:00,4.023,-,0.000
2021-06-08T12:45:00,4.051,-,0.000
2021-06-08T12:30:00,4.090,-,0.000
2021-06-08T12:15:00,4.119,-,0.000
2021-06-08T12:00:00,4.160,-,0.000
2021-06-08T11:45:00,4.196,-,0.000
2021-06-08T11:30:00,4.231,-,0.000
2021-06-08T11:15:00,4.233,-,0.000
2021-06-08T11:00:00,4.236,-,0.000
2021-06-08T10:45:00,4.238,-,0.000
2021-06-08T10:30:00,4.242,-,0.000
2021-06-08T10:15:00,4.245,-,0.000
2021-06-08T10:00:00,4.246,-,0.000
2021-06-08T09:45:00,4.250,-,0.000
2021-06-08T09:30:00,4.253,-,0.000
2021-06-08T09:15:00,4.255,-,0.000
2021-06-08T09:00:00,4.259,-,0.000
2021-06-08T08:45:00,4.261,-,0.000
2021-06-08T08:30:00,4.263,-,0.000
2021-06-08T08:15:00,4.266,-,0.000
2021-06-08T08:00:00,4.269,-,0.000
2021-06-08T07:45:00,4.272,-,0.000
2021-06-08T07:30:00,4.275,-,0.000
2021-06-08T07:15:00,4.278,-,0.000
2021-06-08T07:00:00,4.281,-,0.000
2021-06-08T06:45:00,4.284,-,0.000
2021-06-08T06:30:00,4.286,-,0.000
2021-06-08T06:15:00,4.289,-,0.000
2021-06-08T06:00:00,4.292,-,0.000
2021-06-08T05:45:00,4.295,-,0.000
2021-06-08T05:30:00,4.297,-,0.000
2021-06-08T05:15:00,4.299,-,0.000
2021-06-08T05:00:00,4.302,-,0.000
2021-06-08T04:45:00,4.305,-,0.000
2021-06-08T04:30:00,4.307,-,0.000
2021-06-08T04:15:00,4.310,-,0.000
2021-06-08T04:00:00,4.312,-,0.000
2021-06-08T03:45:00,4.315,-,0.000
2021-06-08T03:30:00,4.317,-,0.000
2021-06-08T03:15:00,4.320,-,0.000
2021-06-08T03:00:00,4.322,-,0.000
2021-06-08T02:45:00,4.325,-,0.000
2021-06-08T02:30:00,4.328,-,0.000
2021-06-08T02:15:00,4.331,-,0.000
2021-06-08T02:00:00,4.333,-,0.000
2021-06-08T01:45:00,4.336,-,0.000
2021-06-08T01:30:00,4.338,-,0.000
2021-06-08T01:15:00,4.340,-,0.000
2021-06-08T01:00:00,4.343,-,0.000
2021-06-08T00:45:00,4.346,-,0.000
2021-06-08T00:30:00,4.348,-,0.000
2021-06-08T00:15:00,4.350,-,0.000
2021-06-08T00:00:00,4.353,-,0.000
2021-06-21T23:45:00,4.678,-,0.000
2021-06-21T23:30:00,4.678,-,0.000
2021-06-21T23:15:00,4.680,-,0.000
2021-06-21T23:00:00,4.681,-,0.000
2021-06-21T22:45:00,4.683,-,0.000
2021-06-21T22:30:00,4.684,-,0.000
2021-06-21T22:15:00,4.686,-,0.000
2021-06-21T22:00:00,4.687,-,0.000
2021-06-21T21:45:00,4.688,-,0.000
2021-06-21T21:30:00,4.689,-,0.000
2021-06-21T21:15:00,4.690,-,0.000
2021-06-21T21:00:00,4.691,-,0.000
2021-06-21T20:45:00,4.692,-,0.000
2021-06-21T20:30:00,4.694,-,0.000
2021-06-21T20:15:00,4.695,-,0.000
2021-06-21T20:00:00,4.696,-,0.000
2021-06-21T19:45:00,4.698,-,0.000
2021-06-21T19:30:00,4.699,-,0.000
2021-06-21T19:15:00,4.700,-,0.000
2021-06-21T19:00:00,4.701,-,0.000
2021-06-21T18:45:00,4.702,-,0.000
2021-06-21T18:30:00,4.702,-,0.000
2021-06-21T18:15:00,4.703,-,0.000
2021-06-21T18:00:00,4.708,-,0.000
2021-06-21T17:45:00,4.708,-,0.000
2021-06-21T17:30:00,4.709,-,0.000
2021-06-21T17:15:00,4.709,-,0.000
2021-06-21T17:00:00,4.709,-,0.000
2021-06-21T16:45:00,4.710,-,0.000
2021-06-21T16:30:00,4.710,-,0.000
2021-06-21T16:15:00,4.711,-,0.000
2021-06-21T16:00:00,4.711,-,0.000
2021-06-21T15:45:00,4.711,-,0.000
2021-06-21T15:30:00,4.712,-,0.000
2021-06-21T15:15:00,4.712,-,0.000
2021-06-21T15:00:00,4.714,-,0.000
2021-06-21T14:45:00,4.714,-,0.000
2021-06-21T14:30:00,4.714,-,0.000
2021-06-21T14:15:00,4.716,-,0.000
2021-06-21T14:00:00,4.715,-,0.000
2021-06-21T13:45:00,4.715,-,0.000
2021-06-21T13:30:00,4.715,-,0.000
2021-06-21T13:15:00,4.715,-,0.000
2021-06-21T13:00:00,4.716,-,0.000
2021-06-21T12:45:00,4.716,-,0.000
2021-06-21T12:30:00,4.717,-,0.000
2021-06-21T12:15:00,4.716,-,0.000
2021-06-21T12:00:00,4.717,-,0.000
2021-06-21T11:45:00,4.717,-,0.000
2021-06-21T11:30:00,4.717,-,0.000
2021-06-21T11:15:00,4.716,-,0.000
2021-06-21T11:00:00,4.716,-,0.000
2021-06-21T10:45:00,4.717,-,0.000
2021-06-21T10:30:00,4.717,-,0.000
2021-06-21T10:15:00,4.717,-,0.000
2021-06-21T10:00:00,4.717,-,0.000
2021-06-21T09:45:00,4.716,-,0.000
2021-06-21T09:30:00,4.717,-,0.000
2021-06-21T09:15:00,4.716,-,0.000
2021-06-21T09:00:00,4.715,-,0.000
2021-06-21T08:45:00,4.715,-,0.000
2021-06-21T08:30:00,4.715,-,0.000
2021-06-21T08:15:00,4.714,-,0.000
2021-06-21T08:00:00,4.713,-,0.000
2021-06-21T07:45:00,4.712,-,0.000
2021-06-21T07:30:00,4.712,-,0.000
2021-06-21T07:15:00,4.712,-,0.000
2021-06-21T07:00:00,4.712,-,0.000
2021-06-21T06:45:00,4.710,-,0.000
2021-06-21T06:30:00,4.708,-,0.000
2021-06-21T06:15:00,4.708,-,0.000
2021-06-21T06:00:00,4.708,-,0.000
2021-06-21T05:45:00,4.708,-,0.000
2021-06-21T05:30:00,4.709,-,0.000
2021-06-21T05:15:00,4.709,-,0.000
2021-06-21T05:00:00,4.710,-,0.000
2021-06-21T04:45:00,4.710,-,0.000
2021-06-21T04:30:00,4.710,-,0.000
2021-06-21T04:15:00,4.710,-,0.000
2021-06-21T04:00:00,4.710,-,0.000
2021-06-21T03:45:00,4.709,-,0.000
2021-06-21T03:30:00,4.709,-,0.000
2021-06-21T03:15:00,4.709,-,0.000
2021-06-21T03:00:00,4.709,-,0.000
2021-06-21T02:45:00,4.708,-,0.000
2021-06-21T02:30:00,4.708,-,0.000
2021-06-21T02:15:00,4.708,-,0.000
2021-06-21T02:00:00,4.707,-,0.000
2021-06-21T01:45:00,4.706,-,0.000
2021-06-21T01:30:00,4.705,-,0.000
2021-06-21T01:15:00,4.704,-,0.000
2021-06-21T01:00:00,4.704,-,0.000
2021-06-21T00:45:00,4.703,-,0.000
2021-06-21T00:30:00,4.702,-,0.000
2021-06-21T00:15:00,4.701,-,0.000
2021-06-21T00:00:00,4.700,-,0.000
2021-06-20T23:45:00,4.699,-,0.000
2021-06-20T23:30:00,4.697,-,0.000
2021-06-20T23:15:00,4.695,-,0.000
2021-06-20T23:00:00,4.695,-,0.000
2021-06-20T22:45:00,4.692,-,0.000
2021-06-20T22:30:00,4.690,-,0.000
2021-06-20T22:15:00,4.687,-,0.000
2021-06-20T22:00:00,4.687,-,0.000
2021-06-20T21:45:00,4.684,-,0.000
2021-06-20T21:30:00,4.682,-,0.000
2021-06-20T21:15:00,4.680,-,0.000
2021-06-20T21:00:00,4.677,-,0.000
2021-06-20T20:45:00,4.675,-,0.000
2021-06-20T20:30:00,4.672,-,0.000
2021-06-20T20:15:00,4.670,-,0.000
2021-06-20T20:00:00,4.665,-,0.000
2021-06-20T19:45:00,4.666,-,0.000
2021-06-20T19:30:00,4.662,-,0.000
2021-06-20T19:15:00,4.654,-,0.000
2021-06-20T19:00:00,4.655,-,0.000
2021-06-20T18:45:00,4.641,-,0.000
2021-06-20T18:30:00,4.646,-,0.000
2021-06-20T18:15:00,4.652,-,0.000
2021-06-20T18:00:00,4.657,-,0.000
2021-06-20T17:45:00,4.661,-,0.000
2021-06-20T17:30:00,4.664,-,0.000
2021-06-20T17:15:00,4.668,-,0.000
2021-06-20T17:00:00,4.671,-,0.000
2021-06-20T16:45:00,4.675,-,0.000
2021-06-20T16:30:00,4.680,-,0.000
2021-06-20T16:15:00,4.686,-,0.000
2021-06-20T16:00:00,4.693,-,0.000
2021-06-20T15:45:00,4.696,-,0.000
2021-06-20T15:30:00,4.695,-,0.000
2021-06-20T15:15:00,4.698,-,0.000
2021-06-20T15:00:00,4.695,-,0.000
2021-06-20T14:45:00,4.709,-,0.000
2021-06-20T14:30:00,4.719,-,0.000
2021-06-20T14:15:00,4.732,-,0.000
2021-06-20T14:00:00,4.744,-,0.000
2021-06-20T13:45:00,4.758,-,0.000
2021-06-20T13:30:00,4.767,-,0.000
2021-06-20T13:15:00,4.782,-,0.000
2021-06-20T13:00:00,4.794,-,0.000
2021-06-20T12:45:00,4.806,-,0.000
2021-06-20T12:30:00,4.818,-,0.000
2021-06-20T12:15:00,4.835,-,0.000
2021-06-20T12:00:00,4.844,-,0.000
2021-06-20T11:45:00,4.860,-,0.000
2021-06-20T11:30:00,4.882,-,0.000
2021-06-20T11:15:00,4.889,-,0.000
2021-06-20T11:00:00,4.916,-,0.000
2021-06-20T10:45:00,4.918,-,0.000
2021-06-20T10:30:00,4.921,-,0.000
2021-06-20T10:15:00,4.923,-,0.000
2021-06-20T10:00:00,4.924,-,0.000
2021-06-20T09:45:00,4.928,-,0.000
2021-06-20T09:30:00,4.928,-,0.000
2021-06-20T09:15:00,4.936,-,0.000
2021-06-20T09:00:00,4.935,-,0.000
2021-06-20T08:45:00,4.922,-,0.000
2021-06-20T08:30:00,4.912,-,0.000
2021-06-20T08:15:00,4.895,-,0.000
2021-06-20T08:00:00,4.883,-,0.000
2021-06-20T07:45:00,4.868,-,0.000
2021-06-20T07:30:00,4.848,-,0.000
2021-06-20T07:15:00,4.836,-,0.000
2021-06-20T07:00:00,4.815,-,0.000
2021-06-20T06:45:00,4.799,-,0.000
2021-06-20T06:30:00,4.786,-,0.000
2021-06-20T06:15:00,4.773,-,0.000
2021-06-20T06:00:00,4.762,-,0.000
2021-06-20T05:45:00,4.754,-,0.000
2021-06-20T05:30:00,4.747,-,0.000
2021-06-20T05:15:00,4.741,-,0.000
2021-06-20T05:00:00,4.738,-,0.000
2021-06-20T04:45:00,4.736,-,0.000
2021-06-20T04:30:00,4.729,-,0.000
2021-06-20T04:15:00,4.727,-,0.500
2021-06-20T04:00:00,4.720,-,0.000
2021-06-20T03:45:00,4.714,-,0.000
2021-06-20T03:30:00,4.708,-,0.000
2021-06-20T03:15:00,4.702,-,0.000
2021-06-20T03:00:00,4.695,-,0.000
2021-06-20T02:45:00,4.688,-,0.500
2021-06-20T02:30:00,4.682,-,0.000
2021-06-20T02:15:00,4.677,-,1.000
2021-06-20T02:00:00,4.672,-,1.000
2021-06-20T01:45:00,4.667,-,1.000
2021-06-20T01:30:00,4.661,-,0.500
2021-06-20T01:15:00,4.655,-,1.000
2021-06-20T01:00:00,4.651,-,10.500
2021-06-20T00:45:00,4.649,-,5.500
2021-06-20T00:30:00,4.635,-,0.000
2021-06-20T00:15:00,4.632,-,0.000
2021-06-20T00:00:00,4.628,-,0.000
2021-06-19T23:45:00,4.624,-,0.000
2021-06-19T23:30:00,4.622,-,0.000
2021-06-19T23:15:00,4.617,-,0.000
2021-06-19T23:00:00,4.614,-,0.000
2021-06-19T22:45:00,4.617,-,0.000
2021-06-19T22:30:00,4.613,-,0.000
2021-06-19T22:15:00,4.612,-,0.000
2021-06-19T22:00:00,4.614,-,0.000
2021-06-19T21:45:00,4.613,-,0.000
2021-06-19T21:30:00,4.612,-,0.000
2021-06-19T21:15:00,4.612,-,0.000
2021-06-19T21:00:00,4.612,-,0.000
2021-06-19T20:45:00,4.613,-,0.000
2021-06-19T20:30:00,4.612,-,0.000
2021-06-19T20:15:00,4.612,-,0.000
2021-06-19T20:00:00,4.612,-,0.000
2021-06-19T19:45:00,4.611,-,0.000
2021-06-19T19:30:00,4.611,-,0.000
2021-06-19T19:15:00,4.611,-,0.000
2021-06-19T19:00:00,4.610,-,0.000
2021-06-19T18:45:00,4.610,-,0.000
2021-06-19T18:30:00,4.610,-,0.000
2021-06-19T18:15:00,4.609,-,0.000
2021-06-19T18:00:00,4.609,-,0.000
2021-06-19T17:45:00,4.608,-,0.000
2021-06-19T17:30:00,4.607,-,0.000
2021-06-19T17:15:00,4.607,-,0.000
2021-06-19T17:00:00,4.606,-,0.000
2021-06-19T16:45:00,4.605,-,0.000
2021-06-19T16:30:00,4.605,-,0.000
2021-06-19T16:15:00,4.603,-,0.000
2021-06-19T16:00:00,4.603,-,0.000
2021-06-19T15:45:00,4.602,-,0.000
2021-06-19T15:30:00,4.599,-,0.000
2021-06-19T15:15:00,4.598,-,0.000
2021-06-19T15:00:00,4.597,-,0.000
2021-06-19T14:45:00,4.596,-,0.000
2021-06-19T14:30:00,4.596,-,0.000
2021-06-19T14:15:00,4.597,-,0.000
2021-06-19T14:00:00,4.593,-,0.000
2021-06-19T13:45:00,4.592,-,0.000
2021-06-19T13:30:00,4.592,-,0.000
2021-06-19T13:15:00,4.589,-,0.000
2021-06-19T13:00:00,4.587,-,0.000
2021-06-19T12:45:00,4.589,-,0.000
2021-06-19T12:30:00,4.584,-,0.000
2021-06-19T12:15:00,4.585,-,0.000
2021-06-19T12:00:00,4.583,-,0.000
2021-06-19T11:45:00,4.580,-,0.000
2021-06-19T11:30:00,4.578,-,0.000
2021-06-19T11:15:00,4.576,-,0.000
2021-06-19T11:00:00,4.573,-,0.000
2021-06-19T10:45:00,4.571,-,0.000
2021-06-19T10:30:00,4.566,-,0.000
2021-06-19T10:15:00,4.563,-,0.000
2021-06-19T10:00:00,4.558,-,0.000
2021-06-19T09:45:00,4.555,-,0.000
2021-06-19T09:30:00,4.549,-,0.000
2021-06-19T09:15:00,4.545,-,0.000
2021-06-19T09:00:00,4.542,-,0.000
2021-06-19T08:45:00,4.538,-,0.000
2021-06-19T08:30:00,4.534,-,0.000
2021-06-19T08:15:00,4.531,-,0.000
2021-06-19T08:00:00,4.527,-,0.000
2021-06-19T07:45:00,4.524,-,0.000
2021-06-19T07:30:00,4.520,-,0.000
2021-06-19T07:15:00,4.517,-,0.000
2021-06-19T07:00:00,4.512,-,0.000
2021-06-19T06:45:00,4.509,-,0.000
2021-06-19T06:30:00,4.505,-,0.000
2021-06-19T06:15:00,4.502,-,0.000
2021-06-19T06:00:00,4.498,-,0.000
2021-06-19T05:45:00,4.495,-,0.000
2021-06-19T05:30:00,4.491,-,0.000
2021-06-19T05:15:00,4.487,-,0.000
2021-06-19T05:00:00,4.483,-,0.000
2021-06-19T04:45:00,4.479,-,0.000
2021-06-19T04:30:00,4.476,-,0.000
2021-06-19T04:15:00,4.472,-,0.000
2021-06-19T04:00:00,4.468,-,0.000
2021-06-19T03:45:00,4.464,-,0.000
2021-06-19T03:30:00,4.460,-,0.000
2021-06-19T03:15:00,4.457,-,0.000
2021-06-19T03:00:00,4.453,-,0.000
2021-06-19T02:45:00,4.449,-,0.000
2021-06-19T02:30:00,4.445,-,0.000
2021-06-19T02:15:00,4.440,-,0.000
2021-06-19T02:00:00,4.437,-,0.000
2021-06-19T01:45:00,4.432,-,0.000
2021-06-19T01:30:00,4.429,-,0.000
2021-06-19T01:15:00,4.425,-,0.000
2021-06-19T01:00:00,4.422,-,0.000
2021-06-19T00:45:00,4.419,-,0.000
2021-06-19T00:30:00,4.417,-,0.000
2021-06-19T00:15:00,4.413,-,0.000
2021-06-19T00:00:00,4.410,-,0.000
2021-06-18T23:45:00,4.408,-,0.000
2021-06-18T23:30:00,4.406,-,0.000
2021-06-18T23:15:00,4.404,-,0.000
2021-06-18T23:00:00,4.403,-,0.000
2021-06-18T22:45:00,4.403,-,0.000
2021-06-18T22:30:00,4.403,-,0.000
2021-06-18T22:15:00,4.402,-,0.000
2021-06-18T22:00:00,4.403,-,0.000
2021-06-18T21:45:00,4.404,-,0.000
2021-06-18T21:30:00,4.403,-,0.000
2021-06-18T21:15:00,4.403,-,0.000
2021-06-18T21:00:00,4.405,-,0.000
2021-06-18T20:45:00,4.405,-,0.000
2021-06-18T20:30:00,4.406,-,0.000
2021-06-18T20:15:00,4.406,-,0.000
2021-06-18T20:00:00,4.405,-,0.000
2021-06-18T19:45:00,4.406,-,0.000
2021-06-18T19:30:00,4.407,-,0.000
2021-06-18T19:15:00,4.407,-,0.000
2021-06-18T19:00:00,4.407,-,0.000
2021-06-18T18:45:00,4.407,-,0.000
2021-06-18T18:30:00,4.406,-,0.000
2021-06-18T18:15:00,4.408,-,0.000
2021-06-18T18:00:00,4.408,-,0.000
2021-06-18T17:45:00,4.408,-,0.000
2021-06-18T17:30:00,4.408,-,0.000
2021-06-18T17:15:00,4.408,-,0.000
2021-06-18T17:00:00,4.407,-,0.000
2021-06-18T16:45:00,4.408,-,0.000
2021-06-18T16:30:00,4.408,-,0.000
2021-06-18T16:15:00,4.409,-,0.000
2021-06-18T16:00:00,4.409,-,0.000
2021-06-18T15:45:00,4.408,-,0.000
2021-06-18T15:30:00,4.409,-,0.000
2021-06-18T15:15:00,4.409,-,0.000
2021-06-18T15:00:00,4.409,-,0.000
2021-06-18T14:45:00,4.408,-,0.000
2021-06-18T14:30:00,4.409,-,0.000
2021-06-18T14:15:00,4.408,-,0.000
2021-06-18T14:00:00,4.408,-,0.000
2021-06-18T13:45:00,4.407,-,0.000
2021-06-18T13:30:00,4.408,-,0.000
2021-06-18T13:15:00,4.407,-,0.000
2021-06-18T13:00:00,4.408,-,0.000
2021-06-18T12:45:00,4.407,-,0.000
2021-06-18T12:30:00,4.407,-,0.000
2021-06-18T12:15:00,4.408,-,0.000
2021-06-18T12:00:00,4.407,-,0.000
2021-06-18T11:45:00,4.407,-,0.000
2021-06-18T11:30:00,4.407,-,0.000
2021-06-18T11:15:00,4.409,-,0.000
2021-06-18T11:00:00,4.406,-,0.000
2021-06-18T10:45:00,4.406,-,0.000
2021-06-18T10:30:00,4.406,-,0.000
2021-06-18T10:15:00,4.405,-,0.000
2021-06-18T10:00:00,4.406,-,0.000
2021-06-18T09:45:00,4.406,-,0.000
2021-06-18T09:30:00,4.404,-,0.000
2021-06-18T09:15:00,4.404,-,0.000
2021-06-18T09:00:00,4.403,-,0.000
2021-06-18T08:45:00,4.403,-,0.000
2021-06-18T08:30:00,4.404,-,0.000
2021-06-18T08:15:00,4.404,-,0.000
2021-06-18T08:00:00,4.405,-,0.000
2021-06-18T07:45:00,4.405,-,0.000
2021-06-18T07:30:00,4.405,-,0.000
2021-06-18T07:15:00,4.406,-,0.000
2021-06-18T07:00:00,4.406,-,0.000
2021-06-18T06:45:00,4.406,-,0.000
2021-06-18T06:30:00,4.407,-,0.000
2021-06-18T06:15:00,4.407,-,0.000
2021-06-18T06:00:00,4.407,-,0.000
2021-06-18T05:45:00,4.408,-,0.000
2021-06-18T05:30:00,4.408,-,0.000
2021-06-18T05:15:00,4.408,-,0.000
2021-06-18T05:00:00,4.408,-,0.000
2021-06-18T04:45:00,4.409,-,0.000
2021-06-18T04:30:00,4.409,-,0.000
2021-06-18T04:15:00,4.409,-,0.000
2021-06-18T04:00:00,4.410,-,0.000
2021-06-18T03:45:00,4.410,-,0.000
2021-06-18T03:30:00,4.410,-,0.000
2021-06-18T03:15:00,4.411,-,0.000
2021-06-18T03:00:00,4.411,-,0.000
2021-06-18T02:45:00,4.411,-,0.000
2021-06-18T02:30:00,4.412,-,0.000
2021-06-18T02:15:00,4.412,-,0.000
2021-06-18T02:00:00,4.413,-,0.000
2021-06-18T01:45:00,4.413,-,0.000
2021-06-18T01:30:00,4.413,-,0.000
2021-06-18T01:15:00,4.413,-,0.000
2021-06-18T01:00:00,4.413,-,0.000
2021-06-18T00:45:00,4.413,-,0.000
2021-06-18T00:30:00,4.414,-,0.000
2021-06-18T00:15:00,4.414,-,0.000
2021-06-18T00:00:00,4.414,-,0.000
2021-06-17T23:45:00,4.415,-,0.000
2021-06-17T23:30:00,4.415,-,0.000
2021-06-17T23:15:00,4.415,-,0.000
2021-06-17T23:00:00,4.414,-,0.000
2021-06-17T22:45:00,4.414,-,0.000
2021-06-17T22:30:00,4.413,-,0.000
2021-06-17T22:15:00,4.412,-,0.000
2021-06-17T22:00:00,4.412,-,0.000
2021-06-17T21:45:00,4.412,-,0.000
2021-06-17T21:30:00,4.413,-,0.000
2021-06-17T21:15:00,4.414,-,0.000
2021-06-17T21:00:00,4.416,-,0.000
2021-06-17T20:45:00,4.413,-,0.000
2021-06-17T20:30:00,4.411,-,0.000
2021-06-17T20:15:00,4.413,-,0.000
2021-06-17T20:00:00,4.414,-,0.000
2021-06-17T19:45:00,4.416,-,0.000
2021-06-17T19:30:00,4.417,-,0.000
2021-06-17T19:15:00,4.419,-,0.000
2021-06-17T19:00:00,4.421,-,0.000
2021-06-17T18:45:00,4.423,-,0.000
2021-06-17T18:30:00,4.424,-,0.000
2021-06-17T18:15:00,4.425,-,0.000
2021-06-17T18:00:00,4.427,-,0.000
2021-06-17T17:45:00,4.429,-,0.000
2021-06-17T17:30:00,4.431,-,0.000
2021-06-17T17:15:00,4.432,-,0.000
2021-06-17T17:00:00,4.433,-,0.000
2021-06-17T16:45:00,4.435,-,0.000
2021-06-17T16:30:00,4.437,-,0.000
2021-06-17T16:15:00,4.440,-,0.000
2021-06-17T16:00:00,4.441,-,0.000
2021-06-17T15:45:00,4.443,-,0.000
2021-06-17T15:30:00,4.448,-,0.000
2021-06-17T15:15:00,4.450,-,0.000
2021-06-17T15:00:00,4.451,-,0.000
2021-06-17T14:45:00,4.454,-,0.000
2021-06-17T14:30:00,4.455,-,0.000
2021-06-17T14:15:00,4.461,-,0.000
2021-06-17T14:00:00,4.461,-,0.000
2021-06-17T13:45:00,4.463,-,0.000
2021-06-17T13:30:00,4.463,-,0.000
2021-06-17T13:15:00,4.466,-,0.000
2021-06-17T13:00:00,4.468,-,0.000
2021-06-17T12:45:00,4.470,-,0.000
2021-06-17T12:30:00,4.473,-,0.000
2021-06-17T12:15:00,4.476,-,0.000
2021-06-17T12:00:00,4.479,-,0.000
2021-06-17T11:45:00,4.480,-,0.000
2021-06-17T11:30:00,4.483,-,0.000
2021-06-17T11:15:00,4.485,-,0.000
2021-06-17T11:00:00,4.487,-,0.000
2021-06-17T10:45:00,4.489,-,0.000
2021-06-17T10:30:00,4.492,-,0.000
2021-06-17T10:15:00,4.494,-,0.000
2021-06-17T10:00:00,4.496,-,0.000
2021-06-17T09:45:00,4.498,-,0.000
2021-06-17T09:30:00,4.500,-,0.000
2021-06-17T09:15:00,4.502,-,0.000
2021-06-17T09:00:00,4.505,-,0.000
2021-06-17T08:45:00,4.507,-,0.000
2021-06-17T08:30:00,4.508,-,2.500
2021-06-17T08:15:00,4.509,-,0.000
2021-06-17T08:00:00,4.512,-,0.000
2021-06-17T07:45:00,4.514,-,0.000
2021-06-17T07:30:00,4.517,-,0.000
2021-06-17T07:15:00,4.519,-,0.000
2021-06-17T07:00:00,4.521,-,0.000
2021-06-17T06:45:00,4.523,-,0.000
2021-06-17T06:30:00,4.526,-,0.000
2021-06-17T06:15:00,4.528,-,0.000
2021-06-17T06:00:00,4.531,-,0.000
2021-06-17T05:45:00,4.533,-,0.000
2021-06-17T05:30:00,4.535,-,0.000
2021-06-17T05:15:00,4.537,-,0.000
2021-06-17T05:00:00,4.539,-,0.000
2021-06-17T04:45:00,4.541,-,0.000
2021-06-17T04:30:00,4.543,-,0.000
2021-06-17T04:15:00,4.546,-,0.000
2021-06-17T04:00:00,4.547,-,0.000
2021-06-17T03:45:00,4.549,-,0.000
2021-06-17T03:30:00,4.552,-,0.000
2021-06-17T03:15:00,4.554,-,0.000
2021-06-17T03:00:00,4.556,-,0.000
2021-06-17T02:45:00,4.558,-,0.000
2021-06-17T02:30:00,4.561,-,0.000
2021-06-17T02:15:00,4.563,-,0.000
2021-06-17T02:00:00,4.565,-,0.000
2021-06-17T01:45:00,4.567,-,0.000
2021-06-17T01:30:00,4.569,-,0.000
2021-06-17T01:15:00,4.572,-,0.000
2021-06-17T01:00:00,4.574,-,0.000
2021-06-17T00:45:00,4.577,-,0.000
2021-06-17T00:30:00,4.580,-,0.000
2021-06-17T00:15:00,4.581,-,0.000
2021-06-17T00:00:00,4.584,-,0.000
2021-06-16T23:45:00,4.587,-,0.000
2021-06-16T23:30:00,4.588,-,0.000
2021-06-16T23:15:00,4.589,-,0.000
2021-06-16T23:00:00,4.592,-,0.000
2021-06-16T22:45:00,4.594,-,0.000
2021-06-16T22:30:00,4.596,-,0.000
2021-06-16T22:15:00,4.597,-,0.000
2021-06-16T22:00:00,4.600,-,0.000
2021-06-16T21:45:00,4.602,-,0.000
2021-06-16T21:30:00,4.604,-,0.000
2021-06-16T21:15:00,4.605,-,0.000
2021-06-16T21:00:00,4.608,-,0.000
2021-06-16T20:45:00,4.610,-,0.000
2021-06-16T20:30:00,4.612,-,0.000
2021-06-16T20:15:00,4.614,-,0.000
2021-06-16T20:00:00,4.615,-,0.000
2021-06-16T19:45:00,4.615,-,0.000
2021-06-16T19:30:00,4.617,-,0.000
2021-06-16T19:15:00,4.624,-,0.000
2021-06-16T19:00:00,4.624,-,0.000
2021-06-16T18:45:00,4.625,-,0.000
2021-06-16T18:30:00,4.627,-,0.000
2021-06-16T18:15:00,4.628,-,0.000
2021-06-16T18:00:00,4.627,-,0.000
2021-06-16T17:45:00,4.629,-,0.000
2021-06-16T17:30:00,4.629,-,0.000
2021-06-16T17:15:00,4.631,-,0.500
2021-06-16T17:00:00,4.632,-,0.500
2021-06-16T16:45:00,4.631,-,1.000
2021-06-16T16:30:00,4.632,-,2.500
2021-06-16T16:15:00,4.635,-,2.000
2021-06-16T16:00:00,4.635,-,0.000
2021-06-16T15:45:00,4.633,-,0.000
2021-06-16T15:30:00,4.633,-,0.500
2021-06-16T15:15:00,4.636,-,0.000
2021-06-16T15:00:00,4.638,-,0.000
2021-06-16T14:45:00,4.641,-,1.500
2021-06-16T14:30:00,4.641,-,0.500
2021-06-16T14:15:00,4.641,-,0.000
2021-06-16T14:00:00,4.643,-,0.000
2021-06-16T13:45:00,4.645,-,1.000
2021-06-16T13:30:00,4.647,-,0.000
2021-06-16T13:15:00,4.649,-,0.000
2021-06-16T13:00:00,4.651,-,0.000
2021-06-16T12:45:00,4.653,-,0.000
2021-06-16T12:30:00,4.655,-,0.000
2021-06-16T12:15:00,4.656,-,0.000
2021-06-16T12:00:00,4.658,-,0.000
2021-06-16T11:45:00,4.659,-,0.000
2021-06-16T11:30:00,4.661,-,0.000
2021-06-16T11:15:00,4.663,-,0.000
2021-06-16T11:00:00,4.664,-,0.000
2021-06-16T10:45:00,4.666,-,0.000
2021-06-16T10:30:00,4.669,-,0.000
2021-06-16T10:15:00,4.670,-,0.000
2021-06-16T10:00:00,4.672,-,0.000
2021-06-16T09:45:00,4.673,-,0.000
2021-06-16T09:30:00,4.675,-,0.000
2021-06-16T09:15:00,4.676,-,0.000
2021-06-16T09:00:00,4.678,-,0.000
2021-06-16T08:45:00,4.679,-,0.000
2021-06-16T08:30:00,4.681,-,0.000
2021-06-16T08:15:00,4.683,-,0.000
2021-06-16T08:00:00,4.685,-,0.000
2021-06-16T07:45:00,4.687,-,0.000
2021-06-16T07:30:00,4.689,-,0.000
2021-06-16T07:15:00,4.691,-,0.000
2021-06-16T07:00:00,4.693,-,0.000
2021-06-16T06:45:00,4.695,-,0.000
2021-06-16T06:30:00,4.696,-,0.000
2021-06-16T06:15:00,4.699,-,0.000
2021-06-16T06:00:00,4.701,-,0.000
2021-06-16T05:45:00,4.703,-,0.000
2021-06-16T05:30:00,4.705,-,0.000
2021-06-16T05:15:00,4.707,-,0.000
2021-06-16T05:00:00,4.709,-,0.000
2021-06-16T04:45:00,4.711,-,0.000
2021-06-16T04:30:00,4.712,-,0.000
2021-06-16T04:15:00,4.714,-,0.000
2021-06-16T04:00:00,4.716,-,0.000
2021-06-16T03:45:00,4.717,-,0.000
2021-06-16T03:30:00,4.720,-,0.000
2021-06-16T03:15:00,4.722,-,0.000
2021-06-16T03:00:00,4.723,-,0.000
2021-06-16T02:45:00,4.725,-,0.000
2021-06-16T02:30:00,4.727,-,0.000
2021-06-16T02:15:00,4.729,-,0.000
2021-06-16T02:00:00,4.731,-,0.000
2021-06-16T01:45:00,4.734,-,0.000
2021-06-16T01:30:00,4.735,-,0.000
2021-06-16T01:15:00,4.736,-,0.000
2021-06-16T01:00:00,4.739,-,0.000
2021-06-16T00:45:00,4.740,-,0.000
2021-06-16T00:30:00,4.742,-,0.000
2021-06-16T00:15:00,4.745,-,0.000
2021-06-16T00:00:00,4.746,-,0.000
2021-06-15T23:45:00,4.748,-,0.000
2021-06-15T23:30:00,4.750,-,0.000
2021-06-15T23:15:00,4.752,-,0.000
2021-06-15T23:00:00,4.753,-,0.000
2021-06-15T22:45:00,4.756,-,0.000
2021-06-15T22:30:00,4.758,-,0.000
2021-06-15T22:15:00,4.760,-,0.000
2021-06-15T22:00:00,4.762,-,0.000
2021-06-15T21:45:00,4.763,-,0.000
2021-06-15T21:30:00,4.765,-,0.000
2021-06-15T21:15:00,4.768,-,0.000
2021-06-15T21:00:00,4.770,-,0.000
2021-06-15T20:45:00,4.772,-,0.000
2021-06-15T20:30:00,4.774,-,0.000
2021-06-15T20:15:00,4.775,-,0.000
2021-06-15T20:00:00,4.777,-,0.000
2021-06-15T19:45:00,4.779,-,0.000
2021-06-15T19:30:00,4.781,-,0.000
2021-06-15T19:15:00,4.782,-,0.000
2021-06-15T19:00:00,4.783,-,0.000
2021-06-15T18:45:00,4.785,-,0.000
2021-06-15T18:30:00,4.787,-,0.000
2021-06-15T18:15:00,4.790,-,0.000
2021-06-15T18:00:00,4.791,-,0.000
2021-06-15T17:45:00,4.791,-,0.000
2021-06-15T17:30:00,4.793,-,0.000
2021-06-15T17:15:00,4.795,-,0.000
2021-06-15T17:00:00,4.796,-,0.000
2021-06-15T16:45:00,4.794,-,0.000
2021-06-15T16:30:00,4.795,-,0.000
2021-06-15T16:15:00,4.800,-,0.000
2021-06-15T16:00:00,4.803,-,0.000
2021-06-15T15:45:00,4.811,-,0.000
2021-06-15T15:30:00,4.806,-,0.000
2021-06-15T15:15:00,4.798,-,0.000
2021-06-15T15:00:00,4.805,-,0.000
2021-06-15T14:45:00,4.812,-,0.000
2021-06-15T14:30:00,4.820,-,0.000
2021-06-15T14:15:00,4.828,-,0.000
2021-06-15T14:00:00,4.835,-,0.000
2021-06-15T13:45:00,4.842,-,0.000
2021-06-15T13:30:00,4.848,-,0.000
2021-06-15T13:15:00,4.855,-,0.000
2021-06-15T13:00:00,4.862,-,0.000
2021-06-15T12:45:00,4.869,-,0.000
2021-06-15T12:30:00,4.876,-,0.000
2021-06-15T12:15:00,4.881,-,0.000
2021-06-15T12:00:00,4.889,-,0.000
2021-06-15T11:45:00,4.895,-,0.000
2021-06-15T11:30:00,4.900,-,0.000
2021-06-15T11:15:00,4.903,-,0.000
2021-06-15T11:00:00,4.905,-,0.000
2021-06-15T10:45:00,4.906,-,0.000
2021-06-15T10:30:00,4.915,-,0.000
2021-06-15T10:15:00,4.919,-,0.000
2021-06-15T10:00:00,4.921,-,0.000
2021-06-15T09:45:00,4.918,-,0.000
2021-06-15T09:30:00,4.914,-,0.000
2021-06-15T09:15:00,4.909,-,0.000
2021-06-15T09:00:00,4.904,-,0.000
2021-06-15T08:45:00,4.899,-,0.000
2021-06-15T08:30:00,4.894,-,0.000
2021-06-15T08:15:00,4.888,-,0.000
2021-06-15T08:00:00,4.883,-,0.000
2021-06-15T07:45:00,4.877,-,0.000
2021-06-15T07:30:00,4.871,-,0.000
2021-06-15T07:15:00,4.866,-,0.000
2021-06-15T07:00:00,4.861,-,0.000
2021-06-15T06:45:00,4.855,-,0.000
2021-06-15T06:30:00,4.850,-,0.000
2021-06-15T06:15:00,4.844,-,0.000
2021-06-15T06:00:00,4.839,-,0.000
2021-06-15T05:45:00,4.833,-,0.000
2021-06-15T05:30:00,4.828,-,0.000
2021-06-15T05:15:00,4.821,-,0.000
2021-06-15T05:00:00,4.815,-,0.000
2021-06-15T04:45:00,4.810,-,0.000
2021-06-15T04:30:00,4.804,-,0.000
2021-06-15T04:15:00,4.798,-,0.000
2021-06-15T04:00:00,4.792,-,0.000
2021-06-15T03:45:00,4.787,-,0.000
2021-06-15T03:30:00,4.782,-,0.000
2021-06-15T03:15:00,4.776,-,0.000
2021-06-15T03:00:00,4.771,-,0.000
2021-06-15T02:45:00,4.765,-,0.000
2021-06-15T02:30:00,4.758,-,0.000
2021-06-15T02:15:00,4.752,-,0.000
2021-06-15T02:00:00,4.746,-,0.000
2021-06-15T01:45:00,4.740,-,0.000
2021-06-15T01:30:00,4.734,-,0.000
2021-06-15T01:15:00,4.728,-,0.000
2021-06-15T01:00:00,4.722,-,0.000
2021-06-15T00:45:00,4.715,-,0.000
2021-06-15T00:30:00,4.710,-,0.000
2021-06-15T00:15:00,4.704,-,0.000
2021-06-15T00:00:00,4.698,-,0.000
2021-06-26T02:00:00,4.603,-,0.000
2021-06-26T01:45:00,4.605,-,0.000
2021-06-26T01:30:00,4.607,-,0.000
2021-06-26T01:15:00,4.609,-,0.000
2021-06-26T01:00:00,4.611,-,0.000
2021-06-26T00:45:00,4.612,-,0.000
2021-06-26T00:30:00,4.614,-,0.000
2021-06-26T00:15:00,4.616,-,0.000
2021-06-26T00:00:00,4.618,-,0.000
2021-06-25T23:45:00,4.619,-,0.000
2021-06-25T23:30:00,4.621,-,0.000
2021-06-25T23:15:00,4.623,-,0.000
2021-06-25T23:00:00,4.624,-,0.000
2021-06-25T22:45:00,4.626,-,0.000
2021-06-25T22:30:00,4.627,-,0.000
2021-06-25T22:15:00,4.629,-,0.000
2021-06-25T22:00:00,4.630,-,0.000
2021-06-25T21:45:00,4.632,-,0.000
2021-06-25T21:30:00,4.633,-,0.000
2021-06-25T21:15:00,4.635,-,0.000
2021-06-25T21:00:00,4.637,-,0.000
2021-06-25T20:45:00,4.638,-,0.000
2021-06-25T20:30:00,4.638,-,0.000
2021-06-25T20:15:00,4.640,-,0.000
2021-06-25T20:00:00,4.642,-,0.000
2021-06-25T19:45:00,4.644,-,0.000
2021-06-25T19:30:00,4.646,-,0.000
2021-06-25T19:15:00,4.648,-,0.000
2021-06-25T19:00:00,4.650,-,0.000
2021-06-25T18:45:00,4.652,-,0.000
2021-06-25T18:30:00,4.654,-,0.000
2021-06-25T18:15:00,4.655,-,0.000
2021-06-25T18:00:00,4.657,-,0.000
2021-06-25T17:45:00,4.659,-,0.000
2021-06-25T17:30:00,4.660,-,0.000
2021-06-25T17:15:00,4.662,-,0.000
2021-06-25T17:00:00,4.664,-,0.000
2021-06-25T16:45:00,4.667,-,0.000
2021-06-25T16:30:00,4.667,-,0.000
2021-06-25T16:15:00,4.668,-,0.000
2021-06-25T16:00:00,4.670,-,0.000
2021-06-25T15:45:00,4.671,-,0.000
2021-06-25T15:30:00,4.672,-,0.000
2021-06-25T15:15:00,4.673,-,0.000
2021-06-25T15:00:00,4.674,-,0.000
2021-06-25T14:45:00,4.675,-,0.000
2021-06-25T14:30:00,4.676,-,0.000
2021-06-25T14:15:00,4.678,-,0.000
2021-06-25T14:00:00,4.681,-,0.000
2021-06-25T13:45:00,4.681,-,0.000
2021-06-25T13:30:00,4.682,-,0.000
2021-06-25T13:15:00,4.683,-,0.000
2021-06-25T13:00:00,4.685,-,0.000
2021-06-25T12:45:00,4.687,-,0.000
2021-06-25T12:30:00,4.686,-,0.000
2021-06-25T12:15:00,4.689,-,0.000
2021-06-25T12:00:00,4.690,-,0.000
2021-06-25T11:45:00,4.691,-,0.000
2021-06-25T11:30:00,4.693,-,0.000
2021-06-25T11:15:00,4.693,-,0.000
2021-06-25T11:00:00,4.693,-,0.000
2021-06-25T10:45:00,4.694,-,0.000
2021-06-25T10:30:00,4.695,-,0.000
2021-06-25T10:15:00,4.697,-,0.000
2021-06-25T10:00:00,4.699,-,0.000
2021-06-25T09:45:00,4.700,-,0.000
2021-06-25T09:30:00,4.700,-,0.000
2021-06-25T09:15:00,4.701,-,0.000
2021-06-25T09:00:00,4.701,-,0.000
2021-06-25T08:45:00,4.701,-,0.000
2021-06-25T08:30:00,4.700,-,0.000
2021-06-25T08:15:00,4.701,-,0.000
2021-06-25T08:00:00,4.705,-,0.000
2021-06-25T07:45:00,4.704,-,0.000
2021-06-25T07:30:00,4.703,-,0.000
2021-06-25T07:15:00,4.701,-,0.000
2021-06-25T07:00:00,4.699,-,0.000
2021-06-25T06:45:00,4.693,-,0.000
2021-06-25T06:30:00,4.689,-,0.000
2021-06-25T06:15:00,4.687,-,0.000
2021-06-25T06:00:00,4.685,-,0.000
2021-06-25T05:45:00,4.684,-,0.000
2021-06-25T05:30:00,4.682,-,0.000
2021-06-25T05:15:00,4.677,-,0.000
2021-06-25T05:00:00,4.677,-,0.000
2021-06-25T04:45:00,4.676,-,0.000
2021-06-25T04:30:00,4.668,-,0.000
2021-06-25T04:15:00,4.663,-,0.000
2021-06-25T04:00:00,4.667,-,0.000
2021-06-25T03:45:00,4.671,-,0.000
2021-06-25T03:30:00,4.675,-,0.000
2021-06-25T03:15:00,4.678,-,0.000
2021-06-25T03:00:00,4.682,-,0.000
2021-06-25T02:45:00,4.686,-,0.000
2021-06-25T02:30:00,4.690,-,0.000
2021-06-25T02:15:00,4.694,-,0.000
2021-06-25T02:00:00,4.700,-,0.000
2021-06-25T01:45:00,4.703,-,0.000
2021-06-25T01:30:00,4.705,-,0.000
2021-06-25T01:15:00,4.710,-,0.000
2021-06-25T01:00:00,4.713,-,0.000
2021-06-25T00:45:00,4.716,-,0.000
2021-06-25T00:30:00,4.719,-,0.000
2021-06-25T00:15:00,4.722,-,0.000
2021-06-25T00:00:00,4.725,-,0.000
2021-06-24T23:45:00,4.728,-,0.000
2021-06-24T23:30:00,4.731,-,0.000
2021-06-24T23:15:00,4.734,-,0.000
2021-06-24T23:00:00,4.737,-,0.000
2021-06-24T22:45:00,4.739,-,0.000
2021-06-24T22:30:00,4.741,-,0.000
2021-06-24T22:15:00,4.743,-,0.000
2021-06-24T22:00:00,4.745,-,0.000
2021-06-24T21:45:00,4.747,-,0.000
2021-06-24T21:30:00,4.749,-,0.000
2021-06-24T21:15:00,4.750,-,0.000
2021-06-24T21:00:00,4.751,-,0.000
2021-06-24T20:45:00,4.752,-,0.000
2021-06-24T20:30:00,4.754,-,0.000
2021-06-24T20:15:00,4.754,-,0.000
2021-06-24T20:00:00,4.756,-,0.000
2021-06-24T19:45:00,4.756,-,0.000
2021-06-24T19:30:00,4.749,-,0.000
2021-06-24T19:15:00,4.750,-,0.000
2021-06-24T19:00:00,4.752,-,0.000
2021-06-24T18:45:00,4.753,-,0.000
2021-06-24T18:30:00,4.756,-,0.000
2021-06-24T18:15:00,4.755,-,0.000
2021-06-24T18:00:00,4.752,-,0.000
2021-06-24T17:45:00,4.755,-,0.000
2021-06-24T17:30:00,4.745,-,0.000
2021-06-24T17:15:00,4.747,-,0.000
2021-06-24T17:00:00,4.754,-,0.000
2021-06-24T16:45:00,4.761,-,0.000
2021-06-24T16:30:00,4.760,-,0.000
2021-06-24T16:15:00,4.768,-,0.000
2021-06-24T16:00:00,4.779,-,0.000
2021-06-24T15:45:00,4.790,-,0.000
2021-06-24T15:30:00,4.797,-,0.000
2021-06-24T15:15:00,4.803,-,0.000
2021-06-24T15:00:00,4.807,-,0.000
2021-06-24T14:45:00,4.817,-,0.000
2021-06-24T14:30:00,4.830,-,0.000
2021-06-24T14:15:00,4.841,-,0.000
2021-06-24T14:00:00,4.853,-,0.000
2021-06-24T13:45:00,4.865,-,0.000
2021-06-24T13:30:00,4.873,-,0.000
2021-06-24T13:15:00,4.885,-,0.000
2021-06-24T13:00:00,4.894,-,0.000
2021-06-24T12:45:00,4.903,-,0.000
2021-06-24T12:30:00,4.910,-,0.000
2021-06-24T12:15:00,4.918,-,0.000
2021-06-24T12:00:00,4.924,-,0.000
2021-06-24T11:45:00,4.928,-,0.000
2021-06-24T11:30:00,4.930,-,0.000
2021-06-24T11:15:00,4.936,-,0.000
2021-06-24T11:00:00,4.927,-,0.000
2021-06-24T10:45:00,4.943,-,0.000
2021-06-24T10:30:00,4.934,-,0.000
2021-06-24T10:15:00,4.937,-,0.000
2021-06-24T10:00:00,4.944,-,0.000
2021-06-24T09:45:00,4.946,-,0.000
2021-06-24T09:30:00,4.949,-,0.000
2021-06-24T09:15:00,4.950,-,0.000
2021-06-24T09:00:00,4.953,-,0.000
2021-06-24T08:45:00,4.951,-,0.000
2021-06-24T08:30:00,4.953,-,0.000
2021-06-24T08:15:00,4.957,-,0.000
2021-06-24T08:00:00,4.952,-,0.000
2021-06-24T07:45:00,4.967,-,0.000
2021-06-24T07:30:00,4.957,-,0.000
2021-06-24T07:15:00,4.959,-,0.000
2021-06-24T07:00:00,4.939,-,0.000
2021-06-24T06:45:00,4.900,-,0.000
2021-06-24T06:30:00,4.858,-,0.000
2021-06-24T06:15:00,4.816,-,0.000
2021-06-24T06:00:00,4.778,-,0.000
2021-06-24T05:45:00,4.737,-,0.000
2021-06-24T05:30:00,4.699,-,0.000
2021-06-24T05:15:00,4.662,-,0.000
2021-06-24T05:00:00,4.630,-,0.000
2021-06-24T04:45:00,4.603,-,0.000
2021-06-24T04:30:00,4.580,-,0.000
2021-06-24T04:15:00,4.561,-,0.000
2021-06-24T04:00:00,4.549,-,0.000
2021-06-24T03:45:00,4.542,-,0.000
2021-06-24T03:30:00,4.541,-,0.000
2021-06-24T03:15:00,4.539,-,0.000
2021-06-24T03:00:00,4.539,-,0.000
2021-06-24T02:45:00,4.538,-,0.000
2021-06-24T02:30:00,4.537,-,0.000
2021-06-24T02:15:00,4.537,-,0.000
2021-06-24T02:00:00,4.535,-,0.000
2021-06-24T01:45:00,4.535,-,0.000
2021-06-24T01:30:00,4.535,-,0.000
2021-06-24T01:15:00,4.534,-,0.000
2021-06-24T01:00:00,4.534,-,0.000
2021-06-24T00:45:00,4.533,-,0.000
2021-06-24T00:30:00,4.533,-,0.000
2021-06-24T00:15:00,4.533,-,0.000
2021-06-24T00:00:00,4.532,-,0.000
2021-06-23T23:45:00,4.532,-,0.000
2021-06-23T23:30:00,4.530,-,0.000
2021-06-23T23:15:00,4.529,-,0.000
2021-06-23T23:00:00,4.530,-,0.000
2021-06-23T22:45:00,4.530,-,0.000
2021-06-23T22:30:00,4.530,-,0.000
2021-06-23T22:15:00,4.528,-,0.000
2021-06-23T22:00:00,4.529,-,0.000
2021-06-23T21:45:00,4.528,-,0.000
2021-06-23T21:30:00,4.528,-,0.000
2021-06-23T21:15:00,4.527,-,0.000
2021-06-23T21:00:00,4.526,-,0.000
2021-06-23T20:45:00,4.526,-,0.000
2021-06-23T20:30:00,4.526,-,0.000
2021-06-23T20:15:00,4.526,-,0.000
2021-06-23T20:00:00,4.525,-,0.000
2021-06-23T19:45:00,4.524,-,0.000
2021-06-23T19:30:00,4.524,-,0.000
2021-06-23T19:15:00,4.523,-,0.000
2021-06-23T19:00:00,4.523,-,0.000
2021-06-23T18:45:00,4.522,-,0.000
2021-06-23T18:30:00,4.521,-,0.000
2021-06-23T18:15:00,4.521,-,0.000
2021-06-23T18:00:00,4.520,-,0.000
2021-06-23T17:45:00,4.520,-,0.000
2021-06-23T17:30:00,4.518,-,0.000
2021-06-23T17:15:00,4.518,-,0.000
2021-06-23T17:00:00,4.517,-,0.000
2021-06-23T16:45:00,4.516,-,0.000
2021-06-23T16:30:00,4.515,-,0.000
2021-06-23T16:15:00,4.512,-,0.000
2021-06-23T16:00:00,4.513,-,0.000
2021-06-23T15:45:00,4.512,-,0.000
2021-06-23T15:30:00,4.510,-,0.000
2021-06-23T15:15:00,4.509,-,0.000
2021-06-23T15:00:00,4.508,-,0.000
2021-06-23T14:45:00,4.508,-,0.000
2021-06-23T14:30:00,4.508,-,0.000
2021-06-23T14:15:00,4.504,-,0.000
2021-06-23T14:00:00,4.503,-,0.000
2021-06-23T13:45:00,4.503,-,0.000
2021-06-23T13:30:00,4.504,-,0.000
2021-06-23T13:15:00,4.503,-,0.000
2021-06-23T13:00:00,4.506,-,0.000
2021-06-23T12:45:00,4.504,-,0.000
2021-06-23T12:30:00,4.501,-,0.000
2021-06-23T12:15:00,4.503,-,0.000
2021-06-23T12:00:00,4.502,-,0.000
2021-06-23T11:45:00,4.504,-,0.000
2021-06-23T11:30:00,4.506,-,0.000
2021-06-23T11:15:00,4.508,-,0.000
2021-06-23T11:00:00,4.507,-,0.000
2021-06-23T10:45:00,4.508,-,0.000
2021-06-23T10:30:00,4.508,-,0.000
2021-06-23T10:15:00,4.509,-,0.000
2021-06-23T10:00:00,4.509,-,0.000
2021-06-23T09:45:00,4.510,-,0.000
2021-06-23T09:30:00,4.510,-,0.000
2021-06-23T09:15:00,4.510,-,0.000
2021-06-23T09:00:00,4.511,-,0.000
2021-06-23T08:45:00,4.510,-,0.000
2021-06-23T08:30:00,4.513,-,0.000
2021-06-23T08:15:00,4.517,-,0.000
2021-06-23T08:00:00,4.514,-,0.000
2021-06-23T07:45:00,4.515,-,0.000
2021-06-23T07:30:00,4.515,-,0.000
2021-06-23T07:15:00,4.517,-,0.000
2021-06-23T07:00:00,4.518,-,0.000
2021-06-23T06:45:00,4.519,-,0.000
2021-06-23T06:30:00,4.518,-,0.000
2021-06-23T06:15:00,4.520,-,0.000
2021-06-23T06:00:00,4.521,-,0.000
2021-06-23T05:45:00,4.522,-,0.000
2021-06-23T05:30:00,4.523,-,0.000
2021-06-23T05:15:00,4.525,-,0.000
2021-06-23T05:00:00,4.526,-,0.000
2021-06-23T04:45:00,4.528,-,0.000
2021-06-23T04:30:00,4.529,-,0.000
2021-06-23T04:15:00,4.530,-,0.000
2021-06-23T04:00:00,4.531,-,0.000
2021-06-23T03:45:00,4.532,-,0.000
2021-06-23T03:30:00,4.533,-,0.000
2021-06-23T03:15:00,4.534,-,0.000
2021-06-23T03:00:00,4.535,-,0.000
2021-06-23T02:45:00,4.536,-,0.000
2021-06-23T02:30:00,4.538,-,0.000
2021-06-23T02:15:00,4.539,-,0.000
2021-06-23T02:00:00,4.540,-,0.000
2021-06-23T01:45:00,4.541,-,0.000
2021-06-23T01:30:00,4.542,-,0.000
2021-06-23T01:15:00,4.543,-,0.000
2021-06-23T01:00:00,4.544,-,0.000
2021-06-23T00:45:00,4.546,-,0.000
2021-06-23T00:30:00,4.547,-,0.000
2021-06-23T00:15:00,4.547,-,0.000
2021-06-23T00:00:00,4.549,-,0.000
2021-06-22T23:45:00,4.550,-,0.000
2021-06-22T23:30:00,4.551,-,0.000
2021-06-22T23:15:00,4.552,-,0.000
2021-06-22T23:00:00,4.553,-,0.000
2021-06-22T22:45:00,4.554,-,0.000
2021-06-22T22:30:00,4.555,-,0.000
2021-06-22T22:15:00,4.556,-,0.000
2021-06-22T22:00:00,4.556,-,0.000
2021-06-22T21:45:00,4.558,-,0.000
2021-06-22T21:30:00,4.560,-,0.000
2021-06-22T21:15:00,4.560,-,0.000
2021-06-22T21:00:00,4.561,-,0.000
2021-06-22T20:45:00,4.563,-,0.000
2021-06-22T20:30:00,4.563,-,0.000
2021-06-22T20:15:00,4.565,-,0.000
2021-06-22T20:00:00,4.566,-,0.000
2021-06-22T19:45:00,4.568,-,0.000
2021-06-22T19:30:00,4.568,-,0.000
2021-06-22T19:15:00,4.569,-,0.000
2021-06-22T19:00:00,4.573,-,0.000
2021-06-22T18:45:00,4.574,-,0.000
2021-06-22T18:30:00,4.574,-,0.000
2021-06-22T18:15:00,4.575,-,0.000
2021-06-22T18:00:00,4.576,-,0.000
2021-06-22T17:45:00,4.577,-,0.000
2021-06-22T17:30:00,4.578,-,0.000
2021-06-22T17:15:00,4.579,-,0.000
2021-06-22T17:00:00,4.580,-,0.000
2021-06-22T16:45:00,4.580,-,0.000
2021-06-22T16:30:00,4.582,-,0.000
2021-06-22T16:15:00,4.582,-,0.000
2021-06-22T16:00:00,4.585,-,0.000
2021-06-22T15:45:00,4.586,-,0.000
2021-06-22T15:30:00,4.587,-,0.000
2021-06-22T15:15:00,4.587,-,0.000
2021-06-22T15:00:00,4.587,-,0.000
2021-06-22T14:45:00,4.590,-,0.000
2021-06-22T14:30:00,4.590,-,0.000
2021-06-22T14:15:00,4.590,-,0.000
2021-06-22T14:00:00,4.591,-,0.000
2021-06-22T13:45:00,4.591,-,0.000
2021-06-22T13:30:00,4.593,-,0.000
2021-06-22T13:15:00,4.593,-,0.000
2021-06-22T13:00:00,4.596,-,0.000
2021-06-22T12:45:00,4.595,-,0.000
2021-06-22T12:30:00,4.595,-,0.000
2021-06-22T12:15:00,4.594,-,0.000
2021-06-22T12:00:00,4.596,-,0.000
2021-06-22T11:45:00,4.599,-,0.000
2021-06-22T11:30:00,4.602,-,0.000
2021-06-22T11:15:00,4.603,-,0.000
2021-06-22T11:00:00,4.605,-,0.000
2021-06-22T10:45:00,4.607,-,0.000
2021-06-22T10:30:00,4.609,-,0.000
2021-06-22T10:15:00,4.610,-,0.000
2021-06-22T10:00:00,4.612,-,0.000
2021-06-22T09:45:00,4.614,-,0.000
2021-06-22T09:30:00,4.616,-,0.000
2021-06-22T09:15:00,4.617,-,0.000
2021-06-22T09:00:00,4.620,-,0.000
2021-06-22T08:45:00,4.621,-,0.000
2021-06-22T08:30:00,4.623,-,0.000
2021-06-22T08:15:00,4.624,-,0.000
2021-06-22T08:00:00,4.627,-,0.000
2021-06-22T07:45:00,4.628,-,0.000
2021-06-22T07:30:00,4.629,-,0.000
2021-06-22T07:15:00,4.631,-,0.000
2021-06-22T07:00:00,4.633,-,0.000
2021-06-22T06:45:00,4.635,-,0.000
2021-06-22T06:30:00,4.637,-,0.000
2021-06-22T06:15:00,4.638,-,0.000
2021-06-22T06:00:00,4.640,-,0.000
2021-06-22T05:45:00,4.642,-,0.000
2021-06-22T05:30:00,4.644,-,0.000
2021-06-22T05:15:00,4.645,-,0.000
2021-06-22T05:00:00,4.648,-,0.000
2021-06-22T04:45:00,4.649,-,0.000
2021-06-22T04:30:00,4.650,-,0.000
2021-06-22T04:15:00,4.652,-,0.000
2021-06-22T04:00:00,4.654,-,0.000
2021-06-22T03:45:00,4.656,-,0.000
2021-06-22T03:30:00,4.657,-,0.000
2021-06-22T03:15:00,4.658,-,0.000
2021-06-22T03:00:00,4.660,-,0.000
2021-06-22T02:45:00,4.661,-,0.000
2021-06-22T02:30:00,4.663,-,0.000
2021-06-22T02:15:00,4.664,-,0.000
2021-06-22T02:00:00,4.665,-,0.000
2021-06-22T01:45:00,4.667,-,0.000
2021-06-22T01:30:00,4.669,-,0.000
2021-06-22T01:15:00,4.670,-,0.000
2021-06-22T01:00:00,4.671,-,0.000
2021-06-22T00:45:00,4.672,-,0.000
2021-06-22T00:30:00,4.674,-,0.000
2021-06-22T00:15:00,4.675,-,0.000
2021-06-22T00:00:00,4.677,-,0.000
2021-07-12T23:45:00,4.629,-,0.000
2021-07-12T23:30:00,4.630,-,0.000
2021-07-12T23:15:00,4.631,-,0.000
2021-07-12T23:00:00,4.631,-,0.000
2021-07-12T22:45:00,4.631,-,0.000
2021-07-12T22:30:00,4.631,-,0.000
2021-07-12T22:15:00,4.632,-,0.000
2021-07-12T22:00:00,4.632,-,0.000
2021-07-12T21:45:00,4.632,-,0.000
2021-07-12T21:30:00,4.633,-,0.000
2021-07-12T21:15:00,4.633,-,0.000
2021-07-12T21:00:00,4.633,-,0.000
2021-07-19T23:45:00,4.444,-,0.000
2021-07-19T23:30:00,4.446,-,0.000
2021-07-19T23:15:00,4.447,-,0.000
2021-07-19T23:00:00,4.449,-,0.000
2021-07-19T22:45:00,4.450,-,0.000
2021-07-19T22:30:00,4.452,-,0.000
2021-07-19T22:15:00,4.454,-,0.000
2021-07-19T22:00:00,4.455,-,0.000
2021-07-19T21:45:00,4.457,-,0.000
2021-07-19T21:30:00,4.462,-,0.000
2021-07-19T21:15:00,4.463,-,0.000
2021-07-19T21:00:00,4.464,-,0.000
2021-07-19T20:45:00,4.465,-,0.000
2021-07-19T20:30:00,4.467,-,0.000
2021-07-19T20:15:00,4.468,-,0.000
2021-07-19T20:00:00,4.469,-,0.000
2021-07-19T19:45:00,4.470,-,0.000
2021-07-19T19:30:00,4.471,-,0.000
2021-07-19T19:15:00,4.472,-,0.000
2021-07-19T19:00:00,4.473,-,0.000
2021-07-19T18:45:00,4.474,-,0.000
2021-07-19T18:30:00,4.476,-,0.000
2021-07-19T18:15:00,4.477,-,0.000
2021-07-19T18:00:00,4.478,-,0.000
2021-07-19T17:45:00,4.479,-,0.000
2021-07-19T17:30:00,4.479,-,0.000
2021-07-19T17:15:00,4.480,-,0.000
2021-07-19T17:00:00,4.483,-,0.000
2021-07-19T16:45:00,4.483,-,0.000
2021-07-19T16:30:00,4.484,-,0.000
2021-07-19T16:15:00,4.485,-,0.000
2021-07-19T16:00:00,4.485,-,0.000
2021-07-19T15:45:00,4.487,-,0.000
2021-07-19T15:30:00,4.487,-,0.000
2021-07-19T15:15:00,4.488,-,0.000
2021-07-19T15:00:00,4.488,-,0.000
2021-07-19T14:45:00,4.493,-,0.000
2021-07-19T14:30:00,4.492,-,0.000
2021-07-19T14:15:00,4.493,-,0.000
2021-07-19T14:00:00,4.491,-,0.000
2021-07-19T13:45:00,4.491,-,0.000
2021-07-19T13:30:00,4.493,-,0.000
2021-07-19T13:15:00,4.494,-,0.000
2021-07-19T13:00:00,4.494,-,0.000
2021-07-19T12:45:00,4.493,-,0.000
2021-07-19T12:30:00,4.495,-,0.000
2021-07-19T12:15:00,4.494,-,0.000
2021-07-19T12:00:00,4.497,-,0.000
2021-07-19T11:45:00,4.494,-,0.000
2021-07-19T11:30:00,4.495,-,0.000
2021-07-19T11:15:00,4.494,-,0.000
2021-07-19T11:00:00,4.493,-,0.000
2021-07-19T10:45:00,4.493,-,0.000
2021-07-19T10:30:00,4.492,-,0.000
2021-07-19T10:15:00,4.493,-,0.000
2021-07-19T10:00:00,4.492,-,0.000
2021-07-19T09:45:00,4.492,-,0.000
2021-07-19T09:30:00,4.492,-,0.000
2021-07-19T09:15:00,4.491,-,0.000
2021-07-19T09:00:00,4.489,-,0.000
2021-07-19T08:45:00,4.489,-,0.000
2021-07-19T08:30:00,4.488,-,0.000
2021-07-19T08:15:00,4.487,-,0.000
2021-07-19T08:00:00,4.486,-,0.000
2021-07-19T07:45:00,4.485,-,0.000
2021-07-19T07:30:00,4.484,-,0.000
2021-07-19T07:15:00,4.481,-,0.000
2021-07-19T07:00:00,4.480,-,0.000
2021-07-19T06:45:00,4.479,-,0.000
2021-07-19T06:30:00,4.478,-,0.000
2021-07-19T06:15:00,4.477,-,0.000
2021-07-19T06:00:00,4.475,-,0.000
2021-07-19T05:45:00,4.473,-,0.000
2021-07-19T05:30:00,4.471,-,0.000
2021-07-19T05:15:00,4.469,-,0.000
2021-07-19T05:00:00,4.467,-,0.000
2021-07-19T04:45:00,4.465,-,0.000
2021-07-19T04:30:00,4.462,-,0.000
2021-07-19T04:15:00,4.459,-,0.000
2021-07-19T04:00:00,4.457,-,0.000
2021-07-19T03:45:00,4.454,-,0.000
2021-07-19T03:30:00,4.451,-,0.000
2021-07-19T03:15:00,4.448,-,0.000
2021-07-19T03:00:00,4.444,-,0.000
2021-07-19T02:45:00,4.441,-,0.000
2021-07-19T02:30:00,4.438,-,0.000
2021-07-19T02:15:00,4.435,-,0.000
2021-07-19T02:00:00,4.431,-,0.000
2021-07-19T01:45:00,4.427,-,0.000
2021-07-19T01:30:00,4.424,-,0.000
2021-07-19T01:15:00,4.420,-,0.000
2021-07-19T01:00:00,4.416,-,0.000
2021-07-19T00:45:00,4.412,-,0.000
2021-07-19T00:30:00,4.407,-,0.000
2021-07-19T00:15:00,4.403,-,0.000
2021-07-19T00:00:00,4.398,-,0.000
2021-07-18T23:45:00,4.393,-,0.000
2021-07-18T23:30:00,4.389,-,0.000
2021-07-18T23:15:00,4.383,-,0.000
2021-07-18T23:00:00,4.378,-,0.000
2021-07-18T22:45:00,4.372,-,0.000
2021-07-18T22:30:00,4.364,-,0.000
2021-07-18T22:15:00,4.359,-,0.000
2021-07-18T22:00:00,4.353,-,0.000
2021-07-18T21:45:00,4.347,-,0.000
2021-07-18T21:30:00,4.341,-,0.000
2021-07-18T21:15:00,4.334,-,0.000
2021-07-18T21:00:00,4.328,-,0.000
2021-07-18T20:45:00,4.321,-,0.000
2021-07-18T20:30:00,4.312,-,0.000
2021-07-18T20:15:00,4.305,-,0.000
2021-07-18T20:00:00,4.300,-,0.000
2021-07-18T19:45:00,4.287,-,0.000
2021-07-18T19:30:00,4.269,-,0.000
2021-07-18T19:15:00,4.266,-,0.000
2021-07-18T19:00:00,4.233,-,0.000
2021-07-18T18:45:00,4.242,-,0.000
2021-07-18T18:30:00,4.248,-,0.000
2021-07-18T18:15:00,4.255,-,0.000
2021-07-18T18:00:00,4.262,-,0.000
2021-07-18T17:45:00,4.269,-,0.000
2021-07-18T17:30:00,4.274,-,0.000
2021-07-18T17:15:00,4.281,-,0.000
2021-07-18T17:00:00,4.288,-,0.000
2021-07-18T16:45:00,4.295,-,0.000
2021-07-18T16:30:00,4.302,-,0.000
2021-07-18T16:15:00,4.307,-,0.000
2021-07-18T16:00:00,4.308,-,0.000
2021-07-18T15:45:00,4.319,-,0.000
2021-07-18T15:30:00,4.326,-,0.000
2021-07-18T15:15:00,4.332,-,0.000
2021-07-18T15:00:00,4.340,-,0.000
2021-07-18T14:45:00,4.346,-,0.000
2021-07-18T14:30:00,4.354,-,0.000
2021-07-18T14:15:00,4.357,-,0.000
2021-07-18T14:00:00,4.363,-,0.000
2021-07-18T13:45:00,4.364,-,0.000
2021-07-18T13:30:00,4.375,-,0.000
2021-07-18T13:15:00,4.380,-,0.000
2021-07-18T13:00:00,4.387,-,0.000
2021-07-18T12:45:00,4.393,-,0.000
2021-07-18T12:30:00,4.398,-,0.000
2021-07-18T12:15:00,4.405,-,0.000
2021-07-18T12:00:00,4.414,-,0.000
2021-07-18T11:45:00,4.423,-,0.000
2021-07-18T11:30:00,4.425,-,0.000
2021-07-18T11:15:00,4.436,-,0.000
2021-07-18T11:00:00,4.435,-,0.000
2021-07-18T10:45:00,4.435,-,0.000
2021-07-18T10:30:00,4.435,-,0.000
2021-07-18T10:15:00,4.434,-,0.000
2021-07-18T10:00:00,4.430,-,0.000
2021-07-18T09:45:00,4.428,-,0.000
2021-07-18T09:30:00,4.429,-,0.000
2021-07-18T09:15:00,4.428,-,0.000
2021-07-18T09:00:00,4.427,-,0.000
2021-07-18T08:45:00,4.418,-,0.000
2021-07-18T08:30:00,4.414,-,0.000
2021-07-18T08:15:00,4.407,-,0.000
2021-07-18T08:00:00,4.394,-,0.000
2021-07-18T07:45:00,4.380,-,0.000
2021-07-18T07:30:00,4.369,-,0.000
2021-07-18T07:15:00,4.355,-,0.000
2021-07-18T07:00:00,4.321,-,0.000
2021-07-18T06:45:00,4.302,-,0.000
2021-07-18T06:30:00,4.293,-,0.000
2021-07-18T06:15:00,4.285,-,0.000
2021-07-18T06:00:00,4.275,-,0.000
2021-07-18T05:45:00,4.260,-,0.000
2021-07-18T05:30:00,4.243,-,0.000
2021-07-18T05:15:00,4.233,-,0.000
2021-07-18T05:00:00,4.198,-,0.000
2021-07-18T04:45:00,4.197,-,0.000
2021-07-18T04:30:00,4.199,-,0.000
2021-07-18T04:15:00,4.201,-,0.000
2021-07-18T04:00:00,4.202,-,0.000
2021-07-18T03:45:00,4.203,-,0.000
2021-07-18T03:30:00,4.206,-,0.000
2021-07-18T03:15:00,4.208,-,0.000
2021-07-18T03:00:00,4.213,-,0.000
2021-07-18T02:45:00,4.217,-,0.000
2021-07-18T02:30:00,4.225,-,0.000
2021-07-18T02:15:00,4.228,-,0.000
2021-07-18T02:00:00,4.236,-,0.000
2021-07-18T01:45:00,4.245,-,0.000
2021-07-18T01:30:00,4.254,-,0.000
2021-07-18T01:15:00,4.264,-,0.000
2021-07-18T01:00:00,4.275,-,0.000
2021-07-18T00:45:00,4.284,-,0.000
2021-07-18T00:30:00,4.298,-,0.000
2021-07-18T00:15:00,4.311,-,0.000
2021-07-18T00:00:00,4.322,-,0.000
2021-07-17T23:45:00,4.337,-,0.000
2021-07-17T23:30:00,4.350,-,0.500
2021-07-17T23:15:00,4.364,-,0.000
2021-07-17T23:00:00,4.377,-,0.000
2021-07-17T22:45:00,4.391,-,0.000
2021-07-17T22:30:00,4.404,-,0.000
2021-07-17T22:15:00,4.417,-,0.000
2021-07-17T22:00:00,4.429,-,0.000
2021-07-17T21:45:00,4.444,-,0.000
2021-07-17T21:30:00,4.459,-,0.500
2021-07-17T21:15:00,4.476,-,0.000
2021-07-17T21:00:00,4.487,-,0.500
2021-07-17T20:45:00,4.500,-,0.000
2021-07-17T20:30:00,4.515,-,0.000
2021-07-17T20:15:00,4.530,-,4.500
2021-07-17T20:00:00,4.540,-,2.000
2021-07-17T19:45:00,4.546,-,0.000
2021-07-17T19:30:00,4.560,-,0.000
2021-07-17T19:15:00,4.569,-,0.000
2021-07-17T19:00:00,4.585,-,0.000
2021-07-17T18:45:00,4.601,-,0.000
2021-07-17T18:30:00,4.614,-,0.000
2021-07-17T18:15:00,4.628,-,0.000
2021-07-17T18:00:00,4.644,-,0.000
2021-07-17T17:45:00,4.659,-,0.000
2021-07-17T17:30:00,4.672,-,0.000
2021-07-17T17:15:00,4.686,-,0.000
2021-07-17T17:00:00,4.699,-,0.000
2021-07-17T16:45:00,4.714,-,0.000
2021-07-17T16:30:00,4.727,-,0.000
2021-07-17T16:15:00,4.741,-,0.000
2021-07-17T16:00:00,4.755,-,0.000
2021-07-17T15:45:00,4.769,-,0.000
2021-07-17T15:30:00,4.782,-,0.000
2021-07-17T15:15:00,4.795,-,0.000
2021-07-17T15:00:00,4.807,-,0.000
2021-07-17T14:45:00,4.819,-,0.000
2021-07-17T14:30:00,4.830,-,0.000
2021-07-17T14:15:00,4.844,-,0.000
2021-07-17T14:00:00,4.854,-,0.000
2021-07-17T13:45:00,4.864,-,0.000
2021-07-17T13:30:00,4.873,-,0.000
2021-07-17T13:15:00,4.882,-,0.000
2021-07-17T13:00:00,4.888,-,0.000
2021-07-17T12:45:00,4.899,-,0.000
2021-07-17T12:30:00,4.906,-,0.000
2021-07-17T12:15:00,4.915,-,0.000
2021-07-17T12:00:00,4.917,-,0.000
2021-07-17T11:45:00,4.925,-,0.500
2021-07-17T11:30:00,4.929,-,0.000
2021-07-17T11:15:00,4.933,-,0.000
2021-07-17T11:00:00,4.936,-,0.000
2021-07-17T10:45:00,4.936,-,0.000
2021-07-17T10:30:00,4.940,-,0.000
2021-07-17T10:15:00,4.940,-,0.000
2021-07-17T10:00:00,4.933,-,0.000
2021-07-17T09:45:00,4.924,-,0.000
2021-07-17T09:30:00,4.923,-,0.000
2021-07-17T09:15:00,4.909,-,0.000
2021-07-17T09:00:00,4.889,-,0.000
2021-07-17T08:45:00,4.872,-,0.000
2021-07-17T08:30:00,4.856,-,0.000
2021-07-17T08:15:00,4.835,-,0.000
2021-07-17T07:45:00,4.798,-,0.000
2021-07-17T07:30:00,4.820,-,0.000
2021-07-17T07:15:00,4.780,-,0.000
2021-07-17T07:00:00,4.744,-,0.000
2021-07-17T06:45:00,4.705,-,0.000
2021-07-17T06:30:00,4.678,-,0.000
2021-07-17T06:15:00,4.650,-,0.000
2021-07-17T06:00:00,4.609,-,0.000
2021-07-17T05:45:00,4.574,-,0.000
2021-07-17T05:30:00,4.546,-,0.000
2021-07-17T05:15:00,4.522,-,0.000
2021-07-17T05:00:00,4.503,-,0.000
2021-07-17T04:45:00,4.490,-,0.000
2021-07-17T04:30:00,4.481,-,0.000
2021-07-17T04:15:00,4.474,-,0.000
2021-07-17T04:00:00,4.471,-,0.000
2021-07-17T03:45:00,4.470,-,0.000
2021-07-17T03:30:00,4.469,-,0.000
2021-07-17T03:15:00,4.466,-,0.000
2021-07-17T03:00:00,4.465,-,0.000
2021-07-17T02:45:00,4.463,-,0.000
2021-07-17T02:30:00,4.458,-,0.000
2021-07-17T02:15:00,4.458,-,0.000
2021-07-17T02:00:00,4.451,-,0.000
2021-07-17T01:45:00,4.452,-,0.000
2021-07-17T01:30:00,4.451,-,0.000
2021-07-17T01:15:00,4.451,-,0.000
2021-07-17T01:00:00,4.453,-,0.000
2021-07-17T00:45:00,4.452,-,0.000
2021-07-17T00:30:00,4.452,-,0.000
2021-07-17T00:15:00,4.452,-,0.000
2021-07-17T00:00:00,4.451,-,0.000
2021-07-16T23:45:00,4.451,-,0.000
2021-07-16T23:30:00,4.451,-,0.000
2021-07-16T23:15:00,4.448,-,0.000
2021-07-16T23:00:00,4.447,-,0.000
2021-07-16T22:45:00,4.445,-,0.000
2021-07-16T22:30:00,4.443,-,0.000
2021-07-16T22:15:00,4.441,-,0.000
2021-07-16T22:00:00,4.438,-,0.000
2021-07-16T21:45:00,4.432,-,0.000
2021-07-16T21:30:00,4.430,-,0.000
2021-07-16T21:15:00,4.428,-,0.000
2021-07-16T21:00:00,4.413,-,0.000
2021-07-16T20:45:00,4.396,-,0.000
2021-07-16T20:30:00,4.398,-,0.000
2021-07-16T20:15:00,4.390,-,0.000
2021-07-16T20:00:00,4.395,-,0.000
2021-07-16T19:45:00,4.399,-,0.000
2021-07-16T19:30:00,4.403,-,0.000
2021-07-16T19:15:00,4.408,-,0.000
2021-07-16T19:00:00,4.412,-,0.000
2021-07-16T18:45:00,4.416,-,0.000
2021-07-16T18:30:00,4.418,-,0.000
2021-07-16T18:15:00,4.422,-,0.000
2021-07-16T18:00:00,4.423,-,0.000
2021-07-16T17:45:00,4.428,-,0.000
2021-07-16T17:30:00,4.435,-,0.000
2021-07-16T17:15:00,4.441,-,0.000
2021-07-16T17:00:00,4.446,-,0.000
2021-07-16T16:45:00,4.456,-,0.000
2021-07-16T16:30:00,4.466,-,0.000
2021-07-16T16:15:00,4.472,-,0.000
2021-07-16T16:00:00,4.481,-,0.000
2021-07-16T15:45:00,4.489,-,0.000
2021-07-16T15:30:00,4.495,-,0.000
2021-07-16T15:15:00,4.495,-,1.000
2021-07-16T15:00:00,4.501,-,0.000
2021-07-16T14:45:00,4.484,-,0.000
2021-07-16T14:30:00,4.471,-,0.000
2021-07-16T14:15:00,4.450,-,0.000
2021-07-16T14:00:00,4.397,-,0.000
2021-07-16T13:45:00,4.350,-,0.000
2021-07-16T13:30:00,4.366,-,0.000
2021-07-16T13:15:00,4.434,-,0.000
2021-07-16T13:00:00,4.519,-,0.000
2021-07-16T12:45:00,4.507,-,0.000
2021-07-16T12:30:00,4.475,-,0.000
2021-07-16T12:15:00,4.499,-,0.000
2021-07-16T12:00:00,4.606,-,0.000
2021-07-16T11:45:00,4.711,-,0.000
2021-07-16T11:30:00,4.733,-,0.000
2021-07-16T11:15:00,4.755,-,0.000
2021-07-16T11:00:00,4.778,-,0.000
2021-07-16T10:45:00,4.798,-,0.000
2021-07-16T10:30:00,4.818,-,0.000
2021-07-16T10:15:00,4.843,-,0.000
2021-07-16T10:00:00,4.866,-,0.000
2021-07-16T09:45:00,4.889,-,0.000
2021-07-16T09:30:00,4.912,-,0.000
2021-07-16T09:15:00,4.934,-,0.000
2021-07-16T09:00:00,4.957,-,0.000
2021-07-16T08:45:00,4.979,-,0.000
2021-07-16T08:30:00,5.006,-,0.000
2021-07-16T08:15:00,5.029,-,0.000
2021-07-16T08:00:00,5.058,-,0.000
2021-07-16T07:45:00,5.086,-,0.000
2021-07-16T07:30:00,5.108,-,0.000
2021-07-16T07:15:00,5.131,-,0.000
2021-07-16T07:00:00,5.155,-,0.000
2021-07-16T06:45:00,5.178,-,0.000
2021-07-16T06:30:00,5.213,-,0.000
2021-07-16T06:15:00,5.225,-,0.000
2021-07-16T06:00:00,5.233,-,0.000
2021-07-16T05:45:00,5.240,-,0.000
2021-07-16T05:30:00,5.241,-,0.000
2021-07-16T05:15:00,5.241,-,0.000
2021-07-16T05:00:00,5.242,-,0.000
2021-07-16T04:45:00,5.246,-,0.000
2021-07-16T04:30:00,5.256,-,0.000
2021-07-16T04:15:00,5.250,-,0.000
2021-07-16T04:00:00,5.239,-,0.000
2021-07-16T03:45:00,5.229,-,0.000
2021-07-16T03:30:00,5.218,-,0.000
2021-07-16T03:15:00,5.203,-,0.000
2021-07-16T03:00:00,5.190,-,0.000
2021-07-16T02:45:00,5.174,-,0.000
2021-07-16T02:30:00,5.158,-,0.000
2021-07-16T02:15:00,5.139,-,0.000
2021-07-16T02:00:00,5.120,-,0.000
2021-07-16T01:45:00,5.102,-,0.000
2021-07-16T01:30:00,5.081,-,0.000
2021-07-16T01:15:00,5.085,-,0.000
2021-07-16T01:00:00,5.059,-,0.000
2021-07-16T00:45:00,5.024,-,0.000
2021-07-16T00:30:00,5.008,-,0.000
2021-07-16T00:15:00,4.974,-,0.000
2021-07-16T00:00:00,4.942,-,0.000
2021-07-15T23:45:00,4.916,-,0.000
2021-07-15T23:30:00,4.888,-,0.000
2021-07-15T23:15:00,4.869,-,0.000
2021-07-15T23:00:00,4.856,-,0.000
2021-07-15T22:45:00,4.837,-,0.000
2021-07-15T22:30:00,4.839,-,0.000
2021-07-15T22:15:00,4.823,-,0.000
2021-07-15T22:00:00,4.810,-,0.000
2021-07-15T21:45:00,4.806,-,0.000
2021-07-15T21:30:00,4.805,-,0.000
2021-07-15T21:15:00,4.797,-,0.000
2021-07-15T21:00:00,4.806,-,0.000
2021-07-15T20:45:00,4.799,-,0.000
2021-07-15T20:30:00,4.793,-,0.000
2021-07-15T20:15:00,4.786,-,0.000
2021-07-15T20:00:00,4.780,-,0.000
2021-07-15T19:45:00,4.774,-,0.000
2021-07-15T19:30:00,4.767,-,0.500
2021-07-15T19:15:00,4.756,-,0.500
2021-07-15T19:00:00,4.747,-,0.500
2021-07-15T18:45:00,4.738,-,0.500
2021-07-15T18:30:00,4.728,-,12.000
2021-07-15T18:15:00,4.718,-,14.000
2021-07-15T18:00:00,4.696,-,3.000
2021-07-15T17:45:00,4.689,-,5.500
2021-07-15T17:30:00,4.684,-,9.500
2021-07-15T17:15:00,4.663,-,2.000
2021-07-15T17:00:00,4.654,-,1.000
2021-07-15T16:45:00,4.649,-,0.000
2021-07-15T16:30:00,4.652,-,0.000
2021-07-15T16:15:00,4.654,-,0.000
2021-07-15T16:00:00,4.656,-,0.000
2021-07-15T15:45:00,4.660,-,0.000
2021-07-15T15:30:00,4.662,-,0.000
2021-07-15T15:15:00,4.664,-,0.000
2021-07-15T15:00:00,4.665,-,0.000
2021-07-15T14:45:00,4.667,-,0.000
2021-07-15T14:30:00,4.669,-,0.000
2021-07-15T14:15:00,4.672,-,0.000
2021-07-15T14:00:00,4.673,-,0.000
2021-07-15T13:45:00,4.675,-,0.000
2021-07-15T13:30:00,4.678,-,0.000
2021-07-15T13:15:00,4.679,-,0.000
2021-07-15T13:00:00,4.682,-,0.000
2021-07-15T12:45:00,4.683,-,0.000
2021-07-15T12:30:00,4.684,-,0.000
2021-07-15T12:15:00,4.686,-,0.000
2021-07-15T12:00:00,4.689,-,0.000
2021-07-15T11:45:00,4.690,-,0.000
2021-07-15T11:30:00,4.691,-,0.000
2021-07-15T11:15:00,4.694,-,0.000
2021-07-15T11:00:00,4.695,-,0.000
2021-07-15T10:45:00,4.697,-,0.000
2021-07-15T10:30:00,4.699,-,0.000
2021-07-15T10:15:00,4.700,-,0.000
2021-07-15T10:00:00,4.701,-,0.000
2021-07-15T09:45:00,4.706,-,0.000
2021-07-15T09:30:00,4.708,-,0.000
2021-07-15T09:15:00,4.709,-,0.000
2021-07-15T09:00:00,4.709,-,0.000
2021-07-15T08:45:00,4.709,-,0.000
2021-07-15T08:30:00,4.710,-,0.000
2021-07-15T08:15:00,4.710,-,0.000
2021-07-15T08:00:00,4.711,-,0.000
2021-07-15T07:45:00,4.711,-,0.000
2021-07-15T07:30:00,4.712,-,0.000
2021-07-15T07:15:00,4.712,-,0.000
2021-07-15T07:00:00,4.712,-,0.000
2021-07-15T06:45:00,4.713,-,0.000
2021-07-15T06:30:00,4.712,-,0.000
2021-07-15T06:15:00,4.712,-,0.000
2021-07-15T06:00:00,4.713,-,0.000
2021-07-15T05:45:00,4.714,-,0.000
2021-07-15T05:30:00,4.713,-,0.000
2021-07-15T05:15:00,4.714,-,0.000
2021-07-15T05:00:00,4.713,-,0.000
2021-07-15T04:45:00,4.711,-,0.000
2021-07-15T04:30:00,4.710,-,0.000
2021-07-15T04:15:00,4.708,-,0.000
2021-07-15T04:00:00,4.706,-,0.000
2021-07-15T03:45:00,4.705,-,0.000
2021-07-15T03:30:00,4.702,-,0.000
2021-07-15T03:15:00,4.701,-,0.000
2021-07-15T03:00:00,4.699,-,0.000
2021-07-15T02:45:00,4.697,-,0.000
2021-07-15T02:30:00,4.695,-,0.000
2021-07-15T02:15:00,4.693,-,0.000
2021-07-15T02:00:00,4.691,-,0.000
2021-07-15T01:45:00,4.689,-,0.000
2021-07-15T01:30:00,4.687,-,0.000
2021-07-15T01:15:00,4.685,-,0.000
2021-07-15T01:00:00,4.683,-,0.000
2021-07-15T00:45:00,4.681,-,0.000
2021-07-15T00:30:00,4.679,-,0.000
2021-07-15T00:15:00,4.678,-,0.000
2021-07-15T00:00:00,4.676,-,0.000
2021-07-14T23:45:00,4.674,-,0.000
2021-07-14T23:30:00,4.672,-,0.000
2021-07-14T23:15:00,4.672,-,0.000
2021-07-14T23:00:00,4.670,-,0.000
2021-07-14T22:45:00,4.669,-,0.000
2021-07-14T22:30:00,4.668,-,0.000
2021-07-14T22:15:00,4.667,-,0.000
2021-07-14T22:00:00,4.666,-,0.000
2021-07-14T21:45:00,4.666,-,0.000
2021-07-14T21:30:00,4.665,-,0.000
2021-07-14T21:15:00,4.665,-,0.000
2021-07-14T21:00:00,4.664,-,0.000
2021-07-14T20:45:00,4.664,-,0.000
2021-07-14T20:30:00,4.664,-,0.000
2021-07-14T20:15:00,4.663,-,0.000
2021-07-14T20:00:00,4.663,-,0.000
2021-07-14T19:45:00,4.662,-,0.000
2021-07-14T19:30:00,4.662,-,0.000
2021-07-14T19:15:00,4.662,-,0.000
2021-07-14T19:00:00,4.661,-,0.000
2021-07-14T18:45:00,4.661,-,0.000
2021-07-14T18:30:00,4.660,-,0.000
2021-07-14T18:15:00,4.660,-,0.000
2021-07-14T18:00:00,4.660,-,0.000
2021-07-14T17:45:00,4.658,-,0.000
2021-07-14T17:30:00,4.657,-,0.000
2021-07-14T17:15:00,4.657,-,0.000
2021-07-14T17:00:00,4.656,-,0.000
2021-07-14T16:45:00,4.655,-,0.000
2021-07-14T16:30:00,4.653,-,0.000
2021-07-14T16:15:00,4.652,-,0.000
2021-07-14T16:00:00,4.651,-,0.000
2021-07-14T15:45:00,4.648,-,0.000
2021-07-14T15:30:00,4.647,-,0.000
2021-07-14T15:15:00,4.644,-,0.500
2021-07-14T15:00:00,4.641,-,1.000
2021-07-14T14:45:00,4.641,-,1.000
2021-07-14T14:30:00,4.637,-,0.000
2021-07-14T14:15:00,4.628,-,0.500
2021-07-14T14:00:00,4.626,-,5.000
2021-07-14T13:45:00,4.617,-,9.000
2021-07-14T13:30:00,4.604,-,8.500
2021-07-14T13:15:00,4.601,-,19.000
2021-07-14T13:00:00,4.590,-,19.000
2021-07-14T12:45:00,4.586,-,0.000
2021-07-14T12:30:00,4.586,-,0.000
2021-07-14T12:15:00,4.587,-,0.000
2021-07-14T12:00:00,4.587,-,0.000
2021-07-14T11:45:00,4.588,-,0.000
2021-07-14T11:30:00,4.590,-,0.000
2021-07-14T11:15:00,4.591,-,0.000
2021-07-14T11:00:00,4.592,-,0.000
2021-07-14T10:45:00,4.592,-,0.000
2021-07-14T10:30:00,4.592,-,0.000
2021-07-14T10:15:00,4.593,-,0.000
2021-07-14T10:00:00,4.594,-,0.000
2021-07-14T09:45:00,4.594,-,0.000
2021-07-14T09:30:00,4.595,-,0.000
2021-07-14T09:15:00,4.595,-,0.000
2021-07-14T09:00:00,4.595,-,0.000
2021-07-14T08:45:00,4.595,-,0.000
2021-07-14T08:30:00,4.596,-,0.000
2021-07-14T08:15:00,4.596,-,0.000
2021-07-14T08:00:00,4.596,-,0.000
2021-07-14T07:45:00,4.597,-,0.000
2021-07-14T07:30:00,4.598,-,0.000
2021-07-14T07:15:00,4.598,-,0.000
2021-07-14T07:00:00,4.598,-,0.000
2021-07-14T06:45:00,4.598,-,0.000
2021-07-14T06:30:00,4.598,-,0.000
2021-07-14T06:15:00,4.598,-,0.000
2021-07-14T06:00:00,4.599,-,0.000
2021-07-14T05:45:00,4.599,-,0.000
2021-07-14T05:30:00,4.598,-,0.000
2021-07-14T05:15:00,4.598,-,0.000
2021-07-14T05:00:00,4.599,-,0.000
2021-07-14T04:45:00,4.599,-,0.000
2021-07-14T04:30:00,4.599,-,0.000
2021-07-14T04:15:00,4.599,-,0.000
2021-07-14T04:00:00,4.599,-,0.000
2021-07-14T03:45:00,4.599,-,0.000
2021-07-14T03:30:00,4.599,-,0.000
2021-07-14T03:15:00,4.599,-,0.000
2021-07-14T03:00:00,4.599,-,0.000
2021-07-14T02:45:00,4.600,-,0.000
2021-07-14T02:30:00,4.600,-,0.000
2021-07-14T02:15:00,4.601,-,0.000
2021-07-14T02:00:00,4.600,-,0.000
2021-07-14T01:45:00,4.600,-,0.000
2021-07-14T01:30:00,4.601,-,0.000
2021-07-14T01:15:00,4.601,-,0.000
2021-07-14T01:00:00,4.602,-,0.000
2021-07-14T00:45:00,4.602,-,0.000
2021-07-14T00:30:00,4.602,-,0.000
2021-07-14T00:15:00,4.602,-,0.000
2021-07-14T00:00:00,4.603,-,0.000
2021-07-13T23:45:00,4.603,-,0.000
2021-07-13T23:30:00,4.603,-,0.000
2021-07-13T23:15:00,4.604,-,0.000
2021-07-13T23:00:00,4.604,-,0.000
2021-07-13T22:45:00,4.605,-,0.000
2021-07-13T22:30:00,4.606,-,0.000
2021-07-13T22:15:00,4.607,-,0.000
2021-07-13T22:00:00,4.608,-,0.000
2021-07-13T21:45:00,4.609,-,0.000
2021-07-13T21:30:00,4.609,-,0.000
2021-07-13T21:15:00,4.611,-,0.000
2021-07-13T21:00:00,4.611,-,0.000
2021-07-13T20:45:00,4.612,-,0.000
2021-07-13T20:30:00,4.612,-,0.000
2021-07-13T20:15:00,4.614,-,0.000
2021-07-13T20:00:00,4.615,-,0.000
2021-07-13T19:45:00,4.616,-,0.000
2021-07-13T19:30:00,4.617,-,0.000
2021-07-13T19:15:00,4.618,-,0.000
2021-07-13T19:00:00,4.619,-,0.000
2021-07-13T18:45:00,4.620,-,0.000
2021-07-13T18:30:00,4.622,-,0.000
2021-07-13T18:15:00,4.623,-,0.000
2021-07-13T18:00:00,4.624,-,0.000
2021-07-13T17:45:00,4.625,-,0.000
2021-07-13T17:30:00,4.626,-,0.000
2021-07-13T17:15:00,4.627,-,0.000
2021-07-13T17:00:00,4.628,-,0.000
2021-07-13T16:45:00,4.629,-,0.000
2021-07-13T16:30:00,4.630,-,0.000
2021-07-13T16:15:00,4.631,-,0.000
2021-07-13T16:00:00,4.632,-,0.000
2021-07-13T15:45:00,4.633,-,0.000
2021-07-13T15:30:00,4.633,-,0.000
2021-07-13T15:15:00,4.634,-,0.000
2021-07-13T15:00:00,4.635,-,0.000
2021-07-13T14:45:00,4.636,-,0.000
2021-07-13T14:30:00,4.636,-,0.000
2021-07-13T14:15:00,4.637,-,0.000
2021-07-13T14:00:00,4.637,-,0.000
2021-07-13T13:45:00,4.638,-,0.000
2021-07-13T13:30:00,4.639,-,0.000
2021-07-13T13:15:00,4.638,-,0.000
2021-07-13T13:00:00,4.639,-,0.000
2021-07-13T12:45:00,4.639,-,0.000
2021-07-13T12:30:00,4.639,-,0.000
2021-07-13T12:15:00,4.640,-,0.000
2021-07-13T12:00:00,4.640,-,0.000
2021-07-13T11:45:00,4.640,-,0.000
2021-07-13T11:30:00,4.641,-,0.000
2021-07-13T11:15:00,4.641,-,0.000
2021-07-13T11:00:00,4.641,-,0.000
2021-07-13T10:45:00,4.641,-,0.000
2021-07-13T10:30:00,4.641,-,0.000
2021-07-13T10:15:00,4.641,-,0.000
2021-07-13T10:00:00,4.641,-,0.000
2021-07-13T09:45:00,4.640,-,0.000
2021-07-13T09:30:00,4.640,-,0.000
2021-07-13T09:15:00,4.640,-,0.000
2021-07-13T09:00:00,4.639,-,0.000
2021-07-13T08:45:00,4.640,-,0.000
2021-07-13T08:30:00,4.640,-,0.000
2021-07-13T08:15:00,4.639,-,0.000
2021-07-13T08:00:00,4.639,-,0.000
2021-07-13T07:45:00,4.639,-,0.000
2021-07-13T07:30:00,4.639,-,0.000
2021-07-13T07:15:00,4.638,-,0.000
2021-07-13T07:00:00,4.638,-,0.000
2021-07-13T06:45:00,4.637,-,0.000
2021-07-13T06:30:00,4.636,-,0.000
2021-07-13T06:15:00,4.636,-,0.000
2021-07-13T06:00:00,4.635,-,0.000
2021-07-13T05:45:00,4.635,-,0.000
2021-07-13T05:30:00,4.634,-,0.000
2021-07-13T05:15:00,4.633,-,0.000
2021-07-13T05:00:00,4.632,-,0.000
2021-07-13T04:45:00,4.631,-,0.000
2021-07-13T04:30:00,4.631,-,0.000
2021-07-13T04:15:00,4.630,-,0.000
2021-07-13T04:00:00,4.630,-,0.000
2021-07-13T03:45:00,4.629,-,0.000
2021-07-13T03:30:00,4.628,-,0.000
2021-07-13T03:15:00,4.628,-,0.000
2021-07-13T03:00:00,4.628,-,0.000
2021-07-13T02:45:00,4.628,-,0.000
2021-07-13T02:30:00,4.628,-,0.000
2021-07-13T02:15:00,4.627,-,0.000
2021-07-13T02:00:00,4.628,-,0.000
2021-07-13T01:45:00,4.628,-,0.000
2021-07-13T01:30:00,4.628,-,0.000
2021-07-13T01:15:00,4.628,-,0.000
2021-07-13T01:00:00,4.629,-,0.000
2021-07-13T00:45:00,4.629,-,0.000
2021-07-13T00:30:00,4.629,-,0.000
2021-07-13T00:15:00,4.629,-,0.000
2021-07-13T00:00:00,4.629,-,0.000
2021-07-26T23:45:00,4.228,-,0.000
2021-07-26T23:30:00,4.233,-,0.500
2021-07-26T23:15:00,4.239,-,0.500
2021-07-26T23:00:00,4.243,-,0.000
2021-07-26T22:45:00,4.248,-,0.000
2021-07-26T22:30:00,4.253,-,0.000
2021-07-26T22:15:00,4.258,-,0.000
2021-07-26T22:00:00,4.263,-,0.000
2021-07-26T21:45:00,4.268,-,0.000
2021-07-26T21:30:00,4.274,-,0.000
2021-07-26T21:15:00,4.278,-,0.000
2021-07-26T21:00:00,4.285,-,0.000
2021-07-26T20:45:00,4.290,-,0.000
2021-07-26T20:30:00,4.296,-,0.000
2021-07-26T20:15:00,4.301,-,0.000
2021-07-26T20:00:00,4.307,-,0.000
2021-07-26T19:45:00,4.312,-,0.000
2021-07-26T19:30:00,4.316,-,0.000
2021-07-26T19:15:00,4.322,-,0.000
2021-07-26T19:00:00,4.328,-,0.000
2021-07-26T18:45:00,4.331,-,0.000
2021-07-26T18:30:00,4.339,-,0.000
2021-07-26T18:15:00,4.343,-,0.000
2021-07-26T18:00:00,4.348,-,0.000
2021-07-26T17:45:00,4.352,-,0.000
2021-07-26T17:30:00,4.357,-,0.000
2021-07-26T17:15:00,4.362,-,0.000
2021-07-26T17:00:00,4.367,-,0.000
2021-07-26T16:45:00,4.372,-,0.000
2021-07-26T16:30:00,4.376,-,0.000
2021-07-26T16:15:00,4.382,-,0.000
2021-07-26T16:00:00,4.387,-,0.000
2021-07-26T15:45:00,4.391,-,0.000
2021-07-26T15:30:00,4.396,-,0.000
2021-07-26T15:15:00,4.400,-,0.000
2021-07-26T15:00:00,4.405,-,0.000
2021-07-26T14:45:00,4.410,-,0.000
2021-07-26T14:30:00,4.415,-,0.000
2021-07-26T14:15:00,4.420,-,0.000
2021-07-26T14:00:00,4.425,-,1.000
2021-07-26T13:45:00,4.427,-,0.000
2021-07-26T13:30:00,4.433,-,0.000
2021-07-26T13:15:00,4.436,-,0.000
2021-07-26T13:00:00,4.441,-,0.000
2021-07-26T12:45:00,4.445,-,0.000
2021-07-26T12:30:00,4.449,-,0.000
2021-07-26T12:15:00,4.453,-,0.000
2021-07-26T12:00:00,4.462,-,0.000
2021-07-26T11:45:00,4.462,-,0.000
2021-07-26T11:30:00,4.463,-,0.000
2021-07-26T11:15:00,4.466,-,0.000
2021-07-26T11:00:00,4.467,-,0.000
2021-07-26T10:45:00,4.467,-,0.000
2021-07-26T10:30:00,4.470,-,0.000
2021-07-26T10:15:00,4.469,-,0.000
2021-07-26T10:00:00,4.467,-,0.000
2021-07-26T09:45:00,4.463,-,0.000
2021-07-26T09:30:00,4.452,-,0.000
2021-07-26T09:15:00,4.452,-,0.000
2021-07-26T09:00:00,4.433,-,0.000
2021-07-26T08:45:00,4.435,-,0.000
2021-07-26T08:30:00,4.448,-,0.000
2021-07-26T08:15:00,4.450,-,0.000
2021-07-26T08:00:00,4.455,-,0.000
2021-07-26T07:45:00,4.458,-,0.000
2021-07-26T07:30:00,4.462,-,0.000
2021-07-26T07:15:00,4.466,-,0.000
2021-07-26T07:00:00,4.470,-,0.000
2021-07-26T06:45:00,4.476,-,0.000
2021-07-26T06:30:00,4.481,-,0.000
2021-07-26T06:15:00,4.486,-,0.000
2021-07-26T06:00:00,4.489,-,0.000
2021-07-26T05:45:00,4.493,-,0.000
2021-07-26T05:30:00,4.497,-,0.000
2021-07-26T05:15:00,4.504,-,0.000
2021-07-26T05:00:00,4.507,-,0.000
2021-07-26T04:45:00,4.510,-,0.000
2021-07-26T04:30:00,4.515,-,0.000
2021-07-26T04:15:00,4.520,-,0.000
2021-07-26T04:00:00,4.522,-,0.000
2021-07-26T03:45:00,4.526,-,0.000
2021-07-26T03:30:00,4.528,-,0.000
2021-07-26T03:15:00,4.532,-,0.000
2021-07-26T03:00:00,4.535,-,0.000
2021-07-26T02:45:00,4.537,-,0.000
2021-07-26T02:30:00,4.539,-,0.000
2021-07-26T02:15:00,4.542,-,0.000
2021-07-26T02:00:00,4.545,-,0.000
2021-07-26T01:45:00,4.544,-,0.000
2021-07-26T01:30:00,4.543,-,0.000
2021-07-26T01:15:00,4.548,-,0.000
2021-07-26T01:00:00,4.536,-,0.000
2021-07-26T00:45:00,4.548,-,0.000
2021-07-26T00:30:00,4.553,-,0.000
2021-07-26T00:15:00,4.561,-,0.000
2021-07-26T00:00:00,4.571,-,0.000
2021-07-25T23:45:00,4.582,-,0.000
2021-07-25T23:30:00,4.588,-,0.000
2021-07-25T23:15:00,4.595,-,0.000
2021-07-25T23:00:00,4.603,-,0.000
2021-07-25T22:45:00,4.612,-,0.000
2021-07-25T22:30:00,4.620,-,0.000
2021-07-25T22:15:00,4.629,-,0.000
2021-07-25T22:00:00,4.636,-,0.000
2021-07-25T21:45:00,4.644,-,0.000
2021-07-25T21:30:00,4.652,-,0.000
2021-07-25T21:15:00,4.658,-,0.000
2021-07-25T21:00:00,4.668,-,0.000
2021-07-25T20:45:00,4.674,-,0.000
2021-07-25T20:30:00,4.680,-,0.000
2021-07-25T20:15:00,4.685,-,0.000
2021-07-25T20:00:00,4.686,-,0.000
2021-07-25T19:45:00,4.701,-,0.000
2021-07-25T19:30:00,4.711,-,0.000
2021-07-25T19:15:00,4.719,-,0.000
2021-07-25T19:00:00,4.729,-,0.000
2021-07-25T18:45:00,4.742,-,0.000
2021-07-25T18:30:00,4.755,-,0.500
2021-07-25T18:15:00,4.768,-,0.000
2021-07-25T18:00:00,4.783,-,0.000
2021-07-25T17:45:00,4.799,-,0.000
2021-07-25T17:30:00,4.813,-,0.000
2021-07-25T17:15:00,4.833,-,0.000
2021-07-25T16:45:00,4.870,-,0.000
2021-07-25T16:30:00,4.882,-,0.000
2021-07-25T16:15:00,4.922,-,0.000
2021-07-25T16:00:00,4.922,-,0.000
2021-07-25T15:45:00,4.921,-,0.000
2021-07-25T15:30:00,4.917,-,0.000
2021-07-25T15:15:00,4.913,-,0.000
2021-07-25T15:00:00,4.907,-,0.500
2021-07-25T14:45:00,4.904,-,1.500
2021-07-25T14:30:00,4.899,-,2.500
2021-07-25T14:15:00,4.892,-,0.000
2021-07-25T14:00:00,4.889,-,0.000
2021-07-25T13:15:00,4.883,-,0.500
2021-07-25T13:00:00,4.881,-,0.000
2021-07-25T12:45:00,4.880,-,0.000
2021-07-25T12:30:00,0.000,-,0.000
2021-07-25T12:15:00,4.879,-,0.000
2021-07-25T12:00:00,4.881,-,0.000
2021-07-25T11:45:00,4.880,-,0.000
2021-07-25T11:30:00,4.881,-,0.000
2021-07-25T11:15:00,4.882,-,0.000
2021-07-25T11:00:00,4.884,-,0.500
2021-07-25T10:45:00,4.886,-,0.000
2021-07-25T10:15:00,4.893,-,0.000
2021-07-25T10:00:00,4.897,-,0.000
2021-07-25T09:45:00,4.907,-,0.500
2021-07-25T09:30:00,4.915,-,0.000
2021-07-25T09:15:00,4.918,-,0.500
2021-07-25T09:00:00,4.920,-,0.000
2021-07-25T08:45:00,4.927,-,0.000
2021-07-25T08:30:00,4.930,-,0.000
2021-07-25T08:15:00,4.941,-,0.000
2021-07-25T08:00:00,4.946,-,0.000
2021-07-25T07:45:00,4.956,-,0.000
2021-07-25T07:30:00,4.959,-,1.000
2021-07-25T07:15:00,4.976,-,0.500
2021-07-25T07:00:00,5.026,-,0.000
2021-07-25T06:45:00,5.025,-,0.000
2021-07-25T06:30:00,5.011,-,0.500
2021-07-25T06:15:00,4.996,-,0.000
2021-07-25T06:00:00,4.981,-,0.500
2021-07-25T05:45:00,4.965,-,0.500
2021-07-25T05:30:00,4.947,-,1.000
2021-07-25T05:15:00,4.932,-,0.500
2021-07-25T05:00:00,4.917,-,0.000
2021-07-25T04:45:00,4.900,-,0.000
2021-07-25T04:30:00,4.882,-,0.000
2021-07-25T04:15:00,4.863,-,0.000
2021-07-25T04:00:00,4.844,-,0.000
2021-07-25T03:45:00,4.826,-,0.000
2021-07-25T03:30:00,4.808,-,0.000
2021-07-25T03:15:00,4.790,-,0.000
2021-07-25T03:00:00,4.771,-,0.000
2021-07-25T02:45:00,4.751,-,0.500
2021-07-25T02:30:00,4.733,-,0.000
2021-07-25T02:15:00,4.714,-,0.000
2021-07-25T02:00:00,4.694,-,0.000
2021-07-25T01:45:00,4.677,-,0.000
2021-07-25T01:30:00,4.659,-,0.000
2021-07-25T01:15:00,4.642,-,0.000
2021-07-25T01:00:00,4.625,-,0.000
2021-07-25T00:45:00,4.609,-,0.500
2021-07-25T00:30:00,4.594,-,0.000
2021-07-25T00:15:00,4.579,-,0.500
2021-07-25T00:00:00,4.565,-,0.500
2021-07-24T23:45:00,4.553,-,0.000
2021-07-24T23:30:00,4.542,-,0.500
2021-07-24T23:15:00,4.532,-,0.000
2021-07-24T23:00:00,4.523,-,0.000
2021-07-24T22:45:00,4.516,-,0.500
2021-07-24T22:30:00,4.509,-,0.000
2021-07-24T22:15:00,4.504,-,0.000
2021-07-24T22:00:00,4.499,-,0.000
2021-07-24T21:45:00,4.496,-,0.000
2021-07-24T21:30:00,4.493,-,0.000
2021-07-24T21:15:00,4.492,-,0.000
2021-07-24T21:00:00,4.490,-,0.000
2021-07-24T20:45:00,4.488,-,0.000
2021-07-24T20:30:00,4.487,-,0.000
2021-07-24T20:15:00,4.490,-,0.000
2021-07-24T20:00:00,4.488,-,0.500
2021-07-24T19:45:00,4.486,-,0.000
2021-07-24T19:30:00,4.484,-,0.000
2021-07-24T19:15:00,4.483,-,0.500
2021-07-24T19:00:00,4.482,-,0.000
2021-07-24T18:45:00,4.480,-,0.500
2021-07-24T18:30:00,4.480,-,0.000
2021-07-24T18:15:00,4.479,-,0.000
2021-07-24T18:00:00,4.479,-,0.000
2021-07-24T17:45:00,4.478,-,0.500
2021-07-24T17:30:00,4.478,-,0.500
2021-07-24T17:15:00,4.477,-,0.500
2021-07-24T17:00:00,4.477,-,0.500
2021-07-24T16:45:00,4.477,-,0.500
2021-07-24T16:30:00,4.474,-,0.000
2021-07-24T16:15:00,4.470,-,0.000
2021-07-24T16:00:00,4.472,-,0.000
2021-07-24T15:45:00,4.467,-,0.500
2021-07-24T15:30:00,4.469,-,4.000
2021-07-24T15:15:00,4.468,-,2.500
2021-07-24T15:00:00,4.468,-,0.000
2021-07-24T14:45:00,4.471,-,0.000
2021-07-24T14:30:00,4.474,-,0.000
2021-07-24T14:15:00,4.479,-,0.000
2021-07-24T14:00:00,4.483,-,1.500
2021-07-24T13:45:00,4.486,-,1.000
2021-07-24T13:30:00,4.489,-,0.000
2021-07-24T13:15:00,4.492,-,1.000
2021-07-24T13:00:00,4.495,-,2.500
2021-07-24T12:45:00,4.500,-,2.500
2021-07-24T12:30:00,4.503,-,0.000
2021-07-24T12:15:00,4.506,-,0.000
2021-07-24T12:00:00,4.511,-,0.000
2021-07-24T11:45:00,4.515,-,0.000
2021-07-24T11:30:00,4.519,-,0.000
2021-07-24T11:15:00,4.525,-,0.000
2021-07-24T11:00:00,4.530,-,0.000
2021-07-24T10:45:00,4.535,-,0.000
2021-07-24T10:30:00,4.539,-,0.000
2021-07-24T10:15:00,4.543,-,0.000
2021-07-24T10:00:00,4.548,-,0.000
2021-07-24T09:45:00,4.553,-,0.000
2021-07-24T09:30:00,4.558,-,0.000
2021-07-24T09:15:00,4.562,-,0.000
2021-07-24T09:00:00,4.566,-,0.000
2021-07-24T08:45:00,4.578,-,0.000
2021-07-24T08:30:00,4.580,-,0.000
2021-07-24T08:15:00,4.583,-,0.500
2021-07-24T08:00:00,4.587,-,0.000
2021-07-24T07:45:00,4.590,-,0.000
2021-07-24T07:30:00,4.594,-,0.000
2021-07-24T07:15:00,4.598,-,0.000
2021-07-24T07:00:00,4.602,-,0.000
2021-07-24T06:45:00,4.606,-,0.000
2021-07-24T06:30:00,4.611,-,0.000
2021-07-24T06:15:00,4.616,-,0.000
2021-07-24T06:00:00,4.620,-,0.500
2021-07-24T05:45:00,4.624,-,0.000
2021-07-24T05:30:00,4.628,-,0.000
2021-07-24T05:15:00,4.633,-,0.000
2021-07-24T05:00:00,4.638,-,0.000
2021-07-24T04:45:00,4.642,-,0.000
2021-07-24T04:30:00,4.647,-,0.000
2021-07-24T04:15:00,4.651,-,0.000
2021-07-24T04:00:00,4.655,-,0.000
2021-07-24T03:45:00,4.660,-,0.000
2021-07-24T03:30:00,4.664,-,0.000
2021-07-24T03:15:00,4.670,-,0.500
2021-07-24T03:00:00,4.674,-,0.000
2021-07-24T02:45:00,4.678,-,0.000
2021-07-24T02:30:00,4.681,-,0.000
2021-07-24T02:15:00,4.685,-,0.000
2021-07-24T02:00:00,4.689,-,0.000
2021-07-24T01:45:00,4.693,-,0.000
2021-07-24T01:30:00,4.698,-,0.000
2021-07-24T01:15:00,4.701,-,0.000
2021-07-24T01:00:00,4.709,-,0.000
2021-07-24T00:45:00,4.713,-,0.000
2021-07-24T00:30:00,4.716,-,0.000
2021-07-24T00:15:00,4.720,-,0.000
2021-07-24T00:00:00,4.723,-,0.000
2021-07-23T23:45:00,4.727,-,0.000
2021-07-23T23:30:00,4.730,-,0.000
2021-07-23T23:15:00,4.734,-,0.000
2021-07-23T23:00:00,4.738,-,0.000
2021-07-23T22:45:00,4.742,-,0.000
2021-07-23T22:30:00,4.745,-,0.000
2021-07-23T22:15:00,4.749,-,0.000
2021-07-23T22:00:00,4.753,-,0.000
2021-07-23T21:45:00,4.757,-,0.000
2021-07-23T21:30:00,4.761,-,0.000
2021-07-23T21:15:00,4.764,-,0.000
2021-07-23T21:00:00,4.768,-,0.000
2021-07-23T20:45:00,4.771,-,0.000
2021-07-23T20:30:00,4.774,-,0.000
2021-07-23T20:15:00,4.777,-,0.000
2021-07-23T20:00:00,4.781,-,0.000
2021-07-23T19:45:00,4.788,-,0.000
2021-07-23T19:30:00,4.789,-,0.000
2021-07-23T19:15:00,4.799,-,0.000
2021-07-23T19:00:00,4.798,-,0.000
2021-07-23T18:45:00,4.796,-,0.000
2021-07-23T18:30:00,4.794,-,0.000
2021-07-23T18:15:00,4.792,-,0.000
2021-07-23T18:00:00,4.790,-,0.000
2021-07-23T17:45:00,4.787,-,0.000
2021-07-23T17:30:00,4.784,-,0.000
2021-07-23T17:15:00,4.781,-,0.000
2021-07-23T17:00:00,4.778,-,0.000
2021-07-23T16:45:00,4.774,-,0.000
2021-07-23T16:30:00,4.771,-,0.000
2021-07-23T16:15:00,4.767,-,0.000
2021-07-23T16:00:00,4.762,-,0.000
2021-07-23T15:45:00,4.757,-,0.000
2021-07-23T15:30:00,4.753,-,0.000
2021-07-23T15:15:00,4.749,-,0.000
2021-07-23T15:00:00,4.743,-,0.000
2021-07-23T14:45:00,4.738,-,0.000
2021-07-23T14:30:00,4.733,-,0.000
2021-07-23T14:15:00,4.725,-,0.000
2021-07-23T14:00:00,4.719,-,0.000
2021-07-23T13:45:00,4.712,-,0.000
2021-07-23T13:30:00,4.705,-,0.000
2021-07-23T13:15:00,4.698,-,0.000
2021-07-23T13:00:00,4.690,-,0.000
2021-07-23T12:45:00,4.685,-,0.000
2021-07-23T12:30:00,4.679,-,0.000
2021-07-23T12:15:00,4.672,-,0.000
2021-07-23T12:00:00,4.666,-,0.000
2021-07-23T11:45:00,4.659,-,0.000
2021-07-23T11:30:00,4.655,-,0.000
2021-07-23T11:15:00,4.650,-,0.000
2021-07-23T11:00:00,4.645,-,0.000
2021-07-23T10:45:00,4.642,-,0.000
2021-07-23T10:30:00,4.638,-,0.000
2021-07-23T10:15:00,4.634,-,0.000
2021-07-23T10:00:00,4.631,-,0.000
2021-07-23T09:45:00,4.628,-,0.000
2021-07-23T09:30:00,4.627,-,0.000
2021-07-23T09:15:00,4.625,-,0.000
2021-07-23T09:00:00,4.625,-,0.000
2021-07-23T08:45:00,4.624,-,0.000
2021-07-23T08:30:00,4.624,-,0.000
2021-07-23T08:15:00,4.623,-,0.000
2021-07-23T08:00:00,4.623,-,0.000
2021-07-23T07:45:00,4.623,-,0.000
2021-07-23T07:30:00,4.623,-,0.000
2021-07-23T07:15:00,4.623,-,0.000
2021-07-23T07:00:00,4.623,-,0.000
2021-07-23T06:45:00,4.623,-,0.000
2021-07-23T06:30:00,4.623,-,0.000
2021-07-23T06:15:00,4.622,-,0.000
2021-07-23T06:00:00,4.624,-,0.000
2021-07-23T05:45:00,4.621,-,0.000
2021-07-23T05:30:00,4.623,-,0.000
2021-07-23T05:15:00,4.625,-,0.500
2021-07-23T05:00:00,4.627,-,0.000
2021-07-23T04:45:00,4.630,-,0.000
2021-07-23T04:30:00,4.631,-,0.000
2021-07-23T04:15:00,4.634,-,0.000
2021-07-23T04:00:00,4.636,-,0.000
2021-07-23T03:45:00,4.638,-,0.000
2021-07-23T03:30:00,4.640,-,0.000
2021-07-23T03:15:00,4.643,-,0.000
2021-07-23T03:00:00,4.645,-,0.000
2021-07-23T02:45:00,4.648,-,0.000
2021-07-23T02:30:00,4.649,-,0.000
2021-07-23T02:15:00,4.652,-,0.000
2021-07-23T02:00:00,4.654,-,0.000
2021-07-23T01:45:00,4.657,-,0.000
2021-07-23T01:30:00,4.660,-,0.000
2021-07-23T01:15:00,4.662,-,0.000
2021-07-23T01:00:00,4.665,-,0.500
2021-07-23T00:45:00,4.668,-,0.000
2021-07-23T00:30:00,4.670,-,0.000
2021-07-23T00:15:00,4.672,-,0.000
2021-07-23T00:00:00,4.675,-,0.000
2021-07-22T23:45:00,4.678,-,0.000
2021-07-22T23:30:00,4.680,-,0.000
2021-07-22T23:15:00,4.682,-,0.000
2021-07-22T23:00:00,4.685,-,0.000
2021-07-22T22:45:00,4.688,-,0.000
2021-07-22T22:30:00,4.691,-,0.000
2021-07-22T22:15:00,4.693,-,0.000
2021-07-22T22:00:00,4.696,-,0.000
2021-07-22T21:45:00,4.699,-,0.000
2021-07-22T21:30:00,4.702,-,0.000
2021-07-22T21:15:00,4.710,-,0.000
2021-07-22T21:00:00,4.712,-,0.000
2021-07-22T20:45:00,4.715,-,0.000
2021-07-22T20:30:00,4.718,-,0.000
2021-07-22T20:15:00,4.720,-,0.000
2021-07-22T20:00:00,4.723,-,0.000
2021-07-22T19:45:00,4.726,-,0.000
2021-07-22T19:30:00,4.729,-,0.000
2021-07-22T19:15:00,4.732,-,0.000
2021-07-22T19:00:00,4.737,-,0.000
2021-07-22T18:45:00,4.740,-,0.000
2021-07-22T18:30:00,4.744,-,0.000
2021-07-22T18:15:00,4.748,-,0.000
2021-07-22T18:00:00,4.752,-,0.000
2021-07-22T17:45:00,4.757,-,0.000
2021-07-22T17:30:00,4.759,-,0.000
2021-07-22T17:15:00,4.760,-,0.000
2021-07-22T17:00:00,4.769,-,0.000
2021-07-22T16:45:00,4.781,-,0.000
2021-07-22T16:30:00,4.780,-,0.000
2021-07-22T16:15:00,4.780,-,0.000
2021-07-22T16:00:00,4.780,-,0.000
2021-07-22T15:45:00,4.780,-,0.000
2021-07-22T15:30:00,4.781,-,0.000
2021-07-22T15:15:00,4.781,-,0.000
2021-07-22T15:00:00,4.781,-,0.000
2021-07-22T14:45:00,4.781,-,0.000
2021-07-22T14:30:00,4.783,-,0.000
2021-07-22T14:15:00,4.780,-,0.000
2021-07-22T14:00:00,4.783,-,0.000
2021-07-22T13:45:00,4.780,-,0.000
2021-07-22T13:30:00,4.783,-,0.000
2021-07-22T13:15:00,4.780,-,0.000
2021-07-22T13:00:00,4.784,-,0.000
2021-07-22T12:45:00,4.782,-,0.000
2021-07-22T12:30:00,4.780,-,0.000
2021-07-22T12:15:00,4.778,-,0.000
2021-07-22T12:00:00,4.777,-,0.000
2021-07-22T11:45:00,4.774,-,0.000
2021-07-22T11:30:00,4.771,-,0.000
2021-07-22T11:15:00,4.768,-,0.000
2021-07-22T11:00:00,4.765,-,0.000
2021-07-22T10:45:00,4.762,-,0.000
2021-07-22T10:30:00,4.760,-,0.500
2021-07-22T10:15:00,4.757,-,0.000
2021-07-22T10:00:00,4.754,-,0.000
2021-07-22T09:45:00,4.751,-,0.000
2021-07-22T09:30:00,4.746,-,0.000
2021-07-22T09:15:00,4.741,-,0.000
2021-07-22T09:00:00,4.736,-,0.000
2021-07-22T08:45:00,4.730,-,0.000
2021-07-22T08:30:00,4.725,-,0.000
2021-07-22T08:15:00,4.720,-,0.000
2021-07-22T08:00:00,4.715,-,0.000
2021-07-22T07:45:00,4.710,-,0.000
2021-07-22T07:30:00,4.703,-,0.000
2021-07-22T07:15:00,4.697,-,0.000
2021-07-22T07:00:00,4.693,-,0.000
2021-07-22T06:45:00,4.684,-,0.000
2021-07-22T06:30:00,4.682,-,0.000
2021-07-22T06:15:00,4.671,-,0.000
2021-07-22T06:00:00,4.666,-,0.000
2021-07-22T05:45:00,4.660,-,0.000
2021-07-22T05:30:00,4.657,-,0.000
2021-07-22T05:15:00,4.652,-,0.000
2021-07-22T05:00:00,4.649,-,0.000
2021-07-22T04:45:00,4.644,-,0.000
2021-07-22T04:30:00,4.641,-,0.000
2021-07-22T04:15:00,4.637,-,0.000
2021-07-22T04:00:00,4.634,-,0.000
2021-07-22T03:45:00,4.630,-,0.000
2021-07-22T03:30:00,4.627,-,0.000
2021-07-22T03:15:00,4.624,-,0.000
2021-07-22T03:00:00,4.620,-,0.000
2021-07-22T02:45:00,4.617,-,0.000
2021-07-22T02:30:00,4.614,-,0.000
2021-07-22T02:15:00,4.610,-,0.000
2021-07-22T02:00:00,4.607,-,0.000
2021-07-22T01:45:00,4.603,-,0.000
2021-07-22T01:30:00,4.601,-,0.000
2021-07-22T01:15:00,4.598,-,0.000
2021-07-22T01:00:00,4.595,-,0.000
2021-07-22T00:45:00,4.593,-,0.000
2021-07-22T00:30:00,4.591,-,0.000
2021-07-22T00:15:00,4.588,-,0.000
2021-07-22T00:00:00,4.586,-,0.000
2021-07-21T23:45:00,4.584,-,0.000
2021-07-21T23:30:00,4.582,-,0.000
2021-07-21T23:15:00,4.580,-,0.000
2021-07-21T23:00:00,4.579,-,0.000
2021-07-21T22:45:00,4.577,-,0.000
2021-07-21T22:30:00,4.575,-,0.000
2021-07-21T22:15:00,4.573,-,0.000
2021-07-21T22:00:00,4.572,-,0.000
2021-07-21T21:45:00,4.570,-,0.000
2021-07-21T21:30:00,4.568,-,0.000
2021-07-21T21:15:00,4.567,-,0.000
2021-07-21T21:00:00,4.567,-,0.000
2021-07-21T20:45:00,4.565,-,0.000
2021-07-21T20:30:00,4.564,-,0.000
2021-07-21T20:15:00,4.562,-,0.000
2021-07-21T20:00:00,4.561,-,0.000
2021-07-21T19:45:00,4.559,-,0.000
2021-07-21T19:30:00,4.559,-,0.000
2021-07-21T19:15:00,4.558,-,0.000
2021-07-21T19:00:00,4.555,-,0.000
2021-07-21T18:45:00,4.558,-,0.000
2021-07-21T18:30:00,4.554,-,0.000
2021-07-21T18:15:00,4.550,-,0.000
2021-07-21T18:00:00,4.547,-,0.000
2021-07-21T17:45:00,4.545,-,0.000
2021-07-21T17:30:00,4.541,-,0.000
2021-07-21T17:15:00,4.538,-,0.000
2021-07-21T17:00:00,4.534,-,0.000
2021-07-21T16:45:00,4.530,-,0.000
2021-07-21T16:30:00,4.527,-,0.000
2021-07-21T16:15:00,4.524,-,0.000
2021-07-21T16:00:00,4.520,-,0.000
2021-07-21T15:45:00,4.517,-,0.000
2021-07-21T15:30:00,4.512,-,0.000
2021-07-21T15:15:00,4.509,-,0.000
2021-07-21T15:00:00,4.505,-,0.000
2021-07-21T14:45:00,4.501,-,0.000
2021-07-21T14:30:00,4.498,-,0.000
2021-07-21T14:15:00,4.494,-,0.000
2021-07-21T14:00:00,4.490,-,0.000
2021-07-21T13:45:00,4.486,-,0.000
2021-07-21T13:30:00,4.482,-,0.000
2021-07-21T13:15:00,4.479,-,0.000
2021-07-21T13:00:00,4.477,-,0.000
2021-07-21T12:45:00,4.471,-,0.000
2021-07-21T12:30:00,4.466,-,0.000
2021-07-21T12:15:00,4.463,-,0.000
2021-07-21T12:00:00,4.458,-,0.000
2021-07-21T11:45:00,4.453,-,0.000
2021-07-21T11:30:00,4.447,-,0.000
2021-07-21T11:15:00,4.446,-,0.000
2021-07-21T11:00:00,4.442,-,0.500
2021-07-21T10:45:00,4.437,-,0.000
2021-07-21T10:30:00,4.433,-,0.000
2021-07-21T10:15:00,4.430,-,0.000
2021-07-21T10:00:00,4.425,-,0.000
2021-07-21T09:45:00,4.419,-,0.000
2021-07-21T09:30:00,4.415,-,0.000
2021-07-21T09:15:00,4.408,-,0.000
2021-07-21T09:00:00,4.408,-,0.000
2021-07-21T08:45:00,4.405,-,0.000
2021-07-21T08:30:00,4.402,-,0.000
2021-07-21T08:15:00,4.400,-,0.000
2021-07-21T08:00:00,4.395,-,0.000
2021-07-21T07:45:00,4.393,-,0.000
2021-07-21T07:30:00,4.390,-,0.000
2021-07-21T07:15:00,4.390,-,0.000
2021-07-21T07:00:00,4.387,-,0.000
2021-07-21T06:45:00,4.387,-,0.000
2021-07-21T06:30:00,4.387,-,0.000
2021-07-21T06:15:00,4.387,-,0.000
2021-07-21T06:00:00,4.387,-,0.000
2021-07-21T05:45:00,4.387,-,0.000
2021-07-21T05:30:00,4.387,-,0.000
2021-07-21T05:15:00,4.387,-,0.000
2021-07-21T05:00:00,4.387,-,0.000
2021-07-21T04:45:00,4.387,-,0.000
2021-07-21T04:30:00,4.387,-,0.000
2021-07-21T04:15:00,4.387,-,0.000
2021-07-21T04:00:00,4.387,-,0.000
2021-07-21T03:45:00,4.387,-,0.000
2021-07-21T03:30:00,4.387,-,0.000
2021-07-21T03:15:00,4.387,-,0.000
2021-07-21T03:00:00,4.387,-,0.000
2021-07-21T02:45:00,4.387,-,0.000
2021-07-21T02:30:00,4.387,-,0.000
2021-07-21T02:15:00,4.388,-,0.000
2021-07-21T02:00:00,4.387,-,0.000
2021-07-21T01:45:00,4.387,-,0.000
2021-07-21T01:30:00,4.388,-,0.000
2021-07-21T01:15:00,4.387,-,0.000
2021-07-21T01:00:00,4.387,-,0.000
2021-07-21T00:45:00,4.387,-,0.000
2021-07-21T00:30:00,4.387,-,0.000
2021-07-21T00:15:00,4.386,-,0.000
2021-07-21T00:00:00,4.387,-,0.000
2021-07-20T23:45:00,4.387,-,0.000
2021-07-20T23:30:00,4.387,-,0.000
2021-07-20T23:15:00,4.387,-,0.000
2021-07-20T23:00:00,4.386,-,0.000
2021-07-20T22:45:00,4.387,-,0.000
2021-07-20T22:30:00,4.388,-,0.000
2021-07-20T22:15:00,4.389,-,0.000
2021-07-20T22:00:00,4.389,-,0.000
2021-07-20T21:45:00,4.390,-,0.000
2021-07-20T21:30:00,4.391,-,0.000
2021-07-20T21:15:00,4.392,-,0.000
2021-07-20T21:00:00,4.393,-,0.000
2021-07-20T20:45:00,4.393,-,0.000
2021-07-20T20:30:00,4.394,-,0.000
2021-07-20T20:15:00,4.396,-,0.000
2021-07-20T20:00:00,4.396,-,0.000
2021-07-20T19:45:00,4.397,-,0.000
2021-07-20T19:30:00,4.398,-,0.000
2021-07-20T19:15:00,4.400,-,1.500
2021-07-20T19:00:00,4.396,-,0.000
2021-07-20T18:45:00,4.398,-,0.000
2021-07-20T18:30:00,4.399,-,0.000
2021-07-20T18:15:00,4.400,-,0.000
2021-07-20T18:00:00,4.400,-,0.000
2021-07-20T17:45:00,4.401,-,0.000
2021-07-20T17:30:00,4.402,-,0.000
2021-07-20T17:15:00,4.402,-,0.000
2021-07-20T17:00:00,4.403,-,0.000
2021-07-20T16:45:00,4.404,-,2.500
2021-07-20T16:30:00,4.403,-,0.000
2021-07-20T16:15:00,4.404,-,0.000
2021-07-20T16:00:00,4.404,-,0.000
2021-07-20T15:45:00,4.404,-,0.000
2021-07-20T15:30:00,4.405,-,0.000
2021-07-20T15:15:00,4.405,-,0.000
2021-07-20T15:00:00,4.404,-,0.000
2021-07-20T14:45:00,4.405,-,0.000
2021-07-20T14:30:00,4.406,-,0.000
2021-07-20T14:15:00,4.407,-,0.000
2021-07-20T14:00:00,4.406,-,0.000
2021-07-20T13:45:00,4.405,-,0.000
2021-07-20T13:30:00,4.405,-,0.000
2021-07-20T13:15:00,4.406,-,0.000
2021-07-20T13:00:00,4.404,-,0.000
2021-07-20T12:45:00,4.405,-,0.000
2021-07-20T12:30:00,4.405,-,0.000
2021-07-20T12:15:00,4.405,-,0.000
2021-07-20T12:00:00,4.405,-,0.000
2021-07-20T11:45:00,4.404,-,0.000
2021-07-20T11:30:00,4.403,-,0.000
2021-07-20T11:15:00,4.404,-,0.000
2021-07-20T11:00:00,4.403,-,0.000
2021-07-20T10:45:00,4.405,-,0.000
2021-07-20T10:30:00,4.405,-,0.000
2021-07-20T10:15:00,4.403,-,0.000
2021-07-20T10:00:00,4.403,-,0.000
2021-07-20T09:45:00,4.402,-,0.000
2021-07-20T09:30:00,4.402,-,0.000
2021-07-20T09:15:00,4.401,-,0.000
2021-07-20T09:00:00,4.401,-,0.000
2021-07-20T08:45:00,4.400,-,0.000
2021-07-20T08:30:00,4.399,-,0.000
2021-07-20T08:15:00,4.398,-,0.000
2021-07-20T08:00:00,4.397,-,0.000
2021-07-20T07:45:00,4.397,-,0.000
2021-07-20T07:30:00,4.398,-,0.000
2021-07-20T07:15:00,4.397,-,0.000
2021-07-20T07:00:00,4.390,-,0.000
2021-07-20T06:45:00,4.388,-,0.000
2021-07-20T06:30:00,4.390,-,0.000
2021-07-20T06:15:00,4.393,-,0.000
2021-07-20T06:00:00,4.395,-,0.000
2021-07-20T05:45:00,4.397,-,0.000
2021-07-20T05:30:00,4.400,-,0.000
2021-07-20T05:15:00,4.402,-,0.000
2021-07-20T05:00:00,4.404,-,0.000
2021-07-20T04:45:00,4.407,-,0.000
2021-07-20T04:30:00,4.409,-,0.000
2021-07-20T04:15:00,4.412,-,0.000
2021-07-20T04:00:00,4.414,-,0.000
2021-07-20T03:45:00,4.416,-,0.000
2021-07-20T03:30:00,4.418,-,0.000
2021-07-20T03:15:00,4.420,-,0.000
2021-07-20T03:00:00,4.421,-,0.000
2021-07-20T02:45:00,4.424,-,0.000
2021-07-20T02:30:00,4.426,-,0.000
2021-07-20T02:15:00,4.427,-,0.000
2021-07-20T02:00:00,4.430,-,0.000
2021-07-20T01:45:00,4.432,-,0.000
2021-07-20T01:30:00,4.433,-,0.000
2021-07-20T01:15:00,4.435,-,0.000
2021-07-20T01:00:00,4.436,-,0.000
2021-07-20T00:45:00,4.438,-,0.000
2021-07-20T00:30:00,4.439,-,0.000
2021-07-20T00:15:00,4.441,-,0.000
2021-07-20T00:00:00,4.442,-,0.000
2021-08-02T23:45:00,4.691,-,0.000
2021-08-02T23:30:00,4.691,-,0.000
2021-08-02T23:15:00,4.692,-,0.000
2021-08-02T23:00:00,4.692,-,0.000
2021-08-02T22:45:00,4.692,-,0.000
2021-08-02T22:30:00,4.692,-,0.000
2021-08-02T22:15:00,4.692,-,0.000
2021-08-02T22:00:00,4.692,-,0.000
2021-08-02T21:45:00,4.692,-,0.000
2021-08-02T21:30:00,4.692,-,0.000
2021-08-02T21:15:00,4.693,-,0.000
2021-08-02T21:00:00,4.692,-,0.000
2021-08-02T20:45:00,4.691,-,0.000
2021-08-02T20:30:00,4.691,-,0.000
2021-08-02T20:15:00,4.690,-,0.000
2021-08-02T20:00:00,4.690,-,0.000
2021-08-02T19:45:00,4.692,-,2.000
2021-08-02T19:30:00,4.687,-,2.500
2021-08-02T19:15:00,4.682,-,0.000
2021-08-02T19:00:00,4.684,-,0.000
2021-08-02T18:45:00,4.683,-,0.000
2021-08-02T18:30:00,4.682,-,0.000
2021-08-02T18:15:00,4.682,-,0.000
2021-08-02T18:00:00,4.684,-,0.000
2021-08-02T17:45:00,4.681,-,0.000
2021-08-02T17:30:00,4.681,-,0.000
2021-08-02T17:15:00,4.681,-,0.000
2021-08-02T17:00:00,4.681,-,0.000
2021-08-02T16:45:00,4.680,-,0.000
2021-08-02T16:30:00,4.681,-,0.000
2021-08-02T16:15:00,4.679,-,0.000
2021-08-02T16:00:00,4.678,-,0.000
2021-08-02T15:45:00,4.678,-,0.000
2021-08-02T15:30:00,4.678,-,0.000
2021-08-02T15:15:00,4.676,-,0.000
2021-08-02T15:00:00,4.675,-,0.000
2021-08-02T14:45:00,4.676,-,0.000
2021-08-02T14:30:00,4.673,-,0.000
2021-08-02T14:15:00,4.671,-,0.000
2021-08-02T14:00:00,4.673,-,0.000
2021-08-02T13:45:00,4.670,-,0.000
2021-08-02T13:30:00,4.670,-,0.000
2021-08-02T13:15:00,4.667,-,0.000
2021-08-02T13:00:00,4.667,-,0.000
2021-08-02T12:45:00,4.666,-,0.000
2021-08-02T12:30:00,4.666,-,0.000
2021-08-02T12:15:00,4.663,-,0.000
2021-08-02T12:00:00,4.660,-,0.000
2021-08-02T11:45:00,4.657,-,0.000
2021-08-02T11:30:00,4.657,-,0.000
2021-08-02T11:15:00,4.655,-,0.000
2021-08-02T11:00:00,4.652,-,0.000
2021-08-02T10:45:00,4.651,-,0.000
2021-08-02T10:30:00,4.650,-,0.000
2021-08-02T10:15:00,4.649,-,0.000
2021-08-02T10:00:00,4.647,-,0.000
2021-08-02T09:45:00,4.645,-,0.000
2021-08-02T09:30:00,4.643,-,0.000
2021-08-02T09:15:00,4.641,-,0.000
2021-08-02T09:00:00,4.639,-,0.000
2021-08-02T08:45:00,4.638,-,0.000
2021-08-02T08:30:00,4.636,-,0.000
2021-08-02T08:15:00,4.634,-,0.000
2021-08-02T08:00:00,4.632,-,0.000
2021-08-02T07:45:00,4.630,-,0.000
2021-08-02T07:30:00,4.628,-,0.000
2021-08-02T07:15:00,4.626,-,0.000
2021-08-02T07:00:00,4.623,-,0.000
2021-08-02T06:45:00,4.621,-,0.000
2021-08-02T06:30:00,4.620,-,0.000
2021-08-02T06:15:00,4.617,-,0.000
2021-08-02T06:00:00,4.615,-,0.000
2021-08-02T05:45:00,4.613,-,0.000
2021-08-02T05:30:00,4.611,-,0.000
2021-08-02T05:15:00,4.608,-,0.000
2021-08-02T05:00:00,4.606,-,0.000
2021-08-02T04:45:00,4.603,-,0.000
2021-08-02T04:30:00,4.600,-,0.000
2021-08-02T04:15:00,4.598,-,0.000
2021-08-02T04:00:00,4.595,-,0.000
2021-08-02T03:45:00,4.593,-,0.000
2021-08-02T03:30:00,4.591,-,0.000
2021-08-02T03:15:00,4.588,-,0.000
2021-08-02T03:00:00,4.585,-,0.000
2021-08-02T02:45:00,4.581,-,0.000
2021-08-02T02:30:00,4.578,-,0.000
2021-08-02T02:15:00,4.575,-,0.000
2021-08-02T02:00:00,4.572,-,0.000
2021-08-02T01:45:00,4.569,-,0.000
2021-08-02T01:30:00,4.565,-,0.000
2021-08-02T01:15:00,4.562,-,0.000
2021-08-02T01:00:00,4.558,-,0.000
2021-08-02T00:45:00,4.555,-,0.000
2021-08-02T00:30:00,4.552,-,0.000
2021-08-02T00:15:00,4.549,-,0.000
2021-08-02T00:00:00,4.545,-,0.000
2021-08-01T23:45:00,4.542,-,0.000
2021-08-01T23:30:00,4.538,-,0.000
2021-08-01T23:15:00,4.534,-,0.000
2021-08-01T23:00:00,4.530,-,0.000
2021-08-01T22:45:00,4.525,-,0.000
2021-08-01T22:30:00,4.521,-,0.000
2021-08-01T22:15:00,4.517,-,0.000
2021-08-01T22:00:00,4.512,-,0.000
2021-08-01T21:45:00,4.508,-,0.000
2021-08-01T21:30:00,4.503,-,0.000
2021-08-01T21:15:00,4.498,-,0.000
2021-08-01T21:00:00,4.493,-,0.000
2021-08-01T20:45:00,4.488,-,0.000
2021-08-01T20:30:00,4.483,-,0.000
2021-08-01T20:15:00,4.478,-,0.000
2021-08-01T20:00:00,4.477,-,0.000
2021-08-01T19:45:00,4.465,-,0.000
2021-08-01T19:30:00,4.448,-,0.000
2021-08-01T19:15:00,4.447,-,0.000
2021-08-01T19:00:00,4.444,-,0.000
2021-08-01T18:45:00,4.443,-,0.000
2021-08-01T18:30:00,4.443,-,0.000
2021-08-01T18:15:00,4.439,-,0.000
2021-08-01T18:00:00,4.441,-,0.000
2021-08-01T17:45:00,4.444,-,0.000
2021-08-01T17:30:00,4.447,-,0.000
2021-08-01T17:15:00,4.452,-,0.000
2021-08-01T17:00:00,4.452,-,0.000
2021-08-01T16:45:00,4.458,-,0.000
2021-08-01T16:30:00,4.456,-,0.000
2021-08-01T16:15:00,4.462,-,0.000
2021-08-01T16:00:00,4.467,-,0.000
2021-08-01T15:45:00,4.467,-,0.000
2021-08-01T15:30:00,4.469,-,0.000
2021-08-01T15:15:00,4.474,-,0.000
2021-08-01T15:00:00,4.478,-,0.000
2021-08-01T14:45:00,4.479,-,0.000
2021-08-01T14:30:00,4.477,-,0.000
2021-08-01T14:15:00,4.482,-,0.000
2021-08-01T14:00:00,4.485,-,0.000
2021-08-01T13:45:00,4.487,-,0.000
2021-08-01T13:30:00,4.489,-,0.000
2021-08-01T13:15:00,4.493,-,0.000
2021-08-01T13:00:00,4.494,-,0.000
2021-08-01T12:45:00,4.497,-,0.000
2021-08-01T12:30:00,4.499,-,0.000
2021-08-01T12:15:00,4.500,-,0.000
2021-08-01T12:00:00,4.503,-,0.000
2021-08-01T11:45:00,4.506,-,0.000
2021-08-01T11:30:00,4.507,-,0.000
2021-08-01T11:15:00,4.509,-,0.000
2021-08-01T11:00:00,4.511,-,0.000
2021-08-01T10:45:00,4.512,-,0.000
2021-08-01T10:30:00,4.515,-,0.000
2021-08-01T10:15:00,4.517,-,0.000
2021-08-01T10:00:00,4.518,-,0.000
2021-08-01T09:45:00,4.520,-,0.000
2021-08-01T09:30:00,4.521,-,0.000
2021-08-01T09:15:00,4.522,-,0.000
2021-08-01T09:00:00,4.524,-,0.000
2021-08-01T08:45:00,4.525,-,0.000
2021-08-01T08:30:00,4.526,-,0.000
2021-08-01T08:15:00,4.528,-,0.000
2021-08-01T08:00:00,4.529,-,0.000
2021-08-01T07:45:00,4.529,-,0.000
2021-08-01T07:30:00,4.530,-,0.000
2021-08-01T07:15:00,4.532,-,0.000
2021-08-01T07:00:00,4.532,-,0.000
2021-08-01T06:45:00,4.532,-,0.000
2021-08-01T06:30:00,4.533,-,0.000
2021-08-01T06:15:00,4.534,-,0.000
2021-08-01T06:00:00,4.534,-,0.000
2021-08-01T05:45:00,4.534,-,0.000
2021-08-01T05:30:00,4.535,-,0.000
2021-08-01T05:15:00,4.534,-,0.000
2021-08-01T05:00:00,4.535,-,0.000
2021-08-01T04:45:00,4.534,-,0.000
2021-08-01T04:30:00,4.534,-,0.000
2021-08-01T04:15:00,4.534,-,0.000
2021-08-01T04:00:00,4.533,-,0.000
2021-08-01T03:30:00,4.532,-,0.000
2021-08-01T03:15:00,4.531,-,0.000
2021-08-01T03:00:00,4.530,-,0.000
2021-08-01T02:45:00,4.528,-,0.000
2021-08-01T02:30:00,4.528,-,0.000
2021-08-01T02:15:00,4.526,-,0.000
2021-08-01T02:00:00,4.525,-,0.000
2021-08-01T01:45:00,4.524,-,0.000
2021-08-01T01:30:00,4.524,-,0.000
2021-08-01T01:15:00,4.523,-,0.000
2021-08-01T01:00:00,4.523,-,0.000
2021-08-01T00:45:00,4.522,-,0.000
2021-08-01T00:30:00,4.522,-,0.000
2021-08-01T00:15:00,4.522,-,0.000
2021-08-01T00:00:00,4.522,-,0.000
2021-07-31T23:45:00,4.522,-,0.000
2021-07-31T23:30:00,4.522,-,0.000
2021-07-31T23:15:00,4.522,-,0.000
2021-07-31T23:00:00,4.523,-,0.000
2021-07-31T22:45:00,4.523,-,0.000
2021-07-31T22:30:00,4.523,-,0.000
2021-07-31T22:15:00,4.525,-,0.000
2021-07-31T22:00:00,4.525,-,0.000
2021-07-31T21:45:00,4.525,-,0.000
2021-07-31T21:30:00,4.527,-,0.000
2021-07-31T21:15:00,4.528,-,0.000
2021-07-31T21:00:00,4.530,-,0.000
2021-07-31T20:45:00,4.532,-,0.000
2021-07-31T20:30:00,4.534,-,0.000
2021-07-31T20:15:00,4.537,-,0.000
2021-07-31T20:00:00,4.540,-,0.000
2021-07-31T19:45:00,4.542,-,0.000
2021-07-31T19:30:00,4.546,-,0.000
2021-07-31T19:15:00,4.548,-,0.000
2021-07-31T19:00:00,4.550,-,0.000
2021-07-31T18:45:00,4.552,-,0.000
2021-07-31T18:30:00,4.555,-,0.000
2021-07-31T18:15:00,4.557,-,0.000
2021-07-31T18:00:00,4.558,-,0.000
2021-07-31T17:45:00,4.560,-,0.000
2021-07-31T17:30:00,4.564,-,0.000
2021-07-31T17:15:00,4.570,-,3.500
2021-07-31T17:00:00,4.563,-,0.000
2021-07-31T16:45:00,4.565,-,0.000
2021-07-31T16:30:00,4.568,-,0.000
2021-07-31T16:15:00,4.569,-,0.000
2021-07-31T16:00:00,4.571,-,0.000
2021-07-31T15:45:00,4.573,-,0.000
2021-07-31T15:30:00,4.576,-,0.000
2021-07-31T15:15:00,4.578,-,0.000
2021-07-31T15:00:00,4.579,-,0.000
2021-07-31T14:45:00,4.582,-,0.000
2021-07-31T14:30:00,4.580,-,0.000
2021-07-31T14:15:00,4.585,-,0.000
2021-07-31T14:00:00,4.586,-,0.000
2021-07-31T13:45:00,4.589,-,0.000
2021-07-31T13:15:00,4.591,-,0.000
2021-07-31T13:00:00,4.592,-,0.000
2021-07-31T12:45:00,4.593,-,0.000
2021-07-31T12:30:00,4.595,-,0.000
2021-07-31T12:15:00,4.595,-,0.000
2021-07-31T12:00:00,4.595,-,0.000
2021-07-31T11:45:00,4.597,-,0.000
2021-07-31T11:30:00,4.597,-,0.000
2021-07-31T11:15:00,4.600,-,0.000
2021-07-31T11:00:00,4.600,-,0.000
2021-07-31T10:45:00,4.600,-,0.000
2021-07-31T10:30:00,4.600,-,0.000
2021-07-31T10:15:00,4.600,-,0.000
2021-07-31T10:00:00,4.601,-,0.000
2021-07-31T09:45:00,4.601,-,0.000
2021-07-31T09:30:00,4.601,-,0.000
2021-07-31T09:15:00,4.601,-,0.000
2021-07-31T09:00:00,4.600,-,0.000
2021-07-31T08:45:00,4.600,-,0.000
2021-07-31T08:30:00,4.599,-,0.000
2021-07-31T08:15:00,4.598,-,0.000
2021-07-31T08:00:00,4.597,-,0.000
2021-07-31T07:45:00,4.597,-,0.000
2021-07-31T07:30:00,4.595,-,0.000
2021-07-31T07:15:00,4.594,-,0.000
2021-07-31T07:00:00,4.594,-,0.000
2021-07-31T06:45:00,4.592,-,0.000
2021-07-31T06:30:00,4.592,-,0.000
2021-07-31T06:15:00,4.591,-,0.000
2021-07-31T06:00:00,4.590,-,0.000
2021-07-31T05:45:00,4.590,-,0.000
2021-07-31T05:30:00,4.589,-,0.000
2021-07-31T05:15:00,4.589,-,0.000
2021-07-31T05:00:00,4.588,-,0.000
2021-07-31T04:45:00,4.588,-,0.000
2021-07-31T04:30:00,4.588,-,0.000
2021-07-31T04:15:00,4.588,-,0.000
2021-07-31T04:00:00,4.589,-,0.000
2021-07-31T03:45:00,4.590,-,0.000
2021-07-31T03:30:00,4.591,-,0.000
2021-07-31T03:15:00,4.591,-,0.000
2021-07-31T03:00:00,4.593,-,0.000
2021-07-31T02:45:00,4.594,-,0.000
2021-07-31T02:30:00,4.595,-,0.000
2021-07-31T02:15:00,4.599,-,0.000
2021-07-31T02:00:00,4.600,-,0.000
2021-07-31T01:45:00,4.602,-,0.000
2021-07-31T01:30:00,4.604,-,0.000
2021-07-31T01:15:00,4.606,-,0.500
2021-07-31T01:00:00,4.608,-,0.000
2021-07-31T00:45:00,4.611,-,0.000
2021-07-31T00:30:00,4.613,-,0.000
2021-07-31T00:15:00,4.616,-,0.000
2021-07-31T00:00:00,4.618,-,0.000
2021-07-30T23:45:00,4.620,-,0.000
2021-07-30T23:30:00,4.622,-,0.000
2021-07-30T23:15:00,4.624,-,0.000
2021-07-30T23:00:00,4.626,-,0.000
2021-07-30T22:45:00,4.629,-,0.000
2021-07-30T22:30:00,4.632,-,0.000
2021-07-30T22:15:00,4.634,-,0.000
2021-07-30T22:00:00,4.635,-,0.000
2021-07-30T21:45:00,4.636,-,0.000
2021-07-30T21:30:00,4.639,-,2.500
2021-07-30T21:15:00,4.640,-,6.500
2021-07-30T21:00:00,4.633,-,0.000
2021-07-30T20:45:00,4.635,-,0.000
2021-07-30T20:30:00,4.637,-,0.000
2021-07-30T20:15:00,4.639,-,0.000
2021-07-30T20:00:00,4.642,-,0.000
2021-07-30T19:45:00,4.644,-,0.000
2021-07-30T19:30:00,4.647,-,0.000
2021-07-30T19:15:00,4.650,-,0.000
2021-07-30T19:00:00,4.652,-,0.000
2021-07-30T18:45:00,4.655,-,0.000
2021-07-30T18:30:00,4.656,-,0.000
2021-07-30T18:15:00,4.657,-,0.000
2021-07-30T18:00:00,4.660,-,0.000
2021-07-30T17:45:00,4.660,-,0.000
2021-07-30T17:30:00,4.666,-,0.000
2021-07-30T17:15:00,4.669,-,0.000
2021-07-30T17:00:00,4.674,-,0.000
2021-07-30T16:45:00,4.678,-,0.000
2021-07-30T16:30:00,4.682,-,0.000
2021-07-30T16:15:00,4.686,-,0.000
2021-07-30T16:00:00,4.690,-,0.000
2021-07-30T15:45:00,4.694,-,0.000
2021-07-30T15:30:00,4.699,-,0.000
2021-07-30T15:15:00,4.705,-,0.000
2021-07-30T15:00:00,4.708,-,0.000
2021-07-30T14:45:00,4.713,-,0.000
2021-07-30T14:30:00,4.716,-,0.000
2021-07-30T14:15:00,4.720,-,0.000
2021-07-30T14:00:00,4.725,-,0.000
2021-07-30T13:45:00,4.728,-,0.000
2021-07-30T13:30:00,4.732,-,0.000
2021-07-30T13:15:00,4.737,-,0.000
2021-07-30T13:00:00,4.741,-,0.000
2021-07-30T12:45:00,4.746,-,0.000
2021-07-30T12:30:00,4.749,-,0.000
2021-07-30T12:15:00,4.754,-,0.000
2021-07-30T12:00:00,4.759,-,0.000
2021-07-30T11:45:00,4.767,-,0.000
2021-07-30T11:30:00,4.773,-,0.000
2021-07-30T11:15:00,4.777,-,0.000
2021-07-30T11:00:00,4.778,-,0.000
2021-07-30T10:45:00,4.778,-,0.000
2021-07-30T10:30:00,4.781,-,0.000
2021-07-30T10:15:00,4.783,-,0.000
2021-07-30T10:00:00,4.784,-,0.000
2021-07-30T09:45:00,4.785,-,0.000
2021-07-30T09:30:00,4.786,-,0.000
2021-07-30T09:15:00,4.788,-,0.000
2021-07-30T09:00:00,4.788,-,0.000
2021-07-30T08:45:00,4.789,-,0.000
2021-07-30T08:30:00,4.789,-,0.000
2021-07-30T08:15:00,4.790,-,0.000
2021-07-30T08:00:00,4.792,-,0.000
2021-07-30T07:45:00,4.791,-,0.000
2021-07-30T07:30:00,4.794,-,0.000
2021-07-30T07:15:00,4.792,-,0.000
2021-07-30T07:00:00,4.788,-,0.000
2021-07-30T06:45:00,4.785,-,0.000
2021-07-30T06:30:00,4.781,-,0.000
2021-07-30T06:15:00,4.777,-,0.000
2021-07-30T06:00:00,4.773,-,0.000
2021-07-30T05:45:00,4.768,-,0.000
2021-07-30T05:30:00,4.764,-,0.000
2021-07-30T05:15:00,4.759,-,0.000
2021-07-30T05:00:00,4.755,-,0.000
2021-07-30T04:45:00,4.751,-,0.000
2021-07-30T04:30:00,4.746,-,0.000
2021-07-30T04:15:00,4.742,-,0.000
2021-07-30T04:00:00,4.738,-,0.000
2021-07-30T03:45:00,4.733,-,0.000
2021-07-30T03:30:00,4.729,-,0.000
2021-07-30T03:15:00,4.726,-,0.000
2021-07-30T03:00:00,4.722,-,0.000
2021-07-30T02:45:00,4.718,-,0.000
2021-07-30T02:30:00,4.716,-,0.000
2021-07-30T02:15:00,4.713,-,0.000
2021-07-30T02:00:00,4.711,-,0.000
2021-07-30T01:45:00,4.710,-,0.000
2021-07-30T01:30:00,4.709,-,0.000
2021-07-30T01:15:00,4.708,-,0.000
2021-07-30T01:00:00,4.708,-,0.000
2021-07-30T00:45:00,4.708,-,0.000
2021-07-30T00:30:00,4.708,-,0.000
2021-07-30T00:15:00,4.708,-,0.000
2021-07-30T00:00:00,4.709,-,0.000
2021-07-29T23:45:00,4.710,-,0.000
2021-07-29T23:30:00,4.710,-,0.000
2021-07-29T23:15:00,4.711,-,0.000
2021-07-29T23:00:00,4.712,-,0.000
2021-07-29T22:45:00,4.712,-,0.000
2021-07-29T22:30:00,4.714,-,0.000
2021-07-29T22:15:00,4.714,-,0.000
2021-07-29T22:00:00,4.714,-,0.000
2021-07-29T21:45:00,4.715,-,0.000
2021-07-29T21:30:00,4.716,-,0.000
2021-07-29T21:15:00,4.717,-,0.000
2021-07-29T21:00:00,4.717,-,3.000
2021-07-29T20:45:00,4.715,-,0.000
2021-07-29T20:30:00,4.716,-,0.000
2021-07-29T20:15:00,4.717,-,0.000
2021-07-29T20:00:00,4.718,-,0.000
2021-07-29T19:45:00,4.719,-,0.000
2021-07-29T19:30:00,4.720,-,0.000
2021-07-29T19:15:00,4.720,-,0.000
2021-07-29T19:00:00,4.721,-,0.500
2021-07-29T18:45:00,4.720,-,3.500
2021-07-29T18:30:00,4.720,-,0.500
2021-07-29T18:15:00,4.720,-,0.000
2021-07-29T18:00:00,4.724,-,0.000
2021-07-29T17:45:00,4.725,-,0.000
2021-07-29T17:30:00,4.727,-,0.000
2021-07-29T17:15:00,4.729,-,0.000
2021-07-29T17:00:00,4.732,-,0.000
2021-07-29T16:45:00,4.734,-,0.000
2021-07-29T16:30:00,4.736,-,0.000
2021-07-29T16:15:00,4.738,-,0.000
2021-07-29T16:00:00,4.740,-,0.000
2021-07-29T15:45:00,4.741,-,0.000
2021-07-29T15:30:00,4.746,-,0.000
2021-07-29T15:15:00,4.748,-,0.000
2021-07-29T15:00:00,4.750,-,0.000
2021-07-29T14:45:00,4.751,-,0.000
2021-07-29T14:30:00,4.754,-,0.000
2021-07-29T14:15:00,4.755,-,0.000
2021-07-29T14:00:00,4.758,-,0.000
2021-07-29T13:45:00,4.759,-,0.000
2021-07-29T13:30:00,4.759,-,0.000
2021-07-29T13:15:00,4.763,-,0.000
2021-07-29T13:00:00,4.763,-,0.000
2021-07-29T12:45:00,4.765,-,0.000
2021-07-29T12:30:00,4.768,-,0.000
2021-07-29T12:15:00,4.769,-,0.000
2021-07-29T12:00:00,4.775,-,0.000
2021-07-29T11:45:00,4.775,-,0.000
2021-07-29T11:30:00,4.778,-,0.000
2021-07-29T11:15:00,4.777,-,0.000
2021-07-29T11:00:00,4.781,-,0.000
2021-07-29T10:45:00,4.783,-,0.000
2021-07-29T10:30:00,4.785,-,0.000
2021-07-29T10:15:00,4.787,-,0.000
2021-07-29T10:00:00,4.788,-,0.000
2021-07-29T09:45:00,4.789,-,0.000
2021-07-29T09:30:00,4.791,-,0.000
2021-07-29T09:15:00,4.793,-,0.000
2021-07-29T09:00:00,4.794,-,0.000
2021-07-29T08:45:00,4.795,-,0.000
2021-07-29T08:30:00,4.797,-,0.000
2021-07-29T08:15:00,4.799,-,0.000
2021-07-29T08:00:00,4.800,-,0.000
2021-07-29T07:45:00,4.800,-,0.000
2021-07-29T07:30:00,4.801,-,0.000
2021-07-29T07:15:00,4.801,-,0.000
2021-07-29T07:00:00,4.809,-,0.000
2021-07-29T06:45:00,4.810,-,0.000
2021-07-29T06:30:00,4.808,-,0.000
2021-07-29T06:15:00,4.806,-,0.000
2021-07-29T06:00:00,4.804,-,0.000
2021-07-29T05:45:00,4.802,-,0.000
2021-07-29T05:30:00,4.799,-,0.000
2021-07-29T05:15:00,4.796,-,0.000
2021-07-29T05:00:00,4.793,-,0.000
2021-07-29T04:45:00,4.790,-,0.000
2021-07-29T04:30:00,4.787,-,0.000
2021-07-29T04:15:00,4.784,-,0.000
2021-07-29T04:00:00,4.780,-,0.000
2021-07-29T03:45:00,4.775,-,0.000
2021-07-29T03:30:00,4.771,-,0.000
2021-07-29T03:15:00,4.766,-,0.000
2021-07-29T03:00:00,4.762,-,0.000
2021-07-29T02:45:00,4.757,-,0.000
2021-07-29T02:30:00,4.752,-,0.000
2021-07-29T02:15:00,4.747,-,0.000
2021-07-29T02:00:00,4.741,-,0.000
2021-07-29T01:45:00,4.735,-,0.000
2021-07-29T01:30:00,4.728,-,0.000
2021-07-29T01:15:00,4.722,-,0.000
2021-07-29T01:00:00,4.717,-,0.000
2021-07-29T00:45:00,4.709,-,0.000
2021-07-29T00:30:00,4.701,-,0.000
2021-07-29T00:15:00,4.694,-,0.000
2021-07-29T00:00:00,4.687,-,0.500
2021-07-28T23:45:00,4.680,-,0.000
2021-07-28T23:30:00,4.671,-,0.000
2021-07-28T23:15:00,4.663,-,0.000
2021-07-28T23:00:00,4.655,-,0.000
2021-07-28T22:45:00,4.645,-,0.000
2021-07-28T22:30:00,4.636,-,0.000
2021-07-28T22:15:00,4.627,-,0.000
2021-07-28T22:00:00,4.619,-,0.000
2021-07-28T21:45:00,4.611,-,0.000
2021-07-28T21:30:00,4.602,-,0.000
2021-07-28T21:15:00,4.596,-,0.000
2021-07-28T21:00:00,4.591,-,0.000
2021-07-28T20:45:00,4.584,-,0.000
2021-07-28T20:30:00,4.579,-,0.000
2021-07-28T20:15:00,4.575,-,0.000
2021-07-28T20:00:00,4.571,-,0.000
2021-07-28T19:45:00,4.568,-,0.000
2021-07-28T19:30:00,4.566,-,0.000
2021-07-28T19:15:00,4.564,-,0.000
2021-07-28T19:00:00,4.562,-,0.000
2021-07-28T18:45:00,4.561,-,0.000
2021-07-28T18:30:00,4.560,-,0.000
2021-07-28T18:15:00,4.559,-,0.000
2021-07-28T18:00:00,4.559,-,0.000
2021-07-28T17:45:00,4.558,-,0.000
2021-07-28T17:30:00,4.557,-,0.000
2021-07-28T17:15:00,4.556,-,0.000
2021-07-28T17:00:00,4.554,-,0.000
2021-07-28T16:45:00,4.554,-,0.000
2021-07-28T16:30:00,4.553,-,0.000
2021-07-28T16:15:00,4.552,-,0.000
2021-07-28T16:00:00,4.554,-,0.000
2021-07-28T15:45:00,4.554,-,0.000
2021-07-28T15:30:00,4.548,-,0.500
2021-07-28T15:15:00,4.547,-,0.000
2021-07-28T15:00:00,4.545,-,0.000
2021-07-28T14:45:00,4.544,-,0.000
2021-07-28T14:30:00,4.541,-,0.000
2021-07-28T14:15:00,4.540,-,0.000
2021-07-28T14:00:00,4.540,-,0.000
2021-07-28T13:45:00,4.537,-,0.000
2021-07-28T13:30:00,4.536,-,0.000
2021-07-28T13:15:00,4.534,-,0.000
2021-07-28T13:00:00,4.532,-,0.000
2021-07-28T12:45:00,4.530,-,0.000
2021-07-28T12:30:00,4.528,-,0.000
2021-07-28T12:15:00,4.526,-,0.000
2021-07-28T12:00:00,4.524,-,0.000
2021-07-28T11:45:00,4.521,-,0.000
2021-07-28T11:30:00,4.519,-,0.000
2021-07-28T11:15:00,4.517,-,0.000
2021-07-28T11:00:00,4.513,-,0.000
2021-07-28T10:45:00,4.511,-,0.000
2021-07-28T10:30:00,4.512,-,0.000
2021-07-28T10:15:00,4.505,-,0.000
2021-07-28T10:00:00,4.503,-,0.000
2021-07-28T09:45:00,4.501,-,0.000
2021-07-28T09:30:00,4.498,-,0.000
2021-07-28T09:15:00,4.496,-,0.000
2021-07-28T09:00:00,4.494,-,0.000
2021-07-28T08:45:00,4.492,-,0.000
2021-07-28T08:30:00,4.490,-,0.000
2021-07-28T08:15:00,4.487,-,0.000
2021-07-28T08:00:00,4.484,-,0.000
2021-07-28T07:45:00,4.481,-,0.000
2021-07-28T07:30:00,4.480,-,0.000
2021-07-28T07:15:00,4.478,-,0.000
2021-07-28T07:00:00,4.470,-,0.000
2021-07-28T06:45:00,4.468,-,0.000
2021-07-28T06:30:00,4.467,-,0.000
2021-07-28T06:15:00,4.466,-,0.000
2021-07-28T06:00:00,4.464,-,0.000
2021-07-28T05:45:00,4.463,-,0.000
2021-07-28T05:30:00,4.462,-,0.000
2021-07-28T05:15:00,4.461,-,0.000
2021-07-28T05:00:00,4.459,-,0.000
2021-07-28T04:45:00,4.459,-,0.000
2021-07-28T04:30:00,4.458,-,0.000
2021-07-28T04:15:00,4.456,-,0.000
2021-07-28T04:00:00,4.455,-,0.000
2021-07-28T03:45:00,4.454,-,0.000
2021-07-28T03:30:00,4.452,-,0.000
2021-07-28T03:15:00,4.451,-,0.000
2021-07-28T03:00:00,4.449,-,0.000
2021-07-28T02:45:00,4.447,-,0.000
2021-07-28T02:30:00,4.446,-,0.000
2021-07-28T02:15:00,4.445,-,0.000
2021-07-28T02:00:00,4.442,-,0.000
2021-07-28T01:45:00,4.440,-,0.000
2021-07-28T01:30:00,4.439,-,0.000
2021-07-28T01:15:00,4.437,-,0.500
2021-07-28T01:00:00,4.435,-,0.000
2021-07-28T00:45:00,4.433,-,0.000
2021-07-28T00:30:00,4.431,-,0.000
2021-07-28T00:15:00,4.428,-,0.000
2021-07-28T00:00:00,4.426,-,0.000
2021-07-27T23:45:00,4.424,-,0.000
2021-07-27T23:30:00,4.421,-,0.000
2021-07-27T23:15:00,4.417,-,0.000
2021-07-27T23:00:00,4.415,-,0.000
2021-07-27T22:45:00,4.412,-,0.000
2021-07-27T22:30:00,4.408,-,0.000
2021-07-27T22:15:00,4.405,-,0.000
2021-07-27T22:00:00,4.400,-,0.000
2021-07-27T21:45:00,4.397,-,0.000
2021-07-27T21:30:00,4.393,-,0.000
2021-07-27T21:15:00,4.389,-,0.000
2021-07-27T21:00:00,4.384,-,0.000
2021-07-27T20:45:00,4.380,-,0.000
2021-07-27T20:30:00,4.376,-,0.000
2021-07-27T20:15:00,4.373,-,0.000
2021-07-27T20:00:00,4.364,-,0.000
2021-07-27T19:45:00,4.348,-,0.000
2021-07-27T19:30:00,4.347,-,0.000
2021-07-27T19:15:00,4.345,-,0.000
2021-07-27T19:00:00,4.344,-,0.000
2021-07-27T18:45:00,4.343,-,0.000
2021-07-27T18:30:00,4.342,-,0.000
2021-07-27T18:15:00,4.341,-,0.000
2021-07-27T18:00:00,4.339,-,0.000
2021-07-27T17:45:00,4.338,-,0.000
2021-07-27T17:30:00,4.336,-,0.000
2021-07-27T17:15:00,4.332,-,0.000
2021-07-27T17:00:00,4.331,-,0.000
2021-07-27T16:45:00,4.329,-,0.000
2021-07-27T16:30:00,4.327,-,0.000
2021-07-27T16:15:00,4.324,-,0.000
2021-07-27T16:00:00,4.320,-,0.000
2021-07-27T15:45:00,4.317,-,0.000
2021-07-27T15:30:00,4.316,-,0.000
2021-07-27T15:15:00,4.314,-,0.000
2021-07-27T15:00:00,4.311,-,0.000
2021-07-27T14:45:00,4.308,-,0.000
2021-07-27T14:30:00,4.306,-,0.000
2021-07-27T14:15:00,4.302,-,0.000
2021-07-27T14:00:00,4.299,-,0.000
2021-07-27T13:45:00,4.295,-,0.000
2021-07-27T13:30:00,4.292,-,0.000
2021-07-27T13:15:00,4.289,-,0.000
2021-07-27T13:00:00,4.284,-,0.000
2021-07-27T12:45:00,4.280,-,0.000
2021-07-27T12:30:00,4.277,-,0.000
2021-07-27T12:15:00,4.273,-,0.000
2021-07-27T12:00:00,4.267,-,0.000
2021-07-27T11:45:00,4.264,-,0.000
2021-07-27T11:30:00,4.260,-,0.000
2021-07-27T11:15:00,4.254,-,0.000
2021-07-27T11:00:00,4.251,-,0.000
2021-07-27T10:45:00,4.246,-,0.000
2021-07-27T10:30:00,4.241,-,0.000
2021-07-27T10:15:00,4.236,-,0.000
2021-07-27T10:00:00,4.231,-,0.000
2021-07-27T09:45:00,4.226,-,0.000
2021-07-27T09:30:00,4.219,-,0.000
2021-07-27T09:15:00,4.214,-,0.000
2021-07-27T09:00:00,4.208,-,0.000
2021-07-27T08:45:00,4.202,-,0.000
2021-07-27T08:30:00,4.195,-,0.000
2021-07-27T08:15:00,4.188,-,0.000
2021-07-27T08:00:00,4.182,-,0.000
2021-07-27T07:45:00,4.175,-,0.000
2021-07-27T07:30:00,4.169,-,0.000
2021-07-27T07:15:00,4.162,-,0.000
2021-07-27T07:00:00,4.156,-,0.000
2021-07-27T06:45:00,4.130,-,0.000
2021-07-27T06:30:00,4.118,-,0.000
2021-07-27T06:15:00,4.123,-,0.000
2021-07-27T06:00:00,4.121,-,0.000
2021-07-27T05:45:00,4.126,-,0.000
2021-07-27T05:30:00,4.130,-,0.000
2021-07-27T05:15:00,4.134,-,0.000
2021-07-27T05:00:00,4.138,-,0.000
2021-07-27T04:45:00,4.144,-,0.000
2021-07-27T04:30:00,4.146,-,0.000
2021-07-27T04:15:00,4.151,-,0.000
2021-07-27T04:00:00,4.155,-,0.000
2021-07-27T03:45:00,4.159,-,0.000
2021-07-27T03:30:00,4.163,-,0.000
2021-07-27T03:15:00,4.169,-,0.000
2021-07-27T03:00:00,4.173,-,0.000
2021-07-27T02:45:00,4.176,-,0.000
2021-07-27T02:30:00,4.180,-,0.000
2021-07-27T02:15:00,4.184,-,0.000
2021-07-27T02:00:00,4.189,-,0.000
2021-07-27T01:45:00,4.192,-,0.000
2021-07-27T01:30:00,4.197,-,0.000
2021-07-27T01:15:00,4.205,-,0.000
2021-07-27T01:00:00,4.209,-,0.000
2021-07-27T00:45:00,4.211,-,0.000
2021-07-27T00:30:00,4.216,-,0.000
2021-07-27T00:15:00,4.225,-,0.000
2021-07-27T00:00:00,4.227,-,0.000
2021-08-09T23:45:00,4.641,-,0.000
2021-08-09T23:30:00,4.642,-,0.000
2021-08-09T23:15:00,4.641,-,0.000
2021-08-09T23:00:00,4.641,-,0.000
2021-08-09T22:45:00,4.641,-,0.000
2021-08-09T22:30:00,4.641,-,0.000
2021-08-09T22:15:00,4.641,-,0.000
2021-08-09T22:00:00,4.640,-,0.000
2021-08-09T21:45:00,4.640,-,0.000
2021-08-09T21:30:00,4.639,-,0.000
2021-08-09T21:15:00,4.638,-,0.000
2021-08-09T21:00:00,4.639,-,3.000
2021-08-09T20:45:00,4.639,-,0.500
2021-08-09T20:30:00,4.637,-,0.000
2021-08-09T20:15:00,4.636,-,0.000
2021-08-09T20:00:00,4.636,-,0.000
2021-08-09T19:45:00,4.636,-,0.000
2021-08-09T19:30:00,4.637,-,0.000
2021-08-09T19:15:00,4.633,-,0.000
2021-08-09T19:00:00,4.628,-,0.000
2021-08-09T18:45:00,4.630,-,0.000
2021-08-09T18:30:00,4.632,-,0.000
2021-08-09T18:15:00,4.634,-,0.000
2021-08-09T18:00:00,4.635,-,0.000
2021-08-09T17:45:00,4.637,-,0.000
2021-08-09T17:30:00,4.639,-,0.000
2021-08-09T17:15:00,4.641,-,0.000
2021-08-09T17:00:00,4.642,-,0.000
2021-08-09T16:45:00,4.644,-,0.000
2021-08-09T16:30:00,4.645,-,0.000
2021-08-09T16:15:00,4.647,-,0.000
2021-08-09T16:00:00,4.648,-,0.000
2021-08-09T15:45:00,4.649,-,0.000
2021-08-09T15:30:00,4.650,-,0.000
2021-08-09T15:15:00,4.653,-,0.000
2021-08-09T15:00:00,4.653,-,0.000
2021-08-09T14:45:00,4.655,-,0.000
2021-08-09T14:30:00,4.657,-,0.000
2021-08-09T14:15:00,4.659,-,0.000
2021-08-09T14:00:00,4.660,-,0.000
2021-08-09T13:45:00,4.660,-,0.000
2021-08-09T13:30:00,4.662,-,0.000
2021-08-09T13:15:00,4.663,-,0.000
2021-08-09T13:00:00,4.664,-,0.000
2021-08-09T12:45:00,4.666,-,0.000
2021-08-09T12:30:00,4.666,-,0.000
2021-08-09T12:15:00,4.668,-,0.000
2021-08-09T12:00:00,4.669,-,0.000
2021-08-09T11:45:00,4.670,-,0.000
2021-08-09T11:30:00,4.671,-,0.000
2021-08-09T11:15:00,4.672,-,0.000
2021-08-09T11:00:00,4.673,-,0.000
2021-08-09T10:45:00,4.674,-,0.000
2021-08-09T10:30:00,4.675,-,0.000
2021-08-09T10:15:00,4.675,-,0.000
2021-08-09T10:00:00,4.677,-,0.000
2021-08-09T09:45:00,4.677,-,0.000
2021-08-09T09:30:00,4.678,-,0.000
2021-08-09T09:15:00,4.679,-,0.000
2021-08-09T09:00:00,4.680,-,0.000
2021-08-09T08:45:00,4.681,-,0.000
2021-08-09T08:30:00,4.682,-,0.000
2021-08-09T08:15:00,4.683,-,0.000
2021-08-09T08:00:00,4.684,-,0.000
2021-08-09T07:45:00,4.684,-,0.000
2021-08-09T07:30:00,4.685,-,0.000
2021-08-09T07:15:00,4.686,-,0.000
2021-08-09T07:00:00,4.687,-,0.000
2021-08-09T06:45:00,4.688,-,0.000
2021-08-09T06:30:00,4.689,-,0.000
2021-08-09T06:15:00,4.689,-,0.000
2021-08-09T06:00:00,4.690,-,0.000
2021-08-09T05:45:00,4.691,-,0.000
2021-08-09T05:30:00,4.692,-,0.000
2021-08-09T05:15:00,4.692,-,0.000
2021-08-09T05:00:00,4.693,-,0.000
2021-08-09T04:45:00,4.694,-,0.000
2021-08-09T04:30:00,4.694,-,0.000
2021-08-09T04:15:00,4.695,-,0.000
2021-08-09T04:00:00,4.695,-,0.000
2021-08-09T03:45:00,4.696,-,0.000
2021-08-09T03:30:00,4.697,-,0.000
2021-08-09T03:15:00,4.698,-,0.000
2021-08-09T03:00:00,4.698,-,0.000
2021-08-09T02:45:00,4.699,-,0.000
2021-08-09T02:30:00,4.699,-,0.000
2021-08-09T02:15:00,4.700,-,0.000
2021-08-09T02:00:00,4.700,-,0.000
2021-08-09T01:45:00,4.700,-,0.000
2021-08-09T01:30:00,4.701,-,0.000
2021-08-09T01:15:00,4.701,-,0.000
2021-08-09T01:00:00,4.702,-,0.000
2021-08-09T00:45:00,4.702,-,0.000
2021-08-09T00:30:00,4.702,-,0.000
2021-08-09T00:15:00,4.702,-,0.000
2021-08-09T00:00:00,4.702,-,0.000
2021-08-08T23:45:00,4.703,-,0.000
2021-08-08T23:30:00,4.703,-,0.000
2021-08-08T23:15:00,4.703,-,0.000
2021-08-08T23:00:00,4.703,-,0.000
2021-08-08T22:45:00,4.703,-,0.000
2021-08-08T22:30:00,4.703,-,0.000
2021-08-08T22:15:00,4.702,-,0.000
2021-08-08T22:00:00,4.703,-,0.000
2021-08-08T21:45:00,4.702,-,0.000
2021-08-08T21:30:00,4.702,-,0.000
2021-08-08T21:15:00,4.702,-,0.000
2021-08-08T21:00:00,4.702,-,0.000
2021-08-08T20:45:00,4.700,-,0.000
2021-08-08T20:30:00,4.700,-,0.000
2021-08-08T20:15:00,4.699,-,0.000
2021-08-08T20:00:00,4.699,-,0.000
2021-08-08T19:45:00,4.699,-,0.000
2021-08-08T19:30:00,4.698,-,0.000
2021-08-08T19:15:00,4.697,-,0.000
2021-08-08T19:00:00,4.696,-,0.000
2021-08-08T18:45:00,4.695,-,0.000
2021-08-08T18:30:00,4.695,-,0.000
2021-08-08T18:15:00,4.694,-,0.000
2021-08-08T18:00:00,4.693,-,0.000
2021-08-08T17:45:00,4.692,-,0.000
2021-08-08T17:30:00,4.691,-,0.000
2021-08-08T17:15:00,4.690,-,0.000
2021-08-08T17:00:00,4.689,-,0.000
2021-08-08T16:45:00,4.688,-,0.000
2021-08-08T16:30:00,4.686,-,0.000
2021-08-08T16:15:00,4.685,-,0.000
2021-08-08T16:00:00,4.684,-,0.000
2021-08-08T15:45:00,4.682,-,0.000
2021-08-08T15:30:00,4.681,-,0.000
2021-08-08T15:15:00,4.681,-,0.000
2021-08-08T15:00:00,4.677,-,0.000
2021-08-08T14:45:00,4.676,-,0.000
2021-08-08T14:30:00,4.673,-,0.000
2021-08-08T14:15:00,4.671,-,0.000
2021-08-08T14:00:00,4.669,-,0.000
2021-08-08T13:45:00,4.666,-,0.000
2021-08-08T13:30:00,4.664,-,0.000
2021-08-08T13:15:00,4.662,-,0.000
2021-08-08T13:00:00,4.658,-,0.000
2021-08-08T12:45:00,4.655,-,0.000
2021-08-08T12:30:00,4.651,-,0.000
2021-08-08T12:15:00,4.648,-,0.000
2021-08-08T12:00:00,4.644,-,0.000
2021-08-08T11:45:00,4.641,-,0.000
2021-08-08T11:30:00,4.637,-,0.000
2021-08-08T11:15:00,4.633,-,0.000
2021-08-08T11:00:00,4.629,-,0.000
2021-08-08T10:45:00,4.625,-,0.000
2021-08-08T10:30:00,4.618,-,0.000
2021-08-08T10:15:00,4.614,-,0.000
2021-08-08T10:00:00,4.611,-,0.000
2021-08-08T09:45:00,4.607,-,0.000
2021-08-08T09:30:00,4.603,-,0.000
2021-08-08T09:15:00,4.600,-,0.000
2021-08-08T09:00:00,4.594,-,0.000
2021-08-08T08:45:00,4.591,-,0.000
2021-08-08T08:30:00,4.587,-,0.000
2021-08-08T08:15:00,4.583,-,0.000
2021-08-08T08:00:00,4.578,-,0.000
2021-08-08T07:45:00,4.573,-,0.000
2021-08-08T07:30:00,4.569,-,0.000
2021-08-08T07:15:00,4.566,-,0.000
2021-08-08T07:00:00,4.556,-,0.000
2021-08-08T06:45:00,4.542,-,0.000
2021-08-08T06:30:00,4.541,-,0.000
2021-08-08T06:15:00,4.539,-,0.000
2021-08-08T06:00:00,4.538,-,0.000
2021-08-08T05:45:00,4.536,-,0.000
2021-08-08T05:30:00,4.534,-,0.000
2021-08-08T05:15:00,4.532,-,0.000
2021-08-08T05:00:00,4.530,-,0.000
2021-08-08T04:45:00,4.528,-,0.000
2021-08-08T04:30:00,4.526,-,0.000
2021-08-08T04:15:00,4.524,-,0.000
2021-08-08T04:00:00,4.521,-,0.000
2021-08-08T03:45:00,4.518,-,0.000
2021-08-08T03:30:00,4.516,-,0.000
2021-08-08T03:15:00,4.513,-,0.000
2021-08-08T03:00:00,4.510,-,0.000
2021-08-08T02:45:00,4.507,-,0.000
2021-08-08T02:30:00,4.504,-,0.000
2021-08-08T02:15:00,4.501,-,0.000
2021-08-08T02:00:00,4.497,-,0.000
2021-08-08T01:45:00,4.494,-,0.000
2021-08-08T01:30:00,4.491,-,0.000
2021-08-08T01:15:00,4.487,-,0.000
2021-08-08T01:00:00,4.485,-,0.000
2021-08-08T00:45:00,4.481,-,0.000
2021-08-08T00:30:00,4.478,-,0.000
2021-08-08T00:15:00,4.475,-,0.000
2021-08-08T00:00:00,4.472,-,0.000
2021-08-07T23:45:00,4.470,-,0.000
2021-08-07T23:30:00,4.466,-,0.000
2021-08-07T23:15:00,4.464,-,0.000
2021-08-07T23:00:00,4.461,-,0.000
2021-08-07T22:45:00,4.458,-,0.000
2021-08-07T22:30:00,4.456,-,0.000
2021-08-07T22:15:00,4.454,-,0.000
2021-08-07T22:00:00,4.451,-,0.000
2021-08-07T21:45:00,4.448,-,0.000
2021-08-07T21:30:00,4.447,-,0.000
2021-08-07T21:15:00,4.445,-,0.000
2021-08-07T21:00:00,4.443,-,0.000
2021-08-07T20:45:00,4.441,-,0.000
2021-08-07T20:30:00,4.438,-,0.000
2021-08-07T20:15:00,4.435,-,0.000
2021-08-07T20:00:00,4.433,-,0.000
2021-08-07T19:45:00,4.431,-,0.000
2021-08-07T19:30:00,4.429,-,0.000
2021-08-07T19:15:00,4.425,-,0.000
2021-08-07T19:00:00,4.423,-,0.000
2021-08-07T18:45:00,4.419,-,0.000
2021-08-07T18:30:00,4.414,-,0.000
2021-08-07T18:15:00,4.409,-,0.000
2021-08-07T18:00:00,4.401,-,0.000
2021-08-07T17:45:00,4.402,-,0.000
2021-08-07T17:30:00,4.402,-,0.000
2021-08-07T17:15:00,4.402,-,0.000
2021-08-07T17:00:00,4.403,-,0.000
2021-08-07T16:45:00,4.404,-,0.000
2021-08-07T16:30:00,4.403,-,0.000
2021-08-07T16:15:00,4.404,-,0.000
2021-08-07T16:00:00,4.404,-,0.000
2021-08-07T15:45:00,4.404,-,0.000
2021-08-07T15:30:00,4.404,-,0.000
2021-08-07T15:15:00,4.404,-,0.000
2021-08-07T15:00:00,4.404,-,0.000
2021-08-07T14:45:00,4.403,-,0.000
2021-08-07T14:30:00,4.403,-,0.000
2021-08-07T14:15:00,4.402,-,0.000
2021-08-07T14:00:00,4.401,-,0.000
2021-08-07T13:45:00,4.402,-,0.000
2021-08-07T13:30:00,4.400,-,0.000
2021-08-07T13:15:00,4.400,-,0.000
2021-08-07T13:00:00,4.399,-,0.000
2021-08-07T12:45:00,4.397,-,0.000
2021-08-07T12:30:00,4.396,-,0.000
2021-08-07T12:15:00,4.394,-,0.000
2021-08-07T12:00:00,4.393,-,0.000
2021-08-07T11:45:00,4.391,-,0.000
2021-08-07T11:30:00,4.390,-,0.000
2021-08-07T11:15:00,4.387,-,0.000
2021-08-07T11:00:00,4.384,-,0.000
2021-08-07T10:45:00,4.382,-,0.000
2021-08-07T10:30:00,4.380,-,0.000
2021-08-07T10:15:00,4.377,-,0.000
2021-08-07T10:00:00,4.373,-,0.000
2021-08-07T09:45:00,4.370,-,0.000
2021-08-07T09:30:00,4.367,-,0.000
2021-08-07T09:15:00,4.362,-,0.000
2021-08-07T09:00:00,4.358,-,0.000
2021-08-07T08:45:00,4.352,-,0.000
2021-08-07T08:30:00,4.345,-,0.000
2021-08-07T08:15:00,4.345,-,0.000
2021-08-07T08:00:00,4.344,-,0.000
2021-08-07T07:45:00,4.341,-,0.000
2021-08-07T07:30:00,4.342,-,0.000
2021-08-07T07:15:00,4.336,-,0.000
2021-08-07T07:00:00,4.338,-,0.000
2021-08-07T06:45:00,4.338,-,0.000
2021-08-07T06:30:00,4.339,-,0.000
2021-08-07T06:15:00,4.341,-,0.000
2021-08-07T06:00:00,4.342,-,0.000
2021-08-07T05:45:00,4.342,-,0.000
2021-08-07T05:30:00,4.343,-,0.000
2021-08-07T05:15:00,4.344,-,0.000
2021-08-07T05:00:00,4.344,-,0.000
2021-08-07T04:45:00,4.344,-,0.000
2021-08-07T04:30:00,4.345,-,0.000
2021-08-07T04:15:00,4.344,-,0.000
2021-08-07T04:00:00,4.345,-,0.000
2021-08-07T03:45:00,4.344,-,0.000
2021-08-07T03:30:00,4.344,-,0.000
2021-08-07T03:15:00,4.343,-,0.000
2021-08-07T03:00:00,4.343,-,0.000
2021-08-07T02:30:00,4.341,-,0.000
2021-08-07T02:15:00,4.341,-,0.000
2021-08-07T02:00:00,4.340,-,0.000
2021-08-07T01:45:00,4.340,-,0.000
2021-08-07T01:30:00,4.339,-,0.000
2021-08-07T01:15:00,4.339,-,0.000
2021-08-07T01:00:00,4.338,-,0.000
2021-08-07T00:45:00,4.338,-,0.000
2021-08-07T00:30:00,4.339,-,0.000
2021-08-07T00:15:00,4.340,-,0.000
2021-08-07T00:00:00,4.339,-,0.000
2021-08-06T23:45:00,4.340,-,0.000
2021-08-06T23:30:00,4.341,-,0.000
2021-08-06T23:15:00,4.342,-,0.000
2021-08-06T23:00:00,4.344,-,0.000
2021-08-06T22:45:00,4.346,-,0.000
2021-08-06T22:30:00,4.348,-,0.000
2021-08-06T22:15:00,4.352,-,0.000
2021-08-06T22:00:00,4.354,-,0.000
2021-08-06T21:45:00,4.357,-,0.000
2021-08-06T21:30:00,4.360,-,0.000
2021-08-06T21:15:00,4.364,-,0.000
2021-08-06T21:00:00,4.368,-,0.000
2021-08-06T20:45:00,4.372,-,0.000
2021-08-06T20:30:00,4.378,-,0.000
2021-08-06T20:15:00,4.384,-,0.000
2021-08-06T20:00:00,4.389,-,0.000
2021-08-06T19:45:00,4.395,-,0.000
2021-08-06T19:30:00,4.402,-,0.000
2021-08-06T19:15:00,4.408,-,0.000
2021-08-06T19:00:00,4.416,-,0.000
2021-08-06T18:45:00,4.422,-,0.000
2021-08-06T18:30:00,4.429,-,0.000
2021-08-06T18:15:00,4.436,-,0.000
2021-08-06T18:00:00,4.442,-,0.000
2021-08-06T17:45:00,4.454,-,0.500
2021-08-06T17:30:00,4.459,-,0.000
2021-08-06T17:15:00,4.464,-,0.000
2021-08-06T17:00:00,4.470,-,0.000
2021-08-06T16:45:00,4.477,-,0.000
2021-08-06T16:30:00,4.485,-,0.000
2021-08-06T16:15:00,4.491,-,1.000
2021-08-06T16:00:00,4.503,-,9.000
2021-08-06T15:45:00,4.496,-,7.500
2021-08-06T15:30:00,4.493,-,0.000
2021-08-06T15:15:00,4.503,-,0.000
2021-08-06T15:00:00,4.512,-,0.000
2021-08-06T14:45:00,4.522,-,0.000
2021-08-06T14:30:00,4.531,-,0.000
2021-08-06T14:15:00,4.542,-,0.000
2021-08-06T14:00:00,4.552,-,0.000
2021-08-06T13:45:00,4.563,-,0.000
2021-08-06T13:30:00,4.577,-,0.000
2021-08-06T13:15:00,4.585,-,0.000
2021-08-06T13:00:00,4.593,-,0.000
2021-08-06T12:45:00,4.604,-,0.000
2021-08-06T12:30:00,4.615,-,0.000
2021-08-06T12:15:00,4.627,-,0.000
2021-08-06T12:00:00,4.639,-,0.000
2021-08-06T11:45:00,4.650,-,0.000
2021-08-06T11:30:00,4.664,-,0.000
2021-08-06T11:15:00,4.676,-,0.000
2021-08-06T11:00:00,4.686,-,0.000
2021-08-06T10:45:00,4.701,-,0.000
2021-08-06T10:30:00,4.710,-,0.000
2021-08-06T10:15:00,4.719,-,0.000
2021-08-06T10:00:00,4.731,-,0.000
2021-08-06T09:45:00,4.742,-,0.000
2021-08-06T09:30:00,4.755,-,0.000
2021-08-06T09:15:00,4.776,-,0.000
2021-08-06T09:00:00,4.790,-,0.000
2021-08-06T08:45:00,4.800,-,0.000
2021-08-06T08:30:00,4.809,-,0.000
2021-08-06T08:00:00,4.833,-,0.000
2021-08-06T07:45:00,4.842,-,0.000
2021-08-06T07:30:00,4.850,-,0.000
2021-08-06T07:15:00,4.864,-,0.000
2021-08-06T07:00:00,4.888,-,0.000
2021-08-06T06:45:00,4.894,-,0.000
2021-08-06T06:30:00,4.903,-,0.000
2021-08-06T06:15:00,4.911,-,0.000
2021-08-06T06:00:00,4.917,-,0.000
2021-08-06T05:45:00,4.924,-,0.000
2021-08-06T05:30:00,4.933,-,0.000
2021-08-06T05:15:00,4.950,-,0.000
2021-08-06T05:00:00,4.947,-,0.000
2021-08-06T04:45:00,4.943,-,0.000
2021-08-06T04:30:00,4.935,-,0.000
2021-08-06T04:15:00,4.926,-,0.000
2021-08-06T04:00:00,4.918,-,0.000
2021-08-06T03:45:00,4.907,-,0.000
2021-08-06T03:30:00,4.896,-,0.000
2021-08-06T03:15:00,4.887,-,0.000
2021-08-06T03:00:00,4.876,-,0.000
2021-08-06T02:45:00,4.868,-,0.000
2021-08-06T02:30:00,4.859,-,0.000
2021-08-06T02:15:00,4.849,-,0.000
2021-08-06T02:00:00,4.841,-,0.000
2021-08-06T01:45:00,4.832,-,0.000
2021-08-06T01:30:00,4.825,-,0.000
2021-08-06T01:15:00,4.817,-,0.000
2021-08-06T01:00:00,4.811,-,0.000
2021-08-06T00:45:00,4.806,-,0.000
2021-08-06T00:30:00,4.801,-,0.000
2021-08-06T00:15:00,4.796,-,0.000
2021-08-06T00:00:00,4.792,-,0.000
2021-08-05T23:45:00,4.788,-,0.000
2021-08-05T23:30:00,4.785,-,0.000
2021-08-05T23:15:00,4.781,-,0.000
2021-08-05T23:00:00,4.777,-,0.000
2021-08-05T22:45:00,4.774,-,0.000
2021-08-05T22:30:00,4.770,-,0.000
2021-08-05T22:15:00,4.767,-,0.000
2021-08-05T22:00:00,4.764,-,0.000
2021-08-05T21:45:00,4.761,-,0.000
2021-08-05T21:30:00,4.759,-,0.000
2021-08-05T21:15:00,4.756,-,0.000
2021-08-05T21:00:00,4.754,-,0.500
2021-08-05T20:45:00,4.753,-,0.000
2021-08-05T20:30:00,4.752,-,0.500
2021-08-05T20:15:00,4.750,-,0.500
2021-08-05T20:00:00,4.748,-,1.000
2021-08-05T19:45:00,4.746,-,0.500
2021-08-05T19:30:00,4.748,-,1.000
2021-08-05T19:15:00,4.748,-,1.000
2021-08-05T19:00:00,4.744,-,0.500
2021-08-05T18:45:00,4.748,-,0.500
2021-08-05T18:30:00,4.746,-,0.500
2021-08-05T18:15:00,4.749,-,5.000
2021-08-05T18:00:00,4.738,-,8.000
2021-08-05T17:45:00,4.720,-,1.000
2021-08-05T17:30:00,4.718,-,0.000
2021-08-05T17:15:00,4.717,-,0.000
2021-08-05T17:00:00,4.717,-,0.000
2021-08-05T16:45:00,4.717,-,0.000
2021-08-05T16:30:00,4.717,-,0.000
2021-08-05T16:15:00,4.716,-,0.000
2021-08-05T16:00:00,4.715,-,0.000
2021-08-05T15:45:00,4.713,-,0.000
2021-08-05T15:30:00,4.711,-,5.500
2021-08-05T15:15:00,4.705,-,0.000
2021-08-05T15:00:00,4.706,-,3.500
2021-08-05T14:45:00,4.702,-,2.500
2021-08-05T14:30:00,4.695,-,0.000
2021-08-05T14:15:00,4.695,-,0.000
2021-08-05T14:00:00,4.694,-,0.000
2021-08-05T13:45:00,4.694,-,0.000
2021-08-05T13:30:00,4.695,-,0.000
2021-08-05T13:15:00,4.694,-,0.000
2021-08-05T13:00:00,4.693,-,0.000
2021-08-05T12:45:00,4.692,-,0.500
2021-08-05T12:30:00,4.692,-,1.000
2021-08-05T12:15:00,4.691,-,0.000
2021-08-05T12:00:00,4.690,-,0.000
2021-08-05T11:45:00,4.688,-,0.000
2021-08-05T11:30:00,4.687,-,0.000
2021-08-05T11:15:00,4.688,-,0.000
2021-08-05T11:00:00,4.687,-,0.000
2021-08-05T10:45:00,4.686,-,0.000
2021-08-05T10:30:00,4.686,-,0.000
2021-08-05T10:15:00,4.685,-,0.000
2021-08-05T10:00:00,4.684,-,0.000
2021-08-05T09:45:00,4.684,-,0.000
2021-08-05T09:30:00,4.683,-,0.000
2021-08-05T09:15:00,4.682,-,0.000
2021-08-05T09:00:00,4.681,-,0.000
2021-08-05T08:45:00,4.681,-,0.000
2021-08-05T08:30:00,4.679,-,0.000
2021-08-05T08:15:00,4.677,-,0.000
2021-08-05T08:00:00,4.676,-,0.000
2021-08-05T07:45:00,4.675,-,0.000
2021-08-05T07:30:00,4.674,-,0.000
2021-08-05T07:15:00,4.673,-,0.000
2021-08-05T07:00:00,4.672,-,0.000
2021-08-05T06:45:00,4.670,-,0.000
2021-08-05T06:30:00,4.668,-,0.000
2021-08-05T06:15:00,4.667,-,0.000
2021-08-05T06:00:00,4.665,-,0.000
2021-08-05T05:45:00,4.662,-,0.000
2021-08-05T05:30:00,4.660,-,0.000
2021-08-05T05:15:00,4.658,-,0.000
2021-08-05T05:00:00,4.656,-,0.000
2021-08-05T04:45:00,4.654,-,0.000
2021-08-05T04:30:00,4.651,-,0.000
2021-08-05T04:15:00,4.649,-,0.000
2021-08-05T04:00:00,4.646,-,0.000
2021-08-05T03:45:00,4.643,-,0.000
2021-08-05T03:30:00,4.639,-,0.000
2021-08-05T03:15:00,4.636,-,0.000
2021-08-05T03:00:00,4.632,-,0.000
2021-08-05T02:45:00,4.629,-,0.000
2021-08-05T02:30:00,4.625,-,0.000
2021-08-05T02:15:00,4.621,-,0.000
2021-08-05T02:00:00,4.617,-,0.000
2021-08-05T01:45:00,4.612,-,0.000
2021-08-05T01:30:00,4.608,-,0.000
2021-08-05T01:15:00,4.604,-,0.000
2021-08-05T01:00:00,4.598,-,0.000
2021-08-05T00:45:00,4.594,-,0.000
2021-08-05T00:30:00,4.590,-,0.000
2021-08-05T00:15:00,4.586,-,0.000
2021-08-05T00:00:00,4.582,-,0.000
2021-08-04T23:45:00,4.577,-,0.000
2021-08-04T23:30:00,4.573,-,0.000
2021-08-04T23:15:00,4.569,-,0.000
2021-08-04T23:00:00,4.565,-,0.000
2021-08-04T22:45:00,4.562,-,0.000
2021-08-04T22:30:00,4.558,-,0.000
2021-08-04T22:15:00,4.555,-,0.000
2021-08-04T22:00:00,4.552,-,0.000
2021-08-04T21:45:00,4.550,-,0.000
2021-08-04T21:30:00,4.548,-,0.000
2021-08-04T21:15:00,4.545,-,0.000
2021-08-04T21:00:00,4.543,-,0.000
2021-08-04T20:45:00,4.542,-,0.000
2021-08-04T20:30:00,4.541,-,0.000
2021-08-04T20:15:00,4.540,-,0.000
2021-08-04T20:00:00,4.540,-,0.000
2021-08-04T19:45:00,4.539,-,0.000
2021-08-04T19:30:00,4.539,-,0.000
2021-08-04T19:15:00,4.540,-,0.000
2021-08-04T19:00:00,4.540,-,0.000
2021-08-04T18:45:00,4.539,-,0.000
2021-08-04T18:30:00,4.540,-,0.000
2021-08-04T18:15:00,4.540,-,0.000
2021-08-04T18:00:00,4.540,-,0.000
2021-08-04T17:45:00,4.540,-,0.000
2021-08-04T17:30:00,4.540,-,0.000
2021-08-04T17:15:00,4.540,-,0.000
2021-08-04T17:00:00,4.540,-,0.000
2021-08-04T16:45:00,4.541,-,0.000
2021-08-04T16:30:00,4.540,-,0.000
2021-08-04T16:15:00,4.553,-,0.000
2021-08-04T16:00:00,4.540,-,0.000
2021-08-04T15:45:00,4.541,-,0.000
2021-08-04T15:30:00,4.540,-,0.000
2021-08-04T15:15:00,4.541,-,0.000
2021-08-04T15:00:00,4.539,-,0.000
2021-08-04T14:45:00,4.541,-,0.000
2021-08-04T14:30:00,4.541,-,0.000
2021-08-04T14:15:00,4.541,-,0.000
2021-08-04T14:00:00,4.539,-,0.000
2021-08-04T13:45:00,4.542,-,0.000
2021-08-04T13:30:00,4.541,-,0.000
2021-08-04T13:15:00,4.543,-,0.000
2021-08-04T13:00:00,4.543,-,0.000
2021-08-04T12:45:00,4.538,-,0.000
2021-08-04T12:30:00,4.538,-,0.000
2021-08-04T12:15:00,4.539,-,0.000
2021-08-04T12:00:00,4.542,-,0.000
2021-08-04T11:45:00,4.542,-,0.000
2021-08-04T11:30:00,4.544,-,0.000
2021-08-04T11:15:00,4.546,-,0.000
2021-08-04T11:00:00,4.548,-,0.000
2021-08-04T10:45:00,4.549,-,0.000
2021-08-04T10:30:00,4.552,-,0.000
2021-08-04T10:15:00,4.553,-,0.000
2021-08-04T10:00:00,4.554,-,0.000
2021-08-04T09:45:00,4.556,-,0.000
2021-08-04T09:30:00,4.558,-,0.000
2021-08-04T09:15:00,4.559,-,0.000
2021-08-04T09:00:00,4.561,-,0.000
2021-08-04T08:45:00,4.562,-,0.000
2021-08-04T08:30:00,4.563,-,0.000
2021-08-04T08:15:00,4.564,-,0.000
2021-08-04T08:00:00,4.565,-,0.000
2021-08-04T07:45:00,4.567,-,0.000
2021-08-04T07:30:00,4.568,-,0.000
2021-08-04T07:15:00,4.570,-,0.000
2021-08-04T07:00:00,4.571,-,0.000
2021-08-04T06:45:00,4.572,-,0.000
2021-08-04T06:30:00,4.574,-,0.000
2021-08-04T06:15:00,4.575,-,0.000
2021-08-04T06:00:00,4.577,-,0.000
2021-08-04T05:45:00,4.578,-,0.000
2021-08-04T05:30:00,4.579,-,0.000
2021-08-04T05:15:00,4.581,-,0.000
2021-08-04T05:00:00,4.582,-,0.000
2021-08-04T04:45:00,4.584,-,0.000
2021-08-04T04:30:00,4.585,-,0.000
2021-08-04T04:15:00,4.586,-,0.000
2021-08-04T04:00:00,4.590,-,0.000
2021-08-04T03:45:00,4.591,-,0.000
2021-08-04T03:30:00,4.592,-,0.000
2021-08-04T03:15:00,4.593,-,0.000
2021-08-04T03:00:00,4.594,-,0.000
2021-08-04T02:45:00,4.595,-,0.000
2021-08-04T02:30:00,4.596,-,0.000
2021-08-04T02:15:00,4.598,-,0.000
2021-08-04T02:00:00,4.599,-,0.000
2021-08-04T01:45:00,4.601,-,0.000
2021-08-04T01:30:00,4.601,-,0.000
2021-08-04T01:15:00,4.602,-,0.000
2021-08-04T01:00:00,4.603,-,0.000
2021-08-04T00:45:00,4.605,-,0.000
2021-08-04T00:30:00,4.606,-,0.000
2021-08-04T00:15:00,4.607,-,0.000
2021-08-04T00:00:00,4.608,-,0.000
2021-08-03T23:45:00,4.609,-,0.000
2021-08-03T23:30:00,4.610,-,0.000
2021-08-03T23:15:00,4.612,-,0.000
2021-08-03T23:00:00,4.613,-,0.000
2021-08-03T22:45:00,4.614,-,0.000
2021-08-03T22:30:00,4.616,-,0.000
2021-08-03T22:15:00,4.617,-,0.000
2021-08-03T22:00:00,4.618,-,0.000
2021-08-03T21:45:00,4.619,-,0.000
2021-08-03T21:30:00,4.620,-,0.000
2021-08-03T21:15:00,4.622,-,0.000
2021-08-03T21:00:00,4.623,-,0.000
2021-08-03T20:45:00,4.625,-,0.000
2021-08-03T20:30:00,4.626,-,0.000
2021-08-03T20:15:00,4.626,-,0.000
2021-08-03T20:00:00,4.628,-,0.000
2021-08-03T19:45:00,4.629,-,0.000
2021-08-03T19:30:00,4.630,-,0.000
2021-08-03T19:15:00,4.631,-,0.000
2021-08-03T19:00:00,4.632,-,0.000
2021-08-03T18:45:00,4.634,-,0.000
2021-08-03T18:30:00,4.635,-,0.000
2021-08-03T18:15:00,4.635,-,0.000
2021-08-03T18:00:00,4.636,-,0.000
2021-08-03T17:45:00,4.638,-,0.000
2021-08-03T17:30:00,4.638,-,0.000
2021-08-03T17:15:00,4.640,-,0.000
2021-08-03T17:00:00,4.642,-,0.000
2021-08-03T16:45:00,4.643,-,0.000
2021-08-03T16:30:00,4.644,-,0.000
2021-08-03T16:15:00,4.645,-,0.000
2021-08-03T16:00:00,4.646,-,0.000
2021-08-03T15:45:00,4.646,-,0.000
2021-08-03T15:30:00,4.647,-,0.000
2021-08-03T15:15:00,4.648,-,0.000
2021-08-03T15:00:00,4.649,-,0.000
2021-08-03T14:45:00,4.649,-,0.500
2021-08-03T14:30:00,4.650,-,1.000
2021-08-03T14:15:00,4.650,-,0.000
2021-08-03T14:00:00,4.652,-,0.000
2021-08-03T13:45:00,4.652,-,0.000
2021-08-03T13:30:00,4.654,-,0.000
2021-08-03T13:15:00,4.654,-,0.000
2021-08-03T13:00:00,4.654,-,0.000
2021-08-03T12:45:00,4.658,-,0.000
2021-08-03T12:30:00,4.657,-,0.000
2021-08-03T12:15:00,4.658,-,0.000
2021-08-03T12:00:00,4.659,-,0.000
2021-08-03T11:45:00,4.660,-,0.000
2021-08-03T11:30:00,4.661,-,0.000
2021-08-03T11:15:00,4.662,-,0.000
2021-08-03T11:00:00,4.664,-,0.000
2021-08-03T10:45:00,4.665,-,0.000
2021-08-03T10:30:00,4.665,-,0.000
2021-08-03T10:15:00,4.666,-,0.000
2021-08-03T10:00:00,4.667,-,0.000
2021-08-03T09:45:00,4.668,-,0.000
2021-08-03T09:30:00,4.669,-,0.000
2021-08-03T09:15:00,4.670,-,0.000
2021-08-03T09:00:00,4.670,-,0.000
2021-08-03T08:45:00,4.671,-,0.000
2021-08-03T08:30:00,4.672,-,0.000
2021-08-03T08:15:00,4.673,-,0.000
2021-08-03T08:00:00,4.673,-,0.000
2021-08-03T07:45:00,4.674,-,0.000
2021-08-03T07:30:00,4.674,-,0.000
2021-08-03T07:15:00,4.675,-,0.000
2021-08-03T07:00:00,4.676,-,0.000
2021-08-03T06:45:00,4.677,-,0.000
2021-08-03T06:30:00,4.677,-,0.000
2021-08-03T06:15:00,4.678,-,0.000
2021-08-03T06:00:00,4.679,-,0.000
2021-08-03T05:45:00,4.680,-,0.000
2021-08-03T05:30:00,4.680,-,0.000
2021-08-03T05:15:00,4.681,-,0.000
2021-08-03T05:00:00,4.681,-,0.000
2021-08-03T04:45:00,4.682,-,0.000
2021-08-03T04:30:00,4.683,-,0.000
2021-08-03T04:15:00,4.684,-,0.000
2021-08-03T04:00:00,4.684,-,0.000
2021-08-03T03:45:00,4.684,-,0.000
2021-08-03T03:30:00,4.685,-,0.000
2021-08-03T03:15:00,4.686,-,0.000
2021-08-03T03:00:00,4.686,-,0.000
2021-08-03T02:45:00,4.687,-,0.000
2021-08-03T02:30:00,4.687,-,0.000
2021-08-03T02:15:00,4.688,-,0.000
2021-08-03T02:00:00,4.688,-,0.000
2021-08-03T01:45:00,4.688,-,0.000
2021-08-03T01:30:00,4.689,-,0.000
2021-08-03T01:15:00,4.689,-,0.000
2021-08-03T01:00:00,4.689,-,0.000
2021-08-03T00:45:00,4.690,-,0.000
2021-08-03T00:30:00,4.691,-,0.000
2021-08-03T00:15:00,4.690,-,0.000
2021-08-03T00:00:00,4.691,-,0.000
2021-08-16T23:45:00,4.878,-,0.000
2021-08-16T23:30:00,4.872,-,0.000
2021-08-16T23:15:00,4.868,-,0.000
2021-08-16T23:00:00,4.861,-,0.000
2021-08-16T22:45:00,4.854,-,0.000
2021-08-16T22:30:00,4.848,-,0.000
2021-08-16T22:15:00,4.842,-,0.000
2021-08-16T22:00:00,4.834,-,0.000
2021-08-16T21:45:00,4.825,-,0.000
2021-08-16T21:30:00,4.817,-,0.000
2021-08-16T21:15:00,4.809,-,0.000
2021-08-16T21:00:00,4.801,-,0.000
2021-08-16T20:45:00,4.788,-,0.000
2021-08-16T20:30:00,4.779,-,0.000
2021-08-16T20:15:00,4.768,-,0.000
2021-08-16T20:00:00,4.755,-,0.000
2021-08-16T19:45:00,4.737,-,0.000
2021-08-16T19:30:00,4.717,-,0.000
2021-08-16T19:15:00,4.705,-,0.000
2021-08-16T19:00:00,4.669,-,0.000
2021-08-16T18:45:00,4.662,-,0.000
2021-08-16T18:30:00,4.663,-,0.000
2021-08-16T18:15:00,4.663,-,0.000
2021-08-16T18:00:00,4.659,-,0.000
2021-08-16T17:45:00,4.659,-,0.000
2021-08-16T17:30:00,4.660,-,0.000
2021-08-16T17:15:00,4.661,-,0.000
2021-08-16T17:00:00,4.656,-,0.000
2021-08-16T16:45:00,4.655,-,0.000
2021-08-16T16:30:00,4.653,-,0.000
2021-08-16T16:15:00,4.652,-,0.000
2021-08-16T16:00:00,4.644,-,0.000
2021-08-16T15:45:00,4.643,-,0.000
2021-08-16T15:30:00,4.639,-,0.000
2021-08-16T15:15:00,4.639,-,0.000
2021-08-16T15:00:00,4.633,-,0.000
2021-08-16T14:45:00,4.630,-,0.000
2021-08-16T14:30:00,4.622,-,0.000
2021-08-16T14:15:00,4.619,-,0.000
2021-08-16T14:00:00,4.614,-,0.000
2021-08-16T13:45:00,4.614,-,0.000
2021-08-16T13:30:00,4.611,-,0.000
2021-08-16T13:15:00,4.610,-,0.000
2021-08-16T13:00:00,4.606,-,0.000
2021-08-16T12:45:00,4.606,-,0.000
2021-08-16T12:30:00,4.602,-,0.000
2021-08-16T12:15:00,4.602,-,0.000
2021-08-16T12:00:00,4.604,-,0.000
2021-08-16T11:45:00,4.603,-,0.000
2021-08-16T11:30:00,4.615,-,0.000
2021-08-16T11:15:00,4.602,-,0.000
2021-08-16T11:00:00,4.598,-,0.000
2021-08-16T10:45:00,4.585,-,0.000
2021-08-16T10:30:00,4.570,-,0.000
2021-08-16T10:15:00,4.562,-,0.000
2021-08-16T10:00:00,4.539,-,0.000
2021-08-16T09:45:00,4.538,-,0.000
2021-08-16T09:30:00,4.535,-,0.000
2021-08-16T09:15:00,4.542,-,0.000
2021-08-16T09:00:00,4.531,-,0.000
2021-08-16T08:45:00,4.539,-,0.000
2021-08-16T08:30:00,4.551,-,0.000
2021-08-16T08:15:00,4.556,-,0.000
2021-08-16T08:00:00,4.565,-,0.000
2021-08-16T07:45:00,4.575,-,0.000
2021-08-16T07:30:00,4.580,-,0.000
2021-08-16T07:15:00,4.588,-,0.000
2021-08-16T07:00:00,4.594,-,0.000
2021-08-16T06:45:00,4.602,-,0.000
2021-08-16T06:30:00,4.609,-,0.000
2021-08-16T06:15:00,4.613,-,0.000
2021-08-16T06:00:00,4.618,-,0.000
2021-08-16T05:45:00,4.624,-,0.000
2021-08-16T05:30:00,4.630,-,0.000
2021-08-16T05:15:00,4.636,-,0.000
2021-08-16T05:00:00,4.640,-,0.000
2021-08-16T04:45:00,4.643,-,0.000
2021-08-16T04:30:00,4.647,-,0.000
2021-08-16T04:15:00,4.649,-,0.000
2021-08-16T04:00:00,4.654,-,0.000
2021-08-16T03:45:00,4.653,-,0.000
2021-08-16T03:30:00,4.656,-,0.000
2021-08-16T03:15:00,4.658,-,0.000
2021-08-16T03:00:00,4.655,-,0.000
2021-08-16T02:45:00,4.655,-,0.000
2021-08-16T02:30:00,4.650,-,0.000
2021-08-16T02:15:00,4.653,-,0.000
2021-08-16T02:00:00,4.650,-,0.000
2021-08-16T01:45:00,4.642,-,0.000
2021-08-16T01:30:00,4.642,-,0.000
2021-08-16T01:15:00,4.639,-,0.000
2021-08-16T01:00:00,4.632,-,0.000
2021-08-16T00:45:00,4.624,-,0.000
2021-08-16T00:30:00,4.617,-,0.000
2021-08-16T00:15:00,4.613,-,0.000
2021-08-16T00:00:00,4.602,-,0.000
2021-08-15T23:45:00,4.595,-,0.000
2021-08-15T23:30:00,4.587,-,0.000
2021-08-15T23:15:00,4.573,-,0.000
2021-08-15T23:00:00,4.570,-,0.000
2021-08-15T22:45:00,4.558,-,0.000
2021-08-15T22:30:00,4.554,-,0.000
2021-08-15T22:15:00,4.543,-,0.500
2021-08-15T22:00:00,4.535,-,0.000
2021-08-15T21:45:00,4.532,-,0.000
2021-08-15T21:30:00,4.519,-,0.500
2021-08-15T21:15:00,4.518,-,0.000
2021-08-15T21:00:00,4.509,-,0.000
2021-08-15T20:45:00,4.506,-,0.000
2021-08-15T20:30:00,4.504,-,0.000
2021-08-15T20:15:00,4.502,-,0.000
2021-08-15T20:00:00,4.505,-,0.000
2021-08-15T19:45:00,4.505,-,0.000
2021-08-15T19:30:00,4.508,-,0.000
2021-08-15T19:15:00,4.514,-,0.000
2021-08-15T19:00:00,4.524,-,0.000
2021-08-15T18:45:00,4.532,-,0.000
2021-08-15T18:30:00,4.543,-,0.000
2021-08-15T18:15:00,4.556,-,0.000
2021-08-15T18:00:00,4.567,-,0.000
2021-08-15T17:45:00,4.584,-,0.500
2021-08-15T17:30:00,4.596,-,0.000
2021-08-15T17:15:00,4.614,-,0.500
2021-08-15T17:00:00,4.638,-,0.000
2021-08-15T16:45:00,4.658,-,0.000
2021-08-15T16:30:00,4.677,-,0.000
2021-08-15T16:15:00,4.715,-,0.500
2021-08-15T16:00:00,4.717,-,0.500
2021-08-15T15:45:00,4.720,-,1.000
2021-08-15T15:30:00,4.723,-,1.000
2021-08-15T15:15:00,4.728,-,1.500
2021-08-15T15:00:00,4.730,-,2.500
2021-08-15T14:45:00,4.731,-,0.500
2021-08-15T14:30:00,4.738,-,0.500
2021-08-15T14:15:00,4.744,-,0.000
2021-08-15T14:00:00,4.748,-,0.000
2021-08-15T13:45:00,4.757,-,0.500
2021-08-15T13:30:00,4.759,-,1.000
2021-08-15T13:15:00,4.772,-,4.000
2021-08-15T13:00:00,4.773,-,5.500
2021-08-15T12:45:00,4.771,-,1.000
2021-08-15T12:30:00,4.774,-,4.500
2021-08-15T12:15:00,4.769,-,1.500
2021-08-15T12:00:00,4.769,-,0.000
2021-08-15T11:45:00,4.769,-,0.000
2021-08-15T11:30:00,4.764,-,0.000
2021-08-15T11:15:00,4.762,-,0.000
2021-08-15T11:00:00,4.758,-,0.000
2021-08-15T10:45:00,4.758,-,0.000
2021-08-15T10:30:00,4.754,-,0.000
2021-08-15T10:15:00,4.755,-,0.000
2021-08-15T10:00:00,4.751,-,0.000
2021-08-15T09:45:00,4.751,-,0.000
2021-08-15T09:30:00,4.748,-,0.000
2021-08-15T09:15:00,4.746,-,0.000
2021-08-15T09:00:00,4.742,-,0.000
2021-08-15T08:45:00,4.738,-,0.000
2021-08-15T08:30:00,4.738,-,0.000
2021-08-15T08:15:00,4.734,-,0.000
2021-08-15T08:00:00,4.732,-,0.000
2021-08-15T07:45:00,4.729,-,0.000
2021-08-15T07:30:00,4.729,-,0.000
2021-08-15T07:15:00,4.726,-,0.000
2021-08-15T07:00:00,4.729,-,0.000
2021-08-15T06:45:00,4.728,-,0.000
2021-08-15T06:30:00,4.728,-,0.000
2021-08-15T06:15:00,4.732,-,0.000
2021-08-15T06:00:00,4.733,-,0.000
2021-08-15T05:45:00,4.734,-,0.000
2021-08-15T05:30:00,4.736,-,0.000
2021-08-15T05:15:00,4.742,-,0.000
2021-08-15T05:00:00,4.744,-,0.000
2021-08-15T04:45:00,4.747,-,0.000
2021-08-15T04:30:00,4.752,-,0.000
2021-08-15T04:15:00,4.757,-,0.000
2021-08-15T04:00:00,4.760,-,0.000
2021-08-15T03:45:00,4.767,-,0.000
2021-08-15T03:30:00,4.771,-,0.000
2021-08-15T03:15:00,4.773,-,0.000
2021-08-15T03:00:00,4.777,-,0.000
2021-08-15T02:45:00,4.781,-,0.000
2021-08-15T02:30:00,4.782,-,0.000
2021-08-15T02:15:00,4.786,-,0.000
2021-08-15T02:00:00,4.788,-,0.000
2021-08-15T01:45:00,4.787,-,0.000
2021-08-15T01:30:00,4.789,-,0.000
2021-08-15T01:15:00,4.792,-,0.000
2021-08-15T01:00:00,4.790,-,0.000
2021-08-15T00:45:00,4.788,-,0.000
2021-08-15T00:30:00,4.790,-,0.000
2021-08-15T00:15:00,4.786,-,0.000
2021-08-15T00:00:00,4.783,-,0.000
2021-08-14T23:45:00,4.778,-,0.000
2021-08-14T23:30:00,4.774,-,0.000
2021-08-14T23:15:00,4.766,-,0.000
2021-08-14T23:00:00,4.762,-,0.000
2021-08-14T22:45:00,4.754,-,0.000
2021-08-14T22:30:00,4.744,-,0.000
2021-08-14T22:15:00,4.734,-,0.000
2021-08-14T22:00:00,4.724,-,1.500
2021-08-14T21:45:00,4.716,-,0.500
2021-08-14T21:30:00,4.698,-,0.500
2021-08-14T21:15:00,4.687,-,4.000
2021-08-14T21:00:00,4.673,-,0.000
2021-08-14T20:45:00,4.661,-,0.000
2021-08-14T20:30:00,4.648,-,0.000
2021-08-14T20:15:00,4.638,-,0.000
2021-08-14T20:00:00,4.628,-,0.000
2021-08-14T19:45:00,4.617,-,0.000
2021-08-14T19:30:00,4.618,-,0.000
2021-08-14T19:15:00,4.589,-,0.000
2021-08-14T19:00:00,4.568,-,0.000
2021-08-14T18:45:00,4.551,-,0.000
2021-08-14T18:30:00,4.533,-,0.000
2021-08-14T18:15:00,4.516,-,0.000
2021-08-14T18:00:00,4.504,-,0.000
2021-08-14T17:45:00,4.492,-,0.000
2021-08-14T17:30:00,4.480,-,0.000
2021-08-14T17:15:00,4.470,-,0.000
2021-08-14T17:00:00,4.461,-,0.000
2021-08-14T16:45:00,4.455,-,0.000
2021-08-14T16:30:00,4.449,-,0.000
2021-08-14T16:15:00,4.447,-,0.000
2021-08-14T16:00:00,4.447,-,0.000
2021-08-14T15:45:00,4.453,-,0.000
2021-08-14T15:30:00,4.455,-,0.000
2021-08-14T15:15:00,4.458,-,0.000
2021-08-14T15:00:00,4.463,-,0.000
2021-08-14T14:45:00,4.470,-,0.000
2021-08-14T14:30:00,4.476,-,0.000
2021-08-14T14:15:00,4.480,-,0.000
2021-08-14T14:00:00,4.489,-,0.500
2021-08-14T13:45:00,4.497,-,1.000
2021-08-14T13:30:00,4.504,-,0.500
2021-08-14T13:15:00,4.512,-,0.500
2021-08-14T13:00:00,4.520,-,0.000
2021-08-14T12:45:00,4.529,-,0.500
2021-08-14T12:30:00,4.537,-,0.500
2021-08-14T12:15:00,4.544,-,1.000
2021-08-14T12:00:00,4.550,-,1.000
2021-08-14T11:45:00,4.554,-,2.500
2021-08-14T11:30:00,4.565,-,14.000
2021-08-14T11:15:00,4.550,-,0.000
2021-08-14T11:00:00,4.562,-,0.500
2021-08-14T10:45:00,4.588,-,0.000
2021-08-14T10:30:00,4.598,-,0.000
2021-08-14T10:15:00,4.608,-,0.000
2021-08-14T10:00:00,4.619,-,0.000
2021-08-14T09:45:00,4.630,-,0.000
2021-08-14T09:30:00,4.641,-,0.000
2021-08-14T09:15:00,4.654,-,0.000
2021-08-14T09:00:00,4.667,-,0.000
2021-08-14T08:45:00,4.680,-,0.000
2021-08-14T08:30:00,4.687,-,0.000
2021-08-14T08:15:00,4.708,-,0.000
2021-08-14T08:00:00,4.755,-,0.000
2021-08-14T07:45:00,4.754,-,0.000
2021-08-14T07:30:00,4.754,-,0.000
2021-08-14T07:15:00,4.756,-,0.000
2021-08-14T07:00:00,4.755,-,0.000
2021-08-14T06:45:00,4.761,-,0.000
2021-08-14T06:30:00,4.755,-,0.000
2021-08-14T06:15:00,4.759,-,0.000
2021-08-14T06:00:00,4.748,-,0.000
2021-08-14T05:45:00,4.737,-,0.000
2021-08-14T05:30:00,4.723,-,0.000
2021-08-14T05:15:00,4.710,-,0.000
2021-08-14T05:00:00,4.694,-,0.000
2021-08-14T04:45:00,4.682,-,0.000
2021-08-14T04:30:00,4.667,-,0.000
2021-08-14T04:15:00,4.651,-,0.000
2021-08-14T04:00:00,4.635,-,0.000
2021-08-14T03:45:00,4.618,-,0.000
2021-08-14T03:30:00,4.601,-,0.000
2021-08-14T03:15:00,4.583,-,0.000
2021-08-14T03:00:00,4.572,-,0.000
2021-08-14T02:45:00,4.555,-,0.000
2021-08-14T02:30:00,4.543,-,0.000
2021-08-14T02:15:00,4.529,-,0.000
2021-08-14T02:00:00,4.506,-,0.000
2021-08-14T01:45:00,4.486,-,0.000
2021-08-14T01:30:00,4.466,-,0.000
2021-08-14T01:15:00,4.449,-,0.000
2021-08-14T01:00:00,4.436,-,0.000
2021-08-14T00:45:00,4.427,-,0.000
2021-08-14T00:30:00,4.421,-,0.000
2021-08-14T00:15:00,4.419,-,0.000
2021-08-14T00:00:00,4.423,-,0.000
2021-08-13T23:45:00,4.428,-,0.000
2021-08-13T23:30:00,4.436,-,0.000
2021-08-13T23:15:00,4.442,-,0.000
2021-08-13T23:00:00,4.453,-,0.500
2021-08-13T22:45:00,4.459,-,0.000
2021-08-13T22:30:00,4.468,-,0.000
2021-08-13T22:15:00,4.476,-,0.000
2021-08-13T22:00:00,4.488,-,0.000
2021-08-13T21:45:00,4.493,-,0.000
2021-08-13T21:30:00,4.496,-,0.000
2021-08-13T21:15:00,4.501,-,0.500
2021-08-13T21:00:00,4.506,-,0.000
2021-08-13T20:45:00,4.509,-,0.000
2021-08-13T20:30:00,4.512,-,0.000
2021-08-13T20:15:00,4.517,-,1.500
2021-08-13T20:00:00,4.519,-,0.000
2021-08-13T19:45:00,4.522,-,0.000
2021-08-13T19:30:00,4.526,-,0.000
2021-08-13T19:15:00,4.534,-,0.000
2021-08-13T19:00:00,4.534,-,0.000
2021-08-13T18:45:00,4.541,-,0.000
2021-08-13T18:30:00,4.540,-,0.000
2021-08-13T18:15:00,4.547,-,0.000
2021-08-13T18:00:00,4.555,-,0.000
2021-08-13T17:45:00,4.562,-,0.000
2021-08-13T17:30:00,4.570,-,0.000
2021-08-13T17:15:00,4.581,-,0.000
2021-08-13T17:00:00,4.587,-,0.000
2021-08-13T16:45:00,4.592,-,0.000
2021-08-13T16:30:00,4.599,-,0.000
2021-08-13T16:15:00,4.606,-,0.000
2021-08-13T16:00:00,4.614,-,0.000
2021-08-13T15:45:00,4.622,-,0.000
2021-08-13T15:30:00,4.628,-,0.000
2021-08-13T15:15:00,4.636,-,0.000
2021-08-13T15:00:00,4.642,-,0.000
2021-08-13T14:45:00,4.650,-,0.000
2021-08-13T14:30:00,4.660,-,0.000
2021-08-13T14:15:00,4.662,-,0.000
2021-08-13T14:00:00,4.663,-,0.000
2021-08-13T13:45:00,4.670,-,0.000
2021-08-13T13:30:00,4.678,-,0.000
2021-08-13T13:15:00,4.684,-,0.000
2021-08-13T13:00:00,4.690,-,0.000
2021-08-13T12:45:00,4.695,-,0.000
2021-08-13T12:30:00,4.700,-,0.000
2021-08-13T12:15:00,4.703,-,0.000
2021-08-13T12:00:00,4.707,-,0.000
2021-08-13T11:45:00,4.712,-,0.000
2021-08-13T11:30:00,4.715,-,0.000
2021-08-13T11:15:00,4.716,-,0.000
2021-08-13T11:00:00,4.719,-,0.000
2021-08-13T10:45:00,4.722,-,0.000
2021-08-13T10:30:00,4.725,-,0.000
2021-08-13T10:15:00,4.728,-,0.000
2021-08-13T10:00:00,4.730,-,0.000
2021-08-13T09:45:00,4.734,-,0.000
2021-08-13T09:30:00,4.736,-,0.000
2021-08-13T09:15:00,4.740,-,0.000
2021-08-13T09:00:00,4.744,-,0.000
2021-08-13T08:45:00,4.747,-,0.000
2021-08-13T08:30:00,4.752,-,0.000
2021-08-13T08:15:00,4.756,-,0.000
2021-08-13T08:00:00,4.764,-,0.000
2021-08-13T07:45:00,4.768,-,0.000
2021-08-13T07:30:00,4.768,-,0.000
2021-08-13T07:15:00,4.768,-,0.000
2021-08-13T07:00:00,4.769,-,0.000
2021-08-13T06:45:00,4.769,-,0.000
2021-08-13T06:30:00,4.768,-,0.000
2021-08-13T06:15:00,4.767,-,0.000
2021-08-13T06:00:00,4.775,-,0.000
2021-08-13T05:45:00,4.779,-,0.000
2021-08-13T05:30:00,4.776,-,0.000
2021-08-13T05:15:00,4.772,-,0.000
2021-08-13T05:00:00,4.769,-,0.000
2021-08-13T04:45:00,4.765,-,0.000
2021-08-13T04:30:00,4.761,-,0.000
2021-08-13T04:15:00,4.757,-,0.000
2021-08-13T04:00:00,4.753,-,0.000
2021-08-13T03:45:00,4.750,-,0.000
2021-08-13T03:30:00,4.745,-,0.000
2021-08-13T03:15:00,4.742,-,0.000
2021-08-13T03:00:00,4.738,-,0.000
2021-08-13T02:45:00,4.733,-,0.000
2021-08-13T02:30:00,4.730,-,0.000
2021-08-13T02:15:00,4.725,-,0.000
2021-08-13T02:00:00,4.719,-,0.000
2021-08-13T01:45:00,4.717,-,0.000
2021-08-13T01:30:00,4.712,-,0.000
2021-08-13T01:15:00,4.707,-,0.000
2021-08-13T01:00:00,4.702,-,0.000
2021-08-13T00:45:00,4.698,-,0.000
2021-08-13T00:30:00,4.694,-,0.000
2021-08-13T00:15:00,4.689,-,0.000
2021-08-13T00:00:00,4.684,-,0.000
2021-08-12T23:45:00,4.679,-,0.000
2021-08-12T23:30:00,4.675,-,0.000
2021-08-12T23:15:00,4.669,-,0.000
2021-08-12T23:00:00,4.664,-,0.000
2021-08-12T22:45:00,4.658,-,0.000
2021-08-12T22:30:00,4.654,-,0.000
2021-08-12T22:15:00,4.648,-,0.000
2021-08-12T22:00:00,4.642,-,0.000
2021-08-12T21:45:00,4.636,-,0.000
2021-08-12T21:30:00,4.630,-,0.000
2021-08-12T21:15:00,4.625,-,0.000
2021-08-12T21:00:00,4.621,-,0.000
2021-08-12T20:45:00,4.611,-,0.000
2021-08-12T20:30:00,4.598,-,0.000
2021-08-12T20:15:00,4.594,-,0.000
2021-08-12T20:00:00,4.590,-,0.000
2021-08-12T19:45:00,4.587,-,0.000
2021-08-12T19:30:00,4.583,-,0.000
2021-08-12T19:15:00,4.578,-,0.000
2021-08-12T19:00:00,4.574,-,0.000
2021-08-12T18:45:00,4.570,-,0.000
2021-08-12T18:30:00,4.565,-,0.000
2021-08-12T18:15:00,4.561,-,0.000
2021-08-12T18:00:00,4.557,-,0.000
2021-08-12T17:45:00,4.553,-,0.000
2021-08-12T17:30:00,4.549,-,0.000
2021-08-12T17:15:00,4.544,-,0.000
2021-08-12T17:00:00,4.540,-,0.000
2021-08-12T16:45:00,4.537,-,0.000
2021-08-12T16:30:00,4.532,-,0.000
2021-08-12T16:15:00,4.527,-,0.000
2021-08-12T16:00:00,4.524,-,0.000
2021-08-12T15:45:00,4.522,-,0.000
2021-08-12T15:30:00,4.518,-,0.000
2021-08-12T15:15:00,4.519,-,0.000
2021-08-12T15:00:00,4.517,-,0.000
2021-08-12T14:45:00,4.518,-,0.000
2021-08-12T14:30:00,4.520,-,0.000
2021-08-12T14:15:00,4.523,-,0.000
2021-08-12T14:00:00,4.524,-,0.000
2021-08-12T13:45:00,4.528,-,0.000
2021-08-12T13:30:00,4.532,-,0.000
2021-08-12T13:15:00,4.537,-,0.000
2021-08-12T13:00:00,4.540,-,0.000
2021-08-12T12:45:00,4.546,-,0.000
2021-08-12T12:30:00,4.550,-,0.000
2021-08-12T12:15:00,4.555,-,0.000
2021-08-12T12:00:00,4.560,-,0.000
2021-08-12T11:45:00,4.564,-,0.000
2021-08-12T11:30:00,4.576,-,0.000
2021-08-12T11:15:00,4.580,-,0.000
2021-08-12T11:00:00,4.585,-,0.000
2021-08-12T10:45:00,4.589,-,0.000
2021-08-12T10:30:00,4.595,-,0.000
2021-08-12T10:15:00,4.599,-,0.000
2021-08-12T10:00:00,4.611,-,0.000
2021-08-12T09:45:00,4.617,-,0.000
2021-08-12T09:30:00,4.628,-,0.000
2021-08-12T09:15:00,4.638,-,0.000
2021-08-12T09:00:00,4.635,-,0.000
2021-08-12T08:45:00,4.641,-,0.000
2021-08-12T08:30:00,4.647,-,0.000
2021-08-12T08:15:00,4.652,-,0.000
2021-08-12T08:00:00,4.658,-,0.000
2021-08-12T07:45:00,4.664,-,0.000
2021-08-12T07:30:00,4.668,-,0.000
2021-08-12T07:15:00,4.676,-,0.000
2021-08-12T07:00:00,4.683,-,0.000
2021-08-12T06:45:00,4.687,-,0.000
2021-08-12T06:30:00,4.690,-,0.000
2021-08-12T06:15:00,4.694,-,0.000
2021-08-12T06:00:00,4.704,-,0.000
2021-08-12T05:45:00,4.707,-,0.000
2021-08-12T05:30:00,4.711,-,0.000
2021-08-12T05:15:00,4.712,-,0.000
2021-08-12T05:00:00,4.715,-,0.000
2021-08-12T04:45:00,4.722,-,0.000
2021-08-12T04:30:00,4.726,-,0.000
2021-08-12T04:15:00,4.730,-,0.000
2021-08-12T04:00:00,4.739,-,0.000
2021-08-12T03:45:00,4.737,-,0.000
2021-08-12T03:30:00,4.735,-,0.000
2021-08-12T03:15:00,4.733,-,0.000
2021-08-12T03:00:00,4.731,-,0.500
2021-08-12T02:45:00,4.726,-,0.000
2021-08-12T02:30:00,4.725,-,1.500
2021-08-12T02:15:00,4.720,-,13.000
2021-08-12T02:00:00,4.711,-,3.500
2021-08-12T01:45:00,4.703,-,0.000
2021-08-12T01:30:00,4.701,-,0.000
2021-08-12T01:15:00,4.699,-,0.000
2021-08-12T01:00:00,4.697,-,0.000
2021-08-12T00:45:00,4.696,-,0.000
2021-08-12T00:30:00,4.694,-,0.000
2021-08-12T00:15:00,4.693,-,0.000
2021-08-12T00:00:00,4.691,-,0.000
2021-08-11T23:45:00,4.689,-,0.000
2021-08-11T23:30:00,4.688,-,0.000
2021-08-11T23:15:00,4.687,-,0.000
2021-08-11T23:00:00,4.685,-,0.000
2021-08-11T22:45:00,4.684,-,0.000
2021-08-11T22:30:00,4.683,-,0.000
2021-08-11T22:15:00,4.682,-,0.000
2021-08-11T22:00:00,4.680,-,0.000
2021-08-11T21:45:00,4.679,-,0.000
2021-08-11T21:30:00,4.678,-,0.000
2021-08-11T21:15:00,4.677,-,0.000
2021-08-11T21:00:00,4.675,-,0.000
2021-08-11T20:45:00,4.674,-,0.000
2021-08-11T20:30:00,4.673,-,0.000
2021-08-11T20:15:00,4.673,-,0.000
2021-08-11T20:00:00,4.674,-,0.000
2021-08-11T19:45:00,4.672,-,0.000
2021-08-11T19:30:00,4.671,-,0.000
2021-08-11T19:15:00,4.671,-,0.000
2021-08-11T19:00:00,4.671,-,0.000
2021-08-11T18:45:00,4.670,-,0.000
2021-08-11T18:30:00,4.671,-,0.000
2021-08-11T18:15:00,4.671,-,0.000
2021-08-11T18:00:00,4.671,-,0.000
2021-08-11T17:45:00,4.671,-,0.000
2021-08-11T17:30:00,4.672,-,0.000
2021-08-11T17:15:00,4.672,-,0.000
2021-08-11T17:00:00,4.673,-,0.000
2021-08-11T16:45:00,4.673,-,0.000
2021-08-11T16:30:00,4.673,-,0.000
2021-08-11T16:15:00,4.674,-,0.000
2021-08-11T16:00:00,4.674,-,0.000
2021-08-11T15:45:00,4.674,-,0.000
2021-08-11T15:30:00,4.674,-,0.000
2021-08-11T15:15:00,4.674,-,0.000
2021-08-11T15:00:00,4.676,-,0.000
2021-08-11T14:45:00,4.678,-,0.000
2021-08-11T14:30:00,4.676,-,0.000
2021-08-11T14:15:00,4.672,-,0.000
2021-08-11T14:00:00,4.674,-,0.000
2021-08-11T13:45:00,4.675,-,0.000
2021-08-11T13:30:00,4.671,-,2.500
2021-08-11T13:15:00,4.671,-,0.500
2021-08-11T13:00:00,4.670,-,0.000
2021-08-11T12:45:00,4.671,-,0.000
2021-08-11T12:30:00,4.671,-,0.000
2021-08-11T12:15:00,4.671,-,0.000
2021-08-11T12:00:00,4.672,-,0.000
2021-08-11T11:45:00,4.672,-,0.000
2021-08-11T11:30:00,4.672,-,0.000
2021-08-11T11:15:00,4.672,-,0.000
2021-08-11T11:00:00,4.672,-,0.000
2021-08-11T10:45:00,4.671,-,0.000
2021-08-11T10:30:00,4.672,-,0.500
2021-08-11T10:15:00,4.673,-,1.000
2021-08-11T10:00:00,4.671,-,0.000
2021-08-11T09:45:00,4.672,-,0.000
2021-08-11T09:30:00,4.672,-,0.000
2021-08-11T09:15:00,4.673,-,0.000
2021-08-11T09:00:00,4.673,-,0.000
2021-08-11T08:45:00,4.672,-,0.000
2021-08-11T08:30:00,4.673,-,0.000
2021-08-11T08:15:00,4.672,-,0.000
2021-08-11T08:00:00,4.672,-,0.000
2021-08-11T07:45:00,4.672,-,0.000
2021-08-11T07:30:00,4.672,-,0.000
2021-08-11T07:15:00,4.672,-,0.000
2021-08-11T07:00:00,4.672,-,0.000
2021-08-11T06:45:00,4.672,-,0.000
2021-08-11T06:30:00,4.672,-,0.000
2021-08-11T06:15:00,4.672,-,0.000
2021-08-11T06:00:00,4.672,-,0.000
2021-08-11T05:45:00,4.672,-,0.000
2021-08-11T05:30:00,4.672,-,0.000
2021-08-11T05:15:00,4.672,-,0.000
2021-08-11T05:00:00,4.672,-,0.000
2021-08-11T04:45:00,4.671,-,0.000
2021-08-11T04:30:00,4.671,-,0.000
2021-08-11T04:15:00,4.671,-,0.000
2021-08-11T04:00:00,4.670,-,0.000
2021-08-11T03:45:00,4.670,-,0.000
2021-08-11T03:30:00,4.670,-,0.000
2021-08-11T03:15:00,4.670,-,0.000
2021-08-11T03:00:00,4.670,-,0.000
2021-08-11T02:45:00,4.669,-,0.000
2021-08-11T02:30:00,4.669,-,0.000
2021-08-11T02:15:00,4.669,-,0.000
2021-08-11T02:00:00,4.669,-,0.000
2021-08-11T01:45:00,4.668,-,0.000
2021-08-11T01:30:00,4.668,-,0.000
2021-08-11T01:15:00,4.667,-,0.000
2021-08-11T01:00:00,4.668,-,0.000
2021-08-11T00:45:00,4.666,-,0.000
2021-08-11T00:30:00,4.666,-,0.000
2021-08-11T00:15:00,4.665,-,0.000
2021-08-11T00:00:00,4.664,-,0.000
2021-08-10T23:45:00,4.663,-,0.000
2021-08-10T23:30:00,4.664,-,0.000
2021-08-10T23:15:00,4.660,-,1.500
2021-08-10T23:00:00,4.660,-,6.000
2021-08-10T22:45:00,4.658,-,1.000
2021-08-10T22:30:00,4.650,-,0.000
2021-08-10T22:15:00,4.648,-,0.000
2021-08-10T22:00:00,4.648,-,0.000
2021-08-10T21:45:00,4.647,-,0.000
2021-08-10T21:30:00,4.646,-,0.000
2021-08-10T21:15:00,4.646,-,0.000
2021-08-10T21:00:00,4.646,-,0.000
2021-08-10T20:45:00,4.643,-,0.000
2021-08-10T20:30:00,4.644,-,0.000
2021-08-10T20:15:00,4.643,-,0.000
2021-08-10T20:00:00,4.642,-,0.000
2021-08-10T19:45:00,4.641,-,0.000
2021-08-10T19:30:00,4.640,-,0.000
2021-08-10T19:15:00,4.639,-,0.000
2021-08-10T19:00:00,4.638,-,0.000
2021-08-10T18:45:00,4.637,-,0.000
2021-08-10T18:30:00,4.636,-,0.000
2021-08-10T18:15:00,4.635,-,0.000
2021-08-10T18:00:00,4.634,-,0.000
2021-08-10T17:45:00,4.634,-,0.000
2021-08-10T17:30:00,4.632,-,0.000
2021-08-10T17:15:00,4.631,-,0.000
2021-08-10T17:00:00,4.630,-,0.000
2021-08-10T16:45:00,4.629,-,0.000
2021-08-10T16:30:00,4.628,-,0.000
2021-08-10T16:15:00,4.627,-,0.000
2021-08-10T16:00:00,4.626,-,0.000
2021-08-10T15:45:00,4.624,-,0.000
2021-08-10T15:30:00,4.622,-,0.000
2021-08-10T15:15:00,4.620,-,0.000
2021-08-10T15:00:00,4.620,-,0.000
2021-08-10T14:45:00,4.618,-,0.000
2021-08-10T14:30:00,4.619,-,0.000
2021-08-10T14:15:00,4.617,-,0.000
2021-08-10T14:00:00,4.607,-,0.000
2021-08-10T13:45:00,4.608,-,0.000
2021-08-10T13:30:00,4.609,-,0.000
2021-08-10T13:15:00,4.609,-,0.000
2021-08-10T13:00:00,4.610,-,0.000
2021-08-10T12:45:00,4.611,-,0.000
2021-08-10T12:30:00,4.613,-,0.000
2021-08-10T12:15:00,4.613,-,0.000
2021-08-10T12:00:00,4.613,-,0.000
2021-08-10T11:45:00,4.615,-,0.000
2021-08-10T11:30:00,4.616,-,0.000
2021-08-10T11:15:00,4.617,-,0.000
2021-08-10T11:00:00,4.617,-,0.000
2021-08-10T10:45:00,4.618,-,0.000
2021-08-10T10:30:00,4.619,-,0.000
2021-08-10T10:15:00,4.619,-,0.000
2021-08-10T10:00:00,4.620,-,0.000
2021-08-10T09:45:00,4.620,-,0.000
2021-08-10T09:30:00,4.622,-,0.000
2021-08-10T09:15:00,4.623,-,0.000
2021-08-10T09:00:00,4.623,-,0.000
2021-08-10T08:45:00,4.624,-,0.000
2021-08-10T08:30:00,4.624,-,0.000
2021-08-10T08:15:00,4.625,-,0.000
2021-08-10T08:00:00,4.626,-,0.000
2021-08-10T07:45:00,4.627,-,0.000
2021-08-10T07:30:00,4.627,-,0.000
2021-08-10T07:15:00,4.628,-,0.000
2021-08-10T07:00:00,4.629,-,0.000
2021-08-10T06:45:00,4.629,-,0.000
2021-08-10T06:30:00,4.630,-,0.000
2021-08-10T06:15:00,4.631,-,0.000
2021-08-10T06:00:00,4.632,-,0.000
2021-08-10T05:45:00,4.632,-,0.000
2021-08-10T05:30:00,4.633,-,0.000
2021-08-10T05:15:00,4.634,-,0.000
2021-08-10T05:00:00,4.634,-,0.000
2021-08-10T04:45:00,4.634,-,0.000
2021-08-10T04:30:00,4.635,-,0.000
2021-08-10T04:15:00,4.635,-,0.000
2021-08-10T04:00:00,4.636,-,0.000
2021-08-10T03:45:00,4.637,-,0.000
2021-08-10T03:30:00,4.637,-,0.000
2021-08-10T03:15:00,4.638,-,0.000
2021-08-10T03:00:00,4.638,-,0.000
2021-08-10T02:45:00,4.639,-,0.000
2021-08-10T02:30:00,4.639,-,0.000
2021-08-10T02:15:00,4.639,-,0.000
2021-08-10T02:00:00,4.640,-,0.000
2021-08-10T01:45:00,4.640,-,0.000
2021-08-10T01:30:00,4.640,-,0.000
2021-08-10T01:15:00,4.640,-,0.000
2021-08-10T01:00:00,4.640,-,0.000
2021-08-10T00:45:00,4.641,-,0.000
2021-08-10T00:30:00,4.641,-,0.000
2021-08-10T00:15:00,4.641,-,0.000
2021-08-10T00:00:00,4.641,-,0.000
2021-08-23T23:45:00,4.503,-,0.000
2021-08-23T23:30:00,4.505,-,0.000
2021-08-23T23:15:00,4.506,-,0.000
2021-08-23T23:00:00,4.508,-,0.000
2021-08-23T22:45:00,4.508,-,0.000
2021-08-23T22:30:00,4.510,-,0.000
2021-08-23T22:15:00,4.512,-,0.000
2021-08-23T22:00:00,4.512,-,0.000
2021-08-23T21:45:00,4.514,-,0.000
2021-08-23T21:30:00,4.515,-,0.000
2021-08-23T21:15:00,4.516,-,0.000
2021-08-23T21:00:00,4.518,-,0.000
2021-08-23T20:45:00,4.519,-,0.000
2021-08-23T20:30:00,4.520,-,0.000
2021-08-23T20:15:00,4.520,-,0.000
2021-08-23T20:00:00,4.521,-,0.000
2021-08-23T19:45:00,4.523,-,0.000
2021-08-23T19:30:00,4.524,-,0.000
2021-08-23T19:15:00,4.525,-,0.000
2021-08-23T19:00:00,4.526,-,0.000
2021-08-23T18:45:00,4.527,-,0.000
2021-08-23T18:30:00,4.529,-,0.000
2021-08-23T18:15:00,4.531,-,0.000
2021-08-23T18:00:00,4.531,-,0.000
2021-08-23T17:45:00,4.532,-,0.000
2021-08-23T17:30:00,4.534,-,0.000
2021-08-23T17:15:00,4.535,-,0.000
2021-08-23T17:00:00,4.536,-,0.000
2021-08-23T16:45:00,4.537,-,0.000
2021-08-23T16:30:00,4.538,-,0.000
2021-08-23T16:15:00,4.539,-,0.000
2021-08-23T16:00:00,4.540,-,0.000
2021-08-23T15:45:00,4.541,-,0.000
2021-08-23T15:30:00,4.542,-,0.000
2021-08-23T15:15:00,4.543,-,0.000
2021-08-23T15:00:00,4.543,-,0.000
2021-08-19T07:30:00,4.874,-,0.000
2021-08-19T07:15:00,4.889,-,0.000
2021-08-19T07:00:00,4.903,-,0.000
2021-08-19T06:45:00,4.919,-,0.000
2021-08-19T06:30:00,4.933,-,0.000
2021-08-19T06:15:00,4.946,-,0.000
2021-08-19T06:00:00,4.958,-,0.000
2021-08-19T05:45:00,4.975,-,0.000
2021-08-19T05:30:00,5.003,-,0.000
2021-08-19T05:15:00,5.018,-,0.000
2021-08-19T05:00:00,5.040,-,0.000
2021-08-19T04:45:00,5.061,-,0.000
2021-08-19T04:30:00,5.059,-,0.000
2021-08-19T04:15:00,5.056,-,0.000
2021-08-19T04:00:00,5.055,-,0.000
2021-08-19T03:45:00,5.052,-,0.000
2021-08-19T03:30:00,5.049,-,0.000
2021-08-19T03:15:00,5.046,-,0.000
2021-08-19T03:00:00,5.042,-,0.000
2021-08-19T02:45:00,5.039,-,0.000
2021-08-19T02:30:00,5.034,-,0.000
2021-08-19T02:15:00,5.030,-,0.000
2021-08-19T02:00:00,5.024,-,0.000
2021-08-19T01:45:00,5.018,-,0.000
2021-08-19T01:30:00,5.013,-,0.000
2021-08-19T01:15:00,5.006,-,0.000
2021-08-19T01:00:00,4.999,-,0.000
2021-08-19T00:45:00,4.992,-,0.000
2021-08-19T00:30:00,4.984,-,0.000
2021-08-19T00:15:00,4.976,-,0.000
2021-08-19T00:00:00,4.967,-,0.000
2021-08-18T23:45:00,4.957,-,0.000
2021-08-18T23:30:00,4.949,-,0.000
2021-08-18T23:15:00,4.940,-,0.000
2021-08-18T23:00:00,4.931,-,0.000
2021-08-18T22:45:00,4.923,-,0.000
2021-08-18T22:30:00,4.913,-,0.000
2021-08-18T22:15:00,4.903,-,0.000
2021-08-18T22:00:00,4.893,-,0.000
2021-08-18T21:45:00,4.883,-,0.000
2021-08-18T21:30:00,4.874,-,0.000
2021-08-18T21:15:00,4.866,-,0.000
2021-08-18T21:00:00,4.856,-,0.000
2021-08-18T20:45:00,4.847,-,0.000
2021-08-18T20:30:00,4.840,-,0.000
2021-08-18T20:15:00,4.831,-,0.000
2021-08-18T20:00:00,4.825,-,0.000
2021-08-18T19:45:00,4.817,-,0.000
2021-08-18T19:30:00,4.811,-,0.000
2021-08-18T19:15:00,4.806,-,0.000
2021-08-18T19:00:00,4.801,-,0.000
2021-08-18T18:45:00,4.798,-,0.000
2021-08-18T18:30:00,4.794,-,0.000
2021-08-18T18:15:00,4.791,-,0.000
2021-08-18T18:00:00,4.789,-,0.000
2021-08-18T17:45:00,4.787,-,0.000
2021-08-18T17:30:00,4.785,-,0.000
2021-08-18T17:15:00,4.782,-,0.000
2021-08-18T17:00:00,4.780,-,0.000
2021-08-18T16:45:00,4.778,-,0.000
2021-08-18T16:30:00,4.775,-,0.000
2021-08-18T16:15:00,4.772,-,0.000
2021-08-18T16:00:00,4.769,-,0.000
2021-08-18T15:45:00,4.766,-,0.000
2021-08-18T15:30:00,4.763,-,0.000
2021-08-18T15:15:00,4.760,-,0.000
2021-08-18T15:00:00,4.756,-,0.000
2021-08-18T14:45:00,4.752,-,0.000
2021-08-18T14:30:00,4.748,-,0.000
2021-08-18T14:15:00,4.746,-,0.000
2021-08-18T14:00:00,4.746,-,0.000
2021-08-18T13:45:00,4.735,-,0.000
2021-08-18T13:30:00,4.726,-,0.000
2021-08-18T13:15:00,4.725,-,0.000
2021-08-18T13:00:00,4.725,-,0.000
2021-08-18T12:45:00,4.723,-,0.000
2021-08-18T12:30:00,4.722,-,0.000
2021-08-18T12:15:00,4.720,-,0.000
2021-08-18T12:00:00,4.725,-,0.000
2021-08-18T11:45:00,4.728,-,0.000
2021-08-18T11:30:00,4.729,-,0.000
2021-08-18T11:15:00,4.740,-,0.000
2021-08-18T11:00:00,4.751,-,0.000
2021-08-18T10:45:00,4.761,-,0.000
2021-08-18T10:30:00,4.774,-,0.000
2021-08-18T10:15:00,4.785,-,0.000
2021-08-18T10:00:00,4.794,-,0.000
2021-08-18T09:45:00,4.803,-,0.000
2021-08-18T09:30:00,4.810,-,0.000
2021-08-18T09:15:00,4.818,-,0.000
2021-08-18T09:00:00,4.829,-,0.000
2021-08-18T08:45:00,4.830,-,0.000
2021-08-18T08:30:00,4.840,-,0.000
2021-08-18T08:15:00,4.839,-,0.000
2021-08-18T08:00:00,4.836,-,0.000
2021-08-18T07:45:00,4.831,-,0.000
2021-08-18T07:30:00,4.827,-,0.000
2021-08-18T07:15:00,4.822,-,0.000
2021-08-18T07:00:00,4.818,-,0.000
2021-08-18T06:45:00,4.813,-,0.000
2021-08-18T06:30:00,4.807,-,0.000
2021-08-18T06:15:00,4.804,-,0.000
2021-08-18T06:00:00,4.796,-,0.000
2021-08-18T05:45:00,4.772,-,0.000
2021-08-18T05:30:00,4.771,-,0.000
2021-08-18T05:15:00,4.771,-,0.000
2021-08-18T05:00:00,4.771,-,0.000
2021-08-18T04:45:00,4.772,-,0.000
2021-08-18T04:30:00,4.772,-,0.000
2021-08-18T04:15:00,4.772,-,0.000
2021-08-18T04:00:00,4.771,-,0.000
2021-08-18T03:45:00,4.771,-,0.000
2021-08-18T03:30:00,4.771,-,0.000
2021-08-18T03:15:00,4.770,-,0.000
2021-08-18T03:00:00,4.769,-,0.000
2021-08-18T02:45:00,4.767,-,0.000
2021-08-18T02:30:00,4.766,-,0.000
2021-08-18T02:15:00,4.762,-,0.000
2021-08-18T02:00:00,4.764,-,0.000
2021-08-18T01:45:00,4.767,-,0.000
2021-08-18T01:30:00,4.768,-,0.000
2021-08-18T01:15:00,4.770,-,0.000
2021-08-18T01:00:00,4.773,-,0.000
2021-08-18T00:45:00,4.774,-,0.000
2021-08-18T00:30:00,4.777,-,0.000
2021-08-18T00:15:00,4.779,-,0.000
2021-08-18T00:00:00,4.780,-,0.000
2021-08-17T23:45:00,4.782,-,0.000
2021-08-17T23:30:00,4.783,-,0.000
2021-08-17T23:15:00,4.787,-,0.000
2021-08-17T23:00:00,4.786,-,0.000
2021-08-17T22:45:00,4.791,-,0.000
2021-08-17T22:30:00,4.791,-,0.000
2021-08-17T22:15:00,4.795,-,0.000
2021-08-17T22:00:00,4.794,-,0.000
2021-08-17T21:45:00,4.796,-,0.000
2021-08-17T21:30:00,4.797,-,0.000
2021-08-17T21:15:00,4.798,-,0.000
2021-08-17T21:00:00,4.799,-,0.000
2021-08-17T20:45:00,4.800,-,0.000
2021-08-17T20:30:00,4.802,-,0.000
2021-08-17T20:15:00,4.803,-,0.000
2021-08-17T20:00:00,4.803,-,0.000
2021-08-17T19:45:00,4.806,-,0.000
2021-08-17T19:30:00,4.806,-,0.000
2021-08-17T19:15:00,4.806,-,0.000
2021-08-17T19:00:00,4.806,-,0.000
2021-08-17T18:45:00,4.805,-,0.000
2021-08-17T18:30:00,4.807,-,0.000
2021-08-17T18:15:00,4.799,-,0.000
2021-08-17T18:00:00,4.802,-,0.000
2021-08-17T17:45:00,4.804,-,0.000
2021-08-17T17:30:00,4.806,-,0.000
2021-08-17T17:15:00,4.809,-,0.000
2021-08-17T17:00:00,4.809,-,0.000
2021-08-17T16:45:00,4.811,-,0.000
2021-08-17T16:30:00,4.813,-,0.000
2021-08-17T16:15:00,4.814,-,0.000
2021-08-17T16:00:00,4.816,-,0.000
2021-08-17T15:45:00,4.817,-,0.000
2021-08-17T15:30:00,4.818,-,0.000
2021-08-17T15:15:00,4.818,-,0.000
2021-08-17T15:00:00,4.819,-,0.000
2021-08-17T14:45:00,4.819,-,0.000
2021-08-17T14:30:00,4.821,-,0.000
2021-08-17T14:15:00,4.821,-,0.000
2021-08-17T14:00:00,4.819,-,0.000
2021-08-17T13:45:00,4.818,-,0.000
2021-08-17T13:30:00,4.819,-,0.000
2021-08-17T13:15:00,4.817,-,0.000
2021-08-17T13:00:00,4.813,-,0.000
2021-08-17T12:45:00,4.812,-,0.000
2021-08-17T12:30:00,4.812,-,0.000
2021-08-17T12:15:00,4.808,-,0.000
2021-08-17T12:00:00,4.803,-,0.000
2021-08-17T11:45:00,4.799,-,0.000
2021-08-17T11:30:00,4.793,-,0.000
2021-08-17T11:15:00,4.784,-,0.000
2021-08-17T11:00:00,4.792,-,0.000
2021-08-17T10:45:00,4.799,-,0.000
2021-08-17T10:30:00,4.805,-,0.000
2021-08-17T10:15:00,4.813,-,0.000
2021-08-17T10:00:00,4.823,-,0.000
2021-08-17T09:45:00,4.831,-,0.000
2021-08-17T09:30:00,4.838,-,0.000
2021-08-17T09:15:00,4.849,-,0.000
2021-08-17T09:00:00,4.851,-,0.000
2021-08-17T08:45:00,4.859,-,0.000
2021-08-17T08:30:00,4.867,-,0.000
2021-08-17T08:15:00,4.873,-,0.000
2021-08-17T08:00:00,4.886,-,0.000
2021-08-17T07:45:00,4.887,-,0.000
2021-08-17T07:30:00,4.898,-,0.000
2021-08-17T07:15:00,4.916,-,0.000
2021-08-17T07:00:00,4.929,-,0.000
2021-08-17T06:45:00,4.950,-,0.000
2021-08-17T06:30:00,4.969,-,0.000
2021-08-17T06:15:00,4.997,-,0.000
2021-08-17T06:00:00,5.022,-,0.000
2021-08-17T05:45:00,5.038,-,0.000
2021-08-17T05:30:00,5.078,-,0.000
2021-08-17T05:15:00,5.076,-,0.000
2021-08-17T05:00:00,5.073,-,0.000
2021-08-17T04:45:00,5.074,-,0.000
2021-08-17T04:30:00,5.066,-,0.000
2021-08-17T04:15:00,5.059,-,0.000
2021-08-17T04:00:00,5.051,-,0.000
2021-08-17T03:45:00,5.043,-,0.000
2021-08-17T03:30:00,5.034,-,0.000
2021-08-17T03:15:00,5.024,-,0.000
2021-08-17T03:00:00,5.015,-,0.000
2021-08-17T02:45:00,5.004,-,0.000
2021-08-17T02:30:00,4.994,-,0.000
2021-08-17T02:15:00,4.983,-,0.000
2021-08-17T02:00:00,4.970,-,0.000
2021-08-17T01:45:00,4.956,-,0.000
2021-08-17T01:30:00,4.938,-,0.000
2021-08-17T01:15:00,4.925,-,0.000
2021-08-17T01:00:00,4.900,-,0.000
2021-08-17T00:45:00,4.898,-,0.000
2021-08-17T00:30:00,4.893,-,0.000
2021-08-17T00:15:00,4.888,-,0.000
2021-08-17T00:00:00,4.883,-,0.000
2021-08-30T23:45:00,4.361,-,0.000
2021-08-30T23:30:00,4.361,-,0.000
2021-08-30T23:15:00,4.356,-,0.000
2021-08-30T23:00:00,4.355,-,0.000
2021-08-30T22:45:00,4.352,-,0.000
2021-08-30T22:30:00,4.345,-,0.000
2021-08-30T22:15:00,4.343,-,0.000
2021-08-30T22:00:00,4.337,-,0.000
2021-08-30T21:45:00,4.333,-,0.000
2021-08-30T21:30:00,4.333,-,0.000
2021-08-30T21:15:00,4.331,-,0.000
2021-08-30T21:00:00,4.330,-,0.000
2021-08-30T20:45:00,4.327,-,0.000
2021-08-30T20:30:00,4.321,-,0.000
2021-08-30T20:15:00,4.328,-,0.000
2021-08-30T20:00:00,4.324,-,0.000
2021-08-30T19:45:00,4.330,-,0.000
2021-08-30T19:30:00,4.330,-,0.000
2021-08-30T19:15:00,4.334,-,0.000
2021-08-30T19:00:00,4.338,-,0.000
2021-08-30T18:45:00,4.351,-,0.000
2021-08-30T18:30:00,4.356,-,0.000
2021-08-30T18:15:00,4.362,-,0.000
2021-08-30T18:00:00,4.368,-,0.000
2021-08-30T17:45:00,4.385,-,0.000
2021-08-30T17:30:00,4.388,-,0.000
2021-08-30T17:15:00,4.399,-,0.000
2021-08-30T17:00:00,4.418,-,0.000
2021-08-30T16:45:00,4.419,-,0.000
2021-08-30T16:30:00,4.434,-,0.000
2021-08-30T16:15:00,4.442,-,0.000
2021-08-30T16:00:00,4.451,-,0.000
2021-08-30T15:45:00,4.464,-,0.000
2021-08-30T15:30:00,4.471,-,0.000
2021-08-30T15:15:00,4.478,-,0.000
2021-08-30T15:00:00,4.489,-,0.000
2021-08-30T14:45:00,4.498,-,0.000
2021-08-30T14:30:00,4.510,-,0.000
2021-08-30T14:15:00,4.511,-,0.000
2021-08-30T14:00:00,4.519,-,0.000
2021-08-30T13:45:00,4.518,-,0.000
2021-08-30T13:30:00,4.534,-,0.000
2021-08-30T13:15:00,4.536,-,0.000
2021-08-30T13:00:00,4.539,-,0.000
2021-08-30T12:45:00,4.548,-,0.000
2021-08-30T12:30:00,4.544,-,0.000
2021-08-30T12:15:00,4.537,-,0.000
2021-08-30T12:00:00,4.530,-,0.000
2021-08-30T11:45:00,4.525,-,0.000
2021-08-30T11:30:00,4.525,-,0.000
2021-08-30T11:15:00,4.525,-,0.000
2021-08-30T11:00:00,4.527,-,0.000
2021-08-30T10:45:00,4.526,-,0.000
2021-08-30T10:30:00,4.523,-,0.000
2021-08-30T10:15:00,4.521,-,0.000
2021-08-30T10:00:00,4.510,-,0.000
2021-08-30T09:45:00,4.497,-,0.000
2021-08-30T09:30:00,4.498,-,0.000
2021-08-30T09:15:00,4.509,-,0.000
2021-08-30T09:00:00,4.519,-,0.000
2021-08-30T08:45:00,4.527,-,0.000
2021-08-30T08:30:00,4.534,-,0.000
2021-08-30T08:15:00,4.540,-,0.000
2021-08-30T08:00:00,4.549,-,0.000
2021-08-30T07:45:00,4.551,-,0.000
2021-08-30T07:30:00,4.560,-,0.000
2021-08-30T07:15:00,4.567,-,0.000
2021-08-30T07:00:00,4.571,-,0.000
2021-08-30T06:45:00,4.576,-,0.000
2021-08-30T06:30:00,4.586,-,0.000
2021-08-30T06:15:00,4.594,-,0.000
2021-08-30T06:00:00,4.605,-,0.000
2021-08-30T05:45:00,4.606,-,0.000
2021-08-30T05:30:00,4.619,-,0.000
2021-08-30T05:15:00,4.624,-,0.000
2021-08-30T05:00:00,4.632,-,0.000
2021-08-30T04:45:00,4.639,-,0.000
2021-08-30T04:30:00,4.648,-,0.000
2021-08-30T04:15:00,4.657,-,0.000
2021-08-30T04:00:00,4.663,-,0.000
2021-08-30T03:45:00,4.674,-,0.000
2021-08-30T03:30:00,4.682,-,0.000
2021-08-30T03:15:00,4.692,-,0.000
2021-08-30T03:00:00,4.696,-,0.000
2021-08-30T02:45:00,4.702,-,0.000
2021-08-30T02:30:00,4.711,-,0.000
2021-08-30T02:15:00,4.725,-,0.000
2021-08-30T02:00:00,4.728,-,0.000
2021-08-30T01:45:00,4.736,-,0.000
2021-08-30T01:30:00,4.742,-,0.000
2021-08-30T01:15:00,4.757,-,0.000
2021-08-30T01:00:00,4.768,-,0.000
2021-08-30T00:45:00,4.771,-,0.000
2021-08-30T00:30:00,4.781,-,0.000
2021-08-30T00:15:00,4.781,-,0.000
2021-08-30T00:00:00,4.802,-,0.000
2021-08-29T23:45:00,4.810,-,0.000
2021-08-29T23:30:00,4.824,-,0.000
2021-08-29T23:15:00,4.825,-,0.000
2021-08-29T23:00:00,4.836,-,0.000
2021-08-29T22:45:00,4.848,-,0.000
2021-08-29T22:30:00,4.851,-,0.000
2021-08-29T22:15:00,4.870,-,0.000
2021-08-29T22:00:00,4.875,-,0.000
2021-08-29T21:45:00,4.882,-,0.000
2021-08-29T21:30:00,4.889,-,0.000
2021-08-29T21:15:00,4.907,-,0.000
2021-08-29T21:00:00,4.913,-,0.000
2021-08-29T20:45:00,4.922,-,0.000
2021-08-29T20:30:00,4.936,-,0.000
2021-08-29T20:15:00,4.944,-,0.000
2021-08-29T20:00:00,4.957,-,0.000
2021-08-29T19:45:00,4.973,-,0.000
2021-08-29T19:30:00,4.976,-,0.000
2021-08-29T19:15:00,4.984,-,0.000
2021-08-29T19:00:00,4.995,-,0.000
2021-08-29T18:45:00,5.004,-,0.000
2021-08-29T18:30:00,5.012,-,0.000
2021-08-29T18:15:00,5.022,-,0.000
2021-08-29T18:00:00,5.034,-,0.000
2021-08-29T17:45:00,5.043,-,0.000
2021-08-29T17:30:00,5.052,-,0.000
2021-08-29T17:15:00,5.058,-,0.000
2021-08-29T17:00:00,5.070,-,0.000
2021-08-29T16:45:00,5.073,-,0.000
2021-08-29T16:30:00,5.081,-,0.000
2021-08-29T16:15:00,5.091,-,0.000
2021-08-29T16:00:00,5.095,-,0.000
2021-08-29T15:45:00,5.100,-,0.000
2021-08-29T15:30:00,5.101,-,0.000
2021-08-29T15:15:00,5.109,-,0.000
2021-08-29T15:00:00,5.114,-,0.000
2021-08-29T14:45:00,5.116,-,0.000
2021-08-29T14:30:00,5.119,-,0.000
2021-08-29T14:15:00,5.121,-,0.000
2021-08-29T14:00:00,5.126,-,0.000
2021-08-29T13:45:00,5.132,-,0.000
2021-08-29T13:30:00,5.131,-,0.000
2021-08-29T13:15:00,5.135,-,0.000
2021-08-29T13:00:00,5.140,-,0.000
2021-08-29T12:45:00,5.143,-,0.000
2021-08-29T12:30:00,5.134,-,0.000
2021-08-29T12:15:00,5.139,-,0.000
2021-08-29T12:00:00,5.137,-,0.000
2021-08-29T11:45:00,5.136,-,0.000
2021-08-29T11:30:00,5.136,-,0.000
2021-08-29T11:15:00,5.137,-,0.000
2021-08-29T11:00:00,5.133,-,0.000
2021-08-29T10:45:00,5.131,-,0.000
2021-08-29T10:30:00,5.130,-,0.000
2021-08-29T10:15:00,5.130,-,0.000
2021-08-29T10:00:00,5.127,-,0.000
2021-08-29T09:45:00,5.122,-,0.000
2021-08-29T09:30:00,5.110,-,0.000
2021-08-29T09:15:00,5.109,-,0.000
2021-08-29T09:00:00,5.101,-,0.000
2021-08-29T08:45:00,5.092,-,0.000
2021-08-29T08:30:00,5.088,-,0.000
2021-08-29T08:15:00,5.088,-,0.000
2021-08-29T08:00:00,5.072,-,0.000
2021-08-29T07:45:00,5.053,-,0.000
2021-08-29T07:30:00,5.041,-,0.000
2021-08-29T07:15:00,5.019,-,0.000
2021-08-29T07:00:00,5.007,-,0.000
2021-08-29T06:45:00,5.000,-,0.000
2021-08-29T06:30:00,4.984,-,0.000
2021-08-29T06:15:00,4.979,-,0.000
2021-08-29T06:00:00,4.970,-,0.000
2021-08-29T05:45:00,4.967,-,0.000
2021-08-29T05:30:00,4.965,-,0.000
2021-08-29T05:15:00,4.964,-,0.000
2021-08-29T05:00:00,4.960,-,0.000
2021-08-29T04:45:00,4.962,-,0.000
2021-08-29T04:30:00,4.959,-,0.000
2021-08-29T04:15:00,4.967,-,0.000
2021-08-29T04:00:00,4.969,-,0.000
2021-08-29T03:45:00,4.976,-,0.000
2021-08-29T03:30:00,4.980,-,0.000
2021-08-29T03:15:00,4.983,-,0.500
2021-08-29T03:00:00,4.989,-,0.000
2021-08-29T02:45:00,4.993,-,0.000
2021-08-29T02:30:00,4.996,-,0.500
2021-08-29T02:15:00,5.003,-,0.000
2021-08-29T02:00:00,5.010,-,0.000
2021-08-29T01:45:00,5.010,-,1.000
2021-08-29T01:30:00,5.015,-,0.500
2021-08-29T01:15:00,5.023,-,1.000
2021-08-29T01:00:00,5.015,-,0.500
2021-08-29T00:45:00,5.023,-,0.500
2021-08-29T00:30:00,5.023,-,1.500
2021-08-29T00:15:00,5.026,-,2.000
2021-08-29T00:00:00,5.028,-,1.000
2021-08-28T23:45:00,5.033,-,0.000
2021-08-28T23:30:00,5.036,-,0.500
2021-08-28T23:15:00,5.043,-,0.000
2021-08-28T23:00:00,5.042,-,0.000
2021-08-28T22:45:00,5.047,-,0.000
2021-08-28T22:30:00,5.052,-,0.000
2021-08-28T22:15:00,5.053,-,0.000
2021-08-28T22:00:00,5.056,-,0.000
2021-08-28T21:45:00,5.062,-,0.000
2021-08-28T21:30:00,5.069,-,0.000
2021-08-28T21:15:00,5.074,-,0.000
2021-08-28T21:00:00,5.075,-,0.000
2021-08-28T20:45:00,5.082,-,0.000
2021-08-28T20:30:00,5.090,-,0.000
2021-08-28T20:15:00,5.096,-,0.000
2021-08-28T20:00:00,5.103,-,0.000
2021-08-28T19:45:00,5.111,-,0.000
2021-08-28T19:30:00,5.120,-,0.000
2021-08-28T19:15:00,5.130,-,0.000
2021-08-28T19:00:00,5.144,-,0.000
2021-08-28T18:45:00,5.145,-,0.000
2021-08-28T18:30:00,5.152,-,0.000
2021-08-28T18:15:00,5.157,-,0.000
2021-08-28T18:00:00,5.163,-,0.000
2021-08-28T17:45:00,5.170,-,0.000
2021-08-28T17:30:00,5.177,-,0.000
2021-08-28T17:15:00,5.178,-,0.000
2021-08-28T17:00:00,5.185,-,0.000
2021-08-28T16:45:00,5.184,-,0.000
2021-08-28T16:30:00,5.191,-,0.000
2021-08-28T16:15:00,5.193,-,0.000
2021-08-28T16:00:00,5.198,-,0.000
2021-08-28T15:45:00,5.193,-,0.000
2021-08-28T15:30:00,5.201,-,0.000
2021-08-28T15:15:00,5.203,-,0.000
2021-08-28T15:00:00,5.200,-,0.000
2021-08-28T14:45:00,5.209,-,0.000
2021-08-28T14:30:00,5.206,-,0.000
2021-08-28T14:15:00,5.208,-,0.000
2021-08-28T14:00:00,5.213,-,0.000
2021-08-28T13:45:00,5.225,-,0.000
2021-08-28T13:30:00,5.220,-,0.000
2021-08-28T13:15:00,5.216,-,0.000
2021-08-28T13:00:00,5.203,-,0.000
2021-08-28T12:45:00,5.193,-,0.000
2021-08-28T12:30:00,5.180,-,0.000
2021-08-28T12:15:00,5.170,-,0.000
2021-08-28T12:00:00,5.156,-,0.000
2021-08-28T11:45:00,5.145,-,0.000
2021-08-28T11:30:00,5.134,-,0.000
2021-08-28T11:15:00,5.121,-,0.000
2021-08-28T11:00:00,5.109,-,0.000
2021-08-28T10:45:00,5.101,-,0.000
2021-08-28T10:30:00,5.087,-,0.000
2021-08-28T10:15:00,5.074,-,0.000
2021-08-28T10:00:00,5.070,-,0.000
2021-08-28T09:45:00,5.062,-,0.000
2021-08-28T09:30:00,5.051,-,0.000
2021-08-28T09:15:00,5.046,-,0.000
2021-08-28T09:00:00,5.041,-,0.000
2021-08-28T08:45:00,5.037,-,0.000
2021-08-28T08:30:00,5.034,-,0.000
2021-08-28T08:15:00,5.029,-,0.500
2021-08-28T08:00:00,5.031,-,0.000
2021-08-28T07:45:00,5.030,-,0.000
2021-08-28T07:30:00,5.031,-,0.000
2021-08-28T07:15:00,5.038,-,0.000
2021-08-28T07:00:00,5.051,-,0.000
2021-08-28T06:45:00,5.046,-,0.000
2021-08-28T06:30:00,5.044,-,0.000
2021-08-28T06:15:00,5.042,-,0.000
2021-08-28T06:00:00,5.037,-,0.000
2021-08-28T05:45:00,5.036,-,0.000
2021-08-28T05:30:00,5.031,-,0.000
2021-08-28T05:15:00,5.027,-,0.000
2021-08-28T05:00:00,5.023,-,0.000
2021-08-28T04:45:00,5.018,-,0.000
2021-08-28T04:30:00,5.013,-,0.000
2021-08-28T04:15:00,5.007,-,0.000
2021-08-28T04:00:00,5.004,-,0.000
2021-08-28T03:45:00,4.999,-,0.000
2021-08-28T03:30:00,4.992,-,0.000
2021-08-28T03:15:00,4.988,-,0.000
2021-08-28T03:00:00,4.980,-,0.000
2021-08-28T02:45:00,4.975,-,0.000
2021-08-28T02:30:00,4.969,-,0.000
2021-08-28T02:15:00,4.960,-,0.000
2021-08-28T02:00:00,4.953,-,0.000
2021-08-28T01:45:00,4.946,-,0.000
2021-08-28T01:30:00,4.939,-,0.000
2021-08-28T01:15:00,4.927,-,0.000
2021-08-28T01:00:00,4.919,-,0.000
2021-08-28T00:45:00,4.911,-,0.000
2021-08-28T00:30:00,4.900,-,0.000
2021-08-28T00:15:00,4.893,-,0.000
2021-08-28T00:00:00,4.881,-,0.000
2021-08-27T23:45:00,4.871,-,0.000
2021-08-27T23:30:00,4.861,-,0.000
2021-08-27T23:15:00,4.852,-,0.000
2021-08-27T23:00:00,4.843,-,0.000
2021-08-27T22:45:00,4.832,-,0.000
2021-08-27T22:30:00,4.820,-,0.000
2021-08-27T22:15:00,4.812,-,0.000
2021-08-27T22:00:00,4.801,-,0.000
2021-08-27T21:45:00,4.795,-,0.000
2021-08-27T21:30:00,4.786,-,0.000
2021-08-27T21:15:00,4.777,-,0.000
2021-08-27T21:00:00,4.769,-,0.000
2021-08-27T20:45:00,4.763,-,0.000
2021-08-27T20:30:00,4.752,-,0.000
2021-08-27T20:15:00,4.750,-,0.000
2021-08-27T20:00:00,4.742,-,0.500
2021-08-27T19:45:00,4.736,-,0.500
2021-08-27T19:30:00,4.731,-,0.500
2021-08-27T19:15:00,4.726,-,1.000
2021-08-27T19:00:00,4.714,-,1.500
2021-08-27T18:45:00,4.705,-,0.500
2021-08-27T18:30:00,4.695,-,0.500
2021-08-27T18:15:00,4.692,-,0.000
2021-08-27T18:00:00,4.686,-,0.500
2021-08-27T17:45:00,4.681,-,1.000
2021-08-27T17:30:00,4.676,-,0.500
2021-08-27T17:15:00,4.669,-,2.500
2021-08-27T17:00:00,4.668,-,3.500
2021-08-27T16:45:00,4.664,-,0.000
2021-08-27T16:30:00,4.663,-,0.000
2021-08-27T16:15:00,4.662,-,1.000
2021-08-27T16:00:00,4.661,-,1.500
2021-08-27T15:45:00,4.663,-,1.000
2021-08-27T15:30:00,4.661,-,0.000
2021-08-27T15:15:00,4.662,-,0.000
2021-08-27T15:00:00,4.666,-,0.000
2021-08-27T14:45:00,4.666,-,0.000
2021-08-27T14:30:00,4.669,-,0.000
2021-08-27T14:15:00,4.668,-,0.000
2021-08-27T14:00:00,4.668,-,0.000
2021-08-27T13:45:00,4.670,-,0.000
2021-08-27T13:30:00,4.672,-,0.000
2021-08-27T13:15:00,4.674,-,0.000
2021-08-27T13:00:00,4.673,-,0.000
2021-08-27T12:45:00,4.675,-,0.000
2021-08-27T12:30:00,4.675,-,0.000
2021-08-27T12:15:00,4.676,-,0.000
2021-08-27T12:00:00,4.677,-,0.000
2021-08-27T11:45:00,4.679,-,0.000
2021-08-27T11:30:00,4.678,-,0.000
2021-08-27T11:15:00,4.683,-,0.000
2021-08-27T11:00:00,4.682,-,0.000
2021-08-27T10:45:00,4.685,-,0.000
2021-08-27T10:30:00,4.686,-,0.000
2021-08-27T10:15:00,4.690,-,0.000
2021-08-27T10:00:00,4.692,-,0.000
2021-08-27T09:45:00,4.696,-,0.000
2021-08-27T09:30:00,4.699,-,0.000
2021-08-27T09:15:00,4.704,-,0.000
2021-08-27T09:00:00,4.710,-,0.000
2021-08-27T08:45:00,4.716,-,0.000
2021-08-27T08:30:00,4.720,-,0.000
2021-08-27T08:15:00,4.729,-,0.000
2021-08-27T08:00:00,4.735,-,0.500
2021-08-27T07:45:00,4.744,-,0.000
2021-08-27T07:30:00,4.751,-,0.000
2021-08-27T07:15:00,4.753,-,0.000
2021-08-27T07:00:00,4.754,-,0.000
2021-08-27T06:45:00,4.764,-,1.000
2021-08-27T06:30:00,4.763,-,0.500
2021-08-27T06:15:00,4.762,-,0.000
2021-08-27T06:00:00,4.760,-,0.000
2021-08-27T05:45:00,4.762,-,0.000
2021-08-27T05:30:00,4.761,-,0.000
2021-08-27T05:15:00,4.761,-,0.500
2021-08-27T05:00:00,4.757,-,1.000
2021-08-27T04:45:00,4.754,-,1.500
2021-08-27T04:30:00,4.749,-,1.000
2021-08-27T04:15:00,4.743,-,2.000
2021-08-27T04:00:00,4.738,-,1.000
2021-08-27T03:45:00,4.732,-,1.000
2021-08-27T03:30:00,4.726,-,0.500
2021-08-27T03:15:00,4.714,-,1.000
2021-08-27T03:00:00,4.714,-,0.500
2021-08-27T02:45:00,4.709,-,2.000
2021-08-27T02:30:00,4.706,-,2.500
2021-08-27T02:15:00,4.702,-,3.500
2021-08-27T02:00:00,4.698,-,9.500
2021-08-27T01:45:00,4.692,-,13.000
2021-08-27T01:30:00,4.682,-,17.500
2021-08-27T01:15:00,4.665,-,5.500
2021-08-27T01:00:00,4.657,-,0.000
2021-08-27T00:45:00,4.655,-,0.000
2021-08-27T00:30:00,4.658,-,0.000
2021-08-27T00:15:00,4.657,-,0.000
2021-08-27T00:00:00,4.660,-,0.000
2021-08-26T23:45:00,4.661,-,0.000
2021-08-26T23:30:00,4.660,-,0.000
2021-08-26T23:15:00,4.662,-,0.000
2021-08-26T23:00:00,4.660,-,0.000
2021-08-26T22:45:00,4.661,-,0.500
2021-08-26T22:30:00,4.661,-,0.000
2021-08-26T22:15:00,4.661,-,0.000
2021-08-26T22:00:00,4.663,-,0.000
2021-08-26T21:45:00,4.661,-,0.000
2021-08-26T21:30:00,4.658,-,0.000
2021-08-26T21:15:00,4.658,-,0.000
2021-08-26T21:00:00,4.659,-,0.000
2021-08-26T20:45:00,4.656,-,0.000
2021-08-26T20:30:00,4.654,-,0.500
2021-08-26T20:15:00,4.653,-,0.000
2021-08-26T20:00:00,4.656,-,0.000
2021-08-26T19:45:00,4.652,-,0.000
2021-08-26T19:30:00,4.652,-,0.000
2021-08-26T19:15:00,4.652,-,0.000
2021-08-26T19:00:00,4.655,-,0.000
2021-08-26T18:45:00,4.652,-,0.000
2021-08-26T18:30:00,4.652,-,0.000
2021-08-26T18:15:00,4.653,-,0.000
2021-08-26T18:00:00,4.653,-,0.500
2021-08-26T17:45:00,4.657,-,0.000
2021-08-26T17:30:00,4.659,-,0.000
2021-08-26T17:15:00,4.660,-,0.000
2021-08-26T17:00:00,4.664,-,0.000
2021-08-26T16:45:00,4.666,-,0.000
2021-08-26T16:30:00,4.668,-,0.000
2021-08-26T16:15:00,4.676,-,0.500
2021-08-26T16:00:00,4.676,-,0.500
2021-08-26T15:45:00,4.681,-,3.000
2021-08-26T15:30:00,4.691,-,0.000
2021-08-26T15:15:00,4.700,-,0.000
2021-08-26T15:00:00,4.710,-,0.000
2021-08-26T14:45:00,4.718,-,0.000
2021-08-26T14:30:00,4.729,-,0.000
2021-08-26T14:15:00,4.741,-,0.000
2021-08-26T14:00:00,4.755,-,0.000
2021-08-26T13:45:00,4.767,-,0.000
2021-08-26T13:30:00,4.779,-,0.000
2021-08-26T13:15:00,4.791,-,0.000
2021-08-26T13:00:00,4.803,-,0.000
2021-08-26T12:45:00,4.815,-,0.000
2021-08-26T12:30:00,4.825,-,0.000
2021-08-26T12:15:00,4.828,-,0.000
2021-08-26T12:00:00,4.848,-,0.000
2021-08-26T11:45:00,4.859,-,0.000
2021-08-26T11:30:00,4.876,-,0.000
2021-08-26T11:15:00,4.894,-,0.000
2021-08-26T11:00:00,4.909,-,0.000
2021-08-26T10:45:00,4.925,-,0.000
2021-08-26T10:30:00,4.941,-,0.000
2021-08-26T10:15:00,4.955,-,0.000
2021-08-26T10:00:00,4.976,-,0.000
2021-08-26T09:45:00,4.991,-,0.000
2021-08-26T09:30:00,5.005,-,0.000
2021-08-26T09:15:00,5.022,-,0.000
2021-08-26T09:00:00,5.039,-,0.000
2021-08-26T08:45:00,5.052,-,0.000
2021-08-26T08:30:00,5.070,-,0.000
2021-08-26T08:15:00,5.085,-,0.000
2021-08-26T08:00:00,5.090,-,0.000
2021-08-26T07:45:00,5.100,-,0.000
2021-08-26T07:30:00,5.107,-,0.000
2021-08-26T07:15:00,5.116,-,0.000
2021-08-26T07:00:00,5.134,-,0.000
2021-08-26T06:45:00,5.134,-,0.000
2021-08-26T06:30:00,5.132,-,0.000
2021-08-26T06:15:00,5.130,-,0.000
2021-08-26T06:00:00,5.129,-,0.000
2021-08-26T05:45:00,5.125,-,0.000
2021-08-26T05:30:00,5.118,-,0.000
2021-08-26T05:15:00,5.105,-,0.000
2021-08-26T05:00:00,5.093,-,0.000
2021-08-26T04:45:00,5.079,-,0.000
2021-08-26T04:30:00,5.065,-,0.000
2021-08-26T04:15:00,5.048,-,0.000
2021-08-26T04:00:00,5.030,-,0.000
2021-08-26T03:45:00,5.014,-,0.000
2021-08-26T03:30:00,4.995,-,0.000
2021-08-26T03:15:00,4.971,-,0.000
2021-08-26T03:00:00,4.949,-,0.000
2021-08-26T02:45:00,4.922,-,0.000
2021-08-26T02:30:00,4.901,-,0.000
2021-08-26T02:15:00,4.872,-,0.000
2021-08-26T02:00:00,4.851,-,0.000
2021-08-26T01:45:00,4.823,-,0.000
2021-08-26T01:30:00,4.794,-,0.000
2021-08-26T01:15:00,4.770,-,0.000
2021-08-26T01:00:00,4.740,-,0.000
2021-08-26T00:45:00,4.715,-,0.000
2021-08-26T00:30:00,4.690,-,0.000
2021-08-26T00:15:00,4.671,-,0.000
2021-08-26T00:00:00,4.653,-,0.000
2021-08-25T23:45:00,4.631,-,0.000
2021-08-25T23:30:00,4.621,-,0.000
2021-08-25T23:15:00,4.611,-,0.000
2021-08-25T23:00:00,4.605,-,0.000
2021-08-25T22:45:00,4.605,-,0.000
2021-08-25T22:30:00,4.601,-,0.500
2021-08-25T22:15:00,4.600,-,0.000
2021-08-25T22:00:00,4.612,-,1.500
2021-08-25T21:45:00,4.607,-,4.000
2021-08-25T21:30:00,4.619,-,4.500
2021-08-25T21:15:00,4.633,-,4.000
2021-08-25T21:00:00,4.657,-,12.500
2021-08-25T20:45:00,4.623,-,5.500
2021-08-25T20:30:00,4.614,-,6.000
2021-08-25T20:15:00,4.607,-,1.500
2021-08-25T20:00:00,4.606,-,0.500
2021-08-25T19:45:00,4.602,-,1.500
2021-08-25T19:30:00,4.598,-,1.500
2021-08-25T19:15:00,4.600,-,11.000
2021-08-25T19:00:00,4.582,-,30.000
2021-08-25T18:45:00,4.542,-,23.000
2021-08-25T18:30:00,4.517,-,17.500
2021-08-25T18:15:00,4.497,-,0.000
2021-08-25T18:00:00,4.501,-,0.000
2021-08-25T17:45:00,4.506,-,0.000
2021-08-25T17:30:00,4.511,-,0.000
2021-08-25T17:15:00,4.516,-,0.000
2021-08-25T17:00:00,4.522,-,0.000
2021-08-25T16:45:00,4.524,-,0.000
2021-08-25T16:30:00,4.526,-,0.000
2021-08-25T16:15:00,4.529,-,0.000
2021-08-25T16:00:00,4.526,-,0.000
2021-08-25T15:45:00,4.534,-,0.000
2021-08-25T15:30:00,4.546,-,0.000
2021-08-25T15:15:00,4.556,-,0.000
2021-08-25T15:00:00,4.565,-,0.000
2021-08-25T14:45:00,4.580,-,0.000
2021-08-25T14:30:00,4.598,-,0.000
2021-08-25T14:15:00,4.606,-,0.000
2021-08-25T14:00:00,4.622,-,0.000
2021-08-25T13:45:00,4.637,-,0.000
2021-08-25T13:30:00,4.650,-,0.000
2021-08-25T13:15:00,4.664,-,0.000
2021-08-25T13:00:00,4.681,-,0.000
2021-08-25T12:45:00,4.694,-,0.000
2021-08-25T12:30:00,4.723,-,0.000
2021-08-25T12:15:00,4.726,-,0.000
2021-08-25T12:00:00,4.740,-,0.000
2021-08-25T11:45:00,4.754,-,0.000
2021-08-25T11:30:00,4.771,-,0.000
2021-08-25T11:15:00,4.786,-,0.500
2021-08-25T11:00:00,4.804,-,0.000
2021-08-25T10:45:00,4.818,-,0.000
2021-08-25T10:30:00,4.833,-,0.000
2021-08-25T10:15:00,4.851,-,0.000
2021-08-25T10:00:00,4.864,-,0.000
2021-08-25T09:45:00,4.881,-,0.000
2021-08-25T09:30:00,4.897,-,0.000
2021-08-25T09:15:00,4.915,-,0.000
2021-08-25T09:00:00,4.931,-,0.000
2021-08-25T08:45:00,4.944,-,0.000
2021-08-25T08:30:00,4.973,-,0.000
2021-08-25T08:15:00,4.978,-,0.000
2021-08-25T08:00:00,4.994,-,0.000
2021-08-25T07:45:00,5.010,-,0.000
2021-08-25T07:30:00,5.027,-,0.000
2021-08-25T07:15:00,5.047,-,0.000
2021-08-25T07:00:00,5.078,-,0.000
2021-08-25T06:45:00,5.103,-,0.000
2021-08-25T06:30:00,5.115,-,0.000
2021-08-25T06:15:00,5.135,-,0.000
2021-08-25T06:00:00,5.155,-,0.000
2021-08-25T05:45:00,5.204,-,0.000
2021-08-25T05:30:00,5.211,-,0.000
2021-08-25T05:15:00,5.226,-,0.000
2021-08-25T05:00:00,5.249,-,0.000
2021-08-25T04:45:00,5.228,-,0.000
2021-08-25T04:30:00,5.207,-,0.000
2021-08-25T04:15:00,5.183,-,0.000
2021-08-25T04:00:00,5.157,-,0.000
2021-08-25T03:45:00,5.130,-,0.000
2021-08-25T03:30:00,5.101,-,0.000
2021-08-25T03:15:00,5.071,-,0.000
2021-08-25T03:00:00,5.043,-,0.000
2021-08-25T02:45:00,5.010,-,0.000
2021-08-25T02:30:00,4.979,-,0.000
2021-08-25T02:15:00,4.945,-,0.000
2021-08-25T02:00:00,4.916,-,0.000
2021-08-25T01:45:00,4.885,-,0.000
2021-08-25T01:30:00,4.855,-,0.500
2021-08-25T01:15:00,4.825,-,0.500
2021-08-25T01:00:00,4.800,-,0.000
2021-08-25T00:45:00,4.774,-,0.500
2021-08-25T00:30:00,4.751,-,1.000
2021-08-25T00:15:00,4.730,-,1.000
2021-08-25T00:00:00,4.711,-,0.500
2021-08-24T23:45:00,4.694,-,0.500
2021-08-24T23:30:00,4.681,-,0.500
2021-08-24T23:15:00,4.670,-,1.000
2021-08-24T23:00:00,4.660,-,0.000
2021-08-24T22:45:00,4.649,-,0.500
2021-08-24T22:30:00,4.641,-,0.000
2021-08-24T22:15:00,4.632,-,2.000
2021-08-24T22:00:00,4.623,-,3.500
2021-08-24T21:45:00,4.607,-,1.000
2021-08-24T21:30:00,4.603,-,3.000
2021-08-24T21:15:00,4.593,-,1.000
2021-08-24T21:00:00,4.588,-,0.000
2021-08-24T20:45:00,4.585,-,0.000
2021-08-24T20:30:00,4.584,-,0.000
2021-08-24T20:15:00,4.582,-,0.000
2021-08-24T20:00:00,4.576,-,0.000
2021-08-24T19:45:00,4.573,-,0.000
2021-08-24T19:30:00,4.570,-,0.000
2021-08-24T19:15:00,4.567,-,0.000
2021-08-24T19:00:00,4.564,-,0.000
2021-08-24T18:45:00,4.561,-,0.000
2021-08-24T18:30:00,4.558,-,0.000
2021-08-24T18:15:00,4.554,-,0.000
2021-08-24T18:00:00,4.552,-,0.000
2021-08-24T17:45:00,4.549,-,0.000
2021-08-24T17:30:00,4.546,-,0.000
2021-08-24T17:15:00,4.543,-,0.000
2021-08-24T17:00:00,4.540,-,0.000
2021-08-24T16:45:00,4.538,-,0.000
2021-08-24T16:30:00,4.537,-,0.000
2021-08-24T16:15:00,4.535,-,0.000
2021-08-24T16:00:00,4.531,-,0.000
2021-08-24T15:45:00,4.528,-,0.000
2021-08-24T15:30:00,4.526,-,0.000
2021-08-24T15:15:00,4.522,-,0.000
2021-08-24T15:00:00,4.519,-,0.000
2021-08-24T14:45:00,4.516,-,0.000
2021-08-24T14:30:00,4.512,-,0.000
2021-08-24T14:15:00,4.509,-,0.000
2021-08-24T14:00:00,4.506,-,0.000
2021-08-24T13:45:00,4.504,-,0.000
2021-08-24T13:30:00,4.501,-,0.000
2021-08-24T13:15:00,4.500,-,0.000
2021-08-24T13:00:00,4.499,-,0.000
2021-08-24T12:45:00,4.497,-,0.000
2021-08-24T12:30:00,4.498,-,0.000
2021-08-24T12:15:00,4.498,-,0.000
2021-08-24T12:00:00,4.499,-,0.000
2021-08-24T11:45:00,4.496,-,0.000
2021-08-24T11:30:00,4.499,-,0.000
2021-08-24T11:15:00,4.499,-,0.000
2021-08-24T11:00:00,4.499,-,0.000
2021-08-24T10:45:00,4.499,-,0.000
2021-08-24T10:30:00,4.500,-,0.000
2021-08-24T10:15:00,4.501,-,0.000
2021-08-24T10:00:00,4.500,-,0.000
2021-08-24T09:45:00,4.499,-,0.000
2021-08-24T09:30:00,4.498,-,0.000
2021-08-24T09:15:00,4.498,-,0.000
2021-08-24T09:00:00,4.497,-,0.000
2021-08-24T08:45:00,4.496,-,0.000
2021-08-24T08:30:00,4.494,-,0.000
2021-08-24T08:15:00,4.493,-,0.000
2021-08-24T08:00:00,4.491,-,0.000
2021-08-24T07:45:00,4.489,-,0.000
2021-08-24T07:30:00,4.487,-,0.000
2021-08-24T07:15:00,4.485,-,0.000
2021-08-24T07:00:00,4.483,-,0.000
2021-08-24T06:45:00,4.482,-,0.000
2021-08-24T06:30:00,4.480,-,0.000
2021-08-24T06:15:00,4.478,-,0.000
2021-08-24T06:00:00,4.477,-,0.000
2021-08-24T05:45:00,4.477,-,0.000
2021-08-24T05:30:00,4.477,-,0.000
2021-08-24T05:15:00,4.477,-,0.000
2021-08-24T05:00:00,4.477,-,0.000
2021-08-24T04:45:00,4.478,-,0.000
2021-08-24T04:30:00,4.478,-,0.000
2021-08-24T04:15:00,4.479,-,0.000
2021-08-24T04:00:00,4.480,-,0.000
2021-08-24T03:45:00,4.482,-,0.000
2021-08-24T03:30:00,4.483,-,0.000
2021-08-24T03:15:00,4.484,-,0.000
2021-08-24T03:00:00,4.486,-,0.000
2021-08-24T02:45:00,4.487,-,0.000
2021-08-24T02:30:00,4.488,-,0.000
2021-08-24T02:15:00,4.490,-,0.000
2021-08-24T02:00:00,4.491,-,0.000
2021-08-24T01:45:00,4.493,-,0.000
2021-08-24T01:30:00,4.494,-,0.000
2021-08-24T01:15:00,4.496,-,0.000
2021-08-24T01:00:00,4.497,-,0.000
2021-08-24T00:45:00,4.498,-,0.000
2021-08-24T00:30:00,4.500,-,0.000
2021-08-24T00:15:00,4.501,-,0.000
2021-08-24T00:00:00,4.502,-,0.000
2021-09-06T23:45:00,4.421,-,0.000
2021-09-06T23:30:00,4.425,-,0.000
2021-09-06T23:15:00,4.430,-,0.000
2021-09-06T23:00:00,4.433,-,0.000
2021-09-06T22:45:00,4.436,-,0.000
2021-09-06T22:30:00,4.439,-,0.000
2021-09-06T22:15:00,4.443,-,0.000
2021-09-06T22:00:00,4.446,-,0.000
2021-09-06T21:45:00,4.450,-,0.000
2021-09-06T21:30:00,4.453,-,0.000
2021-09-06T21:15:00,4.458,-,0.000
2021-09-06T21:00:00,4.461,-,0.000
2021-09-06T20:45:00,4.473,-,0.000
2021-09-06T20:30:00,4.475,-,0.000
2021-09-06T20:15:00,4.476,-,0.000
2021-09-06T20:00:00,4.479,-,0.000
2021-09-06T19:45:00,4.481,-,0.000
2021-09-06T19:30:00,4.487,-,0.000
2021-09-06T19:15:00,4.490,-,0.000
2021-09-06T19:00:00,4.493,-,0.000
2021-09-06T18:45:00,4.498,-,0.000
2021-09-06T18:30:00,4.504,-,0.000
2021-09-06T18:15:00,4.507,-,0.000
2021-09-06T18:00:00,4.512,-,0.000
2021-09-06T17:45:00,4.516,-,0.000
2021-09-06T17:30:00,4.520,-,0.000
2021-09-06T17:15:00,4.525,-,0.000
2021-09-06T17:00:00,4.530,-,0.000
2021-09-06T16:45:00,4.535,-,0.000
2021-09-06T16:30:00,4.540,-,0.000
2021-09-06T16:15:00,4.544,-,0.000
2021-09-06T16:00:00,4.550,-,0.000
2021-09-06T15:45:00,4.555,-,0.000
2021-09-06T15:30:00,4.560,-,0.000
2021-09-06T15:15:00,4.564,-,0.000
2021-09-06T15:00:00,4.570,-,0.000
2021-09-06T14:45:00,4.576,-,0.000
2021-09-06T14:30:00,4.581,-,0.000
2021-09-06T14:15:00,4.586,-,0.000
2021-09-06T14:00:00,4.598,-,0.000
2021-09-06T13:45:00,4.600,-,0.000
2021-09-06T13:30:00,4.603,-,0.000
2021-09-06T13:15:00,4.610,-,0.000
2021-09-06T13:00:00,4.615,-,0.000
2021-09-06T12:45:00,4.622,-,0.000
2021-09-06T12:30:00,4.628,-,0.000
2021-09-06T12:15:00,4.634,-,0.000
2021-09-06T12:00:00,4.641,-,0.000
2021-09-06T11:45:00,4.649,-,0.000
2021-09-06T11:30:00,4.652,-,0.000
2021-09-06T11:15:00,4.658,-,0.000
2021-09-06T11:00:00,4.663,-,0.000
2021-09-06T10:45:00,4.670,-,0.000
2021-09-06T10:30:00,4.675,-,0.000
2021-09-06T10:15:00,4.679,-,0.000
2021-09-06T10:00:00,4.682,-,0.000
2021-09-06T09:45:00,4.685,-,0.000
2021-09-06T09:30:00,4.688,-,0.000
2021-09-06T09:15:00,4.690,-,0.000
2021-09-06T09:00:00,4.689,-,0.000
2021-09-06T08:45:00,4.691,-,0.000
2021-09-06T08:30:00,4.692,-,0.000
2021-09-06T08:15:00,4.693,-,0.000
2021-09-06T08:00:00,4.692,-,0.000
2021-09-06T07:45:00,4.691,-,0.000
2021-09-06T07:30:00,4.691,-,0.000
2021-09-06T07:15:00,4.690,-,0.000
2021-09-06T07:00:00,4.690,-,0.000
2021-09-06T06:45:00,4.690,-,0.000
2021-09-06T06:30:00,4.691,-,0.000
2021-09-06T06:15:00,4.690,-,0.000
2021-09-06T06:00:00,4.690,-,0.000
2021-09-06T05:45:00,4.689,-,0.000
2021-09-06T05:30:00,4.687,-,0.000
2021-09-06T05:15:00,4.685,-,0.000
2021-09-06T05:00:00,4.685,-,0.000
2021-09-06T04:45:00,4.681,-,0.000
2021-09-06T04:30:00,4.678,-,0.000
2021-09-06T04:15:00,4.680,-,0.000
2021-09-06T04:00:00,4.682,-,0.000
2021-09-06T03:45:00,4.683,-,0.000
2021-09-06T03:30:00,4.687,-,0.000
2021-09-06T03:15:00,4.689,-,0.000
2021-09-06T03:00:00,4.690,-,0.000
2021-09-06T02:45:00,4.691,-,0.000
2021-09-06T02:30:00,4.692,-,0.000
2021-09-06T02:15:00,4.695,-,0.000
2021-09-06T02:00:00,4.696,-,0.000
2021-09-06T01:45:00,4.696,-,0.000
2021-09-06T01:30:00,4.700,-,0.000
2021-09-06T01:15:00,4.699,-,0.000
2021-09-06T01:00:00,4.702,-,0.000
2021-09-06T00:45:00,4.704,-,0.000
2021-09-06T00:30:00,4.705,-,0.000
2021-09-06T00:15:00,4.706,-,0.000
2021-09-06T00:00:00,4.708,-,0.000
2021-09-05T23:45:00,4.707,-,0.000
2021-09-05T23:30:00,4.708,-,0.000
2021-09-05T23:15:00,4.710,-,0.000
2021-09-05T23:00:00,4.711,-,0.000
2021-09-05T22:45:00,4.713,-,0.000
2021-09-05T22:30:00,4.714,-,0.000
2021-09-05T22:15:00,4.714,-,0.000
2021-09-05T22:00:00,4.714,-,0.000
2021-09-05T21:45:00,4.714,-,0.000
2021-09-05T21:30:00,4.715,-,0.000
2021-09-05T21:15:00,4.716,-,0.000
2021-09-05T21:00:00,4.717,-,0.000
2021-09-05T20:45:00,4.715,-,0.000
2021-09-05T20:30:00,4.716,-,0.000
2021-09-05T20:15:00,4.717,-,0.000
2021-09-05T20:00:00,4.716,-,0.000
2021-09-05T19:45:00,4.716,-,0.000
2021-09-05T19:30:00,4.716,-,0.000
2021-09-05T19:15:00,4.715,-,0.000
2021-09-05T19:00:00,4.716,-,0.000
2021-09-05T18:45:00,4.716,-,0.000
2021-09-05T18:30:00,4.716,-,0.000
2021-09-05T18:15:00,4.718,-,0.000
2021-09-05T18:00:00,4.715,-,0.000
2021-09-05T17:45:00,4.717,-,0.000
2021-09-05T17:30:00,4.717,-,0.000
2021-09-05T17:15:00,4.717,-,0.000
2021-09-05T17:00:00,4.717,-,0.000
2021-09-05T16:45:00,4.718,-,0.000
2021-09-05T16:30:00,4.719,-,0.000
2021-09-05T16:15:00,4.719,-,0.000
2021-09-05T16:00:00,4.719,-,0.000
2021-09-05T15:45:00,4.724,-,0.000
2021-09-05T15:30:00,4.724,-,0.000
2021-09-05T15:15:00,4.725,-,0.000
2021-09-05T15:00:00,4.725,-,0.000
2021-09-05T14:45:00,4.725,-,0.000
2021-09-05T14:30:00,4.725,-,0.000
2021-09-05T14:15:00,4.726,-,0.000
2021-09-05T14:00:00,4.727,-,0.000
2021-09-05T13:45:00,4.728,-,0.000
2021-09-05T13:30:00,4.729,-,0.000
2021-09-05T13:15:00,4.730,-,0.000
2021-09-05T13:00:00,4.732,-,0.000
2021-09-05T12:45:00,4.734,-,0.000
2021-09-05T12:30:00,4.732,-,0.000
2021-09-05T12:15:00,4.735,-,0.000
2021-09-05T12:00:00,4.738,-,0.000
2021-09-05T11:45:00,4.740,-,0.000
2021-09-05T11:30:00,4.740,-,0.000
2021-09-05T11:15:00,4.742,-,0.000
2021-09-05T11:00:00,4.743,-,0.000
2021-09-05T10:45:00,4.746,-,0.000
2021-09-05T10:30:00,4.746,-,0.000
2021-09-05T10:15:00,4.748,-,0.000
2021-09-05T10:00:00,4.751,-,0.000
2021-09-05T09:45:00,4.752,-,0.000
2021-09-05T09:30:00,4.754,-,0.000
2021-09-05T09:15:00,4.756,-,0.000
2021-09-05T09:00:00,4.758,-,0.000
2021-09-05T08:45:00,4.760,-,0.000
2021-09-05T08:30:00,4.764,-,0.000
2021-09-05T08:15:00,4.766,-,0.000
2021-09-05T08:00:00,4.767,-,0.000
2021-09-05T07:45:00,4.774,-,0.000
2021-09-05T07:30:00,4.767,-,0.000
2021-09-05T07:15:00,4.764,-,0.000
2021-09-05T07:00:00,4.759,-,0.000
2021-09-05T06:45:00,4.758,-,0.000
2021-09-05T06:30:00,4.753,-,0.000
2021-09-05T06:15:00,4.749,-,0.000
2021-09-05T06:00:00,4.743,-,0.000
2021-09-05T05:45:00,4.738,-,0.000
2021-09-05T05:30:00,4.733,-,0.000
2021-09-05T05:15:00,4.728,-,0.000
2021-09-05T05:00:00,4.725,-,0.000
2021-09-05T04:45:00,4.718,-,0.000
2021-09-05T04:30:00,4.712,-,0.000
2021-09-05T04:15:00,4.708,-,0.000
2021-09-05T04:00:00,4.702,-,0.000
2021-09-05T03:45:00,4.696,-,0.000
2021-09-05T03:30:00,4.691,-,0.000
2021-09-05T03:15:00,4.688,-,0.000
2021-09-05T03:00:00,4.682,-,0.000
2021-09-05T02:45:00,4.677,-,0.000
2021-09-05T02:30:00,4.674,-,0.000
2021-09-05T02:15:00,4.669,-,0.000
2021-09-05T02:00:00,4.665,-,0.000
2021-09-05T01:45:00,4.660,-,0.000
2021-09-05T01:30:00,4.655,-,0.000
2021-09-05T01:15:00,4.653,-,0.000
2021-09-05T01:00:00,4.648,-,0.000
2021-09-05T00:45:00,4.646,-,0.000
2021-09-05T00:30:00,4.640,-,0.000
2021-09-05T00:15:00,4.637,-,0.000
2021-09-05T00:00:00,4.633,-,0.000
2021-09-04T23:45:00,4.629,-,0.000
2021-09-04T23:30:00,4.627,-,0.000
2021-09-04T23:15:00,4.624,-,0.000
2021-09-04T23:00:00,4.620,-,0.000
2021-09-04T22:45:00,4.618,-,0.000
2021-09-04T22:30:00,4.615,-,0.000
2021-09-04T22:15:00,4.612,-,0.000
2021-09-04T22:00:00,4.610,-,0.500
2021-09-04T21:45:00,4.607,-,0.000
2021-09-04T21:30:00,4.605,-,0.000
2021-09-04T21:15:00,4.602,-,0.000
2021-09-04T21:00:00,4.601,-,0.000
2021-09-04T20:45:00,4.601,-,0.500
2021-09-04T20:30:00,4.598,-,0.500
2021-09-04T20:15:00,4.595,-,0.500
2021-09-04T20:00:00,4.592,-,0.500
2021-09-04T19:45:00,4.589,-,0.500
2021-09-04T19:30:00,4.586,-,0.500
2021-09-04T19:15:00,4.583,-,1.000
2021-09-04T19:00:00,4.581,-,12.000
2021-09-04T18:45:00,4.561,-,3.500
2021-09-04T18:30:00,4.553,-,3.500
2021-09-04T18:15:00,4.546,-,1.000
2021-09-04T18:00:00,4.550,-,0.000
2021-09-04T17:45:00,4.549,-,0.000
2021-09-04T17:30:00,4.550,-,0.000
2021-09-04T17:15:00,4.550,-,0.000
2021-09-04T17:00:00,4.551,-,0.000
2021-09-04T16:45:00,4.550,-,0.000
2021-09-04T16:30:00,4.550,-,0.000
2021-09-04T16:15:00,4.551,-,0.000
2021-09-04T16:00:00,4.550,-,0.000
2021-09-04T15:45:00,4.552,-,0.000
2021-09-04T15:30:00,4.553,-,0.000
2021-09-04T15:15:00,4.554,-,0.000
2021-09-04T15:00:00,4.554,-,0.000
2021-09-04T14:45:00,4.554,-,0.000
2021-09-04T14:30:00,4.555,-,0.000
2021-09-04T14:15:00,4.556,-,0.000
2021-09-04T14:00:00,4.556,-,0.000
2021-09-04T13:45:00,4.556,-,0.000
2021-09-04T13:30:00,4.558,-,0.000
2021-09-04T13:15:00,4.559,-,0.000
2021-09-04T13:00:00,4.560,-,0.000
2021-09-04T12:45:00,4.555,-,0.000
2021-09-04T12:30:00,4.553,-,0.000
2021-09-04T12:15:00,4.555,-,0.000
2021-09-04T12:00:00,4.557,-,0.000
2021-09-04T11:45:00,4.555,-,0.000
2021-09-04T11:30:00,4.561,-,0.000
2021-09-04T11:15:00,4.555,-,0.000
2021-09-04T11:00:00,4.548,-,0.000
2021-09-04T10:45:00,4.541,-,0.000
2021-09-04T10:30:00,4.532,-,0.000
2021-09-04T10:15:00,4.524,-,0.000
2021-09-04T10:00:00,4.513,-,0.000
2021-09-04T09:45:00,4.505,-,0.000
2021-09-04T09:30:00,4.491,-,0.000
2021-09-04T09:15:00,4.475,-,0.000
2021-09-04T09:00:00,4.467,-,0.000
2021-09-04T08:45:00,4.463,-,0.000
2021-09-04T08:30:00,4.459,-,0.000
2021-09-04T08:15:00,4.455,-,0.000
2021-09-04T08:00:00,4.450,-,0.000
2021-09-04T07:45:00,4.445,-,0.000
2021-09-04T07:30:00,4.439,-,0.000
2021-09-04T07:15:00,4.434,-,0.000
2021-09-04T07:00:00,4.428,-,0.000
2021-09-04T06:45:00,4.422,-,0.000
2021-09-04T06:30:00,4.416,-,0.000
2021-09-04T06:15:00,4.408,-,0.000
2021-09-04T06:00:00,4.399,-,0.000
2021-09-04T05:45:00,4.395,-,0.000
2021-09-04T05:30:00,4.389,-,0.000
2021-09-04T05:15:00,4.380,-,0.000
2021-09-04T05:00:00,4.375,-,0.000
2021-09-04T04:45:00,4.360,-,0.000
2021-09-04T04:30:00,4.359,-,0.000
2021-09-04T04:15:00,4.357,-,0.000
2021-09-04T04:00:00,4.354,-,0.000
2021-09-04T03:45:00,4.351,-,0.000
2021-09-04T03:30:00,4.350,-,0.000
2021-09-04T03:15:00,4.344,-,0.000
2021-09-04T03:00:00,4.342,-,0.000
2021-09-04T02:45:00,4.340,-,0.000
2021-09-04T02:30:00,4.336,-,0.000
2021-09-04T02:15:00,4.332,-,0.000
2021-09-04T02:00:00,4.327,-,0.000
2021-09-04T01:45:00,4.323,-,0.000
2021-09-04T01:30:00,4.317,-,0.000
2021-09-04T01:15:00,4.312,-,0.000
2021-09-04T01:00:00,4.305,-,0.000
2021-09-04T00:45:00,4.295,-,0.000
2021-09-04T00:30:00,4.289,-,0.000
2021-09-04T00:15:00,4.271,-,0.000
2021-09-04T00:00:00,4.263,-,0.000
2021-09-03T23:45:00,4.263,-,0.000
2021-09-03T23:30:00,4.268,-,0.000
2021-09-03T23:15:00,4.268,-,0.000
2021-09-03T23:00:00,4.270,-,0.000
2021-09-03T22:45:00,4.269,-,0.000
2021-09-03T22:30:00,4.272,-,0.000
2021-09-03T22:15:00,4.271,-,0.000
2021-09-03T22:00:00,4.273,-,0.000
2021-09-03T21:45:00,4.274,-,0.000
2021-09-03T21:30:00,4.276,-,0.000
2021-09-03T21:15:00,4.275,-,0.000
2021-09-03T21:00:00,4.276,-,0.000
2021-09-03T20:45:00,4.277,-,0.000
2021-09-03T20:30:00,4.278,-,0.000
2021-09-03T20:15:00,4.277,-,0.000
2021-09-03T20:00:00,4.280,-,0.000
2021-09-03T19:45:00,4.279,-,0.000
2021-09-03T19:30:00,4.279,-,0.000
2021-09-03T19:15:00,4.280,-,0.000
2021-09-03T19:00:00,4.278,-,0.000
2021-09-03T18:45:00,4.280,-,0.000
2021-09-03T18:30:00,4.281,-,0.000
2021-09-03T18:15:00,4.280,-,0.000
2021-09-03T18:00:00,4.283,-,0.000
2021-09-03T17:45:00,4.279,-,0.000
2021-09-03T17:30:00,4.276,-,0.000
2021-09-03T17:15:00,4.276,-,0.000
2021-09-03T17:00:00,4.271,-,0.000
2021-09-03T16:45:00,4.257,-,0.000
2021-09-03T16:30:00,4.236,-,0.000
2021-09-03T16:15:00,4.235,-,0.000
2021-09-03T16:00:00,4.235,-,0.000
2021-09-03T15:45:00,4.235,-,0.000
2021-09-03T15:30:00,4.233,-,0.000
2021-09-03T15:15:00,4.233,-,0.000
2021-09-03T15:00:00,4.229,-,0.000
2021-09-03T14:45:00,4.227,-,1.000
2021-09-03T14:30:00,4.224,-,0.000
2021-09-03T14:15:00,4.224,-,0.000
2021-09-03T14:00:00,4.223,-,0.000
2021-09-03T13:45:00,4.223,-,0.000
2021-09-03T13:30:00,4.216,-,0.000
2021-09-03T13:15:00,4.212,-,0.000
2021-09-03T13:00:00,4.211,-,0.000
2021-09-03T12:45:00,4.207,-,0.000
2021-09-03T12:30:00,4.205,-,0.000
2021-09-03T12:15:00,4.205,-,0.000
2021-09-03T12:00:00,4.202,-,0.000
2021-09-03T11:45:00,4.198,-,0.000
2021-09-03T11:30:00,4.190,-,0.000
2021-09-03T11:15:00,4.182,-,0.000
2021-09-03T11:00:00,4.177,-,0.000
2021-09-03T10:45:00,4.166,-,0.000
2021-09-03T10:30:00,4.157,-,0.000
2021-09-03T10:15:00,4.144,-,0.000
2021-09-03T10:00:00,4.129,-,0.000
2021-09-03T09:45:00,4.105,-,0.000
2021-09-03T09:30:00,4.093,-,0.000
2021-09-03T09:15:00,4.074,-,0.000
2021-09-03T09:00:00,4.063,-,0.000
2021-09-03T08:45:00,4.053,-,0.000
2021-09-03T08:30:00,4.048,-,0.000
2021-09-03T08:15:00,4.049,-,0.000
2021-09-03T08:00:00,4.038,-,0.000
2021-09-03T07:45:00,4.041,-,0.000
2021-09-03T07:30:00,4.044,-,0.000
2021-09-03T07:15:00,4.045,-,0.000
2021-09-03T07:00:00,4.050,-,0.000
2021-09-03T06:45:00,4.046,-,0.000
2021-09-03T06:30:00,4.049,-,0.000
2021-09-03T06:15:00,4.049,-,0.000
2021-09-03T06:00:00,4.050,-,0.000
2021-09-03T05:45:00,4.048,-,0.000
2021-09-03T05:30:00,4.052,-,0.000
2021-09-03T05:15:00,4.055,-,0.500
2021-09-03T05:00:00,4.053,-,0.000
2021-09-03T04:45:00,4.051,-,0.000
2021-09-03T04:30:00,4.055,-,0.500
2021-09-03T04:15:00,4.052,-,0.500
2021-09-03T04:00:00,4.053,-,0.000
2021-09-03T03:45:00,4.056,-,0.500
2021-09-03T03:30:00,4.055,-,0.500
2021-09-03T03:15:00,4.059,-,0.000
2021-09-03T03:00:00,4.059,-,0.500
2021-09-03T02:45:00,4.059,-,0.000
2021-09-03T02:30:00,4.063,-,3.500
2021-09-03T02:15:00,4.053,-,8.000
2021-09-03T02:00:00,4.043,-,0.500
2021-09-03T01:45:00,4.039,-,0.000
2021-09-03T01:30:00,4.043,-,0.000
2021-09-03T01:15:00,4.042,-,0.500
2021-09-03T01:00:00,4.045,-,0.000
2021-09-03T00:45:00,4.044,-,0.000
2021-09-03T00:30:00,4.048,-,0.000
2021-09-03T00:15:00,4.049,-,0.000
2021-09-03T00:00:00,4.051,-,0.000
2021-09-02T23:45:00,4.054,-,0.000
2021-09-02T23:30:00,4.055,-,0.000
2021-09-02T23:15:00,4.056,-,0.000
2021-09-02T23:00:00,4.061,-,0.000
2021-09-02T22:45:00,4.066,-,0.500
2021-09-02T22:30:00,4.064,-,0.000
2021-09-02T22:15:00,4.069,-,0.000
2021-09-02T22:00:00,4.069,-,0.000
2021-09-02T21:45:00,4.071,-,0.000
2021-09-02T21:30:00,4.071,-,0.000
2021-09-02T21:15:00,4.075,-,0.500
2021-09-02T21:00:00,4.081,-,0.000
2021-09-02T20:45:00,4.082,-,0.000
2021-09-02T20:30:00,4.082,-,0.500
2021-09-02T20:15:00,4.087,-,0.000
2021-09-02T20:00:00,4.091,-,0.000
2021-09-02T19:45:00,4.091,-,0.000
2021-09-02T19:30:00,4.090,-,0.500
2021-09-02T19:15:00,4.082,-,0.000
2021-09-02T19:00:00,4.086,-,0.000
2021-09-02T18:45:00,4.082,-,0.000
2021-09-02T18:30:00,4.086,-,0.000
2021-09-02T18:15:00,4.098,-,0.000
2021-09-02T18:00:00,4.098,-,0.000
2021-09-02T17:45:00,4.100,-,0.000
2021-09-02T17:30:00,4.101,-,0.000
2021-09-02T17:15:00,4.105,-,0.000
2021-09-02T17:00:00,4.108,-,0.000
2021-09-02T16:45:00,4.114,-,0.000
2021-09-02T16:30:00,4.123,-,0.000
2021-09-02T16:15:00,4.126,-,0.000
2021-09-02T16:00:00,4.135,-,0.000
2021-09-02T15:45:00,4.146,-,0.000
2021-09-02T15:30:00,4.147,-,0.000
2021-09-02T15:15:00,4.159,-,0.000
2021-09-02T15:00:00,4.170,-,0.000
2021-09-02T14:45:00,4.180,-,0.000
2021-09-02T14:30:00,4.188,-,0.000
2021-09-02T14:15:00,4.221,-,0.000
2021-09-02T14:00:00,4.222,-,0.000
2021-09-02T13:45:00,4.224,-,0.000
2021-09-02T13:30:00,4.228,-,0.000
2021-09-02T13:15:00,4.235,-,0.000
2021-09-02T13:00:00,4.245,-,0.000
2021-09-02T12:45:00,4.252,-,0.000
2021-09-02T12:30:00,4.258,-,0.000
2021-09-02T12:15:00,4.264,-,0.000
2021-09-02T12:00:00,4.263,-,0.000
2021-09-02T11:45:00,4.272,-,0.000
2021-09-02T11:30:00,4.273,-,0.000
2021-09-02T11:15:00,4.277,-,0.000
2021-09-02T11:00:00,4.276,-,0.000
2021-09-02T10:45:00,4.280,-,0.000
2021-09-02T10:30:00,4.282,-,0.000
2021-09-02T10:15:00,4.288,-,0.000
2021-09-02T10:00:00,4.291,-,0.000
2021-09-02T09:45:00,4.294,-,0.000
2021-09-02T09:30:00,4.292,-,0.000
2021-09-02T09:15:00,4.298,-,0.000
2021-09-02T09:00:00,4.307,-,0.000
2021-09-02T08:45:00,4.307,-,0.000
2021-09-02T08:30:00,4.306,-,0.000
2021-09-02T08:15:00,4.311,-,0.000
2021-09-02T08:00:00,4.313,-,0.000
2021-09-02T07:45:00,4.319,-,0.000
2021-09-02T07:30:00,4.319,-,0.000
2021-09-02T07:15:00,4.323,-,0.000
2021-09-02T07:00:00,4.323,-,0.000
2021-09-02T06:45:00,4.326,-,0.000
2021-09-02T06:30:00,4.330,-,0.000
2021-09-02T06:15:00,4.331,-,0.000
2021-09-02T06:00:00,4.336,-,0.000
2021-09-02T05:45:00,4.335,-,0.000
2021-09-02T05:30:00,4.336,-,0.000
2021-09-02T05:15:00,4.336,-,0.000
2021-09-02T05:00:00,4.334,-,0.000
2021-09-02T04:45:00,4.340,-,0.000
2021-09-02T04:30:00,4.344,-,0.000
2021-09-02T04:15:00,4.349,-,0.000
2021-09-02T04:00:00,4.345,-,0.000
2021-09-02T03:45:00,4.342,-,0.000
2021-09-02T03:30:00,4.351,-,0.000
2021-09-02T03:15:00,4.351,-,0.000
2021-09-02T03:00:00,4.351,-,0.000
2021-09-02T02:45:00,4.351,-,0.000
2021-09-02T02:30:00,4.360,-,0.000
2021-09-02T02:15:00,4.351,-,0.000
2021-09-02T02:00:00,4.353,-,0.000
2021-09-02T01:45:00,4.355,-,0.000
2021-09-02T01:30:00,4.354,-,0.000
2021-09-02T01:15:00,4.351,-,0.000
2021-09-02T01:00:00,4.350,-,0.000
2021-09-02T00:45:00,4.344,-,0.000
2021-09-02T00:30:00,4.344,-,0.000
2021-09-02T00:15:00,4.338,-,0.000
2021-09-02T00:00:00,4.333,-,0.000
2021-09-01T23:45:00,4.321,-,0.000
2021-09-01T23:30:00,4.313,-,0.000
2021-09-01T23:15:00,4.302,-,0.000
2021-09-01T23:00:00,4.295,-,0.000
2021-09-01T22:45:00,4.288,-,0.000
2021-09-01T22:30:00,4.271,-,0.000
2021-09-01T22:15:00,4.255,-,0.000
2021-09-01T22:00:00,4.247,-,0.000
2021-09-01T21:45:00,4.226,-,0.000
2021-09-01T21:30:00,4.217,-,0.000
2021-09-01T21:15:00,4.196,-,0.000
2021-09-01T21:00:00,4.181,-,0.000
2021-09-01T20:45:00,4.178,-,0.000
2021-09-01T20:30:00,4.160,-,0.000
2021-09-01T20:15:00,4.147,-,0.000
2021-09-01T20:00:00,4.130,-,0.000
2021-09-01T19:45:00,4.126,-,0.000
2021-09-01T19:30:00,4.115,-,0.000
2021-09-01T19:15:00,4.108,-,0.000
2021-09-01T19:00:00,4.106,-,0.000
2021-09-01T18:45:00,4.103,-,0.000
2021-09-01T18:30:00,4.104,-,0.000
2021-09-01T18:15:00,4.104,-,0.000
2021-09-01T18:00:00,4.106,-,0.000
2021-09-01T17:45:00,4.109,-,0.000
2021-09-01T17:30:00,4.116,-,0.000
2021-09-01T17:15:00,4.121,-,0.000
2021-09-01T17:00:00,4.128,-,0.000
2021-09-01T16:45:00,4.132,-,0.000
2021-09-01T16:30:00,4.134,-,0.000
2021-09-01T16:15:00,4.147,-,0.000
2021-09-01T16:00:00,4.147,-,0.000
2021-09-01T15:45:00,4.154,-,0.000
2021-09-01T15:30:00,4.164,-,0.000
2021-09-01T15:15:00,4.161,-,0.000
2021-09-01T15:00:00,4.168,-,0.000
2021-09-01T14:45:00,4.166,-,0.000
2021-09-01T14:30:00,4.171,-,0.000
2021-09-01T14:15:00,4.172,-,0.000
2021-09-01T14:00:00,4.174,-,0.000
2021-09-01T13:45:00,4.178,-,0.000
2021-09-01T13:30:00,4.180,-,0.000
2021-09-01T13:15:00,4.184,-,0.000
2021-09-01T13:00:00,4.190,-,0.000
2021-09-01T12:45:00,4.192,-,0.000
2021-09-01T12:30:00,4.191,-,0.000
2021-09-01T12:15:00,4.198,-,0.000
2021-09-01T12:00:00,4.200,-,0.000
2021-09-01T11:45:00,4.206,-,0.000
2021-09-01T11:30:00,4.203,-,0.000
2021-09-01T11:15:00,4.207,-,0.000
2021-09-01T11:00:00,4.213,-,0.000
2021-09-01T10:45:00,4.224,-,0.000
2021-09-01T10:30:00,4.225,-,0.000
2021-09-01T10:15:00,4.226,-,0.000
2021-09-01T10:00:00,4.229,-,0.000
2021-09-01T09:45:00,4.229,-,0.000
2021-09-01T09:30:00,4.229,-,0.000
2021-09-01T09:15:00,4.233,-,0.000
2021-09-01T09:00:00,4.239,-,0.000
2021-09-01T08:45:00,4.244,-,0.000
2021-09-01T08:30:00,4.244,-,0.000
2021-09-01T08:15:00,4.248,-,0.000
2021-09-01T08:00:00,4.253,-,0.000
2021-09-01T07:45:00,4.260,-,0.000
2021-09-01T07:30:00,4.262,-,0.000
2021-09-01T07:15:00,4.270,-,0.000
2021-09-01T07:00:00,4.270,-,0.000
2021-09-01T06:45:00,4.276,-,0.000
2021-09-01T06:30:00,4.277,-,0.000
2021-09-01T06:15:00,4.284,-,0.000
2021-09-01T06:00:00,4.284,-,0.000
2021-09-01T05:45:00,4.291,-,0.000
2021-09-01T05:30:00,4.295,-,0.000
2021-09-01T05:15:00,4.291,-,0.000
2021-09-01T05:00:00,4.291,-,0.000
2021-09-01T04:45:00,4.292,-,0.000
2021-09-01T04:30:00,4.292,-,0.000
2021-09-01T04:15:00,4.294,-,0.000
2021-09-01T04:00:00,4.292,-,0.000
2021-09-01T03:45:00,4.293,-,0.000
2021-09-01T03:30:00,4.286,-,0.500
2021-09-01T03:15:00,4.283,-,0.000
2021-09-01T03:00:00,4.278,-,0.000
2021-09-01T02:45:00,4.276,-,0.500
2021-09-01T02:30:00,4.269,-,0.500
2021-09-01T02:15:00,4.260,-,0.500
2021-09-01T02:00:00,4.252,-,1.000
2021-09-01T01:45:00,4.246,-,0.500
2021-09-01T01:30:00,4.237,-,0.000
2021-09-01T01:15:00,4.229,-,0.500
2021-09-01T01:00:00,4.215,-,0.500
2021-09-01T00:45:00,4.212,-,0.500
2021-09-01T00:30:00,4.200,-,0.500
2021-09-01T00:15:00,4.189,-,1.000
2021-09-01T00:00:00,4.183,-,1.000
2021-08-31T23:45:00,4.173,-,0.000
2021-08-31T23:30:00,4.165,-,0.000
2021-08-31T23:15:00,4.157,-,0.000
2021-08-31T23:00:00,4.151,-,0.000
2021-08-31T22:45:00,4.140,-,0.000
2021-08-31T22:30:00,4.133,-,0.000
2021-08-31T22:15:00,4.124,-,0.500
2021-08-31T22:00:00,4.120,-,0.000
2021-08-31T21:45:00,4.109,-,0.000
2021-08-31T21:30:00,4.105,-,0.500
2021-08-31T21:15:00,4.095,-,0.000
2021-08-31T21:00:00,4.094,-,0.000
2021-08-31T20:45:00,4.083,-,0.000
2021-08-31T20:30:00,4.078,-,0.500
2021-08-31T20:15:00,4.069,-,1.000
2021-08-31T20:00:00,4.064,-,1.000
2021-08-31T19:45:00,4.060,-,0.000
2021-08-31T19:30:00,4.056,-,0.500
2021-08-31T19:15:00,4.061,-,0.500
2021-08-31T19:00:00,4.058,-,0.000
2021-08-31T18:45:00,4.061,-,0.000
2021-08-31T18:30:00,4.064,-,0.000
2021-08-31T18:15:00,4.065,-,0.000
2021-08-31T18:00:00,4.069,-,0.000
2021-08-31T17:45:00,4.072,-,2.500
2021-08-31T17:30:00,4.065,-,1.500
2021-08-31T17:15:00,4.070,-,0.000
2021-08-31T17:00:00,4.070,-,0.000
2021-08-31T16:45:00,4.078,-,0.000
2021-08-31T16:30:00,4.078,-,0.000
2021-08-31T16:15:00,4.080,-,0.000
2021-08-31T16:00:00,4.083,-,0.000
2021-08-31T15:45:00,4.086,-,0.000
2021-08-31T15:30:00,4.101,-,0.000
2021-08-31T15:15:00,4.101,-,0.000
2021-08-31T15:00:00,4.104,-,0.000
2021-08-31T14:45:00,4.104,-,0.000
2021-08-31T14:30:00,4.107,-,0.000
2021-08-31T14:15:00,4.113,-,0.000
2021-08-31T14:00:00,4.116,-,0.000
2021-08-31T13:45:00,4.118,-,0.000
2021-08-31T13:30:00,4.122,-,0.000
2021-08-31T13:15:00,4.123,-,0.000
2021-08-31T13:00:00,4.131,-,0.000
2021-08-31T12:45:00,4.137,-,0.000
2021-08-31T12:30:00,4.135,-,0.000
2021-08-31T12:15:00,4.135,-,0.000
2021-08-31T12:00:00,4.146,-,0.000
2021-08-31T11:45:00,4.148,-,0.000
2021-08-31T11:30:00,4.152,-,0.000
2021-08-31T11:15:00,4.160,-,0.000
2021-08-31T11:00:00,4.164,-,0.000
2021-08-31T10:45:00,4.167,-,0.000
2021-08-31T10:30:00,4.170,-,0.000
2021-08-31T10:15:00,4.175,-,0.000
2021-08-31T10:00:00,4.180,-,0.000
2021-08-31T09:45:00,4.185,-,0.000
2021-08-31T09:30:00,4.189,-,0.000
2021-08-31T09:15:00,4.197,-,0.000
2021-08-31T09:00:00,4.202,-,0.000
2021-08-31T08:45:00,4.223,-,0.000
2021-08-31T08:30:00,4.224,-,0.000
2021-08-31T08:15:00,4.224,-,0.000
2021-08-31T08:00:00,4.227,-,0.000
2021-08-31T07:45:00,4.228,-,0.000
2021-08-31T07:30:00,4.232,-,0.000
2021-08-31T07:15:00,4.240,-,0.000
2021-08-31T07:00:00,4.252,-,0.000
2021-08-31T06:45:00,4.252,-,0.000
2021-08-31T06:30:00,4.267,-,0.000
2021-08-31T06:15:00,4.274,-,0.000
2021-08-31T06:00:00,4.280,-,0.000
2021-08-31T05:45:00,4.286,-,0.000
2021-08-31T05:30:00,4.292,-,0.000
2021-08-31T05:15:00,4.298,-,0.000
2021-08-31T05:00:00,4.305,-,0.000
2021-08-31T04:45:00,4.308,-,0.000
2021-08-31T04:30:00,4.312,-,0.000
2021-08-31T04:15:00,4.316,-,0.000
2021-08-31T04:00:00,4.317,-,0.000
2021-08-31T03:45:00,4.325,-,0.000
2021-08-31T03:30:00,4.327,-,0.000
2021-08-31T03:15:00,4.330,-,0.000
2021-08-31T03:00:00,4.331,-,0.000
2021-08-31T02:45:00,4.340,-,0.000
2021-08-31T02:30:00,4.343,-,0.000
2021-08-31T02:15:00,4.349,-,0.000
2021-08-31T02:00:00,4.351,-,0.000
2021-08-31T01:45:00,4.355,-,0.000
2021-08-31T01:30:00,4.356,-,0.000
2021-08-31T01:15:00,4.361,-,0.000
2021-08-31T01:00:00,4.361,-,0.000
2021-08-31T00:45:00,4.360,-,0.000
2021-08-31T00:30:00,4.363,-,0.000
2021-08-31T00:15:00,4.364,-,0.000
2021-08-31T00:00:00,4.364,-,0.000
2021-09-13T23:45:00,4.383,-,0.000
2021-09-13T23:30:00,4.388,-,0.000
2021-09-13T23:15:00,4.391,-,0.000
2021-09-13T23:00:00,4.395,-,0.000
2021-09-13T22:45:00,4.399,-,0.000
2021-09-13T22:30:00,4.402,-,0.000
2021-09-13T22:15:00,4.406,-,0.000
2021-09-13T22:00:00,4.412,-,0.000
2021-09-13T21:45:00,4.413,-,0.000
2021-09-13T21:30:00,4.418,-,0.000
2021-09-13T21:15:00,4.422,-,0.000
2021-09-13T21:00:00,4.423,-,0.000
2021-09-13T20:45:00,4.428,-,0.000
2021-09-13T20:30:00,4.428,-,0.000
2021-09-13T20:15:00,4.432,-,0.000
2021-09-13T20:00:00,4.433,-,0.000
2021-09-13T19:45:00,4.436,-,0.000
2021-09-13T19:30:00,4.438,-,0.000
2021-09-13T19:15:00,4.440,-,0.000
2021-09-13T19:00:00,4.442,-,0.000
2021-09-13T18:45:00,4.443,-,0.000
2021-09-13T18:30:00,4.444,-,0.000
2021-09-13T18:15:00,4.445,-,0.000
2021-09-13T18:00:00,4.446,-,0.000
2021-09-13T17:45:00,4.449,-,0.000
2021-09-13T17:30:00,4.450,-,0.000
2021-09-13T17:15:00,4.452,-,0.000
2021-09-13T17:00:00,4.456,-,0.000
2021-09-13T16:45:00,4.459,-,0.000
2021-09-13T16:30:00,4.459,-,0.000
2021-09-13T16:15:00,4.461,-,0.000
2021-09-13T16:00:00,4.461,-,0.000
2021-09-13T15:45:00,4.463,-,0.000
2021-09-13T15:30:00,4.464,-,0.000
2021-09-13T15:15:00,4.465,-,0.000
2021-09-13T15:00:00,4.468,-,0.000
2021-09-13T14:45:00,4.474,-,0.000
2021-09-13T14:30:00,4.474,-,0.000
2021-09-13T14:15:00,4.474,-,0.000
2021-09-13T14:00:00,4.475,-,0.000
2021-09-13T13:45:00,4.476,-,0.000
2021-09-13T13:30:00,4.476,-,0.000
2021-09-13T13:15:00,4.477,-,0.000
2021-09-13T13:00:00,4.481,-,0.000
2021-09-13T12:45:00,4.479,-,0.000
2021-09-13T12:30:00,4.482,-,0.000
2021-09-13T12:15:00,4.485,-,0.000
2021-09-13T12:00:00,4.486,-,0.000
2021-09-13T11:45:00,4.484,-,0.000
2021-09-13T11:30:00,4.484,-,0.000
2021-09-13T11:15:00,4.480,-,0.000
2021-09-13T11:00:00,4.479,-,0.000
2021-09-13T10:45:00,4.476,-,0.500
2021-09-13T10:30:00,4.470,-,0.000
2021-09-13T10:15:00,4.466,-,0.000
2021-09-13T10:00:00,4.442,-,0.000
2021-09-13T09:45:00,4.442,-,0.000
2021-09-13T09:30:00,4.443,-,0.000
2021-09-13T09:15:00,4.446,-,0.000
2021-09-13T09:00:00,4.447,-,0.000
2021-09-13T08:45:00,4.445,-,0.000
2021-09-13T08:30:00,4.448,-,0.000
2021-09-13T08:15:00,4.447,-,0.000
2021-09-13T08:00:00,4.447,-,0.000
2021-09-13T07:45:00,4.445,-,0.000
2021-09-13T07:30:00,4.446,-,0.000
2021-09-13T07:15:00,4.446,-,0.000
2021-09-13T07:00:00,4.444,-,0.000
2021-09-13T06:45:00,4.440,-,0.000
2021-09-13T06:30:00,4.441,-,0.000
2021-09-13T06:15:00,4.440,-,0.000
2021-09-13T06:00:00,4.439,-,0.000
2021-09-13T05:45:00,4.434,-,0.000
2021-09-13T05:30:00,4.438,-,0.000
2021-09-13T05:15:00,4.439,-,0.000
2021-09-13T05:00:00,4.441,-,0.000
2021-09-13T04:45:00,4.442,-,0.000
2021-09-13T04:30:00,4.444,-,0.000
2021-09-13T04:15:00,4.447,-,0.000
2021-09-13T04:00:00,4.446,-,0.000
2021-09-13T03:45:00,4.449,-,0.000
2021-09-13T03:30:00,4.452,-,0.000
2021-09-13T03:15:00,4.453,-,0.000
2021-09-13T03:00:00,4.453,-,0.000
2021-09-13T02:45:00,4.457,-,0.000
2021-09-13T02:30:00,4.456,-,0.000
2021-09-13T02:15:00,4.458,-,0.000
2021-09-13T02:00:00,4.460,-,0.000
2021-09-13T01:45:00,4.462,-,0.000
2021-09-13T01:30:00,4.473,-,0.000
2021-09-13T01:15:00,4.473,-,0.000
2021-09-13T01:00:00,4.474,-,0.000
2021-09-13T00:45:00,4.474,-,0.000
2021-09-13T00:30:00,4.475,-,0.000
2021-09-13T00:15:00,4.476,-,0.000
2021-09-13T00:00:00,4.476,-,0.000
2021-09-12T23:45:00,4.478,-,0.000
2021-09-12T23:30:00,4.479,-,0.000
2021-09-12T23:15:00,4.481,-,0.000
2021-09-12T23:00:00,4.483,-,0.000
2021-09-12T22:45:00,4.484,-,0.000
2021-09-12T22:30:00,4.486,-,0.000
2021-09-12T22:15:00,4.488,-,0.000
2021-09-12T22:00:00,4.490,-,0.000
2021-09-12T21:45:00,4.492,-,0.000
2021-09-12T21:30:00,4.495,-,0.000
2021-09-12T21:15:00,4.494,-,0.000
2021-09-12T21:00:00,4.496,-,0.000
2021-09-12T20:45:00,4.497,-,0.000
2021-09-12T20:30:00,4.503,-,0.000
2021-09-12T20:15:00,4.501,-,0.000
2021-09-12T20:00:00,4.506,-,0.000
2021-09-12T19:45:00,4.507,-,0.000
2021-09-12T19:30:00,4.506,-,0.000
2021-09-12T19:15:00,4.506,-,0.000
2021-09-12T19:00:00,4.508,-,0.000
2021-09-12T18:45:00,4.510,-,0.000
2021-09-12T18:30:00,4.511,-,0.000
2021-09-12T18:15:00,4.512,-,0.000
2021-09-12T18:00:00,4.515,-,0.000
2021-09-12T17:45:00,4.515,-,0.000
2021-09-12T17:30:00,4.516,-,0.000
2021-09-12T17:15:00,4.517,-,0.000
2021-09-12T17:00:00,4.520,-,0.000
2021-09-12T16:45:00,4.521,-,0.000
2021-09-12T16:30:00,4.518,-,0.000
2021-09-12T16:15:00,4.520,-,0.000
2021-09-12T16:00:00,4.523,-,0.000
2021-09-12T15:45:00,4.524,-,0.000
2021-09-12T15:30:00,4.527,-,0.000
2021-09-12T15:15:00,4.524,-,0.000
2021-09-12T15:00:00,4.523,-,0.000
2021-09-12T14:45:00,4.523,-,0.000
2021-09-12T14:30:00,4.524,-,0.000
2021-09-12T14:15:00,4.526,-,0.000
2021-09-12T14:00:00,4.525,-,0.000
2021-09-12T13:45:00,4.522,-,0.000
2021-09-12T13:30:00,4.524,-,0.000
2021-09-12T13:15:00,4.524,-,0.000
2021-09-12T13:00:00,4.524,-,0.000
2021-09-12T12:45:00,4.521,-,0.000
2021-09-12T12:30:00,4.520,-,0.000
2021-09-12T12:15:00,4.518,-,0.000
2021-09-12T12:00:00,4.515,-,0.000
2021-09-12T11:45:00,4.516,-,0.000
2021-09-12T11:30:00,4.514,-,0.000
2021-09-12T11:15:00,4.512,-,0.000
2021-09-12T11:00:00,4.508,-,0.000
2021-09-12T10:45:00,4.506,-,0.000
2021-09-12T10:30:00,4.502,-,0.000
2021-09-12T10:15:00,4.499,-,0.000
2021-09-12T10:00:00,4.491,-,0.000
2021-09-12T09:45:00,4.486,-,0.000
2021-09-12T09:30:00,4.476,-,0.000
2021-09-12T09:15:00,4.478,-,0.000
2021-09-12T09:00:00,4.480,-,0.000
2021-09-12T08:45:00,4.484,-,0.000
2021-09-12T08:30:00,4.482,-,0.000
2021-09-12T08:15:00,4.485,-,0.000
2021-09-12T08:00:00,4.489,-,0.000
2021-09-12T07:45:00,4.491,-,0.000
2021-09-12T07:30:00,4.495,-,0.000
2021-09-12T07:15:00,4.493,-,0.000
2021-09-12T07:00:00,4.496,-,0.000
2021-09-12T06:45:00,4.499,-,0.000
2021-09-12T06:30:00,4.500,-,0.000
2021-09-12T06:15:00,4.501,-,0.000
2021-09-12T06:00:00,4.501,-,0.000
2021-09-12T05:45:00,4.504,-,0.000
2021-09-12T05:30:00,4.508,-,0.000
2021-09-12T05:15:00,4.508,-,0.000
2021-09-12T05:00:00,4.513,-,0.000
2021-09-12T04:45:00,4.515,-,0.000
2021-09-12T04:30:00,4.515,-,0.000
2021-09-12T04:15:00,4.516,-,0.000
2021-09-12T04:00:00,4.517,-,0.000
2021-09-12T03:45:00,4.519,-,0.000
2021-09-12T03:30:00,4.520,-,0.000
2021-09-12T03:15:00,4.524,-,0.000
2021-09-12T03:00:00,4.525,-,0.000
2021-09-12T02:45:00,4.525,-,0.000
2021-09-12T02:30:00,4.527,-,0.000
2021-09-12T02:15:00,4.532,-,0.000
2021-09-12T02:00:00,4.532,-,0.000
2021-09-12T01:45:00,4.531,-,0.000
2021-09-12T01:30:00,4.532,-,0.000
2021-09-12T01:15:00,4.534,-,0.000
2021-09-12T01:00:00,4.535,-,0.000
2021-09-12T00:45:00,4.536,-,0.000
2021-09-12T00:30:00,4.540,-,0.000
2021-09-12T00:15:00,4.537,-,0.000
2021-09-12T00:00:00,4.539,-,0.000
2021-09-11T23:45:00,4.539,-,0.000
2021-09-11T23:30:00,4.539,-,0.000
2021-09-11T23:15:00,4.539,-,0.000
2021-09-11T23:00:00,4.541,-,0.000
2021-09-11T22:45:00,4.541,-,0.000
2021-09-11T22:30:00,4.543,-,0.000
2021-09-11T22:15:00,4.543,-,0.000
2021-09-11T22:00:00,4.545,-,0.000
2021-09-11T21:45:00,4.550,-,0.000
2021-09-11T21:30:00,4.549,-,0.000
2021-09-11T21:15:00,4.553,-,0.000
2021-09-11T21:00:00,4.556,-,0.000
2021-09-11T20:45:00,4.558,-,0.000
2021-09-11T20:30:00,4.560,-,0.000
2021-09-11T20:15:00,4.560,-,0.000
2021-09-11T20:00:00,4.566,-,0.000
2021-09-11T19:45:00,4.569,-,0.000
2021-09-11T19:30:00,4.571,-,0.000
2021-09-11T19:15:00,4.577,-,0.000
2021-09-11T19:00:00,4.580,-,0.000
2021-09-11T18:45:00,4.584,-,0.000
2021-09-11T18:30:00,4.588,-,0.000
2021-09-11T18:15:00,4.591,-,0.000
2021-09-11T18:00:00,4.600,-,0.000
2021-09-11T17:45:00,4.601,-,0.000
2021-09-11T17:30:00,4.602,-,0.000
2021-09-11T17:15:00,4.605,-,0.000
2021-09-11T17:00:00,4.609,-,0.000
2021-09-11T16:45:00,4.608,-,0.000
2021-09-11T16:30:00,4.611,-,0.000
2021-09-11T16:15:00,4.607,-,0.000
2021-09-11T16:00:00,4.612,-,0.000
2021-09-11T15:45:00,4.612,-,0.000
2021-09-11T15:30:00,4.612,-,0.000
2021-09-11T15:15:00,4.614,-,0.000
2021-09-11T15:00:00,4.615,-,0.000
2021-09-11T14:45:00,4.616,-,0.000
2021-09-11T14:30:00,4.611,-,0.000
2021-09-11T14:15:00,4.615,-,0.000
2021-09-11T14:00:00,4.617,-,0.000
2021-09-11T13:45:00,4.616,-,0.000
2021-09-11T13:30:00,4.616,-,0.000
2021-09-11T13:15:00,4.615,-,0.000
2021-09-11T13:00:00,4.617,-,0.000
2021-09-11T12:45:00,4.616,-,0.000
2021-09-11T12:30:00,4.614,-,0.000
2021-09-11T12:15:00,4.615,-,0.000
2021-09-11T12:00:00,4.615,-,0.000
2021-09-11T11:45:00,4.618,-,0.000
2021-09-11T11:30:00,4.621,-,0.000
2021-09-11T11:15:00,4.619,-,0.000
2021-09-11T11:00:00,4.620,-,0.000
2021-09-11T10:45:00,4.619,-,0.000
2021-09-11T10:30:00,4.617,-,0.000
2021-09-11T10:15:00,4.624,-,0.000
2021-09-11T10:00:00,4.626,-,0.000
2021-09-11T09:45:00,4.627,-,0.000
2021-09-11T09:30:00,4.632,-,0.000
2021-09-11T09:15:00,4.639,-,0.000
2021-09-11T09:00:00,4.640,-,0.000
2021-09-11T08:45:00,4.649,-,0.000
2021-09-11T08:30:00,4.650,-,0.000
2021-09-11T08:15:00,4.653,-,0.000
2021-09-11T08:00:00,4.658,-,0.000
2021-09-11T07:45:00,4.662,-,0.000
2021-09-11T07:30:00,4.667,-,0.000
2021-09-11T07:15:00,4.669,-,0.000
2021-09-11T07:00:00,4.672,-,0.000
2021-09-11T06:45:00,4.677,-,0.000
2021-09-11T06:30:00,4.680,-,0.000
2021-09-11T06:15:00,4.682,-,0.000
2021-09-11T06:00:00,4.687,-,0.000
2021-09-11T05:45:00,4.690,-,0.000
2021-09-11T05:30:00,4.694,-,0.000
2021-09-11T05:15:00,4.694,-,0.000
2021-09-11T05:00:00,4.697,-,0.000
2021-09-11T04:45:00,4.703,-,0.000
2021-09-11T04:30:00,4.704,-,0.000
2021-09-11T04:15:00,4.704,-,0.000
2021-09-11T04:00:00,4.709,-,0.000
2021-09-11T03:45:00,4.712,-,0.000
2021-09-11T03:30:00,4.714,-,0.000
2021-09-11T03:15:00,4.714,-,0.000
2021-09-11T03:00:00,4.719,-,0.000
2021-09-11T02:45:00,4.723,-,0.000
2021-09-11T02:30:00,4.724,-,0.000
2021-09-11T02:15:00,4.725,-,0.000
2021-09-11T02:00:00,4.725,-,0.000
2021-09-11T01:45:00,4.728,-,0.000
2021-09-11T01:30:00,4.725,-,0.000
2021-09-11T01:15:00,4.726,-,0.000
2021-09-11T01:00:00,4.727,-,0.000
2021-09-11T00:45:00,4.728,-,0.000
2021-09-11T00:30:00,4.725,-,0.000
2021-09-11T00:15:00,4.725,-,0.000
2021-09-11T00:00:00,4.725,-,0.000
2021-09-10T23:45:00,4.724,-,0.000
2021-09-10T23:30:00,4.724,-,0.000
2021-09-10T23:15:00,4.722,-,0.000
2021-09-10T23:00:00,4.719,-,0.000
2021-09-10T22:45:00,4.719,-,0.000
2021-09-10T22:30:00,4.719,-,0.000
2021-09-10T22:15:00,4.716,-,0.000
2021-09-10T22:00:00,4.716,-,0.000
2021-09-10T21:45:00,4.715,-,0.000
2021-09-10T21:30:00,4.713,-,0.000
2021-09-10T21:15:00,4.712,-,0.000
2021-09-10T21:00:00,4.711,-,0.000
2021-09-10T20:45:00,4.713,-,0.000
2021-09-10T20:30:00,4.712,-,0.000
2021-09-10T20:15:00,4.711,-,0.000
2021-09-10T20:00:00,4.714,-,0.000
2021-09-10T19:45:00,4.717,-,0.000
2021-09-10T19:30:00,4.722,-,0.000
2021-09-10T19:15:00,4.723,-,0.000
2021-09-10T19:00:00,4.724,-,0.000
2021-09-10T18:45:00,4.728,-,0.000
2021-09-10T18:30:00,4.734,-,0.000
2021-09-10T18:15:00,4.736,-,0.000
2021-09-10T18:00:00,4.743,-,0.000
2021-09-10T17:45:00,4.747,-,0.000
2021-09-10T17:30:00,4.752,-,0.000
2021-09-10T17:15:00,4.759,-,0.000
2021-09-10T17:00:00,4.769,-,0.000
2021-09-10T16:45:00,4.776,-,0.000
2021-09-10T16:30:00,4.780,-,0.500
2021-09-10T16:15:00,4.792,-,0.500
2021-09-10T16:00:00,4.800,-,0.500
2021-09-10T15:45:00,4.806,-,0.000
2021-09-10T15:30:00,4.824,-,1.000
2021-09-10T15:15:00,4.827,-,2.500
2021-09-10T15:00:00,4.827,-,1.000
2021-09-10T14:45:00,4.821,-,0.000
2021-09-10T14:30:00,4.825,-,0.000
2021-09-10T14:15:00,4.828,-,0.000
2021-09-10T14:00:00,4.847,-,0.000
2021-09-10T13:45:00,4.847,-,0.000
2021-09-10T13:30:00,4.847,-,0.000
2021-09-10T13:15:00,4.848,-,0.000
2021-09-10T13:00:00,4.849,-,0.000
2021-09-10T12:45:00,4.850,-,0.000
2021-09-10T12:30:00,4.851,-,0.000
2021-09-10T12:15:00,4.855,-,0.000
2021-09-10T12:00:00,4.858,-,0.000
2021-09-10T11:45:00,4.864,-,0.000
2021-09-10T11:30:00,4.866,-,0.000
2021-09-10T11:15:00,4.869,-,0.000
2021-09-10T11:00:00,4.869,-,0.000
2021-09-10T10:45:00,4.874,-,0.000
2021-09-10T10:30:00,4.878,-,0.000
2021-09-10T10:15:00,4.880,-,0.000
2021-09-10T10:00:00,4.885,-,0.000
2021-09-10T09:45:00,4.886,-,0.000
2021-09-10T09:30:00,4.893,-,0.000
2021-09-10T09:15:00,4.898,-,0.000
2021-09-10T09:00:00,4.903,-,0.000
2021-09-10T08:45:00,4.908,-,0.000
2021-09-10T08:30:00,4.915,-,0.000
2021-09-10T08:15:00,4.920,-,0.000
2021-09-10T08:00:00,4.922,-,0.000
2021-09-10T07:45:00,4.929,-,0.000
2021-09-10T07:30:00,4.936,-,0.000
2021-09-10T07:15:00,4.941,-,0.000
2021-09-10T07:00:00,4.948,-,0.000
2021-09-10T06:45:00,4.957,-,0.000
2021-09-10T06:30:00,4.957,-,0.000
2021-09-10T06:15:00,4.960,-,0.000
2021-09-10T06:00:00,4.958,-,0.000
2021-09-10T05:45:00,4.962,-,0.000
2021-09-10T05:30:00,4.959,-,0.000
2021-09-10T05:15:00,4.962,-,0.000
2021-09-10T05:00:00,4.956,-,0.000
2021-09-10T04:45:00,4.947,-,0.000
2021-09-10T04:30:00,4.942,-,0.000
2021-09-10T04:15:00,4.933,-,0.000
2021-09-10T04:00:00,4.920,-,0.000
2021-09-10T03:45:00,4.914,-,0.000
2021-09-10T03:30:00,4.899,-,0.000
2021-09-10T03:15:00,4.888,-,0.000
2021-09-10T03:00:00,4.873,-,0.500
2021-09-10T02:45:00,4.860,-,0.000
2021-09-10T02:30:00,4.843,-,0.000
2021-09-10T02:15:00,4.824,-,0.000
2021-09-10T02:00:00,4.807,-,0.000
2021-09-10T01:45:00,4.788,-,0.000
2021-09-10T01:30:00,4.771,-,0.000
2021-09-10T01:15:00,4.749,-,0.000
2021-09-10T01:00:00,4.729,-,0.000
2021-09-10T00:45:00,4.713,-,0.000
2021-09-10T00:30:00,4.694,-,0.000
2021-09-10T00:15:00,4.673,-,0.000
2021-09-10T00:00:00,4.656,-,0.000
2021-09-09T23:45:00,4.634,-,0.000
2021-09-09T23:30:00,4.615,-,0.000
2021-09-09T23:15:00,4.596,-,0.000
2021-09-09T23:00:00,4.585,-,0.000
2021-09-09T22:45:00,4.568,-,0.000
2021-09-09T22:30:00,4.558,-,0.000
2021-09-09T22:15:00,4.545,-,0.000
2021-09-09T22:00:00,4.535,-,0.000
2021-09-09T21:45:00,4.526,-,0.000
2021-09-09T21:30:00,4.517,-,0.000
2021-09-09T21:15:00,4.510,-,0.000
2021-09-09T21:00:00,4.505,-,0.000
2021-09-09T20:45:00,4.497,-,0.000
2021-09-09T20:30:00,4.492,-,0.000
2021-09-09T20:15:00,4.486,-,0.000
2021-09-09T20:00:00,4.481,-,0.000
2021-09-09T19:45:00,4.476,-,0.000
2021-09-09T19:30:00,4.469,-,0.000
2021-09-09T19:15:00,4.466,-,0.000
2021-09-09T19:00:00,4.463,-,0.500
2021-09-09T18:45:00,4.461,-,0.500
2021-09-09T18:30:00,4.460,-,0.500
2021-09-09T18:15:00,4.457,-,0.500
2021-09-09T18:00:00,4.454,-,0.500
2021-09-09T17:45:00,4.453,-,0.000
2021-09-09T17:30:00,4.453,-,1.000
2021-09-09T17:15:00,4.452,-,2.000
2021-09-09T17:00:00,4.446,-,6.500
2021-09-09T16:45:00,4.439,-,18.000
2021-09-09T16:30:00,4.426,-,2.500
2021-09-09T16:15:00,4.426,-,0.000
2021-09-09T16:00:00,4.428,-,0.000
2021-09-09T15:45:00,4.432,-,0.000
2021-09-09T15:30:00,4.435,-,0.000
2021-09-09T15:15:00,4.438,-,0.000
2021-09-09T15:00:00,4.439,-,0.000
2021-09-09T14:45:00,4.442,-,0.000
2021-09-09T14:30:00,4.444,-,0.000
2021-09-09T14:15:00,4.447,-,0.000
2021-09-09T14:00:00,4.450,-,0.000
2021-09-09T13:45:00,4.451,-,0.000
2021-09-09T13:30:00,4.454,-,0.000
2021-09-09T13:15:00,4.455,-,0.000
2021-09-09T13:00:00,4.458,-,0.000
2021-09-09T12:45:00,4.461,-,0.000
2021-09-09T12:30:00,4.464,-,0.000
2021-09-09T12:15:00,4.464,-,0.000
2021-09-09T12:00:00,4.467,-,0.000
2021-09-09T11:45:00,4.473,-,0.000
2021-09-09T11:30:00,4.474,-,0.000
2021-09-09T11:15:00,4.476,-,0.000
2021-09-09T11:00:00,4.476,-,0.000
2021-09-09T10:45:00,4.481,-,0.000
2021-09-09T10:30:00,4.486,-,0.000
2021-09-09T10:15:00,4.490,-,0.000
2021-09-09T10:00:00,4.494,-,0.000
2021-09-09T09:45:00,4.497,-,0.000
2021-09-09T09:30:00,4.502,-,0.000
2021-09-09T09:15:00,4.506,-,0.000
2021-09-09T09:00:00,4.509,-,0.000
2021-09-09T08:45:00,4.512,-,0.000
2021-09-09T08:30:00,4.516,-,0.000
2021-09-09T08:15:00,4.520,-,0.000
2021-09-09T08:00:00,4.526,-,0.000
2021-09-09T07:45:00,4.526,-,0.000
2021-09-09T07:30:00,4.530,-,0.000
2021-09-09T07:15:00,4.535,-,0.000
2021-09-09T07:00:00,4.538,-,0.000
2021-09-09T06:45:00,4.541,-,0.000
2021-09-09T06:30:00,4.545,-,0.000
2021-09-09T06:15:00,4.547,-,0.000
2021-09-09T06:00:00,4.550,-,0.000
2021-09-09T05:45:00,4.555,-,0.000
2021-09-09T05:30:00,4.559,-,0.000
2021-09-09T05:15:00,4.563,-,0.000
2021-09-09T05:00:00,4.564,-,0.000
2021-09-09T04:45:00,4.570,-,0.000
2021-09-09T04:30:00,4.574,-,0.000
2021-09-09T04:15:00,4.576,-,0.000
2021-09-09T04:00:00,4.579,-,0.000
2021-09-09T03:45:00,4.582,-,1.500
2021-09-09T03:30:00,4.585,-,1.500
2021-09-09T03:15:00,4.584,-,6.000
2021-09-09T03:00:00,4.585,-,0.000
2021-09-09T02:45:00,4.588,-,0.000
2021-09-09T02:30:00,4.590,-,0.000
2021-09-09T02:15:00,4.591,-,0.000
2021-09-09T02:00:00,4.599,-,0.000
2021-09-09T01:45:00,4.600,-,0.000
2021-09-09T01:30:00,4.601,-,0.000
2021-09-09T01:15:00,4.601,-,0.000
2021-09-09T01:00:00,4.602,-,0.000
2021-09-09T00:45:00,4.603,-,0.000
2021-09-09T00:30:00,4.604,-,0.000
2021-09-09T00:15:00,4.606,-,0.000
2021-09-09T00:00:00,4.606,-,0.000
2021-09-08T23:45:00,4.607,-,0.000
2021-09-08T23:30:00,4.608,-,0.000
2021-09-08T23:15:00,4.609,-,0.000
2021-09-08T23:00:00,4.609,-,0.000
2021-09-08T22:45:00,4.612,-,0.000
2021-09-08T22:30:00,4.612,-,0.000
2021-09-08T22:15:00,4.612,-,0.000
2021-09-08T22:00:00,4.610,-,0.000
2021-09-08T21:45:00,4.616,-,0.000
2021-09-08T21:30:00,4.615,-,0.000
2021-09-08T21:15:00,4.617,-,0.000
2021-09-08T21:00:00,4.620,-,0.000
2021-09-08T20:45:00,4.622,-,0.000
2021-09-08T20:30:00,4.625,-,0.000
2021-09-08T20:15:00,4.628,-,0.000
2021-09-08T20:00:00,4.633,-,0.000
2021-09-08T19:45:00,4.638,-,0.000
2021-09-08T19:30:00,4.647,-,0.000
2021-09-08T19:15:00,4.663,-,0.000
2021-09-08T19:00:00,4.664,-,0.000
2021-09-08T18:45:00,4.661,-,0.000
2021-09-08T18:30:00,4.659,-,0.000
2021-09-08T18:15:00,4.660,-,0.000
2021-09-08T18:00:00,4.658,-,0.000
2021-09-08T17:45:00,4.658,-,0.000
2021-09-08T17:30:00,4.657,-,0.000
2021-09-08T17:15:00,4.658,-,0.000
2021-09-08T17:00:00,4.658,-,0.000
2021-09-08T16:45:00,4.655,-,0.000
2021-09-08T16:30:00,4.656,-,0.000
2021-09-08T16:15:00,4.654,-,0.000
2021-09-08T16:00:00,4.654,-,0.000
2021-09-08T15:45:00,4.651,-,0.000
2021-09-08T15:30:00,4.650,-,0.000
2021-09-08T15:15:00,4.646,-,0.000
2021-09-08T15:00:00,4.645,-,0.000
2021-09-08T14:45:00,4.644,-,0.000
2021-09-08T14:30:00,4.644,-,0.000
2021-09-08T14:15:00,4.640,-,0.500
2021-09-08T14:00:00,4.642,-,0.000
2021-09-08T13:45:00,4.644,-,1.000
2021-09-08T13:30:00,4.645,-,1.500
2021-09-08T13:15:00,4.652,-,0.000
2021-09-08T13:00:00,4.651,-,0.000
2021-09-08T12:45:00,4.658,-,0.000
2021-09-08T12:30:00,4.661,-,0.000
2021-09-08T12:15:00,4.668,-,0.000
2021-09-08T12:00:00,4.672,-,0.000
2021-09-08T11:45:00,4.678,-,0.000
2021-09-08T11:30:00,4.689,-,0.000
2021-09-08T11:15:00,4.720,-,0.000
2021-09-08T11:00:00,4.718,-,0.000
2021-09-08T10:45:00,4.713,-,0.000
2021-09-08T10:30:00,4.710,-,0.000
2021-09-08T10:15:00,4.709,-,0.000
2021-09-08T10:00:00,4.706,-,0.000
2021-09-08T09:45:00,4.709,-,0.000
2021-09-08T09:30:00,4.699,-,0.000
2021-09-08T09:15:00,4.689,-,0.000
2021-09-08T09:00:00,4.681,-,0.000
2021-09-08T08:45:00,4.673,-,0.000
2021-09-08T08:30:00,4.663,-,0.000
2021-09-08T08:15:00,4.654,-,0.000
2021-09-08T08:00:00,4.645,-,0.000
2021-09-08T07:45:00,4.635,-,0.000
2021-09-08T07:30:00,4.627,-,0.000
2021-09-08T07:15:00,4.617,-,0.000
2021-09-08T07:00:00,4.609,-,0.000
2021-09-08T06:45:00,4.601,-,0.000
2021-09-08T06:30:00,4.592,-,0.000
2021-09-08T06:15:00,4.584,-,0.000
2021-09-08T06:00:00,4.576,-,0.000
2021-09-08T05:45:00,4.568,-,0.000
2021-09-08T05:30:00,4.560,-,0.000
2021-09-08T05:15:00,4.553,-,0.500
2021-09-08T05:00:00,4.546,-,0.000
2021-09-08T04:45:00,4.539,-,0.000
2021-09-08T04:30:00,4.531,-,0.000
2021-09-08T04:15:00,4.525,-,0.500
2021-09-08T04:00:00,4.517,-,1.000
2021-09-08T03:45:00,4.510,-,1.500
2021-09-08T03:30:00,4.503,-,0.000
2021-09-08T03:15:00,4.497,-,0.000
2021-09-08T03:00:00,4.494,-,0.000
2021-09-08T02:45:00,4.489,-,0.000
2021-09-08T02:30:00,4.485,-,0.000
2021-09-08T02:15:00,4.482,-,0.000
2021-09-08T02:00:00,4.480,-,0.000
2021-09-08T01:45:00,4.477,-,0.000
2021-09-08T01:30:00,4.474,-,0.000
2021-09-08T01:15:00,4.470,-,0.000
2021-09-08T01:00:00,4.470,-,0.000
2021-09-08T00:45:00,4.466,-,0.000
2021-09-08T00:30:00,4.466,-,0.000
2021-09-08T00:15:00,4.463,-,0.500
2021-09-08T00:00:00,4.462,-,0.000
2021-09-07T23:45:00,4.459,-,0.500
2021-09-07T23:30:00,4.455,-,0.000
2021-09-07T23:15:00,4.454,-,0.500
2021-09-07T23:00:00,4.452,-,0.500
2021-09-07T22:45:00,4.449,-,0.500
2021-09-07T22:30:00,4.448,-,0.000
2021-09-07T22:15:00,4.446,-,0.500
2021-09-07T22:00:00,4.445,-,0.500
2021-09-07T21:45:00,4.444,-,0.000
2021-09-07T21:30:00,4.442,-,0.000
2021-09-07T21:15:00,4.441,-,0.000
2021-09-07T21:00:00,4.439,-,0.000
2021-09-07T20:45:00,4.439,-,0.000
2021-09-07T20:30:00,4.436,-,0.000
2021-09-07T20:15:00,4.436,-,0.000
2021-09-07T20:00:00,4.432,-,0.000
2021-09-07T19:45:00,4.429,-,0.000
2021-09-07T19:30:00,4.428,-,0.500
2021-09-07T19:15:00,4.425,-,0.000
2021-09-07T19:00:00,4.419,-,0.000
2021-09-07T18:45:00,4.416,-,0.500
2021-09-07T18:30:00,4.415,-,0.500
2021-09-07T18:15:00,4.414,-,0.000
2021-09-07T18:00:00,4.411,-,0.000
2021-09-07T17:45:00,4.409,-,0.000
2021-09-07T17:30:00,4.408,-,1.000
2021-09-07T17:15:00,4.406,-,16.000
2021-09-07T17:00:00,4.387,-,0.500
2021-09-07T16:45:00,4.389,-,0.000
2021-09-07T16:30:00,4.390,-,0.000
2021-09-07T16:15:00,4.390,-,0.000
2021-09-07T16:00:00,4.392,-,0.000
2021-09-07T15:45:00,4.392,-,0.000
2021-09-07T15:30:00,4.394,-,0.000
2021-09-07T15:15:00,4.395,-,0.000
2021-09-07T15:00:00,4.395,-,0.000
2021-09-07T14:45:00,4.397,-,0.000
2021-09-07T14:30:00,4.398,-,0.000
2021-09-07T14:15:00,4.399,-,0.000
2021-09-07T14:00:00,4.398,-,0.000
2021-09-07T13:45:00,4.399,-,0.000
2021-09-07T13:30:00,4.400,-,0.000
2021-09-07T13:15:00,4.401,-,0.000
2021-09-07T13:00:00,4.402,-,0.000
2021-09-07T12:45:00,4.402,-,0.000
2021-09-07T12:30:00,4.402,-,0.000
2021-09-07T12:15:00,4.404,-,0.000
2021-09-07T12:00:00,4.405,-,0.000
2021-09-07T11:45:00,4.408,-,0.000
2021-09-07T11:30:00,4.409,-,0.000
2021-09-07T11:15:00,4.412,-,0.000
2021-09-07T11:00:00,4.413,-,0.000
2021-09-07T10:45:00,4.415,-,0.000
2021-09-07T10:30:00,4.417,-,0.000
2021-09-07T10:15:00,4.418,-,0.000
2021-09-07T10:00:00,4.419,-,0.000
2021-09-07T09:45:00,4.419,-,0.000
2021-09-07T09:30:00,4.420,-,0.000
2021-09-07T09:15:00,4.419,-,0.000
2021-09-07T09:00:00,4.418,-,0.000
2021-09-07T08:45:00,4.416,-,0.000
2021-09-07T08:30:00,4.416,-,0.000
2021-09-07T08:15:00,4.411,-,0.000
2021-09-07T08:00:00,4.411,-,0.000
2021-09-07T07:45:00,4.411,-,0.000
2021-09-07T07:30:00,4.412,-,0.000
2021-09-07T07:15:00,4.412,-,0.000
2021-09-07T07:00:00,4.414,-,0.000
2021-09-07T06:45:00,4.413,-,0.500
2021-09-07T06:30:00,4.414,-,0.000
2021-09-07T06:15:00,4.414,-,0.500
2021-09-07T06:00:00,4.414,-,0.000
2021-09-07T05:45:00,4.415,-,0.000
2021-09-07T05:30:00,4.415,-,1.000
2021-09-07T05:15:00,4.415,-,0.000
2021-09-07T05:00:00,4.414,-,0.000
2021-09-07T04:45:00,4.414,-,0.000
2021-09-07T04:30:00,4.414,-,0.000
2021-09-07T04:15:00,4.414,-,0.000
2021-09-07T04:00:00,4.414,-,0.000
2021-09-07T03:45:00,4.414,-,0.000
2021-09-07T03:30:00,4.414,-,0.000
2021-09-07T03:15:00,4.414,-,0.000
2021-09-07T03:00:00,4.413,-,0.000
2021-09-07T02:45:00,4.413,-,0.000
2021-09-07T02:30:00,4.413,-,0.000
2021-09-07T02:15:00,4.410,-,0.000
2021-09-07T02:00:00,4.406,-,0.000
2021-09-07T01:45:00,4.406,-,0.000
2021-09-07T01:30:00,4.396,-,0.000
2021-09-07T01:15:00,4.399,-,0.000
2021-09-07T01:00:00,4.403,-,0.000
2021-09-07T00:45:00,4.406,-,0.000
2021-09-07T00:30:00,4.410,-,0.000
2021-09-07T00:15:00,4.414,-,0.000
2021-09-07T00:00:00,4.418,-,0.000
2021-09-20T23:45:00,4.602,-,0.000
2021-09-20T23:30:00,4.601,-,0.000
2021-09-20T23:15:00,4.601,-,0.000
2021-09-20T23:00:00,4.601,-,0.000
2021-09-20T22:45:00,4.601,-,0.000
2021-09-20T22:30:00,4.601,-,0.000
2021-09-20T22:15:00,4.601,-,0.000
2021-09-20T22:00:00,4.601,-,0.000
2021-09-20T21:45:00,4.601,-,0.000
2021-09-20T21:30:00,4.603,-,0.000
2021-09-20T21:15:00,4.603,-,0.000
2021-09-20T21:00:00,4.602,-,0.500
2021-09-20T20:45:00,4.602,-,1.000
2021-09-20T20:30:00,4.602,-,4.000
2021-09-20T20:15:00,4.600,-,3.000
2021-09-20T20:00:00,4.600,-,2.000
2021-09-20T19:45:00,4.600,-,0.500
2021-09-20T19:30:00,4.601,-,0.500
2021-09-20T19:15:00,4.601,-,0.500
2021-09-20T19:00:00,4.603,-,1.000
2021-09-20T18:45:00,4.606,-,0.000
2021-09-20T18:30:00,4.608,-,0.000
2021-09-20T18:15:00,4.612,-,0.000
2021-09-20T18:00:00,4.615,-,0.000
2021-09-20T17:45:00,4.618,-,0.000
2021-09-20T17:30:00,4.622,-,0.000
2021-09-20T17:15:00,4.624,-,0.000
2021-09-20T17:00:00,4.628,-,0.000
2021-09-20T16:45:00,4.631,-,0.000
2021-09-20T16:30:00,4.635,-,0.000
2021-09-20T16:15:00,4.638,-,0.000
2021-09-20T16:00:00,4.642,-,0.000
2021-09-20T15:45:00,4.645,-,0.000
2021-09-20T15:30:00,4.649,-,0.000
2021-09-20T15:15:00,4.652,-,0.000
2021-09-20T15:00:00,4.657,-,0.000
2021-09-20T14:45:00,4.660,-,0.000
2021-09-20T14:30:00,4.664,-,0.000
2021-09-20T14:15:00,4.669,-,0.000
2021-09-20T14:00:00,4.673,-,0.000
2021-09-20T13:45:00,4.676,-,0.000
2021-09-20T13:30:00,4.680,-,0.000
2021-09-20T13:15:00,4.683,-,0.500
2021-09-20T13:00:00,4.687,-,0.000
2021-09-20T12:45:00,4.690,-,0.000
2021-09-20T12:30:00,4.693,-,0.000
2021-09-20T12:15:00,4.696,-,0.000
2021-09-20T12:00:00,4.702,-,0.000
2021-09-20T11:45:00,4.705,-,0.000
2021-09-20T11:30:00,4.709,-,0.000
2021-09-20T11:15:00,4.712,-,2.000
2021-09-20T11:00:00,4.722,-,0.000
2021-09-20T10:45:00,4.724,-,0.000
2021-09-20T10:30:00,4.725,-,0.000
2021-09-20T10:15:00,4.727,-,0.000
2021-09-20T10:00:00,4.730,-,0.000
2021-09-20T09:45:00,4.734,-,0.000
2021-09-20T09:30:00,4.738,-,0.000
2021-09-20T09:15:00,4.742,-,0.000
2021-09-20T09:00:00,4.746,-,0.000
2021-09-20T08:45:00,4.750,-,0.000
2021-09-20T08:30:00,4.753,-,0.000
2021-09-20T08:15:00,4.758,-,0.000
2021-09-20T08:00:00,4.762,-,0.000
2021-09-20T07:45:00,4.766,-,0.000
2021-09-20T07:30:00,4.770,-,0.000
2021-09-20T07:15:00,4.774,-,0.000
2021-09-20T07:00:00,4.779,-,0.000
2021-09-20T06:45:00,4.783,-,0.000
2021-09-20T06:30:00,4.787,-,0.000
2021-09-20T06:15:00,4.792,-,0.000
2021-09-20T06:00:00,4.796,-,0.000
2021-09-20T05:45:00,4.801,-,0.000
2021-09-20T05:30:00,4.808,-,0.000
2021-09-20T05:15:00,4.810,-,0.000
2021-09-20T05:00:00,4.820,-,0.000
2021-09-20T04:45:00,4.821,-,0.000
2021-09-20T04:30:00,4.822,-,0.000
2021-09-20T04:15:00,4.823,-,0.000
2021-09-20T04:00:00,4.826,-,0.000
2021-09-20T03:45:00,4.826,-,0.000
2021-09-20T03:30:00,4.828,-,0.000
2021-09-20T03:15:00,4.828,-,0.000
2021-09-20T03:00:00,4.830,-,0.000
2021-09-20T02:45:00,4.831,-,0.000
2021-09-20T02:30:00,4.832,-,0.000
2021-09-20T02:15:00,4.833,-,0.000
2021-09-20T02:00:00,4.834,-,0.000
2021-09-20T01:45:00,4.834,-,0.000
2021-09-20T01:30:00,4.836,-,0.000
2021-09-20T01:15:00,4.837,-,0.000
2021-09-20T01:00:00,4.837,-,0.000
2021-09-20T00:45:00,4.837,-,0.000
2021-09-20T00:30:00,4.837,-,0.000
2021-09-20T00:15:00,4.837,-,0.000
2021-09-20T00:00:00,4.835,-,0.000
2021-09-19T23:45:00,4.834,-,0.000
2021-09-19T23:30:00,4.833,-,0.000
2021-09-19T23:15:00,4.830,-,0.000
2021-09-19T23:00:00,4.827,-,0.000
2021-09-19T22:45:00,4.823,-,0.000
2021-09-19T22:30:00,4.820,-,0.000
2021-09-19T22:15:00,4.814,-,0.000
2021-09-19T22:00:00,4.809,-,0.000
2021-09-19T21:45:00,4.804,-,0.000
2021-09-19T21:30:00,4.799,-,0.000
2021-09-19T21:15:00,4.793,-,0.000
2021-09-19T21:00:00,4.788,-,0.000
2021-09-19T20:45:00,4.783,-,0.000
2021-09-19T20:30:00,4.777,-,0.000
2021-09-19T20:15:00,4.771,-,0.000
2021-09-19T20:00:00,4.765,-,0.000
2021-09-19T19:45:00,4.760,-,0.000
2021-09-19T19:30:00,4.754,-,0.000
2021-09-19T19:15:00,4.750,-,0.000
2021-09-19T19:00:00,4.742,-,0.000
2021-09-19T18:45:00,4.734,-,0.000
2021-09-19T18:30:00,4.727,-,0.000
2021-09-19T18:15:00,4.720,-,0.000
2021-09-19T18:00:00,4.711,-,0.000
2021-09-19T17:45:00,4.704,-,0.000
2021-09-19T17:30:00,4.697,-,0.000
2021-09-19T17:15:00,4.691,-,0.000
2021-09-19T17:00:00,4.686,-,0.000
2021-09-19T16:45:00,4.681,-,0.000
2021-09-19T16:30:00,4.676,-,0.000
2021-09-19T16:15:00,4.674,-,0.000
2021-09-19T16:00:00,4.666,-,0.000
2021-09-19T15:45:00,4.662,-,0.000
2021-09-19T15:30:00,4.657,-,0.000
2021-09-19T15:15:00,4.658,-,4.500
2021-09-19T15:00:00,4.645,-,0.000
2021-09-19T14:45:00,4.639,-,0.000
2021-09-19T14:30:00,4.637,-,0.000
2021-09-19T14:15:00,4.631,-,0.500
2021-09-19T14:00:00,4.629,-,7.000
2021-09-19T13:45:00,4.617,-,11.500
2021-09-19T13:30:00,4.603,-,0.000
2021-09-19T13:15:00,4.597,-,0.000
2021-09-19T13:00:00,4.595,-,0.000
2021-09-19T12:45:00,4.594,-,0.000
2021-09-19T12:30:00,4.590,-,0.000
2021-09-19T12:15:00,4.587,-,0.000
2021-09-19T12:00:00,4.585,-,0.000
2021-09-19T11:45:00,4.584,-,0.000
2021-09-19T11:30:00,4.583,-,0.000
2021-09-19T11:15:00,4.583,-,0.000
2021-09-19T11:00:00,4.584,-,0.000
2021-09-19T10:45:00,4.585,-,0.000
2021-09-19T10:30:00,4.586,-,0.000
2021-09-19T10:15:00,4.588,-,0.000
2021-09-19T10:00:00,4.598,-,0.000
2021-09-19T09:45:00,4.598,-,0.000
2021-09-19T09:30:00,4.599,-,0.000
2021-09-19T09:15:00,4.600,-,0.000
2021-09-19T09:00:00,4.600,-,0.000
2021-09-19T08:45:00,4.601,-,0.000
2021-09-19T08:30:00,4.601,-,0.000
2021-09-19T08:15:00,4.602,-,0.000
2021-09-19T08:00:00,4.602,-,0.000
2021-09-19T07:45:00,4.602,-,0.000
2021-09-19T07:30:00,4.604,-,0.000
2021-09-19T07:15:00,4.605,-,0.000
2021-09-19T07:00:00,4.606,-,0.000
2021-09-19T06:45:00,4.607,-,0.000
2021-09-19T06:30:00,4.609,-,0.000
2021-09-19T06:15:00,4.608,-,0.000
2021-09-19T06:00:00,4.609,-,0.000
2021-09-19T05:45:00,4.609,-,0.000
2021-09-19T05:30:00,4.611,-,0.000
2021-09-19T05:15:00,4.612,-,0.000
2021-09-19T05:00:00,4.613,-,0.000
2021-09-19T04:45:00,4.614,-,0.000
2021-09-19T04:30:00,4.615,-,0.000
2021-09-19T04:15:00,4.615,-,0.000
2021-09-19T04:00:00,4.616,-,0.000
2021-09-19T03:45:00,4.617,-,0.000
2021-09-19T03:30:00,4.617,-,0.000
2021-09-19T03:15:00,4.618,-,0.000
2021-09-19T03:00:00,4.618,-,0.000
2021-09-19T02:45:00,4.618,-,0.000
2021-09-19T02:30:00,4.619,-,0.000
2021-09-19T02:15:00,4.618,-,0.000
2021-09-19T02:00:00,4.618,-,0.000
2021-09-19T01:45:00,4.618,-,0.000
2021-09-19T01:30:00,4.618,-,0.000
2021-09-19T01:15:00,4.619,-,0.000
2021-09-19T01:00:00,4.618,-,0.000
2021-09-19T00:45:00,4.618,-,0.000
2021-09-19T00:30:00,4.618,-,0.000
2021-09-19T00:15:00,4.618,-,0.000
2021-09-19T00:00:00,4.618,-,0.000
2021-09-18T23:45:00,4.617,-,0.000
2021-09-18T23:30:00,4.617,-,0.000
2021-09-18T23:15:00,4.617,-,0.000
2021-09-18T23:00:00,4.617,-,0.000
2021-09-18T22:45:00,4.616,-,0.000
2021-09-18T22:30:00,4.616,-,0.000
2021-09-18T22:15:00,4.614,-,0.000
2021-09-18T22:00:00,4.612,-,0.000
2021-09-18T21:45:00,4.609,-,0.000
2021-09-18T21:30:00,4.606,-,0.000
2021-09-18T21:15:00,4.602,-,0.000
2021-09-18T21:00:00,4.596,-,0.000
2021-09-18T20:45:00,4.592,-,0.000
2021-09-18T20:30:00,4.587,-,0.000
2021-09-18T20:15:00,4.580,-,0.000
2021-09-18T20:00:00,4.576,-,0.000
2021-09-18T19:45:00,4.570,-,0.000
2021-09-18T19:30:00,4.562,-,0.000
2021-09-18T19:15:00,4.557,-,0.000
2021-09-18T19:00:00,4.552,-,0.000
2021-09-18T18:45:00,4.546,-,0.000
2021-09-18T18:30:00,4.541,-,0.000
2021-09-18T18:15:00,4.536,-,0.000
2021-09-18T18:00:00,4.528,-,0.000
2021-09-18T17:45:00,4.524,-,0.000
2021-09-18T17:30:00,4.520,-,0.000
2021-09-18T17:15:00,4.513,-,0.000
2021-09-18T17:00:00,4.510,-,0.000
2021-09-18T16:45:00,4.501,-,0.000
2021-09-18T16:30:00,4.494,-,0.000
2021-09-18T16:15:00,4.487,-,0.000
2021-09-18T16:00:00,4.478,-,0.000
2021-09-18T15:45:00,4.467,-,0.000
2021-09-18T15:30:00,4.457,-,0.000
2021-09-18T15:15:00,4.451,-,0.000
2021-09-18T15:00:00,4.442,-,0.000
2021-09-18T14:45:00,4.433,-,0.000
2021-09-18T14:30:00,4.424,-,0.000
2021-09-18T14:15:00,4.415,-,0.000
2021-09-18T14:00:00,4.404,-,0.000
2021-09-18T13:45:00,4.395,-,0.000
2021-09-18T13:30:00,4.384,-,0.000
2021-09-18T13:15:00,4.375,-,0.000
2021-09-18T13:00:00,4.365,-,0.000
2021-09-18T12:45:00,4.355,-,0.000
2021-09-18T12:30:00,4.345,-,0.000
2021-09-18T12:15:00,4.337,-,0.000
2021-09-18T12:00:00,4.329,-,0.000
2021-09-18T11:45:00,4.319,-,0.000
2021-09-18T11:30:00,4.311,-,0.000
2021-09-18T11:15:00,4.306,-,0.000
2021-09-18T11:00:00,4.301,-,0.000
2021-09-18T10:45:00,4.295,-,0.000
2021-09-18T10:30:00,4.277,-,0.000
2021-09-18T10:15:00,4.281,-,0.000
2021-09-18T10:00:00,4.283,-,0.000
2021-09-18T09:45:00,4.286,-,0.000
2021-09-18T09:30:00,4.290,-,0.000
2021-09-18T09:15:00,4.292,-,0.000
2021-09-18T09:00:00,4.296,-,0.000
2021-09-18T08:45:00,4.299,-,0.000
2021-09-18T08:30:00,4.302,-,0.000
2021-09-18T08:15:00,4.305,-,0.000
2021-09-18T08:00:00,4.308,-,0.000
2021-09-18T07:45:00,4.312,-,0.000
2021-09-18T07:30:00,4.314,-,0.000
2021-09-18T07:15:00,4.317,-,0.000
2021-09-18T07:00:00,4.321,-,0.000
2021-09-18T06:45:00,4.324,-,0.000
2021-09-18T06:30:00,4.326,-,0.000
2021-09-18T06:15:00,4.329,-,0.000
2021-09-18T06:00:00,4.332,-,0.000
2021-09-18T05:45:00,4.334,-,0.000
2021-09-18T05:30:00,4.337,-,0.000
2021-09-18T05:15:00,4.349,-,0.000
2021-09-18T05:00:00,4.350,-,0.000
2021-09-18T04:45:00,4.351,-,0.000
2021-09-18T04:30:00,4.352,-,0.000
2021-09-18T04:15:00,4.353,-,0.000
2021-09-18T04:00:00,4.357,-,0.000
2021-09-18T03:45:00,4.360,-,0.000
2021-09-18T03:30:00,4.363,-,0.000
2021-09-18T03:15:00,4.366,-,0.000
2021-09-18T03:00:00,4.370,-,0.000
2021-09-18T02:45:00,4.373,-,0.000
2021-09-18T02:30:00,4.376,-,0.000
2021-09-18T02:15:00,4.378,-,0.000
2021-09-18T02:00:00,4.383,-,0.000
2021-09-18T01:45:00,4.386,-,0.000
2021-09-18T01:30:00,4.389,-,0.000
2021-09-18T01:15:00,4.392,-,0.000
2021-09-18T01:00:00,4.395,-,0.000
2021-09-18T00:45:00,4.399,-,0.000
2021-09-18T00:30:00,4.402,-,0.000
2021-09-18T00:15:00,4.406,-,0.000
2021-09-18T00:00:00,4.410,-,0.000
2021-09-17T23:45:00,4.413,-,0.000
2021-09-17T23:30:00,4.417,-,0.000
2021-09-17T23:15:00,4.420,-,0.000
2021-09-17T23:00:00,4.424,-,0.000
2021-09-17T22:45:00,4.427,-,0.000
2021-09-17T22:30:00,4.431,-,0.000
2021-09-17T22:15:00,4.434,-,0.000
2021-09-17T22:00:00,4.437,-,0.000
2021-09-17T21:45:00,4.441,-,0.000
2021-09-17T21:30:00,4.443,-,0.000
2021-09-17T21:15:00,4.446,-,0.000
2021-09-17T21:00:00,4.449,-,0.000
2021-09-17T20:45:00,4.452,-,0.000
2021-09-17T20:30:00,4.455,-,0.000
2021-09-17T20:15:00,4.458,-,0.000
2021-09-17T20:00:00,4.462,-,0.000
2021-09-17T19:45:00,4.465,-,0.000
2021-09-17T19:30:00,4.474,-,0.000
2021-09-17T19:15:00,4.475,-,0.000
2021-09-17T19:00:00,4.476,-,0.000
2021-09-17T18:45:00,4.478,-,0.000
2021-09-17T18:30:00,4.482,-,0.000
2021-09-17T18:15:00,4.485,-,0.000
2021-09-17T18:00:00,4.488,-,0.000
2021-09-17T17:45:00,4.493,-,0.000
2021-09-17T17:30:00,4.495,-,0.000
2021-09-17T17:15:00,4.497,-,0.000
2021-09-17T17:00:00,4.499,-,0.000
2021-09-17T16:45:00,4.500,-,0.000
2021-09-17T16:30:00,4.503,-,0.000
2021-09-17T16:15:00,4.505,-,0.000
2021-09-17T16:00:00,4.506,-,0.000
2021-09-17T15:45:00,4.507,-,0.000
2021-09-17T15:30:00,4.509,-,0.000
2021-09-17T15:15:00,4.511,-,0.000
2021-09-17T15:00:00,4.513,-,0.000
2021-09-17T14:45:00,4.514,-,0.000
2021-09-17T14:30:00,4.516,-,0.000
2021-09-17T14:15:00,4.517,-,0.000
2021-09-17T14:00:00,4.519,-,0.000
2021-09-17T13:45:00,4.520,-,0.000
2021-09-17T13:30:00,4.522,-,0.000
2021-09-17T13:15:00,4.523,-,0.000
2021-09-17T13:00:00,4.525,-,0.000
2021-09-17T12:45:00,4.526,-,0.000
2021-09-17T12:30:00,4.528,-,0.000
2021-09-17T12:15:00,4.528,-,0.000
2021-09-17T12:00:00,4.530,-,0.000
2021-09-17T11:45:00,4.531,-,0.000
2021-09-17T11:30:00,4.532,-,0.000
2021-09-17T11:15:00,4.534,-,0.000
2021-09-17T11:00:00,4.536,-,0.000
2021-09-17T10:45:00,4.536,-,0.000
2021-09-17T10:30:00,4.538,-,0.000
2021-09-17T10:15:00,4.540,-,0.000
2021-09-17T10:00:00,4.541,-,0.000
2021-09-17T09:45:00,4.543,-,0.000
2021-09-17T09:30:00,4.544,-,0.000
2021-09-17T09:15:00,4.545,-,0.000
2021-09-17T09:00:00,4.546,-,0.000
2021-09-17T08:45:00,4.546,-,0.000
2021-09-17T08:30:00,4.548,-,0.000
2021-09-17T08:15:00,4.549,-,0.000
2021-09-17T08:00:00,4.549,-,0.000
2021-09-17T07:45:00,4.550,-,0.000
2021-09-17T07:30:00,4.550,-,0.000
2021-09-17T07:15:00,4.551,-,0.000
2021-09-17T07:00:00,4.551,-,0.000
2021-09-17T06:45:00,4.551,-,0.000
2021-09-17T06:30:00,4.553,-,0.000
2021-09-17T06:15:00,4.552,-,0.000
2021-09-17T06:00:00,4.551,-,0.000
2021-09-17T05:45:00,4.551,-,0.500
2021-09-17T05:30:00,4.551,-,0.000
2021-09-17T05:15:00,4.550,-,0.000
2021-09-17T05:00:00,4.550,-,0.000
2021-09-17T04:45:00,4.548,-,0.000
2021-09-17T04:30:00,4.547,-,0.000
2021-09-17T04:15:00,4.546,-,0.000
2021-09-17T04:00:00,4.545,-,0.000
2021-09-17T03:45:00,4.543,-,0.000
2021-09-17T03:30:00,4.542,-,0.000
2021-09-17T03:15:00,4.540,-,0.000
2021-09-17T03:00:00,4.538,-,0.000
2021-09-17T02:45:00,4.535,-,0.000
2021-09-17T02:30:00,4.534,-,0.000
2021-09-17T02:15:00,4.531,-,0.000
2021-09-17T02:00:00,4.529,-,0.000
2021-09-17T01:45:00,4.526,-,0.000
2021-09-17T01:30:00,4.522,-,0.000
2021-09-17T01:15:00,4.520,-,0.000
2021-09-17T01:00:00,4.516,-,0.000
2021-09-17T00:45:00,4.513,-,0.000
2021-09-17T00:30:00,4.510,-,0.000
2021-09-17T00:15:00,4.506,-,0.000
2021-09-17T00:00:00,4.502,-,0.000
2021-09-16T23:45:00,4.498,-,0.000
2021-09-16T23:30:00,4.495,-,0.000
2021-09-16T23:15:00,4.490,-,0.000
2021-09-16T23:00:00,4.486,-,0.000
2021-09-16T22:45:00,4.481,-,0.000
2021-09-16T22:30:00,4.477,-,0.000
2021-09-16T22:15:00,4.471,-,0.000
2021-09-16T22:00:00,4.467,-,0.000
2021-09-16T21:45:00,4.461,-,0.000
2021-09-16T21:30:00,4.456,-,0.000
2021-09-16T21:15:00,4.450,-,0.000
2021-09-16T21:00:00,4.445,-,0.000
2021-09-16T20:45:00,4.439,-,0.000
2021-09-16T20:30:00,4.435,-,0.000
2021-09-16T20:15:00,4.430,-,0.000
2021-09-16T20:00:00,4.426,-,0.000
2021-09-16T19:45:00,4.423,-,0.000
2021-09-16T19:30:00,4.419,-,0.000
2021-09-16T19:15:00,4.416,-,0.000
2021-09-16T19:00:00,4.413,-,0.000
2021-09-16T18:45:00,4.411,-,0.000
2021-09-16T18:30:00,4.409,-,0.000
2021-09-16T18:15:00,4.407,-,0.000
2021-09-16T18:00:00,4.406,-,0.000
2021-09-16T17:45:00,4.405,-,0.000
2021-09-16T17:30:00,4.404,-,0.000
2021-09-16T17:15:00,4.402,-,0.000
2021-09-16T17:00:00,4.401,-,0.000
2021-09-16T16:45:00,4.401,-,0.000
2021-09-16T16:30:00,4.401,-,0.000
2021-09-16T16:15:00,4.399,-,0.000
2021-09-16T16:00:00,4.398,-,0.000
2021-09-16T15:45:00,4.397,-,0.000
2021-09-16T15:30:00,4.398,-,0.000
2021-09-16T15:15:00,4.396,-,0.000
2021-09-16T15:00:00,4.395,-,0.000
2021-09-16T14:45:00,4.395,-,0.000
2021-09-16T14:30:00,4.394,-,0.000
2021-09-16T14:15:00,4.393,-,0.000
2021-09-16T14:00:00,4.392,-,0.000
2021-09-16T13:45:00,4.391,-,0.000
2021-09-16T13:30:00,4.388,-,0.000
2021-09-16T13:15:00,4.387,-,0.000
2021-09-16T13:00:00,4.386,-,0.500
2021-09-16T12:45:00,4.387,-,4.000
2021-09-16T12:30:00,4.381,-,0.000
2021-09-16T12:15:00,4.380,-,0.000
2021-09-16T12:00:00,4.378,-,0.000
2021-09-16T11:45:00,4.375,-,0.000
2021-09-16T11:30:00,4.374,-,0.000
2021-09-16T11:15:00,4.373,-,0.000
2021-09-16T11:00:00,4.371,-,0.000
2021-09-16T10:45:00,4.370,-,0.000
2021-09-16T10:30:00,4.368,-,0.000
2021-09-16T10:15:00,4.367,-,0.000
2021-09-16T10:00:00,4.365,-,0.000
2021-09-16T09:45:00,4.364,-,0.000
2021-09-16T09:30:00,4.361,-,0.000
2021-09-16T09:15:00,4.359,-,0.000
2021-09-16T09:00:00,4.357,-,0.000
2021-09-16T08:45:00,4.354,-,0.000
2021-09-16T08:30:00,4.352,-,0.000
2021-09-16T08:15:00,4.346,-,0.000
2021-09-16T08:00:00,4.346,-,0.000
2021-09-16T07:45:00,4.345,-,0.000
2021-09-16T07:30:00,4.344,-,0.000
2021-09-16T07:15:00,4.343,-,0.000
2021-09-16T07:00:00,4.342,-,0.000
2021-09-16T06:45:00,4.341,-,0.000
2021-09-16T06:30:00,4.339,-,0.000
2021-09-16T06:15:00,4.338,-,0.000
2021-09-16T06:00:00,4.336,-,0.000
2021-09-16T05:45:00,4.334,-,0.000
2021-09-16T05:30:00,4.333,-,0.000
2021-09-16T05:15:00,4.331,-,0.000
2021-09-16T05:00:00,4.329,-,0.000
2021-09-16T04:45:00,4.327,-,0.000
2021-09-16T04:30:00,4.325,-,0.000
2021-09-16T04:15:00,4.323,-,0.000
2021-09-16T04:00:00,4.321,-,0.000
2021-09-16T03:45:00,4.320,-,0.000
2021-09-16T03:30:00,4.318,-,0.000
2021-09-16T03:15:00,4.315,-,0.000
2021-09-16T03:00:00,4.312,-,0.000
2021-09-16T02:45:00,4.310,-,0.000
2021-09-16T02:30:00,4.308,-,0.000
2021-09-16T02:15:00,4.305,-,0.000
2021-09-16T02:00:00,4.303,-,0.000
2021-09-16T01:45:00,4.300,-,0.000
2021-09-16T01:30:00,4.297,-,0.000
2021-09-16T01:15:00,4.294,-,0.000
2021-09-16T01:00:00,4.292,-,0.000
2021-09-16T00:45:00,4.289,-,0.000
2021-09-16T00:30:00,4.286,-,0.000
2021-09-16T00:15:00,4.284,-,0.000
2021-09-16T00:00:00,4.281,-,0.000
2021-09-15T23:45:00,4.278,-,0.500
2021-09-15T23:30:00,4.275,-,0.500
2021-09-15T23:15:00,4.272,-,0.000
2021-09-15T23:00:00,4.269,-,0.000
2021-09-15T22:45:00,4.267,-,0.000
2021-09-15T22:30:00,4.263,-,0.500
2021-09-15T22:15:00,4.260,-,1.000
2021-09-15T22:00:00,4.254,-,0.000
2021-09-15T21:45:00,4.253,-,0.000
2021-09-15T21:30:00,4.248,-,0.000
2021-09-15T21:15:00,4.248,-,0.000
2021-09-15T21:00:00,4.248,-,0.000
2021-09-15T20:45:00,4.248,-,0.000
2021-09-15T20:30:00,4.249,-,0.000
2021-09-15T20:15:00,4.250,-,0.000
2021-09-15T20:00:00,4.250,-,0.000
2021-09-15T19:45:00,4.250,-,0.000
2021-09-15T19:30:00,4.250,-,0.000
2021-09-15T19:15:00,4.251,-,0.000
2021-09-15T19:00:00,4.251,-,0.000
2021-09-15T18:45:00,4.251,-,0.000
2021-09-15T18:30:00,4.251,-,0.000
2021-09-15T18:15:00,4.250,-,0.000
2021-09-15T18:00:00,4.250,-,0.000
2021-09-15T17:45:00,4.246,-,0.000
2021-09-15T17:30:00,4.249,-,0.000
2021-09-15T17:15:00,4.251,-,0.000
2021-09-15T17:00:00,4.255,-,0.000
2021-09-15T16:45:00,4.258,-,0.000
2021-09-15T16:30:00,4.261,-,0.000
2021-09-15T16:15:00,4.264,-,0.000
2021-09-15T16:00:00,4.267,-,0.000
2021-09-15T15:45:00,4.271,-,0.000
2021-09-15T15:30:00,4.274,-,0.000
2021-09-15T15:15:00,4.276,-,0.000
2021-09-15T15:00:00,4.280,-,0.000
2021-09-15T14:45:00,4.284,-,0.000
2021-09-15T14:30:00,4.287,-,0.000
2021-09-15T14:15:00,4.291,-,0.000
2021-09-15T14:00:00,4.294,-,0.000
2021-09-15T13:45:00,4.298,-,0.000
2021-09-15T13:30:00,4.301,-,0.000
2021-09-15T13:15:00,4.304,-,0.000
2021-09-15T13:00:00,4.307,-,0.000
2021-09-15T12:45:00,4.311,-,0.000
2021-09-15T12:30:00,4.314,-,0.000
2021-09-15T12:15:00,4.317,-,0.000
2021-09-15T12:00:00,4.322,-,0.000
2021-09-15T11:45:00,4.325,-,0.000
2021-09-15T11:30:00,4.327,-,0.000
2021-09-15T11:15:00,4.330,-,0.000
2021-09-15T11:00:00,4.334,-,0.500
2021-09-15T10:45:00,4.336,-,0.000
2021-09-15T10:30:00,4.340,-,0.000
2021-09-15T10:15:00,4.343,-,0.000
2021-09-15T10:00:00,4.351,-,0.000
2021-09-15T09:45:00,4.352,-,0.000
2021-09-15T09:30:00,4.354,-,0.000
2021-09-15T09:15:00,4.357,-,0.000
2021-09-15T09:00:00,4.360,-,0.000
2021-09-15T08:45:00,4.363,-,0.000
2021-09-15T08:30:00,4.366,-,0.000
2021-09-15T08:15:00,4.370,-,0.000
2021-09-15T08:00:00,4.373,-,0.000
2021-09-15T07:45:00,4.376,-,0.000
2021-09-15T07:30:00,4.380,-,0.000
2021-09-15T07:15:00,4.384,-,0.000
2021-09-15T07:00:00,4.388,-,0.000
2021-09-15T06:45:00,4.392,-,0.000
2021-09-15T06:30:00,4.395,-,0.000
2021-09-15T06:15:00,4.399,-,0.000
2021-09-15T06:00:00,4.403,-,0.000
2021-09-15T05:45:00,4.408,-,0.000
2021-09-15T05:30:00,4.412,-,0.000
2021-09-15T05:15:00,4.416,-,0.000
2021-09-15T05:00:00,4.420,-,0.000
2021-09-15T04:45:00,4.425,-,0.000
2021-09-15T04:30:00,4.429,-,0.000
2021-09-15T04:15:00,4.433,-,0.000
2021-09-15T04:00:00,4.437,-,0.000
2021-09-15T03:45:00,4.441,-,0.000
2021-09-15T03:30:00,4.445,-,0.000
2021-09-15T03:15:00,4.449,-,0.000
2021-09-15T03:00:00,4.453,-,0.000
2021-09-15T02:45:00,4.457,-,0.000
2021-09-15T02:30:00,4.461,-,0.000
2021-09-15T02:15:00,4.466,-,0.000
2021-09-15T02:00:00,4.475,-,0.000
2021-09-15T01:45:00,4.476,-,0.000
2021-09-15T01:30:00,4.478,-,0.000
2021-09-15T01:15:00,4.483,-,0.000
2021-09-15T01:00:00,4.488,-,0.000
2021-09-15T00:45:00,4.492,-,0.000
2021-09-15T00:30:00,4.496,-,0.000
2021-09-15T00:15:00,4.500,-,0.000
2021-09-15T00:00:00,4.505,-,0.000
2021-09-14T23:45:00,4.508,-,0.000
2021-09-14T23:30:00,4.513,-,0.000
2021-09-14T23:15:00,4.517,-,0.000
2021-09-14T23:00:00,4.521,-,0.000
2021-09-14T22:45:00,4.524,-,0.000
2021-09-14T22:30:00,4.528,-,0.000
2021-09-14T22:15:00,4.531,-,0.000
2021-09-14T22:00:00,4.533,-,0.000
2021-09-14T21:45:00,4.535,-,0.000
2021-09-14T21:30:00,4.536,-,0.000
2021-09-14T21:15:00,4.537,-,0.000
2021-09-14T21:00:00,4.537,-,0.000
2021-09-14T20:45:00,4.538,-,0.000
2021-09-14T20:30:00,4.538,-,0.000
2021-09-14T20:15:00,4.539,-,0.000
2021-09-14T20:00:00,4.538,-,0.000
2021-09-14T19:45:00,4.538,-,0.000
2021-09-14T19:30:00,4.538,-,0.000
2021-09-14T19:15:00,4.539,-,0.000
2021-09-14T19:00:00,4.539,-,0.000
2021-09-14T18:45:00,4.540,-,0.000
2021-09-14T18:30:00,4.540,-,0.000
2021-09-14T18:15:00,4.541,-,0.000
2021-09-14T18:00:00,4.542,-,0.000
2021-09-14T17:45:00,4.543,-,0.000
2021-09-14T17:30:00,4.539,-,0.000
2021-09-14T17:15:00,4.537,-,0.000
2021-09-14T17:00:00,4.534,-,0.000
2021-09-14T16:45:00,4.531,-,0.000
2021-09-14T16:30:00,4.528,-,0.000
2021-09-14T16:15:00,4.526,-,0.000
2021-09-14T16:00:00,4.521,-,0.000
2021-09-14T15:45:00,4.518,-,0.000
2021-09-14T15:30:00,4.516,-,1.500
2021-09-14T15:15:00,4.510,-,0.000
2021-09-14T15:00:00,4.506,-,0.000
2021-09-14T14:45:00,4.502,-,0.000
2021-09-14T14:30:00,4.498,-,0.000
2021-09-14T14:15:00,4.494,-,0.000
2021-09-14T14:00:00,4.490,-,0.000
2021-09-14T13:45:00,4.487,-,0.000
2021-09-14T13:30:00,4.482,-,0.500
2021-09-14T13:15:00,4.478,-,0.000
2021-09-14T13:00:00,4.471,-,0.000
2021-09-14T12:45:00,4.468,-,0.000
2021-09-14T12:30:00,4.463,-,0.000
2021-09-14T12:15:00,4.457,-,0.000
2021-09-14T12:00:00,4.451,-,0.000
2021-09-14T11:45:00,4.445,-,0.000
2021-09-14T11:30:00,4.440,-,0.000
2021-09-14T11:15:00,4.432,-,0.000
2021-09-14T11:00:00,4.413,-,0.000
2021-09-14T10:45:00,4.411,-,0.000
2021-09-14T10:30:00,4.409,-,0.000
2021-09-14T10:15:00,4.406,-,0.000
2021-09-14T10:00:00,4.402,-,0.000
2021-09-14T09:45:00,4.398,-,0.000
2021-09-14T09:30:00,4.394,-,0.000
2021-09-14T09:15:00,4.391,-,0.000
2021-09-14T09:00:00,4.385,-,0.000
2021-09-14T08:45:00,4.381,-,0.000
2021-09-14T08:30:00,4.376,-,0.000
2021-09-14T08:15:00,4.371,-,0.000
2021-09-14T08:00:00,4.364,-,0.000
2021-09-14T07:45:00,4.357,-,0.000
2021-09-14T07:30:00,4.346,-,0.000
2021-09-14T07:15:00,4.342,-,0.000
2021-09-14T07:00:00,4.329,-,0.000
2021-09-14T06:45:00,4.306,-,0.000
2021-09-14T06:30:00,4.305,-,0.000
2021-09-14T06:15:00,4.303,-,0.000
2021-09-14T06:00:00,4.303,-,0.000
2021-09-14T05:45:00,4.294,-,0.000
2021-09-14T05:30:00,4.298,-,0.000
2021-09-14T05:15:00,4.302,-,0.000
2021-09-14T05:00:00,4.306,-,0.000
2021-09-14T04:45:00,4.309,-,0.000
2021-09-14T04:30:00,4.313,-,0.000
2021-09-14T04:15:00,4.316,-,0.000
2021-09-14T04:00:00,4.321,-,0.000
2021-09-14T03:45:00,4.324,-,0.000
2021-09-14T03:30:00,4.328,-,0.000
2021-09-14T03:15:00,4.331,-,0.000
2021-09-14T03:00:00,4.334,-,0.000
2021-09-14T02:45:00,4.337,-,0.000
2021-09-14T02:30:00,4.341,-,0.000
2021-09-14T02:15:00,4.350,-,0.000
2021-09-14T02:00:00,4.351,-,0.000
2021-09-14T01:45:00,4.353,-,0.000
2021-09-14T01:30:00,4.356,-,0.000
2021-09-14T01:15:00,4.360,-,0.000
2021-09-14T01:00:00,4.365,-,0.000
2021-09-14T00:45:00,4.368,-,0.000
2021-09-14T00:30:00,4.372,-,0.000
2021-09-14T00:15:00,4.375,-,0.000
2021-09-14T00:00:00,4.380,-,0.000
2021-09-27T23:45:00,4.571,-,0.000
2021-09-27T23:30:00,4.568,-,0.000
2021-09-27T23:15:00,4.565,-,0.000
2021-09-27T23:00:00,4.562,-,0.000
2021-09-27T22:45:00,4.559,-,0.000
2021-09-27T22:30:00,4.557,-,0.000
2021-09-27T22:15:00,4.555,-,0.000
2021-09-27T22:00:00,4.553,-,0.000
2021-09-27T21:45:00,4.550,-,0.000
2021-09-27T21:30:00,4.547,-,0.000
2021-09-27T21:15:00,4.545,-,0.000
2021-09-27T21:00:00,4.542,-,0.000
2021-09-27T20:45:00,4.539,-,0.000
2021-09-27T20:30:00,4.537,-,0.000
2021-09-27T20:15:00,4.535,-,0.000
2021-09-27T20:00:00,4.533,-,0.000
2021-09-27T19:45:00,4.531,-,0.000
2021-09-27T19:30:00,4.529,-,0.000
2021-09-27T19:15:00,4.527,-,0.000
2021-09-27T19:00:00,4.525,-,0.000
2021-09-27T18:45:00,4.523,-,0.000
2021-09-27T18:30:00,4.522,-,0.000
2021-09-27T18:15:00,4.520,-,0.000
2021-09-27T18:00:00,4.520,-,0.000
2021-09-27T17:45:00,4.518,-,0.000
2021-09-27T17:30:00,4.519,-,0.000
2021-09-27T17:15:00,4.517,-,0.000
2021-09-27T17:00:00,4.517,-,0.000
2021-09-27T16:45:00,4.516,-,0.000
2021-09-27T16:30:00,4.514,-,0.000
2021-09-27T16:15:00,4.515,-,0.000
2021-09-27T16:00:00,4.516,-,0.000
2021-09-27T15:45:00,4.516,-,0.000
2021-09-27T15:30:00,4.517,-,0.000
2021-09-27T15:15:00,4.513,-,0.000
2021-09-27T15:00:00,4.513,-,0.000
2021-09-27T14:45:00,4.511,-,0.000
2021-09-27T14:30:00,4.509,-,0.000
2021-09-27T14:15:00,4.508,-,0.000
2021-09-27T14:00:00,4.506,-,0.000
2021-09-27T13:45:00,4.504,-,0.000
2021-09-27T13:30:00,4.501,-,0.000
2021-09-27T13:15:00,4.497,-,0.000
2021-09-27T13:00:00,4.496,-,0.000
2021-09-27T12:45:00,4.492,-,0.000
2021-09-27T12:30:00,4.491,-,0.000
2021-09-27T12:15:00,4.489,-,0.000
2021-09-27T12:00:00,4.485,-,0.000
2021-09-27T11:45:00,4.479,-,0.000
2021-09-27T11:30:00,4.477,-,0.000
2021-09-27T11:15:00,4.476,-,0.000
2021-09-27T11:00:00,4.470,-,0.000
2021-09-27T10:45:00,4.469,-,0.000
2021-09-27T10:30:00,4.466,-,0.000
2021-09-27T10:15:00,4.462,-,0.000
2021-09-27T10:00:00,4.458,-,0.000
2021-09-27T09:45:00,4.454,-,0.000
2021-09-27T09:30:00,4.444,-,0.000
2021-09-27T09:15:00,4.439,-,0.000
2021-09-27T09:00:00,4.440,-,0.000
2021-09-27T08:45:00,4.441,-,0.000
2021-09-27T08:30:00,4.439,-,0.000
2021-09-27T08:15:00,4.440,-,0.000
2021-09-27T08:00:00,4.440,-,0.000
2021-09-27T07:45:00,4.437,-,0.000
2021-09-27T07:30:00,4.436,-,0.000
2021-09-27T07:15:00,4.434,-,0.000
2021-09-27T07:00:00,4.432,-,0.000
2021-09-27T06:45:00,4.424,-,0.000
2021-09-27T06:30:00,4.427,-,0.000
2021-09-27T06:15:00,4.429,-,0.000
2021-09-27T06:00:00,4.435,-,0.000
2021-09-27T05:45:00,4.435,-,0.000
2021-09-27T05:30:00,4.439,-,0.000
2021-09-27T05:15:00,4.437,-,0.000
2021-09-27T05:00:00,4.444,-,0.000
2021-09-27T04:45:00,4.446,-,0.000
2021-09-27T04:30:00,4.454,-,0.000
2021-09-27T04:15:00,4.459,-,0.000
2021-09-27T04:00:00,4.463,-,0.000
2021-09-27T03:45:00,4.474,-,0.000
2021-09-27T03:30:00,4.476,-,0.000
2021-09-27T03:15:00,4.480,-,0.000
2021-09-27T03:00:00,4.484,-,0.000
2021-09-27T02:45:00,4.491,-,0.000
2021-09-27T02:30:00,4.496,-,0.000
2021-09-27T02:15:00,4.501,-,0.000
2021-09-27T02:00:00,4.507,-,0.000
2021-09-27T01:45:00,4.512,-,0.000
2021-09-27T01:30:00,4.519,-,0.000
2021-09-27T01:15:00,4.524,-,0.000
2021-09-27T01:00:00,4.531,-,0.000
2021-09-27T00:45:00,4.536,-,0.000
2021-09-27T00:30:00,4.540,-,0.000
2021-09-27T00:15:00,4.546,-,0.000
2021-09-27T00:00:00,4.555,-,0.000
2021-09-26T23:45:00,4.559,-,0.000
2021-09-26T23:30:00,4.565,-,0.000
2021-09-26T23:15:00,4.572,-,0.000
2021-09-26T23:00:00,4.577,-,0.000
2021-09-26T22:45:00,4.584,-,0.500
2021-09-26T22:30:00,4.592,-,0.000
2021-09-26T22:15:00,4.600,-,0.000
2021-09-26T22:00:00,4.601,-,0.000
2021-09-26T21:45:00,4.607,-,0.000
2021-09-26T21:30:00,4.614,-,0.000
2021-09-26T21:15:00,4.618,-,0.000
2021-09-26T21:00:00,4.628,-,0.000
2021-09-26T20:45:00,4.633,-,0.000
2021-09-26T20:30:00,4.639,-,0.000
2021-09-26T20:15:00,4.645,-,0.000
2021-09-26T20:00:00,4.651,-,0.500
2021-09-26T19:45:00,4.658,-,0.000
2021-09-26T19:30:00,4.664,-,0.000
2021-09-26T19:15:00,4.672,-,0.500
2021-09-26T19:00:00,4.677,-,0.000
2021-09-26T18:45:00,4.682,-,4.500
2021-09-26T18:30:00,4.687,-,0.000
2021-09-26T18:15:00,4.694,-,0.000
2021-09-26T18:00:00,4.700,-,0.000
2021-09-26T17:45:00,4.706,-,0.000
2021-09-26T17:30:00,4.722,-,0.000
2021-09-26T17:15:00,4.724,-,0.000
2021-09-26T17:00:00,4.727,-,0.000
2021-09-26T16:45:00,4.730,-,0.000
2021-09-26T16:30:00,4.733,-,0.000
2021-09-26T16:15:00,4.742,-,0.000
2021-09-26T16:00:00,4.752,-,0.000
2021-09-26T15:45:00,4.758,-,0.000
2021-09-26T15:30:00,4.768,-,0.000
2021-09-26T15:15:00,4.781,-,0.000
2021-09-26T15:00:00,4.789,-,0.000
2021-09-26T14:45:00,4.796,-,0.000
2021-09-26T14:30:00,4.806,-,0.000
2021-09-26T14:15:00,4.814,-,0.000
2021-09-26T14:00:00,4.820,-,0.000
2021-09-26T13:45:00,4.829,-,0.000
2021-09-26T13:30:00,4.847,-,0.000
2021-09-26T13:15:00,4.850,-,0.000
2021-09-26T13:00:00,4.857,-,0.000
2021-09-26T12:45:00,4.866,-,0.000
2021-09-26T12:30:00,4.872,-,0.000
2021-09-26T12:15:00,4.879,-,0.000
2021-09-26T12:00:00,4.886,-,0.000
2021-09-26T11:45:00,4.894,-,0.000
2021-09-26T11:30:00,4.902,-,0.000
2021-09-26T11:15:00,4.909,-,0.000
2021-09-26T11:00:00,4.916,-,0.000
2021-09-26T10:45:00,4.921,-,0.000
2021-09-26T10:30:00,4.927,-,0.000
2021-09-26T10:15:00,4.932,-,0.000
2021-09-26T10:00:00,4.936,-,0.000
2021-09-26T09:45:00,4.940,-,0.000
2021-09-26T09:30:00,4.943,-,0.000
2021-09-26T09:15:00,4.948,-,0.000
2021-09-26T09:00:00,4.954,-,0.000
2021-09-26T08:45:00,4.973,-,0.000
2021-09-26T08:30:00,4.973,-,0.000
2021-09-26T08:15:00,4.977,-,0.000
2021-09-26T08:00:00,4.979,-,0.000
2021-09-26T07:45:00,4.994,-,0.000
2021-09-26T07:30:00,5.007,-,0.000
2021-09-26T07:15:00,5.029,-,0.000
2021-09-26T07:00:00,5.078,-,0.000
2021-09-26T06:45:00,5.073,-,0.000
2021-09-26T06:30:00,5.076,-,0.000
2021-09-26T06:15:00,5.063,-,0.000
2021-09-26T06:00:00,5.052,-,0.000
2021-09-26T05:45:00,5.048,-,0.000
2021-09-26T05:30:00,5.038,-,0.000
2021-09-26T05:15:00,5.023,-,0.000
2021-09-26T05:00:00,5.010,-,0.000
2021-09-26T04:45:00,4.999,-,0.000
2021-09-26T04:30:00,4.987,-,0.000
2021-09-26T04:15:00,4.976,-,0.000
2021-09-26T04:00:00,4.964,-,0.000
2021-09-26T03:45:00,4.954,-,0.000
2021-09-26T03:30:00,4.944,-,0.000
2021-09-26T03:15:00,4.935,-,0.000
2021-09-26T03:00:00,4.928,-,0.000
2021-09-26T02:45:00,4.920,-,0.000
2021-09-26T02:30:00,4.915,-,0.000
2021-09-26T02:15:00,4.909,-,0.500
2021-09-26T02:00:00,4.903,-,0.000
2021-09-26T01:45:00,4.898,-,0.000
2021-09-26T01:30:00,4.893,-,0.000
2021-09-26T01:15:00,4.887,-,0.000
2021-09-26T01:00:00,4.883,-,0.000
2021-09-26T00:45:00,4.877,-,0.000
2021-09-26T00:30:00,4.872,-,0.500
2021-09-26T00:15:00,4.867,-,0.500
2021-09-26T00:00:00,4.861,-,0.500
2021-09-25T23:45:00,4.856,-,1.000
2021-09-25T23:30:00,4.845,-,1.500
2021-09-25T23:15:00,4.841,-,0.500
2021-09-25T23:00:00,4.834,-,0.500
2021-09-25T22:45:00,4.829,-,1.500
2021-09-25T22:30:00,4.824,-,0.500
2021-09-25T22:15:00,4.816,-,0.000
2021-09-25T22:00:00,4.812,-,0.500
2021-09-25T21:45:00,4.810,-,0.500
2021-09-25T21:30:00,4.801,-,0.000
2021-09-25T21:15:00,4.796,-,0.000
2021-09-25T21:00:00,4.793,-,0.000
2021-09-25T20:45:00,4.786,-,0.000
2021-09-25T20:30:00,4.782,-,0.500
2021-09-25T20:15:00,4.777,-,0.000
2021-09-25T20:00:00,4.772,-,0.000
2021-09-25T19:45:00,4.768,-,0.000
2021-09-25T19:30:00,4.763,-,0.000
2021-09-25T19:15:00,4.760,-,0.000
2021-09-25T19:00:00,4.755,-,0.000
2021-09-25T18:45:00,4.753,-,0.000
2021-09-25T18:30:00,4.748,-,0.000
2021-09-25T18:15:00,4.744,-,0.000
2021-09-25T18:00:00,4.740,-,0.000
2021-09-25T17:45:00,4.737,-,0.000
2021-09-25T17:30:00,4.735,-,0.000
2021-09-25T17:15:00,4.731,-,0.000
2021-09-25T17:00:00,4.729,-,0.000
2021-09-25T16:45:00,4.727,-,0.000
2021-09-25T16:30:00,4.725,-,0.000
2021-09-25T16:15:00,4.720,-,0.000
2021-09-25T16:00:00,4.720,-,0.000
2021-09-25T15:45:00,4.718,-,0.000
2021-09-25T15:30:00,4.714,-,0.000
2021-09-25T15:15:00,4.712,-,0.000
2021-09-25T15:00:00,4.709,-,0.000
2021-09-25T14:45:00,4.706,-,0.500
2021-09-25T14:30:00,4.703,-,0.000
2021-09-25T14:15:00,4.701,-,0.000
2021-09-25T14:00:00,4.699,-,0.000
2021-09-25T13:45:00,4.696,-,0.000
2021-09-25T13:30:00,4.693,-,0.000
2021-09-25T13:15:00,4.691,-,0.500
2021-09-25T13:00:00,4.689,-,0.000
2021-09-25T12:45:00,4.687,-,0.000
2021-09-25T12:30:00,4.686,-,0.500
2021-09-25T12:15:00,4.686,-,0.000
2021-09-25T12:00:00,4.685,-,0.500
2021-09-25T11:45:00,4.685,-,0.000
2021-09-25T11:30:00,4.683,-,0.500
2021-09-25T11:15:00,4.680,-,0.000
2021-09-25T11:00:00,4.679,-,0.500
2021-09-25T10:45:00,4.676,-,0.000
2021-09-25T10:30:00,4.674,-,0.500
2021-09-25T10:15:00,4.672,-,0.500
2021-09-25T10:00:00,4.670,-,0.500
2021-09-25T09:45:00,4.667,-,0.500
2021-09-25T09:30:00,4.664,-,0.000
2021-09-25T09:15:00,4.662,-,0.500
2021-09-25T09:00:00,4.659,-,0.500
2021-09-25T08:45:00,4.657,-,0.500
2021-09-25T08:30:00,4.655,-,1.000
2021-09-25T08:15:00,4.652,-,0.500
2021-09-25T08:00:00,4.650,-,1.500
2021-09-25T07:45:00,4.650,-,1.500
2021-09-25T07:30:00,4.650,-,0.500
2021-09-25T07:15:00,4.669,-,0.500
2021-09-25T07:00:00,4.684,-,0.000
2021-09-25T06:45:00,4.674,-,0.000
2021-09-25T06:30:00,4.663,-,0.000
2021-09-25T06:15:00,4.652,-,0.000
2021-09-25T06:00:00,4.640,-,0.000
2021-09-25T05:45:00,4.627,-,0.000
2021-09-25T05:30:00,4.614,-,0.500
2021-09-25T05:15:00,4.601,-,0.000
2021-09-25T05:00:00,4.586,-,0.000
2021-09-25T04:45:00,4.572,-,0.500
2021-09-25T04:30:00,4.556,-,0.000
2021-09-25T04:15:00,4.543,-,0.500
2021-09-25T04:00:00,4.525,-,0.000
2021-09-25T03:45:00,4.509,-,0.500
2021-09-25T03:30:00,4.491,-,0.000
2021-09-25T03:15:00,4.471,-,0.000
2021-09-25T03:00:00,4.456,-,0.000
2021-09-25T02:45:00,4.437,-,0.000
2021-09-25T02:30:00,4.420,-,0.000
2021-09-25T02:15:00,4.402,-,0.000
2021-09-25T02:00:00,4.384,-,0.000
2021-09-25T01:45:00,4.367,-,0.000
2021-09-25T01:30:00,4.353,-,0.000
2021-09-25T01:15:00,4.337,-,0.000
2021-09-25T01:00:00,4.323,-,0.000
2021-09-25T00:45:00,4.310,-,0.000
2021-09-25T00:30:00,4.299,-,0.500
2021-09-25T00:15:00,4.288,-,0.000
2021-09-25T00:00:00,4.278,-,0.000
2021-09-24T23:45:00,4.270,-,0.000
2021-09-24T23:30:00,4.263,-,0.000
2021-09-24T23:15:00,4.256,-,0.000
2021-09-24T23:00:00,4.252,-,0.000
2021-09-24T22:45:00,4.249,-,0.000
2021-09-24T22:30:00,4.247,-,0.000
2021-09-24T22:15:00,4.245,-,0.000
2021-09-24T22:00:00,4.246,-,0.000
2021-09-24T21:45:00,4.246,-,0.000
2021-09-24T21:30:00,4.247,-,0.000
2021-09-24T21:15:00,4.248,-,0.500
2021-09-24T21:00:00,4.250,-,0.000
2021-09-24T20:45:00,4.251,-,0.500
2021-09-24T20:30:00,4.251,-,0.000
2021-09-24T20:15:00,4.252,-,0.000
2021-09-24T20:00:00,4.253,-,2.000
2021-09-24T19:45:00,4.255,-,1.000
2021-09-24T19:30:00,4.254,-,0.500
2021-09-24T19:15:00,4.256,-,0.000
2021-09-24T19:00:00,4.259,-,0.000
2021-09-24T18:45:00,4.261,-,0.000
2021-09-24T18:30:00,4.263,-,3.000
2021-09-24T18:15:00,4.264,-,1.000
2021-09-24T18:00:00,4.265,-,2.500
2021-09-24T17:45:00,4.269,-,0.000
2021-09-24T17:30:00,4.271,-,0.000
2021-09-24T17:15:00,4.276,-,0.000
2021-09-24T17:00:00,4.279,-,0.000
2021-09-24T16:45:00,4.283,-,0.000
2021-09-24T16:30:00,4.287,-,0.000
2021-09-24T16:15:00,4.291,-,0.000
2021-09-24T16:00:00,4.295,-,0.000
2021-09-24T15:45:00,4.299,-,0.000
2021-09-24T15:30:00,4.304,-,0.000
2021-09-24T15:15:00,4.308,-,0.000
2021-09-24T15:00:00,4.311,-,0.000
2021-09-24T14:45:00,4.315,-,0.000
2021-09-24T14:30:00,4.321,-,0.000
2021-09-24T14:15:00,4.324,-,0.000
2021-09-24T14:00:00,4.328,-,0.000
2021-09-24T13:45:00,4.331,-,0.000
2021-09-24T13:30:00,4.335,-,0.000
2021-09-24T13:15:00,4.340,-,0.000
2021-09-24T13:00:00,4.341,-,0.000
2021-09-24T12:45:00,4.346,-,0.000
2021-09-24T12:30:00,4.354,-,0.000
2021-09-24T12:15:00,4.357,-,0.000
2021-09-24T12:00:00,4.362,-,0.000
2021-09-24T11:45:00,4.368,-,0.000
2021-09-24T11:30:00,4.371,-,0.000
2021-09-24T11:15:00,4.377,-,0.000
2021-09-24T11:00:00,4.393,-,0.000
2021-09-24T10:45:00,4.398,-,0.000
2021-09-24T10:30:00,4.399,-,0.000
2021-09-24T10:15:00,4.400,-,0.000
2021-09-24T10:00:00,4.400,-,0.000
2021-09-24T09:45:00,4.401,-,0.000
2021-09-24T09:30:00,4.402,-,0.000
2021-09-24T09:15:00,4.403,-,0.000
2021-09-24T09:00:00,4.403,-,0.000
2021-09-24T08:45:00,4.404,-,0.000
2021-09-24T08:30:00,4.405,-,0.000
2021-09-24T08:15:00,4.405,-,0.000
2021-09-24T08:00:00,4.405,-,0.000
2021-09-24T07:45:00,4.406,-,0.000
2021-09-24T07:30:00,4.407,-,0.000
2021-09-24T07:15:00,4.407,-,0.000
2021-09-24T07:00:00,4.408,-,0.000
2021-09-24T06:45:00,4.408,-,0.000
2021-09-24T06:30:00,4.409,-,0.000
2021-09-24T06:15:00,4.409,-,0.000
2021-09-24T06:00:00,4.410,-,0.000
2021-09-24T05:45:00,4.411,-,0.000
2021-09-24T05:30:00,4.411,-,0.000
2021-09-24T05:15:00,4.410,-,0.000
2021-09-24T05:00:00,4.412,-,0.000
2021-09-24T04:45:00,4.412,-,0.000
2021-09-24T04:30:00,4.413,-,0.000
2021-09-24T04:15:00,4.412,-,0.000
2021-09-24T04:00:00,4.413,-,0.500
2021-09-24T03:45:00,4.413,-,0.500
2021-09-24T03:30:00,4.412,-,0.000
2021-09-24T03:15:00,4.412,-,0.500
2021-09-24T03:00:00,4.412,-,0.500
2021-09-24T02:45:00,4.411,-,0.500
2021-09-24T02:30:00,4.410,-,1.000
2021-09-24T02:15:00,4.410,-,1.000
2021-09-24T02:00:00,4.408,-,1.000
2021-09-24T01:45:00,4.408,-,1.000
2021-09-24T01:30:00,4.406,-,1.000
2021-09-24T01:15:00,4.407,-,0.000
2021-09-24T01:00:00,4.407,-,0.500
2021-09-24T00:45:00,4.406,-,0.000
2021-09-24T00:30:00,4.406,-,0.000
2021-09-24T00:15:00,4.407,-,0.000
2021-09-24T00:00:00,4.406,-,0.000
2021-09-23T23:45:00,4.407,-,0.000
2021-09-23T23:30:00,4.407,-,0.000
2021-09-23T23:15:00,4.407,-,0.000
2021-09-23T23:00:00,4.408,-,0.000
2021-09-23T22:45:00,4.409,-,0.000
2021-09-23T22:30:00,4.409,-,0.000
2021-09-23T22:15:00,4.410,-,0.000
2021-09-23T22:00:00,4.410,-,0.000
2021-09-23T21:45:00,4.411,-,0.000
2021-09-23T21:30:00,4.411,-,0.000
2021-09-23T21:15:00,4.411,-,0.000
2021-09-23T21:00:00,4.412,-,0.000
2021-09-23T20:45:00,4.411,-,0.000
2021-09-23T20:30:00,4.412,-,0.000
2021-09-23T20:15:00,4.412,-,0.000
2021-09-23T20:00:00,4.412,-,0.000
2021-09-23T19:45:00,4.412,-,0.000
2021-09-23T19:30:00,4.412,-,0.000
2021-09-23T19:15:00,4.412,-,0.000
2021-09-23T19:00:00,4.412,-,0.000
2021-09-23T18:45:00,4.412,-,0.000
2021-09-23T18:30:00,4.412,-,0.000
2021-09-23T18:15:00,4.413,-,0.000
2021-09-23T18:00:00,4.412,-,0.000
2021-09-23T17:45:00,4.412,-,0.000
2021-09-23T17:30:00,4.412,-,0.000
2021-09-23T17:15:00,4.412,-,0.000
2021-09-23T17:00:00,4.412,-,0.000
2021-09-23T16:45:00,4.411,-,0.000
2021-09-23T16:30:00,4.411,-,0.000
2021-09-23T16:15:00,4.411,-,0.000
2021-09-23T16:00:00,4.410,-,0.000
2021-09-23T15:45:00,4.408,-,0.000
2021-09-23T15:30:00,4.408,-,0.000
2021-09-23T15:15:00,4.407,-,0.000
2021-09-23T15:00:00,4.407,-,0.000
2021-09-23T14:45:00,4.407,-,0.000
2021-09-23T14:30:00,4.404,-,0.000
2021-09-23T14:15:00,4.404,-,0.000
2021-09-23T14:00:00,4.403,-,0.000
2021-09-23T13:45:00,4.401,-,0.000
2021-09-23T13:30:00,4.400,-,0.000
2021-09-23T13:15:00,4.399,-,0.000
2021-09-23T13:00:00,4.396,-,0.000
2021-09-23T12:45:00,4.394,-,0.000
2021-09-23T12:30:00,4.392,-,0.000
2021-09-23T12:15:00,4.390,-,0.000
2021-09-23T12:00:00,4.388,-,0.000
2021-09-23T11:45:00,4.385,-,0.000
2021-09-23T11:30:00,4.384,-,0.000
2021-09-23T11:15:00,4.381,-,0.000
2021-09-23T11:00:00,4.379,-,0.000
2021-09-23T10:45:00,4.377,-,0.000
2021-09-23T10:30:00,4.376,-,0.000
2021-09-23T10:15:00,4.374,-,0.000
2021-09-23T10:00:00,4.372,-,0.000
2021-09-23T09:45:00,4.370,-,0.000
2021-09-23T09:30:00,4.368,-,0.000
2021-09-23T09:15:00,4.367,-,0.000
2021-09-23T09:00:00,4.365,-,0.000
2021-09-23T08:45:00,4.363,-,0.000
2021-09-23T08:30:00,4.361,-,0.000
2021-09-23T08:15:00,4.360,-,0.000
2021-09-23T08:00:00,4.358,-,0.000
2021-09-23T07:45:00,4.356,-,0.000
2021-09-23T07:30:00,4.354,-,0.000
2021-09-23T07:15:00,4.353,-,0.000
2021-09-23T07:00:00,4.351,-,0.000
2021-09-23T06:45:00,4.346,-,0.000
2021-09-23T06:30:00,4.346,-,0.000
2021-09-23T06:15:00,4.346,-,0.000
2021-09-23T06:00:00,4.344,-,0.000
2021-09-23T05:45:00,4.342,-,0.000
2021-09-23T05:30:00,4.341,-,0.000
2021-09-23T05:15:00,4.339,-,0.000
2021-09-23T05:00:00,4.338,-,0.000
2021-09-23T04:45:00,4.336,-,0.000
2021-09-23T04:30:00,4.335,-,0.000
2021-09-23T04:15:00,4.333,-,0.000
2021-09-23T04:00:00,4.332,-,0.000
2021-09-23T03:45:00,4.330,-,0.000
2021-09-23T03:30:00,4.328,-,0.000
2021-09-23T03:15:00,4.327,-,0.500
2021-09-23T03:00:00,4.325,-,0.500
2021-09-23T02:45:00,4.323,-,1.000
2021-09-23T02:30:00,4.322,-,0.500
2021-09-23T02:15:00,4.320,-,0.500
2021-09-23T02:00:00,4.318,-,0.500
2021-09-23T01:45:00,4.316,-,0.500
2021-09-23T01:30:00,4.315,-,0.500
2021-09-23T01:15:00,4.314,-,1.000
2021-09-23T01:00:00,4.312,-,1.000
2021-09-23T00:45:00,4.310,-,1.000
2021-09-23T00:30:00,4.308,-,1.000
2021-09-23T00:15:00,4.306,-,1.000
2021-09-23T00:00:00,4.305,-,0.500
2021-09-22T23:45:00,4.304,-,0.500
2021-09-22T23:30:00,4.303,-,1.000
2021-09-22T23:15:00,4.300,-,2.500
2021-09-22T23:00:00,4.297,-,0.500
2021-09-22T22:45:00,4.297,-,0.000
2021-09-22T22:30:00,4.299,-,0.000
2021-09-22T22:15:00,4.301,-,0.000
2021-09-22T22:00:00,4.299,-,0.000
2021-09-22T21:45:00,4.300,-,0.000
2021-09-22T21:30:00,4.301,-,0.000
2021-09-22T21:15:00,4.302,-,0.000
2021-09-22T21:00:00,4.303,-,0.000
2021-09-22T20:45:00,4.304,-,0.000
2021-09-22T20:30:00,4.304,-,0.000
2021-09-22T20:15:00,4.305,-,0.000
2021-09-22T20:00:00,4.306,-,0.000
2021-09-22T19:45:00,4.307,-,0.000
2021-09-22T19:30:00,4.308,-,0.000
2021-09-22T19:15:00,4.308,-,0.000
2021-09-22T19:00:00,4.308,-,0.000
2021-09-22T18:45:00,4.310,-,0.000
2021-09-22T18:30:00,4.310,-,0.000
2021-09-22T18:15:00,4.310,-,0.000
2021-09-22T18:00:00,4.311,-,0.000
2021-09-22T17:45:00,4.311,-,0.000
2021-09-22T17:30:00,4.311,-,0.000
2021-09-22T17:15:00,4.311,-,0.000
2021-09-22T17:00:00,4.311,-,0.000
2021-09-22T16:45:00,4.311,-,0.000
2021-09-22T16:30:00,4.311,-,0.000
2021-09-22T16:15:00,4.310,-,0.000
2021-09-22T16:00:00,4.311,-,0.000
2021-09-22T15:45:00,4.311,-,0.000
2021-09-22T15:30:00,4.312,-,1.000
2021-09-22T15:15:00,4.308,-,0.000
2021-09-22T15:00:00,4.309,-,2.500
2021-09-22T14:45:00,4.314,-,1.000
2021-09-22T14:30:00,4.301,-,0.000
2021-09-22T14:15:00,4.299,-,0.000
2021-09-22T14:00:00,4.298,-,0.000
2021-09-22T13:45:00,4.297,-,0.000
2021-09-22T13:30:00,4.297,-,0.000
2021-09-22T13:15:00,4.297,-,0.000
2021-09-22T13:00:00,4.296,-,0.000
2021-09-22T12:45:00,4.295,-,0.000
2021-09-22T12:30:00,4.295,-,0.000
2021-09-22T12:15:00,4.294,-,0.000
2021-09-22T12:00:00,4.293,-,0.000
2021-09-22T11:45:00,4.292,-,0.000
2021-09-22T11:30:00,4.290,-,0.000
2021-09-22T11:15:00,4.289,-,0.000
2021-09-22T11:00:00,4.288,-,0.000
2021-09-22T10:45:00,4.287,-,0.000
2021-09-22T10:30:00,4.284,-,0.000
2021-09-22T10:15:00,4.282,-,0.000
2021-09-22T10:00:00,4.282,-,0.000
2021-09-22T09:45:00,4.279,-,0.000
2021-09-22T09:30:00,4.276,-,0.000
2021-09-22T09:15:00,4.275,-,0.000
2021-09-22T09:00:00,4.273,-,0.000
2021-09-22T08:45:00,4.270,-,0.000
2021-09-22T08:30:00,4.267,-,0.000
2021-09-22T08:15:00,4.264,-,0.000
2021-09-22T08:00:00,4.261,-,0.000
2021-09-22T07:45:00,4.258,-,0.000
2021-09-22T07:30:00,4.255,-,0.000
2021-09-22T07:15:00,4.251,-,0.000
2021-09-22T07:00:00,4.248,-,0.000
2021-09-22T06:45:00,4.244,-,0.000
2021-09-22T06:30:00,4.240,-,0.000
2021-09-22T06:15:00,4.227,-,0.000
2021-09-22T06:00:00,4.228,-,0.000
2021-09-22T05:45:00,4.229,-,0.000
2021-09-22T05:30:00,4.232,-,0.000
2021-09-22T05:15:00,4.235,-,0.000
2021-09-22T05:00:00,4.238,-,0.000
2021-09-22T04:45:00,4.240,-,0.000
2021-09-22T04:30:00,4.243,-,0.000
2021-09-22T04:15:00,4.246,-,0.000
2021-09-22T04:00:00,4.249,-,0.000
2021-09-22T03:45:00,4.251,-,0.000
2021-09-22T03:30:00,4.254,-,0.000
2021-09-22T03:15:00,4.257,-,0.000
2021-09-22T03:00:00,4.260,-,0.000
2021-09-22T02:45:00,4.263,-,0.000
2021-09-22T02:30:00,4.265,-,0.000
2021-09-22T02:15:00,4.267,-,0.000
2021-09-22T02:00:00,4.271,-,0.000
2021-09-22T01:45:00,4.274,-,0.000
2021-09-22T01:30:00,4.277,-,0.000
2021-09-22T01:15:00,4.279,-,0.000
2021-09-22T01:00:00,4.282,-,0.000
2021-09-22T00:45:00,4.285,-,0.000
2021-09-22T00:30:00,4.288,-,0.000
2021-09-22T00:15:00,4.291,-,0.000
2021-09-22T00:00:00,4.294,-,0.000
2021-09-21T23:45:00,4.297,-,0.000
2021-09-21T23:30:00,4.299,-,0.000
2021-09-21T23:15:00,4.303,-,0.000
2021-09-21T23:00:00,4.305,-,0.000
2021-09-21T22:45:00,4.308,-,0.000
2021-09-21T22:30:00,4.310,-,0.000
2021-09-21T22:15:00,4.312,-,0.000
2021-09-21T22:00:00,4.316,-,0.000
2021-09-21T21:45:00,4.320,-,0.000
2021-09-21T21:30:00,4.322,-,0.000
2021-09-21T21:15:00,4.324,-,0.000
2021-09-21T21:00:00,4.326,-,0.000
2021-09-21T20:45:00,4.329,-,0.000
2021-09-21T20:30:00,4.331,-,0.000
2021-09-21T20:15:00,4.333,-,0.000
2021-09-21T20:00:00,4.336,-,0.000
2021-09-21T19:45:00,4.338,-,0.000
2021-09-21T19:30:00,4.341,-,0.000
2021-09-21T19:15:00,4.343,-,0.000
2021-09-21T19:00:00,4.351,-,0.000
2021-09-21T18:45:00,4.351,-,0.000
2021-09-21T18:30:00,4.352,-,0.000
2021-09-21T18:15:00,4.353,-,0.000
2021-09-21T18:00:00,4.356,-,0.000
2021-09-21T17:45:00,4.356,-,0.000
2021-09-21T17:30:00,4.358,-,0.000
2021-09-21T17:15:00,4.360,-,0.000
2021-09-21T17:00:00,4.363,-,0.000
2021-09-21T16:45:00,4.365,-,0.000
2021-09-21T16:30:00,4.367,-,0.000
2021-09-21T16:15:00,4.369,-,0.000
2021-09-21T16:00:00,4.369,-,0.000
2021-09-21T15:45:00,4.372,-,0.000
2021-09-21T15:30:00,4.374,-,0.000
2021-09-21T15:15:00,4.375,-,0.000
2021-09-21T15:00:00,4.378,-,0.000
2021-09-21T14:45:00,4.378,-,0.000
2021-09-21T14:30:00,4.380,-,0.000
2021-09-21T14:15:00,4.379,-,0.000
2021-09-21T14:00:00,4.380,-,0.000
2021-09-21T13:45:00,4.381,-,0.000
2021-09-21T13:30:00,4.377,-,0.000
2021-09-21T13:15:00,4.382,-,0.000
2021-09-21T13:00:00,4.387,-,0.000
2021-09-21T12:45:00,4.394,-,0.000
2021-09-21T12:30:00,4.399,-,0.000
2021-09-21T12:15:00,4.406,-,0.000
2021-09-21T12:00:00,4.413,-,0.000
2021-09-21T11:45:00,4.419,-,0.000
2021-09-21T11:30:00,4.425,-,0.000
2021-09-21T11:15:00,4.432,-,0.000
2021-09-21T11:00:00,4.437,-,0.000
2021-09-21T10:30:00,4.449,-,0.000
2021-09-21T10:15:00,4.457,-,0.000
2021-09-21T10:00:00,4.463,-,0.000
2021-09-21T09:45:00,4.476,-,0.000
2021-09-21T09:30:00,4.481,-,0.000
2021-09-21T09:15:00,4.489,-,0.000
2021-09-21T09:00:00,4.498,-,0.000
2021-09-21T08:45:00,4.508,-,0.000
2021-09-21T08:30:00,4.518,-,0.000
2021-09-21T08:15:00,4.526,-,0.000
2021-09-21T08:00:00,4.538,-,0.000
2021-09-21T07:45:00,4.549,-,0.000
2021-09-21T07:30:00,4.561,-,0.000
2021-09-21T07:15:00,4.572,-,0.000
2021-09-21T07:00:00,4.582,-,0.000
2021-09-21T06:45:00,4.601,-,0.000
2021-09-21T06:30:00,4.643,-,0.000
2021-09-21T06:15:00,4.644,-,0.000
2021-09-21T06:00:00,4.645,-,0.000
2021-09-21T05:45:00,4.645,-,0.000
2021-09-21T05:30:00,4.647,-,0.000
2021-09-21T05:15:00,4.651,-,0.000
2021-09-21T05:00:00,4.652,-,0.000
2021-09-21T04:45:00,4.656,-,0.000
2021-09-21T04:30:00,4.657,-,0.000
2021-09-21T04:15:00,4.654,-,0.500
2021-09-21T04:00:00,4.651,-,0.000
2021-09-21T03:45:00,4.648,-,0.500
2021-09-21T03:30:00,4.646,-,0.000
2021-09-21T03:15:00,4.643,-,0.500
2021-09-21T03:00:00,4.639,-,0.000
2021-09-21T02:45:00,4.634,-,0.000
2021-09-21T02:30:00,4.631,-,0.000
2021-09-21T02:15:00,4.630,-,2.000
2021-09-21T02:00:00,4.628,-,11.500
2021-09-21T01:45:00,4.611,-,2.000
2021-09-21T01:30:00,4.607,-,0.000
2021-09-21T01:15:00,4.606,-,0.000
2021-09-21T01:00:00,4.606,-,0.000
2021-09-21T00:45:00,4.605,-,0.000
2021-09-21T00:30:00,4.605,-,0.000
2021-09-21T00:15:00,4.603,-,0.000
2021-09-21T00:00:00,4.602,-,0.000
2021-10-04T23:45:00,4.774,-,0.000
2021-10-04T23:30:00,4.774,-,0.000
2021-10-04T23:15:00,4.773,-,0.000
2021-10-04T23:00:00,4.774,-,0.000
2021-10-04T22:45:00,4.774,-,0.000
2021-10-04T22:30:00,4.773,-,0.000
2021-10-04T22:15:00,4.773,-,0.000
2021-10-04T22:00:00,4.772,-,0.000
2021-10-04T21:45:00,4.773,-,0.000
2021-10-04T21:30:00,4.775,-,0.000
2021-10-04T21:15:00,4.772,-,0.000
2021-10-04T21:00:00,4.777,-,0.000
2021-10-04T20:45:00,4.774,-,0.000
2021-10-04T20:30:00,4.771,-,0.000
2021-10-04T20:15:00,4.767,-,0.000
2021-10-04T20:00:00,4.763,-,0.000
2021-10-04T19:45:00,4.759,-,0.000
2021-10-04T19:30:00,4.754,-,0.000
2021-10-04T19:15:00,4.750,-,0.000
2021-10-04T19:00:00,4.743,-,0.000
2021-10-04T18:45:00,4.741,-,0.000
2021-10-04T18:30:00,4.737,-,0.000
2021-10-04T18:15:00,4.733,-,0.000
2021-10-04T18:00:00,4.727,-,0.000
2021-10-04T17:45:00,4.721,-,0.000
2021-10-04T17:30:00,4.716,-,0.000
2021-10-04T17:15:00,4.712,-,0.000
2021-10-04T17:00:00,4.707,-,0.000
2021-10-04T16:45:00,4.703,-,0.000
2021-10-04T16:30:00,4.697,-,0.000
2021-10-04T16:15:00,4.691,-,0.000
2021-10-04T16:00:00,4.684,-,0.000
2021-10-04T15:45:00,4.679,-,0.000
2021-10-04T15:30:00,4.671,-,0.000
2021-10-04T15:15:00,4.664,-,0.000
2021-10-04T15:00:00,4.657,-,0.000
2021-10-04T14:45:00,4.650,-,0.000
2021-10-04T14:30:00,4.643,-,0.000
2021-10-04T14:15:00,4.634,-,0.000
2021-10-04T14:00:00,4.626,-,0.000
2021-10-04T13:45:00,4.618,-,0.000
2021-10-04T13:30:00,4.609,-,0.000
2021-10-04T13:15:00,4.601,-,0.000
2021-10-04T13:00:00,4.591,-,0.000
2021-10-04T12:45:00,4.581,-,0.000
2021-10-04T12:30:00,4.570,-,0.000
2021-10-04T12:15:00,4.560,-,0.000
2021-10-04T12:00:00,4.552,-,0.000
2021-10-04T11:45:00,4.532,-,0.000
2021-10-04T11:30:00,4.513,-,0.000
2021-10-04T11:15:00,4.507,-,0.000
2021-10-04T11:00:00,4.500,-,0.000
2021-10-04T10:45:00,4.492,-,0.000
2021-10-04T10:30:00,4.485,-,0.000
2021-10-04T10:15:00,4.477,-,0.000
2021-10-04T10:00:00,4.469,-,0.000
2021-10-04T09:45:00,4.462,-,0.000
2021-10-04T09:30:00,4.455,-,0.000
2021-10-04T09:15:00,4.446,-,0.000
2021-10-04T09:00:00,4.438,-,0.000
2021-10-04T08:45:00,4.429,-,0.000
2021-10-04T08:30:00,4.420,-,0.000
2021-10-04T08:15:00,4.409,-,0.000
2021-10-04T08:00:00,4.399,-,0.000
2021-10-04T07:45:00,4.390,-,0.000
2021-10-04T07:30:00,4.380,-,0.000
2021-10-04T07:15:00,4.368,-,0.000
2021-10-04T07:00:00,4.361,-,0.000
2021-10-04T06:45:00,4.345,-,0.000
2021-10-04T06:30:00,4.305,-,0.000
2021-10-04T06:15:00,4.308,-,0.000
2021-10-04T06:00:00,4.316,-,0.000
2021-10-04T05:45:00,4.318,-,0.000
2021-10-04T05:30:00,4.324,-,0.000
2021-10-04T05:15:00,4.334,-,0.000
2021-10-04T05:00:00,4.341,-,0.000
2021-10-04T04:45:00,4.349,-,0.000
2021-10-04T04:30:00,4.357,-,0.000
2021-10-04T04:15:00,4.364,-,0.000
2021-10-04T04:00:00,4.375,-,0.000
2021-10-04T03:45:00,4.381,-,0.000
2021-10-04T03:30:00,4.388,-,0.000
2021-10-04T03:15:00,4.397,-,0.000
2021-10-04T03:00:00,4.405,-,0.000
2021-10-04T02:45:00,4.413,-,0.000
2021-10-04T02:30:00,4.420,-,0.000
2021-10-04T02:15:00,4.430,-,0.000
2021-10-04T02:00:00,4.440,-,0.000
2021-10-04T01:45:00,4.447,-,0.000
2021-10-04T01:30:00,4.456,-,0.000
2021-10-04T01:15:00,4.463,-,0.000
2021-10-04T01:00:00,4.469,-,0.000
2021-10-04T00:45:00,4.478,-,0.000
2021-10-04T00:30:00,4.484,-,0.000
2021-10-04T00:15:00,4.490,-,0.000
2021-10-04T00:00:00,4.500,-,0.000
2021-10-03T23:45:00,4.505,-,0.000
2021-10-03T23:30:00,4.511,-,0.000
2021-10-03T23:15:00,4.518,-,0.000
2021-10-03T23:00:00,4.522,-,0.000
2021-10-03T22:45:00,4.525,-,0.000
2021-10-03T22:30:00,4.532,-,0.000
2021-10-03T22:15:00,4.537,-,0.000
2021-10-03T22:00:00,4.541,-,0.000
2021-10-03T21:45:00,4.542,-,0.000
2021-10-03T21:30:00,4.545,-,0.000
2021-10-03T21:15:00,4.544,-,0.000
2021-10-03T21:00:00,4.546,-,0.000
2021-10-03T20:45:00,4.545,-,0.000
2021-10-03T20:30:00,4.547,-,0.000
2021-10-03T20:15:00,4.549,-,0.000
2021-10-03T20:00:00,4.551,-,0.000
2021-10-03T19:45:00,4.548,-,0.000
2021-10-03T19:30:00,4.547,-,0.000
2021-10-03T19:15:00,4.547,-,0.000
2021-10-03T19:00:00,4.547,-,0.000
2021-10-03T18:45:00,4.549,-,0.000
2021-10-03T18:30:00,4.550,-,0.000
2021-10-03T18:15:00,4.552,-,0.000
2021-10-03T18:00:00,4.552,-,0.000
2021-10-03T17:45:00,4.556,-,0.000
2021-10-03T17:30:00,4.551,-,0.000
2021-10-03T17:15:00,4.562,-,0.000
2021-10-03T17:00:00,4.571,-,0.000
2021-10-03T16:45:00,4.580,-,0.000
2021-10-03T16:30:00,4.590,-,0.000
2021-10-03T16:15:00,4.600,-,0.000
2021-10-03T16:00:00,4.612,-,0.000
2021-10-03T15:45:00,4.624,-,0.000
2021-10-03T15:30:00,4.634,-,0.000
2021-10-03T15:15:00,4.646,-,0.000
2021-10-03T15:00:00,4.657,-,0.000
2021-10-03T14:45:00,4.669,-,0.000
2021-10-03T14:30:00,4.682,-,0.000
2021-10-03T14:15:00,4.695,-,0.000
2021-10-03T14:00:00,4.706,-,0.000
2021-10-03T13:45:00,4.718,-,0.000
2021-10-03T13:30:00,4.729,-,0.000
2021-10-03T13:15:00,4.747,-,0.000
2021-10-03T13:00:00,4.756,-,0.000
2021-10-03T12:45:00,4.769,-,0.000
2021-10-03T12:30:00,4.785,-,0.000
2021-10-03T12:15:00,4.799,-,0.000
2021-10-03T12:00:00,4.814,-,0.000
2021-10-03T11:45:00,4.832,-,0.000
2021-10-03T11:30:00,4.845,-,0.000
2021-10-03T11:15:00,4.861,-,0.000
2021-10-03T11:00:00,4.880,-,0.000
2021-10-03T10:45:00,4.901,-,0.000
2021-10-03T10:30:00,4.923,-,0.000
2021-10-03T10:15:00,4.946,-,0.000
2021-10-03T10:00:00,4.966,-,0.000
2021-10-03T09:45:00,4.996,-,0.000
2021-10-03T09:30:00,5.011,-,0.000
2021-10-03T09:15:00,5.035,-,0.000
2021-10-03T09:00:00,5.062,-,0.000
2021-10-03T08:45:00,5.090,-,0.000
2021-10-03T08:30:00,5.123,-,0.000
2021-10-03T08:15:00,5.146,-,0.000
2021-10-03T08:00:00,5.177,-,0.000
2021-10-03T07:45:00,5.222,-,0.000
2021-10-03T07:30:00,5.245,-,0.000
2021-10-03T07:15:00,5.262,-,0.000
2021-10-03T07:00:00,5.271,-,0.000
2021-10-03T06:45:00,5.285,-,0.000
2021-10-03T06:30:00,5.292,-,0.000
2021-10-03T06:15:00,5.306,-,0.000
2021-10-03T06:00:00,5.311,-,0.000
2021-10-03T05:45:00,5.298,-,0.000
2021-10-03T05:30:00,5.282,-,0.000
2021-10-03T05:15:00,5.267,-,0.000
2021-10-03T05:00:00,5.244,-,0.000
2021-10-03T04:45:00,5.224,-,0.000
2021-10-03T04:30:00,5.197,-,0.000
2021-10-03T04:15:00,5.167,-,0.000
2021-10-03T04:00:00,5.136,-,0.000
2021-10-03T03:45:00,5.100,-,0.000
2021-10-03T03:30:00,5.068,-,0.000
2021-10-03T03:15:00,5.033,-,0.000
2021-10-03T03:00:00,4.994,-,0.000
2021-10-03T02:45:00,4.958,-,0.000
2021-10-03T02:30:00,4.923,-,0.500
2021-10-03T02:15:00,4.887,-,0.000
2021-10-03T02:00:00,4.854,-,0.000
2021-10-03T01:45:00,4.825,-,0.000
2021-10-03T01:30:00,4.798,-,0.000
2021-10-03T01:15:00,4.777,-,0.000
2021-10-03T01:00:00,4.762,-,0.000
2021-10-03T00:45:00,4.753,-,0.000
2021-10-03T00:30:00,4.746,-,0.000
2021-10-03T00:15:00,4.743,-,0.000
2021-10-03T00:00:00,4.741,-,0.000
2021-10-02T23:45:00,4.738,-,0.500
2021-10-02T23:30:00,4.735,-,0.000
2021-10-02T23:15:00,4.733,-,0.500
2021-10-02T23:00:00,4.727,-,1.500
2021-10-02T22:45:00,4.725,-,2.000
2021-10-02T22:30:00,4.720,-,2.000
2021-10-02T22:15:00,4.714,-,0.000
2021-10-02T22:00:00,4.710,-,0.000
2021-10-02T21:45:00,4.707,-,0.000
2021-10-02T21:30:00,4.701,-,0.000
2021-10-02T21:15:00,4.697,-,0.000
2021-10-02T21:00:00,4.691,-,0.000
2021-10-02T20:45:00,4.684,-,0.000
2021-10-02T20:30:00,4.679,-,0.000
2021-10-02T20:15:00,4.672,-,0.000
2021-10-02T20:00:00,4.667,-,0.000
2021-10-02T19:45:00,4.663,-,0.000
2021-10-02T19:30:00,4.659,-,0.000
2021-10-02T19:15:00,4.654,-,0.000
2021-10-02T19:00:00,4.651,-,0.000
2021-10-02T18:45:00,4.648,-,0.000
2021-10-02T18:30:00,4.645,-,0.000
2021-10-02T18:15:00,4.642,-,0.000
2021-10-02T18:00:00,4.640,-,0.000
2021-10-02T17:45:00,4.637,-,0.000
2021-10-02T17:30:00,4.636,-,0.000
2021-10-02T17:15:00,4.633,-,0.000
2021-10-02T17:00:00,4.630,-,0.000
2021-10-02T16:45:00,4.627,-,0.000
2021-10-02T16:30:00,4.624,-,0.000
2021-10-02T16:15:00,4.619,-,0.000
2021-10-02T16:00:00,4.618,-,0.000
2021-10-02T15:45:00,4.615,-,0.000
2021-10-02T15:30:00,4.611,-,0.000
2021-10-02T15:15:00,4.608,-,0.000
2021-10-02T15:00:00,4.605,-,0.000
2021-10-02T14:45:00,4.601,-,0.000
2021-10-02T14:30:00,4.597,-,0.000
2021-10-02T14:15:00,4.594,-,0.000
2021-10-02T14:00:00,4.591,-,0.000
2021-10-02T13:45:00,4.588,-,0.000
2021-10-02T13:30:00,4.586,-,0.000
2021-10-02T13:15:00,4.584,-,0.000
2021-10-02T13:00:00,4.583,-,0.000
2021-10-02T12:45:00,4.582,-,0.000
2021-10-02T12:30:00,4.582,-,0.000
2021-10-02T12:15:00,4.582,-,0.000
2021-10-02T12:00:00,4.584,-,0.000
2021-10-02T11:45:00,4.586,-,0.000
2021-10-02T11:30:00,4.587,-,0.000
2021-10-02T11:15:00,4.590,-,0.000
2021-10-02T11:00:00,4.592,-,0.000
2021-10-02T10:45:00,4.594,-,0.000
2021-10-02T10:30:00,4.596,-,0.000
2021-10-02T10:15:00,4.598,-,0.000
2021-10-02T10:00:00,4.600,-,0.000
2021-10-02T09:45:00,4.602,-,0.000
2021-10-02T09:30:00,4.604,-,0.000
2021-10-02T09:15:00,4.604,-,0.000
2021-10-02T09:00:00,4.607,-,0.000
2021-10-02T08:45:00,4.608,-,0.000
2021-10-02T08:30:00,4.610,-,0.000
2021-10-02T08:15:00,4.611,-,0.000
2021-10-02T08:00:00,4.612,-,0.000
2021-10-02T07:45:00,4.614,-,0.000
2021-10-02T07:30:00,4.615,-,0.000
2021-10-02T07:15:00,4.616,-,0.000
2021-10-02T07:00:00,4.623,-,0.000
2021-10-02T06:45:00,4.623,-,0.000
2021-10-02T06:30:00,4.623,-,0.000
2021-10-02T06:15:00,4.624,-,0.000
2021-10-02T06:00:00,4.624,-,0.000
2021-10-02T05:45:00,4.625,-,0.000
2021-10-02T05:30:00,4.625,-,0.000
2021-10-02T05:15:00,4.625,-,0.000
2021-10-02T05:00:00,4.626,-,0.000
2021-10-02T04:45:00,4.626,-,0.000
2021-10-02T04:30:00,4.627,-,0.000
2021-10-02T04:15:00,4.627,-,0.000
2021-10-02T04:00:00,4.628,-,0.000
2021-10-02T03:45:00,4.628,-,0.000
2021-10-02T03:30:00,4.628,-,0.000
2021-10-02T03:15:00,4.628,-,0.000
2021-10-02T03:00:00,4.629,-,0.000
2021-10-02T02:45:00,4.628,-,0.000
2021-10-02T02:30:00,4.628,-,0.000
2021-10-02T02:15:00,4.627,-,0.000
2021-10-02T02:00:00,4.627,-,0.000
2021-10-02T01:45:00,4.626,-,0.000
2021-10-02T01:30:00,4.625,-,0.000
2021-10-02T01:15:00,4.625,-,0.000
2021-10-02T01:00:00,4.623,-,0.000
2021-10-02T00:45:00,4.623,-,0.000
2021-10-02T00:30:00,4.619,-,0.000
2021-10-02T00:15:00,4.619,-,0.000
2021-10-02T00:00:00,4.618,-,0.000
2021-10-01T23:45:00,4.616,-,0.000
2021-10-01T23:30:00,4.614,-,0.000
2021-10-01T23:15:00,4.613,-,0.000
2021-10-01T23:00:00,4.611,-,0.000
2021-10-01T22:45:00,4.609,-,0.000
2021-10-01T22:30:00,4.607,-,0.000
2021-10-01T22:15:00,4.605,-,0.000
2021-10-01T22:00:00,4.602,-,0.000
2021-10-01T21:45:00,4.600,-,0.000
2021-10-01T21:30:00,4.598,-,0.000
2021-10-01T21:15:00,4.597,-,0.000
2021-10-01T21:00:00,4.595,-,0.000
2021-10-01T20:45:00,4.594,-,0.000
2021-10-01T20:30:00,4.593,-,0.000
2021-10-01T20:15:00,4.592,-,0.000
2021-10-01T20:00:00,4.591,-,0.000
2021-10-01T19:45:00,4.591,-,0.000
2021-10-01T19:30:00,4.591,-,0.000
2021-10-01T19:15:00,4.592,-,0.000
2021-10-01T19:00:00,4.592,-,0.000
2021-10-01T18:45:00,4.592,-,0.000
2021-10-01T18:30:00,4.595,-,0.000
2021-10-01T18:15:00,4.594,-,0.000
2021-10-01T18:00:00,4.595,-,0.000
2021-10-01T17:45:00,4.596,-,0.000
2021-10-01T17:30:00,4.598,-,0.000
2021-10-01T17:15:00,4.598,-,0.000
2021-10-01T17:00:00,4.599,-,0.000
2021-10-01T16:45:00,4.600,-,0.000
2021-10-01T16:30:00,4.600,-,0.000
2021-10-01T16:15:00,4.601,-,0.000
2021-10-01T16:00:00,4.601,-,0.000
2021-10-01T15:45:00,4.603,-,0.000
2021-10-01T15:30:00,4.603,-,0.000
2021-10-01T15:15:00,4.604,-,0.000
2021-10-01T15:00:00,4.604,-,0.000
2021-10-01T14:45:00,4.605,-,0.000
2021-10-01T14:30:00,4.606,-,0.000
2021-10-01T14:15:00,4.606,-,0.000
2021-10-01T14:00:00,4.607,-,0.000
2021-10-01T13:45:00,4.606,-,0.000
2021-10-01T13:30:00,4.607,-,0.000
2021-10-01T13:15:00,4.609,-,0.000
2021-10-01T13:00:00,4.608,-,0.000
2021-10-01T12:45:00,4.609,-,0.000
2021-10-01T12:30:00,4.608,-,0.000
2021-10-01T12:15:00,4.608,-,0.000
2021-10-01T12:00:00,4.609,-,0.000
2021-10-01T11:45:00,4.608,-,0.000
2021-10-01T11:30:00,4.609,-,0.000
2021-10-01T11:15:00,4.609,-,0.000
2021-10-01T11:00:00,4.609,-,0.000
2021-10-01T10:45:00,4.609,-,0.000
2021-10-01T10:30:00,4.609,-,0.000
2021-10-01T10:15:00,4.609,-,0.000
2021-10-01T10:00:00,4.610,-,0.000
2021-10-01T09:45:00,4.611,-,0.000
2021-10-01T09:30:00,4.611,-,0.000
2021-10-01T09:15:00,4.612,-,0.000
2021-10-01T09:00:00,4.613,-,0.000
2021-10-01T08:45:00,4.613,-,0.000
2021-10-01T08:30:00,4.613,-,0.000
2021-10-01T08:15:00,4.613,-,0.000
2021-10-01T08:00:00,4.613,-,0.000
2021-10-01T07:45:00,4.613,-,0.000
2021-10-01T07:30:00,4.613,-,0.000
2021-10-01T07:15:00,4.613,-,0.000
2021-10-01T07:00:00,4.613,-,0.000
2021-10-01T06:45:00,4.613,-,0.000
2021-10-01T06:30:00,4.613,-,0.000
2021-10-01T06:15:00,4.613,-,0.000
2021-10-01T06:00:00,4.611,-,0.000
2021-10-01T05:45:00,4.611,-,0.000
2021-10-01T05:30:00,4.611,-,0.000
2021-10-01T05:15:00,4.610,-,0.000
2021-10-01T05:00:00,4.609,-,0.000
2021-10-01T04:45:00,4.609,-,0.000
2021-10-01T04:30:00,4.608,-,0.000
2021-10-01T04:15:00,4.606,-,0.000
2021-10-01T04:00:00,4.605,-,0.000
2021-10-01T03:45:00,4.603,-,0.000
2021-10-01T03:30:00,4.601,-,0.000
2021-10-01T03:15:00,4.600,-,0.000
2021-10-01T03:00:00,4.599,-,0.000
2021-10-01T02:45:00,4.597,-,0.000
2021-10-01T02:30:00,4.595,-,0.000
2021-10-01T02:15:00,4.592,-,0.000
2021-10-01T02:00:00,4.590,-,0.000
2021-10-01T01:45:00,4.588,-,0.000
2021-10-01T01:30:00,4.585,-,0.000
2021-10-01T01:15:00,4.582,-,0.000
2021-10-01T01:00:00,4.579,-,0.000
2021-10-01T00:45:00,4.576,-,0.000
2021-10-01T00:30:00,4.573,-,0.000
2021-10-01T00:15:00,4.570,-,0.000
2021-10-01T00:00:00,4.566,-,0.000
2021-09-30T23:45:00,4.562,-,0.000
2021-09-30T23:30:00,4.558,-,0.000
2021-09-30T23:15:00,4.554,-,0.000
2021-09-30T23:00:00,4.549,-,0.000
2021-09-30T22:45:00,4.545,-,0.000
2021-09-30T22:30:00,4.540,-,0.000
2021-09-30T22:15:00,4.535,-,0.000
2021-09-30T22:00:00,4.531,-,0.000
2021-09-30T21:45:00,4.527,-,0.000
2021-09-30T21:30:00,4.522,-,0.000
2021-09-30T21:15:00,4.518,-,0.000
2021-09-30T21:00:00,4.515,-,0.000
2021-09-30T20:45:00,4.510,-,0.000
2021-09-30T20:30:00,4.507,-,0.000
2021-09-30T20:15:00,4.504,-,0.000
2021-09-30T20:00:00,4.504,-,0.000
2021-09-30T19:45:00,4.502,-,0.000
2021-09-30T19:30:00,4.499,-,0.000
2021-09-30T19:15:00,4.494,-,0.000
2021-09-30T19:00:00,4.493,-,0.000
2021-09-30T18:45:00,4.491,-,0.000
2021-09-30T18:30:00,4.490,-,0.000
2021-09-30T18:15:00,4.487,-,0.000
2021-09-30T18:00:00,4.487,-,0.000
2021-09-30T17:45:00,4.487,-,0.000
2021-09-30T17:30:00,4.482,-,0.000
2021-09-30T17:15:00,4.480,-,0.000
2021-09-30T17:00:00,4.476,-,0.000
2021-09-30T16:45:00,4.475,-,0.000
2021-09-30T16:30:00,4.473,-,0.000
2021-09-30T16:15:00,4.471,-,0.000
2021-09-30T16:00:00,4.469,-,0.000
2021-09-30T15:45:00,4.466,-,0.000
2021-09-30T15:30:00,4.464,-,0.000
2021-09-30T15:15:00,4.461,-,0.500
2021-09-30T15:00:00,4.457,-,0.000
2021-09-30T14:45:00,4.456,-,0.000
2021-09-30T14:30:00,4.453,-,0.000
2021-09-30T14:15:00,4.451,-,0.000
2021-09-30T14:00:00,4.444,-,0.000
2021-09-30T13:45:00,4.430,-,0.000
2021-09-30T13:30:00,4.431,-,0.000
2021-09-30T13:15:00,4.433,-,0.000
2021-09-30T13:00:00,4.434,-,0.000
2021-09-30T12:45:00,4.435,-,0.000
2021-09-30T12:30:00,4.437,-,0.000
2021-09-30T12:15:00,4.439,-,0.000
2021-09-30T12:00:00,4.439,-,0.000
2021-09-30T11:45:00,4.442,-,0.000
2021-09-30T11:30:00,4.444,-,0.000
2021-09-30T11:15:00,4.445,-,0.000
2021-09-30T11:00:00,4.446,-,0.000
2021-09-30T10:45:00,4.447,-,0.000
2021-09-30T10:30:00,4.448,-,0.000
2021-09-30T10:15:00,4.449,-,0.000
2021-09-30T10:00:00,4.451,-,0.000
2021-09-30T09:45:00,4.452,-,0.000
2021-09-30T09:30:00,4.453,-,0.000
2021-09-30T09:15:00,4.455,-,0.000
2021-09-30T09:00:00,4.456,-,0.000
2021-09-30T08:45:00,4.456,-,0.000
2021-09-30T08:30:00,4.458,-,0.000
2021-09-30T08:15:00,4.458,-,0.000
2021-09-30T08:00:00,4.459,-,0.000
2021-09-30T07:45:00,4.460,-,0.000
2021-09-30T07:30:00,4.461,-,0.000
2021-09-30T07:15:00,4.462,-,0.000
2021-09-30T07:00:00,4.463,-,0.000
2021-09-30T06:45:00,4.465,-,0.000
2021-09-30T06:30:00,4.465,-,0.000
2021-09-30T06:15:00,4.466,-,0.000
2021-09-30T06:00:00,4.467,-,0.000
2021-09-30T05:45:00,4.469,-,0.000
2021-09-30T05:30:00,4.469,-,0.000
2021-09-30T05:15:00,4.471,-,0.000
2021-09-30T05:00:00,4.472,-,0.000
2021-09-30T04:45:00,4.473,-,0.000
2021-09-30T04:30:00,4.474,-,0.000
2021-09-30T04:15:00,4.475,-,0.000
2021-09-30T04:00:00,4.475,-,0.000
2021-09-30T03:45:00,4.476,-,0.000
2021-09-30T03:30:00,4.477,-,0.000
2021-09-30T03:15:00,4.477,-,0.000
2021-09-30T03:00:00,4.478,-,0.000
2021-09-30T02:45:00,4.480,-,0.000
2021-09-30T02:30:00,4.480,-,0.000
2021-09-30T02:15:00,4.481,-,0.000
2021-09-30T02:00:00,4.480,-,0.000
2021-09-30T01:45:00,4.482,-,0.000
2021-09-30T01:30:00,4.483,-,0.000
2021-09-30T01:15:00,4.483,-,0.000
2021-09-30T01:00:00,4.484,-,0.000
2021-09-30T00:45:00,4.484,-,0.000
2021-09-30T00:30:00,4.485,-,0.000
2021-09-30T00:15:00,4.486,-,0.000
2021-09-30T00:00:00,4.486,-,0.000
2021-09-29T23:45:00,4.487,-,0.000
2021-09-29T23:30:00,4.487,-,0.000
2021-09-29T23:15:00,4.487,-,0.000
2021-09-29T23:00:00,4.488,-,0.000
2021-09-29T22:45:00,4.488,-,0.000
2021-09-29T22:30:00,4.487,-,0.000
2021-09-29T22:15:00,4.487,-,0.000
2021-09-29T22:00:00,4.488,-,0.000
2021-09-29T21:45:00,4.487,-,0.000
2021-09-29T21:30:00,4.487,-,0.000
2021-09-29T21:15:00,4.487,-,0.000
2021-09-29T21:00:00,4.487,-,0.000
2021-09-29T20:45:00,4.486,-,0.000
2021-09-29T20:30:00,4.485,-,0.000
2021-09-29T20:15:00,4.484,-,0.000
2021-09-29T20:00:00,4.483,-,0.000
2021-09-29T19:45:00,4.480,-,0.000
2021-09-29T19:30:00,4.479,-,0.000
2021-09-29T19:15:00,4.477,-,0.000
2021-09-29T19:00:00,4.475,-,0.000
2021-09-29T18:45:00,4.474,-,0.000
2021-09-29T18:30:00,4.473,-,0.000
2021-09-29T18:15:00,4.471,-,0.000
2021-09-29T18:00:00,4.469,-,0.000
2021-09-29T17:45:00,4.467,-,0.000
2021-09-29T17:30:00,4.464,-,0.000
2021-09-29T17:15:00,4.459,-,0.000
2021-09-29T17:00:00,4.452,-,0.000
2021-09-29T16:45:00,4.456,-,0.000
2021-09-29T16:30:00,4.460,-,0.000
2021-09-29T16:15:00,4.465,-,0.000
2021-09-29T16:00:00,4.468,-,0.000
2021-09-29T15:45:00,4.474,-,0.000
2021-09-29T15:30:00,4.475,-,0.000
2021-09-29T15:15:00,4.479,-,0.000
2021-09-29T15:00:00,4.482,-,0.000
2021-09-29T14:45:00,4.486,-,0.000
2021-09-29T14:30:00,4.497,-,1.000
2021-09-29T14:15:00,4.498,-,0.000
2021-09-29T14:00:00,4.499,-,0.000
2021-09-29T13:45:00,4.503,-,0.000
2021-09-29T13:30:00,4.508,-,0.000
2021-09-29T13:15:00,4.511,-,0.000
2021-09-29T13:00:00,4.515,-,0.000
2021-09-29T12:45:00,4.520,-,0.000
2021-09-29T12:30:00,4.524,-,0.000
2021-09-29T12:15:00,4.527,-,0.000
2021-09-29T12:00:00,4.531,-,0.000
2021-09-29T11:45:00,4.536,-,0.000
2021-09-29T11:30:00,4.542,-,0.000
2021-09-29T11:15:00,4.545,-,0.000
2021-09-29T11:00:00,4.550,-,0.000
2021-09-29T10:45:00,4.554,-,0.000
2021-09-29T10:30:00,4.559,-,0.000
2021-09-29T10:15:00,4.564,-,0.000
2021-09-29T10:00:00,4.569,-,0.000
2021-09-29T09:45:00,4.573,-,0.000
2021-09-29T09:30:00,4.576,-,0.000
2021-09-29T09:15:00,4.579,-,0.000
2021-09-29T09:00:00,4.584,-,0.000
2021-09-29T08:45:00,4.588,-,0.000
2021-09-29T08:30:00,4.592,-,0.000
2021-09-29T08:15:00,4.597,-,0.000
2021-09-29T08:00:00,4.603,-,0.000
2021-09-29T07:45:00,4.605,-,0.000
2021-09-29T07:30:00,4.609,-,0.000
2021-09-29T07:15:00,4.621,-,0.000
2021-09-29T07:00:00,4.623,-,0.000
2021-09-29T06:45:00,4.624,-,0.000
2021-09-29T06:30:00,4.625,-,0.000
2021-09-29T06:15:00,4.629,-,0.000
2021-09-29T06:00:00,4.633,-,0.000
2021-09-29T05:45:00,4.636,-,0.000
2021-09-29T05:30:00,4.640,-,0.000
2021-09-29T05:15:00,4.645,-,0.000
2021-09-29T05:00:00,4.648,-,0.000
2021-09-29T04:45:00,4.652,-,0.000
2021-09-29T04:30:00,4.655,-,0.000
2021-09-29T04:15:00,4.659,-,0.000
2021-09-29T04:00:00,4.662,-,0.000
2021-09-29T03:45:00,4.665,-,0.000
2021-09-29T03:30:00,4.669,-,0.000
2021-09-29T03:15:00,4.671,-,0.000
2021-09-29T03:00:00,4.673,-,0.000
2021-09-29T02:45:00,4.677,-,0.000
2021-09-29T02:30:00,4.678,-,0.000
2021-09-29T02:15:00,4.680,-,0.000
2021-09-29T02:00:00,4.682,-,0.000
2021-09-29T01:45:00,4.683,-,0.000
2021-09-29T01:30:00,4.685,-,0.000
2021-09-29T01:15:00,4.685,-,0.000
2021-09-29T01:00:00,4.686,-,0.000
2021-09-29T00:45:00,4.687,-,0.000
2021-09-29T00:30:00,4.684,-,0.000
2021-09-29T00:15:00,4.685,-,0.000
2021-09-29T00:00:00,4.683,-,0.000
2021-09-28T23:45:00,4.681,-,0.000
2021-09-28T23:30:00,4.679,-,0.000
2021-09-28T23:15:00,4.676,-,0.000
2021-09-28T23:00:00,4.671,-,0.000
2021-09-28T22:45:00,4.668,-,0.000
2021-09-28T22:30:00,4.664,-,0.000
2021-09-28T22:15:00,4.658,-,0.000
2021-09-28T22:00:00,4.651,-,0.000
2021-09-28T21:45:00,4.645,-,0.000
2021-09-28T21:30:00,4.639,-,0.000
2021-09-28T21:15:00,4.630,-,0.000
2021-09-28T21:00:00,4.624,-,0.000
2021-09-28T20:45:00,4.615,-,0.000
2021-09-28T20:30:00,4.604,-,0.000
2021-09-28T20:15:00,4.597,-,0.000
2021-09-28T20:00:00,4.585,-,0.000
2021-09-28T19:45:00,4.577,-,0.000
2021-09-28T19:30:00,4.568,-,0.000
2021-09-28T19:15:00,4.556,-,0.000
2021-09-28T19:00:00,4.546,-,0.000
2021-09-28T18:45:00,4.536,-,0.000
2021-09-28T18:30:00,4.526,-,0.000
2021-09-28T18:15:00,4.518,-,0.000
2021-09-28T18:00:00,4.510,-,0.000
2021-09-28T17:45:00,4.503,-,0.000
2021-09-28T17:30:00,4.498,-,0.000
2021-09-28T17:15:00,4.492,-,0.000
2021-09-28T17:00:00,4.491,-,0.000
2021-09-28T16:45:00,4.489,-,0.000
2021-09-28T16:30:00,4.497,-,0.000
2021-09-28T16:15:00,4.497,-,0.000
2021-09-28T16:00:00,4.498,-,0.000
2021-09-28T15:45:00,4.499,-,0.000
2021-09-28T15:30:00,4.501,-,0.000
2021-09-28T15:15:00,4.503,-,0.000
2021-09-28T15:00:00,4.506,-,0.000
2021-09-28T14:45:00,4.510,-,0.000
2021-09-28T14:30:00,4.490,-,0.000
2021-09-28T14:15:00,4.494,-,0.000
2021-09-28T14:00:00,4.496,-,0.000
2021-09-28T13:45:00,4.500,-,0.000
2021-09-28T13:30:00,4.504,-,0.000
2021-09-28T13:15:00,4.506,-,0.000
2021-09-28T13:00:00,4.510,-,0.000
2021-09-28T12:45:00,4.512,-,0.000
2021-09-28T12:30:00,4.515,-,0.000
2021-09-28T12:15:00,4.519,-,0.000
2021-09-28T12:00:00,4.522,-,0.000
2021-09-28T11:45:00,4.525,-,0.000
2021-09-28T11:30:00,4.527,-,0.000
2021-09-28T11:15:00,4.530,-,0.000
2021-09-28T11:00:00,4.535,-,0.000
2021-09-28T10:45:00,4.537,-,0.000
2021-09-28T10:30:00,4.539,-,0.000
2021-09-28T10:15:00,4.541,-,0.000
2021-09-28T10:00:00,4.544,-,0.000
2021-09-28T09:45:00,4.546,-,0.000
2021-09-28T09:30:00,4.549,-,0.000
2021-09-28T09:15:00,4.552,-,0.000
2021-09-28T09:00:00,4.553,-,0.000
2021-09-28T08:45:00,4.556,-,0.000
2021-09-28T08:30:00,4.558,-,0.000
2021-09-28T08:15:00,4.560,-,0.000
2021-09-28T08:00:00,4.562,-,0.000
2021-09-28T07:45:00,4.564,-,0.000
2021-09-28T07:30:00,4.565,-,0.000
2021-09-28T07:15:00,4.567,-,0.000
2021-09-28T07:00:00,4.569,-,0.000
2021-09-28T06:45:00,4.570,-,0.000
2021-09-28T06:30:00,4.572,-,0.000
2021-09-28T06:15:00,4.574,-,0.000
2021-09-28T06:00:00,4.575,-,0.000
2021-09-28T05:45:00,4.576,-,0.000
2021-09-28T05:30:00,4.578,-,0.000
2021-09-28T05:15:00,4.579,-,0.000
2021-09-28T05:00:00,4.579,-,0.000
2021-09-28T04:45:00,4.580,-,0.000
2021-09-28T04:30:00,4.582,-,0.000
2021-09-28T04:15:00,4.583,-,0.000
2021-09-28T04:00:00,4.585,-,0.000
2021-09-28T03:45:00,4.585,-,0.000
2021-09-28T03:30:00,4.585,-,0.000
2021-09-28T03:15:00,4.586,-,0.000
2021-09-28T03:00:00,4.586,-,0.000
2021-09-28T02:45:00,4.587,-,0.000
2021-09-28T02:30:00,4.587,-,0.000
2021-09-28T02:15:00,4.586,-,0.000
2021-09-28T02:00:00,4.585,-,0.000
2021-09-28T01:45:00,4.586,-,0.000
2021-09-28T01:30:00,4.583,-,0.000
2021-09-28T01:15:00,4.583,-,0.000
2021-09-28T01:00:00,4.581,-,0.000
2021-09-28T00:45:00,4.578,-,0.000
2021-09-28T00:30:00,4.577,-,0.000
2021-09-28T00:15:00,4.574,-,0.000
2021-09-28T00:00:00,4.573,-,0.000
