datetime,level_msl_m,q_cms,rain_mm
2024-01-14T23:45:00,4.400,-,0.000
2024-01-14T23:30:00,4.404,-,0.000
2024-01-14T23:15:00,4.409,-,0.000
2024-01-14T23:00:00,4.413,-,0.000
2024-01-14T22:45:00,4.418,-,0.000
2024-01-14T22:30:00,4.423,-,0.000
2024-01-14T22:15:00,4.427,-,0.000
2024-01-14T22:00:00,4.431,-,0.000
2024-01-14T21:45:00,4.435,-,0.000
2024-01-14T21:30:00,4.440,-,0.000
2024-01-14T21:15:00,4.444,-,0.000
2024-01-14T21:00:00,4.449,-,0.000
2024-01-14T20:45:00,4.454,-,0.000
2024-01-14T20:30:00,4.459,-,0.000
2024-01-14T20:15:00,4.464,-,0.000
2024-01-14T20:00:00,4.470,-,0.000
2024-01-14T19:45:00,4.480,-,0.000
2024-01-14T19:30:00,4.483,-,0.000
2024-01-14T19:15:00,4.486,-,0.000
2024-01-14T19:00:00,4.492,-,0.000
2024-01-14T18:45:00,4.497,-,0.000
2024-01-14T18:30:00,4.502,-,0.000
2024-01-14T18:15:00,4.510,-,0.000
2024-01-14T18:00:00,4.516,-,0.000
2024-01-14T17:45:00,4.521,-,0.000
2024-01-14T17:30:00,4.530,-,0.000
2024-01-14T17:15:00,4.536,-,0.000
2024-01-14T17:00:00,4.541,-,0.000
2024-01-14T16:45:00,4.546,-,0.000
2024-01-14T16:30:00,4.550,-,0.000
2024-01-14T16:15:00,4.555,-,0.000
2024-01-14T16:00:00,4.559,-,0.000
2024-01-14T15:45:00,4.569,-,0.000
2024-01-14T15:30:00,4.573,-,0.000
2024-01-14T15:15:00,4.578,-,0.000
2024-01-14T15:00:00,4.587,-,0.000
2024-01-14T14:45:00,4.589,-,0.000
2024-01-14T14:30:00,4.592,-,0.000
2024-01-14T14:15:00,4.593,-,0.000
2024-01-14T14:00:00,4.596,-,0.000
2024-01-14T13:45:00,4.598,-,0.000
2024-01-14T13:30:00,4.600,-,0.000
2024-01-14T13:15:00,4.605,-,0.000
2024-01-14T13:00:00,4.606,-,0.000
2024-01-14T12:45:00,4.607,-,0.000
2024-01-14T12:30:00,4.609,-,0.000
2024-01-14T12:15:00,4.611,-,0.000
2024-01-14T12:00:00,4.614,-,0.000
2024-01-14T11:45:00,4.616,-,0.000
2024-01-14T11:30:00,4.618,-,0.000
2024-01-14T11:15:00,4.622,-,0.000
2024-01-14T11:00:00,4.624,-,0.000
2024-01-14T10:45:00,4.626,-,0.000
2024-01-14T10:30:00,4.628,-,0.000
2024-01-14T10:15:00,4.632,-,0.000
2024-01-14T10:00:00,4.635,-,0.000
2024-01-14T09:45:00,4.637,-,0.000
2024-01-14T09:30:00,4.640,-,0.000
2024-01-14T09:15:00,4.643,-,0.000
2024-01-14T09:00:00,4.645,-,0.000
2024-01-14T08:45:00,4.648,-,0.000
2024-01-14T08:30:00,4.651,-,0.000
2024-01-14T08:15:00,4.653,-,0.000
2024-01-14T08:00:00,4.656,-,0.000
2024-01-14T07:45:00,4.659,-,0.000
2024-01-14T07:30:00,4.661,-,0.000
2024-01-14T07:15:00,4.664,-,0.000
2024-01-14T07:00:00,4.667,-,0.000
2024-01-14T06:45:00,4.667,-,0.000
2024-01-14T06:30:00,4.671,-,0.000
2024-01-14T06:15:00,4.677,-,0.000
2024-01-14T06:00:00,4.677,-,0.000
2024-01-14T05:45:00,4.685,-,0.000
2024-01-14T05:30:00,4.684,-,0.000
2024-01-14T05:15:00,4.683,-,0.000
2024-01-14T05:00:00,4.682,-,0.000
2024-01-14T04:45:00,4.682,-,0.000
2024-01-14T04:30:00,4.681,-,0.000
2024-01-14T04:15:00,4.680,-,0.000
2024-01-14T04:00:00,4.680,-,0.000
2024-01-14T03:45:00,4.679,-,0.000
2024-01-14T03:30:00,4.678,-,0.000
2024-01-14T03:15:00,4.678,-,0.000
2024-01-14T03:00:00,4.677,-,0.000
2024-01-14T02:45:00,4.676,-,0.000
2024-01-14T02:30:00,4.675,-,0.000
2024-01-14T02:15:00,4.674,-,0.000
2024-01-14T02:00:00,4.674,-,0.000
2024-01-14T01:45:00,4.673,-,0.000
2024-01-14T01:30:00,4.672,-,0.000
2024-01-14T01:15:00,4.671,-,0.000
2024-01-14T01:00:00,4.670,-,0.000
2024-01-14T00:45:00,4.669,-,0.000
2024-01-14T00:30:00,4.668,-,0.000
2024-01-14T00:15:00,4.668,-,0.000
2024-01-14T00:00:00,4.667,-,0.000
2024-01-13T23:45:00,4.666,-,0.000
2024-01-13T23:30:00,4.666,-,0.000
2024-01-13T23:15:00,4.665,-,0.000
2024-01-13T23:00:00,4.665,-,0.000
2024-01-13T22:45:00,4.664,-,0.000
2024-01-13T22:30:00,4.664,-,0.000
2024-01-13T22:15:00,4.664,-,0.000
2024-01-13T22:00:00,4.664,-,0.000
2024-01-13T21:45:00,4.663,-,0.000
2024-01-13T21:30:00,4.663,-,0.000
2024-01-13T21:15:00,4.662,-,0.000
2024-01-13T21:00:00,4.662,-,0.000
2024-01-13T20:45:00,4.662,-,0.000
2024-01-13T20:30:00,4.662,-,0.000
2024-01-13T20:15:00,4.662,-,0.000
2024-01-13T20:00:00,4.661,-,0.000
2024-01-13T19:45:00,4.661,-,0.000
2024-01-13T19:30:00,4.661,-,0.000
2024-01-13T19:15:00,4.661,-,0.000
2024-01-13T19:00:00,4.661,-,0.000
2024-01-13T18:45:00,4.661,-,0.000
2024-01-13T18:30:00,4.661,-,0.000
2024-01-13T18:15:00,4.661,-,0.000
2024-01-13T18:00:00,4.661,-,0.000
2024-01-13T17:45:00,4.661,-,0.000
2024-01-13T17:30:00,4.661,-,0.000
2024-01-13T17:15:00,4.662,-,0.000
2024-01-13T17:00:00,4.662,-,0.000
2024-01-13T16:45:00,4.662,-,0.000
2024-01-13T16:30:00,4.662,-,0.000
2024-01-13T16:15:00,4.662,-,0.000
2024-01-13T16:00:00,4.662,-,0.000
2024-01-13T15:45:00,4.663,-,0.000
2024-01-13T15:30:00,4.663,-,0.000
2024-01-13T15:15:00,4.663,-,0.000
2024-01-13T15:00:00,4.664,-,0.000
2024-01-13T14:45:00,4.664,-,0.000
2024-01-13T14:30:00,4.663,-,0.000
2024-01-13T14:15:00,4.665,-,0.000
2024-01-13T14:00:00,4.665,-,0.000
2024-01-13T13:45:00,4.665,-,0.000
2024-01-13T13:30:00,4.666,-,0.000
2024-01-13T13:15:00,4.666,-,0.000
2024-01-13T13:00:00,4.665,-,0.000
2024-01-13T12:45:00,4.668,-,0.000
2024-01-13T12:30:00,4.666,-,0.000
2024-01-13T12:15:00,4.667,-,0.000
2024-01-13T12:00:00,4.668,-,0.000
2024-01-13T11:45:00,4.669,-,0.000
2024-01-13T11:30:00,4.669,-,0.000
2024-01-13T11:15:00,4.670,-,0.000
2024-01-13T11:00:00,4.670,-,0.000
2024-01-13T10:45:00,4.670,-,0.000
2024-01-13T10:30:00,4.671,-,0.000
2024-01-13T10:15:00,4.671,-,0.000
2024-01-13T10:00:00,4.670,-,0.000
2024-01-13T09:45:00,4.673,-,0.000
2024-01-13T09:30:00,4.674,-,0.000
2024-01-13T09:15:00,4.675,-,0.000
2024-01-13T09:00:00,4.677,-,0.000
2024-01-13T08:45:00,4.674,-,0.000
2024-01-13T08:30:00,4.670,-,0.000
2024-01-13T08:15:00,4.665,-,0.000
2024-01-13T08:00:00,4.661,-,0.000
2024-01-13T07:45:00,4.657,-,0.000
2024-01-13T07:30:00,4.653,-,0.000
2024-01-13T07:15:00,4.647,-,0.000
2024-01-13T07:00:00,4.643,-,0.000
2024-01-13T06:45:00,4.640,-,0.000
2024-01-13T06:30:00,4.635,-,0.000
2024-01-13T06:15:00,4.630,-,0.000
2024-01-13T06:00:00,4.625,-,0.000
2024-01-13T05:45:00,4.621,-,0.000
2024-01-13T05:30:00,4.616,-,0.000
2024-01-13T05:15:00,4.612,-,0.000
2024-01-13T05:00:00,4.603,-,0.000
2024-01-13T04:45:00,4.601,-,0.000
2024-01-13T04:30:00,4.598,-,0.000
2024-01-13T04:15:00,4.593,-,0.000
2024-01-13T04:00:00,4.588,-,0.000
2024-01-13T03:45:00,4.583,-,0.000
2024-01-13T03:30:00,4.578,-,0.000
2024-01-13T03:15:00,4.573,-,0.000
2024-01-13T03:00:00,4.569,-,0.000
2024-01-13T02:45:00,4.564,-,0.000
2024-01-13T02:30:00,4.559,-,0.000
2024-01-13T02:15:00,4.554,-,0.000
2024-01-13T02:00:00,4.549,-,0.000
2024-01-13T01:45:00,4.545,-,0.000
2024-01-13T01:30:00,4.539,-,0.000
2024-01-13T01:15:00,4.535,-,0.000
2024-01-13T01:00:00,4.529,-,0.000
2024-01-13T00:45:00,4.524,-,0.000
2024-01-13T00:30:00,4.519,-,0.000
2024-01-13T00:15:00,4.514,-,0.000
2024-01-13T00:00:00,4.509,-,0.000
2024-01-12T23:45:00,4.504,-,0.000
2024-01-12T23:30:00,4.499,-,0.000
2024-01-12T23:15:00,4.494,-,0.000
2024-01-12T23:00:00,4.490,-,0.000
2024-01-12T22:45:00,4.484,-,0.000
2024-01-12T22:30:00,4.477,-,0.000
2024-01-12T22:15:00,4.473,-,0.000
2024-01-12T22:00:00,4.468,-,0.000
2024-01-12T21:45:00,4.462,-,0.000
2024-01-12T21:30:00,4.456,-,0.000
2024-01-12T21:15:00,4.450,-,0.000
2024-01-12T21:00:00,4.446,-,0.000
2024-01-12T20:45:00,4.441,-,0.000
2024-01-12T20:30:00,4.435,-,0.000
2024-01-12T20:15:00,4.430,-,0.000
2024-01-12T20:00:00,4.426,-,0.000
2024-01-12T19:45:00,4.420,-,0.000
2024-01-12T19:30:00,4.415,-,0.000
2024-01-12T19:15:00,4.409,-,0.000
2024-01-12T19:00:00,4.404,-,0.000
2024-01-12T18:45:00,4.398,-,0.000
2024-01-12T18:30:00,4.393,-,0.000
2024-01-12T18:15:00,4.387,-,0.000
2024-01-12T18:00:00,4.382,-,0.000
2024-01-12T17:45:00,4.376,-,0.000
2024-01-12T17:30:00,4.371,-,0.000
2024-01-12T17:15:00,4.365,-,0.000
2024-01-12T17:00:00,4.360,-,0.000
2024-01-12T16:45:00,4.353,-,0.000
2024-01-12T16:30:00,4.349,-,0.000
2024-01-12T16:15:00,4.343,-,0.000
2024-01-12T16:00:00,4.338,-,0.000
2024-01-12T15:45:00,4.333,-,0.000
2024-01-12T15:30:00,4.327,-,0.000
2024-01-12T15:15:00,4.322,-,0.000
2024-01-12T15:00:00,4.316,-,0.000
2024-01-12T14:45:00,4.311,-,0.000
2024-01-12T14:30:00,4.305,-,0.000
2024-01-12T14:15:00,4.299,-,0.000
2024-01-12T14:00:00,4.292,-,0.000
2024-01-12T13:45:00,4.286,-,0.000
2024-01-12T13:30:00,4.280,-,0.000
2024-01-12T13:15:00,4.275,-,0.000
2024-01-12T13:00:00,4.269,-,0.000
2024-01-12T12:45:00,4.263,-,0.000
2024-01-12T12:30:00,4.258,-,0.000
2024-01-12T12:15:00,4.252,-,0.000
2024-01-12T12:00:00,4.246,-,0.000
2024-01-12T11:45:00,4.242,-,0.000
2024-01-12T11:45:00,4.242,-,0.000
2024-01-12T11:30:00,4.237,-,0.000
2024-01-12T11:15:00,4.235,-,0.000
2024-01-12T11:00:00,4.234,-,0.000
2024-01-12T10:45:00,4.234,-,0.000
2024-01-12T10:30:00,4.237,-,0.000
2024-01-12T10:15:00,4.242,-,0.000
2024-01-12T10:00:00,4.245,-,0.000
2024-01-12T09:45:00,4.250,-,0.000
2024-01-12T09:30:00,4.255,-,0.000
2024-01-12T09:15:00,4.259,-,0.000
2024-01-12T09:00:00,4.265,-,0.000
2024-01-12T08:45:00,4.271,-,0.000
2024-01-12T08:30:00,4.275,-,0.000
2024-01-12T08:15:00,4.280,-,0.000
2024-01-12T08:00:00,4.285,-,0.000
2024-01-12T07:45:00,4.289,-,0.000
2024-01-12T07:30:00,4.294,-,0.000
2024-01-12T07:15:00,4.299,-,0.000
2024-01-12T07:00:00,4.304,-,0.000
2024-01-12T06:45:00,4.309,-,0.000
2024-01-12T06:30:00,4.314,-,0.000
2024-01-12T06:15:00,4.318,-,0.000
2024-01-12T06:00:00,4.322,-,0.000
2024-01-12T05:45:00,4.327,-,0.000
2024-01-12T05:30:00,4.332,-,0.000
2024-01-12T05:15:00,4.336,-,0.000
2024-01-12T05:00:00,4.340,-,0.000
2024-01-12T04:45:00,4.345,-,0.000
2024-01-12T04:30:00,4.356,-,0.000
2024-01-12T04:15:00,4.357,-,0.000
2024-01-12T04:00:00,4.360,-,0.000
2024-01-12T03:45:00,4.365,-,0.000
2024-01-12T03:30:00,4.369,-,0.000
2024-01-12T03:15:00,4.374,-,0.000
2024-01-12T03:00:00,4.379,-,0.000
2024-01-12T02:45:00,4.384,-,0.000
2024-01-12T02:30:00,4.389,-,0.000
2024-01-12T02:15:00,4.395,-,0.000
2024-01-12T02:00:00,4.400,-,0.000
2024-01-12T01:45:00,4.404,-,0.000
2024-01-12T01:30:00,4.409,-,0.000
2024-01-12T01:15:00,4.414,-,0.000
2024-01-12T01:00:00,4.419,-,0.000
2024-01-12T00:45:00,4.424,-,0.000
2024-01-12T00:30:00,4.430,-,0.000
2024-01-12T00:15:00,4.435,-,0.000
2024-01-12T00:00:00,4.441,-,0.000
2024-01-11T23:45:00,4.445,-,0.000
2024-01-11T23:30:00,4.450,-,0.000
2024-01-11T23:15:00,4.455,-,0.000
2024-01-11T23:00:00,4.460,-,0.000
2024-01-11T22:45:00,4.465,-,0.000
2024-01-11T22:30:00,4.469,-,0.000
2024-01-11T22:15:00,4.480,-,0.000
2024-01-11T22:00:00,4.482,-,0.000
2024-01-11T21:45:00,4.486,-,0.000
2024-01-11T21:30:00,4.491,-,0.000
2024-01-11T21:15:00,4.497,-,0.000
2024-01-11T21:00:00,4.501,-,0.000
2024-01-11T20:45:00,4.507,-,0.000
2024-01-11T20:30:00,4.512,-,0.000
2024-01-11T20:15:00,4.517,-,0.000
2024-01-11T20:00:00,4.523,-,0.000
2024-01-11T19:45:00,4.529,-,0.000
2024-01-11T19:30:00,4.534,-,0.000
2024-01-11T19:15:00,4.539,-,0.000
2024-01-11T19:00:00,4.545,-,0.000
2024-01-11T18:45:00,4.551,-,0.000
2024-01-11T18:30:00,4.556,-,0.000
2024-01-21T23:45:00,4.414,-,0.000
2024-01-21T23:30:00,4.420,-,0.000
2024-01-21T23:15:00,4.426,-,0.000
2024-01-21T23:00:00,4.431,-,0.000
2024-01-21T22:45:00,4.437,-,0.000
2024-01-21T22:30:00,4.442,-,0.000
2024-01-21T22:15:00,4.448,-,0.000
2024-01-21T22:00:00,4.455,-,0.000
2024-01-21T21:45:00,4.461,-,0.000
2024-01-21T21:30:00,4.468,-,0.000
2024-01-21T21:15:00,4.479,-,0.000
2024-01-21T21:00:00,4.481,-,0.000
2024-01-21T20:45:00,4.489,-,0.000
2024-01-21T20:30:00,4.494,-,0.000
2024-01-21T20:15:00,4.501,-,0.000
2024-01-21T20:00:00,4.507,-,0.000
2024-01-21T19:45:00,4.515,-,0.000
2024-01-21T19:30:00,4.522,-,0.000
2024-01-21T19:15:00,4.529,-,0.000
2024-01-21T19:00:00,4.537,-,0.000
2024-01-21T18:45:00,4.545,-,0.000
2024-01-21T18:30:00,4.552,-,0.000
2024-01-21T18:15:00,4.559,-,0.000
2024-01-21T18:00:00,4.567,-,0.000
2024-01-21T17:45:00,4.575,-,0.000
2024-01-21T17:30:00,4.584,-,0.000
2024-01-21T17:15:00,4.593,-,0.000
2024-01-21T17:00:00,4.604,-,0.000
2024-01-21T16:45:00,4.611,-,0.000
2024-01-21T16:30:00,4.620,-,0.000
2024-01-21T16:15:00,4.629,-,0.000
2024-01-21T16:00:00,4.636,-,0.000
2024-01-21T15:45:00,4.645,-,0.000
2024-01-21T15:30:00,4.659,-,0.000
2024-01-21T15:15:00,4.668,-,0.000
2024-01-21T15:00:00,4.682,-,0.000
2024-01-21T14:45:00,4.693,-,0.000
2024-01-21T14:30:00,4.699,-,0.000
2024-01-21T14:15:00,4.705,-,0.000
2024-01-21T14:00:00,4.712,-,0.000
2024-01-21T13:45:00,4.726,-,0.000
2024-01-21T13:30:00,4.729,-,0.000
2024-01-21T13:15:00,4.736,-,0.000
2024-01-21T13:00:00,4.742,-,0.000
2024-01-21T12:45:00,4.749,-,0.000
2024-01-21T12:30:00,4.756,-,0.000
2024-01-21T12:15:00,4.764,-,0.000
2024-01-21T12:00:00,4.771,-,0.000
2024-01-21T11:45:00,4.779,-,0.000
2024-01-21T11:30:00,4.788,-,0.000
2024-01-21T11:15:00,4.796,-,0.000
2024-01-21T11:00:00,4.801,-,0.000
2024-01-21T10:45:00,4.811,-,0.000
2024-01-21T10:30:00,4.821,-,0.000
2024-01-21T10:15:00,4.824,-,0.000
2024-01-21T10:00:00,4.844,-,0.000
2024-01-21T09:45:00,4.847,-,0.000
2024-01-21T09:30:00,4.856,-,0.000
2024-01-21T09:15:00,4.858,-,0.000
2024-01-21T09:00:00,4.860,-,0.000
2024-01-21T08:45:00,4.861,-,0.000
2024-01-21T08:30:00,4.864,-,0.000
2024-01-21T08:15:00,4.865,-,0.000
2024-01-21T08:00:00,4.870,-,0.000
2024-01-21T07:45:00,4.878,-,0.000
2024-01-21T07:30:00,4.879,-,0.000
2024-01-21T07:15:00,4.887,-,0.000
2024-01-21T07:00:00,4.887,-,0.000
2024-01-21T06:45:00,4.887,-,0.000
2024-01-21T06:30:00,4.886,-,0.000
2024-01-21T06:15:00,4.886,-,0.000
2024-01-21T06:00:00,4.886,-,0.000
2024-01-21T05:45:00,4.883,-,0.000
2024-01-21T05:30:00,4.883,-,0.000
2024-01-21T05:15:00,4.886,-,0.000
2024-01-21T05:00:00,4.883,-,0.000
2024-01-21T04:45:00,4.890,-,0.000
2024-01-21T04:30:00,4.886,-,0.000
2024-01-21T04:15:00,4.881,-,0.000
2024-01-21T04:00:00,4.878,-,0.000
2024-01-21T03:45:00,4.874,-,0.000
2024-01-21T03:30:00,4.870,-,0.000
2024-01-21T03:15:00,4.866,-,0.000
2024-01-21T03:00:00,4.862,-,0.000
2024-01-21T02:45:00,4.857,-,0.000
2024-01-21T02:30:00,4.850,-,0.000
2024-01-21T02:15:00,4.848,-,0.000
2024-01-21T02:00:00,4.845,-,0.000
2024-01-21T01:45:00,4.841,-,0.000
2024-01-21T01:30:00,4.836,-,0.000
2024-01-21T01:15:00,4.833,-,0.000
2024-01-21T01:00:00,4.828,-,0.000
2024-01-21T00:45:00,4.824,-,0.000
2024-01-21T00:30:00,4.819,-,0.000
2024-01-21T00:15:00,4.815,-,0.000
2024-01-21T00:00:00,4.811,-,0.000
2024-01-20T23:45:00,4.807,-,0.000
2024-01-20T23:30:00,4.803,-,0.000
2024-01-20T23:15:00,4.799,-,0.000
2024-01-20T23:00:00,4.795,-,0.000
2024-01-20T22:45:00,4.790,-,0.000
2024-01-20T22:30:00,4.785,-,0.000
2024-01-20T22:15:00,4.781,-,0.000
2024-01-20T22:00:00,4.777,-,0.000
2024-01-20T21:45:00,4.772,-,0.000
2024-01-20T21:30:00,4.767,-,0.000
2024-01-20T21:15:00,4.763,-,0.000
2024-01-20T21:00:00,4.759,-,0.000
2024-01-20T20:45:00,4.754,-,0.000
2024-01-20T20:30:00,4.750,-,0.000
2024-01-20T20:15:00,4.746,-,0.000
2024-01-20T20:00:00,4.741,-,0.000
2024-01-20T19:45:00,4.733,-,0.000
2024-01-20T19:30:00,4.732,-,0.000
2024-01-20T19:15:00,4.725,-,0.000
2024-01-20T19:00:00,4.723,-,0.000
2024-01-20T18:45:00,4.718,-,0.000
2024-01-20T18:30:00,4.713,-,0.000
2024-01-20T18:15:00,4.709,-,0.000
2024-01-20T18:00:00,4.705,-,0.000
2024-01-20T17:45:00,4.701,-,0.000
2024-01-20T17:30:00,4.696,-,0.000
2024-01-20T17:15:00,4.692,-,0.000
2024-01-20T17:00:00,4.688,-,0.000
2024-01-20T16:45:00,4.683,-,0.000
2024-01-20T16:30:00,4.679,-,0.000
2024-01-20T16:15:00,4.675,-,0.000
2024-01-20T16:00:00,4.671,-,0.000
2024-01-20T15:45:00,4.666,-,0.000
2024-01-20T15:30:00,4.662,-,0.000
2024-01-20T15:15:00,4.656,-,0.000
2024-01-20T15:00:00,4.653,-,0.000
2024-01-20T14:45:00,4.647,-,0.000
2024-01-20T14:30:00,4.643,-,0.000
2024-01-20T14:15:00,4.638,-,0.000
2024-01-20T14:00:00,4.634,-,0.000
2024-01-20T13:45:00,4.628,-,0.000
2024-01-20T13:30:00,4.623,-,0.000
2024-01-20T13:15:00,4.618,-,0.000
2024-01-20T13:00:00,4.613,-,0.000
2024-01-20T12:45:00,4.608,-,0.000
2024-01-20T12:30:00,4.601,-,0.000
2024-01-20T12:15:00,4.599,-,0.000
2024-01-20T12:00:00,4.593,-,0.000
2024-01-20T11:45:00,4.588,-,0.000
2024-01-20T11:30:00,4.582,-,0.000
2024-01-20T11:15:00,4.577,-,0.000
2024-01-20T11:00:00,4.572,-,0.000
2024-01-20T10:45:00,4.567,-,0.000
2024-01-20T10:30:00,4.561,-,0.000
2024-01-20T10:15:00,4.556,-,0.000
2024-01-20T10:00:00,4.551,-,0.000
2024-01-20T09:45:00,4.545,-,0.000
2024-01-20T09:30:00,4.540,-,0.000
2024-01-20T09:15:00,4.535,-,0.000
2024-01-20T09:00:00,4.530,-,0.000
2024-01-20T08:45:00,4.524,-,0.000
2024-01-20T08:30:00,4.518,-,0.000
2024-01-20T08:15:00,4.513,-,0.000
2024-01-20T08:00:00,4.507,-,0.000
2024-01-20T07:45:00,4.502,-,0.000
2024-01-20T07:30:00,4.497,-,0.000
2024-01-20T07:15:00,4.491,-,0.000
2024-01-20T07:00:00,4.485,-,0.000
2024-01-20T06:45:00,4.479,-,0.000
2024-01-20T06:30:00,4.472,-,0.000
2024-01-20T06:15:00,4.467,-,0.000
2024-01-20T06:00:00,4.461,-,0.000
2024-01-20T05:45:00,4.454,-,0.000
2024-01-20T05:30:00,4.449,-,0.000
2024-01-20T05:15:00,4.446,-,0.000
2024-01-20T05:00:00,4.438,-,0.000
2024-01-20T04:45:00,4.437,-,0.000
2024-01-20T04:30:00,4.429,-,0.000
2024-01-20T04:15:00,4.421,-,0.000
2024-01-20T04:00:00,4.412,-,0.000
2024-01-20T03:45:00,4.403,-,0.000
2024-01-20T03:30:00,4.393,-,0.000
2024-01-20T03:15:00,4.385,-,0.000
2024-01-20T03:00:00,4.378,-,0.000
2024-01-20T02:45:00,4.356,-,0.000
2024-01-20T02:30:00,4.354,-,0.000
2024-01-20T02:15:00,4.349,-,0.000
2024-01-20T02:00:00,4.340,-,0.000
2024-01-20T01:45:00,4.330,-,0.000
2024-01-20T01:30:00,4.321,-,0.000
2024-01-20T01:15:00,4.313,-,0.000
2024-01-20T01:00:00,4.304,-,0.000
2024-01-20T00:45:00,4.293,-,0.000
2024-01-20T00:30:00,4.283,-,0.000
2024-01-20T00:15:00,4.273,-,0.000
2024-01-20T00:00:00,4.266,-,0.000
2024-01-19T23:45:00,4.256,-,0.000
2024-01-19T23:30:00,4.245,-,0.000
2024-01-19T23:15:00,4.236,-,0.000
2024-01-19T23:00:00,4.227,-,0.000
2024-01-19T22:45:00,4.217,-,0.000
2024-01-19T22:30:00,4.207,-,0.000
2024-01-19T22:15:00,4.198,-,0.000
2024-01-19T22:00:00,4.188,-,0.000
2024-01-19T21:45:00,4.177,-,0.000
2024-01-19T21:30:00,4.168,-,0.000
2024-01-19T21:15:00,4.158,-,0.000
2024-01-19T21:00:00,4.148,-,0.000
2024-01-19T20:45:00,4.137,-,0.000
2024-01-19T20:30:00,4.128,-,0.000
2024-01-19T20:15:00,4.118,-,0.000
2024-01-19T20:00:00,4.105,-,0.000
2024-01-19T19:45:00,4.097,-,0.000
2024-01-19T19:30:00,4.088,-,0.000
2024-01-19T19:15:00,4.077,-,0.000
2024-01-19T19:00:00,4.067,-,0.000
2024-01-19T18:45:00,4.058,-,0.000
2024-01-19T18:30:00,4.048,-,0.000
2024-01-19T18:15:00,4.038,-,0.000
2024-01-19T18:00:00,4.027,-,0.000
2024-01-19T17:45:00,4.017,-,0.000
2024-01-19T17:30:00,4.006,-,0.000
2024-01-19T17:15:00,3.996,-,0.000
2024-01-19T17:00:00,3.982,-,0.000
2024-01-19T16:45:00,3.976,-,0.000
2024-01-19T16:30:00,3.964,-,0.000
2024-01-19T16:15:00,3.954,-,0.000
2024-01-19T16:00:00,3.944,-,0.000
2024-01-19T15:45:00,3.935,-,0.000
2024-01-19T15:30:00,3.926,-,0.000
2024-01-19T15:15:00,3.916,-,0.000
2024-01-19T15:00:00,3.904,-,0.000
2024-01-19T14:45:00,3.894,-,0.000
2024-01-19T14:30:00,3.884,-,0.000
2024-01-19T14:15:00,3.876,-,0.000
2024-01-19T14:00:00,3.871,-,0.000
2024-01-19T13:45:00,3.864,-,0.000
2024-01-19T13:30:00,3.863,-,0.000
2024-01-19T13:15:00,3.863,-,0.000
2024-01-19T13:00:00,3.863,-,0.000
2024-01-19T12:45:00,3.863,-,0.000
2024-01-19T12:30:00,3.863,-,0.000
2024-01-19T12:15:00,3.863,-,0.000
2024-01-19T12:00:00,3.864,-,0.000
2024-01-19T11:45:00,3.864,-,0.000
2024-01-19T11:30:00,3.865,-,0.000
2024-01-19T11:15:00,3.868,-,0.000
2024-01-19T11:00:00,3.869,-,0.000
2024-01-19T10:45:00,3.869,-,0.000
2024-01-19T10:30:00,3.870,-,0.000
2024-01-19T10:15:00,3.870,-,0.000
2024-01-19T10:00:00,3.870,-,0.000
2024-01-19T09:45:00,3.870,-,0.000
2024-01-19T09:30:00,3.871,-,0.000
2024-01-19T09:15:00,3.871,-,0.000
2024-01-19T09:00:00,3.871,-,0.000
2024-01-19T08:45:00,3.872,-,0.000
2024-01-19T08:30:00,3.873,-,0.000
2024-01-19T08:15:00,3.874,-,0.000
2024-01-19T08:00:00,3.875,-,0.000
2024-01-19T07:45:00,3.875,-,0.000
2024-01-19T07:30:00,3.875,-,0.000
2024-01-19T07:15:00,3.876,-,0.000
2024-01-19T07:00:00,3.877,-,0.000
2024-01-19T06:45:00,3.877,-,0.000
2024-01-19T06:30:00,3.877,-,0.000
2024-01-19T06:15:00,3.878,-,0.000
2024-01-19T06:00:00,3.879,-,0.000
2024-01-19T05:45:00,3.879,-,0.000
2024-01-19T05:30:00,3.880,-,0.000
2024-01-19T05:15:00,3.880,-,0.000
2024-01-19T05:00:00,3.881,-,0.000
2024-01-19T04:45:00,3.881,-,0.000
2024-01-19T04:30:00,3.882,-,0.000
2024-01-19T04:15:00,3.883,-,0.000
2024-01-19T04:00:00,3.884,-,0.000
2024-01-19T03:45:00,3.884,-,0.000
2024-01-19T03:30:00,3.885,-,0.000
2024-01-19T03:15:00,3.885,-,0.000
2024-01-19T03:00:00,3.886,-,0.000
2024-01-19T02:45:00,3.887,-,0.000
2024-01-19T02:30:00,3.888,-,0.000
2024-01-19T02:15:00,3.888,-,0.000
2024-01-19T02:00:00,3.889,-,0.000
2024-01-19T01:45:00,3.889,-,0.000
2024-01-19T01:30:00,3.890,-,0.000
2024-01-19T01:15:00,3.891,-,0.000
2024-01-19T01:00:00,3.891,-,0.000
2024-01-19T00:45:00,3.892,-,0.000
2024-01-19T00:30:00,3.892,-,0.000
2024-01-19T00:15:00,3.892,-,0.000
2024-01-19T00:00:00,3.893,-,0.000
2024-01-18T23:45:00,3.893,-,0.000
2024-01-18T23:30:00,3.895,-,0.000
2024-01-18T23:15:00,3.895,-,0.000
2024-01-18T23:00:00,3.895,-,0.000
2024-01-18T22:45:00,3.896,-,0.000
2024-01-18T22:30:00,3.896,-,0.000
2024-01-18T22:15:00,3.897,-,0.000
2024-01-18T22:00:00,3.898,-,0.000
2024-01-18T21:45:00,3.898,-,0.000
2024-01-18T21:30:00,3.899,-,0.000
2024-01-18T21:15:00,3.899,-,0.000
2024-01-18T21:00:00,3.900,-,0.000
2024-01-18T20:45:00,3.901,-,0.000
2024-01-18T20:30:00,3.901,-,0.000
2024-01-18T20:15:00,3.902,-,0.000
2024-01-18T20:00:00,3.902,-,0.000
2024-01-18T19:45:00,3.903,-,0.000
2024-01-18T19:30:00,3.903,-,0.000
2024-01-18T19:15:00,3.904,-,0.000
2024-01-18T19:00:00,3.905,-,0.000
2024-01-18T18:45:00,3.906,-,0.000
2024-01-18T18:30:00,3.906,-,0.000
2024-01-18T18:15:00,3.907,-,0.000
2024-01-18T18:00:00,3.907,-,0.000
2024-01-18T17:45:00,3.908,-,0.000
2024-01-18T17:30:00,3.908,-,0.000
2024-01-18T17:15:00,3.909,-,0.000
2024-01-18T17:00:00,3.909,-,0.000
2024-01-18T16:45:00,3.910,-,0.000
2024-01-18T16:30:00,3.911,-,0.000
2024-01-18T16:15:00,3.912,-,0.000
2024-01-18T16:00:00,3.913,-,0.000
2024-01-18T15:45:00,3.912,-,0.000
2024-01-18T15:30:00,3.915,-,0.000
2024-01-18T15:15:00,3.915,-,0.000
2024-01-18T15:00:00,3.915,-,0.000
2024-01-18T14:45:00,3.915,-,0.000
2024-01-18T14:30:00,3.916,-,0.000
2024-01-18T14:15:00,3.917,-,0.000
2024-01-18T14:00:00,3.918,-,0.000
2024-01-18T13:45:00,3.918,-,0.000
2024-01-18T13:30:00,3.919,-,0.000
2024-01-18T13:15:00,3.919,-,0.000
2024-01-18T13:00:00,3.920,-,0.000
2024-01-18T12:45:00,3.920,-,0.000
2024-01-18T12:30:00,3.921,-,0.000
2024-01-18T12:15:00,3.921,-,0.000
2024-01-18T12:00:00,3.922,-,0.000
2024-01-18T11:45:00,3.922,-,0.000
2024-01-18T11:30:00,3.924,-,0.000
2024-01-18T11:15:00,3.924,-,0.000
2024-01-18T11:00:00,3.925,-,0.000
2024-01-18T10:45:00,3.926,-,0.000
2024-01-18T10:30:00,3.926,-,0.000
2024-01-18T10:15:00,3.926,-,0.000
2024-01-18T10:00:00,3.926,-,0.000
2024-01-18T09:45:00,3.927,-,0.000
2024-01-18T09:30:00,3.927,-,0.000
2024-01-18T09:15:00,3.927,-,0.000
2024-01-18T09:00:00,3.929,-,0.000
2024-01-18T08:45:00,3.929,-,0.000
2024-01-18T08:30:00,3.929,-,0.000
2024-01-18T08:15:00,3.929,-,0.000
2024-01-18T08:00:00,3.930,-,0.000
2024-01-18T07:45:00,3.930,-,0.000
2024-01-18T07:30:00,3.930,-,0.000
2024-01-18T07:15:00,3.930,-,0.000
2024-01-18T07:00:00,3.930,-,0.000
2024-01-18T06:45:00,3.932,-,0.000
2024-01-18T06:30:00,3.934,-,0.000
2024-01-18T06:15:00,3.934,-,0.000
2024-01-18T06:00:00,3.933,-,0.000
2024-01-18T05:45:00,3.934,-,0.000
2024-01-18T05:30:00,3.933,-,0.000
2024-01-18T05:15:00,3.936,-,0.000
2024-01-18T05:00:00,3.938,-,0.000
2024-01-18T04:45:00,3.941,-,0.000
2024-01-18T04:30:00,3.944,-,0.000
2024-01-18T04:15:00,3.947,-,0.000
2024-01-18T04:00:00,3.950,-,0.000
2024-01-18T03:45:00,3.953,-,0.000
2024-01-18T03:30:00,3.956,-,0.000
2024-01-18T03:15:00,3.959,-,0.000
2024-01-18T03:00:00,3.963,-,0.000
2024-01-18T02:45:00,3.966,-,0.000
2024-01-18T02:30:00,3.969,-,0.000
2024-01-18T02:15:00,3.972,-,0.000
2024-01-18T02:00:00,3.984,-,0.000
2024-01-18T01:45:00,3.984,-,0.000
2024-01-18T01:30:00,3.985,-,0.000
2024-01-18T01:15:00,3.986,-,0.000
2024-01-18T01:00:00,3.987,-,0.000
2024-01-18T00:45:00,3.990,-,0.000
2024-01-18T00:30:00,3.994,-,0.000
2024-01-18T00:15:00,3.997,-,0.000
2024-01-18T00:00:00,4.000,-,0.000
2024-01-17T23:45:00,4.003,-,0.000
2024-01-17T23:30:00,4.007,-,0.000
2024-01-17T23:15:00,4.010,-,0.000
2024-01-17T23:00:00,4.013,-,0.000
2024-01-17T22:45:00,4.017,-,0.000
2024-01-17T22:30:00,4.021,-,0.000
2024-01-17T22:15:00,4.023,-,0.000
2024-01-17T22:00:00,4.026,-,0.000
2024-01-17T21:45:00,4.030,-,0.000
2024-01-17T21:30:00,4.034,-,0.000
2024-01-17T21:15:00,4.036,-,0.000
2024-01-17T21:00:00,4.040,-,0.000
2024-01-17T20:45:00,4.044,-,0.000
2024-01-17T20:30:00,4.047,-,0.000
2024-01-17T20:15:00,4.050,-,0.000
2024-01-17T20:00:00,4.053,-,0.000
2024-01-17T19:45:00,4.056,-,0.000
2024-01-17T19:30:00,4.059,-,0.000
2024-01-17T19:15:00,4.063,-,0.000
2024-01-17T19:00:00,4.067,-,0.000
2024-01-17T18:45:00,4.070,-,0.000
2024-01-17T18:30:00,4.073,-,0.000
2024-01-17T18:15:00,4.076,-,0.000
2024-01-17T18:00:00,4.080,-,0.000
2024-01-17T17:45:00,4.084,-,0.000
2024-01-17T17:30:00,4.088,-,0.000
2024-01-17T17:15:00,4.092,-,0.000
2024-01-17T17:00:00,4.096,-,0.000
2024-01-17T16:45:00,4.099,-,0.000
2024-01-17T16:30:00,4.102,-,0.000
2024-01-17T16:15:00,4.109,-,0.000
2024-01-17T16:00:00,4.110,-,0.000
2024-01-17T15:45:00,4.113,-,0.000
2024-01-17T15:30:00,4.117,-,0.000
2024-01-17T15:15:00,4.120,-,0.000
2024-01-17T15:00:00,4.124,-,0.000
2024-01-17T14:45:00,4.127,-,0.000
2024-01-17T14:30:00,4.131,-,0.000
2024-01-17T14:15:00,4.135,-,0.000
2024-01-17T14:00:00,4.138,-,0.000
2024-01-17T13:45:00,4.142,-,0.000
2024-01-17T13:30:00,4.147,-,0.000
2024-01-17T13:15:00,4.150,-,0.000
2024-01-17T13:00:00,4.152,-,0.000
2024-01-17T12:45:00,4.155,-,0.000
2024-01-17T12:30:00,4.160,-,0.000
2024-01-17T12:15:00,4.164,-,0.000
2024-01-17T12:00:00,4.170,-,0.000
2024-01-17T11:45:00,4.173,-,0.000
2024-01-17T11:30:00,4.176,-,0.000
2024-01-17T11:15:00,4.182,-,0.000
2024-01-17T11:00:00,4.182,-,0.000
2024-01-17T10:45:00,4.185,-,0.000
2024-01-17T10:30:00,4.190,-,0.000
2024-01-17T10:15:00,4.195,-,0.000
2024-01-17T10:00:00,4.199,-,0.000
2024-01-17T09:45:00,4.203,-,0.000
2024-01-17T09:30:00,4.207,-,0.000
2024-01-17T09:15:00,4.210,-,0.000
2024-01-17T09:00:00,4.213,-,0.000
2024-01-17T08:45:00,4.218,-,0.000
2024-01-17T08:30:00,4.222,-,0.000
2024-01-17T08:15:00,4.226,-,0.000
2024-01-17T08:00:00,4.233,-,0.000
2024-01-17T07:45:00,4.234,-,0.000
2024-01-17T07:30:00,4.237,-,0.000
2024-01-17T07:15:00,4.242,-,0.000
2024-01-17T07:00:00,4.246,-,0.000
2024-01-17T06:45:00,4.250,-,0.000
2024-01-17T06:30:00,4.253,-,0.000
2024-01-17T06:15:00,4.258,-,0.000
2024-01-17T06:00:00,4.262,-,0.000
2024-01-17T05:45:00,4.266,-,0.000
2024-01-17T05:30:00,4.270,-,0.000
2024-01-17T05:15:00,4.274,-,0.000
2024-01-17T05:00:00,4.279,-,0.000
2024-01-17T04:45:00,4.282,-,0.000
2024-01-17T04:30:00,4.286,-,0.000
2024-01-17T04:15:00,4.290,-,0.000
2024-01-17T04:00:00,4.294,-,0.000
2024-01-17T03:45:00,4.299,-,0.000
2024-01-17T03:30:00,4.302,-,0.000
2024-01-17T03:15:00,4.306,-,0.000
2024-01-17T03:00:00,4.310,-,0.000
2024-01-17T02:45:00,4.315,-,0.000
2024-01-17T02:30:00,4.317,-,0.000
2024-01-17T02:15:00,4.322,-,0.000
2024-01-17T02:00:00,4.326,-,0.000
2024-01-17T01:45:00,4.329,-,0.000
2024-01-17T01:30:00,4.333,-,0.000
2024-01-17T01:15:00,4.337,-,0.000
2024-01-17T01:00:00,4.341,-,0.000
2024-01-17T00:45:00,4.344,-,0.000
2024-01-17T00:30:00,4.348,-,0.000
2024-01-17T00:15:00,4.356,-,0.000
2024-01-17T00:00:00,4.358,-,0.000
2024-01-16T23:45:00,4.360,-,0.000
2024-01-16T23:30:00,4.365,-,0.000
2024-01-16T23:15:00,4.369,-,0.000
2024-01-16T23:00:00,4.373,-,0.000
2024-01-16T22:45:00,4.378,-,0.000
2024-01-16T22:30:00,4.381,-,0.000
2024-01-16T22:15:00,4.385,-,0.000
2024-01-16T22:00:00,4.390,-,0.000
2024-01-16T21:45:00,4.394,-,0.000
2024-01-16T21:30:00,4.399,-,0.000
2024-01-16T21:15:00,4.403,-,0.000
2024-01-16T21:00:00,4.407,-,0.000
2024-01-16T20:45:00,4.411,-,0.000
2024-01-16T20:30:00,4.416,-,0.000
2024-01-16T20:15:00,4.421,-,0.000
2024-01-16T20:00:00,4.425,-,0.000
2024-01-16T19:45:00,4.429,-,0.000
2024-01-16T19:30:00,4.434,-,0.000
2024-01-16T19:15:00,4.438,-,0.000
2024-01-16T19:00:00,4.443,-,0.000
2024-01-16T18:45:00,4.446,-,0.000
2024-01-16T18:30:00,4.451,-,0.000
2024-01-16T18:15:00,4.455,-,0.000
2024-01-16T18:00:00,4.459,-,0.000
2024-01-16T17:45:00,4.463,-,0.000
2024-01-16T17:30:00,4.468,-,0.000
2024-01-16T17:15:00,4.472,-,0.000
2024-01-16T17:00:00,4.476,-,0.000
2024-01-16T16:45:00,4.483,-,0.000
2024-01-16T16:30:00,4.486,-,0.000
2024-01-16T16:15:00,4.490,-,0.000
2024-01-16T16:00:00,4.495,-,0.000
2024-01-16T15:45:00,4.499,-,0.000
2024-01-16T15:30:00,4.502,-,0.000
2024-01-16T15:15:00,4.506,-,0.000
2024-01-16T15:00:00,4.512,-,0.000
2024-01-16T14:45:00,4.516,-,0.000
2024-01-16T14:30:00,4.520,-,0.000
2024-01-16T14:15:00,4.525,-,0.000
2024-01-16T14:00:00,4.528,-,0.000
2024-01-16T13:45:00,4.531,-,0.000
2024-01-16T13:30:00,4.535,-,0.000
2024-01-16T13:15:00,4.540,-,0.000
2024-01-16T13:00:00,4.543,-,0.000
2024-01-16T12:45:00,4.546,-,0.000
2024-01-16T12:30:00,4.550,-,0.000
2024-01-16T12:15:00,4.556,-,0.000
2024-01-16T12:00:00,4.562,-,0.000
2024-01-16T11:45:00,4.567,-,0.000
2024-01-16T11:30:00,4.560,-,0.000
2024-01-16T11:15:00,4.561,-,0.000
2024-01-16T11:00:00,4.567,-,0.000
2024-01-16T10:45:00,4.573,-,0.000
2024-01-16T10:30:00,4.579,-,0.000
2024-01-16T10:15:00,4.584,-,0.000
2024-01-16T10:00:00,4.588,-,0.000
2024-01-16T09:45:00,4.590,-,0.000
2024-01-16T09:30:00,4.592,-,0.000
2024-01-16T09:15:00,4.593,-,0.000
2024-01-16T09:00:00,4.592,-,0.000
2024-01-16T08:45:00,4.591,-,0.000
2024-01-16T08:30:00,4.590,-,0.000
2024-01-16T08:15:00,4.589,-,0.000
2024-01-16T08:00:00,4.588,-,0.000
2024-01-16T07:45:00,4.587,-,0.000
2024-01-16T07:30:00,4.585,-,0.000
2024-01-16T07:15:00,4.584,-,0.000
2024-01-16T07:00:00,4.583,-,0.000
2024-01-16T06:45:00,4.581,-,0.000
2024-01-16T06:30:00,4.580,-,0.000
2024-01-16T06:15:00,4.579,-,0.000
2024-01-16T06:00:00,4.578,-,0.000
2024-01-16T05:45:00,4.577,-,0.000
2024-01-16T05:30:00,4.575,-,0.000
2024-01-16T05:15:00,4.574,-,0.000
2024-01-16T05:00:00,4.572,-,0.000
2024-01-16T04:45:00,4.571,-,0.000
2024-01-16T04:30:00,4.570,-,0.000
2024-01-16T04:15:00,4.568,-,0.000
2024-01-16T04:00:00,4.567,-,0.000
2024-01-16T03:45:00,4.566,-,0.000
2024-01-16T03:30:00,4.564,-,0.000
2024-01-16T03:15:00,4.563,-,0.000
2024-01-16T03:00:00,4.562,-,0.000
2024-01-16T02:45:00,4.560,-,0.000
2024-01-16T02:30:00,4.559,-,0.000
2024-01-16T02:15:00,4.558,-,0.000
2024-01-16T02:00:00,4.556,-,0.000
2024-01-16T01:45:00,4.555,-,0.000
2024-01-16T01:30:00,4.555,-,0.000
2024-01-16T01:15:00,4.553,-,0.000
2024-01-16T01:00:00,4.551,-,0.000
2024-01-16T00:45:00,4.549,-,0.000
2024-01-16T00:30:00,4.548,-,0.000
2024-01-16T00:15:00,4.547,-,0.000
2024-01-16T00:00:00,4.545,-,0.000
2024-01-15T23:45:00,4.543,-,0.000
2024-01-15T23:30:00,4.542,-,0.000
2024-01-15T23:15:00,4.540,-,0.000
2024-01-15T23:00:00,4.539,-,0.000
2024-01-15T22:45:00,4.537,-,0.000
2024-01-15T22:30:00,4.535,-,0.000
2024-01-15T22:15:00,4.534,-,0.000
2024-01-15T22:00:00,4.532,-,0.000
2024-01-15T21:45:00,4.531,-,0.000
2024-01-15T21:30:00,4.529,-,0.000
2024-01-15T21:15:00,4.528,-,0.000
2024-01-15T21:00:00,4.526,-,0.000
2024-01-15T20:45:00,4.525,-,0.000
2024-01-15T20:30:00,4.522,-,0.000
2024-01-15T20:15:00,4.521,-,0.000
2024-01-15T20:00:00,4.519,-,0.000
2024-01-15T19:45:00,4.517,-,0.000
2024-01-15T19:30:00,4.515,-,0.000
2024-01-15T19:15:00,4.514,-,0.000
2024-01-15T19:00:00,4.512,-,0.000
2024-01-15T18:45:00,4.510,-,0.000
2024-01-15T18:30:00,4.508,-,0.000
2024-01-15T18:15:00,4.506,-,0.000
2024-01-15T18:00:00,4.504,-,0.000
2024-01-15T17:45:00,4.502,-,0.000
2024-01-15T17:30:00,4.500,-,0.000
2024-01-15T17:15:00,4.497,-,0.000
2024-01-15T17:00:00,4.495,-,0.000
2024-01-15T16:45:00,4.494,-,0.000
2024-01-15T16:30:00,4.490,-,0.000
2024-01-15T16:15:00,4.489,-,0.000
2024-01-15T16:00:00,4.486,-,0.000
2024-01-15T15:45:00,4.484,-,0.000
2024-01-15T15:30:00,4.483,-,0.000
2024-01-15T15:15:00,4.477,-,0.000
2024-01-15T15:00:00,4.477,-,0.000
2024-01-15T14:45:00,4.474,-,0.000
2024-01-15T14:30:00,4.471,-,0.000
2024-01-15T14:15:00,4.469,-,0.000
2024-01-15T14:00:00,4.466,-,0.000
2024-01-15T13:45:00,4.464,-,0.000
2024-01-15T13:30:00,4.461,-,0.000
2024-01-15T13:15:00,4.458,-,0.000
2024-01-15T13:00:00,4.455,-,0.000
2024-01-15T12:45:00,4.454,-,0.000
2024-01-15T12:30:00,4.451,-,0.000
2024-01-15T12:15:00,4.449,-,0.000
2024-01-15T12:00:00,4.447,-,0.000
2024-01-15T11:45:00,4.445,-,0.000
2024-01-15T11:30:00,4.442,-,0.000
2024-01-15T11:15:00,4.440,-,0.000
2024-01-15T11:00:00,4.437,-,0.000
2024-01-15T10:45:00,4.432,-,0.000
2024-01-15T10:30:00,4.432,-,0.000
2024-01-15T10:15:00,4.438,-,0.000
2024-01-15T10:00:00,4.431,-,0.000
2024-01-15T09:45:00,4.424,-,0.000
2024-01-15T09:30:00,4.419,-,0.000
2024-01-15T09:15:00,4.413,-,0.000
2024-01-15T09:00:00,4.409,-,0.000
2024-01-15T08:45:00,4.402,-,0.000
2024-01-15T08:30:00,4.390,-,0.000
2024-01-15T08:15:00,4.387,-,0.000
2024-01-15T08:00:00,4.376,-,0.000
2024-01-15T07:45:00,4.370,-,0.000
2024-01-15T07:30:00,4.368,-,0.000
2024-01-15T07:15:00,4.367,-,0.000
2024-01-15T07:00:00,4.361,-,0.000
2024-01-15T06:45:00,4.360,-,0.000
2024-01-15T06:30:00,4.362,-,0.000
2024-01-15T06:15:00,4.358,-,0.000
2024-01-15T06:00:00,4.367,-,0.000
2024-01-15T05:45:00,4.361,-,0.000
2024-01-15T05:30:00,4.351,-,0.000
2024-01-15T05:15:00,4.344,-,0.000
2024-01-15T05:00:00,4.331,-,0.000
2024-01-15T04:45:00,4.325,-,0.000
2024-01-15T04:30:00,4.328,-,0.000
2024-01-15T04:15:00,4.332,-,0.000
2024-01-15T04:00:00,4.335,-,0.000
2024-01-15T03:45:00,4.338,-,0.000
2024-01-15T03:30:00,4.341,-,0.000
2024-01-15T03:15:00,4.344,-,0.000
2024-01-15T03:00:00,4.348,-,0.000
2024-01-15T02:45:00,4.356,-,0.000
2024-01-15T02:30:00,4.358,-,0.000
2024-01-15T02:15:00,4.360,-,0.000
2024-01-15T02:00:00,4.365,-,0.000
2024-01-15T01:45:00,4.367,-,0.000
2024-01-15T01:30:00,4.371,-,0.000
2024-01-15T01:15:00,4.375,-,0.000
2024-01-15T01:00:00,4.378,-,0.000
2024-01-15T00:45:00,4.381,-,0.000
2024-01-15T00:30:00,4.387,-,0.000
2024-01-15T00:15:00,4.391,-,0.000
2024-01-15T00:00:00,4.395,-,0.000
2024-01-28T23:45:00,4.056,-,0.000
2024-01-28T23:30:00,4.056,-,0.000
2024-01-28T23:15:00,4.056,-,0.000
2024-01-28T23:00:00,4.056,-,0.000
2024-01-28T22:45:00,4.056,-,0.000
2024-01-28T22:30:00,4.056,-,0.000
2024-01-28T22:15:00,4.056,-,0.000
2024-01-28T22:00:00,4.056,-,0.000
2024-01-28T21:45:00,4.056,-,0.000
2024-01-28T21:30:00,4.056,-,0.000
2024-01-28T21:15:00,4.056,-,0.000
2024-01-28T21:00:00,4.056,-,0.000
2024-01-28T20:45:00,4.056,-,0.000
2024-01-28T20:30:00,4.056,-,0.000
2024-01-28T20:15:00,4.056,-,0.000
2024-01-28T20:00:00,4.057,-,0.000
2024-01-28T19:45:00,4.057,-,0.000
2024-01-28T19:30:00,4.115,-,0.000
2024-01-28T19:15:00,4.144,-,0.000
2024-01-28T19:00:00,4.174,-,0.000
2024-01-28T18:45:00,4.224,-,0.000
2024-01-28T18:30:00,4.265,-,0.000
2024-01-28T18:15:00,4.283,-,0.000
2024-01-28T18:00:00,4.371,-,0.000
2024-01-28T17:45:00,4.424,-,0.000
2024-01-28T17:30:00,4.464,-,0.000
2024-01-28T17:15:00,4.481,-,0.000
2024-01-28T17:00:00,4.498,-,0.000
2024-01-28T16:45:00,4.527,-,0.000
2024-01-28T16:30:00,4.550,-,0.000
2024-01-28T16:15:00,4.574,-,0.000
2024-01-28T16:00:00,4.593,-,0.000
2024-01-28T15:45:00,4.648,-,0.000
2024-01-28T15:30:00,4.673,-,0.000
2024-01-28T15:15:00,4.679,-,0.000
2024-01-28T15:00:00,4.759,-,0.000
2024-01-28T14:45:00,4.761,-,0.000
2024-01-28T14:30:00,4.768,-,0.000
2024-01-28T14:15:00,4.763,-,0.000
2024-01-28T14:00:00,4.774,-,0.000
2024-01-28T13:45:00,4.769,-,0.000
2024-01-28T13:30:00,4.771,-,0.000
2024-01-28T13:15:00,4.766,-,0.000
2024-01-28T13:00:00,4.771,-,0.000
2024-01-28T12:45:00,4.765,-,0.000
2024-01-28T12:30:00,4.774,-,0.000
2024-01-28T12:15:00,4.778,-,0.000
2024-01-28T12:00:00,4.773,-,0.000
2024-01-28T11:45:00,4.784,-,0.000
2024-01-28T11:30:00,4.776,-,0.000
2024-01-28T11:15:00,4.774,-,0.000
2024-01-28T11:00:00,4.797,-,0.000
2024-01-28T10:45:00,4.785,-,0.000
2024-01-28T10:30:00,4.783,-,0.000
2024-01-28T10:15:00,4.801,-,0.000
2024-01-28T10:00:00,4.795,-,0.000
2024-01-28T09:45:00,4.795,-,0.000
2024-01-28T09:30:00,4.804,-,0.000
2024-01-28T09:15:00,4.802,-,0.000
2024-01-28T09:00:00,4.809,-,0.000
2024-01-28T08:45:00,4.805,-,0.000
2024-01-28T08:30:00,4.807,-,0.000
2024-01-28T08:15:00,4.809,-,0.000
2024-01-28T08:00:00,4.804,-,0.000
2024-01-28T07:45:00,4.795,-,0.000
2024-01-28T07:30:00,4.804,-,0.000
2024-01-28T07:15:00,4.788,-,0.000
2024-01-28T07:00:00,4.798,-,0.000
2024-01-28T06:45:00,4.810,-,0.000
2024-01-28T06:30:00,4.822,-,0.000
2024-01-28T06:15:00,4.839,-,0.000
2024-01-28T06:00:00,4.851,-,0.000
2024-01-28T05:45:00,4.859,-,0.000
2024-01-28T05:30:00,4.873,-,0.000
2024-01-28T05:15:00,4.903,-,0.000
2024-01-28T05:00:00,4.904,-,0.000
2024-01-28T04:45:00,4.969,-,0.000
2024-01-28T04:30:00,4.970,-,0.000
2024-01-28T04:15:00,4.971,-,0.000
2024-01-28T04:00:00,4.971,-,0.000
2024-01-28T03:45:00,4.972,-,0.000
2024-01-28T03:30:00,4.973,-,0.000
2024-01-28T03:15:00,4.973,-,0.000
2024-01-28T03:00:00,4.975,-,0.000
2024-01-28T02:45:00,4.975,-,0.000
2024-01-28T02:30:00,4.975,-,0.000
2024-01-28T02:15:00,4.976,-,0.000
2024-01-28T02:00:00,4.979,-,0.000
2024-01-28T01:45:00,4.980,-,0.000
2024-01-28T01:30:00,4.981,-,0.000
2024-01-28T01:15:00,4.984,-,0.000
2024-01-28T01:00:00,4.985,-,0.000
2024-01-28T00:45:00,4.986,-,0.000
2024-01-28T00:30:00,4.987,-,0.000
2024-01-28T00:15:00,4.989,-,0.000
2024-01-28T00:00:00,4.991,-,0.000
2024-01-27T23:45:00,4.991,-,0.000
2024-01-27T23:30:00,4.992,-,0.000
2024-01-27T23:15:00,4.993,-,0.000
2024-01-27T23:00:00,4.993,-,0.000
2024-01-27T22:45:00,4.992,-,0.000
2024-01-27T22:30:00,4.988,-,0.000
2024-01-27T22:15:00,4.983,-,0.000
2024-01-27T22:00:00,4.977,-,0.000
2024-01-27T21:45:00,4.962,-,0.000
2024-01-27T21:30:00,4.949,-,0.000
2024-01-27T21:15:00,4.937,-,0.000
2024-01-27T21:00:00,4.910,-,0.000
2024-01-27T20:45:00,4.887,-,0.000
2024-01-27T20:30:00,4.862,-,0.000
2024-01-27T20:15:00,4.837,-,0.000
2024-01-27T20:00:00,4.803,-,0.000
2024-01-27T19:45:00,4.780,-,0.000
2024-01-27T19:30:00,4.755,-,0.000
2024-01-27T19:15:00,4.728,-,0.000
2024-01-27T19:00:00,4.695,-,0.000
2024-01-27T18:45:00,4.665,-,0.000
2024-01-27T18:30:00,4.643,-,0.000
2024-01-27T18:15:00,4.370,-,0.000
2024-01-27T18:00:00,4.356,-,0.000
2024-01-27T17:45:00,4.355,-,0.000
2024-01-27T17:30:00,4.351,-,0.000
2024-01-27T17:15:00,4.346,-,0.000
2024-01-27T17:00:00,4.340,-,0.000
2024-01-27T16:45:00,4.335,-,0.000
2024-01-27T16:30:00,4.331,-,0.000
2024-01-27T16:15:00,4.327,-,0.000
2024-01-27T16:00:00,4.323,-,0.000
2024-01-27T15:45:00,4.318,-,0.000
2024-01-27T15:30:00,4.312,-,0.000
2024-01-27T15:15:00,4.309,-,0.000
2024-01-27T15:00:00,4.305,-,0.000
2024-01-27T14:45:00,4.299,-,0.000
2024-01-27T14:30:00,4.295,-,0.000
2024-01-27T14:15:00,4.291,-,0.000
2024-01-27T14:00:00,4.285,-,0.000
2024-01-27T13:45:00,4.282,-,0.000
2024-01-27T13:30:00,4.276,-,0.000
2024-01-27T13:15:00,4.270,-,0.000
2024-01-27T13:00:00,4.265,-,0.000
2024-01-27T12:45:00,4.261,-,0.000
2024-01-27T12:30:00,4.254,-,0.000
2024-01-27T12:15:00,4.252,-,0.000
2024-01-27T12:00:00,4.244,-,0.000
2024-01-27T11:45:00,4.242,-,0.000
2024-01-27T11:30:00,4.235,-,0.000
2024-01-27T11:15:00,4.230,-,0.000
2024-01-27T11:00:00,4.224,-,0.000
2024-01-27T10:45:00,4.220,-,0.000
2024-01-27T10:30:00,4.217,-,0.000
2024-01-27T10:15:00,4.209,-,0.000
2024-01-27T10:00:00,4.203,-,0.000
2024-01-27T09:45:00,4.196,-,0.000
2024-01-27T09:30:00,4.190,-,0.000
2024-01-27T09:15:00,4.184,-,0.000
2024-01-27T09:00:00,4.178,-,0.000
2024-01-27T08:45:00,4.172,-,0.000
2024-01-27T08:30:00,4.166,-,0.000
2024-01-27T08:15:00,4.159,-,0.000
2024-01-27T08:00:00,4.154,-,0.000
2024-01-27T07:45:00,4.147,-,0.000
2024-01-27T07:30:00,4.141,-,0.000
2024-01-27T07:15:00,4.135,-,0.000
2024-01-27T07:00:00,4.128,-,0.000
2024-01-27T06:45:00,4.122,-,0.000
2024-01-27T06:30:00,4.117,-,0.000
2024-01-27T06:15:00,4.107,-,0.000
2024-01-27T06:00:00,4.106,-,0.000
2024-01-27T05:45:00,4.098,-,0.000
2024-01-27T05:30:00,4.090,-,0.000
2024-01-27T05:15:00,4.083,-,0.000
2024-01-27T05:00:00,4.075,-,0.000
2024-01-27T04:45:00,4.068,-,0.000
2024-01-27T04:30:00,4.061,-,0.000
2024-01-27T04:15:00,4.054,-,0.000
2024-01-27T04:00:00,4.046,-,0.000
2024-01-27T03:45:00,4.039,-,0.000
2024-01-27T03:30:00,4.032,-,0.000
2024-01-27T03:15:00,4.023,-,0.000
2024-01-27T03:00:00,4.015,-,0.000
2024-01-27T02:45:00,4.008,-,0.000
2024-01-27T02:30:00,3.999,-,0.000
2024-01-27T02:15:00,3.991,-,0.000
2024-01-27T02:00:00,3.983,-,0.000
2024-01-27T01:45:00,3.975,-,0.000
2024-01-27T01:30:00,3.967,-,0.000
2024-01-27T01:15:00,3.959,-,0.000
2024-01-27T01:00:00,3.950,-,0.000
2024-01-27T00:45:00,3.942,-,0.000
2024-01-27T00:30:00,3.935,-,0.000
2024-01-27T00:15:00,3.927,-,0.000
2024-01-27T00:00:00,3.919,-,0.000
2024-01-26T23:45:00,3.910,-,0.000
2024-01-26T23:30:00,3.903,-,0.000
2024-01-26T23:15:00,3.894,-,0.000
2024-01-26T23:00:00,3.886,-,0.000
2024-01-26T22:45:00,3.877,-,0.000
2024-01-26T22:30:00,3.869,-,0.000
2024-01-26T22:15:00,3.860,-,0.000
2024-01-26T22:00:00,3.853,-,0.000
2024-01-26T21:45:00,3.844,-,0.000
2024-01-26T21:30:00,3.837,-,0.000
2024-01-26T21:15:00,3.830,-,0.000
2024-01-26T21:00:00,3.822,-,0.000
2024-01-26T20:45:00,3.816,-,0.000
2024-01-26T20:30:00,3.811,-,0.000
2024-01-26T20:15:00,3.804,-,0.000
2024-01-26T20:00:00,3.800,-,0.000
2024-01-26T19:45:00,3.796,-,0.000
2024-01-26T19:30:00,3.793,-,0.000
2024-01-26T19:15:00,3.791,-,0.000
2024-01-26T19:00:00,3.788,-,0.000
2024-01-26T18:45:00,3.787,-,0.000
2024-01-26T18:30:00,3.779,-,0.000
2024-01-26T18:15:00,3.777,-,0.000
2024-01-26T18:00:00,3.779,-,0.000
2024-01-26T17:45:00,3.769,-,0.000
2024-01-26T17:30:00,3.776,-,0.000
2024-01-26T17:15:00,3.765,-,0.000
2024-01-26T17:00:00,3.754,-,0.000
2024-01-26T16:45:00,3.744,-,0.000
2024-01-26T16:30:00,3.730,-,0.000
2024-01-26T16:15:00,3.723,-,0.000
2024-01-26T16:00:00,3.713,-,0.000
2024-01-26T15:45:00,3.702,-,0.000
2024-01-26T15:30:00,3.692,-,0.000
2024-01-26T15:15:00,3.682,-,0.000
2024-01-26T15:00:00,3.673,-,0.000
2024-01-26T14:45:00,3.659,-,0.000
2024-01-26T14:30:00,3.651,-,0.000
2024-01-26T14:15:00,3.639,-,0.000
2024-01-26T14:00:00,3.630,-,0.000
2024-01-26T13:45:00,3.621,-,0.000
2024-01-26T13:30:00,3.609,-,0.000
2024-01-26T13:15:00,3.598,-,0.000
2024-01-26T13:00:00,3.591,-,0.000
2024-01-26T12:45:00,3.581,-,0.000
2024-01-26T12:30:00,3.570,-,0.000
2024-01-26T12:15:00,3.562,-,0.000
2024-01-26T12:00:00,3.554,-,0.000
2024-01-26T11:45:00,3.546,-,0.000
2024-01-26T11:30:00,3.543,-,0.000
2024-01-26T11:15:00,3.539,-,0.000
2024-01-26T11:00:00,3.543,-,0.000
2024-01-26T10:45:00,3.544,-,0.000
2024-01-26T10:30:00,3.542,-,0.000
2024-01-26T10:15:00,3.544,-,0.000
2024-01-26T10:00:00,3.543,-,0.000
2024-01-26T09:45:00,3.545,-,0.000
2024-01-26T09:30:00,3.547,-,0.000
2024-01-26T09:15:00,3.547,-,0.000
2024-01-26T09:00:00,3.548,-,0.000
2024-01-26T08:45:00,3.550,-,0.000
2024-01-26T08:30:00,3.551,-,0.000
2024-01-26T08:15:00,3.551,-,0.000
2024-01-26T08:00:00,3.552,-,0.000
2024-01-26T07:45:00,3.553,-,0.000
2024-01-26T07:30:00,3.554,-,0.000
2024-01-26T07:15:00,3.555,-,0.000
2024-01-26T07:00:00,3.556,-,0.000
2024-01-26T06:45:00,3.557,-,0.000
2024-01-26T06:30:00,3.557,-,0.000
2024-01-26T06:15:00,3.558,-,0.000
2024-01-26T06:00:00,3.558,-,0.000
2024-01-26T05:45:00,3.559,-,0.000
2024-01-26T05:30:00,3.560,-,0.000
2024-01-26T05:15:00,3.562,-,0.000
2024-01-26T05:00:00,3.562,-,0.000
2024-01-26T04:45:00,3.563,-,0.000
2024-01-26T04:30:00,3.563,-,0.000
2024-01-26T04:15:00,3.565,-,0.000
2024-01-26T04:00:00,3.566,-,0.000
2024-01-26T03:45:00,3.567,-,0.000
2024-01-26T03:30:00,3.567,-,0.000
2024-01-26T03:15:00,3.568,-,0.000
2024-01-26T03:00:00,3.569,-,0.000
2024-01-26T02:45:00,3.570,-,0.000
2024-01-26T02:30:00,3.570,-,0.000
2024-01-26T02:15:00,3.571,-,0.000
2024-01-26T02:00:00,3.572,-,0.000
2024-01-26T01:45:00,3.573,-,0.000
2024-01-26T01:30:00,3.574,-,0.000
2024-01-26T01:15:00,3.574,-,0.000
2024-01-26T01:00:00,3.576,-,0.000
2024-01-26T00:45:00,3.577,-,0.000
2024-01-26T00:30:00,3.577,-,0.000
2024-01-26T00:15:00,3.578,-,0.000
2024-01-26T00:00:00,3.579,-,0.000
2024-01-25T23:45:00,3.580,-,0.000
2024-01-25T23:30:00,3.582,-,0.000
2024-01-25T23:15:00,3.582,-,0.000
2024-01-25T23:00:00,3.584,-,0.000
2024-01-25T22:45:00,3.584,-,0.000
2024-01-25T22:30:00,3.585,-,0.000
2024-01-25T22:15:00,3.586,-,0.000
2024-01-25T22:00:00,3.587,-,0.000
2024-01-25T21:45:00,3.588,-,0.000
2024-01-25T21:30:00,3.588,-,0.000
2024-01-25T21:15:00,3.590,-,0.000
2024-01-25T21:00:00,3.591,-,0.000
2024-01-25T20:45:00,3.591,-,0.000
2024-01-25T20:30:00,3.593,-,0.000
2024-01-25T20:15:00,3.593,-,0.000
2024-01-25T20:00:00,3.594,-,0.000
2024-01-25T19:45:00,3.596,-,0.000
2024-01-25T19:30:00,3.597,-,0.000
2024-01-25T19:15:00,3.598,-,0.000
2024-01-25T19:00:00,3.599,-,0.000
2024-01-25T18:45:00,3.600,-,0.000
2024-01-25T18:30:00,3.601,-,0.000
2024-01-25T18:15:00,3.601,-,0.000
2024-01-25T18:00:00,3.601,-,0.000
2024-01-25T17:45:00,3.607,-,0.000
2024-01-25T17:30:00,3.607,-,0.000
2024-01-25T17:15:00,3.608,-,0.000
2024-01-25T17:00:00,3.608,-,0.000
2024-01-25T16:45:00,3.609,-,0.000
2024-01-25T16:30:00,3.609,-,0.000
2024-01-25T16:15:00,3.609,-,0.000
2024-01-25T16:00:00,3.609,-,0.000
2024-01-25T15:45:00,3.610,-,0.000
2024-01-25T15:30:00,3.612,-,0.000
2024-01-25T15:15:00,3.613,-,0.000
2024-01-25T15:00:00,3.615,-,0.000
2024-01-25T14:45:00,3.616,-,0.000
2024-01-25T14:30:00,3.616,-,0.000
2024-01-25T14:15:00,3.617,-,0.000
2024-01-25T14:00:00,3.618,-,0.000
2024-01-25T13:45:00,3.620,-,0.000
2024-01-25T13:30:00,3.620,-,0.000
2024-01-25T13:15:00,3.618,-,0.000
2024-01-25T13:00:00,3.621,-,0.000
2024-01-25T12:45:00,3.622,-,0.000
2024-01-25T12:30:00,3.624,-,0.000
2024-01-25T12:15:00,3.627,-,0.000
2024-01-25T12:00:00,3.627,-,0.000
2024-01-25T11:45:00,3.627,-,0.000
2024-01-25T11:30:00,3.626,-,0.000
2024-01-25T11:15:00,3.629,-,0.000
2024-01-25T11:00:00,3.632,-,0.000
2024-01-25T10:45:00,3.630,-,0.000
2024-01-25T10:30:00,3.633,-,0.000
2024-01-25T10:15:00,3.633,-,0.000
2024-01-25T10:00:00,3.633,-,0.000
2024-01-25T09:45:00,3.635,-,0.000
2024-01-25T09:30:00,3.636,-,0.000
2024-01-25T09:15:00,3.637,-,0.000
2024-01-25T09:00:00,3.637,-,0.000
2024-01-25T08:45:00,3.638,-,0.000
2024-01-25T08:30:00,3.639,-,0.000
2024-01-25T08:15:00,3.640,-,0.000
2024-01-25T08:00:00,3.642,-,0.000
2024-01-25T07:45:00,3.642,-,0.000
2024-01-25T07:30:00,3.643,-,0.000
2024-01-25T07:15:00,3.644,-,0.000
2024-01-25T07:00:00,3.645,-,0.000
2024-01-25T06:45:00,3.645,-,0.000
2024-01-25T06:30:00,3.646,-,0.000
2024-01-25T06:15:00,3.648,-,0.000
2024-01-25T06:00:00,3.648,-,0.000
2024-01-25T05:45:00,3.649,-,0.000
2024-01-25T05:30:00,3.651,-,0.000
2024-01-25T05:15:00,3.651,-,0.000
2024-01-25T05:00:00,3.652,-,0.000
2024-01-25T04:45:00,3.654,-,0.000
2024-01-25T04:30:00,3.654,-,0.000
2024-01-25T04:15:00,3.655,-,0.000
2024-01-25T04:00:00,3.656,-,0.000
2024-01-25T03:45:00,3.657,-,0.000
2024-01-25T03:30:00,3.657,-,0.000
2024-01-25T03:15:00,3.659,-,0.000
2024-01-25T03:00:00,3.660,-,0.000
2024-01-25T02:45:00,3.661,-,0.000
2024-01-25T02:30:00,3.662,-,0.000
2024-01-25T02:15:00,3.663,-,0.000
2024-01-25T02:00:00,3.664,-,0.000
2024-01-25T01:45:00,3.665,-,0.000
2024-01-25T01:30:00,3.666,-,0.000
2024-01-25T01:15:00,3.668,-,0.000
2024-01-25T01:00:00,3.669,-,0.000
2024-01-25T00:45:00,3.669,-,0.000
2024-01-25T00:30:00,3.670,-,0.000
2024-01-25T00:15:00,3.672,-,0.000
2024-01-25T00:00:00,3.673,-,0.000
2024-01-24T23:45:00,3.674,-,0.000
2024-01-24T23:30:00,3.675,-,0.000
2024-01-24T23:15:00,3.677,-,0.000
2024-01-24T23:00:00,3.677,-,0.000
2024-01-24T22:45:00,3.678,-,0.000
2024-01-24T22:30:00,3.678,-,0.000
2024-01-24T22:15:00,3.678,-,0.000
2024-01-24T22:00:00,3.680,-,0.000
2024-01-24T21:45:00,3.682,-,0.000
2024-01-24T21:30:00,3.682,-,0.000
2024-01-24T21:15:00,3.683,-,0.000
2024-01-24T21:00:00,3.684,-,0.000
2024-01-24T20:45:00,3.685,-,0.000
2024-01-24T20:30:00,3.686,-,0.000
2024-01-24T20:15:00,3.687,-,0.000
2024-01-24T20:00:00,3.689,-,0.000
2024-01-24T19:45:00,3.689,-,0.000
2024-01-24T19:30:00,3.689,-,0.000
2024-01-24T19:15:00,3.690,-,0.000
2024-01-24T19:00:00,3.693,-,0.000
2024-01-24T18:45:00,3.693,-,0.000
2024-01-24T18:30:00,3.694,-,0.000
2024-01-24T18:15:00,3.695,-,0.000
2024-01-24T18:00:00,3.696,-,0.000
2024-01-24T17:45:00,3.697,-,0.000
2024-01-24T17:30:00,3.698,-,0.000
2024-01-24T17:15:00,3.699,-,0.000
2024-01-24T17:00:00,3.700,-,0.000
2024-01-24T16:45:00,3.701,-,0.000
2024-01-24T16:30:00,3.703,-,0.000
2024-01-24T16:15:00,3.704,-,0.000
2024-01-24T16:00:00,3.705,-,0.000
2024-01-24T15:45:00,3.707,-,0.000
2024-01-24T15:30:00,3.707,-,0.000
2024-01-24T15:15:00,3.708,-,0.000
2024-01-24T15:00:00,3.706,-,0.000
2024-01-24T14:45:00,3.709,-,0.000
2024-01-24T14:30:00,3.710,-,0.000
2024-01-24T14:15:00,3.710,-,0.000
2024-01-24T14:00:00,3.710,-,0.000
2024-01-24T13:45:00,3.714,-,0.000
2024-01-24T13:30:00,3.715,-,0.000
2024-01-24T13:15:00,3.716,-,0.000
2024-01-24T13:00:00,3.716,-,0.000
2024-01-24T12:45:00,3.716,-,0.000
2024-01-24T12:30:00,3.719,-,0.000
2024-01-24T12:15:00,3.719,-,0.000
2024-01-24T12:00:00,3.719,-,0.000
2024-01-24T11:45:00,3.720,-,0.000
2024-01-24T11:30:00,3.724,-,0.000
2024-01-24T11:15:00,3.726,-,0.000
2024-01-24T11:00:00,3.723,-,0.000
2024-01-24T10:45:00,3.724,-,0.000
2024-01-24T10:30:00,3.725,-,0.000
2024-01-24T10:15:00,3.725,-,0.000
2024-01-24T10:00:00,3.731,-,0.000
2024-01-24T09:45:00,3.731,-,0.000
2024-01-24T09:30:00,3.732,-,0.000
2024-01-24T09:15:00,3.732,-,0.000
2024-01-24T09:00:00,3.733,-,0.000
2024-01-24T08:45:00,3.733,-,0.000
2024-01-24T08:30:00,3.733,-,0.000
2024-01-24T08:15:00,3.734,-,0.000
2024-01-24T08:00:00,3.734,-,0.000
2024-01-24T07:45:00,3.734,-,0.000
2024-01-24T07:30:00,3.735,-,0.000
2024-01-24T07:15:00,3.736,-,0.000
2024-01-24T07:00:00,3.736,-,0.000
2024-01-24T06:45:00,3.739,-,0.000
2024-01-24T06:30:00,3.741,-,0.000
2024-01-24T06:15:00,3.743,-,0.000
2024-01-24T06:00:00,3.741,-,0.000
2024-01-24T05:45:00,3.741,-,0.000
2024-01-24T05:30:00,3.741,-,0.000
2024-01-24T05:15:00,3.744,-,0.000
2024-01-24T05:00:00,3.749,-,0.000
2024-01-24T04:45:00,3.753,-,0.000
2024-01-24T04:30:00,3.756,-,0.000
2024-01-24T04:15:00,3.762,-,0.000
2024-01-24T04:00:00,3.764,-,0.000
2024-01-24T03:45:00,3.769,-,0.000
2024-01-24T03:30:00,3.773,-,0.000
2024-01-24T03:15:00,3.777,-,0.000
2024-01-24T03:00:00,3.782,-,0.000
2024-01-24T02:45:00,3.786,-,0.000
2024-01-24T02:30:00,3.791,-,0.000
2024-01-24T02:15:00,3.796,-,0.000
2024-01-24T02:00:00,3.801,-,0.000
2024-01-24T01:45:00,3.805,-,0.000
2024-01-24T01:30:00,3.809,-,0.000
2024-01-24T01:15:00,3.813,-,0.000
2024-01-24T01:00:00,3.818,-,0.000
2024-01-24T00:45:00,3.822,-,0.000
2024-01-24T00:30:00,3.827,-,0.000
2024-01-24T00:15:00,3.831,-,0.000
2024-01-24T00:00:00,3.834,-,0.000
2024-01-23T23:45:00,3.840,-,0.000
2024-01-23T23:30:00,3.844,-,0.000
2024-01-23T23:15:00,3.862,-,0.000
2024-01-23T23:00:00,3.862,-,0.000
2024-01-23T22:45:00,3.863,-,0.000
2024-01-23T22:30:00,3.865,-,0.000
2024-01-23T22:15:00,3.867,-,0.000
2024-01-23T22:00:00,3.871,-,0.000
2024-01-23T21:45:00,3.875,-,0.000
2024-01-23T21:30:00,3.880,-,0.000
2024-01-23T21:15:00,3.885,-,0.000
2024-01-23T21:00:00,3.889,-,0.000
2024-01-23T20:45:00,3.893,-,0.000
2024-01-23T20:30:00,3.898,-,0.000
2024-01-23T20:15:00,3.903,-,0.000
2024-01-23T20:00:00,3.908,-,0.000
2024-01-23T19:45:00,3.912,-,0.000
2024-01-23T19:30:00,3.917,-,0.000
2024-01-23T19:15:00,3.922,-,0.000
2024-01-23T19:00:00,3.928,-,0.000
2024-01-23T18:45:00,3.933,-,0.000
2024-01-23T18:30:00,3.938,-,0.000
2024-01-23T18:15:00,3.942,-,0.000
2024-01-23T18:00:00,3.946,-,0.000
2024-01-23T17:45:00,3.950,-,0.000
2024-01-23T17:30:00,3.955,-,0.000
2024-01-23T17:15:00,3.959,-,0.000
2024-01-23T17:00:00,3.965,-,0.000
2024-01-23T16:45:00,3.969,-,0.000
2024-01-23T16:30:00,3.980,-,0.000
2024-01-23T16:15:00,3.981,-,0.000
2024-01-23T16:00:00,3.983,-,0.000
2024-01-23T15:45:00,3.986,-,0.000
2024-01-23T15:30:00,3.990,-,0.000
2024-01-23T15:15:00,3.996,-,0.000
2024-01-23T15:00:00,4.001,-,0.000
2024-01-23T14:45:00,4.006,-,0.000
2024-01-23T14:30:00,4.009,-,0.000
2024-01-23T14:15:00,4.015,-,0.000
2024-01-23T14:00:00,4.018,-,0.000
2024-01-23T13:45:00,4.023,-,0.000
2024-01-23T13:30:00,4.026,-,0.000
2024-01-23T13:15:00,4.031,-,0.000
2024-01-23T13:00:00,4.032,-,0.000
2024-01-23T12:45:00,4.036,-,0.000
2024-01-23T12:30:00,4.040,-,0.000
2024-01-23T12:15:00,4.042,-,0.000
2024-01-23T12:00:00,4.044,-,0.000
2024-01-23T11:45:00,4.046,-,0.000
2024-01-23T11:30:00,4.049,-,0.000
2024-01-23T11:15:00,4.055,-,0.000
2024-01-23T11:00:00,4.050,-,0.000
2024-01-23T10:45:00,4.041,-,0.000
2024-01-23T10:30:00,4.043,-,0.000
2024-01-23T10:15:00,4.043,-,0.000
2024-01-23T10:00:00,4.042,-,0.000
2024-01-23T09:45:00,4.040,-,0.000
2024-01-23T09:30:00,4.037,-,0.000
2024-01-23T09:15:00,4.034,-,0.000
2024-01-23T09:00:00,4.032,-,0.000
2024-01-23T08:45:00,4.031,-,0.000
2024-01-23T08:30:00,4.030,-,0.000
2024-01-23T08:15:00,4.029,-,0.000
2024-01-23T08:00:00,4.027,-,0.000
2024-01-23T07:45:00,4.029,-,0.000
2024-01-23T07:30:00,4.031,-,0.000
2024-01-23T07:15:00,4.032,-,0.000
2024-01-23T07:00:00,4.034,-,0.000
2024-01-23T06:45:00,4.038,-,0.000
2024-01-23T06:30:00,4.039,-,0.000
2024-01-23T06:15:00,4.041,-,0.000
2024-01-23T06:00:00,4.044,-,0.000
2024-01-23T05:45:00,4.045,-,0.000
2024-01-23T05:30:00,4.047,-,0.000
2024-01-23T05:15:00,4.049,-,0.000
2024-01-23T05:00:00,4.050,-,0.000
2024-01-23T04:45:00,4.053,-,0.000
2024-01-23T04:30:00,4.054,-,0.000
2024-01-23T04:15:00,4.057,-,0.000
2024-01-23T04:00:00,4.059,-,0.000
2024-01-23T03:45:00,4.061,-,0.000
2024-01-23T03:30:00,4.063,-,0.000
2024-01-23T03:15:00,4.065,-,0.000
2024-01-23T03:00:00,4.067,-,0.000
2024-01-23T02:45:00,4.070,-,0.000
2024-01-23T02:30:00,4.072,-,0.000
2024-01-23T02:15:00,4.075,-,0.000
2024-01-23T02:00:00,4.077,-,0.000
2024-01-23T01:45:00,4.079,-,0.000
2024-01-23T01:30:00,4.081,-,0.000
2024-01-23T01:15:00,4.084,-,0.000
2024-01-23T01:00:00,4.086,-,0.000
2024-01-23T00:45:00,4.088,-,0.000
2024-01-23T00:30:00,4.090,-,0.000
2024-01-23T00:15:00,4.093,-,0.000
2024-01-23T00:00:00,4.096,-,0.000
2024-01-22T23:45:00,4.099,-,0.000
2024-01-22T23:30:00,4.100,-,0.000
2024-01-22T23:15:00,4.109,-,0.000
2024-01-22T23:00:00,4.111,-,0.000
2024-01-22T22:45:00,4.112,-,0.000
2024-01-22T22:30:00,4.113,-,0.000
2024-01-22T22:15:00,4.114,-,0.000
2024-01-22T22:00:00,4.118,-,0.000
2024-01-22T21:45:00,4.120,-,0.000
2024-01-22T21:30:00,4.123,-,0.000
2024-01-22T21:15:00,4.125,-,0.000
2024-01-22T21:00:00,4.129,-,0.000
2024-01-22T20:45:00,4.131,-,0.000
2024-01-22T20:30:00,4.134,-,0.000
2024-01-22T20:15:00,4.137,-,0.000
2024-01-22T20:00:00,4.140,-,0.000
2024-01-22T19:45:00,4.143,-,0.000
2024-01-22T19:30:00,4.147,-,0.000
2024-01-22T19:15:00,4.153,-,0.000
2024-01-22T19:00:00,4.155,-,0.000
2024-01-22T18:45:00,4.157,-,0.000
2024-01-22T18:30:00,4.160,-,0.000
2024-01-22T18:15:00,4.163,-,0.000
2024-01-22T18:00:00,4.165,-,0.000
2024-01-22T17:45:00,4.167,-,0.000
2024-01-22T17:30:00,4.169,-,0.000
2024-01-22T17:15:00,4.171,-,0.000
2024-01-22T17:00:00,4.173,-,0.000
2024-01-22T16:45:00,4.175,-,0.000
2024-01-22T16:30:00,4.178,-,0.000
2024-01-22T16:15:00,4.180,-,0.000
2024-01-22T16:00:00,4.183,-,0.000
2024-01-22T15:45:00,4.186,-,0.000
2024-01-22T15:30:00,4.189,-,0.000
2024-01-22T15:15:00,4.191,-,0.000
2024-01-22T15:00:00,4.194,-,0.000
2024-01-22T14:45:00,4.197,-,0.000
2024-01-22T14:30:00,4.199,-,0.000
2024-01-22T14:15:00,4.200,-,0.000
2024-01-22T14:00:00,4.202,-,0.000
2024-01-22T13:45:00,4.208,-,0.000
2024-01-22T13:30:00,4.214,-,0.000
2024-01-22T13:15:00,4.219,-,0.000
2024-01-22T13:00:00,4.224,-,0.000
2024-01-22T12:45:00,4.236,-,0.000
2024-01-22T12:30:00,4.238,-,0.000
2024-01-22T12:15:00,4.242,-,0.000
2024-01-22T12:00:00,4.247,-,0.000
2024-01-22T11:45:00,4.254,-,0.000
2024-01-22T11:30:00,4.261,-,0.000
2024-01-22T11:15:00,4.268,-,0.000
2024-01-22T11:00:00,4.275,-,0.000
2024-01-22T10:45:00,4.279,-,0.000
2024-01-22T10:30:00,4.283,-,0.000
2024-01-22T10:15:00,4.297,-,0.000
2024-01-22T10:00:00,4.320,-,0.000
2024-01-22T09:45:00,4.320,-,0.000
2024-01-22T09:30:00,4.319,-,0.000
2024-01-22T09:15:00,4.318,-,0.000
2024-01-22T09:00:00,4.318,-,0.000
2024-01-22T08:45:00,4.318,-,0.000
2024-01-22T08:30:00,4.317,-,0.000
2024-01-22T08:15:00,4.317,-,0.000
2024-01-22T08:00:00,4.317,-,0.000
2024-01-22T07:45:00,4.314,-,0.000
2024-01-22T07:30:00,4.315,-,0.000
2024-01-22T07:15:00,4.316,-,0.000
2024-01-22T07:00:00,4.312,-,0.000
2024-01-22T06:45:00,4.311,-,0.000
2024-01-22T06:30:00,4.312,-,0.000
2024-01-22T06:15:00,4.324,-,0.000
2024-01-22T06:00:00,4.331,-,0.000
2024-01-22T05:45:00,4.329,-,0.000
2024-01-22T05:30:00,4.319,-,0.000
2024-01-22T05:15:00,4.320,-,0.000
2024-01-22T05:00:00,4.320,-,0.000
2024-01-22T04:45:00,4.312,-,0.000
2024-01-22T04:30:00,4.317,-,0.000
2024-01-22T04:15:00,4.321,-,0.000
2024-01-22T04:00:00,4.325,-,0.000
2024-01-22T03:45:00,4.330,-,0.000
2024-01-22T03:30:00,4.336,-,0.000
2024-01-22T03:15:00,4.340,-,0.000
2024-01-22T03:00:00,4.345,-,0.000
2024-01-22T02:45:00,4.350,-,0.000
2024-01-22T02:30:00,4.361,-,0.000
2024-01-22T02:15:00,4.362,-,0.000
2024-01-22T02:00:00,4.366,-,0.000
2024-01-22T01:45:00,4.370,-,0.000
2024-01-22T01:30:00,4.375,-,0.000
2024-01-22T01:15:00,4.379,-,0.000
2024-01-22T01:00:00,4.386,-,0.000
2024-01-22T00:45:00,4.391,-,0.000
2024-01-22T00:30:00,4.397,-,0.000
2024-01-22T00:15:00,4.404,-,0.000
2024-01-22T00:00:00,4.409,-,0.000
2024-02-04T23:45:00,4.041,-,0.000
2024-02-04T23:30:00,4.041,-,0.000
2024-02-04T23:15:00,4.041,-,0.000
2024-02-04T23:00:00,4.040,-,0.000
2024-02-04T22:45:00,4.040,-,0.000
2024-02-04T22:30:00,4.039,-,0.000
2024-02-04T22:15:00,4.041,-,0.000
2024-02-04T22:00:00,4.040,-,0.000
2024-02-04T21:45:00,4.035,-,0.000
2024-02-04T21:30:00,4.037,-,0.000
2024-02-04T21:15:00,4.031,-,0.000
2024-02-04T21:00:00,4.035,-,0.000
2024-02-04T20:45:00,4.038,-,0.000
2024-02-04T20:30:00,4.041,-,0.000
2024-02-04T20:15:00,4.044,-,0.000
2024-02-04T20:00:00,4.047,-,0.000
2024-02-04T19:45:00,4.051,-,0.000
2024-02-04T19:30:00,4.054,-,0.000
2024-02-04T19:15:00,4.058,-,0.000
2024-02-04T19:00:00,4.062,-,0.000
2024-02-04T18:45:00,4.066,-,0.000
2024-02-04T18:30:00,4.069,-,0.000
2024-02-04T18:15:00,4.074,-,0.000
2024-02-04T18:00:00,4.078,-,0.000
2024-02-04T17:45:00,4.082,-,0.000
2024-02-04T17:30:00,4.087,-,0.000
2024-02-04T17:15:00,4.092,-,0.000
2024-02-04T17:00:00,4.096,-,0.000
2024-02-04T16:45:00,4.102,-,0.000
2024-02-04T16:30:00,4.109,-,0.000
2024-02-04T16:15:00,4.114,-,0.000
2024-02-04T16:00:00,4.118,-,0.000
2024-02-04T15:45:00,4.126,-,0.000
2024-02-04T15:30:00,4.140,-,0.000
2024-02-04T15:15:00,4.142,-,0.000
2024-02-04T15:00:00,4.160,-,0.000
2024-02-04T14:45:00,4.159,-,0.000
2024-02-04T14:30:00,4.160,-,0.000
2024-02-04T14:15:00,4.160,-,0.000
2024-02-04T14:00:00,4.161,-,0.000
2024-02-04T13:45:00,4.162,-,0.000
2024-02-04T13:30:00,4.163,-,0.000
2024-02-04T13:15:00,4.162,-,0.000
2024-02-04T13:00:00,4.164,-,0.000
2024-02-04T12:45:00,4.165,-,0.000
2024-02-04T12:30:00,4.165,-,0.000
2024-02-04T12:15:00,4.166,-,0.000
2024-02-04T12:00:00,4.168,-,0.000
2024-02-04T11:45:00,4.169,-,0.000
2024-02-04T11:30:00,4.169,-,0.000
2024-02-04T11:15:00,4.167,-,0.000
2024-02-04T11:00:00,4.170,-,0.000
2024-02-04T10:45:00,4.167,-,0.000
2024-02-04T10:30:00,4.170,-,0.000
2024-02-04T10:15:00,4.175,-,0.000
2024-02-04T10:00:00,4.178,-,0.000
2024-02-04T09:45:00,4.182,-,0.000
2024-02-04T09:30:00,4.190,-,0.000
2024-02-04T09:15:00,4.194,-,0.000
2024-02-04T09:00:00,4.200,-,0.000
2024-02-04T08:45:00,4.202,-,0.000
2024-02-04T08:30:00,4.204,-,0.000
2024-02-04T08:15:00,4.207,-,0.000
2024-02-04T08:00:00,4.209,-,0.000
2024-02-04T07:45:00,4.212,-,0.000
2024-02-04T07:30:00,4.214,-,0.000
2024-02-04T07:15:00,4.216,-,0.000
2024-02-04T07:00:00,4.218,-,0.000
2024-02-04T06:45:00,4.222,-,0.000
2024-02-04T06:30:00,4.224,-,0.000
2024-02-04T06:15:00,4.226,-,0.000
2024-02-04T06:00:00,4.229,-,0.000
2024-02-04T05:45:00,4.233,-,0.000
2024-02-04T05:30:00,4.234,-,0.000
2024-02-04T05:15:00,4.243,-,0.000
2024-02-04T05:00:00,4.244,-,0.000
2024-02-04T04:45:00,4.244,-,0.000
2024-02-04T04:30:00,4.245,-,0.000
2024-02-04T04:15:00,4.245,-,0.000
2024-02-04T04:00:00,4.246,-,0.000
2024-02-04T03:45:00,4.246,-,0.000
2024-02-04T03:30:00,4.247,-,0.000
2024-02-04T03:15:00,4.248,-,0.000
2024-02-04T03:00:00,4.249,-,0.000
2024-02-04T02:45:00,4.249,-,0.000
2024-02-04T02:30:00,4.250,-,0.000
2024-02-04T02:15:00,4.251,-,0.000
2024-02-04T02:00:00,4.251,-,0.000
2024-02-04T01:45:00,4.252,-,0.000
2024-02-04T01:30:00,4.252,-,0.000
2024-02-04T01:15:00,4.254,-,0.000
2024-02-04T01:00:00,4.255,-,0.000
2024-02-04T00:45:00,4.256,-,0.000
2024-02-04T00:30:00,4.256,-,0.000
2024-02-04T00:15:00,4.257,-,0.000
2024-02-04T00:00:00,4.258,-,0.000
2024-02-03T23:45:00,4.259,-,0.000
2024-02-03T23:30:00,4.260,-,0.000
2024-02-03T23:15:00,4.260,-,0.000
2024-02-03T23:00:00,4.262,-,0.000
2024-02-03T22:45:00,4.262,-,0.000
2024-02-03T22:30:00,4.263,-,0.000
2024-02-03T22:15:00,4.264,-,0.000
2024-02-03T22:00:00,4.266,-,0.000
2024-02-03T21:45:00,4.267,-,0.000
2024-02-03T21:30:00,4.267,-,0.000
2024-02-03T21:15:00,4.270,-,0.000
2024-02-03T21:00:00,4.270,-,0.000
2024-02-03T20:45:00,4.271,-,0.000
2024-02-03T20:30:00,4.274,-,0.000
2024-02-03T20:15:00,4.274,-,0.000
2024-02-03T20:00:00,4.274,-,0.000
2024-02-03T19:45:00,4.273,-,0.000
2024-02-03T19:30:00,4.274,-,0.000
2024-02-03T19:15:00,4.274,-,0.000
2024-02-03T19:00:00,4.274,-,0.000
2024-02-03T18:45:00,4.273,-,0.000
2024-02-03T18:30:00,4.274,-,0.000
2024-02-03T18:15:00,4.273,-,0.000
2024-02-03T18:00:00,4.274,-,0.000
2024-02-03T17:45:00,4.275,-,0.000
2024-02-03T17:30:00,4.276,-,0.000
2024-02-03T17:15:00,4.274,-,0.000
2024-02-03T17:00:00,4.275,-,0.000
2024-02-03T16:45:00,4.273,-,0.000
2024-02-03T16:30:00,4.274,-,0.000
2024-02-03T16:15:00,4.277,-,0.000
2024-02-03T16:00:00,4.278,-,0.000
2024-02-03T15:45:00,4.278,-,0.000
2024-02-03T15:30:00,4.282,-,0.000
2024-02-03T15:15:00,4.285,-,0.000
2024-02-03T15:00:00,4.284,-,0.000
2024-02-03T14:45:00,4.291,-,0.000
2024-02-03T14:30:00,4.291,-,0.000
2024-02-03T14:15:00,4.291,-,0.000
2024-02-03T14:00:00,4.290,-,0.000
2024-02-03T13:45:00,4.291,-,0.000
2024-02-03T13:30:00,4.291,-,0.000
2024-02-03T13:15:00,4.290,-,0.000
2024-02-03T13:00:00,4.289,-,0.000
2024-02-03T12:45:00,4.290,-,0.000
2024-02-03T12:30:00,4.292,-,0.000
2024-02-03T12:15:00,4.290,-,0.000
2024-02-03T12:00:00,4.290,-,0.000
2024-02-03T11:45:00,4.290,-,0.000
2024-02-03T11:30:00,4.290,-,0.000
2024-02-03T11:15:00,4.290,-,0.000
2024-02-03T11:00:00,4.288,-,0.000
2024-02-03T10:45:00,4.288,-,0.000
2024-02-03T10:30:00,4.290,-,0.000
2024-02-03T10:15:00,4.289,-,0.000
2024-02-03T10:00:00,4.291,-,0.000
2024-02-03T09:45:00,4.290,-,0.000
2024-02-03T09:30:00,4.288,-,0.000
2024-02-03T09:15:00,4.286,-,0.000
2024-02-03T09:00:00,4.285,-,0.000
2024-02-03T08:45:00,4.283,-,0.000
2024-02-03T08:30:00,4.279,-,0.000
2024-02-03T08:15:00,4.278,-,0.000
2024-02-03T08:00:00,4.276,-,0.000
2024-02-03T07:45:00,4.274,-,0.000
2024-02-03T07:30:00,4.272,-,0.000
2024-02-03T07:15:00,4.270,-,0.000
2024-02-03T07:00:00,4.268,-,0.000
2024-02-03T06:45:00,4.266,-,0.000
2024-02-03T06:30:00,4.264,-,0.000
2024-02-03T06:15:00,4.262,-,0.000
2024-02-03T06:00:00,4.260,-,0.000
2024-02-03T05:45:00,4.259,-,0.000
2024-02-03T05:30:00,4.257,-,0.000
2024-02-03T05:15:00,4.255,-,0.000
2024-02-03T05:00:00,4.253,-,0.000
2024-02-03T04:45:00,4.251,-,0.000
2024-02-03T04:30:00,4.249,-,0.000
2024-02-03T04:15:00,4.247,-,0.000
2024-02-03T04:00:00,4.246,-,0.000
2024-02-03T03:45:00,4.243,-,0.000
2024-02-03T03:30:00,4.242,-,0.000
2024-02-03T03:15:00,4.240,-,0.000
2024-02-03T03:00:00,4.239,-,0.000
2024-02-03T02:45:00,4.237,-,0.000
2024-02-03T02:30:00,4.235,-,0.000
2024-02-03T02:15:00,4.233,-,0.000
2024-02-03T02:00:00,4.232,-,0.000
2024-02-03T01:45:00,4.230,-,0.000
2024-02-03T01:30:00,4.228,-,0.000
2024-02-03T01:15:00,4.227,-,0.000
2024-02-03T01:00:00,4.225,-,0.000
2024-02-03T00:45:00,4.223,-,0.000
2024-02-03T00:30:00,4.222,-,0.000
2024-02-03T00:15:00,4.220,-,0.000
2024-02-03T00:00:00,4.218,-,0.000
2024-02-02T23:45:00,4.217,-,0.000
2024-02-02T23:30:00,4.215,-,0.000
2024-02-02T23:15:00,4.213,-,0.000
2024-02-02T23:00:00,4.211,-,0.000
2024-02-02T22:45:00,4.210,-,0.000
2024-02-02T22:30:00,4.208,-,0.000
2024-02-02T22:15:00,4.207,-,0.000
2024-02-02T22:00:00,4.205,-,0.000
2024-02-02T21:45:00,4.203,-,0.000
2024-02-02T21:30:00,4.202,-,0.000
2024-02-02T21:15:00,4.200,-,0.000
2024-02-02T21:00:00,4.198,-,0.000
2024-02-02T20:45:00,4.197,-,0.000
2024-02-02T20:30:00,4.195,-,0.000
2024-02-02T20:15:00,4.193,-,0.000
2024-02-02T20:00:00,4.192,-,0.000
2024-02-02T19:45:00,4.191,-,0.000
2024-02-02T19:30:00,4.189,-,0.000
2024-02-02T19:15:00,4.188,-,0.000
2024-02-02T19:00:00,4.186,-,0.000
2024-02-02T18:45:00,4.185,-,0.000
2024-02-02T18:30:00,4.184,-,0.000
2024-02-02T18:15:00,4.182,-,0.000
2024-02-02T18:00:00,4.182,-,0.000
2024-02-02T17:45:00,4.181,-,0.000
2024-02-02T17:30:00,4.179,-,0.000
2024-02-02T17:15:00,4.179,-,0.000
2024-02-02T17:00:00,4.177,-,0.000
2024-02-02T16:45:00,4.176,-,0.000
2024-02-02T16:30:00,4.175,-,0.000
2024-02-02T16:15:00,4.174,-,0.000
2024-02-02T16:00:00,4.173,-,0.000
2024-02-02T15:45:00,4.172,-,0.000
2024-02-02T15:30:00,4.171,-,0.000
2024-02-02T15:15:00,4.170,-,0.000
2024-02-02T15:00:00,4.169,-,0.000
2024-02-02T14:45:00,4.168,-,0.000
2024-02-02T14:30:00,4.167,-,0.000
2024-02-02T14:15:00,4.166,-,0.000
2024-02-02T14:00:00,4.165,-,0.000
2024-02-02T13:45:00,4.165,-,0.000
2024-02-02T13:30:00,4.164,-,0.000
2024-02-02T13:15:00,4.162,-,0.000
2024-02-02T13:00:00,4.157,-,0.000
2024-02-02T12:45:00,4.158,-,0.000
2024-02-02T12:30:00,4.164,-,0.000
2024-02-02T12:15:00,4.156,-,0.000
2024-02-02T12:00:00,4.166,-,0.000
2024-02-02T11:45:00,4.158,-,0.000
2024-02-02T11:30:00,4.150,-,0.000
2024-02-02T11:15:00,4.141,-,0.000
2024-02-02T11:00:00,4.133,-,0.000
2024-02-02T10:45:00,4.124,-,0.000
2024-02-02T10:30:00,4.116,-,0.000
2024-02-02T10:15:00,4.108,-,0.000
2024-02-02T10:00:00,4.098,-,0.000
2024-02-02T09:45:00,4.089,-,0.000
2024-02-02T09:30:00,4.081,-,0.000
2024-02-02T09:15:00,4.072,-,0.000
2024-02-02T09:00:00,4.063,-,0.000
2024-02-02T08:45:00,4.055,-,0.000
2024-02-02T08:30:00,4.046,-,0.000
2024-02-02T08:15:00,4.038,-,0.000
2024-02-02T08:00:00,4.029,-,0.000
2024-02-02T07:45:00,4.019,-,0.000
2024-02-02T07:30:00,4.010,-,0.000
2024-02-02T07:15:00,4.001,-,0.000
2024-02-02T07:00:00,3.991,-,0.000
2024-02-02T06:45:00,3.982,-,0.000
2024-02-02T06:30:00,3.973,-,0.000
2024-02-02T06:15:00,3.963,-,0.000
2024-02-02T06:00:00,3.954,-,0.000
2024-02-02T05:45:00,3.944,-,0.000
2024-02-02T05:30:00,3.935,-,0.000
2024-02-02T05:15:00,3.926,-,0.000
2024-02-02T05:00:00,3.917,-,0.000
2024-02-02T04:45:00,3.907,-,0.000
2024-02-02T04:30:00,3.896,-,0.000
2024-02-02T04:15:00,3.886,-,0.000
2024-02-02T04:00:00,3.877,-,0.000
2024-02-02T03:45:00,3.867,-,0.000
2024-02-02T03:30:00,3.858,-,0.000
2024-02-02T03:15:00,3.848,-,0.000
2024-02-02T03:00:00,3.839,-,0.000
2024-02-02T02:45:00,3.828,-,0.000
2024-02-02T02:30:00,3.815,-,0.000
2024-02-02T02:15:00,3.806,-,0.000
2024-02-02T02:00:00,3.797,-,0.000
2024-02-02T01:45:00,3.788,-,0.000
2024-02-02T01:30:00,3.780,-,0.000
2024-02-02T01:15:00,3.770,-,0.000
2024-02-02T01:00:00,3.761,-,0.000
2024-02-02T00:45:00,3.752,-,0.000
2024-02-02T00:30:00,3.742,-,0.000
2024-02-02T00:15:00,3.733,-,0.000
2024-02-02T00:00:00,3.725,-,0.000
2024-02-01T23:45:00,3.719,-,0.000
2024-02-01T23:30:00,3.713,-,0.000
2024-02-01T23:15:00,3.709,-,0.000
2024-02-01T23:00:00,3.706,-,0.000
2024-02-01T22:45:00,3.707,-,0.000
2024-02-01T22:30:00,3.708,-,0.000
2024-02-01T22:15:00,3.708,-,0.000
2024-02-01T22:00:00,3.709,-,0.000
2024-02-01T21:45:00,3.710,-,0.000
2024-02-01T21:30:00,3.711,-,0.000
2024-02-01T21:15:00,3.712,-,0.000
2024-02-01T21:00:00,3.713,-,0.000
2024-02-01T20:45:00,3.714,-,0.000
2024-02-01T20:30:00,3.715,-,0.000
2024-02-01T20:15:00,3.716,-,0.000
2024-02-01T20:00:00,3.717,-,0.000
2024-02-01T19:45:00,3.718,-,0.000
2024-02-01T19:30:00,3.719,-,0.000
2024-02-01T19:15:00,3.720,-,0.000
2024-02-01T19:00:00,3.721,-,0.000
2024-02-01T18:45:00,3.722,-,0.000
2024-02-01T18:30:00,3.724,-,0.000
2024-02-01T18:15:00,3.724,-,0.000
2024-02-01T18:00:00,3.726,-,0.000
2024-02-01T17:45:00,3.727,-,0.000
2024-02-01T17:30:00,3.728,-,0.000
2024-02-01T17:15:00,3.728,-,0.000
2024-02-01T17:00:00,3.729,-,0.000
2024-02-01T16:45:00,3.730,-,0.000
2024-02-01T16:30:00,3.732,-,0.000
2024-02-01T16:15:00,3.733,-,0.000
2024-02-01T16:00:00,3.734,-,0.000
2024-02-01T15:45:00,3.735,-,0.000
2024-02-01T15:30:00,3.735,-,0.000
2024-02-01T15:15:00,3.737,-,0.000
2024-02-01T15:00:00,3.738,-,0.000
2024-02-01T14:45:00,3.738,-,0.000
2024-02-01T14:30:00,3.739,-,0.000
2024-02-01T14:15:00,3.741,-,0.000
2024-02-01T14:00:00,3.743,-,0.000
2024-02-01T13:45:00,3.744,-,0.000
2024-02-01T13:30:00,3.744,-,0.000
2024-02-01T13:15:00,3.745,-,0.000
2024-02-01T13:00:00,3.745,-,0.000
2024-02-01T12:45:00,3.747,-,0.000
2024-02-01T12:30:00,3.748,-,0.000
2024-02-01T12:15:00,3.748,-,0.000
2024-02-01T12:00:00,3.749,-,0.000
2024-02-01T11:45:00,3.750,-,0.000
2024-02-01T11:30:00,3.752,-,0.000
2024-02-01T11:15:00,3.752,-,0.000
2024-02-01T11:00:00,3.753,-,0.000
2024-02-01T10:45:00,3.754,-,0.000
2024-02-01T10:30:00,3.755,-,0.000
2024-02-01T10:15:00,3.756,-,0.000
2024-02-01T10:00:00,3.757,-,0.000
2024-02-01T09:45:00,3.758,-,0.000
2024-02-01T09:30:00,3.759,-,0.000
2024-02-01T09:15:00,3.760,-,0.000
2024-02-01T09:00:00,3.761,-,0.000
2024-02-01T08:45:00,3.762,-,0.000
2024-02-01T08:30:00,3.763,-,0.000
2024-02-01T08:15:00,3.764,-,0.000
2024-02-01T08:00:00,3.764,-,0.000
2024-02-01T07:45:00,3.765,-,0.000
2024-02-01T07:30:00,3.766,-,0.000
2024-02-01T07:15:00,3.767,-,0.000
2024-02-01T07:00:00,3.768,-,0.000
2024-02-01T06:45:00,3.769,-,0.000
2024-02-01T06:30:00,3.770,-,0.000
2024-02-01T06:15:00,3.771,-,0.000
2024-02-01T06:00:00,3.772,-,0.000
2024-02-01T05:45:00,3.772,-,0.000
2024-02-01T05:30:00,3.773,-,0.000
2024-02-01T05:15:00,3.774,-,0.000
2024-02-01T05:00:00,3.775,-,0.000
2024-02-01T04:45:00,3.776,-,0.000
2024-02-01T04:30:00,3.777,-,0.000
2024-02-01T04:15:00,3.778,-,0.000
2024-02-01T04:00:00,3.779,-,0.000
2024-02-01T03:45:00,3.780,-,0.000
2024-02-01T03:30:00,3.781,-,0.000
2024-02-01T03:15:00,3.781,-,0.000
2024-02-01T03:00:00,3.782,-,0.000
2024-02-01T02:45:00,3.783,-,0.000
2024-02-01T02:30:00,3.784,-,0.000
2024-02-01T02:15:00,3.785,-,0.000
2024-02-01T02:00:00,3.786,-,0.000
2024-02-01T01:45:00,3.787,-,0.000
2024-02-01T01:30:00,3.788,-,0.000
2024-02-01T01:15:00,3.789,-,0.000
2024-02-01T01:00:00,3.790,-,0.000
2024-02-01T00:45:00,3.791,-,0.000
2024-02-01T00:30:00,3.792,-,0.000
2024-02-01T00:15:00,3.793,-,0.000
2024-02-01T00:00:00,3.794,-,0.000
2024-01-31T23:45:00,3.796,-,0.000
2024-01-31T23:30:00,3.796,-,0.000
2024-01-31T23:15:00,3.796,-,0.000
2024-01-31T23:00:00,3.796,-,0.000
2024-01-31T22:45:00,3.797,-,0.000
2024-01-31T22:30:00,3.799,-,0.000
2024-01-31T22:15:00,3.800,-,0.000
2024-01-31T22:00:00,3.801,-,0.000
2024-01-31T21:45:00,3.802,-,0.000
2024-01-31T21:30:00,3.803,-,0.000
2024-01-31T21:15:00,3.803,-,0.000
2024-01-31T21:00:00,3.805,-,0.000
2024-01-31T20:45:00,3.805,-,0.000
2024-01-31T20:30:00,3.808,-,0.000
2024-01-31T20:15:00,3.807,-,0.000
2024-01-31T20:00:00,3.808,-,0.000
2024-01-31T19:45:00,3.809,-,0.000
2024-01-31T19:30:00,3.810,-,0.000
2024-01-31T19:15:00,3.811,-,0.000
2024-01-31T19:00:00,3.812,-,0.000
2024-01-31T18:45:00,3.812,-,0.000
2024-01-31T18:30:00,3.814,-,0.000
2024-01-31T18:15:00,3.815,-,0.000
2024-01-31T18:00:00,3.816,-,0.000
2024-01-31T17:45:00,3.817,-,0.000
2024-01-31T17:30:00,3.817,-,0.000
2024-01-31T17:15:00,3.818,-,0.000
2024-01-31T17:00:00,3.819,-,0.000
2024-01-31T16:45:00,3.820,-,0.000
2024-01-31T16:30:00,3.820,-,0.000
2024-01-31T16:15:00,3.822,-,0.000
2024-01-31T16:00:00,3.823,-,0.000
2024-01-31T15:45:00,3.824,-,0.000
2024-01-31T15:30:00,3.825,-,0.000
2024-01-31T15:15:00,3.826,-,0.000
2024-01-31T15:00:00,3.828,-,0.000
2024-01-31T14:45:00,3.829,-,0.000
2024-01-31T14:30:00,3.828,-,0.000
2024-01-31T14:15:00,3.830,-,0.000
2024-01-31T14:00:00,3.833,-,0.000
2024-01-31T13:45:00,3.832,-,0.000
2024-01-31T13:30:00,3.833,-,0.000
2024-01-31T13:15:00,3.834,-,0.000
2024-01-31T13:00:00,3.835,-,0.000
2024-01-31T12:45:00,3.836,-,0.000
2024-01-31T12:30:00,3.836,-,0.000
2024-01-31T12:15:00,3.837,-,0.000
2024-01-31T12:00:00,3.838,-,0.000
2024-01-31T11:45:00,3.839,-,0.000
2024-01-31T11:30:00,3.839,-,0.000
2024-01-31T11:15:00,3.840,-,0.000
2024-01-31T11:00:00,3.841,-,0.000
2024-01-31T10:45:00,3.841,-,0.000
2024-01-31T10:30:00,3.842,-,0.000
2024-01-31T10:15:00,3.843,-,0.000
2024-01-31T10:00:00,3.844,-,0.000
2024-01-31T09:45:00,3.844,-,0.000
2024-01-31T09:30:00,3.845,-,0.000
2024-01-31T09:15:00,3.845,-,0.000
2024-01-31T09:00:00,3.846,-,0.000
2024-01-31T08:45:00,3.847,-,0.000
2024-01-31T08:30:00,3.848,-,0.000
2024-01-31T08:15:00,3.849,-,0.000
2024-01-31T08:00:00,3.849,-,0.000
2024-01-31T07:45:00,3.850,-,0.000
2024-01-31T07:30:00,3.850,-,0.000
2024-01-31T07:15:00,3.851,-,0.000
2024-01-31T07:00:00,3.851,-,0.000
2024-01-31T06:45:00,3.851,-,0.000
2024-01-31T06:30:00,3.855,-,0.000
2024-01-31T06:15:00,3.857,-,0.000
2024-01-31T06:00:00,3.855,-,0.000
2024-01-31T05:45:00,3.856,-,0.000
2024-01-31T05:30:00,3.854,-,0.000
2024-01-31T05:15:00,3.857,-,0.000
2024-01-31T05:00:00,3.859,-,0.000
2024-01-31T04:45:00,3.862,-,0.000
2024-01-31T04:30:00,3.865,-,0.000
2024-01-31T04:15:00,3.868,-,0.000
2024-01-31T04:00:00,3.871,-,0.000
2024-01-31T03:45:00,3.874,-,0.000
2024-01-31T03:30:00,3.877,-,0.000
2024-01-31T03:15:00,3.880,-,0.000
2024-01-31T03:00:00,3.882,-,0.000
2024-01-31T02:45:00,3.886,-,0.000
2024-01-31T02:30:00,3.889,-,0.000
2024-01-31T02:15:00,3.891,-,0.000
2024-01-31T02:00:00,3.894,-,0.000
2024-01-31T01:45:00,3.897,-,0.000
2024-01-31T01:30:00,3.899,-,0.000
2024-01-31T01:15:00,3.902,-,0.000
2024-01-31T01:00:00,3.906,-,0.000
2024-01-31T00:45:00,3.909,-,0.000
2024-01-31T00:30:00,3.912,-,0.000
2024-01-31T00:15:00,3.915,-,0.000
2024-01-31T00:00:00,3.918,-,0.000
2024-01-30T23:45:00,3.921,-,0.000
2024-01-30T23:30:00,3.923,-,0.000
2024-01-30T23:15:00,3.926,-,0.000
2024-01-30T23:00:00,3.928,-,0.000
2024-01-30T22:45:00,3.932,-,0.000
2024-01-30T22:30:00,3.935,-,0.000
2024-01-30T22:15:00,3.937,-,0.000
2024-01-30T22:00:00,3.940,-,0.000
2024-01-30T21:45:00,3.943,-,0.000
2024-01-30T21:30:00,3.946,-,0.000
2024-01-30T21:15:00,3.949,-,0.000
2024-01-30T21:00:00,3.952,-,0.000
2024-01-30T20:45:00,3.955,-,0.000
2024-01-30T20:30:00,3.958,-,0.000
2024-01-30T20:15:00,3.961,-,0.000
2024-01-30T20:00:00,3.964,-,0.000
2024-01-30T19:45:00,3.967,-,0.000
2024-01-30T19:30:00,3.970,-,0.000
2024-01-30T19:15:00,3.973,-,0.000
2024-01-30T19:00:00,3.976,-,0.000
2024-01-30T18:45:00,3.979,-,0.000
2024-01-30T18:30:00,3.982,-,0.000
2024-01-30T18:15:00,3.985,-,0.000
2024-01-30T18:00:00,3.988,-,0.000
2024-01-30T17:45:00,3.991,-,0.000
2024-01-30T17:30:00,3.995,-,0.000
2024-01-30T17:15:00,3.997,-,0.000
2024-01-30T17:00:00,4.000,-,0.000
2024-01-30T16:45:00,4.003,-,0.000
2024-01-30T16:30:00,4.006,-,0.000
2024-01-30T16:15:00,4.009,-,0.000
2024-01-30T16:00:00,4.012,-,0.000
2024-01-30T15:45:00,4.015,-,0.000
2024-01-30T15:30:00,4.017,-,0.000
2024-01-30T15:15:00,4.020,-,0.000
2024-01-30T15:00:00,4.022,-,0.000
2024-01-30T14:45:00,4.025,-,0.000
2024-01-30T14:30:00,4.029,-,0.000
2024-01-30T14:15:00,4.031,-,0.000
2024-01-30T14:00:00,4.031,-,0.000
2024-01-30T13:45:00,4.034,-,0.000
2024-01-30T13:30:00,4.036,-,0.000
2024-01-30T13:15:00,4.038,-,0.000
2024-01-30T13:00:00,4.037,-,0.000
2024-01-30T12:45:00,4.038,-,0.000
2024-01-30T12:30:00,4.042,-,0.000
2024-01-30T12:15:00,4.046,-,0.000
2024-01-30T12:00:00,4.054,-,0.000
2024-01-30T11:45:00,4.047,-,0.000
2024-01-30T11:30:00,4.032,-,0.000
2024-01-30T11:15:00,4.037,-,0.000
2024-01-30T11:00:00,4.042,-,0.000
2024-01-30T10:45:00,4.047,-,0.000
2024-01-30T10:30:00,4.049,-,0.000
2024-01-30T10:15:00,4.053,-,0.000
2024-01-30T10:00:00,4.055,-,0.000
2024-01-30T09:45:00,4.056,-,0.000
2024-01-30T09:30:00,4.057,-,0.000
2024-01-30T09:15:00,4.056,-,0.000
2024-01-30T09:00:00,4.056,-,0.000
2024-01-30T08:45:00,4.054,-,0.000
2024-01-30T08:30:00,4.053,-,0.000
2024-01-30T08:15:00,4.053,-,0.000
2024-01-30T08:00:00,4.055,-,0.000
2024-01-30T07:45:00,4.056,-,0.000
2024-01-30T07:30:00,4.057,-,0.000
2024-01-30T07:15:00,4.059,-,0.000
2024-01-30T07:00:00,4.060,-,0.000
2024-01-30T06:45:00,4.061,-,0.000
2024-01-30T06:30:00,4.063,-,0.000
2024-01-30T06:15:00,4.063,-,0.000
2024-01-30T06:00:00,4.065,-,0.000
2024-01-30T05:45:00,4.067,-,0.000
2024-01-30T05:30:00,4.068,-,0.000
2024-01-30T05:15:00,4.069,-,0.000
2024-01-30T05:00:00,4.070,-,0.000
2024-01-30T04:45:00,4.072,-,0.000
2024-01-30T04:30:00,4.074,-,0.000
2024-01-30T04:15:00,4.075,-,0.000
2024-01-30T04:00:00,4.077,-,0.000
2024-01-30T03:45:00,4.078,-,0.000
2024-01-30T03:30:00,4.080,-,0.000
2024-01-30T03:15:00,4.081,-,0.000
2024-01-30T03:00:00,4.083,-,0.000
2024-01-30T02:45:00,4.085,-,0.000
2024-01-30T02:30:00,4.086,-,0.000
2024-01-30T02:15:00,4.088,-,0.000
2024-01-30T02:00:00,4.089,-,0.000
2024-01-30T01:45:00,4.091,-,0.000
2024-01-30T01:30:00,4.093,-,0.000
2024-01-30T01:15:00,4.094,-,0.000
2024-01-30T01:00:00,4.096,-,0.000
2024-01-30T00:45:00,4.098,-,0.000
2024-01-30T00:30:00,4.099,-,0.000
2024-01-30T00:15:00,4.101,-,0.000
2024-01-30T00:00:00,4.103,-,0.000
2024-01-29T23:45:00,4.105,-,0.000
2024-01-29T23:30:00,4.107,-,0.000
2024-01-29T23:15:00,4.110,-,0.000
2024-01-29T23:00:00,4.111,-,0.000
2024-01-29T22:45:00,4.113,-,0.000
2024-01-29T22:30:00,4.115,-,0.000
2024-01-29T22:15:00,4.117,-,0.000
2024-01-29T22:00:00,4.119,-,0.000
2024-01-29T21:45:00,4.122,-,0.000
2024-01-29T21:30:00,4.123,-,0.000
2024-01-29T21:15:00,4.125,-,0.000
2024-01-29T21:00:00,4.127,-,0.000
2024-01-29T20:45:00,4.130,-,0.000
2024-01-29T20:30:00,4.131,-,0.000
2024-01-29T20:15:00,4.134,-,0.000
2024-01-29T20:00:00,4.136,-,0.000
2024-01-29T19:45:00,4.138,-,0.000
2024-01-29T19:30:00,4.140,-,0.000
2024-01-29T19:15:00,4.142,-,0.000
2024-01-29T19:00:00,4.144,-,0.000
2024-01-29T18:45:00,4.146,-,0.000
2024-01-29T18:30:00,4.148,-,0.000
2024-01-29T18:15:00,4.150,-,0.000
2024-01-29T18:00:00,4.152,-,0.000
2024-01-29T17:45:00,4.153,-,0.000
2024-01-29T17:30:00,4.154,-,0.000
2024-01-29T17:15:00,4.156,-,0.000
2024-01-29T17:00:00,4.157,-,0.000
2024-01-29T16:45:00,4.159,-,0.000
2024-01-29T16:30:00,4.160,-,0.000
2024-01-29T16:15:00,4.160,-,0.000
2024-01-29T16:00:00,4.162,-,0.000
2024-01-29T15:45:00,4.164,-,0.000
2024-01-29T15:30:00,4.164,-,0.000
2024-01-29T15:15:00,4.166,-,0.000
2024-01-29T15:00:00,4.168,-,0.000
2024-01-29T14:45:00,4.170,-,0.000
2024-01-29T14:30:00,4.170,-,0.000
2024-01-29T14:15:00,4.172,-,0.000
2024-01-29T14:00:00,4.174,-,0.000
2024-01-29T13:45:00,4.174,-,0.000
2024-01-29T13:30:00,4.178,-,0.000
2024-01-29T13:15:00,4.178,-,0.000
2024-01-29T13:00:00,4.179,-,0.000
2024-01-29T12:45:00,4.179,-,0.000
2024-01-29T12:30:00,4.182,-,0.000
2024-01-29T12:15:00,4.183,-,0.000
2024-01-29T12:00:00,4.187,-,0.000
2024-01-29T11:45:00,4.187,-,0.000
2024-01-29T11:30:00,4.189,-,0.000
2024-01-29T11:15:00,4.055,-,0.000
2024-01-29T11:00:00,4.056,-,0.000
2024-01-29T10:45:00,4.056,-,0.000
2024-01-29T10:30:00,4.056,-,0.000
2024-01-29T10:15:00,4.056,-,0.000
2024-01-29T10:00:00,4.056,-,0.000
2024-01-29T09:45:00,4.056,-,0.000
2024-01-29T09:30:00,4.056,-,0.000
2024-01-29T09:15:00,4.056,-,0.000
2024-01-29T09:00:00,4.056,-,0.000
2024-01-29T08:45:00,4.056,-,0.000
2024-01-29T08:30:00,4.056,-,0.000
2024-01-29T08:15:00,4.056,-,0.000
2024-01-29T08:00:00,4.056,-,0.000
2024-01-29T07:45:00,4.056,-,0.000
2024-01-29T07:30:00,4.056,-,0.000
2024-01-29T07:15:00,4.056,-,0.000
2024-01-29T07:00:00,4.056,-,0.000
2024-01-29T06:45:00,4.056,-,0.000
2024-01-29T06:30:00,4.056,-,0.000
2024-01-29T06:15:00,4.056,-,0.000
2024-01-29T06:00:00,4.056,-,0.000
2024-01-29T05:45:00,4.056,-,0.000
2024-01-29T05:30:00,4.056,-,0.000
2024-01-29T05:15:00,4.056,-,0.000
2024-01-29T05:00:00,4.056,-,0.000
2024-01-29T04:45:00,4.056,-,0.000
2024-01-29T04:30:00,4.056,-,0.000
2024-01-29T04:15:00,4.056,-,0.000
2024-01-29T04:00:00,4.056,-,0.000
2024-01-29T03:45:00,4.056,-,0.000
2024-01-29T03:30:00,4.056,-,0.000
2024-01-29T03:15:00,4.056,-,0.000
2024-01-29T03:00:00,4.056,-,0.000
2024-01-29T02:45:00,4.056,-,0.000
2024-01-29T02:30:00,4.056,-,0.000
2024-01-29T02:15:00,4.056,-,0.000
2024-01-29T02:00:00,4.056,-,0.000
2024-01-29T01:45:00,4.056,-,0.000
2024-01-29T01:30:00,4.056,-,0.000
2024-01-29T01:15:00,4.056,-,0.000
2024-01-29T01:00:00,4.056,-,0.000
2024-01-29T00:45:00,4.056,-,0.000
2024-01-29T00:30:00,4.056,-,0.000
2024-01-29T00:15:00,4.056,-,0.000
2024-01-29T00:00:00,4.056,-,0.000
2024-02-11T23:45:00,4.306,-,0.000
2024-02-11T23:30:00,4.309,-,0.000
2024-02-11T23:15:00,4.313,-,0.000
2024-02-11T23:00:00,4.317,-,0.000
2024-02-11T22:45:00,4.320,-,0.000
2024-02-11T22:30:00,4.324,-,0.000
2024-02-11T22:15:00,4.327,-,0.000
2024-02-11T22:00:00,4.330,-,0.000
2024-02-11T21:45:00,4.334,-,0.000
2024-02-11T21:30:00,4.338,-,0.000
2024-02-11T21:15:00,4.341,-,0.000
2024-02-11T21:00:00,4.344,-,0.000
2024-02-11T20:45:00,4.347,-,0.000
2024-02-11T20:30:00,4.350,-,0.000
2024-02-11T20:15:00,4.354,-,0.000
2024-02-11T20:00:00,4.356,-,0.000
2024-02-11T19:45:00,4.358,-,0.000
2024-02-11T19:30:00,4.360,-,0.000
2024-02-11T19:15:00,4.363,-,0.000
2024-02-11T19:00:00,4.365,-,0.000
2024-02-11T18:45:00,4.368,-,0.000
2024-02-11T18:30:00,4.370,-,0.000
2024-02-11T18:15:00,4.373,-,0.000
2024-02-11T18:00:00,4.375,-,0.000
2024-02-11T17:45:00,4.377,-,0.000
2024-02-11T17:30:00,4.381,-,0.000
2024-02-11T17:15:00,4.384,-,0.000
2024-02-11T17:00:00,4.386,-,0.000
2024-02-11T16:45:00,4.387,-,0.000
2024-02-11T16:30:00,4.388,-,0.000
2024-02-11T16:15:00,4.393,-,0.000
2024-02-11T16:00:00,4.399,-,0.000
2024-02-11T15:45:00,4.405,-,0.000
2024-02-11T15:30:00,4.410,-,0.000
2024-02-11T15:15:00,4.414,-,0.000
2024-02-11T15:00:00,4.422,-,0.000
2024-02-11T14:45:00,4.428,-,0.000
2024-02-11T14:30:00,4.428,-,0.000
2024-02-11T14:15:00,4.444,-,0.000
2024-02-11T14:00:00,4.446,-,0.000
2024-02-11T13:45:00,4.447,-,0.000
2024-02-11T13:30:00,4.448,-,0.000
2024-02-11T13:15:00,4.451,-,0.000
2024-02-11T13:00:00,4.453,-,0.000
2024-02-11T12:45:00,4.455,-,0.000
2024-02-11T12:30:00,4.457,-,0.000
2024-02-11T12:15:00,4.458,-,0.000
2024-02-11T12:00:00,4.460,-,0.000
2024-02-11T11:45:00,4.463,-,0.000
2024-02-11T11:30:00,4.464,-,0.000
2024-02-11T11:15:00,4.467,-,0.000
2024-02-11T11:00:00,4.467,-,0.000
2024-02-11T10:45:00,4.470,-,0.000
2024-02-11T10:30:00,4.473,-,0.000
2024-02-11T10:15:00,4.476,-,0.000
2024-02-11T10:00:00,4.479,-,0.000
2024-02-11T09:45:00,4.481,-,0.000
2024-02-11T09:30:00,4.482,-,0.000
2024-02-11T09:15:00,4.484,-,0.000
2024-02-11T09:00:00,4.487,-,0.000
2024-02-11T08:45:00,4.489,-,0.000
2024-02-11T08:30:00,4.492,-,0.000
2024-02-11T08:15:00,4.494,-,0.000
2024-02-11T08:00:00,4.496,-,0.000
2024-02-11T07:45:00,4.499,-,0.000
2024-02-11T07:30:00,4.502,-,0.000
2024-02-11T07:15:00,4.505,-,0.000
2024-02-11T07:00:00,4.507,-,0.000
2024-02-11T06:45:00,4.511,-,0.000
2024-02-11T06:30:00,4.514,-,0.000
2024-02-11T06:15:00,4.517,-,0.000
2024-02-11T06:00:00,4.519,-,0.000
2024-02-11T05:45:00,4.523,-,0.000
2024-02-11T05:30:00,4.527,-,0.000
2024-02-11T05:15:00,4.528,-,0.000
2024-02-11T05:00:00,4.535,-,0.000
2024-02-11T04:45:00,4.540,-,0.000
2024-02-11T04:30:00,4.540,-,0.000
2024-02-11T04:15:00,4.552,-,0.000
2024-02-11T04:00:00,4.552,-,0.000
2024-02-11T03:45:00,4.553,-,0.000
2024-02-11T03:30:00,4.553,-,0.000
2024-02-11T03:15:00,4.555,-,0.000
2024-02-11T03:00:00,4.554,-,0.000
2024-02-11T02:45:00,4.556,-,0.000
2024-02-11T02:30:00,4.555,-,0.000
2024-02-11T02:15:00,4.558,-,0.000
2024-02-11T02:00:00,4.557,-,0.000
2024-02-11T01:45:00,4.557,-,0.000
2024-02-11T01:30:00,4.560,-,0.000
2024-02-11T01:15:00,4.560,-,0.000
2024-02-11T01:00:00,4.560,-,0.000
2024-02-11T00:45:00,4.561,-,0.000
2024-02-11T00:30:00,4.563,-,0.000
2024-02-11T00:15:00,4.562,-,0.000
2024-02-11T00:00:00,4.566,-,0.000
2024-02-10T23:45:00,4.565,-,0.000
2024-02-10T23:30:00,4.567,-,0.000
2024-02-10T23:15:00,4.568,-,0.000
2024-02-10T23:00:00,4.569,-,0.000
2024-02-10T22:45:00,4.570,-,0.000
2024-02-10T22:30:00,4.570,-,0.000
2024-02-10T22:15:00,4.571,-,0.000
2024-02-10T22:00:00,4.573,-,0.000
2024-02-10T21:45:00,4.574,-,0.000
2024-02-10T21:30:00,4.576,-,0.000
2024-02-10T21:15:00,4.577,-,0.000
2024-02-10T21:00:00,4.578,-,0.000
2024-02-10T20:45:00,4.579,-,0.000
2024-02-10T20:30:00,4.581,-,0.000
2024-02-10T20:15:00,4.582,-,0.000
2024-02-10T20:00:00,4.584,-,0.000
2024-02-10T19:45:00,4.585,-,0.000
2024-02-10T19:30:00,4.587,-,0.000
2024-02-10T19:15:00,4.589,-,0.000
2024-02-10T19:00:00,4.591,-,0.000
2024-02-10T18:45:00,4.592,-,0.000
2024-02-10T18:30:00,4.594,-,0.000
2024-02-10T18:15:00,4.596,-,0.000
2024-02-10T18:00:00,4.597,-,0.000
2024-02-10T17:45:00,4.600,-,0.000
2024-02-10T17:30:00,4.602,-,0.000
2024-02-10T17:15:00,4.604,-,0.000
2024-02-10T17:00:00,4.607,-,0.000
2024-02-10T16:45:00,4.609,-,0.000
2024-02-10T16:30:00,4.612,-,0.000
2024-02-10T16:15:00,4.613,-,0.000
2024-02-10T16:00:00,4.615,-,0.000
2024-02-10T15:45:00,4.619,-,0.000
2024-02-10T15:30:00,4.621,-,0.000
2024-02-10T15:15:00,4.625,-,0.000
2024-02-10T15:00:00,4.626,-,0.000
2024-02-10T14:45:00,4.629,-,0.000
2024-02-10T14:30:00,4.635,-,0.000
2024-02-10T14:15:00,4.635,-,0.000
2024-02-10T14:00:00,4.644,-,0.000
2024-02-10T13:45:00,4.642,-,0.000
2024-02-10T13:30:00,4.639,-,0.000
2024-02-10T13:15:00,4.643,-,0.000
2024-02-10T13:00:00,4.644,-,0.000
2024-02-10T12:45:00,4.640,-,0.000
2024-02-10T12:30:00,4.642,-,0.000
2024-02-10T12:15:00,4.638,-,0.000
2024-02-10T12:00:00,4.637,-,0.000
2024-02-10T11:45:00,4.639,-,0.000
2024-02-10T11:30:00,4.638,-,0.000
2024-02-10T11:15:00,4.636,-,0.000
2024-02-10T11:00:00,4.637,-,0.000
2024-02-10T10:45:00,4.637,-,0.000
2024-02-10T10:30:00,4.637,-,0.000
2024-02-10T10:15:00,4.636,-,0.000
2024-02-10T10:00:00,4.635,-,0.000
2024-02-10T09:45:00,4.634,-,0.000
2024-02-10T09:30:00,4.631,-,0.000
2024-02-10T09:15:00,4.630,-,0.000
2024-02-10T09:00:00,4.630,-,0.000
2024-02-10T08:45:00,4.629,-,0.000
2024-02-10T08:30:00,4.629,-,0.000
2024-02-10T08:15:00,4.629,-,0.000
2024-02-10T08:00:00,4.628,-,0.000
2024-02-10T07:45:00,4.627,-,0.000
2024-02-10T07:30:00,4.627,-,0.000
2024-02-10T07:15:00,4.626,-,0.000
2024-02-10T07:00:00,4.626,-,0.000
2024-02-10T06:45:00,4.627,-,0.000
2024-02-10T06:30:00,4.623,-,0.000
2024-02-10T06:15:00,4.626,-,0.000
2024-02-10T06:00:00,4.628,-,0.000
2024-02-10T05:45:00,4.623,-,0.000
2024-02-10T05:30:00,4.627,-,0.000
2024-02-10T05:15:00,4.621,-,0.000
2024-02-10T05:00:00,4.614,-,0.000
2024-02-10T04:45:00,4.608,-,0.000
2024-02-10T04:30:00,4.602,-,0.000
2024-02-10T04:15:00,4.595,-,0.000
2024-02-10T04:00:00,4.589,-,0.000
2024-02-10T03:45:00,4.582,-,0.000
2024-02-10T03:30:00,4.575,-,0.000
2024-02-10T03:15:00,4.568,-,0.000
2024-02-10T03:00:00,4.562,-,0.000
2024-02-10T02:45:00,4.554,-,0.000
2024-02-10T02:30:00,4.548,-,0.000
2024-02-10T02:15:00,4.542,-,0.000
2024-02-10T02:00:00,4.536,-,0.000
2024-02-10T01:45:00,4.529,-,0.000
2024-02-10T01:30:00,4.522,-,0.000
2024-02-10T01:15:00,4.515,-,0.000
2024-02-10T01:00:00,4.509,-,0.000
2024-02-10T00:45:00,4.502,-,0.000
2024-02-10T00:30:00,4.495,-,0.000
2024-02-10T00:15:00,4.488,-,0.000
2024-02-10T00:00:00,4.481,-,0.000
2024-02-09T23:45:00,4.474,-,0.000
2024-02-09T23:30:00,4.467,-,0.000
2024-02-09T23:15:00,4.460,-,0.000
2024-02-09T23:00:00,4.453,-,0.000
2024-02-09T22:45:00,4.445,-,0.000
2024-02-09T22:30:00,4.438,-,0.000
2024-02-09T22:15:00,4.431,-,0.000
2024-02-09T22:00:00,4.424,-,0.000
2024-02-09T21:45:00,4.417,-,0.000
2024-02-09T21:30:00,4.411,-,0.000
2024-02-09T21:15:00,4.404,-,0.000
2024-02-09T21:00:00,4.396,-,0.000
2024-02-09T20:45:00,4.388,-,0.000
2024-02-09T20:30:00,4.381,-,0.000
2024-02-09T20:15:00,4.374,-,0.000
2024-02-09T20:00:00,4.366,-,0.000
2024-02-09T19:45:00,4.360,-,0.000
2024-02-09T19:30:00,4.351,-,0.000
2024-02-09T19:15:00,4.344,-,0.000
2024-02-09T19:00:00,4.337,-,0.000
2024-02-09T18:45:00,4.330,-,0.000
2024-02-09T18:30:00,4.322,-,0.000
2024-02-09T18:15:00,4.316,-,0.000
2024-02-09T18:00:00,4.308,-,0.000
2024-02-09T17:45:00,4.301,-,0.000
2024-02-09T17:30:00,4.292,-,0.000
2024-02-09T17:15:00,4.284,-,0.000
2024-02-09T17:00:00,4.276,-,0.000
2024-02-09T16:45:00,4.268,-,0.000
2024-02-09T16:30:00,4.260,-,0.000
2024-02-09T16:15:00,4.253,-,0.000
2024-02-09T16:00:00,4.246,-,0.000
2024-02-09T15:45:00,4.241,-,0.000
2024-02-09T15:30:00,4.235,-,0.000
2024-02-09T15:15:00,4.227,-,0.000
2024-02-09T15:00:00,4.225,-,0.000
2024-02-09T14:45:00,4.218,-,0.000
2024-02-09T14:30:00,4.210,-,0.000
2024-02-09T14:15:00,4.203,-,0.000
2024-02-09T14:00:00,4.197,-,0.000
2024-02-09T13:45:00,4.189,-,0.000
2024-02-09T13:30:00,4.182,-,0.000
2024-02-09T13:15:00,4.177,-,0.000
2024-02-09T13:00:00,4.168,-,0.000
2024-02-09T12:45:00,4.162,-,0.000
2024-02-09T12:30:00,4.156,-,0.000
2024-02-09T12:15:00,4.147,-,0.000
2024-02-09T12:00:00,4.140,-,0.000
2024-02-09T11:45:00,4.132,-,0.000
2024-02-09T11:30:00,4.125,-,0.000
2024-02-09T11:15:00,4.117,-,0.000
2024-02-09T11:00:00,4.109,-,0.000
2024-02-09T10:45:00,4.101,-,0.000
2024-02-09T10:30:00,4.094,-,0.000
2024-02-09T10:15:00,4.087,-,0.000
2024-02-09T10:00:00,4.076,-,0.000
2024-02-09T09:45:00,4.070,-,0.000
2024-02-09T09:30:00,4.061,-,0.000
2024-02-09T09:15:00,4.054,-,0.000
2024-02-09T09:00:00,4.046,-,0.000
2024-02-09T08:45:00,4.038,-,0.000
2024-02-09T08:30:00,4.030,-,0.000
2024-02-09T08:15:00,4.022,-,0.000
2024-02-09T08:00:00,4.013,-,0.000
2024-02-09T07:45:00,4.004,-,0.000
2024-02-09T07:30:00,3.994,-,0.000
2024-02-09T07:15:00,3.986,-,0.000
2024-02-09T07:00:00,3.978,-,0.000
2024-02-09T06:45:00,3.968,-,0.000
2024-02-09T06:30:00,3.960,-,0.000
2024-02-09T06:15:00,3.951,-,0.000
2024-02-09T06:00:00,3.942,-,0.000
2024-02-09T05:45:00,3.933,-,0.000
2024-02-09T05:30:00,3.925,-,0.000
2024-02-09T05:15:00,3.916,-,0.000
2024-02-09T05:00:00,3.906,-,0.000
2024-02-09T04:45:00,3.897,-,0.000
2024-02-09T04:30:00,3.888,-,0.000
2024-02-09T04:15:00,3.879,-,0.000
2024-02-09T04:00:00,3.869,-,0.000
2024-02-09T03:45:00,3.860,-,0.000
2024-02-09T03:30:00,3.851,-,0.000
2024-02-09T03:15:00,3.842,-,0.000
2024-02-09T03:00:00,3.831,-,0.000
2024-02-09T02:45:00,3.822,-,0.000
2024-02-09T02:30:00,3.813,-,0.000
2024-02-09T02:15:00,3.804,-,0.000
2024-02-09T02:00:00,3.793,-,0.000
2024-02-09T01:45:00,3.785,-,0.000
2024-02-09T01:30:00,3.777,-,0.000
2024-02-09T01:15:00,3.768,-,0.000
2024-02-09T01:00:00,3.759,-,0.000
2024-02-09T00:45:00,3.750,-,0.000
2024-02-09T00:30:00,3.741,-,0.000
2024-02-09T00:15:00,3.733,-,0.000
2024-02-09T00:00:00,3.727,-,0.000
2024-02-08T23:45:00,3.722,-,0.000
2024-02-08T23:30:00,3.718,-,0.000
2024-02-08T23:15:00,3.716,-,0.000
2024-02-08T23:00:00,3.716,-,0.000
2024-02-08T22:45:00,3.717,-,0.000
2024-02-08T22:30:00,3.719,-,0.000
2024-02-08T22:15:00,3.720,-,0.000
2024-02-08T22:00:00,3.722,-,0.000
2024-02-08T21:45:00,3.723,-,0.000
2024-02-08T21:30:00,3.724,-,0.000
2024-02-08T21:15:00,3.725,-,0.000
2024-02-08T21:00:00,3.726,-,0.000
2024-02-08T20:45:00,3.728,-,0.000
2024-02-08T20:30:00,3.730,-,0.000
2024-02-08T20:15:00,3.731,-,0.000
2024-02-08T20:00:00,3.732,-,0.000
2024-02-08T19:45:00,3.734,-,0.000
2024-02-08T19:30:00,3.736,-,0.000
2024-02-08T19:15:00,3.737,-,0.000
2024-02-08T19:00:00,3.738,-,0.000
2024-02-08T18:45:00,3.740,-,0.000
2024-02-08T18:30:00,3.741,-,0.000
2024-02-08T18:15:00,3.743,-,0.000
2024-02-08T18:00:00,3.745,-,0.000
2024-02-08T17:45:00,3.747,-,0.000
2024-02-08T17:30:00,3.747,-,0.000
2024-02-08T17:15:00,3.750,-,0.000
2024-02-08T17:00:00,3.751,-,0.000
2024-02-08T16:45:00,3.752,-,0.000
2024-02-08T16:30:00,3.755,-,0.000
2024-02-08T16:15:00,3.756,-,0.000
2024-02-08T16:00:00,3.757,-,0.000
2024-02-08T15:45:00,3.759,-,0.000
2024-02-08T15:30:00,3.760,-,0.000
2024-02-08T15:15:00,3.763,-,0.000
2024-02-08T15:00:00,3.764,-,0.000
2024-02-08T14:45:00,3.765,-,0.000
2024-02-08T14:30:00,3.765,-,0.000
2024-02-08T14:15:00,3.766,-,0.000
2024-02-08T14:00:00,3.768,-,0.000
2024-02-08T13:45:00,3.769,-,0.000
2024-02-08T13:30:00,3.771,-,0.000
2024-02-08T13:15:00,3.772,-,0.000
2024-02-08T13:00:00,3.775,-,0.000
2024-02-08T12:45:00,3.775,-,0.000
2024-02-08T12:30:00,3.776,-,0.000
2024-02-08T12:15:00,3.779,-,0.000
2024-02-08T12:00:00,3.780,-,0.000
2024-02-08T11:45:00,3.780,-,0.000
2024-02-08T11:30:00,3.781,-,0.000
2024-02-08T11:15:00,3.783,-,0.000
2024-02-08T11:00:00,3.785,-,0.000
2024-02-08T10:45:00,3.786,-,0.000
2024-02-08T10:30:00,3.788,-,0.000
2024-02-08T10:15:00,3.789,-,0.000
2024-02-08T10:00:00,3.791,-,0.000
2024-02-08T09:45:00,3.793,-,0.000
2024-02-08T09:30:00,3.794,-,0.000
2024-02-08T09:15:00,3.795,-,0.000
2024-02-08T09:00:00,3.796,-,0.000
2024-02-08T08:45:00,3.797,-,0.000
2024-02-08T08:30:00,3.799,-,0.000
2024-02-08T08:15:00,3.801,-,0.000
2024-02-08T08:00:00,3.802,-,0.000
2024-02-08T07:45:00,3.804,-,0.000
2024-02-08T07:30:00,3.805,-,0.000
2024-02-08T07:15:00,3.806,-,0.000
2024-02-08T07:00:00,3.808,-,0.000
2024-02-08T06:45:00,3.809,-,0.000
2024-02-08T06:30:00,3.810,-,0.000
2024-02-08T06:15:00,3.812,-,0.000
2024-02-08T06:00:00,3.813,-,0.000
2024-02-08T05:45:00,3.814,-,0.000
2024-02-08T05:30:00,3.816,-,0.000
2024-02-08T05:15:00,3.817,-,0.000
2024-02-08T05:00:00,3.818,-,0.000
2024-02-08T04:45:00,3.819,-,0.000
2024-02-08T04:30:00,3.821,-,0.000
2024-02-08T04:15:00,3.822,-,0.000
2024-02-08T04:00:00,3.824,-,0.000
2024-02-08T03:45:00,3.826,-,0.000
2024-02-08T03:30:00,3.827,-,0.000
2024-02-08T03:15:00,3.829,-,0.000
2024-02-08T03:00:00,3.830,-,0.000
2024-02-08T02:45:00,3.832,-,0.000
2024-02-08T02:30:00,3.834,-,0.000
2024-02-08T02:15:00,3.835,-,0.000
2024-02-08T02:00:00,3.836,-,0.000
2024-02-08T01:45:00,3.838,-,0.000
2024-02-08T01:30:00,3.840,-,0.000
2024-02-08T01:15:00,3.841,-,0.000
2024-02-08T01:00:00,3.843,-,0.000
2024-02-08T00:45:00,3.844,-,0.000
2024-02-08T00:30:00,3.845,-,0.000
2024-02-08T00:15:00,3.847,-,0.000
2024-02-08T00:00:00,3.848,-,0.000
2024-02-07T23:45:00,3.849,-,0.000
2024-02-07T23:30:00,3.851,-,0.000
2024-02-07T23:15:00,3.854,-,0.000
2024-02-07T23:00:00,3.855,-,0.000
2024-02-07T22:45:00,3.856,-,0.000
2024-02-07T22:30:00,3.858,-,0.000
2024-02-07T22:15:00,3.859,-,0.000
2024-02-07T22:00:00,3.861,-,0.000
2024-02-07T21:45:00,3.862,-,0.000
2024-02-07T21:30:00,3.864,-,0.000
2024-02-07T21:15:00,3.866,-,0.000
2024-02-07T21:00:00,3.868,-,0.000
2024-02-07T20:45:00,3.870,-,0.000
2024-02-07T20:30:00,3.871,-,0.000
2024-02-07T20:15:00,3.872,-,0.000
2024-02-07T20:00:00,3.874,-,0.000
2024-02-07T19:45:00,3.876,-,0.000
2024-02-07T19:30:00,3.878,-,0.000
2024-02-07T19:15:00,3.880,-,0.000
2024-02-07T19:00:00,3.881,-,0.000
2024-02-07T18:45:00,3.882,-,0.000
2024-02-07T18:30:00,3.884,-,0.000
2024-02-07T18:15:00,3.886,-,0.000
2024-02-07T18:00:00,3.888,-,0.000
2024-02-07T17:45:00,3.890,-,0.000
2024-02-07T17:30:00,3.892,-,0.000
2024-02-07T17:15:00,3.893,-,0.000
2024-02-07T17:00:00,3.896,-,0.000
2024-02-07T16:45:00,3.897,-,0.000
2024-02-07T16:30:00,3.899,-,0.000
2024-02-07T16:15:00,3.901,-,0.000
2024-02-07T16:00:00,3.902,-,0.000
2024-02-07T15:45:00,3.904,-,0.000
2024-02-07T15:30:00,3.907,-,0.000
2024-02-07T15:15:00,3.909,-,0.000
2024-02-07T15:00:00,3.911,-,0.000
2024-02-07T14:45:00,3.913,-,0.000
2024-02-07T14:30:00,3.915,-,0.000
2024-02-07T14:15:00,3.915,-,0.000
2024-02-07T14:00:00,3.917,-,0.000
2024-02-07T13:45:00,3.919,-,0.000
2024-02-07T13:30:00,3.923,-,0.000
2024-02-07T13:15:00,3.923,-,0.000
2024-02-07T13:00:00,3.924,-,0.000
2024-02-07T12:45:00,3.927,-,0.000
2024-02-07T12:30:00,3.928,-,0.000
2024-02-07T12:15:00,3.929,-,0.000
2024-02-07T12:00:00,3.932,-,0.000
2024-02-07T11:45:00,3.934,-,0.000
2024-02-07T11:30:00,3.934,-,0.000
2024-02-07T11:15:00,3.937,-,0.000
2024-02-07T11:00:00,3.938,-,0.000
2024-02-07T10:45:00,3.940,-,0.000
2024-02-07T10:30:00,3.941,-,0.000
2024-02-07T10:15:00,3.944,-,0.000
2024-02-07T10:00:00,3.945,-,0.000
2024-02-07T09:45:00,3.948,-,0.000
2024-02-07T09:30:00,3.950,-,0.000
2024-02-07T09:15:00,3.952,-,0.000
2024-02-07T09:00:00,3.953,-,0.000
2024-02-07T08:45:00,3.955,-,0.000
2024-02-07T08:30:00,3.957,-,0.000
2024-02-07T08:15:00,3.958,-,0.000
2024-02-07T08:00:00,3.961,-,0.000
2024-02-07T07:45:00,3.962,-,0.000
2024-02-07T07:30:00,3.964,-,0.000
2024-02-07T07:15:00,3.966,-,0.000
2024-02-07T07:00:00,3.967,-,0.000
2024-02-07T06:45:00,3.970,-,0.000
2024-02-07T06:30:00,3.971,-,0.000
2024-02-07T06:15:00,3.973,-,0.000
2024-02-07T06:00:00,3.975,-,0.000
2024-02-07T05:45:00,3.976,-,0.000
2024-02-07T05:30:00,3.978,-,0.000
2024-02-07T05:15:00,3.980,-,0.000
2024-02-07T05:00:00,3.981,-,0.000
2024-02-07T04:45:00,3.983,-,0.000
2024-02-07T04:30:00,3.985,-,0.000
2024-02-07T04:15:00,3.987,-,0.000
2024-02-07T04:00:00,3.989,-,0.000
2024-02-07T03:45:00,3.991,-,0.000
2024-02-07T03:30:00,3.992,-,0.000
2024-02-07T03:15:00,3.994,-,0.000
2024-02-07T03:00:00,3.996,-,0.000
2024-02-07T02:45:00,3.998,-,0.000
2024-02-07T02:30:00,3.999,-,0.000
2024-02-07T02:15:00,4.001,-,0.000
2024-02-07T02:00:00,4.003,-,0.000
2024-02-07T01:45:00,4.005,-,0.000
2024-02-07T01:30:00,4.006,-,0.000
2024-02-07T01:15:00,4.008,-,0.000
2024-02-07T01:00:00,4.010,-,0.000
2024-02-07T00:45:00,4.012,-,0.000
2024-02-07T00:30:00,4.014,-,0.000
2024-02-07T00:15:00,4.015,-,0.000
2024-02-07T00:00:00,4.016,-,0.000
2024-02-06T23:45:00,4.018,-,0.000
2024-02-06T23:30:00,4.020,-,0.000
2024-02-06T23:15:00,4.023,-,0.000
2024-02-06T23:00:00,4.024,-,0.000
2024-02-06T22:45:00,4.027,-,0.000
2024-02-06T22:30:00,4.028,-,0.000
2024-02-06T22:15:00,4.030,-,0.000
2024-02-06T22:00:00,4.032,-,0.000
2024-02-06T21:45:00,4.033,-,0.000
2024-02-06T21:30:00,4.035,-,0.000
2024-02-06T21:15:00,4.037,-,0.000
2024-02-06T21:00:00,4.039,-,0.000
2024-02-06T20:45:00,4.041,-,0.000
2024-02-06T20:30:00,4.043,-,0.000
2024-02-06T20:15:00,4.044,-,0.000
2024-02-06T20:00:00,4.047,-,0.000
2024-02-06T19:45:00,4.048,-,0.000
2024-02-06T19:30:00,4.050,-,0.000
2024-02-06T19:15:00,4.052,-,0.000
2024-02-06T19:00:00,4.054,-,0.000
2024-02-06T18:45:00,4.056,-,0.000
2024-02-06T18:30:00,4.058,-,0.000
2024-02-06T18:15:00,4.059,-,0.000
2024-02-06T18:00:00,4.062,-,0.000
2024-02-06T17:45:00,4.064,-,0.000
2024-02-06T17:30:00,4.066,-,0.000
2024-02-06T17:15:00,4.067,-,0.000
2024-02-06T17:00:00,4.069,-,0.000
2024-02-06T16:45:00,4.071,-,0.000
2024-02-06T16:30:00,4.073,-,0.000
2024-02-06T16:15:00,4.075,-,0.000
2024-02-06T16:00:00,4.078,-,0.000
2024-02-06T15:45:00,4.078,-,0.000
2024-02-06T15:30:00,4.081,-,0.000
2024-02-06T15:15:00,4.082,-,0.000
2024-02-06T15:00:00,4.084,-,0.000
2024-02-06T14:45:00,4.085,-,0.000
2024-02-06T14:30:00,4.087,-,0.000
2024-02-06T14:15:00,4.088,-,0.000
2024-02-06T14:00:00,4.087,-,0.000
2024-02-06T13:45:00,4.090,-,0.000
2024-02-06T13:30:00,4.092,-,0.000
2024-02-06T13:15:00,4.095,-,0.000
2024-02-06T13:00:00,4.093,-,0.000
2024-02-06T12:45:00,4.095,-,0.000
2024-02-06T12:30:00,4.097,-,0.000
2024-02-06T12:15:00,4.096,-,0.000
2024-02-06T12:00:00,4.095,-,0.000
2024-02-06T11:45:00,4.095,-,0.000
2024-02-06T11:30:00,4.094,-,0.000
2024-02-06T11:15:00,4.096,-,0.000
2024-02-06T11:00:00,4.098,-,0.000
2024-02-06T10:45:00,4.092,-,0.000
2024-02-06T10:30:00,4.078,-,0.000
2024-02-06T10:15:00,4.078,-,0.000
2024-02-06T10:00:00,4.075,-,0.000
2024-02-06T09:45:00,4.073,-,0.000
2024-02-06T09:30:00,4.071,-,0.000
2024-02-06T09:15:00,4.067,-,0.000
2024-02-06T09:00:00,4.063,-,0.000
2024-02-06T08:45:00,4.060,-,0.000
2024-02-06T08:30:00,4.057,-,0.000
2024-02-06T08:15:00,4.052,-,0.000
2024-02-06T08:00:00,4.052,-,0.000
2024-02-06T07:45:00,4.052,-,0.000
2024-02-06T07:30:00,4.053,-,0.000
2024-02-06T07:15:00,4.054,-,0.000
2024-02-06T07:00:00,4.055,-,0.000
2024-02-06T06:45:00,4.055,-,0.000
2024-02-06T06:30:00,4.056,-,0.000
2024-02-06T06:15:00,4.057,-,0.000
2024-02-06T06:00:00,4.057,-,0.000
2024-02-06T05:45:00,4.058,-,0.000
2024-02-06T05:30:00,4.058,-,0.000
2024-02-06T05:15:00,4.059,-,0.000
2024-02-06T05:00:00,4.060,-,0.000
2024-02-06T04:45:00,4.060,-,0.000
2024-02-06T04:30:00,4.061,-,0.000
2024-02-06T04:15:00,4.062,-,0.000
2024-02-06T04:00:00,4.063,-,0.000
2024-02-06T03:45:00,4.064,-,0.000
2024-02-06T03:30:00,4.064,-,0.000
2024-02-06T03:15:00,4.065,-,0.000
2024-02-06T03:00:00,4.065,-,0.000
2024-02-06T02:45:00,4.067,-,0.000
2024-02-06T02:30:00,4.067,-,0.000
2024-02-06T02:15:00,4.068,-,0.000
2024-02-06T02:00:00,4.069,-,0.000
2024-02-06T01:45:00,4.069,-,0.000
2024-02-06T01:30:00,4.070,-,0.000
2024-02-06T01:15:00,4.071,-,0.000
2024-02-06T01:00:00,4.071,-,0.000
2024-02-06T00:45:00,4.072,-,0.000
2024-02-06T00:30:00,4.074,-,0.000
2024-02-06T00:15:00,4.074,-,0.000
2024-02-06T00:00:00,4.074,-,0.000
2024-02-05T23:45:00,4.076,-,0.000
2024-02-05T23:30:00,4.076,-,0.000
2024-02-05T23:15:00,4.077,-,0.000
2024-02-05T23:00:00,4.077,-,0.000
2024-02-05T22:45:00,4.078,-,0.000
2024-02-05T22:30:00,4.079,-,0.000
2024-02-05T22:15:00,4.079,-,0.000
2024-02-05T22:00:00,4.078,-,0.000
2024-02-05T21:45:00,4.078,-,0.000
2024-02-05T21:30:00,4.078,-,0.000
2024-02-05T21:15:00,4.078,-,0.000
2024-02-05T21:00:00,4.078,-,0.000
2024-02-05T20:45:00,4.078,-,0.000
2024-02-05T20:30:00,4.077,-,0.000
2024-02-05T20:15:00,4.077,-,0.000
2024-02-05T20:00:00,4.077,-,0.000
2024-02-05T19:45:00,4.077,-,0.000
2024-02-05T19:30:00,4.077,-,0.000
2024-02-05T19:15:00,4.077,-,0.000
2024-02-05T19:00:00,4.078,-,0.000
2024-02-05T18:45:00,4.077,-,0.000
2024-02-05T18:30:00,4.077,-,0.000
2024-02-05T18:15:00,4.077,-,0.000
2024-02-05T18:00:00,4.078,-,0.000
2024-02-05T17:45:00,4.078,-,0.000
2024-02-05T17:30:00,4.078,-,0.000
2024-02-05T17:15:00,4.078,-,0.000
2024-02-05T17:00:00,4.078,-,0.000
2024-02-05T16:45:00,4.078,-,0.000
2024-02-05T16:30:00,4.079,-,0.000
2024-02-05T16:15:00,4.079,-,0.000
2024-02-05T16:00:00,4.079,-,0.000
2024-02-05T15:45:00,4.080,-,0.000
2024-02-05T15:30:00,4.080,-,0.000
2024-02-05T15:15:00,4.080,-,0.000
2024-02-05T15:00:00,4.081,-,0.000
2024-02-05T14:45:00,4.081,-,0.000
2024-02-05T14:30:00,4.081,-,0.000
2024-02-05T14:15:00,4.082,-,0.000
2024-02-05T14:00:00,4.082,-,0.000
2024-02-05T13:45:00,4.083,-,0.000
2024-02-05T13:30:00,4.082,-,0.000
2024-02-05T13:15:00,4.084,-,0.000
2024-02-05T13:00:00,4.085,-,0.000
2024-02-05T12:45:00,4.084,-,0.000
2024-02-05T12:30:00,4.085,-,0.000
2024-02-05T12:15:00,4.085,-,0.000
2024-02-05T12:00:00,4.086,-,0.000
2024-02-05T11:45:00,4.086,-,0.000
2024-02-05T11:30:00,4.087,-,0.000
2024-02-05T11:15:00,4.088,-,0.000
2024-02-05T11:00:00,4.089,-,0.000
2024-02-05T10:45:00,4.090,-,0.000
2024-02-05T10:30:00,4.090,-,0.000
2024-02-05T10:15:00,4.092,-,0.000
2024-02-05T10:00:00,4.093,-,0.000
2024-02-05T09:45:00,4.094,-,0.000
2024-02-05T09:30:00,4.095,-,0.000
2024-02-05T09:15:00,4.096,-,0.000
2024-02-05T09:00:00,4.099,-,0.000
2024-02-05T08:45:00,4.104,-,0.000
2024-02-05T08:30:00,4.107,-,0.000
2024-02-05T08:15:00,4.104,-,0.000
2024-02-05T08:00:00,4.102,-,0.000
2024-02-05T07:45:00,4.099,-,0.000
2024-02-05T07:30:00,4.095,-,0.000
2024-02-05T07:15:00,4.089,-,0.000
2024-02-05T07:00:00,4.082,-,0.000
2024-02-05T06:45:00,4.097,-,0.000
2024-02-05T06:30:00,4.116,-,0.000
2024-02-05T06:15:00,4.108,-,0.000
2024-02-05T06:00:00,4.099,-,0.000
2024-02-05T05:45:00,4.094,-,0.000
2024-02-05T05:30:00,4.081,-,0.000
2024-02-05T05:15:00,4.069,-,0.000
2024-02-05T05:00:00,4.069,-,0.000
2024-02-05T04:45:00,4.045,-,0.000
2024-02-05T04:30:00,4.046,-,0.000
2024-02-05T04:15:00,4.045,-,0.000
2024-02-05T04:00:00,4.045,-,0.000
2024-02-05T03:45:00,4.045,-,0.000
2024-02-05T03:30:00,4.045,-,0.000
2024-02-05T03:15:00,4.045,-,0.000
2024-02-05T03:00:00,4.044,-,0.000
2024-02-05T02:45:00,4.044,-,0.000
2024-02-05T02:30:00,4.044,-,0.000
2024-02-05T02:15:00,4.044,-,0.000
2024-02-05T02:00:00,4.044,-,0.000
2024-02-05T01:45:00,4.043,-,0.000
2024-02-05T01:30:00,4.043,-,0.000
2024-02-05T01:15:00,4.043,-,0.000
2024-02-05T01:00:00,4.044,-,0.000
2024-02-05T00:45:00,4.042,-,0.000
2024-02-05T00:30:00,4.042,-,0.000
2024-02-05T00:15:00,4.042,-,0.000
2024-02-05T00:00:00,4.042,-,0.000
2024-02-18T23:45:00,4.185,-,0.000
2024-02-18T23:30:00,4.188,-,0.000
2024-02-18T23:15:00,4.190,-,0.000
2024-02-18T23:00:00,4.193,-,0.000
2024-02-18T22:45:00,4.195,-,0.000
2024-02-18T22:30:00,4.198,-,0.000
2024-02-18T22:15:00,4.201,-,0.000
2024-02-18T22:00:00,4.204,-,0.000
2024-02-18T21:45:00,4.207,-,0.000
2024-02-18T21:30:00,4.209,-,0.000
2024-02-18T21:15:00,4.211,-,0.000
2024-02-18T21:00:00,4.214,-,0.000
2024-02-18T20:45:00,4.214,-,0.000
2024-02-18T20:30:00,4.216,-,0.000
2024-02-18T20:15:00,4.216,-,0.000
2024-02-18T20:00:00,4.219,-,0.000
2024-02-18T19:45:00,4.221,-,0.000
2024-02-18T19:30:00,4.223,-,0.000
2024-02-18T19:15:00,4.225,-,0.000
2024-02-18T19:00:00,4.227,-,0.000
2024-02-18T18:45:00,4.230,-,0.000
2024-02-18T18:30:00,4.232,-,0.000
2024-02-18T18:15:00,4.235,-,0.000
2024-02-18T18:00:00,4.237,-,0.000
2024-02-18T17:45:00,4.239,-,0.000
2024-02-18T17:30:00,4.242,-,0.000
2024-02-18T17:15:00,4.245,-,0.000
2024-02-18T17:00:00,4.247,-,0.000
2024-02-18T16:45:00,4.248,-,0.000
2024-02-18T16:30:00,4.251,-,0.000
2024-02-18T16:15:00,4.253,-,0.000
2024-02-18T16:00:00,4.258,-,0.000
2024-02-18T15:45:00,4.262,-,0.000
2024-02-18T15:30:00,4.267,-,0.000
2024-02-18T15:15:00,4.271,-,0.000
2024-02-18T15:00:00,4.273,-,0.000
2024-02-18T14:45:00,4.283,-,0.000
2024-02-18T14:30:00,4.289,-,0.000
2024-02-18T14:15:00,4.290,-,0.000
2024-02-18T14:00:00,4.300,-,0.000
2024-02-18T13:45:00,4.302,-,0.000
2024-02-18T13:30:00,4.303,-,0.000
2024-02-18T13:15:00,4.304,-,0.000
2024-02-18T13:00:00,4.305,-,0.000
2024-02-18T12:45:00,4.307,-,0.000
2024-02-18T12:30:00,4.308,-,0.000
2024-02-18T12:15:00,4.309,-,0.000
2024-02-18T12:00:00,4.312,-,0.000
2024-02-18T11:45:00,4.313,-,0.000
2024-02-18T11:30:00,4.315,-,0.000
2024-02-18T11:15:00,4.316,-,0.000
2024-02-18T11:00:00,4.319,-,0.000
2024-02-18T10:45:00,4.321,-,0.000
2024-02-18T10:30:00,4.324,-,0.000
2024-02-18T10:15:00,4.327,-,0.000
2024-02-18T10:00:00,4.330,-,0.000
2024-02-18T09:45:00,4.332,-,0.000
2024-02-18T09:30:00,4.337,-,0.000
2024-02-18T09:15:00,4.340,-,0.000
2024-02-18T09:00:00,4.343,-,0.000
2024-02-18T08:45:00,4.346,-,0.000
2024-02-18T08:30:00,4.350,-,0.000
2024-02-18T08:15:00,4.353,-,0.000
2024-02-18T08:00:00,4.357,-,0.000
2024-02-18T07:45:00,4.360,-,0.000
2024-02-18T07:30:00,4.364,-,0.000
2024-02-18T07:15:00,4.367,-,0.000
2024-02-18T07:00:00,4.371,-,0.000
2024-02-18T06:45:00,4.375,-,0.000
2024-02-18T06:30:00,4.379,-,0.000
2024-02-18T06:15:00,4.383,-,0.000
2024-02-18T06:00:00,4.387,-,0.000
2024-02-18T05:45:00,4.391,-,0.000
2024-02-18T05:30:00,4.395,-,0.000
2024-02-18T05:15:00,4.397,-,0.000
2024-02-18T05:00:00,4.406,-,0.000
2024-02-18T04:45:00,4.409,-,0.000
2024-02-18T04:30:00,4.412,-,0.000
2024-02-18T04:15:00,4.420,-,0.000
2024-02-18T04:00:00,4.422,-,0.000
2024-02-18T03:45:00,4.423,-,0.000
2024-02-18T03:30:00,4.425,-,0.000
2024-02-18T03:15:00,4.427,-,0.000
2024-02-18T03:00:00,4.428,-,0.000
2024-02-18T02:45:00,4.429,-,0.000
2024-02-18T02:30:00,4.431,-,0.000
2024-02-18T02:15:00,4.433,-,0.000
2024-02-18T02:00:00,4.435,-,0.000
2024-02-18T01:45:00,4.436,-,0.000
2024-02-18T01:30:00,4.438,-,0.000
2024-02-18T01:15:00,4.440,-,0.000
2024-02-18T01:00:00,4.443,-,0.000
2024-02-18T00:45:00,4.444,-,0.000
2024-02-18T00:30:00,4.446,-,0.000
2024-02-18T00:15:00,4.448,-,0.000
2024-02-18T00:00:00,4.451,-,0.000
2024-02-17T23:45:00,4.452,-,0.000
2024-02-17T23:30:00,4.455,-,0.000
2024-02-17T23:15:00,4.457,-,0.000
2024-02-17T23:00:00,4.458,-,0.000
2024-02-17T22:45:00,4.461,-,0.000
2024-02-17T22:30:00,4.463,-,0.000
2024-02-17T22:15:00,4.464,-,0.000
2024-02-17T22:00:00,4.466,-,0.000
2024-02-17T21:45:00,4.468,-,0.000
2024-02-17T21:30:00,4.470,-,0.000
2024-02-17T21:15:00,4.471,-,0.000
2024-02-17T21:00:00,4.472,-,0.000
2024-02-17T20:45:00,4.473,-,0.000
2024-02-17T20:30:00,4.474,-,0.000
2024-02-17T20:15:00,4.474,-,0.000
2024-02-17T20:00:00,4.475,-,0.000
2024-02-17T19:45:00,4.475,-,0.000
2024-02-17T19:30:00,4.476,-,0.000
2024-02-17T19:15:00,4.477,-,0.000
2024-02-17T19:00:00,4.478,-,0.000
2024-02-17T18:45:00,4.478,-,0.000
2024-02-17T18:30:00,4.477,-,0.000
2024-02-17T18:15:00,4.479,-,0.000
2024-02-17T18:00:00,4.480,-,0.000
2024-02-17T17:45:00,4.479,-,0.000
2024-02-17T17:30:00,4.484,-,0.000
2024-02-17T17:15:00,4.482,-,0.000
2024-02-17T17:00:00,4.484,-,0.000
2024-02-17T16:45:00,4.479,-,0.000
2024-02-17T16:30:00,4.480,-,0.000
2024-02-17T16:15:00,4.477,-,0.000
2024-02-17T16:00:00,4.476,-,0.000
2024-02-17T15:45:00,4.476,-,0.000
2024-02-17T15:30:00,4.474,-,0.000
2024-02-17T15:15:00,4.473,-,0.000
2024-02-17T15:00:00,4.471,-,0.000
2024-02-17T14:45:00,4.470,-,0.000
2024-02-17T14:30:00,4.468,-,0.000
2024-02-17T14:15:00,4.467,-,0.000
2024-02-17T14:00:00,4.465,-,0.000
2024-02-17T13:45:00,4.464,-,0.000
2024-02-17T13:30:00,4.462,-,0.000
2024-02-17T13:15:00,4.461,-,0.000
2024-02-17T13:00:00,4.460,-,0.000
2024-02-17T12:45:00,4.458,-,0.000
2024-02-17T12:30:00,4.457,-,0.000
2024-02-17T12:15:00,4.455,-,0.000
2024-02-17T12:00:00,4.453,-,0.000
2024-02-17T11:45:00,4.452,-,0.000
2024-02-17T11:30:00,4.449,-,0.000
2024-02-17T11:15:00,4.448,-,0.000
2024-02-17T11:00:00,4.446,-,0.000
2024-02-17T10:45:00,4.444,-,0.000
2024-02-17T10:30:00,4.442,-,0.000
2024-02-17T10:15:00,4.441,-,0.000
2024-02-17T10:00:00,4.439,-,0.000
2024-02-17T09:45:00,4.438,-,0.000
2024-02-17T09:30:00,4.436,-,0.000
2024-02-17T09:15:00,4.435,-,0.000
2024-02-17T09:00:00,4.433,-,0.000
2024-02-17T08:45:00,4.432,-,0.000
2024-02-17T08:30:00,4.430,-,0.000
2024-02-17T08:15:00,4.429,-,0.000
2024-02-17T08:00:00,4.427,-,0.000
2024-02-17T07:45:00,4.426,-,0.000
2024-02-17T07:30:00,4.424,-,0.000
2024-02-17T07:15:00,4.423,-,0.000
2024-02-17T07:00:00,4.421,-,0.000
2024-02-17T06:45:00,4.420,-,0.000
2024-02-17T06:30:00,4.419,-,0.000
2024-02-17T06:15:00,4.416,-,0.000
2024-02-17T06:00:00,4.414,-,0.000
2024-02-17T05:45:00,4.414,-,0.000
2024-02-17T05:30:00,4.412,-,0.000
2024-02-17T05:15:00,4.412,-,0.000
2024-02-17T05:00:00,4.409,-,0.000
2024-02-17T04:45:00,4.407,-,0.000
2024-02-17T04:30:00,4.404,-,0.000
2024-02-17T04:15:00,4.401,-,0.000
2024-02-17T04:00:00,4.399,-,0.000
2024-02-17T03:45:00,4.396,-,0.000
2024-02-17T03:30:00,4.393,-,0.000
2024-02-17T03:15:00,4.391,-,0.000
2024-02-17T03:00:00,4.388,-,0.000
2024-02-17T02:45:00,4.386,-,0.000
2024-02-17T02:30:00,4.383,-,0.000
2024-02-17T02:15:00,4.381,-,0.000
2024-02-17T02:00:00,4.378,-,0.000
2024-02-17T01:45:00,4.376,-,0.000
2024-02-17T01:30:00,4.373,-,0.000
2024-02-17T01:15:00,4.370,-,0.000
2024-02-17T01:00:00,4.368,-,0.000
2024-02-17T00:45:00,4.365,-,0.000
2024-02-17T00:30:00,4.363,-,0.000
2024-02-17T00:15:00,4.361,-,0.000
2024-02-17T00:00:00,4.358,-,0.000
2024-02-16T23:45:00,4.356,-,0.000
2024-02-16T23:30:00,4.353,-,0.000
2024-02-16T23:15:00,4.351,-,0.000
2024-02-16T23:00:00,4.348,-,0.000
2024-02-16T22:45:00,4.346,-,0.000
2024-02-16T22:30:00,4.344,-,0.000
2024-02-16T22:15:00,4.342,-,0.000
2024-02-16T22:00:00,4.339,-,0.000
2024-02-16T21:45:00,4.337,-,0.000
2024-02-16T21:30:00,4.335,-,0.000
2024-02-16T21:15:00,4.333,-,0.000
2024-02-16T21:00:00,4.330,-,0.000
2024-02-16T20:45:00,4.329,-,0.000
2024-02-16T20:30:00,4.327,-,0.000
2024-02-16T20:15:00,4.325,-,0.000
2024-02-16T20:00:00,4.324,-,0.000
2024-02-16T19:45:00,4.324,-,0.000
2024-02-16T19:30:00,4.324,-,0.000
2024-02-16T19:15:00,4.323,-,0.000
2024-02-16T19:00:00,4.323,-,0.000
2024-02-16T18:45:00,4.324,-,0.000
2024-02-16T18:30:00,4.323,-,0.000
2024-02-16T18:15:00,4.326,-,0.000
2024-02-16T18:00:00,4.324,-,0.000
2024-02-16T17:45:00,4.322,-,0.000
2024-02-16T17:30:00,4.320,-,0.000
2024-02-16T17:15:00,4.318,-,0.000
2024-02-16T17:00:00,4.316,-,0.000
2024-02-16T16:45:00,4.314,-,0.000
2024-02-16T16:30:00,4.313,-,0.000
2024-02-16T16:15:00,4.311,-,0.000
2024-02-16T16:00:00,4.309,-,0.000
2024-02-16T15:45:00,4.307,-,0.000
2024-02-16T15:30:00,4.306,-,0.000
2024-02-16T15:15:00,4.303,-,0.000
2024-02-16T15:00:00,4.301,-,0.000
2024-02-16T14:45:00,4.299,-,0.000
2024-02-16T14:30:00,4.298,-,0.000
2024-02-16T14:15:00,4.296,-,0.000
2024-02-16T14:00:00,4.294,-,0.000
2024-02-16T13:45:00,4.292,-,0.000
2024-02-16T13:30:00,4.292,-,0.000
2024-02-16T13:15:00,4.289,-,0.000
2024-02-16T13:00:00,4.286,-,0.000
2024-02-16T12:45:00,4.281,-,0.000
2024-02-16T12:30:00,4.280,-,0.000
2024-02-16T12:15:00,4.282,-,0.000
2024-02-16T12:00:00,4.276,-,0.000
2024-02-16T11:45:00,4.284,-,0.000
2024-02-16T11:30:00,4.274,-,0.000
2024-02-16T11:15:00,4.263,-,0.000
2024-02-16T11:00:00,4.255,-,0.000
2024-02-16T10:45:00,4.247,-,0.000
2024-02-16T10:30:00,4.238,-,0.000
2024-02-16T10:15:00,4.231,-,0.000
2024-02-16T10:00:00,4.222,-,0.000
2024-02-16T09:45:00,4.213,-,0.000
2024-02-16T09:30:00,4.206,-,0.000
2024-02-16T09:15:00,4.196,-,0.000
2024-02-16T09:00:00,4.186,-,0.000
2024-02-16T08:45:00,4.178,-,0.000
2024-02-16T08:30:00,4.170,-,0.000
2024-02-16T08:15:00,4.161,-,0.000
2024-02-16T08:00:00,4.152,-,0.000
2024-02-16T07:45:00,4.143,-,0.000
2024-02-16T07:30:00,4.134,-,0.000
2024-02-16T07:15:00,4.125,-,0.000
2024-02-16T07:00:00,4.115,-,0.000
2024-02-16T06:45:00,4.106,-,0.000
2024-02-16T06:30:00,4.095,-,0.000
2024-02-16T06:15:00,4.086,-,0.000
2024-02-16T06:00:00,4.076,-,0.000
2024-02-16T05:45:00,4.067,-,0.000
2024-02-16T05:30:00,4.058,-,0.000
2024-02-16T05:15:00,4.049,-,0.000
2024-02-16T05:00:00,4.039,-,0.000
2024-02-16T04:45:00,4.030,-,0.000
2024-02-16T04:30:00,4.020,-,0.000
2024-02-16T04:15:00,4.010,-,0.000
2024-02-16T04:00:00,4.000,-,0.000
2024-02-16T03:45:00,3.990,-,0.000
2024-02-16T03:30:00,3.979,-,0.000
2024-02-16T03:15:00,3.969,-,0.000
2024-02-16T03:00:00,3.959,-,0.000
2024-02-16T02:45:00,3.949,-,0.000
2024-02-16T02:30:00,3.939,-,0.000
2024-02-16T02:15:00,3.929,-,0.000
2024-02-16T02:00:00,3.919,-,0.000
2024-02-16T01:45:00,3.909,-,0.000
2024-02-16T01:30:00,3.898,-,0.000
2024-02-16T01:15:00,3.888,-,0.000
2024-02-16T01:00:00,3.877,-,0.000
2024-02-16T00:45:00,3.867,-,0.000
2024-02-16T00:30:00,3.857,-,0.000
2024-02-16T00:15:00,3.847,-,0.000
2024-02-16T00:00:00,3.836,-,0.000
2024-02-15T23:45:00,3.826,-,0.000
2024-02-15T23:30:00,3.816,-,0.000
2024-02-15T23:15:00,3.806,-,0.000
2024-02-15T23:00:00,3.798,-,0.000
2024-02-15T22:45:00,3.789,-,0.000
2024-02-15T22:30:00,3.782,-,0.000
2024-02-15T22:15:00,3.777,-,0.000
2024-02-15T22:00:00,3.773,-,0.000
2024-02-15T21:45:00,3.771,-,0.000
2024-02-15T21:30:00,3.770,-,0.000
2024-02-15T21:15:00,3.769,-,0.000
2024-02-15T21:00:00,3.769,-,0.000
2024-02-15T20:45:00,3.768,-,0.000
2024-02-15T20:30:00,3.767,-,0.000
2024-02-15T20:15:00,3.767,-,0.000
2024-02-15T20:00:00,3.765,-,0.000
2024-02-15T19:45:00,3.764,-,0.000
2024-02-15T19:30:00,3.764,-,0.000
2024-02-15T19:15:00,3.762,-,0.000
2024-02-15T19:00:00,3.761,-,0.000
2024-02-15T18:45:00,3.760,-,0.000
2024-02-15T18:30:00,3.760,-,0.000
2024-02-15T18:15:00,3.759,-,0.000
2024-02-15T18:00:00,3.759,-,0.000
2024-02-15T17:45:00,3.759,-,0.000
2024-02-15T17:30:00,3.759,-,0.000
2024-02-15T17:15:00,3.760,-,0.000
2024-02-15T17:00:00,3.761,-,0.000
2024-02-15T16:45:00,3.761,-,0.000
2024-02-15T16:30:00,3.762,-,0.000
2024-02-15T16:15:00,3.762,-,0.000
2024-02-15T16:00:00,3.763,-,0.000
2024-02-15T15:45:00,3.764,-,0.000
2024-02-15T15:30:00,3.764,-,0.000
2024-02-15T15:15:00,3.765,-,0.000
2024-02-15T15:00:00,3.765,-,0.000
2024-02-15T14:45:00,3.765,-,0.000
2024-02-15T14:30:00,3.767,-,0.000
2024-02-15T14:15:00,3.767,-,0.000
2024-02-15T14:00:00,3.767,-,0.000
2024-02-15T13:45:00,3.768,-,0.000
2024-02-15T13:30:00,3.768,-,0.000
2024-02-15T13:15:00,3.769,-,0.000
2024-02-15T13:00:00,3.769,-,0.000
2024-02-15T12:45:00,3.769,-,0.000
2024-02-15T12:30:00,3.770,-,0.000
2024-02-15T12:15:00,3.770,-,0.000
2024-02-15T12:00:00,3.772,-,0.000
2024-02-15T11:45:00,3.772,-,0.000
2024-02-15T11:30:00,3.772,-,0.000
2024-02-15T11:15:00,3.773,-,0.000
2024-02-15T11:00:00,3.773,-,0.000
2024-02-15T10:45:00,3.773,-,0.000
2024-02-15T10:30:00,3.773,-,0.000
2024-02-15T10:15:00,3.774,-,0.000
2024-02-15T10:00:00,3.773,-,0.000
2024-02-15T09:45:00,3.773,-,0.000
2024-02-15T09:30:00,3.773,-,0.000
2024-02-15T09:15:00,3.773,-,0.000
2024-02-15T09:00:00,3.773,-,0.000
2024-02-15T08:45:00,3.774,-,0.000
2024-02-15T08:30:00,3.774,-,0.000
2024-02-15T08:15:00,3.775,-,0.000
2024-02-15T08:00:00,3.775,-,0.000
2024-02-15T07:45:00,3.775,-,0.000
2024-02-15T07:30:00,3.775,-,0.000
2024-02-15T07:15:00,3.776,-,0.000
2024-02-15T07:00:00,3.776,-,0.000
2024-02-15T06:45:00,3.776,-,0.000
2024-02-15T06:30:00,3.777,-,0.000
2024-02-15T06:15:00,3.777,-,0.000
2024-02-15T06:00:00,3.778,-,0.000
2024-02-15T05:45:00,3.778,-,0.000
2024-02-15T05:30:00,3.778,-,0.000
2024-02-15T05:15:00,3.778,-,0.000
2024-02-15T05:00:00,3.779,-,0.000
2024-02-15T04:45:00,3.779,-,0.000
2024-02-15T04:30:00,3.779,-,0.000
2024-02-15T04:15:00,3.780,-,0.000
2024-02-15T04:00:00,3.780,-,0.000
2024-02-15T03:45:00,3.780,-,0.000
2024-02-15T03:30:00,3.780,-,0.000
2024-02-15T03:15:00,3.781,-,0.000
2024-02-15T03:00:00,3.781,-,0.000
2024-02-15T02:45:00,3.781,-,0.000
2024-02-15T02:30:00,3.781,-,0.000
2024-02-15T02:15:00,3.781,-,0.000
2024-02-15T02:00:00,3.782,-,0.000
2024-02-15T01:45:00,3.782,-,0.000
2024-02-15T01:30:00,3.782,-,0.000
2024-02-15T01:15:00,3.782,-,0.000
2024-02-15T01:00:00,3.782,-,0.000
2024-02-15T00:45:00,3.782,-,0.000
2024-02-15T00:30:00,3.782,-,0.000
2024-02-15T00:15:00,3.783,-,0.000
2024-02-15T00:00:00,3.782,-,0.000
2024-02-14T23:45:00,3.782,-,0.000
2024-02-14T23:30:00,3.783,-,0.000
2024-02-14T23:15:00,3.783,-,0.000
2024-02-14T23:00:00,3.783,-,0.000
2024-02-14T22:45:00,3.783,-,0.000
2024-02-14T22:30:00,3.783,-,0.000
2024-02-14T22:15:00,3.783,-,0.000
2024-02-14T22:00:00,3.783,-,0.000
2024-02-14T21:45:00,3.781,-,0.000
2024-02-14T21:30:00,3.781,-,0.000
2024-02-14T21:15:00,3.780,-,0.000
2024-02-14T21:00:00,3.779,-,0.000
2024-02-14T20:45:00,3.779,-,0.000
2024-02-14T20:30:00,3.779,-,0.000
2024-02-14T20:15:00,3.777,-,0.000
2024-02-14T20:00:00,3.776,-,0.000
2024-02-14T19:45:00,3.775,-,0.000
2024-02-14T19:30:00,3.773,-,0.000
2024-02-14T19:15:00,3.771,-,0.000
2024-02-14T19:00:00,3.769,-,0.000
2024-02-14T18:45:00,3.767,-,0.000
2024-02-14T18:30:00,3.764,-,0.000
2024-02-14T18:15:00,3.762,-,0.000
2024-02-14T18:00:00,3.760,-,0.000
2024-02-14T17:45:00,3.759,-,0.000
2024-02-14T17:30:00,3.758,-,0.000
2024-02-14T17:15:00,3.758,-,0.000
2024-02-14T17:00:00,3.758,-,0.000
2024-02-14T16:45:00,3.759,-,0.000
2024-02-14T16:30:00,3.759,-,0.000
2024-02-14T16:15:00,3.760,-,0.000
2024-02-14T16:00:00,3.759,-,0.000
2024-02-14T15:45:00,3.759,-,0.000
2024-02-14T15:30:00,3.760,-,0.000
2024-02-14T15:15:00,3.761,-,0.000
2024-02-14T15:00:00,3.762,-,0.000
2024-02-14T14:45:00,3.763,-,0.000
2024-02-14T14:30:00,3.762,-,0.000
2024-02-14T14:15:00,3.762,-,0.000
2024-02-14T14:00:00,3.763,-,0.000
2024-02-14T13:45:00,3.763,-,0.000
2024-02-14T13:30:00,3.763,-,0.000
2024-02-14T13:15:00,3.762,-,0.000
2024-02-14T13:00:00,3.763,-,0.000
2024-02-14T12:45:00,3.762,-,0.000
2024-02-14T12:30:00,3.764,-,0.000
2024-02-14T12:15:00,3.764,-,0.000
2024-02-14T12:00:00,3.763,-,0.000
2024-02-14T11:45:00,3.764,-,0.000
2024-02-14T11:30:00,3.764,-,0.000
2024-02-14T11:15:00,3.764,-,0.000
2024-02-14T11:00:00,3.764,-,0.000
2024-02-14T10:45:00,3.764,-,0.000
2024-02-14T10:30:00,3.764,-,0.000
2024-02-14T10:15:00,3.765,-,0.000
2024-02-14T10:00:00,3.764,-,0.000
2024-02-14T09:45:00,3.764,-,0.000
2024-02-14T09:30:00,3.764,-,0.000
2024-02-14T09:15:00,3.764,-,0.000
2024-02-14T09:00:00,3.764,-,0.000
2024-02-14T08:45:00,3.764,-,0.000
2024-02-14T08:30:00,3.764,-,0.000
2024-02-14T08:15:00,3.764,-,0.000
2024-02-14T08:00:00,3.764,-,0.000
2024-02-14T07:45:00,3.764,-,0.000
2024-02-14T07:30:00,3.764,-,0.000
2024-02-14T07:15:00,3.764,-,0.000
2024-02-14T07:00:00,3.765,-,0.000
2024-02-14T06:45:00,3.764,-,0.000
2024-02-14T06:30:00,3.765,-,0.000
2024-02-14T06:15:00,3.764,-,0.000
2024-02-14T06:00:00,3.765,-,0.000
2024-02-14T05:45:00,3.765,-,0.000
2024-02-14T05:30:00,3.763,-,0.000
2024-02-14T05:15:00,3.764,-,0.000
2024-02-14T05:00:00,3.764,-,0.000
2024-02-14T04:45:00,3.765,-,0.000
2024-02-14T04:30:00,3.765,-,0.000
2024-02-14T04:15:00,3.764,-,0.000
2024-02-14T04:00:00,3.764,-,0.000
2024-02-14T03:45:00,3.764,-,0.000
2024-02-14T03:30:00,3.764,-,0.000
2024-02-14T03:15:00,3.764,-,0.000
2024-02-14T03:00:00,3.764,-,0.000
2024-02-14T02:45:00,3.764,-,0.000
2024-02-14T02:30:00,3.764,-,0.000
2024-02-14T02:15:00,3.764,-,0.000
2024-02-14T02:00:00,3.764,-,0.000
2024-02-14T01:45:00,3.764,-,0.000
2024-02-14T01:30:00,3.763,-,0.000
2024-02-14T01:15:00,3.764,-,0.000
2024-02-14T01:00:00,3.764,-,0.000
2024-02-14T00:45:00,3.764,-,0.000
2024-02-14T00:30:00,3.763,-,0.000
2024-02-14T00:15:00,3.764,-,0.000
2024-02-14T00:00:00,3.764,-,0.000
2024-02-13T23:45:00,3.763,-,0.000
2024-02-13T23:30:00,3.763,-,0.000
2024-02-13T23:15:00,3.763,-,0.000
2024-02-13T23:00:00,3.762,-,0.000
2024-02-13T22:45:00,3.763,-,0.000
2024-02-13T22:30:00,3.763,-,0.000
2024-02-13T22:15:00,3.763,-,0.000
2024-02-13T22:00:00,3.763,-,0.000
2024-02-13T21:45:00,3.763,-,0.000
2024-02-13T21:30:00,3.762,-,0.000
2024-02-13T21:15:00,3.761,-,0.000
2024-02-13T21:00:00,3.762,-,0.000
2024-02-13T20:45:00,3.762,-,0.000
2024-02-13T20:30:00,3.761,-,0.000
2024-02-13T20:15:00,3.761,-,0.000
2024-02-13T20:00:00,3.761,-,0.000
2024-02-13T19:45:00,3.762,-,0.000
2024-02-13T19:30:00,3.761,-,0.000
2024-02-13T19:15:00,3.761,-,0.000
2024-02-13T19:00:00,3.760,-,0.000
2024-02-13T18:45:00,3.762,-,0.000
2024-02-13T18:30:00,3.760,-,0.000
2024-02-13T18:15:00,3.760,-,0.000
2024-02-13T18:00:00,3.760,-,0.000
2024-02-13T17:45:00,3.760,-,0.000
2024-02-13T17:30:00,3.759,-,0.000
2024-02-13T17:15:00,3.759,-,0.000
2024-02-13T17:00:00,3.759,-,0.000
2024-02-13T16:45:00,3.759,-,0.000
2024-02-13T16:30:00,3.759,-,0.000
2024-02-13T16:15:00,3.759,-,0.000
2024-02-13T16:00:00,3.759,-,0.000
2024-02-13T15:45:00,3.759,-,0.000
2024-02-13T15:30:00,3.759,-,0.000
2024-02-13T15:15:00,3.758,-,0.000
2024-02-13T15:00:00,3.758,-,0.000
2024-02-13T14:45:00,3.757,-,0.000
2024-02-13T14:30:00,3.756,-,0.000
2024-02-13T14:15:00,3.756,-,0.000
2024-02-13T14:00:00,3.755,-,0.000
2024-02-13T13:45:00,3.755,-,0.000
2024-02-13T13:30:00,3.754,-,0.000
2024-02-13T13:15:00,3.754,-,0.000
2024-02-13T13:00:00,3.755,-,0.000
2024-02-13T12:45:00,3.756,-,0.000
2024-02-13T12:30:00,3.752,-,0.000
2024-02-13T12:15:00,3.749,-,0.000
2024-02-13T12:00:00,3.750,-,0.000
2024-02-13T11:45:00,3.749,-,0.000
2024-02-13T11:30:00,3.750,-,0.000
2024-02-13T11:15:00,3.753,-,0.000
2024-02-13T11:00:00,3.751,-,0.000
2024-02-13T10:45:00,3.750,-,0.000
2024-02-13T10:30:00,3.749,-,0.000
2024-02-13T10:15:00,3.753,-,0.000
2024-02-13T10:00:00,3.753,-,0.000
2024-02-13T09:45:00,3.755,-,0.000
2024-02-13T09:30:00,3.756,-,0.000
2024-02-13T09:15:00,3.757,-,0.000
2024-02-13T09:00:00,3.758,-,0.000
2024-02-13T08:45:00,3.759,-,0.000
2024-02-13T08:30:00,3.761,-,0.000
2024-02-13T08:15:00,3.766,-,0.000
2024-02-13T08:00:00,3.767,-,0.000
2024-02-13T07:45:00,3.766,-,0.000
2024-02-13T07:30:00,3.769,-,0.000
2024-02-13T07:15:00,3.769,-,0.000
2024-02-13T07:00:00,3.769,-,0.000
2024-02-13T06:45:00,3.773,-,0.000
2024-02-13T06:30:00,3.783,-,0.000
2024-02-13T06:15:00,3.794,-,0.000
2024-02-13T06:00:00,3.803,-,0.000
2024-02-13T05:45:00,3.813,-,0.000
2024-02-13T05:30:00,3.823,-,0.000
2024-02-13T05:15:00,3.833,-,0.000
2024-02-13T05:00:00,3.843,-,0.000
2024-02-13T04:45:00,3.855,-,0.000
2024-02-13T04:30:00,3.865,-,0.000
2024-02-13T04:15:00,3.877,-,0.000
2024-02-13T04:00:00,3.887,-,0.000
2024-02-13T03:45:00,3.897,-,0.000
2024-02-13T03:30:00,3.909,-,0.000
2024-02-13T03:15:00,3.920,-,0.000
2024-02-13T03:00:00,3.931,-,0.000
2024-02-13T02:45:00,3.941,-,0.000
2024-02-13T02:30:00,3.952,-,0.000
2024-02-13T02:15:00,3.964,-,0.000
2024-02-13T02:00:00,3.974,-,0.000
2024-02-13T01:45:00,3.986,-,0.000
2024-02-13T01:30:00,3.996,-,0.000
2024-02-13T01:15:00,4.007,-,0.000
2024-02-13T01:00:00,4.017,-,0.000
2024-02-13T00:45:00,4.027,-,0.000
2024-02-13T00:30:00,4.036,-,0.000
2024-02-13T00:15:00,4.045,-,0.000
2024-02-13T00:00:00,4.052,-,0.000
2024-02-12T23:45:00,4.060,-,0.000
2024-02-12T23:30:00,4.066,-,0.000
2024-02-12T23:15:00,4.072,-,0.000
2024-02-12T23:00:00,4.077,-,0.000
2024-02-12T22:45:00,4.081,-,0.000
2024-02-12T22:30:00,4.086,-,0.000
2024-02-12T22:15:00,4.089,-,0.000
2024-02-12T22:00:00,4.092,-,0.000
2024-02-12T21:45:00,4.095,-,0.000
2024-02-12T21:30:00,4.099,-,0.000
2024-02-12T21:15:00,4.101,-,0.000
2024-02-12T21:00:00,4.104,-,0.000
2024-02-12T20:45:00,4.107,-,0.000
2024-02-12T20:30:00,4.110,-,0.000
2024-02-12T20:15:00,4.113,-,0.000
2024-02-12T20:00:00,4.116,-,0.000
2024-02-12T19:45:00,4.119,-,0.000
2024-02-12T19:30:00,4.121,-,0.000
2024-02-12T19:15:00,4.123,-,0.000
2024-02-12T19:00:00,4.125,-,0.000
2024-02-12T18:45:00,4.127,-,0.000
2024-02-12T18:30:00,4.130,-,0.000
2024-02-12T18:15:00,4.132,-,0.000
2024-02-12T18:00:00,4.134,-,0.000
2024-02-12T17:45:00,4.137,-,0.000
2024-02-12T17:30:00,4.138,-,0.000
2024-02-12T17:15:00,4.140,-,0.000
2024-02-12T17:00:00,4.142,-,0.000
2024-02-12T16:45:00,4.144,-,0.000
2024-02-12T16:30:00,4.147,-,0.000
2024-02-12T16:15:00,4.149,-,0.000
2024-02-12T16:00:00,4.151,-,0.000
2024-02-12T15:45:00,4.153,-,0.000
2024-02-12T15:30:00,4.155,-,0.000
2024-02-12T15:15:00,4.157,-,0.000
2024-02-12T15:00:00,4.159,-,0.000
2024-02-12T14:45:00,4.162,-,0.000
2024-02-12T14:30:00,4.164,-,0.000
2024-02-12T14:15:00,4.166,-,0.000
2024-02-12T14:00:00,4.169,-,0.000
2024-02-12T13:45:00,4.170,-,0.000
2024-02-12T13:30:00,4.174,-,0.000
2024-02-12T13:15:00,4.175,-,0.000
2024-02-12T13:00:00,4.178,-,0.000
2024-02-12T12:45:00,4.182,-,0.000
2024-02-12T12:30:00,4.184,-,0.000
2024-02-12T12:15:00,4.187,-,0.000
2024-02-12T12:00:00,4.191,-,0.000
2024-02-12T11:45:00,4.193,-,0.000
2024-02-12T11:30:00,4.195,-,0.000
2024-02-12T11:15:00,4.200,-,0.000
2024-02-12T11:00:00,4.204,-,0.000
2024-02-12T10:45:00,4.208,-,0.000
2024-02-12T10:30:00,4.210,-,0.000
2024-02-12T10:15:00,4.216,-,0.000
2024-02-12T10:00:00,4.221,-,0.000
2024-02-12T09:45:00,4.226,-,0.000
2024-02-12T09:30:00,4.231,-,0.000
2024-02-12T09:15:00,4.235,-,0.000
2024-02-12T09:00:00,4.240,-,0.000
2024-02-12T08:45:00,4.246,-,0.000
2024-02-12T08:30:00,4.261,-,0.000
2024-02-12T08:15:00,4.264,-,0.000
2024-02-12T08:00:00,4.269,-,0.000
2024-02-12T07:45:00,4.279,-,0.000
2024-02-12T07:30:00,4.278,-,0.000
2024-02-12T07:15:00,4.276,-,0.000
2024-02-12T07:00:00,4.273,-,0.000
2024-02-12T06:45:00,4.271,-,0.000
2024-02-12T06:30:00,4.269,-,0.000
2024-02-12T06:15:00,4.271,-,0.000
2024-02-12T06:00:00,4.273,-,0.000
2024-02-12T05:45:00,4.268,-,0.000
2024-02-12T05:30:00,4.261,-,0.000
2024-02-12T05:15:00,4.275,-,0.000
2024-02-12T05:00:00,4.307,-,0.000
2024-02-12T04:45:00,4.297,-,0.000
2024-02-12T04:30:00,4.279,-,0.000
2024-02-12T04:15:00,4.279,-,0.000
2024-02-12T04:00:00,4.254,-,0.000
2024-02-12T03:45:00,4.256,-,0.000
2024-02-12T03:30:00,4.259,-,0.000
2024-02-12T03:15:00,4.262,-,0.000
2024-02-12T03:00:00,4.265,-,0.000
2024-02-12T02:45:00,4.269,-,0.000
2024-02-12T02:30:00,4.271,-,0.000
2024-02-12T02:15:00,4.274,-,0.000
2024-02-12T02:00:00,4.278,-,0.000
2024-02-12T01:45:00,4.281,-,0.000
2024-02-12T01:30:00,4.283,-,0.000
2024-02-12T01:15:00,4.287,-,0.000
2024-02-12T01:00:00,4.290,-,0.000
2024-02-12T00:45:00,4.293,-,0.000
2024-02-12T00:30:00,4.296,-,0.000
2024-02-12T00:15:00,4.299,-,0.000
2024-02-12T00:00:00,4.303,-,0.000
2024-02-25T23:45:00,4.253,-,0.000
2024-02-25T23:30:00,4.255,-,0.000
2024-02-25T23:15:00,4.258,-,0.000
2024-02-25T23:00:00,4.260,-,0.000
2024-02-25T22:45:00,4.263,-,0.000
2024-02-25T22:30:00,4.265,-,0.000
2024-02-25T22:15:00,4.267,-,0.000
2024-02-25T22:00:00,4.270,-,0.000
2024-02-25T21:45:00,4.272,-,0.000
2024-02-25T21:30:00,4.275,-,0.000
2024-02-25T21:15:00,4.276,-,0.000
2024-02-25T21:00:00,4.279,-,0.000
2024-02-25T20:45:00,4.280,-,0.000
2024-02-25T20:30:00,4.281,-,0.000
2024-02-25T20:15:00,4.283,-,0.000
2024-02-25T20:00:00,4.284,-,0.000
2024-02-25T19:45:00,4.285,-,0.000
2024-02-25T19:30:00,4.287,-,0.000
2024-02-25T19:15:00,4.288,-,0.000
2024-02-25T19:00:00,4.289,-,0.000
2024-02-25T18:45:00,4.291,-,0.000
2024-02-25T18:30:00,4.295,-,0.000
2024-02-25T18:15:00,4.294,-,0.000
2024-02-25T18:00:00,4.296,-,0.000
2024-02-25T17:45:00,4.297,-,0.000
2024-02-25T17:30:00,4.298,-,0.000
2024-02-25T17:15:00,4.300,-,0.000
2024-02-25T17:00:00,4.303,-,0.000
2024-02-25T16:45:00,4.305,-,0.000
2024-02-25T16:30:00,4.307,-,0.000
2024-02-25T16:15:00,4.310,-,0.000
2024-02-25T16:00:00,4.312,-,0.000
2024-02-25T15:45:00,4.314,-,0.000
2024-02-25T15:30:00,4.317,-,0.000
2024-02-25T15:15:00,4.320,-,0.000
2024-02-25T15:00:00,4.322,-,0.000
2024-02-25T14:45:00,4.324,-,0.000
2024-02-25T14:30:00,4.329,-,0.000
2024-02-25T14:15:00,4.330,-,0.000
2024-02-25T14:00:00,4.337,-,0.000
2024-02-25T13:45:00,4.338,-,0.000
2024-02-25T13:30:00,4.337,-,0.000
2024-02-25T13:15:00,4.338,-,0.000
2024-02-25T13:00:00,4.339,-,0.000
2024-02-25T12:45:00,4.340,-,0.000
2024-02-25T12:30:00,4.341,-,0.000
2024-02-25T12:15:00,4.341,-,0.000
2024-02-25T12:00:00,4.342,-,0.000
2024-02-25T11:45:00,4.343,-,0.000
2024-02-25T11:30:00,4.342,-,0.000
2024-02-25T11:15:00,4.343,-,0.000
2024-02-25T11:00:00,4.344,-,0.000
2024-02-25T10:45:00,4.346,-,0.000
2024-02-25T10:30:00,4.346,-,0.000
2024-02-25T10:15:00,4.348,-,0.000
2024-02-25T10:00:00,4.349,-,0.000
2024-02-25T09:45:00,4.351,-,0.000
2024-02-25T09:30:00,4.352,-,0.000
2024-02-25T09:15:00,4.354,-,0.000
2024-02-25T09:00:00,4.357,-,0.000
2024-02-25T08:45:00,4.360,-,0.000
2024-02-25T08:30:00,4.362,-,0.000
2024-02-25T08:15:00,4.365,-,0.000
2024-02-25T08:00:00,4.368,-,0.000
2024-02-25T07:45:00,4.371,-,0.000
2024-02-25T07:30:00,4.375,-,0.000
2024-02-25T07:15:00,4.378,-,0.000
2024-02-25T07:00:00,4.381,-,0.000
2024-02-25T06:45:00,4.384,-,0.000
2024-02-25T06:30:00,4.388,-,0.000
2024-02-25T06:15:00,4.391,-,0.000
2024-02-25T06:00:00,4.395,-,0.000
2024-02-25T05:45:00,4.399,-,0.000
2024-02-25T05:30:00,4.402,-,0.000
2024-02-25T05:15:00,4.404,-,0.000
2024-02-25T05:00:00,4.410,-,0.000
2024-02-25T04:45:00,4.414,-,0.000
2024-02-25T04:30:00,4.415,-,0.000
2024-02-25T04:15:00,4.425,-,0.000
2024-02-25T04:00:00,4.426,-,0.000
2024-02-25T03:45:00,4.427,-,0.000
2024-02-25T03:30:00,4.429,-,0.000
2024-02-25T03:15:00,4.430,-,0.000
2024-02-25T03:00:00,4.431,-,0.000
2024-02-25T02:45:00,4.433,-,0.000
2024-02-25T02:30:00,4.433,-,0.000
2024-02-25T02:15:00,4.435,-,0.000
2024-02-25T02:00:00,4.437,-,0.000
2024-02-25T01:45:00,4.438,-,0.000
2024-02-25T01:30:00,4.440,-,0.000
2024-02-25T01:15:00,4.442,-,0.000
2024-02-25T01:00:00,4.443,-,0.000
2024-02-25T00:45:00,4.445,-,0.000
2024-02-25T00:30:00,4.447,-,0.000
2024-02-25T00:15:00,4.449,-,0.000
2024-02-25T00:00:00,4.450,-,0.000
2024-02-24T23:45:00,4.452,-,0.000
2024-02-24T23:30:00,4.454,-,0.000
2024-02-24T23:15:00,4.456,-,0.000
2024-02-24T23:00:00,4.458,-,0.000
2024-02-24T22:45:00,4.459,-,0.000
2024-02-24T22:30:00,4.461,-,0.000
2024-02-24T22:15:00,4.463,-,0.000
2024-02-24T22:00:00,4.465,-,0.000
2024-02-24T21:45:00,4.466,-,0.000
2024-02-24T21:30:00,4.467,-,0.000
2024-02-24T21:15:00,4.468,-,0.000
2024-02-24T21:00:00,4.470,-,0.000
2024-02-24T20:45:00,4.471,-,0.000
2024-02-24T20:30:00,4.472,-,0.000
2024-02-24T20:15:00,4.473,-,0.000
2024-02-24T20:00:00,4.474,-,0.000
2024-02-24T19:45:00,4.474,-,0.000
2024-02-24T19:30:00,4.475,-,0.000
2024-02-24T19:15:00,4.476,-,0.000
2024-02-24T19:00:00,4.476,-,0.000
2024-02-24T18:45:00,4.477,-,0.000
2024-02-24T18:30:00,4.477,-,0.000
2024-02-24T18:15:00,4.478,-,0.000
2024-02-24T18:00:00,4.481,-,0.000
2024-02-24T17:45:00,4.481,-,0.000
2024-02-24T17:30:00,4.480,-,0.000
2024-02-24T17:15:00,4.484,-,0.000
2024-02-24T17:00:00,4.484,-,0.000
2024-02-24T16:45:00,4.483,-,0.000
2024-02-24T16:30:00,4.482,-,0.000
2024-02-24T16:15:00,4.483,-,0.000
2024-02-24T16:00:00,4.482,-,0.000
2024-02-24T15:45:00,4.481,-,0.000
2024-02-24T15:30:00,4.481,-,0.000
2024-02-24T15:15:00,4.480,-,0.000
2024-02-24T15:00:00,4.479,-,0.000
2024-02-24T14:45:00,4.479,-,0.000
2024-02-24T14:30:00,4.479,-,0.000
2024-02-24T14:15:00,4.478,-,0.000
2024-02-24T14:00:00,4.477,-,0.000
2024-02-24T13:45:00,4.476,-,0.000
2024-02-24T13:30:00,4.476,-,0.000
2024-02-24T13:15:00,4.475,-,0.000
2024-02-24T13:00:00,4.475,-,0.000
2024-02-24T12:45:00,4.474,-,0.000
2024-02-24T12:30:00,4.473,-,0.000
2024-02-24T12:15:00,4.473,-,0.000
2024-02-24T12:00:00,4.472,-,0.000
2024-02-24T11:45:00,4.472,-,0.000
2024-02-24T11:30:00,4.472,-,0.000
2024-02-24T11:15:00,4.471,-,0.000
2024-02-24T11:00:00,4.470,-,0.000
2024-02-24T10:45:00,4.470,-,0.000
2024-02-24T10:30:00,4.469,-,0.000
2024-02-24T10:15:00,4.468,-,0.000
2024-02-24T10:00:00,4.468,-,0.000
2024-02-24T09:45:00,4.467,-,0.000
2024-02-24T09:30:00,4.467,-,0.000
2024-02-24T09:15:00,4.467,-,0.000
2024-02-24T09:00:00,4.467,-,0.000
2024-02-24T08:45:00,4.466,-,0.000
2024-02-24T08:30:00,4.467,-,0.000
2024-02-24T08:15:00,4.469,-,0.000
2024-02-24T08:00:00,4.468,-,0.000
2024-02-24T07:45:00,4.472,-,0.000
2024-02-24T07:30:00,4.471,-,0.000
2024-02-24T07:15:00,4.471,-,0.000
2024-02-24T07:00:00,4.470,-,0.000
2024-02-24T06:45:00,4.470,-,0.000
2024-02-24T06:30:00,4.470,-,0.000
2024-02-24T06:15:00,4.470,-,0.000
2024-02-24T06:00:00,4.469,-,0.000
2024-02-24T05:45:00,4.469,-,0.000
2024-02-24T05:30:00,4.469,-,0.000
2024-02-24T05:15:00,4.468,-,0.000
2024-02-24T05:00:00,4.468,-,0.000
2024-02-24T04:45:00,4.468,-,0.000
2024-02-24T04:30:00,4.468,-,0.000
2024-02-24T04:15:00,4.467,-,0.000
2024-02-24T04:00:00,4.467,-,0.000
2024-02-24T03:45:00,4.466,-,0.000
2024-02-24T03:30:00,4.466,-,0.000
2024-02-24T03:15:00,4.465,-,0.000
2024-02-24T03:00:00,4.465,-,0.000
2024-02-24T02:45:00,4.465,-,0.000
2024-02-24T02:30:00,4.464,-,0.000
2024-02-24T02:15:00,4.464,-,0.000
2024-02-24T02:00:00,4.464,-,0.000
2024-02-24T01:45:00,4.463,-,0.000
2024-02-24T01:30:00,4.463,-,0.000
2024-02-24T01:15:00,4.462,-,0.000
2024-02-24T01:00:00,4.462,-,0.000
2024-02-24T00:45:00,4.462,-,0.000
2024-02-24T00:30:00,4.461,-,0.000
2024-02-24T00:15:00,4.461,-,0.000
2024-02-24T00:00:00,4.461,-,0.000
2024-02-23T23:45:00,4.460,-,0.000
2024-02-23T23:30:00,4.459,-,0.000
2024-02-23T23:15:00,4.459,-,0.000
2024-02-23T23:00:00,4.459,-,0.000
2024-02-23T22:45:00,4.458,-,0.000
2024-02-23T22:30:00,4.458,-,0.000
2024-02-23T22:15:00,4.457,-,0.000
2024-02-23T22:00:00,4.457,-,0.000
2024-02-23T21:45:00,4.456,-,0.000
2024-02-23T21:30:00,4.455,-,0.000
2024-02-23T21:15:00,4.453,-,0.000
2024-02-23T21:00:00,4.452,-,0.000
2024-02-23T20:45:00,4.451,-,0.000
2024-02-23T20:30:00,4.448,-,0.000
2024-02-23T20:15:00,4.446,-,0.000
2024-02-23T20:00:00,4.445,-,0.000
2024-02-23T19:45:00,4.441,-,0.000
2024-02-23T19:30:00,4.438,-,0.000
2024-02-23T19:15:00,4.436,-,0.000
2024-02-23T19:00:00,4.435,-,0.000
2024-02-23T18:45:00,4.432,-,0.000
2024-02-23T18:30:00,4.430,-,0.000
2024-02-23T18:15:00,4.427,-,0.000
2024-02-23T18:00:00,4.425,-,0.000
2024-02-23T17:45:00,4.423,-,0.000
2024-02-23T17:30:00,4.423,-,0.000
2024-02-23T17:15:00,4.421,-,0.000
2024-02-23T17:00:00,4.420,-,0.000
2024-02-23T16:45:00,4.419,-,0.000
2024-02-23T16:30:00,4.419,-,0.000
2024-02-23T16:15:00,4.418,-,0.000
2024-02-23T16:00:00,4.418,-,0.000
2024-02-23T15:45:00,4.418,-,0.000
2024-02-23T15:30:00,4.418,-,0.000
2024-02-23T15:15:00,4.417,-,0.000
2024-02-23T15:00:00,4.417,-,0.000
2024-02-23T14:45:00,4.417,-,0.000
2024-02-23T14:30:00,4.417,-,0.000
2024-02-23T14:15:00,4.418,-,0.000
2024-02-23T14:00:00,4.418,-,0.000
2024-02-23T13:45:00,4.416,-,0.000
2024-02-23T13:30:00,4.416,-,0.000
2024-02-23T13:15:00,4.415,-,0.000
2024-02-23T13:00:00,4.417,-,0.000
2024-02-23T12:45:00,4.416,-,0.000
2024-02-23T12:30:00,4.415,-,0.000
2024-02-23T12:15:00,4.415,-,0.000
2024-02-23T12:00:00,4.415,-,0.000
2024-02-23T11:45:00,4.415,-,0.000
2024-02-23T11:30:00,4.415,-,0.000
2024-02-23T11:15:00,4.414,-,0.000
2024-02-23T11:00:00,4.414,-,0.000
2024-02-23T10:45:00,4.414,-,0.000
2024-02-23T10:30:00,4.413,-,0.000
2024-02-23T10:15:00,4.413,-,0.000
2024-02-23T10:00:00,4.413,-,0.000
2024-02-23T09:45:00,4.412,-,0.000
2024-02-23T09:30:00,4.412,-,0.000
2024-02-23T09:15:00,4.411,-,0.000
2024-02-23T09:00:00,4.411,-,0.000
2024-02-23T08:45:00,4.412,-,0.000
2024-02-23T08:30:00,4.411,-,0.000
2024-02-23T08:15:00,4.409,-,0.000
2024-02-23T08:00:00,4.409,-,0.000
2024-02-23T07:45:00,4.407,-,0.000
2024-02-23T07:30:00,4.408,-,0.000
2024-02-23T07:15:00,4.409,-,0.000
2024-02-23T07:00:00,4.409,-,0.000
2024-02-23T06:45:00,4.411,-,0.000
2024-02-23T06:30:00,4.412,-,0.000
2024-02-23T06:15:00,4.410,-,0.000
2024-02-23T06:00:00,4.412,-,0.000
2024-02-23T05:45:00,4.414,-,0.000
2024-02-23T05:30:00,4.414,-,0.000
2024-02-23T05:15:00,4.417,-,0.000
2024-02-23T05:00:00,4.416,-,0.000
2024-02-23T04:45:00,4.414,-,0.000
2024-02-23T04:30:00,4.412,-,0.000
2024-02-23T04:15:00,4.411,-,0.000
2024-02-23T04:00:00,4.409,-,0.000
2024-02-23T03:45:00,4.408,-,0.000
2024-02-23T03:30:00,4.407,-,0.000
2024-02-23T03:15:00,4.405,-,0.000
2024-02-23T03:00:00,4.403,-,0.000
2024-02-23T02:45:00,4.401,-,0.000
2024-02-23T02:30:00,4.400,-,0.000
2024-02-23T02:15:00,4.398,-,0.000
2024-02-23T02:00:00,4.397,-,0.000
2024-02-23T01:45:00,4.395,-,0.000
2024-02-23T01:30:00,4.394,-,0.000
2024-02-23T01:15:00,4.392,-,0.000
2024-02-23T01:00:00,4.391,-,0.000
2024-02-23T00:45:00,4.389,-,0.000
2024-02-23T00:30:00,4.387,-,0.000
2024-02-23T00:15:00,4.386,-,0.000
2024-02-23T00:00:00,4.385,-,0.000
2024-02-22T23:45:00,4.383,-,0.000
2024-02-22T23:30:00,4.382,-,0.000
2024-02-22T23:15:00,4.381,-,0.000
2024-02-22T23:00:00,4.380,-,0.000
2024-02-22T22:45:00,4.380,-,0.000
2024-02-22T22:30:00,4.379,-,0.000
2024-02-22T22:15:00,4.380,-,0.000
2024-02-22T22:00:00,4.381,-,0.000
2024-02-22T21:45:00,4.384,-,0.000
2024-02-22T21:30:00,4.389,-,0.000
2024-02-22T21:15:00,4.394,-,0.000
2024-02-22T21:00:00,4.401,-,0.000
2024-02-22T20:45:00,4.408,-,0.000
2024-02-22T20:30:00,4.415,-,0.000
2024-02-22T20:15:00,4.423,-,0.000
2024-02-22T20:00:00,4.430,-,0.000
2024-02-22T19:45:00,4.436,-,0.000
2024-02-22T19:30:00,4.444,-,0.000
2024-02-22T19:15:00,4.452,-,0.000
2024-02-22T19:00:00,4.459,-,0.000
2024-02-22T18:45:00,4.466,-,0.000
2024-02-22T18:30:00,4.472,-,0.000
2024-02-22T18:15:00,4.479,-,0.000
2024-02-22T18:00:00,4.483,-,0.000
2024-02-22T17:45:00,4.490,-,0.000
2024-02-22T17:30:00,4.496,-,0.000
2024-02-22T17:15:00,4.500,-,0.000
2024-02-22T17:00:00,4.506,-,0.000
2024-02-22T16:45:00,4.508,-,0.000
2024-02-22T16:30:00,4.509,-,0.000
2024-02-22T16:15:00,4.510,-,0.000
2024-02-22T16:00:00,4.508,-,0.000
2024-02-22T15:45:00,4.505,-,0.000
2024-02-22T15:30:00,4.502,-,0.000
2024-02-22T15:15:00,4.499,-,0.000
2024-02-22T15:00:00,4.494,-,0.000
2024-02-22T14:45:00,4.491,-,0.000
2024-02-22T14:30:00,4.486,-,0.000
2024-02-22T14:15:00,4.482,-,0.000
2024-02-22T14:00:00,4.477,-,0.000
2024-02-22T13:45:00,4.473,-,0.000
2024-02-22T13:30:00,4.470,-,0.000
2024-02-22T13:15:00,4.465,-,0.000
2024-02-22T13:00:00,4.461,-,0.000
2024-02-22T12:45:00,4.456,-,0.000
2024-02-22T12:30:00,4.452,-,0.000
2024-02-22T12:15:00,4.447,-,0.000
2024-02-22T12:00:00,4.442,-,0.000
2024-02-22T11:45:00,4.438,-,0.000
2024-02-22T11:30:00,4.433,-,0.000
2024-02-22T11:15:00,4.430,-,0.000
2024-02-22T11:00:00,4.424,-,0.000
2024-02-22T10:45:00,4.421,-,0.000
2024-02-22T10:30:00,4.416,-,0.000
2024-02-22T10:15:00,4.411,-,0.000
2024-02-22T10:00:00,4.406,-,0.000
2024-02-22T09:45:00,4.402,-,0.000
2024-02-22T09:30:00,4.399,-,0.000
2024-02-22T09:15:00,4.394,-,0.000
2024-02-22T09:00:00,4.389,-,0.000
2024-02-22T08:45:00,4.383,-,0.000
2024-02-22T08:30:00,4.378,-,0.000
2024-02-22T08:15:00,4.373,-,0.000
2024-02-22T08:00:00,4.367,-,0.000
2024-02-22T07:45:00,4.362,-,0.000
2024-02-22T07:30:00,4.356,-,0.000
2024-02-22T07:15:00,4.351,-,0.000
2024-02-22T07:00:00,4.345,-,0.000
2024-02-22T06:45:00,4.340,-,0.000
2024-02-22T06:30:00,4.335,-,0.000
2024-02-22T06:15:00,4.329,-,0.000
2024-02-22T06:00:00,4.323,-,0.000
2024-02-22T05:45:00,4.318,-,0.000
2024-02-22T05:30:00,4.312,-,0.000
2024-02-22T05:15:00,4.306,-,0.000
2024-02-22T05:00:00,4.301,-,0.000
2024-02-22T04:45:00,4.295,-,0.000
2024-02-22T04:30:00,4.289,-,0.000
2024-02-22T04:15:00,4.284,-,0.000
2024-02-22T04:00:00,4.276,-,0.000
2024-02-22T03:45:00,4.270,-,0.000
2024-02-22T03:30:00,4.263,-,0.000
2024-02-22T03:15:00,4.256,-,0.000
2024-02-22T03:00:00,4.250,-,0.000
2024-02-22T02:45:00,4.243,-,0.000
2024-02-22T02:30:00,4.237,-,0.000
2024-02-22T02:15:00,4.231,-,0.000
2024-02-22T02:00:00,4.225,-,0.000
2024-02-22T01:45:00,4.218,-,0.000
2024-02-22T01:30:00,4.213,-,0.000
2024-02-22T01:15:00,4.206,-,0.000
2024-02-22T01:00:00,4.199,-,0.000
2024-02-22T00:45:00,4.192,-,0.000
2024-02-22T00:30:00,4.185,-,0.000
2024-02-22T00:15:00,4.179,-,0.000
2024-02-22T00:00:00,4.173,-,0.000
2024-02-21T23:45:00,4.167,-,0.000
2024-02-21T23:30:00,4.160,-,0.000
2024-02-21T23:15:00,4.152,-,0.000
2024-02-21T23:00:00,4.146,-,0.000
2024-02-21T22:45:00,4.139,-,0.000
2024-02-21T22:30:00,4.132,-,0.000
2024-02-21T22:15:00,4.125,-,0.000
2024-02-21T22:00:00,4.118,-,0.000
2024-02-21T21:45:00,4.111,-,0.000
2024-02-21T21:30:00,4.104,-,0.000
2024-02-21T21:15:00,4.096,-,0.000
2024-02-21T21:00:00,4.089,-,0.000
2024-02-21T20:45:00,4.082,-,0.000
2024-02-21T20:30:00,4.075,-,0.000
2024-02-21T20:15:00,4.068,-,0.000
2024-02-21T20:00:00,4.061,-,0.000
2024-02-21T19:45:00,4.054,-,0.000
2024-02-21T19:30:00,4.048,-,0.000
2024-02-21T19:15:00,4.042,-,0.000
2024-02-21T19:00:00,4.035,-,0.000
2024-02-21T18:45:00,4.029,-,0.000
2024-02-21T18:30:00,4.023,-,0.000
2024-02-21T18:15:00,4.015,-,0.000
2024-02-21T18:00:00,4.011,-,0.000
2024-02-21T17:45:00,4.012,-,0.000
2024-02-21T17:30:00,4.004,-,0.000
2024-02-21T17:15:00,4.009,-,0.000
2024-02-21T17:00:00,3.999,-,0.000
2024-02-21T16:45:00,3.989,-,0.000
2024-02-21T16:30:00,3.980,-,0.000
2024-02-21T16:15:00,3.970,-,0.000
2024-02-21T16:00:00,3.960,-,0.000
2024-02-21T15:45:00,3.950,-,0.000
2024-02-21T15:30:00,3.942,-,0.000
2024-02-21T15:15:00,3.933,-,0.000
2024-02-21T15:00:00,3.923,-,0.000
2024-02-21T14:45:00,3.913,-,0.000
2024-02-21T14:30:00,3.902,-,0.000
2024-02-21T14:15:00,3.893,-,0.000
2024-02-21T14:00:00,3.880,-,0.000
2024-02-21T13:45:00,3.872,-,0.000
2024-02-21T13:30:00,3.861,-,0.000
2024-02-21T13:15:00,3.853,-,0.000
2024-02-21T13:00:00,3.843,-,0.000
2024-02-21T12:45:00,3.831,-,0.000
2024-02-21T12:30:00,3.822,-,0.000
2024-02-21T12:15:00,3.810,-,0.000
2024-02-21T12:00:00,3.802,-,0.000
2024-02-21T11:45:00,3.795,-,0.000
2024-02-21T11:30:00,3.785,-,0.000
2024-02-21T11:15:00,3.780,-,0.000
2024-02-21T11:00:00,3.773,-,0.000
2024-02-21T10:45:00,3.768,-,0.000
2024-02-21T10:30:00,3.766,-,0.000
2024-02-21T10:15:00,3.765,-,0.000
2024-02-21T10:00:00,3.765,-,0.000
2024-02-21T09:45:00,3.765,-,0.000
2024-02-21T09:30:00,3.764,-,0.000
2024-02-21T09:15:00,3.766,-,0.000
2024-02-21T09:00:00,3.766,-,0.000
2024-02-21T08:45:00,3.765,-,0.000
2024-02-21T08:30:00,3.766,-,0.000
2024-02-21T08:15:00,3.766,-,0.000
2024-02-21T08:00:00,3.766,-,0.000
2024-02-21T07:45:00,3.766,-,0.000
2024-02-21T07:30:00,3.766,-,0.000
2024-02-21T07:15:00,3.766,-,0.000
2024-02-21T07:00:00,3.766,-,0.000
2024-02-21T06:45:00,3.767,-,0.000
2024-02-21T06:30:00,3.767,-,0.000
2024-02-21T06:15:00,3.767,-,0.000
2024-02-21T06:00:00,3.767,-,0.000
2024-02-21T05:45:00,3.767,-,0.000
2024-02-21T05:30:00,3.768,-,0.000
2024-02-21T05:15:00,3.767,-,0.000
2024-02-21T05:00:00,3.768,-,0.000
2024-02-21T04:45:00,3.768,-,0.000
2024-02-21T04:30:00,3.768,-,0.000
2024-02-21T04:15:00,3.768,-,0.000
2024-02-21T04:00:00,3.768,-,0.000
2024-02-21T03:45:00,3.769,-,0.000
2024-02-21T03:30:00,3.768,-,0.000
2024-02-21T03:15:00,3.768,-,0.000
2024-02-21T03:00:00,3.769,-,0.000
2024-02-21T02:45:00,3.769,-,0.000
2024-02-21T02:30:00,3.769,-,0.000
2024-02-21T02:15:00,3.769,-,0.000
2024-02-21T02:00:00,3.768,-,0.000
2024-02-21T01:45:00,3.768,-,0.000
2024-02-21T01:30:00,3.769,-,0.000
2024-02-21T01:15:00,3.769,-,0.000
2024-02-21T01:00:00,3.769,-,0.000
2024-02-21T00:45:00,3.769,-,0.000
2024-02-21T00:30:00,3.769,-,0.000
2024-02-21T00:15:00,3.769,-,0.000
2024-02-21T00:00:00,3.769,-,0.000
2024-02-20T23:45:00,3.769,-,0.000
2024-02-20T23:30:00,3.770,-,0.000
2024-02-20T23:15:00,3.770,-,0.000
2024-02-20T23:00:00,3.770,-,0.000
2024-02-20T22:45:00,3.770,-,0.000
2024-02-20T22:30:00,3.770,-,0.000
2024-02-20T22:15:00,3.770,-,0.000
2024-02-20T22:00:00,3.770,-,0.000
2024-02-20T21:45:00,3.770,-,0.000
2024-02-20T21:30:00,3.770,-,0.000
2024-02-20T21:15:00,3.770,-,0.000
2024-02-20T21:00:00,3.770,-,0.000
2024-02-20T20:45:00,3.770,-,0.000
2024-02-20T20:30:00,3.770,-,0.000
2024-02-20T20:15:00,3.770,-,0.000
2024-02-20T20:00:00,3.771,-,0.000
2024-02-20T19:45:00,3.770,-,0.000
2024-02-20T19:30:00,3.770,-,0.000
2024-02-20T19:15:00,3.770,-,0.000
2024-02-20T19:00:00,3.771,-,0.000
2024-02-20T18:45:00,3.770,-,0.000
2024-02-20T18:30:00,3.771,-,0.000
2024-02-20T18:15:00,3.770,-,0.000
2024-02-20T18:00:00,3.771,-,0.000
2024-02-20T17:45:00,3.771,-,0.000
2024-02-20T17:30:00,3.771,-,0.000
2024-02-20T17:15:00,3.772,-,0.000
2024-02-20T17:00:00,3.772,-,0.000
2024-02-20T16:45:00,3.772,-,0.000
2024-02-20T16:30:00,3.771,-,0.000
2024-02-20T16:15:00,3.771,-,0.000
2024-02-20T16:00:00,3.771,-,0.000
2024-02-20T15:45:00,3.770,-,0.000
2024-02-20T15:30:00,3.771,-,0.000
2024-02-20T15:15:00,3.771,-,0.000
2024-02-20T15:00:00,3.772,-,0.000
2024-02-20T14:45:00,3.773,-,0.000
2024-02-20T14:30:00,3.770,-,0.000
2024-02-20T14:15:00,3.770,-,0.000
2024-02-20T14:00:00,3.768,-,0.000
2024-02-20T13:45:00,3.769,-,0.000
2024-02-20T13:30:00,3.770,-,0.000
2024-02-20T13:15:00,3.769,-,0.000
2024-02-20T13:00:00,3.769,-,0.000
2024-02-20T12:45:00,3.769,-,0.000
2024-02-20T12:30:00,3.770,-,0.000
2024-02-20T12:15:00,3.771,-,0.000
2024-02-20T12:00:00,3.769,-,0.000
2024-02-20T11:45:00,3.765,-,0.000
2024-02-20T11:30:00,3.766,-,0.000
2024-02-20T11:15:00,3.766,-,0.000
2024-02-20T11:00:00,3.766,-,0.000
2024-02-20T10:45:00,3.765,-,0.000
2024-02-20T10:30:00,3.764,-,0.000
2024-02-20T10:15:00,3.764,-,0.000
2024-02-20T10:00:00,3.763,-,0.000
2024-02-20T09:45:00,3.771,-,0.000
2024-02-20T09:30:00,3.767,-,0.000
2024-02-20T09:15:00,3.757,-,0.000
2024-02-20T09:00:00,3.759,-,0.000
2024-02-20T08:45:00,3.762,-,0.000
2024-02-20T08:30:00,3.765,-,0.000
2024-02-20T08:15:00,3.768,-,0.000
2024-02-20T08:00:00,3.772,-,0.000
2024-02-20T07:45:00,3.774,-,0.000
2024-02-20T07:30:00,3.776,-,0.000
2024-02-20T07:15:00,3.782,-,0.000
2024-02-20T07:00:00,3.788,-,0.000
2024-02-20T06:45:00,3.796,-,0.000
2024-02-20T06:30:00,3.803,-,0.000
2024-02-20T06:15:00,3.811,-,0.000
2024-02-20T06:00:00,3.821,-,0.000
2024-02-20T05:45:00,3.828,-,0.000
2024-02-20T05:30:00,3.824,-,0.000
2024-02-20T05:15:00,3.835,-,0.000
2024-02-20T05:00:00,3.844,-,0.000
2024-02-20T04:45:00,3.854,-,0.000
2024-02-20T04:30:00,3.864,-,0.000
2024-02-20T04:15:00,3.875,-,0.000
2024-02-20T04:00:00,3.884,-,0.000
2024-02-20T03:45:00,3.894,-,0.000
2024-02-20T03:30:00,3.905,-,0.000
2024-02-20T03:15:00,3.915,-,0.000
2024-02-20T03:00:00,3.925,-,0.000
2024-02-20T02:45:00,3.934,-,0.000
2024-02-20T02:30:00,3.944,-,0.000
2024-02-20T02:15:00,3.954,-,0.000
2024-02-20T02:00:00,3.964,-,0.000
2024-02-20T01:45:00,3.974,-,0.000
2024-02-20T01:30:00,3.983,-,0.000
2024-02-20T01:15:00,3.993,-,0.000
2024-02-20T01:00:00,4.001,-,0.000
2024-02-20T00:45:00,4.010,-,0.000
2024-02-20T00:30:00,4.018,-,0.000
2024-02-20T00:15:00,4.026,-,0.000
2024-02-20T00:00:00,4.032,-,0.000
2024-02-19T23:45:00,4.038,-,0.000
2024-02-19T23:30:00,4.043,-,0.000
2024-02-19T23:15:00,4.047,-,0.000
2024-02-19T23:00:00,4.051,-,0.000
2024-02-19T22:45:00,4.054,-,0.000
2024-02-19T22:30:00,4.055,-,0.000
2024-02-19T22:15:00,4.056,-,0.000
2024-02-19T22:00:00,4.058,-,0.000
2024-02-19T21:45:00,4.059,-,0.000
2024-02-19T21:30:00,4.061,-,0.000
2024-02-19T21:15:00,4.062,-,0.000
2024-02-19T21:00:00,4.063,-,0.000
2024-02-19T20:45:00,4.065,-,0.000
2024-02-19T20:30:00,4.066,-,0.000
2024-02-19T20:15:00,4.067,-,0.000
2024-02-19T20:00:00,4.068,-,0.000
2024-02-19T19:45:00,4.069,-,0.000
2024-02-19T19:30:00,4.070,-,0.000
2024-02-19T19:15:00,4.072,-,0.000
2024-02-19T19:00:00,4.073,-,0.000
2024-02-19T18:45:00,4.073,-,0.000
2024-02-19T18:30:00,4.075,-,0.000
2024-02-19T18:15:00,4.076,-,0.000
2024-02-19T18:00:00,4.078,-,0.000
2024-02-19T17:45:00,4.078,-,0.000
2024-02-19T17:30:00,4.079,-,0.000
2024-02-19T17:15:00,4.080,-,0.000
2024-02-19T17:00:00,4.079,-,0.000
2024-02-19T16:45:00,4.080,-,0.000
2024-02-19T16:30:00,4.080,-,0.000
2024-02-19T16:15:00,4.081,-,0.000
2024-02-19T16:00:00,4.082,-,0.000
2024-02-19T15:45:00,4.082,-,0.000
2024-02-19T15:30:00,4.083,-,0.000
2024-02-19T15:15:00,4.084,-,0.000
2024-02-19T15:00:00,4.085,-,0.000
2024-02-19T14:45:00,4.086,-,0.000
2024-02-19T14:30:00,4.085,-,0.000
2024-02-19T14:15:00,4.086,-,0.000
2024-02-19T14:00:00,4.086,-,0.000
2024-02-19T13:45:00,4.087,-,0.000
2024-02-19T13:30:00,4.088,-,0.000
2024-02-19T13:15:00,4.089,-,0.000
2024-02-19T13:00:00,4.089,-,0.000
2024-02-19T12:45:00,4.091,-,0.000
2024-02-19T12:30:00,4.091,-,0.000
2024-02-19T12:15:00,4.092,-,0.000
2024-02-19T12:00:00,4.092,-,0.000
2024-02-19T11:45:00,4.094,-,0.000
2024-02-19T11:30:00,4.094,-,0.000
2024-02-19T11:15:00,4.095,-,0.000
2024-02-19T11:00:00,4.095,-,0.000
2024-02-19T10:45:00,4.096,-,0.000
2024-02-19T10:30:00,4.099,-,0.000
2024-02-19T10:15:00,4.099,-,0.000
2024-02-19T10:00:00,4.100,-,0.000
2024-02-19T09:45:00,4.098,-,0.000
2024-02-19T09:30:00,4.102,-,0.000
2024-02-19T09:15:00,4.107,-,0.000
2024-02-19T09:00:00,4.111,-,0.000
2024-02-19T08:45:00,4.115,-,0.000
2024-02-19T08:30:00,4.119,-,0.000
2024-02-19T08:15:00,4.125,-,0.000
2024-02-19T08:00:00,4.131,-,0.000
2024-02-19T07:45:00,4.138,-,0.000
2024-02-19T07:30:00,4.144,-,0.000
2024-02-19T07:15:00,4.150,-,0.000
2024-02-19T07:00:00,4.157,-,0.000
2024-02-19T06:45:00,4.171,-,0.000
2024-02-19T06:30:00,4.180,-,0.000
2024-02-19T06:15:00,4.178,-,0.000
2024-02-19T06:00:00,4.169,-,0.000
2024-02-19T05:45:00,4.170,-,0.000
2024-02-19T05:30:00,4.198,-,0.000
2024-02-19T05:15:00,4.196,-,0.000
2024-02-19T05:00:00,4.192,-,0.000
2024-02-19T04:45:00,4.184,-,0.000
2024-02-19T04:30:00,4.171,-,0.000
2024-02-19T04:15:00,4.170,-,0.000
2024-02-19T04:00:00,4.149,-,0.000
2024-02-19T03:45:00,4.148,-,0.000
2024-02-19T03:30:00,4.150,-,0.000
2024-02-19T03:15:00,4.152,-,0.000
2024-02-19T03:00:00,4.155,-,0.000
2024-02-19T02:45:00,4.157,-,0.000
2024-02-19T02:30:00,4.159,-,0.000
2024-02-19T02:15:00,4.162,-,0.000
2024-02-19T02:00:00,4.164,-,0.000
2024-02-19T01:45:00,4.167,-,0.000
2024-02-19T01:30:00,4.169,-,0.000
2024-02-19T01:15:00,4.171,-,0.000
2024-02-19T01:00:00,4.173,-,0.000
2024-02-19T00:45:00,4.176,-,0.000
2024-02-19T00:30:00,4.178,-,0.000
2024-02-19T00:15:00,4.181,-,0.000
2024-02-19T00:00:00,4.183,-,0.000
2024-03-03T23:45:00,4.208,-,0.000
2024-03-03T23:30:00,4.210,-,0.000
2024-03-03T23:15:00,4.211,-,0.000
2024-03-03T23:00:00,4.213,-,0.000
2024-03-03T22:45:00,4.215,-,0.000
2024-03-03T22:30:00,4.216,-,0.000
2024-03-03T22:15:00,4.218,-,0.000
2024-03-03T22:00:00,4.219,-,0.000
2024-03-03T21:45:00,4.221,-,0.000
2024-03-03T21:30:00,4.222,-,0.000
2024-03-03T21:15:00,4.223,-,0.000
2024-03-03T21:00:00,4.224,-,0.000
2024-03-03T20:45:00,4.224,-,0.000
2024-03-03T20:30:00,4.225,-,0.000
2024-03-03T20:15:00,4.225,-,0.000
2024-03-03T20:00:00,4.225,-,0.000
2024-03-03T19:45:00,4.225,-,0.000
2024-03-03T19:30:00,4.226,-,0.000
2024-03-03T19:15:00,4.227,-,0.000
2024-03-03T19:00:00,4.226,-,0.000
2024-03-03T18:45:00,4.226,-,0.000
2024-03-03T18:30:00,4.226,-,0.000
2024-03-03T18:15:00,4.226,-,0.000
2024-03-03T18:00:00,4.227,-,0.000
2024-03-03T17:45:00,4.227,-,0.000
2024-03-03T17:30:00,4.228,-,0.000
2024-03-03T17:15:00,4.230,-,0.000
2024-03-03T17:00:00,4.229,-,0.000
2024-03-03T16:45:00,4.228,-,0.000
2024-03-03T16:30:00,4.225,-,0.000
2024-03-03T16:15:00,4.229,-,0.000
2024-03-03T16:00:00,4.232,-,0.000
2024-03-03T15:45:00,4.236,-,0.000
2024-03-03T15:30:00,4.239,-,0.000
2024-03-03T15:15:00,4.242,-,0.000
2024-03-03T15:00:00,4.245,-,0.000
2024-03-03T14:45:00,4.253,-,0.000
2024-03-03T14:30:00,4.255,-,0.000
2024-03-03T14:15:00,4.264,-,0.000
2024-03-03T14:00:00,4.264,-,0.000
2024-03-03T13:45:00,4.266,-,0.000
2024-03-03T13:30:00,4.265,-,0.000
2024-03-03T13:15:00,4.266,-,0.000
2024-03-03T13:00:00,4.267,-,0.000
2024-03-03T12:45:00,4.269,-,0.000
2024-03-03T12:30:00,4.269,-,0.000
2024-03-03T12:15:00,4.270,-,0.000
2024-03-03T12:00:00,4.270,-,0.000
2024-03-03T11:45:00,4.271,-,0.000
2024-03-03T11:30:00,4.272,-,0.000
2024-03-03T11:15:00,4.272,-,0.000
2024-03-03T11:00:00,4.273,-,0.000
2024-03-03T10:45:00,4.272,-,0.000
2024-03-03T10:30:00,4.272,-,0.000
2024-03-03T10:15:00,4.271,-,0.000
2024-03-03T10:00:00,4.271,-,0.000
2024-03-03T09:45:00,4.270,-,0.500
2024-03-03T09:30:00,4.269,-,0.000
2024-03-03T09:15:00,4.270,-,0.000
2024-03-03T09:00:00,4.268,-,0.000
2024-03-03T08:45:00,4.270,-,0.000
2024-03-03T08:30:00,4.273,-,0.000
2024-03-03T08:15:00,4.276,-,0.000
2024-03-03T08:00:00,4.279,-,0.000
2024-03-03T07:45:00,4.282,-,0.000
2024-03-03T07:30:00,4.286,-,0.000
2024-03-03T07:15:00,4.288,-,0.000
2024-03-03T07:00:00,4.291,-,0.000
2024-03-03T06:45:00,4.295,-,0.000
2024-03-03T06:30:00,4.298,-,0.000
2024-03-03T06:15:00,4.301,-,0.000
2024-03-03T06:00:00,4.305,-,0.000
2024-03-03T05:45:00,4.308,-,0.000
2024-03-03T05:30:00,4.311,-,0.000
2024-03-03T05:15:00,4.315,-,0.000
2024-03-03T05:00:00,4.318,-,0.000
2024-03-03T04:45:00,4.320,-,0.000
2024-03-03T04:30:00,4.328,-,0.000
2024-03-03T04:15:00,4.330,-,0.000
2024-03-03T04:00:00,4.333,-,0.000
2024-03-03T03:45:00,4.342,-,0.000
2024-03-03T03:30:00,4.343,-,0.000
2024-03-03T03:15:00,4.343,-,0.000
2024-03-03T03:00:00,4.345,-,0.000
2024-03-03T02:45:00,4.346,-,0.000
2024-03-03T02:30:00,4.348,-,0.000
2024-03-03T02:15:00,4.349,-,0.000
2024-03-03T02:00:00,4.350,-,0.000
2024-03-03T01:45:00,4.351,-,0.000
2024-03-03T01:30:00,4.353,-,0.000
2024-03-03T01:15:00,4.355,-,0.000
2024-03-03T01:00:00,4.357,-,0.000
2024-03-03T00:45:00,4.358,-,0.000
2024-03-03T00:30:00,4.359,-,0.000
2024-03-03T00:15:00,4.361,-,0.000
2024-03-03T00:00:00,4.363,-,0.000
2024-03-02T23:45:00,4.365,-,0.000
2024-03-02T23:30:00,4.367,-,0.000
2024-03-02T23:15:00,4.369,-,0.000
2024-03-02T23:00:00,4.371,-,0.000
2024-03-02T22:45:00,4.373,-,0.000
2024-03-02T22:30:00,4.375,-,0.000
2024-03-02T22:15:00,4.377,-,0.000
2024-03-02T22:00:00,4.378,-,0.000
2024-03-02T21:45:00,4.380,-,0.000
2024-03-02T21:30:00,4.381,-,0.000
2024-03-02T21:15:00,4.382,-,0.000
2024-03-02T21:00:00,4.384,-,0.000
2024-03-02T20:45:00,4.384,-,0.000
2024-03-02T20:30:00,4.385,-,0.000
2024-03-02T20:15:00,4.386,-,0.000
2024-03-02T20:00:00,4.386,-,0.000
2024-03-02T19:45:00,4.387,-,0.000
2024-03-02T19:30:00,4.387,-,0.000
2024-03-02T19:15:00,4.386,-,0.000
2024-03-02T19:00:00,4.388,-,0.000
2024-03-02T18:45:00,4.387,-,0.000
2024-03-02T18:30:00,4.388,-,0.000
2024-03-02T18:15:00,4.387,-,0.000
2024-03-02T18:00:00,4.392,-,0.000
2024-03-02T17:45:00,4.395,-,0.500
2024-03-02T17:30:00,4.387,-,0.000
2024-03-02T17:15:00,4.393,-,0.000
2024-03-02T17:00:00,4.390,-,0.000
2024-03-02T16:45:00,4.388,-,0.000
2024-03-02T16:30:00,4.386,-,0.000
2024-03-02T16:15:00,4.384,-,0.000
2024-03-02T16:00:00,4.382,-,0.000
2024-03-02T15:45:00,4.381,-,0.000
2024-03-02T15:30:00,4.379,-,0.000
2024-03-02T15:15:00,4.377,-,0.000
2024-03-02T15:00:00,4.376,-,0.000
2024-03-02T14:45:00,4.373,-,0.000
2024-03-02T14:30:00,4.371,-,0.000
2024-03-02T14:15:00,4.370,-,0.000
2024-03-02T14:00:00,4.368,-,0.000
2024-03-02T13:45:00,4.367,-,0.000
2024-03-02T13:30:00,4.364,-,0.000
2024-03-02T13:15:00,4.362,-,0.000
2024-03-02T13:00:00,4.361,-,0.000
2024-03-02T12:45:00,4.359,-,0.000
2024-03-02T12:30:00,4.358,-,0.000
2024-03-02T12:15:00,4.356,-,0.000
2024-03-02T12:00:00,4.354,-,0.000
2024-03-02T11:45:00,4.353,-,0.000
2024-03-02T11:30:00,4.351,-,0.000
2024-03-02T11:15:00,4.350,-,0.000
2024-03-02T11:00:00,4.348,-,0.000
2024-03-02T10:45:00,4.347,-,0.000
2024-03-02T10:30:00,4.345,-,0.000
2024-03-02T10:15:00,4.345,-,0.000
2024-03-02T10:00:00,4.345,-,0.000
2024-03-02T09:45:00,4.344,-,0.000
2024-03-02T09:30:00,4.343,-,0.000
2024-03-02T09:15:00,4.343,-,0.000
2024-03-02T09:00:00,4.344,-,0.000
2024-03-02T08:45:00,4.344,-,0.000
2024-03-02T08:30:00,4.345,-,0.000
2024-03-02T08:15:00,4.345,-,0.000
2024-03-02T08:00:00,4.345,-,0.000
2024-03-02T07:45:00,4.346,-,0.000
2024-03-02T07:30:00,4.346,-,0.000
2024-03-02T07:15:00,4.347,-,0.000
2024-03-02T07:00:00,4.348,-,0.000
2024-03-02T06:45:00,4.348,-,0.000
2024-03-02T06:30:00,4.349,-,0.000
2024-03-02T06:15:00,4.349,-,0.000
2024-03-02T06:00:00,4.349,-,0.000
2024-03-02T05:45:00,4.351,-,0.000
2024-03-02T05:30:00,4.351,-,0.000
2024-03-02T05:15:00,4.354,-,0.000
2024-03-02T05:00:00,4.353,-,0.000
2024-03-02T04:45:00,4.352,-,0.000
2024-03-02T04:30:00,4.351,-,0.000
2024-03-02T04:15:00,4.350,-,0.000
2024-03-02T04:00:00,4.349,-,0.000
2024-03-02T03:45:00,4.349,-,0.000
2024-03-02T03:30:00,4.348,-,0.000
2024-03-02T03:15:00,4.347,-,0.000
2024-03-02T03:00:00,4.346,-,0.000
2024-03-02T02:45:00,4.346,-,0.000
2024-03-02T02:30:00,4.345,-,0.000
2024-03-02T02:15:00,4.344,-,0.000
2024-03-02T02:00:00,4.343,-,0.000
2024-03-02T01:45:00,4.343,-,0.000
2024-03-02T01:30:00,4.342,-,0.000
2024-03-02T01:15:00,4.341,-,0.000
2024-03-02T01:00:00,4.340,-,0.000
2024-03-02T00:45:00,4.340,-,0.000
2024-03-02T00:30:00,4.339,-,0.000
2024-03-02T00:15:00,4.339,-,0.000
2024-03-02T00:00:00,4.338,-,0.000
2024-03-01T23:45:00,4.338,-,0.000
2024-03-01T23:30:00,4.337,-,0.000
2024-03-01T23:15:00,4.336,-,0.000
2024-03-01T23:00:00,4.335,-,0.000
2024-03-01T22:45:00,4.335,-,0.000
2024-03-01T22:30:00,4.334,-,0.000
2024-03-01T22:15:00,4.333,-,0.000
2024-03-01T22:00:00,4.332,-,0.000
2024-03-01T21:45:00,4.332,-,0.000
2024-03-01T21:30:00,4.330,-,0.000
2024-03-01T21:15:00,4.329,-,0.000
2024-03-01T21:00:00,4.328,-,0.000
2024-03-01T20:45:00,4.325,-,0.000
2024-03-01T20:30:00,4.324,-,0.000
2024-03-01T20:15:00,4.322,-,0.000
2024-03-01T20:00:00,4.320,-,0.000
2024-03-01T19:45:00,4.318,-,0.000
2024-03-01T19:30:00,4.316,-,0.000
2024-03-01T19:15:00,4.314,-,0.000
2024-03-01T19:00:00,4.312,-,0.000
2024-03-01T18:45:00,4.310,-,0.000
2024-03-01T18:30:00,4.308,-,0.000
2024-03-01T18:15:00,4.306,-,0.000
2024-03-01T18:00:00,4.305,-,0.000
2024-03-01T17:45:00,4.302,-,0.000
2024-03-01T17:30:00,4.301,-,0.000
2024-03-01T17:15:00,4.300,-,0.000
2024-03-01T17:00:00,4.297,-,0.000
2024-03-01T16:45:00,4.294,-,0.000
2024-03-01T16:30:00,4.292,-,0.000
2024-03-01T16:15:00,4.289,-,0.000
2024-03-01T16:00:00,4.286,-,0.000
2024-03-01T15:45:00,4.283,-,0.000
2024-03-01T15:30:00,4.278,-,0.000
2024-03-01T15:15:00,4.271,-,0.000
2024-03-01T15:00:00,4.273,-,0.000
2024-03-01T14:45:00,4.275,-,0.000
2024-03-01T14:30:00,4.265,-,0.000
2024-03-01T14:15:00,4.274,-,0.000
2024-03-01T14:00:00,4.262,-,0.000
2024-03-01T13:45:00,4.252,-,0.000
2024-03-01T13:30:00,4.242,-,0.000
2024-03-01T13:15:00,4.231,-,0.000
2024-03-01T13:00:00,4.221,-,0.000
2024-03-01T12:45:00,4.211,-,0.000
2024-03-01T12:30:00,4.199,-,0.000
2024-03-01T12:15:00,4.190,-,0.000
2024-03-01T12:00:00,4.180,-,0.000
2024-03-01T11:45:00,4.171,-,0.000
2024-03-01T11:30:00,4.163,-,0.000
2024-03-01T11:15:00,4.152,-,0.000
2024-03-01T11:00:00,4.144,-,0.000
2024-03-01T10:45:00,4.134,-,0.000
2024-03-01T10:30:00,4.124,-,0.000
2024-03-01T10:15:00,4.114,-,0.000
2024-03-01T10:00:00,4.104,-,0.000
2024-03-01T09:45:00,4.095,-,0.000
2024-03-01T09:30:00,4.085,-,0.000
2024-03-01T09:15:00,4.075,-,0.000
2024-03-01T09:00:00,4.066,-,0.000
2024-03-01T08:45:00,4.056,-,0.000
2024-03-01T08:30:00,4.047,-,0.000
2024-03-01T08:15:00,4.037,-,0.000
2024-03-01T08:00:00,4.027,-,0.000
2024-03-01T07:45:00,4.017,-,0.000
2024-03-01T07:30:00,4.007,-,0.000
2024-03-01T07:15:00,3.997,-,0.000
2024-03-01T07:00:00,3.986,-,0.000
2024-03-01T06:45:00,3.975,-,0.000
2024-03-01T06:30:00,3.965,-,0.000
2024-03-01T06:15:00,3.954,-,0.000
2024-03-01T06:00:00,3.944,-,0.000
2024-03-01T05:45:00,3.934,-,0.000
2024-03-01T05:30:00,3.924,-,0.000
2024-03-01T05:15:00,3.913,-,0.000
2024-03-01T05:00:00,3.902,-,0.000
2024-03-01T04:45:00,3.892,-,0.000
2024-03-01T04:30:00,3.881,-,0.000
2024-03-01T04:15:00,3.870,-,0.000
2024-03-01T04:00:00,3.860,-,0.000
2024-03-01T03:45:00,3.849,-,0.000
2024-03-01T03:30:00,3.838,-,0.000
2024-03-01T03:15:00,3.826,-,0.000
2024-03-01T03:00:00,3.815,-,0.000
2024-03-01T02:45:00,3.805,-,0.000
2024-03-01T02:30:00,3.793,-,0.000
2024-03-01T02:15:00,3.783,-,0.000
2024-03-01T02:00:00,3.773,-,0.000
2024-03-01T01:45:00,3.762,-,0.000
2024-03-01T01:30:00,3.751,-,0.000
2024-03-01T01:15:00,3.740,-,0.000
2024-03-01T01:00:00,3.730,-,0.000
2024-03-01T00:45:00,3.719,-,0.000
2024-03-01T00:30:00,3.708,-,0.000
2024-03-01T00:15:00,3.698,-,0.000
2024-03-01T00:00:00,3.691,-,0.000
2024-02-29T23:45:00,3.685,-,0.000
2024-02-29T23:30:00,3.679,-,0.000
2024-02-29T23:15:00,3.676,-,0.000
2024-02-29T23:00:00,3.675,-,0.000
2024-02-29T22:45:00,3.675,-,0.000
2024-02-29T22:30:00,3.675,-,0.000
2024-02-29T22:15:00,3.675,-,0.000
2024-02-29T22:00:00,3.676,-,0.000
2024-02-29T21:45:00,3.676,-,0.000
2024-02-29T21:30:00,3.677,-,0.000
2024-02-29T21:15:00,3.677,-,0.000
2024-02-29T21:00:00,3.677,-,0.000
2024-02-29T20:45:00,3.677,-,0.000
2024-02-29T20:30:00,3.677,-,0.000
2024-02-29T20:15:00,3.678,-,0.000
2024-02-29T20:00:00,3.678,-,0.000
2024-02-29T19:45:00,3.679,-,0.000
2024-02-29T19:30:00,3.679,-,0.000
2024-02-29T19:15:00,3.680,-,0.000
2024-02-29T19:00:00,3.679,-,0.000
2024-02-29T18:45:00,3.680,-,0.000
2024-02-29T18:30:00,3.680,-,0.000
2024-02-29T18:15:00,3.679,-,0.000
2024-02-29T18:00:00,3.679,-,0.000
2024-02-29T17:45:00,3.679,-,0.000
2024-02-29T17:30:00,3.681,-,0.000
2024-02-29T17:15:00,3.682,-,0.000
2024-02-29T17:00:00,3.682,-,0.000
2024-02-29T16:45:00,3.682,-,0.000
2024-02-29T16:30:00,3.683,-,0.000
2024-02-29T16:15:00,3.683,-,0.000
2024-02-29T16:00:00,3.683,-,0.000
2024-02-29T15:45:00,3.684,-,0.000
2024-02-29T15:30:00,3.685,-,0.000
2024-02-29T15:15:00,3.684,-,0.000
2024-02-29T15:00:00,3.685,-,0.000
2024-02-29T14:45:00,3.684,-,0.000
2024-02-29T14:30:00,3.686,-,0.000
2024-02-29T14:15:00,3.685,-,0.000
2024-02-29T14:00:00,3.685,-,0.000
2024-02-29T13:45:00,3.687,-,0.000
2024-02-29T13:30:00,3.688,-,0.000
2024-02-29T13:15:00,3.688,-,0.000
2024-02-29T13:00:00,3.687,-,0.000
2024-02-29T12:45:00,3.687,-,0.000
2024-02-29T12:30:00,3.688,-,0.000
2024-02-29T12:15:00,3.687,-,0.000
2024-02-29T12:00:00,3.689,-,0.000
2024-02-29T11:45:00,3.688,-,0.000
2024-02-29T11:30:00,3.688,-,0.000
2024-02-29T11:15:00,3.690,-,0.000
2024-02-29T11:00:00,3.689,-,0.000
2024-02-29T10:45:00,3.690,-,0.000
2024-02-29T10:30:00,3.690,-,0.000
2024-02-29T10:15:00,3.690,-,0.000
2024-02-29T10:00:00,3.691,-,0.000
2024-02-29T09:45:00,3.691,-,0.000
2024-02-29T09:30:00,3.691,-,0.000
2024-02-29T09:15:00,3.691,-,0.000
2024-02-29T09:00:00,3.692,-,0.000
2024-02-29T08:45:00,3.692,-,0.000
2024-02-29T08:30:00,3.692,-,0.000
2024-02-29T08:15:00,3.692,-,0.000
2024-02-29T08:00:00,3.692,-,0.000
2024-02-29T07:45:00,3.693,-,0.000
2024-02-29T07:30:00,3.693,-,0.000
2024-02-29T07:15:00,3.693,-,0.000
2024-02-29T07:00:00,3.693,-,0.000
2024-02-29T06:45:00,3.693,-,0.000
2024-02-29T06:30:00,3.693,-,0.000
2024-02-29T06:15:00,3.694,-,0.000
2024-02-29T06:00:00,3.694,-,0.000
2024-02-29T05:45:00,3.694,-,0.000
2024-02-29T05:30:00,3.694,-,0.000
2024-02-29T05:15:00,3.695,-,0.000
2024-02-29T05:00:00,3.695,-,0.000
2024-02-29T04:45:00,3.695,-,0.000
2024-02-29T04:30:00,3.695,-,0.000
2024-02-29T04:15:00,3.695,-,0.000
2024-02-29T04:00:00,3.696,-,0.000
2024-02-29T03:45:00,3.696,-,0.000
2024-02-29T03:30:00,3.696,-,0.000
2024-02-29T03:15:00,3.696,-,0.000
2024-02-29T03:00:00,3.697,-,0.000
2024-02-29T02:45:00,3.697,-,0.000
2024-02-29T02:30:00,3.697,-,0.000
2024-02-29T02:15:00,3.697,-,0.000
2024-02-29T02:00:00,3.697,-,0.000
2024-02-29T01:45:00,3.697,-,0.000
2024-02-29T01:30:00,3.697,-,0.000
2024-02-29T01:15:00,3.697,-,0.000
2024-02-29T01:00:00,3.697,-,0.000
2024-02-29T00:45:00,3.698,-,0.000
2024-02-29T00:30:00,3.698,-,0.000
2024-02-29T00:15:00,3.698,-,0.000
2024-02-29T00:00:00,3.698,-,0.000
2024-02-28T23:45:00,3.699,-,0.000
2024-02-28T23:30:00,3.699,-,0.000
2024-02-28T23:15:00,3.699,-,0.000
2024-02-28T23:00:00,3.699,-,0.000
2024-02-28T22:45:00,3.699,-,0.000
2024-02-28T22:30:00,3.699,-,0.000
2024-02-28T22:15:00,3.700,-,0.000
2024-02-28T22:00:00,3.700,-,0.000
2024-02-28T21:45:00,3.700,-,0.000
2024-02-28T21:30:00,3.701,-,0.000
2024-02-28T21:15:00,3.701,-,0.000
2024-02-28T21:00:00,3.701,-,0.000
2024-02-28T20:45:00,3.700,-,0.000
2024-02-28T20:30:00,3.700,-,0.000
2024-02-28T20:15:00,3.699,-,0.000
2024-02-28T20:00:00,3.700,-,0.000
2024-02-28T19:45:00,3.703,-,0.000
2024-02-28T19:30:00,3.703,-,0.000
2024-02-28T19:15:00,3.701,-,0.000
2024-02-28T19:00:00,3.701,-,0.000
2024-02-28T18:45:00,3.703,-,0.000
2024-02-28T18:30:00,3.701,-,0.000
2024-02-28T18:15:00,3.703,-,0.000
2024-02-28T18:00:00,3.700,-,0.000
2024-02-28T17:45:00,3.700,-,0.000
2024-02-28T17:30:00,3.700,-,0.000
2024-02-28T17:15:00,3.703,-,0.000
2024-02-28T17:00:00,3.701,-,0.000
2024-02-28T16:45:00,3.701,-,0.000
2024-02-28T16:30:00,3.701,-,0.000
2024-02-28T16:15:00,3.701,-,0.000
2024-02-28T16:00:00,3.702,-,0.000
2024-02-28T15:45:00,3.701,-,0.000
2024-02-28T15:30:00,3.701,-,0.000
2024-02-28T15:15:00,3.701,-,0.000
2024-02-28T15:00:00,3.702,-,0.000
2024-02-28T14:45:00,3.701,-,0.000
2024-02-28T14:30:00,3.701,-,0.000
2024-02-28T14:15:00,3.702,-,0.000
2024-02-28T14:00:00,3.701,-,0.000
2024-02-28T13:45:00,3.701,-,0.000
2024-02-28T13:30:00,3.701,-,0.000
2024-02-28T13:15:00,3.702,-,0.000
2024-02-28T13:00:00,3.702,-,0.000
2024-02-28T12:45:00,3.704,-,0.000
2024-02-28T12:30:00,3.703,-,0.000
2024-02-28T12:15:00,3.702,-,0.000
2024-02-28T12:00:00,3.702,-,0.000
2024-02-28T11:45:00,3.702,-,0.000
2024-02-28T11:30:00,3.702,-,0.000
2024-02-28T11:15:00,3.702,-,0.000
2024-02-28T11:00:00,3.703,-,0.000
2024-02-28T10:45:00,3.703,-,0.000
2024-02-28T10:30:00,3.703,-,0.000
2024-02-28T10:15:00,3.703,-,0.000
2024-02-28T10:00:00,3.703,-,0.000
2024-02-28T09:45:00,3.703,-,0.000
2024-02-28T09:30:00,3.703,-,0.000
2024-02-28T09:15:00,3.703,-,0.000
2024-02-28T09:00:00,3.703,-,0.000
2024-02-28T08:45:00,3.703,-,0.000
2024-02-28T08:30:00,3.703,-,0.000
2024-02-28T08:15:00,3.702,-,0.000
2024-02-28T08:00:00,3.703,-,0.000
2024-02-28T07:45:00,3.703,-,0.000
2024-02-28T07:30:00,3.703,-,0.000
2024-02-28T07:15:00,3.702,-,0.000
2024-02-28T07:00:00,3.702,-,0.000
2024-02-28T06:45:00,3.702,-,0.000
2024-02-28T06:30:00,3.702,-,0.000
2024-02-28T06:15:00,3.702,-,0.000
2024-02-28T06:00:00,3.703,-,0.000
2024-02-28T05:45:00,3.702,-,0.000
2024-02-28T05:30:00,3.702,-,0.000
2024-02-28T05:15:00,3.702,-,0.000
2024-02-28T05:00:00,3.702,-,0.000
2024-02-28T04:45:00,3.701,-,0.000
2024-02-28T04:30:00,3.702,-,0.000
2024-02-28T04:15:00,3.701,-,0.000
2024-02-28T04:00:00,3.701,-,0.000
2024-02-28T03:45:00,3.701,-,0.000
2024-02-28T03:30:00,3.701,-,0.000
2024-02-28T03:15:00,3.701,-,0.000
2024-02-28T03:00:00,3.700,-,0.000
2024-02-28T02:45:00,3.700,-,0.000
2024-02-28T02:30:00,3.701,-,0.000
2024-02-28T02:15:00,3.701,-,0.000
2024-02-28T02:00:00,3.700,-,0.000
2024-02-28T01:45:00,3.700,-,0.000
2024-02-28T01:30:00,3.700,-,0.000
2024-02-28T01:15:00,3.700,-,0.000
2024-02-28T01:00:00,3.699,-,0.000
2024-02-28T00:45:00,3.699,-,0.000
2024-02-28T00:30:00,3.699,-,0.000
2024-02-28T00:15:00,3.698,-,0.000
2024-02-28T00:00:00,3.699,-,0.000
2024-02-27T23:45:00,3.699,-,0.000
2024-02-27T23:30:00,3.698,-,0.000
2024-02-27T23:15:00,3.698,-,0.000
2024-02-27T23:00:00,3.698,-,0.000
2024-02-27T22:45:00,3.698,-,0.000
2024-02-27T22:30:00,3.697,-,0.000
2024-02-27T22:15:00,3.697,-,0.000
2024-02-27T22:00:00,3.697,-,0.000
2024-02-27T21:45:00,3.697,-,0.000
2024-02-27T21:30:00,3.697,-,0.000
2024-02-27T21:15:00,3.697,-,0.000
2024-02-27T21:00:00,3.697,-,0.000
2024-02-27T20:45:00,3.696,-,0.000
2024-02-27T20:30:00,3.695,-,0.000
2024-02-27T20:15:00,3.695,-,0.000
2024-02-27T20:00:00,3.695,-,0.000
2024-02-27T19:45:00,3.694,-,0.000
2024-02-27T19:30:00,3.694,-,0.000
2024-02-27T19:15:00,3.695,-,0.000
2024-02-27T19:00:00,3.695,-,0.000
2024-02-27T18:45:00,3.695,-,0.000
2024-02-27T18:30:00,3.695,-,0.000
2024-02-27T18:15:00,3.694,-,0.000
2024-02-27T18:00:00,3.693,-,0.000
2024-02-27T17:45:00,3.694,-,0.000
2024-02-27T17:30:00,3.694,-,0.000
2024-02-27T17:15:00,3.694,-,0.000
2024-02-27T17:00:00,3.694,-,0.000
2024-02-27T16:45:00,3.695,-,0.000
2024-02-27T16:30:00,3.696,-,0.000
2024-02-27T16:15:00,3.695,-,0.000
2024-02-27T16:00:00,3.695,-,0.000
2024-02-27T15:45:00,3.696,-,0.000
2024-02-27T15:30:00,3.697,-,0.000
2024-02-27T15:15:00,3.697,-,0.000
2024-02-27T15:00:00,3.696,-,0.000
2024-02-27T14:45:00,3.696,-,0.000
2024-02-27T14:30:00,3.696,-,0.000
2024-02-27T14:15:00,3.697,-,0.000
2024-02-27T14:00:00,3.697,-,0.000
2024-02-27T13:45:00,3.699,-,0.000
2024-02-27T13:30:00,3.697,-,0.000
2024-02-27T13:15:00,3.698,-,0.000
2024-02-27T13:00:00,3.697,-,0.000
2024-02-27T12:45:00,3.697,-,0.000
2024-02-27T12:30:00,3.697,-,0.000
2024-02-27T12:15:00,3.696,-,0.000
2024-02-27T12:00:00,3.697,-,0.000
2024-02-27T11:45:00,3.696,-,0.000
2024-02-27T11:30:00,3.695,-,0.000
2024-02-27T11:15:00,3.695,-,0.000
2024-02-27T11:00:00,3.696,-,0.000
2024-02-27T10:45:00,3.695,-,0.000
2024-02-27T10:30:00,3.695,-,0.000
2024-02-27T10:15:00,3.695,-,0.000
2024-02-27T10:00:00,3.694,-,0.000
2024-02-27T09:45:00,3.693,-,0.000
2024-02-27T09:30:00,3.693,-,0.000
2024-02-27T09:15:00,3.696,-,0.000
2024-02-27T09:00:00,3.695,-,0.000
2024-02-27T08:45:00,3.689,-,0.000
2024-02-27T08:30:00,3.690,-,0.000
2024-02-27T08:15:00,3.693,-,0.000
2024-02-27T08:00:00,3.694,-,0.000
2024-02-27T07:45:00,3.695,-,0.000
2024-02-27T07:30:00,3.698,-,0.000
2024-02-27T07:15:00,3.700,-,0.000
2024-02-27T07:00:00,3.699,-,0.000
2024-02-27T06:45:00,3.706,-,0.000
2024-02-27T06:30:00,3.713,-,0.000
2024-02-27T06:15:00,3.721,-,0.000
2024-02-27T06:00:00,3.730,-,0.000
2024-02-27T05:45:00,3.739,-,0.000
2024-02-27T05:30:00,3.743,-,0.000
2024-02-27T05:15:00,3.748,-,0.000
2024-02-27T05:00:00,3.759,-,0.000
2024-02-27T04:45:00,3.768,-,0.000
2024-02-27T04:30:00,3.778,-,0.000
2024-02-27T04:15:00,3.788,-,0.000
2024-02-27T04:00:00,3.799,-,0.000
2024-02-27T03:45:00,3.809,-,0.000
2024-02-27T03:30:00,3.819,-,0.000
2024-02-27T03:15:00,3.829,-,0.000
2024-02-27T03:00:00,3.839,-,0.000
2024-02-27T02:45:00,3.850,-,0.000
2024-02-27T02:30:00,3.861,-,0.000
2024-02-27T02:15:00,3.872,-,0.000
2024-02-27T02:00:00,3.882,-,0.000
2024-02-27T01:45:00,3.892,-,0.000
2024-02-27T01:30:00,3.903,-,0.000
2024-02-27T01:15:00,3.914,-,0.000
2024-02-27T01:00:00,3.924,-,0.000
2024-02-27T00:45:00,3.934,-,0.000
2024-02-27T00:30:00,3.944,-,0.000
2024-02-27T00:15:00,3.955,-,0.000
2024-02-27T00:00:00,3.965,-,0.000
2024-02-26T23:45:00,3.975,-,0.000
2024-02-26T23:30:00,3.985,-,0.000
2024-02-26T23:15:00,3.995,-,0.000
2024-02-26T23:00:00,4.005,-,0.000
2024-02-26T22:45:00,4.013,-,0.000
2024-02-26T22:30:00,4.021,-,0.000
2024-02-26T22:15:00,4.029,-,0.000
2024-02-26T22:00:00,4.035,-,0.000
2024-02-26T21:45:00,4.041,-,0.000
2024-02-26T21:30:00,4.046,-,0.000
2024-02-26T21:15:00,4.050,-,0.000
2024-02-26T21:00:00,4.053,-,0.000
2024-02-26T20:45:00,4.056,-,0.000
2024-02-26T20:30:00,4.059,-,0.000
2024-02-26T20:15:00,4.061,-,0.000
2024-02-26T20:00:00,4.063,-,0.000
2024-02-26T19:45:00,4.065,-,0.000
2024-02-26T19:30:00,4.066,-,0.000
2024-02-26T19:15:00,4.069,-,0.000
2024-02-26T19:00:00,4.071,-,0.000
2024-02-26T18:45:00,4.072,-,0.000
2024-02-26T18:30:00,4.075,-,0.000
2024-02-26T18:15:00,4.077,-,0.000
2024-02-26T18:00:00,4.079,-,0.000
2024-02-26T17:45:00,4.080,-,0.000
2024-02-26T17:30:00,4.081,-,0.000
2024-02-26T17:15:00,4.082,-,0.000
2024-02-26T17:00:00,4.084,-,0.000
2024-02-26T16:45:00,4.085,-,0.000
2024-02-26T16:30:00,4.087,-,0.000
2024-02-26T16:15:00,4.088,-,0.000
2024-02-26T16:00:00,4.089,-,0.000
2024-02-26T15:45:00,4.091,-,0.000
2024-02-26T15:30:00,4.092,-,0.000
2024-02-26T15:15:00,4.093,-,0.000
2024-02-26T15:00:00,4.094,-,0.000
2024-02-26T14:45:00,4.096,-,0.000
2024-02-26T14:30:00,4.097,-,0.000
2024-02-26T14:15:00,4.099,-,0.000
2024-02-26T14:00:00,4.100,-,0.000
2024-02-26T13:45:00,4.101,-,0.000
2024-02-26T13:30:00,4.101,-,0.000
2024-02-26T13:15:00,4.103,-,0.000
2024-02-26T13:00:00,4.105,-,0.000
2024-02-26T12:45:00,4.106,-,0.000
2024-02-26T12:30:00,4.107,-,0.000
2024-02-26T12:15:00,4.108,-,0.000
2024-02-26T12:00:00,4.111,-,0.000
2024-02-26T11:45:00,4.113,-,0.000
2024-02-26T11:30:00,4.114,-,0.000
2024-02-26T11:15:00,4.116,-,0.000
2024-02-26T11:00:00,4.118,-,0.000
2024-02-26T10:45:00,4.121,-,0.000
2024-02-26T10:30:00,4.123,-,0.000
2024-02-26T10:15:00,4.125,-,0.000
2024-02-26T10:00:00,4.127,-,0.000
2024-02-26T09:45:00,4.129,-,0.000
2024-02-26T09:30:00,4.133,-,0.000
2024-02-26T09:15:00,4.137,-,0.000
2024-02-26T09:00:00,4.138,-,0.000
2024-02-26T08:45:00,4.140,-,0.000
2024-02-26T08:30:00,4.146,-,0.000
2024-02-26T08:15:00,4.143,-,0.000
2024-02-26T08:00:00,4.150,-,0.000
2024-02-26T07:45:00,4.159,-,0.000
2024-02-26T07:30:00,4.169,-,0.000
2024-02-26T07:15:00,4.184,-,0.000
2024-02-26T07:00:00,4.191,-,0.000
2024-02-26T06:45:00,4.190,-,0.000
2024-02-26T06:30:00,4.190,-,0.000
2024-02-26T06:15:00,4.188,-,0.000
2024-02-26T06:00:00,4.181,-,0.000
2024-02-26T05:45:00,4.187,-,0.000
2024-02-26T05:30:00,4.247,-,0.000
2024-02-26T05:15:00,4.256,-,0.000
2024-02-26T05:00:00,4.247,-,0.000
2024-02-26T04:45:00,4.235,-,0.000
2024-02-26T04:30:00,4.234,-,0.000
2024-02-26T04:15:00,4.214,-,0.000
2024-02-26T04:00:00,4.216,-,0.000
2024-02-26T03:45:00,4.218,-,0.000
2024-02-26T03:30:00,4.220,-,0.000
2024-02-26T03:15:00,4.221,-,0.000
2024-02-26T03:00:00,4.223,-,0.000
2024-02-26T02:45:00,4.225,-,0.000
2024-02-26T02:30:00,4.227,-,0.000
2024-02-26T02:15:00,4.230,-,0.000
2024-02-26T02:00:00,4.232,-,0.000
2024-02-26T01:45:00,4.234,-,0.000
2024-02-26T01:30:00,4.236,-,0.000
2024-02-26T01:15:00,4.238,-,0.000
2024-02-26T01:00:00,4.240,-,0.000
2024-02-26T00:45:00,4.243,-,0.000
2024-02-26T00:30:00,4.245,-,0.000
2024-02-26T00:15:00,4.247,-,0.000
2024-02-26T00:00:00,4.249,-,0.000
2024-03-08T01:45:00,3.661,-,0.000
2024-03-08T01:30:00,3.650,-,0.000
2024-03-08T01:15:00,3.639,-,0.000
2024-03-08T01:00:00,3.628,-,0.000
2024-03-08T00:45:00,3.618,-,0.000
2024-03-08T00:30:00,3.607,-,0.000
2024-03-08T00:15:00,3.597,-,0.000
2024-03-08T00:00:00,3.587,-,0.000
2024-03-07T23:45:00,3.576,-,0.000
2024-03-07T23:30:00,3.567,-,0.000
2024-03-07T23:15:00,3.558,-,0.000
2024-03-07T23:00:00,3.552,-,0.000
2024-03-07T22:45:00,3.545,-,0.000
2024-03-07T22:30:00,3.540,-,0.000
2024-03-07T22:15:00,3.538,-,0.000
2024-03-07T22:00:00,3.538,-,0.000
2024-03-07T21:45:00,3.539,-,0.000
2024-03-07T21:30:00,3.539,-,0.000
2024-03-07T21:15:00,3.540,-,0.000
2024-03-07T21:00:00,3.541,-,0.000
2024-03-07T20:45:00,3.543,-,0.000
2024-03-07T20:30:00,3.543,-,0.000
2024-03-07T20:15:00,3.544,-,0.000
2024-03-07T20:00:00,3.544,-,0.000
2024-03-07T19:45:00,3.545,-,0.000
2024-03-07T19:30:00,3.546,-,0.000
2024-03-07T19:15:00,3.547,-,0.000
2024-03-07T19:00:00,3.548,-,0.000
2024-03-07T18:45:00,3.549,-,0.000
2024-03-07T18:30:00,3.550,-,0.000
2024-03-07T18:15:00,3.551,-,0.000
2024-03-07T18:00:00,3.552,-,0.000
2024-03-07T17:45:00,3.553,-,0.000
2024-03-07T17:30:00,3.554,-,0.000
2024-03-07T17:15:00,3.552,-,0.000
2024-03-07T17:00:00,3.556,-,0.000
2024-03-07T16:45:00,3.559,-,0.000
2024-03-07T16:30:00,3.559,-,0.000
2024-03-07T16:15:00,3.559,-,0.000
2024-03-07T16:00:00,3.561,-,0.000
2024-03-07T15:45:00,3.561,-,0.000
2024-03-07T15:30:00,3.561,-,0.000
2024-03-07T15:15:00,3.563,-,0.000
2024-03-07T15:00:00,3.563,-,0.000
2024-03-07T14:45:00,3.565,-,0.000
2024-03-07T14:30:00,3.564,-,0.000
2024-03-07T14:15:00,3.566,-,0.000
2024-03-07T14:00:00,3.567,-,0.000
2024-03-07T13:45:00,3.568,-,0.000
2024-03-07T13:30:00,3.569,-,0.000
2024-03-07T13:15:00,3.570,-,0.000
2024-03-07T13:00:00,3.570,-,0.000
2024-03-07T12:45:00,3.570,-,0.000
2024-03-07T12:30:00,3.571,-,0.000
2024-03-07T12:15:00,3.572,-,0.000
2024-03-07T12:00:00,3.574,-,0.000
2024-03-07T11:45:00,3.574,-,0.000
2024-03-07T11:30:00,3.575,-,0.000
2024-03-07T11:15:00,3.577,-,0.000
2024-03-07T11:00:00,3.576,-,0.000
2024-03-07T10:45:00,3.578,-,0.000
2024-03-07T10:30:00,3.579,-,0.000
2024-03-07T10:15:00,3.579,-,0.000
2024-03-07T10:00:00,3.579,-,0.000
2024-03-07T09:45:00,3.580,-,0.000
2024-03-07T09:30:00,3.581,-,0.000
2024-03-07T09:15:00,3.582,-,0.000
2024-03-07T09:00:00,3.583,-,0.000
2024-03-07T08:45:00,3.584,-,0.000
2024-03-07T08:30:00,3.585,-,0.000
2024-03-07T08:15:00,3.585,-,0.000
2024-03-07T08:00:00,3.586,-,0.000
2024-03-07T07:45:00,3.587,-,0.000
2024-03-07T07:30:00,3.588,-,0.000
2024-03-07T07:15:00,3.589,-,0.000
2024-03-07T07:00:00,3.589,-,0.000
2024-03-07T06:45:00,3.590,-,0.000
2024-03-07T06:30:00,3.591,-,0.000
2024-03-07T06:15:00,3.592,-,0.000
2024-03-07T06:00:00,3.593,-,0.000
2024-03-07T05:45:00,3.594,-,0.000
2024-03-07T05:30:00,3.594,-,0.000
2024-03-07T05:15:00,3.595,-,0.000
2024-03-07T05:00:00,3.596,-,0.000
2024-03-07T04:45:00,3.596,-,0.000
2024-03-07T04:30:00,3.596,-,0.000
2024-03-07T04:15:00,3.598,-,0.000
2024-03-07T04:00:00,3.598,-,0.000
2024-03-07T03:45:00,3.599,-,0.000
2024-03-07T03:30:00,3.600,-,0.000
2024-03-07T03:15:00,3.601,-,0.000
2024-03-07T03:00:00,3.601,-,0.000
2024-03-07T02:45:00,3.603,-,0.000
2024-03-07T02:30:00,3.603,-,0.000
2024-03-07T02:15:00,3.604,-,0.000
2024-03-07T02:00:00,3.604,-,0.000
2024-03-07T01:45:00,3.606,-,0.000
2024-03-07T01:30:00,3.606,-,0.000
2024-03-07T01:15:00,3.607,-,0.000
2024-03-07T01:00:00,3.608,-,0.000
2024-03-07T00:45:00,3.608,-,0.000
2024-03-07T00:30:00,3.610,-,0.000
2024-03-07T00:15:00,3.611,-,0.000
2024-03-07T00:00:00,3.611,-,0.000
2024-03-06T23:45:00,3.612,-,0.000
2024-03-06T23:30:00,3.612,-,0.000
2024-03-06T23:15:00,3.613,-,0.000
2024-03-06T23:00:00,3.614,-,0.000
2024-03-06T22:45:00,3.615,-,0.000
2024-03-06T22:30:00,3.616,-,0.000
2024-03-06T22:15:00,3.617,-,0.000
2024-03-06T22:00:00,3.618,-,0.000
2024-03-06T21:45:00,3.619,-,0.000
2024-03-06T21:30:00,3.619,-,0.000
2024-03-06T21:15:00,3.620,-,0.000
2024-03-06T21:00:00,3.621,-,0.000
2024-03-06T20:45:00,3.622,-,0.000
2024-03-06T20:30:00,3.623,-,0.000
2024-03-06T20:15:00,3.624,-,0.000
2024-03-06T20:00:00,3.624,-,0.000
2024-03-06T19:45:00,3.625,-,0.000
2024-03-06T19:30:00,3.627,-,0.000
2024-03-06T19:15:00,3.628,-,0.000
2024-03-06T19:00:00,3.629,-,0.000
2024-03-06T18:45:00,3.629,-,0.000
2024-03-06T18:30:00,3.630,-,0.000
2024-03-06T18:15:00,3.631,-,0.000
2024-03-06T18:00:00,3.632,-,0.000
2024-03-06T17:45:00,3.632,-,0.000
2024-03-06T17:30:00,3.633,-,0.000
2024-03-06T17:15:00,3.634,-,0.000
2024-03-06T17:00:00,3.636,-,0.000
2024-03-06T16:45:00,3.636,-,0.000
2024-03-06T16:30:00,3.636,-,0.000
2024-03-06T16:15:00,3.637,-,0.000
2024-03-06T16:00:00,3.639,-,0.000
2024-03-06T15:45:00,3.641,-,0.000
2024-03-06T15:30:00,3.641,-,0.000
2024-03-06T15:15:00,3.641,-,0.000
2024-03-06T15:00:00,3.643,-,0.000
2024-03-06T14:45:00,3.643,-,0.000
2024-03-06T14:30:00,3.645,-,0.000
2024-03-06T14:15:00,3.647,-,0.000
2024-03-06T14:00:00,3.646,-,0.000
2024-03-06T13:45:00,3.647,-,0.000
2024-03-06T13:30:00,3.647,-,0.000
2024-03-06T13:15:00,3.649,-,0.000
2024-03-06T13:00:00,3.649,-,0.000
2024-03-06T12:45:00,3.650,-,0.000
2024-03-06T12:30:00,3.652,-,0.000
2024-03-06T12:15:00,3.651,-,0.000
2024-03-06T12:00:00,3.653,-,0.000
2024-03-06T11:45:00,3.654,-,0.000
2024-03-06T11:30:00,3.654,-,0.000
2024-03-06T11:15:00,3.656,-,0.000
2024-03-06T11:00:00,3.656,-,0.000
2024-03-06T10:45:00,3.656,-,0.000
2024-03-06T10:30:00,3.657,-,0.000
2024-03-06T10:15:00,3.658,-,0.000
2024-03-06T10:00:00,3.659,-,0.000
2024-03-06T09:45:00,3.660,-,0.000
2024-03-06T09:30:00,3.661,-,0.000
2024-03-06T09:15:00,3.661,-,0.000
2024-03-06T09:00:00,3.662,-,0.000
2024-03-06T08:45:00,3.662,-,0.000
2024-03-06T08:30:00,3.664,-,0.000
2024-03-06T08:15:00,3.665,-,0.000
2024-03-06T08:00:00,3.666,-,0.000
2024-03-06T07:45:00,3.667,-,0.000
2024-03-06T07:30:00,3.667,-,0.000
2024-03-06T07:15:00,3.668,-,0.000
2024-03-06T07:00:00,3.668,-,0.000
2024-03-06T06:45:00,3.670,-,0.000
2024-03-06T06:30:00,3.670,-,0.000
2024-03-06T06:15:00,3.670,-,0.000
2024-03-06T06:00:00,3.671,-,0.000
2024-03-06T05:45:00,3.672,-,0.000
2024-03-06T05:30:00,3.673,-,0.000
2024-03-06T05:15:00,3.674,-,0.000
2024-03-06T05:00:00,3.674,-,0.000
2024-03-06T04:45:00,3.675,-,0.000
2024-03-06T04:30:00,3.675,-,0.000
2024-03-06T04:15:00,3.676,-,0.000
2024-03-06T04:00:00,3.677,-,0.000
2024-03-06T03:45:00,3.677,-,0.000
2024-03-06T03:30:00,3.678,-,0.000
2024-03-06T03:15:00,3.678,-,0.000
2024-03-06T03:00:00,3.679,-,0.000
2024-03-06T02:45:00,3.680,-,0.000
2024-03-06T02:30:00,3.680,-,0.000
2024-03-06T02:15:00,3.681,-,0.000
2024-03-06T02:00:00,3.681,-,0.000
2024-03-06T01:45:00,3.682,-,0.000
2024-03-06T01:30:00,3.682,-,0.000
2024-03-06T01:15:00,3.683,-,0.000
2024-03-06T01:00:00,3.684,-,0.000
2024-03-06T00:45:00,3.685,-,0.000
2024-03-06T00:30:00,3.685,-,0.000
2024-03-06T00:15:00,3.686,-,0.000
2024-03-06T00:00:00,3.686,-,0.000
2024-03-05T23:45:00,3.687,-,0.000
2024-03-05T23:30:00,3.688,-,0.000
2024-03-05T23:15:00,3.688,-,0.000
2024-03-05T23:00:00,3.689,-,0.000
2024-03-05T22:45:00,3.690,-,0.000
2024-03-05T22:30:00,3.690,-,0.000
2024-03-05T22:15:00,3.691,-,0.000
2024-03-05T22:00:00,3.691,-,0.000
2024-03-05T21:45:00,3.692,-,0.000
2024-03-05T21:30:00,3.693,-,0.000
2024-03-05T21:15:00,3.694,-,0.000
2024-03-05T21:00:00,3.694,-,0.000
2024-03-05T20:45:00,3.694,-,0.000
2024-03-05T20:30:00,3.696,-,0.000
2024-03-05T20:15:00,3.696,-,0.000
2024-03-05T20:00:00,3.697,-,0.000
2024-03-05T19:45:00,3.698,-,0.000
2024-03-05T19:30:00,3.698,-,0.000
2024-03-05T19:15:00,3.699,-,0.000
2024-03-05T19:00:00,3.700,-,0.000
2024-03-05T18:45:00,3.701,-,0.000
2024-03-05T18:30:00,3.701,-,0.000
2024-03-05T18:15:00,3.701,-,0.000
2024-03-05T18:00:00,3.702,-,0.000
2024-03-05T17:45:00,3.703,-,0.000
2024-03-05T17:30:00,3.704,-,0.000
2024-03-05T17:15:00,3.704,-,0.000
2024-03-05T17:00:00,3.705,-,0.000
2024-03-05T16:45:00,3.705,-,0.000
2024-03-05T16:30:00,3.707,-,0.000
2024-03-05T16:15:00,3.707,-,0.000
2024-03-05T16:00:00,3.708,-,0.000
2024-03-05T15:45:00,3.709,-,0.000
2024-03-05T15:30:00,3.711,-,0.000
2024-03-05T15:15:00,3.711,-,0.000
2024-03-05T15:00:00,3.712,-,0.000
2024-03-05T14:45:00,3.711,-,0.000
2024-03-05T14:30:00,3.712,-,0.000
2024-03-05T14:15:00,3.715,-,0.000
2024-03-05T14:00:00,3.711,-,0.000
2024-03-05T13:45:00,3.715,-,0.000
2024-03-05T13:30:00,3.713,-,0.000
2024-03-05T13:15:00,3.715,-,0.000
2024-03-05T13:00:00,3.712,-,0.000
2024-03-05T12:45:00,3.716,-,0.000
2024-03-05T12:30:00,3.715,-,0.000
2024-03-05T12:15:00,3.714,-,0.000
2024-03-05T12:00:00,3.717,-,0.000
2024-03-05T11:45:00,3.717,-,0.000
2024-03-05T11:30:00,3.718,-,0.000
2024-03-05T11:15:00,3.719,-,0.000
2024-03-05T11:00:00,3.719,-,0.000
2024-03-05T10:45:00,3.719,-,0.000
2024-03-05T10:30:00,3.718,-,0.000
2024-03-05T10:15:00,3.719,-,0.000
2024-03-05T10:00:00,3.720,-,0.000
2024-03-05T09:45:00,3.719,-,0.000
2024-03-05T09:30:00,3.718,-,0.000
2024-03-05T09:15:00,3.719,-,0.000
2024-03-05T09:00:00,3.720,-,0.000
2024-03-05T08:45:00,3.724,-,0.000
2024-03-05T08:30:00,3.719,-,0.000
2024-03-05T08:15:00,3.717,-,0.000
2024-03-05T08:00:00,3.719,-,0.000
2024-03-05T07:45:00,3.720,-,0.000
2024-03-05T07:30:00,3.723,-,0.000
2024-03-05T07:15:00,3.726,-,0.000
2024-03-05T07:00:00,3.729,-,0.000
2024-03-05T06:45:00,3.730,-,0.000
2024-03-05T06:30:00,3.732,-,0.000
2024-03-05T06:15:00,3.737,-,0.000
2024-03-05T06:00:00,3.746,-,0.000
2024-03-05T05:45:00,3.753,-,0.000
2024-03-05T05:30:00,3.749,-,0.000
2024-03-05T05:15:00,3.752,-,0.000
2024-03-05T05:00:00,3.762,-,0.000
2024-03-05T04:45:00,3.772,-,0.000
2024-03-05T04:30:00,3.782,-,0.000
2024-03-05T04:15:00,3.792,-,0.000
2024-03-05T04:00:00,3.803,-,0.000
2024-03-05T03:45:00,3.812,-,0.000
2024-03-05T03:30:00,3.822,-,0.000
2024-03-05T03:15:00,3.833,-,0.000
2024-03-05T03:00:00,3.844,-,0.000
2024-03-05T02:45:00,3.855,-,0.000
2024-03-05T02:30:00,3.865,-,0.000
2024-03-05T02:15:00,3.875,-,0.000
2024-03-05T02:00:00,3.886,-,0.000
2024-03-05T01:45:00,3.896,-,0.000
2024-03-05T01:30:00,3.906,-,0.000
2024-03-05T01:15:00,3.918,-,0.000
2024-03-05T01:00:00,3.927,-,0.000
2024-03-05T00:45:00,3.938,-,0.000
2024-03-05T00:30:00,3.948,-,0.000
2024-03-05T00:15:00,3.959,-,0.000
2024-03-05T00:00:00,3.969,-,0.000
2024-03-04T23:45:00,3.979,-,0.000
2024-03-04T23:30:00,3.989,-,0.000
2024-03-04T23:15:00,3.999,-,0.000
2024-03-04T23:00:00,4.009,-,0.000
2024-03-04T22:45:00,4.017,-,0.000
2024-03-04T22:30:00,4.025,-,0.000
2024-03-04T22:15:00,4.033,-,0.000
2024-03-04T22:00:00,4.040,-,0.000
2024-03-04T21:45:00,4.046,-,0.000
2024-03-04T21:30:00,4.051,-,0.000
2024-03-04T21:15:00,4.056,-,0.000
2024-03-04T21:00:00,4.059,-,0.000
2024-03-04T20:45:00,4.062,-,0.000
2024-03-04T20:30:00,4.065,-,0.000
2024-03-04T20:15:00,4.067,-,0.000
2024-03-04T20:00:00,4.068,-,0.000
2024-03-04T19:45:00,4.069,-,0.000
2024-03-04T19:30:00,4.072,-,0.000
2024-03-04T19:15:00,4.073,-,0.000
2024-03-04T19:00:00,4.073,-,0.000
2024-03-04T18:45:00,4.075,-,0.000
2024-03-04T18:30:00,4.078,-,0.000
2024-03-04T18:15:00,4.079,-,0.000
2024-03-04T18:00:00,4.082,-,0.000
2024-03-04T17:45:00,4.083,-,0.000
2024-03-04T17:30:00,4.085,-,0.000
2024-03-04T17:15:00,4.085,-,0.000
2024-03-04T17:00:00,4.086,-,0.000
2024-03-04T16:45:00,4.088,-,0.000
2024-03-04T16:30:00,4.089,-,0.000
2024-03-04T16:15:00,4.089,-,0.000
2024-03-04T16:00:00,4.090,-,0.000
2024-03-04T15:45:00,4.091,-,0.000
2024-03-04T15:30:00,4.093,-,0.000
2024-03-04T15:15:00,4.094,-,0.000
2024-03-04T15:00:00,4.096,-,0.000
2024-03-04T14:45:00,4.095,-,0.000
2024-03-04T14:30:00,4.096,-,0.000
2024-03-04T14:15:00,4.097,-,0.000
2024-03-04T14:00:00,4.100,-,0.000
2024-03-04T13:45:00,4.098,-,0.000
2024-03-04T13:30:00,4.102,-,0.000
2024-03-04T13:15:00,4.102,-,0.000
2024-03-04T13:00:00,4.103,-,0.000
2024-03-04T12:45:00,4.107,-,0.000
2024-03-04T12:30:00,4.108,-,0.000
2024-03-04T12:15:00,4.108,-,0.000
2024-03-04T12:00:00,4.110,-,0.000
2024-03-04T11:45:00,4.112,-,0.000
2024-03-04T11:30:00,4.110,-,0.000
2024-03-04T11:15:00,4.115,-,0.000
2024-03-04T11:00:00,4.114,-,0.000
2024-03-04T10:45:00,4.120,-,0.000
2024-03-04T10:30:00,4.126,-,0.000
2024-03-04T10:15:00,4.134,-,0.000
2024-03-04T10:00:00,4.143,-,0.000
2024-03-04T09:45:00,4.148,-,0.000
2024-03-04T09:30:00,4.153,-,0.000
2024-03-04T09:15:00,4.161,-,0.000
2024-03-04T09:00:00,4.169,-,0.000
2024-03-04T08:45:00,4.174,-,0.000
2024-03-04T08:30:00,4.178,-,0.000
2024-03-04T08:15:00,4.185,-,0.000
2024-03-04T08:00:00,4.191,-,0.000
2024-03-04T07:45:00,4.202,-,0.000
2024-03-04T07:30:00,4.200,-,0.000
2024-03-04T07:15:00,4.197,-,0.000
2024-03-04T07:00:00,4.196,-,0.000
2024-03-04T06:45:00,4.194,-,0.000
2024-03-04T06:30:00,4.192,-,0.000
2024-03-04T06:15:00,4.189,-,0.000
2024-03-04T06:00:00,4.183,-,0.000
2024-03-04T05:45:00,4.183,-,0.000
2024-03-04T05:30:00,4.216,-,0.000
2024-03-04T05:15:00,4.231,-,0.000
2024-03-04T05:00:00,4.219,-,0.000
2024-03-04T04:45:00,4.214,-,0.000
2024-03-04T04:30:00,4.190,-,0.000
2024-03-04T04:15:00,4.190,-,0.000
2024-03-04T04:00:00,4.182,-,0.000
2024-03-04T03:45:00,4.184,-,0.000
2024-03-04T03:30:00,4.185,-,0.000
2024-03-04T03:15:00,4.186,-,0.000
2024-03-04T03:00:00,4.188,-,0.000
2024-03-04T02:45:00,4.189,-,0.000
2024-03-04T02:30:00,4.190,-,0.000
2024-03-04T02:15:00,4.192,-,0.000
2024-03-04T02:00:00,4.193,-,0.000
2024-03-04T01:45:00,4.195,-,0.000
2024-03-04T01:30:00,4.196,-,0.000
2024-03-04T01:15:00,4.198,-,0.000
2024-03-04T01:00:00,4.200,-,0.000
2024-03-04T00:45:00,4.202,-,0.000
2024-03-04T00:30:00,4.203,-,0.000
2024-03-04T00:15:00,4.205,-,0.000
2024-03-04T00:00:00,4.207,-,0.000
2024-03-31T23:45:00,4.070,-,0.000
2024-03-31T23:30:00,4.071,-,0.000
2024-03-31T23:15:00,4.073,-,0.000
2024-03-31T23:00:00,4.074,-,0.000
2024-03-31T22:45:00,4.075,-,0.000
2024-03-31T22:30:00,4.076,-,0.000
2024-03-31T22:15:00,4.077,-,0.000
2024-03-31T22:00:00,4.077,-,0.000
2024-03-31T21:45:00,4.077,-,0.000
2024-03-31T21:30:00,4.077,-,0.000
2024-03-31T21:15:00,4.076,-,0.000
2024-03-31T21:00:00,4.076,-,0.000
2024-03-31T20:45:00,4.075,-,0.000
2024-03-31T20:30:00,4.075,-,0.000
2024-03-31T20:15:00,4.074,-,0.000
2024-03-31T20:00:00,4.074,-,0.000
2024-03-31T19:45:00,4.073,-,0.000
2024-03-31T19:30:00,4.072,-,0.000
2024-03-31T19:15:00,4.071,-,0.000
2024-03-31T19:00:00,4.071,-,0.000
2024-03-31T18:45:00,4.071,-,0.000
2024-03-31T18:30:00,4.070,-,0.000
2024-03-31T18:15:00,4.066,-,0.000
2024-03-31T18:00:00,4.068,-,0.000
2024-03-31T17:45:00,4.063,-,0.000
2024-03-31T17:30:00,4.066,-,0.000
2024-03-31T17:15:00,4.069,-,0.000
2024-03-31T17:00:00,4.079,-,0.000
2024-03-31T16:45:00,4.079,-,0.000
2024-03-31T16:30:00,4.081,-,0.000
2024-03-31T16:15:00,4.084,-,0.000
2024-03-31T16:00:00,4.086,-,0.000
2024-03-31T15:45:00,4.092,-,0.000
2024-03-31T15:30:00,4.099,-,0.000
2024-03-31T15:15:00,4.101,-,0.000
2024-03-31T15:00:00,4.116,-,0.000
2024-03-31T14:45:00,4.113,-,0.000
2024-03-31T14:30:00,4.112,-,0.000
2024-03-31T14:15:00,4.111,-,0.000
2024-03-31T14:00:00,4.112,-,0.000
2024-03-31T13:45:00,4.113,-,0.000
2024-03-31T13:30:00,4.113,-,0.000
2024-03-31T13:15:00,4.113,-,0.000
2024-03-31T13:00:00,4.113,-,0.000
2024-03-31T12:45:00,4.113,-,0.000
2024-03-31T12:30:00,4.114,-,0.000
2024-03-31T12:15:00,4.115,-,0.000
2024-03-31T12:00:00,4.116,-,0.000
2024-03-31T11:45:00,4.116,-,0.000
2024-03-31T11:30:00,4.116,-,0.000
2024-03-31T11:15:00,4.117,-,0.000
2024-03-31T11:00:00,4.119,-,0.000
2024-03-31T10:45:00,4.120,-,0.000
2024-03-31T10:30:00,4.123,-,0.000
2024-03-31T10:15:00,4.125,-,0.000
2024-03-31T10:00:00,4.124,-,0.000
2024-03-31T09:45:00,4.132,-,0.000
2024-03-31T09:30:00,4.134,-,0.000
2024-03-31T09:15:00,4.137,-,0.000
2024-03-31T09:00:00,4.140,-,0.000
2024-03-31T08:45:00,4.143,-,0.000
2024-03-31T08:30:00,4.147,-,0.000
2024-03-31T08:15:00,4.149,-,0.000
2024-03-31T08:00:00,4.153,-,0.000
2024-03-31T07:45:00,4.156,-,0.000
2024-03-31T07:30:00,4.160,-,0.000
2024-03-31T07:15:00,4.163,-,0.000
2024-03-31T07:00:00,4.167,-,0.000
2024-03-31T06:45:00,4.171,-,0.000
2024-03-31T06:30:00,4.174,-,0.000
2024-03-31T06:15:00,4.179,-,0.000
2024-03-31T06:00:00,4.183,-,0.000
2024-03-31T05:45:00,4.185,-,0.000
2024-03-31T05:30:00,4.190,-,0.000
2024-03-31T05:15:00,4.199,-,0.000
2024-03-31T05:00:00,4.199,-,0.000
2024-03-31T04:45:00,4.211,-,0.000
2024-03-31T04:30:00,4.213,-,0.000
2024-03-31T04:15:00,4.215,-,0.000
2024-03-31T04:00:00,4.215,-,0.000
2024-03-31T03:45:00,4.216,-,0.000
2024-03-31T03:30:00,4.217,-,0.000
2024-03-31T03:15:00,4.218,-,0.000
2024-03-31T03:00:00,4.219,-,0.000
2024-03-31T02:45:00,4.219,-,0.000
2024-03-31T02:30:00,4.221,-,0.000
2024-03-31T02:15:00,4.221,-,0.000
2024-03-31T02:00:00,4.222,-,0.000
2024-03-31T01:45:00,4.223,-,0.000
2024-03-31T01:30:00,4.224,-,0.000
2024-03-31T01:15:00,4.225,-,0.000
2024-03-31T01:00:00,4.226,-,0.000
2024-03-31T00:45:00,4.227,-,0.000
2024-03-31T00:30:00,4.227,-,0.000
2024-03-31T00:15:00,4.228,-,0.000
2024-03-31T00:00:00,4.230,-,0.000
2024-03-30T23:45:00,4.231,-,0.000
2024-03-30T23:30:00,4.232,-,0.000
2024-03-30T23:15:00,4.233,-,0.000
2024-03-30T23:00:00,4.234,-,0.000
2024-03-30T22:45:00,4.234,-,0.000
2024-03-30T22:30:00,4.236,-,0.000
2024-03-30T22:15:00,4.236,-,0.000
2024-03-30T22:00:00,4.237,-,0.000
2024-03-30T21:45:00,4.236,-,0.000
2024-03-30T21:30:00,4.236,-,0.000
2024-03-30T21:15:00,4.237,-,0.000
2024-03-30T21:00:00,4.236,-,0.000
2024-03-30T20:45:00,4.236,-,0.000
2024-03-30T20:30:00,4.235,-,0.000
2024-03-30T20:15:00,4.236,-,0.000
2024-03-30T20:00:00,4.235,-,0.000
2024-03-30T19:45:00,4.235,-,0.000
2024-03-30T19:30:00,4.235,-,0.000
2024-03-30T19:15:00,4.234,-,0.000
2024-03-30T19:00:00,4.235,-,0.000
2024-03-30T18:45:00,4.236,-,0.000
2024-03-30T18:30:00,4.236,-,0.000
2024-03-30T18:15:00,4.240,-,0.000
2024-03-30T18:00:00,4.238,-,0.000
2024-03-30T17:45:00,4.234,-,0.000
2024-03-30T17:30:00,4.233,-,0.000
2024-03-30T17:15:00,4.231,-,0.000
2024-03-30T17:00:00,4.227,-,0.000
2024-03-30T16:45:00,4.225,-,0.000
2024-03-30T16:30:00,4.224,-,0.000
2024-03-30T16:15:00,4.221,-,0.000
2024-03-30T16:00:00,4.217,-,0.000
2024-03-30T15:45:00,4.216,-,0.000
2024-03-30T15:30:00,4.215,-,0.000
2024-03-30T15:15:00,4.212,-,0.000
2024-03-30T15:00:00,4.209,-,0.000
2024-03-30T14:45:00,4.209,-,0.000
2024-03-30T14:30:00,4.205,-,0.000
2024-03-30T14:15:00,4.202,-,0.000
2024-03-30T14:00:00,4.200,-,0.000
2024-03-30T13:45:00,4.197,-,0.000
2024-03-30T13:30:00,4.195,-,0.000
2024-03-30T13:15:00,4.193,-,0.000
2024-03-30T13:00:00,4.190,-,0.000
2024-03-30T12:45:00,4.188,-,0.000
2024-03-30T08:30:00,4.165,-,0.000
2024-03-30T08:15:00,4.165,-,0.000
2024-03-30T08:00:00,4.165,-,0.000
2024-03-30T07:45:00,4.164,-,0.000
2024-03-30T07:30:00,4.164,-,0.000
2024-03-30T07:15:00,4.164,-,0.000
2024-03-30T07:00:00,4.164,-,0.000
2024-03-30T06:45:00,4.163,-,0.000
2024-03-30T06:30:00,4.163,-,0.000
2024-03-30T06:15:00,4.163,-,0.000
2024-03-30T06:00:00,4.163,-,0.000
2024-03-30T05:45:00,4.162,-,0.000
2024-03-30T05:30:00,4.162,-,0.000
2024-03-30T05:15:00,4.163,-,0.000
2024-03-30T05:00:00,4.161,-,0.000
2024-03-30T04:45:00,4.163,-,0.000
2024-03-30T04:30:00,4.162,-,0.000
2024-03-30T04:15:00,4.162,-,0.000
2024-03-30T04:00:00,4.161,-,0.000
2024-03-30T03:45:00,4.160,-,0.000
2024-03-30T03:30:00,4.160,-,0.000
2024-03-30T03:15:00,4.159,-,0.000
2024-03-30T03:00:00,4.159,-,0.000
2024-03-30T02:45:00,4.159,-,0.000
2024-03-30T02:30:00,4.159,-,0.000
2024-03-30T02:15:00,4.159,-,0.000
2024-03-30T02:00:00,4.160,-,0.000
2024-03-30T01:45:00,4.162,-,0.000
2024-03-30T01:30:00,4.165,-,0.000
2024-03-30T01:15:00,4.168,-,0.000
2024-03-30T01:00:00,4.171,-,0.000
2024-03-30T00:45:00,4.175,-,0.000
2024-03-30T00:30:00,4.181,-,0.000
2024-03-30T00:15:00,4.186,-,0.000
2024-03-30T00:00:00,4.190,-,0.000
2024-03-29T23:45:00,4.193,-,0.000
2024-03-29T23:30:00,4.196,-,0.000
2024-03-29T23:15:00,4.197,-,0.000
2024-03-29T23:00:00,4.198,-,0.000
2024-03-29T22:45:00,4.198,-,0.000
2024-03-29T22:30:00,4.198,-,0.000
2024-03-29T22:15:00,4.197,-,0.000
2024-03-29T22:00:00,4.197,-,0.000
2024-03-29T21:45:00,4.198,-,0.000
2024-03-29T21:30:00,4.195,-,0.000
2024-03-29T21:15:00,4.196,-,0.000
2024-03-29T21:00:00,4.195,-,0.000
2024-03-29T20:45:00,4.192,-,0.000
2024-03-29T20:30:00,4.190,-,0.000
2024-03-29T20:15:00,4.187,-,0.000
2024-03-29T20:00:00,4.185,-,0.000
2024-03-29T19:45:00,4.182,-,0.000
2024-03-29T19:30:00,4.180,-,0.000
2024-03-29T19:15:00,4.177,-,0.000
2024-03-29T19:00:00,4.175,-,0.000
2024-03-29T18:45:00,4.172,-,0.000
2024-03-29T18:30:00,4.170,-,0.000
2024-03-29T18:15:00,4.168,-,0.000
2024-03-29T18:00:00,4.166,-,0.000
2024-03-29T17:45:00,4.164,-,0.000
2024-03-29T17:30:00,4.162,-,0.000
2024-03-29T17:15:00,4.161,-,0.000
2024-03-29T17:00:00,4.158,-,0.000
2024-03-29T16:45:00,4.157,-,0.000
2024-03-29T16:30:00,4.155,-,0.000
2024-03-29T16:15:00,4.153,-,0.000
2024-03-29T16:00:00,4.150,-,0.000
2024-03-29T15:45:00,4.149,-,0.000
2024-03-29T15:30:00,4.147,-,0.000
2024-03-29T15:15:00,4.144,-,0.000
2024-03-29T15:00:00,4.143,-,0.000
2024-03-29T14:45:00,4.144,-,0.000
2024-03-29T14:30:00,4.135,-,0.000
2024-03-29T14:15:00,4.138,-,0.000
2024-03-29T14:00:00,4.136,-,0.000
2024-03-29T13:45:00,4.133,-,0.000
2024-03-29T13:30:00,4.133,-,0.000
2024-03-29T08:00:00,3.988,-,0.000
2024-03-29T07:45:00,3.978,-,0.000
2024-03-29T07:30:00,3.969,-,0.000
2024-03-29T07:15:00,3.959,-,0.000
2024-03-29T07:00:00,3.949,-,0.000
2024-03-29T06:45:00,3.939,-,0.000
2024-03-29T06:30:00,3.929,-,0.000
2024-03-29T06:15:00,3.919,-,0.000
2024-03-29T06:00:00,3.910,-,0.000
2024-03-29T05:45:00,3.900,-,0.000
2024-03-29T05:30:00,3.889,-,0.000
2024-03-29T05:15:00,3.880,-,0.000
2024-03-29T05:00:00,3.870,-,0.000
2024-03-29T04:45:00,3.859,-,0.000
2024-03-29T04:30:00,3.850,-,0.000
2024-03-29T04:15:00,3.839,-,0.000
2024-03-29T04:00:00,3.829,-,0.000
2024-03-29T03:45:00,3.819,-,0.000
2024-03-29T03:30:00,3.808,-,0.000
2024-03-29T03:15:00,3.798,-,0.000
2024-03-29T03:00:00,3.788,-,0.000
2024-03-29T02:45:00,3.778,-,0.000
2024-03-29T02:30:00,3.767,-,0.000
2024-03-29T02:15:00,3.758,-,0.000
2024-03-29T02:00:00,3.747,-,0.000
2024-03-29T01:45:00,3.736,-,0.000
2024-03-29T01:30:00,3.725,-,0.000
2024-03-29T01:15:00,3.715,-,0.000
2024-03-29T01:00:00,3.705,-,0.000
2024-03-29T00:45:00,3.694,-,0.000
2024-03-29T00:30:00,3.681,-,0.000
2024-03-29T00:15:00,3.672,-,0.000
2024-03-29T00:00:00,3.664,-,0.000
2024-03-28T23:45:00,3.658,-,0.000
2024-03-28T23:30:00,3.651,-,0.000
2024-03-28T23:15:00,3.648,-,0.000
2024-03-28T23:00:00,3.647,-,0.000
2024-03-28T22:45:00,3.648,-,0.000
2024-03-28T22:30:00,3.649,-,0.000
2024-03-28T22:15:00,3.650,-,0.000
2024-03-28T22:00:00,3.652,-,0.000
2024-03-28T21:45:00,3.652,-,0.000
2024-03-28T21:30:00,3.654,-,0.000
2024-03-28T21:15:00,3.654,-,0.000
2024-03-28T21:00:00,3.655,-,0.000
2024-03-28T20:45:00,3.656,-,0.000
2024-03-28T20:30:00,3.657,-,0.000
2024-03-28T20:15:00,3.658,-,0.000
2024-03-28T20:00:00,3.659,-,0.000
2024-03-28T19:45:00,3.660,-,0.000
2024-03-28T19:30:00,3.662,-,0.000
2024-03-28T19:15:00,3.662,-,0.000
2024-03-28T19:00:00,3.663,-,0.000
2024-03-28T18:45:00,3.663,-,0.000
2024-03-28T18:30:00,3.664,-,0.000
2024-03-28T18:15:00,3.665,-,0.000
2024-03-28T18:00:00,3.666,-,0.000
2024-03-28T17:45:00,3.668,-,0.000
2024-03-28T17:30:00,3.669,-,0.000
2024-03-28T17:15:00,3.670,-,0.000
2024-03-28T17:00:00,3.671,-,0.000
2024-03-28T16:45:00,3.672,-,0.000
2024-03-28T16:30:00,3.673,-,0.000
2024-03-28T16:15:00,3.674,-,0.000
2024-03-28T16:00:00,3.675,-,0.000
2024-03-28T15:45:00,3.676,-,0.000
2024-03-28T15:30:00,3.677,-,0.000
2024-03-28T08:00:00,3.699,-,0.000
2024-03-28T07:45:00,3.700,-,0.000
2024-03-28T07:30:00,3.700,-,0.000
2024-03-28T07:15:00,3.701,-,0.000
2024-03-28T07:00:00,3.701,-,0.000
2024-03-28T06:45:00,3.702,-,0.000
2024-03-28T06:30:00,3.703,-,0.000
2024-03-28T06:15:00,3.703,-,0.000
2024-03-28T06:00:00,3.704,-,0.000
2024-03-28T05:45:00,3.705,-,0.000
2024-03-28T05:30:00,3.705,-,0.000
2024-03-28T05:15:00,3.706,-,0.000
2024-03-28T05:00:00,3.706,-,0.000
2024-03-28T04:45:00,3.707,-,0.000
2024-03-28T04:30:00,3.708,-,0.000
2024-03-28T04:15:00,3.708,-,0.000
2024-03-28T04:00:00,3.709,-,0.000
2024-03-28T03:45:00,3.709,-,0.000
2024-03-28T03:30:00,3.710,-,0.000
2024-03-28T03:15:00,3.710,-,0.000
2024-03-28T03:00:00,3.711,-,0.000
2024-03-28T02:45:00,3.711,-,0.000
2024-03-28T02:30:00,3.712,-,0.000
2024-03-28T02:15:00,3.712,-,0.000
2024-03-28T02:00:00,3.713,-,0.000
2024-03-28T01:45:00,3.713,-,0.000
2024-03-28T01:30:00,3.713,-,0.000
2024-03-28T01:15:00,3.714,-,0.000
2024-03-28T01:00:00,3.715,-,0.000
2024-03-28T00:45:00,3.716,-,0.000
2024-03-28T00:30:00,3.717,-,0.000
2024-03-28T00:15:00,3.717,-,0.000
2024-03-28T00:00:00,3.717,-,0.000
2024-03-27T23:45:00,3.718,-,0.000
2024-03-27T23:30:00,3.718,-,0.000
2024-03-27T23:15:00,3.718,-,0.000
2024-03-27T23:00:00,3.719,-,0.000
2024-03-27T22:45:00,3.719,-,0.000
2024-03-27T22:30:00,3.720,-,0.000
2024-03-27T22:15:00,3.721,-,0.000
2024-03-27T22:00:00,3.721,-,0.000
2024-03-27T21:45:00,3.722,-,0.000
2024-03-27T21:30:00,3.723,-,0.000
2024-03-27T21:15:00,3.722,-,0.000
2024-03-27T21:00:00,3.723,-,0.000
2024-03-27T20:45:00,3.723,-,0.000
2024-03-27T20:30:00,3.724,-,0.000
2024-03-27T20:15:00,3.724,-,0.000
2024-03-27T20:00:00,3.726,-,0.000
2024-03-27T19:45:00,3.726,-,0.000
2024-03-27T19:30:00,3.726,-,0.000
2024-03-27T19:15:00,3.727,-,0.000
2024-03-27T19:00:00,3.727,-,0.000
2024-03-27T18:45:00,3.727,-,0.000
2024-03-27T18:30:00,3.728,-,0.000
2024-03-27T18:15:00,3.728,-,0.000
2024-03-27T18:00:00,3.728,-,0.000
2024-03-27T17:45:00,3.729,-,0.000
2024-03-27T17:30:00,3.730,-,0.000
2024-03-27T17:15:00,3.731,-,0.000
2024-03-27T17:00:00,3.732,-,0.000
2024-03-27T12:15:00,3.750,-,0.000
2024-03-27T12:00:00,3.750,-,0.000
2024-03-27T11:45:00,3.752,-,0.000
2024-03-27T11:30:00,3.753,-,0.000
2024-03-27T11:15:00,3.753,-,0.000
2024-03-27T11:00:00,3.754,-,0.000
2024-03-27T10:45:00,3.757,-,0.000
2024-03-27T09:45:00,3.758,-,0.000
2024-03-27T09:30:00,3.758,-,0.000
2024-03-27T09:15:00,3.759,-,0.000
2024-03-27T09:00:00,3.760,-,0.000
2024-03-27T08:45:00,3.761,-,0.000
2024-03-27T08:30:00,3.761,-,0.000
2024-03-27T08:15:00,3.764,-,0.000
2024-03-27T08:00:00,3.764,-,0.000
2024-03-27T07:45:00,3.763,-,0.000
2024-03-27T07:30:00,3.766,-,0.000
2024-03-27T07:15:00,3.766,-,0.000
2024-03-27T07:00:00,3.770,-,0.000
2024-03-27T06:45:00,3.766,-,0.000
2024-03-27T06:30:00,3.765,-,0.000
2024-03-27T06:15:00,3.768,-,0.000
2024-03-27T06:00:00,3.768,-,0.000
2024-03-27T05:45:00,3.769,-,0.000
2024-03-27T05:30:00,3.770,-,0.000
2024-03-27T05:15:00,3.771,-,0.000
2024-03-27T05:00:00,3.772,-,0.000
2024-03-27T04:45:00,3.773,-,0.000
2024-03-27T04:30:00,3.774,-,0.000
2024-03-27T04:15:00,3.775,-,0.000
2024-03-27T04:00:00,3.776,-,0.000
2024-03-27T03:45:00,3.777,-,0.000
2024-03-27T03:30:00,3.778,-,0.000
2024-03-27T03:15:00,3.778,-,0.000
2024-03-27T03:00:00,3.779,-,0.000
2024-03-27T02:45:00,3.780,-,0.000
2024-03-27T02:30:00,3.782,-,0.000
2024-03-27T02:15:00,3.781,-,0.000
2024-03-27T02:00:00,3.783,-,0.000
2024-03-27T01:45:00,3.784,-,0.000
2024-03-27T01:30:00,3.785,-,0.000
2024-03-27T01:15:00,3.786,-,0.000
2024-03-27T01:00:00,3.787,-,0.000
2024-03-27T00:45:00,3.787,-,0.000
2024-03-27T00:30:00,3.788,-,0.000
2024-03-27T00:15:00,3.789,-,0.000
2024-03-27T00:00:00,3.790,-,0.000
2024-03-26T23:45:00,3.791,-,0.000
2024-03-26T23:30:00,3.792,-,0.000
2024-03-26T23:15:00,3.792,-,0.000
2024-03-26T23:00:00,3.793,-,0.000
2024-03-26T22:45:00,3.794,-,0.000
2024-03-26T22:30:00,3.796,-,0.000
2024-03-26T22:15:00,3.796,-,0.000
2024-03-26T22:00:00,3.798,-,0.000
2024-03-26T21:45:00,3.798,-,0.000
2024-03-26T21:30:00,3.797,-,0.000
2024-03-26T21:15:00,3.799,-,0.000
2024-03-26T21:00:00,3.800,-,0.000
2024-03-26T20:45:00,3.803,-,0.000
2024-03-26T20:30:00,3.803,-,0.000
2024-03-26T20:15:00,3.803,-,0.000
2024-03-26T20:00:00,3.804,-,0.000
2024-03-26T19:45:00,3.805,-,0.000
2024-03-26T19:30:00,3.806,-,0.000
2024-03-26T19:15:00,3.806,-,0.000
2024-03-26T19:00:00,3.808,-,0.000
2024-03-26T18:45:00,3.808,-,0.000
2024-03-26T18:30:00,3.809,-,0.000
2024-03-26T18:15:00,3.807,-,0.000
2024-03-26T18:00:00,3.812,-,0.000
2024-03-26T17:45:00,3.811,-,0.000
2024-03-26T17:30:00,3.813,-,0.000
2024-03-26T17:15:00,3.814,-,0.000
2024-03-26T17:00:00,3.814,-,0.000
2024-03-26T16:45:00,3.815,-,0.000
2024-03-26T16:30:00,3.815,-,0.000
2024-03-26T16:15:00,3.816,-,0.000
2024-03-26T16:00:00,3.818,-,0.000
2024-03-26T15:45:00,3.818,-,0.000
2024-03-26T15:30:00,3.819,-,0.000
2024-03-26T15:15:00,3.819,-,0.000
2024-03-26T15:00:00,3.821,-,0.000
2024-03-26T14:45:00,3.821,-,0.000
2024-03-26T14:30:00,3.821,-,0.000
2024-03-26T14:15:00,3.822,-,0.000
2024-03-26T14:00:00,3.823,-,0.000
2024-03-26T13:45:00,3.823,-,0.000
2024-03-26T13:30:00,3.824,-,0.000
2024-03-26T13:15:00,3.825,-,0.000
2024-03-26T13:00:00,3.825,-,0.000
2024-03-26T12:45:00,3.825,-,0.000
2024-03-26T12:30:00,3.825,-,0.000
2024-03-26T12:15:00,3.827,-,0.000
2024-03-26T12:00:00,3.826,-,0.000
2024-03-26T11:45:00,3.826,-,0.000
2024-03-26T11:30:00,3.827,-,0.000
2024-03-26T11:15:00,3.829,-,0.000
2024-03-26T11:00:00,3.831,-,0.000
2024-03-26T10:45:00,3.830,-,0.000
2024-03-26T10:30:00,3.828,-,0.000
2024-03-26T10:15:00,3.828,-,0.000
2024-03-26T10:00:00,3.831,-,0.000
2024-03-26T09:45:00,3.829,-,0.000
2024-03-26T09:30:00,3.826,-,0.000
2024-03-26T09:15:00,3.826,-,0.000
2024-03-26T09:00:00,3.829,-,0.000
2024-03-26T08:45:00,3.836,-,0.000
2024-03-26T08:30:00,3.839,-,0.000
2024-03-26T08:15:00,3.828,-,0.000
2024-03-26T08:00:00,3.820,-,0.000
2024-03-26T07:45:00,3.829,-,0.000
2024-03-26T07:30:00,3.837,-,0.000
2024-03-26T07:15:00,3.846,-,0.000
2024-03-26T07:00:00,3.855,-,0.000
2024-03-26T06:45:00,3.863,-,0.000
2024-03-26T06:30:00,3.871,-,0.000
2024-03-26T06:15:00,3.880,-,0.000
2024-03-26T06:00:00,3.889,-,0.000
2024-03-26T05:45:00,3.899,-,0.000
2024-03-26T05:30:00,3.907,-,0.000
2024-03-26T05:15:00,3.915,-,0.000
2024-03-26T05:00:00,3.924,-,0.000
2024-03-26T04:45:00,3.933,-,0.000
2024-03-26T04:30:00,3.942,-,0.000
2024-03-26T04:15:00,3.951,-,0.000
2024-03-26T04:00:00,3.960,-,0.000
2024-03-26T03:45:00,3.969,-,0.000
2024-03-26T03:30:00,3.978,-,0.000
2024-03-26T03:15:00,3.987,-,0.000
2024-03-26T03:00:00,3.996,-,0.000
2024-03-26T02:45:00,4.005,-,0.000
2024-03-26T02:30:00,4.013,-,0.000
2024-03-26T02:15:00,4.023,-,0.000
2024-03-26T02:00:00,4.031,-,0.000
2024-03-26T01:45:00,4.039,-,0.000
2024-03-26T01:30:00,4.048,-,0.000
2024-03-26T01:15:00,4.056,-,0.000
2024-03-26T01:00:00,4.064,-,0.000
2024-03-26T00:45:00,4.072,-,0.000
2024-03-26T00:30:00,4.079,-,0.000
2024-03-26T00:15:00,4.087,-,0.000
2024-03-26T00:00:00,4.094,-,0.000
2024-03-25T23:45:00,4.101,-,0.000
2024-03-25T23:30:00,4.108,-,0.000
2024-03-25T23:15:00,4.114,-,0.000
2024-03-25T23:00:00,4.120,-,0.000
2024-03-25T22:45:00,4.124,-,0.000
2024-03-25T22:30:00,4.127,-,0.000
2024-03-25T22:15:00,4.130,-,0.000
2024-03-25T22:00:00,4.131,-,0.000
2024-03-25T21:45:00,4.132,-,0.000
2024-03-25T21:30:00,4.132,-,0.000
2024-03-25T21:15:00,4.131,-,0.000
2024-03-25T21:00:00,4.129,-,0.000
2024-03-25T20:45:00,4.128,-,0.000
2024-03-25T20:30:00,4.128,-,0.000
2024-03-25T20:15:00,4.127,-,0.000
2024-03-25T20:00:00,4.124,-,0.000
2024-03-25T19:45:00,4.122,-,0.000
2024-03-25T19:30:00,4.120,-,0.000
2024-03-25T19:15:00,4.118,-,0.000
2024-03-25T19:00:00,4.118,-,0.000
2024-03-25T18:45:00,4.116,-,0.500
2024-03-25T18:30:00,4.113,-,0.500
2024-03-25T18:15:00,4.112,-,0.000
2024-03-25T18:00:00,4.111,-,0.000
2024-03-25T17:45:00,4.106,-,0.000
2024-03-25T17:30:00,4.104,-,0.000
2024-04-07T23:45:00,3.893,-,0.000
2024-04-07T23:30:00,3.896,-,0.000
2024-04-07T23:15:00,3.899,-,0.000
2024-04-07T23:00:00,3.901,-,0.000
2024-04-07T22:45:00,3.904,-,0.000
2024-04-07T22:30:00,3.906,-,0.000
2024-04-07T22:15:00,3.908,-,0.000
2024-04-07T22:00:00,3.910,-,0.000
2024-04-07T21:45:00,3.913,-,0.000
2024-04-07T21:30:00,3.914,-,0.000
2024-04-07T21:15:00,3.915,-,0.000
2024-04-07T21:00:00,3.916,-,0.000
2024-04-07T20:45:00,3.919,-,0.000
2024-04-07T20:30:00,3.920,-,0.000
2024-04-07T20:15:00,3.921,-,0.000
2024-04-07T20:00:00,3.923,-,0.000
2024-04-07T19:45:00,3.925,-,0.000
2024-04-07T19:30:00,3.927,-,0.000
2024-04-07T19:15:00,3.929,-,0.000
2024-04-07T19:00:00,3.931,-,0.000
2024-04-07T18:45:00,3.933,-,0.000
2024-04-07T18:30:00,3.934,-,0.000
2024-04-07T18:15:00,3.937,-,0.000
2024-04-07T18:00:00,3.939,-,0.000
2024-04-07T17:45:00,3.942,-,0.000
2024-04-07T17:30:00,3.944,-,0.000
2024-04-07T17:15:00,3.946,-,0.000
2024-04-07T17:00:00,3.949,-,0.000
2024-04-07T16:45:00,3.952,-,0.000
2024-04-07T16:30:00,3.955,-,0.000
2024-04-07T16:15:00,3.956,-,0.000
2024-04-07T16:00:00,3.958,-,0.000
2024-04-07T15:45:00,3.964,-,0.000
2024-04-07T15:30:00,3.968,-,0.000
2024-04-07T15:15:00,3.968,-,0.000
2024-04-07T15:00:00,3.977,-,0.000
2024-04-07T14:45:00,3.979,-,0.000
2024-04-07T14:30:00,3.976,-,0.000
2024-04-07T14:15:00,3.973,-,0.000
2024-04-07T14:00:00,3.971,-,0.000
2024-04-07T13:45:00,3.968,-,0.000
2024-04-07T13:30:00,3.967,-,0.000
2024-04-07T13:15:00,3.964,-,0.000
2024-04-07T13:00:00,3.962,-,0.000
2024-04-07T12:45:00,3.958,-,0.000
2024-04-07T12:30:00,3.957,-,0.000
2024-04-07T12:15:00,3.955,-,0.000
2024-04-07T12:00:00,3.952,-,0.000
2024-04-07T11:45:00,3.950,-,0.000
2024-04-07T11:30:00,3.947,-,0.000
2024-04-07T11:15:00,3.945,-,0.000
2024-04-07T11:00:00,3.944,-,0.000
2024-04-07T10:45:00,3.940,-,0.000
2024-04-07T10:30:00,3.938,-,0.000
2024-04-07T10:15:00,3.937,-,0.000
2024-04-07T10:00:00,3.935,-,0.000
2024-04-07T09:45:00,3.933,-,0.000
2024-04-07T09:30:00,3.929,-,0.000
2024-04-07T09:15:00,3.928,-,0.000
2024-04-07T09:00:00,3.922,-,0.000
2024-04-07T08:45:00,3.925,-,0.000
2024-04-07T08:30:00,3.926,-,0.000
2024-04-07T08:15:00,3.928,-,0.000
2024-04-07T08:00:00,3.930,-,0.000
2024-04-07T07:45:00,3.933,-,0.000
2024-04-07T07:30:00,3.935,-,0.000
2024-04-07T07:15:00,3.937,-,0.000
2024-04-07T07:00:00,3.940,-,0.000
2024-04-07T06:45:00,3.943,-,0.000
2024-04-07T06:30:00,3.945,-,0.000
2024-04-07T06:15:00,3.948,-,0.000
2024-04-07T06:00:00,3.951,-,0.000
2024-04-07T05:45:00,3.952,-,0.000
2024-04-07T05:30:00,3.955,-,0.000
2024-04-07T05:15:00,3.962,-,0.000
2024-04-07T05:00:00,3.962,-,0.000
2024-04-07T04:45:00,3.972,-,0.000
2024-04-07T04:30:00,3.973,-,0.000
2024-04-07T04:15:00,3.974,-,0.000
2024-04-07T04:00:00,3.975,-,0.000
2024-04-07T03:45:00,3.976,-,0.000
2024-04-07T03:30:00,3.977,-,0.000
2024-04-07T03:15:00,3.978,-,0.000
2024-04-07T03:00:00,3.979,-,0.000
2024-04-07T02:45:00,3.980,-,0.000
2024-04-07T02:30:00,3.982,-,0.000
2024-04-07T02:15:00,3.983,-,0.000
2024-04-07T02:00:00,3.985,-,0.000
2024-04-07T01:45:00,3.986,-,0.000
2024-04-07T01:30:00,3.987,-,0.000
2024-04-07T01:15:00,3.988,-,0.000
2024-04-07T01:00:00,3.990,-,0.000
2024-04-07T00:45:00,3.991,-,0.000
2024-04-07T00:30:00,3.992,-,0.000
2024-04-07T00:15:00,3.993,-,0.000
2024-04-07T00:00:00,3.995,-,0.000
2024-04-06T23:45:00,3.996,-,0.000
2024-04-06T23:30:00,3.996,-,0.000
2024-04-06T23:15:00,3.998,-,0.000
2024-04-06T23:00:00,3.998,-,0.000
2024-04-06T22:45:00,3.999,-,0.000
2024-04-06T22:30:00,4.000,-,0.000
2024-04-06T22:15:00,4.000,-,0.000
2024-04-06T22:00:00,4.000,-,0.000
2024-04-06T21:45:00,4.000,-,0.000
2024-04-06T21:30:00,4.000,-,0.000
2024-04-06T21:15:00,4.000,-,0.000
2024-04-06T21:00:00,4.000,-,0.000
2024-04-06T20:45:00,3.999,-,0.000
2024-04-06T20:30:00,3.999,-,0.000
2024-04-06T20:15:00,3.999,-,0.000
2024-04-06T20:00:00,4.000,-,0.000
2024-04-06T19:45:00,4.000,-,0.000
2024-04-06T19:30:00,3.999,-,0.000
2024-04-06T19:15:00,3.999,-,0.000
2024-04-06T19:00:00,3.999,-,0.000
2024-04-06T18:45:00,3.999,-,0.000
2024-04-06T18:30:00,4.002,-,0.000
2024-04-06T18:15:00,4.001,-,0.000
2024-04-06T18:00:00,4.005,-,0.000
2024-04-06T17:45:00,4.004,-,0.000
2024-04-06T17:30:00,4.001,-,0.000
2024-04-06T17:15:00,4.001,-,0.000
2024-04-06T17:00:00,3.999,-,0.000
2024-04-06T16:45:00,3.997,-,0.000
2024-04-06T16:30:00,3.996,-,0.000
2024-04-06T16:15:00,3.993,-,0.000
2024-04-06T16:00:00,3.993,-,0.000
2024-04-06T15:45:00,3.990,-,0.000
2024-04-06T15:30:00,3.989,-,0.000
2024-04-06T15:15:00,3.987,-,0.000
2024-04-06T15:00:00,3.984,-,0.000
2024-04-06T14:45:00,3.983,-,0.000
2024-04-06T14:30:00,3.982,-,0.000
2024-04-06T14:15:00,3.980,-,0.000
2024-04-06T14:00:00,3.979,-,0.000
2024-04-06T13:45:00,3.977,-,0.000
2024-04-06T13:30:00,3.975,-,0.000
2024-04-06T13:15:00,3.974,-,0.000
2024-04-06T13:00:00,3.973,-,0.000
2024-04-06T12:45:00,3.971,-,0.000
2024-04-06T12:30:00,3.969,-,0.000
2024-04-06T12:15:00,3.968,-,0.000
2024-04-06T12:00:00,3.966,-,0.000
2024-04-06T11:45:00,3.966,-,0.000
2024-04-06T11:30:00,3.965,-,0.000
2024-04-06T11:15:00,3.966,-,0.000
2024-04-06T11:00:00,3.964,-,0.000
2024-04-06T10:45:00,3.963,-,0.000
2024-04-06T10:30:00,3.964,-,0.000
2024-04-06T10:15:00,3.964,-,0.000
2024-04-06T10:00:00,3.964,-,0.000
2024-04-06T09:45:00,3.964,-,0.000
2024-04-06T09:30:00,3.966,-,0.000
2024-04-06T09:15:00,3.966,-,0.000
2024-04-06T09:00:00,3.967,-,0.000
2024-04-06T08:45:00,3.968,-,0.000
2024-04-06T08:30:00,3.969,-,0.000
2024-04-06T08:15:00,3.970,-,0.000
2024-04-06T08:00:00,3.971,-,0.000
2024-04-06T07:45:00,3.972,-,0.000
2024-04-06T07:30:00,3.973,-,0.000
2024-04-06T07:15:00,3.974,-,0.000
2024-04-06T07:00:00,3.975,-,0.000
2024-04-06T06:45:00,3.976,-,0.000
2024-04-06T06:30:00,3.977,-,0.000
2024-04-06T06:15:00,3.979,-,0.000
2024-04-06T06:00:00,3.980,-,0.000
2024-04-06T05:45:00,3.981,-,0.000
2024-04-06T05:30:00,3.982,-,0.000
2024-04-06T05:15:00,3.984,-,0.000
2024-04-06T05:00:00,3.985,-,0.000
2024-04-06T04:45:00,3.987,-,0.000
2024-04-06T04:30:00,3.988,-,0.000
2024-04-06T04:15:00,3.989,-,0.000
2024-04-06T04:00:00,3.989,-,0.000
2024-04-06T03:45:00,3.990,-,0.000
2024-04-06T03:30:00,3.991,-,0.000
2024-04-06T03:15:00,3.992,-,0.000
2024-04-06T03:00:00,3.993,-,0.000
2024-04-06T02:45:00,3.993,-,0.000
2024-04-06T02:30:00,3.995,-,0.000
2024-04-06T02:15:00,3.995,-,0.000
2024-04-06T02:00:00,3.997,-,0.000
2024-04-06T01:45:00,3.997,-,0.000
2024-04-06T01:30:00,3.998,-,0.000
2024-04-06T01:15:00,3.999,-,0.000
2024-04-06T01:00:00,4.001,-,0.000
2024-04-06T00:45:00,4.001,-,0.000
2024-04-06T00:30:00,4.003,-,0.000
2024-04-06T00:15:00,4.003,-,0.000
2024-04-06T00:00:00,4.005,-,0.000
2024-04-05T23:45:00,4.006,-,0.000
2024-04-05T23:30:00,4.007,-,0.000
2024-04-05T23:15:00,4.007,-,0.000
2024-04-05T23:00:00,4.008,-,0.000
2024-04-05T22:45:00,4.009,-,0.000
2024-04-05T22:30:00,4.010,-,0.000
2024-04-05T22:15:00,4.010,-,0.000
2024-04-05T22:00:00,4.010,-,0.000
2024-04-05T21:45:00,4.010,-,0.000
2024-04-05T21:30:00,4.010,-,0.000
2024-04-05T21:15:00,4.009,-,0.000
2024-04-05T21:00:00,4.009,-,0.000
2024-04-05T20:45:00,4.008,-,0.000
2024-04-05T20:30:00,4.008,-,0.000
2024-04-05T20:15:00,4.008,-,0.000
2024-04-05T20:00:00,4.008,-,0.000
2024-04-05T19:45:00,4.007,-,0.000
2024-04-05T19:30:00,4.007,-,0.000
2024-04-05T19:15:00,4.007,-,0.000
2024-04-05T19:00:00,4.008,-,0.000
2024-04-05T18:45:00,4.002,-,0.000
2024-04-05T18:30:00,4.006,-,0.000
2024-04-05T18:15:00,4.013,-,0.000
2024-04-05T18:00:00,4.011,-,0.000
2024-04-05T17:45:00,4.018,-,0.000
2024-04-05T17:30:00,4.007,-,0.000
2024-04-05T17:15:00,3.996,-,0.000
2024-04-05T17:00:00,3.986,-,0.000
2024-04-05T16:45:00,3.977,-,0.000
2024-04-05T16:30:00,3.966,-,0.000
2024-04-05T16:15:00,3.955,-,0.000
2024-04-05T16:00:00,3.944,-,0.000
2024-04-05T15:45:00,3.934,-,0.000
2024-04-05T15:30:00,3.923,-,0.000
2024-04-05T15:15:00,3.914,-,0.000
2024-04-05T15:00:00,3.902,-,0.000
2024-04-05T14:45:00,3.892,-,0.000
2024-04-05T14:30:00,3.880,-,0.000
2024-04-05T14:15:00,3.869,-,0.000
2024-04-05T14:00:00,3.860,-,0.000
2024-04-05T13:45:00,3.848,-,0.000
2024-04-05T13:30:00,3.836,-,0.000
2024-04-05T13:15:00,3.827,-,0.000
2024-04-05T13:00:00,3.813,-,0.000
2024-04-05T12:45:00,3.804,-,0.000
2024-04-05T12:30:00,3.792,-,0.000
2024-04-05T12:15:00,3.782,-,0.000
2024-04-05T12:00:00,3.769,-,0.000
2024-04-05T11:45:00,3.758,-,0.000
2024-04-05T11:30:00,3.748,-,0.000
2024-04-05T11:15:00,3.737,-,0.000
2024-04-05T11:00:00,3.726,-,0.000
2024-04-05T10:45:00,3.716,-,0.000
2024-04-05T10:30:00,3.707,-,0.000
2024-04-05T10:15:00,3.697,-,0.000
2024-04-05T10:00:00,3.686,-,0.000
2024-04-05T09:45:00,3.677,-,0.000
2024-04-05T09:30:00,3.668,-,0.000
2024-04-05T09:15:00,3.659,-,0.000
2024-04-05T09:00:00,3.651,-,0.000
2024-04-05T08:45:00,3.640,-,0.000
2024-04-05T08:30:00,3.630,-,0.000
2024-04-05T08:15:00,3.621,-,0.000
2024-04-05T08:00:00,3.612,-,0.000
2024-04-05T07:45:00,3.602,-,0.000
2024-04-05T07:30:00,3.592,-,0.000
2024-04-05T07:15:00,3.582,-,0.000
2024-04-05T07:00:00,3.572,-,0.000
2024-04-05T06:45:00,3.562,-,0.000
2024-04-05T06:30:00,3.552,-,0.000
2024-04-05T06:15:00,3.543,-,0.000
2024-04-05T06:00:00,3.534,-,0.000
2024-04-05T05:45:00,3.523,-,0.000
2024-04-05T05:30:00,3.512,-,0.000
2024-04-05T05:15:00,3.503,-,0.000
2024-04-05T05:00:00,3.492,-,0.000
2024-04-05T04:45:00,3.481,-,0.000
2024-04-05T04:30:00,3.472,-,0.000
2024-04-05T04:15:00,3.461,-,0.000
2024-04-05T04:00:00,3.450,-,0.000
2024-04-05T03:45:00,3.439,-,0.000
2024-04-05T03:30:00,3.430,-,0.000
2024-04-05T03:15:00,3.420,-,0.000
2024-04-05T03:00:00,3.411,-,0.000
2024-04-05T02:45:00,3.401,-,0.000
2024-04-05T02:30:00,3.390,-,0.000
2024-04-05T02:15:00,3.381,-,0.000
2024-04-05T02:00:00,3.371,-,0.000
2024-04-05T01:45:00,3.361,-,0.000
2024-04-05T01:30:00,3.351,-,0.000
2024-04-05T01:15:00,3.344,-,0.000
2024-04-05T01:00:00,3.338,-,0.000
2024-04-05T00:45:00,3.332,-,0.000
2024-04-05T00:30:00,3.328,-,0.000
2024-04-05T00:15:00,3.326,-,0.000
2024-04-05T00:00:00,3.327,-,0.000
2024-04-04T23:45:00,3.328,-,0.000
2024-04-04T23:30:00,3.330,-,0.000
2024-04-04T23:15:00,3.332,-,0.000
2024-04-04T23:00:00,3.333,-,0.000
2024-04-04T22:45:00,3.334,-,0.000
2024-04-04T22:30:00,3.336,-,0.000
2024-04-04T22:15:00,3.338,-,0.000
2024-04-04T22:00:00,3.339,-,0.000
2024-04-04T21:45:00,3.340,-,0.000
2024-04-04T21:30:00,3.342,-,0.000
2024-04-04T21:15:00,3.344,-,0.000
2024-04-04T21:00:00,3.346,-,0.000
2024-04-04T20:45:00,3.347,-,0.000
2024-04-04T20:30:00,3.348,-,0.000
2024-04-04T20:15:00,3.350,-,0.000
2024-04-04T20:00:00,3.351,-,0.000
2024-04-04T19:45:00,3.353,-,0.000
2024-04-04T19:30:00,3.355,-,0.000
2024-04-04T19:15:00,3.356,-,0.000
2024-04-04T19:00:00,3.357,-,0.000
2024-04-04T18:45:00,3.360,-,0.000
2024-04-04T18:30:00,3.361,-,0.000
2024-04-04T18:15:00,3.362,-,0.000
2024-04-04T18:00:00,3.364,-,0.000
2024-04-04T17:45:00,3.366,-,0.000
2024-04-04T17:30:00,3.369,-,0.000
2024-04-04T17:15:00,3.370,-,0.000
2024-04-04T17:00:00,3.371,-,0.000
2024-04-04T16:45:00,3.372,-,0.000
2024-04-04T16:30:00,3.375,-,0.000
2024-04-04T16:15:00,3.376,-,0.000
2024-04-04T16:00:00,3.379,-,0.000
2024-04-04T15:45:00,3.381,-,0.000
2024-04-04T15:30:00,3.382,-,0.000
2024-04-04T15:15:00,3.383,-,0.000
2024-04-04T15:00:00,3.386,-,0.000
2024-04-04T14:45:00,3.388,-,0.000
2024-04-04T14:30:00,3.388,-,0.000
2024-04-04T14:15:00,3.390,-,0.000
2024-04-04T14:00:00,3.392,-,0.000
2024-04-04T13:45:00,3.395,-,0.000
2024-04-04T13:30:00,3.396,-,0.000
2024-04-04T13:15:00,3.397,-,0.000
2024-04-04T13:00:00,3.398,-,0.000
2024-04-04T12:45:00,3.402,-,0.000
2024-04-04T12:30:00,3.403,-,0.000
2024-04-04T12:15:00,3.404,-,0.000
2024-04-04T12:00:00,3.407,-,0.000
2024-04-04T11:45:00,3.406,-,0.000
2024-04-04T11:30:00,3.408,-,0.000
2024-04-04T11:15:00,3.410,-,0.000
2024-04-04T11:00:00,3.411,-,0.000
2024-04-04T10:45:00,3.413,-,0.000
2024-04-04T10:30:00,3.415,-,0.000
2024-04-04T10:15:00,3.415,-,0.000
2024-04-04T10:00:00,3.417,-,0.000
2024-04-04T09:45:00,3.419,-,0.000
2024-04-04T09:30:00,3.419,-,0.000
2024-04-04T09:15:00,3.421,-,0.000
2024-04-04T09:00:00,3.422,-,0.000
2024-04-04T08:45:00,3.424,-,0.000
2024-04-04T08:30:00,3.426,-,0.000
2024-04-04T08:15:00,3.427,-,0.000
2024-04-04T08:00:00,3.428,-,0.000
2024-04-04T07:45:00,3.429,-,0.000
2024-04-04T07:30:00,3.432,-,0.000
2024-04-04T07:15:00,3.433,-,0.000
2024-04-04T07:00:00,3.434,-,0.000
2024-04-04T06:45:00,3.435,-,0.000
2024-04-04T06:30:00,3.437,-,0.000
2024-04-04T06:15:00,3.439,-,0.000
2024-04-04T06:00:00,3.440,-,0.000
2024-04-04T05:45:00,3.441,-,0.000
2024-04-04T05:30:00,3.443,-,0.000
2024-04-04T05:15:00,3.444,-,0.000
2024-04-04T05:00:00,3.445,-,0.000
2024-04-04T04:45:00,3.447,-,0.000
2024-04-04T04:30:00,3.449,-,0.000
2024-04-04T04:15:00,3.450,-,0.000
2024-04-04T04:00:00,3.452,-,0.000
2024-04-04T03:45:00,3.453,-,0.000
2024-04-04T03:30:00,3.455,-,0.000
2024-04-04T03:15:00,3.456,-,0.000
2024-04-04T03:00:00,3.458,-,0.000
2024-04-04T02:45:00,3.459,-,0.000
2024-04-04T02:30:00,3.461,-,0.000
2024-04-04T02:15:00,3.462,-,0.000
2024-04-04T02:00:00,3.464,-,0.000
2024-04-04T01:45:00,3.465,-,0.000
2024-04-04T01:30:00,3.467,-,0.000
2024-04-04T01:15:00,3.469,-,0.000
2024-04-04T01:00:00,3.470,-,0.000
2024-04-04T00:45:00,3.471,-,0.000
2024-04-04T00:30:00,3.472,-,0.000
2024-04-04T00:15:00,3.474,-,0.000
2024-04-04T00:00:00,3.476,-,0.000
2024-04-03T23:45:00,3.477,-,0.000
2024-04-03T23:30:00,3.479,-,0.000
2024-04-03T23:15:00,3.481,-,0.000
2024-04-03T23:00:00,3.482,-,0.000
2024-04-03T22:45:00,3.484,-,0.000
2024-04-03T22:30:00,3.484,-,0.000
2024-04-03T22:15:00,3.486,-,0.000
2024-04-03T22:00:00,3.488,-,0.000
2024-04-03T21:45:00,3.489,-,0.000
2024-04-03T21:30:00,3.491,-,0.000
2024-04-03T21:15:00,3.492,-,0.000
2024-04-03T21:00:00,3.494,-,0.000
2024-04-03T20:45:00,3.495,-,0.000
2024-04-03T20:30:00,3.497,-,0.000
2024-04-03T20:15:00,3.498,-,0.000
2024-04-03T20:00:00,3.500,-,0.000
2024-04-03T19:45:00,3.501,-,0.000
2024-04-03T19:30:00,3.503,-,0.000
2024-04-03T19:15:00,3.505,-,0.000
2024-04-03T19:00:00,3.505,-,0.000
2024-04-03T18:45:00,3.506,-,0.000
2024-04-03T18:30:00,3.508,-,0.000
2024-04-03T18:15:00,3.510,-,0.000
2024-04-03T18:00:00,3.511,-,0.000
2024-04-03T17:45:00,3.513,-,0.000
2024-04-03T17:30:00,3.515,-,0.000
2024-04-03T17:15:00,3.518,-,0.000
2024-04-03T17:00:00,3.519,-,0.000
2024-04-03T16:45:00,3.521,-,0.000
2024-04-03T16:30:00,3.520,-,0.000
2024-04-03T16:15:00,3.542,-,0.000
2024-04-03T16:00:00,3.542,-,0.000
2024-04-03T15:45:00,3.542,-,0.000
2024-04-03T15:30:00,3.542,-,0.000
2024-04-03T15:15:00,3.542,-,0.000
2024-04-03T15:00:00,3.542,-,0.000
2024-04-03T14:45:00,3.542,-,0.000
2024-04-03T14:30:00,3.542,-,0.000
2024-04-03T14:15:00,3.542,-,0.000
2024-04-03T14:00:00,3.542,-,0.000
2024-04-03T13:45:00,3.542,-,0.000
2024-04-03T13:30:00,3.542,-,0.000
2024-04-03T13:15:00,3.542,-,0.000
2024-04-03T13:00:00,3.543,-,0.000
2024-04-03T12:45:00,3.545,-,0.000
2024-04-03T12:30:00,3.544,-,0.000
2024-04-03T12:15:00,3.546,-,0.000
2024-04-03T12:00:00,3.546,-,0.000
2024-04-03T11:45:00,3.547,-,0.000
2024-04-03T11:30:00,3.549,-,0.000
2024-04-03T11:15:00,3.550,-,0.000
2024-04-03T11:00:00,3.551,-,0.000
2024-04-03T10:45:00,3.552,-,0.000
2024-04-03T10:30:00,3.555,-,0.000
2024-04-03T10:15:00,3.555,-,0.000
2024-04-03T10:00:00,3.556,-,0.000
2024-04-03T09:45:00,3.557,-,0.000
2024-04-03T09:30:00,3.558,-,0.000
2024-04-03T09:15:00,3.559,-,0.000
2024-04-03T09:00:00,3.560,-,0.000
2024-04-03T08:45:00,3.561,-,0.000
2024-04-03T08:30:00,3.563,-,0.000
2024-04-03T08:15:00,3.564,-,0.000
2024-04-03T08:00:00,3.565,-,0.000
2024-04-03T07:45:00,3.566,-,0.000
2024-04-03T07:30:00,3.567,-,0.000
2024-04-03T07:15:00,3.568,-,0.000
2024-04-03T07:00:00,3.570,-,0.000
2024-04-03T06:45:00,3.571,-,0.000
2024-04-03T06:30:00,3.572,-,0.000
2024-04-03T06:15:00,3.573,-,0.000
2024-04-03T06:00:00,3.575,-,0.000
2024-04-03T05:45:00,3.575,-,0.000
2024-04-03T05:30:00,3.576,-,0.000
2024-04-03T05:15:00,3.578,-,0.000
2024-04-03T05:00:00,3.578,-,0.000
2024-04-03T04:45:00,3.580,-,0.000
2024-04-03T04:30:00,3.581,-,0.000
2024-04-03T04:15:00,3.582,-,0.000
2024-04-03T04:00:00,3.583,-,0.000
2024-04-03T03:45:00,3.584,-,0.000
2024-04-03T03:30:00,3.586,-,0.000
2024-04-03T03:15:00,3.587,-,0.000
2024-04-03T03:00:00,3.588,-,0.000
2024-04-03T02:45:00,3.589,-,0.000
2024-04-03T02:30:00,3.590,-,0.000
2024-04-03T02:15:00,3.591,-,0.000
2024-04-03T02:00:00,3.592,-,0.000
2024-04-03T01:45:00,3.593,-,0.000
2024-04-03T01:30:00,3.594,-,0.000
2024-04-03T01:15:00,3.595,-,0.000
2024-04-03T01:00:00,3.596,-,0.000
2024-04-03T00:45:00,3.597,-,0.000
2024-04-03T00:30:00,3.598,-,0.000
2024-04-03T00:15:00,3.599,-,0.000
2024-04-03T00:00:00,3.600,-,0.000
2024-04-02T23:45:00,3.601,-,0.000
2024-04-02T23:30:00,3.602,-,0.000
2024-04-02T23:15:00,3.603,-,0.000
2024-04-02T23:00:00,3.603,-,0.000
2024-04-02T22:45:00,3.604,-,0.000
2024-04-02T22:30:00,3.606,-,0.000
2024-04-02T22:15:00,3.606,-,0.000
2024-04-02T22:00:00,3.606,-,0.000
2024-04-02T21:45:00,3.607,-,0.000
2024-04-02T21:30:00,3.608,-,0.000
2024-04-02T21:15:00,3.609,-,0.000
2024-04-02T21:00:00,3.609,-,0.000
2024-04-02T20:45:00,3.610,-,0.000
2024-04-02T20:30:00,3.610,-,0.000
2024-04-02T20:15:00,3.611,-,0.000
2024-04-02T20:00:00,3.611,-,0.000
2024-04-02T19:45:00,3.612,-,0.000
2024-04-02T19:30:00,3.612,-,0.000
2024-04-02T19:15:00,3.612,-,0.000
2024-04-02T19:00:00,3.613,-,0.000
2024-04-02T18:45:00,3.612,-,0.000
2024-04-02T18:30:00,3.613,-,0.000
2024-04-02T18:15:00,3.612,-,0.000
2024-04-02T18:00:00,3.612,-,0.000
2024-04-02T17:45:00,3.610,-,0.000
2024-04-02T17:30:00,3.610,-,0.000
2024-04-02T17:15:00,3.610,-,0.000
2024-04-02T17:00:00,3.609,-,0.000
2024-04-02T16:45:00,3.608,-,0.000
2024-04-02T16:30:00,3.605,-,0.000
2024-04-02T16:15:00,3.603,-,0.000
2024-04-02T16:00:00,3.601,-,0.000
2024-04-02T15:45:00,3.598,-,0.000
2024-04-02T15:30:00,3.597,-,0.000
2024-04-02T15:15:00,3.596,-,0.000
2024-04-02T15:00:00,3.594,-,0.000
2024-04-02T14:45:00,3.594,-,0.000
2024-04-02T14:30:00,3.596,-,0.000
2024-04-02T14:15:00,3.595,-,0.000
2024-04-02T14:00:00,3.597,-,0.000
2024-04-02T13:45:00,3.599,-,0.000
2024-04-02T13:30:00,3.598,-,0.000
2024-04-02T13:15:00,3.599,-,0.000
2024-04-02T13:00:00,3.601,-,0.000
2024-04-02T12:45:00,3.600,-,0.000
2024-04-02T12:30:00,3.602,-,0.000
2024-04-02T12:15:00,3.601,-,0.000
2024-04-02T12:00:00,3.602,-,0.000
2024-04-02T11:45:00,3.602,-,0.000
2024-04-02T11:30:00,3.601,-,0.000
2024-04-02T11:15:00,3.602,-,0.000
2024-04-02T11:00:00,3.603,-,0.000
2024-04-02T10:45:00,3.606,-,0.000
2024-04-02T10:30:00,3.607,-,0.000
2024-04-02T10:15:00,3.604,-,0.000
2024-04-02T10:00:00,3.605,-,0.000
2024-04-02T09:45:00,3.607,-,0.000
2024-04-02T09:30:00,3.607,-,0.000
2024-04-02T09:15:00,3.605,-,0.000
2024-04-02T09:00:00,3.604,-,0.000
2024-04-02T08:45:00,3.605,-,0.000
2024-04-02T08:30:00,3.611,-,0.000
2024-04-02T08:15:00,3.621,-,0.000
2024-04-02T08:00:00,3.614,-,0.000
2024-04-02T07:45:00,3.595,-,0.000
2024-04-02T07:30:00,3.604,-,0.000
2024-04-02T07:15:00,3.611,-,0.000
2024-04-02T07:00:00,3.621,-,0.000
2024-04-02T06:45:00,3.627,-,0.000
2024-04-02T06:30:00,3.637,-,0.000
2024-04-02T06:15:00,3.648,-,0.000
2024-04-02T06:00:00,3.657,-,0.000
2024-04-02T05:45:00,3.667,-,0.000
2024-04-02T05:30:00,3.676,-,0.000
2024-04-02T05:15:00,3.686,-,0.000
2024-04-02T05:00:00,3.697,-,0.000
2024-04-02T04:45:00,3.707,-,0.000
2024-04-02T04:30:00,3.718,-,0.000
2024-04-02T04:15:00,3.729,-,0.000
2024-04-02T04:00:00,3.739,-,0.000
2024-04-02T03:45:00,3.750,-,0.000
2024-04-02T03:30:00,3.761,-,0.000
2024-04-02T03:15:00,3.771,-,0.000
2024-04-02T03:00:00,3.783,-,0.000
2024-04-02T02:45:00,3.794,-,0.000
2024-04-02T02:30:00,3.804,-,0.000
2024-04-02T02:15:00,3.816,-,0.000
2024-04-02T02:00:00,3.826,-,0.000
2024-04-02T01:45:00,3.837,-,0.000
2024-04-02T01:30:00,3.848,-,0.000
2024-04-02T01:15:00,3.858,-,0.000
2024-04-02T01:00:00,3.869,-,0.000
2024-04-02T00:45:00,3.879,-,0.000
2024-04-02T00:30:00,3.890,-,0.000
2024-04-02T00:15:00,3.899,-,0.000
2024-04-02T00:00:00,3.909,-,0.000
2024-04-01T23:45:00,3.918,-,0.000
2024-04-01T23:30:00,3.927,-,0.000
2024-04-01T23:15:00,3.935,-,0.000
2024-04-01T23:00:00,3.942,-,0.000
2024-04-01T22:45:00,3.949,-,0.000
2024-04-01T22:30:00,3.954,-,0.000
2024-04-01T22:15:00,3.959,-,0.000
2024-04-01T22:00:00,3.963,-,0.000
2024-04-01T21:45:00,3.967,-,0.000
2024-04-01T21:30:00,3.969,-,0.000
2024-04-01T21:15:00,3.971,-,0.000
2024-04-01T21:00:00,3.973,-,0.000
2024-04-01T20:45:00,3.974,-,0.000
2024-04-01T20:30:00,3.976,-,0.000
2024-04-01T20:15:00,3.977,-,0.000
2024-04-01T20:00:00,3.979,-,0.000
2024-04-01T19:45:00,3.981,-,0.000
2024-04-01T19:30:00,3.982,-,0.000
2024-04-01T19:15:00,3.983,-,0.000
2024-04-01T19:00:00,3.985,-,0.000
2024-04-01T18:45:00,3.986,-,0.000
2024-04-01T18:30:00,3.988,-,0.000
2024-04-01T18:15:00,3.989,-,0.000
2024-04-01T18:00:00,3.991,-,0.000
2024-04-01T17:45:00,3.992,-,0.000
2024-04-01T17:30:00,3.993,-,0.000
2024-04-01T17:15:00,3.995,-,0.000
2024-04-01T17:00:00,3.996,-,0.000
2024-04-01T16:45:00,3.997,-,0.000
2024-04-01T16:30:00,3.998,-,0.000
2024-04-01T16:15:00,3.999,-,0.000
2024-04-01T16:00:00,4.001,-,0.000
2024-04-01T15:45:00,4.002,-,0.000
2024-04-01T15:30:00,4.002,-,0.000
2024-04-01T15:15:00,4.005,-,0.000
2024-04-01T15:00:00,4.005,-,0.000
2024-04-01T14:45:00,4.007,-,0.000
2024-04-01T14:30:00,4.008,-,0.000
2024-04-01T14:15:00,4.009,-,0.000
2024-04-01T14:00:00,4.009,-,0.000
2024-04-01T13:45:00,4.011,-,0.000
2024-04-01T13:30:00,4.013,-,0.000
2024-04-01T13:15:00,4.014,-,0.000
2024-04-01T13:00:00,4.017,-,0.000
2024-04-01T12:45:00,4.019,-,0.000
2024-04-01T12:30:00,4.020,-,0.000
2024-04-01T12:15:00,4.021,-,0.000
2024-04-01T12:00:00,4.023,-,0.000
2024-04-01T11:45:00,4.024,-,0.000
2024-04-01T11:30:00,4.027,-,0.000
2024-04-01T11:15:00,4.028,-,0.000
2024-04-01T11:00:00,4.031,-,0.000
2024-04-01T10:45:00,4.033,-,0.000
2024-04-01T10:30:00,4.034,-,0.000
2024-04-01T10:15:00,4.037,-,0.000
2024-04-01T10:00:00,4.040,-,0.000
2024-04-01T09:45:00,4.043,-,0.000
2024-04-01T09:30:00,4.045,-,0.000
2024-04-01T09:15:00,4.047,-,0.000
2024-04-01T09:00:00,4.049,-,0.000
2024-04-01T08:45:00,4.055,-,0.000
2024-04-01T08:30:00,4.063,-,0.000
2024-04-01T08:15:00,4.060,-,0.000
2024-04-01T08:00:00,4.058,-,0.000
2024-04-01T07:45:00,4.055,-,0.000
2024-04-01T07:30:00,4.053,-,0.000
2024-04-01T07:15:00,4.051,-,0.000
2024-04-01T07:00:00,4.049,-,0.000
2024-04-01T06:45:00,4.043,-,0.000
2024-04-01T06:30:00,4.036,-,0.000
2024-04-01T06:15:00,4.050,-,0.000
2024-04-01T06:00:00,4.089,-,0.000
2024-04-01T05:45:00,4.081,-,0.000
2024-04-01T05:30:00,4.065,-,0.000
2024-04-01T05:15:00,4.060,-,0.000
2024-04-01T05:00:00,4.049,-,0.000
2024-04-01T04:45:00,4.036,-,0.000
2024-04-01T04:30:00,4.038,-,0.000
2024-04-01T04:15:00,4.040,-,0.000
2024-04-01T04:00:00,4.042,-,0.000
2024-04-01T03:45:00,4.042,-,0.000
2024-04-01T03:30:00,4.045,-,0.000
2024-04-01T03:15:00,4.046,-,0.000
2024-04-01T03:00:00,4.048,-,0.000
2024-04-01T02:45:00,4.049,-,0.000
2024-04-01T02:30:00,4.051,-,0.000
2024-04-01T02:15:00,4.053,-,0.000
2024-04-01T02:00:00,4.054,-,0.000
2024-04-01T01:45:00,4.056,-,0.000
2024-04-01T01:30:00,4.057,-,0.000
2024-04-01T01:15:00,4.059,-,0.000
2024-04-01T01:00:00,4.060,-,0.000
2024-04-01T00:45:00,4.063,-,0.000
2024-04-01T00:30:00,4.063,-,0.000
2024-04-01T00:15:00,4.066,-,0.000
2024-04-01T00:00:00,4.068,-,0.000
2024-04-14T23:45:00,4.064,-,0.000
2024-04-14T23:30:00,4.065,-,0.000
2024-04-14T23:15:00,4.065,-,0.000
2024-04-14T23:00:00,4.066,-,0.000
2024-04-14T22:45:00,4.067,-,0.000
2024-04-14T22:30:00,4.067,-,0.000
2024-04-14T22:15:00,4.067,-,0.000
2024-04-14T22:00:00,4.067,-,0.000
2024-04-14T21:45:00,4.066,-,0.000
2024-04-14T21:30:00,4.066,-,0.000
2024-04-14T21:15:00,4.065,-,0.000
2024-04-14T21:00:00,4.065,-,0.000
2024-04-14T20:45:00,4.065,-,0.000
2024-04-14T20:30:00,4.065,-,0.000
2024-04-14T20:15:00,4.063,-,0.000
2024-04-14T20:00:00,4.063,-,0.000
2024-04-14T19:45:00,4.063,-,0.000
2024-04-14T19:30:00,4.062,-,0.000
2024-04-14T19:15:00,4.061,-,0.000
2024-04-14T19:00:00,4.061,-,0.000
2024-04-14T18:45:00,4.059,-,0.000
2024-04-14T18:30:00,4.058,-,0.000
2024-04-14T18:15:00,4.056,-,0.000
2024-04-14T18:00:00,4.058,-,0.000
2024-04-14T17:45:00,4.058,-,0.000
2024-04-14T17:30:00,4.058,-,0.000
2024-04-14T17:15:00,4.058,-,0.000
2024-04-14T17:00:00,4.058,-,0.000
2024-04-14T16:45:00,4.057,-,0.000
2024-04-14T16:30:00,4.057,-,0.000
2024-04-14T16:15:00,4.063,-,0.000
2024-04-14T16:00:00,4.064,-,0.000
2024-04-14T15:45:00,4.057,-,0.000
2024-04-14T15:30:00,4.065,-,0.000
2024-04-14T15:15:00,4.064,-,0.000
2024-04-14T15:00:00,4.059,-,0.000
2024-04-14T14:45:00,4.055,-,0.000
2024-04-14T14:30:00,4.050,-,0.000
2024-04-14T14:15:00,4.045,-,0.000
2024-04-14T14:00:00,4.041,-,0.000
2024-04-14T13:45:00,4.037,-,0.000
2024-04-14T13:30:00,4.033,-,0.000
2024-04-14T13:15:00,4.030,-,0.000
2024-04-14T13:00:00,4.024,-,0.000
2024-04-14T12:45:00,4.016,-,0.000
2024-04-14T12:30:00,4.014,-,0.000
2024-04-14T12:15:00,4.002,-,0.000
2024-04-14T12:00:00,4.002,-,0.000
2024-04-14T11:45:00,4.002,-,0.000
2024-04-14T11:30:00,4.004,-,0.000
2024-04-14T11:15:00,4.004,-,0.000
2024-04-14T11:00:00,4.005,-,0.000
2024-04-14T10:45:00,4.006,-,0.000
2024-04-14T10:30:00,4.008,-,0.000
2024-04-14T10:15:00,4.010,-,0.000
2024-04-14T10:00:00,4.013,-,0.000
2024-04-14T09:45:00,4.016,-,0.000
2024-04-14T09:30:00,4.018,-,0.000
2024-04-14T09:15:00,4.021,-,0.000
2024-04-14T09:00:00,4.025,-,0.000
2024-04-14T08:45:00,4.027,-,0.000
2024-04-14T08:30:00,4.031,-,0.000
2024-04-14T08:15:00,4.034,-,0.000
2024-04-14T08:00:00,4.037,-,0.000
2024-04-14T07:45:00,4.041,-,0.000
2024-04-14T07:30:00,4.045,-,0.000
2024-04-14T07:15:00,4.049,-,0.000
2024-04-14T07:00:00,4.053,-,0.000
2024-04-14T06:45:00,4.056,-,0.000
2024-04-14T06:30:00,4.060,-,0.000
2024-04-14T06:15:00,4.065,-,0.000
2024-04-14T06:00:00,4.070,-,0.000
2024-04-14T05:45:00,4.073,-,0.000
2024-04-14T05:30:00,4.077,-,0.000
2024-04-14T05:15:00,4.087,-,0.000
2024-04-14T05:00:00,4.089,-,0.000
2024-04-14T04:45:00,4.100,-,0.000
2024-04-14T04:30:00,4.102,-,0.000
2024-04-14T04:15:00,4.105,-,0.000
2024-04-14T04:00:00,4.108,-,0.000
2024-04-14T03:45:00,4.111,-,0.000
2024-04-14T03:30:00,4.114,-,0.000
2024-04-14T03:15:00,4.117,-,0.000
2024-04-14T03:00:00,4.120,-,0.000
2024-04-14T02:45:00,4.124,-,0.000
2024-04-14T02:30:00,4.127,-,0.000
2024-04-14T02:15:00,4.130,-,0.000
2024-04-14T02:00:00,4.134,-,0.000
2024-04-14T01:45:00,4.136,-,0.000
2024-04-14T01:30:00,4.140,-,0.000
2024-04-14T01:15:00,4.144,-,0.000
2024-04-14T01:00:00,4.147,-,0.000
2024-04-14T00:45:00,4.151,-,0.000
2024-04-14T00:30:00,4.155,-,0.000
2024-04-14T00:15:00,4.158,-,0.000
2024-04-14T00:00:00,4.161,-,0.000
2024-04-13T23:45:00,4.164,-,0.000
2024-04-13T23:30:00,4.168,-,0.000
2024-04-13T23:15:00,4.171,-,0.000
2024-04-13T23:00:00,4.175,-,0.000
2024-04-13T22:45:00,4.177,-,0.000
2024-04-13T22:30:00,4.179,-,0.000
2024-04-13T22:15:00,4.182,-,0.000
2024-04-13T22:00:00,4.185,-,0.000
2024-04-13T21:45:00,4.187,-,0.000
2024-04-13T21:30:00,4.188,-,0.000
2024-04-13T21:15:00,4.190,-,0.000
2024-04-13T21:00:00,4.192,-,0.000
2024-04-13T20:45:00,4.193,-,0.000
2024-04-13T20:30:00,4.194,-,0.000
2024-04-13T20:15:00,4.196,-,0.000
2024-04-13T20:00:00,4.195,-,0.000
2024-04-13T19:45:00,4.196,-,0.000
2024-04-13T19:30:00,4.201,-,0.000
2024-04-13T19:15:00,4.200,-,0.000
2024-04-13T19:00:00,4.206,-,0.000
2024-04-13T18:45:00,4.204,-,0.000
2024-04-13T18:30:00,4.199,-,0.000
2024-04-13T18:15:00,4.199,-,0.000
2024-04-13T18:00:00,4.194,-,0.000
2024-04-13T17:45:00,4.191,-,0.000
2024-04-13T17:30:00,4.191,-,0.000
2024-04-13T17:15:00,4.184,-,0.000
2024-04-13T17:00:00,4.180,-,0.000
2024-04-13T16:45:00,4.179,-,0.000
2024-04-13T16:30:00,4.170,-,8.000
2024-04-13T16:15:00,4.157,-,0.000
2024-04-13T16:00:00,4.159,-,0.000
2024-04-13T15:45:00,4.159,-,0.000
2024-04-13T15:30:00,4.151,-,0.000
2024-04-13T15:15:00,4.150,-,0.000
2024-04-13T15:00:00,4.149,-,0.000
2024-04-13T14:45:00,4.146,-,0.000
2024-04-13T14:30:00,4.147,-,0.000
2024-04-13T14:15:00,4.144,-,0.000
2024-04-13T14:00:00,4.139,-,0.000
2024-04-13T13:45:00,4.136,-,0.000
2024-04-13T13:30:00,4.133,-,0.000
2024-04-13T13:15:00,4.131,-,0.000
2024-04-13T13:00:00,4.130,-,0.000
2024-04-13T12:45:00,4.128,-,0.000
2024-04-13T12:30:00,4.126,-,0.000
2024-04-13T12:15:00,4.124,-,0.000
2024-04-13T12:00:00,4.121,-,0.000
2024-04-13T11:45:00,4.120,-,0.000
2024-04-13T11:30:00,4.118,-,0.000
2024-04-13T11:15:00,4.117,-,0.000
2024-04-13T11:00:00,4.116,-,0.000
2024-04-13T10:45:00,4.116,-,0.000
2024-04-13T10:30:00,4.115,-,0.000
2024-04-13T10:15:00,4.115,-,0.000
2024-04-13T10:00:00,4.115,-,0.000
2024-04-13T09:45:00,4.116,-,0.000
2024-04-13T09:30:00,4.117,-,0.000
2024-04-13T09:15:00,4.118,-,0.000
2024-04-13T09:00:00,4.119,-,0.000
2024-04-13T08:45:00,4.120,-,0.000
2024-04-13T08:30:00,4.121,-,0.000
2024-04-13T08:15:00,4.121,-,0.000
2024-04-13T08:00:00,4.122,-,0.000
2024-04-13T07:45:00,4.123,-,0.000
2024-04-13T07:30:00,4.125,-,0.000
2024-04-13T07:15:00,4.126,-,0.000
2024-04-13T07:00:00,4.127,-,0.000
2024-04-13T06:45:00,4.128,-,0.000
2024-04-13T06:30:00,4.129,-,0.000
2024-04-13T06:15:00,4.130,-,0.000
2024-04-13T06:00:00,4.131,-,0.000
2024-04-13T05:45:00,4.131,-,0.000
2024-04-13T05:30:00,4.132,-,0.000
2024-04-13T05:15:00,4.135,-,0.000
2024-04-13T05:00:00,4.135,-,0.000
2024-04-13T04:45:00,4.138,-,0.000
2024-04-13T04:30:00,4.138,-,0.000
2024-04-13T04:15:00,4.138,-,0.000
2024-04-13T04:00:00,4.137,-,0.000
2024-04-13T03:45:00,4.137,-,0.000
2024-04-13T03:30:00,4.137,-,0.000
2024-04-13T03:15:00,4.136,-,0.000
2024-04-13T03:00:00,4.135,-,0.000
2024-04-13T02:45:00,4.134,-,0.000
2024-04-13T02:30:00,4.133,-,0.000
2024-04-13T02:15:00,4.132,-,0.000
2024-04-13T02:00:00,4.131,-,0.000
2024-04-13T01:45:00,4.129,-,0.000
2024-04-13T01:30:00,4.128,-,0.000
2024-04-13T01:15:00,4.126,-,0.000
2024-04-13T01:00:00,4.124,-,0.000
2024-04-13T00:45:00,4.123,-,0.000
2024-04-13T00:30:00,4.121,-,0.000
2024-04-13T00:15:00,4.120,-,0.000
2024-04-13T00:00:00,4.118,-,0.000
2024-04-12T23:45:00,4.117,-,0.000
2024-04-12T23:30:00,4.115,-,0.000
2024-04-12T23:15:00,4.114,-,0.000
2024-04-12T23:00:00,4.112,-,0.000
2024-04-12T22:45:00,4.111,-,0.000
2024-04-12T22:30:00,4.109,-,0.000
2024-04-12T22:15:00,4.107,-,0.000
2024-04-12T22:00:00,4.105,-,0.000
2024-04-12T21:45:00,4.102,-,0.000
2024-04-12T21:30:00,4.100,-,0.000
2024-04-12T21:15:00,4.097,-,0.000
2024-04-12T21:00:00,4.094,-,0.000
2024-04-12T20:45:00,4.091,-,0.000
2024-04-12T20:30:00,4.089,-,0.000
2024-04-12T20:15:00,4.086,-,0.000
2024-04-12T20:00:00,4.083,-,0.000
2024-04-12T19:45:00,4.080,-,0.000
2024-04-12T19:30:00,4.076,-,0.000
2024-04-12T19:15:00,4.074,-,0.000
2024-04-12T19:00:00,4.075,-,0.000
2024-04-12T18:45:00,4.067,-,0.000
2024-04-12T18:30:00,4.069,-,0.000
2024-04-12T18:15:00,4.070,-,0.000
2024-04-12T18:00:00,4.058,-,0.000
2024-04-12T17:45:00,4.054,-,0.000
2024-04-12T17:30:00,4.056,-,0.000
2024-04-12T17:15:00,4.058,-,0.000
2024-04-12T17:00:00,4.049,-,0.000
2024-04-12T16:45:00,4.041,-,0.000
2024-04-12T16:30:00,4.029,-,0.000
2024-04-12T16:15:00,4.018,-,0.000
2024-04-12T16:00:00,4.008,-,0.000
2024-04-12T15:45:00,3.995,-,0.000
2024-04-12T15:30:00,3.983,-,0.000
2024-04-12T15:15:00,3.972,-,0.000
2024-04-12T15:00:00,3.960,-,0.000
2024-04-12T14:45:00,3.950,-,0.000
2024-04-12T14:30:00,3.936,-,0.000
2024-04-12T14:15:00,3.925,-,0.000
2024-04-12T14:00:00,3.913,-,0.000
2024-04-12T13:45:00,3.901,-,0.000
2024-04-12T13:30:00,3.889,-,0.000
2024-04-12T13:15:00,3.876,-,0.000
2024-04-12T13:00:00,3.864,-,0.000
2024-04-12T12:45:00,3.851,-,0.000
2024-04-12T12:30:00,3.839,-,0.000
2024-04-12T12:15:00,3.827,-,0.000
2024-04-12T12:00:00,3.813,-,0.000
2024-04-12T11:45:00,3.802,-,0.000
2024-04-12T11:30:00,3.790,-,0.000
2024-04-12T11:15:00,3.777,-,0.000
2024-04-12T11:00:00,3.767,-,0.000
2024-04-12T10:45:00,3.756,-,0.000
2024-04-12T10:30:00,3.745,-,0.000
2024-04-12T10:15:00,3.733,-,0.000
2024-04-12T10:00:00,3.723,-,0.000
2024-04-12T09:45:00,3.714,-,0.000
2024-04-12T09:30:00,3.704,-,0.000
2024-04-12T09:15:00,3.693,-,0.000
2024-04-12T09:00:00,3.684,-,0.000
2024-04-12T08:45:00,3.675,-,0.000
2024-04-12T08:30:00,3.665,-,0.000
2024-04-12T08:15:00,3.656,-,0.000
2024-04-12T08:00:00,3.645,-,0.000
2024-04-12T07:45:00,3.635,-,0.000
2024-04-12T07:30:00,3.624,-,0.000
2024-04-12T07:15:00,3.615,-,0.000
2024-04-12T07:00:00,3.605,-,0.000
2024-04-12T06:45:00,3.594,-,0.000
2024-04-12T06:30:00,3.584,-,0.000
2024-04-12T06:15:00,3.574,-,0.000
2024-04-12T06:00:00,3.564,-,0.000
2024-04-12T05:45:00,3.554,-,0.000
2024-04-12T05:30:00,3.544,-,0.000
2024-04-12T05:15:00,3.534,-,0.000
2024-04-12T05:00:00,3.523,-,0.000
2024-04-12T04:45:00,3.512,-,0.000
2024-04-12T04:30:00,3.501,-,0.000
2024-04-12T04:15:00,3.490,-,0.000
2024-04-12T04:00:00,3.479,-,0.000
2024-04-12T03:45:00,3.468,-,0.000
2024-04-12T03:30:00,3.456,-,0.000
2024-04-12T03:15:00,3.444,-,0.000
2024-04-12T03:00:00,3.434,-,0.000
2024-04-12T02:45:00,3.423,-,0.000
2024-04-12T02:30:00,3.412,-,0.000
2024-04-12T02:15:00,3.401,-,0.000
2024-04-12T02:00:00,3.389,-,0.000
2024-04-12T01:45:00,3.377,-,0.000
2024-04-12T01:30:00,3.366,-,0.000
2024-04-12T01:15:00,3.354,-,0.000
2024-04-12T01:00:00,3.345,-,0.000
2024-04-12T00:45:00,3.337,-,0.000
2024-04-12T00:30:00,3.330,-,0.000
2024-04-12T00:15:00,3.323,-,0.000
2024-04-12T00:00:00,3.321,-,0.000
2024-04-11T23:45:00,3.321,-,0.000
2024-04-11T23:30:00,3.322,-,0.000
2024-04-11T23:15:00,3.322,-,0.000
2024-04-11T23:00:00,3.323,-,0.000
2024-04-11T22:45:00,3.324,-,0.000
2024-04-11T22:30:00,3.325,-,0.000
2024-04-11T22:15:00,3.326,-,0.000
2024-04-11T22:00:00,3.326,-,0.000
2024-04-11T21:45:00,3.327,-,0.000
2024-04-11T21:30:00,3.327,-,0.000
2024-04-11T21:15:00,3.328,-,0.000
2024-04-11T21:00:00,3.328,-,0.000
2024-04-11T20:45:00,3.328,-,0.000
2024-04-11T20:30:00,3.328,-,0.000
2024-04-11T20:15:00,3.329,-,0.000
2024-04-11T20:00:00,3.327,-,0.000
2024-04-11T19:45:00,3.329,-,0.000
2024-04-11T19:30:00,3.331,-,0.000
2024-04-11T19:15:00,3.330,-,0.000
2024-04-11T19:00:00,3.331,-,0.000
2024-04-11T18:45:00,3.331,-,0.000
2024-04-11T18:30:00,3.331,-,0.000
2024-04-11T18:15:00,3.331,-,0.000
2024-04-11T18:00:00,3.331,-,0.000
2024-04-11T17:45:00,3.331,-,0.000
2024-04-11T17:30:00,3.333,-,0.000
2024-04-11T17:15:00,3.333,-,0.000
2024-04-11T17:00:00,3.333,-,0.000
2024-04-11T16:45:00,3.332,-,0.000
2024-04-11T16:30:00,3.334,-,0.000
2024-04-11T16:15:00,3.335,-,0.000
2024-04-11T16:00:00,3.333,-,0.000
2024-04-11T15:45:00,3.335,-,0.000
2024-04-11T15:30:00,3.336,-,0.000
2024-04-11T15:15:00,3.334,-,0.000
2024-04-11T15:00:00,3.335,-,0.000
2024-04-11T14:45:00,3.335,-,0.000
2024-04-11T14:30:00,3.336,-,0.000
2024-04-11T14:15:00,3.335,-,0.000
2024-04-11T14:00:00,3.334,-,0.000
2024-04-11T13:45:00,3.335,-,0.000
2024-04-11T13:30:00,3.336,-,0.000
2024-04-11T13:15:00,3.336,-,0.000
2024-04-11T13:00:00,3.336,-,0.000
2024-04-11T12:45:00,3.337,-,0.000
2024-04-11T12:30:00,3.337,-,0.000
2024-04-11T12:15:00,3.338,-,0.000
2024-04-11T12:00:00,3.338,-,0.000
2024-04-11T11:45:00,3.339,-,0.000
2024-04-11T11:30:00,3.340,-,0.000
2024-04-11T11:15:00,3.341,-,0.000
2024-04-11T11:00:00,3.342,-,0.000
2024-04-11T10:45:00,3.343,-,0.000
2024-04-11T10:30:00,3.343,-,0.000
2024-04-11T10:15:00,3.344,-,0.000
2024-04-11T10:00:00,3.345,-,0.000
2024-04-11T09:45:00,3.346,-,0.000
2024-04-11T09:30:00,3.347,-,0.000
2024-04-11T09:15:00,3.347,-,0.000
2024-04-11T09:00:00,3.348,-,0.000
2024-04-11T08:45:00,3.350,-,0.000
2024-04-11T08:30:00,3.351,-,0.000
2024-04-11T08:15:00,3.351,-,0.000
2024-04-11T08:00:00,3.351,-,0.000
2024-04-11T07:45:00,3.353,-,0.000
2024-04-11T07:30:00,3.354,-,0.000
2024-04-11T07:15:00,3.354,-,0.000
2024-04-11T07:00:00,3.355,-,0.000
2024-04-11T06:45:00,3.355,-,0.000
2024-04-11T06:30:00,3.357,-,0.000
2024-04-11T06:15:00,3.357,-,0.000
2024-04-11T06:00:00,3.359,-,0.000
2024-04-11T05:45:00,3.359,-,0.000
2024-04-11T05:30:00,3.360,-,0.000
2024-04-11T05:15:00,3.361,-,0.000
2024-04-11T05:00:00,3.361,-,0.000
2024-04-11T04:45:00,3.363,-,0.000
2024-04-11T04:30:00,3.363,-,0.000
2024-04-11T04:15:00,3.364,-,0.000
2024-04-11T04:00:00,3.366,-,0.000
2024-04-11T03:45:00,3.365,-,0.000
2024-04-11T03:30:00,3.366,-,0.000
2024-04-11T03:15:00,3.367,-,0.000
2024-04-11T03:00:00,3.368,-,0.000
2024-04-11T02:45:00,3.368,-,0.000
2024-04-11T02:30:00,3.369,-,0.000
2024-04-11T02:15:00,3.370,-,0.000
2024-04-11T02:00:00,3.371,-,0.000
2024-04-11T01:45:00,3.372,-,0.000
2024-04-11T01:30:00,3.373,-,0.000
2024-04-11T01:15:00,3.373,-,0.000
2024-04-11T01:00:00,3.374,-,0.000
2024-04-11T00:45:00,3.374,-,0.000
2024-04-11T00:30:00,3.376,-,0.000
2024-04-11T00:15:00,3.376,-,0.000
2024-04-11T00:00:00,3.377,-,0.000
2024-04-10T23:45:00,3.378,-,0.000
2024-04-10T23:30:00,3.379,-,0.000
2024-04-10T23:15:00,3.379,-,0.000
2024-04-10T23:00:00,3.380,-,0.000
2024-04-10T22:45:00,3.381,-,0.000
2024-04-10T22:30:00,3.382,-,0.000
2024-04-10T22:15:00,3.383,-,0.000
2024-04-10T22:00:00,3.383,-,0.000
2024-04-10T21:45:00,3.384,-,0.000
2024-04-10T21:30:00,3.385,-,0.000
2024-04-10T21:15:00,3.386,-,0.000
2024-04-10T21:00:00,3.387,-,0.000
2024-04-10T20:45:00,3.387,-,0.000
2024-04-10T20:30:00,3.388,-,0.000
2024-04-10T20:15:00,3.389,-,0.000
2024-04-10T20:00:00,3.389,-,0.000
2024-04-10T19:45:00,3.391,-,0.000
2024-04-10T19:30:00,3.392,-,0.000
2024-04-10T19:15:00,3.393,-,0.000
2024-04-10T19:00:00,3.393,-,0.000
2024-04-10T18:45:00,3.394,-,0.000
2024-04-10T18:30:00,3.395,-,0.000
2024-04-10T18:15:00,3.396,-,0.000
2024-04-10T18:00:00,3.397,-,0.000
2024-04-10T17:45:00,3.398,-,0.000
2024-04-10T17:30:00,3.399,-,0.000
2024-04-10T17:15:00,3.400,-,0.000
2024-04-10T17:00:00,3.401,-,0.000
2024-04-10T16:45:00,3.401,-,0.000
2024-04-10T16:30:00,3.403,-,0.000
2024-04-10T16:15:00,3.404,-,0.000
2024-04-10T16:00:00,3.405,-,0.000
2024-04-10T15:45:00,3.406,-,0.000
2024-04-10T15:30:00,3.406,-,0.000
2024-04-10T15:15:00,3.407,-,0.000
2024-04-10T15:00:00,3.407,-,0.000
2024-04-10T14:45:00,3.408,-,0.000
2024-04-10T14:30:00,3.407,-,0.000
2024-04-10T14:15:00,3.409,-,0.000
2024-04-10T14:00:00,3.409,-,0.000
2024-04-10T13:45:00,3.411,-,0.000
2024-04-10T13:30:00,3.412,-,0.000
2024-04-10T13:15:00,3.411,-,0.000
2024-04-10T13:00:00,3.414,-,0.000
2024-04-10T12:45:00,3.414,-,0.000
2024-04-10T12:30:00,3.415,-,0.000
2024-04-10T12:15:00,3.415,-,0.000
2024-04-10T12:00:00,3.414,-,0.000
2024-04-10T11:45:00,3.416,-,0.000
2024-04-10T11:30:00,3.416,-,0.000
2024-04-10T11:15:00,3.416,-,0.000
2024-04-10T11:00:00,3.419,-,0.000
2024-04-10T10:45:00,3.418,-,0.000
2024-04-10T10:30:00,3.419,-,0.000
2024-04-10T10:15:00,3.420,-,0.000
2024-04-10T10:00:00,3.420,-,0.000
2024-04-10T09:45:00,3.420,-,0.000
2024-04-10T09:30:00,3.421,-,0.000
2024-04-10T09:15:00,3.422,-,0.000
2024-04-10T09:00:00,3.422,-,0.000
2024-04-10T08:45:00,3.423,-,0.000
2024-04-10T08:30:00,3.423,-,0.000
2024-04-10T08:15:00,3.424,-,0.000
2024-04-10T08:00:00,3.424,-,0.000
2024-04-10T07:45:00,3.424,-,0.000
2024-04-10T07:30:00,3.424,-,0.000
2024-04-10T07:15:00,3.425,-,0.000
2024-04-10T07:00:00,3.426,-,0.000
2024-04-10T06:45:00,3.427,-,0.000
2024-04-10T06:30:00,3.428,-,0.000
2024-04-10T06:15:00,3.427,-,0.000
2024-04-10T06:00:00,3.428,-,0.000
2024-04-10T05:45:00,3.426,-,0.000
2024-04-10T05:30:00,3.428,-,0.000
2024-04-10T05:15:00,3.430,-,0.000
2024-04-10T05:00:00,3.432,-,0.000
2024-04-10T04:45:00,3.434,-,0.000
2024-04-10T04:30:00,3.436,-,0.000
2024-04-10T04:15:00,3.439,-,0.000
2024-04-10T04:00:00,3.440,-,0.000
2024-04-10T03:45:00,3.442,-,0.000
2024-04-10T03:30:00,3.444,-,0.000
2024-04-10T03:15:00,3.446,-,0.000
2024-04-10T03:00:00,3.448,-,0.000
2024-04-10T02:45:00,3.451,-,0.000
2024-04-10T02:30:00,3.453,-,0.000
2024-04-10T02:15:00,3.455,-,0.000
2024-04-10T02:00:00,3.458,-,0.000
2024-04-10T01:45:00,3.460,-,0.000
2024-04-10T01:30:00,3.462,-,0.000
2024-04-10T01:15:00,3.464,-,0.000
2024-04-10T01:00:00,3.467,-,0.000
2024-04-10T00:45:00,3.468,-,0.000
2024-04-10T00:30:00,3.471,-,0.000
2024-04-10T00:15:00,3.473,-,0.000
2024-04-10T00:00:00,3.475,-,0.000
2024-04-09T23:45:00,3.478,-,0.000
2024-04-09T23:30:00,3.480,-,0.000
2024-04-09T23:15:00,3.481,-,0.000
2024-04-09T23:00:00,3.544,-,0.000
2024-04-09T22:45:00,3.544,-,0.000
2024-04-09T22:30:00,3.544,-,0.000
2024-04-09T22:15:00,3.544,-,0.000
2024-04-09T22:00:00,3.544,-,0.000
2024-04-09T21:45:00,3.544,-,0.000
2024-04-09T21:30:00,3.544,-,0.000
2024-04-09T21:15:00,3.544,-,0.000
2024-04-09T21:00:00,3.544,-,0.000
2024-04-09T20:45:00,3.544,-,0.000
2024-04-09T20:30:00,3.544,-,0.000
2024-04-09T20:15:00,3.544,-,0.000
2024-04-09T20:00:00,3.544,-,0.000
2024-04-09T19:45:00,3.544,-,0.000
2024-04-09T19:30:00,3.544,-,0.000
2024-04-09T19:15:00,3.544,-,0.000
2024-04-09T19:00:00,3.544,-,0.000
2024-04-09T18:45:00,3.544,-,0.000
2024-04-09T18:30:00,3.544,-,0.000
2024-04-09T18:15:00,3.544,-,0.000
2024-04-09T18:00:00,3.544,-,0.000
2024-04-09T17:45:00,3.544,-,0.000
2024-04-09T17:30:00,3.544,-,0.000
2024-04-09T17:15:00,3.544,-,0.000
2024-04-09T17:00:00,3.544,-,0.000
2024-04-09T16:45:00,3.544,-,0.000
2024-04-09T16:30:00,3.546,-,0.000
2024-04-09T16:15:00,3.548,-,0.000
2024-04-09T16:00:00,3.549,-,0.000
2024-04-09T15:45:00,3.552,-,0.000
2024-04-09T15:30:00,3.555,-,0.000
2024-04-09T15:15:00,3.557,-,0.000
2024-04-09T15:00:00,3.558,-,0.000
2024-04-09T14:45:00,3.560,-,0.000
2024-04-09T14:30:00,3.564,-,0.000
2024-04-09T14:15:00,3.566,-,0.000
2024-04-09T14:00:00,3.568,-,0.000
2024-04-09T13:45:00,3.570,-,0.000
2024-04-09T13:30:00,3.571,-,0.000
2024-04-09T13:15:00,3.573,-,0.000
2024-04-09T13:00:00,3.576,-,0.000
2024-04-09T12:45:00,3.577,-,0.000
2024-04-09T12:30:00,3.582,-,0.000
2024-04-09T12:15:00,3.583,-,0.000
2024-04-09T12:00:00,3.585,-,0.000
2024-04-09T11:45:00,3.586,-,0.000
2024-04-09T11:30:00,3.591,-,0.000
2024-04-09T11:15:00,3.591,-,0.000
2024-04-09T11:00:00,3.594,-,0.000
2024-04-09T10:45:00,3.597,-,0.000
2024-04-09T10:30:00,3.599,-,0.000
2024-04-09T10:15:00,3.603,-,0.000
2024-04-09T10:00:00,3.603,-,0.000
2024-04-09T09:45:00,3.604,-,0.000
2024-04-09T09:30:00,3.606,-,0.000
2024-04-09T09:15:00,3.609,-,0.000
2024-04-09T09:00:00,3.613,-,0.000
2024-04-09T08:45:00,3.613,-,0.000
2024-04-09T08:30:00,3.614,-,0.000
2024-04-09T08:15:00,3.617,-,0.000
2024-04-09T08:00:00,3.622,-,0.000
2024-04-09T07:45:00,3.630,-,0.000
2024-04-09T07:30:00,3.622,-,0.000
2024-04-09T07:15:00,3.619,-,0.000
2024-04-09T07:00:00,3.624,-,0.000
2024-04-09T06:45:00,3.632,-,0.000
2024-04-09T06:30:00,3.643,-,0.000
2024-04-09T06:15:00,3.650,-,0.000
2024-04-09T06:00:00,3.650,-,0.000
2024-04-09T05:45:00,3.654,-,0.000
2024-04-09T05:30:00,3.663,-,0.000
2024-04-09T05:15:00,3.672,-,0.000
2024-04-09T05:00:00,3.680,-,0.000
2024-04-09T04:45:00,3.689,-,0.000
2024-04-09T04:30:00,3.700,-,0.000
2024-04-09T04:15:00,3.709,-,0.000
2024-04-09T04:00:00,3.718,-,0.000
2024-04-09T03:45:00,3.728,-,0.000
2024-04-09T03:30:00,3.738,-,0.000
2024-04-09T03:15:00,3.747,-,0.000
2024-04-09T03:00:00,3.757,-,0.000
2024-04-09T02:45:00,3.766,-,0.000
2024-04-09T02:30:00,3.776,-,0.000
2024-04-09T02:15:00,3.785,-,0.000
2024-04-09T02:00:00,3.794,-,0.000
2024-04-09T01:45:00,3.803,-,0.000
2024-04-09T01:30:00,3.812,-,0.000
2024-04-09T01:15:00,3.822,-,0.000
2024-04-09T01:00:00,3.831,-,0.000
2024-04-09T00:45:00,3.839,-,0.000
2024-04-09T00:30:00,3.848,-,0.000
2024-04-09T00:15:00,3.856,-,0.000
2024-04-09T00:00:00,3.864,-,0.000
2024-04-08T23:45:00,3.871,-,0.000
2024-04-08T23:30:00,3.878,-,0.000
2024-04-08T23:15:00,3.884,-,0.000
2024-04-08T23:00:00,3.889,-,0.000
2024-04-08T22:45:00,3.894,-,0.000
2024-04-08T22:30:00,3.898,-,0.000
2024-04-08T22:15:00,3.901,-,0.000
2024-04-08T22:00:00,3.903,-,0.000
2024-04-08T21:45:00,3.903,-,0.000
2024-04-08T21:30:00,3.904,-,0.000
2024-04-08T21:15:00,3.904,-,0.000
2024-04-08T21:00:00,3.904,-,0.000
2024-04-08T20:45:00,3.903,-,0.000
2024-04-08T20:30:00,3.903,-,0.000
2024-04-08T20:15:00,3.902,-,0.000
2024-04-08T20:00:00,3.902,-,0.000
2024-04-08T19:45:00,3.901,-,0.000
2024-04-08T19:30:00,3.901,-,0.000
2024-04-08T19:15:00,3.900,-,0.000
2024-04-08T19:00:00,3.900,-,0.000
2024-04-08T18:45:00,3.899,-,0.000
2024-04-08T18:30:00,3.898,-,0.000
2024-04-08T18:15:00,3.897,-,0.000
2024-04-08T18:00:00,3.896,-,0.000
2024-04-08T17:45:00,3.896,-,0.000
2024-04-08T17:30:00,3.896,-,0.000
2024-04-08T17:15:00,3.895,-,0.000
2024-04-08T17:00:00,3.895,-,0.000
2024-04-08T16:45:00,3.894,-,0.000
2024-04-08T16:30:00,3.895,-,0.000
2024-04-08T16:15:00,3.894,-,0.000
2024-04-08T16:00:00,3.894,-,0.000
2024-04-08T15:45:00,3.891,-,0.000
2024-04-08T15:30:00,3.892,-,0.000
2024-04-08T15:15:00,3.893,-,0.000
2024-04-08T15:00:00,3.891,-,0.000
2024-04-08T14:45:00,3.894,-,0.000
2024-04-08T14:30:00,3.894,-,0.000
2024-04-08T14:15:00,3.892,-,0.000
2024-04-08T14:00:00,3.890,-,0.000
2024-04-08T13:45:00,3.891,-,0.000
2024-04-08T13:30:00,3.889,-,0.000
2024-04-08T13:15:00,3.889,-,0.000
2024-04-08T13:00:00,3.888,-,0.000
2024-04-08T12:45:00,3.887,-,0.000
2024-04-08T12:30:00,3.886,-,0.000
2024-04-08T12:15:00,3.887,-,0.000
2024-04-08T12:00:00,3.885,-,0.000
2024-04-08T11:45:00,3.887,-,0.000
2024-04-08T11:30:00,3.886,-,0.000
2024-04-08T11:15:00,3.886,-,0.000
2024-04-08T11:00:00,3.884,-,0.000
2024-04-08T10:45:00,3.884,-,0.000
2024-04-08T10:30:00,3.884,-,0.000
2024-04-08T10:15:00,3.885,-,0.000
2024-04-08T10:00:00,3.885,-,0.000
2024-04-08T09:45:00,3.884,-,0.000
2024-04-08T09:30:00,3.885,-,0.000
2024-04-08T09:15:00,3.885,-,0.000
2024-04-08T09:00:00,3.885,-,0.000
2024-04-08T08:45:00,3.885,-,0.000
2024-04-08T08:30:00,3.886,-,0.000
2024-04-08T08:15:00,3.886,-,0.000
2024-04-08T08:00:00,3.889,-,0.000
2024-04-08T07:45:00,3.889,-,0.000
2024-04-08T07:30:00,3.885,-,0.000
2024-04-08T07:15:00,3.882,-,0.000
2024-04-08T07:00:00,3.877,-,0.000
2024-04-08T06:45:00,3.867,-,0.000
2024-04-08T06:30:00,3.871,-,0.000
2024-04-08T06:15:00,3.909,-,0.000
2024-04-08T06:00:00,3.904,-,0.000
2024-04-08T05:45:00,3.896,-,0.000
2024-04-08T05:30:00,3.881,-,0.000
2024-04-08T05:15:00,3.871,-,0.000
2024-04-08T05:00:00,3.872,-,0.000
2024-04-08T04:45:00,3.846,-,0.000
2024-04-08T04:30:00,3.848,-,0.000
2024-04-08T04:15:00,3.849,-,0.000
2024-04-08T04:00:00,3.852,-,0.000
2024-04-08T03:45:00,3.853,-,0.000
2024-04-08T03:30:00,3.856,-,0.000
2024-04-08T03:15:00,3.858,-,0.000
2024-04-08T03:00:00,3.861,-,0.000
2024-04-08T02:45:00,3.863,-,0.000
2024-04-08T02:30:00,3.866,-,0.000
2024-04-08T02:15:00,3.868,-,0.000
2024-04-08T02:00:00,3.870,-,0.000
2024-04-08T01:45:00,3.873,-,0.000
2024-04-08T01:30:00,3.875,-,0.000
2024-04-08T01:15:00,3.878,-,0.000
2024-04-08T01:00:00,3.880,-,0.000
2024-04-08T00:45:00,3.882,-,0.000
2024-04-08T00:30:00,3.885,-,0.000
2024-04-08T00:15:00,3.887,-,0.000
2024-04-08T00:00:00,3.890,-,0.000
2024-04-21T23:45:00,3.891,-,0.000
2024-04-21T23:30:00,3.892,-,0.000
2024-04-21T23:15:00,3.893,-,0.000
2024-04-21T23:00:00,3.894,-,0.000
2024-04-21T22:45:00,3.895,-,0.000
2024-04-21T22:30:00,3.895,-,0.000
2024-04-21T22:15:00,3.895,-,0.000
2024-04-21T22:00:00,3.894,-,0.000
2024-04-21T21:45:00,3.894,-,0.000
2024-04-21T21:30:00,3.893,-,0.000
2024-04-21T21:15:00,3.892,-,0.000
2024-04-21T21:00:00,3.891,-,0.000
2024-04-21T20:45:00,3.890,-,0.000
2024-04-21T20:30:00,3.888,-,0.000
2024-04-21T20:15:00,3.887,-,0.000
2024-04-21T20:00:00,3.885,-,0.000
2024-04-21T19:45:00,3.884,-,0.000
2024-04-21T19:30:00,3.883,-,0.000
2024-04-21T19:15:00,3.882,-,0.000
2024-04-21T19:00:00,3.881,-,0.000
2024-04-21T18:45:00,3.879,-,0.000
2024-04-21T18:30:00,3.878,-,0.000
2024-04-21T18:15:00,3.877,-,0.000
2024-04-21T18:00:00,3.875,-,0.000
2024-04-21T17:45:00,3.874,-,0.000
2024-04-21T17:30:00,3.873,-,0.000
2024-04-21T17:15:00,3.870,-,0.000
2024-04-21T17:00:00,3.870,-,0.000
2024-04-21T16:45:00,3.868,-,0.000
2024-04-21T16:30:00,3.868,-,0.000
2024-04-21T16:15:00,3.865,-,0.000
2024-04-21T16:00:00,3.864,-,0.000
2024-04-21T15:45:00,3.862,-,0.000
2024-04-21T15:30:00,3.866,-,0.000
2024-04-21T15:15:00,3.864,-,0.000
2024-04-21T15:00:00,3.867,-,0.000
2024-04-21T14:45:00,3.860,-,0.000
2024-04-21T14:30:00,3.856,-,0.000
2024-04-21T14:15:00,3.851,-,0.000
2024-04-21T14:00:00,3.846,-,0.000
2024-04-21T13:45:00,3.840,-,0.000
2024-04-21T13:30:00,3.834,-,0.000
2024-04-21T13:15:00,3.828,-,0.000
2024-04-21T13:00:00,3.823,-,0.000
2024-04-21T12:45:00,3.817,-,0.000
2024-04-21T12:30:00,3.811,-,0.000
2024-04-21T12:15:00,3.805,-,0.000
2024-04-21T12:00:00,3.800,-,0.000
2024-04-21T11:45:00,3.792,-,0.000
2024-04-21T11:30:00,3.787,-,0.000
2024-04-21T11:15:00,3.781,-,0.000
2024-04-21T11:00:00,3.776,-,0.000
2024-04-21T10:45:00,3.772,-,0.000
2024-04-21T10:30:00,3.766,-,0.000
2024-04-21T10:15:00,3.757,-,0.000
2024-04-21T10:00:00,3.757,-,0.000
2024-04-21T09:45:00,3.743,-,0.000
2024-04-21T09:30:00,3.746,-,0.000
2024-04-21T09:15:00,3.745,-,0.000
2024-04-21T09:00:00,3.749,-,0.000
2024-04-21T08:45:00,3.749,-,0.000
2024-04-21T08:30:00,3.749,-,0.000
2024-04-21T08:15:00,3.749,-,0.000
2024-04-21T08:00:00,3.750,-,0.000
2024-04-21T07:45:00,3.751,-,0.000
2024-04-21T07:30:00,3.750,-,0.000
2024-04-21T07:15:00,3.749,-,0.000
2024-04-21T07:00:00,3.750,-,0.000
2024-04-21T06:45:00,3.754,-,0.000
2024-04-21T06:30:00,3.754,-,0.000
2024-04-21T06:15:00,3.739,-,0.000
2024-04-21T06:00:00,3.742,-,0.000
2024-04-21T05:45:00,3.747,-,0.000
2024-04-21T05:30:00,3.751,-,0.000
2024-04-21T05:15:00,3.757,-,0.000
2024-04-21T05:00:00,3.763,-,0.000
2024-04-21T04:45:00,3.771,-,0.000
2024-04-21T04:30:00,3.778,-,0.000
2024-04-21T04:15:00,3.783,-,0.000
2024-04-21T04:00:00,3.790,-,0.000
2024-04-21T03:45:00,3.795,-,0.000
2024-04-21T03:30:00,3.800,-,0.000
2024-04-21T03:15:00,3.807,-,0.000
2024-04-21T03:00:00,3.814,-,0.000
2024-04-21T02:45:00,3.820,-,0.000
2024-04-21T02:30:00,3.827,-,0.000
2024-04-21T02:15:00,3.833,-,0.000
2024-04-21T02:00:00,3.840,-,0.000
2024-04-21T01:45:00,3.846,-,0.000
2024-04-21T01:30:00,3.853,-,0.000
2024-04-21T01:15:00,3.861,-,0.000
2024-04-21T01:00:00,3.867,-,0.000
2024-04-21T00:45:00,3.875,-,0.000
2024-04-21T00:30:00,3.881,-,0.000
2024-04-21T00:15:00,3.890,-,0.000
2024-04-21T00:00:00,3.898,-,0.000
2024-04-20T23:45:00,3.905,-,0.000
2024-04-20T23:30:00,3.911,-,0.000
2024-04-20T23:15:00,3.918,-,0.000
2024-04-20T23:00:00,3.925,-,0.000
2024-04-20T22:45:00,3.932,-,0.000
2024-04-20T22:30:00,3.939,-,0.000
2024-04-20T22:15:00,3.946,-,0.000
2024-04-20T22:00:00,3.953,-,0.000
2024-04-20T21:45:00,3.960,-,0.000
2024-04-20T21:30:00,3.967,-,0.000
2024-04-20T21:15:00,3.974,-,0.000
2024-04-20T21:00:00,3.982,-,0.000
2024-04-20T20:45:00,3.989,-,0.000
2024-04-20T20:30:00,3.996,-,0.000
2024-04-20T20:15:00,4.004,-,0.000
2024-04-20T20:00:00,4.012,-,0.000
2024-04-20T19:45:00,4.018,-,0.000
2024-04-20T19:30:00,4.025,-,0.000
2024-04-20T19:15:00,4.033,-,0.000
2024-04-20T19:00:00,4.042,-,0.000
2024-04-20T18:45:00,4.051,-,0.000
2024-04-20T18:30:00,4.060,-,0.000
2024-04-20T18:15:00,4.068,-,0.000
2024-04-20T18:00:00,4.077,-,0.000
2024-04-20T17:45:00,4.083,-,0.000
2024-04-20T17:30:00,4.092,-,0.000
2024-04-20T17:15:00,4.101,-,0.000
2024-04-20T17:00:00,4.116,-,0.000
2024-04-20T16:45:00,4.132,-,0.000
2024-04-20T16:30:00,4.147,-,0.000
2024-04-20T16:15:00,4.161,-,0.000
2024-04-20T16:00:00,4.176,-,0.000
2024-04-20T15:45:00,4.193,-,0.000
2024-04-20T15:30:00,4.209,-,0.000
2024-04-20T15:15:00,4.227,-,0.000
2024-04-20T15:00:00,4.243,-,0.000
2024-04-20T14:45:00,4.263,-,0.000
2024-04-20T14:30:00,4.279,-,0.000
2024-04-20T14:15:00,4.302,-,0.000
2024-04-20T14:00:00,4.313,-,0.000
2024-04-20T13:45:00,4.329,-,0.000
2024-04-20T13:30:00,4.341,-,0.000
2024-04-20T13:15:00,4.356,-,0.000
2024-04-20T13:00:00,4.372,-,0.000
2024-04-20T12:45:00,4.388,-,0.000
2024-04-20T12:30:00,4.404,-,0.000
2024-04-20T12:15:00,4.417,-,0.000
2024-04-20T12:00:00,4.437,-,0.000
2024-04-20T11:45:00,4.451,-,0.000
2024-04-20T11:30:00,4.464,-,0.000
2024-04-20T11:15:00,4.500,-,0.000
2024-04-20T11:00:00,4.521,-,0.000
2024-04-20T10:45:00,4.551,-,0.000
2024-04-20T10:30:00,4.549,-,0.000
2024-04-20T10:15:00,4.546,-,0.000
2024-04-20T10:00:00,4.543,-,0.000
2024-04-20T09:45:00,4.541,-,0.000
2024-04-20T09:30:00,4.538,-,0.000
2024-04-20T09:15:00,4.537,-,0.000
2024-04-20T09:00:00,4.534,-,0.000
2024-04-20T08:45:00,4.417,-,0.000
2024-04-20T08:30:00,4.417,-,0.000
2024-04-20T08:15:00,4.417,-,0.000
2024-04-20T08:00:00,4.417,-,0.000
2024-04-20T07:45:00,4.417,-,0.000
2024-04-20T07:30:00,4.417,-,0.000
2024-04-20T07:15:00,4.417,-,0.000
2024-04-20T07:00:00,4.417,-,0.000
2024-04-20T06:45:00,4.417,-,0.000
2024-04-20T06:30:00,4.417,-,0.000
2024-04-20T06:15:00,4.417,-,0.000
2024-04-20T06:00:00,4.417,-,0.000
2024-04-20T05:45:00,4.417,-,0.000
2024-04-20T05:30:00,4.417,-,0.000
2024-04-20T05:15:00,4.417,-,0.000
2024-04-20T05:00:00,4.417,-,0.000
2024-04-20T04:45:00,4.417,-,0.000
2024-04-20T04:30:00,4.417,-,0.000
2024-04-20T04:15:00,4.417,-,0.000
2024-04-20T04:00:00,4.417,-,0.000
2024-04-20T03:45:00,4.417,-,0.000
2024-04-20T03:30:00,4.417,-,0.000
2024-04-20T03:15:00,4.417,-,0.000
2024-04-20T03:00:00,4.417,-,0.000
2024-04-20T02:45:00,4.417,-,0.000
2024-04-20T02:30:00,4.417,-,0.000
2024-04-20T02:15:00,4.417,-,0.000
2024-04-20T02:00:00,4.417,-,0.000
2024-04-20T01:45:00,4.417,-,0.000
2024-04-20T01:30:00,4.417,-,0.000
2024-04-20T01:15:00,4.417,-,0.000
2024-04-20T01:00:00,4.414,-,0.000
2024-04-20T00:45:00,4.409,-,0.000
2024-04-20T00:30:00,4.405,-,0.000
2024-04-20T00:15:00,4.401,-,0.000
2024-04-20T00:00:00,4.396,-,0.000
2024-04-19T23:45:00,4.391,-,0.000
2024-04-19T23:30:00,4.386,-,0.000
2024-04-19T23:15:00,4.381,-,0.000
2024-04-19T23:00:00,4.376,-,0.000
2024-04-19T22:45:00,4.371,-,0.000
2024-04-19T22:30:00,4.365,-,0.000
2024-04-19T22:15:00,4.360,-,0.000
2024-04-19T22:00:00,4.354,-,0.000
2024-04-19T21:45:00,4.347,-,0.000
2024-04-19T21:30:00,4.341,-,0.000
2024-04-19T21:15:00,4.334,-,0.000
2024-04-19T21:00:00,4.329,-,0.000
2024-04-19T20:45:00,4.321,-,0.000
2024-04-19T20:30:00,4.314,-,0.000
2024-04-19T20:15:00,4.308,-,0.000
2024-04-19T20:00:00,4.301,-,0.000
2024-04-19T19:45:00,4.295,-,0.000
2024-04-19T19:30:00,4.287,-,0.000
2024-04-19T19:15:00,4.280,-,0.000
2024-04-19T19:00:00,4.273,-,0.000
2024-04-19T18:45:00,4.265,-,0.000
2024-04-19T18:30:00,4.257,-,0.000
2024-04-19T18:15:00,4.249,-,0.000
2024-04-19T18:00:00,4.241,-,0.000
2024-04-19T17:45:00,4.235,-,0.000
2024-04-19T17:30:00,4.228,-,0.000
2024-04-19T17:15:00,4.222,-,0.000
2024-04-19T17:00:00,4.213,-,0.000
2024-04-19T16:45:00,4.207,-,0.000
2024-04-19T16:30:00,4.201,-,0.000
2024-04-19T16:15:00,4.193,-,0.000
2024-04-19T16:00:00,4.186,-,0.000
2024-04-19T15:45:00,4.179,-,0.000
2024-04-19T15:30:00,4.169,-,0.000
2024-04-19T15:15:00,4.162,-,0.000
2024-04-19T15:00:00,4.152,-,0.000
2024-04-19T14:45:00,4.144,-,0.000
2024-04-19T14:30:00,4.132,-,0.000
2024-04-19T14:15:00,4.124,-,0.000
2024-04-19T14:00:00,4.118,-,0.000
2024-04-19T13:45:00,4.108,-,0.000
2024-04-19T13:30:00,4.101,-,0.000
2024-04-19T13:15:00,4.091,-,0.000
2024-04-19T13:00:00,4.083,-,0.000
2024-04-19T12:45:00,4.073,-,0.000
2024-04-19T12:30:00,4.064,-,0.000
2024-04-19T12:15:00,4.058,-,0.000
2024-04-19T12:00:00,4.050,-,0.000
2024-04-19T11:45:00,4.042,-,0.000
2024-04-19T11:30:00,4.035,-,0.000
2024-04-19T11:15:00,4.025,-,0.000
2024-04-19T11:00:00,4.017,-,0.000
2024-04-19T10:45:00,4.006,-,0.000
2024-04-19T10:30:00,3.999,-,0.000
2024-04-19T10:15:00,3.990,-,0.000
2024-04-19T10:00:00,3.981,-,0.000
2024-04-19T09:45:00,3.972,-,0.000
2024-04-19T09:30:00,3.963,-,0.000
2024-04-19T09:15:00,3.955,-,0.000
2024-04-19T09:00:00,3.945,-,0.000
2024-04-19T08:45:00,3.936,-,0.000
2024-04-19T08:30:00,3.928,-,0.000
2024-04-19T08:15:00,3.919,-,0.000
2024-04-19T08:00:00,3.911,-,0.000
2024-04-19T07:45:00,3.901,-,0.000
2024-04-19T07:30:00,3.891,-,0.000
2024-04-19T07:15:00,3.882,-,0.000
2024-04-19T07:00:00,3.872,-,0.000
2024-04-19T06:45:00,3.863,-,0.000
2024-04-19T06:30:00,3.854,-,0.000
2024-04-19T06:15:00,3.844,-,0.000
2024-04-19T06:00:00,3.834,-,0.000
2024-04-19T05:45:00,3.824,-,0.000
2024-04-19T05:30:00,3.815,-,0.000
2024-04-19T05:15:00,3.805,-,0.000
2024-04-19T05:00:00,3.795,-,0.000
2024-04-19T04:45:00,3.786,-,0.000
2024-04-19T04:30:00,3.775,-,0.000
2024-04-19T04:15:00,3.767,-,0.000
2024-04-19T04:00:00,3.757,-,0.000
2024-04-19T03:45:00,3.746,-,0.000
2024-04-19T03:30:00,3.738,-,0.000
2024-04-19T03:15:00,3.727,-,0.000
2024-04-19T03:00:00,3.717,-,0.000
2024-04-19T02:45:00,3.707,-,0.000
2024-04-19T02:30:00,3.697,-,0.000
2024-04-19T02:15:00,3.687,-,0.000
2024-04-19T02:00:00,3.678,-,0.000
2024-04-19T01:45:00,3.669,-,0.000
2024-04-19T01:30:00,3.660,-,0.000
2024-04-19T01:15:00,3.651,-,0.000
2024-04-19T01:00:00,3.641,-,0.000
2024-04-19T00:45:00,3.631,-,0.000
2024-04-19T00:30:00,3.622,-,0.000
2024-04-19T00:15:00,3.614,-,0.000
2024-04-19T00:00:00,3.608,-,0.000
2024-04-18T23:45:00,3.602,-,0.000
2024-04-18T23:30:00,3.598,-,0.000
2024-04-18T23:15:00,3.597,-,0.000
2024-04-18T23:00:00,3.598,-,0.000
2024-04-18T22:45:00,3.600,-,0.000
2024-04-18T22:30:00,3.602,-,0.000
2024-04-18T22:15:00,3.603,-,0.000
2024-04-18T22:00:00,3.606,-,0.000
2024-04-18T21:45:00,3.608,-,0.000
2024-04-18T21:30:00,3.610,-,0.000
2024-04-18T21:15:00,3.612,-,0.000
2024-04-18T21:00:00,3.614,-,0.000
2024-04-18T20:45:00,3.617,-,0.000
2024-04-18T20:30:00,3.620,-,0.000
2024-04-18T20:15:00,3.621,-,0.000
2024-04-18T20:00:00,3.624,-,0.000
2024-04-18T19:45:00,3.626,-,0.000
2024-04-18T19:30:00,3.629,-,0.000
2024-04-18T19:15:00,3.631,-,0.000
2024-04-18T19:00:00,3.633,-,0.000
2024-04-18T18:45:00,3.635,-,0.000
2024-04-18T18:30:00,3.637,-,0.000
2024-04-18T18:15:00,3.639,-,0.000
2024-04-18T18:00:00,3.641,-,0.000
2024-04-18T17:45:00,3.644,-,0.000
2024-04-18T17:30:00,3.645,-,0.000
2024-04-18T17:15:00,3.650,-,0.000
2024-04-18T17:00:00,3.651,-,0.000
2024-04-18T16:45:00,3.653,-,0.000
2024-04-18T16:30:00,3.657,-,0.000
2024-04-18T16:15:00,3.659,-,0.000
2024-04-18T16:00:00,3.662,-,0.000
2024-04-18T15:45:00,3.663,-,0.000
2024-04-18T15:30:00,3.667,-,0.000
2024-04-18T15:15:00,3.672,-,0.000
2024-04-18T15:00:00,3.669,-,0.000
2024-04-18T14:45:00,3.670,-,0.000
2024-04-18T14:30:00,3.673,-,0.000
2024-04-18T14:15:00,3.676,-,0.000
2024-04-18T14:00:00,3.677,-,0.000
2024-04-18T13:45:00,3.681,-,0.000
2024-04-18T13:30:00,3.683,-,0.000
2024-04-18T13:15:00,3.684,-,0.000
2024-04-18T13:00:00,3.687,-,0.000
2024-04-18T12:45:00,3.690,-,0.000
2024-04-18T12:30:00,3.692,-,0.000
2024-04-18T12:15:00,3.693,-,0.000
2024-04-18T12:00:00,3.698,-,0.000
2024-04-18T11:45:00,3.700,-,0.000
2024-04-18T11:30:00,3.701,-,0.000
2024-04-18T11:15:00,3.702,-,0.000
2024-04-18T11:00:00,3.704,-,0.000
2024-04-18T10:45:00,3.705,-,0.000
2024-04-18T10:30:00,3.707,-,0.000
2024-04-18T10:15:00,3.709,-,0.000
2024-04-18T10:00:00,3.710,-,0.000
2024-04-18T09:45:00,3.712,-,0.000
2024-04-18T09:30:00,3.713,-,0.000
2024-04-18T09:15:00,3.715,-,0.000
2024-04-18T09:00:00,3.717,-,0.000
2024-04-18T08:45:00,3.718,-,0.000
2024-04-18T08:30:00,3.721,-,0.000
2024-04-18T08:15:00,3.722,-,0.000
2024-04-18T08:00:00,3.724,-,0.000
2024-04-18T07:45:00,3.726,-,0.000
2024-04-18T07:30:00,3.727,-,0.000
2024-04-18T07:15:00,3.729,-,0.000
2024-04-18T07:00:00,3.731,-,0.000
2024-04-18T06:45:00,3.733,-,0.000
2024-04-18T06:30:00,3.735,-,0.000
2024-04-18T06:15:00,3.737,-,0.000
2024-04-18T06:00:00,3.739,-,0.000
2024-04-18T05:45:00,3.741,-,0.000
2024-04-18T05:30:00,3.742,-,0.000
2024-04-18T05:15:00,3.745,-,0.000
2024-04-18T05:00:00,3.747,-,0.000
2024-04-18T04:45:00,3.750,-,0.000
2024-04-18T04:30:00,3.751,-,0.000
2024-04-18T04:15:00,3.753,-,0.000
2024-04-18T04:00:00,3.755,-,0.000
2024-04-18T03:45:00,3.757,-,0.000
2024-04-18T03:30:00,3.759,-,0.000
2024-04-18T03:15:00,3.761,-,0.000
2024-04-18T03:00:00,3.763,-,0.000
2024-04-18T02:45:00,3.766,-,0.000
2024-04-18T02:30:00,3.768,-,0.000
2024-04-18T02:15:00,3.770,-,0.000
2024-04-18T02:00:00,3.772,-,0.000
2024-04-18T01:45:00,3.774,-,0.000
2024-04-18T01:30:00,3.776,-,0.000
2024-04-18T01:15:00,3.778,-,0.000
2024-04-18T01:00:00,3.781,-,0.000
2024-04-18T00:45:00,3.782,-,0.000
2024-04-18T00:30:00,3.784,-,0.000
2024-04-18T00:15:00,3.787,-,0.000
2024-04-18T00:00:00,3.789,-,0.000
2024-04-17T23:45:00,3.791,-,0.000
2024-04-17T23:30:00,3.793,-,0.000
2024-04-17T23:15:00,3.795,-,0.000
2024-04-17T23:00:00,3.796,-,0.000
2024-04-17T22:45:00,3.798,-,0.000
2024-04-17T22:30:00,3.800,-,0.000
2024-04-17T22:15:00,3.802,-,0.000
2024-04-17T22:00:00,3.804,-,0.000
2024-04-17T21:45:00,3.806,-,0.000
2024-04-17T21:30:00,3.807,-,0.000
2024-04-17T21:15:00,3.809,-,0.000
2024-04-17T21:00:00,3.811,-,0.000
2024-04-17T20:45:00,3.813,-,0.000
2024-04-17T20:30:00,3.814,-,0.000
2024-04-17T20:15:00,3.816,-,0.000
2024-04-17T20:00:00,3.818,-,0.000
2024-04-17T19:45:00,3.819,-,0.000
2024-04-17T19:30:00,3.820,-,0.000
2024-04-17T19:15:00,3.822,-,0.000
2024-04-17T19:00:00,3.822,-,0.000
2024-04-17T18:45:00,3.825,-,0.000
2024-04-17T18:30:00,3.825,-,0.000
2024-04-17T18:15:00,3.827,-,0.000
2024-04-17T18:00:00,3.827,-,0.000
2024-04-17T17:45:00,3.830,-,0.000
2024-04-17T17:30:00,3.830,-,0.000
2024-04-17T17:15:00,3.829,-,0.000
2024-04-17T17:00:00,3.834,-,0.000
2024-04-17T16:45:00,3.837,-,0.000
2024-04-17T16:30:00,3.836,-,0.000
2024-04-17T16:15:00,3.841,-,0.000
2024-04-17T16:00:00,3.839,-,0.000
2024-04-17T15:45:00,3.842,-,0.000
2024-04-17T15:30:00,3.840,-,0.000
2024-04-17T15:15:00,3.842,-,0.000
2024-04-17T15:00:00,3.844,-,0.000
2024-04-17T14:45:00,3.845,-,0.000
2024-04-17T14:30:00,3.846,-,0.000
2024-04-17T14:15:00,3.848,-,0.000
2024-04-17T14:00:00,3.849,-,0.000
2024-04-17T13:45:00,3.851,-,0.000
2024-04-17T13:30:00,3.851,-,0.000
2024-04-17T13:15:00,3.853,-,0.000
2024-04-17T13:00:00,3.856,-,0.000
2024-04-17T12:45:00,3.858,-,0.000
2024-04-17T12:30:00,3.857,-,0.000
2024-04-17T12:15:00,3.858,-,0.000
2024-04-17T12:00:00,3.859,-,0.000
2024-04-17T11:45:00,3.861,-,0.000
2024-04-17T11:30:00,3.863,-,0.000
2024-04-17T11:15:00,3.865,-,0.000
2024-04-17T11:00:00,3.868,-,0.000
2024-04-17T10:45:00,3.869,-,0.000
2024-04-17T10:30:00,3.871,-,0.000
2024-04-17T10:15:00,3.874,-,0.000
2024-04-17T10:00:00,3.875,-,0.000
2024-04-17T09:45:00,3.878,-,0.000
2024-04-17T09:30:00,3.879,-,0.000
2024-04-17T09:15:00,3.881,-,0.000
2024-04-17T09:00:00,3.882,-,0.000
2024-04-17T08:45:00,3.885,-,0.000
2024-04-17T08:30:00,3.888,-,0.000
2024-04-17T08:15:00,3.890,-,0.000
2024-04-17T08:00:00,3.892,-,0.000
2024-04-17T07:45:00,3.894,-,0.000
2024-04-17T07:30:00,3.897,-,0.000
2024-04-17T07:15:00,3.899,-,0.000
2024-04-17T07:00:00,3.901,-,0.000
2024-04-17T06:45:00,3.903,-,0.000
2024-04-17T06:30:00,3.905,-,0.000
2024-04-17T06:15:00,3.907,-,0.000
2024-04-17T06:00:00,3.909,-,0.000
2024-04-17T05:45:00,3.911,-,0.000
2024-04-17T05:30:00,3.912,-,0.000
2024-04-17T05:15:00,3.914,-,0.000
2024-04-17T05:00:00,3.916,-,0.000
2024-04-17T04:45:00,3.917,-,0.000
2024-04-17T04:30:00,3.918,-,0.000
2024-04-17T04:15:00,3.919,-,0.000
2024-04-17T04:00:00,3.921,-,0.000
2024-04-17T03:45:00,3.922,-,0.000
2024-04-17T03:30:00,3.923,-,0.000
2024-04-17T03:15:00,3.925,-,0.000
2024-04-17T03:00:00,3.925,-,0.000
2024-04-17T02:45:00,3.927,-,0.000
2024-04-17T02:30:00,3.928,-,0.000
2024-04-17T02:15:00,3.928,-,0.000
2024-04-17T02:00:00,3.929,-,0.000
2024-04-17T01:45:00,3.930,-,0.000
2024-04-17T01:30:00,3.930,-,0.000
2024-04-17T01:15:00,3.930,-,0.000
2024-04-17T01:00:00,3.931,-,0.000
2024-04-17T00:45:00,3.931,-,0.000
2024-04-17T00:30:00,3.931,-,0.000
2024-04-17T00:15:00,3.930,-,0.000
2024-04-17T00:00:00,3.929,-,0.000
2024-04-16T23:45:00,3.927,-,0.000
2024-04-16T23:30:00,3.926,-,0.000
2024-04-16T23:15:00,3.924,-,0.000
2024-04-16T23:00:00,3.921,-,0.000
2024-04-16T22:45:00,3.917,-,0.000
2024-04-16T22:30:00,3.913,-,0.000
2024-04-16T22:15:00,3.909,-,0.000
2024-04-16T22:00:00,3.904,-,0.000
2024-04-16T21:45:00,3.898,-,0.000
2024-04-16T21:30:00,3.892,-,0.000
2024-04-16T21:15:00,3.885,-,0.000
2024-04-16T21:00:00,3.879,-,0.000
2024-04-16T20:45:00,3.874,-,0.000
2024-04-16T20:30:00,3.868,-,0.000
2024-04-16T20:15:00,3.862,-,0.000
2024-04-16T20:00:00,3.857,-,0.000
2024-04-16T19:45:00,3.852,-,0.000
2024-04-16T19:30:00,3.846,-,0.000
2024-04-16T19:15:00,3.840,-,0.000
2024-04-16T19:00:00,3.835,-,0.000
2024-04-16T18:45:00,3.830,-,0.000
2024-04-16T18:30:00,3.824,-,0.000
2024-04-16T18:15:00,3.820,-,0.000
2024-04-16T18:00:00,3.816,-,0.000
2024-04-16T17:45:00,3.811,-,0.000
2024-04-16T17:30:00,3.806,-,0.000
2024-04-16T17:15:00,3.801,-,0.000
2024-04-16T17:00:00,3.797,-,0.000
2024-04-16T16:45:00,3.794,-,0.000
2024-04-16T16:30:00,3.790,-,0.000
2024-04-16T16:15:00,3.787,-,0.000
2024-04-16T16:00:00,3.784,-,0.000
2024-04-16T15:45:00,3.784,-,0.000
2024-04-16T15:30:00,3.782,-,0.000
2024-04-16T15:15:00,3.776,-,0.000
2024-04-16T15:00:00,3.775,-,0.000
2024-04-16T14:45:00,3.771,-,0.000
2024-04-16T14:30:00,3.771,-,0.000
2024-04-16T14:15:00,3.769,-,0.000
2024-04-16T14:00:00,3.765,-,0.000
2024-04-16T13:45:00,3.762,-,0.000
2024-04-16T13:30:00,3.760,-,0.000
2024-04-16T13:15:00,3.758,-,0.000
2024-04-16T13:00:00,3.755,-,0.000
2024-04-16T12:45:00,3.752,-,0.000
2024-04-16T12:30:00,3.750,-,0.000
2024-04-16T12:15:00,3.750,-,0.000
2024-04-16T12:00:00,3.749,-,0.000
2024-04-16T11:45:00,3.750,-,0.000
2024-04-16T11:30:00,3.751,-,0.000
2024-04-16T11:15:00,3.753,-,0.000
2024-04-16T11:00:00,3.753,-,0.000
2024-04-16T10:45:00,3.750,-,0.000
2024-04-16T10:30:00,3.751,-,0.000
2024-04-16T10:15:00,3.751,-,0.000
2024-04-16T10:00:00,3.750,-,0.000
2024-04-16T09:45:00,3.748,-,0.000
2024-04-16T09:30:00,3.748,-,0.000
2024-04-16T09:15:00,3.749,-,0.000
2024-04-16T09:00:00,3.753,-,0.000
2024-04-16T08:45:00,3.760,-,0.000
2024-04-16T08:30:00,3.757,-,0.000
2024-04-16T08:15:00,3.744,-,0.000
2024-04-16T08:00:00,3.748,-,0.000
2024-04-16T07:45:00,3.752,-,0.000
2024-04-16T07:30:00,3.758,-,0.000
2024-04-16T07:15:00,3.764,-,0.000
2024-04-16T07:00:00,3.771,-,0.000
2024-04-16T06:45:00,3.779,-,0.000
2024-04-16T06:30:00,3.787,-,0.000
2024-04-16T06:15:00,3.792,-,0.000
2024-04-16T06:00:00,3.797,-,0.000
2024-04-16T05:45:00,3.802,-,0.000
2024-04-16T05:30:00,3.811,-,0.000
2024-04-16T05:15:00,3.819,-,0.000
2024-04-16T05:00:00,3.830,-,0.000
2024-04-16T04:45:00,3.835,-,0.000
2024-04-16T04:30:00,3.847,-,0.000
2024-04-16T04:15:00,3.859,-,0.000
2024-04-16T04:00:00,3.871,-,0.000
2024-04-16T03:45:00,3.883,-,0.000
2024-04-16T03:30:00,3.895,-,0.000
2024-04-16T03:15:00,3.908,-,0.000
2024-04-16T03:00:00,3.919,-,0.000
2024-04-16T02:45:00,3.930,-,0.000
2024-04-16T02:30:00,3.942,-,0.000
2024-04-16T02:15:00,3.954,-,0.000
2024-04-16T02:00:00,3.966,-,0.000
2024-04-16T01:45:00,3.978,-,0.000
2024-04-16T01:30:00,3.989,-,0.000
2024-04-16T01:15:00,4.000,-,0.000
2024-04-16T01:00:00,4.011,-,0.000
2024-04-16T00:45:00,4.021,-,0.000
2024-04-16T00:30:00,4.031,-,0.000
2024-04-16T00:15:00,4.039,-,0.000
2024-04-16T00:00:00,4.047,-,0.000
2024-04-15T23:45:00,4.055,-,0.000
2024-04-15T23:30:00,4.061,-,0.000
2024-04-15T23:15:00,4.067,-,0.000
2024-04-15T23:00:00,4.072,-,0.000
2024-04-15T22:45:00,4.076,-,0.000
2024-04-15T22:30:00,4.079,-,0.000
2024-04-15T22:15:00,4.081,-,0.000
2024-04-15T22:00:00,4.083,-,0.000
2024-04-15T21:45:00,4.085,-,0.000
2024-04-15T21:30:00,4.086,-,0.000
2024-04-15T21:15:00,4.086,-,0.000
2024-04-15T21:00:00,4.088,-,0.000
2024-04-15T20:45:00,4.090,-,0.000
2024-04-15T20:30:00,4.090,-,0.000
2024-04-15T20:15:00,4.091,-,0.000
2024-04-15T20:00:00,4.091,-,0.000
2024-04-15T19:45:00,4.092,-,0.000
2024-04-15T19:30:00,4.092,-,0.000
2024-04-15T19:15:00,4.094,-,0.000
2024-04-15T19:00:00,4.096,-,0.000
2024-04-15T18:45:00,4.096,-,0.000
2024-04-15T18:30:00,4.097,-,0.000
2024-04-15T18:15:00,4.097,-,0.000
2024-04-15T18:00:00,4.097,-,0.000
2024-04-15T17:45:00,4.098,-,0.000
2024-04-15T17:30:00,4.095,-,0.000
2024-04-15T17:15:00,4.092,-,0.000
2024-04-15T17:00:00,4.092,-,0.000
2024-04-15T16:45:00,4.092,-,0.000
2024-04-15T16:30:00,4.090,-,0.000
2024-04-15T16:15:00,4.089,-,0.000
2024-04-15T16:00:00,4.087,-,0.000
2024-04-15T15:45:00,4.083,-,0.000
2024-04-15T15:30:00,4.084,-,0.000
2024-04-15T15:15:00,4.081,-,0.000
2024-04-15T15:00:00,4.080,-,0.000
2024-04-15T14:45:00,4.078,-,0.000
2024-04-15T14:30:00,4.078,-,0.000
2024-04-15T14:15:00,4.075,-,0.000
2024-04-15T14:00:00,4.073,-,0.000
2024-04-15T13:45:00,4.071,-,0.000
2024-04-15T13:30:00,4.072,-,0.000
2024-04-15T13:15:00,4.068,-,0.000
2024-04-15T13:00:00,4.067,-,0.000
2024-04-15T12:45:00,4.066,-,0.000
2024-04-15T12:30:00,4.065,-,0.000
2024-04-15T12:15:00,4.064,-,0.000
2024-04-15T12:00:00,4.062,-,0.000
2024-04-15T11:45:00,4.062,-,0.000
2024-04-15T11:30:00,4.062,-,0.000
2024-04-15T11:15:00,4.062,-,0.000
2024-04-15T11:00:00,4.062,-,0.000
2024-04-15T10:45:00,4.064,-,0.000
2024-04-15T10:30:00,4.067,-,0.000
2024-04-15T10:15:00,4.068,-,0.000
2024-04-15T10:00:00,4.069,-,0.000
2024-04-15T09:45:00,4.071,-,0.000
2024-04-15T09:30:00,4.072,-,0.000
2024-04-15T09:15:00,4.073,-,0.000
2024-04-15T09:00:00,4.076,-,0.000
2024-04-15T08:45:00,4.075,-,0.000
2024-04-15T08:30:00,4.073,-,0.000
2024-04-15T08:15:00,4.070,-,0.000
2024-04-15T08:00:00,4.067,-,0.000
2024-04-15T07:45:00,4.065,-,0.000
2024-04-15T07:30:00,4.062,-,0.000
2024-04-15T07:15:00,4.060,-,0.000
2024-04-15T07:00:00,4.057,-,0.000
2024-04-15T06:45:00,4.053,-,0.000
2024-04-15T06:30:00,4.053,-,0.000
2024-04-15T06:15:00,4.067,-,0.000
2024-04-15T06:00:00,4.085,-,0.000
2024-04-15T05:45:00,4.078,-,0.000
2024-04-15T05:30:00,4.062,-,0.000
2024-04-15T05:15:00,4.056,-,0.000
2024-04-15T05:00:00,4.051,-,0.000
2024-04-15T04:45:00,4.032,-,0.000
2024-04-15T04:30:00,4.034,-,0.000
2024-04-15T04:15:00,4.036,-,0.000
2024-04-15T04:00:00,4.038,-,0.000
2024-04-15T03:45:00,4.039,-,0.000
2024-04-15T03:30:00,4.041,-,0.000
2024-04-15T03:15:00,4.042,-,0.000
2024-04-15T03:00:00,4.045,-,0.000
2024-04-15T02:45:00,4.047,-,0.000
2024-04-15T02:30:00,4.048,-,0.000
2024-04-15T02:15:00,4.050,-,0.000
2024-04-15T02:00:00,4.052,-,0.000
2024-04-15T01:45:00,4.053,-,0.000
2024-04-15T01:30:00,4.054,-,0.000
2024-04-15T01:15:00,4.056,-,0.000
2024-04-15T01:00:00,4.058,-,0.000
2024-04-15T00:45:00,4.059,-,0.000
2024-04-15T00:30:00,4.060,-,0.000
2024-04-15T00:15:00,4.062,-,0.000
2024-04-15T00:00:00,4.063,-,0.000
2024-04-28T23:45:00,3.755,-,0.000
2024-04-28T23:30:00,3.754,-,0.000
2024-04-28T23:15:00,3.753,-,0.000
2024-04-28T23:00:00,3.752,-,0.000
2024-04-28T22:45:00,3.752,-,0.000
2024-04-28T22:30:00,3.751,-,0.000
2024-04-28T22:15:00,3.750,-,0.000
2024-04-28T22:00:00,3.749,-,0.000
2024-04-28T21:45:00,3.748,-,0.000
2024-04-28T21:30:00,3.748,-,0.000
2024-04-28T21:15:00,3.747,-,0.000
2024-04-28T21:00:00,3.747,-,0.000
2024-04-28T20:45:00,3.746,-,0.000
2024-04-28T20:30:00,3.746,-,0.000
2024-04-28T20:15:00,3.745,-,0.000
2024-04-28T20:00:00,3.744,-,0.000
2024-04-28T19:45:00,3.743,-,0.000
2024-04-28T19:30:00,3.744,-,0.000
2024-04-28T19:15:00,3.746,-,0.000
2024-04-28T19:00:00,3.745,-,0.000
2024-04-28T18:45:00,3.742,-,0.000
2024-04-28T18:30:00,3.746,-,0.000
2024-04-28T18:15:00,3.744,-,0.000
2024-04-28T18:00:00,3.742,-,0.000
2024-04-28T17:45:00,3.739,-,0.000
2024-04-28T17:30:00,3.740,-,0.000
2024-04-28T17:15:00,3.733,-,0.000
2024-04-28T17:00:00,3.733,-,0.000
2024-04-28T16:45:00,3.731,-,0.000
2024-04-28T16:30:00,3.728,-,0.000
2024-04-28T16:15:00,3.723,-,0.000
2024-04-28T16:00:00,3.721,-,0.000
2024-04-28T15:45:00,3.721,-,0.000
2024-04-28T15:30:00,3.717,-,0.000
2024-04-28T15:15:00,3.716,-,0.000
2024-04-28T15:00:00,3.715,-,0.000
2024-04-28T14:45:00,3.710,-,0.000
2024-04-28T14:30:00,3.710,-,0.000
2024-04-28T14:15:00,3.704,-,0.000
2024-04-28T14:00:00,3.700,-,0.000
2024-04-28T13:45:00,3.689,-,0.000
2024-04-28T13:30:00,3.687,-,0.000
2024-04-28T13:15:00,3.673,-,0.000
2024-04-28T13:00:00,3.672,-,0.000
2024-04-28T12:45:00,3.671,-,0.000
2024-04-28T12:30:00,3.676,-,0.000
2024-04-28T12:15:00,3.674,-,0.000
2024-04-28T12:00:00,3.673,-,0.000
2024-04-28T11:45:00,3.674,-,0.000
2024-04-28T11:30:00,3.677,-,0.000
2024-04-28T11:15:00,3.675,-,0.000
2024-04-28T11:00:00,3.675,-,0.000
2024-04-28T10:45:00,3.674,-,0.000
2024-04-28T10:30:00,3.676,-,0.000
2024-04-28T10:15:00,3.678,-,0.000
2024-04-28T10:00:00,3.677,-,0.000
2024-04-28T09:45:00,3.678,-,0.000
2024-04-28T09:30:00,3.678,-,0.000
2024-04-28T09:15:00,3.678,-,0.000
2024-04-28T09:00:00,3.680,-,0.000
2024-04-28T08:45:00,3.680,-,0.000
2024-04-28T08:30:00,3.680,-,0.000
2024-04-28T08:15:00,3.681,-,0.000
2024-04-28T08:00:00,3.682,-,0.000
2024-04-28T07:45:00,3.683,-,0.000
2024-04-28T07:30:00,3.683,-,0.000
2024-04-28T07:15:00,3.684,-,0.000
2024-04-28T07:00:00,3.685,-,0.000
2024-04-28T06:45:00,3.685,-,0.000
2024-04-28T06:30:00,3.686,-,0.000
2024-04-28T06:15:00,3.688,-,0.000
2024-04-28T06:00:00,3.689,-,0.000
2024-04-28T05:45:00,3.689,-,0.000
2024-04-28T05:30:00,3.690,-,0.000
2024-04-28T05:15:00,3.696,-,0.000
2024-04-28T05:00:00,3.696,-,0.000
2024-04-28T04:45:00,3.705,-,0.000
2024-04-28T04:30:00,3.703,-,0.000
2024-04-28T04:15:00,3.701,-,0.000
2024-04-28T04:00:00,3.699,-,0.000
2024-04-28T03:45:00,3.697,-,0.000
2024-04-28T03:30:00,3.696,-,0.000
2024-04-28T03:15:00,3.693,-,0.000
2024-04-28T03:00:00,3.691,-,0.000
2024-04-28T02:45:00,3.690,-,0.000
2024-04-28T02:30:00,3.688,-,0.000
2024-04-28T02:15:00,3.686,-,0.000
2024-04-28T02:00:00,3.684,-,0.000
2024-04-28T01:45:00,3.683,-,0.000
2024-04-28T01:30:00,3.681,-,0.000
2024-04-28T01:15:00,3.679,-,0.000
2024-04-28T01:00:00,3.678,-,0.000
2024-04-28T00:45:00,3.676,-,0.000
2024-04-28T00:30:00,3.674,-,0.000
2024-04-28T00:15:00,3.673,-,0.000
2024-04-28T00:00:00,3.671,-,0.000
2024-04-27T23:45:00,3.670,-,0.000
2024-04-27T23:30:00,3.668,-,0.000
2024-04-27T23:15:00,3.666,-,0.000
2024-04-27T23:00:00,3.665,-,0.000
2024-04-27T22:45:00,3.663,-,0.000
2024-04-27T22:30:00,3.661,-,0.000
2024-04-27T22:15:00,3.660,-,0.000
2024-04-27T22:00:00,3.659,-,0.000
2024-04-27T21:45:00,3.657,-,0.000
2024-04-27T21:30:00,3.656,-,0.000
2024-04-27T21:15:00,3.655,-,0.000
2024-04-27T21:00:00,3.653,-,0.000
2024-04-27T20:45:00,3.652,-,0.000
2024-04-27T20:30:00,3.650,-,0.000
2024-04-27T20:15:00,3.650,-,0.000
2024-04-27T20:00:00,3.650,-,0.000
2024-04-27T19:45:00,3.643,-,0.000
2024-04-27T19:30:00,3.642,-,0.000
2024-04-27T19:15:00,3.642,-,0.000
2024-04-27T19:00:00,3.643,-,0.000
2024-04-27T18:45:00,3.645,-,0.000
2024-04-27T18:30:00,3.644,-,0.000
2024-04-27T18:15:00,3.644,-,0.000
2024-04-27T18:00:00,3.648,-,0.000
2024-04-27T17:45:00,3.653,-,0.000
2024-04-27T17:30:00,3.652,-,0.000
2024-04-27T17:15:00,3.653,-,0.000
2024-04-27T17:00:00,3.653,-,0.000
2024-04-27T16:45:00,3.655,-,0.000
2024-04-27T16:30:00,3.654,-,0.000
2024-04-27T16:15:00,3.657,-,0.000
2024-04-27T16:00:00,3.655,-,0.000
2024-04-27T15:45:00,3.657,-,0.000
2024-04-27T15:30:00,3.664,-,0.000
2024-04-27T15:15:00,3.660,-,0.000
2024-04-27T15:00:00,3.660,-,0.000
2024-04-27T14:45:00,3.662,-,0.000
2024-04-27T14:30:00,3.663,-,0.000
2024-04-27T14:15:00,3.664,-,0.000
2024-04-27T14:00:00,3.665,-,0.000
2024-04-27T13:45:00,3.668,-,0.000
2024-04-27T13:30:00,3.670,-,0.000
2024-04-27T13:15:00,3.670,-,0.000
2024-04-27T13:00:00,3.672,-,0.000
2024-04-27T12:45:00,3.671,-,0.000
2024-04-27T12:30:00,3.675,-,0.000
2024-04-27T12:15:00,3.678,-,0.000
2024-04-27T12:00:00,3.678,-,0.000
2024-04-27T11:45:00,3.689,-,0.000
2024-04-27T11:30:00,3.686,-,0.000
2024-04-27T11:15:00,3.683,-,0.000
2024-04-27T11:00:00,3.680,-,0.000
2024-04-27T10:45:00,3.676,-,0.000
2024-04-27T10:30:00,3.673,-,0.000
2024-04-27T10:15:00,3.669,-,0.000
2024-04-27T10:00:00,3.666,-,0.000
2024-04-27T09:45:00,3.663,-,0.000
2024-04-27T09:30:00,3.660,-,0.000
2024-04-27T09:15:00,3.656,-,0.000
2024-04-27T09:00:00,3.652,-,0.000
2024-04-27T08:45:00,3.650,-,0.000
2024-04-27T08:30:00,3.646,-,0.000
2024-04-27T08:15:00,3.642,-,0.000
2024-04-27T08:00:00,3.638,-,0.000
2024-04-27T07:45:00,3.634,-,0.000
2024-04-27T07:30:00,3.631,-,0.000
2024-04-27T07:15:00,3.627,-,0.000
2024-04-27T07:00:00,3.623,-,0.000
2024-04-27T06:45:00,3.618,-,0.000
2024-04-27T06:30:00,3.615,-,0.000
2024-04-27T06:15:00,3.610,-,0.000
2024-04-27T06:00:00,3.611,-,0.000
2024-04-27T05:45:00,3.608,-,0.000
2024-04-27T05:30:00,3.591,-,0.000
2024-04-27T05:15:00,3.597,-,0.000
2024-04-27T05:00:00,3.575,-,0.000
2024-04-27T04:45:00,3.574,-,0.000
2024-04-27T04:30:00,3.576,-,0.000
2024-04-27T04:15:00,3.576,-,0.000
2024-04-27T04:00:00,3.577,-,0.000
2024-04-27T03:45:00,3.577,-,0.000
2024-04-27T03:30:00,3.579,-,0.000
2024-04-27T03:15:00,3.580,-,0.000
2024-04-27T03:00:00,3.580,-,0.000
2024-04-27T02:45:00,3.582,-,0.000
2024-04-27T02:30:00,3.583,-,0.000
2024-04-27T02:15:00,3.584,-,0.000
2024-04-27T02:00:00,3.584,-,0.000
2024-04-27T01:45:00,3.585,-,0.000
2024-04-27T01:30:00,3.586,-,0.000
2024-04-27T01:15:00,3.587,-,0.000
2024-04-27T01:00:00,3.588,-,0.000
2024-04-27T00:45:00,3.590,-,0.000
2024-04-27T00:30:00,3.590,-,0.000
2024-04-27T00:15:00,3.591,-,0.000
2024-04-27T00:00:00,3.592,-,0.000
2024-04-26T23:45:00,3.593,-,0.000
2024-04-26T23:30:00,3.594,-,0.000
2024-04-26T23:15:00,3.596,-,0.000
2024-04-26T23:00:00,3.597,-,0.000
2024-04-26T22:45:00,3.598,-,0.000
2024-04-26T22:30:00,3.600,-,0.000
2024-04-26T22:15:00,3.601,-,0.000
2024-04-26T22:00:00,3.603,-,0.000
2024-04-26T21:45:00,3.604,-,0.000
2024-04-26T21:30:00,3.604,-,0.000
2024-04-26T21:15:00,3.606,-,0.000
2024-04-26T21:00:00,3.610,-,0.000
2024-04-26T20:45:00,3.611,-,0.000
2024-04-26T20:30:00,3.615,-,0.000
2024-04-26T20:15:00,3.609,-,0.000
2024-04-26T20:00:00,3.616,-,0.000
2024-04-26T19:45:00,3.616,-,0.000
2024-04-26T19:30:00,3.617,-,0.000
2024-04-26T19:15:00,3.614,-,0.000
2024-04-26T19:00:00,3.612,-,0.000
2024-04-26T18:45:00,3.609,-,0.000
2024-04-26T18:30:00,3.606,-,0.000
2024-04-26T18:15:00,3.603,-,0.000
2024-04-26T18:00:00,3.601,-,0.000
2024-04-26T17:45:00,3.598,-,0.000
2024-04-26T17:30:00,3.595,-,0.000
2024-04-26T17:15:00,3.593,-,0.000
2024-04-26T17:00:00,3.590,-,0.000
2024-04-26T16:45:00,3.587,-,0.000
2024-04-26T16:30:00,3.584,-,0.000
2024-04-26T16:15:00,3.582,-,0.000
2024-04-26T16:00:00,3.578,-,0.000
2024-04-26T15:45:00,3.574,-,0.000
2024-04-26T15:30:00,3.572,-,0.000
2024-04-26T15:15:00,3.569,-,0.000
2024-04-26T15:00:00,3.567,-,0.000
2024-04-26T14:45:00,3.564,-,0.000
2024-04-26T14:30:00,3.560,-,0.000
2024-04-26T14:15:00,3.556,-,0.000
2024-04-26T14:00:00,3.554,-,0.000
2024-04-26T13:45:00,3.550,-,0.000
2024-04-26T13:30:00,3.546,-,0.000
2024-04-26T13:15:00,3.543,-,0.000
2024-04-26T13:00:00,3.540,-,0.000
2024-04-26T12:45:00,3.535,-,0.000
2024-04-26T12:30:00,3.537,-,0.000
2024-04-26T12:15:00,3.535,-,0.000
2024-04-26T12:00:00,3.541,-,0.000
2024-04-26T11:45:00,3.530,-,0.000
2024-04-26T11:30:00,3.519,-,0.000
2024-04-26T11:15:00,3.509,-,0.000
2024-04-26T11:00:00,3.497,-,0.000
2024-04-26T10:45:00,3.488,-,0.000
2024-04-26T10:30:00,3.477,-,0.000
2024-04-26T10:15:00,3.465,-,0.000
2024-04-26T10:00:00,3.455,-,0.000
2024-04-26T09:45:00,3.443,-,0.000
2024-04-26T09:30:00,3.434,-,0.000
2024-04-26T09:15:00,3.424,-,0.000
2024-04-26T09:00:00,3.414,-,0.000
2024-04-26T08:45:00,3.403,-,0.000
2024-04-26T08:30:00,3.392,-,0.000
2024-04-26T08:15:00,3.381,-,0.000
2024-04-26T08:00:00,3.370,-,0.000
2024-04-26T07:45:00,3.360,-,0.000
2024-04-26T07:30:00,3.349,-,0.000
2024-04-26T07:15:00,3.338,-,0.000
2024-04-26T07:00:00,3.327,-,0.000
2024-04-26T06:45:00,3.316,-,0.000
2024-04-26T06:30:00,3.306,-,0.000
2024-04-26T06:15:00,3.296,-,0.000
2024-04-26T06:00:00,3.287,-,0.000
2024-04-26T05:45:00,3.276,-,0.000
2024-04-26T05:30:00,3.265,-,0.000
2024-04-26T05:15:00,3.255,-,0.000
2024-04-26T05:00:00,3.246,-,0.000
2024-04-26T04:45:00,3.239,-,0.000
2024-04-26T04:30:00,3.233,-,0.000
2024-04-26T04:15:00,3.228,-,0.000
2024-04-26T04:00:00,3.225,-,0.000
2024-04-26T03:45:00,3.225,-,0.000
2024-04-26T03:30:00,3.226,-,0.000
2024-04-26T03:15:00,3.228,-,0.000
2024-04-26T03:00:00,3.231,-,0.000
2024-04-26T02:45:00,3.233,-,0.000
2024-04-26T02:30:00,3.234,-,0.000
2024-04-26T02:15:00,3.237,-,0.000
2024-04-26T02:00:00,3.238,-,0.000
2024-04-26T01:45:00,3.240,-,0.000
2024-04-26T01:30:00,3.243,-,0.000
2024-04-26T01:15:00,3.245,-,0.000
2024-04-26T01:00:00,3.246,-,0.000
2024-04-26T00:45:00,3.249,-,0.000
2024-04-26T00:30:00,3.251,-,0.000
2024-04-26T00:15:00,3.253,-,0.000
2024-04-26T00:00:00,3.255,-,0.000
2024-04-25T23:45:00,3.257,-,0.000
2024-04-25T23:30:00,3.259,-,0.000
2024-04-25T23:15:00,3.261,-,0.000
2024-04-25T23:00:00,3.263,-,0.000
2024-04-25T22:45:00,3.266,-,0.000
2024-04-25T22:30:00,3.268,-,0.000
2024-04-25T22:15:00,3.269,-,0.000
2024-04-25T22:00:00,3.272,-,0.000
2024-04-25T21:45:00,3.274,-,0.000
2024-04-25T21:30:00,3.277,-,0.000
2024-04-25T21:15:00,3.279,-,0.000
2024-04-25T21:00:00,3.281,-,0.000
2024-04-25T20:45:00,3.282,-,0.000
2024-04-25T20:30:00,3.284,-,0.000
2024-04-25T20:15:00,3.286,-,0.000
2024-04-25T20:00:00,3.287,-,0.000
2024-04-25T19:45:00,3.290,-,0.000
2024-04-25T19:30:00,3.291,-,0.000
2024-04-25T19:15:00,3.293,-,0.000
2024-04-25T19:00:00,3.297,-,0.000
2024-04-25T18:45:00,3.298,-,0.000
2024-04-25T18:30:00,3.298,-,0.000
2024-04-25T18:15:00,3.301,-,0.000
2024-04-25T18:00:00,3.304,-,0.000
2024-04-25T17:45:00,3.305,-,0.000
2024-04-25T17:30:00,3.307,-,0.000
2024-04-25T17:15:00,3.310,-,0.000
2024-04-25T17:00:00,3.311,-,0.000
2024-04-25T16:45:00,3.313,-,0.000
2024-04-25T16:30:00,3.318,-,0.000
2024-04-25T16:15:00,3.317,-,0.000
2024-04-25T16:00:00,3.319,-,0.000
2024-04-25T15:45:00,3.322,-,0.000
2024-04-25T15:30:00,3.326,-,0.000
2024-04-25T15:15:00,3.327,-,0.000
2024-04-25T15:00:00,3.331,-,0.000
2024-04-25T14:45:00,3.333,-,0.000
2024-04-25T14:30:00,3.333,-,0.000
2024-04-25T14:15:00,3.337,-,0.000
2024-04-25T14:00:00,3.338,-,0.000
2024-04-25T13:45:00,3.341,-,0.000
2024-04-25T13:30:00,3.342,-,0.000
2024-04-25T13:15:00,3.347,-,0.000
2024-04-25T13:00:00,3.347,-,0.000
2024-04-25T12:45:00,3.348,-,0.000
2024-04-25T12:30:00,3.351,-,0.000
2024-04-25T12:15:00,3.353,-,0.000
2024-04-25T12:00:00,3.353,-,0.000
2024-04-25T11:45:00,3.356,-,0.000
2024-04-25T11:30:00,3.356,-,0.000
2024-04-25T11:15:00,3.361,-,0.000
2024-04-25T11:00:00,3.362,-,0.000
2024-04-25T10:45:00,3.364,-,0.000
2024-04-25T10:30:00,3.367,-,0.000
2024-04-25T10:15:00,3.368,-,0.000
2024-04-25T10:00:00,3.371,-,0.000
2024-04-25T09:45:00,3.372,-,0.000
2024-04-25T09:30:00,3.375,-,0.000
2024-04-25T09:15:00,3.379,-,0.000
2024-04-25T09:00:00,3.381,-,0.000
2024-04-25T08:45:00,3.383,-,0.000
2024-04-25T08:30:00,3.383,-,0.000
2024-04-25T08:15:00,3.386,-,0.000
2024-04-25T08:00:00,3.388,-,0.000
2024-04-25T07:45:00,3.391,-,0.000
2024-04-25T07:30:00,3.393,-,0.000
2024-04-25T07:15:00,3.395,-,0.000
2024-04-25T07:00:00,3.398,-,0.000
2024-04-25T06:45:00,3.400,-,0.000
2024-04-25T06:30:00,3.402,-,0.000
2024-04-25T06:15:00,3.404,-,0.000
2024-04-25T06:00:00,3.406,-,0.000
2024-04-25T05:45:00,3.408,-,0.000
2024-04-25T05:30:00,3.410,-,0.000
2024-04-25T05:15:00,3.411,-,0.000
2024-04-25T05:00:00,3.414,-,0.000
2024-04-25T04:45:00,3.416,-,0.000
2024-04-25T04:30:00,3.418,-,0.000
2024-04-25T04:15:00,3.420,-,0.000
2024-04-25T04:00:00,3.422,-,0.000
2024-04-25T03:45:00,3.423,-,0.000
2024-04-25T03:30:00,3.425,-,0.000
2024-04-25T03:15:00,3.427,-,0.000
2024-04-25T03:00:00,3.429,-,0.000
2024-04-25T02:45:00,3.431,-,0.000
2024-04-25T02:30:00,3.433,-,0.000
2024-04-25T02:15:00,3.435,-,0.000
2024-04-25T02:00:00,3.437,-,0.000
2024-04-25T01:45:00,3.439,-,0.000
2024-04-25T01:30:00,3.441,-,0.000
2024-04-25T01:15:00,3.443,-,0.000
2024-04-25T01:00:00,3.446,-,0.000
2024-04-25T00:45:00,3.448,-,0.000
2024-04-25T00:30:00,3.450,-,0.000
2024-04-25T00:15:00,3.452,-,0.000
2024-04-25T00:00:00,3.454,-,0.000
2024-04-24T23:45:00,3.457,-,0.000
2024-04-24T23:30:00,3.458,-,0.000
2024-04-24T23:15:00,3.461,-,0.000
2024-04-24T23:00:00,3.463,-,0.000
2024-04-24T22:45:00,3.465,-,0.000
2024-04-24T22:30:00,3.467,-,0.000
2024-04-24T22:15:00,3.469,-,0.000
2024-04-24T22:00:00,3.472,-,0.000
2024-04-24T21:45:00,3.473,-,0.000
2024-04-24T21:30:00,3.476,-,0.000
2024-04-24T21:15:00,3.478,-,0.000
2024-04-24T21:00:00,3.481,-,0.000
2024-04-24T20:45:00,3.482,-,0.000
2024-04-24T20:30:00,3.485,-,0.000
2024-04-24T20:15:00,3.487,-,0.000
2024-04-24T20:00:00,3.490,-,0.000
2024-04-24T19:45:00,3.492,-,0.000
2024-04-24T19:30:00,3.494,-,0.000
2024-04-24T19:15:00,3.496,-,0.000
2024-04-24T19:00:00,3.498,-,0.000
2024-04-24T18:45:00,3.500,-,0.000
2024-04-24T18:30:00,3.502,-,0.000
2024-04-24T18:15:00,3.503,-,0.000
2024-04-24T18:00:00,3.509,-,0.000
2024-04-24T17:45:00,3.508,-,0.000
2024-04-24T17:30:00,3.511,-,0.000
2024-04-24T17:15:00,3.517,-,0.000
2024-04-24T17:00:00,3.517,-,0.000
2024-04-24T16:45:00,3.522,-,0.000
2024-04-24T16:30:00,3.520,-,0.000
2024-04-24T16:15:00,3.541,-,0.000
2024-04-24T16:00:00,3.541,-,0.000
2024-04-24T15:45:00,3.541,-,0.000
2024-04-24T15:30:00,3.541,-,0.000
2024-04-24T15:15:00,3.541,-,0.000
2024-04-24T15:00:00,3.541,-,0.000
2024-04-24T14:45:00,3.541,-,0.000
2024-04-24T14:30:00,3.542,-,0.000
2024-04-24T14:15:00,3.544,-,0.000
2024-04-24T14:00:00,3.546,-,0.000
2024-04-24T13:45:00,3.548,-,0.000
2024-04-24T13:30:00,3.550,-,0.000
2024-04-24T13:15:00,3.551,-,0.000
2024-04-24T13:00:00,3.554,-,0.000
2024-04-24T12:45:00,3.555,-,0.000
2024-04-24T12:30:00,3.557,-,0.000
2024-04-24T12:15:00,3.560,-,0.000
2024-04-24T12:00:00,3.562,-,0.000
2024-04-24T11:45:00,3.565,-,0.000
2024-04-24T11:30:00,3.566,-,0.000
2024-04-24T11:15:00,3.569,-,0.000
2024-04-24T11:00:00,3.570,-,0.000
2024-04-24T10:45:00,3.572,-,0.000
2024-04-24T10:30:00,3.574,-,0.000
2024-04-24T10:15:00,3.576,-,0.000
2024-04-24T10:00:00,3.578,-,0.000
2024-04-24T09:45:00,3.580,-,0.000
2024-04-24T09:30:00,3.581,-,0.000
2024-04-24T09:15:00,3.584,-,0.000
2024-04-24T09:00:00,3.587,-,0.000
2024-04-24T08:45:00,3.591,-,0.000
2024-04-24T08:30:00,3.592,-,0.000
2024-04-24T08:15:00,3.592,-,0.000
2024-04-24T08:00:00,3.595,-,0.000
2024-04-24T07:45:00,3.597,-,0.000
2024-04-24T07:30:00,3.599,-,0.000
2024-04-24T07:15:00,3.600,-,0.000
2024-04-24T07:00:00,3.602,-,0.000
2024-04-24T06:45:00,3.605,-,0.000
2024-04-24T06:30:00,3.609,-,0.000
2024-04-24T06:15:00,3.610,-,0.000
2024-04-24T06:00:00,3.610,-,0.000
2024-04-24T05:45:00,3.615,-,0.000
2024-04-24T05:30:00,3.612,-,0.000
2024-04-24T05:15:00,3.619,-,0.000
2024-04-24T05:00:00,3.622,-,0.000
2024-04-24T04:45:00,3.627,-,0.000
2024-04-24T04:30:00,3.632,-,0.000
2024-04-24T04:15:00,3.637,-,0.000
2024-04-24T04:00:00,3.642,-,0.000
2024-04-24T03:45:00,3.648,-,0.000
2024-04-24T03:30:00,3.653,-,0.000
2024-04-24T03:15:00,3.659,-,0.000
2024-04-24T03:00:00,3.663,-,0.000
2024-04-24T02:45:00,3.668,-,0.000
2024-04-24T02:30:00,3.672,-,0.000
2024-04-24T02:15:00,3.677,-,0.000
2024-04-24T02:00:00,3.683,-,0.000
2024-04-24T01:45:00,3.688,-,0.000
2024-04-24T01:30:00,3.693,-,0.000
2024-04-24T01:15:00,3.698,-,0.000
2024-04-24T01:00:00,3.703,-,0.000
2024-04-24T00:45:00,3.708,-,0.000
2024-04-24T00:30:00,3.713,-,0.000
2024-04-24T00:15:00,3.719,-,0.000
2024-04-24T00:00:00,3.724,-,0.000
2024-04-23T23:45:00,3.730,-,0.000
2024-04-23T23:30:00,3.735,-,0.000
2024-04-23T23:15:00,3.741,-,0.000
2024-04-23T23:00:00,3.746,-,0.000
2024-04-23T22:45:00,3.751,-,0.000
2024-04-23T22:30:00,3.757,-,0.000
2024-04-23T22:15:00,3.762,-,0.000
2024-04-23T22:00:00,3.768,-,0.000
2024-04-23T21:45:00,3.773,-,0.000
2024-04-23T21:30:00,3.780,-,0.000
2024-04-23T21:15:00,3.785,-,0.000
2024-04-23T21:00:00,3.791,-,0.000
2024-04-23T20:45:00,3.796,-,0.000
2024-04-23T20:30:00,3.802,-,0.000
2024-04-23T20:15:00,3.807,-,0.000
2024-04-23T20:00:00,3.814,-,0.000
2024-04-23T19:45:00,3.819,-,0.000
2024-04-23T19:30:00,3.825,-,0.000
2024-04-23T19:15:00,3.831,-,0.000
2024-04-23T19:00:00,3.837,-,0.000
2024-04-23T18:45:00,3.842,-,0.000
2024-04-23T18:30:00,3.848,-,0.000
2024-04-23T18:15:00,3.854,-,0.000
2024-04-23T18:00:00,3.859,-,0.000
2024-04-23T17:45:00,3.866,-,0.000
2024-04-23T17:30:00,3.871,-,0.000
2024-04-23T17:15:00,3.878,-,0.000
2024-04-23T17:00:00,3.882,-,0.000
2024-04-23T16:45:00,3.888,-,0.000
2024-04-23T16:30:00,3.895,-,0.000
2024-04-23T16:15:00,3.902,-,0.000
2024-04-23T16:00:00,3.908,-,0.000
2024-04-23T15:45:00,3.914,-,0.000
2024-04-23T15:30:00,3.921,-,0.000
2024-04-23T15:15:00,3.926,-,0.000
2024-04-23T15:00:00,3.931,-,0.000
2024-04-23T14:45:00,3.939,-,0.000
2024-04-23T14:30:00,3.945,-,0.000
2024-04-23T14:15:00,3.951,-,0.000
2024-04-23T14:00:00,3.957,-,0.000
2024-04-23T13:45:00,3.959,-,0.000
2024-04-23T13:30:00,3.971,-,0.000
2024-04-23T13:15:00,3.976,-,0.000
2024-04-23T13:00:00,3.982,-,0.000
2024-04-23T12:45:00,3.986,-,0.000
2024-04-23T12:30:00,3.994,-,0.000
2024-04-23T12:15:00,4.001,-,0.000
2024-04-23T12:00:00,4.009,-,0.000
2024-04-23T11:45:00,4.015,-,0.000
2024-04-23T11:30:00,4.020,-,0.000
2024-04-23T11:15:00,4.027,-,0.000
2024-04-23T11:00:00,4.032,-,0.000
2024-04-23T10:45:00,4.039,-,0.000
2024-04-23T10:30:00,4.044,-,0.000
2024-04-23T10:15:00,4.051,-,0.000
2024-04-23T10:00:00,4.057,-,0.000
2024-04-23T09:45:00,4.063,-,0.000
2024-04-23T09:30:00,4.071,-,0.000
2024-04-23T09:15:00,4.076,-,0.000
2024-04-23T09:00:00,4.083,-,0.000
2024-04-23T08:45:00,4.088,-,0.000
2024-04-23T08:30:00,4.095,-,0.000
2024-04-23T08:15:00,4.101,-,0.000
2024-04-23T08:00:00,4.108,-,0.000
2024-04-23T07:45:00,4.114,-,0.000
2024-04-23T07:30:00,4.121,-,0.000
2024-04-23T07:15:00,4.127,-,0.000
2024-04-23T07:00:00,4.133,-,0.000
2024-04-23T06:45:00,4.139,-,0.000
2024-04-23T06:30:00,4.146,-,0.000
2024-04-23T06:15:00,4.152,-,0.000
2024-04-23T06:00:00,4.159,-,0.000
2024-04-23T05:45:00,4.164,-,0.000
2024-04-23T05:30:00,4.171,-,0.000
2024-04-23T05:15:00,4.177,-,0.000
2024-04-23T05:00:00,4.184,-,0.000
2024-04-23T04:45:00,4.189,-,0.000
2024-04-23T04:30:00,4.196,-,0.000
2024-04-23T04:15:00,4.202,-,0.000
2024-04-23T04:00:00,4.209,-,0.000
2024-04-23T03:45:00,4.215,-,0.000
2024-04-23T03:30:00,4.221,-,0.000
2024-04-23T03:15:00,4.227,-,0.000
2024-04-23T03:00:00,4.234,-,0.000
2024-04-23T02:45:00,4.240,-,0.000
2024-04-23T02:30:00,4.246,-,0.000
2024-04-23T02:15:00,4.253,-,0.000
2024-04-23T02:00:00,4.258,-,0.000
2024-04-23T01:45:00,4.265,-,0.000
2024-04-23T01:30:00,4.270,-,0.000
2024-04-23T01:15:00,4.276,-,0.000
2024-04-23T01:00:00,4.282,-,0.000
2024-04-23T00:45:00,4.287,-,0.000
2024-04-23T00:30:00,4.292,-,0.000
2024-04-23T00:15:00,4.298,-,0.000
2024-04-23T00:00:00,4.302,-,0.000
2024-04-22T23:45:00,4.307,-,0.000
2024-04-22T23:30:00,4.312,-,0.000
2024-04-22T23:15:00,4.315,-,0.000
2024-04-22T23:00:00,4.319,-,0.000
2024-04-22T22:45:00,4.321,-,0.000
2024-04-22T22:30:00,4.323,-,0.000
2024-04-22T22:15:00,4.324,-,0.000
2024-04-22T22:00:00,4.324,-,0.000
2024-04-22T21:45:00,4.324,-,0.000
2024-04-22T21:30:00,4.322,-,0.000
2024-04-22T21:15:00,4.320,-,0.000
2024-04-22T21:00:00,4.318,-,0.000
2024-04-22T20:45:00,4.315,-,0.000
2024-04-22T20:30:00,4.312,-,0.000
2024-04-22T20:15:00,4.309,-,0.000
2024-04-22T20:00:00,4.307,-,0.000
2024-04-22T19:45:00,4.304,-,0.000
2024-04-22T19:30:00,4.302,-,0.000
2024-04-22T19:15:00,4.298,-,0.000
2024-04-22T19:00:00,4.293,-,0.000
2024-04-22T18:45:00,4.292,-,0.000
2024-04-22T18:30:00,4.293,-,0.000
2024-04-22T18:15:00,4.290,-,0.000
2024-04-22T18:00:00,4.290,-,0.000
2024-04-22T17:45:00,4.283,-,0.000
2024-04-22T17:30:00,4.279,-,0.000
2024-04-22T17:15:00,4.272,-,0.000
2024-04-22T17:00:00,4.266,-,0.000
2024-04-22T16:45:00,4.259,-,0.000
2024-04-22T16:30:00,4.252,-,0.000
2024-04-22T16:15:00,4.246,-,0.000
2024-04-22T16:00:00,4.238,-,0.000
2024-04-22T15:45:00,4.232,-,0.000
2024-04-22T15:30:00,4.225,-,0.000
2024-04-22T15:15:00,4.218,-,0.000
2024-04-22T15:00:00,4.211,-,0.000
2024-04-22T14:45:00,4.205,-,0.000
2024-04-22T14:30:00,4.198,-,0.000
2024-04-22T14:15:00,4.193,-,0.000
2024-04-22T14:00:00,4.187,-,0.000
2024-04-22T13:45:00,4.175,-,0.000
2024-04-22T13:30:00,4.171,-,0.000
2024-04-22T13:15:00,4.162,-,0.000
2024-04-22T13:00:00,4.157,-,0.000
2024-04-22T12:45:00,4.149,-,0.000
2024-04-22T12:30:00,4.141,-,0.000
2024-04-22T12:15:00,4.133,-,0.000
2024-04-22T12:00:00,4.126,-,0.000
2024-04-22T11:45:00,4.118,-,0.000
2024-04-22T11:30:00,4.109,-,0.000
2024-04-22T11:15:00,4.102,-,0.000
2024-04-22T11:00:00,4.095,-,0.000
2024-04-22T10:45:00,4.087,-,0.000
2024-04-22T10:30:00,4.079,-,0.000
2024-04-22T10:15:00,4.070,-,0.000
2024-04-22T10:00:00,4.062,-,0.000
2024-04-22T09:45:00,4.055,-,0.000
2024-04-22T09:30:00,4.046,-,0.000
2024-04-22T09:15:00,4.039,-,0.000
2024-04-22T09:00:00,4.031,-,0.000
2024-04-22T08:45:00,4.022,-,0.000
2024-04-22T08:30:00,4.014,-,0.000
2024-04-22T08:15:00,4.006,-,0.000
2024-04-22T08:00:00,3.998,-,0.000
2024-04-22T07:45:00,3.989,-,0.000
2024-04-22T07:30:00,3.980,-,0.000
2024-04-22T07:15:00,3.971,-,0.000
2024-04-22T07:00:00,3.962,-,0.000
2024-04-22T06:45:00,3.953,-,0.000
2024-04-22T06:30:00,3.944,-,0.000
2024-04-22T06:15:00,3.934,-,0.000
2024-04-22T06:00:00,3.927,-,0.000
2024-04-22T05:45:00,3.923,-,0.000
2024-04-22T05:30:00,3.909,-,0.000
2024-04-22T05:15:00,3.895,-,0.000
2024-04-22T05:00:00,3.896,-,0.000
2024-04-22T04:45:00,3.866,-,0.000
2024-04-22T04:30:00,3.867,-,0.000
2024-04-22T04:15:00,3.868,-,0.000
2024-04-22T04:00:00,3.869,-,0.000
2024-04-22T03:45:00,3.870,-,0.000
2024-04-22T03:30:00,3.872,-,0.000
2024-04-22T03:15:00,3.873,-,0.000
2024-04-22T03:00:00,3.874,-,0.000
2024-04-22T02:45:00,3.876,-,0.000
2024-04-22T02:30:00,3.877,-,0.000
2024-04-22T02:15:00,3.878,-,0.000
2024-04-22T02:00:00,3.880,-,0.000
2024-04-22T01:45:00,3.881,-,0.000
2024-04-22T01:30:00,3.882,-,0.000
2024-04-22T01:15:00,3.884,-,0.000
2024-04-22T01:00:00,3.885,-,0.000
2024-04-22T00:45:00,3.886,-,0.000
2024-04-22T00:30:00,3.888,-,0.000
2024-04-22T00:15:00,3.889,-,0.000
2024-04-22T00:00:00,3.889,-,0.000
2024-05-05T23:45:00,3.359,-,0.000
2024-05-05T23:30:00,3.359,-,0.000
2024-05-05T23:15:00,3.358,-,0.000
2024-05-05T23:00:00,3.358,-,0.000
2024-05-05T22:45:00,3.356,-,0.000
2024-05-05T22:30:00,3.354,-,0.000
2024-05-05T22:15:00,3.350,-,0.000
2024-05-05T22:00:00,3.348,-,0.000
2024-05-05T21:45:00,3.345,-,0.000
2024-05-05T21:30:00,3.342,-,0.000
2024-05-05T21:15:00,3.338,-,0.000
2024-05-05T21:00:00,3.335,-,0.000
2024-05-05T20:45:00,3.332,-,0.000
2024-05-05T20:30:00,3.329,-,0.000
2024-05-05T20:15:00,3.325,-,0.000
2024-05-05T20:00:00,3.322,-,0.000
2024-05-05T19:45:00,3.318,-,0.000
2024-05-05T19:30:00,3.315,-,0.000
2024-05-05T19:15:00,3.312,-,0.000
2024-05-05T19:00:00,3.309,-,0.000
2024-05-05T18:45:00,3.306,-,0.000
2024-05-05T18:30:00,3.305,-,0.000
2024-05-05T18:15:00,3.303,-,0.000
2024-05-05T18:00:00,3.298,-,0.000
2024-05-05T17:45:00,3.294,-,0.000
2024-05-05T17:30:00,3.291,-,0.000
2024-05-05T17:15:00,3.288,-,0.000
2024-05-05T17:00:00,3.288,-,0.000
2024-05-05T16:45:00,3.286,-,0.000
2024-05-05T16:30:00,3.283,-,0.000
2024-05-05T16:15:00,3.282,-,0.000
2024-05-05T16:00:00,3.279,-,0.000
2024-05-05T15:45:00,3.277,-,0.000
2024-05-05T15:30:00,3.273,-,0.000
2024-05-05T15:15:00,3.274,-,0.000
2024-05-05T15:00:00,3.273,-,0.000
2024-05-05T14:45:00,3.273,-,0.000
2024-05-05T14:30:00,3.273,-,0.000
2024-05-05T14:15:00,3.278,-,0.000
2024-05-05T14:00:00,3.281,-,0.000
2024-05-05T13:45:00,3.285,-,0.000
2024-05-05T13:30:00,3.289,-,0.000
2024-05-05T13:15:00,3.293,-,0.000
2024-05-05T13:00:00,3.296,-,0.000
2024-05-05T12:45:00,3.301,-,0.000
2024-05-05T12:30:00,3.306,-,0.000
2024-05-05T12:15:00,3.310,-,0.000
2024-05-05T12:00:00,3.315,-,0.000
2024-05-05T11:45:00,3.319,-,0.000
2024-05-05T11:30:00,3.323,-,0.000
2024-05-05T11:15:00,3.328,-,0.000
2024-05-05T11:00:00,3.333,-,0.000
2024-05-05T10:45:00,3.339,-,0.000
2024-05-05T10:30:00,3.344,-,0.000
2024-05-05T10:15:00,3.347,-,0.000
2024-05-05T10:00:00,3.352,-,0.000
2024-05-05T09:45:00,3.356,-,0.000
2024-05-05T09:30:00,3.362,-,0.000
2024-05-05T09:15:00,3.366,-,0.000
2024-05-05T09:00:00,3.371,-,0.000
2024-05-05T08:45:00,3.375,-,0.000
2024-05-05T08:30:00,3.378,-,0.000
2024-05-05T08:15:00,3.383,-,0.000
2024-05-05T08:00:00,3.389,-,0.000
2024-05-05T07:45:00,3.393,-,0.000
2024-05-05T07:30:00,3.400,-,0.000
2024-05-05T07:15:00,3.404,-,0.000
2024-05-05T07:00:00,3.407,-,0.000
2024-05-05T06:45:00,3.409,-,0.000
2024-05-05T06:30:00,3.412,-,0.000
2024-05-05T06:15:00,3.413,-,0.000
2024-05-05T06:00:00,3.416,-,0.000
2024-05-05T05:45:00,3.419,-,0.000
2024-05-05T05:30:00,3.422,-,0.000
2024-05-05T05:15:00,3.425,-,0.000
2024-05-05T05:00:00,3.426,-,0.000
2024-05-05T04:45:00,3.429,-,0.000
2024-05-05T04:30:00,3.430,-,0.000
2024-05-05T04:15:00,3.431,-,0.000
2024-05-05T04:00:00,3.432,-,0.000
2024-05-05T03:45:00,3.433,-,0.000
2024-05-05T03:30:00,3.434,-,0.000
2024-05-05T03:15:00,3.434,-,0.000
2024-05-05T03:00:00,3.435,-,0.000
2024-05-05T02:45:00,3.436,-,0.000
2024-05-05T02:30:00,3.437,-,0.000
2024-05-05T02:15:00,3.436,-,0.000
2024-05-05T02:00:00,3.436,-,0.000
2024-05-05T01:45:00,3.436,-,0.000
2024-05-05T01:30:00,3.437,-,0.000
2024-05-05T01:15:00,3.437,-,0.000
2024-05-05T01:00:00,3.436,-,0.000
2024-05-05T00:45:00,3.435,-,0.000
2024-05-05T00:30:00,3.434,-,0.000
2024-05-05T00:15:00,3.432,-,0.000
2024-05-05T00:00:00,3.430,-,0.000
2024-05-04T23:45:00,3.428,-,0.000
2024-05-04T23:30:00,3.425,-,0.000
2024-05-04T23:15:00,3.421,-,0.000
2024-05-04T23:00:00,3.417,-,0.000
2024-05-04T22:45:00,3.411,-,0.000
2024-05-04T22:30:00,3.405,-,0.000
2024-05-04T22:15:00,3.398,-,0.000
2024-05-04T22:00:00,3.390,-,0.000
2024-05-04T21:45:00,3.383,-,0.000
2024-05-04T21:30:00,3.377,-,0.000
2024-05-04T21:15:00,3.369,-,0.000
2024-05-04T21:00:00,3.361,-,0.000
2024-05-04T20:45:00,3.353,-,0.000
2024-05-04T20:30:00,3.346,-,0.000
2024-05-04T20:15:00,3.337,-,0.000
2024-05-04T20:00:00,3.330,-,0.000
2024-05-04T19:45:00,3.322,-,0.000
2024-05-04T19:30:00,3.314,-,0.000
2024-05-04T19:15:00,3.306,-,0.000
2024-05-04T19:00:00,3.299,-,0.000
2024-05-04T18:45:00,3.292,-,0.000
2024-05-04T18:30:00,3.285,-,0.000
2024-05-04T18:15:00,3.276,-,0.000
2024-05-04T18:00:00,3.269,-,0.000
2024-05-04T17:45:00,3.260,-,0.000
2024-05-04T17:30:00,3.251,-,0.000
2024-05-04T17:15:00,3.244,-,0.000
2024-05-04T17:00:00,3.234,-,0.000
2024-05-04T16:45:00,3.229,-,0.000
2024-05-04T16:30:00,3.222,-,0.000
2024-05-04T16:15:00,3.219,-,0.000
2024-05-04T16:00:00,3.215,-,0.000
2024-05-04T15:45:00,3.206,-,0.000
2024-05-04T15:30:00,3.205,-,0.000
2024-05-04T15:15:00,3.203,-,0.000
2024-05-04T15:00:00,3.204,-,0.000
2024-05-04T14:45:00,3.207,-,0.000
2024-05-04T14:30:00,3.206,-,0.000
2024-05-04T14:15:00,3.207,-,0.000
2024-05-04T14:00:00,3.211,-,0.000
2024-05-04T13:45:00,3.216,-,0.000
2024-05-04T13:30:00,3.210,-,0.000
2024-05-04T13:15:00,3.218,-,0.000
2024-05-04T13:00:00,3.220,-,0.000
2024-05-04T12:45:00,3.220,-,0.000
2024-05-04T12:30:00,3.224,-,0.000
2024-05-04T12:15:00,3.226,-,0.000
2024-05-04T12:00:00,3.227,-,0.000
2024-05-04T11:45:00,3.230,-,0.000
2024-05-04T11:30:00,3.230,-,0.000
2024-05-04T11:15:00,3.233,-,0.000
2024-05-04T11:00:00,3.236,-,0.000
2024-05-04T10:45:00,3.237,-,0.000
2024-05-04T10:30:00,3.241,-,0.000
2024-05-04T10:15:00,3.243,-,0.000
2024-05-04T10:00:00,3.245,-,0.000
2024-05-04T09:45:00,3.248,-,0.000
2024-05-04T09:30:00,3.248,-,0.000
2024-05-04T09:15:00,3.253,-,0.000
2024-05-04T09:00:00,3.252,-,0.000
2024-05-04T08:45:00,3.255,-,0.000
2024-05-04T08:30:00,3.258,-,0.000
2024-05-04T08:15:00,3.260,-,0.000
2024-05-04T08:00:00,3.262,-,0.000
2024-05-04T07:45:00,3.265,-,0.000
2024-05-04T07:30:00,3.267,-,0.000
2024-05-04T07:15:00,3.269,-,0.000
2024-05-04T07:00:00,3.272,-,0.000
2024-05-04T06:45:00,3.274,-,0.000
2024-05-04T06:30:00,3.277,-,0.000
2024-05-04T06:15:00,3.279,-,0.000
2024-05-04T06:00:00,3.283,-,0.000
2024-05-04T05:45:00,3.284,-,0.000
2024-05-04T05:30:00,3.286,-,0.000
2024-05-04T05:15:00,3.287,-,0.000
2024-05-04T05:00:00,3.290,-,0.000
2024-05-04T04:45:00,3.291,-,0.000
2024-05-04T04:30:00,3.293,-,0.000
2024-05-04T04:15:00,3.295,-,0.000
2024-05-04T04:00:00,3.297,-,0.000
2024-05-04T03:45:00,3.298,-,0.000
2024-05-04T03:30:00,3.300,-,0.000
2024-05-04T03:15:00,3.302,-,0.000
2024-05-04T03:00:00,3.304,-,0.000
2024-05-04T02:45:00,3.305,-,0.000
2024-05-04T02:30:00,3.307,-,0.000
2024-05-04T02:15:00,3.309,-,0.000
2024-05-04T02:00:00,3.311,-,0.000
2024-05-04T01:45:00,3.312,-,0.000
2024-05-04T01:30:00,3.314,-,0.000
2024-05-04T01:15:00,3.316,-,0.000
2024-05-04T01:00:00,3.317,-,0.000
2024-05-04T00:45:00,3.319,-,0.000
2024-05-04T00:30:00,3.321,-,0.000
2024-05-04T00:15:00,3.323,-,0.000
2024-05-04T00:00:00,3.325,-,0.000
2024-05-03T23:45:00,3.327,-,0.000
2024-05-03T23:30:00,3.329,-,0.000
2024-05-03T23:15:00,3.330,-,0.000
2024-05-03T23:00:00,3.332,-,0.000
2024-05-03T22:45:00,3.334,-,0.000
2024-05-03T22:30:00,3.336,-,0.000
2024-05-03T22:15:00,3.337,-,0.000
2024-05-03T22:00:00,3.338,-,0.000
2024-05-03T21:45:00,3.340,-,0.000
2024-05-03T21:30:00,3.341,-,0.000
2024-05-03T21:15:00,3.342,-,0.000
2024-05-03T21:00:00,3.344,-,0.000
2024-05-03T20:45:00,3.345,-,0.000
2024-05-03T20:30:00,3.346,-,0.000
2024-05-03T20:15:00,3.347,-,0.000
2024-05-03T20:00:00,3.347,-,0.000
2024-05-03T19:45:00,3.348,-,0.000
2024-05-03T19:30:00,3.348,-,0.000
2024-05-03T19:15:00,3.348,-,0.000
2024-05-03T19:00:00,3.348,-,0.000
2024-05-03T18:45:00,3.348,-,0.000
2024-05-03T18:30:00,3.347,-,0.000
2024-05-03T18:15:00,3.345,-,0.000
2024-05-03T18:00:00,3.344,-,0.000
2024-05-03T17:45:00,3.343,-,0.000
2024-05-03T17:30:00,3.338,-,0.000
2024-05-03T17:15:00,3.338,-,0.000
2024-05-03T17:00:00,3.332,-,0.000
2024-05-03T16:45:00,3.329,-,0.000
2024-05-03T16:30:00,3.323,-,0.000
2024-05-03T16:15:00,3.319,-,0.000
2024-05-03T16:00:00,3.314,-,0.000
2024-05-03T15:45:00,3.313,-,0.000
2024-05-03T15:30:00,3.305,-,0.000
2024-05-03T15:15:00,3.302,-,0.000
2024-05-03T15:00:00,3.302,-,0.000
2024-05-03T14:45:00,3.300,-,0.000
2024-05-03T14:30:00,3.297,-,0.000
2024-05-03T14:15:00,3.296,-,0.000
2024-05-03T14:00:00,3.294,-,0.000
2024-05-03T13:45:00,3.297,-,0.000
2024-05-03T13:30:00,3.301,-,0.000
2024-05-03T13:15:00,3.302,-,0.000
2024-05-03T13:00:00,3.302,-,0.000
2024-05-03T12:45:00,3.304,-,0.000
2024-05-03T12:30:00,3.308,-,0.000
2024-05-03T12:15:00,3.308,-,0.000
2024-05-03T12:00:00,3.308,-,0.000
2024-05-03T11:45:00,3.313,-,0.000
2024-05-03T11:30:00,3.314,-,0.000
2024-05-03T11:15:00,3.314,-,0.000
2024-05-03T11:00:00,3.318,-,0.000
2024-05-03T10:45:00,3.318,-,0.000
2024-05-03T10:30:00,3.322,-,0.000
2024-05-03T10:15:00,3.327,-,0.000
2024-05-03T10:00:00,3.331,-,0.000
2024-05-03T09:45:00,3.334,-,0.000
2024-05-03T09:30:00,3.339,-,0.000
2024-05-03T09:15:00,3.343,-,0.000
2024-05-03T09:00:00,3.348,-,0.000
2024-05-03T08:45:00,3.352,-,0.000
2024-05-03T08:30:00,3.357,-,0.000
2024-05-03T08:15:00,3.361,-,0.000
2024-05-03T08:00:00,3.366,-,0.000
2024-05-03T07:45:00,3.370,-,0.000
2024-05-03T07:30:00,3.375,-,0.000
2024-05-03T07:15:00,3.380,-,0.000
2024-05-03T07:00:00,3.384,-,0.000
2024-05-03T06:45:00,3.389,-,0.000
2024-05-03T06:30:00,3.394,-,0.000
2024-05-03T06:15:00,3.398,-,0.000
2024-05-03T06:00:00,3.403,-,0.000
2024-05-03T05:45:00,3.408,-,0.000
2024-05-03T05:30:00,3.413,-,0.000
2024-05-03T05:15:00,3.417,-,0.000
2024-05-03T05:00:00,3.421,-,0.000
2024-05-03T04:45:00,3.425,-,0.000
2024-05-03T04:30:00,3.430,-,0.000
2024-05-03T04:15:00,3.434,-,0.000
2024-05-03T04:00:00,3.439,-,0.000
2024-05-03T03:45:00,3.443,-,0.000
2024-05-03T03:30:00,3.448,-,0.000
2024-05-03T03:15:00,3.453,-,0.000
2024-05-03T03:00:00,3.458,-,0.000
2024-05-03T02:45:00,3.463,-,0.000
2024-05-03T02:30:00,3.468,-,0.000
2024-05-03T02:15:00,3.472,-,0.000
2024-05-03T02:00:00,3.477,-,0.000
2024-05-03T01:45:00,3.482,-,0.000
2024-05-03T01:30:00,3.487,-,0.000
2024-05-03T01:15:00,3.492,-,0.000
2024-05-03T01:00:00,3.497,-,0.000
2024-05-03T00:45:00,3.502,-,0.000
2024-05-03T00:30:00,3.507,-,0.000
2024-05-03T00:15:00,3.512,-,0.000
2024-05-03T00:00:00,3.517,-,0.000
2024-05-02T23:45:00,3.523,-,0.000
2024-05-02T23:30:00,3.528,-,0.000
2024-05-02T23:15:00,3.534,-,0.000
2024-05-02T23:00:00,3.544,-,0.000
2024-05-02T22:45:00,3.544,-,0.000
2024-05-02T22:30:00,3.548,-,0.000
2024-05-02T22:15:00,3.553,-,0.000
2024-05-02T22:00:00,3.558,-,0.000
2024-05-02T21:45:00,3.563,-,0.000
2024-05-02T21:30:00,3.568,-,0.000
2024-05-02T21:15:00,3.574,-,0.000
2024-05-02T21:00:00,3.579,-,0.000
2024-05-02T20:45:00,3.583,-,0.000
2024-05-02T20:30:00,3.588,-,0.000
2024-05-02T20:15:00,3.594,-,0.000
2024-05-02T20:00:00,3.599,-,0.000
2024-05-02T19:45:00,3.605,-,0.000
2024-05-02T19:30:00,3.610,-,0.000
2024-05-02T19:15:00,3.615,-,0.000
2024-05-02T19:00:00,3.621,-,0.000
2024-05-02T18:45:00,3.627,-,0.000
2024-05-02T18:30:00,3.632,-,0.000
2024-05-02T18:15:00,3.635,-,0.000
2024-05-02T18:00:00,3.640,-,0.000
2024-05-02T17:45:00,3.647,-,0.000
2024-05-02T17:30:00,3.653,-,0.000
2024-05-02T17:15:00,3.660,-,0.000
2024-05-02T17:00:00,3.663,-,0.000
2024-05-02T16:45:00,3.666,-,0.000
2024-05-02T16:30:00,3.667,-,0.000
2024-05-02T16:15:00,3.672,-,0.000
2024-05-02T16:00:00,3.676,-,0.000
2024-05-02T15:45:00,3.678,-,0.000
2024-05-02T15:30:00,3.680,-,0.000
2024-05-02T15:15:00,3.682,-,0.000
2024-05-02T15:00:00,3.687,-,0.000
2024-05-02T14:45:00,3.689,-,0.000
2024-05-02T14:30:00,3.691,-,0.000
2024-05-02T14:15:00,3.697,-,0.000
2024-05-02T14:00:00,3.699,-,0.000
2024-05-02T13:45:00,3.702,-,0.000
2024-05-02T13:30:00,3.707,-,0.000
2024-05-02T13:15:00,3.709,-,0.000
2024-05-02T13:00:00,3.711,-,0.000
2024-05-02T12:45:00,3.714,-,0.000
2024-05-02T12:30:00,3.717,-,0.000
2024-05-02T12:15:00,3.719,-,0.000
2024-05-02T12:00:00,3.722,-,0.000
2024-05-02T11:45:00,3.726,-,0.000
2024-05-02T11:30:00,3.729,-,0.000
2024-05-02T11:15:00,3.730,-,0.000
2024-05-02T11:00:00,3.733,-,0.000
2024-05-02T10:45:00,3.736,-,0.000
2024-05-02T10:30:00,3.739,-,0.000
2024-05-02T10:15:00,3.743,-,0.000
2024-05-02T10:00:00,3.743,-,0.000
2024-05-02T09:45:00,3.748,-,0.000
2024-05-02T09:30:00,3.750,-,0.000
2024-05-02T09:15:00,3.753,-,0.000
2024-05-02T09:00:00,3.756,-,0.000
2024-05-02T08:45:00,3.759,-,0.000
2024-05-02T08:30:00,3.761,-,0.000
2024-05-02T08:15:00,3.764,-,0.000
2024-05-02T08:00:00,3.767,-,0.000
2024-05-02T07:45:00,3.771,-,0.000
2024-05-02T07:30:00,3.773,-,0.000
2024-05-02T07:15:00,3.775,-,0.000
2024-05-02T07:00:00,3.778,-,0.000
2024-05-02T06:45:00,3.781,-,0.000
2024-05-02T06:30:00,3.783,-,0.000
2024-05-02T06:15:00,3.785,-,0.000
2024-05-02T06:00:00,3.787,-,0.000
2024-05-02T05:45:00,3.789,-,0.000
2024-05-02T05:30:00,3.792,-,0.000
2024-05-02T05:15:00,3.794,-,0.000
2024-05-02T05:00:00,3.796,-,0.000
2024-05-02T04:45:00,3.798,-,0.000
2024-05-02T04:30:00,3.800,-,0.000
2024-05-02T04:15:00,3.803,-,0.000
2024-05-02T04:00:00,3.805,-,0.000
2024-05-02T03:45:00,3.807,-,0.000
2024-05-02T03:30:00,3.809,-,0.000
2024-05-02T03:15:00,3.811,-,0.000
2024-05-02T03:00:00,3.812,-,0.000
2024-05-02T02:45:00,3.814,-,0.000
2024-05-02T02:30:00,3.815,-,0.000
2024-05-02T02:15:00,3.817,-,0.000
2024-05-02T02:00:00,3.818,-,0.000
2024-05-02T01:45:00,3.819,-,0.000
2024-05-02T01:30:00,3.819,-,0.000
2024-05-02T01:15:00,3.820,-,0.000
2024-05-02T01:00:00,3.819,-,0.000
2024-05-02T00:45:00,3.819,-,0.000
2024-05-02T00:30:00,3.818,-,0.000
2024-05-02T00:15:00,3.816,-,0.000
2024-05-02T00:00:00,3.814,-,0.000
2024-05-01T23:45:00,3.811,-,0.000
2024-05-01T23:30:00,3.808,-,0.000
2024-05-01T23:15:00,3.805,-,0.000
2024-05-01T23:00:00,3.800,-,0.000
2024-05-01T22:45:00,3.796,-,0.000
2024-05-01T22:30:00,3.792,-,0.000
2024-05-01T22:15:00,3.788,-,0.000
2024-05-01T22:00:00,3.782,-,0.000
2024-05-01T21:45:00,3.775,-,0.000
2024-05-01T21:30:00,3.772,-,0.000
2024-05-01T21:15:00,3.767,-,0.000
2024-05-01T21:00:00,3.763,-,0.000
2024-05-01T20:45:00,3.757,-,0.000
2024-05-01T20:30:00,3.752,-,0.000
2024-05-01T20:15:00,3.747,-,0.000
2024-05-01T20:00:00,3.742,-,0.000
2024-05-01T19:45:00,3.737,-,0.000
2024-05-01T19:30:00,3.732,-,0.000
2024-05-01T19:15:00,3.727,-,0.000
2024-05-01T19:00:00,3.722,-,0.000
2024-05-01T18:45:00,3.717,-,0.000
2024-05-01T18:30:00,3.712,-,0.000
2024-05-01T18:15:00,3.707,-,0.000
2024-05-01T18:00:00,3.703,-,0.000
2024-05-01T17:45:00,3.699,-,0.000
2024-05-01T17:30:00,3.694,-,0.000
2024-05-01T17:15:00,3.690,-,0.000
2024-05-01T17:00:00,3.684,-,0.000
2024-05-01T16:45:00,3.681,-,0.000
2024-05-01T16:30:00,3.677,-,0.000
2024-05-01T16:15:00,3.672,-,0.000
2024-05-01T16:00:00,3.670,-,0.000
2024-05-01T15:45:00,3.667,-,0.000
2024-05-01T15:30:00,3.662,-,0.000
2024-05-01T15:15:00,3.658,-,0.000
2024-05-01T15:00:00,3.655,-,0.000
2024-05-01T14:45:00,3.653,-,0.000
2024-05-01T14:30:00,3.657,-,0.000
2024-05-01T14:15:00,3.649,-,0.000
2024-05-01T14:00:00,3.651,-,0.000
2024-05-01T13:45:00,3.647,-,0.000
2024-05-01T13:30:00,3.652,-,0.000
2024-05-01T13:15:00,3.657,-,0.000
2024-05-01T13:00:00,3.659,-,0.000
2024-05-01T12:45:00,3.659,-,0.000
2024-05-01T12:30:00,3.663,-,0.000
2024-05-01T12:15:00,3.665,-,0.000
2024-05-01T12:00:00,3.669,-,0.000
2024-05-01T11:45:00,3.672,-,0.000
2024-05-01T11:30:00,3.674,-,0.000
2024-05-01T11:15:00,3.675,-,0.000
2024-05-01T11:00:00,3.678,-,0.000
2024-05-01T10:45:00,3.680,-,0.000
2024-05-01T10:30:00,3.682,-,0.000
2024-05-01T10:15:00,3.684,-,0.000
2024-05-01T10:00:00,3.685,-,0.000
2024-05-01T09:45:00,3.687,-,0.000
2024-05-01T09:30:00,3.689,-,0.000
2024-05-01T09:15:00,3.692,-,0.000
2024-05-01T09:00:00,3.694,-,0.000
2024-05-01T08:45:00,3.696,-,0.000
2024-05-01T08:30:00,3.697,-,0.000
2024-05-01T08:15:00,3.700,-,0.000
2024-05-01T08:00:00,3.701,-,0.000
2024-05-01T07:45:00,3.704,-,0.000
2024-05-01T07:30:00,3.705,-,0.000
2024-05-01T07:15:00,3.708,-,0.000
2024-05-01T07:00:00,3.710,-,0.000
2024-05-01T06:45:00,3.711,-,0.000
2024-05-01T06:30:00,3.713,-,0.000
2024-05-01T06:15:00,3.716,-,0.000
2024-05-01T06:00:00,3.718,-,0.000
2024-05-01T05:45:00,3.719,-,0.000
2024-05-01T05:30:00,3.721,-,0.000
2024-05-01T05:15:00,3.723,-,0.000
2024-05-01T05:00:00,3.726,-,0.000
2024-05-01T04:45:00,3.727,-,0.000
2024-05-01T04:30:00,3.729,-,0.000
2024-05-01T04:15:00,3.731,-,0.000
2024-05-01T04:00:00,3.733,-,0.000
2024-05-01T03:45:00,3.735,-,0.000
2024-05-01T03:30:00,3.737,-,0.000
2024-05-01T03:15:00,3.739,-,0.000
2024-05-01T03:00:00,3.741,-,0.000
2024-05-01T02:45:00,3.743,-,0.000
2024-05-01T02:30:00,3.745,-,0.000
2024-05-01T02:15:00,3.747,-,0.000
2024-05-01T02:00:00,3.749,-,0.000
2024-05-01T01:45:00,3.751,-,0.000
2024-05-01T01:30:00,3.752,-,0.000
2024-05-01T01:15:00,3.755,-,0.000
2024-05-01T01:00:00,3.757,-,0.000
2024-05-01T00:45:00,3.759,-,0.000
2024-05-01T00:30:00,3.761,-,0.000
2024-05-01T00:15:00,3.763,-,0.000
2024-05-01T00:00:00,3.765,-,0.000
2024-04-30T23:45:00,3.768,-,0.000
2024-04-30T23:30:00,3.769,-,0.000
2024-04-30T23:15:00,3.771,-,0.000
2024-04-30T23:00:00,3.774,-,0.000
2024-04-30T22:45:00,3.776,-,0.000
2024-04-30T22:30:00,3.778,-,0.000
2024-04-30T22:15:00,3.780,-,0.000
2024-04-30T22:00:00,3.782,-,0.000
2024-04-30T21:45:00,3.784,-,0.000
2024-04-30T21:30:00,3.786,-,0.000
2024-04-30T21:15:00,3.788,-,0.000
2024-04-30T21:00:00,3.790,-,0.000
2024-04-30T20:45:00,3.792,-,0.000
2024-04-30T20:30:00,3.794,-,0.000
2024-04-30T20:15:00,3.796,-,0.000
2024-04-30T20:00:00,3.798,-,0.000
2024-04-30T19:45:00,3.800,-,0.000
2024-04-30T19:30:00,3.802,-,0.000
2024-04-30T19:15:00,3.804,-,0.000
2024-04-30T19:00:00,3.806,-,0.000
2024-04-30T18:45:00,3.808,-,0.000
2024-04-30T18:30:00,3.810,-,0.000
2024-04-30T18:15:00,3.813,-,0.000
2024-04-30T18:00:00,3.814,-,0.000
2024-04-30T17:45:00,3.817,-,0.000
2024-04-30T17:30:00,3.818,-,0.000
2024-04-30T17:15:00,3.822,-,0.000
2024-04-30T17:00:00,3.822,-,0.000
2024-04-30T16:45:00,3.823,-,0.000
2024-04-30T16:30:00,3.828,-,0.000
2024-04-30T16:15:00,3.832,-,0.000
2024-04-30T16:00:00,3.832,-,0.000
2024-04-30T15:45:00,3.837,-,0.000
2024-04-30T15:30:00,3.839,-,0.000
2024-04-30T15:15:00,3.842,-,0.000
2024-04-30T15:00:00,3.846,-,0.000
2024-04-30T14:45:00,3.851,-,0.000
2024-04-30T14:30:00,3.852,-,0.000
2024-04-30T14:15:00,3.852,-,0.000
2024-04-30T14:00:00,3.858,-,0.000
2024-04-30T13:45:00,3.863,-,0.000
2024-04-30T13:30:00,3.868,-,0.000
2024-04-30T13:15:00,3.870,-,0.000
2024-04-30T13:00:00,3.874,-,0.000
2024-04-30T12:45:00,3.876,-,0.000
2024-04-30T12:30:00,3.879,-,0.000
2024-04-30T12:15:00,3.883,-,0.000
2024-04-30T12:00:00,3.887,-,0.000
2024-04-30T11:45:00,3.889,-,0.000
2024-04-30T11:30:00,3.894,-,0.000
2024-04-30T11:15:00,3.895,-,0.000
2024-04-30T11:00:00,3.901,-,0.000
2024-04-30T10:45:00,3.903,-,0.000
2024-04-30T10:30:00,3.905,-,0.000
2024-04-30T10:15:00,3.907,-,0.000
2024-04-30T10:00:00,3.913,-,0.000
2024-04-30T09:45:00,3.917,-,0.000
2024-04-30T09:30:00,3.920,-,0.000
2024-04-30T09:15:00,3.921,-,0.000
2024-04-30T09:00:00,3.924,-,0.000
2024-04-30T08:45:00,3.928,-,0.000
2024-04-30T08:30:00,3.932,-,0.000
2024-04-30T08:15:00,3.932,-,0.000
2024-04-30T08:00:00,3.935,-,0.000
2024-04-30T07:45:00,3.939,-,0.000
2024-04-30T07:30:00,3.944,-,0.000
2024-04-30T07:15:00,3.953,-,0.000
2024-04-30T07:00:00,3.956,-,0.000
2024-04-30T06:45:00,3.946,-,0.000
2024-04-30T06:30:00,3.953,-,0.000
2024-04-30T06:15:00,3.960,-,0.000
2024-04-30T06:00:00,3.966,-,0.000
2024-04-30T05:45:00,3.974,-,0.000
2024-04-30T05:30:00,3.981,-,0.000
2024-04-30T05:15:00,3.988,-,0.000
2024-04-30T05:00:00,3.994,-,0.000
2024-04-30T04:45:00,4.000,-,0.000
2024-04-30T04:30:00,4.008,-,0.000
2024-04-30T04:15:00,4.015,-,0.000
2024-04-30T04:00:00,4.021,-,0.000
2024-04-30T03:45:00,4.027,-,0.000
2024-04-30T03:30:00,4.033,-,0.000
2024-04-30T03:15:00,4.040,-,0.000
2024-04-30T03:00:00,4.046,-,0.000
2024-04-30T02:45:00,4.051,-,0.000
2024-04-30T02:30:00,4.057,-,0.000
2024-04-30T02:15:00,4.063,-,0.000
2024-04-30T02:00:00,4.069,-,0.000
2024-04-30T01:45:00,4.074,-,0.000
2024-04-30T01:30:00,4.078,-,0.000
2024-04-30T01:15:00,4.082,-,0.000
2024-04-30T01:00:00,4.086,-,0.000
2024-04-30T00:45:00,4.089,-,0.000
2024-04-30T00:30:00,4.091,-,0.000
2024-04-30T00:15:00,4.093,-,0.000
2024-04-30T00:00:00,4.093,-,0.000
2024-04-29T23:45:00,4.092,-,0.000
2024-04-29T23:30:00,4.091,-,0.000
2024-04-29T23:15:00,4.089,-,0.000
2024-04-29T23:00:00,4.087,-,0.000
2024-04-29T22:45:00,4.084,-,0.000
2024-04-29T22:30:00,4.081,-,0.000
2024-04-29T22:15:00,4.078,-,0.000
2024-04-29T22:00:00,4.074,-,0.000
2024-04-29T21:45:00,4.070,-,0.000
2024-04-29T21:30:00,4.067,-,0.000
2024-04-29T21:15:00,4.064,-,0.000
2024-04-29T21:00:00,4.060,-,0.000
2024-04-29T20:45:00,4.057,-,0.000
2024-04-29T20:30:00,4.053,-,0.000
2024-04-29T20:15:00,4.050,-,0.000
2024-04-29T20:00:00,4.047,-,0.000
2024-04-29T19:45:00,4.043,-,0.000
2024-04-29T19:30:00,4.039,-,0.000
2024-04-29T19:15:00,4.037,-,0.000
2024-04-29T19:00:00,4.033,-,0.000
2024-04-29T18:45:00,4.029,-,0.000
2024-04-29T18:30:00,4.027,-,0.000
2024-04-29T18:15:00,4.023,-,0.000
2024-04-29T18:00:00,4.020,-,0.000
2024-04-29T17:45:00,4.016,-,0.000
2024-04-29T17:30:00,4.013,-,0.000
2024-04-29T17:15:00,4.010,-,0.000
2024-04-29T17:00:00,4.004,-,0.000
2024-04-29T16:45:00,4.002,-,0.000
2024-04-29T16:30:00,3.998,-,0.000
2024-04-29T16:15:00,3.994,-,0.000
2024-04-29T16:00:00,3.991,-,0.000
2024-04-29T15:45:00,3.986,-,0.000
2024-04-29T15:30:00,3.980,-,0.000
2024-04-29T15:15:00,3.978,-,0.000
2024-04-29T15:00:00,3.974,-,0.000
2024-04-29T14:45:00,3.968,-,0.000
2024-04-29T14:30:00,3.965,-,0.000
2024-04-29T14:15:00,3.960,-,0.000
2024-04-29T14:00:00,3.955,-,0.000
2024-04-29T13:45:00,3.953,-,0.000
2024-04-29T13:30:00,3.948,-,0.000
2024-04-29T13:15:00,3.944,-,0.000
2024-04-29T13:00:00,3.940,-,0.000
2024-04-29T12:45:00,3.936,-,0.000
2024-04-29T12:30:00,3.933,-,0.000
2024-04-29T12:15:00,3.925,-,0.000
2024-04-29T12:00:00,3.924,-,0.000
2024-04-29T11:45:00,3.926,-,0.000
2024-04-29T11:30:00,3.916,-,0.000
2024-04-29T11:15:00,3.914,-,0.000
2024-04-29T11:00:00,3.908,-,0.000
2024-04-29T10:45:00,3.905,-,0.000
2024-04-29T10:30:00,3.901,-,0.000
2024-04-29T10:15:00,3.898,-,0.000
2024-04-29T10:00:00,3.893,-,0.000
2024-04-29T09:45:00,3.887,-,0.000
2024-04-29T09:30:00,3.883,-,0.000
2024-04-29T09:15:00,3.878,-,0.000
2024-04-29T09:00:00,3.874,-,0.000
2024-04-29T08:45:00,3.869,-,0.000
2024-04-29T08:30:00,3.863,-,0.000
2024-04-29T08:15:00,3.859,-,0.000
2024-04-29T08:00:00,3.854,-,0.000
2024-04-29T07:45:00,3.850,-,0.000
2024-04-29T07:30:00,3.844,-,0.000
2024-04-29T07:15:00,3.839,-,0.000
2024-04-29T07:00:00,3.834,-,0.000
2024-04-29T06:45:00,3.829,-,0.000
2024-04-29T06:30:00,3.822,-,0.000
2024-04-29T06:15:00,3.816,-,0.000
2024-04-29T06:00:00,3.818,-,0.000
2024-04-29T05:45:00,3.815,-,0.000
2024-04-29T05:30:00,3.801,-,0.000
2024-04-29T05:15:00,3.794,-,0.000
2024-04-29T05:00:00,3.794,-,0.000
2024-04-29T04:45:00,3.771,-,0.000
2024-04-29T04:30:00,3.771,-,0.000
2024-04-29T04:15:00,3.770,-,0.000
2024-04-29T04:00:00,3.769,-,0.000
2024-04-29T03:45:00,3.768,-,0.000
2024-04-29T03:30:00,3.767,-,0.000
2024-04-29T03:15:00,3.766,-,0.000
2024-04-29T03:00:00,3.766,-,0.000
2024-04-29T02:45:00,3.765,-,0.000
2024-04-29T02:30:00,3.764,-,0.000
2024-04-29T02:15:00,3.763,-,0.000
2024-04-29T02:00:00,3.762,-,0.000
2024-04-29T01:45:00,3.762,-,0.000
2024-04-29T01:30:00,3.761,-,0.000
2024-04-29T01:15:00,3.760,-,0.000
2024-04-29T01:00:00,3.759,-,0.000
2024-04-29T00:45:00,3.758,-,0.000
2024-04-29T00:30:00,3.757,-,0.000
2024-04-29T00:15:00,3.756,-,0.000
2024-04-29T00:00:00,3.756,-,0.000
2024-05-09T10:00:00,3.202,-,0.000
2024-05-09T09:45:00,3.203,-,0.000
2024-05-09T09:30:00,3.205,-,0.000
2024-05-09T09:15:00,3.206,-,0.000
2024-05-09T09:00:00,3.207,-,0.000
2024-05-09T08:45:00,3.209,-,0.000
2024-05-09T08:30:00,3.210,-,0.000
2024-05-09T08:15:00,3.211,-,0.000
2024-05-09T08:00:00,3.212,-,0.000
2024-05-09T07:45:00,3.214,-,0.000
2024-05-09T07:30:00,3.215,-,0.000
2024-05-09T07:15:00,3.216,-,0.000
2024-05-09T07:00:00,3.217,-,0.000
2024-05-09T06:45:00,3.218,-,0.000
2024-05-09T06:30:00,3.219,-,0.000
2024-05-09T06:15:00,3.220,-,0.000
2024-05-09T06:00:00,3.221,-,0.000
2024-05-09T05:45:00,3.222,-,0.000
2024-05-09T05:30:00,3.223,-,0.000
2024-05-09T05:15:00,3.224,-,0.000
2024-05-09T05:00:00,3.225,-,0.000
2024-05-09T04:45:00,3.226,-,0.000
2024-05-09T04:30:00,3.227,-,0.000
2024-05-09T04:15:00,3.229,-,0.000
2024-05-09T04:00:00,3.230,-,0.000
2024-05-09T03:45:00,3.231,-,0.000
2024-05-09T03:30:00,3.232,-,0.000
2024-05-09T03:15:00,3.233,-,0.000
2024-05-09T03:00:00,3.235,-,0.000
2024-05-09T02:45:00,3.236,-,0.000
2024-05-09T02:30:00,3.237,-,0.000
2024-05-09T02:15:00,3.238,-,0.000
2024-05-09T02:00:00,3.239,-,0.000
2024-05-09T01:45:00,3.241,-,0.000
2024-05-09T01:30:00,3.242,-,0.000
2024-05-09T01:15:00,3.243,-,0.000
2024-05-09T01:00:00,3.244,-,0.000
2024-05-09T00:45:00,3.245,-,0.000
2024-05-09T00:30:00,3.246,-,0.000
2024-05-09T00:15:00,3.247,-,0.000
2024-05-09T00:00:00,3.249,-,0.000
2024-05-08T23:45:00,3.250,-,0.000
2024-05-08T23:30:00,3.251,-,0.000
2024-05-08T23:15:00,3.252,-,0.000
2024-05-08T23:00:00,3.253,-,0.000
2024-05-08T22:45:00,3.265,-,0.000
2024-05-08T22:30:00,3.266,-,0.000
2024-05-08T22:15:00,3.266,-,0.000
2024-05-08T22:00:00,3.266,-,0.000
2024-05-08T21:45:00,3.267,-,0.000
2024-05-08T21:30:00,3.268,-,0.000
2024-05-08T21:15:00,3.268,-,0.000
2024-05-08T21:00:00,3.269,-,0.000
2024-05-08T20:45:00,3.270,-,0.000
2024-05-08T20:30:00,3.270,-,0.000
2024-05-08T20:15:00,3.271,-,0.000
2024-05-08T20:00:00,3.272,-,0.000
2024-05-08T19:45:00,3.272,-,0.000
2024-05-08T19:30:00,3.273,-,0.000
2024-05-08T19:15:00,3.274,-,0.000
2024-05-08T19:00:00,3.275,-,0.000
2024-05-08T18:45:00,3.276,-,0.000
2024-05-08T18:30:00,3.277,-,0.000
2024-05-08T18:15:00,3.278,-,0.000
2024-05-08T18:00:00,3.279,-,0.000
2024-05-08T17:45:00,3.280,-,0.000
2024-05-08T17:30:00,3.281,-,0.000
2024-05-08T17:15:00,3.282,-,0.000
2024-05-08T17:00:00,3.283,-,0.000
2024-05-08T16:45:00,3.284,-,0.000
2024-05-08T16:30:00,3.285,-,0.000
2024-05-08T16:15:00,3.285,-,0.000
2024-05-08T16:00:00,3.287,-,0.000
2024-05-08T15:45:00,3.288,-,0.000
2024-05-08T15:30:00,3.289,-,0.000
2024-05-08T15:15:00,3.290,-,0.000
2024-05-08T15:00:00,3.292,-,0.000
2024-05-08T14:45:00,3.292,-,0.000
2024-05-08T14:30:00,3.294,-,0.000
2024-05-08T14:15:00,3.295,-,0.000
2024-05-08T14:00:00,3.296,-,0.000
2024-05-08T13:45:00,3.296,-,0.000
2024-05-08T13:30:00,3.298,-,0.000
2024-05-08T13:15:00,3.300,-,0.000
2024-05-08T13:00:00,3.300,-,0.000
2024-05-08T12:45:00,3.302,-,0.000
2024-05-08T12:30:00,3.305,-,0.000
2024-05-08T12:15:00,3.304,-,0.000
2024-05-08T12:00:00,3.305,-,0.000
2024-05-08T11:45:00,3.307,-,0.000
2024-05-08T11:30:00,3.308,-,0.000
2024-05-08T11:15:00,3.309,-,0.000
2024-05-08T11:00:00,3.310,-,0.000
2024-05-08T10:45:00,3.311,-,0.000
2024-05-08T10:30:00,3.313,-,0.000
2024-05-08T10:15:00,3.314,-,0.000
2024-05-08T10:00:00,3.315,-,0.000
2024-05-08T09:00:00,3.317,-,0.000
2024-05-08T08:45:00,3.318,-,0.000
2024-05-08T08:30:00,3.319,-,0.000
2024-05-08T08:15:00,3.320,-,0.000
2024-05-08T08:00:00,3.321,-,0.000
2024-05-08T07:45:00,3.322,-,0.000
2024-05-08T07:30:00,3.324,-,0.000
2024-05-08T07:15:00,3.324,-,0.000
2024-05-08T07:00:00,3.325,-,0.000
2024-05-08T06:45:00,3.325,-,0.000
2024-05-08T06:30:00,3.326,-,0.000
2024-05-08T06:15:00,3.328,-,0.000
2024-05-08T06:00:00,3.329,-,0.000
2024-05-08T05:45:00,3.329,-,0.000
2024-05-08T05:30:00,3.331,-,0.000
2024-05-08T05:15:00,3.309,-,0.000
2024-05-08T05:00:00,3.309,-,0.000
2024-05-08T04:45:00,3.312,-,0.000
2024-05-08T04:30:00,3.312,-,0.000
2024-05-08T04:15:00,3.313,-,0.000
2024-05-08T04:00:00,3.315,-,0.000
2024-05-08T03:45:00,3.315,-,0.000
2024-05-08T03:30:00,3.316,-,0.000
2024-05-08T03:15:00,3.317,-,0.000
2024-05-08T03:00:00,3.316,-,0.000
2024-05-08T02:45:00,3.318,-,0.000
2024-05-08T02:30:00,3.319,-,0.000
2024-05-08T02:15:00,3.321,-,0.000
2024-05-08T02:00:00,3.321,-,0.000
2024-05-08T01:45:00,3.322,-,0.000
2024-05-08T01:30:00,3.323,-,0.000
2024-05-08T01:15:00,3.324,-,0.000
2024-05-08T01:00:00,3.324,-,0.000
2024-05-08T00:45:00,3.326,-,0.000
2024-05-08T00:30:00,3.327,-,0.000
2024-05-08T00:15:00,3.328,-,0.000
2024-05-08T00:00:00,3.328,-,0.000
2024-05-07T23:45:00,3.330,-,0.000
2024-05-07T23:30:00,3.331,-,0.000
2024-05-07T23:15:00,3.332,-,0.000
2024-05-07T23:00:00,3.333,-,0.000
2024-05-07T22:45:00,3.333,-,0.000
2024-05-07T22:30:00,3.334,-,0.000
2024-05-07T22:15:00,3.335,-,0.000
2024-05-07T22:00:00,3.337,-,0.000
2024-05-07T21:45:00,3.338,-,0.000
2024-05-07T21:30:00,3.339,-,0.000
2024-05-07T21:15:00,3.339,-,0.000
2024-05-07T21:00:00,3.340,-,0.000
2024-05-07T20:45:00,3.342,-,0.000
2024-05-07T20:30:00,3.342,-,0.000
2024-05-07T20:15:00,3.345,-,0.000
2024-05-07T20:00:00,3.346,-,0.000
2024-05-07T19:45:00,3.348,-,0.000
2024-05-07T19:30:00,3.348,-,0.000
2024-05-07T19:15:00,3.344,-,0.000
2024-05-07T19:00:00,3.345,-,0.000
2024-05-07T18:45:00,3.347,-,0.000
2024-05-07T18:30:00,3.349,-,0.000
2024-05-07T18:15:00,3.350,-,0.000
2024-05-07T18:00:00,3.352,-,0.000
2024-05-07T17:45:00,3.352,-,0.000
2024-05-07T17:30:00,3.355,-,0.000
2024-05-07T17:15:00,3.356,-,0.000
2024-05-07T17:00:00,3.355,-,0.000
2024-05-07T16:45:00,3.357,-,0.000
2024-05-07T16:30:00,3.360,-,0.000
2024-05-07T16:15:00,3.362,-,0.000
2024-05-07T16:00:00,3.362,-,0.000
2024-05-07T15:45:00,3.361,-,0.000
2024-05-07T15:30:00,3.362,-,0.000
2024-05-07T15:15:00,3.364,-,0.000
2024-05-07T15:00:00,3.365,-,0.000
2024-05-07T14:45:00,3.366,-,0.000
2024-05-07T14:30:00,3.365,-,0.000
2024-05-07T14:15:00,3.367,-,0.000
2024-05-07T14:00:00,3.367,-,0.000
2024-05-07T13:45:00,3.368,-,0.000
2024-05-07T13:30:00,3.368,-,0.500
2024-05-07T13:15:00,3.368,-,0.000
2024-05-07T13:00:00,3.369,-,0.500
2024-05-07T12:45:00,3.368,-,0.500
2024-05-07T12:30:00,3.368,-,0.500
2024-05-07T12:15:00,3.367,-,0.500
2024-05-07T12:00:00,3.366,-,0.500
2024-05-07T11:45:00,3.368,-,0.500
2024-05-07T11:30:00,3.367,-,0.500
2024-05-07T11:15:00,3.367,-,0.500
2024-05-07T11:00:00,3.366,-,1.000
2024-05-07T10:45:00,3.365,-,1.000
2024-05-07T10:30:00,3.367,-,1.000
2024-05-07T10:15:00,3.368,-,0.500
2024-05-07T10:00:00,3.366,-,1.000
2024-05-07T09:45:00,3.365,-,1.500
2024-05-07T09:30:00,3.367,-,0.500
2024-05-07T09:15:00,3.368,-,1.000
2024-05-07T09:00:00,3.367,-,0.000
2024-05-07T08:45:00,3.367,-,0.000
2024-05-07T08:30:00,3.366,-,0.500
2024-05-07T08:15:00,3.367,-,0.000
2024-05-07T08:00:00,3.368,-,0.000
2024-05-07T07:45:00,3.367,-,1.000
2024-05-07T07:30:00,3.358,-,2.000
2024-05-07T07:15:00,3.339,-,2.500
2024-05-07T07:00:00,3.334,-,7.500
2024-05-07T06:45:00,3.326,-,24.500
2024-05-07T06:30:00,3.305,-,32.500
2024-05-07T06:15:00,3.244,-,5.000
2024-05-07T06:00:00,3.240,-,9.500
2024-05-07T05:45:00,3.237,-,0.000
2024-05-07T05:30:00,3.240,-,0.000
2024-05-07T05:15:00,3.244,-,0.000
2024-05-07T05:00:00,3.247,-,0.000
2024-05-07T04:45:00,3.251,-,0.000
2024-05-07T04:30:00,3.255,-,0.000
2024-05-07T04:15:00,3.258,-,0.000
2024-05-07T04:00:00,3.262,-,0.000
2024-05-07T03:45:00,3.265,-,0.000
2024-05-07T03:30:00,3.270,-,0.000
2024-05-07T03:15:00,3.273,-,0.000
2024-05-07T03:00:00,3.277,-,0.000
2024-05-07T02:45:00,3.281,-,0.000
2024-05-07T02:30:00,3.284,-,0.000
2024-05-07T02:15:00,3.287,-,0.000
2024-05-07T02:00:00,3.290,-,0.000
2024-05-07T01:45:00,3.293,-,0.000
2024-05-07T01:30:00,3.295,-,0.000
2024-05-07T01:15:00,3.298,-,0.000
2024-05-07T01:00:00,3.300,-,0.000
2024-05-07T00:45:00,3.301,-,0.000
2024-05-07T00:30:00,3.302,-,0.000
2024-05-07T00:15:00,3.303,-,0.000
2024-05-07T00:00:00,3.304,-,0.000
2024-05-06T23:45:00,3.304,-,0.000
2024-05-06T23:30:00,3.304,-,0.000
2024-05-06T23:15:00,3.303,-,0.000
2024-05-06T23:00:00,3.301,-,0.000
2024-05-06T22:45:00,3.298,-,0.000
2024-05-06T22:30:00,3.297,-,0.000
2024-05-06T22:15:00,3.294,-,0.000
2024-05-06T22:00:00,3.291,-,0.000
2024-05-06T21:45:00,3.288,-,0.000
2024-05-06T21:30:00,3.285,-,0.000
2024-05-06T21:15:00,3.280,-,0.000
2024-05-06T21:00:00,3.276,-,0.000
2024-05-06T20:45:00,3.272,-,0.000
2024-05-06T20:30:00,3.267,-,0.000
2024-05-06T20:15:00,3.264,-,0.000
2024-05-06T20:00:00,3.260,-,0.000
2024-05-06T19:45:00,3.255,-,0.000
2024-05-06T19:30:00,3.251,-,0.000
2024-05-06T19:15:00,3.247,-,0.000
2024-05-06T19:00:00,3.242,-,0.000
2024-05-06T18:45:00,3.237,-,0.000
2024-05-06T18:30:00,3.234,-,0.000
2024-05-06T18:15:00,3.229,-,0.000
2024-05-06T18:00:00,3.224,-,0.000
2024-05-06T17:45:00,3.220,-,0.000
2024-05-06T17:30:00,3.216,-,0.000
2024-05-06T17:15:00,3.210,-,0.000
2024-05-06T17:00:00,3.203,-,0.000
2024-05-06T16:45:00,3.200,-,0.000
2024-05-06T16:30:00,3.196,-,0.000
2024-05-06T16:15:00,3.193,-,0.000
2024-05-06T16:00:00,3.184,-,0.000
2024-05-06T15:45:00,3.183,-,0.000
2024-05-06T15:30:00,3.181,-,0.000
2024-05-06T15:15:00,3.177,-,0.000
2024-05-06T15:00:00,3.176,-,0.000
2024-05-06T14:45:00,3.174,-,0.000
2024-05-06T14:30:00,3.175,-,0.000
2024-05-06T14:15:00,3.174,-,0.000
2024-05-06T14:00:00,3.174,-,0.000
2024-05-06T13:45:00,3.179,-,0.000
2024-05-06T13:30:00,3.181,-,0.000
2024-05-06T13:15:00,3.182,-,0.000
2024-05-06T13:00:00,3.184,-,0.000
2024-05-06T12:45:00,3.188,-,0.000
2024-05-06T12:30:00,3.193,-,0.000
2024-05-06T12:15:00,3.194,-,0.000
2024-05-06T12:00:00,3.198,-,0.000
2024-05-06T11:45:00,3.203,-,0.000
2024-05-06T11:30:00,3.203,-,0.000
2024-05-06T11:15:00,3.207,-,0.000
2024-05-06T11:00:00,3.212,-,0.000
2024-05-06T10:45:00,3.215,-,0.000
2024-05-06T10:30:00,3.217,-,0.000
2024-05-06T10:15:00,3.223,-,0.000
2024-05-06T10:00:00,3.226,-,0.000
2024-05-06T09:45:00,3.231,-,0.000
2024-05-06T09:30:00,3.234,-,0.000
2024-05-06T09:15:00,3.236,-,0.000
2024-05-06T09:00:00,3.240,-,0.000
2024-05-06T08:45:00,3.244,-,0.000
2024-05-06T08:30:00,3.249,-,0.000
2024-05-06T08:15:00,3.252,-,0.000
2024-05-06T08:00:00,3.256,-,0.000
2024-05-06T07:45:00,3.262,-,0.000
2024-05-06T07:30:00,3.266,-,0.000
2024-05-06T07:15:00,3.269,-,0.000
2024-05-06T07:00:00,3.273,-,0.000
2024-05-06T06:45:00,3.274,-,0.000
2024-05-06T06:30:00,3.282,-,0.000
2024-05-06T06:15:00,3.292,-,0.000
2024-05-06T06:00:00,3.295,-,0.000
2024-05-06T05:45:00,3.298,-,0.000
2024-05-06T05:30:00,3.298,-,0.000
2024-05-06T05:15:00,3.300,-,0.000
2024-05-06T05:00:00,3.304,-,0.000
2024-05-06T04:45:00,3.303,-,0.000
2024-05-06T04:30:00,3.306,-,0.000
2024-05-06T04:15:00,3.310,-,0.000
2024-05-06T04:00:00,3.314,-,0.000
2024-05-06T03:45:00,3.317,-,0.000
2024-05-06T03:30:00,3.321,-,0.000
2024-05-06T03:15:00,3.325,-,0.000
2024-05-06T03:00:00,3.329,-,0.000
2024-05-06T02:45:00,3.333,-,0.000
2024-05-06T02:30:00,3.336,-,0.000
2024-05-06T02:15:00,3.340,-,0.000
2024-05-06T02:00:00,3.343,-,0.000
2024-05-06T01:45:00,3.345,-,0.000
2024-05-06T01:30:00,3.348,-,0.000
2024-05-06T01:15:00,3.351,-,0.000
2024-05-06T01:00:00,3.353,-,0.000
2024-05-06T00:45:00,3.356,-,0.000
2024-05-06T00:30:00,3.357,-,0.000
2024-05-06T00:15:00,3.357,-,0.000
2024-05-06T00:00:00,3.359,-,0.000
2024-05-26T23:45:00,4.464,-,0.000
2024-05-26T23:30:00,4.463,-,0.000
2024-05-26T23:15:00,4.463,-,0.000
2024-05-26T23:00:00,4.463,-,0.000
2024-05-26T22:45:00,4.462,-,0.000
2024-05-26T22:30:00,4.461,-,0.000
2024-05-26T22:15:00,4.458,-,0.000
2024-05-26T22:00:00,4.455,-,0.000
2024-05-26T21:45:00,4.451,-,0.000
2024-05-26T21:30:00,4.448,-,0.000
2024-05-26T21:15:00,4.444,-,0.000
2024-05-26T21:00:00,4.443,-,0.000
2024-05-26T20:45:00,4.437,-,0.000
2024-05-26T20:30:00,4.430,-,0.000
2024-05-26T20:15:00,4.427,-,0.000
2024-05-26T20:00:00,4.422,-,0.000
2024-05-26T19:45:00,4.418,-,0.000
2024-05-26T19:30:00,4.414,-,0.000
2024-05-26T19:15:00,4.410,-,0.000
2024-05-26T19:00:00,4.406,-,0.000
2024-05-26T18:45:00,4.401,-,0.000
2024-05-26T18:30:00,4.397,-,0.000
2024-05-26T18:15:00,4.393,-,0.000
2024-05-26T18:00:00,4.390,-,0.000
2024-05-26T17:45:00,4.386,-,0.000
2024-05-26T17:30:00,4.382,-,0.000
2024-05-26T17:15:00,4.374,-,0.000
2024-05-26T17:00:00,4.370,-,0.000
2024-05-26T16:45:00,4.366,-,0.000
2024-05-26T16:30:00,4.361,-,0.000
2024-05-26T16:15:00,4.358,-,0.000
2024-05-26T16:00:00,4.355,-,0.000
2024-05-26T15:45:00,4.350,-,0.000
2024-05-26T15:30:00,4.346,-,0.000
2024-05-26T15:15:00,4.341,-,0.000
2024-05-26T15:00:00,4.338,-,0.000
2024-05-26T14:45:00,4.334,-,0.000
2024-05-26T14:30:00,4.331,-,0.000
2024-05-26T14:15:00,4.329,-,0.000
2024-05-26T14:00:00,4.328,-,0.000
2024-05-26T13:45:00,4.326,-,0.000
2024-05-26T13:30:00,4.327,-,0.000
2024-05-26T13:15:00,4.327,-,0.000
2024-05-26T13:00:00,4.328,-,0.000
2024-05-26T12:45:00,4.331,-,0.000
2024-05-26T12:30:00,4.332,-,0.000
2024-05-26T12:15:00,4.333,-,0.000
2024-05-26T12:00:00,4.334,-,0.000
2024-05-26T11:45:00,4.335,-,0.000
2024-05-26T11:30:00,4.338,-,0.000
2024-05-26T11:15:00,4.339,-,0.000
2024-05-26T11:00:00,4.341,-,0.000
2024-05-26T10:45:00,4.342,-,0.000
2024-05-26T10:30:00,4.344,-,0.000
2024-05-26T10:15:00,4.345,-,0.000
2024-05-26T10:00:00,4.350,-,0.000
2024-05-26T09:45:00,4.351,-,0.000
2024-05-26T09:30:00,4.352,-,0.000
2024-05-26T09:15:00,4.353,-,0.000
2024-05-26T09:00:00,4.354,-,0.000
2024-05-26T08:45:00,4.355,-,0.000
2024-05-26T08:30:00,4.356,-,0.000
2024-05-26T08:15:00,4.357,-,0.000
2024-05-26T08:00:00,4.359,-,0.000
2024-05-26T07:45:00,4.360,-,0.000
2024-05-26T07:30:00,4.361,-,0.000
2024-05-26T07:15:00,4.362,-,0.000
2024-05-26T07:00:00,4.364,-,0.000
2024-05-26T06:45:00,4.365,-,0.000
2024-05-26T06:30:00,4.367,-,0.000
2024-05-26T06:15:00,4.368,-,0.000
2024-05-26T06:00:00,4.369,-,0.000
2024-05-26T05:45:00,4.371,-,0.000
2024-05-26T05:30:00,4.372,-,0.000
2024-05-26T05:15:00,4.373,-,0.000
2024-05-26T05:15:00,4.373,-,0.000
2024-05-26T05:00:00,4.375,-,0.000
2024-05-26T04:45:00,4.376,-,0.000
2024-05-26T04:30:00,4.377,-,0.000
2024-05-26T04:15:00,4.379,-,0.000
2024-05-26T04:00:00,4.381,-,0.000
2024-05-26T03:45:00,4.381,-,0.000
2024-05-26T03:30:00,4.383,-,0.000
2024-05-26T03:15:00,4.385,-,0.000
2024-05-26T03:00:00,4.386,-,0.000
2024-05-26T02:45:00,4.388,-,0.000
2024-05-26T02:30:00,4.388,-,0.000
2024-05-26T02:15:00,4.390,-,0.000
2024-05-26T02:00:00,4.391,-,0.000
2024-05-26T01:45:00,4.392,-,0.000
2024-05-26T01:30:00,4.392,-,0.000
2024-05-26T01:15:00,4.393,-,0.000
2024-05-26T01:00:00,4.394,-,0.000
2024-05-26T00:45:00,4.394,-,0.000
2024-05-26T00:30:00,4.395,-,0.000
2024-05-26T00:15:00,4.395,-,0.000
2024-05-26T00:00:00,4.395,-,0.000
2024-05-25T23:45:00,4.395,-,0.000
2024-05-25T23:30:00,4.395,-,0.000
2024-05-25T23:15:00,4.393,-,0.000
2024-05-25T23:00:00,4.391,-,0.000
2024-05-25T22:45:00,4.390,-,0.000
2024-05-25T22:30:00,4.387,-,0.000
2024-05-25T22:15:00,4.384,-,0.000
2024-05-25T22:00:00,4.380,-,0.000
2024-05-25T21:45:00,4.373,-,0.000
2024-05-25T21:30:00,4.370,-,0.000
2024-05-25T21:15:00,4.366,-,0.000
2024-05-25T21:00:00,4.361,-,0.000
2024-05-25T20:45:00,4.357,-,0.000
2024-05-25T20:30:00,4.352,-,0.000
2024-05-25T20:15:00,4.348,-,0.000
2024-05-25T20:00:00,4.343,-,0.000
2024-05-25T19:45:00,4.336,-,0.000
2024-05-25T19:30:00,4.332,-,0.000
2024-05-25T19:15:00,4.327,-,0.000
2024-05-25T19:00:00,4.323,-,0.000
2024-05-25T18:45:00,4.318,-,0.000
2024-05-25T18:30:00,4.313,-,0.000
2024-05-25T18:15:00,4.307,-,0.000
2024-05-25T18:00:00,4.302,-,0.000
2024-05-25T17:45:00,4.298,-,0.000
2024-05-25T17:30:00,4.294,-,0.000
2024-05-25T17:15:00,4.289,-,0.000
2024-05-25T17:00:00,4.283,-,0.000
2024-05-25T16:45:00,4.279,-,0.000
2024-05-25T16:30:00,4.276,-,0.000
2024-05-25T16:15:00,4.270,-,0.000
2024-05-25T16:00:00,4.264,-,0.000
2024-05-25T15:45:00,4.257,-,0.000
2024-05-25T15:30:00,4.254,-,0.000
2024-05-25T15:15:00,4.252,-,0.000
2024-05-25T15:00:00,4.248,-,0.000
2024-05-25T14:45:00,4.240,-,0.000
2024-05-25T14:30:00,4.234,-,0.000
2024-05-25T14:15:00,4.231,-,0.000
2024-05-25T14:00:00,4.226,-,0.000
2024-05-25T13:45:00,4.222,-,0.000
2024-05-25T13:30:00,4.218,-,0.000
2024-05-25T13:15:00,4.216,-,0.000
2024-05-25T13:00:00,4.215,-,0.000
2024-05-25T12:45:00,4.215,-,0.000
2024-05-25T12:30:00,4.215,-,0.000
2024-05-25T12:15:00,4.215,-,0.000
2024-05-25T12:00:00,4.215,-,0.000
2024-05-25T11:45:00,4.217,-,0.000
2024-05-25T11:30:00,4.217,-,0.000
2024-05-25T11:15:00,4.218,-,0.000
2024-05-25T11:00:00,4.218,-,0.000
2024-05-25T10:45:00,4.219,-,0.000
2024-05-25T10:30:00,4.220,-,0.000
2024-05-25T10:15:00,4.221,-,0.000
2024-05-25T10:00:00,4.221,-,0.000
2024-05-25T09:45:00,4.222,-,0.000
2024-05-25T09:30:00,4.223,-,0.000
2024-05-25T09:15:00,4.224,-,0.000
2024-05-25T09:00:00,4.224,-,0.000
2024-05-25T08:45:00,4.225,-,0.000
2024-05-25T08:30:00,4.226,-,0.000
2024-05-25T08:15:00,4.226,-,0.000
2024-05-25T08:00:00,4.227,-,0.000
2024-05-25T07:45:00,4.228,-,0.000
2024-05-25T07:30:00,4.229,-,0.000
2024-05-25T07:15:00,4.229,-,0.000
2024-05-25T07:00:00,4.230,-,0.000
2024-05-25T06:45:00,4.230,-,0.000
2024-05-25T06:30:00,4.231,-,0.000
2024-05-25T06:15:00,4.231,-,0.000
2024-05-25T06:00:00,4.232,-,0.000
2024-05-25T05:45:00,4.232,-,0.000
2024-05-25T05:30:00,4.233,-,0.000
2024-05-25T05:15:00,4.234,-,0.000
2024-05-25T05:00:00,4.234,-,0.000
2024-05-25T04:45:00,4.235,-,0.000
2024-05-25T04:30:00,4.235,-,0.000
2024-05-25T04:15:00,4.236,-,0.000
2024-05-25T04:00:00,4.236,-,0.000
2024-05-25T03:45:00,4.237,-,0.000
2024-05-25T03:30:00,4.237,-,0.000
2024-05-25T03:15:00,4.238,-,0.000
2024-05-25T03:00:00,4.238,-,0.000
2024-05-25T02:45:00,4.238,-,0.000
2024-05-25T02:30:00,4.239,-,0.000
2024-05-25T02:15:00,4.239,-,0.000
2024-05-25T02:00:00,4.241,-,0.000
2024-05-25T01:45:00,4.241,-,0.000
2024-05-25T01:30:00,4.242,-,0.000
2024-05-25T01:15:00,4.242,-,0.000
2024-05-25T01:00:00,4.243,-,0.000
2024-05-25T00:45:00,4.243,-,0.000
2024-05-25T00:30:00,4.244,-,0.000
2024-05-25T00:15:00,4.244,-,0.000
2024-05-25T00:00:00,4.244,-,0.000
2024-05-24T23:45:00,4.245,-,0.000
2024-05-24T23:30:00,4.245,-,0.000
2024-05-24T23:15:00,4.245,-,0.000
2024-05-24T23:00:00,4.246,-,0.000
2024-05-24T22:45:00,4.247,-,0.000
2024-05-24T22:30:00,4.247,-,0.000
2024-05-24T22:15:00,4.247,-,0.000
2024-05-24T22:00:00,4.248,-,0.000
2024-05-24T21:45:00,4.248,-,0.000
2024-05-24T21:30:00,4.248,-,0.000
2024-05-24T21:15:00,4.249,-,0.000
2024-05-24T21:00:00,4.250,-,0.000
2024-05-24T20:45:00,4.250,-,0.000
2024-05-24T20:30:00,4.251,-,0.000
2024-05-24T20:15:00,4.251,-,0.000
2024-05-24T20:00:00,4.252,-,0.000
2024-05-24T19:45:00,4.253,-,0.000
2024-05-24T19:30:00,4.253,-,0.000
2024-05-24T19:15:00,4.254,-,0.000
2024-05-24T19:00:00,4.254,-,0.000
2024-05-24T18:45:00,4.255,-,0.000
2024-05-24T18:30:00,4.256,-,0.000
2024-05-24T18:15:00,4.256,-,0.000
2024-05-24T18:00:00,4.257,-,0.000
2024-05-24T17:45:00,4.257,-,0.000
2024-05-24T17:30:00,4.258,-,0.000
2024-05-24T17:15:00,4.258,-,0.000
2024-05-24T17:00:00,4.259,-,0.000
2024-05-24T16:45:00,4.260,-,0.000
2024-05-24T16:30:00,4.261,-,0.000
2024-05-24T16:15:00,4.261,-,0.000
2024-05-24T16:00:00,4.262,-,0.000
2024-05-24T15:45:00,4.262,-,0.000
2024-05-24T15:30:00,4.263,-,0.000
2024-05-24T15:15:00,4.263,-,0.000
2024-05-24T15:00:00,4.264,-,0.000
2024-05-24T14:45:00,4.262,-,0.000
2024-05-24T14:30:00,4.265,-,0.000
2024-05-24T14:15:00,4.266,-,0.000
2024-05-24T14:00:00,4.266,-,0.000
2024-05-24T13:45:00,4.267,-,0.000
2024-05-24T13:30:00,4.267,-,0.000
2024-05-24T13:15:00,4.268,-,0.000
2024-05-24T13:00:00,4.268,-,0.000
2024-05-24T12:45:00,4.269,-,0.000
2024-05-24T12:30:00,4.269,-,0.000
2024-05-24T12:15:00,4.269,-,0.000
2024-05-24T12:00:00,4.270,-,0.000
2024-05-24T11:45:00,4.270,-,0.000
2024-05-24T11:30:00,4.271,-,0.000
2024-05-24T11:15:00,4.271,-,0.000
2024-05-24T11:00:00,4.271,-,0.000
2024-05-24T10:45:00,4.271,-,0.000
2024-05-24T10:30:00,4.272,-,0.000
2024-05-24T10:15:00,4.272,-,0.000
2024-05-24T10:00:00,4.272,-,0.000
2024-05-24T09:45:00,4.273,-,0.000
2024-05-24T09:30:00,4.274,-,0.000
2024-05-24T09:15:00,4.274,-,0.000
2024-05-24T09:00:00,4.274,-,0.000
2024-05-24T08:45:00,4.274,-,0.000
2024-05-24T08:30:00,4.274,-,0.000
2024-05-24T08:15:00,4.275,-,0.000
2024-05-24T08:00:00,4.277,-,0.000
2024-05-24T07:45:00,4.277,-,0.000
2024-05-24T07:30:00,4.278,-,0.000
2024-05-24T07:15:00,4.278,-,0.000
2024-05-24T07:00:00,4.278,-,0.000
2024-05-24T06:45:00,4.278,-,0.000
2024-05-24T06:30:00,4.279,-,0.000
2024-05-24T06:15:00,4.279,-,0.000
2024-05-24T06:00:00,4.280,-,0.000
2024-05-24T05:45:00,4.280,-,0.000
2024-05-24T05:30:00,4.281,-,0.000
2024-05-24T05:15:00,4.281,-,0.000
2024-05-24T05:00:00,4.281,-,0.000
2024-05-24T04:45:00,4.282,-,0.000
2024-05-24T04:30:00,4.283,-,0.000
2024-05-24T04:15:00,4.283,-,0.000
2024-05-24T04:00:00,4.283,-,0.000
2024-05-24T03:45:00,4.283,-,0.000
2024-05-24T03:30:00,4.284,-,0.000
2024-05-24T03:15:00,4.284,-,0.000
2024-05-24T03:00:00,4.285,-,0.000
2024-05-24T02:45:00,4.285,-,0.000
2024-05-24T02:30:00,4.286,-,0.000
2024-05-24T02:15:00,4.286,-,0.000
2024-05-24T02:00:00,4.287,-,0.000
2024-05-24T01:45:00,4.287,-,0.000
2024-05-24T01:30:00,4.287,-,0.000
2024-05-24T01:15:00,4.287,-,0.500
2024-05-24T01:00:00,4.287,-,0.500
2024-05-24T00:45:00,4.287,-,0.500
2024-05-24T00:30:00,4.287,-,1.000
2024-05-24T00:15:00,4.287,-,0.500
2024-05-24T00:00:00,4.286,-,1.000
2024-05-23T23:45:00,4.286,-,0.000
2024-05-23T23:30:00,4.287,-,0.000
2024-05-23T23:15:00,4.287,-,0.000
2024-05-23T23:00:00,4.287,-,0.000
2024-05-23T22:45:00,4.288,-,0.000
2024-05-23T22:30:00,4.288,-,0.000
2024-05-23T22:15:00,4.288,-,0.000
2024-05-23T22:00:00,4.289,-,0.000
2024-05-23T21:45:00,4.289,-,0.000
2024-05-23T21:30:00,4.289,-,0.000
2024-05-23T21:15:00,4.290,-,0.000
2024-05-23T21:00:00,4.290,-,0.000
2024-05-23T20:45:00,4.291,-,0.000
2024-05-23T20:30:00,4.291,-,0.000
2024-05-23T20:15:00,4.293,-,0.000
2024-05-23T20:00:00,4.293,-,0.000
2024-05-23T19:45:00,4.293,-,0.000
2024-05-23T19:30:00,4.293,-,0.000
2024-05-23T19:15:00,4.291,-,0.000
2024-05-23T19:00:00,4.295,-,0.000
2024-05-23T18:45:00,4.299,-,0.000
2024-05-23T18:30:00,4.298,-,0.000
2024-05-23T18:15:00,4.296,-,0.000
2024-05-23T18:00:00,4.296,-,0.000
2024-05-23T17:45:00,4.296,-,0.000
2024-05-23T17:30:00,4.296,-,0.000
2024-05-23T17:15:00,4.295,-,0.000
2024-05-23T17:00:00,4.292,-,0.000
2024-05-23T16:45:00,4.291,-,0.000
2024-05-23T16:30:00,4.291,-,0.000
2024-05-23T16:15:00,4.290,-,0.000
2024-05-23T16:00:00,4.289,-,0.000
2024-05-23T15:45:00,4.289,-,0.000
2024-05-23T15:30:00,4.288,-,0.000
2024-05-23T15:15:00,4.288,-,0.000
2024-05-23T15:00:00,4.288,-,0.000
2024-05-23T14:45:00,4.287,-,0.000
2024-05-23T14:30:00,4.287,-,0.000
2024-05-23T14:15:00,4.287,-,0.000
2024-05-23T14:00:00,4.287,-,0.000
2024-05-23T13:45:00,4.285,-,0.000
2024-05-23T13:30:00,4.286,-,0.000
2024-05-23T13:15:00,4.285,-,0.000
2024-05-23T13:00:00,4.285,-,0.000
2024-05-23T12:45:00,4.285,-,0.000
2024-05-23T12:30:00,4.285,-,0.000
2024-05-23T12:15:00,4.285,-,0.000
2024-05-23T12:00:00,4.284,-,0.000
2024-05-23T11:45:00,4.283,-,0.000
2024-05-23T11:30:00,4.282,-,0.000
2024-05-23T11:15:00,4.283,-,0.000
2024-05-23T11:00:00,4.283,-,0.000
2024-05-23T10:45:00,4.282,-,0.000
2024-05-23T10:30:00,4.281,-,0.000
2024-05-23T10:15:00,4.281,-,0.000
2024-05-23T10:00:00,4.281,-,0.000
2024-05-23T09:45:00,4.280,-,0.000
2024-05-23T09:30:00,4.280,-,0.000
2024-05-23T09:15:00,4.279,-,0.000
2024-05-23T09:00:00,4.279,-,0.000
2024-05-23T08:45:00,4.279,-,0.000
2024-05-23T08:30:00,4.279,-,0.000
2024-05-23T08:15:00,4.278,-,0.000
2024-05-23T08:00:00,4.278,-,0.000
2024-05-23T07:45:00,4.278,-,0.000
2024-05-23T07:30:00,4.277,-,0.000
2024-05-23T07:15:00,4.277,-,0.000
2024-05-23T07:00:00,4.277,-,0.000
2024-05-23T06:45:00,4.276,-,0.000
2024-05-23T06:30:00,4.275,-,0.000
2024-05-23T06:15:00,4.275,-,0.000
2024-05-23T06:00:00,4.275,-,0.000
2024-05-23T05:45:00,4.274,-,0.000
2024-05-23T05:30:00,4.274,-,0.000
2024-05-23T05:15:00,4.273,-,0.000
2024-05-23T05:00:00,4.273,-,0.000
2024-05-23T04:45:00,4.273,-,0.000
2024-05-23T04:30:00,4.272,-,0.000
2024-05-23T04:15:00,4.271,-,0.500
2024-05-23T04:00:00,4.270,-,0.000
2024-05-23T03:45:00,4.269,-,0.000
2024-05-23T03:30:00,4.268,-,0.500
2024-05-23T03:15:00,4.267,-,0.000
2024-05-23T03:00:00,4.266,-,0.000
2024-05-23T02:45:00,4.265,-,0.500
2024-05-23T02:30:00,4.264,-,0.000
2024-05-23T02:15:00,4.262,-,0.500
2024-05-23T02:00:00,4.260,-,0.500
2024-05-23T01:45:00,4.259,-,0.000
2024-05-23T01:30:00,4.258,-,0.500
2024-05-23T01:15:00,4.255,-,0.000
2024-05-23T01:00:00,4.253,-,0.500
2024-05-23T00:45:00,4.251,-,0.000
2024-05-23T00:30:00,4.249,-,0.500
2024-05-23T00:15:00,4.247,-,0.000
2024-05-23T00:00:00,4.242,-,0.000
2024-05-22T23:45:00,4.239,-,0.000
2024-05-22T23:30:00,4.236,-,0.000
2024-05-22T23:15:00,4.232,-,0.000
2024-05-22T23:00:00,4.227,-,0.000
2024-05-22T22:45:00,4.222,-,0.000
2024-05-22T22:30:00,4.217,-,0.000
2024-05-22T22:15:00,4.210,-,0.000
2024-05-22T22:00:00,4.204,-,0.000
2024-05-22T21:45:00,4.195,-,0.000
2024-05-22T21:30:00,4.183,-,0.000
2024-05-22T21:15:00,4.172,-,0.000
2024-05-22T21:00:00,4.165,-,0.000
2024-05-22T20:45:00,4.158,-,0.000
2024-05-22T20:30:00,4.146,-,0.000
2024-05-22T20:15:00,4.131,-,0.000
2024-05-22T20:00:00,4.119,-,10.500
2024-05-22T19:45:00,4.098,-,27.500
2024-05-22T19:30:00,4.063,-,22.500
2024-05-22T19:15:00,4.037,-,6.500
2024-05-22T19:00:00,4.027,-,0.000
2024-05-22T18:45:00,4.021,-,0.000
2024-05-22T18:30:00,4.015,-,0.000
2024-05-22T18:15:00,4.007,-,0.000
2024-05-22T18:00:00,4.000,-,0.000
2024-05-22T17:45:00,3.993,-,0.000
2024-05-22T17:30:00,3.986,-,0.000
2024-05-22T17:15:00,3.978,-,0.000
2024-05-22T17:00:00,3.970,-,0.000
2024-05-22T16:45:00,3.963,-,0.000
2024-05-22T16:30:00,3.956,-,0.000
2024-05-22T16:15:00,3.949,-,0.000
2024-05-22T16:00:00,3.941,-,0.000
2024-05-22T15:45:00,3.933,-,0.000
2024-05-22T15:30:00,3.926,-,0.000
2024-05-22T15:15:00,3.919,-,0.000
2024-05-22T15:00:00,3.912,-,0.000
2024-05-22T14:45:00,3.905,-,0.000
2024-05-22T14:30:00,3.900,-,0.000
2024-05-22T14:15:00,3.893,-,0.000
2024-05-22T14:00:00,3.888,-,0.000
2024-05-22T13:45:00,3.882,-,0.000
2024-05-22T13:30:00,3.879,-,0.000
2024-05-22T13:15:00,3.876,-,0.000
2024-05-22T13:00:00,3.873,-,0.000
2024-05-22T12:45:00,3.871,-,0.000
2024-05-22T12:30:00,3.871,-,0.000
2024-05-22T12:15:00,3.872,-,0.000
2024-05-22T12:00:00,3.870,-,0.000
2024-05-22T11:45:00,3.869,-,0.000
2024-05-22T11:30:00,3.869,-,0.000
2024-05-22T11:15:00,3.867,-,0.000
2024-05-22T11:00:00,3.867,-,0.000
2024-05-22T10:45:00,3.867,-,0.000
2024-05-22T10:30:00,3.866,-,0.000
2024-05-22T10:15:00,3.865,-,0.000
2024-05-22T10:00:00,3.864,-,0.000
2024-05-22T09:45:00,3.863,-,0.000
2024-05-22T09:30:00,3.862,-,0.000
2024-05-22T09:15:00,3.861,-,0.000
2024-05-22T09:00:00,3.861,-,0.000
2024-05-22T08:45:00,3.860,-,0.000
2024-05-22T08:30:00,3.859,-,0.000
2024-05-22T08:15:00,3.858,-,0.000
2024-05-22T08:00:00,3.857,-,0.000
2024-05-22T07:45:00,3.857,-,0.000
2024-05-22T07:30:00,3.856,-,0.000
2024-05-22T07:15:00,3.854,-,0.000
2024-05-22T07:00:00,3.853,-,0.000
2024-05-22T06:45:00,3.853,-,0.000
2024-05-22T06:30:00,3.852,-,0.000
2024-05-22T06:15:00,3.851,-,0.000
2024-05-22T06:00:00,3.849,-,0.000
2024-05-22T05:45:00,3.849,-,0.000
2024-05-22T05:30:00,3.847,-,0.000
2024-05-22T05:15:00,3.846,-,0.000
2024-05-22T05:00:00,3.845,-,0.000
2024-05-22T04:45:00,3.844,-,0.000
2024-05-22T04:30:00,3.843,-,0.000
2024-05-22T04:15:00,3.842,-,0.000
2024-05-22T04:00:00,3.841,-,0.000
2024-05-22T03:45:00,3.840,-,0.000
2024-05-22T03:30:00,3.839,-,0.000
2024-05-22T03:15:00,3.838,-,0.000
2024-05-22T03:00:00,3.836,-,0.000
2024-05-22T02:45:00,3.835,-,0.000
2024-05-22T02:30:00,3.835,-,0.000
2024-05-22T02:15:00,3.834,-,0.000
2024-05-22T02:00:00,3.833,-,0.000
2024-05-22T01:45:00,3.831,-,0.000
2024-05-22T01:30:00,3.830,-,0.000
2024-05-22T01:15:00,3.829,-,0.000
2024-05-22T01:00:00,3.828,-,0.000
2024-05-22T00:45:00,3.827,-,0.000
2024-05-22T00:30:00,3.826,-,0.000
2024-05-22T00:15:00,3.826,-,0.000
2024-05-22T00:00:00,3.825,-,0.000
2024-05-21T23:45:00,3.824,-,0.000
2024-05-21T23:30:00,3.823,-,0.000
2024-05-21T23:15:00,3.823,-,0.000
2024-05-21T23:00:00,3.822,-,0.000
2024-05-21T22:45:00,3.822,-,0.000
2024-05-21T22:30:00,3.822,-,0.000
2024-05-21T22:15:00,3.821,-,0.000
2024-05-21T22:00:00,3.821,-,0.000
2024-05-21T21:45:00,3.821,-,0.000
2024-05-21T21:30:00,3.821,-,0.000
2024-05-21T21:15:00,3.820,-,0.000
2024-05-21T21:00:00,3.821,-,0.000
2024-05-21T20:45:00,3.821,-,0.000
2024-05-21T20:30:00,3.820,-,0.000
2024-05-21T20:15:00,3.820,-,0.000
2024-05-21T20:00:00,3.820,-,0.000
2024-05-21T19:45:00,3.820,-,0.000
2024-05-21T19:30:00,3.820,-,0.000
2024-05-21T19:15:00,3.820,-,0.000
2024-05-21T19:00:00,3.820,-,0.000
2024-05-21T18:45:00,3.819,-,0.000
2024-05-21T18:30:00,3.820,-,0.000
2024-05-21T18:15:00,3.821,-,0.000
2024-05-21T18:00:00,3.820,-,0.000
2024-05-21T17:45:00,3.821,-,0.000
2024-05-21T17:30:00,3.819,-,0.000
2024-05-21T17:15:00,3.821,-,0.000
2024-05-21T17:00:00,3.820,-,0.000
2024-05-21T16:45:00,3.821,-,0.000
2024-05-21T16:30:00,3.819,-,0.000
2024-05-21T16:15:00,3.819,-,0.000
2024-05-21T16:00:00,3.819,-,0.000
2024-05-21T15:45:00,3.821,-,0.000
2024-05-21T15:30:00,3.820,-,0.000
2024-05-21T15:15:00,3.820,-,0.000
2024-05-21T15:00:00,3.820,-,0.000
2024-06-02T23:45:00,4.388,-,0.000
2024-06-02T23:30:00,4.387,-,0.000
2024-06-02T23:15:00,4.385,-,0.000
2024-06-02T23:00:00,4.382,-,0.000
2024-06-02T22:45:00,4.380,-,0.000
2024-06-02T22:30:00,4.377,-,0.000
2024-06-02T22:15:00,4.373,-,0.000
2024-06-02T22:00:00,4.369,-,0.000
2024-06-02T21:45:00,4.365,-,0.000
2024-06-02T21:30:00,4.360,-,0.000
2024-06-02T21:15:00,4.355,-,0.000
2024-06-02T21:00:00,4.349,-,0.000
2024-06-02T20:45:00,4.343,-,0.000
2024-06-02T20:30:00,4.337,-,0.000
2024-06-02T20:15:00,4.332,-,0.000
2024-06-02T20:00:00,4.326,-,0.000
2024-06-02T19:45:00,4.320,-,0.000
2024-06-02T19:30:00,4.315,-,0.000
2024-06-02T19:15:00,4.309,-,0.000
2024-06-02T19:00:00,4.304,-,0.000
2024-06-02T18:45:00,4.298,-,0.000
2024-06-02T18:30:00,4.291,-,0.000
2024-06-02T18:15:00,4.286,-,0.000
2024-06-02T18:00:00,4.281,-,0.000
2024-06-02T17:45:00,4.274,-,0.000
2024-06-02T17:30:00,4.268,-,0.000
2024-06-02T17:15:00,4.263,-,0.000
2024-06-02T17:00:00,4.257,-,0.000
2024-06-02T16:45:00,4.251,-,0.000
2024-06-02T16:30:00,4.245,-,0.000
2024-06-02T16:15:00,4.239,-,0.000
2024-06-02T16:00:00,4.231,-,0.000
2024-06-02T15:45:00,4.225,-,0.000
2024-06-02T15:30:00,4.219,-,0.000
2024-06-02T15:15:00,4.214,-,0.000
2024-06-02T15:00:00,4.209,-,0.000
2024-06-02T14:45:00,4.203,-,0.000
2024-06-02T14:30:00,4.196,-,0.000
2024-06-02T14:15:00,4.191,-,0.000
2024-06-02T14:00:00,4.184,-,0.000
2024-06-02T13:45:00,4.181,-,0.000
2024-06-02T13:30:00,4.177,-,0.000
2024-06-02T13:15:00,4.174,-,0.000
2024-06-02T13:00:00,4.173,-,0.000
2024-06-02T12:45:00,4.171,-,0.000
2024-06-02T12:30:00,4.171,-,0.000
2024-06-02T12:15:00,4.171,-,0.000
2024-06-02T12:00:00,4.171,-,0.000
2024-06-02T11:45:00,4.172,-,0.000
2024-06-02T11:30:00,4.172,-,0.000
2024-06-02T11:15:00,4.171,-,0.000
2024-06-02T11:00:00,4.172,-,0.000
2024-06-02T10:45:00,4.172,-,0.000
2024-06-02T10:30:00,4.172,-,0.000
2024-06-02T10:15:00,4.172,-,0.000
2024-06-02T10:00:00,4.173,-,0.000
2024-06-02T09:45:00,4.172,-,0.000
2024-06-02T09:30:00,4.172,-,0.000
2024-06-02T09:15:00,4.173,-,0.000
2024-06-02T09:00:00,4.173,-,0.000
2024-06-02T08:45:00,4.172,-,0.000
2024-06-02T08:30:00,4.173,-,0.000
2024-06-02T08:15:00,4.173,-,0.000
2024-06-02T08:00:00,4.173,-,0.000
2024-06-02T07:45:00,4.173,-,0.000
2024-06-02T07:30:00,4.173,-,0.000
2024-06-02T07:15:00,4.173,-,0.000
2024-06-02T07:00:00,4.173,-,0.000
2024-06-02T06:45:00,4.173,-,0.000
2024-06-02T06:30:00,4.173,-,0.000
2024-06-02T06:15:00,4.172,-,0.000
2024-06-02T06:00:00,4.172,-,0.000
2024-06-02T05:45:00,4.172,-,0.000
2024-06-02T05:30:00,4.172,-,0.000
2024-06-02T05:15:00,4.172,-,0.000
2024-06-02T05:00:00,4.172,-,0.000
2024-06-02T04:45:00,4.172,-,0.000
2024-06-02T04:30:00,4.172,-,0.000
2024-06-02T04:15:00,4.172,-,0.000
2024-06-02T04:00:00,4.171,-,0.500
2024-06-02T03:45:00,4.171,-,0.000
2024-06-02T03:30:00,4.170,-,0.000
2024-06-02T03:15:00,4.170,-,0.000
2024-06-02T03:00:00,4.170,-,0.000
2024-06-02T02:45:00,4.170,-,0.000
2024-06-02T02:30:00,4.169,-,0.000
2024-06-02T02:15:00,4.169,-,0.000
2024-06-02T02:00:00,4.168,-,0.000
2024-06-02T01:45:00,4.167,-,0.000
2024-06-02T01:30:00,4.166,-,0.000
2024-06-02T01:15:00,4.166,-,0.000
2024-06-02T01:00:00,4.165,-,0.000
2024-06-02T00:45:00,4.164,-,0.000
2024-06-02T00:30:00,4.162,-,0.000
2024-06-02T00:15:00,4.161,-,0.000
2024-06-02T00:00:00,4.159,-,0.000
2024-06-01T23:45:00,4.157,-,0.000
2024-06-01T23:30:00,4.154,-,0.000
2024-06-01T23:15:00,4.151,-,0.000
2024-06-01T23:00:00,4.147,-,0.000
2024-06-01T22:45:00,4.142,-,0.000
2024-06-01T22:30:00,4.137,-,0.000
2024-06-01T22:15:00,4.131,-,0.000
2024-06-01T22:00:00,4.122,-,0.000
2024-06-01T21:45:00,4.116,-,0.000
2024-06-01T21:30:00,4.109,-,0.000
2024-06-01T21:15:00,4.101,-,0.000
2024-06-01T21:00:00,4.093,-,0.000
2024-06-01T20:45:00,4.085,-,0.000
2024-06-01T20:30:00,4.077,-,0.000
2024-06-01T20:15:00,4.070,-,0.000
2024-06-01T20:00:00,4.062,-,0.000
2024-06-01T19:45:00,4.055,-,0.000
2024-06-01T19:30:00,4.046,-,0.000
2024-06-01T19:15:00,4.038,-,0.000
2024-06-01T19:00:00,4.030,-,0.000
2024-06-01T18:45:00,4.023,-,0.000
2024-06-01T18:30:00,4.015,-,0.000
2024-06-01T18:15:00,4.007,-,0.000
2024-06-01T18:00:00,3.998,-,0.000
2024-06-01T17:45:00,3.989,-,0.000
2024-06-01T17:30:00,3.981,-,0.000
2024-06-01T17:15:00,3.972,-,0.000
2024-06-01T17:00:00,3.965,-,0.000
2024-06-01T16:45:00,3.955,-,0.000
2024-06-01T16:30:00,3.945,-,0.000
2024-06-01T16:15:00,3.937,-,0.000
2024-06-01T16:00:00,3.929,-,0.000
2024-06-01T15:45:00,3.920,-,0.000
2024-06-01T15:30:00,3.912,-,0.000
2024-06-01T15:15:00,3.904,-,0.000
2024-06-01T15:00:00,3.893,-,0.000
2024-06-01T14:45:00,3.886,-,0.000
2024-06-01T14:30:00,3.877,-,0.000
2024-06-01T14:15:00,3.870,-,0.000
2024-06-01T14:00:00,3.863,-,0.000
2024-06-01T13:45:00,3.857,-,0.000
2024-06-01T13:30:00,3.853,-,0.000
2024-06-01T13:15:00,3.847,-,0.000
2024-06-01T13:00:00,3.841,-,0.000
2024-06-01T12:45:00,3.837,-,0.000
2024-06-01T12:30:00,3.833,-,0.000
2024-06-01T12:15:00,3.831,-,0.000
2024-06-01T12:00:00,3.828,-,0.000
2024-06-01T11:45:00,3.825,-,1.000
2024-06-01T11:30:00,3.823,-,0.000
2024-06-01T11:15:00,3.820,-,0.000
2024-06-01T11:00:00,3.817,-,0.000
2024-06-01T10:45:00,3.814,-,0.000
2024-06-01T10:30:00,3.811,-,0.000
2024-06-01T10:15:00,3.809,-,0.000
2024-06-01T10:00:00,3.807,-,0.000
2024-06-01T09:45:00,3.802,-,0.000
2024-06-01T09:30:00,3.800,-,0.000
2024-06-01T09:15:00,3.798,-,0.000
2024-06-01T09:00:00,3.797,-,0.000
2024-06-01T08:45:00,3.794,-,0.000
2024-06-01T08:30:00,3.791,-,0.000
2024-06-01T08:15:00,3.790,-,0.000
2024-06-01T08:00:00,3.788,-,0.000
2024-06-01T07:45:00,3.787,-,0.000
2024-06-01T07:30:00,3.786,-,0.000
2024-06-01T07:15:00,3.784,-,0.000
2024-06-01T07:00:00,3.785,-,0.000
2024-06-01T06:45:00,3.784,-,0.000
2024-06-01T06:30:00,3.784,-,0.000
2024-06-01T06:15:00,3.784,-,0.000
2024-06-01T06:00:00,3.784,-,0.000
2024-06-01T05:45:00,3.785,-,0.000
2024-06-01T05:30:00,3.785,-,0.000
2024-06-01T05:15:00,3.785,-,0.500
2024-06-01T05:00:00,3.785,-,0.500
2024-06-01T04:45:00,3.785,-,0.000
2024-06-01T04:30:00,3.786,-,0.000
2024-06-01T04:15:00,3.786,-,0.000
2024-06-01T04:00:00,3.787,-,0.000
2024-06-01T03:45:00,3.787,-,0.000
2024-06-01T03:30:00,3.787,-,0.000
2024-06-01T03:15:00,3.788,-,0.000
2024-06-01T03:00:00,3.788,-,0.000
2024-06-01T02:45:00,3.788,-,0.000
2024-06-01T02:30:00,3.788,-,0.000
2024-06-01T02:15:00,3.789,-,0.000
2024-06-01T02:00:00,3.789,-,0.000
2024-06-01T01:45:00,3.790,-,0.000
2024-06-01T01:30:00,3.790,-,0.000
2024-06-01T01:15:00,3.790,-,0.000
2024-06-01T01:00:00,3.791,-,0.000
2024-06-01T00:45:00,3.791,-,0.000
2024-06-01T00:30:00,3.791,-,0.000
2024-06-01T00:15:00,3.791,-,0.000
2024-06-01T00:00:00,3.791,-,0.000
2024-05-31T23:45:00,3.791,-,0.000
2024-05-31T23:30:00,3.792,-,0.000
2024-05-31T23:15:00,3.793,-,0.000
2024-05-31T23:00:00,3.793,-,0.000
2024-05-31T22:45:00,3.793,-,0.000
2024-05-31T22:30:00,3.795,-,0.000
2024-05-31T22:15:00,3.794,-,0.000
2024-05-31T22:00:00,3.794,-,0.000
2024-05-31T21:45:00,3.793,-,0.000
2024-05-31T21:30:00,3.792,-,0.000
2024-05-31T21:15:00,3.792,-,0.500
2024-05-31T21:00:00,3.795,-,0.500
2024-05-31T20:45:00,3.793,-,0.000
2024-05-31T20:30:00,3.793,-,0.000
2024-05-31T20:15:00,3.794,-,0.000
2024-05-31T20:00:00,3.794,-,0.000
2024-05-31T19:45:00,3.794,-,0.000
2024-05-31T19:30:00,3.794,-,0.000
2024-05-31T19:15:00,3.795,-,0.000
2024-05-31T19:00:00,3.795,-,0.000
2024-05-31T18:45:00,3.796,-,0.000
2024-05-31T18:30:00,3.796,-,0.000
2024-05-31T18:15:00,3.796,-,0.000
2024-05-31T18:00:00,3.796,-,0.000
2024-05-31T17:45:00,3.797,-,0.000
2024-05-31T17:30:00,3.797,-,0.000
2024-05-31T17:15:00,3.797,-,0.000
2024-05-31T17:00:00,3.798,-,0.000
2024-05-31T16:45:00,3.798,-,0.000
2024-05-31T16:30:00,3.798,-,0.000
2024-05-31T16:15:00,3.799,-,0.000
2024-05-31T16:00:00,3.799,-,0.000
2024-05-31T15:45:00,3.799,-,0.000
2024-05-31T15:30:00,3.799,-,0.000
2024-05-31T15:15:00,3.799,-,0.000
2024-05-31T15:00:00,3.799,-,0.000
2024-05-31T14:45:00,3.802,-,0.000
2024-05-31T14:30:00,3.801,-,0.000
2024-05-31T14:15:00,3.801,-,0.000
2024-05-31T14:00:00,3.802,-,0.000
2024-05-31T13:45:00,3.802,-,0.000
2024-05-31T13:30:00,3.802,-,0.000
2024-05-31T13:15:00,3.802,-,0.000
2024-05-31T13:00:00,3.802,-,0.000
2024-05-31T12:45:00,3.803,-,0.000
2024-05-31T12:30:00,3.802,-,0.000
2024-05-31T12:15:00,3.802,-,0.000
2024-05-31T12:00:00,3.803,-,0.000
2024-05-31T11:45:00,3.804,-,0.000
2024-05-31T11:30:00,3.803,-,0.000
2024-05-31T11:15:00,3.804,-,0.000
2024-05-31T11:00:00,3.803,-,0.000
2024-05-31T10:45:00,3.804,-,0.000
2024-05-31T10:30:00,3.805,-,0.000
2024-05-31T10:15:00,3.804,-,0.000
2024-05-31T10:00:00,3.804,-,0.000
2024-05-31T09:45:00,3.805,-,0.000
2024-05-31T09:30:00,3.805,-,0.000
2024-05-31T09:15:00,3.806,-,0.000
2024-05-31T09:00:00,3.806,-,0.000
2024-05-31T08:45:00,3.806,-,0.000
2024-05-31T08:30:00,3.807,-,0.000
2024-05-31T08:15:00,3.806,-,0.000
2024-05-31T08:00:00,3.806,-,0.000
2024-05-31T07:45:00,3.807,-,0.000
2024-05-31T07:30:00,3.807,-,0.000
2024-05-31T07:15:00,3.807,-,0.000
2024-05-31T07:00:00,3.808,-,0.000
2024-05-31T06:45:00,3.808,-,0.000
2024-05-31T06:30:00,3.808,-,0.000
2024-05-31T06:15:00,3.808,-,0.000
2024-05-31T06:00:00,3.809,-,0.000
2024-05-31T05:45:00,3.808,-,0.000
2024-05-31T05:30:00,3.808,-,0.000
2024-05-31T05:15:00,3.809,-,0.000
2024-05-31T05:00:00,3.809,-,0.000
2024-05-31T04:45:00,3.809,-,0.000
2024-05-31T04:30:00,3.810,-,0.000
2024-05-31T04:15:00,3.810,-,0.000
2024-05-31T04:00:00,3.810,-,0.000
2024-05-31T03:45:00,3.809,-,0.000
2024-05-31T03:30:00,3.809,-,0.000
2024-05-31T03:15:00,3.809,-,0.000
2024-05-31T03:00:00,3.810,-,0.000
2024-05-31T02:45:00,3.810,-,0.000
2024-05-31T02:30:00,3.810,-,0.000
2024-05-31T02:15:00,3.809,-,0.000
2024-05-31T02:00:00,3.809,-,0.000
2024-05-31T01:45:00,3.810,-,0.000
2024-05-31T01:30:00,3.809,-,0.000
2024-05-31T01:15:00,3.809,-,0.000
2024-05-31T01:00:00,3.809,-,0.000
2024-05-31T00:45:00,3.809,-,0.000
2024-05-31T00:30:00,3.809,-,0.000
2024-05-31T00:15:00,3.810,-,0.000
2024-05-31T00:00:00,3.809,-,0.000
2024-05-30T23:45:00,3.809,-,0.000
2024-05-30T23:30:00,3.808,-,0.000
2024-05-30T23:15:00,3.806,-,0.000
2024-05-30T23:00:00,3.806,-,0.000
2024-05-30T22:45:00,3.804,-,0.000
2024-05-30T22:30:00,3.805,-,0.000
2024-05-30T22:15:00,3.806,-,0.000
2024-05-30T22:00:00,3.808,-,0.000
2024-05-30T21:45:00,3.806,-,0.000
2024-05-30T21:30:00,3.804,-,0.000
2024-05-30T21:15:00,3.802,-,0.000
2024-05-30T21:00:00,3.800,-,0.500
2024-05-30T20:45:00,3.800,-,0.500
2024-05-30T20:30:00,3.795,-,0.000
2024-05-30T20:15:00,3.790,-,0.500
2024-05-30T20:00:00,3.785,-,4.000
2024-05-30T19:45:00,3.783,-,11.000
2024-05-30T19:30:00,3.773,-,19.500
2024-05-30T19:15:00,3.755,-,11.500
2024-05-30T19:00:00,3.731,-,0.000
2024-05-30T18:45:00,3.734,-,0.000
2024-05-30T18:30:00,3.735,-,0.000
2024-05-30T18:15:00,3.736,-,0.000
2024-05-30T18:00:00,3.736,-,0.000
2024-05-30T17:45:00,3.736,-,0.000
2024-05-30T17:30:00,3.737,-,0.000
2024-05-30T17:15:00,3.738,-,0.000
2024-05-30T17:00:00,3.739,-,0.000
2024-05-30T16:45:00,3.740,-,0.000
2024-05-30T16:30:00,3.742,-,0.000
2024-05-30T16:15:00,3.739,-,0.000
2024-05-30T16:00:00,3.740,-,0.000
2024-05-30T15:45:00,3.740,-,0.000
2024-05-30T15:30:00,3.743,-,0.000
2024-05-30T15:15:00,3.744,-,0.000
2024-05-30T15:00:00,3.744,-,0.000
2024-05-30T14:45:00,3.745,-,0.000
2024-05-30T14:30:00,3.747,-,0.000
2024-05-30T14:15:00,3.747,-,0.000
2024-05-30T14:00:00,3.749,-,0.000
2024-05-30T13:45:00,3.749,-,0.000
2024-05-30T13:30:00,3.753,-,0.000
2024-05-30T13:15:00,3.752,-,0.000
2024-05-30T13:00:00,3.750,-,0.000
2024-05-30T12:45:00,3.754,-,0.000
2024-05-30T12:30:00,3.753,-,0.000
2024-05-30T12:15:00,3.755,-,0.000
2024-05-30T12:00:00,3.756,-,0.000
2024-05-30T11:45:00,3.756,-,0.000
2024-05-30T11:30:00,3.758,-,0.000
2024-05-30T11:15:00,3.758,-,0.000
2024-05-30T11:00:00,3.761,-,0.000
2024-05-30T10:45:00,3.760,-,0.000
2024-05-30T10:30:00,3.763,-,0.000
2024-05-30T10:15:00,3.763,-,0.000
2024-05-30T10:00:00,3.764,-,0.000
2024-05-30T09:45:00,3.765,-,0.000
2024-05-30T09:30:00,3.767,-,0.000
2024-05-30T09:15:00,3.769,-,0.000
2024-05-30T09:00:00,3.771,-,0.000
2024-05-30T08:45:00,3.773,-,0.000
2024-05-30T08:30:00,3.775,-,0.000
2024-05-30T08:15:00,3.777,-,0.000
2024-05-30T08:00:00,3.779,-,0.000
2024-05-30T07:45:00,3.781,-,0.000
2024-05-30T07:30:00,3.783,-,0.000
2024-05-30T07:15:00,3.784,-,0.000
2024-05-30T07:00:00,3.786,-,0.000
2024-05-30T06:45:00,3.788,-,0.000
2024-05-30T06:30:00,3.789,-,0.000
2024-05-30T06:15:00,3.791,-,0.000
2024-05-30T06:00:00,3.792,-,0.000
2024-05-30T05:45:00,3.794,-,0.000
2024-05-30T05:30:00,3.796,-,0.000
2024-05-30T05:15:00,3.797,-,0.000
2024-05-30T05:00:00,3.799,-,0.000
2024-05-30T04:45:00,3.800,-,0.000
2024-05-30T04:30:00,3.802,-,0.000
2024-05-30T04:15:00,3.803,-,0.000
2024-05-30T04:00:00,3.805,-,0.000
2024-05-30T03:45:00,3.806,-,0.000
2024-05-30T03:30:00,3.807,-,0.000
2024-05-30T03:15:00,3.809,-,0.000
2024-05-30T03:00:00,3.811,-,0.000
2024-05-30T02:45:00,3.813,-,0.000
2024-05-30T02:30:00,3.816,-,0.000
2024-05-30T02:15:00,3.818,-,0.000
2024-05-30T02:00:00,3.819,-,0.000
2024-05-30T01:45:00,3.821,-,0.000
2024-05-30T01:30:00,3.823,-,0.000
2024-05-30T01:15:00,3.825,-,0.000
2024-05-30T01:00:00,3.827,-,0.000
2024-05-30T00:45:00,3.828,-,0.000
2024-05-30T00:30:00,3.831,-,0.000
2024-05-30T00:15:00,3.832,-,0.000
2024-05-30T00:00:00,3.834,-,0.000
2024-05-29T23:45:00,3.839,-,0.000
2024-05-29T23:30:00,3.839,-,0.000
2024-05-29T23:15:00,3.840,-,0.000
2024-05-29T23:00:00,3.843,-,0.500
2024-05-29T22:45:00,3.845,-,0.500
2024-05-29T22:30:00,3.846,-,0.000
2024-05-29T22:15:00,3.849,-,0.000
2024-05-29T22:00:00,3.849,-,0.000
2024-05-29T21:45:00,3.853,-,0.000
2024-05-29T21:30:00,3.854,-,0.000
2024-05-29T21:15:00,3.857,-,0.000
2024-05-29T21:00:00,3.859,-,0.000
2024-05-29T20:45:00,3.861,-,0.000
2024-05-29T20:30:00,3.862,-,0.000
2024-05-29T20:15:00,3.866,-,0.000
2024-05-29T20:00:00,3.867,-,0.000
2024-05-29T19:45:00,3.868,-,0.000
2024-05-29T19:30:00,3.870,-,0.000
2024-05-29T19:15:00,3.872,-,0.000
2024-05-29T19:00:00,3.874,-,0.000
2024-05-29T18:45:00,3.876,-,0.000
2024-05-29T18:30:00,3.879,-,0.000
2024-05-29T18:15:00,3.881,-,0.000
2024-05-29T18:00:00,3.883,-,0.000
2024-05-29T17:45:00,3.885,-,0.000
2024-05-29T17:30:00,3.888,-,0.000
2024-05-29T17:15:00,3.890,-,0.000
2024-05-29T17:00:00,3.894,-,0.000
2024-05-29T16:45:00,3.897,-,0.000
2024-05-29T16:30:00,3.899,-,0.000
2024-05-29T16:15:00,3.900,-,0.000
2024-05-29T16:00:00,3.901,-,0.000
2024-05-29T15:45:00,3.904,-,0.000
2024-05-29T15:30:00,3.908,-,0.000
2024-05-29T15:15:00,3.909,-,0.000
2024-05-29T15:00:00,3.909,-,0.000
2024-05-29T14:45:00,3.912,-,0.000
2024-05-29T14:30:00,3.914,-,0.000
2024-05-29T14:15:00,3.916,-,0.000
2024-05-29T14:00:00,3.920,-,0.500
2024-05-29T13:45:00,3.923,-,0.000
2024-05-29T13:30:00,3.925,-,0.000
2024-05-29T13:15:00,3.925,-,0.000
2024-05-29T13:00:00,3.928,-,0.000
2024-05-29T12:45:00,3.930,-,0.000
2024-05-29T12:30:00,3.934,-,0.000
2024-05-29T12:15:00,3.933,-,0.000
2024-05-29T12:00:00,3.935,-,0.000
2024-05-29T11:45:00,3.939,-,0.000
2024-05-29T11:30:00,3.942,-,0.000
2024-05-29T11:15:00,3.945,-,0.000
2024-05-29T11:00:00,3.946,-,0.000
2024-05-29T10:45:00,3.948,-,0.000
2024-05-29T10:30:00,3.949,-,0.000
2024-05-29T10:15:00,3.952,-,0.000
2024-05-29T10:00:00,3.955,-,0.000
2024-05-29T09:45:00,3.961,-,0.000
2024-05-29T09:30:00,3.962,-,0.000
2024-05-29T09:15:00,3.962,-,0.000
2024-05-29T09:00:00,3.963,-,0.000
2024-05-29T08:45:00,3.966,-,0.000
2024-05-29T08:30:00,3.968,-,0.000
2024-05-29T08:15:00,3.970,-,0.000
2024-05-29T08:00:00,3.972,-,0.000
2024-05-29T07:45:00,3.974,-,0.000
2024-05-29T07:30:00,3.977,-,0.000
2024-05-29T07:15:00,3.979,-,0.000
2024-05-29T07:00:00,3.981,-,0.000
2024-05-29T06:45:00,3.984,-,0.000
2024-05-29T06:30:00,3.986,-,0.000
2024-05-29T06:15:00,3.988,-,0.000
2024-05-29T06:00:00,3.990,-,0.000
2024-05-29T05:45:00,3.992,-,0.000
2024-05-29T05:30:00,3.994,-,0.000
2024-05-29T05:15:00,3.997,-,0.000
2024-05-29T05:00:00,3.999,-,0.000
2024-05-29T04:45:00,4.001,-,0.000
2024-05-29T04:30:00,4.004,-,0.000
2024-05-29T04:15:00,4.005,-,0.000
2024-05-29T04:00:00,4.008,-,0.000
2024-05-29T03:45:00,4.010,-,0.000
2024-05-29T03:30:00,4.013,-,0.000
2024-05-29T03:15:00,4.015,-,0.000
2024-05-29T03:00:00,4.016,-,0.000
2024-05-29T02:45:00,4.019,-,0.000
2024-05-29T02:30:00,4.021,-,0.000
2024-05-29T02:15:00,4.023,-,0.000
2024-05-29T02:00:00,4.025,-,0.000
2024-05-29T01:45:00,4.027,-,0.000
2024-05-29T01:30:00,4.029,-,0.000
2024-05-29T01:15:00,4.032,-,0.000
2024-05-29T01:00:00,4.034,-,0.000
2024-05-29T00:45:00,4.036,-,0.000
2024-05-29T00:30:00,4.038,-,0.000
2024-05-29T00:15:00,4.040,-,0.000
2024-05-29T00:00:00,4.042,-,0.000
2024-05-28T23:45:00,4.044,-,0.000
2024-05-28T23:30:00,4.046,-,0.000
2024-05-28T23:15:00,4.048,-,0.000
2024-05-28T23:00:00,4.051,-,0.000
2024-05-28T22:45:00,4.052,-,0.000
2024-05-28T22:30:00,4.054,-,0.000
2024-05-28T22:15:00,4.057,-,0.000
2024-05-28T22:00:00,4.058,-,0.000
2024-05-28T21:45:00,4.061,-,0.000
2024-05-28T21:30:00,4.064,-,0.000
2024-05-28T21:15:00,4.066,-,0.000
2024-05-28T21:00:00,4.068,-,0.000
2024-05-28T20:45:00,4.070,-,0.000
2024-05-28T20:30:00,4.072,-,0.000
2024-05-28T20:15:00,4.074,-,0.000
2024-05-28T20:00:00,4.083,-,0.000
2024-05-28T19:45:00,4.084,-,0.000
2024-05-28T19:30:00,4.085,-,0.000
2024-05-28T19:15:00,4.086,-,0.000
2024-05-28T19:00:00,4.086,-,0.000
2024-05-28T18:45:00,4.088,-,0.000
2024-05-28T18:30:00,4.090,-,0.000
2024-05-28T18:15:00,4.092,-,0.000
2024-05-28T18:00:00,4.101,-,0.000
2024-05-28T17:45:00,4.102,-,0.000
2024-05-28T17:30:00,4.103,-,0.000
2024-05-28T17:15:00,4.105,-,0.000
2024-05-28T17:00:00,4.107,-,0.000
2024-05-28T16:45:00,4.108,-,0.000
2024-05-28T16:30:00,4.110,-,0.000
2024-05-28T16:15:00,4.112,-,0.000
2024-05-28T16:00:00,4.114,-,0.000
2024-05-28T15:45:00,4.116,-,0.000
2024-05-28T15:30:00,4.118,-,0.000
2024-05-28T15:15:00,4.120,-,0.000
2024-05-28T15:00:00,4.122,-,0.000
2024-05-28T14:45:00,4.124,-,0.000
2024-05-28T14:30:00,4.127,-,0.000
2024-05-28T14:15:00,4.129,-,0.000
2024-05-28T14:00:00,4.132,-,0.000
2024-05-28T13:45:00,4.133,-,0.000
2024-05-28T13:30:00,4.136,-,0.000
2024-05-28T13:15:00,4.137,-,0.000
2024-05-28T13:00:00,4.138,-,0.000
2024-05-28T12:45:00,4.140,-,0.000
2024-05-28T12:30:00,4.144,-,0.000
2024-05-28T12:15:00,4.148,-,0.000
2024-05-28T12:00:00,4.147,-,0.000
2024-05-28T11:45:00,4.152,-,0.000
2024-05-28T11:30:00,4.153,-,0.000
2024-05-28T11:15:00,4.155,-,0.000
2024-05-28T11:00:00,4.157,-,0.000
2024-05-28T10:45:00,4.159,-,0.000
2024-05-28T10:30:00,4.161,-,0.000
2024-05-28T10:15:00,4.163,-,0.000
2024-05-28T10:00:00,4.165,-,0.000
2024-05-28T09:45:00,4.168,-,0.000
2024-05-28T09:30:00,4.169,-,0.000
2024-05-28T09:15:00,4.172,-,0.000
2024-05-28T09:00:00,4.174,-,0.000
2024-05-28T08:45:00,4.176,-,0.000
2024-05-28T08:30:00,4.179,-,0.000
2024-05-28T08:15:00,4.180,-,0.000
2024-05-28T08:00:00,4.183,-,0.000
2024-05-28T07:45:00,4.186,-,0.000
2024-05-28T07:30:00,4.188,-,0.000
2024-05-28T07:15:00,4.190,-,0.000
2024-05-28T07:00:00,4.192,-,0.000
2024-05-28T06:45:00,4.194,-,0.000
2024-05-28T06:30:00,4.197,-,0.000
2024-05-28T06:15:00,4.198,-,0.000
2024-05-28T06:00:00,4.201,-,0.000
2024-05-28T05:45:00,4.203,-,0.000
2024-05-28T05:30:00,4.208,-,0.000
2024-05-28T05:15:00,4.209,-,0.000
2024-05-28T05:00:00,4.210,-,0.000
2024-05-28T04:45:00,4.213,-,0.000
2024-05-28T04:30:00,4.215,-,0.000
2024-05-28T04:15:00,4.217,-,0.000
2024-05-28T04:00:00,4.219,-,0.000
2024-05-28T03:45:00,4.221,-,0.000
2024-05-28T03:30:00,4.225,-,0.000
2024-05-28T03:15:00,4.227,-,0.000
2024-05-28T03:00:00,4.229,-,0.000
2024-05-28T02:45:00,4.231,-,0.000
2024-05-28T02:30:00,4.234,-,0.000
2024-05-28T02:15:00,4.236,-,0.000
2024-05-28T02:00:00,4.239,-,0.000
2024-05-28T01:45:00,4.241,-,0.000
2024-05-28T01:30:00,4.242,-,0.000
2024-05-28T01:15:00,4.245,-,0.000
2024-05-28T01:00:00,4.247,-,0.000
2024-05-28T00:45:00,4.250,-,0.000
2024-05-28T00:30:00,4.252,-,0.000
2024-05-28T00:15:00,4.255,-,0.000
2024-05-28T00:00:00,4.257,-,0.000
2024-05-27T23:45:00,4.259,-,0.000
2024-05-27T23:30:00,4.262,-,0.000
2024-05-27T23:15:00,4.263,-,0.000
2024-05-27T23:00:00,4.266,-,0.000
2024-05-27T22:45:00,4.268,-,0.000
2024-05-27T22:30:00,4.271,-,0.000
2024-05-27T22:15:00,4.273,-,0.000
2024-05-27T22:00:00,4.275,-,0.000
2024-05-27T21:45:00,4.277,-,0.000
2024-05-27T21:30:00,4.279,-,0.000
2024-05-27T21:15:00,4.282,-,0.000
2024-05-27T21:00:00,4.284,-,0.000
2024-05-27T20:45:00,4.286,-,0.000
2024-05-27T20:30:00,4.288,-,0.000
2024-05-27T20:15:00,4.290,-,0.000
2024-05-27T20:00:00,4.292,-,0.000
2024-05-27T19:45:00,4.295,-,0.000
2024-05-27T19:30:00,4.296,-,0.000
2024-05-27T19:15:00,4.299,-,0.000
2024-05-27T19:00:00,4.301,-,0.000
2024-05-27T18:45:00,4.303,-,0.000
2024-05-27T18:30:00,4.305,-,0.000
2024-05-27T18:15:00,4.307,-,0.000
2024-05-27T18:00:00,4.310,-,0.000
2024-05-27T17:45:00,4.311,-,0.000
2024-05-27T17:30:00,4.315,-,0.000
2024-05-27T17:15:00,4.317,-,0.000
2024-05-27T17:00:00,4.319,-,0.000
2024-05-27T16:45:00,4.322,-,0.000
2024-05-27T16:30:00,4.326,-,0.000
2024-05-27T16:15:00,4.327,-,0.000
2024-05-27T16:00:00,4.328,-,0.000
2024-05-27T15:45:00,4.331,-,0.000
2024-05-27T15:30:00,4.333,-,0.000
2024-05-27T15:15:00,4.334,-,0.000
2024-05-27T15:00:00,4.335,-,0.000
2024-05-27T14:45:00,4.337,-,0.000
2024-05-27T14:30:00,4.340,-,0.000
2024-05-27T14:15:00,4.342,-,0.000
2024-05-27T14:00:00,4.343,-,0.000
2024-05-27T13:45:00,4.346,-,0.000
2024-05-27T13:30:00,4.347,-,0.000
2024-05-27T13:15:00,4.350,-,0.000
2024-05-27T13:00:00,4.353,-,0.000
2024-05-27T12:45:00,4.356,-,0.000
2024-05-27T12:30:00,4.358,-,0.000
2024-05-27T12:15:00,4.360,-,0.000
2024-05-27T12:00:00,4.361,-,0.000
2024-05-27T11:45:00,4.364,-,0.000
2024-05-27T11:30:00,4.366,-,0.000
2024-05-27T11:15:00,4.369,-,0.000
2024-05-27T11:00:00,4.371,-,0.000
2024-05-27T10:45:00,4.373,-,0.000
2024-05-27T10:30:00,4.376,-,0.000
2024-05-27T10:15:00,4.378,-,0.000
2024-05-27T10:00:00,4.381,-,0.000
2024-05-27T09:45:00,4.384,-,0.000
2024-05-27T09:30:00,4.386,-,0.000
2024-05-27T09:15:00,4.389,-,0.000
2024-05-27T09:00:00,4.391,-,0.000
2024-05-27T08:45:00,4.393,-,0.000
2024-05-27T08:30:00,4.395,-,0.000
2024-05-27T08:15:00,4.397,-,0.000
2024-05-27T08:00:00,4.399,-,0.000
2024-05-27T07:45:00,4.402,-,0.000
2024-05-27T07:30:00,4.405,-,0.000
2024-05-27T07:15:00,4.406,-,0.000
2024-05-27T07:00:00,4.409,-,0.000
2024-05-27T06:45:00,4.410,-,0.000
2024-05-27T06:30:00,4.412,-,0.000
2024-05-27T06:15:00,4.415,-,0.000
2024-05-27T06:00:00,4.417,-,0.000
2024-05-27T05:45:00,4.419,-,0.000
2024-05-27T05:30:00,4.421,-,0.000
2024-05-27T05:15:00,4.423,-,0.000
2024-05-27T05:00:00,4.425,-,0.000
2024-05-27T04:45:00,4.428,-,0.000
2024-05-27T04:30:00,4.430,-,0.000
2024-05-27T04:15:00,4.432,-,0.000
2024-05-27T04:00:00,4.434,-,0.000
2024-05-27T03:45:00,4.437,-,0.000
2024-05-27T03:30:00,4.439,-,0.000
2024-05-27T03:15:00,4.442,-,0.000
2024-05-27T03:00:00,4.445,-,0.000
2024-05-27T02:45:00,4.447,-,0.000
2024-05-27T02:30:00,4.448,-,0.000
2024-05-27T02:15:00,4.449,-,0.000
2024-05-27T02:00:00,4.451,-,0.000
2024-05-27T01:45:00,4.453,-,0.000
2024-05-27T01:30:00,4.456,-,0.000
2024-05-27T01:15:00,4.458,-,0.000
2024-05-27T01:00:00,4.459,-,0.000
2024-05-27T00:45:00,4.460,-,0.000
2024-05-27T00:30:00,4.461,-,0.000
2024-05-27T00:15:00,4.462,-,0.000
2024-05-27T00:00:00,4.463,-,0.000
2024-06-03T04:00:00,4.387,-,0.000
2024-06-03T03:45:00,4.388,-,0.000
2024-06-03T03:30:00,4.389,-,0.000
2024-06-03T03:15:00,4.389,-,0.000
2024-06-03T03:00:00,4.390,-,0.000
2024-06-03T02:45:00,4.391,-,0.000
2024-06-03T02:30:00,4.391,-,0.000
2024-06-03T02:15:00,4.391,-,0.000
2024-06-03T02:00:00,4.392,-,0.000
2024-06-03T01:45:00,4.392,-,0.000
2024-06-03T01:30:00,4.392,-,0.000
2024-06-03T01:15:00,4.392,-,0.000
2024-06-03T01:00:00,4.392,-,0.000
2024-06-03T00:45:00,4.392,-,0.000
2024-06-03T00:30:00,4.392,-,0.000
2024-06-03T00:15:00,4.391,-,0.000
2024-06-03T00:00:00,4.390,-,0.000
2024-07-28T23:45:00,4.170,118.20,0.000
2024-07-28T23:30:00,4.180,120.50,0.000
2024-07-28T23:15:00,4.180,124.90,0.000
2024-07-28T23:00:00,4.190,122.40,0.000
2024-07-28T22:45:00,4.200,118.30,0.000
2024-07-28T22:30:00,4.210,126.80,0.000
2024-07-28T22:15:00,4.220,122.30,0.000
2024-07-28T22:00:00,4.230,124.00,0.000
2024-07-28T21:45:00,4.240,137.00,0.000
2024-07-28T21:30:00,4.250,116.30,0.000
2024-07-28T21:15:00,4.250,125.30,0.000
2024-07-28T21:00:00,4.260,124.80,0.000
2024-07-28T20:45:00,4.270,125.70,0.000
2024-07-28T20:30:00,4.280,121.50,0.000
2024-07-28T20:15:00,4.280,130.90,0.000
2024-07-28T20:00:00,4.290,128.20,0.000
2024-07-28T19:45:00,4.300,132.20,0.000
2024-07-28T19:30:00,4.300,135.30,1.500
2024-07-28T19:15:00,4.300,128.50,2.500
2024-07-28T19:00:00,4.310,135.30,0.000
2024-07-28T18:45:00,4.320,131.70,0.000
2024-07-28T18:30:00,4.320,136.70,0.000
2024-07-28T18:15:00,4.330,124.50,0.000
2024-07-28T18:00:00,4.340,132.00,0.000
2024-07-28T17:45:00,4.350,135.10,0.000
2024-07-28T17:30:00,4.350,132.30,0.000
2024-07-28T17:15:00,4.360,131.50,0.000
2024-07-28T17:00:00,4.360,140.00,0.000
2024-07-28T16:45:00,4.370,139.00,0.000
2024-07-28T16:30:00,4.380,138.90,0.000
2024-07-28T16:15:00,4.380,138.50,0.000
2024-07-28T16:00:00,4.390,135.20,0.000
2024-07-28T15:45:00,4.400,120.90,0.000
2024-07-28T15:30:00,4.410,136.20,0.000
2024-07-28T15:15:00,4.420,138.70,0.000
2024-07-28T15:00:00,4.430,141.60,0.000
2024-07-28T14:45:00,4.430,141.70,0.000
2024-07-28T14:30:00,4.440,136.50,0.000
2024-07-28T14:15:00,4.450,140.20,0.000
2024-07-28T14:00:00,4.460,142.90,0.000
2024-07-28T13:45:00,4.470,146.50,0.000
2024-07-28T13:30:00,4.470,130.50,0.000
2024-07-28T13:15:00,4.480,129.10,0.000
2024-07-28T13:00:00,4.490,132.90,0.000
2024-07-28T12:45:00,4.490,148.60,0.000
2024-07-28T12:30:00,4.490,154.70,0.000
2024-07-28T12:15:00,4.500,153.10,0.500
2024-07-28T12:00:00,4.490,165.20,0.000
2024-07-28T11:45:00,4.500,161.00,0.000
2024-07-28T11:30:00,4.510,159.40,0.000
2024-07-28T11:15:00,4.520,138.90,0.000
2024-07-28T11:00:00,4.540,143.60,0.000
2024-07-28T10:45:00,4.550,140.70,0.000
2024-07-28T10:30:00,4.560,135.40,0.500
2024-07-28T10:15:00,4.580,163.00,0.500
2024-07-28T10:00:00,4.590,164.10,0.000
2024-07-28T09:45:00,4.610,157.60,0.000
2024-07-28T09:30:00,4.630,158.80,0.000
2024-07-28T09:15:00,4.640,168.40,0.500
2024-07-28T09:00:00,4.660,164.10,0.000
2024-07-28T08:45:00,4.680,171.50,0.000
2024-07-28T08:30:00,4.700,170.50,0.000
2024-07-28T08:15:00,4.720,175.80,0.000
2024-07-28T08:00:00,4.740,176.00,0.000
2024-07-28T07:45:00,4.760,175.00,0.000
2024-07-28T07:30:00,4.780,174.40,0.000
2024-07-28T07:15:00,4.810,173.80,0.000
2024-07-28T07:00:00,4.840,323.10,0.500
2024-07-28T06:45:00,4.870,179.10,1.000
2024-07-28T06:30:00,4.930,169.20,0.500
2024-07-28T06:15:00,4.980,160.50,0.500
2024-07-28T06:00:00,5.000,154.50,0.500
2024-07-28T05:45:00,5.030,136.90,0.000
2024-07-28T05:30:00,5.010,132.80,0.000
2024-07-28T05:15:00,4.980,138.50,0.000
2024-07-28T05:00:00,4.960,129.50,0.000
2024-07-28T04:45:00,4.930,122.60,0.500
2024-07-28T04:30:00,4.890,114.70,0.000
2024-07-28T04:15:00,4.830,117.30,0.000
2024-07-28T04:00:00,4.780,116.80,0.000
2024-07-28T03:45:00,4.720,133.70,0.000
2024-07-28T03:30:00,4.660,115.80,0.000
2024-07-28T03:15:00,4.600,118.20,0.000
2024-07-28T03:00:00,4.540,121.60,0.000
2024-07-28T02:45:00,4.470,121.90,0.000
2024-07-28T02:30:00,4.410,111.20,0.500
2024-07-28T02:15:00,4.350,118.50,0.000
2024-07-28T02:00:00,4.290,109.90,0.000
2024-07-28T01:45:00,4.230,122.10,0.500
2024-07-28T01:30:00,4.180,116.90,0.000
2024-07-28T01:15:00,4.130,108.80,0.000
2024-07-28T01:00:00,4.090,96.90,0.000
2024-07-28T00:45:00,4.050,79.20,0.000
2024-07-28T00:30:00,4.010,73.00,0.000
2024-07-28T00:15:00,3.990,61.00,0.000
2024-07-28T00:00:00,3.960,68.60,0.500
2024-07-27T23:45:00,3.930,81.80,0.000
2024-07-27T23:30:00,3.910,0.00,0.000
2024-07-27T23:15:00,3.900,75.80,0.000
2024-07-27T23:00:00,3.880,74.10,1.000
2024-07-27T22:45:00,3.870,74.30,0.500
2024-07-27T22:30:00,3.860,70.60,1.000
2024-07-27T22:15:00,3.840,71.30,1.500
2024-07-27T22:00:00,3.840,67.00,1.500
2024-07-27T21:45:00,3.820,66.20,2.000
2024-07-27T21:30:00,3.810,60.50,2.000
2024-07-27T21:15:00,3.780,62.00,1.000
2024-07-27T21:00:00,3.770,61.00,1.500
2024-07-27T20:45:00,3.740,58.70,8.500
2024-07-27T20:30:00,3.710,337.20,2.500
2024-07-27T20:15:00,3.700,59.20,2.500
2024-07-27T20:00:00,3.680,55.60,1.500
2024-07-27T19:45:00,3.660,0.00,12.500
2024-07-27T19:30:00,3.630,333.10,5.500
2024-07-27T19:15:00,3.610,54.60,1.000
2024-07-27T19:00:00,3.600,337.90,7.000
2024-07-27T18:45:00,3.580,51.00,0.000
2024-07-27T18:30:00,3.570,36.90,0.500
2024-07-27T18:15:00,3.560,50.60,0.000
2024-07-27T18:00:00,3.550,37.60,0.000
2024-07-27T17:45:00,3.550,53.40,0.500
2024-07-27T17:30:00,3.540,51.80,1.000
2024-07-27T17:15:00,3.530,355.30,1.000
2024-07-27T17:00:00,3.530,31.50,0.000
2024-07-27T16:45:00,3.520,53.00,0.000
2024-07-27T16:30:00,3.510,32.50,0.000
2024-07-27T16:15:00,3.500,44.60,0.000
2024-07-27T16:00:00,3.490,26.80,0.000
2024-07-27T15:45:00,3.480,28.40,0.000
2024-07-27T15:30:00,3.470,43.50,0.500
2024-07-27T15:15:00,3.460,327.30,6.000
2024-07-27T15:00:00,3.450,51.20,0.000
2024-07-27T14:45:00,3.440,30.00,0.000
2024-07-27T14:30:00,3.440,27.10,0.000
2024-07-27T14:15:00,3.430,0.00,0.000
2024-07-27T14:00:00,3.430,33.30,0.000
2024-07-27T13:45:00,3.420,29.00,0.000
2024-07-27T13:30:00,3.410,35.90,0.000
2024-07-27T13:15:00,3.410,27.00,0.000
2024-07-27T13:00:00,3.400,28.30,0.000
2024-07-27T12:45:00,3.400,28.10,0.000
2024-07-27T12:30:00,3.400,0.00,0.000
2024-07-27T12:15:00,3.390,45.90,1.500
2024-07-27T12:00:00,3.390,291.40,2.000
2024-07-27T11:45:00,3.390,30.20,0.000
2024-07-27T11:30:00,3.370,0.00,5.000
2024-07-27T11:15:00,3.370,0.00,2.000
2024-07-27T11:00:00,3.370,34.50,0.000
2024-07-27T10:45:00,3.370,0.00,0.000
2024-07-27T10:30:00,3.370,0.00,0.000
2024-07-27T10:15:00,3.370,0.00,0.000
2024-07-27T10:00:00,3.370,0.00,0.000
2024-07-27T09:45:00,3.370,0.00,0.000
2024-07-27T09:30:00,3.370,26.10,0.000
2024-07-27T09:15:00,3.380,25.80,0.000
2024-07-27T09:00:00,3.380,0.00,0.000
2024-07-27T08:45:00,3.380,0.00,0.000
2024-07-27T08:30:00,3.380,0.00,0.000
2024-07-27T08:15:00,3.380,0.00,0.000
2024-07-27T08:00:00,3.380,26.70,0.000
2024-07-27T07:45:00,3.390,0.00,0.000
2024-07-27T07:30:00,3.390,0.00,0.000
2024-07-27T07:15:00,3.390,0.00,0.000
2024-07-27T07:00:00,3.390,0.00,0.000
2024-07-27T06:45:00,3.390,32.70,0.000
2024-07-27T06:30:00,3.390,0.00,0.000
2024-07-27T06:15:00,3.390,0.00,0.000
2024-07-27T06:00:00,3.390,0.00,0.000
2024-07-27T05:45:00,3.390,34.70,0.000
2024-07-27T05:30:00,3.390,0.00,0.000
2024-07-27T05:15:00,3.400,0.00,0.000
2024-07-27T05:00:00,3.400,0.00,0.000
2024-07-27T04:45:00,3.400,0.00,0.000
2024-07-27T04:30:00,3.400,0.00,0.000
2024-07-27T04:15:00,3.400,0.00,0.000
2024-07-27T04:00:00,3.400,0.00,0.000
2024-07-27T03:45:00,3.400,30.30,0.000
2024-07-27T03:30:00,3.400,38.30,0.000
2024-07-27T03:15:00,3.400,0.00,0.000
2024-07-27T03:00:00,3.400,25.80,0.000
2024-07-27T02:45:00,3.410,0.00,0.000
2024-07-27T02:30:00,3.400,0.00,0.000
2024-07-27T02:15:00,3.410,0.00,0.000
2024-07-27T02:00:00,3.410,0.00,0.000
2024-07-27T01:45:00,3.410,25.90,0.000
2024-07-27T01:30:00,3.410,0.00,0.000
2024-07-27T01:15:00,3.410,0.00,0.000
2024-07-27T01:00:00,3.410,25.90,0.000
2024-07-27T00:45:00,3.410,0.00,0.000
2024-07-27T00:30:00,3.410,26.00,0.000
2024-07-27T00:15:00,3.410,0.00,0.000
2024-07-27T00:00:00,3.410,0.00,0.000
2024-07-26T23:45:00,3.420,0.00,0.000
2024-07-26T23:30:00,3.420,0.00,0.000
2024-07-26T23:15:00,3.420,0.00,0.000
2024-07-26T23:00:00,3.420,35.60,0.000
2024-07-26T22:45:00,3.420,0.00,0.000
2024-07-26T22:30:00,3.420,0.00,0.000
2024-07-26T22:15:00,3.420,26.20,0.000
2024-07-26T22:00:00,3.420,0.00,0.000
2024-07-26T21:45:00,3.420,0.00,0.000
2024-07-26T21:30:00,3.420,0.00,0.000
2024-07-26T21:15:00,3.420,26.00,0.000
2024-07-26T21:00:00,3.420,0.00,0.000
2024-07-26T20:45:00,3.420,0.00,0.000
2024-07-26T20:30:00,3.420,0.00,0.000
2024-07-26T20:15:00,3.420,0.00,0.000
2024-07-26T20:00:00,3.420,0.00,0.000
2024-07-26T19:45:00,3.430,0.00,0.000
2024-07-26T19:30:00,3.430,0.00,0.000
2024-07-26T19:15:00,3.420,0.00,0.000
2024-07-26T19:00:00,3.430,0.00,0.000
2024-07-26T18:45:00,3.420,0.00,0.000
2024-07-26T18:30:00,3.430,0.00,0.000
2024-08-04T23:45:00,5.330,204.00,1.000
2024-08-04T23:30:00,5.310,209.70,0.500
2024-08-04T23:15:00,5.290,201.30,1.000
2024-08-04T23:00:00,5.280,199.60,1.000
2024-08-04T22:45:00,5.260,195.20,4.000
2024-08-04T22:30:00,5.250,184.60,7.000
2024-08-04T22:15:00,5.240,192.00,1.000
2024-08-04T22:00:00,5.240,190.60,3.500
2024-08-04T21:45:00,5.240,176.10,17.000
2024-08-04T21:30:00,5.220,177.30,0.500
2024-08-04T21:15:00,5.240,179.70,0.000
2024-08-04T21:00:00,5.240,176.90,0.000
2024-08-04T20:45:00,5.240,161.30,0.000
2024-08-04T20:30:00,5.240,164.80,0.000
2024-08-04T20:15:00,5.240,169.80,0.000
2024-08-04T20:00:00,5.240,161.90,0.000
2024-08-04T19:45:00,5.240,159.50,0.000
2024-08-04T19:30:00,5.240,163.00,0.000
2024-08-04T19:15:00,5.240,147.00,0.000
2024-08-04T19:00:00,5.230,156.20,0.000
2024-08-04T18:45:00,5.230,156.80,0.000
2024-08-04T18:30:00,5.220,163.70,0.000
2024-08-04T18:15:00,5.210,157.40,0.000
2024-08-04T18:00:00,5.200,158.20,0.000
2024-08-04T17:45:00,5.180,159.50,0.000
2024-08-04T17:30:00,5.140,190.30,0.000
2024-08-04T17:15:00,5.150,174.40,0.000
2024-08-04T17:00:00,5.160,187.10,0.000
2024-08-04T16:45:00,5.170,180.00,0.000
2024-08-04T16:30:00,5.180,190.60,0.000
2024-08-04T16:15:00,5.190,182.00,0.000
2024-08-04T16:00:00,5.190,184.90,0.000
2024-08-04T15:45:00,5.200,185.20,0.000
2024-08-04T15:30:00,5.210,180.80,0.000
2024-08-04T15:15:00,5.220,166.00,0.000
2024-08-04T15:00:00,5.230,205.20,0.000
2024-08-04T14:45:00,5.230,184.90,0.000
2024-08-04T14:30:00,5.250,191.60,0.000
2024-08-04T14:15:00,5.250,193.50,0.000
2024-08-04T14:00:00,5.260,181.60,0.000
2024-08-04T13:45:00,5.260,195.90,0.000
2024-08-04T13:30:00,5.270,198.20,0.000
2024-08-04T13:15:00,5.270,196.90,0.000
2024-08-04T13:00:00,5.280,188.20,0.000
2024-08-04T12:45:00,5.280,194.90,0.000
2024-08-04T12:30:00,5.280,190.60,0.000
2024-08-04T12:15:00,5.290,201.70,0.000
2024-08-04T12:00:00,5.280,191.10,0.000
2024-08-04T11:45:00,5.280,197.10,0.000
2024-08-04T11:30:00,5.270,200.70,0.000
2024-08-04T11:15:00,5.270,189.30,0.000
2024-08-04T11:00:00,5.280,216.30,0.000
2024-08-04T10:45:00,5.280,211.30,0.000
2024-08-04T10:30:00,5.280,205.70,0.000
2024-08-04T10:15:00,5.280,217.00,0.000
2024-08-04T10:00:00,5.270,214.50,0.000
2024-08-04T09:45:00,5.280,205.50,0.000
2024-08-04T09:30:00,5.270,208.40,0.000
2024-08-04T09:15:00,5.270,209.90,0.000
2024-08-04T09:00:00,5.260,197.10,0.000
2024-08-04T08:45:00,5.230,208.60,0.000
2024-08-04T08:30:00,5.220,207.00,0.000
2024-08-04T08:15:00,5.190,207.60,0.000
2024-08-04T08:00:00,5.170,209.10,0.000
2024-08-04T07:45:00,5.150,209.90,0.000
2024-08-04T07:30:00,5.120,206.60,0.000
2024-08-04T07:15:00,5.100,208.90,0.000
2024-08-04T07:00:00,5.080,200.90,0.000
2024-08-04T06:45:00,5.050,194.40,0.000
2024-08-04T06:30:00,5.030,196.40,0.000
2024-08-04T06:15:00,4.990,194.80,0.000
2024-08-04T06:00:00,4.960,187.00,0.000
2024-08-04T05:45:00,4.930,192.50,0.000
2024-08-04T05:30:00,4.910,171.50,0.000
2024-08-04T05:15:00,4.870,182.20,0.000
2024-08-04T05:00:00,4.850,177.50,0.000
2024-08-04T04:45:00,4.820,176.40,0.000
2024-08-04T04:30:00,4.790,168.30,0.000
2024-08-04T04:15:00,4.760,166.50,0.000
2024-08-04T04:00:00,4.740,167.60,0.000
2024-08-04T03:45:00,4.710,163.80,0.000
2024-08-04T03:30:00,4.690,167.20,0.000
2024-08-04T03:15:00,4.670,164.60,0.000
2024-08-04T03:00:00,4.650,160.40,0.500
2024-08-04T02:45:00,4.630,158.50,0.000
2024-08-04T02:30:00,4.610,158.30,0.500
2024-08-04T02:15:00,4.600,155.40,0.500
2024-08-04T02:00:00,4.590,157.30,0.500
2024-08-04T01:45:00,4.580,157.30,0.500
2024-08-04T01:30:00,4.570,156.60,1.000
2024-08-04T01:15:00,4.560,150.70,1.000
2024-08-04T01:00:00,4.560,144.70,1.500
2024-08-04T00:45:00,4.550,141.30,1.000
2024-08-04T00:30:00,4.540,150.50,1.000
2024-08-04T00:15:00,4.540,142.20,1.000
2024-08-04T00:00:00,4.540,142.70,1.000
2024-08-03T23:45:00,4.530,145.40,3.000
2024-08-03T23:30:00,4.530,141.90,1.000
2024-08-03T23:15:00,4.520,140.50,2.500
2024-08-03T23:00:00,4.520,149.50,2.500
2024-08-03T22:45:00,4.520,134.00,1.000
2024-08-03T22:30:00,4.530,128.40,0.000
2024-08-03T22:15:00,4.530,97.80,0.000
2024-08-03T22:00:00,4.520,132.50,0.000
2024-08-03T21:45:00,4.520,134.80,0.000
2024-08-03T21:30:00,4.530,139.50,0.000
2024-08-03T21:15:00,4.530,142.20,0.000
2024-08-03T21:00:00,4.530,136.20,0.000
2024-08-03T20:45:00,4.530,140.30,0.000
2024-08-03T20:30:00,4.540,139.80,0.000
2024-08-03T20:15:00,4.540,133.10,0.000
2024-08-03T20:00:00,4.540,137.30,0.000
2024-08-03T19:45:00,4.550,139.10,0.000
2024-08-03T19:30:00,4.550,144.90,0.000
2024-08-03T19:15:00,4.550,143.10,0.000
2024-08-03T19:00:00,4.550,137.80,0.000
2024-08-03T18:45:00,4.550,149.20,0.000
2024-08-03T18:30:00,4.550,143.70,0.000
2024-08-03T18:15:00,4.550,139.30,0.000
2024-08-03T18:00:00,4.550,140.10,0.000
2024-08-03T17:45:00,4.560,143.90,0.000
2024-08-03T17:30:00,4.560,134.80,0.000
2024-08-03T17:15:00,4.560,131.10,0.000
2024-08-03T17:00:00,4.560,133.90,0.000
2024-08-03T16:45:00,4.560,129.80,0.000
2024-08-03T16:30:00,4.560,138.40,0.000
2024-08-03T16:15:00,4.560,132.40,0.000
2024-08-03T16:00:00,4.560,136.40,0.000
2024-08-03T15:45:00,4.560,138.00,0.000
2024-08-03T15:30:00,4.560,137.70,0.000
2024-08-03T15:15:00,4.560,131.70,0.000
2024-08-03T15:00:00,4.560,136.20,0.000
2024-08-03T14:45:00,4.570,119.80,0.000
2024-08-03T14:30:00,4.560,140.00,0.000
2024-08-03T14:15:00,4.560,130.80,0.000
2024-08-03T14:00:00,4.570,118.40,0.000
2024-08-03T13:45:00,4.570,125.10,0.000
2024-08-03T13:30:00,4.560,144.30,0.000
2024-08-03T13:15:00,4.570,143.30,0.000
2024-08-03T13:00:00,4.570,132.20,0.000
2024-08-03T12:45:00,4.560,143.30,0.000
2024-08-03T12:30:00,4.570,143.50,0.000
2024-08-03T12:15:00,4.560,133.80,0.000
2024-08-03T12:00:00,4.560,148.30,0.000
2024-08-03T11:45:00,4.560,132.90,0.000
2024-08-03T11:30:00,4.550,138.50,0.000
2024-08-03T11:15:00,4.540,145.60,0.000
2024-08-03T11:00:00,4.550,154.00,0.000
2024-08-03T10:45:00,4.550,154.00,0.000
2024-08-03T10:30:00,4.550,157.60,0.000
2024-08-03T10:15:00,4.560,153.30,0.000
2024-08-03T10:00:00,4.560,157.10,0.000
2024-08-03T09:45:00,4.560,162.40,0.000
2024-08-03T09:30:00,4.570,154.80,0.000
2024-08-03T09:15:00,4.570,160.00,0.000
2024-08-03T09:00:00,4.580,151.40,0.000
2024-08-03T08:45:00,4.570,156.90,0.000
2024-08-03T08:30:00,4.580,158.30,0.000
2024-08-03T08:15:00,4.580,156.60,0.000
2024-08-03T08:00:00,4.590,161.70,0.000
2024-08-03T07:45:00,4.590,160.40,0.000
2024-08-03T07:30:00,4.590,162.10,0.000
2024-08-03T07:15:00,4.590,158.30,0.000
2024-08-03T07:00:00,4.600,160.70,0.000
2024-08-03T06:45:00,4.600,151.30,0.000
2024-08-03T06:30:00,4.600,160.00,0.000
2024-08-03T06:15:00,4.610,153.40,0.000
2024-08-03T06:00:00,4.610,163.80,0.000
2024-08-03T05:45:00,4.610,157.00,0.000
2024-08-03T05:30:00,4.610,162.60,0.000
2024-08-03T05:15:00,4.620,164.50,0.000
2024-08-03T05:00:00,4.620,162.70,0.000
2024-08-03T04:45:00,4.630,165.60,0.000
2024-08-03T04:30:00,4.630,162.10,0.000
2024-08-03T04:15:00,4.630,159.40,0.000
2024-08-03T04:00:00,4.630,160.80,0.000
2024-08-03T03:45:00,4.630,165.40,0.000
2024-08-03T03:30:00,4.630,163.90,0.000
2024-08-03T03:15:00,4.640,167.30,0.000
2024-08-03T03:00:00,4.640,162.40,0.500
2024-08-03T02:45:00,4.640,168.10,0.000
2024-08-03T02:30:00,4.640,168.30,0.500
2024-08-03T02:15:00,4.640,170.50,0.000
2024-08-03T02:00:00,4.640,163.50,0.000
2024-08-03T01:45:00,4.650,155.30,0.000
2024-08-03T01:30:00,4.650,168.70,0.000
2024-08-03T01:15:00,4.640,157.40,0.000
2024-08-03T01:00:00,4.650,171.30,0.000
2024-08-03T00:45:00,4.640,166.20,0.000
2024-08-03T00:30:00,4.650,165.70,0.000
2024-08-03T00:15:00,4.640,167.90,0.000
2024-08-03T00:00:00,4.650,170.00,0.000
2024-08-02T23:45:00,4.650,169.70,0.000
2024-08-02T23:30:00,4.650,170.60,0.000
2024-08-02T23:15:00,4.650,163.70,0.000
2024-08-02T23:00:00,4.640,164.70,0.000
2024-08-02T22:45:00,4.650,160.80,0.000
2024-08-02T22:30:00,4.640,162.30,0.000
2024-08-02T22:15:00,4.650,163.80,0.000
2024-08-02T22:00:00,4.640,166.50,0.000
2024-08-02T21:45:00,4.640,165.70,0.000
2024-08-02T21:30:00,4.640,173.50,0.000
2024-08-02T21:15:00,4.640,165.80,0.000
2024-08-02T21:00:00,4.640,158.50,0.000
2024-08-02T20:45:00,4.640,162.70,0.000
2024-08-02T20:30:00,4.640,157.20,0.000
2024-08-02T20:15:00,4.630,158.80,0.000
2024-08-02T20:00:00,4.630,161.10,0.000
2024-08-02T19:45:00,4.630,157.40,0.000
2024-08-02T19:30:00,4.630,159.30,0.000
2024-08-02T19:15:00,4.630,157.90,0.000
2024-08-02T19:00:00,4.620,158.80,0.000
2024-08-02T18:45:00,4.630,166.60,0.000
2024-08-02T18:30:00,4.630,161.00,0.000
2024-08-02T18:15:00,4.620,159.80,0.000
2024-08-02T18:00:00,4.620,164.90,0.000
2024-08-02T17:45:00,4.630,169.90,0.000
2024-08-02T17:30:00,4.630,168.10,0.000
2024-08-02T17:15:00,4.640,167.40,0.000
2024-08-02T17:00:00,4.640,164.70,0.000
2024-08-02T16:45:00,4.640,174.00,0.000
2024-08-02T16:30:00,4.650,164.30,0.000
2024-08-02T16:15:00,4.660,164.70,0.000
2024-08-02T16:00:00,4.650,164.20,0.000
2024-08-02T15:45:00,4.660,171.00,0.000
2024-08-02T15:30:00,4.660,165.70,0.000
2024-08-02T15:15:00,4.670,173.80,0.000
2024-08-02T15:00:00,4.680,166.20,0.000
2024-08-02T14:45:00,4.680,179.10,0.000
2024-08-02T14:30:00,4.680,179.50,0.000
2024-08-02T14:15:00,4.690,181.30,0.000
2024-08-02T14:00:00,4.690,177.70,0.000
2024-08-02T13:45:00,4.690,188.70,0.000
2024-08-02T13:30:00,4.700,181.60,0.000
2024-08-02T13:15:00,4.700,174.00,0.000
2024-08-02T13:00:00,4.710,175.80,0.000
2024-08-02T12:45:00,4.710,177.90,0.000
2024-08-02T12:30:00,4.710,177.00,0.000
2024-08-02T12:15:00,4.710,170.10,0.000
2024-08-02T12:00:00,4.720,165.20,0.000
2024-08-02T11:45:00,4.710,168.30,0.000
2024-08-02T11:30:00,4.710,176.80,0.000
2024-08-02T11:15:00,4.720,175.30,0.000
2024-08-02T11:00:00,4.720,186.30,0.000
2024-08-02T10:45:00,4.720,179.00,0.000
2024-08-02T10:30:00,4.720,180.40,0.000
2024-08-02T10:15:00,4.720,170.90,0.000
2024-08-02T10:00:00,4.720,170.30,0.000
2024-08-02T09:45:00,4.720,183.80,0.000
2024-08-02T09:30:00,4.720,180.70,0.000
2024-08-02T09:15:00,4.720,175.90,0.000
2024-08-02T09:00:00,4.720,183.60,0.000
2024-08-02T08:45:00,4.720,187.20,0.000
2024-08-02T08:30:00,4.710,176.90,0.000
2024-08-02T08:15:00,4.720,178.90,0.000
2024-08-02T08:00:00,4.720,183.20,0.000
2024-08-02T07:45:00,4.730,185.40,0.000
2024-08-02T07:30:00,4.720,183.80,0.000
2024-08-02T07:15:00,4.730,195.20,0.000
2024-08-02T07:00:00,4.730,183.90,0.000
2024-08-02T06:45:00,4.740,188.90,0.000
2024-08-02T06:30:00,4.740,194.00,0.000
2024-08-02T06:15:00,4.760,192.00,0.000
2024-08-02T06:00:00,4.760,185.80,0.000
2024-08-02T05:45:00,4.760,186.80,0.000
2024-08-02T05:30:00,4.770,189.70,0.000
2024-08-02T05:15:00,4.780,187.20,0.000
2024-08-02T05:00:00,4.790,195.70,0.000
2024-08-02T04:45:00,4.790,196.70,0.000
2024-08-02T04:30:00,4.800,192.40,0.000
2024-08-02T04:15:00,4.800,192.50,0.000
2024-08-02T04:00:00,4.800,195.10,0.000
2024-08-02T03:45:00,4.800,195.10,0.000
2024-08-02T03:30:00,4.800,201.90,0.000
2024-08-02T03:15:00,4.800,197.40,0.000
2024-08-02T03:00:00,4.800,201.70,0.500
2024-08-02T02:45:00,4.800,194.40,0.500
2024-08-02T02:30:00,4.800,195.10,0.000
2024-08-02T02:15:00,4.790,203.60,0.000
2024-08-02T02:00:00,4.800,201.20,0.000
2024-08-02T01:45:00,4.790,191.10,0.500
2024-08-02T01:30:00,4.790,201.40,0.500
2024-08-02T01:15:00,4.790,196.10,2.500
2024-08-02T01:00:00,4.770,170.50,6.000
2024-08-02T00:45:00,4.750,333.30,8.000
2024-08-02T00:30:00,4.740,199.40,5.500
2024-08-02T00:15:00,4.730,213.20,0.000
2024-08-02T00:00:00,4.720,198.10,0.000
2024-08-01T23:45:00,4.720,195.80,0.000
2024-08-01T23:30:00,4.710,201.50,0.000
2024-08-01T23:15:00,4.710,192.10,0.000
2024-08-01T23:00:00,4.710,199.10,0.000
2024-08-01T22:45:00,4.700,188.50,0.500
2024-08-01T22:30:00,4.700,202.60,0.000
2024-08-01T22:15:00,4.690,199.80,0.000
2024-08-01T22:00:00,4.680,191.50,0.000
2024-08-01T21:45:00,4.670,188.40,0.000
2024-08-01T21:30:00,4.680,193.20,0.000
2024-08-01T21:15:00,4.660,196.40,0.000
2024-08-01T21:00:00,4.650,196.30,0.000
2024-08-01T20:45:00,4.650,196.90,0.000
2024-08-01T20:30:00,4.650,189.20,0.000
2024-08-01T20:15:00,4.630,186.00,0.000
2024-08-01T20:00:00,4.630,190.10,0.000
2024-08-01T19:45:00,4.620,185.80,0.000
2024-08-01T19:30:00,4.620,184.20,0.000
2024-08-01T19:15:00,4.610,189.50,0.000
2024-08-01T19:00:00,4.610,187.10,0.000
2024-08-01T18:45:00,4.610,181.40,0.000
2024-08-01T18:30:00,4.600,185.50,0.000
2024-08-01T18:15:00,4.600,190.90,0.000
2024-08-01T18:00:00,4.590,183.60,0.000
2024-08-01T17:45:00,4.590,178.40,0.000
2024-08-01T17:30:00,4.590,182.40,0.000
2024-08-01T17:15:00,4.590,184.70,0.000
2024-08-01T17:00:00,4.590,185.50,0.000
2024-08-01T16:45:00,4.590,180.50,0.000
2024-08-01T16:30:00,4.590,178.00,0.000
2024-08-01T16:15:00,4.590,186.50,0.000
2024-08-01T16:00:00,4.590,178.80,0.000
2024-08-01T15:45:00,4.590,170.20,0.000
2024-08-01T15:30:00,4.590,172.30,0.000
2024-08-01T15:15:00,4.590,178.30,0.000
2024-08-01T15:00:00,4.590,186.80,0.000
2024-08-01T14:45:00,4.600,182.60,0.000
2024-08-01T14:30:00,4.600,192.30,0.000
2024-08-01T14:15:00,4.610,182.60,0.000
2024-08-01T14:00:00,4.600,189.60,1.000
2024-08-01T13:45:00,4.600,184.40,3.500
2024-08-01T13:30:00,4.590,168.90,5.000
2024-08-01T13:15:00,4.590,177.50,0.000
2024-08-01T13:00:00,4.590,180.00,0.000
2024-08-01T12:45:00,4.600,182.50,0.000
2024-08-01T12:30:00,4.590,180.00,0.000
2024-08-01T12:15:00,4.600,179.50,0.000
2024-08-01T12:00:00,4.590,173.70,0.000
2024-08-01T11:45:00,4.600,176.70,0.000
2024-08-01T11:45:00,4.600,176.70,0.000
2024-08-01T11:30:00,4.600,179.70,0.000
2024-08-01T11:15:00,4.600,188.20,0.000
2024-08-01T11:00:00,4.600,186.10,0.000
2024-08-01T10:45:00,4.600,185.20,0.000
2024-08-01T10:30:00,4.600,180.60,0.000
2024-08-01T10:15:00,4.600,189.30,0.000
2024-08-01T10:00:00,4.600,168.70,0.000
2024-08-01T09:45:00,4.600,182.50,0.000
2024-08-01T09:30:00,4.590,187.30,0.000
2024-08-01T09:15:00,4.600,180.60,0.000
2024-08-01T09:00:00,4.600,185.40,0.000
2024-08-01T08:45:00,4.590,184.60,0.000
2024-08-01T08:30:00,4.590,179.20,0.000
2024-08-01T08:15:00,4.600,189.00,0.000
2024-08-01T08:00:00,4.590,184.70,0.000
2024-08-01T07:45:00,4.600,181.10,0.000
2024-08-01T07:30:00,4.590,191.00,0.000
2024-08-01T07:15:00,4.590,175.40,0.000
2024-08-01T07:00:00,4.600,184.70,0.000
2024-08-01T06:45:00,4.590,184.30,0.000
2024-08-01T06:30:00,4.590,190.90,0.000
2024-08-01T06:15:00,4.600,179.20,0.000
2024-08-01T06:00:00,4.590,186.60,0.000
2024-08-01T05:45:00,4.590,181.60,0.000
2024-08-01T05:30:00,4.590,177.40,0.000
2024-08-01T05:15:00,4.590,186.70,0.000
2024-08-01T05:00:00,4.590,186.40,0.500
2024-08-01T04:45:00,4.590,188.80,0.000
2024-08-01T04:30:00,4.590,188.30,0.000
2024-08-01T04:15:00,4.600,189.10,0.000
2024-08-01T04:00:00,4.590,189.50,0.000
2024-08-01T03:45:00,4.590,189.10,0.000
2024-08-01T03:30:00,4.590,196.00,0.000
2024-08-01T03:15:00,4.590,184.50,0.000
2024-08-01T03:00:00,4.590,191.40,0.000
2024-08-01T02:45:00,4.590,178.90,0.000
2024-08-01T02:30:00,4.590,179.90,0.000
2024-08-01T02:15:00,4.590,191.90,0.000
2024-08-01T02:00:00,4.580,182.50,0.000
2024-08-01T01:45:00,4.580,185.20,0.000
2024-08-01T01:30:00,4.580,189.30,0.000
2024-08-01T01:15:00,4.570,174.30,0.000
2024-08-01T01:00:00,4.570,190.60,0.000
2024-08-01T00:45:00,4.570,183.30,0.000
2024-08-01T00:30:00,4.560,181.70,0.000
2024-08-01T00:15:00,4.560,183.00,0.000
2024-08-01T00:00:00,4.550,188.80,0.000
2024-07-31T23:45:00,4.550,179.60,0.000
2024-07-31T23:30:00,4.540,189.80,0.000
2024-07-31T23:15:00,4.540,175.70,0.000
2024-07-31T23:00:00,4.540,182.20,0.000
2024-07-31T22:45:00,4.540,179.50,0.000
2024-07-31T22:30:00,4.520,174.70,0.000
2024-07-31T22:15:00,4.520,177.20,0.000
2024-07-31T22:00:00,4.520,171.00,0.000
2024-07-31T21:45:00,4.520,171.10,0.000
2024-07-31T21:30:00,4.520,169.60,0.000
2024-07-31T21:15:00,4.520,177.60,0.000
2024-07-31T21:00:00,4.520,175.40,0.000
2024-07-31T20:45:00,4.520,175.80,0.000
2024-07-31T20:30:00,4.530,170.60,0.000
2024-07-31T20:15:00,4.530,187.30,0.000
2024-07-31T20:00:00,4.540,177.20,0.000
2024-07-31T19:45:00,4.540,185.60,0.000
2024-07-31T19:30:00,4.550,173.50,0.000
2024-07-31T19:15:00,4.550,185.80,0.000
2024-07-31T19:00:00,4.560,178.00,0.000
2024-07-31T18:45:00,4.560,192.30,0.000
2024-07-31T18:30:00,4.560,182.00,0.000
2024-07-31T18:15:00,4.570,179.20,0.000
2024-07-31T18:00:00,4.560,194.00,0.000
2024-07-31T17:45:00,4.570,174.90,0.000
2024-07-31T17:30:00,4.570,183.00,0.000
2024-07-31T17:15:00,4.560,174.90,0.000
2024-07-31T17:00:00,4.560,170.60,0.000
2024-07-31T16:45:00,4.560,172.20,0.000
2024-07-31T16:30:00,4.550,159.20,0.000
2024-07-31T16:15:00,4.540,150.00,0.000
2024-07-31T16:00:00,4.540,158.80,0.000
2024-07-31T15:45:00,4.530,157.00,0.000
2024-07-31T15:30:00,4.530,167.70,0.000
2024-07-31T15:15:00,4.520,162.30,0.000
2024-07-31T15:00:00,4.520,155.00,0.000
2024-07-31T14:45:00,4.510,154.50,0.000
2024-07-31T14:30:00,4.500,171.50,0.000
2024-07-31T14:15:00,4.500,154.90,0.000
2024-07-31T14:00:00,4.490,172.70,0.000
2024-07-31T13:45:00,4.490,167.10,0.000
2024-07-31T13:30:00,4.480,164.40,0.000
2024-07-31T13:15:00,4.480,158.90,0.000
2024-07-31T13:00:00,4.470,161.70,0.000
2024-07-31T12:45:00,4.470,159.30,0.000
2024-07-31T12:30:00,4.460,160.50,0.000
2024-07-31T12:15:00,4.460,159.00,0.000
2024-07-31T12:00:00,4.460,156.40,0.000
2024-07-31T11:45:00,4.450,160.00,0.000
2024-07-31T11:30:00,4.450,170.60,0.000
2024-07-31T11:15:00,4.450,160.60,0.000
2024-07-31T11:00:00,4.440,165.00,0.000
2024-07-31T10:45:00,4.440,163.60,0.000
2024-07-31T10:30:00,4.440,167.70,0.000
2024-07-31T10:15:00,4.430,167.40,0.000
2024-07-31T10:00:00,4.430,161.80,0.000
2024-07-31T09:45:00,4.410,160.90,0.000
2024-07-31T09:30:00,4.410,157.80,0.000
2024-07-31T09:15:00,4.410,175.50,0.000
2024-07-31T09:00:00,4.410,166.30,0.000
2024-07-31T08:45:00,4.420,171.70,0.000
2024-07-31T08:30:00,4.420,171.20,0.000
2024-07-31T08:15:00,4.420,169.30,0.000
2024-07-31T08:00:00,4.430,172.70,0.000
2024-07-31T07:45:00,4.430,169.00,0.000
2024-07-31T07:30:00,4.430,179.30,0.000
2024-07-31T07:15:00,4.440,161.90,0.000
2024-07-31T07:00:00,4.440,160.70,0.000
2024-07-31T06:45:00,4.440,167.90,0.000
2024-07-31T06:30:00,4.460,163.60,0.000
2024-07-31T06:15:00,4.460,164.90,0.000
2024-07-31T06:00:00,4.460,176.00,0.000
2024-07-31T05:45:00,4.470,171.30,0.000
2024-07-31T05:30:00,4.480,173.10,0.000
2024-07-31T05:15:00,4.480,169.60,0.000
2024-07-31T05:00:00,4.490,175.40,0.000
2024-07-31T04:45:00,4.500,162.40,0.000
2024-07-31T04:30:00,4.500,161.70,0.000
2024-07-31T04:15:00,4.510,174.80,0.000
2024-07-31T04:00:00,4.520,171.60,0.000
2024-07-31T03:45:00,4.530,176.20,0.000
2024-07-31T03:30:00,4.540,170.70,0.000
2024-07-31T03:15:00,4.540,170.40,0.000
2024-07-31T03:00:00,4.550,170.90,0.000
2024-07-31T02:45:00,4.550,181.60,0.000
2024-07-31T02:30:00,4.550,184.20,0.000
2024-07-31T02:15:00,4.560,191.10,0.000
2024-07-31T02:00:00,4.580,193.60,0.000
2024-07-31T01:45:00,4.580,184.10,0.000
2024-07-31T01:30:00,4.590,179.90,0.000
2024-07-31T01:15:00,4.600,188.30,0.000
2024-07-31T01:00:00,4.610,189.90,0.000
2024-07-31T00:45:00,4.610,186.60,0.000
2024-07-31T00:30:00,4.620,182.30,0.000
2024-07-31T00:15:00,4.630,189.70,0.000
2024-07-31T00:00:00,4.640,193.20,0.000
2024-07-30T23:45:00,4.650,185.00,0.000
2024-07-30T23:30:00,4.670,198.30,0.500
2024-07-30T23:15:00,4.680,187.70,0.000
2024-07-30T23:00:00,4.680,194.20,0.000
2024-07-30T22:45:00,4.710,196.70,0.000
2024-07-30T22:30:00,4.710,200.70,0.000
2024-07-30T22:15:00,4.730,200.10,0.000
2024-07-30T22:00:00,4.740,204.00,0.000
2024-07-30T21:45:00,4.750,197.00,0.000
2024-07-30T21:30:00,4.770,199.80,0.000
2024-07-30T21:15:00,4.790,189.50,0.000
2024-07-30T21:00:00,4.800,202.00,0.000
2024-07-30T20:45:00,4.810,201.80,0.000
2024-07-30T20:30:00,4.830,204.60,0.000
2024-07-30T20:15:00,4.850,200.20,0.000
2024-07-30T20:00:00,4.870,210.90,0.000
2024-07-30T19:45:00,4.890,202.00,0.000
2024-07-30T19:30:00,4.910,207.50,0.000
2024-07-30T19:15:00,4.930,209.90,0.000
2024-07-30T19:00:00,4.950,213.50,0.000
2024-07-30T18:45:00,4.970,213.70,0.000
2024-07-30T18:30:00,5.000,223.10,0.000
2024-07-30T18:15:00,5.020,219.50,0.000
2024-07-30T18:00:00,5.040,230.40,0.000
2024-07-30T17:45:00,5.070,227.90,0.000
2024-07-30T17:30:00,5.100,226.50,0.000
2024-07-30T17:15:00,5.130,236.00,0.000
2024-07-30T17:00:00,5.150,230.00,0.000
2024-07-30T16:45:00,5.190,233.80,0.000
2024-07-30T16:30:00,5.210,245.60,0.000
2024-07-30T16:15:00,5.250,245.90,0.000
2024-07-30T16:00:00,5.270,254.00,0.500
2024-07-30T15:45:00,5.300,250.50,0.000
2024-07-30T15:30:00,5.330,254.20,0.500
2024-07-30T15:15:00,5.360,244.40,2.500
2024-07-30T15:00:00,5.390,252.40,0.000
2024-07-30T14:45:00,5.420,248.00,5.000
2024-07-30T14:30:00,5.450,251.40,0.000
2024-07-30T14:15:00,5.480,253.20,0.000
2024-07-30T14:00:00,5.520,254.80,0.000
2024-07-30T13:45:00,5.560,274.80,0.000
2024-07-30T13:30:00,5.590,264.40,0.000
2024-07-30T13:15:00,5.630,260.60,1.000
2024-07-30T13:00:00,5.370,235.10,0.000
2024-07-30T12:45:00,5.380,222.80,0.000
2024-07-30T12:30:00,5.420,244.70,0.000
2024-07-30T12:15:00,5.460,234.30,0.000
2024-07-30T12:00:00,5.490,236.70,0.000
2024-07-30T11:45:00,5.530,236.30,0.000
2024-07-30T11:30:00,5.550,229.00,0.000
2024-07-30T11:15:00,5.570,238.40,0.000
2024-07-30T11:00:00,5.590,226.80,0.000
2024-07-30T10:45:00,5.620,249.50,0.000
2024-07-30T10:30:00,5.640,248.20,0.000
2024-07-30T10:15:00,5.660,257.80,0.000
2024-07-30T10:00:00,5.680,247.90,0.000
2024-07-30T09:45:00,5.700,252.10,0.000
2024-07-30T09:30:00,5.720,262.60,0.000
2024-07-30T09:15:00,5.750,250.00,0.000
2024-07-30T09:00:00,5.760,245.30,0.000
2024-07-30T08:45:00,5.780,234.40,0.000
2024-07-30T08:30:00,5.790,242.50,0.000
2024-07-30T08:15:00,5.790,227.30,0.000
2024-07-30T08:00:00,5.790,269.50,0.000
2024-07-30T07:45:00,5.780,267.90,0.000
2024-07-30T07:30:00,5.780,264.50,0.000
2024-07-30T07:15:00,5.780,263.90,0.000
2024-07-30T07:00:00,5.770,269.10,0.000
2024-07-30T06:45:00,5.760,273.40,0.000
2024-07-30T06:30:00,5.750,276.80,0.000
2024-07-30T06:15:00,5.750,262.60,0.000
2024-07-30T06:00:00,5.730,275.10,0.000
2024-07-30T05:45:00,5.730,274.30,0.000
2024-07-30T05:30:00,5.720,264.30,0.000
2024-07-30T05:15:00,5.700,265.40,0.000
2024-07-30T05:00:00,5.680,251.20,0.000
2024-07-30T04:45:00,5.660,267.00,0.000
2024-07-30T04:30:00,5.630,270.30,0.000
2024-07-30T04:15:00,5.610,258.30,0.000
2024-07-30T04:00:00,5.590,265.50,0.000
2024-07-30T03:45:00,5.550,274.60,0.000
2024-07-30T03:30:00,5.520,260.10,0.000
2024-07-30T03:15:00,5.480,264.00,0.000
2024-07-30T03:00:00,5.440,277.00,0.000
2024-07-30T02:45:00,5.410,264.90,0.000
2024-07-30T02:30:00,5.370,270.20,0.000
2024-07-30T02:15:00,5.320,265.10,0.000
2024-07-30T02:00:00,5.280,269.20,0.000
2024-07-30T01:45:00,5.230,266.70,0.000
2024-07-30T01:30:00,5.170,259.30,0.000
2024-07-30T01:15:00,5.130,256.40,0.000
2024-07-30T01:00:00,5.080,248.80,0.000
2024-07-30T00:45:00,5.030,245.10,0.000
2024-07-30T00:30:00,4.990,239.20,0.000
2024-07-30T00:15:00,4.930,224.60,0.500
2024-07-30T00:00:00,4.870,221.20,0.000
2024-07-29T23:45:00,4.800,219.50,0.500
2024-07-29T23:30:00,4.730,210.10,0.000
2024-07-29T23:15:00,4.680,211.90,0.500
2024-07-29T23:00:00,4.630,201.60,0.500
2024-07-29T22:45:00,4.560,197.50,0.500
2024-07-29T22:30:00,4.510,190.00,0.500
2024-07-29T22:15:00,4.440,178.30,0.500
2024-07-29T22:00:00,4.400,170.80,0.500
2024-07-29T21:45:00,4.350,156.10,0.500
2024-07-29T21:30:00,4.320,148.30,0.500
2024-07-29T21:15:00,4.290,146.90,1.000
2024-07-29T21:00:00,4.320,126.70,0.500
2024-07-29T20:45:00,4.290,122.50,1.000
2024-07-29T20:30:00,4.270,118.90,1.000
2024-07-29T20:15:00,4.240,118.10,1.500
2024-07-29T20:00:00,4.230,115.20,1.500
2024-07-29T19:45:00,4.210,113.90,0.500
2024-07-29T19:30:00,4.190,109.10,1.500
2024-07-29T19:15:00,4.170,113.20,1.000
2024-07-29T19:00:00,4.140,103.80,4.500
2024-07-29T18:45:00,4.120,93.40,12.500
2024-07-29T18:30:00,4.070,0.00,20.500
2024-07-29T18:15:00,4.020,94.50,16.500
2024-07-29T18:00:00,3.990,95.40,9.500
2024-07-29T17:45:00,3.980,108.60,0.500
2024-07-29T17:30:00,3.970,107.20,0.000
2024-07-29T17:15:00,3.970,102.60,0.000
2024-07-29T17:00:00,3.970,97.10,0.000
2024-07-29T16:45:00,3.970,96.20,1.500
2024-07-29T16:30:00,3.960,100.40,3.000
2024-07-29T16:15:00,3.940,105.80,0.000
2024-07-29T16:00:00,3.960,85.00,0.000
2024-07-29T15:45:00,3.960,85.10,0.000
2024-07-29T15:30:00,3.960,92.60,0.000
2024-07-29T15:15:00,3.960,90.10,0.500
2024-07-29T15:00:00,3.950,81.10,0.000
2024-07-29T14:45:00,3.950,106.20,1.000
2024-07-29T14:30:00,3.940,109.80,3.500
2024-07-29T14:15:00,3.930,99.10,5.000
2024-07-29T14:00:00,3.920,67.20,0.000
2024-07-29T13:45:00,3.920,90.30,0.000
2024-07-29T13:30:00,3.920,80.90,0.000
2024-07-29T13:15:00,3.920,82.70,0.000
2024-07-29T13:00:00,3.920,79.00,0.000
2024-07-29T12:45:00,3.920,75.90,0.000
2024-07-29T12:30:00,3.920,74.70,0.000
2024-07-29T12:15:00,3.920,74.10,0.000
2024-07-29T12:00:00,3.920,80.40,0.000
2024-07-29T11:45:00,3.920,71.60,0.000
2024-07-29T11:30:00,3.910,73.10,0.000
2024-07-29T11:15:00,3.900,78.40,0.000
2024-07-29T11:00:00,3.890,89.40,0.000
2024-07-29T10:45:00,3.890,85.90,0.000
2024-07-29T10:30:00,3.890,82.50,0.000
2024-07-29T10:15:00,3.900,92.70,0.000
2024-07-29T10:00:00,3.900,90.50,0.000
2024-07-29T09:45:00,3.910,87.80,0.000
2024-07-29T09:30:00,3.910,87.30,0.000
2024-07-29T09:15:00,3.910,87.50,0.000
2024-07-29T09:00:00,3.910,89.10,0.000
2024-07-29T08:45:00,3.920,89.50,0.000
2024-07-29T08:30:00,3.920,88.00,0.000
2024-07-29T08:15:00,3.930,90.70,0.000
2024-07-29T08:00:00,3.930,91.10,0.000
2024-07-29T07:45:00,3.930,94.80,0.000
2024-07-29T07:30:00,3.940,95.10,0.000
2024-07-29T07:15:00,3.930,92.90,0.000
2024-07-29T07:00:00,3.940,92.50,0.000
2024-07-29T06:45:00,3.940,98.80,0.000
2024-07-29T06:30:00,3.950,92.60,0.000
2024-07-29T06:15:00,3.960,94.00,0.000
2024-07-29T06:00:00,3.960,98.00,0.000
2024-07-29T05:45:00,3.970,92.20,0.000
2024-07-29T05:30:00,3.970,96.90,0.000
2024-07-29T05:15:00,3.980,99.20,0.000
2024-07-29T05:00:00,3.980,97.40,0.000
2024-07-29T04:45:00,3.980,103.40,0.000
2024-07-29T04:30:00,3.980,100.10,0.000
2024-07-29T04:15:00,4.000,103.90,0.000
2024-07-29T04:00:00,4.010,100.20,0.000
2024-07-29T03:45:00,4.020,103.50,0.000
2024-07-29T03:30:00,4.020,113.00,0.000
2024-07-29T03:15:00,4.040,102.00,0.000
2024-07-29T03:00:00,4.040,109.20,0.000
2024-07-29T02:45:00,4.050,113.30,0.000
2024-07-29T02:30:00,4.060,111.30,0.000
2024-07-29T02:15:00,4.070,119.50,0.000
2024-07-29T02:00:00,4.080,114.50,0.000
2024-07-29T01:45:00,4.090,115.90,0.000
2024-07-29T01:30:00,4.100,122.40,0.000
2024-07-29T01:15:00,4.110,112.50,0.000
2024-07-29T01:00:00,4.120,121.30,0.000
2024-07-29T00:45:00,4.130,113.10,0.000
2024-07-29T00:30:00,4.140,118.90,0.000
2024-07-29T00:15:00,4.150,123.20,0.000
2024-07-29T00:00:00,4.150,119.00,0.000
2024-08-11T23:45:00,4.470,85.90,0.000
2024-08-11T23:30:00,4.470,87.20,0.000
2024-08-11T23:15:00,4.470,89.10,1.000
2024-08-11T23:00:00,4.470,103.80,1.000
2024-08-11T22:45:00,4.460,83.60,0.000
2024-08-11T22:30:00,4.460,85.00,0.000
2024-08-11T22:15:00,4.460,88.30,0.000
2024-08-11T22:00:00,4.450,95.30,0.500
2024-08-11T21:45:00,4.450,107.20,1.000
2024-08-11T21:30:00,4.450,111.20,0.000
2024-08-11T21:15:00,4.450,91.70,0.000
2024-08-11T21:00:00,4.450,104.80,0.000
2024-08-11T20:45:00,4.440,88.40,0.000
2024-08-11T20:30:00,4.440,106.80,0.500
2024-08-11T20:15:00,4.440,99.40,0.000
2024-08-11T20:00:00,4.440,78.00,0.000
2024-08-11T19:45:00,4.440,75.20,0.000
2024-08-11T19:30:00,4.440,81.80,0.000
2024-08-11T19:15:00,4.440,84.00,0.000
2024-08-11T19:00:00,4.440,83.10,0.000
2024-08-11T18:45:00,4.440,75.30,0.000
2024-08-11T18:30:00,4.440,68.10,0.000
2024-08-11T18:15:00,4.440,62.90,0.000
2024-08-11T18:00:00,4.440,64.30,0.000
2024-08-11T17:45:00,4.440,80.30,0.000
2024-08-11T17:30:00,4.440,74.70,0.000
2024-08-11T17:15:00,4.440,83.20,0.000
2024-08-11T17:00:00,4.440,78.30,0.000
2024-08-11T16:45:00,4.440,83.20,0.000
2024-08-11T16:30:00,4.440,70.70,0.000
2024-08-11T16:15:00,4.440,71.00,0.000
2024-08-11T16:00:00,4.430,64.70,0.000
2024-08-11T15:45:00,4.440,66.30,0.000
2024-08-11T15:30:00,4.440,69.40,0.000
2024-08-11T15:15:00,4.440,55.40,0.000
2024-08-11T15:00:00,4.440,62.00,0.000
2024-08-11T14:45:00,4.440,78.10,0.000
2024-08-11T14:30:00,4.440,84.30,0.000
2024-08-11T14:15:00,4.440,89.50,0.000
2024-08-11T14:00:00,4.440,61.80,0.000
2024-08-11T13:45:00,4.450,81.20,0.000
2024-08-11T13:30:00,4.450,65.00,0.000
2024-08-11T13:15:00,4.450,68.60,0.000
2024-08-11T13:00:00,4.450,63.10,0.000
2024-08-11T12:45:00,4.450,58.20,0.000
2024-08-11T12:30:00,4.450,62.80,0.000
2024-08-11T12:15:00,4.450,84.00,0.000
2024-08-11T12:00:00,4.450,75.90,0.000
2024-08-11T11:45:00,4.450,56.60,0.000
2024-08-11T11:30:00,4.450,64.00,0.000
2024-08-11T11:15:00,4.450,70.00,0.000
2024-08-11T11:00:00,4.450,62.40,0.000
2024-08-11T10:45:00,4.450,92.40,0.000
2024-08-11T10:30:00,4.450,84.00,0.000
2024-08-11T10:15:00,4.450,71.00,0.000
2024-08-11T10:00:00,4.460,73.50,0.000
2024-08-11T09:45:00,4.460,71.70,0.000
2024-08-11T09:30:00,4.460,72.60,0.000
2024-08-11T09:15:00,4.450,73.50,0.000
2024-08-11T09:00:00,4.450,82.30,0.000
2024-08-11T08:45:00,4.460,87.00,0.000
2024-08-11T08:30:00,4.460,88.70,0.000
2024-08-11T08:15:00,4.460,89.00,0.000
2024-08-11T08:00:00,4.460,77.70,0.000
2024-08-11T07:45:00,4.460,90.70,0.000
2024-08-11T07:30:00,4.460,85.00,0.000
2024-08-11T07:15:00,4.460,81.80,0.000
2024-08-11T07:00:00,4.460,80.90,0.000
2024-08-11T06:45:00,4.460,85.20,0.000
2024-08-11T06:30:00,4.460,83.40,0.000
2024-08-11T06:15:00,4.460,84.50,0.000
2024-08-11T06:00:00,4.460,83.50,0.000
2024-08-11T05:45:00,4.460,84.20,0.000
2024-08-11T05:30:00,4.450,79.60,0.000
2024-08-11T05:15:00,4.450,91.30,0.000
2024-08-11T05:00:00,4.450,73.00,0.000
2024-08-11T04:45:00,4.450,84.40,0.000
2024-08-11T04:30:00,4.450,79.70,0.000
2024-08-11T04:15:00,4.450,72.30,0.000
2024-08-11T04:00:00,4.450,81.60,0.000
2024-08-11T03:45:00,4.450,83.50,0.000
2024-08-11T03:30:00,4.450,74.50,0.000
2024-08-11T03:15:00,4.440,82.00,0.000
2024-08-11T03:00:00,4.440,77.10,0.000
2024-08-11T02:45:00,4.440,78.80,0.000
2024-08-11T02:30:00,4.440,80.40,0.000
2024-08-11T02:15:00,4.440,78.50,0.000
2024-08-11T02:00:00,4.440,81.90,0.000
2024-08-11T01:45:00,4.440,94.50,0.000
2024-08-11T01:30:00,4.430,81.30,0.000
2024-08-11T01:15:00,4.430,87.00,0.000
2024-08-11T01:00:00,4.430,104.60,1.000
2024-08-11T00:45:00,4.420,108.50,0.000
2024-08-11T00:30:00,4.420,99.40,0.000
2024-08-11T00:15:00,4.420,103.00,1.000
2024-08-11T00:00:00,4.410,102.50,0.000
2024-08-10T23:45:00,4.410,95.70,0.500
2024-08-10T23:30:00,4.400,98.20,0.500
2024-08-10T23:15:00,4.400,98.30,4.500
2024-08-10T23:00:00,4.390,100.00,1.000
2024-08-10T22:45:00,4.380,66.70,0.000
2024-08-10T22:30:00,4.380,73.50,0.000
2024-08-10T22:15:00,4.370,66.20,0.000
2024-08-10T22:00:00,4.370,79.00,0.000
2024-08-10T21:45:00,4.370,83.70,0.000
2024-08-10T21:30:00,4.370,82.40,0.000
2024-08-10T21:15:00,4.360,77.30,0.000
2024-08-10T21:00:00,4.360,67.10,0.000
2024-08-10T20:45:00,4.360,76.50,0.000
2024-08-10T20:30:00,4.350,88.70,0.000
2024-08-10T20:15:00,4.350,79.20,0.000
2024-08-10T20:00:00,4.340,81.50,0.000
2024-08-10T19:45:00,4.340,80.00,0.000
2024-08-10T19:30:00,4.340,81.40,0.000
2024-08-10T19:15:00,4.330,78.70,0.000
2024-08-10T19:00:00,4.330,76.40,0.000
2024-08-10T18:45:00,4.320,77.20,0.000
2024-08-10T18:30:00,4.320,79.60,0.000
2024-08-10T18:15:00,4.310,69.50,0.000
2024-08-10T18:00:00,4.300,74.20,0.000
2024-08-10T17:45:00,4.300,73.30,0.000
2024-08-10T17:30:00,4.290,71.90,0.000
2024-08-10T17:15:00,4.280,69.40,0.000
2024-08-10T17:00:00,4.270,73.40,0.000
2024-08-10T16:45:00,4.260,69.90,0.000
2024-08-10T16:30:00,4.260,74.00,0.000
2024-08-10T16:15:00,4.250,75.00,0.000
2024-08-10T16:00:00,4.240,63.60,0.000
2024-08-10T15:45:00,4.240,70.60,0.000
2024-08-10T15:30:00,4.230,69.40,0.000
2024-08-10T15:15:00,4.220,74.70,0.000
2024-08-10T15:00:00,4.210,71.40,0.000
2024-08-10T14:45:00,4.200,75.60,0.000
2024-08-10T14:30:00,4.190,74.90,0.000
2024-08-10T14:15:00,4.180,69.60,0.000
2024-08-10T14:00:00,4.180,71.60,0.000
2024-08-10T13:45:00,4.170,59.40,0.000
2024-08-10T13:30:00,4.160,69.00,0.000
2024-08-10T13:15:00,4.150,68.10,0.000
2024-08-10T13:00:00,4.140,70.10,0.000
2024-08-10T12:45:00,4.130,68.20,0.000
2024-08-10T12:30:00,4.120,62.60,0.000
2024-08-10T12:15:00,4.110,58.20,0.000
2024-08-10T12:00:00,4.100,52.60,0.000
2024-08-10T11:45:00,4.100,59.80,0.000
2024-08-10T11:30:00,4.100,46.30,0.000
2024-08-10T11:15:00,4.090,52.90,0.000
2024-08-10T11:00:00,4.090,50.40,0.000
2024-08-10T10:45:00,4.090,52.70,0.000
2024-08-10T10:30:00,4.100,46.20,0.000
2024-08-10T10:15:00,4.100,44.80,0.000
2024-08-10T10:00:00,4.100,44.60,0.000
2024-08-10T09:45:00,4.100,46.80,0.000
2024-08-10T09:30:00,4.100,50.20,0.000
2024-08-10T09:15:00,4.110,53.30,0.000
2024-08-10T09:00:00,4.110,52.50,0.000
2024-08-10T08:45:00,4.110,53.30,0.000
2024-08-10T08:30:00,4.110,55.30,0.000
2024-08-10T08:15:00,4.110,54.10,0.000
2024-08-10T08:00:00,4.120,55.20,0.000
2024-08-10T07:45:00,4.120,57.50,0.000
2024-08-10T07:30:00,4.120,54.30,0.000
2024-08-10T07:15:00,4.120,55.30,0.000
2024-08-10T07:00:00,4.130,55.90,0.000
2024-08-10T06:45:00,4.130,56.00,0.000
2024-08-10T06:30:00,4.130,59.00,0.000
2024-08-10T06:15:00,4.140,63.10,0.000
2024-08-10T06:00:00,4.140,57.70,0.000
2024-08-10T05:45:00,4.140,61.70,0.000
2024-08-10T05:30:00,4.150,56.00,0.000
2024-08-10T05:15:00,4.150,57.00,0.000
2024-08-10T05:00:00,4.150,59.60,0.000
2024-08-10T04:45:00,4.160,60.00,0.000
2024-08-10T04:30:00,4.160,56.60,0.000
2024-08-10T04:15:00,4.160,57.60,0.000
2024-08-10T04:00:00,4.170,58.30,0.000
2024-08-10T03:45:00,4.170,58.20,0.000
2024-08-10T03:30:00,4.180,56.50,0.000
2024-08-10T03:15:00,4.180,56.60,0.000
2024-08-10T03:00:00,4.190,60.40,0.000
2024-08-10T02:45:00,4.190,58.10,0.000
2024-08-10T02:30:00,4.190,60.10,0.000
2024-08-10T02:15:00,4.200,60.30,0.000
2024-08-10T02:00:00,4.200,59.70,0.000
2024-08-10T01:45:00,4.210,59.30,0.000
2024-08-10T01:30:00,4.210,67.80,0.000
2024-08-10T01:15:00,4.220,72.20,0.000
2024-08-10T01:00:00,4.220,58.20,0.000
2024-08-10T00:45:00,4.220,62.50,0.000
2024-08-10T00:30:00,4.230,61.20,0.000
2024-08-10T00:15:00,4.230,64.80,0.000
2024-08-10T00:00:00,4.240,64.90,0.000
2024-08-09T23:45:00,4.240,62.10,0.000
2024-08-09T23:30:00,4.250,59.50,0.000
2024-08-09T23:15:00,4.250,58.10,0.000
2024-08-09T23:00:00,4.260,60.40,0.000
2024-08-09T22:45:00,4.260,64.20,0.000
2024-08-09T22:30:00,4.270,63.20,0.000
2024-08-09T22:15:00,4.270,62.80,0.000
2024-08-09T22:00:00,4.270,62.70,0.000
2024-08-09T21:45:00,4.280,61.50,0.000
2024-08-09T21:30:00,4.280,68.20,0.000
2024-08-09T21:15:00,4.290,65.20,0.000
2024-08-09T21:00:00,4.290,65.10,0.000
2024-08-09T20:45:00,4.300,65.00,0.000
2024-08-09T20:30:00,4.300,61.40,0.000
2024-08-09T20:15:00,4.300,69.00,0.000
2024-08-09T20:00:00,4.310,66.20,0.000
2024-08-09T19:45:00,4.310,65.20,0.000
2024-08-09T19:30:00,4.320,63.70,0.000
2024-08-09T19:15:00,4.320,50.70,0.000
2024-08-09T19:00:00,4.330,49.40,0.000
2024-08-09T18:45:00,4.330,51.20,0.000
2024-08-09T18:30:00,4.340,45.00,0.000
2024-08-09T18:15:00,4.340,55.20,0.000
2024-08-09T18:00:00,4.340,64.90,0.000
2024-08-09T17:45:00,4.340,56.40,0.000
2024-08-09T17:30:00,4.340,55.70,0.000
2024-08-09T17:15:00,4.340,59.60,0.000
2024-08-09T17:00:00,4.350,54.60,0.000
2024-08-09T16:45:00,4.350,53.60,0.000
2024-08-09T16:30:00,4.350,50.40,0.000
2024-08-09T16:15:00,4.360,45.60,0.000
2024-08-09T16:00:00,4.360,45.90,0.000
2024-08-09T15:45:00,4.360,45.20,0.000
2024-08-09T15:30:00,4.360,57.10,0.000
2024-08-09T15:15:00,4.370,58.00,0.000
2024-08-09T15:00:00,4.370,52.40,0.000
2024-08-09T14:45:00,4.370,48.60,0.000
2024-08-09T14:30:00,4.370,42.40,0.000
2024-08-09T14:15:00,4.370,63.00,0.000
2024-08-09T14:00:00,4.370,58.00,0.000
2024-08-09T13:45:00,4.380,67.00,0.000
2024-08-09T13:30:00,4.380,62.30,0.000
2024-08-09T13:15:00,4.380,61.70,0.000
2024-08-09T13:00:00,4.390,64.40,0.000
2024-08-09T12:45:00,4.390,65.80,0.000
2024-08-09T12:30:00,4.390,61.70,0.000
2024-08-09T12:15:00,4.390,68.30,0.000
2024-08-09T12:00:00,4.390,71.00,0.000
2024-08-09T11:45:00,4.400,71.90,0.000
2024-08-09T11:30:00,4.400,70.50,0.000
2024-08-09T11:15:00,4.400,73.70,0.000
2024-08-09T11:00:00,4.400,69.30,0.000
2024-08-09T10:45:00,4.400,66.60,0.000
2024-08-09T10:30:00,4.400,77.40,0.000
2024-08-09T10:15:00,4.400,63.30,0.000
2024-08-09T10:00:00,4.400,59.20,0.000
2024-08-09T09:45:00,4.400,61.60,0.000
2024-08-09T09:30:00,4.400,53.10,0.000
2024-08-09T09:15:00,4.400,67.10,0.000
2024-08-09T09:00:00,4.400,70.70,0.000
2024-08-09T08:45:00,4.400,57.40,0.000
2024-08-09T08:30:00,4.400,68.60,0.000
2024-08-09T08:15:00,4.400,69.60,0.000
2024-08-09T08:00:00,4.380,80.90,0.000
2024-08-09T07:45:00,4.390,74.60,0.000
2024-08-09T07:30:00,4.400,78.00,0.000
2024-08-09T07:15:00,4.400,65.20,0.000
2024-08-09T07:00:00,4.400,83.70,0.000
2024-08-09T06:45:00,4.410,87.20,0.000
2024-08-09T06:30:00,4.420,79.60,0.000
2024-08-09T06:15:00,4.420,84.70,0.000
2024-08-09T06:00:00,4.420,83.60,0.000
2024-08-09T05:45:00,4.430,81.10,0.000
2024-08-09T05:30:00,4.430,86.20,0.000
2024-08-09T05:15:00,4.440,83.80,0.000
2024-08-09T05:00:00,4.440,85.90,0.000
2024-08-09T04:45:00,4.440,91.20,0.000
2024-08-09T04:30:00,4.440,79.50,0.000
2024-08-09T04:15:00,4.430,78.40,0.000
2024-08-09T04:00:00,4.440,80.90,0.000
2024-08-09T03:45:00,4.430,79.00,0.000
2024-08-09T03:30:00,4.430,90.20,0.000
2024-08-09T03:15:00,4.430,88.00,0.000
2024-08-09T03:00:00,4.420,83.60,0.000
2024-08-09T02:45:00,4.420,79.90,0.000
2024-08-09T02:30:00,4.410,85.30,0.000
2024-08-09T02:15:00,4.400,85.60,0.000
2024-08-09T02:00:00,4.400,96.40,0.000
2024-08-09T01:45:00,4.390,85.50,0.000
2024-08-09T01:30:00,4.380,84.00,0.000
2024-08-09T01:15:00,4.360,88.20,0.000
2024-08-09T01:00:00,4.350,91.30,0.000
2024-08-09T00:45:00,4.340,84.70,0.000
2024-08-09T00:30:00,4.330,89.40,0.000
2024-08-09T00:15:00,4.310,81.50,0.000
2024-08-09T00:00:00,4.290,82.00,0.000
2024-08-08T23:45:00,4.270,81.10,0.000
2024-08-08T23:30:00,4.260,77.20,0.000
2024-08-08T23:15:00,4.240,80.50,0.000
2024-08-08T23:00:00,4.230,76.10,0.000
2024-08-08T22:45:00,4.220,71.20,0.000
2024-08-08T22:30:00,4.210,67.40,0.000
2024-08-08T22:15:00,4.210,66.00,0.000
2024-08-08T22:00:00,4.210,66.90,0.000
2024-08-08T21:45:00,4.210,68.60,0.000
2024-08-08T21:30:00,4.210,67.30,0.000
2024-08-08T21:15:00,4.210,67.40,0.000
2024-08-08T21:00:00,4.210,62.80,0.000
2024-08-08T20:45:00,4.200,61.90,0.000
2024-08-08T20:30:00,4.200,65.90,0.000
2024-08-08T20:15:00,4.200,68.50,0.000
2024-08-08T20:00:00,4.200,66.70,0.000
2024-08-08T19:45:00,4.200,64.40,0.000
2024-08-08T19:30:00,4.190,65.20,0.000
2024-08-08T19:15:00,4.190,66.80,0.000
2024-08-08T19:00:00,4.190,66.70,0.000
2024-08-08T18:45:00,4.190,63.60,0.000
2024-08-08T18:30:00,4.170,70.20,0.000
2024-08-08T18:15:00,4.170,67.10,0.000
2024-08-08T18:00:00,4.170,71.70,0.000
2024-08-08T17:45:00,4.170,72.00,0.000
2024-08-08T17:30:00,4.180,67.20,0.000
2024-08-08T17:15:00,4.180,67.00,0.000
2024-08-08T17:00:00,4.180,72.00,0.000
2024-08-08T16:45:00,4.180,67.80,0.000
2024-08-08T16:30:00,4.180,71.00,0.000
2024-08-08T16:15:00,4.190,72.30,0.000
2024-08-08T16:00:00,4.190,66.00,0.000
2024-08-08T15:45:00,4.190,68.30,0.000
2024-08-08T15:30:00,4.190,69.60,0.000
2024-08-08T15:15:00,4.190,70.10,0.000
2024-08-08T15:00:00,4.190,71.40,0.000
2024-08-08T14:45:00,4.190,68.50,0.000
2024-08-08T14:30:00,4.200,71.00,0.000
2024-08-08T14:15:00,4.200,73.60,0.000
2024-08-08T14:00:00,4.200,74.40,0.000
2024-08-08T13:45:00,4.190,64.50,0.000
2024-08-08T13:30:00,4.200,74.70,0.000
2024-08-08T13:15:00,4.200,65.00,0.000
2024-08-08T13:00:00,4.200,62.50,0.000
2024-08-08T12:45:00,4.200,73.70,0.000
2024-08-08T12:30:00,4.200,74.00,0.000
2024-08-08T12:15:00,4.200,67.80,0.000
2024-08-08T12:00:00,4.200,68.90,0.000
2024-08-08T11:45:00,4.200,69.70,0.000
2024-08-08T11:30:00,4.200,69.40,0.000
2024-08-08T11:15:00,4.200,75.70,0.000
2024-08-08T11:00:00,4.200,73.60,0.000
2024-08-08T10:45:00,4.200,71.60,0.000
2024-08-08T10:30:00,4.190,71.80,0.000
2024-08-08T10:15:00,4.190,74.40,0.000
2024-08-08T10:00:00,4.190,70.00,0.000
2024-08-08T09:45:00,4.190,74.40,0.000
2024-08-08T09:30:00,4.180,78.90,0.000
2024-08-08T09:15:00,4.180,75.50,0.000
2024-08-08T09:00:00,4.170,80.90,0.000
2024-08-08T08:45:00,4.160,80.60,0.000
2024-08-08T08:30:00,4.160,79.00,0.000
2024-08-08T08:15:00,4.130,85.00,0.000
2024-08-08T08:00:00,4.130,83.30,0.000
2024-08-08T07:45:00,4.140,82.00,0.000
2024-08-08T07:30:00,4.140,84.70,0.000
2024-08-08T07:15:00,4.150,88.50,0.000
2024-08-08T07:00:00,4.160,88.30,0.000
2024-08-08T06:45:00,4.160,87.20,0.000
2024-08-08T06:30:00,4.170,89.00,0.000
2024-08-08T06:15:00,4.180,89.20,0.000
2024-08-08T06:00:00,4.180,89.20,0.000
2024-08-08T05:45:00,4.190,86.80,0.000
2024-08-08T05:30:00,4.200,88.00,0.000
2024-08-08T05:15:00,4.200,86.70,0.000
2024-08-08T05:00:00,4.210,92.90,0.000
2024-08-08T04:45:00,4.210,98.80,0.000
2024-08-08T04:30:00,4.220,92.90,0.000
2024-08-08T04:15:00,4.230,94.00,0.000
2024-08-08T04:00:00,4.240,95.10,0.000
2024-08-08T03:45:00,4.240,89.40,0.000
2024-08-08T03:30:00,4.250,101.60,0.000
2024-08-08T03:15:00,4.260,102.20,0.000
2024-08-08T03:00:00,4.260,101.50,0.000
2024-08-08T02:45:00,4.270,98.00,0.000
2024-08-08T02:30:00,4.280,96.40,0.000
2024-08-08T02:15:00,4.280,94.30,0.000
2024-08-08T02:00:00,4.290,101.80,0.000
2024-08-08T01:45:00,4.300,101.80,0.000
2024-08-08T01:30:00,4.310,100.80,0.000
2024-08-08T01:15:00,4.310,99.20,0.000
2024-08-08T01:00:00,4.320,101.00,0.000
2024-08-08T00:45:00,4.330,99.40,0.000
2024-08-08T00:30:00,4.330,103.70,0.000
2024-08-08T00:15:00,4.350,108.30,0.000
2024-08-08T00:00:00,4.350,102.40,0.000
2024-08-07T23:45:00,4.360,101.50,0.000
2024-08-07T23:30:00,4.370,108.50,0.000
2024-08-07T23:15:00,4.380,106.30,0.000
2024-08-07T23:00:00,4.390,111.00,0.000
2024-08-07T22:45:00,4.390,109.70,0.000
2024-08-07T22:30:00,4.400,116.60,0.000
2024-08-07T22:15:00,4.410,110.60,0.000
2024-08-07T22:00:00,4.420,111.70,0.000
2024-08-07T21:45:00,4.430,115.30,0.000
2024-08-07T21:30:00,4.440,113.90,0.000
2024-08-07T21:15:00,4.450,121.90,0.000
2024-08-07T21:00:00,4.460,129.40,1.500
2024-08-07T20:45:00,4.470,130.90,8.000
2024-08-07T20:30:00,4.470,121.90,10.000
2024-08-07T20:15:00,4.470,118.40,0.000
2024-08-07T20:00:00,4.480,103.10,0.000
2024-08-07T19:45:00,4.500,113.40,0.000
2024-08-07T19:30:00,4.500,114.10,0.000
2024-08-07T19:15:00,4.510,118.50,0.000
2024-08-07T19:00:00,4.520,108.20,0.000
2024-08-07T18:45:00,4.530,109.00,0.000
2024-08-07T18:30:00,4.540,120.00,0.000
2024-08-07T18:15:00,4.550,112.30,0.000
2024-08-07T18:00:00,4.560,119.00,0.000
2024-08-07T17:45:00,4.570,121.10,0.000
2024-08-07T17:30:00,4.580,113.00,0.000
2024-08-07T17:15:00,4.590,132.60,0.000
2024-08-07T17:00:00,4.600,126.00,0.000
2024-08-07T16:45:00,4.610,121.10,0.000
2024-08-07T16:30:00,4.620,126.60,0.000
2024-08-07T16:15:00,4.640,115.90,0.000
2024-08-07T16:00:00,4.640,110.90,0.000
2024-08-07T15:45:00,4.650,124.10,0.000
2024-08-07T15:30:00,4.660,113.00,0.000
2024-08-07T15:15:00,4.670,102.90,0.000
2024-08-07T15:00:00,4.680,103.00,0.000
2024-08-07T14:45:00,4.700,101.40,0.000
2024-08-07T14:30:00,4.710,112.40,0.000
2024-08-07T14:15:00,4.720,115.80,0.000
2024-08-07T14:00:00,4.730,135.10,0.000
2024-08-07T13:45:00,4.750,137.40,0.000
2024-08-07T13:30:00,4.760,126.90,0.000
2024-08-07T13:15:00,4.780,108.60,0.000
2024-08-07T13:00:00,4.800,109.40,0.000
2024-08-07T12:45:00,4.810,119.30,0.000
2024-08-07T12:30:00,4.810,111.20,0.000
2024-08-07T12:15:00,4.810,114.00,0.000
2024-08-07T12:00:00,4.810,118.90,0.000
2024-08-07T11:45:00,4.810,115.40,0.000
2024-08-07T11:30:00,4.820,124.20,0.000
2024-08-07T11:15:00,4.820,119.70,0.000
2024-08-07T11:00:00,4.820,115.10,0.000
2024-08-07T10:45:00,4.810,120.50,0.000
2024-08-07T10:30:00,4.810,118.10,0.000
2024-08-07T10:15:00,4.810,126.10,0.000
2024-08-07T10:00:00,4.790,117.60,0.000
2024-08-07T09:45:00,4.790,130.30,0.000
2024-08-07T09:30:00,4.780,128.20,0.000
2024-08-07T09:15:00,4.770,130.80,0.000
2024-08-07T09:00:00,4.760,147.90,0.000
2024-08-07T08:45:00,4.740,135.50,0.000
2024-08-07T08:30:00,4.720,160.20,0.000
2024-08-07T08:15:00,4.710,152.20,0.000
2024-08-07T08:00:00,4.700,154.50,0.000
2024-08-07T07:45:00,4.690,157.70,0.000
2024-08-07T07:30:00,4.680,149.00,0.000
2024-08-07T07:15:00,4.670,143.00,0.000
2024-08-07T07:00:00,4.660,148.80,0.000
2024-08-07T06:45:00,4.650,149.50,0.000
2024-08-07T06:30:00,4.640,141.50,0.000
2024-08-07T06:15:00,4.630,138.00,0.000
2024-08-07T06:00:00,4.610,142.50,0.000
2024-08-07T05:45:00,4.600,140.80,0.000
2024-08-07T05:30:00,4.580,131.80,0.000
2024-08-07T05:15:00,4.570,143.40,0.000
2024-08-07T05:00:00,4.550,138.50,0.000
2024-08-07T04:45:00,4.540,126.40,0.000
2024-08-07T04:30:00,4.530,134.40,0.000
2024-08-07T04:15:00,4.520,130.80,0.000
2024-08-07T04:00:00,4.510,124.90,0.000
2024-08-07T03:45:00,4.500,121.70,0.000
2024-08-07T03:30:00,4.490,129.90,0.000
2024-08-07T03:15:00,4.480,128.40,0.000
2024-08-07T03:00:00,4.480,126.70,0.000
2024-08-07T02:45:00,4.480,125.10,0.000
2024-08-07T02:30:00,4.470,120.90,0.000
2024-08-07T02:15:00,4.470,122.50,0.000
2024-08-07T02:00:00,4.470,120.20,0.000
2024-08-07T01:45:00,4.470,124.20,0.000
2024-08-07T01:30:00,4.470,122.70,0.000
2024-08-07T01:15:00,4.470,125.00,0.000
2024-08-07T01:00:00,4.470,127.30,0.000
2024-08-07T00:45:00,4.480,125.80,1.000
2024-08-07T00:30:00,4.470,130.80,0.500
2024-08-07T00:15:00,4.480,128.40,3.500
2024-08-07T00:00:00,4.470,136.20,1.000
2024-08-06T23:45:00,4.480,136.00,0.500
2024-08-06T23:30:00,4.480,133.70,1.500
2024-08-06T23:15:00,4.480,135.30,1.500
2024-08-06T23:00:00,4.480,130.20,3.000
2024-08-06T22:45:00,4.480,126.70,0.000
2024-08-06T22:30:00,4.490,112.80,0.000
2024-08-06T22:15:00,4.490,127.00,0.000
2024-08-06T22:00:00,4.500,123.00,0.000
2024-08-06T21:45:00,4.500,131.40,0.000
2024-08-06T21:30:00,4.510,122.30,0.000
2024-08-06T21:15:00,4.520,120.00,0.000
2024-08-06T21:00:00,4.520,121.50,0.000
2024-08-06T20:45:00,4.530,120.40,0.000
2024-08-06T20:30:00,4.530,117.30,0.000
2024-08-06T20:15:00,4.540,126.80,0.000
2024-08-06T20:00:00,4.540,122.90,0.000
2024-08-06T19:45:00,4.550,121.30,0.000
2024-08-06T19:30:00,4.550,134.80,0.000
2024-08-06T19:15:00,4.550,136.30,0.000
2024-08-06T19:00:00,4.550,123.40,0.000
2024-08-06T18:45:00,4.530,128.50,0.000
2024-08-06T18:30:00,4.540,132.50,0.000
2024-08-06T18:15:00,4.550,141.40,0.000
2024-08-06T18:00:00,4.570,133.20,0.000
2024-08-06T17:45:00,4.570,142.10,0.000
2024-08-06T17:30:00,4.580,138.80,0.000
2024-08-06T17:15:00,4.590,137.60,0.000
2024-08-06T17:00:00,4.600,141.40,0.000
2024-08-06T16:45:00,4.610,137.80,0.000
2024-08-06T16:30:00,4.620,138.90,0.000
2024-08-06T16:15:00,4.630,136.90,0.000
2024-08-06T16:00:00,4.640,127.90,0.000
2024-08-06T15:45:00,4.640,126.60,0.000
2024-08-06T15:30:00,4.650,142.50,0.000
2024-08-06T15:15:00,4.660,133.00,0.000
2024-08-06T15:00:00,4.650,137.80,0.000
2024-08-06T14:45:00,4.660,140.80,0.000
2024-08-06T14:30:00,4.670,142.40,0.000
2024-08-06T14:15:00,4.690,148.50,0.000
2024-08-06T14:00:00,4.700,128.30,0.000
2024-08-06T13:45:00,4.710,140.10,0.000
2024-08-06T13:30:00,4.710,132.10,0.000
2024-08-06T13:15:00,4.730,142.00,0.000
2024-08-06T13:00:00,4.730,146.00,0.000
2024-08-06T12:45:00,4.740,141.00,0.000
2024-08-06T12:30:00,4.760,137.40,0.000
2024-08-06T12:15:00,4.770,134.60,0.000
2024-08-06T12:00:00,4.770,150.70,0.000
2024-08-06T11:45:00,4.780,161.20,0.000
2024-08-06T11:30:00,4.790,160.20,0.000
2024-08-06T11:15:00,4.800,156.20,0.000
2024-08-06T11:00:00,4.810,159.90,0.000
2024-08-06T10:45:00,4.810,147.90,0.000
2024-08-06T10:30:00,4.820,157.20,0.000
2024-08-06T10:15:00,4.810,161.00,0.000
2024-08-06T10:00:00,4.820,148.10,0.000
2024-08-06T09:45:00,4.830,168.20,0.000
2024-08-06T09:30:00,4.840,155.20,0.000
2024-08-06T09:15:00,4.820,173.00,0.000
2024-08-06T09:00:00,4.830,174.60,0.000
2024-08-06T08:45:00,4.850,169.30,0.000
2024-08-06T08:30:00,4.860,185.40,0.000
2024-08-06T08:15:00,4.860,187.40,0.000
2024-08-06T08:00:00,4.870,181.40,0.000
2024-08-06T07:45:00,4.880,188.80,0.000
2024-08-06T07:30:00,4.890,191.90,0.000
2024-08-06T07:15:00,4.890,190.70,0.000
2024-08-06T07:00:00,4.900,189.50,0.000
2024-08-06T06:45:00,4.910,193.20,0.500
2024-08-06T06:30:00,4.900,187.70,0.000
2024-08-06T06:15:00,4.900,194.60,0.000
2024-08-06T06:00:00,4.910,184.30,0.000
2024-08-06T05:45:00,4.910,191.60,0.000
2024-08-06T05:30:00,4.900,196.50,0.000
2024-08-06T05:15:00,4.900,191.00,0.000
2024-08-06T05:00:00,4.900,194.50,0.000
2024-08-06T04:45:00,4.890,198.00,0.000
2024-08-06T04:30:00,4.890,190.70,0.000
2024-08-06T04:15:00,4.880,190.00,0.000
2024-08-06T04:00:00,4.870,186.10,0.000
2024-08-06T03:45:00,4.870,189.20,0.000
2024-08-06T03:30:00,4.870,185.90,0.000
2024-08-06T03:15:00,4.860,183.10,0.000
2024-08-06T03:00:00,4.850,178.70,0.000
2024-08-06T02:45:00,4.840,183.10,0.000
2024-08-06T02:30:00,4.830,183.60,0.500
2024-08-06T02:15:00,4.830,179.80,0.000
2024-08-06T02:00:00,4.830,168.30,0.000
2024-08-06T01:45:00,4.830,175.40,0.000
2024-08-06T01:30:00,4.830,177.50,0.000
2024-08-06T01:15:00,4.830,168.10,0.000
2024-08-06T01:00:00,4.840,167.60,0.000
2024-08-06T00:45:00,4.860,168.90,0.000
2024-08-06T00:30:00,4.870,163.00,0.000
2024-08-06T00:15:00,4.890,170.20,0.000
2024-08-06T00:00:00,4.910,170.90,0.000
2024-08-05T23:45:00,4.930,175.80,0.000
2024-08-05T23:30:00,4.950,173.40,0.000
2024-08-05T23:15:00,4.970,179.20,0.000
2024-08-05T23:00:00,4.990,178.50,0.000
2024-08-05T22:45:00,5.020,179.10,0.000
2024-08-05T22:30:00,5.040,182.30,0.000
2024-08-05T22:15:00,5.060,184.80,0.000
2024-08-05T22:00:00,5.080,189.80,0.000
2024-08-05T21:45:00,5.110,190.20,0.000
2024-08-05T21:30:00,5.130,191.60,0.000
2024-08-05T21:15:00,5.160,188.80,0.000
2024-08-05T21:00:00,5.180,171.10,0.000
2024-08-05T20:45:00,5.200,184.50,0.000
2024-08-05T20:30:00,5.230,192.90,0.000
2024-08-05T20:15:00,5.260,199.60,0.000
2024-08-05T20:00:00,5.280,208.40,0.000
2024-08-05T19:45:00,5.310,185.90,0.000
2024-08-05T19:30:00,5.340,198.90,0.000
2024-08-05T19:15:00,5.360,202.80,0.000
2024-08-05T19:00:00,5.390,180.80,0.000
2024-08-05T18:45:00,5.410,198.70,0.000
2024-08-05T18:30:00,5.440,202.60,0.000
2024-08-05T18:15:00,5.470,183.70,0.000
2024-08-05T18:00:00,5.490,186.30,0.000
2024-08-05T17:45:00,5.520,181.70,0.000
2024-08-05T17:30:00,5.540,188.80,0.000
2024-08-05T17:15:00,5.570,195.90,0.000
2024-08-05T17:00:00,5.600,195.60,0.000
2024-08-05T16:45:00,5.630,199.20,0.000
2024-08-05T16:30:00,5.660,194.00,0.000
2024-08-05T16:15:00,5.690,182.10,0.000
2024-08-05T16:00:00,5.710,201.40,0.000
2024-08-05T15:45:00,5.740,174.90,0.000
2024-08-05T15:30:00,5.770,194.40,0.000
2024-08-05T15:15:00,5.790,195.00,0.000
2024-08-05T15:00:00,5.820,211.80,0.000
2024-08-05T14:45:00,5.850,205.60,0.000
2024-08-05T14:30:00,5.880,199.10,0.000
2024-08-05T14:15:00,5.900,197.90,0.000
2024-08-05T14:00:00,5.920,183.30,0.000
2024-08-05T13:45:00,5.950,205.20,0.000
2024-08-05T13:30:00,5.970,201.80,0.000
2024-08-05T13:15:00,5.990,214.70,0.000
2024-08-05T13:00:00,6.010,226.90,0.000
2024-08-05T12:45:00,6.020,194.90,0.000
2024-08-05T12:30:00,6.050,205.30,0.000
2024-08-05T12:15:00,6.070,210.70,0.000
2024-08-05T12:00:00,6.090,235.70,0.000
2024-08-05T11:45:00,6.100,207.80,0.000
2024-08-05T11:30:00,6.110,201.70,0.000
2024-08-05T11:15:00,6.120,233.10,0.000
2024-08-05T11:00:00,6.130,269.00,0.000
2024-08-05T10:45:00,6.130,240.30,0.000
2024-08-05T10:30:00,6.140,237.40,0.000
2024-08-05T10:15:00,6.160,228.00,0.000
2024-08-05T10:00:00,6.170,270.10,0.000
2024-08-05T09:45:00,6.170,242.70,0.000
2024-08-05T09:30:00,6.180,229.50,0.000
2024-08-05T09:15:00,6.160,246.30,0.000
2024-08-05T09:00:00,6.170,252.40,0.000
2024-08-05T08:45:00,6.160,256.00,0.000
2024-08-05T08:30:00,6.150,247.40,0.000
2024-08-05T08:15:00,6.140,255.40,0.000
2024-08-05T08:00:00,6.140,233.10,0.000
2024-08-05T07:45:00,6.120,253.10,0.000
2024-08-05T07:30:00,6.100,260.20,0.000
2024-08-05T07:15:00,6.090,237.50,0.000
2024-08-05T07:00:00,6.080,243.80,0.000
2024-08-05T06:45:00,6.040,241.90,0.000
2024-08-05T06:30:00,6.030,224.70,0.000
2024-08-05T06:15:00,6.010,270.50,0.000
2024-08-05T06:00:00,5.980,240.00,0.000
2024-08-05T05:45:00,5.960,235.20,0.000
2024-08-05T05:30:00,5.940,230.80,0.000
2024-08-05T05:15:00,5.910,219.50,0.000
2024-08-05T05:00:00,5.890,228.70,0.000
2024-08-05T04:45:00,5.870,239.70,0.000
2024-08-05T04:30:00,5.850,228.80,0.000
2024-08-05T04:15:00,5.830,225.50,0.000
2024-08-05T04:00:00,5.810,212.30,0.000
2024-08-05T03:45:00,5.780,213.30,0.000
2024-08-05T03:30:00,5.740,218.50,0.000
2024-08-05T03:15:00,5.700,215.90,0.000
2024-08-05T03:00:00,5.660,220.40,0.000
2024-08-05T02:45:00,5.620,236.80,0.000
2024-08-05T02:30:00,5.590,243.60,0.500
2024-08-05T02:15:00,5.550,221.50,0.000
2024-08-05T02:00:00,5.510,218.30,0.000
2024-08-05T01:45:00,5.480,251.90,0.500
2024-08-05T01:30:00,5.450,247.50,0.500
2024-08-05T01:15:00,5.430,231.60,1.000
2024-08-05T01:00:00,5.400,233.70,0.500
2024-08-05T00:45:00,5.390,226.20,1.000
2024-08-05T00:30:00,5.390,217.70,0.500
2024-08-05T00:15:00,5.380,210.20,0.500
2024-08-05T00:00:00,5.360,199.90,0.500
2024-08-18T23:45:00,4.520,130.90,0.000
2024-08-18T23:30:00,4.530,131.90,0.000
2024-08-18T23:15:00,4.530,109.90,0.000
2024-08-18T23:00:00,4.540,119.30,0.000
2024-08-18T22:45:00,4.540,121.00,0.000
2024-08-18T22:30:00,4.550,121.50,0.000
2024-08-18T22:15:00,4.550,120.70,0.000
2024-08-18T22:00:00,4.550,132.30,0.000
2024-08-18T21:45:00,4.550,136.40,0.000
2024-08-18T21:30:00,4.550,129.50,0.000
2024-08-18T21:15:00,4.550,123.60,0.000
2024-08-18T21:00:00,4.540,135.10,0.000
2024-08-18T20:45:00,4.540,125.10,0.000
2024-08-18T20:30:00,4.530,137.10,0.000
2024-08-18T20:15:00,4.530,132.00,0.500
2024-08-18T20:00:00,4.520,128.20,0.000
2024-08-18T19:45:00,4.520,135.70,0.500
2024-08-18T19:30:00,4.510,131.90,0.000
2024-08-18T19:15:00,4.500,125.60,0.000
2024-08-18T19:00:00,4.490,117.40,0.000
2024-08-18T18:45:00,4.490,123.20,0.000
2024-08-18T18:30:00,4.490,121.40,0.000
2024-08-18T18:15:00,4.490,119.40,0.000
2024-08-18T18:00:00,4.490,114.20,0.000
2024-08-18T17:45:00,4.480,121.70,0.000
2024-08-18T17:30:00,4.480,123.00,0.000
2024-08-18T17:15:00,4.480,112.60,0.000
2024-08-18T17:00:00,4.480,121.20,0.000
2024-08-18T16:45:00,4.480,113.80,0.000
2024-08-18T16:30:00,4.480,111.80,0.000
2024-08-18T16:15:00,4.480,113.60,0.000
2024-08-18T16:00:00,4.490,111.70,0.000
2024-08-18T15:45:00,4.490,118.90,0.000
2024-08-18T15:30:00,4.490,94.00,0.000
2024-08-18T15:15:00,4.490,114.50,0.000
2024-08-18T15:00:00,4.500,116.90,0.000
2024-08-18T14:45:00,4.500,122.00,0.000
2024-08-18T14:30:00,4.500,101.20,0.000
2024-08-18T14:15:00,4.500,89.90,0.000
2024-08-18T14:00:00,4.500,111.00,0.000
2024-08-18T13:45:00,4.510,108.10,0.000
2024-08-18T13:30:00,4.510,108.70,0.000
2024-08-18T13:15:00,4.510,110.90,0.000
2024-08-18T13:00:00,4.520,103.60,0.000
2024-08-18T12:45:00,4.520,105.00,0.000
2024-08-18T12:30:00,4.520,120.60,0.000
2024-08-18T12:15:00,4.520,125.20,0.000
2024-08-18T12:00:00,4.530,103.40,0.000
2024-08-18T11:45:00,4.530,117.10,0.000
2024-08-18T11:30:00,4.530,124.10,0.000
2024-08-18T11:15:00,4.530,109.10,0.000
2024-08-18T11:00:00,4.540,124.00,0.000
2024-08-18T10:45:00,4.540,103.00,0.000
2024-08-18T10:30:00,4.540,117.30,0.000
2024-08-18T10:15:00,4.550,108.40,0.000
2024-08-18T10:00:00,4.550,116.40,0.000
2024-08-18T09:45:00,4.550,111.80,0.000
2024-08-18T09:30:00,4.550,118.40,0.000
2024-08-18T09:15:00,4.550,119.10,0.000
2024-08-18T09:00:00,4.550,124.40,0.000
2024-08-18T08:45:00,4.560,119.60,0.000
2024-08-18T08:30:00,4.560,120.30,0.000
2024-08-18T08:15:00,4.560,125.90,0.000
2024-08-18T08:00:00,4.570,121.30,0.000
2024-08-18T07:45:00,4.570,128.40,0.000
2024-08-18T07:30:00,4.560,125.20,0.000
2024-08-18T07:15:00,4.570,128.80,0.000
2024-08-18T07:00:00,4.560,133.20,0.000
2024-08-18T06:45:00,4.560,118.40,0.000
2024-08-18T06:30:00,4.560,126.50,0.000
2024-08-18T06:15:00,4.570,122.80,0.000
2024-08-18T06:00:00,4.570,122.50,0.000
2024-08-18T05:45:00,4.560,118.60,0.000
2024-08-18T05:30:00,4.570,121.30,0.000
2024-08-18T05:15:00,4.570,130.80,0.000
2024-08-18T05:00:00,4.570,128.60,0.000
2024-08-18T04:45:00,4.580,128.90,3.000
2024-08-18T04:30:00,4.570,128.70,0.000
2024-08-18T04:15:00,4.560,119.70,0.000
2024-08-18T04:00:00,4.560,118.90,0.000
2024-08-18T03:45:00,4.550,116.80,0.000
2024-08-18T03:30:00,4.550,119.40,0.000
2024-08-18T03:15:00,4.540,120.20,0.000
2024-08-18T03:00:00,4.540,118.80,0.000
2024-08-18T02:45:00,4.530,116.90,0.000
2024-08-18T02:30:00,4.530,124.80,0.500
2024-08-18T02:15:00,4.520,127.20,1.500
2024-08-18T02:00:00,4.520,130.30,1.000
2024-08-18T01:45:00,4.510,118.70,1.000
2024-08-18T01:30:00,4.500,127.60,2.500
2024-08-18T01:15:00,4.490,114.20,2.000
2024-08-18T01:00:00,4.480,115.60,0.000
2024-08-18T00:45:00,4.460,113.40,0.000
2024-08-18T00:30:00,4.460,102.30,0.000
2024-08-18T00:15:00,4.460,106.70,0.000
2024-08-18T00:00:00,4.460,113.80,0.000
2024-08-17T23:45:00,4.460,111.00,0.000
2024-08-17T23:30:00,4.460,107.00,0.000
2024-08-17T23:15:00,4.460,98.90,0.000
2024-08-17T23:00:00,4.460,108.00,0.000
2024-08-17T22:45:00,4.460,103.20,0.000
2024-08-17T22:30:00,4.460,121.70,0.000
2024-08-17T22:15:00,4.460,113.10,0.000
2024-08-17T22:00:00,4.460,107.50,0.000
2024-08-17T21:45:00,4.460,108.20,0.000
2024-08-17T21:30:00,4.470,107.30,0.000
2024-08-17T21:15:00,4.470,107.30,0.000
2024-08-17T21:00:00,4.470,113.40,0.000
2024-08-17T20:45:00,4.470,112.70,0.000
2024-08-17T20:30:00,4.470,104.50,0.000
2024-08-17T20:15:00,4.470,99.80,0.000
2024-08-17T20:00:00,4.470,109.50,0.000
2024-08-17T19:45:00,4.470,106.70,0.000
2024-08-17T19:30:00,4.470,105.50,0.000
2024-08-17T19:15:00,4.470,100.70,0.000
2024-08-17T19:00:00,4.470,109.30,0.000
2024-08-17T18:45:00,4.470,92.00,0.000
2024-08-17T18:30:00,4.470,106.40,0.000
2024-08-17T18:15:00,4.470,103.90,0.000
2024-08-17T18:00:00,4.470,107.90,0.000
2024-08-17T17:45:00,4.470,100.00,0.000
2024-08-17T17:30:00,4.470,110.20,0.000
2024-08-17T17:15:00,4.470,104.60,0.000
2024-08-17T17:00:00,4.460,111.50,0.000
2024-08-17T16:45:00,4.460,106.80,0.000
2024-08-17T16:30:00,4.460,98.70,0.000
2024-08-17T16:15:00,4.460,110.80,0.000
2024-08-17T16:00:00,4.460,109.70,0.000
2024-08-17T15:45:00,4.460,99.00,0.000
2024-08-17T15:30:00,4.460,114.20,0.000
2024-08-17T15:15:00,4.450,110.80,0.000
2024-08-17T15:00:00,4.450,96.90,0.000
2024-08-17T14:45:00,4.450,107.80,0.000
2024-08-17T14:30:00,4.450,98.70,0.000
2024-08-17T14:15:00,4.440,96.00,0.000
2024-08-17T14:00:00,4.430,99.10,0.000
2024-08-17T13:45:00,4.420,115.80,0.000
2024-08-17T13:30:00,4.390,117.90,0.000
2024-08-17T13:15:00,4.400,130.40,0.000
2024-08-17T13:00:00,4.430,118.90,0.000
2024-08-17T12:45:00,4.470,110.30,0.000
2024-08-17T12:30:00,4.540,105.10,0.000
2024-08-17T12:15:00,4.540,106.50,0.000
2024-08-17T12:00:00,4.540,110.20,0.000
2024-08-17T11:45:00,4.540,104.70,0.000
2024-08-17T11:30:00,4.540,106.00,0.000
2024-08-17T11:15:00,4.540,106.60,0.000
2024-08-17T11:00:00,4.540,109.20,0.000
2024-08-17T10:45:00,4.540,111.60,0.000
2024-08-17T10:30:00,4.540,108.70,0.000
2024-08-17T10:15:00,4.540,104.80,0.000
2024-08-17T10:00:00,4.530,106.40,0.000
2024-08-17T09:45:00,4.540,113.50,0.000
2024-08-17T09:30:00,4.540,122.30,0.000
2024-08-17T09:15:00,4.540,103.50,0.000
2024-08-17T09:00:00,4.540,107.20,0.000
2024-08-17T08:45:00,4.540,112.50,0.000
2024-08-17T08:30:00,4.530,116.00,0.000
2024-08-17T08:15:00,4.530,115.80,0.000
2024-08-17T08:00:00,4.530,116.40,0.000
2024-08-17T07:45:00,4.530,118.90,0.000
2024-08-17T07:30:00,4.530,113.70,0.000
2024-08-17T07:15:00,4.530,106.80,0.000
2024-08-17T07:00:00,4.530,114.80,0.000
2024-08-17T06:45:00,4.520,114.90,0.000
2024-08-17T06:30:00,4.520,110.80,0.000
2024-08-17T06:15:00,4.520,108.30,0.000
2024-08-17T06:00:00,4.520,117.80,0.000
2024-08-17T05:45:00,4.520,117.30,0.000
2024-08-17T05:30:00,4.520,117.70,0.000
2024-08-17T05:15:00,4.520,112.30,0.000
2024-08-17T05:00:00,4.520,124.80,0.000
2024-08-17T04:45:00,4.520,124.00,0.000
2024-08-17T04:30:00,4.520,117.00,0.000
2024-08-17T04:15:00,4.520,120.40,0.000
2024-08-17T04:00:00,4.520,100.10,0.000
2024-08-17T03:45:00,4.520,116.70,0.000
2024-08-17T03:30:00,4.520,107.90,0.000
2024-08-17T03:15:00,4.520,110.30,0.000
2024-08-17T03:00:00,4.520,110.60,0.000
2024-08-17T02:45:00,4.520,118.00,0.000
2024-08-17T02:30:00,4.520,117.90,0.000
2024-08-17T02:15:00,4.520,113.60,0.000
2024-08-17T02:00:00,4.520,108.40,0.000
2024-08-17T01:45:00,4.520,116.20,0.000
2024-08-17T01:30:00,4.520,116.40,0.500
2024-08-17T01:15:00,4.520,124.30,0.000
2024-08-17T01:00:00,4.520,104.40,0.000
2024-08-17T00:45:00,4.530,111.30,0.000
2024-08-17T00:30:00,4.530,98.30,0.000
2024-08-17T00:15:00,4.530,124.40,0.000
2024-08-17T00:00:00,4.530,102.30,0.000
2024-08-16T23:45:00,4.530,119.90,0.000
2024-08-16T23:30:00,4.530,103.40,0.000
2024-08-16T23:15:00,4.540,106.00,0.000
2024-08-16T23:00:00,4.540,110.60,0.000
2024-08-16T22:45:00,4.540,113.40,0.000
2024-08-16T22:30:00,4.540,120.50,0.500
2024-08-16T22:15:00,4.550,127.50,1.000
2024-08-16T22:00:00,4.550,125.80,6.000
2024-08-16T21:45:00,4.540,120.50,17.000
2024-08-16T21:30:00,4.520,117.80,10.500
2024-08-16T21:15:00,4.500,119.30,0.000
2024-08-16T21:00:00,4.500,109.50,0.000
2024-08-16T20:45:00,4.500,114.10,0.000
2024-08-16T20:30:00,4.510,112.70,0.000
2024-08-16T20:15:00,4.510,111.10,0.000
2024-08-16T20:00:00,4.510,110.20,0.000
2024-08-16T19:45:00,4.510,112.00,0.000
2024-08-16T19:30:00,4.510,115.50,0.000
2024-08-16T19:15:00,4.510,119.60,0.000
2024-08-16T19:00:00,4.520,105.40,0.000
2024-08-16T18:45:00,4.520,112.90,0.000
2024-08-16T18:30:00,4.520,89.70,0.000
2024-08-16T18:15:00,4.520,80.80,0.000
2024-08-16T18:00:00,4.520,98.00,0.000
2024-08-16T17:45:00,4.520,85.40,0.000
2024-08-16T17:30:00,4.520,85.20,0.000
2024-08-16T17:15:00,4.520,71.50,0.000
2024-08-16T17:00:00,4.520,72.40,0.000
2024-08-16T16:45:00,4.520,98.70,0.000
2024-08-16T16:30:00,4.520,98.00,0.000
2024-08-16T16:15:00,4.530,90.60,0.000
2024-08-16T16:00:00,4.530,87.40,0.000
2024-08-16T15:45:00,4.530,99.00,0.000
2024-08-16T15:30:00,4.530,110.50,0.000
2024-08-16T15:15:00,4.530,85.30,0.000
2024-08-16T15:00:00,4.530,97.00,0.000
2024-08-16T14:45:00,4.540,104.20,0.000
2024-08-16T14:30:00,4.540,96.60,0.000
2024-08-16T14:15:00,4.540,97.90,0.000
2024-08-16T14:00:00,4.540,88.30,0.000
2024-08-16T13:45:00,4.540,99.70,0.000
2024-08-16T13:30:00,4.540,92.20,0.000
2024-08-16T13:15:00,4.550,81.90,0.000
2024-08-16T13:00:00,4.540,69.00,0.000
2024-08-16T12:45:00,4.550,106.60,0.000
2024-08-16T12:30:00,4.550,84.40,0.000
2024-08-16T12:15:00,4.550,100.30,0.000
2024-08-16T12:00:00,4.550,96.10,0.000
2024-08-16T11:45:00,4.550,122.90,0.000
2024-08-16T11:30:00,4.550,100.50,0.000
2024-08-16T11:15:00,4.550,98.70,0.000
2024-08-16T11:00:00,4.550,98.90,0.000
2024-08-16T10:45:00,4.540,94.50,0.000
2024-08-16T10:30:00,4.550,92.10,0.000
2024-08-16T10:15:00,4.540,92.80,0.000
2024-08-16T10:00:00,4.550,102.40,0.000
2024-08-16T09:45:00,4.550,113.00,0.000
2024-08-16T09:30:00,4.560,108.40,0.000
2024-08-16T09:15:00,4.560,109.50,0.000
2024-08-16T09:00:00,4.560,107.30,0.000
2024-08-16T08:45:00,4.560,111.10,0.000
2024-08-16T08:30:00,4.560,101.80,0.000
2024-08-16T08:15:00,4.570,105.50,0.000
2024-08-16T08:00:00,4.570,111.10,0.000
2024-08-16T07:45:00,4.570,114.80,0.000
2024-08-16T07:30:00,4.570,106.70,0.000
2024-08-16T07:15:00,4.570,111.60,0.000
2024-08-16T07:00:00,4.570,110.30,0.000
2024-08-16T06:45:00,4.570,110.70,0.000
2024-08-16T06:30:00,4.570,115.60,0.000
2024-08-16T06:15:00,4.570,113.50,0.000
2024-08-16T06:00:00,4.570,107.50,0.000
2024-08-16T05:45:00,4.570,110.00,0.000
2024-08-16T05:30:00,4.580,102.40,0.000
2024-08-16T05:15:00,4.580,110.70,0.000
2024-08-16T05:00:00,4.580,106.80,0.000
2024-08-16T04:45:00,4.580,111.40,0.000
2024-08-16T04:30:00,4.580,107.70,0.000
2024-08-16T04:15:00,4.580,105.80,0.000
2024-08-16T04:00:00,4.580,113.20,0.000
2024-08-16T03:45:00,4.580,108.50,0.000
2024-08-16T03:30:00,4.580,101.00,0.000
2024-08-16T03:15:00,4.580,110.20,0.000
2024-08-16T03:00:00,4.580,108.30,0.000
2024-08-16T02:45:00,4.580,109.70,0.000
2024-08-16T02:30:00,4.580,106.20,0.000
2024-08-16T02:15:00,4.590,109.80,0.000
2024-08-16T02:00:00,4.590,110.70,0.000
2024-08-16T01:45:00,4.590,108.20,0.000
2024-08-16T01:30:00,4.590,102.30,0.000
2024-08-16T01:15:00,4.590,110.40,0.000
2024-08-16T01:00:00,4.590,107.60,0.000
2024-08-16T00:45:00,4.590,111.00,0.000
2024-08-16T00:30:00,4.590,111.80,0.000
2024-08-16T00:15:00,4.590,115.90,0.000
2024-08-16T00:00:00,4.580,110.50,0.000
2024-08-15T23:45:00,4.590,118.70,0.000
2024-08-15T23:30:00,4.590,107.30,0.000
2024-08-15T23:15:00,4.590,114.10,0.000
2024-08-15T23:00:00,4.580,104.30,0.000
2024-08-15T22:45:00,4.580,111.60,0.000
2024-08-15T22:30:00,4.580,110.20,0.000
2024-08-15T22:15:00,4.580,107.30,0.000
2024-08-15T22:00:00,4.580,105.50,0.000
2024-08-15T21:45:00,4.580,101.70,0.000
2024-08-15T21:30:00,4.570,115.80,0.000
2024-08-15T21:15:00,4.580,102.20,0.000
2024-08-15T21:00:00,4.580,108.20,0.000
2024-08-15T20:45:00,4.570,105.30,0.000
2024-08-15T20:30:00,4.570,108.90,0.000
2024-08-15T20:15:00,4.570,113.30,0.000
2024-08-15T20:00:00,4.570,123.00,0.000
2024-08-15T19:45:00,4.570,106.40,0.000
2024-08-15T19:30:00,4.570,110.90,0.000
2024-08-15T19:15:00,4.570,114.40,0.000
2024-08-15T19:00:00,4.560,96.90,0.000
2024-08-15T18:45:00,4.560,90.40,0.000
2024-08-15T18:30:00,4.560,72.90,0.000
2024-08-15T18:15:00,4.560,104.90,0.000
2024-08-15T18:00:00,4.560,102.00,0.000
2024-08-15T17:45:00,4.550,100.20,0.000
2024-08-15T17:30:00,4.540,106.00,0.000
2024-08-15T17:15:00,4.540,94.70,0.000
2024-08-15T17:00:00,4.530,100.20,0.000
2024-08-15T16:45:00,4.520,99.70,0.000
2024-08-15T16:30:00,4.520,95.30,0.000
2024-08-15T16:15:00,4.510,103.20,0.000
2024-08-15T16:00:00,4.500,103.60,0.000
2024-08-15T15:45:00,4.490,97.10,0.000
2024-08-15T15:30:00,4.480,90.50,0.000
2024-08-15T15:15:00,4.480,93.60,0.000
2024-08-15T15:00:00,4.470,95.10,0.000
2024-08-15T14:45:00,4.450,90.20,0.000
2024-08-15T14:30:00,4.440,93.80,0.000
2024-08-15T14:15:00,4.430,95.20,0.000
2024-08-15T14:00:00,4.420,98.00,0.000
2024-08-15T13:54:00,4.410,101.50,0.000
2024-08-15T13:51:00,4.410,89.30,0.000
2024-08-15T13:48:00,4.400,88.00,0.000
2024-08-15T13:45:00,4.400,82.90,0.000
2024-08-15T13:42:00,4.390,95.50,0.000
2024-08-15T13:39:00,4.390,98.40,0.000
2024-08-15T13:36:00,4.390,100.00,0.000
2024-08-15T13:33:00,4.370,102.20,0.000
2024-08-15T13:30:00,4.380,108.00,0.000
2024-08-15T13:27:00,4.380,102.60,0.000
2024-08-15T13:24:00,4.380,93.30,0.000
2024-08-15T13:21:00,4.380,106.30,0.000
2024-08-15T13:18:00,4.350,103.90,0.000
2024-08-15T13:15:00,4.350,107.40,0.000
2024-08-15T13:12:00,4.340,109.50,0.000
2024-08-15T13:09:00,4.350,110.40,0.000
2024-08-15T13:06:00,4.350,103.20,0.000
2024-08-15T13:03:00,4.340,97.50,0.000
2024-08-15T12:54:00,4.350,100.90,0.000
2024-08-15T12:51:00,4.350,107.40,0.000
2024-08-15T12:48:00,4.350,93.40,0.000
2024-08-15T12:00:00,4.340,98.70,0.000
2024-08-15T11:45:00,4.340,103.90,0.000
2024-08-15T11:30:00,4.320,110.30,0.000
2024-08-15T11:15:00,4.320,116.40,0.000
2024-08-15T11:00:00,4.330,116.80,0.000
2024-08-15T10:45:00,4.330,123.60,0.000
2024-08-15T10:30:00,4.330,112.20,0.000
2024-08-15T10:15:00,4.340,115.50,0.000
2024-08-15T10:00:00,4.340,103.00,0.000
2024-08-15T09:45:00,4.340,111.40,0.000
2024-08-15T09:30:00,4.340,123.10,0.000
2024-08-15T09:15:00,4.340,115.00,0.000
2024-08-15T09:00:00,4.350,111.00,0.000
2024-08-15T08:45:00,4.350,107.70,0.000
2024-08-15T08:30:00,4.350,118.70,0.000
2024-08-15T08:15:00,4.350,111.60,0.000
2024-08-15T08:00:00,4.360,115.70,0.000
2024-08-15T07:45:00,4.360,115.00,0.000
2024-08-15T07:30:00,4.360,119.90,0.000
2024-08-15T07:15:00,4.360,114.30,0.000
2024-08-15T07:00:00,4.360,118.00,0.000
2024-08-15T06:45:00,4.360,115.90,0.000
2024-08-15T06:30:00,4.360,120.40,0.000
2024-08-15T06:15:00,4.360,118.80,0.000
2024-08-15T06:00:00,4.360,121.80,0.000
2024-08-15T05:45:00,4.350,124.50,0.000
2024-08-15T05:30:00,4.350,122.60,0.000
2024-08-15T05:15:00,4.350,127.60,0.000
2024-08-15T05:00:00,4.360,130.00,0.000
2024-08-15T04:45:00,4.370,122.30,0.000
2024-08-15T04:30:00,4.370,124.10,0.000
2024-08-15T04:15:00,4.370,119.70,0.000
2024-08-15T04:00:00,4.380,127.90,0.000
2024-08-15T03:45:00,4.390,124.30,0.000
2024-08-15T03:30:00,4.390,123.90,0.000
2024-08-15T03:15:00,4.400,126.60,0.000
2024-08-15T03:00:00,4.400,133.70,0.000
2024-08-15T02:45:00,4.410,125.50,0.000
2024-08-15T02:30:00,4.410,125.50,0.000
2024-08-15T02:15:00,4.420,135.00,0.000
2024-08-15T02:00:00,4.420,128.80,0.000
2024-08-15T01:45:00,4.430,135.60,0.000
2024-08-15T01:30:00,4.440,126.30,0.000
2024-08-15T01:15:00,4.440,127.50,0.000
2024-08-15T01:00:00,4.450,127.10,0.000
2024-08-15T00:45:00,4.450,128.50,0.000
2024-08-15T00:30:00,4.460,127.10,0.000
2024-08-15T00:15:00,4.460,128.70,0.000
2024-08-15T00:00:00,4.470,133.50,0.000
2024-08-14T23:45:00,4.480,131.70,0.000
2024-08-14T23:30:00,4.480,134.40,0.000
2024-08-14T23:15:00,4.490,135.50,0.000
2024-08-14T23:00:00,4.490,135.50,0.000
2024-08-14T22:45:00,4.500,132.70,0.000
2024-08-14T22:30:00,4.510,136.50,0.000
2024-08-14T22:15:00,4.510,138.40,0.000
2024-08-14T22:00:00,4.520,135.80,0.000
2024-08-14T21:45:00,4.530,137.30,0.000
2024-08-14T21:30:00,4.530,141.00,0.000
2024-08-14T21:15:00,4.540,137.70,0.000
2024-08-14T21:00:00,4.550,148.60,0.000
2024-08-14T20:45:00,4.550,140.90,0.000
2024-08-14T20:30:00,4.570,133.30,0.000
2024-08-14T20:15:00,4.570,140.20,0.000
2024-08-14T20:00:00,4.590,144.60,0.000
2024-08-14T19:45:00,4.590,145.50,0.000
2024-08-14T19:30:00,4.610,141.20,0.000
2024-08-14T19:15:00,4.620,146.10,0.000
2024-08-14T19:00:00,4.630,149.90,0.000
2024-08-14T18:45:00,4.650,117.40,0.000
2024-08-14T18:30:00,4.650,129.60,0.000
2024-08-14T18:15:00,4.660,97.40,0.000
2024-08-14T18:00:00,4.670,105.70,0.000
2024-08-14T17:45:00,4.670,103.70,0.000
2024-08-14T17:30:00,4.670,120.40,0.000
2024-08-14T17:15:00,4.680,121.10,0.000
2024-08-14T17:00:00,4.680,139.20,0.000
2024-08-14T16:45:00,4.690,135.20,0.000
2024-08-14T16:30:00,4.690,131.70,0.000
2024-08-14T16:15:00,4.700,127.60,0.000
2024-08-14T16:00:00,4.710,126.00,0.000
2024-08-14T15:45:00,4.720,126.80,0.000
2024-08-14T15:30:00,4.720,132.70,0.000
2024-08-14T15:15:00,4.730,134.90,0.000
2024-08-14T15:00:00,4.740,134.60,0.000
2024-08-14T14:45:00,4.750,139.70,0.000
2024-08-14T14:30:00,4.760,133.50,0.000
2024-08-14T14:15:00,4.770,132.40,0.000
2024-08-14T14:00:00,4.790,117.60,0.000
2024-08-14T13:45:00,4.800,118.90,0.000
2024-08-14T13:30:00,4.800,109.90,0.000
2024-08-14T13:15:00,4.810,130.50,0.000
2024-08-14T13:00:00,4.810,122.30,0.000
2024-08-14T12:45:00,4.820,124.80,0.000
2024-08-14T12:30:00,4.820,115.80,0.000
2024-08-14T12:15:00,4.830,113.90,0.000
2024-08-14T12:00:00,4.830,116.90,0.000
2024-08-14T11:45:00,4.840,128.90,0.000
2024-08-14T11:30:00,4.840,109.60,0.000
2024-08-14T11:15:00,4.840,116.90,0.000
2024-08-14T11:00:00,4.850,115.60,0.000
2024-08-14T10:45:00,4.850,121.10,0.000
2024-08-14T10:30:00,4.860,107.70,0.000
2024-08-14T10:15:00,4.860,126.70,0.000
2024-08-14T10:00:00,4.870,128.70,0.000
2024-08-14T09:45:00,4.870,119.50,0.000
2024-08-14T09:30:00,4.870,127.40,0.000
2024-08-14T09:15:00,4.880,133.10,0.000
2024-08-14T09:00:00,4.880,124.00,0.000
2024-08-14T08:45:00,4.880,137.40,0.000
2024-08-14T08:30:00,4.890,121.70,0.000
2024-08-14T08:15:00,4.890,136.70,0.000
2024-08-14T08:00:00,4.890,139.90,0.000
2024-08-14T07:45:00,4.890,135.60,0.000
2024-08-14T07:30:00,4.890,143.30,0.000
2024-08-14T07:15:00,4.890,137.30,0.000
2024-08-14T07:00:00,4.900,139.60,0.000
2024-08-14T06:45:00,4.900,134.40,0.000
2024-08-14T06:30:00,4.900,139.80,0.000
2024-08-14T06:15:00,4.890,141.40,0.000
2024-08-14T06:00:00,4.890,131.70,0.000
2024-08-14T05:45:00,4.890,136.80,0.000
2024-08-14T05:30:00,4.890,134.50,0.000
2024-08-14T05:15:00,4.890,140.40,0.000
2024-08-14T05:00:00,4.880,137.60,0.000
2024-08-14T04:45:00,4.880,141.40,0.000
2024-08-14T04:30:00,4.880,140.50,0.000
2024-08-14T04:15:00,4.880,142.40,0.000
2024-08-14T04:00:00,4.870,135.40,0.000
2024-08-14T03:45:00,4.870,141.00,0.000
2024-08-14T03:30:00,4.860,140.90,0.000
2024-08-14T03:15:00,4.860,135.10,0.000
2024-08-14T03:00:00,4.860,126.80,0.000
2024-08-14T02:45:00,4.850,146.70,0.000
2024-08-14T02:30:00,4.850,136.20,0.000
2024-08-14T02:15:00,4.840,137.10,0.000
2024-08-14T02:00:00,4.840,134.50,0.000
2024-08-14T01:45:00,4.830,135.30,0.000
2024-08-14T01:30:00,4.830,126.90,0.000
2024-08-14T01:15:00,4.830,127.10,0.000
2024-08-14T01:00:00,4.830,136.20,0.000
2024-08-14T00:45:00,4.820,131.50,0.000
2024-08-14T00:30:00,4.820,128.00,0.000
2024-08-14T00:15:00,4.820,139.60,0.000
2024-08-14T00:00:00,4.830,134.90,0.000
2024-08-13T23:45:00,4.830,134.30,0.000
2024-08-13T23:30:00,4.830,135.70,0.000
2024-08-13T23:15:00,4.830,125.60,0.000
2024-08-13T23:00:00,4.830,130.40,0.000
2024-08-13T22:45:00,4.830,136.40,0.000
2024-08-13T22:30:00,4.830,137.90,0.000
2024-08-13T22:15:00,4.840,131.40,0.000
2024-08-13T22:00:00,4.840,135.70,0.000
2024-08-13T21:45:00,4.840,135.50,0.000
2024-08-13T21:30:00,4.840,132.10,0.000
2024-08-13T21:15:00,4.840,135.50,0.000
2024-08-13T21:00:00,4.840,127.50,0.000
2024-08-13T20:45:00,4.850,134.00,0.000
2024-08-13T20:45:00,4.850,134.00,0.000
2024-08-13T20:30:00,4.850,136.60,0.000
2024-08-13T20:30:00,4.850,136.60,0.000
2024-08-13T20:15:00,4.850,137.20,0.000
2024-08-13T20:15:00,4.850,137.20,0.000
2024-08-13T20:00:00,4.850,138.10,0.000
2024-08-13T20:00:00,4.850,138.10,0.000
2024-08-13T19:45:00,4.850,135.10,0.000
2024-08-13T19:45:00,4.850,135.10,0.000
2024-08-13T19:30:00,4.850,107.70,0.000
2024-08-13T19:30:00,4.850,107.70,0.000
2024-08-13T19:15:00,4.860,128.90,0.000
2024-08-13T19:15:00,4.860,128.90,0.000
2024-08-13T19:00:00,4.860,134.80,0.000
2024-08-13T19:00:00,4.860,134.80,0.000
2024-08-13T18:45:00,4.880,108.50,0.000
2024-08-13T18:45:00,4.880,108.50,0.000
2024-08-13T18:30:00,4.870,116.80,0.000
2024-08-13T18:30:00,4.870,116.80,0.000
2024-08-13T18:30:00,0.000,0.00,0.000
2024-08-13T18:15:00,0.000,0.00,0.000
2024-08-13T18:15:00,4.860,119.90,0.000
2024-08-13T18:15:00,4.860,119.90,0.000
2024-08-13T18:00:00,4.850,115.90,0.000
2024-08-13T18:00:00,4.850,115.90,0.000
2024-08-13T18:00:00,0.000,0.00,0.000
2024-08-13T17:45:00,4.800,125.60,0.000
2024-08-13T17:45:00,4.830,127.20,0.000
2024-08-13T17:45:00,4.830,127.20,0.000
2024-08-13T17:30:00,4.820,116.10,0.000
2024-08-13T17:30:00,4.820,116.10,0.000
2024-08-13T17:30:00,4.800,125.60,0.000
2024-08-13T17:15:00,4.800,125.60,0.000
2024-08-13T17:00:00,4.800,121.40,0.000
2024-08-13T16:45:00,4.780,123.70,0.000
2024-08-13T16:30:00,4.770,114.90,0.000
2024-08-13T16:30:00,0.000,0.00,0.000
2024-08-13T16:30:00,0.000,0.00,0.000
2024-08-13T16:15:00,0.000,0.00,0.000
2024-08-13T16:15:00,0.000,0.00,0.000
2024-08-13T16:15:00,4.760,115.10,0.000
2024-08-13T16:00:00,4.750,119.00,0.000
2024-08-13T16:00:00,0.000,0.00,0.000
2024-08-13T16:00:00,0.000,0.00,0.000
2024-08-13T15:45:00,0.000,0.00,0.000
2024-08-13T15:45:00,0.000,0.00,0.000
2024-08-13T15:45:00,4.730,115.80,0.000
2024-08-13T15:30:00,4.720,119.20,0.000
2024-08-13T15:30:00,0.000,0.00,0.000
2024-08-13T15:30:00,0.000,0.00,0.000
2024-08-13T15:15:00,0.000,0.00,0.000
2024-08-13T15:15:00,0.000,0.00,0.000
2024-08-13T15:15:00,4.700,135.60,1.000
2024-08-13T15:00:00,4.680,130.60,4.000
2024-08-13T15:00:00,0.000,0.00,0.000
2024-08-13T15:00:00,0.000,0.00,0.000
2024-08-13T14:45:00,0.000,0.00,0.000
2024-08-13T14:45:00,0.000,0.00,0.000
2024-08-13T14:45:00,4.650,110.30,0.000
2024-08-13T14:30:00,4.640,110.70,0.000
2024-08-13T14:30:00,0.000,0.00,0.000
2024-08-13T14:30:00,0.000,0.00,0.000
2024-08-13T14:15:00,0.000,0.00,0.000
2024-08-13T14:15:00,0.000,0.00,0.000
2024-08-13T14:15:00,4.620,122.90,0.000
2024-08-13T14:00:00,4.610,122.90,0.000
2024-08-13T14:00:00,0.000,0.00,0.000
2024-08-13T14:00:00,0.000,0.00,0.000
2024-08-13T13:45:00,0.000,0.00,0.000
2024-08-13T13:45:00,0.000,0.00,0.000
2024-08-13T13:45:00,4.590,115.10,0.000
2024-08-13T13:30:00,4.580,117.20,0.000
2024-08-13T13:30:00,0.000,0.00,0.000
2024-08-13T13:30:00,0.000,0.00,0.000
2024-08-13T13:15:00,0.000,0.00,0.500
2024-08-13T13:15:00,0.000,0.00,0.500
2024-08-13T13:15:00,4.560,102.40,0.000
2024-08-13T13:00:00,4.560,114.00,0.000
2024-08-13T13:00:00,0.000,0.00,0.000
2024-08-13T13:00:00,0.000,0.00,0.000
2024-08-13T12:45:00,0.000,0.00,0.000
2024-08-13T12:45:00,0.000,0.00,0.000
2024-08-13T12:45:00,4.540,109.50,0.000
2024-08-13T12:30:00,4.530,106.50,0.000
2024-08-13T12:30:00,0.000,0.00,0.500
2024-08-13T12:30:00,0.000,0.00,0.500
2024-08-13T12:15:00,0.000,0.00,0.000
2024-08-13T12:15:00,0.000,0.00,0.000
2024-08-13T12:15:00,4.520,106.60,0.000
2024-08-13T12:00:00,4.510,88.30,0.000
2024-08-13T11:45:00,4.500,107.80,0.000
2024-08-13T11:30:00,4.490,97.00,0.000
2024-08-13T11:30:00,0.000,0.00,0.000
2024-08-13T11:30:00,0.000,0.00,0.000
2024-08-13T11:15:00,0.000,0.00,0.000
2024-08-13T11:15:00,0.000,0.00,0.000
2024-08-13T11:15:00,4.480,96.20,0.000
2024-08-13T11:00:00,4.480,116.00,0.000
2024-08-13T11:00:00,0.000,0.00,0.000
2024-08-13T11:00:00,0.000,0.00,0.000
2024-08-13T10:45:00,0.000,0.00,0.000
2024-08-13T10:45:00,0.000,0.00,0.000
2024-08-13T10:45:00,4.470,82.30,0.000
2024-08-13T10:30:00,4.460,106.40,0.000
2024-08-13T10:30:00,0.000,0.00,0.000
2024-08-13T10:30:00,0.000,0.00,0.000
2024-08-13T10:15:00,0.000,0.00,0.000
2024-08-13T10:15:00,0.000,0.00,0.000
2024-08-13T10:15:00,4.450,116.60,0.000
2024-08-13T10:00:00,4.440,113.00,0.000
2024-08-13T10:00:00,0.000,0.00,0.000
2024-08-13T10:00:00,0.000,0.00,0.000
2024-08-13T09:45:00,4.420,117.70,0.000
2024-08-13T09:30:00,4.400,119.10,0.000
2024-08-13T09:15:00,4.400,120.40,0.000
2024-08-13T09:00:00,4.380,125.50,0.000
2024-08-13T08:45:00,4.390,128.50,0.000
2024-08-13T08:30:00,4.400,120.40,0.000
2024-08-13T08:15:00,4.410,122.00,0.000
2024-08-13T08:00:00,4.410,120.40,0.000
2024-08-13T07:45:00,4.420,125.50,0.000
2024-08-13T07:30:00,4.430,127.60,0.000
2024-08-13T07:15:00,4.430,130.10,0.000
2024-08-13T07:00:00,4.440,125.00,0.000
2024-08-13T06:45:00,4.440,130.40,0.000
2024-08-13T06:30:00,4.450,129.90,0.000
2024-08-13T06:15:00,4.450,129.20,0.000
2024-08-13T06:00:00,4.450,127.00,0.000
2024-08-13T05:45:00,4.450,139.50,0.000
2024-08-13T05:30:00,4.460,131.70,0.000
2024-08-13T05:15:00,4.460,131.20,0.000
2024-08-13T05:00:00,4.460,130.90,0.000
2024-08-13T04:45:00,4.460,134.30,0.000
2024-08-13T04:30:00,4.460,134.70,0.000
2024-08-13T04:15:00,4.460,127.10,0.000
2024-08-13T04:00:00,4.460,129.10,0.000
2024-08-13T03:45:00,4.460,144.30,0.000
2024-08-13T03:30:00,4.460,130.60,0.000
2024-08-13T03:15:00,4.460,134.90,0.000
2024-08-13T03:00:00,4.460,130.30,0.000
2024-08-13T02:45:00,4.460,122.80,0.000
2024-08-13T02:30:00,4.450,124.70,0.000
2024-08-13T02:15:00,4.450,130.50,0.000
2024-08-13T02:00:00,4.450,129.60,0.000
2024-08-13T01:45:00,4.440,129.30,0.000
2024-08-13T01:30:00,4.440,126.00,0.000
2024-08-13T01:15:00,4.430,125.10,0.000
2024-08-13T01:00:00,4.440,120.70,0.000
2024-08-13T00:45:00,4.430,129.20,0.000
2024-08-13T00:30:00,4.430,123.80,0.000
2024-08-13T00:15:00,4.440,117.30,0.000
2024-08-13T00:00:00,4.450,123.30,0.000
2024-08-12T23:45:00,4.460,134.20,0.000
2024-08-12T23:30:00,4.460,134.60,0.500
2024-08-12T23:15:00,4.480,135.00,0.000
2024-08-12T23:00:00,4.490,135.10,0.000
2024-08-12T22:45:00,4.500,140.30,0.000
2024-08-12T22:30:00,4.520,125.90,0.000
2024-08-12T22:15:00,4.530,124.00,0.000
2024-08-12T22:00:00,4.550,133.60,0.000
2024-08-12T21:45:00,4.560,136.30,0.000
2024-08-12T21:30:00,4.580,122.00,0.000
2024-08-12T21:15:00,4.600,136.40,0.000
2024-08-12T21:00:00,4.620,138.40,0.000
2024-08-12T20:45:00,4.630,136.90,0.000
2024-08-12T20:30:00,4.650,147.30,1.000
2024-08-12T20:15:00,4.660,140.70,4.500
2024-08-12T20:00:00,4.670,134.10,2.500
2024-08-12T19:45:00,4.680,137.80,0.500
2024-08-12T19:30:00,4.700,128.60,0.000
2024-08-12T19:15:00,4.710,133.70,0.000
2024-08-12T19:00:00,4.720,129.40,0.000
2024-08-12T18:45:00,4.740,144.50,0.000
2024-08-12T18:30:00,4.740,143.00,0.000
2024-08-12T18:15:00,4.770,137.20,0.000
2024-08-12T18:00:00,4.790,148.80,0.000
2024-08-12T17:45:00,4.810,142.20,0.000
2024-08-12T17:30:00,4.840,144.30,0.000
2024-08-12T17:15:00,4.860,144.80,0.000
2024-08-12T17:00:00,4.890,158.50,0.000
2024-08-12T16:45:00,4.910,155.90,0.000
2024-08-12T16:30:00,4.930,161.60,0.000
2024-08-12T16:15:00,4.950,164.30,0.000
2024-08-12T16:00:00,4.960,164.30,0.000
2024-08-12T15:45:00,4.990,165.50,0.000
2024-08-12T15:30:00,5.020,175.30,0.000
2024-08-12T15:15:00,5.060,176.50,0.000
2024-08-12T15:00:00,5.080,174.10,0.000
2024-08-12T14:45:00,5.110,183.50,0.000
2024-08-12T14:30:00,5.140,182.30,0.000
2024-08-12T14:15:00,5.180,178.80,0.000
2024-08-12T14:00:00,5.210,187.20,0.000
2024-08-12T13:45:00,5.230,190.60,0.000
2024-08-12T13:30:00,5.250,173.40,0.000
2024-08-12T13:15:00,5.280,169.30,0.000
2024-08-12T13:00:00,5.310,186.70,0.000
2024-08-12T12:45:00,5.330,175.70,0.000
2024-08-12T12:30:00,5.350,178.20,0.000
2024-08-12T12:15:00,5.380,188.70,0.000
2024-08-12T12:00:00,5.400,176.00,0.000
2024-08-12T11:45:00,5.410,190.50,0.000
2024-08-12T11:30:00,5.440,197.50,0.000
2024-08-12T11:15:00,5.450,172.40,0.000
2024-08-12T11:00:00,5.470,184.00,0.000
2024-08-12T10:45:00,5.490,180.80,0.000
2024-08-12T10:30:00,5.500,178.60,0.000
2024-08-12T10:15:00,5.510,171.00,0.000
2024-08-12T10:00:00,5.500,168.60,0.000
2024-08-12T09:45:00,5.530,201.60,0.000
2024-08-12T09:30:00,5.550,171.30,0.000
2024-08-12T09:15:00,5.530,188.10,0.000
2024-08-12T09:00:00,5.520,177.80,0.000
2024-08-12T08:45:00,5.500,192.50,0.000
2024-08-12T08:30:00,5.490,181.90,0.000
2024-08-12T08:15:00,5.460,196.80,0.000
2024-08-12T08:00:00,5.430,191.90,0.000
2024-08-12T07:45:00,5.380,186.40,0.000
2024-08-12T07:30:00,5.350,190.50,0.000
2024-08-12T07:15:00,5.300,188.10,0.000
2024-08-12T07:00:00,5.260,191.20,0.000
2024-08-12T06:45:00,5.220,194.70,0.000
2024-08-12T06:30:00,5.170,185.60,0.000
2024-08-12T06:15:00,5.130,196.60,0.000
2024-08-12T06:00:00,5.130,167.70,0.000
2024-08-12T05:45:00,5.070,166.40,0.000
2024-08-12T05:30:00,5.010,164.90,0.000
2024-08-12T05:15:00,4.960,157.20,0.000
2024-08-12T05:00:00,4.890,149.20,0.000
2024-08-12T04:45:00,4.820,153.70,0.000
2024-08-12T04:30:00,4.750,134.80,0.000
2024-08-12T04:15:00,4.700,130.00,0.000
2024-08-12T04:00:00,4.640,128.90,0.000
2024-08-12T03:45:00,4.590,120.50,0.000
2024-08-12T03:30:00,4.560,104.30,0.000
2024-08-12T03:15:00,4.530,111.20,0.500
2024-08-12T03:00:00,4.520,99.40,0.000
2024-08-12T02:45:00,4.510,110.50,0.000
2024-08-12T02:30:00,4.500,107.60,0.000
2024-08-12T02:15:00,4.500,105.80,0.500
2024-08-12T02:00:00,4.500,103.00,0.000
2024-08-12T01:45:00,4.490,110.50,0.500
2024-08-12T01:30:00,4.490,81.30,0.000
2024-08-12T01:15:00,4.490,89.70,0.000
2024-08-12T01:00:00,4.480,89.00,0.000
2024-08-12T00:45:00,4.480,99.30,0.000
2024-08-12T00:30:00,4.480,108.30,0.500
2024-08-12T00:15:00,4.480,114.20,0.500
2024-08-12T00:00:00,4.480,107.90,0.000
2024-08-25T23:45:00,4.270,101.00,0.000
2024-08-25T23:30:00,4.280,96.60,0.000
2024-08-25T23:15:00,4.280,98.10,0.000
2024-08-25T23:00:00,4.280,97.80,0.000
2024-08-25T22:45:00,4.290,96.80,0.000
2024-08-25T22:30:00,4.280,99.50,0.000
2024-08-25T22:15:00,4.290,102.70,0.000
2024-08-25T22:00:00,4.290,102.50,0.000
2024-08-25T21:45:00,4.290,100.90,0.000
2024-08-25T21:30:00,4.290,99.80,0.000
2024-08-25T21:15:00,4.290,103.60,0.000
2024-08-25T21:00:00,4.290,101.20,0.000
2024-08-25T20:45:00,4.300,97.60,0.000
2024-08-25T20:30:00,4.300,102.70,0.000
2024-08-25T20:15:00,4.300,107.90,0.000
2024-08-25T20:00:00,4.300,102.80,0.000
2024-08-25T19:45:00,4.310,104.60,0.000
2024-08-25T19:30:00,4.300,95.80,0.000
2024-08-25T19:15:00,4.310,103.80,0.000
2024-08-25T19:00:00,4.310,103.50,0.000
2024-08-25T18:45:00,4.310,104.10,0.000
2024-08-25T18:30:00,4.310,97.50,0.000
2024-08-25T18:15:00,4.310,99.80,0.000
2024-08-25T18:00:00,4.320,101.50,0.000
2024-08-25T17:45:00,4.310,97.80,0.000
2024-08-25T17:30:00,4.310,95.20,0.000
2024-08-25T17:15:00,4.320,102.10,0.000
2024-08-25T17:00:00,4.320,100.10,0.000
2024-08-25T16:45:00,4.320,98.90,0.000
2024-08-25T16:30:00,4.320,97.40,0.000
2024-08-25T16:15:00,4.330,91.10,0.000
2024-08-25T16:00:00,4.330,101.30,0.000
2024-08-25T15:45:00,4.330,99.00,0.000
2024-08-25T15:30:00,4.330,99.30,0.000
2024-08-25T15:15:00,4.330,99.50,0.000
2024-08-25T15:00:00,4.340,105.40,0.000
2024-08-25T14:45:00,4.340,95.10,0.000
2024-08-25T14:30:00,4.340,102.90,0.000
2024-08-25T14:15:00,4.340,100.40,0.000
2024-08-25T14:00:00,4.350,95.50,0.000
2024-08-25T13:45:00,4.350,97.50,0.000
2024-08-25T13:30:00,4.350,103.60,0.000
2024-08-25T13:15:00,4.350,104.90,0.000
2024-08-25T13:00:00,4.350,100.80,0.000
2024-08-25T12:45:00,4.350,95.40,0.000
2024-08-25T12:30:00,4.360,104.00,0.000
2024-08-25T12:15:00,4.360,100.50,0.000
2024-08-25T12:00:00,4.360,109.40,0.000
2024-08-25T11:45:00,4.360,97.70,0.000
2024-08-25T11:30:00,4.370,92.90,0.000
2024-08-25T11:15:00,4.370,105.10,0.000
2024-08-25T11:00:00,4.370,98.30,0.000
2024-08-25T10:45:00,4.370,104.00,0.000
2024-08-25T10:30:00,4.380,109.90,0.000
2024-08-25T10:15:00,4.380,118.00,0.000
2024-08-25T10:00:00,4.380,111.00,0.000
2024-08-25T09:45:00,4.380,108.20,0.000
2024-08-25T09:30:00,4.380,110.70,0.000
2024-08-25T09:15:00,4.390,104.30,0.000
2024-08-25T09:00:00,4.390,109.00,0.000
2024-08-25T08:45:00,4.390,111.10,0.000
2024-08-25T08:30:00,4.400,116.00,0.000
2024-08-25T08:15:00,4.400,113.00,0.000
2024-08-25T08:00:00,4.400,111.10,0.000
2024-08-25T07:45:00,4.400,112.10,0.000
2024-08-25T07:30:00,4.400,107.10,0.000
2024-08-25T07:15:00,4.400,107.00,0.000
2024-08-25T07:00:00,4.400,112.50,0.000
2024-08-25T06:45:00,4.410,110.50,0.000
2024-08-25T06:30:00,4.400,111.80,0.000
2024-08-25T06:15:00,4.410,115.60,0.000
2024-08-25T06:00:00,4.410,111.80,0.000
2024-08-25T05:45:00,4.410,108.20,0.000
2024-08-25T05:30:00,4.410,112.60,0.000
2024-08-25T05:15:00,4.410,110.70,0.000
2024-08-25T05:00:00,4.410,110.10,0.000
2024-08-25T04:45:00,4.420,113.70,0.000
2024-08-25T04:30:00,4.410,113.20,0.000
2024-08-25T04:15:00,4.420,107.00,0.000
2024-08-25T04:00:00,4.420,110.70,0.000
2024-08-25T03:45:00,4.420,106.40,0.000
2024-08-25T03:30:00,4.420,102.70,0.000
2024-08-25T03:15:00,4.420,110.80,0.000
2024-08-25T03:00:00,4.420,108.50,0.000
2024-08-25T02:45:00,4.420,111.90,0.000
2024-08-25T02:30:00,4.420,110.30,0.000
2024-08-25T02:15:00,4.430,106.10,0.000
2024-08-25T02:00:00,4.430,117.20,0.000
2024-08-25T01:45:00,4.430,112.20,0.000
2024-08-25T01:30:00,4.420,111.30,0.000
2024-08-25T01:15:00,4.430,115.40,0.000
2024-08-25T01:00:00,4.430,112.60,0.000
2024-08-25T00:45:00,4.430,109.10,0.000
2024-08-25T00:30:00,4.440,108.70,0.000
2024-08-25T00:15:00,4.430,112.20,0.000
2024-08-25T00:00:00,4.440,113.40,0.000
2024-08-24T23:45:00,4.440,117.40,0.000
2024-08-24T23:30:00,4.440,118.40,0.000
2024-08-24T23:15:00,4.440,108.70,0.000
2024-08-24T23:00:00,4.440,119.10,0.000
2024-08-24T22:45:00,4.440,107.10,0.000
2024-08-24T22:30:00,4.440,113.70,0.000
2024-08-24T22:15:00,4.450,117.80,0.000
2024-08-24T22:00:00,4.450,131.80,0.500
2024-08-24T21:45:00,4.440,113.80,0.000
2024-08-24T21:30:00,4.450,117.10,0.000
2024-08-24T21:15:00,4.450,111.70,0.000
2024-08-24T21:00:00,4.450,132.60,0.000
2024-08-24T20:45:00,4.450,133.50,0.000
2024-08-24T20:30:00,4.450,131.80,0.500
2024-08-24T20:15:00,4.450,125.50,0.000
2024-08-24T20:00:00,4.450,129.70,0.500
2024-08-24T19:45:00,4.450,104.30,0.500
2024-08-24T19:30:00,4.440,113.40,0.000
2024-08-24T19:15:00,4.430,76.50,0.000
2024-08-24T19:00:00,4.430,120.10,0.000
2024-08-24T18:45:00,4.430,120.20,0.000
2024-08-24T18:30:00,4.440,111.20,0.000
2024-08-24T18:15:00,4.440,104.70,0.000
2024-08-24T18:00:00,4.440,117.60,0.000
2024-08-24T17:45:00,4.440,116.80,0.000
2024-08-24T17:30:00,4.440,117.60,0.000
2024-08-24T17:15:00,4.440,118.50,0.000
2024-08-24T17:00:00,4.450,112.40,0.000
2024-08-24T16:45:00,4.450,109.20,0.000
2024-08-24T16:30:00,4.450,108.40,0.000
2024-08-24T16:15:00,4.450,117.90,0.000
2024-08-24T16:00:00,4.450,105.10,0.000
2024-08-24T15:45:00,4.450,108.90,0.000
2024-08-24T15:30:00,4.460,106.20,0.000
2024-08-24T15:15:00,4.460,109.40,0.000
2024-08-24T15:00:00,4.460,108.90,0.000
2024-08-24T14:45:00,4.460,114.10,0.000
2024-08-24T14:30:00,4.460,114.80,0.000
2024-08-24T14:15:00,4.470,109.30,0.000
2024-08-24T14:00:00,4.470,98.80,0.000
2024-08-24T13:45:00,4.480,113.20,0.000
2024-08-24T13:30:00,4.480,114.90,0.000
2024-08-24T13:15:00,4.480,111.80,0.000
2024-08-24T13:00:00,4.480,111.10,0.000
2024-08-24T12:45:00,4.490,120.00,0.000
2024-08-24T12:30:00,4.490,103.90,0.000
2024-08-24T12:15:00,4.500,111.50,0.000
2024-08-24T12:00:00,4.500,109.40,0.000
2024-08-24T11:45:00,4.500,111.00,0.000
2024-08-24T11:30:00,4.510,108.10,0.000
2024-08-24T11:15:00,4.510,106.90,0.000
2024-08-24T11:00:00,4.510,114.80,0.000
2024-08-24T10:45:00,4.510,114.60,0.000
2024-08-24T10:30:00,4.520,120.20,0.000
2024-08-24T10:15:00,4.520,100.80,0.000
2024-08-24T10:00:00,4.520,128.80,0.000
2024-08-24T09:45:00,4.530,125.40,0.000
2024-08-24T09:30:00,4.530,128.10,0.000
2024-08-24T09:15:00,4.530,126.80,0.000
2024-08-24T09:00:00,4.540,126.40,0.000
2024-08-24T08:45:00,4.540,119.50,0.000
2024-08-24T08:30:00,4.550,127.10,0.000
2024-08-24T08:15:00,4.550,137.40,0.000
2024-08-24T08:00:00,4.550,133.20,0.000
2024-08-24T07:45:00,4.560,125.40,0.000
2024-08-24T07:30:00,4.560,129.70,0.000
2024-08-24T07:15:00,4.560,117.00,0.000
2024-08-24T07:00:00,4.560,131.30,0.000
2024-08-24T06:45:00,4.570,122.00,0.000
2024-08-24T06:30:00,4.570,132.60,0.000
2024-08-24T06:15:00,4.580,139.60,0.000
2024-08-24T06:00:00,4.570,139.90,0.000
2024-08-24T05:45:00,4.580,123.70,0.000
2024-08-24T05:30:00,4.580,141.70,0.000
2024-08-24T05:15:00,4.580,139.20,0.000
2024-08-24T05:00:00,4.590,133.30,0.000
2024-08-24T04:45:00,4.590,129.50,0.000
2024-08-24T04:30:00,4.600,131.30,0.000
2024-08-24T04:15:00,4.600,135.70,0.000
2024-08-24T04:00:00,4.600,131.60,0.000
2024-08-24T03:45:00,4.600,139.30,0.000
2024-08-24T03:30:00,4.610,129.90,0.000
2024-08-24T03:15:00,4.610,132.70,0.000
2024-08-24T03:00:00,4.620,129.40,0.000
2024-08-24T02:45:00,4.620,126.40,0.000
2024-08-24T02:30:00,4.620,130.70,0.000
2024-08-24T02:15:00,4.620,131.50,0.000
2024-08-24T02:00:00,4.620,131.30,0.000
2024-08-24T01:45:00,4.630,123.30,0.000
2024-08-24T01:30:00,4.630,133.80,0.000
2024-08-24T01:15:00,4.640,128.90,0.000
2024-08-24T01:00:00,4.640,127.40,0.000
2024-08-24T00:45:00,4.640,127.70,0.000
2024-08-24T00:30:00,4.640,130.70,0.000
2024-08-24T00:15:00,4.640,127.90,0.000
2024-08-24T00:00:00,4.650,128.50,0.000
2024-08-23T23:45:00,4.650,129.40,0.000
2024-08-23T23:30:00,4.650,123.80,0.000
2024-08-23T23:15:00,4.650,137.40,0.000
2024-08-23T23:00:00,4.660,137.90,0.000
2024-08-23T22:45:00,4.660,136.00,0.000
2024-08-23T22:30:00,4.660,132.30,0.000
2024-08-23T22:15:00,4.670,134.20,0.000
2024-08-23T22:00:00,4.670,126.70,0.000
2024-08-23T21:45:00,4.670,129.00,0.000
2024-08-23T21:30:00,4.660,131.60,0.000
2024-08-23T21:15:00,4.670,129.80,0.000
2024-08-23T21:00:00,4.670,122.00,0.000
2024-08-23T20:45:00,4.670,124.70,0.000
2024-08-23T20:30:00,4.670,135.00,0.000
2024-08-23T20:15:00,4.680,138.80,0.000
2024-08-23T20:00:00,4.680,136.60,0.000
2024-08-23T19:45:00,4.680,137.80,0.000
2024-08-23T19:30:00,4.680,137.50,0.000
2024-08-23T19:15:00,4.680,135.20,0.000
2024-08-23T19:00:00,4.680,132.70,0.000
2024-08-23T18:45:00,4.680,127.40,0.000
2024-08-23T18:30:00,4.680,129.50,0.000
2024-08-23T18:15:00,4.680,130.70,0.000
2024-08-23T18:00:00,4.680,139.10,0.000
2024-08-23T17:45:00,4.680,138.10,0.000
2024-08-23T17:30:00,4.680,132.00,0.000
2024-08-23T17:15:00,4.680,137.80,0.000
2024-08-23T17:00:00,4.680,135.00,0.000
2024-08-23T16:45:00,4.680,141.00,0.000
2024-08-23T16:30:00,4.670,144.40,0.000
2024-08-23T16:15:00,4.680,143.30,0.000
2024-08-23T16:00:00,4.680,141.50,0.000
2024-08-23T15:45:00,4.670,132.50,0.000
2024-08-23T15:30:00,4.680,133.40,0.000
2024-08-23T15:15:00,4.670,124.30,0.000
2024-08-23T15:00:00,4.670,137.10,0.000
2024-08-23T14:45:00,4.670,142.90,0.000
2024-08-23T14:30:00,4.660,143.50,0.000
2024-08-23T14:15:00,4.650,152.90,0.000
2024-08-23T14:00:00,4.660,150.40,0.000
2024-08-23T13:45:00,4.670,134.80,0.000
2024-08-23T13:30:00,4.670,133.60,0.000
2024-08-23T13:15:00,4.670,127.10,0.000
2024-08-23T13:00:00,4.670,143.30,0.000
2024-08-23T12:45:00,4.670,149.50,0.000
2024-08-23T12:30:00,4.680,141.50,0.000
2024-08-23T12:15:00,4.680,146.70,0.000
2024-08-23T12:00:00,4.670,140.90,0.000
2024-08-23T11:45:00,4.680,145.80,0.000
2024-08-23T11:30:00,4.670,155.60,0.000
2024-08-23T11:15:00,4.670,126.10,0.000
2024-08-23T11:00:00,4.670,148.80,0.000
2024-08-23T10:45:00,4.660,149.40,0.000
2024-08-23T10:30:00,4.660,150.80,0.000
2024-08-23T10:15:00,4.660,151.90,0.000
2024-08-23T10:00:00,4.650,151.10,0.000
2024-08-23T09:45:00,4.650,146.20,0.000
2024-08-23T09:30:00,4.640,145.90,0.000
2024-08-23T09:15:00,4.630,152.00,0.000
2024-08-23T09:00:00,4.620,152.10,0.000
2024-08-23T08:45:00,4.620,155.20,0.000
2024-08-23T08:30:00,4.610,154.10,0.500
2024-08-23T08:15:00,4.590,155.00,0.000
2024-08-23T08:00:00,4.590,152.30,0.000
2024-08-23T07:45:00,4.570,153.00,0.000
2024-08-23T07:30:00,4.570,148.30,0.000
2024-08-23T07:15:00,4.550,150.50,0.000
2024-08-23T07:00:00,4.540,146.30,0.000
2024-08-23T06:45:00,4.530,141.10,0.000
2024-08-23T06:30:00,4.510,141.10,0.000
2024-08-23T06:15:00,4.500,137.00,0.000
2024-08-23T06:00:00,4.490,135.80,0.000
2024-08-23T05:45:00,4.470,142.60,0.000
2024-08-23T05:30:00,4.460,131.20,0.000
2024-08-23T05:15:00,4.450,123.50,0.000
2024-08-23T05:00:00,4.440,129.00,0.000
2024-08-23T04:45:00,4.440,129.60,0.000
2024-08-23T04:30:00,4.430,135.40,0.000
2024-08-23T04:15:00,4.430,127.20,0.000
2024-08-23T04:00:00,4.430,112.80,0.000
2024-08-23T03:45:00,4.440,112.50,0.000
2024-08-23T03:30:00,4.440,122.40,0.000
2024-08-23T03:15:00,4.440,135.00,0.000
2024-08-23T03:00:00,4.440,142.40,0.500
2024-08-23T02:45:00,4.450,136.90,0.500
2024-08-23T02:30:00,4.450,139.80,0.500
2024-08-23T02:15:00,4.450,139.70,0.000
2024-08-23T02:00:00,4.450,135.80,0.000
2024-08-23T01:45:00,4.460,127.70,0.000
2024-08-23T01:30:00,4.460,132.10,0.000
2024-08-23T01:15:00,4.470,124.70,0.000
2024-08-23T01:00:00,4.470,121.60,0.000
2024-08-23T00:45:00,4.480,120.40,0.000
2024-08-23T00:30:00,4.480,128.00,0.000
2024-08-23T00:15:00,4.480,137.80,0.000
2024-08-23T00:00:00,4.480,126.70,0.000
2024-08-22T23:45:00,4.490,127.90,0.000
2024-08-22T23:30:00,4.490,135.30,0.000
2024-08-22T23:15:00,4.500,123.00,0.000
2024-08-22T23:00:00,4.500,122.00,0.000
2024-08-22T22:45:00,4.500,138.50,0.000
2024-08-22T22:30:00,4.510,132.10,0.000
2024-08-22T22:15:00,4.510,130.60,0.000
2024-08-22T22:00:00,4.520,131.40,0.000
2024-08-22T21:45:00,4.520,132.40,0.000
2024-08-22T21:30:00,4.530,131.70,0.000
2024-08-22T21:15:00,4.530,132.00,0.000
2024-08-22T21:00:00,4.530,127.20,0.000
2024-08-22T20:45:00,4.530,136.10,0.000
2024-08-22T20:30:00,4.540,136.90,0.000
2024-08-22T20:15:00,4.540,137.50,0.000
2024-08-22T20:00:00,4.550,127.00,0.000
2024-08-22T19:45:00,4.550,132.20,0.000
2024-08-22T19:30:00,4.560,124.50,0.000
2024-08-22T19:15:00,4.560,128.30,0.000
2024-08-22T19:00:00,4.570,129.80,0.000
2024-08-22T18:45:00,4.570,130.70,0.000
2024-08-22T18:30:00,4.580,136.50,0.000
2024-08-22T18:15:00,4.580,134.80,0.000
2024-08-22T18:00:00,4.580,132.70,0.000
2024-08-22T17:45:00,4.580,130.60,0.000
2024-08-22T17:30:00,4.590,124.60,0.000
2024-08-22T17:15:00,4.590,130.10,0.000
2024-08-22T17:00:00,4.590,132.30,0.000
2024-08-22T16:45:00,4.590,118.50,0.000
2024-08-22T16:30:00,4.600,123.00,0.000
2024-08-22T16:15:00,4.610,124.10,0.000
2024-08-22T16:00:00,4.610,129.00,0.000
2024-08-22T15:45:00,4.620,121.80,0.000
2024-08-22T15:30:00,4.620,133.30,0.000
2024-08-22T15:15:00,4.630,142.10,0.000
2024-08-22T15:00:00,4.630,135.30,0.000
2024-08-22T14:45:00,4.630,127.40,0.000
2024-08-22T14:30:00,4.640,128.00,0.000
2024-08-22T14:15:00,4.650,125.80,0.000
2024-08-22T14:00:00,4.650,118.20,0.000
2024-08-22T13:45:00,4.650,116.70,0.000
2024-08-22T13:30:00,4.660,126.70,0.000
2024-08-22T13:15:00,4.670,134.20,0.000
2024-08-22T13:00:00,4.670,130.90,0.000
2024-08-22T12:45:00,4.670,145.40,0.000
2024-08-22T12:30:00,4.680,141.30,0.000
2024-08-22T12:15:00,4.680,121.00,0.000
2024-08-22T12:00:00,4.680,137.80,0.000
2024-08-22T11:45:00,4.690,134.10,0.000
2024-08-22T11:30:00,4.690,127.30,0.000
2024-08-22T11:15:00,4.690,139.20,0.000
2024-08-22T11:00:00,4.700,122.50,0.000
2024-08-22T10:45:00,4.700,136.80,0.000
2024-08-22T10:30:00,4.700,147.90,0.000
2024-08-22T10:15:00,4.700,126.60,0.000
2024-08-22T10:00:00,4.710,125.80,0.000
2024-08-22T09:45:00,4.710,143.30,0.000
2024-08-22T09:30:00,4.710,146.20,0.000
2024-08-22T09:15:00,4.710,136.20,0.000
2024-08-22T09:00:00,4.720,151.30,0.000
2024-08-22T08:45:00,4.710,150.80,0.000
2024-08-22T08:30:00,4.710,146.50,0.000
2024-08-22T08:15:00,4.700,160.50,0.000
2024-08-22T08:00:00,4.700,152.90,0.000
2024-08-22T07:45:00,4.700,155.90,0.000
2024-08-22T07:30:00,4.720,162.40,0.000
2024-08-22T07:15:00,4.730,163.40,0.000
2024-08-22T07:00:00,4.740,161.50,0.000
2024-08-22T06:45:00,4.750,159.40,0.000
2024-08-22T06:30:00,4.760,164.30,0.000
2024-08-22T06:15:00,4.780,155.80,0.000
2024-08-22T06:00:00,4.790,168.50,0.000
2024-08-22T05:45:00,4.800,163.60,0.000
2024-08-22T05:30:00,4.820,158.50,0.000
2024-08-22T05:15:00,4.840,155.00,0.000
2024-08-22T05:00:00,4.840,154.00,0.000
2024-08-22T04:45:00,4.850,156.80,0.000
2024-08-22T04:30:00,4.850,158.20,0.000
2024-08-22T04:15:00,4.860,155.50,0.000
2024-08-22T04:00:00,4.870,159.00,0.000
2024-08-22T03:45:00,4.870,150.10,0.000
2024-08-22T03:30:00,4.880,158.40,0.000
2024-08-22T03:15:00,4.880,157.10,0.000
2024-08-22T03:00:00,4.890,163.40,0.000
2024-08-22T02:45:00,4.900,159.50,0.000
2024-08-22T02:30:00,4.900,155.60,0.000
2024-08-22T02:15:00,4.910,162.40,0.000
2024-08-22T02:00:00,4.910,159.70,0.000
2024-08-22T01:45:00,4.920,160.90,0.000
2024-08-22T01:30:00,4.930,155.10,0.000
2024-08-22T01:15:00,4.930,167.60,0.000
2024-08-22T01:00:00,4.930,162.80,0.000
2024-08-22T00:45:00,4.940,154.60,0.000
2024-08-22T00:30:00,4.950,160.90,0.000
2024-08-22T00:15:00,4.960,161.90,0.000
2024-08-22T00:00:00,4.960,159.00,0.000
2024-08-21T23:45:00,4.970,154.20,0.000
2024-08-21T23:30:00,4.970,157.90,0.000
2024-08-21T23:15:00,4.980,165.90,0.000
2024-08-21T23:00:00,4.980,168.00,0.000
2024-08-21T22:45:00,4.990,153.00,0.000
2024-08-21T22:30:00,5.000,163.60,0.000
2024-08-21T22:15:00,5.000,156.00,0.000
2024-08-21T22:00:00,5.010,155.20,0.000
2024-08-21T21:45:00,5.020,152.00,0.000
2024-08-21T21:30:00,5.020,157.50,0.000
2024-08-21T21:15:00,5.020,169.80,0.000
2024-08-21T21:00:00,5.030,166.60,0.000
2024-08-21T20:45:00,5.040,157.10,0.000
2024-08-21T20:30:00,5.040,166.40,0.000
2024-08-21T20:15:00,5.050,161.90,0.000
2024-08-21T20:00:00,5.060,162.20,0.000
2024-08-21T19:45:00,5.060,157.80,0.000
2024-08-21T19:30:00,5.060,166.10,0.000
2024-08-21T19:15:00,5.070,160.80,0.000
2024-08-21T19:00:00,5.070,154.10,0.000
2024-08-21T18:45:00,5.080,158.70,0.000
2024-08-21T18:30:00,5.080,162.70,0.000
2024-08-21T18:15:00,5.090,153.40,0.000
2024-08-21T18:00:00,5.090,152.60,0.000
2024-08-21T17:45:00,5.090,157.30,0.000
2024-08-21T17:30:00,5.090,166.20,0.000
2024-08-21T17:15:00,5.100,170.70,0.000
2024-08-21T17:00:00,5.110,152.70,0.000
2024-08-21T16:45:00,5.110,167.50,0.000
2024-08-21T16:30:00,5.110,177.30,0.000
2024-08-21T16:15:00,5.120,166.40,0.000
2024-08-21T16:00:00,5.130,158.90,0.000
2024-08-21T15:45:00,5.130,161.30,0.000
2024-08-21T15:30:00,5.130,170.80,0.000
2024-08-21T15:15:00,5.130,161.20,0.000
2024-08-21T15:00:00,5.140,158.40,0.000
2024-08-21T14:45:00,5.140,177.80,0.000
2024-08-21T14:30:00,5.140,150.90,0.000
2024-08-21T14:15:00,5.150,158.00,0.000
2024-08-21T14:00:00,5.150,155.90,0.000
2024-08-21T13:45:00,5.160,166.70,0.000
2024-08-21T13:30:00,5.160,151.20,0.000
2024-08-21T13:15:00,5.170,149.50,0.000
2024-08-21T13:00:00,5.170,173.70,0.000
2024-08-21T12:45:00,5.180,158.40,0.000
2024-08-21T12:30:00,5.180,161.70,0.000
2024-08-21T12:15:00,5.200,150.00,0.000
2024-08-21T12:00:00,5.190,146.00,0.000
2024-08-21T11:45:00,5.170,151.00,0.000
2024-08-21T11:30:00,5.140,141.70,0.000
2024-08-21T11:15:00,5.110,174.40,0.000
2024-08-21T11:00:00,5.070,164.50,0.000
2024-08-21T10:45:00,5.030,181.20,0.000
2024-08-21T10:30:00,5.020,175.50,0.000
2024-08-21T10:15:00,5.010,179.50,0.000
2024-08-21T10:00:00,4.990,178.10,0.000
2024-08-21T09:45:00,4.980,174.20,0.000
2024-08-21T09:30:00,4.950,187.40,0.000
2024-08-21T09:15:00,4.920,192.50,0.000
2024-08-21T09:00:00,4.900,193.10,0.000
2024-08-21T08:45:00,4.890,198.70,0.000
2024-08-21T08:30:00,4.870,191.40,0.000
2024-08-21T08:15:00,4.860,193.50,0.000
2024-08-21T08:00:00,4.840,191.40,0.000
2024-08-21T07:45:00,4.830,184.50,0.000
2024-08-21T07:30:00,4.820,191.30,0.000
2024-08-21T07:15:00,4.810,187.70,0.000
2024-08-21T07:00:00,4.800,182.40,0.000
2024-08-21T06:45:00,4.790,180.50,0.000
2024-08-21T06:30:00,4.790,178.50,0.000
2024-08-21T06:15:00,4.780,178.20,0.000
2024-08-21T06:00:00,4.780,179.90,0.000
2024-08-21T05:45:00,4.780,176.40,0.000
2024-08-21T05:30:00,4.780,176.10,0.000
2024-08-21T05:15:00,4.780,173.80,0.000
2024-08-21T05:00:00,4.780,183.70,0.000
2024-08-21T04:45:00,4.780,180.00,0.000
2024-08-21T04:30:00,4.780,179.20,0.000
2024-08-21T04:15:00,4.790,177.80,0.000
2024-08-21T04:00:00,4.780,181.20,0.000
2024-08-21T03:45:00,4.790,184.00,0.000
2024-08-21T03:30:00,4.790,181.60,0.000
2024-08-21T03:15:00,4.790,183.30,0.500
2024-08-21T03:00:00,4.780,185.00,1.500
2024-08-21T02:45:00,4.780,186.80,0.500
2024-08-21T02:30:00,4.780,181.30,0.500
2024-08-21T02:15:00,4.780,181.60,2.500
2024-08-21T02:00:00,4.780,175.70,0.000
2024-08-21T01:45:00,4.770,177.50,0.000
2024-08-21T01:30:00,4.770,176.00,0.000
2024-08-21T01:15:00,4.770,177.30,0.000
2024-08-21T01:00:00,4.780,172.20,0.000
2024-08-21T00:45:00,4.780,176.70,0.000
2024-08-21T00:30:00,4.780,180.40,0.000
2024-08-21T00:15:00,4.790,177.90,0.000
2024-08-21T00:00:00,4.790,169.00,0.000
2024-08-20T23:45:00,4.800,176.80,0.000
2024-08-20T23:30:00,4.800,182.20,0.000
2024-08-20T23:15:00,4.810,170.90,0.000
2024-08-20T23:00:00,4.820,177.70,0.000
2024-08-20T22:45:00,4.820,180.00,0.000
2024-08-20T22:30:00,4.830,181.30,0.000
2024-08-20T22:15:00,4.840,171.90,0.000
2024-08-20T22:00:00,4.840,181.50,0.000
2024-08-20T21:45:00,4.850,173.30,0.000
2024-08-20T21:30:00,4.850,185.50,0.000
2024-08-20T21:15:00,4.860,168.20,0.000
2024-08-20T21:00:00,4.860,172.60,0.000
2024-08-20T20:45:00,4.870,185.40,0.000
2024-08-20T20:30:00,4.870,178.90,0.000
2024-08-20T20:15:00,4.880,179.10,0.000
2024-08-20T20:00:00,4.890,182.30,0.000
2024-08-20T19:45:00,4.900,187.50,0.000
2024-08-20T19:30:00,4.900,180.60,0.000
2024-08-20T19:15:00,4.910,177.40,2.000
2024-08-20T19:00:00,4.910,164.90,3.500
2024-08-20T18:45:00,4.890,154.50,0.000
2024-08-20T18:30:00,4.900,179.30,0.000
2024-08-20T18:15:00,4.900,184.40,0.000
2024-08-20T18:00:00,4.910,188.70,0.000
2024-08-20T17:45:00,4.920,186.20,0.000
2024-08-20T17:30:00,4.920,184.20,0.000
2024-08-20T17:15:00,4.930,186.30,0.000
2024-08-20T17:00:00,4.940,179.60,0.000
2024-08-20T16:45:00,4.940,189.40,0.000
2024-08-20T16:30:00,4.950,184.50,0.000
2024-08-20T16:15:00,4.960,174.80,0.000
2024-08-20T16:00:00,4.960,174.50,0.000
2024-08-20T15:45:00,4.960,177.80,0.000
2024-08-20T15:30:00,4.960,184.40,0.000
2024-08-20T15:15:00,4.960,184.50,0.000
2024-08-20T15:00:00,4.960,183.30,0.000
2024-08-20T14:45:00,4.960,183.70,0.000
2024-08-20T14:30:00,4.960,171.10,0.000
2024-08-20T14:15:00,4.960,180.40,0.000
2024-08-20T14:00:00,4.960,179.40,0.000
2024-08-20T13:45:00,4.960,165.30,0.000
2024-08-20T13:30:00,4.960,177.90,0.000
2024-08-20T13:15:00,4.960,184.20,0.000
2024-08-20T13:00:00,4.960,166.60,0.000
2024-08-20T12:45:00,4.950,159.70,0.000
2024-08-20T12:30:00,4.950,173.00,0.000
2024-08-20T12:15:00,4.950,167.60,0.000
2024-08-20T12:00:00,4.950,177.80,0.000
2024-08-20T11:45:00,4.950,176.80,0.000
2024-08-20T11:30:00,4.950,175.20,0.000
2024-08-20T11:15:00,4.950,177.30,0.000
2024-08-20T11:00:00,4.950,177.40,0.000
2024-08-20T10:45:00,4.940,178.50,0.000
2024-08-20T10:30:00,4.940,176.60,0.000
2024-08-20T10:15:00,4.940,180.30,0.000
2024-08-20T10:00:00,4.950,188.10,0.000
2024-08-20T09:45:00,4.950,181.10,0.000
2024-08-20T09:30:00,4.930,178.50,0.000
2024-08-20T09:15:00,4.920,189.90,0.000
2024-08-20T09:00:00,4.900,174.70,0.000
2024-08-20T08:45:00,4.890,188.20,0.000
2024-08-20T08:30:00,4.860,174.80,0.000
2024-08-20T08:15:00,4.840,180.60,0.000
2024-08-20T08:00:00,4.820,182.90,0.000
2024-08-20T07:45:00,4.810,185.40,0.000
2024-08-20T07:30:00,4.790,186.10,0.000
2024-08-20T07:15:00,4.780,177.40,0.000
2024-08-20T07:00:00,4.770,185.80,0.000
2024-08-20T06:45:00,4.750,181.70,0.500
2024-08-20T06:30:00,4.750,177.20,0.000
2024-08-20T06:15:00,4.740,171.80,0.000
2024-08-20T06:00:00,4.740,174.40,0.000
2024-08-20T05:45:00,4.730,172.10,0.000
2024-08-20T05:30:00,4.740,165.40,0.000
2024-08-20T05:15:00,4.740,167.40,0.000
2024-08-20T05:00:00,4.750,164.80,0.000
2024-08-20T04:45:00,4.760,170.60,0.000
2024-08-20T04:30:00,4.770,165.60,0.000
2024-08-20T04:15:00,4.770,164.80,0.000
2024-08-20T04:00:00,4.780,171.80,0.000
2024-08-20T03:45:00,4.790,169.20,0.000
2024-08-20T03:30:00,4.800,166.50,0.000
2024-08-20T03:15:00,4.820,166.30,0.000
2024-08-20T03:00:00,4.830,172.70,0.000
2024-08-20T02:45:00,4.830,172.40,0.000
2024-08-20T02:30:00,4.850,174.10,0.500
2024-08-20T02:15:00,4.850,184.80,1.000
2024-08-20T02:00:00,4.860,182.00,6.500
2024-08-20T01:45:00,4.870,163.90,3.500
2024-08-20T01:30:00,4.870,169.50,0.000
2024-08-20T01:15:00,4.880,163.20,0.000
2024-08-20T01:00:00,4.890,172.80,1.000
2024-08-20T00:45:00,4.910,172.10,1.500
2024-08-20T00:30:00,4.920,172.80,0.000
2024-08-20T00:15:00,4.930,175.30,0.000
2024-08-20T00:00:00,4.950,173.70,0.000
2024-08-19T23:45:00,4.960,175.70,0.000
2024-08-19T23:30:00,4.970,172.70,0.000
2024-08-19T23:15:00,4.980,178.50,0.000
2024-08-19T23:00:00,5.000,180.90,0.000
2024-08-19T22:45:00,5.020,176.00,0.000
2024-08-19T22:30:00,5.030,179.80,0.000
2024-08-19T22:15:00,5.040,180.50,0.000
2024-08-19T22:00:00,5.050,174.00,0.000
2024-08-19T21:45:00,5.060,173.30,0.000
2024-08-19T21:30:00,5.070,179.30,0.000
2024-08-19T21:15:00,5.080,183.70,0.000
2024-08-19T21:00:00,5.100,187.80,0.000
2024-08-19T20:45:00,5.100,185.00,0.000
2024-08-19T20:30:00,5.120,180.40,0.000
2024-08-19T20:15:00,5.130,177.00,0.000
2024-08-19T20:00:00,5.140,176.50,0.000
2024-08-19T19:45:00,5.150,184.10,0.000
2024-08-19T19:30:00,5.160,175.40,0.000
2024-08-19T19:15:00,5.160,171.70,0.000
2024-08-19T19:00:00,5.170,189.90,0.000
2024-08-19T18:45:00,5.170,191.90,0.000
2024-08-19T18:30:00,5.180,188.60,0.000
2024-08-19T18:15:00,5.170,176.40,0.000
2024-08-19T18:00:00,5.190,180.90,0.000
2024-08-19T17:45:00,5.200,184.40,0.000
2024-08-19T17:30:00,5.220,178.00,0.000
2024-08-19T17:15:00,5.240,182.30,0.000
2024-08-19T17:00:00,5.260,204.70,0.000
2024-08-19T16:45:00,5.270,187.00,0.000
2024-08-19T16:30:00,5.290,170.30,0.000
2024-08-19T16:15:00,5.310,188.20,0.000
2024-08-19T16:00:00,5.340,192.30,0.000
2024-08-19T15:45:00,5.360,183.70,0.000
2024-08-19T15:30:00,5.370,196.70,0.000
2024-08-19T15:15:00,5.380,193.10,0.000
2024-08-19T15:00:00,5.400,180.30,0.000
2024-08-19T14:45:00,5.410,188.40,0.000
2024-08-19T14:30:00,5.430,203.70,0.000
2024-08-19T14:15:00,5.460,197.30,0.000
2024-08-19T14:00:00,5.480,205.40,0.000
2024-08-19T13:45:00,5.500,168.30,0.000
2024-08-19T13:30:00,5.510,186.30,0.000
2024-08-19T13:15:00,5.540,180.20,0.000
2024-08-19T13:00:00,5.550,186.90,0.000
2024-08-19T12:45:00,5.570,180.70,0.000
2024-08-19T12:30:00,5.580,186.80,0.000
2024-08-19T12:15:00,5.610,201.00,0.000
2024-08-19T12:00:00,5.620,191.80,0.000
2024-08-19T11:45:00,5.620,174.60,0.000
2024-08-19T11:30:00,5.630,182.90,0.000
2024-08-19T11:15:00,5.630,209.80,0.000
2024-08-19T11:00:00,5.640,221.80,0.000
2024-08-19T10:45:00,5.650,205.10,0.000
2024-08-19T10:30:00,5.650,223.80,0.000
2024-08-19T10:15:00,5.640,184.70,0.000
2024-08-19T10:00:00,5.640,188.90,0.000
2024-08-19T09:45:00,5.640,188.00,0.000
2024-08-19T09:30:00,5.620,211.00,0.000
2024-08-19T09:15:00,5.600,186.60,0.000
2024-08-19T09:00:00,5.580,201.80,0.000
2024-08-19T08:45:00,5.570,217.10,0.000
2024-08-19T08:30:00,5.540,213.80,0.000
2024-08-19T08:15:00,5.510,196.60,0.000
2024-08-19T08:00:00,5.470,220.90,0.000
2024-08-19T07:45:00,5.430,230.60,0.000
2024-08-19T07:30:00,5.390,213.90,0.000
2024-08-19T07:15:00,5.340,231.20,0.000
2024-08-19T07:00:00,5.300,255.00,0.000
2024-08-19T06:45:00,5.240,245.40,0.000
2024-08-19T06:30:00,5.200,239.70,0.000
2024-08-19T06:15:00,5.140,246.20,0.000
2024-08-19T06:00:00,5.100,239.50,0.000
2024-08-19T05:45:00,5.060,233.10,0.000
2024-08-19T05:30:00,5.000,223.60,0.000
2024-08-19T05:15:00,4.940,232.60,0.000
2024-08-19T05:00:00,4.890,217.20,0.000
2024-08-19T04:45:00,4.850,199.30,0.000
2024-08-19T04:30:00,4.780,195.40,0.000
2024-08-19T04:15:00,4.720,186.80,0.000
2024-08-19T04:00:00,4.660,180.90,0.000
2024-08-19T03:45:00,4.620,163.20,0.000
2024-08-19T03:30:00,4.580,150.60,0.000
2024-08-19T03:15:00,4.550,138.80,0.000
2024-08-19T03:00:00,4.550,140.90,0.000
2024-08-19T02:45:00,4.520,126.60,0.000
2024-08-19T02:30:00,4.510,130.60,0.000
2024-08-19T02:15:00,4.500,131.60,0.000
2024-08-19T02:00:00,4.500,115.70,0.000
2024-08-19T01:45:00,4.500,119.50,0.000
2024-08-19T01:30:00,4.500,117.90,0.000
2024-08-19T01:15:00,4.500,121.90,0.000
2024-08-19T01:00:00,4.510,117.50,3.000
2024-08-19T00:45:00,4.510,126.10,0.000
2024-08-19T00:30:00,4.510,121.70,0.000
2024-08-19T00:15:00,4.520,116.50,0.000
2024-08-19T00:00:00,4.520,134.90,3.000
2024-09-01T23:45:00,3.870,74.80,0.000
2024-09-01T23:30:00,3.870,77.90,0.500
2024-09-01T23:15:00,3.870,77.90,0.500
2024-09-01T23:00:00,3.870,77.70,0.500
2024-09-01T22:45:00,3.860,77.90,0.500
2024-09-01T22:30:00,3.860,82.50,0.500
2024-09-01T22:15:00,3.860,80.70,0.500
2024-09-01T22:00:00,3.860,70.90,0.000
2024-09-01T21:45:00,3.860,79.80,1.000
2024-09-01T21:30:00,3.860,80.30,0.500
2024-09-01T21:15:00,3.860,78.30,0.000
2024-09-01T21:00:00,3.870,75.50,0.000
2024-09-01T20:45:00,3.860,68.10,0.500
2024-09-01T20:30:00,3.860,76.10,0.000
2024-09-01T20:15:00,3.860,77.10,0.000
2024-09-01T20:00:00,3.870,75.20,0.000
2024-09-01T19:45:00,3.860,76.70,0.000
2024-09-01T19:30:00,3.870,68.70,0.000
2024-09-01T19:15:00,3.870,72.70,0.000
2024-09-01T19:00:00,3.870,71.20,0.000
2024-09-01T18:45:00,3.870,72.20,0.000
2024-09-01T18:30:00,3.880,74.40,0.000
2024-09-01T18:15:00,3.880,72.10,0.000
2024-09-01T18:00:00,3.870,69.90,0.000
2024-09-01T17:45:00,3.870,70.60,0.000
2024-09-01T17:30:00,3.870,72.50,0.000
2024-09-01T17:15:00,3.880,73.90,0.000
2024-09-01T17:00:00,3.870,70.60,0.000
2024-09-01T16:45:00,3.870,71.50,0.000
2024-09-01T16:30:00,3.870,72.30,0.000
2024-09-01T16:15:00,3.880,73.70,0.000
2024-09-01T16:00:00,3.880,76.10,0.000
2024-09-01T15:45:00,3.880,74.70,0.000
2024-09-01T15:30:00,3.880,73.20,0.000
2024-09-01T15:15:00,3.880,70.80,0.000
2024-09-01T15:00:00,3.890,73.00,0.000
2024-09-01T14:45:00,3.890,68.50,0.000
2024-09-01T14:30:00,3.890,70.00,0.000
2024-09-01T14:15:00,3.890,73.40,0.000
2024-09-01T14:00:00,3.900,70.70,0.000
2024-09-01T13:45:00,3.900,73.10,0.000
2024-09-01T13:30:00,3.900,73.20,0.000
2024-09-01T13:15:00,3.900,74.70,0.000
2024-09-01T13:00:00,3.900,69.60,0.000
2024-09-01T12:45:00,3.900,71.70,0.000
2024-09-01T12:30:00,3.900,70.00,0.000
2024-09-01T12:15:00,3.910,70.10,0.000
2024-09-01T12:00:00,3.910,69.60,0.000
2024-09-01T11:45:00,3.910,75.30,0.000
2024-09-01T11:30:00,3.900,75.80,0.000
2024-09-01T11:15:00,3.910,74.60,0.000
2024-09-01T11:00:00,3.920,73.30,0.000
2024-09-01T10:45:00,3.920,78.00,0.000
2024-09-01T10:30:00,3.910,79.20,0.000
2024-09-01T10:15:00,3.920,71.30,0.000
2024-09-01T10:00:00,3.920,79.90,0.000
2024-09-01T09:45:00,3.920,77.00,0.000
2024-09-01T09:30:00,3.920,76.60,0.000
2024-09-01T09:15:00,3.930,77.90,0.000
2024-09-01T09:00:00,3.920,74.90,0.000
2024-09-01T08:45:00,3.930,74.60,0.000
2024-09-01T08:30:00,3.920,77.50,0.000
2024-09-01T08:15:00,3.930,76.90,0.000
2024-09-01T08:00:00,3.930,79.20,0.000
2024-09-01T07:45:00,3.930,82.20,0.000
2024-09-01T07:30:00,3.930,80.80,0.000
2024-09-01T07:15:00,3.940,78.80,0.000
2024-09-01T07:00:00,3.940,79.00,0.000
2024-09-01T06:45:00,3.940,75.70,0.000
2024-09-01T06:30:00,3.940,76.00,0.000
2024-09-01T06:15:00,3.940,79.60,0.000
2024-09-01T06:00:00,3.930,79.20,0.000
2024-09-01T05:45:00,3.940,78.00,0.000
2024-09-01T05:30:00,3.940,80.00,0.000
2024-09-01T05:15:00,3.940,80.70,0.000
2024-09-01T05:00:00,3.940,80.80,0.000
2024-09-01T04:45:00,3.940,77.70,0.000
2024-09-01T04:30:00,3.940,80.60,0.000
2024-09-01T04:15:00,3.940,76.90,0.000
2024-09-01T04:00:00,3.950,79.70,0.000
2024-09-01T03:45:00,3.940,80.00,0.000
2024-09-01T03:30:00,3.940,79.20,0.000
2024-09-01T03:15:00,3.950,79.20,0.000
2024-09-01T03:00:00,3.950,81.50,0.000
2024-09-01T02:45:00,3.940,80.40,0.000
2024-09-01T02:30:00,3.940,82.20,0.000
2024-09-01T02:15:00,3.940,81.10,0.000
2024-09-01T02:00:00,3.950,80.80,0.000
2024-09-01T01:45:00,3.950,78.40,0.000
2024-09-01T01:30:00,3.950,80.40,0.000
2024-09-01T01:15:00,3.950,80.80,0.000
2024-09-01T01:00:00,3.950,80.00,0.000
2024-09-01T00:45:00,3.950,77.60,0.000
2024-09-01T00:30:00,3.960,82.10,0.000
2024-09-01T00:15:00,3.950,80.80,0.000
2024-09-01T00:00:00,3.950,79.60,0.000
2024-08-31T23:45:00,3.950,83.10,0.000
2024-08-31T23:30:00,3.960,81.90,0.000
2024-08-31T23:15:00,3.960,80.50,0.000
2024-08-31T23:00:00,3.960,78.00,0.000
2024-08-31T22:45:00,3.960,82.90,0.000
2024-08-31T22:30:00,3.970,83.20,0.000
2024-08-31T22:15:00,3.960,80.40,0.000
2024-08-31T22:00:00,3.970,82.20,0.000
2024-08-31T21:45:00,3.970,91.10,4.000
2024-08-31T21:30:00,3.960,91.80,2.000
2024-08-31T21:15:00,3.960,93.60,3.000
2024-08-31T21:00:00,3.950,94.00,0.000
2024-08-31T20:45:00,3.950,80.30,0.000
2024-08-31T20:30:00,3.950,79.50,0.000
2024-08-31T20:15:00,3.960,80.60,0.000
2024-08-31T20:00:00,3.950,83.60,0.000
2024-08-31T19:45:00,3.960,81.60,0.000
2024-08-31T19:30:00,3.960,79.00,0.000
2024-08-31T19:15:00,3.960,81.70,0.000
2024-08-31T19:00:00,3.960,82.30,0.000
2024-08-31T18:45:00,3.960,82.30,0.000
2024-08-31T18:30:00,3.970,80.80,0.000
2024-08-31T18:15:00,3.960,82.00,0.000
2024-08-31T18:00:00,3.970,81.60,0.000
2024-08-31T17:45:00,3.960,82.80,0.000
2024-08-31T17:30:00,3.960,81.30,0.000
2024-08-31T17:15:00,3.960,79.30,0.000
2024-08-31T17:00:00,3.970,79.30,0.000
2024-08-31T16:45:00,3.960,80.00,0.000
2024-08-31T16:30:00,3.970,78.30,0.000
2024-08-31T16:15:00,3.970,83.60,0.000
2024-08-31T16:00:00,3.970,81.10,0.000
2024-08-31T15:45:00,3.970,79.40,0.000
2024-08-31T15:30:00,3.970,77.00,0.000
2024-08-31T15:15:00,3.970,77.90,0.000
2024-08-31T15:00:00,3.980,86.60,0.000
2024-08-31T14:45:00,3.980,85.40,0.000
2024-08-31T14:30:00,3.980,83.90,0.000
2024-08-31T14:15:00,3.980,83.50,0.000
2024-08-31T14:00:00,3.990,77.80,0.000
2024-08-31T13:45:00,3.980,85.70,0.000
2024-08-31T13:30:00,3.990,82.00,0.000
2024-08-31T13:15:00,3.990,88.70,0.000
2024-08-31T13:00:00,3.990,90.20,0.000
2024-08-31T12:45:00,4.000,86.50,0.000
2024-08-31T12:30:00,4.000,81.60,0.000
2024-08-31T12:15:00,4.000,85.20,0.000
2024-08-31T12:00:00,4.000,86.90,0.000
2024-08-31T11:45:00,4.000,83.50,0.000
2024-08-31T11:30:00,4.000,81.20,0.000
2024-08-31T11:15:00,4.010,83.10,0.000
2024-08-31T11:00:00,4.010,82.70,0.000
2024-08-31T10:45:00,4.010,89.10,0.000
2024-08-31T10:30:00,4.010,84.40,0.000
2024-08-31T10:15:00,4.020,83.20,0.000
2024-08-31T10:00:00,4.020,84.90,0.000
2024-08-31T09:45:00,4.020,84.90,0.000
2024-08-31T09:30:00,4.020,87.60,0.000
2024-08-31T09:15:00,4.020,84.90,0.000
2024-08-31T09:00:00,4.030,87.10,0.000
2024-08-31T08:45:00,4.030,87.90,0.000
2024-08-31T08:30:00,4.030,86.10,0.000
2024-08-31T08:15:00,4.030,88.50,0.000
2024-08-31T08:00:00,4.040,83.60,0.000
2024-08-31T07:45:00,4.030,86.20,0.000
2024-08-31T07:30:00,4.040,87.60,0.000
2024-08-31T07:15:00,4.040,85.20,0.000
2024-08-31T07:00:00,4.040,86.70,0.000
2024-08-31T06:45:00,4.050,85.90,0.000
2024-08-31T06:30:00,4.040,87.60,0.000
2024-08-31T06:15:00,4.050,90.60,0.000
2024-08-31T06:00:00,4.050,89.70,0.000
2024-08-31T05:45:00,4.050,89.30,0.000
2024-08-31T05:30:00,4.050,89.20,0.000
2024-08-31T05:15:00,4.050,90.70,0.000
2024-08-31T05:00:00,4.050,87.60,0.000
2024-08-31T04:45:00,4.050,92.60,0.000
2024-08-31T04:30:00,4.050,89.00,0.000
2024-08-31T04:15:00,4.060,90.40,0.000
2024-08-31T04:00:00,4.060,89.50,0.000
2024-08-31T03:45:00,4.050,90.20,0.000
2024-08-31T03:30:00,4.060,90.20,0.000
2024-08-31T03:15:00,4.060,90.90,0.000
2024-08-31T03:00:00,4.060,89.60,0.000
2024-08-31T02:45:00,4.060,91.70,0.000
2024-08-31T02:30:00,4.060,92.70,0.000
2024-08-31T02:15:00,4.060,88.80,0.000
2024-08-31T02:00:00,4.060,90.00,0.000
2024-08-31T01:45:00,4.060,90.50,0.000
2024-08-31T01:30:00,4.050,90.70,0.000
2024-08-31T01:15:00,4.060,88.90,0.000
2024-08-31T01:00:00,4.060,89.80,0.000
2024-08-31T00:45:00,4.060,90.00,0.000
2024-08-31T00:30:00,4.060,88.70,0.000
2024-08-31T00:15:00,4.050,89.90,0.000
2024-08-31T00:00:00,4.060,90.10,0.000
2024-08-30T23:45:00,4.050,90.30,0.000
2024-08-30T23:30:00,4.050,90.20,0.000
2024-08-30T23:15:00,4.050,88.90,0.000
2024-08-30T23:00:00,4.050,88.30,0.000
2024-08-30T22:45:00,4.050,87.10,0.000
2024-08-30T22:30:00,4.040,88.00,0.000
2024-08-30T22:15:00,4.050,87.30,0.000
2024-08-30T22:00:00,4.050,86.00,0.000
2024-08-30T21:45:00,4.040,86.90,0.000
2024-08-30T21:30:00,4.050,89.30,0.000
2024-08-30T21:15:00,4.050,90.80,0.000
2024-08-30T21:00:00,4.050,89.80,0.000
2024-08-30T20:45:00,4.050,91.20,0.000
2024-08-30T20:30:00,4.050,88.90,0.000
2024-08-30T20:15:00,4.050,86.40,0.000
2024-08-30T20:00:00,4.050,94.20,0.000
2024-08-30T19:45:00,4.050,85.20,0.000
2024-08-30T19:30:00,4.050,94.10,0.000
2024-08-30T19:15:00,4.050,87.00,0.000
2024-08-30T19:00:00,4.060,90.00,0.000
2024-08-30T18:45:00,4.060,90.80,0.000
2024-08-30T18:30:00,4.060,90.80,0.000
2024-08-30T18:15:00,4.070,93.50,0.500
2024-08-30T18:00:00,4.070,100.60,0.000
2024-08-30T17:45:00,4.060,93.50,0.500
2024-08-30T17:30:00,4.060,84.40,0.000
2024-08-30T17:15:00,4.060,74.20,0.000
2024-08-30T17:00:00,4.060,87.70,0.000
2024-08-30T16:45:00,4.060,84.30,0.000
2024-08-30T16:30:00,4.060,91.10,0.000
2024-08-30T16:15:00,4.070,89.00,0.000
2024-08-30T16:00:00,4.070,82.90,0.000
2024-08-30T15:45:00,4.070,86.30,0.000
2024-08-30T15:30:00,4.080,88.20,0.000
2024-08-30T15:15:00,4.080,88.40,0.000
2024-08-30T15:00:00,4.080,85.30,0.000
2024-08-30T14:45:00,4.080,88.80,0.000
2024-08-30T14:30:00,4.080,86.00,0.000
2024-08-30T14:15:00,4.090,94.50,0.000
2024-08-30T14:00:00,4.090,90.60,0.000
2024-08-30T13:45:00,4.090,94.50,0.000
2024-08-30T13:30:00,4.100,91.80,0.000
2024-08-30T13:15:00,4.100,90.50,0.000
2024-08-30T13:00:00,4.110,95.20,0.000
2024-08-30T12:45:00,4.110,97.20,0.000
2024-08-30T12:30:00,4.110,96.70,0.000
2024-08-30T12:15:00,4.120,99.80,0.000
2024-08-30T12:00:00,4.120,95.50,0.000
2024-08-30T11:45:00,4.130,88.20,0.000
2024-08-30T11:30:00,4.130,96.40,0.000
2024-08-30T11:15:00,4.140,89.50,0.000
2024-08-30T11:00:00,4.140,100.60,0.000
2024-08-30T10:45:00,4.150,98.70,0.000
2024-08-30T10:30:00,4.160,98.50,0.000
2024-08-30T10:15:00,4.160,88.40,0.000
2024-08-30T10:00:00,4.160,94.90,0.000
2024-08-30T09:45:00,4.170,93.10,0.000
2024-08-30T09:30:00,4.180,96.70,0.000
2024-08-30T09:15:00,4.180,97.50,0.000
2024-08-30T09:00:00,4.200,96.10,0.000
2024-08-30T08:45:00,4.220,97.80,0.000
2024-08-30T08:30:00,4.220,94.50,0.000
2024-08-30T08:15:00,4.220,97.70,0.000
2024-08-30T08:00:00,4.230,98.10,0.000
2024-08-30T07:45:00,4.230,95.10,0.000
2024-08-30T07:30:00,4.230,97.60,0.000
2024-08-30T07:15:00,4.230,98.90,0.000
2024-08-30T07:00:00,4.240,102.90,0.000
2024-08-30T06:45:00,4.240,96.20,0.000
2024-08-30T06:30:00,4.240,96.00,0.000
2024-08-30T06:15:00,4.240,93.50,0.000
2024-08-30T06:00:00,4.240,103.20,0.000
2024-08-30T05:45:00,4.240,97.50,0.000
2024-08-30T05:30:00,4.240,101.30,0.000
2024-08-30T05:15:00,4.240,102.70,0.000
2024-08-30T05:00:00,4.240,101.90,0.000
2024-08-30T04:45:00,4.240,98.10,0.000
2024-08-30T04:30:00,4.240,102.60,0.000
2024-08-30T04:15:00,4.240,94.50,0.000
2024-08-30T04:00:00,4.240,96.40,0.000
2024-08-30T03:45:00,4.240,99.30,0.000
2024-08-30T03:30:00,4.230,103.30,0.000
2024-08-30T03:15:00,4.240,108.40,0.000
2024-08-30T03:00:00,4.230,97.30,0.000
2024-08-30T02:45:00,4.230,102.20,0.000
2024-08-30T02:30:00,4.230,99.80,0.000
2024-08-30T02:15:00,4.230,98.90,0.000
2024-08-30T02:00:00,4.220,101.60,0.000
2024-08-30T01:45:00,4.230,102.80,0.000
2024-08-30T01:30:00,4.220,95.80,0.000
2024-08-30T01:15:00,4.220,99.00,0.000
2024-08-30T01:00:00,4.220,102.10,0.000
2024-08-30T00:45:00,4.220,95.60,0.000
2024-08-30T00:30:00,4.210,99.40,0.000
2024-08-30T00:15:00,4.210,97.90,0.000
2024-08-30T00:00:00,4.210,98.50,0.000
2024-08-29T23:45:00,4.200,97.60,0.000
2024-08-29T23:30:00,4.200,98.00,0.000
2024-08-29T23:15:00,4.200,92.90,0.000
2024-08-29T23:00:00,4.190,96.00,0.000
2024-08-29T22:45:00,4.190,99.50,0.000
2024-08-29T22:30:00,4.180,96.10,0.000
2024-08-29T22:15:00,4.180,102.00,0.500
2024-08-29T22:00:00,4.180,113.30,0.000
2024-08-29T21:45:00,4.170,106.50,0.000
2024-08-29T21:30:00,4.170,110.40,0.500
2024-08-29T21:15:00,4.160,100.40,0.000
2024-08-29T21:00:00,4.160,102.90,0.500
2024-08-29T20:45:00,4.160,113.30,1.500
2024-08-29T20:30:00,4.150,114.00,4.000
2024-08-29T20:15:00,4.140,107.60,5.000
2024-08-29T20:00:00,4.130,106.80,2.500
2024-08-29T19:45:00,4.130,87.10,0.000
2024-08-29T19:30:00,4.130,89.90,0.000
2024-08-29T19:15:00,4.130,89.90,0.000
2024-08-29T19:00:00,4.130,97.00,0.000
2024-08-29T18:45:00,4.130,91.60,0.000
2024-08-29T18:30:00,4.130,91.70,0.000
2024-08-29T18:15:00,4.120,87.90,0.000
2024-08-29T18:00:00,4.130,90.60,0.000
2024-08-29T17:45:00,4.120,93.70,0.000
2024-08-29T17:30:00,4.120,90.80,0.000
2024-08-29T17:15:00,4.120,90.80,0.000
2024-08-29T17:00:00,4.120,88.90,0.000
2024-08-29T16:45:00,4.120,87.40,0.000
2024-08-29T16:30:00,4.120,90.50,0.000
2024-08-29T16:15:00,4.120,90.40,0.000
2024-08-29T16:00:00,4.120,90.80,0.000
2024-08-29T15:45:00,4.120,90.50,0.000
2024-08-29T15:30:00,4.120,90.20,0.000
2024-08-29T15:15:00,4.120,91.50,0.000
2024-08-29T15:00:00,4.120,93.20,0.000
2024-08-29T14:45:00,4.120,98.00,0.000
2024-08-29T14:30:00,4.110,92.50,0.000
2024-08-29T14:15:00,4.120,98.60,0.000
2024-08-29T14:00:00,4.110,93.80,0.000
2024-08-29T13:45:00,4.110,95.10,0.000
2024-08-29T13:30:00,4.110,94.70,0.000
2024-08-29T13:15:00,4.110,88.20,0.000
2024-08-29T13:00:00,4.100,90.60,0.500
2024-08-29T12:45:00,4.100,92.20,0.000
2024-08-29T12:30:00,4.100,100.90,0.000
2024-08-29T12:15:00,4.100,105.80,0.000
2024-08-29T12:00:00,4.090,89.30,0.500
2024-08-29T11:45:00,4.080,106.00,3.000
2024-08-29T11:30:00,4.080,108.50,7.500
2024-08-29T11:15:00,4.060,100.80,2.500
2024-08-29T11:00:00,4.060,86.20,0.000
2024-08-29T10:45:00,4.060,85.00,0.000
2024-08-29T10:30:00,4.060,87.70,0.000
2024-08-29T10:15:00,4.060,85.80,0.000
2024-08-29T10:00:00,4.060,80.30,0.000
2024-08-29T09:45:00,4.060,84.60,0.000
2024-08-29T09:30:00,4.050,86.80,0.000
2024-08-29T09:15:00,4.050,83.90,0.000
2024-08-29T09:00:00,4.040,87.80,0.000
2024-08-29T08:45:00,4.050,87.10,0.000
2024-08-29T08:30:00,4.040,93.00,0.000
2024-08-29T08:15:00,4.050,86.60,0.000
2024-08-29T08:00:00,4.040,86.70,0.000
2024-08-29T07:45:00,4.050,85.40,0.000
2024-08-29T07:30:00,4.050,91.10,0.000
2024-08-29T07:15:00,4.050,90.40,0.000
2024-08-29T07:00:00,4.060,90.70,0.000
2024-08-29T06:45:00,4.050,90.90,0.000
2024-08-29T06:30:00,4.060,88.50,0.000
2024-08-29T06:15:00,4.050,90.10,0.000
2024-08-29T06:00:00,4.060,89.00,0.000
2024-08-29T05:45:00,4.060,88.50,0.000
2024-08-29T05:30:00,4.060,91.10,0.000
2024-08-29T05:15:00,4.060,87.60,0.000
2024-08-29T05:00:00,4.060,89.70,0.000
2024-08-29T04:45:00,4.060,89.10,0.000
2024-08-29T04:30:00,4.060,91.10,0.000
2024-08-29T04:15:00,4.060,89.30,0.000
2024-08-29T04:00:00,4.060,94.40,0.500
2024-08-29T03:45:00,4.060,98.50,0.000
2024-08-29T03:30:00,4.070,88.80,0.000
2024-08-29T03:15:00,4.060,90.90,0.000
2024-08-29T03:00:00,4.070,85.90,0.000
2024-08-29T02:45:00,4.060,85.20,0.000
2024-08-29T02:30:00,4.060,86.70,0.000
2024-08-29T02:15:00,4.070,87.40,0.000
2024-08-29T02:00:00,4.060,87.00,0.000
2024-08-29T01:45:00,4.060,86.70,0.000
2024-08-29T01:30:00,4.060,87.90,0.000
2024-08-29T01:15:00,4.060,91.70,0.000
2024-08-29T01:00:00,4.060,86.10,0.000
2024-08-29T00:45:00,4.070,89.00,0.000
2024-08-29T00:30:00,4.060,89.20,0.000
2024-08-29T00:15:00,4.060,87.70,0.000
2024-08-29T00:00:00,4.060,90.10,0.000
2024-08-28T23:45:00,4.070,91.00,0.000
2024-08-28T23:30:00,4.060,92.60,0.000
2024-08-28T23:15:00,4.070,90.60,0.000
2024-08-28T23:00:00,4.060,91.40,0.000
2024-08-28T22:45:00,4.070,88.50,0.000
2024-08-28T22:30:00,4.070,89.60,0.000
2024-08-28T22:15:00,4.070,88.50,0.000
2024-08-28T22:00:00,4.070,90.50,0.000
2024-08-28T21:45:00,4.070,93.70,0.500
2024-08-28T21:30:00,4.080,92.50,0.000
2024-08-28T21:15:00,4.080,93.10,0.000
2024-08-28T21:00:00,4.070,101.00,0.500
2024-08-28T20:45:00,4.080,89.60,0.000
2024-08-28T20:30:00,4.080,88.00,0.000
2024-08-28T20:15:00,4.080,89.90,0.000
2024-08-28T20:00:00,4.080,90.40,0.000
2024-08-28T19:45:00,4.080,87.90,0.000
2024-08-28T19:30:00,4.080,93.20,0.000
2024-08-28T19:15:00,4.090,89.00,0.000
2024-08-28T19:00:00,4.090,88.40,0.000
2024-08-28T18:45:00,4.090,93.10,0.000
2024-08-28T18:30:00,4.090,92.00,0.000
2024-08-28T18:15:00,4.100,83.60,0.000
2024-08-28T18:00:00,4.100,93.60,0.000
2024-08-28T17:45:00,4.100,89.30,0.000
2024-08-28T17:30:00,4.110,94.70,0.000
2024-08-28T17:15:00,4.100,92.50,0.000
2024-08-28T17:00:00,4.110,95.00,0.500
2024-08-28T16:45:00,4.110,110.00,0.000
2024-08-28T16:30:00,4.110,109.30,4.500
2024-08-28T16:15:00,4.120,92.50,1.500
2024-08-28T16:00:00,4.080,80.80,0.000
2024-08-28T15:45:00,4.090,90.70,0.000
2024-08-28T15:30:00,4.080,92.90,0.000
2024-08-28T15:15:00,4.090,91.80,0.000
2024-08-28T15:00:00,4.090,90.20,0.000
2024-08-28T14:45:00,4.090,91.20,0.000
2024-08-28T14:30:00,4.090,87.70,0.000
2024-08-28T14:15:00,4.090,93.80,0.000
2024-08-28T14:00:00,4.090,94.10,0.000
2024-08-28T13:45:00,4.100,89.80,0.000
2024-08-28T13:30:00,4.100,92.50,0.000
2024-08-28T13:15:00,4.100,96.10,0.000
2024-08-28T13:00:00,4.110,87.00,0.000
2024-08-28T12:45:00,4.110,84.40,0.000
2024-08-28T12:30:00,4.110,90.70,0.000
2024-08-28T12:15:00,4.110,86.50,0.000
2024-08-28T12:00:00,4.110,89.90,0.000
2024-08-28T11:45:00,4.110,90.80,0.000
2024-08-28T11:30:00,4.110,88.40,0.000
2024-08-28T11:15:00,4.110,86.50,0.000
2024-08-28T11:00:00,4.100,88.80,0.000
2024-08-28T10:45:00,4.110,93.00,0.000
2024-08-28T10:30:00,4.100,89.60,0.000
2024-08-28T10:15:00,4.100,86.40,0.000
2024-08-28T10:00:00,4.100,92.90,0.000
2024-08-28T09:45:00,4.100,96.70,0.000
2024-08-28T09:30:00,4.090,90.70,0.000
2024-08-28T09:15:00,4.090,94.10,0.000
2024-08-28T09:00:00,4.100,93.60,0.000
2024-08-28T08:45:00,4.100,92.20,0.000
2024-08-28T08:30:00,4.100,93.30,0.000
2024-08-28T08:15:00,4.100,95.20,0.000
2024-08-28T08:00:00,4.110,95.00,0.000
2024-08-28T07:45:00,4.110,96.90,0.000
2024-08-28T07:30:00,4.110,97.20,0.000
2024-08-28T07:15:00,4.120,96.40,0.000
2024-08-28T07:00:00,4.120,95.10,0.000
2024-08-28T06:45:00,4.120,98.40,0.000
2024-08-28T06:30:00,4.130,97.10,0.000
2024-08-28T06:15:00,4.130,99.40,0.000
2024-08-28T06:00:00,4.140,98.50,0.000
2024-08-28T05:45:00,4.140,97.60,0.000
2024-08-28T05:30:00,4.140,99.70,0.000
2024-08-28T05:15:00,4.150,99.10,0.000
2024-08-28T05:00:00,4.150,99.10,0.000
2024-08-28T04:45:00,4.150,100.90,0.000
2024-08-28T04:30:00,4.160,100.90,0.000
2024-08-28T04:15:00,4.160,101.50,0.000
2024-08-28T04:00:00,4.170,102.70,0.000
2024-08-28T03:45:00,4.170,102.30,0.000
2024-08-28T03:30:00,4.170,103.20,0.000
2024-08-28T03:15:00,4.180,93.90,0.000
2024-08-28T03:00:00,4.180,97.50,0.000
2024-08-28T02:45:00,4.190,104.60,0.000
2024-08-28T02:30:00,4.190,105.20,0.000
2024-08-28T02:15:00,4.190,106.90,0.000
2024-08-28T02:00:00,4.200,101.40,0.000
2024-08-28T01:45:00,4.200,103.00,0.000
2024-08-28T01:30:00,4.210,98.80,0.000
2024-08-28T01:15:00,4.210,101.70,0.000
2024-08-28T01:00:00,4.220,108.20,0.000
2024-08-28T00:45:00,4.220,112.70,0.000
2024-08-28T00:30:00,4.220,100.60,0.000
2024-08-28T00:15:00,4.230,105.70,0.000
2024-08-28T00:00:00,4.240,108.30,0.000
2024-08-27T23:45:00,4.240,103.70,0.000
2024-08-27T23:30:00,4.240,114.40,0.000
2024-08-27T23:15:00,4.250,111.50,0.000
2024-08-27T23:00:00,4.260,109.10,0.000
2024-08-27T22:45:00,4.260,107.90,0.000
2024-08-27T22:30:00,4.260,115.70,0.000
2024-08-27T22:15:00,4.270,109.60,0.000
2024-08-27T22:00:00,4.280,109.60,0.000
2024-08-27T21:45:00,4.280,111.10,0.000
2024-08-27T21:30:00,4.290,117.00,0.000
2024-08-27T21:15:00,4.300,112.30,0.000
2024-08-27T21:00:00,4.300,110.80,0.000
2024-08-27T20:45:00,4.310,115.20,0.000
2024-08-27T20:30:00,4.320,117.20,0.000
2024-08-27T20:15:00,4.320,116.90,0.000
2024-08-27T20:00:00,4.330,117.40,0.000
2024-08-27T19:45:00,4.340,118.20,0.000
2024-08-27T19:30:00,4.340,119.20,0.000
2024-08-27T19:15:00,4.340,115.60,0.000
2024-08-27T19:00:00,4.350,122.50,0.000
2024-08-27T18:45:00,4.360,126.40,0.000
2024-08-27T18:30:00,4.380,120.80,0.000
2024-08-27T18:15:00,4.390,124.20,0.000
2024-08-27T18:00:00,4.390,120.10,0.000
2024-08-27T17:45:00,4.390,123.70,0.000
2024-08-27T17:30:00,4.390,121.80,0.000
2024-08-27T17:15:00,4.400,123.50,0.000
2024-08-27T17:00:00,4.400,120.10,0.000
2024-08-27T16:45:00,4.400,125.10,0.000
2024-08-27T16:30:00,4.400,129.40,0.000
2024-08-27T16:15:00,4.410,121.30,0.000
2024-08-27T16:00:00,4.410,124.00,0.000
2024-08-27T15:45:00,4.410,126.60,0.000
2024-08-27T15:30:00,4.410,122.90,0.000
2024-08-27T15:15:00,4.410,118.30,0.000
2024-08-27T15:00:00,4.410,130.20,0.000
2024-08-27T14:45:00,4.410,114.40,0.000
2024-08-27T14:30:00,4.420,113.20,0.000
2024-08-27T14:15:00,4.410,110.10,0.000
2024-08-27T14:00:00,4.410,123.80,0.000
2024-08-27T13:45:00,4.410,115.50,0.000
2024-08-27T13:30:00,4.420,116.00,0.000
2024-08-27T13:15:00,4.420,117.20,0.000
2024-08-27T13:00:00,4.410,123.20,0.000
2024-08-27T12:45:00,4.410,124.50,0.000
2024-08-27T12:30:00,4.420,112.60,0.000
2024-08-27T12:15:00,4.410,118.40,0.000
2024-08-27T12:00:00,4.410,126.10,0.000
2024-08-27T11:45:00,4.420,122.50,0.000
2024-08-27T11:30:00,4.410,109.20,0.000
2024-08-27T11:15:00,4.410,124.20,0.000
2024-08-27T11:00:00,4.420,123.10,0.000
2024-08-27T10:45:00,4.410,121.30,0.000
2024-08-27T10:30:00,4.420,116.80,0.000
2024-08-27T10:15:00,4.420,117.90,0.000
2024-08-27T10:00:00,4.420,127.40,0.000
2024-08-27T09:45:00,4.420,118.80,0.000
2024-08-27T09:30:00,4.420,125.00,0.000
2024-08-27T09:15:00,4.410,125.50,0.000
2024-08-27T09:00:00,4.410,123.40,0.000
2024-08-27T08:45:00,4.410,117.00,0.000
2024-08-27T08:30:00,4.400,126.10,0.000
2024-08-27T08:15:00,4.400,124.40,0.000
2024-08-27T08:00:00,4.390,121.00,0.000
2024-08-27T07:45:00,4.390,116.50,0.000
2024-08-27T07:30:00,4.380,121.20,0.000
2024-08-27T07:15:00,4.370,109.40,0.000
2024-08-27T07:00:00,4.370,111.40,0.000
2024-08-27T06:45:00,4.350,109.10,0.000
2024-08-27T06:30:00,4.350,109.20,0.000
2024-08-27T06:15:00,4.350,105.10,0.000
2024-08-27T06:00:00,4.340,103.90,0.000
2024-08-27T05:45:00,4.340,109.10,0.000
2024-08-27T05:30:00,4.340,104.30,0.000
2024-08-27T05:15:00,4.330,107.20,0.500
2024-08-27T05:00:00,4.330,117.20,0.000
2024-08-27T04:45:00,4.330,118.50,0.000
2024-08-27T04:30:00,4.320,116.00,0.500
2024-08-27T04:15:00,4.320,113.80,1.000
2024-08-27T04:00:00,4.320,114.90,1.000
2024-08-27T03:45:00,4.320,115.40,0.500
2024-08-27T03:30:00,4.320,113.60,1.000
2024-08-27T03:15:00,4.320,114.30,1.000
2024-08-27T03:00:00,4.310,115.10,0.500
2024-08-27T02:45:00,4.310,116.30,0.000
2024-08-27T02:30:00,4.310,108.70,1.000
2024-08-27T02:15:00,4.310,110.80,4.000
2024-08-27T02:00:00,4.300,108.70,9.000
2024-08-27T01:45:00,4.270,104.10,7.500
2024-08-27T01:30:00,4.250,97.60,3.000
2024-08-27T01:15:00,4.240,105.70,16.500
2024-08-27T01:00:00,4.210,105.60,19.000
2024-08-27T00:45:00,4.180,0.00,6.500
2024-08-27T00:30:00,4.180,104.50,1.000
2024-08-27T00:15:00,4.180,84.60,0.000
2024-08-27T00:00:00,4.190,85.00,0.000
2024-08-26T23:45:00,4.190,88.60,0.000
2024-08-26T23:30:00,4.190,86.40,0.000
2024-08-26T23:15:00,4.190,88.30,0.000
2024-08-26T23:00:00,4.190,84.10,0.000
2024-08-26T22:45:00,4.190,89.60,0.000
2024-08-26T22:30:00,4.200,91.80,0.000
2024-08-26T22:15:00,4.200,82.50,0.000
2024-08-26T22:00:00,4.190,84.00,0.000
2024-08-26T21:45:00,4.200,92.30,0.000
2024-08-26T21:30:00,4.200,88.80,0.000
2024-08-26T21:15:00,4.200,86.00,0.000
2024-08-26T21:00:00,4.200,85.80,0.000
2024-08-26T20:45:00,4.200,82.20,0.000
2024-08-26T20:30:00,4.200,87.80,0.000
2024-08-26T20:15:00,4.200,82.70,0.000
2024-08-26T20:00:00,4.200,88.20,0.000
2024-08-26T19:45:00,4.200,88.40,0.000
2024-08-26T19:30:00,4.200,88.70,0.000
2024-08-26T19:15:00,4.200,86.70,0.000
2024-08-26T19:00:00,4.200,91.80,0.000
2024-08-26T18:45:00,4.200,86.50,0.000
2024-08-26T18:30:00,4.200,88.50,0.000
2024-08-26T18:15:00,4.200,87.90,0.000
2024-08-26T18:00:00,4.200,92.30,0.000
2024-08-26T17:45:00,4.210,89.20,0.000
2024-08-26T17:30:00,4.200,84.80,0.000
2024-08-26T17:15:00,4.200,85.60,0.000
2024-08-26T17:00:00,4.200,88.00,0.000
2024-08-26T16:45:00,4.200,83.10,0.000
2024-08-26T16:30:00,4.200,92.30,0.000
2024-08-26T16:15:00,4.200,89.60,0.000
2024-08-26T16:00:00,4.200,84.60,0.000
2024-08-26T15:45:00,4.200,87.00,0.000
2024-08-26T15:30:00,4.200,85.50,0.000
2024-08-26T15:15:00,4.200,87.30,0.000
2024-08-26T15:00:00,4.190,86.30,0.000
2024-08-26T14:45:00,4.190,88.00,0.000
2024-08-26T14:30:00,4.190,89.10,0.000
2024-08-26T14:15:00,4.190,84.60,0.000
2024-08-26T14:00:00,4.190,83.70,0.000
2024-08-26T13:45:00,4.190,87.10,0.000
2024-08-26T13:30:00,4.180,85.20,0.000
2024-08-26T13:15:00,4.190,83.10,0.000
2024-08-26T13:00:00,4.190,83.60,0.000
2024-08-26T12:45:00,4.180,85.20,0.000
2024-08-26T12:30:00,4.190,84.80,0.000
2024-08-26T12:15:00,4.180,83.20,0.000
2024-08-26T12:00:00,4.180,88.10,0.000
2024-08-26T11:45:00,4.180,83.50,0.000
2024-08-26T11:30:00,4.180,80.30,0.000
2024-08-26T11:15:00,4.170,88.20,0.000
2024-08-26T11:00:00,4.170,84.70,0.000
2024-08-26T10:45:00,4.170,86.80,0.000
2024-08-26T10:30:00,4.170,84.20,0.000
2024-08-26T10:15:00,4.170,87.30,0.000
2024-08-26T10:00:00,4.170,79.30,0.000
2024-08-26T09:45:00,4.160,90.00,0.000
2024-08-26T09:30:00,4.160,91.90,0.000
2024-08-26T09:15:00,4.160,90.10,0.000
2024-08-26T09:00:00,4.170,85.90,0.000
2024-08-26T08:45:00,4.170,89.00,0.000
2024-08-26T08:30:00,4.170,88.30,0.000
2024-08-26T08:15:00,4.170,90.50,0.000
2024-08-26T08:00:00,4.170,87.00,0.000
2024-08-26T07:45:00,4.180,87.40,0.000
2024-08-26T07:30:00,4.180,88.70,0.000
2024-08-26T07:15:00,4.190,86.20,0.000
2024-08-26T07:00:00,4.190,88.80,0.000
2024-08-26T06:45:00,4.200,89.80,0.000
2024-08-26T06:30:00,4.200,92.60,0.000
2024-08-26T06:15:00,4.210,89.80,0.000
2024-08-26T06:00:00,4.220,92.80,0.000
2024-08-26T05:45:00,4.230,95.50,0.000
2024-08-26T05:30:00,4.230,94.00,0.000
2024-08-26T05:15:00,4.230,93.20,0.000
2024-08-26T05:00:00,4.230,93.20,0.000
2024-08-26T04:45:00,4.240,89.50,0.000
2024-08-26T04:30:00,4.240,95.10,0.000
2024-08-26T04:15:00,4.240,94.90,0.000
2024-08-26T04:00:00,4.240,98.20,0.000
2024-08-26T03:45:00,4.250,97.80,0.000
2024-08-26T03:30:00,4.250,98.50,0.000
2024-08-26T03:15:00,4.250,97.10,0.000
2024-08-26T03:00:00,4.250,98.80,0.000
2024-08-26T02:45:00,4.260,101.40,0.000
2024-08-26T02:30:00,4.260,90.90,0.000
2024-08-26T02:15:00,4.260,96.50,0.000
2024-08-26T02:00:00,4.260,95.30,0.000
2024-08-26T01:45:00,4.260,89.60,0.000
2024-08-26T01:30:00,4.260,98.90,0.000
2024-08-26T01:15:00,4.260,99.20,0.000
2024-08-26T01:00:00,4.270,93.90,0.000
2024-08-26T00:45:00,4.270,91.60,0.000
2024-08-26T00:30:00,4.270,95.70,0.000
2024-08-26T00:15:00,4.270,99.50,0.000
2024-08-26T00:00:00,4.270,98.80,0.000
2024-09-08T23:45:00,3.760,50.90,0.000
2024-09-08T23:30:00,3.770,50.20,0.000
2024-09-08T23:15:00,3.770,49.50,0.000
2024-09-08T23:00:00,3.770,50.20,0.000
2024-09-08T22:45:00,3.770,52.30,0.000
2024-09-08T22:30:00,3.780,51.30,0.000
2024-09-08T22:15:00,3.780,55.50,0.000
2024-09-08T22:00:00,3.790,53.10,0.000
2024-09-08T21:45:00,3.790,55.70,0.000
2024-09-08T21:30:00,3.790,54.70,0.000
2024-09-08T21:15:00,3.780,54.40,0.000
2024-09-08T21:00:00,3.790,52.50,0.000
2024-09-08T20:45:00,3.790,54.10,0.000
2024-09-08T20:30:00,3.790,52.20,0.000
2024-09-08T20:15:00,3.790,49.30,0.000
2024-09-08T20:00:00,3.790,53.70,0.000
2024-09-08T19:45:00,3.790,52.30,0.000
2024-09-08T19:30:00,3.780,50.10,0.000
2024-09-08T19:15:00,3.780,51.10,0.000
2024-09-08T19:00:00,3.780,54.20,0.000
2024-09-08T18:45:00,3.780,55.30,0.000
2024-09-08T18:30:00,3.780,54.80,0.000
2024-09-08T18:15:00,3.780,52.00,0.000
2024-09-08T18:00:00,3.780,64.80,0.000
2024-09-08T17:45:00,3.780,63.10,0.500
2024-09-08T17:30:00,3.770,58.80,2.500
2024-09-08T17:15:00,3.770,870.60,2.000
2024-09-08T17:00:00,3.760,0.00,3.000
2024-09-08T16:45:00,3.750,51.90,0.000
2024-09-08T16:30:00,3.750,53.80,1.500
2024-09-08T16:15:00,3.740,1,150.70,1.000
2024-09-08T16:00:00,3.740,45.80,0.000
2024-09-08T15:45:00,3.730,49.70,0.000
2024-09-08T15:30:00,3.730,64.60,0.000
2024-09-08T15:15:00,3.730,48.60,0.000
2024-09-08T15:00:00,3.730,54.20,0.000
2024-09-08T14:45:00,3.730,50.30,0.000
2024-09-08T14:30:00,3.720,50.90,0.000
2024-09-08T14:15:00,3.720,47.70,0.000
2024-09-08T14:00:00,3.720,49.10,0.000
2024-09-08T13:45:00,3.710,49.90,0.000
2024-09-08T13:30:00,3.710,46.20,0.000
2024-09-08T13:15:00,3.700,44.50,0.000
2024-09-08T13:00:00,3.700,49.50,0.000
2024-09-08T12:45:00,3.700,41.00,0.000
2024-09-08T12:30:00,3.690,51.40,0.000
2024-09-08T12:15:00,3.700,46.40,0.000
2024-09-08T12:00:00,3.690,40.40,0.000
2024-09-08T11:45:00,3.690,45.30,0.000
2024-09-08T11:30:00,3.680,51.10,0.000
2024-09-08T11:15:00,3.690,40.70,0.000
2024-09-08T11:00:00,3.680,44.40,0.000
2024-09-08T10:45:00,3.680,36.80,0.000
2024-09-08T10:30:00,3.680,41.60,0.000
2024-09-08T10:15:00,3.680,42.50,0.000
2024-09-08T10:00:00,3.680,44.50,0.000
2024-09-08T09:45:00,3.670,46.50,0.000
2024-09-08T09:30:00,3.680,48.10,0.000
2024-09-08T09:15:00,3.680,46.50,0.000
2024-09-08T09:00:00,3.680,48.20,0.000
2024-09-08T08:45:00,3.680,47.90,0.000
2024-09-08T08:30:00,3.690,49.10,0.000
2024-09-08T08:15:00,3.680,48.80,0.000
2024-09-08T08:00:00,3.690,53.00,0.000
2024-09-08T07:45:00,3.690,49.80,0.000
2024-09-08T07:30:00,3.690,51.10,0.000
2024-09-08T07:15:00,3.690,48.10,0.000
2024-09-08T07:00:00,3.700,46.60,0.000
2024-09-08T06:45:00,3.700,51.60,0.000
2024-09-08T06:30:00,3.710,53.20,0.000
2024-09-08T06:15:00,3.710,51.60,0.000
2024-09-08T06:00:00,3.710,52.20,0.000
2024-09-08T05:45:00,3.710,55.60,0.000
2024-09-08T05:30:00,3.710,54.30,0.000
2024-09-08T05:15:00,3.710,55.00,0.000
2024-09-08T05:00:00,3.720,49.30,0.000
2024-09-08T04:45:00,3.720,52.50,0.000
2024-09-08T04:30:00,3.720,53.00,0.000
2024-09-08T04:15:00,3.730,49.40,0.000
2024-09-08T04:00:00,3.730,52.00,0.000
2024-09-08T03:45:00,3.730,52.60,0.000
2024-09-08T03:30:00,3.730,56.00,0.000
2024-09-08T03:15:00,3.740,52.00,0.000
2024-09-08T03:00:00,3.740,54.70,0.000
2024-09-08T02:45:00,3.740,54.00,0.000
2024-09-08T02:30:00,3.750,53.80,0.000
2024-09-08T02:15:00,3.750,51.20,0.000
2024-09-08T02:00:00,3.760,54.00,0.000
2024-09-08T01:45:00,3.760,52.60,0.000
2024-09-08T01:30:00,3.760,52.00,0.000
2024-09-08T01:15:00,3.770,56.00,0.000
2024-09-08T01:00:00,3.770,54.10,0.000
2024-09-08T00:45:00,3.770,53.80,0.000
2024-09-08T00:30:00,3.770,54.00,0.000
2024-09-08T00:15:00,3.780,57.10,0.000
2024-09-08T00:00:00,3.780,56.00,0.000
2024-09-07T23:45:00,3.790,59.50,0.000
2024-09-07T23:30:00,3.790,58.30,0.000
2024-09-07T23:15:00,3.790,57.70,0.000
2024-09-07T23:00:00,3.800,57.60,0.000
2024-09-07T22:45:00,3.800,59.90,0.000
2024-09-07T22:30:00,3.810,58.00,0.000
2024-09-07T22:15:00,3.810,62.50,0.000
2024-09-07T22:00:00,3.810,58.30,0.000
2024-09-07T21:45:00,3.820,61.10,0.000
2024-09-07T21:30:00,3.810,55.80,0.000
2024-09-07T21:15:00,3.820,58.20,0.000
2024-09-07T21:00:00,3.820,60.60,0.000
2024-09-07T20:45:00,3.820,54.60,0.000
2024-09-07T20:30:00,3.810,59.80,0.000
2024-09-07T20:15:00,3.820,58.90,0.000
2024-09-07T20:00:00,3.810,56.60,0.000
2024-09-07T19:45:00,3.810,59.70,0.000
2024-09-07T19:30:00,3.810,56.90,0.000
2024-09-07T19:15:00,3.810,58.70,0.000
2024-09-07T19:00:00,3.800,58.10,0.000
2024-09-07T18:45:00,3.800,57.70,0.000
2024-09-07T18:30:00,3.800,59.30,0.000
2024-09-07T18:15:00,3.800,60.50,0.000
2024-09-07T18:00:00,3.790,56.70,0.000
2024-09-07T17:45:00,3.790,61.00,0.000
2024-09-07T17:30:00,3.800,62.20,0.000
2024-09-07T17:15:00,3.790,60.60,0.000
2024-09-07T17:00:00,3.780,59.60,0.000
2024-09-07T16:45:00,3.780,60.20,0.000
2024-09-07T16:30:00,3.780,51.80,0.000
2024-09-07T16:15:00,3.770,55.30,0.000
2024-09-07T16:00:00,3.770,66.90,0.500
2024-09-07T15:45:00,3.750,66.70,0.000
2024-09-07T15:30:00,3.750,63.20,0.000
2024-09-07T15:15:00,3.750,73.60,0.000
2024-09-07T15:00:00,3.750,57.60,0.000
2024-09-07T14:45:00,3.750,52.50,0.000
2024-09-07T14:30:00,3.740,67.80,0.000
2024-09-07T14:15:00,3.740,54.90,0.000
2024-09-07T14:00:00,3.740,51.20,0.000
2024-09-07T13:45:00,3.740,52.10,0.000
2024-09-07T13:30:00,3.740,51.70,0.000
2024-09-07T13:15:00,3.740,56.00,0.000
2024-09-07T13:00:00,3.740,62.90,0.000
2024-09-07T12:45:00,3.740,57.80,0.000
2024-09-07T12:30:00,3.740,61.20,0.000
2024-09-07T12:15:00,3.740,71.70,0.000
2024-09-07T12:00:00,3.740,56.40,0.000
2024-09-07T11:45:00,3.750,60.00,0.000
2024-09-07T11:30:00,3.750,53.90,0.000
2024-09-07T11:15:00,3.750,53.30,0.000
2024-09-07T11:00:00,3.750,53.10,0.000
2024-09-07T10:45:00,3.760,50.80,0.000
2024-09-07T10:30:00,3.760,52.70,0.000
2024-09-07T10:15:00,3.760,54.70,0.000
2024-09-07T10:00:00,3.760,59.70,0.000
2024-09-07T09:45:00,3.760,55.20,0.000
2024-09-07T09:30:00,3.760,55.10,0.000
2024-09-07T09:15:00,3.760,56.80,0.000
2024-09-07T09:00:00,3.760,54.80,0.000
2024-09-07T08:45:00,3.760,57.70,0.000
2024-09-07T08:30:00,3.770,54.10,0.000
2024-09-07T08:15:00,3.770,55.10,0.000
2024-09-07T08:00:00,3.770,57.30,0.000
2024-09-07T07:45:00,3.770,57.10,0.000
2024-09-07T07:30:00,3.770,58.90,0.000
2024-09-07T07:15:00,3.770,58.50,0.000
2024-09-07T07:00:00,3.780,59.80,0.000
2024-09-07T06:45:00,3.770,61.70,0.000
2024-09-07T06:30:00,3.780,57.80,0.000
2024-09-07T06:15:00,3.780,63.10,0.000
2024-09-07T06:00:00,3.770,62.10,0.000
2024-09-07T05:45:00,3.780,58.50,0.000
2024-09-07T05:30:00,3.770,58.30,0.000
2024-09-07T05:15:00,3.770,60.40,0.000
2024-09-07T05:00:00,3.780,63.40,0.000
2024-09-07T04:45:00,3.780,58.00,0.000
2024-09-07T04:30:00,3.780,56.70,0.000
2024-09-07T04:15:00,3.780,57.30,0.000
2024-09-07T04:00:00,3.780,60.40,0.000
2024-09-07T03:45:00,3.780,60.20,0.000
2024-09-07T03:30:00,3.780,61.40,0.000
2024-09-07T03:15:00,3.790,60.50,0.000
2024-09-07T03:00:00,3.790,60.00,0.000
2024-09-07T02:45:00,3.790,59.40,0.000
2024-09-07T02:30:00,3.800,57.90,0.000
2024-09-07T02:15:00,3.800,58.80,0.000
2024-09-07T02:00:00,3.800,57.50,0.000
2024-09-07T01:45:00,3.800,59.20,0.000
2024-09-07T01:30:00,3.800,64.10,0.000
2024-09-07T01:15:00,3.810,62.40,0.000
2024-09-07T01:00:00,3.810,59.40,0.000
2024-09-07T00:45:00,3.810,61.90,0.000
2024-09-07T00:30:00,3.810,57.30,0.000
2024-09-07T00:15:00,3.810,61.50,0.000
2024-09-07T00:00:00,3.820,58.20,0.000
2024-09-06T23:45:00,3.820,63.10,0.000
2024-09-06T23:30:00,3.820,58.60,0.000
2024-09-06T23:15:00,3.820,58.90,0.000
2024-09-06T23:00:00,3.820,59.90,0.000
2024-09-06T22:45:00,3.820,60.90,0.000
2024-09-06T22:30:00,3.830,64.90,0.000
2024-09-06T22:15:00,3.830,63.40,0.000
2024-09-06T22:00:00,3.830,65.80,0.000
2024-09-06T21:45:00,3.840,59.30,0.000
2024-09-06T21:30:00,3.840,60.90,0.000
2024-09-06T21:15:00,3.840,60.20,0.000
2024-09-06T21:00:00,3.840,62.80,0.000
2024-09-06T20:45:00,3.840,56.90,0.000
2024-09-06T20:30:00,3.850,57.40,0.000
2024-09-06T20:15:00,3.850,56.40,0.000
2024-09-06T20:00:00,3.850,60.20,0.000
2024-09-06T19:45:00,3.850,59.00,0.000
2024-09-06T19:30:00,3.860,56.30,0.000
2024-09-06T19:15:00,3.860,61.10,0.000
2024-09-06T19:00:00,3.860,61.80,0.000
2024-09-06T18:45:00,3.860,61.80,0.000
2024-09-06T18:30:00,3.870,60.70,0.000
2024-09-06T18:15:00,3.870,61.80,0.000
2024-09-06T18:00:00,3.870,62.00,0.000
2024-09-06T17:45:00,3.870,63.60,0.000
2024-09-06T17:30:00,3.870,61.20,0.000
2024-09-06T17:15:00,3.880,62.30,0.000
2024-09-06T17:00:00,3.880,60.20,0.000
2024-09-06T16:45:00,3.880,62.50,0.000
2024-09-06T16:30:00,3.890,63.20,0.000
2024-09-06T16:15:00,3.890,57.60,0.000
2024-09-06T16:00:00,3.890,58.90,0.000
2024-09-06T15:45:00,3.890,57.20,0.000
2024-09-06T15:30:00,3.890,61.80,0.000
2024-09-06T15:15:00,3.890,63.10,0.000
2024-09-06T15:00:00,3.890,64.20,0.000
2024-09-06T14:45:00,3.900,62.50,0.000
2024-09-06T14:30:00,3.900,58.90,0.000
2024-09-06T14:15:00,3.900,66.70,0.000
2024-09-06T14:00:00,3.910,59.20,0.000
2024-09-06T13:45:00,3.910,62.10,0.000
2024-09-06T13:30:00,3.910,65.60,0.000
2024-09-06T13:15:00,3.910,61.90,0.000
2024-09-06T13:00:00,3.920,65.60,0.000
2024-09-06T12:45:00,3.920,63.90,0.000
2024-09-06T12:30:00,3.920,60.80,0.000
2024-09-06T12:15:00,3.920,62.20,0.000
2024-09-06T12:00:00,3.930,60.60,0.000
2024-09-06T11:45:00,3.930,69.70,0.000
2024-09-06T11:30:00,3.920,56.70,0.000
2024-09-06T11:15:00,3.930,73.10,0.000
2024-09-06T11:00:00,3.940,68.00,0.000
2024-09-06T10:45:00,3.940,65.70,0.000
2024-09-06T10:30:00,3.940,73.40,0.000
2024-09-06T10:15:00,3.940,68.20,0.000
2024-09-06T10:00:00,3.940,68.50,0.000
2024-09-06T09:45:00,3.940,70.60,0.000
2024-09-06T09:30:00,3.940,69.20,0.000
2024-09-06T09:15:00,3.940,68.80,0.000
2024-09-06T09:00:00,3.940,67.60,0.000
2024-09-06T08:45:00,3.940,76.10,0.000
2024-09-06T08:30:00,3.930,72.60,0.000
2024-09-06T08:15:00,3.930,81.20,0.000
2024-09-06T08:00:00,3.940,84.30,0.000
2024-09-06T07:45:00,3.940,79.70,0.000
2024-09-06T07:30:00,3.940,78.60,0.000
2024-09-06T07:15:00,3.950,80.60,0.000
2024-09-06T07:00:00,3.950,78.70,0.000
2024-09-06T06:45:00,3.950,78.10,0.000
2024-09-06T06:30:00,3.960,82.70,0.000
2024-09-06T06:15:00,3.960,79.00,0.000
2024-09-06T06:00:00,3.960,84.80,0.000
2024-09-06T05:45:00,3.970,82.10,0.000
2024-09-06T05:30:00,3.980,82.60,0.000
2024-09-06T05:15:00,3.980,81.40,0.000
2024-09-06T05:00:00,3.990,81.10,0.000
2024-09-06T04:45:00,3.990,86.50,0.000
2024-09-06T04:30:00,3.990,88.60,0.000
2024-09-06T04:15:00,4.000,86.40,0.000
2024-09-06T04:00:00,4.010,88.70,0.000
2024-09-06T03:45:00,4.010,85.20,0.000
2024-09-06T03:30:00,4.020,84.20,0.000
2024-09-06T03:15:00,4.020,86.70,0.000
2024-09-06T03:00:00,4.030,87.00,0.000
2024-09-06T02:45:00,4.030,88.90,0.000
2024-09-06T02:30:00,4.040,88.00,0.000
2024-09-06T02:15:00,4.050,88.20,0.000
2024-09-06T02:00:00,4.050,89.00,0.000
2024-09-06T01:45:00,4.060,89.20,0.000
2024-09-06T01:30:00,4.070,88.90,0.000
2024-09-06T01:15:00,4.080,92.90,0.000
2024-09-06T01:00:00,4.090,88.40,0.000
2024-09-06T00:45:00,4.090,88.80,0.000
2024-09-06T00:30:00,4.100,93.30,0.000
2024-09-06T00:15:00,4.110,96.70,0.000
2024-09-06T00:00:00,4.120,95.80,0.000
2024-09-05T23:45:00,4.120,95.80,0.000
2024-09-05T23:30:00,4.130,96.70,0.000
2024-09-05T23:15:00,4.140,92.20,0.000
2024-09-05T23:00:00,4.160,100.90,0.000
2024-09-05T22:45:00,4.160,95.10,0.000
2024-09-05T22:30:00,4.170,99.20,0.000
2024-09-05T22:15:00,4.180,103.40,0.000
2024-09-05T22:00:00,4.180,105.20,0.000
2024-09-05T21:45:00,4.200,103.60,0.000
2024-09-05T21:30:00,4.210,105.70,0.000
2024-09-05T21:15:00,4.210,113.10,0.000
2024-09-05T21:00:00,4.210,115.00,0.000
2024-09-05T20:45:00,4.220,106.40,0.000
2024-09-05T20:30:00,4.230,120.00,0.000
2024-09-05T20:15:00,4.240,117.60,0.000
2024-09-05T20:00:00,4.230,112.50,0.000
2024-09-05T19:45:00,4.230,117.20,0.000
2024-09-05T19:30:00,4.230,117.20,0.000
2024-09-05T19:15:00,4.230,112.00,0.000
2024-09-05T19:00:00,4.230,112.90,0.000
2024-09-05T18:45:00,4.230,106.20,0.000
2024-09-05T18:30:00,4.220,104.10,0.000
2024-09-05T18:15:00,4.220,103.20,0.000
2024-09-05T18:00:00,4.210,106.90,0.000
2024-09-05T17:45:00,4.220,107.40,0.000
2024-09-05T17:30:00,4.210,105.30,0.000
2024-09-05T17:15:00,4.210,103.00,0.000
2024-09-05T17:00:00,4.220,99.80,0.000
2024-09-05T16:45:00,4.220,103.20,0.000
2024-09-05T16:30:00,4.230,106.20,0.000
2024-09-05T16:15:00,4.240,103.10,0.000
2024-09-05T16:00:00,4.240,97.00,0.000
2024-09-05T15:45:00,4.250,108.40,0.000
2024-09-05T15:30:00,4.260,110.50,0.000
2024-09-05T15:15:00,4.270,110.20,0.000
2024-09-05T15:00:00,4.280,105.80,0.000
2024-09-05T14:45:00,4.280,104.50,0.000
2024-09-05T14:30:00,4.300,107.00,0.000
2024-09-05T14:15:00,4.300,102.60,0.000
2024-09-05T14:00:00,4.310,105.90,0.000
2024-09-05T13:45:00,4.320,148.40,0.000
2024-09-05T13:30:00,4.330,102.70,0.000
2024-09-05T13:15:00,4.340,108.30,0.000
2024-09-05T13:00:00,4.350,106.90,0.000
2024-09-05T12:45:00,4.350,106.20,0.000
2024-09-05T12:30:00,4.370,116.60,0.000
2024-09-05T12:15:00,4.380,121.00,0.000
2024-09-05T12:00:00,4.390,110.10,0.000
2024-09-05T11:45:00,4.400,104.90,0.000
2024-09-05T11:30:00,4.410,127.60,0.000
2024-09-05T11:15:00,4.410,120.30,0.000
2024-09-05T11:00:00,4.430,117.80,0.000
2024-09-05T10:45:00,4.430,130.60,0.000
2024-09-05T10:30:00,4.450,119.10,0.000
2024-09-05T10:15:00,4.450,125.30,0.000
2024-09-05T10:00:00,4.460,115.30,0.000
2024-09-05T09:45:00,4.470,127.40,0.000
2024-09-05T09:30:00,4.480,123.40,0.000
2024-09-05T09:15:00,4.490,141.60,0.000
2024-09-05T09:00:00,4.510,128.90,0.000
2024-09-05T08:45:00,4.510,135.00,0.000
2024-09-05T08:30:00,4.520,141.40,0.000
2024-09-05T08:15:00,4.520,145.50,0.000
2024-09-05T08:00:00,4.530,154.90,0.000
2024-09-05T07:45:00,4.540,156.90,0.000
2024-09-05T07:30:00,4.550,148.40,0.000
2024-09-05T07:15:00,4.570,162.90,0.000
2024-09-05T07:00:00,4.590,148.40,0.000
2024-09-05T06:45:00,4.600,148.00,0.000
2024-09-05T06:30:00,4.610,159.50,0.000
2024-09-05T06:15:00,4.620,169.60,0.000
2024-09-05T06:00:00,4.630,164.20,0.000
2024-09-05T05:45:00,4.650,166.10,0.000
2024-09-05T05:30:00,4.660,164.20,0.000
2024-09-05T05:15:00,4.670,166.40,0.000
2024-09-05T05:00:00,4.690,171.60,0.000
2024-09-05T04:45:00,4.700,162.80,0.000
2024-09-05T04:30:00,4.720,172.70,0.000
2024-09-05T04:15:00,4.730,164.60,0.000
2024-09-05T04:00:00,4.740,172.60,0.000
2024-09-05T03:45:00,4.760,167.90,0.000
2024-09-05T03:30:00,4.780,165.70,0.000
2024-09-05T03:15:00,4.790,171.00,0.000
2024-09-05T03:00:00,4.810,171.30,0.000
2024-09-05T02:45:00,4.830,176.70,0.000
2024-09-05T02:30:00,4.840,176.30,0.000
2024-09-05T02:15:00,4.850,178.10,0.000
2024-09-05T02:00:00,4.870,182.40,0.000
2024-09-05T01:45:00,4.880,180.30,0.000
2024-09-05T01:30:00,4.900,180.70,0.000
2024-09-05T01:15:00,4.920,176.40,0.000
2024-09-05T01:00:00,4.940,183.50,0.000
2024-09-05T00:45:00,4.960,186.50,0.000
2024-09-05T00:30:00,4.980,179.90,0.000
2024-09-05T00:15:00,5.000,187.30,0.000
2024-09-05T00:00:00,5.010,176.20,0.000
2024-09-04T23:45:00,5.030,183.50,0.000
2024-09-04T23:30:00,5.050,186.90,0.000
2024-09-04T23:15:00,5.070,188.50,0.000
2024-09-04T23:00:00,5.090,194.70,0.000
2024-09-04T22:45:00,5.110,184.80,0.000
2024-09-04T22:30:00,5.130,203.80,0.000
2024-09-04T22:15:00,5.140,176.00,0.000
2024-09-04T22:00:00,5.170,183.30,0.000
2024-09-04T21:45:00,5.180,197.00,0.000
2024-09-04T21:30:00,5.200,195.70,0.000
2024-09-04T21:15:00,5.220,187.10,0.000
2024-09-04T21:00:00,5.250,187.20,0.000
2024-09-04T20:45:00,5.270,184.50,0.000
2024-09-04T20:30:00,5.280,194.30,0.000
2024-09-04T20:15:00,5.300,169.80,0.000
2024-09-04T20:00:00,5.320,183.90,0.000
2024-09-04T19:45:00,5.340,172.40,0.000
2024-09-04T19:30:00,5.360,190.80,0.000
2024-09-04T19:15:00,5.370,195.40,0.000
2024-09-04T19:00:00,5.380,204.20,0.000
2024-09-04T18:45:00,5.410,192.20,0.000
2024-09-04T18:30:00,5.420,198.50,0.000
2024-09-04T18:15:00,5.430,188.50,0.000
2024-09-04T18:00:00,5.450,183.50,0.000
2024-09-04T17:45:00,5.470,199.70,0.000
2024-09-04T17:30:00,5.480,191.90,0.000
2024-09-04T17:15:00,5.500,191.20,0.000
2024-09-04T17:00:00,5.520,195.50,0.000
2024-09-04T16:45:00,5.540,176.00,0.000
2024-09-04T16:30:00,5.550,185.70,0.000
2024-09-04T16:15:00,5.570,194.30,0.000
2024-09-04T16:00:00,5.590,215.90,0.000
2024-09-04T15:45:00,5.600,201.10,0.000
2024-09-04T15:30:00,5.620,199.90,0.000
2024-09-04T15:15:00,5.630,196.90,0.000
2024-09-04T15:00:00,5.640,221.30,0.500
2024-09-04T14:45:00,5.660,182.20,0.000
2024-09-04T14:30:00,5.670,195.80,0.000
2024-09-04T14:15:00,5.680,197.90,0.000
2024-09-04T14:00:00,5.680,207.10,0.000
2024-09-04T13:45:00,5.690,195.90,0.000
2024-09-04T13:30:00,5.700,215.50,0.000
2024-09-04T13:15:00,5.700,212.80,0.000
2024-09-04T13:00:00,5.710,233.20,0.000
2024-09-04T12:45:00,5.720,206.40,0.000
2024-09-04T12:30:00,5.720,213.40,0.000
2024-09-04T12:15:00,5.720,223.30,0.000
2024-09-04T12:00:00,5.720,215.50,0.000
2024-09-04T11:45:00,5.700,202.20,0.000
2024-09-04T11:30:00,5.690,224.40,0.000
2024-09-04T11:15:00,5.660,234.20,0.000
2024-09-04T11:00:00,5.650,228.50,0.000
2024-09-04T10:45:00,5.630,210.10,0.000
2024-09-04T10:30:00,5.610,229.20,0.000
2024-09-04T10:15:00,5.570,217.40,0.000
2024-09-04T10:00:00,5.540,208.20,0.000
2024-09-04T09:45:00,5.500,219.20,0.000
2024-09-04T09:30:00,5.450,232.60,0.000
2024-09-04T09:15:00,5.410,239.60,0.000
2024-09-04T09:00:00,5.340,232.20,0.000
2024-09-04T08:45:00,5.270,225.40,0.000
2024-09-04T08:30:00,5.200,232.50,0.000
2024-09-04T08:15:00,5.120,227.50,0.000
2024-09-04T08:00:00,5.040,233.10,0.000
2024-09-04T07:45:00,4.950,228.50,0.000
2024-09-04T07:30:00,4.880,216.40,0.000
2024-09-04T07:15:00,4.800,205.60,0.000
2024-09-04T07:00:00,4.720,203.40,0.000
2024-09-04T06:45:00,4.660,186.90,0.000
2024-09-04T06:30:00,4.590,169.50,0.000
2024-09-04T06:15:00,4.510,168.10,0.500
2024-09-04T06:00:00,4.420,152.30,0.000
2024-09-04T05:45:00,4.350,146.50,0.500
2024-09-04T05:30:00,4.280,130.50,0.500
2024-09-04T05:15:00,4.220,119.10,0.500
2024-09-04T05:00:00,4.180,110.10,0.500
2024-09-04T04:45:00,4.140,106.40,1.000
2024-09-04T04:30:00,4.100,105.00,1.000
2024-09-04T04:15:00,4.080,96.00,1.500
2024-09-04T04:00:00,4.060,90.60,1.500
2024-09-04T03:45:00,4.030,91.70,2.500
2024-09-04T03:30:00,4.020,88.90,2.000
2024-09-04T03:15:00,4.010,87.80,1.500
2024-09-04T03:00:00,4.000,82.00,1.500
2024-09-04T02:45:00,3.990,83.60,0.500
2024-09-04T02:30:00,3.990,81.20,0.500
2024-09-04T02:15:00,3.990,77.60,0.500
2024-09-04T02:00:00,3.980,77.50,1.000
2024-09-04T01:45:00,3.980,77.40,0.500
2024-09-04T01:30:00,3.970,73.90,1.500
2024-09-04T01:15:00,3.970,77.60,7.500
2024-09-04T01:00:00,3.960,72.00,17.000
2024-09-04T00:45:00,3.930,65.00,0.500
2024-09-04T00:30:00,3.930,57.10,0.000
2024-09-04T00:15:00,3.930,58.90,0.000
2024-09-04T00:00:00,3.940,74.70,0.500
2024-09-03T23:45:00,3.950,77.10,0.500
2024-09-03T23:30:00,3.960,77.00,0.000
2024-09-03T23:15:00,3.960,64.30,0.000
2024-09-03T23:00:00,3.970,73.60,0.000
2024-09-03T22:45:00,3.970,67.10,0.000
2024-09-03T22:30:00,3.990,59.90,0.000
2024-09-03T22:15:00,3.990,61.20,0.000
2024-09-03T22:00:00,3.990,64.50,0.000
2024-09-03T21:45:00,4.000,66.70,0.000
2024-09-03T21:30:00,4.010,64.30,0.000
2024-09-03T21:15:00,4.010,67.00,0.000
2024-09-03T21:00:00,4.010,65.10,0.000
2024-09-03T20:45:00,4.020,65.20,0.000
2024-09-03T20:30:00,4.020,74.90,0.000
2024-09-03T20:15:00,4.020,70.00,0.000
2024-09-03T20:00:00,4.020,68.00,0.500
2024-09-03T19:45:00,4.020,74.80,2.500
2024-09-03T19:30:00,4.030,86.30,4.500
2024-09-03T19:15:00,4.020,83.60,5.000
2024-09-03T19:00:00,4.020,66.50,0.000
2024-09-03T18:45:00,4.020,67.60,0.000
2024-09-03T18:30:00,4.030,69.60,0.000
2024-09-03T18:15:00,4.030,69.50,0.000
2024-09-03T18:00:00,4.020,66.80,0.000
2024-09-03T17:45:00,4.030,71.20,0.000
2024-09-03T17:30:00,4.030,69.40,0.000
2024-09-03T17:15:00,4.030,65.80,0.000
2024-09-03T17:00:00,4.040,70.00,0.000
2024-09-03T16:45:00,4.040,67.60,0.000
2024-09-03T16:30:00,4.040,66.70,0.000
2024-09-03T16:15:00,4.040,66.70,0.000
2024-09-03T16:00:00,4.040,66.60,0.000
2024-09-03T15:45:00,4.040,68.00,0.000
2024-09-03T15:30:00,4.040,67.50,0.000
2024-09-03T15:15:00,4.040,65.00,0.000
2024-09-03T15:00:00,4.040,63.30,0.000
2024-09-03T14:45:00,4.040,60.70,0.000
2024-09-03T14:30:00,4.040,57.70,0.000
2024-09-03T14:15:00,4.040,58.30,0.000
2024-09-03T14:00:00,4.040,62.50,0.000
2024-09-03T13:45:00,4.030,65.20,0.000
2024-09-03T13:30:00,4.040,66.10,0.000
2024-09-03T13:15:00,4.040,67.20,0.000
2024-09-03T13:00:00,4.040,70.20,0.000
2024-09-03T12:45:00,4.030,66.40,0.000
2024-09-03T12:30:00,4.030,67.40,0.000
2024-09-03T12:15:00,4.030,67.10,0.000
2024-09-03T12:00:00,4.020,63.50,0.000
2024-09-03T11:45:00,4.020,71.40,0.000
2024-09-03T11:30:00,4.020,64.70,0.000
2024-09-03T11:15:00,4.020,69.10,0.000
2024-09-03T11:00:00,4.010,68.10,0.000
2024-09-03T10:45:00,4.010,64.10,0.000
2024-09-03T10:30:00,4.000,69.80,0.000
2024-09-03T10:15:00,4.000,67.80,0.000
2024-09-03T10:00:00,3.990,65.60,0.000
2024-09-03T09:45:00,3.990,68.60,0.000
2024-09-03T09:30:00,3.980,65.80,0.000
2024-09-03T09:15:00,3.980,69.10,0.000
2024-09-03T09:00:00,3.980,68.10,0.000
2024-09-03T08:45:00,3.970,70.80,0.000
2024-09-03T08:30:00,3.970,68.50,0.000
2024-09-03T08:15:00,3.960,64.90,0.000
2024-09-03T08:00:00,3.940,73.50,1.500
2024-09-03T07:45:00,3.920,80.20,7.500
2024-09-03T07:30:00,3.900,83.40,6.000
2024-09-03T07:15:00,3.880,75.80,7.000
2024-09-03T07:00:00,3.860,76.50,6.500
2024-09-03T06:45:00,3.850,76.00,3.000
2024-09-03T06:30:00,3.830,72.90,4.500
2024-09-03T06:15:00,3.800,73.10,2.000
2024-09-03T06:00:00,3.800,60.80,0.000
2024-09-03T05:45:00,3.800,64.30,0.500
2024-09-03T05:30:00,3.800,61.60,0.000
2024-09-03T05:15:00,3.800,61.50,0.000
2024-09-03T05:00:00,3.800,60.00,0.000
2024-09-03T04:45:00,3.800,62.80,0.500
2024-09-03T04:30:00,3.800,61.70,0.000
2024-09-03T04:15:00,3.810,62.70,0.000
2024-09-03T04:00:00,3.810,63.10,0.000
2024-09-03T03:45:00,3.810,60.50,0.000
2024-09-03T03:30:00,3.820,63.90,0.000
2024-09-03T03:15:00,3.820,63.20,0.000
2024-09-03T03:00:00,3.820,68.60,0.000
2024-09-03T02:45:00,3.820,62.40,0.000
2024-09-03T02:30:00,3.830,65.20,0.000
2024-09-03T02:15:00,3.830,62.40,0.000
2024-09-03T02:00:00,3.830,63.70,0.000
2024-09-03T01:45:00,3.830,60.10,0.000
2024-09-03T01:30:00,3.830,65.80,0.000
2024-09-03T01:15:00,3.830,62.90,0.000
2024-09-03T01:00:00,3.830,63.00,0.000
2024-09-03T00:45:00,3.840,61.90,0.000
2024-09-03T00:30:00,3.840,62.40,0.000
2024-09-03T00:15:00,3.840,63.20,0.000
2024-09-03T00:00:00,3.840,62.80,0.000
2024-09-02T23:45:00,3.840,61.00,0.000
2024-09-02T23:30:00,3.850,62.20,0.000
2024-09-02T23:15:00,3.850,62.80,0.000
2024-09-02T23:00:00,3.850,62.50,0.000
2024-09-02T22:45:00,3.850,61.80,0.000
2024-09-02T22:30:00,3.860,62.00,0.000
2024-09-02T22:15:00,3.860,58.10,0.000
2024-09-02T22:00:00,3.860,69.70,4.000
2024-09-02T21:45:00,3.860,76.80,1.000
2024-09-02T21:30:00,3.870,76.30,2.000
2024-09-02T21:15:00,3.870,80.70,0.500
2024-09-02T21:00:00,3.880,76.20,0.000
2024-09-02T20:45:00,3.880,58.80,9.500
2024-09-02T20:30:00,3.860,84.90,10.500
2024-09-02T20:15:00,3.850,78.70,0.500
2024-09-02T20:00:00,3.860,82.10,0.000
2024-09-02T19:45:00,3.870,69.40,0.000
2024-09-02T19:30:00,3.870,67.10,0.000
2024-09-02T19:15:00,3.880,66.30,0.000
2024-09-02T19:00:00,3.880,73.50,0.000
2024-09-02T18:45:00,3.890,73.50,0.000
2024-09-02T18:30:00,3.890,70.40,0.000
2024-09-02T18:15:00,3.890,73.00,0.000
2024-09-02T18:00:00,3.880,73.40,0.000
2024-09-02T17:45:00,3.880,70.30,0.000
2024-09-02T17:30:00,3.880,70.20,0.000
2024-09-02T17:15:00,3.880,71.30,0.000
2024-09-02T17:00:00,3.880,72.50,0.000
2024-09-02T16:45:00,3.870,72.70,0.000
2024-09-02T16:30:00,3.870,69.60,0.000
2024-09-02T16:15:00,3.870,68.60,0.000
2024-09-02T16:00:00,3.870,67.40,0.000
2024-09-02T15:45:00,3.860,65.30,0.000
2024-09-02T15:30:00,3.860,70.60,0.000
2024-09-02T15:15:00,3.860,68.20,0.000
2024-09-02T15:00:00,3.860,69.40,0.000
2024-09-02T14:45:00,3.860,68.10,0.000
2024-09-02T14:30:00,3.870,70.70,0.000
2024-09-02T14:15:00,3.870,70.70,0.000
2024-09-02T14:00:00,3.860,69.30,0.000
2024-09-02T13:45:00,3.870,70.20,0.000
2024-09-02T13:30:00,3.870,68.80,0.000
2024-09-02T13:15:00,3.870,69.80,0.000
2024-09-02T13:00:00,3.870,71.10,0.000
2024-09-02T12:45:00,3.870,64.40,0.000
2024-09-02T12:30:00,3.870,68.60,0.000
2024-09-02T12:15:00,3.870,69.90,0.000
2024-09-02T12:00:00,3.870,67.40,0.000
2024-09-02T11:45:00,3.870,68.70,0.000
2024-09-02T11:30:00,3.870,72.20,0.000
2024-09-02T11:15:00,3.870,75.50,0.000
2024-09-02T11:00:00,3.870,72.80,0.000
2024-09-02T10:45:00,3.870,70.50,0.000
2024-09-02T10:30:00,3.870,72.80,0.000
2024-09-02T10:15:00,3.870,74.70,0.000
2024-09-02T10:00:00,3.870,74.00,0.000
2024-09-02T09:45:00,3.870,72.40,0.000
2024-09-02T09:30:00,3.880,70.90,0.000
2024-09-02T09:15:00,3.880,69.60,0.000
2024-09-02T09:00:00,3.880,74.00,0.000
2024-09-02T08:45:00,3.870,74.70,0.000
2024-09-02T08:30:00,3.880,74.40,0.000
2024-09-02T08:15:00,3.880,71.30,0.000
2024-09-02T08:00:00,3.880,69.20,0.000
2024-09-02T07:45:00,3.880,69.10,0.000
2024-09-02T07:30:00,3.880,73.50,0.000
2024-09-02T07:15:00,3.880,68.30,0.000
2024-09-02T07:00:00,3.880,69.30,0.000
2024-09-02T06:45:00,3.880,76.00,0.000
2024-09-02T06:30:00,3.880,73.50,0.000
2024-09-02T06:15:00,3.880,70.00,0.000
2024-09-02T06:00:00,3.880,69.10,0.000
2024-09-02T05:45:00,3.870,71.00,0.000
2024-09-02T05:30:00,3.880,69.90,0.000
2024-09-02T05:15:00,3.880,71.20,0.000
2024-09-02T05:00:00,3.880,73.60,0.000
2024-09-02T04:45:00,3.870,69.10,0.000
2024-09-02T04:30:00,3.870,70.50,0.000
2024-09-02T04:15:00,3.870,66.70,0.000
2024-09-02T04:00:00,3.870,69.60,0.000
2024-09-02T03:45:00,3.870,70.70,0.000
2024-09-02T03:30:00,3.870,71.50,0.000
2024-09-02T03:15:00,3.870,70.60,0.000
2024-09-02T03:00:00,3.880,71.60,0.000
2024-09-02T02:45:00,3.870,67.20,0.000
2024-09-02T02:30:00,3.870,70.70,0.000
2024-09-02T02:15:00,3.870,72.40,0.000
2024-09-02T02:00:00,3.870,68.00,0.000
2024-09-02T01:45:00,3.870,69.80,0.000
2024-09-02T01:30:00,3.870,70.70,0.000
2024-09-02T01:15:00,3.870,68.50,0.000
2024-09-02T01:00:00,3.860,68.30,0.000
2024-09-02T00:45:00,3.870,67.40,0.000
2024-09-02T00:30:00,3.870,71.60,0.000
2024-09-02T00:15:00,3.870,77.40,1.000
2024-09-02T00:00:00,3.870,83.20,1.000
2024-09-15T23:45:00,4.120,84.30,0.000
2024-09-15T23:30:00,4.120,83.60,0.000
2024-09-15T23:15:00,4.130,88.30,0.000
2024-09-15T23:00:00,4.130,85.60,0.000
2024-09-15T22:45:00,4.130,85.70,0.000
2024-09-15T22:30:00,4.130,94.50,0.500
2024-09-15T22:15:00,4.140,107.50,0.500
2024-09-15T22:00:00,4.140,102.80,0.500
2024-09-15T21:45:00,4.140,104.90,0.500
2024-09-15T21:30:00,4.140,96.30,0.000
2024-09-15T21:15:00,4.150,86.00,0.000
2024-09-15T21:00:00,4.150,87.60,0.500
2024-09-15T20:45:00,4.160,87.00,0.000
2024-09-15T20:30:00,4.160,88.40,0.000
2024-09-15T20:15:00,4.160,96.00,0.000
2024-09-15T20:00:00,4.170,81.20,0.000
2024-09-15T19:45:00,4.170,93.00,0.000
2024-09-15T19:30:00,4.170,98.80,2.000
2024-09-15T19:15:00,4.170,93.80,0.000
2024-09-15T19:00:00,4.170,79.90,0.000
2024-09-15T18:45:00,4.170,88.50,0.000
2024-09-15T18:30:00,4.180,90.50,0.000
2024-09-15T18:15:00,4.180,82.70,0.000
2024-09-15T18:00:00,4.180,91.40,0.000
2024-09-15T17:45:00,4.180,94.20,0.000
2024-09-15T17:30:00,4.190,87.40,0.000
2024-09-15T17:15:00,4.190,89.40,0.000
2024-09-15T17:00:00,4.200,91.30,0.000
2024-09-15T16:45:00,4.200,88.00,0.000
2024-09-15T16:30:00,4.210,86.60,0.000
2024-09-15T16:15:00,4.210,93.50,0.000
2024-09-15T16:00:00,4.220,90.20,0.000
2024-09-15T15:45:00,4.220,96.60,0.000
2024-09-15T15:30:00,4.230,92.80,0.000
2024-09-15T15:15:00,4.230,95.30,0.000
2024-09-15T15:00:00,4.230,93.20,0.000
2024-09-15T14:45:00,4.230,94.30,0.000
2024-09-15T14:30:00,4.240,96.90,0.000
2024-09-15T14:15:00,4.250,99.50,0.000
2024-09-15T14:00:00,4.250,101.20,0.000
2024-09-15T13:45:00,4.260,106.40,0.000
2024-09-15T13:30:00,4.260,94.60,0.000
2024-09-15T13:15:00,4.270,97.10,0.000
2024-09-15T13:00:00,4.270,102.20,0.000
2024-09-15T12:45:00,4.280,100.80,0.000
2024-09-15T12:30:00,4.290,101.00,0.000
2024-09-15T12:15:00,4.290,102.90,0.000
2024-09-15T12:00:00,4.290,97.40,0.000
2024-09-15T11:45:00,4.300,100.50,0.000
2024-09-15T11:30:00,4.310,93.40,0.000
2024-09-15T11:15:00,4.320,99.60,0.000
2024-09-15T11:00:00,4.320,101.00,0.000
2024-09-15T10:45:00,4.320,101.50,0.000
2024-09-15T10:30:00,4.330,101.10,0.000
2024-09-15T10:15:00,4.340,105.10,0.000
2024-09-15T10:00:00,4.340,113.00,0.000
2024-09-15T09:45:00,4.350,104.40,0.000
2024-09-15T09:30:00,4.350,109.40,0.000
2024-09-15T09:15:00,4.360,111.00,0.000
2024-09-15T09:00:00,4.360,111.80,0.000
2024-09-15T08:45:00,4.370,110.00,0.000
2024-09-15T08:30:00,4.370,109.20,0.000
2024-09-15T08:15:00,4.380,110.90,0.000
2024-09-15T08:00:00,4.380,105.90,0.000
2024-09-15T07:45:00,4.380,122.20,0.000
2024-09-15T07:30:00,4.380,120.10,0.000
2024-09-15T07:15:00,4.390,116.00,0.000
2024-09-15T07:00:00,4.390,114.80,0.000
2024-09-15T06:45:00,4.390,119.30,0.000
2024-09-15T06:30:00,4.390,119.40,0.000
2024-09-15T06:15:00,4.390,123.90,0.500
2024-09-15T06:00:00,4.390,111.00,0.000
2024-09-15T05:45:00,4.390,122.70,0.000
2024-09-15T05:30:00,4.370,120.10,0.000
2024-09-15T05:15:00,4.370,129.30,0.000
2024-09-15T05:00:00,4.380,126.30,0.000
2024-09-15T04:45:00,4.390,126.20,0.000
2024-09-15T04:30:00,4.410,127.20,0.000
2024-09-15T04:15:00,4.410,120.50,0.000
2024-09-15T04:00:00,4.420,129.70,0.000
2024-09-15T03:45:00,4.430,130.80,0.000
2024-09-15T03:30:00,4.440,131.20,0.000
2024-09-15T03:15:00,4.450,133.40,0.000
2024-09-15T03:00:00,4.450,128.90,0.000
2024-09-15T02:45:00,4.460,142.80,0.000
2024-09-15T02:30:00,4.470,135.10,0.000
2024-09-15T02:15:00,4.480,139.40,0.000
2024-09-15T02:00:00,4.490,133.70,0.000
2024-09-15T01:45:00,4.500,139.70,0.000
2024-09-15T01:30:00,4.520,142.70,0.000
2024-09-15T01:15:00,4.520,144.10,0.000
2024-09-15T01:00:00,4.540,148.60,0.000
2024-09-15T00:45:00,4.540,147.30,0.000
2024-09-15T00:30:00,4.560,149.80,0.000
2024-09-15T00:15:00,4.560,154.10,0.000
2024-09-15T00:00:00,4.580,157.00,0.000
2024-09-14T23:45:00,4.590,157.50,1.500
2024-09-14T23:30:00,4.600,156.40,0.000
2024-09-14T23:15:00,4.600,153.30,0.000
2024-09-14T23:00:00,4.610,158.10,0.000
2024-09-14T22:45:00,4.630,159.90,0.000
2024-09-14T22:30:00,4.640,160.70,0.000
2024-09-14T22:15:00,4.650,159.60,0.000
2024-09-14T22:00:00,4.660,164.50,0.000
2024-09-14T21:45:00,4.670,159.50,0.000
2024-09-14T21:30:00,4.680,165.90,0.000
2024-09-14T21:15:00,4.690,148.10,0.000
2024-09-14T21:00:00,4.710,159.90,0.000
2024-09-14T20:45:00,4.720,158.60,0.000
2024-09-14T20:30:00,4.730,174.00,0.000
2024-09-14T20:15:00,4.740,171.70,0.000
2024-09-14T20:00:00,4.760,165.30,0.000
2024-09-14T19:45:00,4.770,159.50,0.000
2024-09-14T19:30:00,4.780,166.00,0.000
2024-09-14T19:15:00,4.790,166.80,0.000
2024-09-14T19:00:00,4.810,168.00,0.000
2024-09-14T18:45:00,4.820,163.00,0.000
2024-09-14T18:30:00,4.830,166.60,0.000
2024-09-14T18:15:00,4.840,163.00,0.000
2024-09-14T18:00:00,4.850,167.20,0.000
2024-09-14T17:45:00,4.860,168.40,0.000
2024-09-14T17:30:00,4.880,170.50,0.000
2024-09-14T17:15:00,4.890,170.80,0.000
2024-09-14T17:00:00,4.900,178.50,0.000
2024-09-14T16:45:00,4.910,171.80,0.000
2024-09-14T16:30:00,4.930,171.70,0.000
2024-09-14T16:15:00,4.950,176.70,0.000
2024-09-14T16:00:00,4.960,183.20,0.000
2024-09-14T15:45:00,4.980,177.80,0.000
2024-09-14T15:30:00,4.990,180.70,0.500
2024-09-14T15:15:00,5.000,158.30,0.000
2024-09-14T15:00:00,5.010,177.40,0.000
2024-09-14T14:45:00,5.020,178.30,0.000
2024-09-14T14:30:00,5.040,188.10,0.000
2024-09-14T14:15:00,5.050,174.20,0.000
2024-09-14T14:00:00,5.070,190.90,0.000
2024-09-14T13:45:00,5.080,185.00,0.000
2024-09-14T13:30:00,5.090,185.30,0.000
2024-09-14T13:15:00,5.110,174.00,0.000
2024-09-14T13:00:00,5.120,185.50,0.000
2024-09-14T12:45:00,5.130,197.30,0.000
2024-09-14T12:30:00,5.140,170.10,0.000
2024-09-14T12:15:00,5.160,187.60,0.000
2024-09-14T12:00:00,5.170,188.00,0.000
2024-09-14T11:45:00,5.190,194.60,0.000
2024-09-14T11:30:00,5.200,190.90,0.000
2024-09-14T11:15:00,5.230,189.20,0.000
2024-09-14T11:00:00,5.240,188.50,0.000
2024-09-14T10:45:00,5.240,188.60,0.000
2024-09-14T10:30:00,5.240,196.40,0.500
2024-09-14T10:15:00,5.250,189.60,0.000
2024-09-14T10:00:00,5.240,199.00,0.000
2024-09-14T09:45:00,5.250,202.80,0.000
2024-09-14T09:30:00,5.250,186.30,0.000
2024-09-14T09:15:00,5.240,188.80,0.000
2024-09-14T09:00:00,5.240,192.80,0.000
2024-09-14T08:45:00,5.230,200.90,0.000
2024-09-14T08:30:00,5.230,199.50,0.000
2024-09-14T08:15:00,5.230,198.10,0.000
2024-09-14T08:00:00,5.220,210.50,0.000
2024-09-14T07:45:00,5.220,204.50,0.000
2024-09-14T07:30:00,5.210,203.40,0.000
2024-09-14T07:15:00,5.200,201.10,0.000
2024-09-14T07:00:00,5.190,202.80,0.000
2024-09-14T06:45:00,5.190,208.40,0.000
2024-09-14T06:30:00,5.180,211.40,0.000
2024-09-14T06:15:00,5.180,196.70,0.000
2024-09-14T06:00:00,5.150,204.60,0.000
2024-09-14T05:45:00,5.140,193.00,0.000
2024-09-14T05:30:00,5.110,204.90,0.000
2024-09-14T05:15:00,5.100,205.20,0.000
2024-09-14T05:00:00,5.070,208.70,0.000
2024-09-14T04:45:00,5.050,189.10,0.000
2024-09-14T04:30:00,5.030,196.90,0.000
2024-09-14T04:15:00,5.000,183.40,0.000
2024-09-14T04:00:00,4.980,183.70,0.000
2024-09-14T03:45:00,4.970,178.50,0.000
2024-09-14T03:30:00,4.910,171.50,0.000
2024-09-14T03:15:00,4.860,170.60,0.000
2024-09-14T03:00:00,4.800,168.50,0.000
2024-09-14T02:45:00,4.750,167.10,0.000
2024-09-14T02:30:00,4.690,170.80,0.500
2024-09-14T02:15:00,4.640,161.10,0.000
2024-09-14T02:00:00,4.580,150.40,0.500
2024-09-14T01:45:00,4.530,143.10,1.000
2024-09-14T01:30:00,4.480,136.40,1.000
2024-09-14T01:15:00,4.440,137.90,0.500
2024-09-14T01:00:00,4.400,130.00,1.000
2024-09-14T00:45:00,4.370,126.30,0.500
2024-09-14T00:30:00,4.350,121.90,0.500
2024-09-14T00:15:00,4.330,121.90,1.500
2024-09-14T00:00:00,4.310,113.70,1.500
2024-09-13T23:45:00,4.290,112.60,6.500
2024-09-13T23:30:00,4.250,107.90,14.000
2024-09-13T23:15:00,4.220,105.10,30.000
2024-09-13T23:00:00,4.150,84.60,10.500
2024-09-13T22:45:00,4.130,98.70,5.500
2024-09-13T22:30:00,4.130,100.40,4.500
2024-09-13T22:15:00,4.120,98.20,0.500
2024-09-13T22:00:00,4.130,79.90,0.000
2024-09-13T21:45:00,4.130,78.30,0.500
2024-09-13T21:30:00,4.140,95.00,1.000
2024-09-13T21:15:00,4.140,95.10,2.000
2024-09-13T21:00:00,4.150,87.50,0.000
2024-09-13T20:45:00,4.150,89.10,0.000
2024-09-13T20:30:00,4.160,74.70,0.000
2024-09-13T20:15:00,4.170,73.40,0.000
2024-09-13T20:00:00,4.170,85.70,0.000
2024-09-13T19:45:00,4.180,77.60,0.000
2024-09-13T19:30:00,4.190,69.60,0.000
2024-09-13T19:15:00,4.200,79.50,0.000
2024-09-13T19:00:00,4.200,73.80,0.000
2024-09-13T18:45:00,4.210,78.70,0.000
2024-09-13T18:30:00,4.220,75.20,0.000
2024-09-13T18:15:00,4.230,75.20,0.000
2024-09-13T18:00:00,4.230,74.20,0.000
2024-09-13T17:45:00,4.240,73.40,0.000
2024-09-13T17:30:00,4.250,78.00,0.000
2024-09-13T17:15:00,4.260,74.50,0.000
2024-09-13T17:00:00,4.270,80.30,0.000
2024-09-13T16:45:00,4.280,83.30,0.000
2024-09-13T16:30:00,4.290,81.70,0.000
2024-09-13T16:15:00,4.290,78.20,0.000
2024-09-13T16:00:00,4.300,82.60,0.000
2024-09-13T15:45:00,4.310,77.00,0.000
2024-09-13T15:30:00,4.320,89.50,0.000
2024-09-13T15:15:00,4.330,82.70,0.000
2024-09-13T15:00:00,4.340,85.70,0.000
2024-09-13T14:45:00,4.350,88.90,0.000
2024-09-13T14:30:00,4.360,84.90,0.000
2024-09-13T14:15:00,4.370,72.90,0.000
2024-09-13T14:00:00,4.390,84.20,0.000
2024-09-13T13:45:00,4.400,77.00,0.000
2024-09-13T13:30:00,4.410,79.10,0.000
2024-09-13T13:15:00,4.420,90.10,0.000
2024-09-13T13:00:00,4.430,82.00,0.000
2024-09-13T12:45:00,4.440,89.10,0.000
2024-09-13T12:30:00,4.450,92.30,0.000
2024-09-13T12:15:00,4.470,92.30,0.000
2024-09-13T12:00:00,4.500,91.20,0.000
2024-09-13T11:45:00,4.520,96.70,0.000
2024-09-13T11:30:00,4.520,83.30,0.000
2024-09-13T11:15:00,4.540,89.70,0.000
2024-09-13T11:00:00,4.540,90.40,0.000
2024-09-13T10:45:00,4.550,105.00,0.000
2024-09-13T10:30:00,4.550,94.00,0.000
2024-09-13T10:15:00,4.560,100.80,0.000
2024-09-13T10:00:00,4.570,99.80,0.000
2024-09-13T09:45:00,4.580,100.50,0.000
2024-09-13T09:30:00,4.580,105.00,0.000
2024-09-13T09:15:00,4.590,101.30,0.000
2024-09-13T09:00:00,4.600,104.80,0.000
2024-09-13T08:45:00,4.600,99.30,0.000
2024-09-13T08:30:00,4.610,116.60,0.000
2024-09-13T08:15:00,4.620,112.40,0.000
2024-09-13T08:00:00,4.630,104.30,0.000
2024-09-13T07:45:00,4.630,103.90,0.000
2024-09-13T07:30:00,4.630,112.50,0.000
2024-09-13T07:15:00,4.630,103.50,0.000
2024-09-13T07:00:00,4.630,108.10,0.000
2024-09-13T06:45:00,4.620,105.80,0.000
2024-09-13T06:30:00,4.620,102.10,0.000
2024-09-13T06:15:00,4.610,107.60,0.000
2024-09-13T06:00:00,4.610,115.10,0.000
2024-09-13T05:45:00,4.600,109.70,0.000
2024-09-13T05:30:00,4.590,109.60,0.000
2024-09-13T05:15:00,4.590,98.80,0.000
2024-09-13T05:00:00,4.570,101.30,0.000
2024-09-13T04:45:00,4.560,101.70,0.000
2024-09-13T04:30:00,4.540,98.10,0.000
2024-09-13T04:15:00,4.530,94.40,0.000
2024-09-13T04:00:00,4.510,100.80,0.000
2024-09-13T03:45:00,4.500,95.40,0.000
2024-09-13T03:30:00,4.480,100.40,0.000
2024-09-13T03:15:00,4.460,90.90,0.000
2024-09-13T03:00:00,4.450,93.80,0.000
2024-09-13T02:45:00,4.440,95.10,0.000
2024-09-13T02:30:00,4.420,90.90,0.000
2024-09-13T02:15:00,4.410,93.10,0.000
2024-09-13T02:00:00,4.400,88.80,0.000
2024-09-13T01:45:00,4.380,82.00,0.000
2024-09-13T01:30:00,4.370,85.00,0.000
2024-09-13T01:15:00,4.360,85.10,0.500
2024-09-13T01:00:00,4.350,89.90,0.000
2024-09-13T00:45:00,4.340,98.70,0.000
2024-09-13T00:30:00,4.340,98.30,0.000
2024-09-13T00:15:00,4.340,93.30,0.500
2024-09-13T00:00:00,4.330,103.30,0.000
2024-09-12T23:45:00,4.340,101.60,0.500
2024-09-12T23:30:00,4.340,99.10,0.500
2024-09-12T23:15:00,4.330,100.30,0.500
2024-09-12T23:00:00,4.330,100.50,0.500
2024-09-12T22:45:00,4.340,101.40,0.000
2024-09-12T22:30:00,4.340,99.10,0.500
2024-09-12T22:15:00,4.340,100.00,1.000
2024-09-12T22:00:00,4.340,100.90,0.000
2024-09-12T21:45:00,4.340,100.50,0.000
2024-09-12T21:30:00,4.340,82.40,0.500
2024-09-12T21:15:00,4.350,103.20,0.000
2024-09-12T21:00:00,4.350,84.90,0.000
2024-09-12T20:45:00,4.350,68.60,0.000
2024-09-12T20:30:00,4.350,71.70,0.000
2024-09-12T20:15:00,4.350,47.40,0.000
2024-09-12T20:00:00,4.350,48.30,1.000
2024-09-12T19:45:00,4.350,78.90,0.000
2024-09-12T19:30:00,4.350,55.70,0.000
2024-09-12T19:15:00,4.350,78.10,0.000
2024-09-12T19:00:00,4.350,72.00,0.000
2024-09-12T18:45:00,4.350,76.40,0.000
2024-09-12T18:30:00,4.350,66.00,0.000
2024-09-12T18:15:00,4.350,63.80,0.000
2024-09-12T18:00:00,4.350,68.00,0.000
2024-09-12T17:45:00,4.350,68.30,0.000
2024-09-12T17:30:00,4.350,61.50,0.000
2024-09-12T17:15:00,4.350,57.10,0.000
2024-09-12T17:00:00,4.350,70.50,0.000
2024-09-12T16:45:00,4.350,67.40,0.000
2024-09-12T16:30:00,4.350,68.80,0.000
2024-09-12T16:15:00,4.350,73.30,0.000
2024-09-12T16:00:00,4.350,73.40,0.000
2024-09-12T15:45:00,4.350,66.60,0.000
2024-09-12T15:30:00,4.350,63.00,0.000
2024-09-12T15:15:00,4.350,70.40,0.000
2024-09-12T15:00:00,4.350,63.90,0.000
2024-09-12T14:45:00,4.350,56.30,0.000
2024-09-12T14:30:00,4.340,64.50,0.000
2024-09-12T14:15:00,4.340,65.80,0.000
2024-09-12T14:00:00,4.340,56.90,0.000
2024-09-12T13:45:00,4.340,76.00,0.000
2024-09-12T13:30:00,4.340,61.30,0.000
2024-09-12T13:15:00,4.340,75.50,0.000
2024-09-12T13:00:00,4.340,55.20,0.000
2024-09-12T12:45:00,4.340,66.60,0.000
2024-09-12T12:30:00,4.330,61.40,0.000
2024-09-12T12:15:00,4.330,64.80,0.000
2024-09-12T12:00:00,4.330,74.10,0.000
2024-09-12T11:45:00,4.320,72.90,0.000
2024-09-12T11:30:00,4.320,77.90,0.000
2024-09-12T11:15:00,4.310,73.90,0.000
2024-09-12T11:00:00,4.310,74.60,0.000
2024-09-12T10:45:00,4.300,81.00,0.000
2024-09-12T10:30:00,4.300,74.70,0.000
2024-09-12T10:15:00,4.290,80.30,0.000
2024-09-12T10:00:00,4.290,77.70,0.000
2024-09-12T09:45:00,4.280,74.20,0.000
2024-09-12T09:30:00,4.280,80.20,0.000
2024-09-12T09:15:00,4.270,79.20,0.000
2024-09-12T09:00:00,4.250,84.80,0.000
2024-09-12T08:45:00,4.210,87.70,0.000
2024-09-12T08:30:00,4.200,96.00,0.000
2024-09-12T08:15:00,4.230,97.20,0.000
2024-09-12T08:00:00,4.280,98.60,0.000
2024-09-12T07:45:00,4.330,85.40,0.000
2024-09-12T07:30:00,4.330,83.70,0.000
2024-09-12T07:15:00,4.330,86.00,0.000
2024-09-12T07:00:00,4.330,85.70,0.000
2024-09-12T06:45:00,4.330,76.30,0.000
2024-09-12T06:30:00,4.330,88.00,0.000
2024-09-12T06:15:00,4.330,92.40,0.000
2024-09-12T06:00:00,4.340,86.60,0.000
2024-09-12T05:45:00,4.330,84.60,0.000
2024-09-12T05:30:00,4.330,83.90,0.000
2024-09-12T05:15:00,4.330,84.00,0.000
2024-09-12T05:00:00,4.330,84.70,0.000
2024-09-12T04:45:00,4.330,81.90,0.000
2024-09-12T04:30:00,4.330,81.10,0.000
2024-09-12T04:15:00,4.320,84.10,0.000
2024-09-12T04:00:00,4.320,84.10,0.000
2024-09-12T03:45:00,4.320,86.50,0.000
2024-09-12T03:30:00,4.320,91.10,0.000
2024-09-12T03:15:00,4.320,83.90,0.000
2024-09-12T03:00:00,4.310,87.10,0.000
2024-09-12T02:45:00,4.310,87.50,0.000
2024-09-12T02:30:00,4.310,86.50,0.000
2024-09-12T02:15:00,4.310,86.20,0.000
2024-09-12T02:00:00,4.310,84.30,0.000
2024-09-12T01:45:00,4.310,86.00,0.000
2024-09-12T01:30:00,4.300,83.90,0.000
2024-09-12T01:15:00,4.300,82.70,0.000
2024-09-12T01:00:00,4.300,85.80,0.000
2024-09-12T00:45:00,4.290,83.70,0.000
2024-09-12T00:30:00,4.290,85.90,0.000
2024-09-12T00:15:00,4.290,74.20,0.000
2024-09-12T00:00:00,4.290,86.30,0.000
2024-09-11T23:45:00,4.290,86.70,0.000
2024-09-11T23:30:00,4.290,83.90,0.000
2024-09-11T23:15:00,4.290,85.60,0.000
2024-09-11T23:00:00,4.290,84.10,0.000
2024-09-11T22:45:00,4.290,83.20,0.000
2024-09-11T22:30:00,4.290,108.10,0.000
2024-09-11T22:15:00,4.290,81.90,0.000
2024-09-11T22:00:00,4.290,83.60,0.000
2024-09-11T21:45:00,4.290,83.50,0.000
2024-09-11T21:30:00,4.300,87.90,0.000
2024-09-11T21:15:00,4.290,79.20,0.000
2024-09-11T21:00:00,4.300,83.00,0.000
2024-09-11T20:45:00,4.300,81.60,0.000
2024-09-11T20:30:00,4.300,86.40,0.000
2024-09-11T20:15:00,4.300,84.50,0.000
2024-09-11T20:00:00,4.300,88.60,0.000
2024-09-11T19:45:00,4.300,85.20,0.000
2024-09-11T19:30:00,4.300,82.40,0.000
2024-09-11T19:15:00,4.300,77.50,0.000
2024-09-11T19:00:00,4.300,95.10,0.000
2024-09-11T18:45:00,4.310,79.60,0.000
2024-09-11T18:30:00,4.310,77.10,0.000
2024-09-11T18:15:00,4.310,84.40,0.000
2024-09-11T18:00:00,4.310,83.70,0.000
2024-09-11T17:45:00,4.300,83.80,0.000
2024-09-11T17:30:00,4.310,81.60,0.000
2024-09-11T17:15:00,4.310,77.30,0.000
2024-09-11T17:00:00,4.310,75.40,0.000
2024-09-11T16:45:00,4.310,74.60,0.000
2024-09-11T16:30:00,4.310,85.80,0.000
2024-09-11T16:15:00,4.310,75.80,0.000
2024-09-11T16:00:00,4.310,79.40,0.000
2024-09-11T15:45:00,4.310,74.90,0.000
2024-09-11T15:30:00,4.310,78.00,0.000
2024-09-11T15:15:00,4.320,72.60,0.000
2024-09-11T15:00:00,4.320,84.30,0.000
2024-09-11T14:45:00,4.320,89.70,0.000
2024-09-11T14:30:00,4.320,86.30,0.000
2024-09-11T14:15:00,4.320,80.40,0.000
2024-09-11T14:00:00,4.320,80.80,0.500
2024-09-11T13:45:00,4.320,82.10,0.000
2024-09-11T13:30:00,4.320,83.00,0.000
2024-09-11T13:15:00,4.330,76.40,0.000
2024-09-11T13:00:00,4.330,70.50,0.000
2024-09-11T12:45:00,4.340,77.10,0.000
2024-09-11T12:30:00,4.340,77.10,0.000
2024-09-11T12:15:00,4.350,77.10,0.000
2024-09-11T12:00:00,4.360,84.10,0.000
2024-09-11T11:45:00,4.370,82.30,0.000
2024-09-11T11:30:00,4.380,80.40,0.000
2024-09-11T11:15:00,4.390,79.10,0.000
2024-09-11T11:00:00,4.400,86.70,0.000
2024-09-11T10:45:00,4.410,94.30,0.000
2024-09-11T10:30:00,4.420,83.40,0.000
2024-09-11T10:15:00,4.430,95.00,0.000
2024-09-11T10:00:00,4.440,89.30,0.000
2024-09-11T09:45:00,4.450,87.10,0.000
2024-09-11T09:30:00,4.460,86.20,0.000
2024-09-11T09:15:00,4.470,91.60,0.000
2024-09-11T09:00:00,4.490,97.00,0.000
2024-09-11T08:45:00,4.490,93.50,0.000
2024-09-11T08:30:00,4.510,96.90,0.000
2024-09-11T08:15:00,4.520,90.60,0.000
2024-09-11T08:00:00,4.530,93.80,0.000
2024-09-11T07:45:00,4.560,74.00,0.000
2024-09-11T07:30:00,4.570,74.40,0.000
2024-09-11T07:15:00,4.560,86.10,0.000
2024-09-11T07:00:00,4.560,76.80,0.000
2024-09-11T06:45:00,4.560,81.50,0.000
2024-09-11T06:30:00,4.550,75.70,0.000
2024-09-11T06:15:00,4.550,85.20,0.000
2024-09-11T06:00:00,4.550,84.70,0.000
2024-09-11T05:45:00,4.540,88.10,0.000
2024-09-11T05:30:00,4.540,79.60,0.000
2024-09-11T05:15:00,4.530,85.70,0.000
2024-09-11T05:00:00,4.520,89.30,0.000
2024-09-11T04:45:00,4.520,77.10,0.000
2024-09-11T04:30:00,4.510,80.60,0.000
2024-09-11T04:15:00,4.500,88.60,0.000
2024-09-11T04:00:00,4.490,86.50,0.000
2024-09-11T03:45:00,4.480,83.20,0.000
2024-09-11T03:30:00,4.460,83.30,0.000
2024-09-11T03:15:00,4.450,86.00,0.000
2024-09-11T03:00:00,4.430,82.40,0.000
2024-09-11T02:45:00,4.420,82.50,0.000
2024-09-11T02:30:00,4.400,80.60,0.000
2024-09-11T02:15:00,4.390,81.50,0.000
2024-09-11T02:00:00,4.370,80.50,0.000
2024-09-11T01:45:00,4.350,84.00,0.000
2024-09-11T01:30:00,4.330,77.90,0.000
2024-09-11T01:15:00,4.310,82.90,0.000
2024-09-11T01:00:00,4.290,79.10,0.000
2024-09-11T00:45:00,4.270,82.30,0.000
2024-09-11T00:30:00,4.240,81.30,0.000
2024-09-11T00:15:00,4.220,79.00,0.000
2024-09-11T00:00:00,4.190,72.30,0.000
2024-09-10T23:45:00,4.170,75.40,0.000
2024-09-10T23:30:00,4.150,71.80,0.000
2024-09-10T23:15:00,4.130,67.40,0.000
2024-09-10T23:00:00,4.120,65.30,0.000
2024-09-10T22:45:00,4.100,64.80,0.000
2024-09-10T22:30:00,4.090,60.20,0.000
2024-09-10T22:15:00,4.080,75.10,0.000
2024-09-10T22:00:00,4.070,74.60,0.000
2024-09-10T21:45:00,4.060,77.20,0.000
2024-09-10T21:30:00,4.050,54.90,0.000
2024-09-10T21:15:00,4.050,51.90,0.000
2024-09-10T21:00:00,4.040,69.10,0.000
2024-09-10T20:45:00,4.030,55.20,0.000
2024-09-10T20:30:00,4.020,50.40,1.000
2024-09-10T20:15:00,4.010,59.90,0.000
2024-09-10T20:00:00,4.000,72.40,6.500
2024-09-10T19:45:00,3.990,76.50,13.000
2024-09-10T19:30:00,3.970,73.30,0.000
2024-09-10T19:15:00,3.950,46.30,0.000
2024-09-10T19:00:00,3.950,49.80,0.000
2024-09-10T18:45:00,3.940,47.20,0.000
2024-09-10T18:30:00,3.940,50.50,0.000
2024-09-10T18:15:00,3.930,47.30,0.000
2024-09-10T18:00:00,3.930,51.10,0.000
2024-09-10T17:45:00,3.920,53.70,0.000
2024-09-10T17:30:00,3.910,50.20,0.000
2024-09-10T17:15:00,3.910,48.20,0.000
2024-09-10T17:00:00,3.900,48.70,0.000
2024-09-10T16:45:00,3.890,46.70,0.000
2024-09-10T16:30:00,3.890,47.60,0.000
2024-09-10T16:15:00,3.880,50.30,0.000
2024-09-10T16:00:00,3.860,49.20,0.000
2024-09-10T15:45:00,3.860,53.20,0.000
2024-09-10T15:30:00,3.850,46.60,0.000
2024-09-10T15:15:00,3.850,49.50,0.000
2024-09-10T15:00:00,3.830,48.20,0.000
2024-09-10T14:45:00,3.830,48.30,0.000
2024-09-10T14:30:00,3.810,47.20,0.000
2024-09-10T14:15:00,3.810,48.50,0.000
2024-09-10T14:00:00,3.800,50.40,0.000
2024-09-10T13:45:00,3.790,42.90,0.000
2024-09-10T13:30:00,3.780,0.00,0.000
2024-09-10T13:15:00,3.770,61.70,0.000
2024-09-10T13:00:00,3.760,46.10,0.000
2024-09-10T12:45:00,3.750,45.90,0.000
2024-09-10T12:30:00,3.730,44.60,0.000
2024-09-10T12:15:00,3.720,44.70,0.000
2024-09-10T12:00:00,3.710,42.00,0.000
2024-09-10T11:45:00,3.700,42.60,0.000
2024-09-10T11:30:00,3.690,35.30,0.000
2024-09-10T11:15:00,3.670,38.50,0.000
2024-09-10T11:00:00,3.670,0.00,0.000
2024-09-10T10:45:00,3.650,30.60,0.000
2024-09-10T10:30:00,3.640,0.00,0.000
2024-09-10T10:15:00,3.630,30.90,0.000
2024-09-10T10:00:00,3.620,0.00,0.000
2024-09-10T09:45:00,3.610,34.00,0.000
2024-09-10T09:30:00,3.590,0.00,0.000
2024-09-10T09:15:00,3.590,35.60,0.000
2024-09-10T09:00:00,3.590,0.00,0.000
2024-09-10T08:45:00,3.590,34.40,0.000
2024-09-10T08:30:00,3.580,35.70,0.000
2024-09-10T08:15:00,3.570,0.00,0.000
2024-09-10T08:00:00,3.570,38.70,0.000
2024-09-10T07:45:00,3.580,47.10,0.000
2024-09-10T07:30:00,3.580,35.60,0.000
2024-09-10T07:15:00,3.580,0.00,0.000
2024-09-10T07:00:00,3.580,30.40,0.000
2024-09-10T06:45:00,3.580,38.00,0.000
2024-09-10T06:30:00,3.580,36.30,0.000
2024-09-10T06:15:00,3.580,34.50,0.000
2024-09-10T06:00:00,3.580,0.00,0.000
2024-09-10T05:45:00,3.590,39.50,0.000
2024-09-10T05:30:00,3.590,39.60,0.000
2024-09-10T05:15:00,3.590,29.70,0.000
2024-09-10T05:00:00,3.590,35.50,0.000
2024-09-10T04:45:00,3.590,37.90,0.000
2024-09-10T04:30:00,3.590,41.80,0.000
2024-09-10T04:15:00,3.590,41.10,0.000
2024-09-10T04:00:00,3.590,40.90,0.000
2024-09-10T03:45:00,3.590,38.00,0.000
2024-09-10T03:30:00,3.590,40.50,0.000
2024-09-10T03:15:00,3.600,38.70,0.000
2024-09-10T03:00:00,3.600,31.40,0.000
2024-09-10T02:45:00,3.600,33.00,0.000
2024-09-10T02:30:00,3.600,44.50,0.000
2024-09-10T02:15:00,3.600,38.90,0.000
2024-09-10T02:00:00,3.600,0.00,0.000
2024-09-10T01:45:00,3.600,38.30,0.000
2024-09-10T01:30:00,3.600,43.20,0.000
2024-09-10T01:15:00,3.600,39.70,0.000
2024-09-10T01:00:00,3.600,38.80,0.000
2024-09-10T00:45:00,3.600,38.70,0.000
2024-09-10T00:30:00,3.600,39.90,0.000
2024-09-10T00:15:00,3.600,43.20,0.000
2024-09-10T00:00:00,3.610,34.40,0.000
2024-09-09T23:45:00,3.610,42.20,0.000
2024-09-09T23:30:00,3.600,40.50,0.000
2024-09-09T23:15:00,3.610,42.20,0.000
2024-09-09T23:00:00,3.610,36.90,0.000
2024-09-09T22:45:00,3.610,0.00,0.000
2024-09-09T22:30:00,3.610,42.00,0.000
2024-09-09T22:15:00,3.610,0.00,0.000
2024-09-09T22:00:00,3.610,34.30,0.000
2024-09-09T21:45:00,3.610,36.60,0.000
2024-09-09T21:30:00,3.610,0.00,0.000
2024-09-09T21:15:00,3.610,38.60,0.000
2024-09-09T21:00:00,3.610,38.90,0.000
2024-09-09T20:45:00,3.610,62.00,0.000
2024-09-09T20:30:00,3.610,0.00,0.000
2024-09-09T20:15:00,3.610,0.00,0.000
2024-09-09T20:00:00,3.610,0.00,0.500
2024-09-09T19:45:00,3.620,0.00,0.000
2024-09-09T19:30:00,3.620,0.00,0.000
2024-09-09T19:15:00,3.610,229.00,0.000
2024-09-09T19:00:00,3.610,64.80,2.000
2024-09-09T18:45:00,3.620,349.40,4.000
2024-09-09T18:30:00,3.610,0.00,0.000
2024-09-09T18:15:00,3.610,0.00,0.000
2024-09-09T18:00:00,3.610,0.00,0.000
2024-09-09T17:45:00,3.610,0.00,0.000
2024-09-09T17:30:00,3.610,0.00,0.000
2024-09-09T17:15:00,3.610,32.60,0.000
2024-09-09T17:00:00,3.610,0.00,0.000
2024-09-09T16:45:00,3.610,39.90,0.000
2024-09-09T16:30:00,3.610,33.80,0.000
2024-09-09T16:15:00,3.620,0.00,0.000
2024-09-09T16:00:00,3.620,0.00,0.000
2024-09-09T15:45:00,3.620,0.00,0.000
2024-09-09T15:30:00,3.620,0.00,0.000
2024-09-09T15:15:00,3.620,0.00,0.000
2024-09-09T15:00:00,3.620,0.00,0.000
2024-09-09T14:45:00,3.620,0.00,0.000
2024-09-09T14:30:00,3.620,50.70,0.000
2024-09-09T14:15:00,3.630,0.00,0.000
2024-09-09T14:00:00,3.620,0.00,0.000
2024-09-09T13:45:00,3.630,0.00,0.000
2024-09-09T13:30:00,3.630,0.00,0.000
2024-09-09T13:15:00,3.630,0.00,0.000
2024-09-09T13:00:00,3.630,0.00,0.000
2024-09-09T12:45:00,3.630,0.00,0.000
2024-09-09T12:30:00,3.640,0.00,0.000
2024-09-09T12:15:00,3.640,36.90,0.500
2024-09-09T12:00:00,3.640,35.90,0.000
2024-09-09T11:45:00,3.640,0.00,0.000
2024-09-09T11:30:00,3.650,35.50,0.000
2024-09-09T11:15:00,3.640,46.50,0.000
2024-09-09T11:00:00,3.650,0.00,0.000
2024-09-09T10:45:00,3.650,0.00,0.000
2024-09-09T10:30:00,3.650,0.00,0.000
2024-09-09T10:15:00,3.650,32.00,0.000
2024-09-09T10:00:00,3.660,0.00,0.000
2024-09-09T09:45:00,3.660,41.80,0.000
2024-09-09T09:30:00,3.660,35.70,0.000
2024-09-09T09:15:00,3.660,0.00,0.000
2024-09-09T09:00:00,3.660,43.90,0.000
2024-09-09T08:45:00,3.670,41.10,0.000
2024-09-09T08:30:00,3.670,40.30,0.000
2024-09-09T08:15:00,3.670,44.80,0.000
2024-09-09T08:00:00,3.670,46.70,0.000
2024-09-09T07:45:00,3.680,46.00,0.000
2024-09-09T07:30:00,3.680,47.90,0.000
2024-09-09T07:15:00,3.680,45.40,0.000
2024-09-09T07:00:00,3.690,40.70,0.000
2024-09-09T06:45:00,3.680,44.60,0.000
2024-09-09T06:30:00,3.690,41.00,0.000
2024-09-09T06:15:00,3.690,46.50,0.000
2024-09-09T06:00:00,3.690,48.80,0.000
2024-09-09T05:45:00,3.690,43.40,0.000
2024-09-09T05:30:00,3.700,40.80,0.000
2024-09-09T05:15:00,3.700,45.70,0.000
2024-09-09T05:00:00,3.700,44.80,0.000
2024-09-09T04:45:00,3.700,49.80,0.000
2024-09-09T04:30:00,3.700,49.60,0.000
2024-09-09T04:15:00,3.710,47.40,0.000
2024-09-09T04:00:00,3.710,49.80,0.000
2024-09-09T03:45:00,3.710,46.00,0.000
2024-09-09T03:30:00,3.710,47.00,0.000
2024-09-09T03:15:00,3.710,45.60,0.000
2024-09-09T03:00:00,3.720,44.70,0.000
2024-09-09T02:45:00,3.720,47.70,0.000
2024-09-09T02:30:00,3.720,49.70,0.000
2024-09-09T02:15:00,3.730,44.90,0.000
2024-09-09T02:00:00,3.730,48.40,0.000
2024-09-09T01:45:00,3.730,49.00,0.000
2024-09-09T01:30:00,3.740,49.30,0.000
2024-09-09T01:15:00,3.740,52.40,0.000
2024-09-09T01:00:00,3.740,49.00,0.000
2024-09-09T00:45:00,3.740,48.50,0.000
2024-09-09T00:30:00,3.750,48.30,0.000
2024-09-09T00:15:00,3.750,47.50,0.000
2024-09-09T00:00:00,3.760,52.30,0.000
2024-09-22T23:45:00,5.230,224.10,0.000
2024-09-22T23:30:00,5.210,246.70,0.500
2024-09-22T23:15:00,5.200,236.70,0.000
2024-09-22T23:00:00,5.210,220.80,0.500
2024-09-22T22:45:00,5.190,202.40,0.000
2024-09-22T22:30:00,5.140,197.70,0.500
2024-09-22T22:15:00,5.090,199.40,0.500
2024-09-22T22:00:00,5.040,198.30,0.500
2024-09-22T21:45:00,5.000,203.30,1.000
2024-09-22T21:30:00,4.950,198.10,0.500
2024-09-22T21:15:00,4.900,179.80,0.000
2024-09-22T21:00:00,4.850,180.90,0.000
2024-09-22T20:45:00,4.800,180.80,2.500
2024-09-22T20:30:00,4.740,169.20,20.500
2024-09-22T20:15:00,4.650,159.20,17.000
2024-09-22T20:00:00,4.570,158.50,2.000
2024-09-22T19:45:00,4.520,149.80,0.500
2024-09-22T19:30:00,4.470,144.60,0.500
2024-09-22T19:15:00,4.420,138.10,0.500
2024-09-22T19:00:00,4.380,137.00,0.500
2024-09-22T18:45:00,4.330,121.70,0.000
2024-09-22T18:30:00,4.300,116.10,2.000
2024-09-22T18:15:00,4.260,110.60,3.500
2024-09-22T18:00:00,4.240,93.30,0.000
2024-09-22T17:45:00,4.220,85.50,0.000
2024-09-22T17:30:00,4.200,103.70,0.000
2024-09-22T17:15:00,4.190,79.40,0.000
2024-09-22T17:00:00,4.180,83.60,0.000
2024-09-22T16:45:00,4.170,85.50,0.000
2024-09-22T16:30:00,4.160,86.50,0.000
2024-09-22T16:15:00,4.160,95.30,0.500
2024-09-22T16:00:00,4.140,97.40,0.000
2024-09-22T15:45:00,4.140,89.30,0.000
2024-09-22T15:30:00,4.130,82.20,0.000
2024-09-22T15:15:00,4.120,84.30,0.500
2024-09-22T15:00:00,4.120,90.10,0.500
2024-09-22T14:45:00,4.110,91.50,17.500
2024-09-22T14:30:00,4.080,0.00,1.000
2024-09-22T14:15:00,4.070,79.50,0.000
2024-09-22T14:00:00,4.070,72.50,0.000
2024-09-22T13:45:00,4.060,74.60,1.000
2024-09-22T13:30:00,4.050,90.70,0.500
2024-09-22T13:15:00,4.040,88.10,3.000
2024-09-22T13:00:00,4.030,58.80,0.000
2024-09-22T12:45:00,4.030,55.50,0.000
2024-09-22T12:30:00,4.020,60.40,0.000
2024-09-22T12:15:00,4.020,64.60,0.000
2024-09-22T12:00:00,4.010,60.50,0.000
2024-09-22T11:45:00,4.010,59.60,0.000
2024-09-22T11:30:00,4.010,60.20,0.000
2024-09-22T11:15:00,4.000,58.80,0.000
2024-09-22T11:00:00,4.000,60.40,0.000
2024-09-22T10:45:00,4.000,57.30,0.000
2024-09-22T10:30:00,4.000,56.90,0.000
2024-09-22T10:15:00,4.000,57.70,0.000
2024-09-22T10:00:00,4.000,63.00,0.000
2024-09-22T09:45:00,3.990,58.80,0.000
2024-09-22T09:30:00,3.990,52.80,0.000
2024-09-22T09:15:00,3.990,58.70,0.000
2024-09-22T09:00:00,3.990,56.70,0.000
2024-09-22T08:45:00,3.990,61.60,0.000
2024-09-22T08:30:00,3.990,63.90,0.000
2024-09-22T08:15:00,3.980,63.20,0.000
2024-09-22T08:00:00,3.980,62.30,0.000
2024-09-22T07:45:00,3.970,65.00,0.000
2024-09-22T07:30:00,3.970,64.10,0.000
2024-09-22T07:15:00,3.970,73.00,0.000
2024-09-22T07:00:00,3.960,72.80,0.000
2024-09-22T06:45:00,3.960,55.80,0.000
2024-09-22T06:30:00,3.960,57.60,0.000
2024-09-22T06:15:00,3.950,62.80,0.000
2024-09-22T06:00:00,3.950,56.40,0.000
2024-09-22T05:45:00,3.950,59.80,0.500
2024-09-22T05:30:00,3.940,62.80,0.000
2024-09-22T05:15:00,3.940,67.10,0.000
2024-09-22T05:00:00,3.940,70.20,0.000
2024-09-22T04:45:00,3.930,69.40,0.000
2024-09-22T04:30:00,3.930,72.10,0.500
2024-09-22T04:15:00,3.930,68.10,0.000
2024-09-22T04:00:00,3.920,68.10,0.500
2024-09-22T03:45:00,3.920,56.90,0.000
2024-09-22T03:30:00,3.910,52.40,0.000
2024-09-22T03:15:00,3.910,49.10,0.000
2024-09-22T03:00:00,3.900,53.90,0.000
2024-09-22T02:45:00,3.900,66.70,0.000
2024-09-22T02:30:00,3.900,55.90,0.000
2024-09-22T02:15:00,3.900,54.20,0.000
2024-09-22T02:00:00,3.890,60.70,0.000
2024-09-22T01:45:00,3.890,68.90,0.000
2024-09-22T01:30:00,3.890,59.90,0.000
2024-09-22T01:15:00,3.890,50.70,0.500
2024-09-22T01:00:00,3.890,60.70,0.000
2024-09-22T00:45:00,3.890,58.30,0.000
2024-09-22T00:30:00,3.890,59.30,0.000
2024-09-22T00:15:00,3.890,64.00,0.000
2024-09-22T00:00:00,3.890,68.20,0.000
2024-09-21T23:45:00,3.900,65.20,0.500
2024-09-21T23:30:00,3.900,64.00,0.000
2024-09-21T23:15:00,3.900,65.00,0.000
2024-09-21T23:00:00,3.900,50.40,0.000
2024-09-21T22:45:00,3.900,50.60,0.000
2024-09-21T22:30:00,3.910,49.30,0.000
2024-09-21T22:15:00,3.910,52.30,0.000
2024-09-21T22:00:00,3.910,54.90,0.000
2024-09-21T21:45:00,3.910,56.20,0.000
2024-09-21T21:30:00,3.910,66.90,0.000
2024-09-21T21:15:00,3.910,71.30,0.500
2024-09-21T21:00:00,3.910,69.70,0.000
2024-09-21T20:45:00,3.910,70.10,0.500
2024-09-21T20:30:00,3.900,70.30,1.000
2024-09-21T20:15:00,3.900,64.90,0.000
2024-09-21T20:00:00,3.900,71.70,0.500
2024-09-21T19:45:00,3.900,64.10,0.000
2024-09-21T19:30:00,3.890,62.50,0.500
2024-09-21T19:15:00,3.890,52.20,0.500
2024-09-21T19:00:00,3.890,70.50,0.500
2024-09-21T18:45:00,3.890,41.20,0.000
2024-09-21T18:30:00,3.890,43.10,0.000
2024-09-21T18:15:00,3.890,46.80,0.000
2024-09-21T18:00:00,3.880,47.80,0.000
2024-09-21T17:45:00,3.890,48.20,0.000
2024-09-21T17:30:00,3.890,46.50,0.000
2024-09-21T17:15:00,3.880,50.20,0.000
2024-09-21T17:00:00,3.880,47.80,0.000
2024-09-21T16:45:00,3.880,44.70,0.000
2024-09-21T16:30:00,3.880,47.40,0.000
2024-09-21T16:15:00,3.880,44.50,0.000
2024-09-21T16:00:00,3.880,45.30,0.000
2024-09-21T15:45:00,3.880,49.70,0.000
2024-09-21T15:30:00,3.880,48.30,0.000
2024-09-21T15:15:00,3.880,52.20,0.000
2024-09-21T15:00:00,3.880,47.50,0.000
2024-09-21T14:45:00,3.880,51.60,0.000
2024-09-21T14:30:00,3.870,53.50,0.000
2024-09-21T14:15:00,3.870,66.20,0.500
2024-09-21T14:00:00,3.870,69.00,0.500
2024-09-21T13:45:00,3.860,64.70,4.000
2024-09-21T13:30:00,3.850,65.10,0.000
2024-09-21T13:15:00,3.850,47.90,0.000
2024-09-21T13:00:00,3.850,47.00,0.000
2024-09-21T12:45:00,3.850,45.10,0.000
2024-09-21T12:30:00,3.850,49.80,0.000
2024-09-21T12:15:00,3.840,43.90,0.000
2024-09-21T12:00:00,3.850,46.30,0.000
2024-09-21T11:45:00,3.850,51.30,0.000
2024-09-21T11:30:00,3.850,52.00,0.000
2024-09-21T11:15:00,3.850,48.40,0.000
2024-09-21T11:00:00,3.850,50.30,0.000
2024-09-21T10:45:00,3.850,47.40,0.000
2024-09-21T10:30:00,3.850,47.80,0.000
2024-09-21T10:15:00,3.850,45.10,0.000
2024-09-21T10:00:00,3.850,48.70,0.000
2024-09-21T09:45:00,3.860,46.70,0.000
2024-09-21T09:30:00,3.860,45.60,0.000
2024-09-21T09:15:00,3.860,53.30,0.000
2024-09-21T09:00:00,3.860,49.90,0.000
2024-09-21T08:45:00,3.870,52.80,0.000
2024-09-21T08:30:00,3.870,46.70,0.000
2024-09-21T08:15:00,3.870,49.70,0.000
2024-09-21T08:00:00,3.870,46.80,0.000
2024-09-21T07:45:00,3.870,43.50,0.000
2024-09-21T07:30:00,3.870,49.00,0.000
2024-09-21T07:15:00,3.870,46.00,0.000
2024-09-21T07:00:00,3.880,46.30,0.000
2024-09-21T06:45:00,3.870,47.40,0.000
2024-09-21T06:30:00,3.880,48.00,0.000
2024-09-21T06:15:00,3.880,53.50,0.000
2024-09-21T06:00:00,3.880,50.30,0.000
2024-09-21T05:45:00,3.870,50.80,0.000
2024-09-21T05:30:00,3.880,47.70,0.000
2024-09-21T05:15:00,3.880,50.30,0.000
2024-09-21T05:00:00,3.880,51.00,0.000
2024-09-21T04:45:00,3.880,51.60,0.000
2024-09-21T04:30:00,3.880,50.90,0.000
2024-09-21T04:15:00,3.870,49.50,0.000
2024-09-21T04:00:00,3.870,52.20,0.000
2024-09-21T03:45:00,3.870,51.80,0.000
2024-09-21T03:30:00,3.870,53.50,0.000
2024-09-21T03:15:00,3.870,50.40,0.000
2024-09-21T03:00:00,3.870,53.10,0.000
2024-09-21T02:45:00,3.860,53.90,0.000
2024-09-21T02:30:00,3.860,58.30,0.000
2024-09-21T02:15:00,3.860,53.80,0.000
2024-09-21T02:00:00,3.860,55.80,0.000
2024-09-21T01:45:00,3.850,56.00,0.000
2024-09-21T01:30:00,3.850,55.40,0.000
2024-09-21T01:15:00,3.850,51.60,0.000
2024-09-21T01:00:00,3.850,55.20,0.000
2024-09-21T00:45:00,3.840,54.70,0.000
2024-09-21T00:30:00,3.840,52.70,0.000
2024-09-21T00:15:00,3.840,58.20,0.000
2024-09-21T00:00:00,3.830,54.60,0.000
2024-09-20T23:45:00,3.830,52.60,0.000
2024-09-20T23:30:00,3.830,50.00,0.000
2024-09-20T23:15:00,3.830,52.50,0.000
2024-09-20T23:00:00,3.820,51.20,0.000
2024-09-20T22:45:00,3.820,59.90,0.000
2024-09-20T22:30:00,3.820,60.30,0.000
2024-09-20T22:15:00,3.810,58.60,0.000
2024-09-20T22:00:00,3.810,55.80,0.000
2024-09-20T21:45:00,3.810,55.60,0.000
2024-09-20T21:30:00,3.800,49.90,0.000
2024-09-20T21:15:00,3.800,48.50,0.000
2024-09-20T21:00:00,3.790,49.10,0.500
2024-09-20T20:45:00,3.790,53.30,0.000
2024-09-20T20:30:00,3.780,58.50,0.500
2024-09-20T20:15:00,3.780,59.60,1.000
2024-09-20T20:00:00,3.780,57.10,0.000
2024-09-20T19:45:00,3.780,42.30,0.000
2024-09-20T19:30:00,3.770,44.10,0.000
2024-09-20T19:15:00,3.770,43.50,0.000
2024-09-20T19:00:00,3.770,58.00,0.000
2024-09-20T18:45:00,3.770,43.00,0.000
2024-09-20T18:30:00,3.770,39.20,0.000
2024-09-20T18:15:00,3.770,37.90,0.000
2024-09-20T18:00:00,3.770,42.80,0.000
2024-09-20T17:45:00,3.770,42.90,0.000
2024-09-20T17:30:00,3.770,44.30,0.000
2024-09-20T17:15:00,3.770,41.60,0.000
2024-09-20T17:00:00,3.770,37.80,0.000
2024-09-20T16:45:00,3.770,37.20,0.000
2024-09-20T16:30:00,3.770,37.20,0.000
2024-09-20T16:15:00,3.770,39.50,0.000
2024-09-20T16:00:00,3.770,61.00,0.000
2024-09-20T15:45:00,3.770,51.00,0.000
2024-09-20T15:30:00,3.770,41.10,0.000
2024-09-20T15:15:00,3.770,40.30,0.000
2024-09-20T15:00:00,3.770,42.60,0.000
2024-09-20T14:45:00,3.780,41.00,0.000
2024-09-20T14:30:00,3.780,41.90,0.000
2024-09-20T14:15:00,3.780,45.90,0.000
2024-09-20T14:00:00,3.780,44.10,0.000
2024-09-20T13:45:00,3.780,45.80,0.000
2024-09-20T13:30:00,3.780,45.40,0.000
2024-09-20T13:15:00,3.790,45.40,0.000
2024-09-20T13:00:00,3.790,43.00,0.000
2024-09-20T12:45:00,3.790,48.30,0.000
2024-09-20T12:30:00,3.790,45.50,0.000
2024-09-20T12:15:00,3.790,47.10,0.000
2024-09-20T12:00:00,3.790,46.30,0.000
2024-09-20T11:45:00,3.790,48.00,0.000
2024-09-20T11:15:00,3.800,45.50,0.000
2024-09-20T11:00:00,3.810,43.30,0.000
2024-09-20T10:30:00,3.830,43.40,0.000
2024-09-20T10:15:00,3.830,41.70,0.000
2024-09-20T10:00:00,3.830,42.40,0.000
2024-09-20T09:45:00,3.830,46.50,0.000
2024-09-20T09:30:00,3.830,41.60,0.000
2024-09-20T09:15:00,3.830,47.40,0.000
2024-09-20T09:00:00,3.830,39.80,0.000
2024-09-20T08:45:00,3.830,45.70,0.000
2024-09-20T08:00:00,3.820,49.40,0.000
2024-09-20T07:00:00,3.820,44.70,0.000
2024-09-20T06:30:00,3.820,46.70,0.000
2024-09-20T06:15:00,3.820,47.20,0.000
2024-09-20T06:00:00,3.820,44.60,0.000
2024-09-20T05:30:00,3.810,46.70,0.000
2024-09-20T05:15:00,3.800,45.10,0.000
2024-09-20T04:30:00,3.810,48.50,0.000
2024-09-20T04:15:00,3.810,46.90,0.000
2024-09-20T04:00:00,3.810,47.80,0.000
2024-09-20T03:45:00,3.810,46.40,0.000
2024-09-20T03:15:00,3.810,49.10,0.000
2024-09-20T03:00:00,3.810,45.20,0.000
2024-09-20T02:45:00,3.810,47.30,0.000
2024-09-20T02:30:00,3.810,49.10,0.000
2024-09-20T02:15:00,3.810,48.20,0.000
2024-09-20T02:00:00,3.810,48.30,0.000
2024-09-20T01:45:00,3.810,47.60,0.000
2024-09-20T01:30:00,3.810,49.90,0.000
2024-09-20T01:15:00,3.810,46.80,0.000
2024-09-20T01:00:00,3.800,48.50,0.000
2024-09-20T00:45:00,3.800,48.70,0.000
2024-09-20T00:30:00,3.800,47.70,0.000
2024-09-20T00:15:00,3.800,50.70,0.000
2024-09-20T00:00:00,3.800,45.00,0.000
2024-09-19T23:45:00,3.800,45.30,0.000
2024-09-19T23:30:00,3.800,48.80,0.000
2024-09-19T23:15:00,3.800,45.00,0.000
2024-09-19T23:00:00,3.800,46.20,0.000
2024-09-19T22:45:00,3.790,43.00,0.000
2024-09-19T22:30:00,3.790,44.30,0.000
2024-09-19T22:15:00,3.790,47.30,0.000
2024-09-19T22:00:00,3.790,48.30,0.000
2024-09-19T21:45:00,3.790,51.60,0.000
2024-09-19T21:30:00,3.790,44.70,0.000
2024-09-19T21:15:00,3.790,46.10,0.000
2024-09-19T21:00:00,3.780,43.80,0.000
2024-09-19T20:45:00,3.790,48.50,0.000
2024-09-19T20:30:00,3.780,44.80,0.000
2024-09-19T20:15:00,3.780,45.00,0.000
2024-09-19T20:00:00,3.780,47.60,0.000
2024-09-19T19:45:00,3.780,42.00,0.000
2024-09-19T19:30:00,3.780,48.20,0.000
2024-09-19T19:15:00,3.780,45.50,0.000
2024-09-19T19:00:00,3.770,43.00,0.000
2024-09-19T18:45:00,3.770,39.80,0.000
2024-09-19T18:30:00,3.770,44.00,0.000
2024-09-19T18:15:00,3.770,38.50,0.000
2024-09-19T18:00:00,3.760,45.40,0.000
2024-09-19T17:45:00,3.750,48.60,0.000
2024-09-19T17:30:00,3.750,46.90,0.000
2024-09-19T17:15:00,3.750,46.90,0.000
2024-09-19T17:00:00,3.750,48.00,0.000
2024-09-19T16:45:00,3.760,40.10,0.000
2024-09-19T16:30:00,3.760,49.60,0.000
2024-09-19T16:15:00,3.760,49.20,0.000
2024-09-19T16:00:00,3.770,47.00,0.000
2024-09-19T15:45:00,3.760,51.40,0.000
2024-09-19T15:30:00,3.770,51.50,0.000
2024-09-19T15:15:00,3.780,61.00,0.000
2024-09-19T15:00:00,3.780,52.80,0.000
2024-09-19T14:45:00,3.780,47.80,0.000
2024-09-19T14:30:00,3.790,47.30,0.000
2024-09-19T14:15:00,3.790,48.90,0.000
2024-09-19T14:00:00,3.790,51.30,0.000
2024-09-19T13:45:00,3.800,48.40,0.000
2024-09-19T13:30:00,3.800,52.20,0.000
2024-09-19T13:15:00,3.810,52.60,0.000
2024-09-19T13:00:00,3.810,53.40,0.000
2024-09-19T12:45:00,3.820,48.80,0.000
2024-09-19T12:30:00,3.820,50.50,0.000
2024-09-19T12:15:00,3.820,52.90,0.000
2024-09-19T12:00:00,3.830,59.10,0.000
2024-09-19T11:45:00,3.830,49.30,0.000
2024-09-19T11:30:00,3.840,51.20,0.000
2024-09-19T11:15:00,3.850,53.50,0.000
2024-09-19T11:00:00,3.850,52.80,0.000
2024-09-19T10:45:00,3.850,51.50,0.000
2024-09-19T10:30:00,3.860,53.40,0.000
2024-09-19T10:15:00,3.860,54.10,0.000
2024-09-19T10:00:00,3.860,55.10,0.000
2024-09-19T09:45:00,3.850,58.60,0.000
2024-09-19T09:30:00,3.850,58.10,0.000
2024-09-19T09:15:00,3.880,63.00,0.000
2024-09-19T09:00:00,3.930,58.80,0.000
2024-09-19T08:45:00,3.980,52.40,0.000
2024-09-19T08:30:00,3.980,53.80,0.000
2024-09-19T08:15:00,3.980,54.50,0.000
2024-09-19T08:00:00,3.990,50.70,0.000
2024-09-19T07:45:00,3.990,50.10,0.000
2024-09-19T07:30:00,3.990,56.30,0.000
2024-09-19T07:15:00,4.000,55.10,0.000
2024-09-19T07:00:00,4.000,54.40,0.000
2024-09-19T06:45:00,4.010,54.90,0.000
2024-09-19T06:30:00,4.010,58.70,0.000
2024-09-19T06:15:00,4.020,51.90,0.000
2024-09-19T06:00:00,4.020,54.40,0.000
2024-09-19T05:45:00,4.020,54.70,0.000
2024-09-19T05:30:00,4.020,56.30,0.000
2024-09-19T05:15:00,4.030,53.20,0.000
2024-09-19T05:00:00,4.030,52.00,0.000
2024-09-19T04:45:00,4.020,73.40,0.000
2024-09-19T04:30:00,4.030,54.00,0.000
2024-09-19T04:15:00,4.030,54.80,0.000
2024-09-19T04:00:00,4.040,54.40,0.000
2024-09-19T03:45:00,4.040,55.50,0.000
2024-09-19T03:30:00,4.040,53.80,0.000
2024-09-19T03:15:00,4.050,57.20,0.000
2024-09-19T03:00:00,4.050,50.90,0.000
2024-09-19T02:45:00,4.050,57.80,0.000
2024-09-19T02:30:00,4.050,54.70,0.000
2024-09-19T02:15:00,4.050,51.70,0.000
2024-09-19T02:00:00,4.060,59.50,0.000
2024-09-19T01:45:00,4.060,53.80,0.000
2024-09-19T01:30:00,4.060,55.10,0.000
2024-09-19T01:15:00,4.060,57.30,0.000
2024-09-19T01:00:00,4.070,53.20,0.000
2024-09-19T00:45:00,4.070,57.80,0.000
2024-09-19T00:30:00,4.070,53.10,0.000
2024-09-19T00:15:00,4.070,58.10,0.000
2024-09-19T00:00:00,4.080,58.30,0.000
2024-09-18T23:45:00,4.080,57.40,0.000
2024-09-18T23:30:00,4.080,58.60,0.500
2024-09-18T23:15:00,4.090,53.70,0.000
2024-09-18T23:00:00,4.090,56.90,0.000
2024-09-18T22:45:00,4.090,59.30,0.000
2024-09-18T22:30:00,4.090,59.50,0.000
2024-09-18T22:15:00,4.090,52.80,0.000
2024-09-18T22:00:00,4.100,56.30,0.000
2024-09-18T21:45:00,4.100,59.40,0.000
2024-09-18T21:30:00,4.100,64.00,0.000
2024-09-18T21:15:00,4.110,61.60,0.000
2024-09-18T21:00:00,4.100,72.80,0.000
2024-09-18T20:45:00,4.110,76.70,0.000
2024-09-18T20:30:00,4.110,84.20,0.500
2024-09-18T20:15:00,4.110,85.70,0.500
2024-09-18T20:00:00,4.120,80.80,0.000
2024-09-18T19:45:00,4.120,57.80,0.000
2024-09-18T19:30:00,4.120,63.10,0.000
2024-09-18T19:15:00,4.120,62.10,0.000
2024-09-18T19:00:00,4.130,69.70,0.000
2024-09-18T18:45:00,4.140,79.90,0.000
2024-09-18T18:30:00,4.140,76.60,0.500
2024-09-18T18:15:00,4.160,79.70,0.500
2024-09-18T18:00:00,4.160,80.20,0.500
2024-09-18T17:45:00,4.160,80.50,0.500
2024-09-18T17:30:00,4.160,81.60,0.500
2024-09-18T17:15:00,4.160,53.90,0.000
2024-09-18T17:00:00,4.160,51.80,0.000
2024-09-18T16:45:00,4.160,47.40,0.000
2024-09-18T16:30:00,4.160,46.20,0.000
2024-09-18T16:15:00,4.170,59.20,0.000
2024-09-18T16:00:00,4.160,57.80,3.500
2024-09-18T15:45:00,4.130,0.00,33.500
2024-09-18T15:30:00,4.110,79.90,3.500
2024-09-18T15:15:00,4.100,54.10,0.000
2024-09-18T15:00:00,4.100,53.70,0.000
2024-09-18T14:45:00,4.100,51.30,0.000
2024-09-18T14:30:00,4.110,55.40,0.000
2024-09-18T14:15:00,4.110,56.50,0.000
2024-09-18T14:00:00,4.120,56.60,0.000
2024-09-18T13:45:00,4.120,58.20,0.000
2024-09-18T13:30:00,4.120,53.60,0.000
2024-09-18T13:15:00,4.130,58.70,0.000
2024-09-18T13:00:00,4.130,58.80,0.000
2024-09-18T12:45:00,4.140,62.70,0.000
2024-09-18T12:30:00,4.150,58.50,0.000
2024-09-18T12:15:00,4.160,58.30,0.000
2024-09-18T12:00:00,4.160,64.30,0.000
2024-09-18T11:45:00,4.180,64.50,0.000
2024-09-18T11:30:00,4.210,58.50,0.000
2024-09-18T11:15:00,4.200,83.20,1.500
2024-09-18T11:00:00,4.210,87.60,0.000
2024-09-18T10:45:00,4.210,58.70,0.000
2024-09-18T10:30:00,4.210,81.90,0.000
2024-09-18T10:15:00,4.210,52.10,0.000
2024-09-18T10:00:00,4.210,51.70,0.000
2024-09-18T09:45:00,4.210,47.00,0.000
2024-09-18T09:30:00,4.210,54.10,0.000
2024-09-18T09:15:00,4.210,59.20,0.000
2024-09-18T09:00:00,4.220,53.30,0.000
2024-09-18T08:45:00,4.220,45.50,0.000
2024-09-18T08:30:00,4.220,44.70,0.000
2024-09-18T08:15:00,4.220,51.60,0.000
2024-09-18T08:00:00,4.230,49.20,0.000
2024-09-18T07:45:00,4.230,53.80,0.000
2024-09-18T07:30:00,4.230,51.10,0.000
2024-09-18T07:15:00,4.230,50.40,0.000
2024-09-18T07:00:00,4.230,50.00,0.000
2024-09-18T06:45:00,4.230,55.60,0.000
2024-09-18T06:30:00,4.230,51.50,0.000
2024-09-18T06:15:00,4.230,51.70,0.000
2024-09-18T06:00:00,4.230,55.00,0.000
2024-09-18T05:45:00,4.240,54.50,0.000
2024-09-18T05:30:00,4.240,55.20,0.000
2024-09-18T05:15:00,4.240,56.70,0.000
2024-09-18T05:00:00,4.240,51.30,0.000
2024-09-18T04:45:00,4.240,82.80,0.000
2024-09-18T04:30:00,4.240,48.80,0.000
2024-09-18T04:15:00,4.240,61.50,0.000
2024-09-18T04:00:00,4.240,54.10,0.000
2024-09-18T03:45:00,4.240,53.60,0.000
2024-09-18T03:30:00,4.240,51.00,0.000
2024-09-18T03:15:00,4.240,49.40,0.000
2024-09-18T03:00:00,4.240,58.10,0.000
2024-09-18T02:45:00,4.250,45.90,0.000
2024-09-18T02:30:00,4.240,48.70,0.000
2024-09-18T02:15:00,4.250,47.60,0.000
2024-09-18T02:00:00,4.240,48.10,0.000
2024-09-18T01:45:00,4.250,53.90,0.000
2024-09-18T01:30:00,4.250,56.30,0.000
2024-09-18T01:15:00,4.250,56.70,0.000
2024-09-18T01:00:00,4.250,54.40,0.000
2024-09-18T00:45:00,4.250,52.60,0.000
2024-09-18T00:30:00,4.250,50.50,0.000
2024-09-18T00:15:00,4.250,53.20,0.000
2024-09-18T00:00:00,4.250,50.80,0.000
2024-09-17T23:45:00,4.250,54.30,0.000
2024-09-17T23:30:00,4.250,56.60,0.000
2024-09-17T23:15:00,4.240,53.30,0.000
2024-09-17T23:00:00,4.240,57.20,0.000
2024-09-17T22:45:00,4.250,57.10,0.000
2024-09-17T22:30:00,4.250,55.80,0.000
2024-09-17T22:15:00,4.240,54.40,0.000
2024-09-17T22:00:00,4.240,51.80,0.000
2024-09-17T21:45:00,4.240,54.80,0.000
2024-09-17T21:30:00,4.240,56.90,0.000
2024-09-17T21:15:00,4.240,53.70,0.000
2024-09-17T21:00:00,4.240,58.80,0.000
2024-09-17T20:45:00,4.240,55.30,0.000
2024-09-17T20:30:00,4.240,56.60,0.000
2024-09-17T20:15:00,4.230,47.10,0.000
2024-09-17T20:00:00,4.230,56.10,0.000
2024-09-17T19:45:00,4.230,55.90,0.000
2024-09-17T19:30:00,4.230,51.20,0.000
2024-09-17T19:15:00,4.230,51.50,0.000
2024-09-17T19:00:00,4.220,52.10,0.000
2024-09-17T18:45:00,4.220,76.40,0.500
2024-09-17T18:30:00,4.220,82.00,0.000
2024-09-17T18:15:00,4.210,75.30,0.000
2024-09-17T18:00:00,4.210,90.90,0.000
2024-09-17T17:45:00,4.200,50.00,0.000
2024-09-17T17:30:00,4.200,39.50,0.000
2024-09-17T17:15:00,4.200,77.70,0.000
2024-09-17T17:00:00,4.200,45.50,0.000
2024-09-17T16:45:00,4.190,49.30,0.000
2024-09-17T16:30:00,4.190,45.40,0.000
2024-09-17T16:15:00,4.180,51.60,0.000
2024-09-17T16:00:00,4.180,47.50,0.000
2024-09-17T15:45:00,4.180,42.30,0.000
2024-09-17T15:30:00,4.170,38.90,0.000
2024-09-17T15:15:00,4.170,41.10,0.000
2024-09-17T15:00:00,4.160,44.90,0.000
2024-09-17T14:45:00,4.160,51.40,0.000
2024-09-17T14:30:00,4.160,53.00,0.000
2024-09-17T14:15:00,4.160,53.80,0.000
2024-09-17T14:00:00,4.150,53.00,0.000
2024-09-17T13:45:00,4.150,46.80,0.000
2024-09-17T13:30:00,4.140,51.00,0.000
2024-09-17T13:15:00,4.140,53.10,0.000
2024-09-17T13:00:00,4.130,51.20,0.000
2024-09-17T12:45:00,4.120,54.40,0.000
2024-09-17T12:30:00,4.110,48.70,0.000
2024-09-17T12:15:00,4.100,47.20,0.000
2024-09-17T12:00:00,4.100,55.40,0.000
2024-09-17T11:45:00,4.080,54.20,0.000
2024-09-17T11:30:00,4.070,55.10,0.000
2024-09-17T11:15:00,4.060,56.70,0.000
2024-09-17T11:00:00,4.060,62.10,0.000
2024-09-17T10:45:00,4.060,55.80,0.000
2024-09-17T10:30:00,4.060,60.50,0.000
2024-09-17T10:15:00,4.060,67.80,0.000
2024-09-17T10:00:00,4.070,56.00,0.000
2024-09-17T09:45:00,4.070,57.50,0.000
2024-09-17T09:30:00,4.070,51.20,0.000
2024-09-17T09:15:00,4.070,57.40,0.000
2024-09-17T09:00:00,4.070,53.10,0.000
2024-09-17T08:45:00,4.080,59.50,0.000
2024-09-17T08:30:00,4.080,59.10,0.000
2024-09-17T08:15:00,4.080,61.50,0.000
2024-09-17T08:00:00,4.070,65.50,0.000
2024-09-17T07:45:00,4.080,63.00,0.000
2024-09-17T07:30:00,4.080,60.70,0.000
2024-09-17T07:15:00,4.080,63.70,0.000
2024-09-17T07:00:00,4.080,62.20,0.000
2024-09-17T06:45:00,4.070,59.90,0.000
2024-09-17T06:30:00,4.070,65.00,0.000
2024-09-17T06:15:00,4.070,67.50,0.000
2024-09-17T06:00:00,4.070,66.50,0.000
2024-09-17T05:45:00,4.070,67.90,0.000
2024-09-17T05:30:00,4.080,62.90,0.000
2024-09-17T05:15:00,4.080,65.90,0.000
2024-09-17T05:00:00,4.080,65.90,0.000
2024-09-17T04:45:00,4.090,63.90,0.000
2024-09-17T04:30:00,4.090,71.00,0.000
2024-09-17T04:15:00,4.090,64.80,0.000
2024-09-17T04:00:00,4.090,64.30,0.000
2024-09-17T03:45:00,4.100,71.40,0.000
2024-09-17T03:30:00,4.100,68.90,0.000
2024-09-17T03:15:00,4.100,68.10,0.000
2024-09-17T03:00:00,4.110,67.50,0.000
2024-09-17T02:45:00,4.110,67.20,0.000
2024-09-17T02:30:00,4.110,68.10,0.000
2024-09-17T02:15:00,4.110,72.60,0.000
2024-09-17T02:00:00,4.120,66.10,0.000
2024-09-17T01:45:00,4.120,67.30,0.000
2024-09-17T01:30:00,4.120,63.90,0.000
2024-09-17T01:15:00,4.130,67.30,0.000
2024-09-17T01:00:00,4.130,69.70,0.000
2024-09-17T00:45:00,4.130,67.10,0.000
2024-09-17T00:30:00,4.140,67.20,0.000
2024-09-17T00:15:00,4.140,66.40,0.000
2024-09-17T00:00:00,4.140,69.90,0.000
2024-09-16T23:45:00,4.150,70.10,0.000
2024-09-16T23:30:00,4.140,68.00,0.000
2024-09-16T23:15:00,4.150,64.40,0.000
2024-09-16T23:00:00,4.150,70.20,0.000
2024-09-16T22:45:00,4.160,68.30,0.000
2024-09-16T22:30:00,4.160,69.30,0.000
2024-09-16T22:15:00,4.160,73.30,0.000
2024-09-16T22:00:00,4.160,71.80,0.000
2024-09-16T21:45:00,4.170,74.50,0.000
2024-09-16T21:30:00,4.170,75.90,0.000
2024-09-16T21:15:00,4.170,69.20,0.000
2024-09-16T21:00:00,4.170,74.20,0.000
2024-09-16T20:45:00,4.180,75.20,0.000
2024-09-16T20:30:00,4.180,76.10,0.000
2024-09-16T20:15:00,4.180,75.70,0.000
2024-09-16T20:00:00,4.190,79.30,0.000
2024-09-16T19:45:00,4.190,71.10,0.000
2024-09-16T19:30:00,4.190,71.70,0.000
2024-09-16T19:15:00,4.200,74.90,0.000
2024-09-16T19:00:00,4.200,72.50,0.000
2024-09-16T18:45:00,4.200,77.70,0.000
2024-09-16T18:30:00,4.210,76.30,0.000
2024-09-16T18:15:00,4.210,79.80,0.000
2024-09-16T18:00:00,4.210,73.90,0.000
2024-09-16T17:45:00,4.210,74.80,0.000
2024-09-16T17:30:00,4.210,71.90,0.000
2024-09-16T17:15:00,4.220,77.60,0.000
2024-09-16T17:00:00,4.220,69.20,0.000
2024-09-16T16:45:00,4.220,83.10,0.000
2024-09-16T16:30:00,4.230,68.00,0.000
2024-09-16T16:15:00,4.230,70.00,0.000
2024-09-16T16:00:00,4.230,77.80,0.000
2024-09-16T15:45:00,4.230,81.10,0.000
2024-09-16T15:30:00,4.240,69.30,0.000
2024-09-16T15:15:00,4.240,71.40,0.000
2024-09-16T15:00:00,4.240,64.90,0.000
2024-09-16T14:45:00,4.240,80.00,0.000
2024-09-16T14:30:00,4.240,81.10,0.000
2024-09-16T14:15:00,4.240,77.00,0.000
2024-09-16T14:00:00,4.250,79.30,0.000
2024-09-16T13:45:00,4.250,75.40,0.000
2024-09-16T13:30:00,4.250,78.50,0.000
2024-09-16T13:15:00,4.250,77.60,0.000
2024-09-16T13:00:00,4.250,70.60,0.000
2024-09-16T12:45:00,4.250,81.00,0.000
2024-09-16T12:30:00,4.250,64.80,0.000
2024-09-16T12:15:00,4.250,78.90,0.000
2024-09-16T12:00:00,4.250,72.40,0.000
2024-09-16T11:45:00,4.250,77.50,0.000
2024-09-16T11:30:00,4.250,78.30,0.000
2024-09-16T11:15:00,4.250,71.30,0.000
2024-09-16T11:00:00,4.250,85.20,0.000
2024-09-16T10:45:00,4.240,88.30,0.000
2024-09-16T10:30:00,4.240,72.10,0.000
2024-09-16T10:15:00,4.240,87.50,0.000
2024-09-16T10:00:00,4.230,81.30,0.000
2024-09-16T09:45:00,4.230,79.60,0.000
2024-09-16T09:30:00,4.230,90.80,0.000
2024-09-16T09:15:00,4.220,79.70,0.000
2024-09-16T09:00:00,4.210,88.10,0.000
2024-09-16T08:45:00,4.210,82.30,0.000
2024-09-16T08:30:00,4.200,80.30,0.000
2024-09-16T08:15:00,4.190,86.00,0.000
2024-09-16T08:00:00,4.190,89.20,0.000
2024-09-16T07:45:00,4.190,88.30,0.000
2024-09-16T07:30:00,4.190,90.80,0.000
2024-09-16T07:15:00,4.180,91.80,0.000
2024-09-16T07:00:00,4.180,89.60,0.000
2024-09-16T06:45:00,4.180,85.10,0.000
2024-09-16T06:30:00,4.170,84.70,0.000
2024-09-16T06:15:00,4.150,92.80,0.000
2024-09-16T06:00:00,4.150,89.70,0.000
2024-09-16T05:45:00,4.150,91.40,0.000
2024-09-16T05:30:00,4.160,89.80,0.000
2024-09-16T05:15:00,4.150,90.50,0.000
2024-09-16T05:00:00,4.150,89.80,0.000
2024-09-16T04:45:00,4.150,94.90,0.000
2024-09-16T04:30:00,4.150,91.70,0.000
2024-09-16T04:15:00,4.150,96.60,0.000
2024-09-16T04:00:00,4.140,88.70,0.000
2024-09-16T03:45:00,4.150,91.60,0.000
2024-09-16T03:30:00,4.150,92.00,0.000
2024-09-16T03:15:00,4.150,92.40,0.000
2024-09-16T03:00:00,4.140,82.60,0.000
2024-09-16T02:45:00,4.140,87.40,0.000
2024-09-16T02:30:00,4.140,90.70,0.000
2024-09-16T02:15:00,4.140,92.80,0.000
2024-09-16T02:00:00,4.130,87.20,0.000
2024-09-16T01:45:00,4.130,90.70,0.000
2024-09-16T01:30:00,4.130,94.10,0.000
2024-09-16T01:15:00,4.130,88.20,0.000
2024-09-16T01:00:00,4.120,85.60,0.000
2024-09-16T00:45:00,4.120,86.90,0.000
2024-09-16T00:30:00,4.120,88.60,0.000
2024-09-16T00:15:00,4.130,92.40,0.000
2024-09-16T00:00:00,4.120,86.30,0.000
2024-09-29T23:45:00,4.300,108.90,0.000
2024-09-29T23:30:00,4.300,111.60,0.000
2024-09-29T23:15:00,4.300,109.90,0.000
2024-09-29T23:00:00,4.310,110.40,0.000
2024-09-29T22:45:00,4.310,112.90,0.000
2024-09-29T22:30:00,4.310,105.50,0.000
2024-09-29T22:15:00,4.310,111.30,0.000
2024-09-29T22:00:00,4.310,115.00,0.000
2024-09-29T21:45:00,4.310,112.20,0.000
2024-09-29T21:30:00,4.310,105.50,0.000
2024-09-29T21:15:00,4.310,116.90,0.000
2024-09-29T21:00:00,4.320,109.20,0.000
2024-09-29T20:45:00,4.320,106.00,0.000
2024-09-29T20:30:00,4.320,112.10,0.000
2024-09-29T20:15:00,4.320,115.70,0.000
2024-09-29T20:00:00,4.320,107.30,0.000
2024-09-29T19:45:00,4.320,109.30,0.000
2024-09-29T19:30:00,4.320,108.70,0.000
2024-09-29T19:15:00,4.320,105.30,0.000
2024-09-29T19:00:00,4.320,105.30,0.000
2024-09-29T18:45:00,4.320,110.10,0.000
2024-09-29T18:30:00,4.320,110.00,0.000
2024-09-29T18:15:00,4.320,109.20,0.000
2024-09-29T18:00:00,4.320,115.00,0.000
2024-09-29T17:45:00,4.320,111.00,0.000
2024-09-29T17:30:00,4.320,104.40,0.000
2024-09-29T17:15:00,4.330,116.80,0.000
2024-09-29T17:00:00,4.330,111.80,0.000
2024-09-29T16:45:00,4.330,115.40,0.000
2024-09-29T16:30:00,4.330,112.20,0.000
2024-09-29T16:15:00,4.330,107.30,0.000
2024-09-29T16:00:00,4.340,104.30,0.000
2024-09-29T15:45:00,4.340,116.40,0.000
2024-09-29T15:30:00,4.340,104.20,0.000
2024-09-29T15:15:00,4.350,119.20,0.000
2024-09-29T15:00:00,4.350,112.10,0.000
2024-09-29T14:45:00,4.350,116.10,0.000
2024-09-29T14:30:00,4.350,111.30,0.000
2024-09-29T14:15:00,4.350,109.80,0.000
2024-09-29T14:00:00,4.360,119.70,0.000
2024-09-29T13:45:00,4.360,118.20,0.000
2024-09-29T13:30:00,4.360,119.80,0.000
2024-09-29T13:15:00,4.370,108.80,0.000
2024-09-29T13:00:00,4.370,116.80,0.000
2024-09-29T12:45:00,4.370,118.50,0.000
2024-09-29T12:30:00,4.370,117.50,0.000
2024-09-29T12:15:00,4.380,116.30,0.000
2024-09-29T12:00:00,4.380,105.80,0.000
2024-09-29T11:45:00,4.380,107.70,0.000
2024-09-29T11:30:00,4.380,120.60,0.000
2024-09-29T11:15:00,4.380,107.50,0.000
2024-09-29T11:00:00,4.390,121.00,0.000
2024-09-29T10:45:00,4.390,105.90,0.000
2024-09-29T10:30:00,4.390,118.50,0.000
2024-09-29T10:15:00,4.390,114.60,0.000
2024-09-29T10:00:00,4.400,119.30,0.000
2024-09-29T09:45:00,4.390,118.90,0.000
2024-09-29T09:30:00,4.400,116.00,0.000
2024-09-29T09:15:00,4.400,118.00,0.000
2024-09-29T09:00:00,4.410,120.20,0.000
2024-09-29T08:45:00,4.410,120.20,0.000
2024-09-29T08:30:00,4.410,118.30,0.000
2024-09-29T08:15:00,4.410,119.90,0.000
2024-09-29T08:00:00,4.420,117.90,0.000
2024-09-29T07:45:00,4.420,127.30,0.000
2024-09-29T07:30:00,4.420,130.10,0.000
2024-09-29T07:15:00,4.420,122.40,0.000
2024-09-29T07:00:00,4.420,124.60,0.000
2024-09-29T06:45:00,4.420,126.70,0.000
2024-09-29T06:30:00,4.430,128.50,0.000
2024-09-29T06:15:00,4.420,126.40,0.000
2024-09-29T06:00:00,4.430,125.00,0.000
2024-09-29T05:45:00,4.430,135.70,0.000
2024-09-29T05:30:00,4.440,133.20,0.000
2024-09-29T05:15:00,4.440,126.70,0.000
2024-09-29T05:00:00,4.440,122.20,0.000
2024-09-29T04:45:00,4.440,129.50,0.000
2024-09-29T04:30:00,4.440,125.70,0.000
2024-09-29T04:15:00,4.440,126.80,0.000
2024-09-29T04:00:00,4.440,128.30,0.000
2024-09-29T03:45:00,4.440,129.50,0.000
2024-09-29T03:30:00,4.450,132.10,0.000
2024-09-29T03:15:00,4.450,129.10,0.000
2024-09-29T03:00:00,4.450,130.30,0.000
2024-09-29T02:45:00,4.450,129.70,0.000
2024-09-29T02:30:00,4.450,133.50,0.000
2024-09-29T02:15:00,4.460,127.40,0.000
2024-09-29T02:00:00,4.460,123.10,0.000
2024-09-29T01:45:00,4.460,133.10,0.000
2024-09-29T01:30:00,4.460,133.70,0.000
2024-09-29T01:15:00,4.460,133.10,0.000
2024-09-29T01:00:00,4.460,130.20,0.000
2024-09-29T00:45:00,4.460,139.10,0.000
2024-09-29T00:30:00,4.460,128.70,0.000
2024-09-29T00:15:00,4.460,140.60,0.000
2024-09-29T00:00:00,4.470,132.40,0.000
2024-09-28T23:45:00,4.470,136.90,0.000
2024-09-28T23:30:00,4.460,128.10,0.000
2024-09-28T23:15:00,4.460,136.30,0.000
2024-09-28T23:00:00,4.470,130.00,0.000
2024-09-28T22:45:00,4.470,135.30,0.000
2024-09-28T22:30:00,4.470,130.50,0.000
2024-09-28T22:15:00,4.470,132.00,0.000
2024-09-28T22:00:00,4.470,131.80,0.000
2024-09-28T21:45:00,4.470,128.50,0.000
2024-09-28T21:30:00,4.470,133.30,0.000
2024-09-28T21:15:00,4.480,136.70,0.000
2024-09-28T21:00:00,4.480,131.20,0.000
2024-09-28T20:45:00,4.480,133.00,0.000
2024-09-28T20:30:00,4.480,129.90,0.000
2024-09-28T20:15:00,4.480,131.00,0.000
2024-09-28T20:00:00,4.480,138.30,0.000
2024-09-28T19:45:00,4.480,138.10,0.000
2024-09-28T19:30:00,4.490,130.00,0.000
2024-09-28T19:15:00,4.490,120.90,0.000
2024-09-28T19:00:00,4.490,138.00,0.000
2024-09-28T18:45:00,4.490,118.50,0.000
2024-09-28T18:30:00,4.490,133.60,0.000
2024-09-28T18:15:00,4.490,127.30,0.000
2024-09-28T18:00:00,4.500,133.90,0.000
2024-09-28T17:45:00,4.490,127.80,0.000
2024-09-28T17:30:00,4.500,129.00,0.000
2024-09-28T17:15:00,4.490,126.40,0.000
2024-09-28T17:00:00,4.500,143.40,0.000
2024-09-28T16:45:00,4.500,129.10,0.000
2024-09-28T16:30:00,4.500,137.90,0.000
2024-09-28T16:15:00,4.510,134.60,0.000
2024-09-28T16:00:00,4.510,143.80,0.000
2024-09-28T15:45:00,4.520,135.40,0.000
2024-09-28T15:30:00,4.520,140.90,0.000
2024-09-28T15:15:00,4.520,144.30,0.000
2024-09-28T15:00:00,4.530,137.60,0.000
2024-09-28T14:45:00,4.530,140.30,0.000
2024-09-28T14:30:00,4.540,143.60,0.000
2024-09-28T14:15:00,4.540,148.00,0.000
2024-09-28T14:00:00,4.550,145.30,0.000
2024-09-28T13:45:00,4.550,145.40,0.000
2024-09-28T13:30:00,4.560,148.90,0.000
2024-09-28T13:15:00,4.560,139.90,0.000
2024-09-28T13:00:00,4.570,144.40,0.000
2024-09-28T12:45:00,4.570,134.10,0.000
2024-09-28T12:30:00,4.580,135.20,0.000
2024-09-28T12:15:00,4.590,131.50,0.000
2024-09-28T12:00:00,4.590,138.30,0.000
2024-09-28T11:45:00,4.600,123.10,0.000
2024-09-28T11:30:00,4.600,130.00,0.000
2024-09-28T11:15:00,4.610,131.20,0.000
2024-09-28T11:00:00,4.620,138.10,0.000
2024-09-28T10:45:00,4.620,129.20,0.000
2024-09-28T10:30:00,4.640,135.20,0.000
2024-09-28T10:15:00,4.640,147.10,0.000
2024-09-28T10:00:00,4.650,136.60,0.000
2024-09-28T09:45:00,4.670,136.10,0.000
2024-09-28T09:30:00,4.670,130.20,0.000
2024-09-28T09:15:00,4.680,147.30,0.000
2024-09-28T09:00:00,4.680,145.30,0.000
2024-09-28T08:45:00,4.680,143.50,0.000
2024-09-28T08:30:00,4.690,146.70,0.000
2024-09-28T08:15:00,4.690,147.30,0.000
2024-09-28T08:00:00,4.690,147.00,0.000
2024-09-28T07:45:00,4.700,146.70,0.000
2024-09-28T07:30:00,4.700,147.30,0.000
2024-09-28T07:15:00,4.710,144.50,0.000
2024-09-28T07:00:00,4.700,147.20,0.000
2024-09-28T06:45:00,4.710,149.10,0.000
2024-09-28T06:30:00,4.710,157.40,0.000
2024-09-28T06:15:00,4.710,141.00,0.000
2024-09-28T06:00:00,4.710,152.40,0.000
2024-09-28T05:45:00,4.710,149.20,0.000
2024-09-28T05:30:00,4.720,147.40,0.000
2024-09-28T05:15:00,4.720,145.50,0.000
2024-09-28T05:00:00,4.720,151.40,0.000
2024-09-28T04:45:00,4.720,149.60,0.000
2024-09-28T04:30:00,4.720,147.00,0.000
2024-09-28T04:15:00,4.720,153.60,0.000
2024-09-28T04:00:00,4.720,148.30,0.000
2024-09-28T03:45:00,4.720,146.90,0.000
2024-09-28T03:30:00,4.720,149.10,0.000
2024-09-28T03:15:00,4.720,144.80,0.000
2024-09-28T03:00:00,4.720,148.60,0.000
2024-09-28T02:45:00,4.720,154.10,0.000
2024-09-28T02:30:00,4.720,140.00,0.000
2024-09-28T02:15:00,4.720,151.70,0.000
2024-09-28T02:00:00,4.720,150.90,0.000
2024-09-28T01:45:00,4.720,152.50,0.000
2024-09-28T01:30:00,4.720,158.80,0.000
2024-09-28T01:15:00,4.720,152.40,0.000
2024-09-28T01:00:00,4.720,156.30,0.000
2024-09-28T00:45:00,4.710,157.60,0.000
2024-09-28T00:30:00,4.710,156.70,0.000
2024-09-28T00:15:00,4.710,154.00,0.000
2024-09-28T00:00:00,4.700,157.10,0.000
2024-09-27T23:45:00,4.710,153.20,0.000
2024-09-27T23:30:00,4.700,147.60,0.000
2024-09-27T23:15:00,4.700,150.80,0.000
2024-09-27T23:00:00,4.690,153.20,0.000
2024-09-27T22:45:00,4.690,152.40,0.000
2024-09-27T22:30:00,4.690,151.40,0.000
2024-09-27T22:15:00,4.680,147.40,0.000
2024-09-27T22:00:00,4.670,152.00,0.000
2024-09-27T21:45:00,4.660,146.80,0.000
2024-09-27T21:30:00,4.660,157.50,0.000
2024-09-27T21:15:00,4.650,148.10,0.000
2024-09-27T21:00:00,4.650,151.90,0.000
2024-09-27T20:45:00,4.640,156.80,0.000
2024-09-27T20:30:00,4.630,151.60,0.000
2024-09-27T20:15:00,4.620,146.50,0.000
2024-09-27T20:00:00,4.610,143.30,0.000
2024-09-27T19:45:00,4.600,136.20,0.000
2024-09-27T19:30:00,4.590,149.10,0.000
2024-09-27T19:15:00,4.570,150.50,0.000
2024-09-27T19:00:00,4.560,149.40,0.000
2024-09-27T18:45:00,4.550,142.50,0.000
2024-09-27T18:30:00,4.540,153.20,0.000
2024-09-27T18:15:00,4.520,154.00,0.000
2024-09-27T18:00:00,4.510,144.80,0.000
2024-09-27T17:45:00,4.500,147.10,0.000
2024-09-27T17:30:00,4.490,148.10,0.000
2024-09-27T17:15:00,4.480,140.20,0.000
2024-09-27T17:00:00,4.480,154.70,0.000
2024-09-27T16:45:00,4.470,140.70,0.000
2024-09-27T16:30:00,4.470,147.30,0.000
2024-09-27T16:15:00,4.470,139.50,0.000
2024-09-27T16:00:00,4.460,141.60,0.000
2024-09-27T15:45:00,4.460,141.30,0.000
2024-09-27T15:30:00,4.450,132.40,0.000
2024-09-27T15:15:00,4.450,137.10,0.000
2024-09-27T15:00:00,4.460,145.40,0.000
2024-09-27T14:45:00,4.450,146.70,0.000
2024-09-27T14:30:00,4.460,137.80,0.000
2024-09-27T14:15:00,4.450,132.90,0.000
2024-09-27T14:00:00,4.450,138.40,0.500
2024-09-27T13:45:00,4.450,153.20,2.000
2024-09-27T13:30:00,4.430,127.70,4.000
2024-09-27T13:15:00,4.430,146.20,0.000
2024-09-27T13:00:00,4.410,136.60,0.000
2024-09-27T12:45:00,4.410,117.60,0.000
2024-09-27T12:30:00,4.420,121.20,0.000
2024-09-27T12:15:00,4.420,122.30,0.000
2024-09-27T12:00:00,4.430,130.60,0.000
2024-09-27T11:45:00,4.430,114.70,0.000
2024-09-27T11:30:00,4.430,124.40,0.000
2024-09-27T11:15:00,4.440,128.00,0.000
2024-09-27T11:00:00,4.440,133.10,0.000
2024-09-27T10:45:00,4.440,134.10,0.000
2024-09-27T10:30:00,4.450,146.00,0.000
2024-09-27T10:15:00,4.450,142.60,0.000
2024-09-27T10:00:00,4.450,133.00,0.000
2024-09-27T09:45:00,4.450,129.70,0.000
2024-09-27T09:30:00,4.450,142.70,0.000
2024-09-27T09:15:00,4.450,139.50,0.000
2024-09-27T09:00:00,4.450,140.10,0.000
2024-09-27T08:45:00,4.440,155.20,0.000
2024-09-27T08:30:00,4.450,158.00,0.500
2024-09-27T08:15:00,4.490,156.50,0.000
2024-09-27T08:00:00,4.540,154.70,0.000
2024-09-27T07:45:00,4.580,145.40,0.000
2024-09-27T07:30:00,4.580,152.50,0.000
2024-09-27T07:15:00,4.590,150.20,0.000
2024-09-27T07:00:00,4.580,138.70,0.000
2024-09-27T06:45:00,4.590,149.60,0.000
2024-09-27T06:30:00,4.590,140.00,0.000
2024-09-27T06:15:00,4.600,139.40,0.000
2024-09-27T06:00:00,4.600,139.20,0.000
2024-09-27T05:45:00,4.600,148.70,0.000
2024-09-27T05:30:00,4.600,150.80,0.000
2024-09-27T05:15:00,4.600,150.30,0.000
2024-09-27T05:00:00,4.600,159.90,0.000
2024-09-27T04:45:00,4.610,148.40,0.000
2024-09-27T04:30:00,4.610,151.90,0.000
2024-09-27T04:15:00,4.610,152.20,0.000
2024-09-27T04:00:00,4.610,146.60,0.000
2024-09-27T03:45:00,4.610,145.30,0.000
2024-09-27T03:30:00,4.610,150.20,0.000
2024-09-27T03:15:00,4.620,143.60,0.000
2024-09-27T03:00:00,4.610,152.50,0.000
2024-09-27T02:45:00,4.620,153.20,0.000
2024-09-27T02:30:00,4.620,155.50,0.000
2024-09-27T02:15:00,4.620,152.00,0.000
2024-09-27T02:00:00,4.620,149.10,0.000
2024-09-27T01:45:00,4.630,147.20,0.000
2024-09-27T01:30:00,4.630,149.30,0.000
2024-09-27T01:15:00,4.620,158.60,0.000
2024-09-27T01:00:00,4.630,151.60,0.000
2024-09-27T00:45:00,4.630,150.40,0.000
2024-09-27T00:30:00,4.630,152.50,0.000
2024-09-27T00:15:00,4.630,143.00,0.000
2024-09-27T00:00:00,4.620,150.50,0.000
2024-09-26T23:45:00,4.620,151.90,0.000
2024-09-26T23:30:00,4.620,159.40,0.000
2024-09-26T23:15:00,4.620,155.70,0.000
2024-09-26T23:00:00,4.620,155.60,0.000
2024-09-26T22:45:00,4.620,148.40,0.000
2024-09-26T22:30:00,4.610,156.00,0.000
2024-09-26T22:15:00,4.610,156.20,0.000
2024-09-26T22:00:00,4.610,149.40,0.000
2024-09-26T21:45:00,4.610,156.20,0.000
2024-09-26T21:30:00,4.610,154.40,0.000
2024-09-26T21:15:00,4.600,151.00,0.000
2024-09-26T21:00:00,4.600,156.50,0.000
2024-09-26T20:45:00,4.590,150.30,0.000
2024-09-26T20:30:00,4.590,190.20,0.000
2024-09-26T20:15:00,4.590,151.70,0.000
2024-09-26T20:00:00,4.580,158.30,0.000
2024-09-26T19:45:00,4.580,154.40,0.000
2024-09-26T19:30:00,4.580,150.90,0.000
2024-09-26T19:15:00,4.570,150.40,0.000
2024-09-26T19:00:00,4.560,142.10,0.000
2024-09-26T18:45:00,4.560,152.50,0.000
2024-09-26T18:30:00,4.550,141.20,0.000
2024-09-26T18:15:00,4.550,148.30,0.000
2024-09-26T18:00:00,4.550,144.50,0.000
2024-09-26T17:45:00,4.540,143.40,0.000
2024-09-26T17:30:00,4.540,148.70,0.000
2024-09-26T17:15:00,4.530,144.60,0.000
2024-09-26T17:00:00,4.530,140.80,0.000
2024-09-26T16:45:00,4.530,144.40,0.000
2024-09-26T16:30:00,4.530,142.70,0.000
2024-09-26T16:15:00,4.530,145.50,0.000
2024-09-26T16:00:00,4.520,153.90,0.000
2024-09-26T15:45:00,4.520,152.40,0.000
2024-09-26T15:30:00,4.520,137.40,0.000
2024-09-26T15:15:00,4.520,142.90,0.000
2024-09-26T15:00:00,4.520,142.20,0.000
2024-09-26T14:45:00,4.510,141.90,9.000
2024-09-26T14:30:00,4.500,138.50,0.500
2024-09-26T14:15:00,4.500,131.20,0.000
2024-09-26T14:00:00,4.500,127.10,0.000
2024-09-26T13:45:00,4.500,139.90,0.000
2024-09-26T13:30:00,4.490,134.80,0.000
2024-09-26T13:15:00,4.490,119.80,0.000
2024-09-26T13:00:00,4.490,124.10,0.000
2024-09-26T12:45:00,4.480,138.90,0.000
2024-09-26T12:30:00,4.480,134.40,0.000
2024-09-26T12:15:00,4.470,122.20,0.000
2024-09-26T12:00:00,4.470,123.90,0.000
2024-09-26T11:45:00,4.460,130.70,0.000
2024-09-26T11:30:00,4.450,124.40,0.000
2024-09-26T11:15:00,4.450,124.30,0.000
2024-09-26T11:00:00,4.450,116.40,0.000
2024-09-26T10:45:00,4.440,125.90,0.000
2024-09-26T10:30:00,4.440,123.60,0.000
2024-09-26T10:15:00,4.430,122.90,0.000
2024-09-26T10:00:00,4.420,121.80,0.000
2024-09-26T09:45:00,4.420,129.20,0.000
2024-09-26T09:30:00,4.420,130.60,0.000
2024-09-26T09:15:00,4.410,126.10,0.000
2024-09-26T09:00:00,4.410,129.60,0.000
2024-09-26T08:45:00,4.410,131.00,0.000
2024-09-26T08:30:00,4.410,129.10,0.000
2024-09-26T08:15:00,4.410,127.40,0.000
2024-09-26T08:00:00,4.400,131.50,0.000
2024-09-26T07:45:00,4.410,127.70,0.000
2024-09-26T07:30:00,4.410,132.70,0.000
2024-09-26T07:15:00,4.410,129.90,0.000
2024-09-26T07:00:00,4.420,134.60,0.000
2024-09-26T06:45:00,4.420,138.30,0.000
2024-09-26T06:30:00,4.430,134.60,0.000
2024-09-26T06:15:00,4.430,128.30,0.000
2024-09-26T06:00:00,4.440,136.10,0.000
2024-09-26T05:45:00,4.440,136.80,0.000
2024-09-26T05:30:00,4.450,136.70,0.000
2024-09-26T05:15:00,4.450,137.70,0.000
2024-09-26T05:00:00,4.460,138.10,0.000
2024-09-26T04:45:00,4.460,138.60,0.000
2024-09-26T04:30:00,4.470,139.90,0.000
2024-09-26T04:15:00,4.470,139.90,0.000
2024-09-26T04:00:00,4.480,148.60,0.000
2024-09-26T03:45:00,4.490,141.10,0.000
2024-09-26T03:30:00,4.490,144.10,0.000
2024-09-26T03:15:00,4.490,140.30,0.000
2024-09-26T03:00:00,4.500,137.40,0.000
2024-09-26T02:45:00,4.500,148.70,0.000
2024-09-26T02:30:00,4.510,141.00,0.000
2024-09-26T02:15:00,4.510,148.70,0.000
2024-09-26T02:00:00,4.520,144.90,0.000
2024-09-26T01:45:00,4.520,152.60,0.000
2024-09-26T01:30:00,4.520,144.70,0.000
2024-09-26T01:15:00,4.520,151.30,0.000
2024-09-26T01:00:00,4.530,151.30,0.000
2024-09-26T00:45:00,4.530,146.70,0.000
2024-09-26T00:30:00,4.530,157.90,0.000
2024-09-26T00:15:00,4.530,146.00,0.000
2024-09-26T00:00:00,4.530,152.40,0.000
2024-09-25T23:45:00,4.530,141.10,0.000
2024-09-25T23:30:00,4.530,155.30,0.000
2024-09-25T23:15:00,4.530,158.20,0.000
2024-09-25T23:00:00,4.530,147.80,0.000
2024-09-25T22:45:00,4.530,155.00,0.000
2024-09-25T22:30:00,4.530,150.20,0.000
2024-09-25T22:15:00,4.520,150.60,0.000
2024-09-25T22:00:00,4.520,155.40,0.000
2024-09-25T21:45:00,4.520,145.70,0.000
2024-09-25T21:30:00,4.510,154.40,0.000
2024-09-25T21:15:00,4.500,154.60,0.000
2024-09-25T21:00:00,4.500,154.40,0.000
2024-09-25T20:45:00,4.500,149.90,0.000
2024-09-25T20:30:00,4.490,145.60,0.000
2024-09-25T20:15:00,4.480,151.70,0.000
2024-09-25T20:00:00,4.470,155.50,0.000
2024-09-25T19:45:00,4.470,151.10,0.000
2024-09-25T19:30:00,4.460,143.50,0.000
2024-09-25T19:15:00,4.460,138.30,0.000
2024-09-25T19:00:00,4.450,137.60,0.000
2024-09-25T18:45:00,4.450,141.70,0.000
2024-09-25T18:30:00,4.440,146.30,0.000
2024-09-25T18:15:00,4.440,139.90,0.000
2024-09-25T18:00:00,4.440,135.50,0.000
2024-09-25T17:45:00,4.440,137.80,0.000
2024-09-25T17:30:00,4.440,137.70,0.000
2024-09-25T17:15:00,4.440,149.90,0.000
2024-09-25T17:00:00,4.450,149.30,0.500
2024-09-25T16:45:00,4.440,151.30,0.000
2024-09-25T16:30:00,4.440,148.10,0.000
2024-09-25T16:15:00,4.450,147.60,0.000
2024-09-25T16:00:00,4.450,145.50,0.000
2024-09-25T15:45:00,4.450,135.20,0.000
2024-09-25T15:30:00,4.450,135.60,0.000
2024-09-25T15:15:00,4.450,146.20,0.000
2024-09-25T15:00:00,4.450,141.10,0.000
2024-09-25T14:45:00,4.450,137.20,0.000
2024-09-25T14:30:00,4.450,138.50,0.000
2024-09-25T14:15:00,4.450,141.60,0.000
2024-09-25T14:00:00,4.450,128.50,0.000
2024-09-25T13:45:00,4.460,119.10,0.000
2024-09-25T13:30:00,4.460,124.00,0.000
2024-09-25T13:15:00,4.470,140.40,0.000
2024-09-25T13:00:00,4.470,128.90,0.000
2024-09-25T12:45:00,4.470,129.30,0.000
2024-09-25T12:30:00,4.480,123.20,0.000
2024-09-25T12:15:00,4.480,141.20,0.000
2024-09-25T12:00:00,4.480,136.90,0.000
2024-09-25T11:45:00,4.490,138.80,0.000
2024-09-25T11:30:00,4.490,134.00,0.000
2024-09-25T11:15:00,4.490,125.10,0.000
2024-09-25T11:00:00,4.500,137.10,0.000
2024-09-25T10:45:00,4.500,137.20,0.000
2024-09-25T10:30:00,4.510,144.90,0.000
2024-09-25T10:15:00,4.510,144.40,0.500
2024-09-25T10:00:00,4.510,144.50,0.000
2024-09-25T09:45:00,4.520,137.50,0.000
2024-09-25T09:30:00,4.520,140.00,0.000
2024-09-25T09:15:00,4.520,137.00,0.000
2024-09-25T09:00:00,4.520,142.50,0.000
2024-09-25T08:45:00,4.530,158.00,0.000
2024-09-25T08:30:00,4.530,148.70,0.000
2024-09-25T08:15:00,4.530,150.60,0.000
2024-09-25T08:00:00,4.530,151.80,0.000
2024-09-25T07:45:00,4.530,152.10,0.000
2024-09-25T07:30:00,4.540,152.60,0.000
2024-09-25T07:15:00,4.550,157.70,0.000
2024-09-25T07:00:00,4.560,151.30,0.000
2024-09-25T06:45:00,4.560,158.10,0.000
2024-09-25T06:30:00,4.560,163.60,0.000
2024-09-25T06:15:00,4.570,159.60,0.000
2024-09-25T06:00:00,4.570,155.50,0.000
2024-09-25T05:45:00,4.580,160.70,0.000
2024-09-25T05:30:00,4.580,151.70,0.000
2024-09-25T05:15:00,4.590,158.50,0.000
2024-09-25T05:00:00,4.590,155.50,0.000
2024-09-25T04:45:00,4.600,166.80,0.000
2024-09-25T04:30:00,4.600,165.80,0.000
2024-09-25T04:15:00,4.610,160.80,0.000
2024-09-25T04:00:00,4.610,164.00,0.500
2024-09-25T03:45:00,4.610,166.00,0.000
2024-09-25T03:30:00,4.620,162.40,0.000
2024-09-25T03:15:00,4.620,173.00,0.000
2024-09-25T03:00:00,4.630,169.60,0.000
2024-09-25T02:45:00,4.630,174.70,0.000
2024-09-25T02:30:00,4.640,171.70,0.000
2024-09-25T02:15:00,4.640,178.00,0.000
2024-09-25T02:00:00,4.650,164.80,0.000
2024-09-25T01:45:00,4.640,173.50,0.000
2024-09-25T01:30:00,4.650,171.00,0.000
2024-09-25T01:15:00,4.660,173.60,0.000
2024-09-25T01:00:00,4.660,173.00,0.000
2024-09-25T00:45:00,4.660,165.10,0.000
2024-09-25T00:30:00,4.660,171.90,0.000
2024-09-25T00:15:00,4.660,178.30,0.000
2024-09-25T00:00:00,4.670,173.70,0.000
2024-09-24T23:45:00,4.670,170.60,0.000
2024-09-24T23:30:00,4.670,178.30,0.000
2024-09-24T23:15:00,4.670,174.80,0.000
2024-09-24T23:00:00,4.670,174.20,0.000
2024-09-24T22:45:00,4.670,172.10,0.000
2024-09-24T22:30:00,4.670,172.90,0.000
2024-09-24T22:15:00,4.660,177.00,0.000
2024-09-24T22:00:00,4.660,175.10,0.000
2024-09-24T21:45:00,4.650,178.20,0.000
2024-09-24T21:30:00,4.650,170.40,0.000
2024-09-24T21:15:00,4.650,174.90,0.000
2024-09-24T21:00:00,4.640,171.20,0.000
2024-09-24T20:45:00,4.640,170.60,0.500
2024-09-24T20:30:00,4.630,167.70,0.000
2024-09-24T20:15:00,4.620,175.00,0.000
2024-09-24T20:00:00,4.620,169.70,0.000
2024-09-24T19:45:00,4.610,172.10,0.000
2024-09-24T19:30:00,4.610,173.10,0.500
2024-09-24T19:15:00,4.610,166.90,0.000
2024-09-24T19:00:00,4.610,161.80,0.000
2024-09-24T18:45:00,4.610,168.50,0.000
2024-09-24T18:30:00,4.610,164.10,0.000
2024-09-24T18:15:00,4.620,158.70,0.000
2024-09-24T18:00:00,4.610,157.00,0.000
2024-09-24T17:45:00,4.620,159.70,0.000
2024-09-24T17:30:00,4.610,160.00,0.500
2024-09-24T17:15:00,4.610,164.90,1.000
2024-09-24T17:00:00,4.610,172.00,0.500
2024-09-24T16:45:00,4.610,156.30,0.000
2024-09-24T16:30:00,4.610,162.90,0.000
2024-09-24T16:15:00,4.610,162.90,0.000
2024-09-24T16:00:00,4.610,166.30,0.500
2024-09-24T15:45:00,4.610,164.30,0.000
2024-09-24T15:30:00,4.610,161.50,0.500
2024-09-24T15:15:00,4.610,164.90,1.500
2024-09-24T15:00:00,4.610,167.80,5.000
2024-09-24T14:45:00,4.600,153.20,6.500
2024-09-24T14:30:00,4.600,151.40,0.000
2024-09-24T14:15:00,4.590,147.30,0.000
2024-09-24T14:00:00,4.590,153.00,0.000
2024-09-24T13:45:00,4.590,150.80,0.000
2024-09-24T13:30:00,4.590,144.10,0.000
2024-09-24T13:15:00,4.590,148.80,0.000
2024-09-24T13:00:00,4.590,147.90,0.000
2024-09-24T12:45:00,4.590,146.10,0.000
2024-09-24T12:30:00,4.590,141.90,0.000
2024-09-24T12:15:00,4.580,146.60,0.000
2024-09-24T12:00:00,4.570,142.10,0.000
2024-09-24T11:45:00,4.580,154.10,0.000
2024-09-24T11:30:00,4.580,156.70,0.000
2024-09-24T11:15:00,4.590,158.80,0.000
2024-09-24T11:00:00,4.590,159.40,0.000
2024-09-24T10:45:00,4.600,162.70,0.000
2024-09-24T10:30:00,4.600,155.60,0.000
2024-09-24T10:15:00,4.600,166.50,0.000
2024-09-24T10:00:00,4.610,163.80,0.000
2024-09-24T09:45:00,4.610,162.00,0.000
2024-09-24T09:30:00,4.610,160.10,0.000
2024-09-24T09:15:00,4.610,168.90,0.000
2024-09-24T09:00:00,4.610,170.10,0.000
2024-09-24T08:45:00,4.610,161.20,0.000
2024-09-24T08:30:00,4.620,168.60,0.000
2024-09-24T08:15:00,4.620,170.50,0.000
2024-09-24T08:00:00,4.620,162.20,0.000
2024-09-24T07:45:00,4.620,172.60,0.000
2024-09-24T07:30:00,4.610,170.40,0.000
2024-09-24T07:15:00,4.620,167.80,0.000
2024-09-24T07:00:00,4.620,163.50,0.000
2024-09-24T06:45:00,4.620,176.20,0.000
2024-09-24T06:30:00,4.620,175.40,0.000
2024-09-24T06:15:00,4.630,170.50,0.000
2024-09-24T06:00:00,4.630,169.50,0.000
2024-09-24T05:45:00,4.640,174.50,0.000
2024-09-24T05:30:00,4.640,172.30,0.000
2024-09-24T05:15:00,4.640,184.10,0.000
2024-09-24T05:00:00,4.640,170.40,0.000
2024-09-24T04:45:00,4.640,180.20,0.000
2024-09-24T04:30:00,4.650,178.90,0.000
2024-09-24T04:15:00,4.650,179.10,0.000
2024-09-24T04:00:00,4.650,176.10,0.000
2024-09-24T03:45:00,4.650,174.70,0.000
2024-09-24T03:30:00,4.650,177.10,0.000
2024-09-24T03:15:00,4.650,177.90,0.500
2024-09-24T03:00:00,4.650,181.40,1.500
2024-09-24T02:45:00,4.640,182.90,2.000
2024-09-24T02:30:00,4.650,182.30,0.000
2024-09-24T02:15:00,4.650,172.50,0.000
2024-09-24T02:00:00,4.650,171.80,0.000
2024-09-24T01:45:00,4.650,175.90,0.000
2024-09-24T01:30:00,4.650,172.60,0.000
2024-09-24T01:15:00,4.650,169.40,0.000
2024-09-24T01:00:00,4.660,172.00,0.000
2024-09-24T00:45:00,4.670,170.10,0.000
2024-09-24T00:30:00,4.660,170.20,0.000
2024-09-24T00:15:00,4.680,179.10,0.000
2024-09-24T00:00:00,4.680,174.40,0.000
2024-09-23T23:45:00,4.690,178.20,0.000
2024-09-23T23:30:00,4.700,176.40,0.000
2024-09-23T23:15:00,4.700,176.60,0.000
2024-09-23T23:00:00,4.720,173.20,0.000
2024-09-23T22:45:00,4.720,170.70,0.000
2024-09-23T22:30:00,4.740,171.30,0.000
2024-09-23T22:15:00,4.740,173.10,0.000
2024-09-23T22:00:00,4.760,164.20,0.000
2024-09-23T21:45:00,4.770,179.00,0.000
2024-09-23T21:30:00,4.770,172.60,0.000
2024-09-23T21:15:00,4.790,169.40,0.000
2024-09-23T21:00:00,4.800,159.00,0.000
2024-09-23T20:45:00,4.820,177.20,0.000
2024-09-23T20:30:00,4.820,179.30,0.000
2024-09-23T20:15:00,4.840,184.20,0.000
2024-09-23T20:00:00,4.850,186.00,0.000
2024-09-23T19:45:00,4.860,183.90,0.000
2024-09-23T19:30:00,4.870,180.40,0.000
2024-09-23T19:15:00,4.890,182.60,0.000
2024-09-23T19:00:00,4.900,186.90,0.000
2024-09-23T18:45:00,4.910,190.00,0.500
2024-09-23T18:30:00,4.920,191.70,8.500
2024-09-23T18:15:00,4.920,176.90,4.500
2024-09-23T18:00:00,4.930,178.50,0.500
2024-09-23T17:45:00,4.940,168.30,0.500
2024-09-23T17:30:00,4.950,187.20,0.000
2024-09-23T17:15:00,4.960,186.00,0.000
2024-09-23T17:00:00,4.980,189.80,0.000
2024-09-23T16:45:00,4.990,191.30,0.000
2024-09-23T16:30:00,5.010,200.90,0.000
2024-09-23T16:15:00,5.020,198.10,0.000
2024-09-23T16:00:00,5.030,200.70,0.000
2024-09-23T15:45:00,5.050,190.30,0.000
2024-09-23T15:30:00,5.070,200.50,0.000
2024-09-23T15:15:00,5.080,187.70,0.000
2024-09-23T15:00:00,5.090,198.80,0.000
2024-09-23T14:45:00,5.100,198.50,0.000
2024-09-23T14:30:00,5.110,181.40,0.000
2024-09-23T14:15:00,5.120,189.70,0.000
2024-09-23T14:00:00,5.130,191.70,0.000
2024-09-23T13:45:00,5.130,194.00,0.000
2024-09-23T13:30:00,5.150,204.30,0.000
2024-09-23T13:15:00,5.180,203.20,0.000
2024-09-23T13:00:00,5.190,207.60,0.000
2024-09-23T12:45:00,5.200,190.10,0.000
2024-09-23T12:30:00,5.220,201.20,0.000
2024-09-23T12:15:00,5.240,213.30,0.000
2024-09-23T12:00:00,5.260,197.60,0.000
2024-09-23T11:45:00,5.280,209.90,0.000
2024-09-23T11:30:00,5.290,212.20,0.000
2024-09-23T11:15:00,5.300,216.70,0.000
2024-09-23T11:00:00,5.330,205.50,0.000
2024-09-23T10:45:00,5.340,213.40,0.000
2024-09-23T10:30:00,5.350,216.00,0.000
2024-09-23T10:15:00,5.380,210.40,0.000
2024-09-23T10:00:00,5.390,215.70,0.000
2024-09-23T09:45:00,5.410,209.10,0.000
2024-09-23T09:30:00,5.430,217.70,0.000
2024-09-23T09:15:00,5.440,231.20,0.000
2024-09-23T09:00:00,5.440,229.70,0.000
2024-09-23T08:45:00,5.460,231.10,0.000
2024-09-23T08:30:00,5.470,222.80,0.000
2024-09-23T08:15:00,5.480,225.30,0.000
2024-09-23T08:00:00,5.490,231.40,0.000
2024-09-23T07:45:00,5.500,237.00,0.000
2024-09-23T07:30:00,5.510,228.70,0.000
2024-09-23T07:15:00,5.530,238.90,0.000
2024-09-23T07:00:00,5.530,230.60,0.000
2024-09-23T06:45:00,5.540,229.80,0.000
2024-09-23T06:30:00,5.540,233.30,0.000
2024-09-23T06:15:00,5.550,232.60,0.000
2024-09-23T06:00:00,5.550,233.80,0.000
2024-09-23T05:45:00,5.550,245.70,0.000
2024-09-23T05:30:00,5.550,235.40,0.000
2024-09-23T05:15:00,5.560,230.60,0.000
2024-09-23T05:00:00,5.550,264.50,0.000
2024-09-23T04:45:00,5.550,242.60,0.000
2024-09-23T04:30:00,5.540,235.50,0.000
2024-09-23T04:15:00,5.550,229.60,0.000
2024-09-23T04:00:00,5.530,229.70,0.000
2024-09-23T03:45:00,5.520,233.40,0.000
2024-09-23T03:30:00,5.530,242.30,0.000
2024-09-23T03:15:00,5.510,234.10,0.000
2024-09-23T03:00:00,5.480,257.40,0.000
2024-09-23T02:45:00,5.470,247.40,0.000
2024-09-23T02:30:00,5.460,243.10,0.000
2024-09-23T02:15:00,5.440,233.50,0.000
2024-09-23T02:00:00,5.410,233.40,0.000
2024-09-23T01:45:00,5.400,229.30,0.000
2024-09-23T01:30:00,5.370,247.60,0.000
2024-09-23T01:15:00,5.360,231.80,0.000
2024-09-23T01:00:00,5.340,246.30,0.000
2024-09-23T00:45:00,5.320,241.80,0.000
2024-09-23T00:30:00,5.290,222.00,0.000
2024-09-23T00:15:00,5.270,237.40,0.000
2024-09-23T00:00:00,5.240,241.60,0.000
2024-10-06T23:45:00,3.900,46.00,0.000
2024-10-06T23:30:00,3.900,40.80,0.000
2024-10-06T23:15:00,3.900,45.20,0.000
2024-10-06T23:00:00,3.910,45.00,0.000
2024-10-06T22:45:00,3.910,44.90,0.000
2024-10-06T22:30:00,3.920,46.20,0.000
2024-10-06T22:15:00,3.920,45.40,0.000
2024-10-06T22:00:00,3.920,45.50,0.000
2024-10-06T21:45:00,3.930,43.70,0.000
2024-10-06T21:30:00,3.930,51.40,0.000
2024-10-06T21:15:00,3.930,48.30,0.000
2024-10-06T21:00:00,3.930,43.50,0.000
2024-10-06T20:45:00,3.930,46.90,0.000
2024-10-06T20:30:00,3.930,49.70,0.000
2024-10-06T20:15:00,3.930,47.90,0.000
2024-10-06T20:00:00,3.930,48.80,0.000
2024-10-06T19:45:00,3.930,44.90,0.000
2024-10-06T19:30:00,3.920,46.40,0.000
2024-10-06T19:15:00,3.930,48.80,0.000
2024-10-06T19:00:00,3.930,45.90,0.000
2024-10-06T18:45:00,3.920,41.80,0.000
2024-10-06T18:30:00,3.930,45.90,0.000
2024-10-06T18:15:00,3.920,44.70,0.000
2024-10-06T18:00:00,3.920,46.50,0.000
2024-10-06T17:45:00,3.920,47.00,0.000
2024-10-06T17:30:00,3.920,45.90,0.000
2024-10-06T17:15:00,3.920,47.80,0.000
2024-10-06T17:00:00,3.920,46.10,0.000
2024-10-06T16:45:00,3.910,51.70,0.000
2024-10-06T16:30:00,3.910,46.60,0.000
2024-10-06T16:15:00,3.910,45.80,0.000
2024-10-06T16:00:00,3.910,62.30,0.000
2024-10-06T15:45:00,3.910,47.70,0.000
2024-10-06T15:30:00,3.900,46.00,0.000
2024-10-06T15:15:00,3.900,68.20,0.000
2024-10-06T15:00:00,3.890,62.10,0.000
2024-10-06T14:45:00,3.890,53.70,0.000
2024-10-06T14:30:00,3.890,43.40,0.000
2024-10-06T14:15:00,3.890,36.10,0.000
2024-10-06T14:00:00,3.880,46.00,0.000
2024-10-06T13:45:00,3.880,41.40,0.000
2024-10-06T13:30:00,3.880,40.10,0.000
2024-10-06T13:15:00,3.880,44.50,0.000
2024-10-06T13:00:00,3.880,39.10,0.000
2024-10-06T12:45:00,3.870,48.40,0.000
2024-10-06T12:30:00,3.870,39.10,0.000
2024-10-06T12:15:00,3.870,41.20,0.000
2024-10-06T12:00:00,3.870,43.00,0.000
2024-10-06T11:45:00,3.870,37.30,0.000
2024-10-06T11:30:00,3.870,41.50,0.000
2024-10-06T11:15:00,3.870,41.70,0.000
2024-10-06T11:00:00,3.880,42.20,0.000
2024-10-06T10:45:00,3.880,35.50,0.000
2024-10-06T10:30:00,3.880,42.10,0.000
2024-10-06T10:15:00,3.880,41.80,0.000
2024-10-06T10:00:00,3.880,39.10,0.000
2024-10-06T09:45:00,3.890,44.10,0.000
2024-10-06T09:30:00,3.890,36.10,0.000
2024-10-06T09:15:00,3.890,42.40,0.000
2024-10-06T09:00:00,3.900,39.00,0.000
2024-10-06T08:45:00,3.900,41.50,0.000
2024-10-06T08:30:00,3.900,40.50,0.000
2024-10-06T08:15:00,3.910,35.70,0.000
2024-10-06T08:00:00,3.910,44.50,0.000
2024-10-06T07:45:00,3.910,49.40,0.000
2024-10-06T07:30:00,3.920,39.10,0.000
2024-10-06T07:15:00,3.920,34.90,0.000
2024-10-06T07:00:00,3.920,36.00,0.000
2024-10-06T06:45:00,3.930,40.20,0.000
2024-10-06T06:30:00,3.930,41.00,0.000
2024-10-06T06:15:00,3.930,37.10,0.000
2024-10-06T06:00:00,3.930,42.60,0.000
2024-10-06T05:45:00,3.940,39.90,0.000
2024-10-06T05:30:00,3.940,45.70,0.000
2024-10-06T05:15:00,3.950,47.30,0.000
2024-10-06T05:00:00,3.940,42.20,0.000
2024-10-06T04:45:00,3.950,50.30,0.000
2024-10-06T04:30:00,3.950,45.60,0.000
2024-10-06T04:15:00,3.950,44.00,0.000
2024-10-06T04:00:00,3.960,45.50,0.000
2024-10-06T03:45:00,3.960,45.60,0.000
2024-10-06T03:30:00,3.960,43.80,0.000
2024-10-06T03:15:00,3.970,42.90,0.000
2024-10-06T03:00:00,3.970,50.50,0.000
2024-10-06T02:45:00,3.970,41.80,0.000
2024-10-06T02:30:00,3.980,43.70,0.000
2024-10-06T02:15:00,3.980,48.30,0.000
2024-10-06T02:00:00,3.980,45.30,0.000
2024-10-06T01:45:00,3.990,45.60,0.000
2024-10-06T01:30:00,3.990,44.90,0.000
2024-10-06T01:15:00,3.990,45.80,0.000
2024-10-06T01:00:00,4.000,46.70,0.000
2024-10-06T00:45:00,4.000,49.90,0.000
2024-10-06T00:30:00,4.010,45.70,0.000
2024-10-06T00:15:00,4.010,47.80,0.000
2024-10-06T00:00:00,4.010,44.90,0.000
2024-10-05T23:45:00,4.020,46.90,0.000
2024-10-05T23:30:00,4.030,49.50,0.000
2024-10-05T23:15:00,4.030,50.60,0.000
2024-10-05T23:00:00,4.030,47.70,0.000
2024-10-05T22:45:00,4.040,47.00,0.000
2024-10-05T22:30:00,4.040,50.10,0.000
2024-10-05T22:15:00,4.050,49.70,0.000
2024-10-05T22:00:00,4.050,49.30,0.000
2024-10-05T21:45:00,4.050,49.90,0.000
2024-10-05T21:30:00,4.050,50.70,0.000
2024-10-05T21:15:00,4.050,48.40,0.000
2024-10-05T21:00:00,4.050,51.50,0.000
2024-10-05T20:45:00,4.050,47.50,0.000
2024-10-05T20:30:00,4.050,50.40,0.000
2024-10-05T20:15:00,4.050,48.50,0.000
2024-10-05T20:00:00,4.050,50.90,0.000
2024-10-05T19:45:00,4.040,50.20,0.000
2024-10-05T19:30:00,4.040,48.50,0.000
2024-10-05T19:15:00,4.040,50.10,0.000
2024-10-05T19:00:00,4.040,47.80,0.000
2024-10-05T18:45:00,4.040,47.00,0.000
2024-10-05T18:30:00,4.040,51.80,0.000
2024-10-05T18:15:00,4.040,51.70,0.000
2024-10-05T18:00:00,4.040,49.60,0.000
2024-10-05T17:45:00,4.040,48.80,0.000
2024-10-05T17:30:00,4.030,47.60,0.000
2024-10-05T17:15:00,4.030,44.10,0.000
2024-10-05T17:00:00,4.030,51.30,0.000
2024-10-05T16:45:00,4.030,49.90,0.000
2024-10-05T16:30:00,4.030,48.30,0.000
2024-10-05T16:15:00,4.020,54.40,0.000
2024-10-05T16:00:00,4.020,47.10,0.000
2024-10-05T15:45:00,4.020,48.30,0.000
2024-10-05T15:30:00,4.020,46.40,0.000
2024-10-05T15:15:00,4.020,49.00,0.000
2024-10-05T15:00:00,4.020,47.90,0.000
2024-10-05T14:45:00,4.010,67.20,0.000
2024-10-05T14:30:00,4.010,45.90,0.000
2024-10-05T14:15:00,4.010,46.40,0.000
2024-10-05T14:00:00,4.010,49.40,0.000
2024-10-05T13:45:00,4.000,44.20,0.000
2024-10-05T13:30:00,4.000,41.90,0.000
2024-10-05T13:15:00,3.990,42.00,0.000
2024-10-05T13:00:00,3.990,37.20,0.000
2024-10-05T12:45:00,3.990,43.30,0.000
2024-10-05T12:30:00,3.990,47.00,0.000
2024-10-05T12:15:00,3.990,39.80,0.000
2024-10-05T12:00:00,3.990,42.70,0.000
2024-10-05T11:45:00,3.990,44.40,0.000
2024-10-05T11:30:00,3.990,39.70,0.000
2024-10-05T11:15:00,3.990,44.00,0.000
2024-10-05T11:00:00,3.980,40.70,0.000
2024-10-05T10:45:00,3.990,49.90,0.000
2024-10-05T10:30:00,3.990,52.30,0.000
2024-10-05T10:15:00,3.990,46.60,0.000
2024-10-05T10:00:00,3.990,41.60,0.000
2024-10-05T09:45:00,3.990,46.10,0.000
2024-10-05T09:30:00,3.990,44.60,0.000
2024-10-05T09:15:00,3.990,46.10,0.000
2024-10-05T09:00:00,4.000,45.00,0.000
2024-10-05T08:45:00,4.000,44.80,0.000
2024-10-05T08:30:00,4.000,52.20,0.000
2024-10-05T08:15:00,4.000,39.40,0.000
2024-10-05T08:00:00,4.010,44.30,0.000
2024-10-05T07:45:00,4.010,42.90,0.000
2024-10-05T07:30:00,4.010,42.60,0.000
2024-10-05T07:15:00,4.010,44.20,0.000
2024-10-05T07:00:00,4.010,45.30,0.000
2024-10-05T06:45:00,4.020,45.10,0.000
2024-10-05T06:30:00,4.020,46.50,0.000
2024-10-05T06:15:00,4.020,46.80,0.000
2024-10-05T06:00:00,4.020,46.80,0.000
2024-10-05T05:45:00,4.020,47.40,0.000
2024-10-05T05:30:00,4.020,47.60,0.000
2024-10-05T05:15:00,4.020,44.00,0.000
2024-10-05T05:00:00,4.020,44.20,0.000
2024-10-05T04:45:00,4.020,46.80,0.000
2024-10-05T04:30:00,4.020,42.10,0.000
2024-10-05T04:15:00,4.020,43.00,0.000
2024-10-05T04:00:00,4.030,45.80,0.000
2024-10-05T03:45:00,4.030,43.60,0.000
2024-10-05T03:30:00,4.030,46.70,0.000
2024-10-05T03:15:00,4.030,45.50,0.000
2024-10-05T03:00:00,4.030,46.90,0.000
2024-10-05T02:45:00,4.030,48.70,0.000
2024-10-05T02:30:00,4.030,47.40,0.000
2024-10-05T02:15:00,4.030,46.30,0.000
2024-10-05T02:00:00,4.030,49.00,0.000
2024-10-05T01:45:00,4.030,46.10,0.000
2024-10-05T01:30:00,4.030,51.00,0.000
2024-10-05T01:15:00,4.030,47.70,0.000
2024-10-05T01:00:00,4.030,43.40,0.000
2024-10-05T00:45:00,4.030,47.30,0.000
2024-10-05T00:30:00,4.040,43.90,0.000
2024-10-05T00:15:00,4.040,45.60,0.000
2024-10-05T00:00:00,4.040,45.20,0.000
2024-10-04T23:45:00,4.040,46.90,0.000
2024-10-04T23:30:00,4.040,42.80,0.000
2024-10-04T23:15:00,4.040,44.40,0.000
2024-10-04T23:00:00,4.040,43.30,0.000
2024-10-04T22:45:00,4.040,50.00,0.000
2024-10-04T22:30:00,4.040,43.00,0.000
2024-10-04T22:15:00,4.040,47.20,0.000
2024-10-04T22:00:00,4.050,47.40,0.000
2024-10-04T21:45:00,4.050,42.50,0.000
2024-10-04T21:30:00,4.050,47.70,0.000
2024-10-04T21:15:00,4.050,46.80,0.000
2024-10-04T21:00:00,4.050,47.90,0.000
2024-10-04T20:45:00,4.050,47.50,0.000
2024-10-04T20:30:00,4.050,46.60,0.000
2024-10-04T20:15:00,4.050,45.10,0.000
2024-10-04T20:00:00,4.050,47.40,0.000
2024-10-04T19:45:00,4.050,43.90,0.000
2024-10-04T19:30:00,4.060,44.70,0.000
2024-10-04T19:15:00,4.050,46.70,0.500
2024-10-04T19:00:00,4.050,47.80,0.000
2024-10-04T18:45:00,4.060,43.80,0.000
2024-10-04T18:30:00,4.060,43.70,0.000
2024-10-04T18:15:00,4.060,77.60,0.000
2024-10-04T18:00:00,4.060,72.40,0.000
2024-10-04T17:45:00,4.060,70.40,0.000
2024-10-04T17:30:00,4.060,49.30,0.000
2024-10-04T17:15:00,4.060,46.40,0.000
2024-10-04T17:00:00,4.060,46.10,0.000
2024-10-04T16:45:00,4.060,42.50,0.000
2024-10-04T16:30:00,4.060,47.60,0.000
2024-10-04T16:15:00,4.060,48.10,0.000
2024-10-04T16:00:00,4.070,42.70,0.000
2024-10-04T15:45:00,4.070,51.00,0.000
2024-10-04T15:30:00,4.060,54.60,0.500
2024-10-04T15:15:00,4.060,72.80,4.500
2024-10-04T15:00:00,4.060,77.50,13.500
2024-10-04T14:45:00,4.050,69.40,0.000
2024-10-04T14:30:00,4.040,37.40,0.000
2024-10-04T14:15:00,4.050,40.60,0.000
2024-10-04T14:00:00,4.050,42.90,0.000
2024-10-04T13:45:00,4.050,42.00,0.000
2024-10-04T13:30:00,4.050,37.80,0.000
2024-10-04T13:15:00,4.050,42.50,0.000
2024-10-04T13:00:00,4.050,45.40,0.000
2024-10-04T12:45:00,4.060,45.70,0.000
2024-10-04T12:30:00,4.060,41.10,0.000
2024-10-04T12:15:00,4.060,45.70,0.000
2024-10-04T12:00:00,4.060,42.70,0.000
2024-10-04T11:45:00,4.070,44.00,0.000
2024-10-04T11:30:00,4.070,43.70,0.000
2024-10-04T11:15:00,4.070,47.60,0.000
2024-10-04T11:00:00,4.080,49.90,0.000
2024-10-04T10:45:00,4.080,71.00,0.000
2024-10-04T10:30:00,4.080,45.60,0.000
2024-10-04T10:15:00,4.080,41.40,0.000
2024-10-04T10:00:00,4.080,44.40,0.500
2024-10-04T09:45:00,4.080,45.60,0.000
2024-10-04T09:30:00,4.080,62.60,4.500
2024-10-04T09:15:00,4.070,67.90,6.000
2024-10-04T09:00:00,4.060,69.20,8.500
2024-10-04T08:45:00,4.050,76.80,4.500
2024-10-04T08:30:00,4.040,67.90,9.000
2024-10-04T08:15:00,4.030,0.00,5.000
2024-10-04T08:00:00,4.020,45.20,0.000
2024-10-04T07:45:00,4.020,39.70,0.000
2024-10-04T07:30:00,4.020,42.10,0.000
2024-10-04T07:15:00,4.020,45.00,0.000
2024-10-04T07:00:00,4.020,47.20,0.000
2024-10-04T06:45:00,4.020,50.70,0.000
2024-10-04T06:30:00,4.020,45.10,0.000
2024-10-04T06:15:00,4.020,51.20,0.000
2024-10-04T06:00:00,4.020,50.50,0.000
2024-10-04T05:45:00,4.020,49.10,0.000
2024-10-04T05:30:00,4.020,66.20,0.000
2024-10-04T05:15:00,4.020,74.70,0.000
2024-10-04T05:00:00,4.020,60.80,0.000
2024-10-04T04:45:00,4.020,51.30,0.000
2024-10-04T04:30:00,4.020,48.50,0.000
2024-10-04T04:15:00,4.020,49.80,0.000
2024-10-04T04:00:00,4.030,51.70,0.000
2024-10-04T03:45:00,4.030,51.30,0.000
2024-10-04T03:30:00,4.030,50.90,0.000
2024-10-04T03:15:00,4.030,50.40,0.000
2024-10-04T03:00:00,4.030,52.00,0.000
2024-10-04T02:45:00,4.040,51.10,0.000
2024-10-04T02:30:00,4.040,54.20,0.000
2024-10-04T02:15:00,4.040,58.60,0.000
2024-10-04T02:00:00,4.040,52.50,0.000
2024-10-04T01:45:00,4.050,49.00,0.000
2024-10-04T01:30:00,4.050,54.00,0.000
2024-10-04T01:15:00,4.050,50.70,0.000
2024-10-04T01:00:00,4.050,53.20,0.000
2024-10-04T00:45:00,4.050,49.00,0.000
2024-10-04T00:30:00,4.050,54.20,0.000
2024-10-04T00:15:00,4.050,55.40,0.000
2024-10-04T00:00:00,4.050,50.30,0.000
2024-10-03T23:45:00,4.060,51.70,0.000
2024-10-03T23:30:00,4.060,49.30,0.000
2024-10-03T23:15:00,4.060,53.90,0.000
2024-10-03T23:00:00,4.060,52.80,0.000
2024-10-03T22:45:00,4.070,51.80,0.000
2024-10-03T22:30:00,4.060,53.40,0.000
2024-10-03T22:15:00,4.070,49.90,0.000
2024-10-03T22:00:00,4.070,54.20,0.000
2024-10-03T21:45:00,4.070,55.50,0.000
2024-10-03T21:30:00,4.070,52.70,0.000
2024-10-03T21:15:00,4.070,52.00,0.000
2024-10-03T21:00:00,4.070,53.40,0.000
2024-10-03T20:45:00,4.080,56.00,0.000
2024-10-03T20:30:00,4.080,56.10,0.000
2024-10-03T20:15:00,4.080,53.30,0.000
2024-10-03T20:00:00,4.080,58.30,0.000
2024-10-03T19:45:00,4.080,50.10,0.000
2024-10-03T19:30:00,4.080,52.00,0.000
2024-10-03T19:15:00,4.080,53.90,0.000
2024-10-03T19:00:00,4.080,53.00,0.000
2024-10-03T18:45:00,4.080,53.60,0.000
2024-10-03T18:30:00,4.080,49.60,0.000
2024-10-03T18:15:00,4.090,51.00,0.000
2024-10-03T18:00:00,4.080,56.60,0.000
2024-10-03T17:45:00,4.090,55.10,0.000
2024-10-03T17:30:00,4.090,50.20,0.000
2024-10-03T17:15:00,4.090,48.70,0.000
2024-10-03T17:00:00,4.090,57.20,0.000
2024-10-03T16:45:00,4.090,53.30,0.000
2024-10-03T16:30:00,4.090,57.20,0.000
2024-10-03T16:15:00,4.090,53.70,0.000
2024-10-03T16:00:00,4.090,50.30,0.000
2024-10-03T15:45:00,4.090,59.00,0.000
2024-10-03T15:30:00,4.100,55.50,0.000
2024-10-03T15:15:00,4.100,53.10,0.000
2024-10-03T15:00:00,4.100,50.60,0.000
2024-10-03T14:45:00,4.100,52.50,0.000
2024-10-03T14:30:00,4.100,51.70,0.000
2024-10-03T14:15:00,4.100,53.30,0.000
2024-10-03T14:00:00,4.100,51.70,0.000
2024-10-03T13:45:00,4.100,52.50,0.000
2024-10-03T13:30:00,4.100,49.90,0.000
2024-10-03T13:15:00,4.110,50.40,0.000
2024-10-03T13:00:00,4.100,54.70,0.000
2024-10-03T12:45:00,4.100,51.70,0.000
2024-10-03T12:30:00,4.100,57.50,0.000
2024-10-03T12:15:00,4.110,55.00,0.000
2024-10-03T12:00:00,4.110,54.70,0.000
2024-10-03T11:45:00,4.110,57.10,0.000
2024-10-03T11:30:00,4.110,56.00,0.000
2024-10-03T11:15:00,4.110,58.10,0.000
2024-10-03T11:00:00,4.110,55.60,0.000
2024-10-03T10:45:00,4.110,56.90,0.000
2024-10-03T10:30:00,4.110,54.20,0.000
2024-10-03T10:15:00,4.110,59.80,0.000
2024-10-03T10:00:00,4.110,54.20,0.000
2024-10-03T09:45:00,4.110,60.20,0.000
2024-10-03T09:30:00,4.120,54.70,0.000
2024-10-03T09:15:00,4.110,55.20,0.000
2024-10-03T09:00:00,4.120,55.50,0.000
2024-10-03T08:45:00,4.110,56.00,0.000
2024-10-03T08:30:00,4.110,59.20,0.000
2024-10-03T08:15:00,4.110,54.50,0.000
2024-10-03T08:00:00,4.110,52.20,0.000
2024-10-03T07:45:00,4.110,52.60,0.000
2024-10-03T07:30:00,4.110,60.30,0.000
2024-10-03T07:15:00,4.110,57.30,0.000
2024-10-03T07:00:00,4.110,60.30,0.000
2024-10-03T06:45:00,4.100,56.40,0.000
2024-10-03T06:30:00,4.100,56.70,0.000
2024-10-03T06:15:00,4.100,60.80,0.000
2024-10-03T06:00:00,4.100,57.90,0.000
2024-10-03T05:45:00,4.100,60.40,0.000
2024-10-03T05:30:00,4.090,58.10,0.000
2024-10-03T05:15:00,4.090,58.30,0.000
2024-10-03T05:00:00,4.090,54.50,0.000
2024-10-03T04:45:00,4.090,57.90,0.000
2024-10-03T04:30:00,4.080,54.30,0.000
2024-10-03T04:15:00,4.080,56.00,0.000
2024-10-03T04:00:00,4.080,56.80,0.000
2024-10-03T03:45:00,4.080,56.90,0.000
2024-10-03T03:30:00,4.070,56.50,0.000
2024-10-03T03:15:00,4.070,56.00,0.000
2024-10-03T03:00:00,4.070,55.20,0.000
2024-10-03T02:45:00,4.070,58.20,0.000
2024-10-03T02:30:00,4.070,57.20,0.000
2024-10-03T02:15:00,4.060,55.00,0.000
2024-10-03T02:00:00,4.060,57.10,0.000
2024-10-03T01:45:00,4.050,56.80,0.000
2024-10-03T01:30:00,4.050,57.70,0.000
2024-10-03T01:15:00,4.050,59.30,0.000
2024-10-03T01:00:00,4.050,56.40,0.000
2024-10-03T00:45:00,4.050,56.00,0.000
2024-10-03T00:30:00,4.040,54.00,0.000
2024-10-03T00:15:00,4.040,55.10,0.000
2024-10-03T00:00:00,4.030,55.70,0.000
2024-10-02T23:45:00,4.030,52.60,0.000
2024-10-02T23:30:00,4.030,52.60,0.000
2024-10-02T23:15:00,4.030,53.00,0.000
2024-10-02T23:00:00,4.020,52.80,0.000
2024-10-02T22:45:00,4.020,53.70,0.000
2024-10-02T22:30:00,4.020,53.80,0.000
2024-10-02T22:15:00,4.010,51.90,0.000
2024-10-02T22:00:00,4.010,51.10,0.000
2024-10-02T21:45:00,4.010,51.20,0.000
2024-10-02T21:30:00,4.000,54.00,0.000
2024-10-02T21:15:00,4.000,56.20,0.000
2024-10-02T21:00:00,3.990,51.20,0.000
2024-10-02T20:45:00,3.990,53.30,0.000
2024-10-02T20:30:00,3.990,54.20,0.000
2024-10-02T20:15:00,3.990,48.70,0.000
2024-10-02T20:00:00,3.980,57.50,0.000
2024-10-02T19:45:00,3.980,63.90,0.000
2024-10-02T19:30:00,3.980,59.00,0.000
2024-10-02T19:15:00,3.980,72.70,0.500
2024-10-02T19:00:00,3.980,71.50,0.000
2024-10-02T18:45:00,3.970,74.10,0.500
2024-10-02T18:30:00,3.970,71.00,0.000
2024-10-02T18:15:00,3.970,77.20,0.500
2024-10-02T18:00:00,3.970,70.30,0.500
2024-10-02T17:45:00,3.960,73.80,0.500
2024-10-02T17:30:00,3.960,0.00,0.500
2024-10-02T17:15:00,3.950,72.90,1.000
2024-10-02T17:00:00,3.950,70.30,1.000
2024-10-02T16:45:00,3.940,73.20,7.000
2024-10-02T16:30:00,3.930,64.70,20.500
2024-10-02T16:15:00,3.900,0.00,6.000
2024-10-02T16:00:00,3.890,46.80,0.000
2024-10-02T15:45:00,3.900,46.10,0.000
2024-10-02T15:30:00,3.890,44.70,0.000
2024-10-02T15:15:00,3.890,45.80,0.000
2024-10-02T15:00:00,3.890,44.80,0.000
2024-10-02T14:45:00,3.890,44.60,0.000
2024-10-02T14:30:00,3.890,46.00,0.000
2024-10-02T14:15:00,3.890,44.10,0.000
2024-10-02T14:00:00,3.890,51.40,0.000
2024-10-02T13:45:00,3.890,45.60,0.000
2024-10-02T13:30:00,3.890,45.40,0.000
2024-10-02T13:15:00,3.890,45.40,0.000
2024-10-02T13:00:00,3.890,44.40,0.000
2024-10-02T12:45:00,3.890,47.50,0.000
2024-10-02T12:30:00,3.890,41.40,0.000
2024-10-02T12:15:00,3.890,42.30,0.000
2024-10-02T12:00:00,3.890,47.60,0.000
2024-10-02T11:45:00,3.890,47.40,0.000
2024-10-02T11:30:00,3.890,51.70,0.000
2024-10-02T11:15:00,3.890,47.90,0.000
2024-10-02T11:00:00,3.880,47.20,0.000
2024-10-02T10:45:00,3.880,46.60,0.000
2024-10-02T10:30:00,3.880,49.30,0.000
2024-10-02T10:15:00,3.880,47.70,0.000
2024-10-02T10:00:00,3.870,47.30,0.000
2024-10-02T09:45:00,3.870,47.70,0.000
2024-10-02T09:30:00,3.870,46.90,0.000
2024-10-02T09:15:00,3.870,48.60,0.000
2024-10-02T09:00:00,3.870,45.30,0.000
2024-10-02T08:45:00,3.860,43.70,0.000
2024-10-02T08:30:00,3.860,43.80,0.000
2024-10-02T08:15:00,3.840,50.20,0.000
2024-10-02T08:00:00,3.840,52.00,0.000
2024-10-02T07:45:00,3.840,54.00,0.000
2024-10-02T07:30:00,3.840,49.00,0.000
2024-10-02T07:15:00,3.840,50.60,0.000
2024-10-02T07:00:00,3.840,52.50,0.000
2024-10-02T06:45:00,3.840,51.20,0.000
2024-10-02T06:30:00,3.840,54.50,0.000
2024-10-02T06:15:00,3.830,52.30,0.000
2024-10-02T06:00:00,3.830,55.00,0.000
2024-10-02T05:45:00,3.830,52.00,0.000
2024-10-02T05:30:00,3.830,56.20,0.000
2024-10-02T05:15:00,3.830,55.80,0.000
2024-10-02T05:00:00,3.830,55.40,0.000
2024-10-02T04:45:00,3.830,53.40,0.000
2024-10-02T04:30:00,3.840,55.80,0.000
2024-10-02T04:15:00,3.840,49.80,0.000
2024-10-02T04:00:00,3.840,56.20,0.000
2024-10-02T03:45:00,3.840,56.10,0.000
2024-10-02T03:30:00,3.840,55.70,0.000
2024-10-02T03:15:00,3.840,52.90,0.000
2024-10-02T03:00:00,3.840,56.00,0.000
2024-10-02T02:45:00,3.840,54.00,0.000
2024-10-02T02:30:00,3.840,56.80,0.000
2024-10-02T02:15:00,3.850,58.10,0.000
2024-10-02T02:00:00,3.850,51.90,0.000
2024-10-02T01:45:00,3.850,53.70,0.000
2024-10-02T01:30:00,3.850,52.70,0.000
2024-10-02T01:15:00,3.850,55.50,0.000
2024-10-02T01:00:00,3.850,55.90,0.000
2024-10-02T00:45:00,3.860,55.30,0.000
2024-10-02T00:30:00,3.860,51.10,0.000
2024-10-02T00:15:00,3.860,55.50,0.000
2024-10-02T00:00:00,3.860,56.80,0.000
2024-10-01T23:45:00,3.860,55.90,0.000
2024-10-01T23:30:00,3.870,50.20,0.000
2024-10-01T23:15:00,3.870,55.30,0.000
2024-10-01T23:00:00,3.870,48.60,0.000
2024-10-01T22:45:00,3.870,53.10,0.000
2024-10-01T22:30:00,3.870,55.10,0.000
2024-10-01T22:15:00,3.870,51.20,0.000
2024-10-01T22:00:00,3.870,54.20,0.000
2024-10-01T21:45:00,3.880,54.00,0.000
2024-10-01T21:30:00,3.880,60.30,0.000
2024-10-01T21:15:00,3.880,47.00,0.000
2024-10-01T21:00:00,3.880,56.10,0.000
2024-10-01T20:45:00,3.880,69.00,0.500
2024-10-01T20:30:00,3.880,70.40,0.500
2024-10-01T20:15:00,3.880,70.20,0.500
2024-10-01T20:00:00,3.880,71.60,0.000
2024-10-01T19:45:00,3.880,78.30,1.000
2024-10-01T19:30:00,3.870,73.70,4.000
2024-10-01T19:15:00,3.860,68.60,4.000
2024-10-01T19:00:00,3.860,68.30,0.500
2024-10-01T18:45:00,3.860,59.50,0.000
2024-10-01T18:30:00,3.860,64.70,1.500
2024-10-01T18:15:00,3.850,68.90,1.000
2024-10-01T18:00:00,3.850,51.50,0.000
2024-10-01T17:45:00,3.850,51.30,0.000
2024-10-01T17:30:00,3.860,56.50,0.000
2024-10-01T17:15:00,3.860,56.60,0.000
2024-10-01T17:00:00,3.860,54.90,0.000
2024-10-01T16:45:00,3.860,58.80,0.000
2024-10-01T16:30:00,3.860,55.90,0.000
2024-10-01T16:15:00,3.860,54.90,0.000
2024-10-01T16:00:00,3.860,57.80,0.000
2024-10-01T15:45:00,3.860,62.40,0.000
2024-10-01T15:30:00,3.860,56.90,0.000
2024-10-01T15:15:00,3.860,57.10,0.000
2024-10-01T15:00:00,3.860,57.00,0.000
2024-10-01T14:45:00,3.860,54.80,0.000
2024-10-01T14:30:00,3.860,54.20,0.000
2024-10-01T14:15:00,3.860,50.40,0.000
2024-10-01T14:00:00,3.860,52.80,0.000
2024-10-01T13:45:00,3.860,51.10,0.000
2024-10-01T13:30:00,3.860,60.00,0.000
2024-10-01T13:15:00,3.860,53.30,0.000
2024-10-01T13:00:00,3.860,49.70,0.000
2024-10-01T12:45:00,3.860,50.90,0.000
2024-10-01T12:30:00,3.850,60.10,0.000
2024-10-01T12:15:00,3.860,54.30,0.000
2024-10-01T12:00:00,3.860,51.90,0.000
2024-10-01T11:45:00,3.860,50.30,0.000
2024-10-01T11:30:00,3.860,54.20,0.000
2024-10-01T11:15:00,3.860,60.70,0.000
2024-10-01T11:00:00,3.860,54.80,0.000
2024-10-01T10:45:00,3.860,58.60,0.000
2024-10-01T10:30:00,3.860,55.30,0.000
2024-10-01T10:15:00,3.850,48.40,0.000
2024-10-01T10:00:00,3.860,43.60,0.000
2024-10-01T09:45:00,3.850,59.00,0.000
2024-10-01T09:30:00,3.850,56.90,0.000
2024-10-01T09:15:00,3.840,61.30,0.000
2024-10-01T09:00:00,3.840,63.20,0.500
2024-10-01T08:45:00,3.840,58.60,0.000
2024-10-01T08:30:00,3.850,56.80,0.000
2024-10-01T08:15:00,3.850,59.20,0.000
2024-10-01T08:00:00,3.850,58.20,0.000
2024-10-01T07:45:00,3.860,62.20,0.000
2024-10-01T07:30:00,3.850,65.90,0.000
2024-10-01T07:15:00,3.860,60.30,0.000
2024-10-01T07:00:00,3.860,58.20,0.000
2024-10-01T06:45:00,3.860,57.80,0.000
2024-10-01T06:30:00,3.860,58.70,0.000
2024-10-01T06:15:00,3.860,61.30,0.000
2024-10-01T06:00:00,3.860,60.70,0.000
2024-10-01T05:45:00,3.860,64.20,0.000
2024-10-01T05:30:00,3.860,54.20,0.000
2024-10-01T05:15:00,3.870,57.50,0.000
2024-10-01T05:00:00,3.870,59.60,0.000
2024-10-01T04:45:00,3.870,60.00,0.000
2024-10-01T04:30:00,3.870,59.70,0.000
2024-10-01T04:15:00,3.880,55.80,0.000
2024-10-01T04:00:00,3.880,64.00,0.000
2024-10-01T03:45:00,3.880,61.70,0.000
2024-10-01T03:30:00,3.880,62.50,0.000
2024-10-01T03:15:00,3.880,69.80,0.000
2024-10-01T03:00:00,3.890,70.20,0.000
2024-10-01T02:45:00,3.890,70.30,0.000
2024-10-01T02:30:00,3.890,70.50,0.000
2024-10-01T02:15:00,3.890,73.80,0.500
2024-10-01T02:00:00,3.900,77.20,0.000
2024-10-01T01:45:00,3.900,74.10,0.500
2024-10-01T01:30:00,3.900,75.40,0.000
2024-10-01T01:15:00,3.910,73.30,0.500
2024-10-01T01:00:00,3.910,74.90,0.000
2024-10-01T00:45:00,3.920,81.90,1.500
2024-10-01T00:30:00,3.920,81.90,0.500
2024-10-01T00:15:00,3.920,80.00,0.000
2024-10-01T00:00:00,3.920,70.10,0.500
2024-09-30T23:45:00,3.930,74.80,0.000
2024-09-30T23:30:00,3.930,68.10,0.000
2024-09-30T23:15:00,3.940,71.40,0.000
2024-09-30T23:00:00,3.940,81.00,1.000
2024-09-30T22:45:00,3.940,83.80,2.000
2024-09-30T22:30:00,3.940,83.00,6.500
2024-09-30T22:15:00,3.930,77.10,4.500
2024-09-30T22:00:00,3.930,87.90,8.500
2024-09-30T21:45:00,3.920,81.20,11.000
2024-09-30T21:30:00,3.920,76.00,6.500
2024-09-30T21:15:00,3.930,69.60,0.000
2024-09-30T21:00:00,3.930,70.80,0.000
2024-09-30T20:45:00,3.940,67.70,0.000
2024-09-30T20:30:00,3.950,70.10,0.000
2024-09-30T20:15:00,3.970,67.80,0.000
2024-09-30T20:00:00,3.980,76.80,0.000
2024-09-30T19:45:00,3.990,73.90,0.000
2024-09-30T19:30:00,4.010,73.30,0.000
2024-09-30T19:15:00,4.020,74.00,0.000
2024-09-30T19:00:00,4.020,76.30,0.000
2024-09-30T18:45:00,4.040,80.40,0.000
2024-09-30T18:30:00,4.050,79.80,0.000
2024-09-30T18:15:00,4.050,80.80,0.000
2024-09-30T18:00:00,4.060,83.30,0.000
2024-09-30T17:45:00,4.070,84.50,0.000
2024-09-30T17:30:00,4.070,84.30,0.000
2024-09-30T17:15:00,4.080,84.90,0.000
2024-09-30T17:00:00,4.080,84.30,0.000
2024-09-30T16:45:00,4.090,84.20,0.000
2024-09-30T16:30:00,4.100,80.90,0.000
2024-09-30T16:15:00,4.110,86.60,0.000
2024-09-30T16:00:00,4.110,83.50,0.000
2024-09-30T15:45:00,4.120,87.30,0.000
2024-09-30T15:30:00,4.130,84.40,0.000
2024-09-30T15:15:00,4.140,90.30,0.000
2024-09-30T15:00:00,4.140,87.00,0.000
2024-09-30T14:45:00,4.150,86.50,0.000
2024-09-30T14:30:00,4.170,84.10,0.000
2024-09-30T14:15:00,4.170,92.70,0.000
2024-09-30T14:00:00,4.180,87.80,0.000
2024-09-30T13:45:00,4.190,94.10,0.000
2024-09-30T13:30:00,4.200,87.80,0.000
2024-09-30T13:15:00,4.200,87.90,0.000
2024-09-30T13:00:00,4.210,99.90,0.000
2024-09-30T12:45:00,4.220,92.90,0.000
2024-09-30T12:30:00,4.220,98.30,0.000
2024-09-30T12:15:00,4.230,101.40,0.000
2024-09-30T12:00:00,4.230,98.50,0.000
2024-09-30T11:45:00,4.240,100.80,0.000
2024-09-30T11:30:00,4.230,101.70,0.000
2024-09-30T11:15:00,4.240,98.40,0.000
2024-09-30T11:00:00,4.240,98.00,0.000
2024-09-30T10:45:00,4.240,90.40,0.000
2024-09-30T10:30:00,4.240,98.80,0.000
2024-09-30T10:15:00,4.240,108.40,0.000
2024-09-30T10:00:00,4.250,99.80,0.000
2024-09-30T09:45:00,4.250,102.30,0.000
2024-09-30T09:30:00,4.250,97.00,0.000
2024-09-30T09:15:00,4.250,101.40,0.000
2024-09-30T09:00:00,4.250,108.60,0.000
2024-09-30T08:45:00,4.260,101.20,0.000
2024-09-30T08:30:00,4.260,104.90,0.000
2024-09-30T08:15:00,4.260,105.70,0.000
2024-09-30T08:00:00,4.260,108.00,0.000
2024-09-30T07:45:00,4.260,107.20,0.000
2024-09-30T07:30:00,4.260,107.90,0.000
2024-09-30T07:15:00,4.260,111.30,0.500
2024-09-30T07:00:00,4.260,125.20,0.500
2024-09-30T06:45:00,4.270,109.60,0.000
2024-09-30T06:30:00,4.270,106.00,0.000
2024-09-30T06:15:00,4.270,105.40,0.000
2024-09-30T06:00:00,4.270,103.50,0.000
2024-09-30T05:45:00,4.270,115.00,0.000
2024-09-30T05:30:00,4.270,112.90,0.000
2024-09-30T05:15:00,4.270,107.90,0.000
2024-09-30T05:00:00,4.270,112.60,0.000
2024-09-30T04:45:00,4.270,120.30,4.000
2024-09-30T04:30:00,4.280,103.30,0.000
2024-09-30T04:15:00,4.280,103.70,0.000
2024-09-30T04:00:00,4.270,110.00,0.000
2024-09-30T03:45:00,4.280,111.00,0.000
2024-09-30T03:30:00,4.280,110.40,0.000
2024-09-30T03:15:00,4.280,109.30,0.000
2024-09-30T03:00:00,4.280,104.80,0.000
2024-09-30T02:45:00,4.280,104.90,0.000
2024-09-30T02:30:00,4.290,108.00,0.000
2024-09-30T02:15:00,4.290,110.30,0.000
2024-09-30T02:00:00,4.290,108.90,0.000
2024-09-30T01:45:00,4.290,101.70,0.000
2024-09-30T01:30:00,4.290,117.30,0.000
2024-09-30T01:15:00,4.290,109.50,0.000
2024-09-30T01:00:00,4.290,107.30,0.000
2024-09-30T00:45:00,4.300,106.80,0.000
2024-09-30T00:30:00,4.300,108.90,0.000
2024-09-30T00:15:00,4.300,112.70,0.000
2024-09-30T00:00:00,4.300,109.70,0.000
2024-10-13T23:45:00,4.480,35.80,0.000
2024-10-13T23:30:00,4.480,42.80,0.000
2024-10-13T23:15:00,4.480,35.50,0.000
2024-10-13T23:00:00,4.480,34.70,0.000
2024-10-13T22:45:00,4.490,35.40,0.000
2024-10-13T22:30:00,4.490,0.00,0.000
2024-10-13T22:15:00,4.490,38.30,0.000
2024-10-13T22:00:00,4.490,0.00,0.000
2024-10-13T21:45:00,4.490,37.20,0.000
2024-10-13T21:30:00,4.490,38.90,0.000
2024-10-13T21:15:00,4.490,38.30,0.000
2024-10-13T21:00:00,4.480,37.70,0.000
2024-10-13T20:45:00,4.470,43.70,0.000
2024-10-13T20:30:00,4.460,51.40,0.000
2024-10-13T20:15:00,4.450,45.90,0.000
2024-10-13T20:00:00,4.440,47.30,0.000
2024-10-13T19:45:00,4.430,45.70,0.000
2024-10-13T19:30:00,4.410,46.50,0.000
2024-10-13T19:15:00,4.400,0.00,0.000
2024-10-13T19:00:00,4.400,40.50,0.000
2024-10-13T18:45:00,4.390,41.40,0.000
2024-10-13T18:30:00,4.380,0.00,0.000
2024-10-13T18:15:00,4.380,35.80,0.000
2024-10-13T18:00:00,4.380,49.70,0.000
2024-10-13T17:45:00,4.370,40.30,0.000
2024-10-13T17:30:00,4.370,35.70,0.000
2024-10-13T17:15:00,4.370,38.10,0.000
2024-10-13T17:00:00,4.360,40.70,0.000
2024-10-13T16:45:00,4.360,43.40,0.000
2024-10-13T16:30:00,4.360,38.90,0.000
2024-10-13T16:15:00,4.360,41.00,0.000
2024-10-13T16:00:00,4.360,37.80,0.000
2024-10-13T15:45:00,4.360,50.60,0.000
2024-10-13T15:30:00,4.350,72.90,0.500
2024-10-13T15:15:00,4.350,0.00,0.000
2024-10-13T15:00:00,4.350,77.40,0.500
2024-10-13T14:45:00,4.350,75.00,0.000
2024-10-13T14:30:00,4.350,67.30,0.000
2024-10-13T14:15:00,4.350,74.20,0.000
2024-10-13T14:00:00,4.340,33.70,0.000
2024-10-13T13:45:00,4.340,38.90,0.000
2024-10-13T13:30:00,4.330,41.30,0.000
2024-10-13T13:15:00,4.330,76.20,0.500
2024-10-13T13:00:00,4.320,75.50,0.000
2024-10-13T12:45:00,4.310,72.70,0.000
2024-10-13T12:30:00,4.300,72.60,9.500
2024-10-13T12:15:00,4.280,80.70,3.500
2024-10-13T12:00:00,4.260,36.10,0.000
2024-10-13T11:45:00,4.240,38.90,0.000
2024-10-13T11:30:00,4.230,56.10,0.000
2024-10-13T11:15:00,4.220,36.80,0.000
2024-10-13T11:00:00,4.210,39.10,0.000
2024-10-13T10:45:00,4.210,36.00,0.000
2024-10-13T10:30:00,4.200,35.60,0.000
2024-10-13T10:15:00,4.200,33.60,0.000
2024-10-13T10:00:00,4.200,36.00,0.000
2024-10-13T09:45:00,4.200,33.10,0.000
2024-10-13T09:30:00,4.210,34.90,0.000
2024-10-13T09:15:00,4.210,32.80,0.000
2024-10-13T09:00:00,4.210,35.00,0.000
2024-10-13T08:45:00,4.220,33.70,0.000
2024-10-13T08:30:00,4.220,37.60,0.000
2024-10-13T08:15:00,4.220,33.40,0.000
2024-10-13T08:00:00,4.230,37.00,0.000
2024-10-13T07:45:00,4.230,33.00,0.000
2024-10-13T07:30:00,4.230,34.00,0.000
2024-10-13T07:15:00,4.240,34.20,0.000
2024-10-13T07:00:00,4.240,35.70,0.000
2024-10-13T06:45:00,4.250,0.00,0.000
2024-10-13T06:30:00,4.250,35.30,0.000
2024-10-13T06:15:00,4.260,0.00,0.000
2024-10-13T06:00:00,4.260,0.00,0.000
2024-10-13T05:45:00,4.260,0.00,0.000
2024-10-13T05:30:00,4.260,33.20,0.000
2024-10-13T05:15:00,4.260,35.00,0.000
2024-10-13T05:00:00,4.270,33.60,0.000
2024-10-13T04:45:00,4.270,35.60,0.000
2024-10-13T04:30:00,4.270,33.30,0.000
2024-10-13T04:15:00,4.280,0.00,0.000
2024-10-13T04:00:00,4.280,35.40,0.000
2024-10-13T03:45:00,4.280,36.50,0.000
2024-10-13T03:30:00,4.290,35.30,0.000
2024-10-13T03:15:00,4.290,37.70,0.000
2024-10-13T03:00:00,4.290,33.40,0.000
2024-10-13T02:45:00,4.290,38.70,0.000
2024-10-13T02:30:00,4.300,37.90,0.000
2024-10-13T02:15:00,4.300,37.00,0.000
2024-10-13T02:00:00,4.310,0.00,0.000
2024-10-13T01:45:00,4.310,36.30,0.000
2024-10-13T01:30:00,4.310,33.50,0.000
2024-10-13T01:15:00,4.310,33.50,0.000
2024-10-13T01:00:00,4.320,38.80,0.000
2024-10-13T00:45:00,4.320,34.50,0.000
2024-10-13T00:30:00,4.320,0.00,0.000
2024-10-13T00:15:00,4.330,0.00,0.000
2024-10-13T00:00:00,4.330,36.70,0.000
2024-10-12T23:45:00,4.330,0.00,0.000
2024-10-12T23:30:00,4.340,38.80,0.000
2024-10-12T23:15:00,4.340,39.10,0.000
2024-10-12T23:00:00,4.350,38.00,0.000
2024-10-12T22:45:00,4.350,35.70,0.000
2024-10-12T22:30:00,4.350,0.00,0.000
2024-10-12T22:15:00,4.350,36.90,0.000
2024-10-12T22:00:00,4.350,40.30,0.000
2024-10-12T21:45:00,4.350,37.00,0.000
2024-10-12T21:30:00,4.350,42.70,0.000
2024-10-12T21:15:00,4.340,40.10,0.000
2024-10-12T21:00:00,4.340,40.50,0.000
2024-10-12T20:45:00,4.330,48.90,0.000
2024-10-12T20:30:00,4.320,42.60,0.000
2024-10-12T20:15:00,4.310,48.00,0.000
2024-10-12T20:00:00,4.290,80.50,0.000
2024-10-12T19:45:00,4.280,82.80,0.500
2024-10-12T19:30:00,4.260,80.20,0.000
2024-10-12T19:15:00,4.250,79.20,0.500
2024-10-12T19:00:00,4.230,78.30,0.500
2024-10-12T18:45:00,4.220,75.20,0.000
2024-10-12T18:30:00,4.210,73.10,0.000
2024-10-12T18:15:00,4.210,74.00,0.500
2024-10-12T18:00:00,4.200,72.10,0.500
2024-10-12T17:45:00,4.200,43.80,0.000
2024-10-12T17:30:00,4.190,60.10,0.000
2024-10-12T17:15:00,4.190,41.20,0.000
2024-10-12T17:00:00,4.190,70.10,0.000
2024-10-12T16:45:00,4.190,76.40,0.000
2024-10-12T16:30:00,4.180,35.70,0.000
2024-10-12T16:15:00,4.180,57.00,0.000
2024-10-12T16:00:00,4.180,43.30,0.000
2024-10-12T15:45:00,4.180,63.40,0.000
2024-10-12T15:30:00,4.180,55.50,0.000
2024-10-12T15:15:00,4.180,41.00,0.000
2024-10-12T15:00:00,4.170,55.50,0.000
2024-10-12T14:45:00,4.170,47.20,0.000
2024-10-12T14:30:00,4.160,46.40,0.000
2024-10-12T14:15:00,4.150,70.30,0.000
2024-10-12T14:00:00,4.140,68.10,2.000
2024-10-12T13:45:00,4.140,75.80,1.000
2024-10-12T13:30:00,4.130,39.50,0.000
2024-10-12T13:15:00,4.120,62.20,0.000
2024-10-12T13:00:00,4.110,48.20,0.000
2024-10-12T12:45:00,4.100,42.70,0.000
2024-10-12T12:30:00,4.090,39.40,0.000
2024-10-12T12:15:00,4.090,53.30,0.000
2024-10-12T12:00:00,4.090,36.80,0.000
2024-10-12T11:45:00,4.090,32.10,0.000
2024-10-12T11:30:00,4.090,32.50,0.000
2024-10-12T11:15:00,4.090,34.40,0.000
2024-10-12T11:00:00,4.090,35.20,0.000
2024-10-12T10:45:00,4.090,32.90,0.000
2024-10-12T10:30:00,4.090,38.00,0.000
2024-10-12T10:15:00,4.090,46.10,0.000
2024-10-12T10:00:00,4.090,39.40,0.000
2024-10-12T09:45:00,4.090,0.00,0.000
2024-10-12T09:30:00,4.100,45.50,0.000
2024-10-12T09:15:00,4.090,50.00,0.000
2024-10-12T09:00:00,4.100,40.00,0.000
2024-10-12T08:45:00,4.100,49.10,0.000
2024-10-12T08:30:00,4.100,46.30,0.000
2024-10-12T08:15:00,4.100,35.80,0.000
2024-10-12T08:00:00,4.100,38.40,0.000
2024-10-12T07:45:00,4.100,32.10,0.000
2024-10-12T07:30:00,4.100,36.10,0.000
2024-10-12T07:15:00,4.110,32.20,0.000
2024-10-12T07:00:00,4.100,32.10,0.000
2024-10-12T06:45:00,4.100,32.20,0.000
2024-10-12T06:30:00,4.100,32.30,0.000
2024-10-12T06:15:00,4.100,36.90,0.000
2024-10-12T06:00:00,4.100,0.00,0.000
2024-10-12T05:45:00,4.100,32.70,0.000
2024-10-12T05:30:00,4.100,58.20,0.000
2024-10-12T05:15:00,4.100,35.00,0.000
2024-10-12T05:00:00,4.100,33.10,0.000
2024-10-12T04:45:00,4.100,33.90,0.000
2024-10-12T04:30:00,4.100,32.10,0.000
2024-10-12T04:15:00,4.100,33.00,0.000
2024-10-12T04:00:00,4.100,32.10,0.000
2024-10-12T03:45:00,4.100,32.10,0.000
2024-10-12T03:30:00,4.100,32.20,0.000
2024-10-12T03:15:00,4.100,32.60,0.000
2024-10-12T03:00:00,4.100,33.00,0.000
2024-10-12T02:45:00,4.100,35.40,0.000
2024-10-12T02:30:00,4.100,35.40,0.000
2024-10-12T02:15:00,4.100,35.30,0.000
2024-10-12T02:00:00,4.100,32.10,0.000
2024-10-12T01:45:00,4.100,38.00,0.000
2024-10-12T01:30:00,4.100,35.70,0.000
2024-10-12T01:15:00,4.100,32.70,0.000
2024-10-12T01:00:00,4.100,32.10,0.000
2024-10-12T00:45:00,4.100,32.10,0.000
2024-10-12T00:30:00,4.100,40.50,0.000
2024-10-12T00:15:00,4.100,0.00,0.000
2024-10-12T00:00:00,4.100,34.20,0.000
2024-10-11T23:45:00,4.100,32.30,0.000
2024-10-11T23:30:00,4.100,0.00,0.000
2024-10-11T23:15:00,4.100,34.30,0.000
2024-10-11T23:00:00,4.100,34.30,0.000
2024-10-11T22:45:00,4.100,32.70,0.000
2024-10-11T22:30:00,4.100,36.10,0.000
2024-10-11T22:15:00,4.100,35.90,0.000
2024-10-11T22:00:00,4.100,72.80,0.000
2024-10-11T21:45:00,4.100,36.90,0.000
2024-10-11T21:30:00,4.100,32.10,0.000
2024-10-11T21:15:00,4.100,32.10,0.000
2024-10-11T21:00:00,4.100,32.80,0.000
2024-10-11T20:45:00,4.100,38.30,0.000
2024-10-11T20:30:00,4.100,38.10,0.000
2024-10-11T20:15:00,4.100,34.00,0.000
2024-10-11T20:00:00,4.100,0.00,0.000
2024-10-11T19:45:00,4.110,32.60,0.000
2024-10-11T19:30:00,4.100,0.00,0.000
2024-10-11T19:15:00,4.110,32.20,0.000
2024-10-11T19:00:00,4.100,0.00,0.000
2024-10-11T18:45:00,4.100,73.20,0.000
2024-10-11T18:30:00,4.100,32.10,0.000
2024-10-11T18:15:00,4.100,45.70,0.000
2024-10-11T18:00:00,4.100,43.00,0.000
2024-10-11T17:45:00,4.090,0.00,0.000
2024-10-11T17:30:00,4.090,33.10,0.000
2024-10-11T17:15:00,4.080,42.30,0.000
2024-10-11T17:00:00,4.080,33.30,0.000
2024-10-11T16:45:00,4.080,36.40,0.000
2024-10-11T16:30:00,4.070,63.30,0.500
2024-10-11T16:15:00,4.070,59.20,0.000
2024-10-11T16:00:00,4.060,53.00,0.000
2024-10-11T15:45:00,4.060,51.60,1.000
2024-10-11T15:30:00,4.050,63.80,1.000
2024-10-11T15:15:00,4.040,57.10,0.500
2024-10-11T15:00:00,4.030,57.70,0.500
2024-10-11T14:45:00,4.030,31.60,0.000
2024-10-11T14:30:00,4.020,31.60,0.000
2024-10-11T14:15:00,4.010,31.50,0.000
2024-10-11T14:00:00,4.010,35.40,0.000
2024-10-11T13:45:00,4.000,31.40,0.000
2024-10-11T13:30:00,3.990,31.40,0.000
2024-10-11T13:15:00,3.990,0.00,0.000
2024-10-11T13:00:00,3.990,31.30,0.000
2024-10-11T12:45:00,3.980,31.30,0.000
2024-10-11T12:30:00,3.970,31.30,0.000
2024-10-11T12:15:00,3.970,31.20,0.000
2024-10-11T12:00:00,3.960,31.20,0.000
2024-10-11T11:45:00,3.950,31.10,0.000
2024-10-11T11:30:00,3.950,0.00,0.000
2024-10-11T11:15:00,3.940,31.90,0.000
2024-10-11T11:00:00,3.920,0.00,0.000
2024-10-11T10:45:00,3.910,36.20,0.000
2024-10-11T10:30:00,3.910,32.10,0.000
2024-10-11T10:15:00,3.910,34.00,0.000
2024-10-11T10:00:00,3.900,33.70,0.000
2024-10-11T09:45:00,3.890,34.30,0.000
2024-10-11T09:30:00,3.890,35.20,0.000
2024-10-11T09:15:00,3.890,41.30,0.000
2024-10-11T09:00:00,3.890,32.70,0.000
2024-10-11T08:45:00,3.890,30.70,0.000
2024-10-11T08:30:00,3.890,30.70,0.000
2024-10-11T08:15:00,3.890,30.70,0.000
2024-10-11T08:00:00,3.890,47.10,0.000
2024-10-11T07:45:00,3.890,32.40,0.000
2024-10-11T07:30:00,3.890,34.80,0.000
2024-10-11T07:15:00,3.900,31.10,0.000
2024-10-11T07:00:00,3.890,35.60,0.000
2024-10-11T06:45:00,3.890,30.70,0.000
2024-10-11T06:30:00,3.890,30.70,0.000
2024-10-11T06:15:00,3.890,44.70,0.000
2024-10-11T06:00:00,3.890,30.70,0.000
2024-10-11T05:45:00,3.890,38.40,0.000
2024-10-11T05:30:00,3.890,30.60,0.000
2024-10-11T05:15:00,3.890,35.30,0.000
2024-10-11T05:00:00,3.890,30.60,0.000
2024-10-11T04:45:00,3.880,0.00,0.000
2024-10-11T04:30:00,3.890,30.60,0.000
2024-10-11T04:15:00,3.890,0.00,0.000
2024-10-11T04:00:00,3.880,0.00,0.000
2024-10-11T03:45:00,3.880,32.80,0.000
2024-10-11T03:30:00,3.880,30.60,0.000
2024-10-11T03:15:00,3.880,36.80,0.000
2024-10-11T03:00:00,3.880,30.60,0.000
2024-10-11T02:45:00,3.880,32.80,0.000
2024-10-11T02:30:00,3.880,31.60,0.000
2024-10-11T02:15:00,3.880,30.60,0.000
2024-10-11T02:00:00,3.880,32.10,0.000
2024-10-11T01:45:00,3.880,30.60,0.000
2024-10-11T01:30:00,3.880,32.20,0.000
2024-10-11T01:15:00,3.870,32.00,0.000
2024-10-11T01:00:00,3.870,31.40,0.000
2024-10-11T00:45:00,3.870,30.50,0.000
2024-10-11T00:30:00,3.870,31.30,0.000
2024-10-11T00:15:00,3.870,32.60,0.000
2024-10-11T00:00:00,3.870,31.40,0.000
2024-10-10T23:45:00,3.870,30.50,0.000
2024-10-10T23:30:00,3.870,30.50,0.000
2024-10-10T23:15:00,3.870,30.50,0.000
2024-10-10T23:00:00,3.870,30.50,0.000
2024-10-10T22:45:00,3.870,32.70,0.000
2024-10-10T22:30:00,3.870,30.50,0.000
2024-10-10T22:15:00,3.860,0.00,0.000
2024-10-10T22:00:00,3.860,33.00,0.000
2024-10-10T21:45:00,3.860,31.50,0.000
2024-10-10T21:30:00,3.860,52.40,0.000
2024-10-10T21:15:00,3.860,53.90,0.000
2024-10-10T21:00:00,3.860,54.00,0.000
2024-10-10T20:45:00,3.860,52.50,0.000
2024-10-10T20:30:00,3.860,55.70,0.000
2024-10-10T20:15:00,3.860,33.60,0.000
2024-10-10T20:00:00,3.860,35.40,0.000
2024-10-10T19:45:00,3.860,0.00,0.000
2024-10-10T19:30:00,3.860,37.80,0.000
2024-10-10T19:15:00,3.860,32.10,0.000
2024-10-10T19:00:00,3.850,33.30,0.000
2024-10-10T18:45:00,3.850,30.40,0.000
2024-10-10T18:30:00,3.850,0.00,0.000
2024-10-10T18:15:00,3.850,35.60,0.000
2024-10-10T18:00:00,3.850,43.70,0.000
2024-10-10T17:45:00,3.840,53.10,0.500
2024-10-10T17:30:00,3.840,56.30,1.000
2024-10-10T17:15:00,3.830,52.50,0.000
2024-10-10T17:00:00,3.830,36.30,0.000
2024-10-10T16:45:00,3.830,32.10,0.000
2024-10-10T16:30:00,3.830,36.30,0.000
2024-10-10T16:15:00,3.830,36.30,0.000
2024-10-10T16:00:00,3.830,37.50,0.000
2024-10-10T15:45:00,3.830,33.70,0.000
2024-10-10T15:30:00,3.840,30.20,0.000
2024-10-10T15:15:00,3.830,36.70,0.000
2024-10-10T15:00:00,3.830,46.30,0.000
2024-10-10T14:45:00,3.840,42.40,0.000
2024-10-10T14:30:00,3.840,44.20,0.000
2024-10-10T14:15:00,3.840,48.00,0.000
2024-10-10T14:00:00,3.830,32.10,0.000
2024-10-10T13:45:00,3.830,33.80,0.000
2024-10-10T13:30:00,3.830,40.50,0.000
2024-10-10T13:15:00,3.840,35.20,0.000
2024-10-10T13:00:00,3.840,30.30,0.000
2024-10-10T12:45:00,3.840,40.80,0.000
2024-10-10T12:30:00,3.840,35.20,0.000
2024-10-10T12:15:00,3.840,36.80,0.000
2024-10-10T12:00:00,3.840,31.40,0.000
2024-10-10T11:45:00,3.840,30.30,0.000
2024-10-10T11:30:00,3.840,32.20,0.000
2024-10-10T11:15:00,3.840,36.40,0.000
2024-10-10T11:00:00,3.840,30.40,0.000
2024-10-10T10:45:00,3.840,33.50,0.000
2024-10-10T10:30:00,3.840,33.10,0.000
2024-10-10T10:15:00,3.840,30.30,0.000
2024-10-10T10:00:00,3.840,31.80,0.000
2024-10-10T09:45:00,3.840,32.90,0.000
2024-10-10T09:30:00,3.840,0.00,0.000
2024-10-10T09:15:00,3.850,34.80,0.000
2024-10-10T09:00:00,3.850,32.10,0.000
2024-10-10T08:45:00,3.840,36.40,0.000
2024-10-10T08:30:00,3.840,30.30,0.000
2024-10-10T08:15:00,3.850,30.90,0.000
2024-10-10T08:00:00,3.840,31.60,0.000
2024-10-10T07:45:00,3.850,30.30,0.000
2024-10-10T07:30:00,3.850,0.00,0.000
2024-10-10T07:15:00,3.850,35.20,0.000
2024-10-10T07:00:00,3.850,38.40,0.000
2024-10-10T06:45:00,3.850,49.10,0.000
2024-10-10T06:30:00,3.850,30.90,0.000
2024-10-10T06:15:00,3.840,43.00,0.000
2024-10-10T06:00:00,3.840,0.00,0.000
2024-10-10T05:45:00,3.840,33.80,0.000
2024-10-10T05:30:00,3.840,40.80,0.000
2024-10-10T05:15:00,3.840,36.80,0.000
2024-10-10T05:00:00,3.840,32.20,0.000
2024-10-10T04:45:00,3.840,30.80,0.000
2024-10-10T04:30:00,3.840,32.10,0.000
2024-10-10T04:15:00,3.840,31.80,0.000
2024-10-10T04:00:00,3.840,30.90,0.000
2024-10-10T03:45:00,3.840,30.60,0.000
2024-10-10T03:30:00,3.840,30.30,0.000
2024-10-10T03:15:00,3.840,30.30,0.000
2024-10-10T03:00:00,3.840,30.80,0.000
2024-10-10T02:45:00,3.840,31.10,0.000
2024-10-10T02:30:00,3.840,30.20,0.000
2024-10-10T02:15:00,3.830,30.30,0.000
2024-10-10T02:00:00,3.830,32.40,0.000
2024-10-10T01:45:00,3.830,32.10,0.000
2024-10-10T01:30:00,3.830,32.10,0.000
2024-10-10T01:15:00,3.830,30.20,0.000
2024-10-10T01:00:00,3.830,0.00,0.000
2024-10-10T00:45:00,3.820,37.50,0.000
2024-10-10T00:30:00,3.830,38.10,0.000
2024-10-10T00:15:00,3.820,35.10,0.000
2024-10-10T00:00:00,3.820,32.00,0.000
2024-10-09T23:45:00,3.820,31.20,0.000
2024-10-09T23:30:00,3.820,35.30,0.000
2024-10-09T23:15:00,3.820,32.30,0.000
2024-10-09T23:00:00,3.820,32.10,0.000
2024-10-09T22:45:00,3.820,37.30,0.000
2024-10-09T22:30:00,3.820,31.20,0.000
2024-10-09T22:15:00,3.810,30.00,0.000
2024-10-09T22:00:00,3.810,31.30,0.000
2024-10-09T21:45:00,3.810,32.60,0.000
2024-10-09T21:30:00,3.810,33.10,0.000
2024-10-09T21:15:00,3.810,37.00,0.000
2024-10-09T21:00:00,3.810,0.00,0.000
2024-10-09T20:45:00,3.810,32.70,0.000
2024-10-09T20:30:00,3.800,29.90,0.000
2024-10-09T20:15:00,3.800,0.00,0.000
2024-10-09T20:00:00,3.800,38.30,0.000
2024-10-09T19:45:00,3.800,29.90,0.000
2024-10-09T19:30:00,3.800,33.60,0.000
2024-10-09T19:15:00,3.800,30.10,0.000
2024-10-09T19:00:00,3.790,0.00,0.000
2024-10-09T18:45:00,3.790,0.00,0.000
2024-10-09T18:30:00,3.790,0.00,0.000
2024-10-09T18:15:00,3.790,42.10,0.000
2024-10-09T18:00:00,3.790,37.80,0.000
2024-10-09T17:45:00,3.790,32.00,0.000
2024-10-09T17:30:00,3.780,29.70,0.000
2024-10-09T17:15:00,3.780,0.00,0.000
2024-10-09T17:00:00,3.780,31.60,0.000
2024-10-09T16:45:00,3.780,37.70,0.000
2024-10-09T16:30:00,3.780,47.30,0.500
2024-10-09T16:15:00,3.780,50.20,1.000
2024-10-09T16:00:00,3.780,54.60,0.500
2024-10-09T15:45:00,3.780,56.10,0.000
2024-10-09T15:30:00,3.780,54.20,0.000
2024-10-09T15:15:00,3.780,54.10,0.000
2024-10-09T15:00:00,3.780,42.70,0.000
2024-10-09T14:45:00,3.780,40.90,0.000
2024-10-09T14:30:00,3.790,46.50,0.000
2024-10-09T14:15:00,3.790,44.00,0.000
2024-10-09T14:00:00,3.790,49.90,0.000
2024-10-09T13:45:00,3.790,48.20,0.000
2024-10-09T13:30:00,3.790,29.80,0.000
2024-10-09T13:15:00,3.800,37.50,0.000
2024-10-09T13:00:00,3.800,31.80,0.000
2024-10-09T12:45:00,3.800,35.50,0.000
2024-10-09T12:30:00,3.790,0.00,0.000
2024-10-09T12:15:00,3.800,45.40,0.000
2024-10-09T12:00:00,3.800,0.00,0.000
2024-10-09T11:45:00,3.800,0.00,0.000
2024-10-09T11:30:00,3.800,0.00,0.000
2024-10-09T11:15:00,3.800,34.20,0.000
2024-10-09T11:00:00,3.800,0.00,0.000
2024-10-09T10:45:00,3.800,0.00,0.000
2024-10-09T10:30:00,3.810,33.20,0.000
2024-10-09T10:15:00,3.810,33.60,0.000
2024-10-09T10:00:00,3.810,32.80,0.000
2024-10-09T09:45:00,3.810,30.00,0.000
2024-10-09T09:30:00,3.820,36.90,0.000
2024-10-09T09:15:00,3.820,33.00,0.000
2024-10-09T09:00:00,3.820,30.20,0.000
2024-10-09T08:45:00,3.820,0.00,0.000
2024-10-09T08:30:00,3.820,32.60,0.000
2024-10-09T08:15:00,3.830,32.80,0.000
2024-10-09T08:00:00,3.830,30.10,0.000
2024-10-09T07:45:00,3.830,35.00,0.000
2024-10-09T07:30:00,3.830,35.00,0.000
2024-10-09T07:15:00,3.830,36.20,0.000
2024-10-09T07:00:00,3.830,39.00,0.000
2024-10-09T06:45:00,3.840,37.30,0.000
2024-10-09T06:30:00,3.840,36.70,0.000
2024-10-09T06:15:00,3.840,38.40,0.000
2024-10-09T06:00:00,3.840,0.00,0.000
2024-10-09T05:45:00,3.830,50.00,0.000
2024-10-09T05:30:00,3.840,34.60,0.000
2024-10-09T05:15:00,3.840,38.70,0.000
2024-10-09T05:00:00,3.840,0.00,0.000
2024-10-09T04:45:00,3.840,36.80,0.000
2024-10-09T04:30:00,3.850,30.30,0.000
2024-10-09T04:15:00,3.850,32.90,0.000
2024-10-09T04:00:00,3.850,30.30,0.000
2024-10-09T03:45:00,3.850,30.40,0.000
2024-10-09T03:30:00,3.850,30.40,0.000
2024-10-09T03:15:00,3.850,33.60,0.000
2024-10-09T03:00:00,3.850,0.00,0.000
2024-10-09T02:45:00,3.860,31.70,0.000
2024-10-09T02:30:00,3.860,30.40,0.000
2024-10-09T02:15:00,3.860,31.20,0.000
2024-10-09T02:00:00,3.860,30.40,0.000
2024-10-09T01:45:00,3.860,37.00,0.000
2024-10-09T01:30:00,3.860,30.50,0.000
2024-10-09T01:15:00,3.860,33.80,0.000
2024-10-09T01:00:00,3.860,33.70,0.000
2024-10-09T00:45:00,3.860,31.10,0.000
2024-10-09T00:30:00,3.870,33.20,0.000
2024-10-09T00:15:00,3.870,30.50,0.000
2024-10-09T00:00:00,3.870,35.50,0.000
2024-10-08T23:45:00,3.870,0.00,0.000
2024-10-08T23:30:00,3.870,31.10,0.000
2024-10-08T23:15:00,3.880,30.60,0.000
2024-10-08T23:00:00,3.870,0.00,0.000
2024-10-08T22:45:00,3.880,30.60,0.000
2024-10-08T22:30:00,3.880,0.00,0.000
2024-10-08T22:15:00,3.880,0.00,0.000
2024-10-08T22:00:00,3.880,30.60,0.000
2024-10-08T21:45:00,3.880,30.60,0.000
2024-10-08T21:30:00,3.880,45.30,0.000
2024-10-08T21:15:00,3.880,31.00,0.000
2024-10-08T21:00:00,3.880,0.00,0.000
2024-10-08T20:45:00,3.890,0.00,0.000
2024-10-08T20:30:00,3.890,131.40,0.000
2024-10-08T20:15:00,3.890,0.00,0.000
2024-10-08T20:00:00,3.890,32.20,0.000
2024-10-08T19:45:00,3.890,37.00,0.000
2024-10-08T19:30:00,3.890,34.70,0.000
2024-10-08T19:15:00,3.890,30.70,0.000
2024-10-08T19:00:00,3.890,30.70,0.000
2024-10-08T18:45:00,3.890,0.00,0.000
2024-10-08T18:30:00,3.890,30.70,0.000
2024-10-08T18:15:00,3.900,30.70,0.000
2024-10-08T18:00:00,3.900,30.70,0.000
2024-10-08T17:45:00,3.900,30.70,0.000
2024-10-08T17:30:00,3.900,33.30,0.000
2024-10-08T17:15:00,3.890,43.10,0.000
2024-10-08T17:00:00,3.900,33.40,0.000
2024-10-08T16:45:00,3.900,36.10,0.000
2024-10-08T16:30:00,3.890,43.40,0.000
2024-10-08T16:15:00,3.890,37.70,0.000
2024-10-08T16:00:00,3.900,30.70,0.000
2024-10-08T15:45:00,3.890,0.00,0.000
2024-10-08T15:30:00,3.890,54.80,0.000
2024-10-08T15:15:00,3.890,31.80,0.000
2024-10-08T15:00:00,3.890,56.70,0.000
2024-10-08T14:45:00,3.890,33.50,0.000
2024-10-08T14:30:00,3.890,30.60,0.000
2024-10-08T14:15:00,3.890,32.70,0.000
2024-10-08T14:00:00,3.890,32.30,0.000
2024-10-08T13:45:00,3.880,33.70,0.000
2024-10-08T13:30:00,3.890,32.30,0.000
2024-10-08T13:15:00,3.890,31.40,0.000
2024-10-08T13:00:00,3.890,31.70,0.000
2024-10-08T12:45:00,3.890,30.70,0.000
2024-10-08T12:30:00,3.890,30.80,0.000
2024-10-08T12:15:00,3.890,36.40,0.000
2024-10-08T12:00:00,3.890,35.10,0.000
2024-10-08T11:45:00,3.890,35.70,0.000
2024-10-08T11:30:00,3.890,30.70,0.000
2024-10-08T11:15:00,3.890,36.40,0.000
2024-10-08T11:00:00,3.890,33.50,0.000
2024-10-08T10:45:00,3.890,34.20,0.000
2024-10-08T10:30:00,3.900,50.90,0.000
2024-10-08T10:15:00,3.890,0.00,0.000
2024-10-08T10:00:00,3.900,38.60,0.000
2024-10-08T09:45:00,3.890,36.10,0.000
2024-10-08T09:30:00,3.900,34.90,0.000
2024-10-08T09:15:00,3.900,35.80,0.000
2024-10-08T09:00:00,3.900,32.80,0.000
2024-10-08T08:45:00,3.900,38.30,0.000
2024-10-08T08:30:00,3.900,33.30,0.000
2024-10-08T08:15:00,3.900,31.90,0.000
2024-10-08T08:00:00,3.900,32.00,0.000
2024-10-08T07:45:00,3.900,35.00,0.000
2024-10-08T07:30:00,3.900,36.70,0.000
2024-10-08T07:15:00,3.900,32.70,0.000
2024-10-08T07:00:00,3.910,30.80,0.000
2024-10-08T06:45:00,3.910,30.80,0.000
2024-10-08T06:30:00,3.900,30.80,0.000
2024-10-08T06:15:00,3.900,33.10,0.000
2024-10-08T06:00:00,3.900,0.00,0.000
2024-10-08T05:45:00,3.900,47.60,0.000
2024-10-08T05:30:00,3.910,44.40,0.000
2024-10-08T05:15:00,3.900,32.00,0.000
2024-10-08T05:00:00,3.900,39.90,0.000
2024-10-08T04:45:00,3.900,30.80,0.000
2024-10-08T04:30:00,3.900,32.80,0.000
2024-10-08T04:15:00,3.900,31.70,0.000
2024-10-08T04:00:00,3.900,0.00,0.000
2024-10-08T03:45:00,3.900,32.70,0.000
2024-10-08T03:30:00,3.900,30.80,0.000
2024-10-08T03:15:00,3.900,31.60,0.000
2024-10-08T03:00:00,3.900,35.10,0.000
2024-10-08T02:45:00,3.900,0.00,0.000
2024-10-08T02:30:00,3.900,36.60,0.000
2024-10-08T02:15:00,3.900,30.70,0.000
2024-10-08T02:00:00,3.900,0.00,0.000
2024-10-08T01:45:00,3.900,31.50,0.000
2024-10-08T01:30:00,3.900,33.70,0.000
2024-10-08T01:15:00,3.900,30.70,0.000
2024-10-08T01:00:00,3.900,33.60,0.000
2024-10-08T00:45:00,3.900,33.30,0.000
2024-10-08T00:30:00,3.900,35.40,0.000
2024-10-08T00:15:00,3.890,34.60,0.000
2024-10-08T00:00:00,3.890,32.90,0.000
2024-10-07T23:45:00,3.890,30.70,0.000
2024-10-07T23:30:00,3.890,37.30,0.000
2024-10-07T23:15:00,3.890,33.50,0.000
2024-10-07T23:00:00,3.890,30.70,0.000
2024-10-07T22:45:00,3.890,31.10,0.000
2024-10-07T22:30:00,3.890,30.80,0.000
2024-10-07T22:15:00,3.890,0.00,0.000
2024-10-07T22:00:00,3.890,30.70,0.000
2024-10-07T21:45:00,3.890,30.90,0.000
2024-10-07T21:30:00,3.890,0.00,0.000
2024-10-07T21:15:00,3.880,30.60,0.000
2024-10-07T21:00:00,3.880,40.90,0.000
2024-10-07T20:45:00,3.880,30.60,0.000
2024-10-07T20:30:00,3.880,30.60,0.000
2024-10-07T20:15:00,3.880,32.30,0.000
2024-10-07T20:00:00,3.880,30.60,0.000
2024-10-07T19:45:00,3.880,0.00,0.000
2024-10-07T19:30:00,3.870,0.00,0.000
2024-10-07T19:15:00,3.880,0.00,0.000
2024-10-07T19:00:00,3.870,0.00,0.000
2024-10-07T18:45:00,3.870,0.00,0.000
2024-10-07T18:30:00,3.870,42.00,0.000
2024-10-07T18:15:00,3.870,47.20,0.000
2024-10-07T18:00:00,3.860,37.50,0.000
2024-10-07T17:45:00,3.870,42.70,0.000
2024-10-07T17:30:00,3.860,34.30,0.000
2024-10-07T17:15:00,3.860,35.70,0.000
2024-10-07T17:00:00,3.860,30.50,0.000
2024-10-07T16:45:00,3.850,31.80,0.000
2024-10-07T16:30:00,3.850,33.10,0.000
2024-10-07T16:15:00,3.850,42.00,0.000
2024-10-07T16:00:00,3.850,38.10,0.000
2024-10-07T15:45:00,3.850,30.50,0.000
2024-10-07T15:30:00,3.850,39.70,0.000
2024-10-07T15:15:00,3.840,33.40,0.000
2024-10-07T15:00:00,3.840,33.10,0.000
2024-10-07T14:45:00,3.840,0.00,0.000
2024-10-07T14:30:00,3.840,0.00,0.000
2024-10-07T14:15:00,3.840,34.40,0.000
2024-10-07T14:00:00,3.840,35.40,0.000
2024-10-07T13:45:00,3.840,41.70,0.000
2024-10-07T13:30:00,3.840,33.30,0.000
2024-10-07T13:15:00,3.830,34.80,0.000
2024-10-07T13:00:00,3.830,0.00,0.000
2024-10-07T12:45:00,3.830,0.00,0.000
2024-10-07T12:30:00,3.830,32.10,0.000
2024-10-07T12:15:00,3.830,30.10,0.000
2024-10-07T12:00:00,3.820,38.70,0.000
2024-10-07T11:45:00,3.820,41.20,0.000
2024-10-07T11:30:00,3.820,30.20,0.000
2024-10-07T11:15:00,3.820,30.80,0.000
2024-10-07T11:00:00,3.820,30.20,0.000
2024-10-07T10:45:00,3.820,30.00,0.000
2024-10-07T10:30:00,3.810,33.70,0.000
2024-10-07T10:15:00,3.810,30.50,0.000
2024-10-07T10:00:00,3.810,30.00,0.000
2024-10-07T09:45:00,3.810,40.40,0.000
2024-10-07T09:30:00,3.810,33.00,0.000
2024-10-07T09:15:00,3.800,32.40,0.000
2024-10-07T09:00:00,3.800,30.90,0.000
2024-10-07T08:45:00,3.800,34.90,0.000
2024-10-07T08:30:00,3.790,36.40,0.000
2024-10-07T08:15:00,3.790,36.90,0.000
2024-10-07T08:00:00,3.790,38.90,0.000
2024-10-07T07:45:00,3.800,40.00,0.000
2024-10-07T07:30:00,3.800,37.80,0.000
2024-10-07T07:15:00,3.800,39.20,0.000
2024-10-07T07:00:00,3.810,32.30,0.000
2024-10-07T06:45:00,3.810,44.50,0.000
2024-10-07T06:30:00,3.810,35.10,0.000
2024-10-07T06:15:00,3.810,36.30,0.000
2024-10-07T06:00:00,3.810,40.10,0.000
2024-10-07T05:45:00,3.820,38.40,0.000
2024-10-07T05:30:00,3.820,62.00,0.000
2024-10-07T05:15:00,3.820,41.50,0.000
2024-10-07T05:00:00,3.820,40.80,0.000
2024-10-07T04:45:00,3.830,35.40,0.000
2024-10-07T04:30:00,3.830,34.20,0.000
2024-10-07T04:15:00,3.830,35.90,0.000
2024-10-07T04:00:00,3.840,39.70,0.000
2024-10-07T03:45:00,3.840,40.50,0.000
2024-10-07T03:30:00,3.840,44.10,0.000
2024-10-07T03:15:00,3.840,45.70,0.000
2024-10-07T03:00:00,3.850,40.30,0.000
2024-10-07T02:45:00,3.850,45.00,0.000
2024-10-07T02:30:00,3.850,42.30,0.000
2024-10-07T02:15:00,3.860,43.00,0.000
2024-10-07T02:00:00,3.860,39.30,0.000
2024-10-07T01:45:00,3.860,40.40,0.000
2024-10-07T01:30:00,3.870,39.60,0.000
2024-10-07T01:15:00,3.870,43.20,0.000
2024-10-07T01:00:00,3.880,41.60,0.000
2024-10-07T00:45:00,3.880,40.90,0.000
2024-10-07T00:30:00,3.880,42.60,0.000
2024-10-07T00:15:00,3.890,44.00,0.000
2024-10-07T00:00:00,3.890,44.10,0.000
2024-10-20T23:45:00,4.700,46.20,0.000
2024-10-20T23:30:00,4.700,41.00,0.000
2024-10-20T23:15:00,4.700,39.00,0.000
2024-10-20T23:00:00,4.690,46.60,0.000
2024-10-20T22:45:00,4.690,0.00,0.000
2024-10-20T22:30:00,4.690,40.00,0.000
2024-10-20T22:15:00,4.690,43.30,0.000
2024-10-20T22:00:00,4.680,43.80,0.000
2024-10-20T21:45:00,4.680,47.60,0.000
2024-10-20T21:30:00,4.680,43.00,0.000
2024-10-20T21:15:00,4.670,56.40,0.000
2024-10-20T21:00:00,4.670,83.20,1.000
2024-10-20T20:45:00,4.670,88.70,0.000
2024-10-20T20:30:00,4.670,83.30,0.500
2024-10-20T20:15:00,4.660,81.30,0.000
2024-10-20T20:00:00,4.660,44.00,0.000
2024-10-20T19:45:00,4.660,0.00,0.000
2024-10-20T19:30:00,4.660,39.60,0.000
2024-10-20T19:15:00,4.660,0.00,0.000
2024-10-20T19:00:00,4.650,0.00,0.000
2024-10-20T18:45:00,4.650,0.00,0.000
2024-10-20T18:30:00,4.650,0.00,0.000
2024-10-20T18:15:00,4.650,0.00,0.000
2024-10-20T18:00:00,4.640,0.00,0.000
2024-10-20T17:45:00,4.640,50.60,0.000
2024-10-20T17:30:00,4.640,37.60,0.000
2024-10-20T17:15:00,4.630,0.00,0.000
2024-10-20T17:00:00,4.630,80.00,0.000
2024-10-20T16:45:00,4.620,77.00,0.000
2024-10-20T16:30:00,4.620,68.10,0.000
2024-10-20T16:15:00,4.620,70.00,0.000
2024-10-20T16:00:00,4.600,52.50,0.000
2024-10-20T15:45:00,4.600,69.00,0.000
2024-10-20T15:30:00,4.590,66.50,0.000
2024-10-20T15:15:00,4.590,70.80,0.000
2024-10-20T15:00:00,4.580,42.80,0.000
2024-10-20T14:45:00,4.580,67.70,0.000
2024-10-20T14:30:00,4.580,67.40,0.000
2024-10-20T14:15:00,4.570,39.10,0.000
2024-10-20T14:00:00,4.570,52.30,0.000
2024-10-20T13:45:00,4.570,38.70,0.000
2024-10-20T13:30:00,4.560,34.90,0.000
2024-10-20T13:15:00,4.550,46.50,0.000
2024-10-20T13:00:00,4.540,34.80,0.000
2024-10-20T12:45:00,4.490,58.80,0.000
2024-10-20T12:30:00,4.460,76.30,0.000
2024-10-20T12:15:00,4.480,99.00,0.000
2024-10-20T12:00:00,4.520,97.20,0.000
2024-10-20T11:45:00,4.600,88.80,0.000
2024-10-20T11:30:00,4.720,62.60,0.000
2024-10-20T11:15:00,4.730,0.00,0.000
2024-10-20T11:00:00,4.720,39.60,0.000
2024-10-20T10:45:00,4.720,0.00,0.000
2024-10-20T10:30:00,4.710,45.70,0.000
2024-10-20T10:15:00,4.710,0.00,0.500
2024-10-20T10:00:00,4.700,69.10,0.000
2024-10-20T09:45:00,4.700,54.80,0.000
2024-10-20T09:30:00,4.690,47.20,0.000
2024-10-20T09:15:00,4.690,56.80,0.000
2024-10-20T09:00:00,4.680,0.00,0.000
2024-10-20T08:45:00,4.680,39.30,0.000
2024-10-20T08:30:00,4.670,0.00,0.000
2024-10-20T08:15:00,4.670,35.50,0.000
2024-10-20T08:00:00,4.660,0.00,0.000
2024-10-20T07:45:00,4.650,0.00,0.000
2024-10-20T07:30:00,4.630,40.20,0.000
2024-10-20T07:15:00,4.630,40.10,0.000
2024-10-20T07:00:00,4.640,41.90,0.000
2024-10-20T06:45:00,4.640,45.20,0.000
2024-10-20T06:30:00,4.640,43.60,0.000
2024-10-20T06:15:00,4.640,48.60,0.000
2024-10-20T06:00:00,4.640,0.00,0.000
2024-10-20T05:45:00,4.640,39.20,0.000
2024-10-20T05:30:00,4.640,0.00,0.000
2024-10-20T05:15:00,4.640,87.50,0.000
2024-10-20T05:00:00,4.640,39.70,0.000
2024-10-20T04:45:00,4.640,0.00,0.000
2024-10-20T04:30:00,4.650,38.80,0.000
2024-10-20T04:15:00,4.640,35.20,0.000
2024-10-20T04:00:00,4.650,0.00,0.000
2024-10-20T03:45:00,4.650,48.30,0.000
2024-10-20T03:30:00,4.650,41.20,0.000
2024-10-20T03:15:00,4.650,40.60,0.000
2024-10-20T03:00:00,4.650,38.20,0.000
2024-10-20T02:45:00,4.650,0.00,0.000
2024-10-20T02:30:00,4.650,39.70,0.000
2024-10-20T02:15:00,4.650,0.00,0.000
2024-10-20T02:00:00,4.650,40.50,0.000
2024-10-20T01:45:00,4.650,40.80,0.000
2024-10-20T01:30:00,4.650,41.30,0.000
2024-10-20T01:15:00,4.650,44.50,0.000
2024-10-20T01:00:00,4.650,41.40,0.000
2024-10-20T00:45:00,4.650,37.40,0.000
2024-10-20T00:30:00,4.650,46.80,0.000
2024-10-20T00:15:00,4.650,37.80,0.000
2024-10-20T00:00:00,4.660,0.00,0.000
2024-10-19T23:45:00,4.650,39.20,0.000
2024-10-19T23:30:00,4.650,86.30,0.000
2024-10-19T23:15:00,4.660,42.50,0.000
2024-10-19T23:00:00,4.660,39.90,0.000
2024-10-19T22:45:00,4.660,0.00,0.000
2024-10-19T22:30:00,4.660,0.00,0.000
2024-10-19T22:15:00,4.660,0.00,0.000
2024-10-19T22:00:00,4.650,35.60,0.000
2024-10-19T21:45:00,4.650,0.00,0.000
2024-10-19T21:30:00,4.650,0.00,0.000
2024-10-19T21:15:00,4.650,48.00,0.000
2024-10-19T21:00:00,4.640,47.80,0.000
2024-10-19T20:45:00,4.640,45.40,0.000
2024-10-19T20:30:00,4.640,40.10,0.000
2024-10-19T20:15:00,4.630,45.20,0.000
2024-10-19T20:00:00,4.630,58.00,0.000
2024-10-19T19:45:00,4.630,59.70,0.000
2024-10-19T19:30:00,4.620,58.80,0.000
2024-10-19T19:15:00,4.620,57.60,0.000
2024-10-19T19:00:00,4.610,87.40,0.000
2024-10-19T18:45:00,4.610,87.50,0.000
2024-10-19T18:30:00,4.600,86.10,0.500
2024-10-19T18:15:00,4.600,84.70,0.000
2024-10-19T18:00:00,4.590,85.70,0.500
2024-10-19T17:45:00,4.590,80.70,0.000
2024-10-19T17:30:00,4.580,38.70,0.000
2024-10-19T17:15:00,4.580,39.50,0.000
2024-10-19T17:00:00,4.580,54.70,0.000
2024-10-19T16:45:00,4.560,52.30,0.000
2024-10-19T16:30:00,4.560,71.20,0.000
2024-10-19T16:15:00,4.550,86.20,4.000
2024-10-19T16:00:00,4.540,48.00,0.000
2024-10-19T15:45:00,4.530,46.40,0.000
2024-10-19T15:30:00,4.530,49.30,0.000
2024-10-19T15:15:00,4.520,40.40,0.000
2024-10-19T15:00:00,4.520,42.30,0.000
2024-10-19T14:45:00,4.510,44.10,0.000
2024-10-19T14:30:00,4.500,38.60,0.000
2024-10-19T14:15:00,4.500,39.70,0.000
2024-10-19T14:00:00,4.490,43.70,0.000
2024-10-19T13:45:00,4.490,45.20,0.000
2024-10-19T13:30:00,4.480,37.80,0.000
2024-10-19T13:15:00,4.470,0.00,0.000
2024-10-19T13:00:00,4.460,40.80,0.000
2024-10-19T12:45:00,4.460,34.40,0.000
2024-10-19T12:30:00,4.450,39.50,0.000
2024-10-19T12:15:00,4.440,36.60,0.000
2024-10-19T12:00:00,4.440,36.70,0.000
2024-10-19T11:45:00,4.430,37.40,0.000
2024-10-19T11:30:00,4.430,34.20,0.000
2024-10-19T11:15:00,4.420,38.30,0.000
2024-10-19T11:00:00,4.420,38.10,0.000
2024-10-19T10:45:00,4.410,41.20,0.000
2024-10-19T10:30:00,4.400,39.90,0.000
2024-10-19T10:15:00,4.400,40.30,0.000
2024-10-19T10:00:00,4.390,38.30,0.000
2024-10-19T09:45:00,4.380,33.80,0.000
2024-10-19T09:30:00,4.370,34.70,0.000
2024-10-19T09:15:00,4.360,47.10,0.000
2024-10-19T09:00:00,4.350,42.40,0.000
2024-10-19T08:45:00,4.350,36.10,0.000
2024-10-19T08:30:00,4.350,44.80,0.000
2024-10-19T08:15:00,4.340,40.30,0.000
2024-10-19T08:00:00,4.340,42.30,0.000
2024-10-19T07:45:00,4.330,48.70,0.000
2024-10-19T07:30:00,4.330,46.80,0.000
2024-10-19T07:15:00,4.320,43.60,0.000
2024-10-19T07:00:00,4.320,45.90,0.000
2024-10-19T06:45:00,4.320,48.50,0.000
2024-10-19T06:30:00,4.310,46.20,0.000
2024-10-19T06:15:00,4.300,48.70,0.000
2024-10-19T06:00:00,4.300,0.00,0.000
2024-10-19T05:45:00,4.290,48.00,0.000
2024-10-19T05:30:00,4.290,46.30,0.000
2024-10-19T05:15:00,4.290,50.80,0.000
2024-10-19T05:00:00,4.280,52.10,0.000
2024-10-19T04:45:00,4.280,49.30,0.000
2024-10-19T04:30:00,4.270,54.70,0.000
2024-10-19T04:15:00,4.270,50.30,0.000
2024-10-19T04:00:00,4.260,46.60,0.000
2024-10-19T03:45:00,4.250,48.00,0.000
2024-10-19T03:30:00,4.250,51.30,0.000
2024-10-19T03:15:00,4.240,54.00,0.000
2024-10-19T03:00:00,4.240,47.10,0.000
2024-10-19T02:45:00,4.230,50.70,0.000
2024-10-19T02:30:00,4.230,49.20,0.000
2024-10-19T02:15:00,4.220,49.70,0.000
2024-10-19T02:00:00,4.210,48.70,0.000
2024-10-19T01:45:00,4.200,51.80,0.000
2024-10-19T01:30:00,4.200,51.30,0.000
2024-10-19T01:15:00,4.190,50.70,0.000
2024-10-19T01:00:00,4.180,53.20,0.000
2024-10-19T00:45:00,4.180,49.40,0.000
2024-10-19T00:30:00,4.170,49.10,0.000
2024-10-19T00:15:00,4.160,50.30,0.000
2024-10-19T00:00:00,4.160,48.00,0.000
2024-10-18T23:45:00,4.150,49.30,0.000
2024-10-18T23:30:00,4.140,47.90,0.000
2024-10-18T23:15:00,4.140,48.90,0.000
2024-10-18T23:00:00,4.130,48.80,0.000
2024-10-18T22:45:00,4.120,49.40,0.000
2024-10-18T22:30:00,4.120,50.60,0.000
2024-10-18T22:15:00,4.110,49.40,0.000
2024-10-18T22:00:00,4.100,48.40,0.000
2024-10-18T21:45:00,4.090,50.90,0.000
2024-10-18T21:30:00,4.090,47.30,0.000
2024-10-18T21:15:00,4.080,56.20,0.000
2024-10-18T21:00:00,4.070,54.30,0.000
2024-10-18T20:45:00,4.070,62.30,0.000
2024-10-18T20:30:00,4.060,54.40,0.000
2024-10-18T20:15:00,4.050,68.60,0.000
2024-10-18T20:00:00,4.050,66.70,0.500
2024-10-18T19:45:00,4.030,64.80,0.000
2024-10-18T19:30:00,4.030,65.90,0.000
2024-10-18T19:15:00,4.010,66.70,0.500
2024-10-18T19:00:00,4.000,68.90,0.500
2024-10-18T18:45:00,3.990,69.00,1.000
2024-10-18T18:30:00,3.980,62.00,0.500
2024-10-18T18:15:00,3.970,61.70,0.500
2024-10-18T18:00:00,3.960,58.50,1.000
2024-10-18T17:45:00,3.950,62.80,1.000
2024-10-18T17:30:00,3.940,63.00,1.000
2024-10-18T17:15:00,3.930,59.80,0.500
2024-10-18T17:00:00,3.920,54.00,0.500
2024-10-18T16:45:00,3.910,54.50,1.000
2024-10-18T16:30:00,3.900,59.10,5.500
2024-10-18T16:15:00,3.880,0.00,7.000
2024-10-18T16:00:00,3.860,60.30,5.000
2024-10-18T15:45:00,3.850,69.60,0.000
2024-10-18T15:30:00,3.850,57.40,0.000
2024-10-18T15:15:00,3.850,41.50,0.000
2024-10-18T15:00:00,3.850,52.90,0.000
2024-10-18T14:45:00,3.840,0.00,0.000
2024-10-18T14:30:00,3.840,0.00,0.000
2024-10-18T14:15:00,3.840,39.60,0.000
2024-10-18T14:00:00,3.830,0.00,0.000
2024-10-18T13:45:00,3.840,0.00,0.000
2024-10-18T13:30:00,3.840,0.00,0.000
2024-10-18T13:15:00,3.840,0.00,0.000
2024-10-18T13:00:00,3.830,30.20,0.000
2024-10-18T12:45:00,3.830,0.00,0.000
2024-10-18T12:30:00,3.830,0.00,0.000
2024-10-18T12:15:00,3.830,30.20,0.000
2024-10-18T12:00:00,3.830,0.00,0.000
2024-10-18T11:45:00,3.830,44.00,0.000
2024-10-18T11:30:00,3.820,45.60,0.000
2024-10-18T11:15:00,3.820,0.00,0.000
2024-10-18T11:00:00,3.820,0.00,0.000
2024-10-18T10:45:00,3.810,0.00,0.000
2024-10-18T10:30:00,3.810,30.50,0.000
2024-10-18T10:15:00,3.810,0.00,0.000
2024-10-18T10:00:00,3.810,39.30,0.000
2024-10-18T09:45:00,3.800,31.90,0.000
2024-10-18T09:30:00,3.800,0.00,0.000
2024-10-18T09:15:00,3.800,0.00,0.000
2024-10-18T09:00:00,3.800,29.90,0.000
2024-10-18T08:45:00,3.780,29.70,0.000
2024-10-18T08:30:00,3.780,32.80,0.000
2024-10-18T08:15:00,3.780,30.60,0.000
2024-10-18T08:00:00,3.780,0.00,0.000
2024-10-18T07:45:00,3.780,33.40,0.000
2024-10-18T07:30:00,3.770,30.00,0.000
2024-10-18T07:15:00,3.790,30.70,0.000
2024-10-18T07:00:00,3.790,0.00,0.000
2024-10-18T06:45:00,3.780,31.30,0.000
2024-10-18T06:30:00,3.790,29.90,0.000
2024-10-18T06:15:00,3.790,35.80,0.000
2024-10-18T06:00:00,3.790,0.00,0.000
2024-10-18T05:45:00,3.790,0.00,0.000
2024-10-18T05:30:00,3.790,29.80,0.000
2024-10-18T05:15:00,3.790,0.00,0.000
2024-10-18T05:00:00,3.790,34.40,0.000
2024-10-18T04:45:00,3.790,0.00,0.000
2024-10-18T04:30:00,3.790,31.30,0.000
2024-10-18T04:15:00,3.790,35.50,0.000
2024-10-18T04:00:00,3.790,33.00,0.000
2024-10-18T03:45:00,3.800,0.00,0.000
2024-10-18T03:30:00,3.800,33.00,0.000
2024-10-18T03:15:00,3.800,35.20,0.000
2024-10-18T03:00:00,3.800,32.90,0.000
2024-10-18T02:45:00,3.800,33.30,0.000
2024-10-18T02:30:00,3.810,37.10,0.000
2024-10-18T02:15:00,3.810,30.80,0.000
2024-10-18T02:00:00,3.810,34.80,0.000
2024-10-18T01:45:00,3.810,37.30,0.000
2024-10-18T01:30:00,3.820,30.40,0.000
2024-10-18T01:15:00,3.820,34.10,0.000
2024-10-18T01:00:00,3.820,33.10,0.000
2024-10-18T00:45:00,3.820,35.00,0.000
2024-10-18T00:30:00,3.820,38.40,0.000
2024-10-18T00:15:00,3.830,37.40,0.000
2024-10-18T00:00:00,3.830,32.70,0.000
2024-10-17T23:45:00,3.830,34.80,0.000
2024-10-17T23:30:00,3.830,30.20,0.000
2024-10-17T23:15:00,3.840,37.90,0.000
2024-10-17T23:00:00,3.840,32.80,0.000
2024-10-17T22:45:00,3.840,37.10,0.000
2024-10-17T22:30:00,3.840,32.20,0.000
2024-10-17T22:15:00,3.850,38.30,0.000
2024-10-17T22:00:00,3.850,42.40,0.000
2024-10-17T21:45:00,3.850,34.70,0.000
2024-10-17T21:30:00,3.860,34.80,0.000
2024-10-17T21:15:00,3.860,34.40,0.000
2024-10-17T21:00:00,3.870,36.10,0.000
2024-10-17T20:45:00,3.870,35.90,0.000
2024-10-17T20:30:00,3.880,34.70,0.000
2024-10-17T20:15:00,3.870,31.80,0.000
2024-10-17T20:00:00,3.880,38.20,0.000
2024-10-17T19:45:00,3.890,40.00,0.000
2024-10-17T19:30:00,3.900,39.40,0.000
2024-10-17T19:15:00,3.900,0.00,0.000
2024-10-17T19:00:00,3.910,35.60,0.000
2024-10-17T18:45:00,3.910,32.40,0.000
2024-10-17T18:30:00,3.920,0.00,0.000
2024-10-17T18:15:00,3.930,41.90,0.000
2024-10-17T18:00:00,3.930,40.10,0.000
2024-10-17T17:45:00,3.940,39.00,0.000
2024-10-17T17:30:00,3.940,37.60,0.000
2024-10-17T17:15:00,3.940,49.40,0.000
2024-10-17T17:00:00,3.950,39.40,0.000
2024-10-17T16:45:00,3.950,36.60,0.000
2024-10-17T16:30:00,3.960,37.70,0.000
2024-10-17T16:15:00,3.960,37.10,0.000
2024-10-17T16:00:00,3.960,41.70,0.000
2024-10-17T15:45:00,3.960,37.60,0.000
2024-10-17T15:30:00,3.960,44.10,0.000
2024-10-17T15:15:00,3.960,46.00,0.000
2024-10-17T15:00:00,3.960,42.60,0.000
2024-10-17T14:45:00,3.960,51.10,0.000
2024-10-17T14:30:00,3.960,42.90,0.000
2024-10-17T14:15:00,3.960,39.00,0.000
2024-10-17T14:00:00,3.960,37.10,0.000
2024-10-17T13:45:00,3.960,41.00,0.000
2024-10-17T13:30:00,3.970,36.50,0.000
2024-10-17T13:15:00,3.980,43.00,0.000
2024-10-17T13:00:00,4.000,40.20,0.000
2024-10-17T12:45:00,4.020,46.70,0.000
2024-10-17T12:30:00,4.030,43.70,0.000
2024-10-17T12:15:00,4.040,35.30,0.000
2024-10-17T12:00:00,4.040,44.40,0.000
2024-10-17T11:45:00,4.040,36.50,0.000
2024-10-17T11:30:00,4.050,41.50,0.000
2024-10-17T11:15:00,4.050,35.90,0.000
2024-10-17T11:00:00,4.050,48.50,0.000
2024-10-17T10:45:00,4.050,39.70,0.000
2024-10-17T10:30:00,4.050,0.00,0.000
2024-10-17T10:15:00,4.060,43.20,0.000
2024-10-17T10:00:00,4.060,35.20,0.000
2024-10-17T09:45:00,4.050,41.90,0.000
2024-10-17T09:30:00,4.060,40.00,0.000
2024-10-17T09:15:00,4.060,32.70,0.000
2024-10-17T09:00:00,4.070,0.00,0.000
2024-10-17T08:45:00,4.070,38.70,0.000
2024-10-17T08:30:00,4.070,35.20,0.000
2024-10-17T08:15:00,4.080,0.00,0.000
2024-10-17T08:00:00,4.080,0.00,0.000
2024-10-17T07:45:00,4.080,35.60,0.000
2024-10-17T07:30:00,4.080,33.80,0.000
2024-10-17T07:15:00,4.080,39.30,0.000
2024-10-17T07:00:00,4.090,32.00,0.000
2024-10-17T06:45:00,4.090,35.40,0.000
2024-10-17T06:30:00,4.090,33.80,0.000
2024-10-17T06:15:00,4.090,34.50,0.000
2024-10-17T06:00:00,4.090,34.60,0.000
2024-10-17T05:45:00,4.090,35.60,0.000
2024-10-17T05:30:00,4.090,32.90,0.000
2024-10-17T05:15:00,4.090,32.10,0.000
2024-10-17T05:00:00,4.100,35.50,0.000
2024-10-17T04:45:00,4.100,36.00,0.000
2024-10-17T04:30:00,4.100,33.10,0.000
2024-10-17T04:15:00,4.100,33.10,0.000
2024-10-17T04:00:00,4.100,33.40,0.000
2024-10-17T03:45:00,4.100,37.30,0.000
2024-10-17T03:30:00,4.110,33.70,0.000
2024-10-17T03:15:00,4.100,34.10,0.000
2024-10-17T03:00:00,4.110,34.60,0.000
2024-10-17T02:45:00,4.110,39.90,0.000
2024-10-17T02:30:00,4.110,35.70,0.000
2024-10-17T02:15:00,4.110,35.20,0.000
2024-10-17T02:00:00,4.110,34.90,0.000
2024-10-17T01:45:00,4.110,38.50,0.000
2024-10-17T01:30:00,4.120,37.40,0.000
2024-10-17T01:15:00,4.120,34.00,0.000
2024-10-17T01:00:00,4.120,37.30,0.000
2024-10-17T00:45:00,4.120,34.70,0.000
2024-10-17T00:30:00,4.120,40.00,0.000
2024-10-17T00:15:00,4.120,37.10,0.000
2024-10-17T00:00:00,4.130,35.40,0.000
2024-10-16T23:45:00,4.130,38.20,0.000
2024-10-16T23:30:00,4.130,37.30,0.000
2024-10-16T23:15:00,4.130,35.90,0.000
2024-10-16T23:00:00,4.130,38.00,0.000
2024-10-16T22:45:00,4.140,39.30,0.000
2024-10-16T22:30:00,4.140,38.50,0.000
2024-10-16T22:15:00,4.140,39.00,0.000
2024-10-16T22:00:00,4.140,37.20,0.000
2024-10-16T21:45:00,4.150,37.00,0.000
2024-10-16T21:30:00,4.150,33.40,0.000
2024-10-16T21:15:00,4.150,34.20,0.000
2024-10-16T21:00:00,4.150,42.60,0.000
2024-10-16T20:45:00,4.150,40.40,0.000
2024-10-16T20:30:00,4.160,38.10,0.000
2024-10-16T20:15:00,4.160,45.30,0.000
2024-10-16T20:00:00,4.160,43.50,0.000
2024-10-16T19:45:00,4.170,35.30,0.000
2024-10-16T19:30:00,4.170,0.00,0.000
2024-10-16T19:15:00,4.170,33.30,0.000
2024-10-16T19:00:00,4.170,0.00,0.000
2024-10-16T18:45:00,4.170,0.00,0.000
2024-10-16T18:30:00,4.160,38.30,0.000
2024-10-16T18:15:00,4.160,37.30,0.000
2024-10-16T18:00:00,4.160,46.90,0.000
2024-10-16T17:45:00,4.150,48.50,0.000
2024-10-16T17:30:00,4.150,39.60,0.000
2024-10-16T17:15:00,4.140,33.20,0.000
2024-10-16T17:00:00,4.140,34.20,0.000
2024-10-16T16:45:00,4.130,32.90,0.000
2024-10-16T16:30:00,4.130,35.40,0.000
2024-10-16T16:15:00,4.130,33.10,0.000
2024-10-16T16:00:00,4.130,34.00,0.000
2024-10-16T15:45:00,4.130,38.90,0.000
2024-10-16T15:30:00,4.130,38.40,0.000
2024-10-16T15:15:00,4.130,36.10,0.000
2024-10-16T15:00:00,4.120,36.90,0.000
2024-10-16T14:45:00,4.120,36.00,0.000
2024-10-16T14:30:00,4.120,40.40,0.000
2024-10-16T14:15:00,4.120,36.10,0.000
2024-10-16T14:00:00,4.120,35.00,0.000
2024-10-16T13:45:00,4.120,50.70,0.000
2024-10-16T13:30:00,4.120,38.20,0.000
2024-10-16T13:15:00,4.120,37.60,0.000
2024-10-16T13:00:00,4.120,48.00,0.000
2024-10-16T12:45:00,4.120,48.40,0.000
2024-10-16T12:30:00,4.110,52.10,0.000
2024-10-16T12:15:00,4.110,66.60,1.000
2024-10-16T12:00:00,4.100,68.50,2.500
2024-10-16T11:45:00,4.110,68.90,0.500
2024-10-16T11:30:00,4.090,44.50,0.000
2024-10-16T11:15:00,4.100,48.80,0.000
2024-10-16T11:00:00,4.090,0.00,0.000
2024-10-16T10:45:00,4.100,35.00,0.000
2024-10-16T10:30:00,4.100,0.00,0.000
2024-10-16T10:15:00,4.100,47.90,0.000
2024-10-16T10:00:00,4.100,37.20,0.000
2024-10-16T09:45:00,4.100,0.00,0.000
2024-10-16T09:30:00,4.100,34.10,0.000
2024-10-16T09:15:00,4.100,42.70,0.000
2024-10-16T09:00:00,4.110,32.50,0.000
2024-10-16T08:45:00,4.110,32.20,0.000
2024-10-16T08:30:00,4.110,32.20,0.000
2024-10-16T08:15:00,4.110,34.80,0.000
2024-10-16T08:00:00,4.110,34.90,0.000
2024-10-16T07:45:00,4.120,37.40,0.000
2024-10-16T07:30:00,4.120,32.20,0.000
2024-10-16T07:15:00,4.120,36.90,0.000
2024-10-16T07:00:00,4.120,32.80,0.000
2024-10-16T06:45:00,4.120,33.60,0.000
2024-10-16T06:30:00,4.120,0.00,0.000
2024-10-16T06:15:00,4.120,32.20,0.000
2024-10-16T06:00:00,4.120,0.00,0.000
2024-10-16T05:45:00,4.120,0.00,0.000
2024-10-16T05:30:00,4.120,0.00,0.000
2024-10-16T05:15:00,4.120,39.50,0.000
2024-10-16T05:00:00,4.120,0.00,0.000
2024-10-16T04:45:00,4.120,33.90,0.000
2024-10-16T04:30:00,4.120,0.00,0.000
2024-10-16T04:15:00,4.120,34.60,0.000
2024-10-16T04:00:00,4.120,41.20,0.000
2024-10-16T03:45:00,4.120,32.30,0.000
2024-10-16T03:30:00,4.120,33.10,0.000
2024-10-16T03:15:00,4.120,32.20,0.000
2024-10-16T03:00:00,4.120,34.40,0.000
2024-10-16T02:45:00,4.120,40.00,0.000
2024-10-16T02:30:00,4.120,32.90,0.000
2024-10-16T02:15:00,4.110,43.40,0.000
2024-10-16T02:00:00,4.110,35.40,0.000
2024-10-16T01:45:00,4.110,32.20,0.000
2024-10-16T01:30:00,4.110,35.20,0.000
2024-10-16T01:15:00,4.110,32.20,0.000
2024-10-16T01:00:00,4.110,32.20,0.000
2024-10-16T00:45:00,4.110,0.00,0.000
2024-10-16T00:30:00,4.110,32.20,0.000
2024-10-16T00:15:00,4.110,33.60,0.000
2024-10-16T00:00:00,4.110,34.20,0.000
2024-10-15T23:45:00,4.110,32.20,0.000
2024-10-15T23:30:00,4.110,34.90,0.000
2024-10-15T23:15:00,4.110,32.20,0.000
2024-10-15T23:00:00,4.110,32.20,0.000
2024-10-15T22:45:00,4.110,0.00,0.000
2024-10-15T22:30:00,4.110,32.20,0.000
2024-10-15T22:15:00,4.110,33.70,0.000
2024-10-15T22:00:00,4.110,33.30,0.000
2024-10-15T21:45:00,4.100,32.20,0.000
2024-10-15T21:30:00,4.100,32.20,0.000
2024-10-15T21:15:00,4.100,32.10,0.000
2024-10-15T21:00:00,4.100,0.00,0.000
2024-10-15T20:45:00,4.100,35.00,0.000
2024-10-15T20:30:00,4.100,32.10,0.000
2024-10-15T20:15:00,4.100,32.20,0.000
2024-10-15T20:00:00,4.100,32.10,0.000
2024-10-15T19:45:00,4.090,32.10,0.000
2024-10-15T19:30:00,4.090,33.80,0.000
2024-10-15T19:15:00,4.090,0.00,0.000
2024-10-15T19:00:00,4.090,0.00,0.000
2024-10-15T18:45:00,4.090,0.00,0.000
2024-10-15T18:30:00,4.080,0.00,0.000
2024-10-15T18:15:00,4.080,0.00,0.000
2024-10-15T18:00:00,4.080,35.00,0.000
2024-10-15T17:45:00,4.080,32.00,0.000
2024-10-15T17:30:00,4.070,32.00,0.000
2024-10-15T17:15:00,4.070,31.90,0.000
2024-10-15T17:00:00,4.070,32.10,0.000
2024-10-15T16:45:00,4.070,0.00,0.000
2024-10-15T16:30:00,4.070,31.90,0.000
2024-10-15T16:15:00,4.070,31.90,0.000
2024-10-15T16:00:00,4.070,46.90,0.000
2024-10-15T15:45:00,4.070,56.00,0.000
2024-10-15T15:30:00,4.070,64.20,0.500
2024-10-15T15:15:00,4.050,65.90,4.000
2024-10-15T15:00:00,4.060,66.40,4.500
2024-10-15T14:45:00,4.040,67.40,0.000
2024-10-15T14:30:00,4.040,57.50,0.000
2024-10-15T14:15:00,4.050,32.30,0.000
2024-10-15T14:00:00,4.050,42.40,0.000
2024-10-15T13:45:00,4.050,46.20,0.000
2024-10-15T13:30:00,4.050,39.60,0.000
2024-10-15T13:15:00,4.060,44.60,0.000
2024-10-15T13:00:00,4.060,47.40,0.000
2024-10-15T12:45:00,4.060,38.70,0.000
2024-10-15T12:30:00,4.070,33.60,0.000
2024-10-15T12:15:00,4.070,32.40,0.000
2024-10-15T12:00:00,4.080,32.10,0.000
2024-10-15T11:45:00,4.080,32.00,0.000
2024-10-15T11:30:00,4.090,0.00,0.000
2024-10-15T11:15:00,4.090,40.30,0.000
2024-10-15T11:00:00,4.100,32.40,0.000
2024-10-15T10:45:00,4.100,33.80,0.000
2024-10-15T10:30:00,4.110,36.20,0.000
2024-10-15T10:15:00,4.110,44.00,0.000
2024-10-15T10:00:00,4.110,46.60,0.000
2024-10-15T09:45:00,4.120,46.10,0.000
2024-10-15T09:30:00,4.120,37.90,0.000
2024-10-15T09:15:00,4.140,0.00,0.000
2024-10-15T09:00:00,4.140,0.00,0.000
2024-10-15T08:45:00,4.140,34.90,0.000
2024-10-15T08:30:00,4.150,38.20,0.000
2024-10-15T08:15:00,4.150,32.50,0.000
2024-10-15T08:00:00,4.150,33.40,0.000
2024-10-15T07:45:00,4.150,38.90,0.000
2024-10-15T07:30:00,4.160,33.90,0.000
2024-10-15T07:15:00,4.160,32.70,0.000
2024-10-15T07:00:00,4.160,0.00,0.000
2024-10-15T06:45:00,4.160,32.60,0.000
2024-10-15T06:30:00,4.170,32.60,0.000
2024-10-15T06:15:00,4.170,34.90,0.000
2024-10-15T06:00:00,4.170,63.40,0.000
2024-10-15T05:45:00,4.170,38.80,0.000
2024-10-15T05:30:00,4.180,34.00,0.000
2024-10-15T05:15:00,4.180,33.60,0.000
2024-10-15T05:00:00,4.180,34.70,0.000
2024-10-15T04:45:00,4.180,41.40,0.000
2024-10-15T04:30:00,4.180,33.20,0.000
2024-10-15T04:15:00,4.190,35.50,0.000
2024-10-15T04:00:00,4.190,32.80,0.000
2024-10-15T03:45:00,4.190,37.60,0.000
2024-10-15T03:30:00,4.190,34.10,0.000
2024-10-15T03:15:00,4.190,33.20,0.000
2024-10-15T03:00:00,4.190,0.00,0.000
2024-10-15T02:45:00,4.200,32.80,0.000
2024-10-15T02:30:00,4.200,35.40,0.000
2024-10-15T02:15:00,4.200,32.80,0.000
2024-10-15T02:00:00,4.200,32.80,0.000
2024-10-15T01:45:00,4.210,33.00,0.000
2024-10-15T01:30:00,4.210,36.00,0.000
2024-10-15T01:15:00,4.210,35.80,0.000
2024-10-15T01:00:00,4.210,37.00,0.000
2024-10-15T00:45:00,4.210,35.20,0.000
2024-10-15T00:30:00,4.220,0.00,0.000
2024-10-15T00:15:00,4.220,37.20,0.000
2024-10-15T00:00:00,4.220,43.50,0.000
2024-10-14T23:45:00,4.220,70.20,0.000
2024-10-14T23:30:00,4.230,57.00,0.000
2024-10-14T23:15:00,4.230,35.60,0.000
2024-10-14T23:00:00,4.230,33.00,0.000
2024-10-14T22:45:00,4.230,33.40,0.000
2024-10-14T22:30:00,4.230,0.00,0.000
2024-10-14T22:15:00,4.230,37.70,0.000
2024-10-14T22:00:00,4.230,39.40,0.000
2024-10-14T21:45:00,4.230,41.90,0.000
2024-10-14T21:30:00,4.230,43.30,0.000
2024-10-14T21:15:00,4.230,35.90,0.000
2024-10-14T21:00:00,4.230,35.70,0.000
2024-10-14T20:45:00,4.220,45.90,0.000
2024-10-14T20:30:00,4.220,53.90,0.000
2024-10-14T20:15:00,4.220,0.00,0.000
2024-10-14T20:00:00,4.220,85.80,0.000
2024-10-14T19:45:00,4.220,32.90,0.000
2024-10-14T19:30:00,4.210,0.00,0.000
2024-10-14T19:15:00,4.210,0.00,0.000
2024-10-14T19:00:00,4.210,145.10,0.000
2024-10-14T18:45:00,4.210,0.00,0.000
2024-10-14T18:30:00,4.200,0.00,0.000
2024-10-14T18:15:00,4.200,76.50,0.000
2024-10-14T18:00:00,4.190,41.40,0.000
2024-10-14T17:45:00,4.190,45.40,0.000
2024-10-14T17:30:00,4.190,40.30,0.000
2024-10-14T17:15:00,4.190,39.50,0.000
2024-10-14T17:00:00,4.190,36.70,0.000
2024-10-14T16:45:00,4.190,36.80,0.000
2024-10-14T16:30:00,4.200,37.10,0.000
2024-10-14T16:15:00,4.200,33.30,0.000
2024-10-14T16:00:00,4.200,45.20,0.000
2024-10-14T15:45:00,4.200,39.50,0.000
2024-10-14T15:30:00,4.200,40.00,0.000
2024-10-14T15:15:00,4.200,33.50,0.000
2024-10-14T15:00:00,4.210,62.20,0.000
2024-10-14T14:45:00,4.210,38.00,0.000
2024-10-14T14:30:00,4.210,75.20,0.000
2024-10-14T14:15:00,4.200,74.30,0.000
2024-10-14T14:00:00,4.200,57.10,0.000
2024-10-14T13:45:00,4.210,70.70,0.000
2024-10-14T13:30:00,4.210,78.10,0.000
2024-10-14T13:15:00,4.210,35.50,0.000
2024-10-14T13:00:00,4.220,37.30,0.000
2024-10-14T12:45:00,4.220,39.60,0.000
2024-10-14T12:30:00,4.220,48.60,0.000
2024-10-14T12:15:00,4.230,35.10,0.000
2024-10-14T12:00:00,4.240,36.50,0.000
2024-10-14T11:45:00,4.240,54.00,0.000
2024-10-14T11:30:00,4.250,61.40,0.000
2024-10-14T11:15:00,4.260,35.80,0.000
2024-10-14T11:00:00,4.260,52.40,0.000
2024-10-14T10:45:00,4.270,33.40,0.000
2024-10-14T10:30:00,4.280,47.50,0.000
2024-10-14T10:15:00,4.280,46.70,0.000
2024-10-14T10:00:00,4.290,41.50,0.000
2024-10-14T09:45:00,4.300,0.00,0.000
2024-10-14T09:30:00,4.310,39.80,0.000
2024-10-14T09:15:00,4.320,36.00,0.000
2024-10-14T09:00:00,4.330,38.90,0.000
2024-10-14T08:45:00,4.340,0.00,0.000
2024-10-14T08:30:00,4.340,0.00,0.000
2024-10-14T08:15:00,4.350,37.00,0.000
2024-10-14T08:00:00,4.350,0.00,0.000
2024-10-14T07:45:00,4.360,37.30,0.000
2024-10-14T07:30:00,4.360,0.00,0.000
2024-10-14T07:15:00,4.370,34.70,0.000
2024-10-14T07:00:00,4.370,33.90,0.000
2024-10-14T06:45:00,4.380,33.90,0.000
2024-10-14T06:30:00,4.380,34.50,0.000
2024-10-14T06:15:00,4.380,35.20,0.000
2024-10-14T06:00:00,4.390,559.10,0.000
2024-10-14T05:45:00,4.390,149.80,0.000
2024-10-14T05:30:00,4.400,0.00,0.000
2024-10-14T05:15:00,4.400,35.90,0.000
2024-10-14T05:00:00,4.400,35.90,0.000
2024-10-14T04:45:00,4.410,0.00,0.000
2024-10-14T04:30:00,4.410,35.70,0.000
2024-10-14T04:15:00,4.420,0.00,0.000
2024-10-14T04:00:00,4.420,35.60,0.000
2024-10-14T03:45:00,4.430,0.00,0.000
2024-10-14T03:30:00,4.430,36.90,0.000
2024-10-14T03:15:00,4.430,36.70,0.000
2024-10-14T03:00:00,4.440,0.00,0.000
2024-10-14T02:45:00,4.440,42.10,0.000
2024-10-14T02:30:00,4.440,38.20,0.000
2024-10-14T02:15:00,4.450,0.00,0.000
2024-10-14T02:00:00,4.450,0.00,0.000
2024-10-14T01:45:00,4.460,0.00,0.000
2024-10-14T01:30:00,4.460,0.00,0.000
2024-10-14T01:15:00,4.470,0.00,0.000
2024-10-14T01:00:00,4.470,37.20,0.000
2024-10-14T00:45:00,4.470,34.70,0.000
2024-10-14T00:30:00,4.480,0.00,0.000
2024-10-14T00:15:00,4.480,0.00,0.000
2024-10-14T00:00:00,4.480,36.20,0.000
2024-10-27T23:45:00,4.230,54.10,0.000
2024-10-27T23:30:00,4.230,0.00,0.000
2024-10-27T23:15:00,4.230,0.00,0.000
2024-10-27T23:00:00,4.240,0.00,0.000
2024-10-27T22:45:00,4.240,0.00,0.000
2024-10-27T22:30:00,4.240,59.60,0.000
2024-10-27T22:15:00,4.250,94.10,0.000
2024-10-27T22:00:00,4.240,0.00,0.000
2024-10-27T21:45:00,4.250,33.10,0.000
2024-10-27T21:30:00,4.250,46.90,0.000
2024-10-27T21:15:00,4.250,0.00,0.000
2024-10-27T21:00:00,4.240,33.50,0.000
2024-10-27T20:45:00,4.240,0.00,0.000
2024-10-27T20:30:00,4.240,0.00,0.000
2024-10-27T20:15:00,4.230,33.00,0.000
2024-10-27T20:00:00,4.230,0.00,0.000
2024-10-27T19:45:00,4.230,67.60,0.000
2024-10-27T19:30:00,4.230,399.40,0.000
2024-10-27T19:15:00,4.220,41.80,0.000
2024-10-27T19:00:00,4.220,34.60,0.000
2024-10-27T18:45:00,4.220,323.90,0.000
2024-10-27T18:30:00,4.220,0.00,0.000
2024-10-27T18:15:00,4.220,0.00,0.000
2024-10-27T18:00:00,4.220,70.40,0.000
2024-10-27T17:45:00,4.210,44.80,0.000
2024-10-27T17:30:00,4.210,32.90,0.000
2024-10-27T17:15:00,4.210,39.10,0.000
2024-10-27T17:00:00,4.210,32.90,0.000
2024-10-27T16:45:00,4.210,47.00,0.000
2024-10-27T16:30:00,4.210,32.80,0.000
2024-10-27T16:15:00,4.210,53.90,0.000
2024-10-27T16:00:00,4.210,52.10,0.000
2024-10-27T15:45:00,4.200,51.10,0.000
2024-10-27T15:30:00,4.200,54.80,0.000
2024-10-27T15:15:00,4.200,48.40,0.000
2024-10-27T15:00:00,4.200,42.00,0.000
2024-10-27T14:45:00,4.200,58.30,0.000
2024-10-27T14:30:00,4.200,55.20,0.000
2024-10-27T14:15:00,4.200,43.00,0.000
2024-10-27T14:00:00,4.200,61.80,0.000
2024-10-27T13:45:00,4.200,62.00,0.000
2024-10-27T13:30:00,4.200,53.20,0.000
2024-10-27T13:15:00,4.200,48.70,0.000
2024-10-27T13:00:00,4.200,59.00,0.000
2024-10-27T12:45:00,4.200,40.00,0.000
2024-10-27T12:30:00,4.200,51.40,0.000
2024-10-27T12:15:00,4.210,0.00,0.000
2024-10-27T12:00:00,4.220,32.90,0.000
2024-10-27T11:45:00,4.220,47.50,0.000
2024-10-27T11:30:00,4.230,48.30,0.000
2024-10-27T11:15:00,4.230,37.90,0.000
2024-10-27T11:00:00,4.230,55.00,0.000
2024-10-27T10:45:00,4.240,58.80,0.000
2024-10-27T10:30:00,4.250,39.80,0.000
2024-10-27T10:15:00,4.260,33.20,0.000
2024-10-27T10:00:00,4.270,44.00,0.000
2024-10-27T09:45:00,4.270,50.00,0.000
2024-10-27T09:30:00,4.280,0.00,0.000
2024-10-27T09:15:00,4.280,40.40,0.000
2024-10-27T09:00:00,4.280,33.30,0.000
2024-10-27T08:45:00,4.280,40.60,0.000
2024-10-27T08:30:00,4.290,33.30,0.000
2024-10-27T08:15:00,4.290,36.60,0.000
2024-10-27T08:00:00,4.300,0.00,0.000
2024-10-27T07:45:00,4.300,0.00,0.000
2024-10-27T07:30:00,4.300,0.00,0.000
2024-10-27T07:15:00,4.310,0.00,0.000
2024-10-27T07:00:00,4.310,0.00,0.000
2024-10-27T06:45:00,4.310,0.00,0.000
2024-10-27T06:30:00,4.320,0.00,0.000
2024-10-27T06:15:00,4.320,34.70,0.000
2024-10-27T06:00:00,4.320,0.00,0.000
2024-10-27T05:45:00,4.330,0.00,0.000
2024-10-27T05:30:00,4.330,0.00,0.000
2024-10-27T05:15:00,4.330,33.60,0.000
2024-10-27T05:00:00,4.330,0.00,0.000
2024-10-27T04:45:00,4.340,0.00,0.000
2024-10-27T04:30:00,4.340,33.70,0.000
2024-10-27T04:15:00,4.340,33.70,0.000
2024-10-27T04:00:00,4.350,33.70,0.000
2024-10-27T03:45:00,4.350,35.60,0.000
2024-10-27T03:30:00,4.350,0.00,0.000
2024-10-27T03:15:00,4.350,0.00,0.000
2024-10-27T03:00:00,4.360,0.00,0.000
2024-10-27T02:45:00,4.360,0.00,0.000
2024-10-27T02:30:00,4.360,0.00,0.000
2024-10-27T02:15:00,4.370,33.80,0.000
2024-10-27T02:00:00,4.370,0.00,0.000
2024-10-27T01:45:00,4.370,36.40,0.000
2024-10-27T01:30:00,4.370,33.90,0.000
2024-10-27T01:15:00,4.380,38.00,0.000
2024-10-27T01:00:00,4.380,0.00,0.000
2024-10-27T00:45:00,4.380,0.00,0.000
2024-10-27T00:30:00,4.380,0.00,0.000
2024-10-27T00:15:00,4.390,36.70,0.000
2024-10-27T00:00:00,4.390,0.00,0.000
2024-10-26T23:45:00,4.390,0.00,0.000
2024-10-26T23:30:00,4.400,0.00,0.000
2024-10-26T23:15:00,4.400,0.00,0.000
2024-10-26T23:00:00,4.400,0.00,0.000
2024-10-26T22:45:00,4.400,35.90,0.000
2024-10-26T22:30:00,4.400,0.00,0.000
2024-10-26T22:15:00,4.410,0.00,0.000
2024-10-26T22:00:00,4.400,0.00,0.000
2024-10-26T21:45:00,4.400,0.00,0.000
2024-10-26T21:30:00,4.400,0.00,0.000
2024-10-26T21:15:00,4.400,42.70,0.000
2024-10-26T21:00:00,4.400,0.00,0.000
2024-10-26T20:45:00,4.400,39.60,0.000
2024-10-26T20:30:00,4.390,0.00,0.000
2024-10-26T20:15:00,4.390,0.00,0.000
2024-10-26T20:00:00,4.390,0.00,0.000
2024-10-26T19:45:00,4.380,0.00,0.000
2024-10-26T19:30:00,4.380,33.90,0.000
2024-10-26T19:15:00,4.380,0.00,0.000
2024-10-26T19:00:00,4.380,0.00,0.000
2024-10-26T18:45:00,4.370,0.00,0.000
2024-10-26T18:30:00,4.370,0.00,0.000
2024-10-26T18:15:00,4.370,0.00,0.000
2024-10-26T18:00:00,4.360,49.50,0.000
2024-10-26T17:45:00,4.360,59.20,0.000
2024-10-26T17:30:00,4.350,0.00,0.000
2024-10-26T17:15:00,4.350,0.00,0.000
2024-10-26T17:00:00,4.350,0.00,0.000
2024-10-26T16:45:00,4.340,0.00,0.000
2024-10-26T16:30:00,4.340,34.70,0.000
2024-10-26T16:15:00,4.340,60.20,0.000
2024-10-26T16:00:00,4.330,48.90,0.000
2024-10-26T15:45:00,4.330,45.80,0.000
2024-10-26T15:30:00,4.320,40.90,0.000
2024-10-26T15:15:00,4.330,0.00,0.000
2024-10-26T15:00:00,4.320,47.00,0.000
2024-10-26T14:45:00,4.320,55.60,0.000
2024-10-26T14:30:00,4.320,38.50,0.000
2024-10-26T14:15:00,4.310,40.10,0.000
2024-10-26T14:00:00,4.310,0.00,0.000
2024-10-26T13:45:00,4.310,0.00,0.000
2024-10-26T13:30:00,4.300,46.80,0.000
2024-10-26T13:15:00,4.300,53.70,0.000
2024-10-26T13:00:00,4.290,50.00,0.000
2024-10-26T12:45:00,4.290,40.70,0.000
2024-10-26T12:30:00,4.290,47.70,0.000
2024-10-26T12:15:00,4.290,0.00,0.000
2024-10-26T12:00:00,4.280,33.30,0.000
2024-10-26T11:45:00,4.280,41.80,0.000
2024-10-26T11:30:00,4.280,44.70,0.000
2024-10-26T11:15:00,4.280,50.30,0.000
2024-10-26T11:00:00,4.280,0.00,0.000
2024-10-26T10:45:00,4.280,0.00,0.000
2024-10-26T10:30:00,4.280,33.30,0.000
2024-10-26T10:15:00,4.280,0.00,0.000
2024-10-26T10:00:00,4.290,0.00,0.000
2024-10-26T09:45:00,4.290,0.00,0.000
2024-10-26T09:30:00,4.290,38.10,0.000
2024-10-26T09:15:00,4.290,0.00,0.000
2024-10-26T09:00:00,4.290,0.00,0.000
2024-10-26T08:45:00,4.290,0.00,0.000
2024-10-26T08:30:00,4.300,0.00,0.000
2024-10-26T08:15:00,4.300,0.00,0.000
2024-10-26T08:00:00,4.300,34.30,0.000
2024-10-26T07:45:00,4.300,0.00,0.000
2024-10-26T07:30:00,4.300,0.00,0.000
2024-10-26T07:15:00,4.300,0.00,0.000
2024-10-26T07:00:00,4.300,0.00,0.000
2024-10-26T06:45:00,4.300,0.00,0.000
2024-10-26T06:30:00,4.310,35.90,0.000
2024-10-26T06:15:00,4.310,36.40,0.000
2024-10-26T06:00:00,4.310,0.00,0.000
2024-10-26T05:45:00,4.310,0.00,0.000
2024-10-26T05:30:00,4.300,33.40,0.000
2024-10-26T05:15:00,4.310,33.50,0.000
2024-10-26T05:00:00,4.310,0.00,0.000
2024-10-26T04:45:00,4.310,33.50,0.000
2024-10-26T04:30:00,4.310,0.00,0.000
2024-10-26T04:15:00,4.310,33.50,0.000
2024-10-26T04:00:00,4.310,0.00,0.000
2024-10-26T03:45:00,4.310,33.50,0.000
2024-10-26T03:30:00,4.310,0.00,0.000
2024-10-26T03:15:00,4.310,0.00,0.000
2024-10-26T03:00:00,4.310,33.50,0.000
2024-10-26T02:45:00,4.310,33.50,0.000
2024-10-26T02:30:00,4.310,33.50,0.000
2024-10-26T02:15:00,4.310,33.50,0.000
2024-10-26T02:00:00,4.310,35.20,0.000
2024-10-26T01:45:00,4.310,36.90,0.000
2024-10-26T01:30:00,4.310,33.50,0.000
2024-10-26T01:15:00,4.320,37.50,0.000
2024-10-26T01:00:00,4.320,0.00,0.000
2024-10-26T00:45:00,4.320,0.00,0.000
2024-10-26T00:30:00,4.320,0.00,0.000
2024-10-26T00:15:00,4.320,0.00,0.000
2024-10-26T00:00:00,4.320,0.00,0.000
2024-10-25T23:45:00,4.320,0.00,0.000
2024-10-25T23:30:00,4.320,33.50,0.000
2024-10-25T23:15:00,4.320,0.00,0.000
2024-10-25T23:00:00,4.320,0.00,0.000
2024-10-25T22:45:00,4.320,33.50,0.000
2024-10-25T22:30:00,4.320,33.50,0.000
2024-10-25T22:15:00,4.320,0.00,0.000
2024-10-25T22:00:00,4.320,0.00,0.000
2024-10-25T21:45:00,4.320,0.00,0.000
2024-10-25T21:30:00,4.320,0.00,0.000
2024-10-25T21:15:00,4.320,0.00,0.000
2024-10-25T21:00:00,4.320,33.50,0.000
2024-10-25T20:45:00,4.320,0.00,0.000
2024-10-25T20:30:00,4.320,48.00,0.000
2024-10-25T20:15:00,4.320,0.00,0.000
2024-10-25T20:00:00,4.320,0.00,0.000
2024-10-25T19:45:00,4.320,0.00,0.000
2024-10-25T19:30:00,4.320,0.00,0.000
2024-10-25T19:15:00,4.320,0.00,0.000
2024-10-25T19:00:00,4.320,0.00,0.000
2024-10-25T18:45:00,4.320,0.00,0.000
2024-10-25T18:30:00,4.320,0.00,0.000
2024-10-25T18:15:00,4.320,0.00,0.000
2024-10-25T18:00:00,4.320,42.00,0.000
2024-10-25T17:45:00,4.320,46.60,0.000
2024-10-25T17:30:00,4.320,38.30,0.000
2024-10-25T17:15:00,4.310,38.30,0.000
2024-10-25T17:00:00,4.310,33.50,0.000
2024-10-25T16:45:00,4.310,39.00,0.000
2024-10-25T16:30:00,4.310,40.10,0.000
2024-10-25T16:15:00,4.310,50.70,0.000
2024-10-25T16:00:00,4.310,49.00,0.000
2024-10-25T15:45:00,4.320,55.70,0.000
2024-10-25T15:30:00,4.320,0.00,0.000
2024-10-25T15:15:00,4.320,49.10,0.000
2024-10-25T15:00:00,4.320,51.90,0.000
2024-10-25T14:45:00,4.310,35.30,0.000
2024-10-25T14:30:00,4.320,37.20,0.000
2024-10-25T14:15:00,4.320,48.50,0.000
2024-10-25T14:00:00,4.310,62.60,0.000
2024-10-25T13:45:00,4.310,0.00,0.000
2024-10-25T13:30:00,4.310,59.30,0.000
2024-10-25T13:15:00,4.310,42.80,0.000
2024-10-25T13:00:00,4.310,56.00,0.000
2024-10-25T12:45:00,4.310,52.70,0.000
2024-10-25T12:30:00,4.310,53.80,0.000
2024-10-25T12:15:00,4.300,0.00,0.000
2024-10-25T12:00:00,4.310,61.30,0.000
2024-10-25T11:45:00,4.300,55.30,0.000
2024-10-25T11:30:00,4.300,35.10,0.000
2024-10-25T11:15:00,4.300,43.20,0.000
2024-10-25T11:00:00,4.300,51.40,0.000
2024-10-25T10:45:00,4.300,63.90,0.000
2024-10-25T10:30:00,4.300,0.00,0.000
2024-10-25T10:15:00,4.300,33.40,0.000
2024-10-25T10:00:00,4.300,35.70,0.000
2024-10-25T09:45:00,4.300,0.00,0.000
2024-10-25T09:30:00,4.290,33.70,0.000
2024-10-25T09:15:00,4.300,33.40,0.000
2024-10-25T09:00:00,4.300,0.00,0.000
2024-10-25T08:45:00,4.300,0.00,0.000
2024-10-25T08:30:00,4.300,0.00,0.000
2024-10-25T08:15:00,4.290,0.00,0.000
2024-10-25T08:00:00,4.280,34.70,0.000
2024-10-25T07:45:00,4.280,40.70,0.000
2024-10-25T07:30:00,4.280,0.00,0.000
2024-10-25T07:15:00,4.290,0.00,0.000
2024-10-25T07:00:00,4.290,33.30,0.000
2024-10-25T06:45:00,4.290,0.00,0.000
2024-10-25T06:30:00,4.290,33.40,0.000
2024-10-25T06:15:00,4.290,33.40,0.000
2024-10-25T06:00:00,4.290,0.00,0.000
2024-10-25T05:45:00,4.300,33.40,0.000
2024-10-25T05:30:00,4.300,0.00,0.000
2024-10-25T05:15:00,4.300,33.80,0.000
2024-10-25T05:00:00,4.300,0.00,0.000
2024-10-25T04:45:00,4.310,36.10,0.000
2024-10-25T04:30:00,4.310,33.50,0.000
2024-10-25T04:15:00,4.310,33.50,0.000
2024-10-25T04:00:00,4.310,33.60,0.000
2024-10-25T03:45:00,4.310,33.50,0.000
2024-10-25T03:30:00,4.310,0.00,0.000
2024-10-25T03:15:00,4.320,59.70,0.000
2024-10-25T03:00:00,4.320,0.00,0.000
2024-10-25T02:45:00,4.320,44.60,0.000
2024-10-25T02:30:00,4.320,33.60,0.000
2024-10-25T02:15:00,4.320,0.00,0.000
2024-10-25T02:00:00,4.330,33.60,0.000
2024-10-25T01:45:00,4.330,34.90,0.000
2024-10-25T01:30:00,4.330,0.00,0.000
2024-10-25T01:15:00,4.330,0.00,0.000
2024-10-25T01:00:00,4.330,38.20,0.000
2024-10-25T00:45:00,4.330,0.00,0.000
2024-10-25T00:30:00,4.340,0.00,0.000
2024-10-25T00:15:00,4.340,35.40,0.000
2024-10-25T00:00:00,4.340,34.50,0.000
2024-10-24T23:45:00,4.340,0.00,0.000
2024-10-24T23:30:00,4.340,0.00,0.000
2024-10-24T23:15:00,4.350,41.80,0.000
2024-10-24T23:00:00,4.350,36.10,0.000
2024-10-24T22:45:00,4.350,0.00,0.000
2024-10-24T22:30:00,4.350,37.60,0.000
2024-10-24T22:15:00,4.350,0.00,0.000
2024-10-24T22:00:00,4.360,0.00,0.000
2024-10-24T21:45:00,4.360,0.00,0.000
2024-10-24T21:30:00,4.360,0.00,0.000
2024-10-24T21:15:00,4.360,0.00,0.000
2024-10-24T21:00:00,4.360,0.00,0.000
2024-10-24T20:45:00,4.360,33.80,0.000
2024-10-24T20:30:00,4.370,0.00,0.000
2024-10-24T20:15:00,4.370,0.00,0.000
2024-10-24T20:00:00,4.370,0.00,0.000
2024-10-24T19:45:00,4.370,0.00,0.000
2024-10-24T19:30:00,4.380,0.00,0.000
2024-10-24T19:15:00,4.380,0.00,0.000
2024-10-24T19:00:00,4.380,0.00,0.000
2024-10-24T18:45:00,4.380,0.00,0.000
2024-10-24T18:30:00,4.380,0.00,0.000
2024-10-24T18:15:00,4.380,0.00,0.000
2024-10-24T18:00:00,4.380,53.50,0.000
2024-10-24T17:45:00,4.380,37.40,0.000
2024-10-24T17:30:00,4.390,34.90,0.000
2024-10-24T17:15:00,4.390,42.50,0.000
2024-10-24T17:00:00,4.390,35.80,0.000
2024-10-24T16:45:00,4.390,37.10,0.000
2024-10-24T16:30:00,4.390,0.00,0.000
2024-10-24T16:15:00,4.390,0.00,0.000
2024-10-24T16:00:00,4.400,54.20,0.000
2024-10-24T15:45:00,4.400,0.00,0.000
2024-10-24T15:30:00,4.400,37.40,0.000
2024-10-24T15:15:00,4.400,50.10,0.000
2024-10-24T15:00:00,4.410,34.10,0.000
2024-10-24T14:45:00,4.410,60.10,0.000
2024-10-24T14:30:00,4.410,0.00,0.000
2024-10-24T14:15:00,4.420,0.00,0.000
2024-10-24T14:00:00,4.420,0.00,0.000
2024-10-24T13:45:00,4.420,0.00,0.000
2024-10-24T13:30:00,4.430,34.20,0.000
2024-10-24T13:15:00,4.430,34.20,0.000
2024-10-24T13:00:00,4.430,34.40,0.000
2024-10-24T12:45:00,4.430,0.00,0.000
2024-10-24T12:30:00,4.440,34.30,0.000
2024-10-24T12:15:00,4.440,0.00,0.000
2024-10-24T12:00:00,4.440,43.40,0.000
2024-10-24T11:45:00,4.450,41.80,0.000
2024-10-24T11:30:00,4.450,34.30,0.000
2024-10-24T11:15:00,4.450,36.60,0.000
2024-10-24T11:00:00,4.450,34.30,0.000
2024-10-24T10:45:00,4.460,34.40,0.000
2024-10-24T10:30:00,4.460,34.40,0.000
2024-10-24T10:15:00,4.460,0.00,0.000
2024-10-24T10:00:00,4.460,36.90,0.000
2024-10-24T09:45:00,4.460,0.00,0.000
2024-10-24T09:30:00,4.470,34.40,0.000
2024-10-24T09:15:00,4.470,0.00,0.000
2024-10-24T09:00:00,4.480,53.20,0.000
2024-10-24T08:45:00,4.480,34.50,0.000
2024-10-24T08:30:00,4.480,34.50,0.000
2024-10-24T08:15:00,4.480,34.50,0.000
2024-10-24T08:00:00,4.490,0.00,0.000
2024-10-24T07:45:00,4.490,0.00,0.000
2024-10-24T07:30:00,4.490,34.60,0.000
2024-10-24T07:15:00,4.500,37.90,0.000
2024-10-24T07:00:00,4.500,34.60,0.000
2024-10-24T06:45:00,4.500,34.60,0.000
2024-10-24T06:30:00,4.500,34.60,0.000
2024-10-24T06:15:00,4.500,34.60,0.000
2024-10-24T06:00:00,4.500,39.30,0.000
2024-10-24T05:45:00,4.510,0.00,0.000
2024-10-24T05:30:00,4.510,0.00,0.000
2024-10-24T05:15:00,4.510,0.00,0.000
2024-10-24T05:00:00,4.510,34.70,0.000
2024-10-24T04:45:00,4.510,36.30,0.000
2024-10-24T04:30:00,4.520,34.70,0.000
2024-10-24T04:15:00,4.520,0.00,0.000
2024-10-24T04:00:00,4.520,0.00,0.000
2024-10-24T03:45:00,4.520,0.00,0.000
2024-10-24T03:30:00,4.520,0.00,0.000
2024-10-24T03:15:00,4.520,0.00,0.000
2024-10-24T03:00:00,4.520,0.00,0.000
2024-10-24T02:45:00,4.530,36.70,0.000
2024-10-24T02:30:00,4.530,0.00,0.000
2024-10-24T02:15:00,4.530,0.00,0.000
2024-10-24T02:00:00,4.530,34.80,0.000
2024-10-24T01:45:00,4.530,0.00,0.000
2024-10-24T01:30:00,4.530,42.10,0.000
2024-10-24T01:15:00,4.540,0.00,0.000
2024-10-24T01:00:00,4.540,0.00,0.000
2024-10-24T00:45:00,4.540,39.10,0.000
2024-10-24T00:30:00,4.540,36.30,0.000
2024-10-24T00:15:00,4.540,38.10,0.000
2024-10-24T00:00:00,4.540,0.00,0.000
2024-10-23T23:45:00,4.550,0.00,0.000
2024-10-23T23:30:00,4.550,0.00,0.000
2024-10-23T23:15:00,4.550,40.90,0.000
2024-10-23T23:00:00,4.550,0.00,0.000
2024-10-23T22:45:00,4.550,0.00,0.000
2024-10-23T22:30:00,4.550,0.00,0.000
2024-10-23T22:15:00,4.550,0.00,0.000
2024-10-23T22:00:00,4.550,0.00,0.000
2024-10-23T21:45:00,4.550,42.80,0.000
2024-10-23T21:30:00,4.540,48.00,0.000
2024-10-23T21:15:00,4.530,56.70,0.000
2024-10-23T21:00:00,4.530,44.30,0.000
2024-10-23T20:45:00,4.530,0.00,0.000
2024-10-23T20:30:00,4.520,53.80,0.000
2024-10-23T20:15:00,4.520,42.60,0.000
2024-10-23T20:00:00,4.510,76.20,0.000
2024-10-23T19:45:00,4.510,45.10,0.000
2024-10-23T19:30:00,4.500,41.80,0.000
2024-10-23T19:15:00,4.500,34.60,0.000
2024-10-23T19:00:00,4.490,0.00,0.000
2024-10-23T18:45:00,4.490,34.60,0.000
2024-10-23T18:30:00,4.480,0.00,0.000
2024-10-23T18:15:00,4.480,0.00,0.000
2024-10-23T18:00:00,4.470,50.30,0.000
2024-10-23T17:45:00,4.470,35.90,0.000
2024-10-23T17:30:00,4.460,35.30,0.000
2024-10-23T17:15:00,4.450,36.50,0.000
2024-10-23T17:00:00,4.450,0.00,0.000
2024-10-23T16:45:00,4.440,38.30,0.000
2024-10-23T16:30:00,4.440,35.30,0.000
2024-10-23T16:15:00,4.440,0.00,0.000
2024-10-23T16:00:00,4.430,59.10,0.000
2024-10-23T15:45:00,4.430,49.20,0.000
2024-10-23T15:30:00,4.430,53.40,0.000
2024-10-23T15:15:00,4.430,0.00,0.000
2024-10-23T15:00:00,4.430,0.00,0.000
2024-10-23T14:45:00,4.430,38.70,0.000
2024-10-23T14:30:00,4.420,0.00,0.000
2024-10-23T14:15:00,4.420,0.00,0.000
2024-10-23T14:00:00,4.420,0.00,0.000
2024-10-23T13:45:00,4.430,0.00,0.000
2024-10-23T13:30:00,4.420,0.00,0.000
2024-10-23T13:15:00,4.420,0.00,0.000
2024-10-23T13:00:00,4.420,0.00,0.000
2024-10-23T12:45:00,4.420,0.00,0.000
2024-10-23T12:30:00,4.410,51.90,0.000
2024-10-23T12:15:00,4.410,0.00,0.000
2024-10-23T12:00:00,4.410,34.20,0.000
2024-10-23T11:45:00,4.400,0.00,0.000
2024-10-23T11:30:00,4.410,34.10,0.000
2024-10-23T11:15:00,4.410,36.80,0.000
2024-10-23T11:00:00,4.410,36.90,0.000
2024-10-23T10:45:00,4.410,42.80,0.000
2024-10-23T10:30:00,4.410,41.80,0.000
2024-10-23T10:15:00,4.410,0.00,0.000
2024-10-23T10:00:00,4.400,53.70,0.000
2024-10-23T09:45:00,4.340,46.00,0.000
2024-10-23T09:30:00,4.330,59.70,0.000
2024-10-23T09:15:00,4.350,69.20,0.000
2024-10-23T09:00:00,4.400,79.60,0.000
2024-10-23T08:45:00,4.500,37.40,0.000
2024-10-23T08:30:00,4.550,0.00,0.000
2024-10-23T08:15:00,4.550,0.00,0.000
2024-10-23T08:00:00,4.550,0.00,0.000
2024-10-23T07:45:00,4.550,0.00,0.000
2024-10-23T07:30:00,4.530,0.00,0.000
2024-10-23T07:15:00,4.540,0.00,0.000
2024-10-23T07:00:00,4.530,0.00,0.000
2024-10-23T06:45:00,4.540,0.00,0.000
2024-10-23T06:30:00,4.540,38.60,0.000
2024-10-23T06:15:00,4.540,41.40,0.000
2024-10-23T06:00:00,4.540,0.00,0.000
2024-10-23T05:45:00,4.540,0.00,0.000
2024-10-23T05:30:00,4.540,0.00,0.000
2024-10-23T05:15:00,4.540,0.00,0.000
2024-10-23T05:00:00,4.540,0.00,0.000
2024-10-23T04:45:00,4.540,40.90,0.000
2024-10-23T04:30:00,4.540,55.30,0.000
2024-10-23T04:15:00,4.550,0.00,0.000
2024-10-23T04:00:00,4.550,0.00,0.000
2024-10-23T03:45:00,4.550,0.00,0.000
2024-10-23T03:30:00,4.550,37.10,0.000
2024-10-23T03:15:00,4.550,38.20,0.000
2024-10-23T03:00:00,4.550,36.20,0.000
2024-10-23T02:45:00,4.540,44.90,0.000
2024-10-23T02:30:00,4.550,43.40,0.000
2024-10-23T02:15:00,4.540,37.50,0.000
2024-10-23T02:00:00,4.550,0.00,0.000
2024-10-23T01:45:00,4.550,35.80,0.000
2024-10-23T01:30:00,4.550,37.10,0.000
2024-10-23T01:15:00,4.550,34.90,0.000
2024-10-23T01:00:00,4.550,38.50,0.000
2024-10-23T00:45:00,4.550,39.40,0.000
2024-10-23T00:30:00,4.550,0.00,0.000
2024-10-23T00:15:00,4.550,35.00,0.000
2024-10-23T00:00:00,4.550,0.00,0.000
2024-10-22T23:45:00,4.550,0.00,0.000
2024-10-22T23:30:00,4.550,0.00,0.000
2024-10-22T23:15:00,4.550,0.00,0.000
2024-10-22T23:00:00,4.550,51.30,0.000
2024-10-22T22:45:00,4.550,0.00,0.000
2024-10-22T22:30:00,4.550,0.00,0.000
2024-10-22T22:15:00,4.550,0.00,0.000
2024-10-22T22:00:00,4.550,0.00,0.000
2024-10-22T21:45:00,4.550,43.00,0.000
2024-10-22T21:30:00,4.550,34.90,0.000
2024-10-22T21:15:00,4.550,0.00,0.000
2024-10-22T21:00:00,4.550,0.00,0.000
2024-10-22T20:45:00,4.540,37.40,0.000
2024-10-22T20:30:00,4.550,0.00,0.000
2024-10-22T20:15:00,4.540,193.40,0.000
2024-10-22T20:00:00,4.540,47.80,0.000
2024-10-22T19:45:00,4.540,0.00,0.000
2024-10-22T19:30:00,4.540,0.00,0.000
2024-10-22T19:15:00,4.540,0.00,0.000
2024-10-22T19:00:00,4.540,0.00,0.000
2024-10-22T18:45:00,4.540,0.00,0.000
2024-10-22T18:30:00,4.530,0.00,0.000
2024-10-22T18:15:00,4.530,0.00,0.000
2024-10-22T18:00:00,4.530,47.50,0.000
2024-10-22T17:45:00,4.530,52.00,0.000
2024-10-22T17:30:00,4.520,0.00,0.000
2024-10-22T17:15:00,4.520,42.40,0.000
2024-10-22T17:00:00,4.520,39.80,0.000
2024-10-22T16:45:00,4.520,0.00,0.000
2024-10-22T16:30:00,4.520,46.80,0.000
2024-10-22T16:15:00,4.520,0.00,0.000
2024-10-22T16:00:00,4.520,0.00,0.000
2024-10-22T15:45:00,4.520,0.00,0.000
2024-10-22T15:30:00,4.520,37.60,0.000
2024-10-22T15:15:00,4.520,42.50,0.000
2024-10-22T15:00:00,4.520,71.20,0.000
2024-10-22T14:45:00,4.530,0.00,0.000
2024-10-22T14:30:00,4.520,44.60,0.000
2024-10-22T14:15:00,4.530,0.00,0.000
2024-10-22T14:00:00,4.520,73.60,0.000
2024-10-22T13:45:00,4.520,62.30,0.000
2024-10-22T13:30:00,4.520,55.60,0.000
2024-10-22T13:15:00,4.530,60.00,0.000
2024-10-22T13:00:00,4.530,62.90,0.000
2024-10-22T12:45:00,4.530,39.50,0.000
2024-10-22T12:30:00,4.530,63.40,0.000
2024-10-22T12:15:00,4.530,53.00,0.000
2024-10-22T12:00:00,4.530,41.50,0.000
2024-10-22T11:45:00,4.530,37.30,0.000
2024-10-22T11:30:00,4.530,52.70,0.000
2024-10-22T11:15:00,4.540,42.20,0.000
2024-10-22T11:00:00,4.540,0.00,0.000
2024-10-22T10:45:00,4.540,0.00,0.000
2024-10-22T10:30:00,4.540,0.00,0.000
2024-10-22T10:15:00,4.540,40.00,0.000
2024-10-22T10:00:00,4.540,37.30,0.000
2024-10-22T09:45:00,4.540,0.00,0.000
2024-10-22T09:30:00,4.540,0.00,0.000
2024-10-22T09:15:00,4.540,37.70,0.000
2024-10-22T09:00:00,4.530,47.40,0.000
2024-10-22T08:45:00,4.540,34.80,0.000
2024-10-22T08:30:00,4.540,0.00,0.000
2024-10-22T08:15:00,4.540,0.00,0.000
2024-10-22T08:00:00,4.550,0.00,0.000
2024-10-22T07:45:00,4.550,0.00,0.000
2024-10-22T07:30:00,4.550,42.30,0.000
2024-10-22T07:15:00,4.560,39.50,0.000
2024-10-22T07:00:00,4.560,38.70,0.000
2024-10-22T06:45:00,4.560,34.90,0.000
2024-10-22T06:30:00,4.560,38.00,0.000
2024-10-22T06:15:00,4.560,37.20,0.000
2024-10-22T06:00:00,4.560,0.00,0.000
2024-10-22T05:45:00,4.560,0.00,0.000
2024-10-22T05:30:00,4.570,37.30,0.000
2024-10-22T05:15:00,4.570,41.80,0.000
2024-10-22T05:00:00,4.570,37.60,0.000
2024-10-22T04:45:00,4.570,0.00,0.000
2024-10-22T04:30:00,4.570,35.00,0.000
2024-10-22T04:15:00,4.570,38.20,0.000
2024-10-22T04:00:00,4.570,35.60,0.000
2024-10-22T03:45:00,4.570,0.00,0.000
2024-10-22T03:30:00,4.570,66.80,0.000
2024-10-22T03:15:00,4.570,0.00,0.000
2024-10-22T03:00:00,4.580,0.00,0.000
2024-10-22T02:45:00,4.580,0.00,0.000
2024-10-22T02:30:00,4.570,37.40,0.000
2024-10-22T02:15:00,4.580,43.40,0.000
2024-10-22T02:00:00,4.580,40.70,0.000
2024-10-22T01:45:00,4.580,35.00,0.000
2024-10-22T01:30:00,4.580,41.70,0.000
2024-10-22T01:15:00,4.580,0.00,0.000
2024-10-22T01:00:00,4.580,35.30,0.000
2024-10-22T00:45:00,4.580,0.00,0.000
2024-10-22T00:30:00,4.580,37.10,0.000
2024-10-22T00:15:00,4.580,40.70,0.000
2024-10-22T00:00:00,4.580,38.80,0.000
2024-10-21T23:45:00,4.580,39.70,0.000
2024-10-21T23:30:00,4.580,35.10,0.000
2024-10-21T23:15:00,4.580,39.70,0.000
2024-10-21T23:00:00,4.590,38.80,0.000
2024-10-21T22:45:00,4.590,40.00,0.000
2024-10-21T22:30:00,4.580,43.20,0.000
2024-10-21T22:15:00,4.580,77.60,0.000
2024-10-21T22:00:00,4.580,79.40,0.000
2024-10-21T21:45:00,4.580,35.60,0.000
2024-10-21T21:30:00,4.580,42.30,0.000
2024-10-21T21:15:00,4.570,0.00,0.000
2024-10-21T21:00:00,4.570,45.90,0.000
2024-10-21T20:45:00,4.570,48.60,0.000
2024-10-21T20:30:00,4.570,48.10,0.000
2024-10-21T20:15:00,4.560,43.50,0.000
2024-10-21T20:00:00,4.560,43.00,0.000
2024-10-21T19:45:00,4.560,52.30,0.000
2024-10-21T19:30:00,4.560,48.10,0.000
2024-10-21T19:15:00,4.560,65.30,0.000
2024-10-21T19:00:00,4.560,79.40,0.500
2024-10-21T18:45:00,4.560,77.00,2.000
2024-10-21T18:30:00,4.550,80.70,2.000
2024-10-21T18:15:00,4.560,80.00,3.500
2024-10-21T18:00:00,4.550,80.60,0.500
2024-10-21T17:45:00,4.550,87.70,0.000
2024-10-21T17:30:00,4.550,45.00,0.000
2024-10-21T17:15:00,4.550,61.50,0.000
2024-10-21T17:00:00,4.550,37.30,0.000
2024-10-21T16:45:00,4.560,41.50,0.000
2024-10-21T16:30:00,4.560,49.20,0.000
2024-10-21T16:15:00,4.560,64.50,0.000
2024-10-21T16:00:00,4.560,53.70,0.000
2024-10-21T15:45:00,4.570,55.20,0.000
2024-10-21T15:30:00,4.570,55.20,0.000
2024-10-21T15:15:00,4.570,63.60,0.000
2024-10-21T15:00:00,4.580,58.10,0.000
2024-10-21T14:45:00,4.580,49.20,0.000
2024-10-21T14:30:00,4.580,46.30,0.000
2024-10-21T14:15:00,4.590,42.20,0.000
2024-10-21T14:00:00,4.590,0.00,0.000
2024-10-21T13:45:00,4.590,40.00,0.000
2024-10-21T13:30:00,4.590,0.00,0.000
2024-10-21T13:15:00,4.600,38.70,0.000
2024-10-21T13:00:00,4.600,0.00,0.000
2024-10-21T12:45:00,4.610,40.50,0.000
2024-10-21T12:30:00,4.610,41.90,0.000
2024-10-21T12:15:00,4.610,48.60,0.000
2024-10-21T12:00:00,4.620,40.60,0.000
2024-10-21T11:45:00,4.620,36.60,0.000
2024-10-21T11:30:00,4.620,0.00,0.000
2024-10-21T11:15:00,4.630,43.50,0.000
2024-10-21T11:00:00,4.630,42.00,0.000
2024-10-21T10:45:00,4.630,0.00,0.000
2024-10-21T10:30:00,4.640,0.00,0.000
2024-10-21T10:15:00,4.640,0.00,0.000
2024-10-21T10:00:00,4.640,0.00,0.000
2024-10-21T09:45:00,4.640,0.00,0.000
2024-10-21T09:30:00,4.640,0.00,0.000
2024-10-21T09:15:00,4.640,0.00,0.000
2024-10-21T09:00:00,4.640,0.00,0.000
2024-10-21T08:45:00,4.650,0.00,0.000
2024-10-21T08:30:00,4.650,0.00,0.000
2024-10-21T08:15:00,4.660,41.70,0.000
2024-10-21T08:00:00,4.660,0.00,0.000
2024-10-21T07:45:00,4.660,0.00,0.000
2024-10-21T07:30:00,4.660,0.00,0.000
2024-10-21T07:15:00,4.670,38.60,0.000
2024-10-21T07:00:00,4.670,38.30,0.000
2024-10-21T06:45:00,4.670,42.00,0.000
2024-10-21T06:30:00,4.670,41.70,0.000
2024-10-21T06:15:00,4.670,41.50,0.000
2024-10-21T06:00:00,4.670,0.00,0.000
2024-10-21T05:45:00,4.670,41.20,0.000
2024-10-21T05:30:00,4.670,35.50,0.000
2024-10-21T05:15:00,4.670,64.20,0.000
2024-10-21T05:00:00,4.670,42.10,0.000
2024-10-21T04:45:00,4.670,58.90,0.000
2024-10-21T04:30:00,4.670,0.00,0.000
2024-10-21T04:15:00,4.680,36.00,0.000
2024-10-21T04:00:00,4.680,0.00,0.000
2024-10-21T03:45:00,4.680,36.80,0.000
2024-10-21T03:30:00,4.680,0.00,0.000
2024-10-21T03:15:00,4.690,0.00,0.000
2024-10-21T03:00:00,4.690,36.50,0.000
2024-10-21T02:45:00,4.690,0.00,0.000
2024-10-21T02:30:00,4.690,0.00,0.000
2024-10-21T02:15:00,4.690,42.30,0.000
2024-10-21T02:00:00,4.700,0.00,0.000
2024-10-21T01:45:00,4.700,39.00,0.000
2024-10-21T01:30:00,4.700,0.00,0.000
2024-10-21T01:15:00,4.700,41.00,0.000
2024-10-21T01:00:00,4.710,38.60,0.000
2024-10-21T00:45:00,4.710,41.00,0.000
2024-10-21T00:30:00,4.710,38.30,0.000
2024-10-21T00:15:00,4.710,38.10,0.000
2024-10-21T00:00:00,4.710,35.90,0.000
2024-11-03T23:45:00,4.550,0.00,0.000
2024-11-03T23:30:00,4.550,0.00,0.000
2024-11-03T23:15:00,4.550,0.00,0.000
2024-11-03T23:00:00,4.550,0.00,0.000
2024-11-03T22:45:00,4.550,0.00,0.000
2024-11-03T22:30:00,4.550,0.00,0.000
2024-11-03T22:15:00,4.550,0.00,0.000
2024-11-03T22:00:00,4.550,0.00,0.000
2024-11-03T21:45:00,4.540,0.00,0.000
2024-11-03T21:30:00,4.540,0.00,0.000
2024-11-03T21:15:00,4.540,0.00,0.000
2024-11-03T21:00:00,4.530,0.00,0.000
2024-11-03T20:45:00,4.530,0.00,0.000
2024-11-03T20:30:00,4.520,0.00,0.000
2024-11-03T20:15:00,4.520,0.00,0.000
2024-11-03T20:00:00,4.510,0.00,0.000
2024-11-03T19:45:00,4.510,0.00,0.000
2024-11-03T19:30:00,4.500,0.00,0.000
2024-11-03T19:15:00,4.490,0.00,0.000
2024-11-03T19:00:00,4.490,0.00,0.000
2024-11-03T18:45:00,4.490,0.00,0.000
2024-11-03T18:30:00,4.480,0.00,0.000
2024-11-03T18:15:00,4.470,0.00,0.000
2024-11-03T18:00:00,4.460,36.50,0.000
2024-11-03T17:45:00,4.460,0.00,0.000
2024-11-03T17:30:00,4.450,34.30,0.000
2024-11-03T17:15:00,4.450,36.50,0.000
2024-11-03T17:00:00,4.450,0.00,0.000
2024-11-03T16:45:00,4.450,0.00,0.000
2024-11-03T16:30:00,4.440,34.80,0.000
2024-11-03T16:15:00,4.440,0.00,0.000
2024-11-03T16:00:00,4.440,0.00,0.000
2024-11-03T15:45:00,4.430,0.00,0.000
2024-11-03T15:30:00,4.430,0.00,0.000
2024-11-03T15:15:00,4.430,34.60,0.000
2024-11-03T15:00:00,4.430,0.00,0.000
2024-11-03T14:45:00,4.430,38.80,0.000
2024-11-03T14:30:00,4.430,0.00,0.000
2024-11-03T14:15:00,4.420,0.00,0.000
2024-11-03T14:00:00,4.420,0.00,0.000
2024-11-03T13:45:00,4.420,0.00,0.000
2024-11-03T13:30:00,4.420,0.00,0.000
2024-11-03T13:15:00,4.410,0.00,0.000
2024-11-03T13:00:00,4.410,0.00,0.000
2024-11-03T12:45:00,4.410,0.00,0.000
2024-11-03T12:30:00,4.410,36.50,0.000
2024-11-03T12:15:00,4.410,0.00,0.000
2024-11-03T12:00:00,4.420,0.00,0.000
2024-11-03T11:45:00,4.420,41.90,0.000
2024-11-03T11:30:00,4.420,0.00,0.000
2024-11-03T11:15:00,4.430,0.00,0.000
2024-11-03T11:00:00,4.430,46.50,0.000
2024-11-03T10:45:00,4.430,66.40,0.000
2024-11-03T10:30:00,4.440,53.60,0.000
2024-11-03T10:15:00,4.440,63.20,0.000
2024-11-03T10:00:00,4.450,65.00,0.000
2024-11-03T09:45:00,4.450,0.00,0.000
2024-11-03T09:30:00,4.450,0.00,0.000
2024-11-03T09:15:00,4.450,0.00,0.000
2024-11-03T09:00:00,4.460,0.00,0.000
2024-11-03T08:45:00,4.460,37.90,0.000
2024-11-03T08:30:00,4.470,34.40,0.000
2024-11-03T08:15:00,4.470,34.50,0.000
2024-11-03T08:00:00,4.480,0.00,0.000
2024-11-03T07:45:00,4.480,0.00,0.000
2024-11-03T07:30:00,4.490,0.00,0.000
2024-11-03T07:15:00,4.490,0.00,0.000
2024-11-03T07:00:00,4.500,0.00,0.000
2024-11-03T06:45:00,4.500,0.00,0.000
2024-11-03T06:30:00,4.500,38.60,0.000
2024-11-03T06:15:00,4.510,34.60,0.000
2024-11-03T06:00:00,4.510,0.00,0.000
2024-11-03T05:45:00,4.510,0.00,0.000
2024-11-03T05:30:00,4.510,0.00,0.000
2024-11-03T05:15:00,4.520,0.00,0.000
2024-11-03T05:00:00,4.520,34.70,0.000
2024-11-03T04:45:00,4.520,35.20,0.000
2024-11-03T04:30:00,4.530,0.00,0.000
2024-11-03T04:15:00,4.530,0.00,0.000
2024-11-03T04:00:00,4.540,34.80,0.000
2024-11-03T03:45:00,4.540,0.00,0.000
2024-11-03T03:30:00,4.540,0.00,0.000
2024-11-03T03:15:00,4.550,34.90,0.000
2024-11-03T03:00:00,4.550,0.00,0.000
2024-11-03T02:45:00,4.550,0.00,0.000
2024-11-03T02:30:00,4.560,0.00,0.000
2024-11-03T02:15:00,4.560,0.00,0.000
2024-11-03T02:00:00,4.560,0.00,0.000
2024-11-03T01:45:00,4.570,0.00,0.000
2024-11-03T01:30:00,4.570,0.00,0.000
2024-11-03T01:15:00,4.570,0.00,0.000
2024-11-03T01:00:00,4.580,0.00,0.000
2024-11-03T00:45:00,4.580,0.00,0.000
2024-11-03T00:30:00,4.590,0.00,0.000
2024-11-03T00:15:00,4.590,0.00,0.000
2024-11-03T00:00:00,4.590,36.00,0.000
2024-11-02T23:45:00,4.590,0.00,0.000
2024-11-02T23:30:00,4.600,0.00,0.000
2024-11-02T23:15:00,4.600,0.00,0.000
2024-11-02T23:00:00,4.610,0.00,0.000
2024-11-02T22:45:00,4.610,0.00,0.000
2024-11-02T22:30:00,4.610,0.00,0.000
2024-11-02T22:15:00,4.610,0.00,0.000
2024-11-02T22:00:00,4.610,0.00,0.000
2024-11-02T21:45:00,4.610,0.00,0.000
2024-11-02T21:30:00,4.610,0.00,0.000
2024-11-02T21:15:00,4.610,0.00,0.000
2024-11-02T21:00:00,4.610,0.00,0.000
2024-11-02T20:45:00,4.610,0.00,0.000
2024-11-02T20:30:00,4.610,0.00,0.000
2024-11-02T20:15:00,4.610,0.00,0.000
2024-11-02T20:00:00,4.610,0.00,0.000
2024-11-02T19:45:00,4.600,0.00,0.000
2024-11-02T19:30:00,4.600,0.00,0.000
2024-11-02T19:15:00,4.600,35.20,0.000
2024-11-02T19:00:00,4.590,0.00,0.000
2024-11-02T18:45:00,4.590,0.00,0.000
2024-11-02T18:30:00,4.590,35.10,0.000
2024-11-02T18:15:00,4.580,35.10,0.000
2024-11-02T18:00:00,4.590,35.50,0.000
2024-11-02T17:45:00,4.580,36.40,0.000
2024-11-02T17:30:00,4.580,35.00,0.000
2024-11-02T17:15:00,4.570,42.40,0.000
2024-11-02T17:00:00,4.570,40.70,0.000
2024-11-02T16:45:00,4.560,41.90,0.000
2024-11-02T16:30:00,4.560,0.00,0.000
2024-11-02T16:15:00,4.550,0.00,0.000
2024-11-02T16:00:00,4.550,44.90,0.000
2024-11-02T15:45:00,4.550,46.90,0.000
2024-11-02T15:30:00,4.540,0.00,0.000
2024-11-02T15:15:00,4.540,0.00,0.000
2024-11-02T15:00:00,4.540,0.00,0.000
2024-11-02T14:45:00,4.530,0.00,0.000
2024-11-02T14:30:00,4.530,43.10,0.000
2024-11-02T14:15:00,4.530,0.00,0.000
2024-11-02T14:00:00,4.520,34.70,0.000
2024-11-02T13:45:00,4.520,40.90,0.000
2024-11-02T13:30:00,4.510,63.10,0.000
2024-11-02T13:15:00,4.510,59.70,0.000
2024-11-02T13:00:00,4.510,67.40,0.000
2024-11-02T12:45:00,4.510,0.00,0.000
2024-11-02T12:30:00,4.500,61.70,0.000
2024-11-02T12:15:00,4.500,63.90,0.000
2024-11-02T12:00:00,4.500,63.50,0.000
2024-11-02T11:45:00,4.500,39.30,0.000
2024-11-02T11:30:00,4.500,49.50,0.000
2024-11-02T11:15:00,4.500,67.60,0.000
2024-11-02T11:00:00,4.500,0.00,0.000
2024-11-02T10:45:00,4.500,0.00,0.000
2024-11-02T10:30:00,4.500,0.00,0.000
2024-11-02T10:15:00,4.510,0.00,0.000
2024-11-02T10:00:00,4.510,34.70,0.000
2024-11-02T09:45:00,4.510,36.00,0.000
2024-11-02T09:30:00,4.510,0.00,0.000
2024-11-02T09:15:00,4.510,36.90,0.000
2024-11-02T09:00:00,4.510,0.00,0.000
2024-11-02T08:45:00,4.510,0.00,0.000
2024-11-02T08:30:00,4.510,0.00,0.000
2024-11-02T08:15:00,4.510,0.00,0.000
2024-11-02T08:00:00,4.510,0.00,0.000
2024-11-02T07:45:00,4.510,0.00,0.000
2024-11-02T07:30:00,4.510,34.70,0.000
2024-11-02T07:15:00,4.510,34.60,0.000
2024-11-02T07:00:00,4.510,0.00,0.000
2024-11-02T06:45:00,4.510,34.60,0.000
2024-11-02T06:30:00,4.500,0.00,0.000
2024-11-02T06:15:00,4.500,0.00,0.000
2024-11-02T06:00:00,4.500,0.00,0.000
2024-11-02T05:45:00,4.500,0.00,0.000
2024-11-02T05:30:00,4.500,0.00,0.000
2024-11-02T05:15:00,4.490,34.60,0.000
2024-11-02T05:00:00,4.490,0.00,0.000
2024-11-02T04:45:00,4.490,0.00,0.000
2024-11-02T04:30:00,4.480,35.10,0.000
2024-11-02T04:15:00,4.480,0.00,0.000
2024-11-02T04:00:00,4.480,0.00,0.000
2024-11-02T03:45:00,4.480,34.50,0.000
2024-11-02T03:30:00,4.470,0.00,0.000
2024-11-02T03:15:00,4.470,0.00,0.000
2024-11-02T03:00:00,4.470,35.00,0.000
2024-11-02T02:45:00,4.460,0.00,0.000
2024-11-02T02:30:00,4.460,0.00,0.000
2024-11-02T02:15:00,4.460,37.40,0.000
2024-11-02T02:00:00,4.460,34.80,0.000
2024-11-02T01:45:00,4.450,34.30,0.000
2024-11-02T01:30:00,4.450,0.00,0.000
2024-11-02T01:15:00,4.440,0.00,0.000
2024-11-02T01:00:00,4.440,0.00,0.000
2024-11-02T00:45:00,4.440,34.10,0.000
2024-11-02T00:30:00,4.440,34.20,0.000
2024-11-02T00:15:00,4.430,34.20,0.000
2024-11-02T00:00:00,4.420,0.00,0.000
2024-11-01T23:45:00,4.420,0.00,0.000
2024-11-01T23:30:00,4.420,0.00,0.000
2024-11-01T23:15:00,4.410,0.00,0.000
2024-11-01T23:00:00,4.410,34.10,0.000
2024-11-01T22:45:00,4.400,34.00,0.000
2024-11-01T22:30:00,4.400,0.00,0.000
2024-11-01T22:15:00,4.390,34.00,0.000
2024-11-01T22:00:00,4.390,34.50,0.000
2024-11-01T21:45:00,4.380,0.00,0.000
2024-11-01T21:30:00,4.370,0.00,0.000
2024-11-01T21:15:00,4.370,0.00,0.000
2024-11-01T21:00:00,4.360,0.00,0.000
2024-11-01T20:45:00,4.350,0.00,0.000
2024-11-01T20:30:00,4.350,0.00,0.000
2024-11-01T20:15:00,4.340,0.00,0.000
2024-11-01T20:00:00,4.330,33.60,0.000
2024-11-01T19:45:00,4.330,33.60,0.000
2024-11-01T19:30:00,4.320,0.00,0.000
2024-11-01T19:15:00,4.310,0.00,0.000
2024-11-01T19:00:00,4.310,0.00,0.000
2024-11-01T18:45:00,4.300,0.00,0.000
2024-11-01T18:30:00,4.290,0.00,0.000
2024-11-01T18:15:00,4.290,0.00,0.000
2024-11-01T18:00:00,4.290,0.00,0.000
2024-11-01T17:45:00,4.280,0.00,0.000
2024-11-01T17:30:00,4.280,37.80,0.000
2024-11-01T17:15:00,4.280,0.00,0.000
2024-11-01T17:00:00,4.270,35.90,0.000
2024-11-01T16:45:00,4.270,42.90,0.000
2024-11-01T16:30:00,4.270,34.20,0.000
2024-11-01T16:15:00,4.270,37.30,0.000
2024-11-01T16:00:00,4.270,0.00,0.000
2024-11-01T15:45:00,4.270,0.00,0.000
2024-11-01T15:30:00,4.250,59.60,0.000
2024-11-01T15:15:00,4.250,35.20,0.000
2024-11-01T15:00:00,4.250,50.30,0.000
2024-11-01T14:45:00,4.250,55.80,0.000
2024-11-01T14:30:00,4.250,0.00,0.000
2024-11-01T14:15:00,4.240,35.20,0.000
2024-11-01T14:00:00,4.240,0.00,0.000
2024-11-01T13:45:00,4.240,0.00,0.000
2024-11-01T13:30:00,4.240,0.00,0.000
2024-11-01T13:15:00,4.240,0.00,0.000
2024-11-01T13:00:00,4.240,0.00,0.000
2024-11-01T12:45:00,4.240,0.00,0.000
2024-11-01T12:30:00,4.240,36.50,0.000
2024-11-01T12:15:00,4.230,0.00,0.000
2024-11-01T12:00:00,4.230,0.00,0.000
2024-11-01T11:45:00,4.230,0.00,0.000
2024-11-01T11:30:00,4.230,0.00,0.000
2024-11-01T11:15:00,4.230,35.70,0.000
2024-11-01T11:00:00,4.230,0.00,0.000
2024-11-01T10:45:00,4.230,33.00,0.000
2024-11-01T10:30:00,4.230,33.00,0.000
2024-11-01T10:15:00,4.220,0.00,0.000
2024-11-01T10:00:00,4.220,35.20,0.000
2024-11-01T09:45:00,4.220,32.90,0.000
2024-11-01T09:30:00,4.220,32.90,0.000
2024-11-01T09:15:00,4.220,32.90,0.000
2024-11-01T09:00:00,4.220,32.90,0.000
2024-11-01T08:45:00,4.220,32.90,0.000
2024-11-01T08:30:00,4.220,0.00,0.000
2024-11-01T08:15:00,4.210,0.00,0.000
2024-11-01T08:00:00,4.210,0.00,0.000
2024-11-01T07:45:00,4.210,32.80,0.000
2024-11-01T07:30:00,4.200,32.80,0.000
2024-11-01T07:15:00,4.200,32.80,0.000
2024-11-01T07:00:00,4.200,32.80,0.000
2024-11-01T06:45:00,4.190,32.70,0.000
2024-11-01T06:30:00,4.190,32.70,0.000
2024-11-01T06:15:00,4.180,32.70,0.000
2024-11-01T06:00:00,4.180,0.00,0.000
2024-11-01T05:45:00,4.180,0.00,0.000
2024-11-01T05:30:00,4.170,32.60,0.000
2024-11-01T05:15:00,4.160,32.60,0.000
2024-11-01T05:00:00,4.160,32.50,0.000
2024-11-01T04:45:00,4.150,0.00,0.000
2024-11-01T04:30:00,4.150,32.40,0.000
2024-11-01T04:15:00,4.140,32.40,0.000
2024-11-01T04:00:00,4.140,32.40,0.000
2024-11-01T03:45:00,4.130,32.30,0.000
2024-11-01T03:30:00,4.130,32.30,0.000
2024-11-01T03:15:00,4.120,32.30,0.000
2024-11-01T03:00:00,4.120,0.00,0.000
2024-11-01T02:45:00,4.110,32.20,0.000
2024-11-01T02:30:00,4.110,32.20,0.000
2024-11-01T02:15:00,4.100,32.20,0.000
2024-11-01T02:00:00,4.100,32.10,0.000
2024-11-01T01:45:00,4.100,32.10,0.000
2024-11-01T01:30:00,4.090,61.30,0.000
2024-11-01T01:15:00,4.090,36.90,0.000
2024-11-01T01:00:00,4.090,0.00,0.000
2024-11-01T00:45:00,4.080,0.00,0.000
2024-11-01T00:30:00,4.080,0.00,0.000
2024-11-01T00:15:00,4.070,32.00,0.000
2024-11-01T00:00:00,4.070,31.90,0.000
2024-10-31T23:45:00,4.070,31.90,0.000
2024-10-31T23:30:00,4.060,31.90,0.000
2024-10-31T23:15:00,4.060,31.90,0.000
2024-10-31T23:00:00,4.060,31.80,0.000
2024-10-31T22:45:00,4.050,31.80,0.000
2024-10-31T22:30:00,4.050,0.00,0.000
2024-10-31T22:15:00,4.040,0.00,0.000
2024-10-31T22:00:00,4.040,31.80,0.000
2024-10-31T21:45:00,4.030,0.00,0.000
2024-10-31T21:30:00,4.030,31.60,0.000
2024-10-31T21:15:00,4.020,0.00,0.000
2024-10-31T21:00:00,4.020,0.00,0.000
2024-10-31T20:45:00,4.010,0.00,0.000
2024-10-31T20:30:00,4.010,31.50,0.000
2024-10-31T20:15:00,4.000,33.90,0.000
2024-10-31T20:00:00,4.000,0.00,0.000
2024-10-31T19:45:00,3.990,0.00,0.000
2024-10-31T19:30:00,3.990,0.00,0.000
2024-10-31T19:15:00,3.980,0.00,0.000
2024-10-31T19:00:00,3.970,0.00,0.000
2024-10-31T18:45:00,3.970,0.00,0.000
2024-10-31T18:30:00,3.960,0.00,0.000
2024-10-31T18:15:00,3.950,0.00,0.000
2024-10-31T18:00:00,3.940,33.00,0.000
2024-10-31T17:45:00,3.940,52.60,0.000
2024-10-31T17:30:00,3.940,31.00,0.000
2024-10-31T17:15:00,3.930,32.60,0.000
2024-10-31T17:00:00,3.930,32.10,0.000
2024-10-31T16:45:00,3.920,31.40,0.000
2024-10-31T16:30:00,3.920,0.00,0.000
2024-10-31T16:15:00,3.910,0.00,0.000
2024-10-31T16:00:00,3.910,0.00,0.000
2024-10-31T15:45:00,3.900,33.50,0.000
2024-10-31T15:30:00,3.900,0.00,0.000
2024-10-31T15:15:00,3.900,33.70,0.000
2024-10-31T15:00:00,3.890,0.00,0.000
2024-10-31T14:45:00,3.890,32.30,0.000
2024-10-31T14:30:00,3.880,33.20,0.000
2024-10-31T14:15:00,3.870,0.00,0.000
2024-10-31T14:00:00,3.870,32.70,0.000
2024-10-31T13:45:00,3.870,30.50,0.000
2024-10-31T13:30:00,3.860,53.60,0.000
2024-10-31T13:15:00,3.860,30.40,0.000
2024-10-31T13:00:00,3.850,0.00,0.000
2024-10-31T12:45:00,3.850,0.00,0.000
2024-10-31T12:30:00,3.840,30.20,0.000
2024-10-31T12:15:00,3.830,44.50,0.000
2024-10-31T12:00:00,3.830,0.00,0.000
2024-10-31T11:45:00,3.830,43.10,0.000
2024-10-31T11:30:00,3.820,0.00,0.000
2024-10-31T11:15:00,3.830,0.00,0.000
2024-10-31T11:00:00,3.820,0.00,0.000
2024-10-31T10:45:00,3.800,45.90,0.000
2024-10-31T10:30:00,3.800,0.00,0.000
2024-10-31T10:15:00,3.800,50.00,0.000
2024-10-31T10:00:00,3.800,34.90,0.000
2024-10-31T09:45:00,3.800,0.00,0.000
2024-10-31T09:30:00,3.800,0.00,0.000
2024-10-31T09:15:00,3.810,0.00,0.000
2024-10-31T09:00:00,3.800,0.00,0.000
2024-10-31T08:45:00,3.800,0.00,0.000
2024-10-31T08:30:00,3.800,0.00,0.000
2024-10-31T08:15:00,3.800,0.00,0.000
2024-10-31T08:00:00,3.810,0.00,0.000
2024-10-31T07:45:00,3.810,0.00,0.000
2024-10-31T07:30:00,3.810,0.00,0.000
2024-10-31T07:15:00,3.810,30.00,0.000
2024-10-31T07:00:00,3.810,0.00,0.000
2024-10-31T06:45:00,3.810,30.00,0.000
2024-10-31T06:30:00,3.810,0.00,0.000
2024-10-31T06:15:00,3.810,0.00,0.000
2024-10-31T06:00:00,3.810,0.00,0.000
2024-10-31T05:45:00,3.810,0.00,0.000
2024-10-31T05:30:00,3.810,0.00,0.000
2024-10-31T05:15:00,3.800,0.00,0.000
2024-10-31T05:00:00,3.800,0.00,0.000
2024-10-31T04:45:00,3.800,0.00,0.000
2024-10-31T04:30:00,3.800,29.90,0.000
2024-10-31T04:15:00,3.800,0.00,0.000
2024-10-31T04:00:00,3.800,29.90,0.000
2024-10-31T03:45:00,3.800,29.90,0.000
2024-10-31T03:30:00,3.800,0.00,0.000
2024-10-31T03:15:00,3.800,0.00,0.000
2024-10-31T03:00:00,3.800,29.80,0.000
2024-10-31T02:45:00,3.790,29.80,0.000
2024-10-31T02:30:00,3.790,29.80,0.000
2024-10-31T02:15:00,3.790,29.80,0.000
2024-10-31T02:00:00,3.790,29.80,0.000
2024-10-31T01:45:00,3.790,0.00,0.000
2024-10-31T01:30:00,3.790,29.70,0.000
2024-10-31T01:15:00,3.790,29.70,0.000
2024-10-31T01:00:00,3.790,29.70,0.000
2024-10-31T00:45:00,3.780,29.70,0.000
2024-10-31T00:30:00,3.780,29.70,0.000
2024-10-31T00:15:00,3.780,32.30,0.000
2024-10-31T00:00:00,3.780,29.70,0.000
2024-10-30T23:45:00,3.780,29.60,0.000
2024-10-30T23:30:00,3.770,29.60,0.000
2024-10-30T23:15:00,3.780,0.00,0.000
2024-10-30T23:00:00,3.770,29.60,0.000
2024-10-30T22:45:00,3.770,0.00,0.000
2024-10-30T22:30:00,3.770,29.60,0.000
2024-10-30T22:15:00,3.760,29.50,0.000
2024-10-30T22:00:00,3.760,29.50,0.000
2024-10-30T21:45:00,3.760,0.00,0.000
2024-10-30T21:30:00,3.760,0.00,0.000
2024-10-30T21:15:00,3.750,32.90,0.000
2024-10-30T21:00:00,3.750,0.00,0.000
2024-10-30T20:45:00,3.750,0.00,0.000
2024-10-30T20:30:00,3.750,30.40,0.000
2024-10-30T20:15:00,3.750,0.00,0.000
2024-10-30T20:00:00,3.740,29.30,0.000
2024-10-30T19:45:00,3.740,31.20,0.000
2024-10-30T19:30:00,3.740,0.00,0.000
2024-10-30T19:15:00,3.730,0.00,0.000
2024-10-30T19:00:00,3.730,0.00,0.000
2024-10-30T18:45:00,3.730,0.00,0.000
2024-10-30T18:30:00,3.720,0.00,0.000
2024-10-30T18:15:00,3.720,0.00,0.000
2024-10-30T18:00:00,3.710,0.00,0.000
2024-10-30T17:45:00,3.710,0.00,0.000
2024-10-30T17:30:00,3.710,0.00,0.000
2024-10-30T17:15:00,3.700,0.00,0.000
2024-10-30T17:00:00,3.700,0.00,0.000
2024-10-30T16:45:00,3.700,0.00,0.000
2024-10-30T16:30:00,3.700,0.00,0.000
2024-10-30T16:15:00,3.690,0.00,0.000
2024-10-30T16:00:00,3.690,0.00,0.000
2024-10-30T15:45:00,3.690,31.60,0.000
2024-10-30T15:30:00,3.690,33.20,0.000
2024-10-30T15:15:00,3.690,44.60,0.000
2024-10-30T15:00:00,3.690,43.10,0.000
2024-10-30T14:45:00,3.690,40.10,0.000
2024-10-30T14:30:00,3.690,48.30,0.000
2024-10-30T14:15:00,3.690,49.20,0.000
2024-10-30T14:00:00,3.680,49.20,0.000
2024-10-30T13:45:00,3.690,0.00,0.000
2024-10-30T13:30:00,3.690,0.00,0.000
2024-10-30T13:15:00,3.690,33.40,0.000
2024-10-30T13:00:00,3.690,0.00,0.000
2024-10-30T12:45:00,3.690,0.00,0.000
2024-10-30T12:30:00,3.690,30.30,0.000
2024-10-30T12:15:00,3.700,0.00,0.000
2024-10-30T12:00:00,3.700,0.00,0.000
2024-10-30T11:45:00,3.700,28.90,0.000
2024-10-30T11:30:00,3.700,0.00,0.000
2024-10-30T11:15:00,3.710,0.00,0.000
2024-10-30T11:00:00,3.710,0.00,0.000
2024-10-30T10:45:00,3.710,0.00,0.000
2024-10-30T10:30:00,3.710,0.00,0.000
2024-10-30T10:15:00,3.710,42.30,0.000
2024-10-30T10:00:00,3.710,43.80,0.000
2024-10-30T09:45:00,3.710,51.50,0.000
2024-10-30T09:30:00,3.710,0.00,0.000
2024-10-30T09:15:00,3.720,29.00,0.000
2024-10-30T09:00:00,3.720,0.00,0.000
2024-10-30T08:45:00,3.720,0.00,0.000
2024-10-30T08:30:00,3.720,0.00,0.000
2024-10-30T08:15:00,3.720,0.00,0.000
2024-10-30T08:00:00,3.730,0.00,0.000
2024-10-30T07:45:00,3.730,0.00,0.000
2024-10-30T07:30:00,3.730,0.00,0.000
2024-10-30T07:15:00,3.730,0.00,0.000
2024-10-30T07:00:00,3.730,0.00,0.000
2024-10-30T06:45:00,3.730,0.00,0.000
2024-10-30T06:30:00,3.730,0.00,0.000
2024-10-30T06:15:00,3.730,0.00,0.000
2024-10-30T06:00:00,3.740,0.00,0.000
2024-10-30T05:45:00,3.740,0.00,0.000
2024-10-30T05:30:00,3.740,0.00,0.000
2024-10-30T05:15:00,3.740,0.00,0.000
2024-10-30T05:00:00,3.740,0.00,0.000
2024-10-30T04:45:00,3.740,0.00,0.000
2024-10-30T04:30:00,3.740,31.60,0.000
2024-10-30T04:15:00,3.740,0.00,0.000
2024-10-30T04:00:00,3.750,0.00,0.000
2024-10-30T03:45:00,3.750,0.00,0.000
2024-10-30T03:30:00,3.750,0.00,0.000
2024-10-30T03:15:00,3.750,0.00,0.000
2024-10-30T03:00:00,3.750,0.00,0.000
2024-10-30T02:45:00,3.750,0.00,0.000
2024-10-30T02:30:00,3.750,34.70,0.000
2024-10-30T02:15:00,3.750,0.00,0.000
2024-10-30T02:00:00,3.750,37.30,0.000
2024-10-30T01:45:00,3.750,0.00,0.000
2024-10-30T01:30:00,3.750,0.00,0.000
2024-10-30T01:15:00,3.750,0.00,0.000
2024-10-30T01:00:00,3.750,0.00,0.000
2024-10-30T00:45:00,3.760,0.00,0.000
2024-10-30T00:30:00,3.750,0.00,0.000
2024-10-30T00:15:00,3.760,0.00,0.000
2024-10-30T00:00:00,3.760,0.00,0.000
2024-10-29T23:45:00,3.760,29.30,0.000
2024-10-29T23:30:00,3.760,29.50,0.000
2024-10-29T23:15:00,3.760,0.00,0.000
2024-10-29T23:00:00,3.760,33.40,0.000
2024-10-29T22:45:00,3.770,29.50,0.000
2024-10-29T22:30:00,3.770,0.00,0.000
2024-10-29T22:15:00,3.760,0.00,0.000
2024-10-29T22:00:00,3.760,0.00,0.000
2024-10-29T21:45:00,3.770,30.20,0.000
2024-10-29T21:30:00,3.770,0.00,0.000
2024-10-29T21:15:00,3.770,0.00,0.000
2024-10-29T21:00:00,3.770,0.00,0.000
2024-10-29T20:45:00,3.770,0.00,0.000
2024-10-29T20:30:00,3.770,0.00,0.000
2024-10-29T20:15:00,3.780,0.00,0.000
2024-10-29T20:00:00,3.780,0.00,0.000
2024-10-29T19:45:00,3.780,0.00,0.000
2024-10-29T19:30:00,3.780,0.00,0.000
2024-10-29T19:15:00,3.780,0.00,0.000
2024-10-29T19:00:00,3.780,0.00,0.000
2024-10-29T18:45:00,3.780,0.00,0.000
2024-10-29T18:30:00,3.780,0.00,0.000
2024-10-29T18:15:00,3.780,0.00,0.000
2024-10-29T18:00:00,3.780,0.00,0.000
2024-10-29T17:45:00,3.780,0.00,0.000
2024-10-29T17:30:00,3.780,0.00,0.000
2024-10-29T17:15:00,3.780,0.00,0.000
2024-10-29T17:00:00,3.780,0.00,0.000
2024-10-29T16:45:00,3.780,0.00,0.000
2024-10-29T16:30:00,3.780,33.10,0.000
2024-10-29T16:15:00,3.780,32.60,0.000
2024-10-29T16:00:00,3.790,0.00,0.000
2024-10-29T15:45:00,3.790,32.90,0.000
2024-10-29T15:30:00,3.790,0.00,0.000
2024-10-29T15:15:00,3.790,0.00,0.000
2024-10-29T15:00:00,3.790,0.00,0.000
2024-10-29T14:45:00,3.790,36.10,0.000
2024-10-29T14:30:00,3.790,40.50,0.000
2024-10-29T14:15:00,3.800,38.30,0.000
2024-10-29T14:00:00,3.800,38.60,0.000
2024-10-29T13:45:00,3.800,40.20,0.000
2024-10-29T13:30:00,3.790,40.00,0.000
2024-10-29T13:15:00,3.800,0.00,0.000
2024-10-29T13:00:00,3.810,37.20,0.000
2024-10-29T12:45:00,3.810,39.30,0.000
2024-10-29T12:30:00,3.820,0.00,0.000
2024-10-29T12:15:00,3.820,0.00,0.000
2024-10-29T12:00:00,3.830,0.00,0.000
2024-10-29T11:45:00,3.840,35.60,0.000
2024-10-29T11:30:00,3.850,36.70,0.000
2024-10-29T11:15:00,3.850,0.00,0.000
2024-10-29T11:00:00,3.860,0.00,0.000
2024-10-29T10:45:00,3.870,34.60,0.000
2024-10-29T10:30:00,3.870,35.00,0.000
2024-10-29T10:15:00,3.880,33.00,0.000
2024-10-29T10:00:00,3.880,35.40,0.000
2024-10-29T09:45:00,3.900,38.90,0.000
2024-10-29T09:30:00,3.910,38.70,0.000
2024-10-29T09:15:00,3.910,35.70,0.000
2024-10-29T09:00:00,3.930,0.00,0.000
2024-10-29T08:45:00,3.940,0.00,0.000
2024-10-29T08:30:00,3.940,0.00,0.000
2024-10-29T08:15:00,3.940,39.50,0.000
2024-10-29T08:00:00,3.930,33.50,0.000
2024-10-29T07:45:00,3.930,0.00,0.000
2024-10-29T07:30:00,3.930,0.00,0.000
2024-10-29T07:15:00,3.930,0.00,0.000
2024-10-29T07:00:00,3.930,0.00,0.000
2024-10-29T06:45:00,3.910,0.00,0.000
2024-10-29T06:30:00,3.910,37.90,0.000
2024-10-29T06:15:00,3.910,45.60,0.000
2024-10-29T06:00:00,3.910,0.00,0.000
2024-10-29T05:45:00,3.910,42.50,0.000
2024-10-29T05:30:00,3.910,31.30,0.000
2024-10-29T05:15:00,3.910,44.10,0.000
2024-10-29T05:00:00,3.920,0.00,0.000
2024-10-29T04:45:00,3.920,32.10,0.000
2024-10-29T04:30:00,3.920,0.00,0.000
2024-10-29T04:15:00,3.920,30.90,0.000
2024-10-29T04:00:00,3.920,30.90,0.000
2024-10-29T03:45:00,3.930,33.00,0.000
2024-10-29T03:30:00,3.930,36.80,0.000
2024-10-29T03:15:00,3.930,0.00,0.000
2024-10-29T03:00:00,3.930,0.00,0.000
2024-10-29T02:45:00,3.940,0.00,0.000
2024-10-29T02:30:00,3.940,0.00,0.000
2024-10-29T02:15:00,3.940,31.10,0.000
2024-10-29T02:00:00,3.940,39.80,0.000
2024-10-29T01:45:00,3.940,38.20,0.000
2024-10-29T01:30:00,3.940,44.00,0.000
2024-10-29T01:15:00,3.950,32.00,0.000
2024-10-29T01:00:00,3.950,0.00,0.000
2024-10-29T00:45:00,3.950,0.00,0.000
2024-10-29T00:30:00,3.950,0.00,0.000
2024-10-29T00:15:00,3.950,0.00,0.000
2024-10-29T00:00:00,3.960,0.00,0.000
2024-10-28T23:45:00,3.960,0.00,0.000
2024-10-28T23:30:00,3.960,0.00,0.000
2024-10-28T23:15:00,3.960,54.00,0.000
2024-10-28T23:00:00,3.970,0.00,0.000
2024-10-28T22:45:00,3.970,0.00,0.000
2024-10-28T22:30:00,3.970,37.70,0.000
2024-10-28T22:15:00,3.980,39.70,0.000
2024-10-28T22:00:00,3.980,33.10,0.000
2024-10-28T21:45:00,3.980,0.00,0.000
2024-10-28T21:30:00,3.980,0.00,0.000
2024-10-28T21:15:00,3.980,0.00,0.000
2024-10-28T21:00:00,3.990,0.00,0.000
2024-10-28T20:45:00,3.990,0.00,0.000
2024-10-28T20:30:00,3.990,0.00,0.000
2024-10-28T20:15:00,3.990,0.00,0.000
2024-10-28T20:00:00,3.990,0.00,0.000
2024-10-28T19:45:00,4.000,0.00,0.000
2024-10-28T19:30:00,4.000,0.00,0.000
2024-10-28T19:15:00,4.000,31.90,0.000
2024-10-28T19:00:00,4.000,0.00,0.000
2024-10-28T18:45:00,4.010,0.00,0.000
2024-10-28T18:30:00,4.010,0.00,0.000
2024-10-28T18:15:00,4.010,0.00,0.000
2024-10-28T18:00:00,4.010,55.50,0.000
2024-10-28T17:45:00,4.010,43.80,0.000
2024-10-28T17:30:00,4.020,34.90,0.000
2024-10-28T17:15:00,4.020,38.40,0.000
2024-10-28T17:00:00,4.020,32.40,0.000
2024-10-28T16:45:00,4.020,34.80,0.000
2024-10-28T16:30:00,4.020,35.90,0.000
2024-10-28T16:15:00,4.030,37.50,0.000
2024-10-28T16:00:00,4.030,33.60,0.000
2024-10-28T15:45:00,4.030,35.10,0.000
2024-10-28T15:30:00,4.030,34.80,0.000
2024-10-28T15:15:00,4.040,40.30,0.000
2024-10-28T15:00:00,4.040,0.00,0.000
2024-10-28T14:45:00,4.040,0.00,0.000
2024-10-28T14:30:00,4.050,0.00,0.000
2024-10-28T14:15:00,4.050,0.00,0.000
2024-10-28T14:00:00,4.050,31.80,0.000
2024-10-28T13:45:00,4.060,35.10,0.000
2024-10-28T13:30:00,4.060,37.80,0.000
2024-10-28T13:15:00,4.060,0.00,0.000
2024-10-28T13:00:00,4.060,40.00,0.000
2024-10-28T12:45:00,4.070,54.00,0.000
2024-10-28T12:30:00,4.070,46.20,0.000
2024-10-28T12:15:00,4.070,0.00,0.000
2024-10-28T12:00:00,4.070,0.00,0.000
2024-10-28T11:45:00,4.070,50.30,0.000
2024-10-28T11:30:00,4.080,0.00,0.000
2024-10-28T11:15:00,4.080,0.00,0.000
2024-10-28T11:00:00,4.080,0.00,0.000
2024-10-28T10:45:00,4.080,0.00,0.000
2024-10-28T10:30:00,4.090,0.00,0.000
2024-10-28T10:15:00,4.090,36.90,0.000
2024-10-28T10:00:00,4.100,0.00,0.000
2024-10-28T09:45:00,4.100,0.00,0.000
2024-10-28T09:30:00,4.100,34.30,0.000
2024-10-28T09:15:00,4.110,32.20,0.000
2024-10-28T09:00:00,4.110,0.00,0.000
2024-10-28T08:45:00,4.110,40.20,0.000
2024-10-28T08:30:00,4.110,0.00,0.000
2024-10-28T08:15:00,4.120,0.00,0.000
2024-10-28T08:00:00,4.120,35.40,0.000
2024-10-28T07:45:00,4.120,0.00,0.000
2024-10-28T07:30:00,4.130,0.00,0.000
2024-10-28T07:15:00,4.130,37.30,0.000
2024-10-28T07:00:00,4.130,32.50,0.000
2024-10-28T06:45:00,4.140,0.00,0.000
2024-10-28T06:30:00,4.140,32.50,0.000
2024-10-28T06:15:00,4.140,47.60,0.000
2024-10-28T06:00:00,4.140,0.00,0.000
2024-10-28T05:45:00,4.140,0.00,0.000
2024-10-28T05:30:00,4.140,0.00,0.000
2024-10-28T05:15:00,4.150,32.40,0.000
2024-10-28T05:00:00,4.150,0.00,0.000
2024-10-28T04:45:00,4.160,33.50,0.000
2024-10-28T04:30:00,4.160,0.00,0.000
2024-10-28T04:15:00,4.160,32.60,0.000
2024-10-28T04:00:00,4.170,32.60,0.000
2024-10-28T03:45:00,4.170,34.00,0.000
2024-10-28T03:30:00,4.180,32.60,0.000
2024-10-28T03:15:00,4.180,32.70,0.000
2024-10-28T03:00:00,4.180,32.70,0.000
2024-10-28T02:45:00,4.190,38.90,0.000
2024-10-28T02:30:00,4.190,35.80,0.000
2024-10-28T02:15:00,4.190,32.70,0.000
2024-10-28T02:00:00,4.200,32.80,0.000
2024-10-28T01:45:00,4.200,32.80,0.000
2024-10-28T01:30:00,4.200,0.00,0.000
2024-10-28T01:15:00,4.210,32.80,0.000
2024-10-28T01:00:00,4.210,32.90,0.000
2024-10-28T00:45:00,4.220,0.00,0.000
2024-10-28T00:30:00,4.220,43.60,0.000
2024-10-28T00:15:00,4.220,52.40,0.000
2024-10-28T00:00:00,4.220,0.00,0.000
2024-11-10T23:45:00,3.890,37.40,0.000
2024-11-10T23:30:00,3.890,30.70,0.000
2024-11-10T23:15:00,3.890,0.00,0.000
2024-11-10T23:00:00,3.890,0.00,0.000
2024-11-10T22:45:00,3.900,30.60,0.000
2024-11-10T22:30:00,3.890,0.00,0.000
2024-11-10T22:15:00,3.890,30.70,0.000
2024-11-10T22:00:00,3.890,30.50,0.000
2024-11-10T21:45:00,3.890,30.60,0.000
2024-11-10T21:30:00,3.880,30.50,0.000
2024-11-10T21:15:00,3.880,30.40,0.000
2024-11-10T21:00:00,3.870,0.00,0.000
2024-11-10T20:45:00,3.870,30.40,0.000
2024-11-10T20:30:00,3.860,0.00,0.000
2024-11-10T20:15:00,3.860,0.00,0.000
2024-11-10T20:00:00,3.860,30.30,0.000
2024-11-10T19:45:00,3.850,30.30,0.000
2024-11-10T19:30:00,3.840,0.00,0.000
2024-11-10T19:15:00,3.840,0.00,0.000
2024-11-10T19:00:00,3.840,0.00,0.000
2024-11-10T18:45:00,3.830,0.00,0.000
2024-11-10T18:30:00,3.830,163.00,0.000
2024-11-10T18:15:00,3.820,0.00,0.000
2024-11-10T18:00:00,3.820,0.00,0.000
2024-11-10T17:45:00,3.810,0.00,0.000
2024-11-10T17:30:00,3.810,0.00,0.000
2024-11-10T17:15:00,3.800,0.00,0.000
2024-11-10T17:00:00,3.790,0.00,0.000
2024-11-10T16:45:00,3.790,34.40,0.000
2024-11-10T16:30:00,3.780,0.00,0.000
2024-11-10T16:15:00,3.780,0.00,0.000
2024-11-10T16:00:00,3.770,0.00,0.000
2024-11-10T15:45:00,3.770,0.00,0.000
2024-11-10T15:30:00,3.760,0.00,0.000
2024-11-10T15:15:00,3.760,0.00,0.000
2024-11-10T15:00:00,3.760,0.00,0.000
2024-11-10T14:45:00,3.750,0.00,0.000
2024-11-10T14:30:00,3.750,0.00,0.000
2024-11-10T14:15:00,3.740,0.00,0.000
2024-11-10T14:00:00,3.740,0.00,0.000
2024-11-10T13:45:00,3.740,0.00,0.000
2024-11-10T13:30:00,3.730,0.00,0.000
2024-11-10T13:15:00,3.730,0.00,0.000
2024-11-10T13:00:00,3.730,0.00,0.000
2024-11-10T12:45:00,3.720,32.20,0.000
2024-11-10T12:30:00,3.720,0.00,0.000
2024-11-10T12:15:00,3.720,0.00,0.000
2024-11-10T12:00:00,3.730,0.00,0.000
2024-11-10T11:45:00,3.730,0.00,0.000
2024-11-10T11:30:00,3.730,0.00,0.000
2024-11-10T11:15:00,3.730,0.00,0.000
2024-11-10T11:00:00,3.730,0.00,0.000
2024-11-10T10:45:00,3.730,0.00,0.000
2024-11-10T10:30:00,3.740,0.00,0.000
2024-11-10T10:15:00,3.740,0.00,0.000
2024-11-10T10:00:00,3.740,35.90,0.000
2024-11-10T09:45:00,3.740,0.00,0.000
2024-11-10T09:30:00,3.740,0.00,0.000
2024-11-10T09:15:00,3.740,0.00,0.000
2024-11-10T09:00:00,3.750,29.70,0.000
2024-11-10T08:45:00,3.750,29.40,0.000
2024-11-10T08:30:00,3.750,0.00,0.000
2024-11-10T08:15:00,3.760,0.00,0.000
2024-11-10T08:00:00,3.760,0.00,0.000
2024-11-10T07:45:00,3.760,0.00,0.000
2024-11-10T07:30:00,3.760,34.60,0.000
2024-11-10T07:15:00,3.770,0.00,0.000
2024-11-10T07:00:00,3.770,0.00,0.000
2024-11-10T06:45:00,3.770,0.00,0.000
2024-11-10T06:30:00,3.770,0.00,0.000
2024-11-10T06:15:00,3.770,0.00,0.000
2024-11-10T06:00:00,3.780,0.00,0.000
2024-11-10T05:45:00,3.780,0.00,0.000
2024-11-10T05:30:00,3.780,0.00,0.000
2024-11-10T05:15:00,3.780,0.00,0.000
2024-11-10T05:00:00,3.780,0.00,0.000
2024-11-10T04:45:00,3.780,30.20,0.000
2024-11-10T04:30:00,3.780,0.00,0.000
2024-11-10T04:15:00,3.790,0.00,0.000
2024-11-10T04:00:00,3.790,0.00,0.000
2024-11-10T03:45:00,3.790,0.00,0.000
2024-11-10T03:30:00,3.790,0.00,0.000
2024-11-10T03:15:00,3.790,0.00,0.000
2024-11-10T03:00:00,3.790,0.00,0.000
2024-11-10T02:45:00,3.790,0.00,0.000
2024-11-10T02:30:00,3.790,0.00,0.000
2024-11-10T02:15:00,3.790,0.00,0.000
2024-11-10T02:00:00,3.800,0.00,0.000
2024-11-10T01:45:00,3.800,0.00,0.000
2024-11-10T01:30:00,3.800,0.00,0.000
2024-11-10T01:15:00,3.800,0.00,0.000
2024-11-10T01:00:00,3.800,0.00,0.000
2024-11-10T00:45:00,3.800,0.00,0.000
2024-11-10T00:30:00,3.800,0.00,0.000
2024-11-10T00:15:00,3.800,0.00,0.000
2024-11-10T00:00:00,3.800,0.00,0.000
2024-11-09T23:45:00,3.800,0.00,0.000
2024-11-09T23:30:00,3.800,0.00,0.000
2024-11-09T23:15:00,3.800,29.80,0.000
2024-11-09T23:00:00,3.800,0.00,0.000
2024-11-09T22:45:00,3.800,0.00,0.000
2024-11-09T22:30:00,3.800,0.00,0.000
2024-11-09T22:15:00,3.800,0.00,0.000
2024-11-09T22:00:00,3.800,0.00,0.000
2024-11-09T21:45:00,3.790,0.00,0.000
2024-11-09T21:30:00,3.790,0.00,0.000
2024-11-09T21:15:00,3.780,0.00,0.000
2024-11-09T21:00:00,3.780,0.00,0.000
2024-11-09T20:45:00,3.780,0.00,0.000
2024-11-09T20:30:00,3.770,0.00,0.000
2024-11-09T20:15:00,3.770,29.40,0.000
2024-11-09T20:00:00,3.760,0.00,0.000
2024-11-09T19:45:00,3.760,0.00,0.000
2024-11-09T19:30:00,3.760,0.00,0.000
2024-11-09T19:15:00,3.750,0.00,0.000
2024-11-09T19:00:00,3.740,0.00,0.000
2024-11-09T18:45:00,3.740,0.00,0.000
2024-11-09T18:30:00,3.740,74.20,0.000
2024-11-09T18:15:00,3.730,0.00,0.000
2024-11-09T18:00:00,3.730,0.00,0.000
2024-11-09T17:45:00,3.720,0.00,0.000
2024-11-09T17:30:00,3.720,0.00,0.000
2024-11-09T17:15:00,3.710,0.00,0.000
2024-11-09T17:00:00,3.700,33.50,0.000
2024-11-09T16:45:00,3.700,0.00,0.000
2024-11-09T16:30:00,3.690,0.00,0.000
2024-11-09T16:15:00,3.690,0.00,0.000
2024-11-09T16:00:00,3.690,0.00,0.000
2024-11-09T15:45:00,3.680,0.00,0.000
2024-11-09T15:30:00,3.680,0.00,0.000
2024-11-09T15:15:00,3.670,0.00,0.000
2024-11-09T15:00:00,3.670,28.60,0.000
2024-11-09T14:45:00,3.660,52.20,0.000
2024-11-09T14:30:00,3.660,0.00,0.000
2024-11-09T14:15:00,3.650,44.10,0.000
2024-11-09T14:00:00,3.650,0.00,0.000
2024-11-09T13:45:00,3.650,0.00,0.000
2024-11-09T13:30:00,3.640,0.00,0.000
2024-11-09T13:15:00,3.640,0.00,0.000
2024-11-09T13:00:00,3.640,28.30,0.000
2024-11-09T12:45:00,3.640,0.00,0.000
2024-11-09T12:30:00,3.630,0.00,0.000
2024-11-09T12:15:00,3.630,0.00,0.000
2024-11-09T12:00:00,3.640,0.00,0.000
2024-11-09T11:45:00,3.640,0.00,0.000
2024-11-09T11:30:00,3.640,30.50,0.000
2024-11-09T11:15:00,3.640,49.40,0.000
2024-11-09T11:00:00,3.640,0.00,0.000
2024-11-09T10:45:00,3.640,41.40,0.000
2024-11-09T10:30:00,3.640,0.00,0.000
2024-11-09T10:15:00,3.640,0.00,0.000
2024-11-09T10:00:00,3.640,0.00,0.000
2024-11-09T09:45:00,3.640,0.00,0.000
2024-11-09T09:30:00,3.650,0.00,0.000
2024-11-09T09:15:00,3.650,0.00,0.000
2024-11-09T09:00:00,3.650,0.00,0.000
2024-11-09T08:45:00,3.650,0.00,0.000
2024-11-09T08:30:00,3.650,0.00,0.000
2024-11-09T08:15:00,3.650,0.00,0.000
2024-11-09T08:00:00,3.650,0.00,0.000
2024-11-09T07:45:00,3.660,0.00,0.000
2024-11-09T07:30:00,3.660,0.00,0.000
2024-11-09T07:15:00,3.660,0.00,0.000
2024-11-09T07:00:00,3.660,0.00,0.000
2024-11-09T06:45:00,3.660,0.00,0.000
2024-11-09T06:30:00,3.660,0.00,0.000
2024-11-09T06:15:00,3.660,0.00,0.000
2024-11-09T06:00:00,3.660,0.00,0.000
2024-11-09T05:45:00,3.660,0.00,0.000
2024-11-09T05:30:00,3.660,0.00,0.000
2024-11-09T05:15:00,3.670,0.00,0.000
2024-11-09T05:00:00,3.660,0.00,0.000
2024-11-09T04:45:00,3.660,0.00,0.000
2024-11-09T04:30:00,3.670,0.00,0.000
2024-11-09T04:15:00,3.670,0.00,0.000
2024-11-09T04:00:00,3.670,0.00,0.000
2024-11-09T03:45:00,3.670,0.00,0.000
2024-11-09T03:30:00,3.660,0.00,0.000
2024-11-09T03:15:00,3.670,0.00,0.000
2024-11-09T03:00:00,3.670,0.00,0.000
2024-11-09T02:45:00,3.670,0.00,0.000
2024-11-09T02:30:00,3.670,0.00,0.000
2024-11-09T02:15:00,3.670,0.00,0.000
2024-11-09T02:00:00,3.670,0.00,0.000
2024-11-09T01:45:00,3.670,0.00,0.000
2024-11-09T01:30:00,3.670,34.60,0.000
2024-11-09T01:15:00,3.670,0.00,0.000
2024-11-09T01:00:00,3.670,0.00,0.000
2024-11-09T00:45:00,3.670,0.00,0.000
2024-11-09T00:30:00,3.670,0.00,0.000
2024-11-09T00:15:00,3.670,0.00,0.000
2024-11-09T00:00:00,3.670,0.00,0.000
2024-11-08T23:45:00,3.670,0.00,0.000
2024-11-08T23:30:00,3.670,0.00,0.000
2024-11-08T23:15:00,3.670,0.00,0.000
2024-11-08T23:00:00,3.670,0.00,0.000
2024-11-08T22:45:00,3.680,0.00,0.000
2024-11-08T22:30:00,3.680,0.00,0.000
2024-11-08T22:15:00,3.680,0.00,0.000
2024-11-08T22:00:00,3.680,0.00,0.000
2024-11-08T21:45:00,3.680,0.00,0.000
2024-11-08T21:30:00,3.680,0.00,0.000
2024-11-08T21:15:00,3.680,30.90,0.000
2024-11-08T21:00:00,3.680,0.00,0.000
2024-11-08T20:45:00,3.680,0.00,0.000
2024-11-08T20:30:00,3.680,30.90,0.000
2024-11-08T20:15:00,3.680,0.00,0.000
2024-11-08T20:00:00,3.680,0.00,0.000
2024-11-08T19:45:00,3.680,0.00,0.000
2024-11-08T19:30:00,3.680,0.00,0.000
2024-11-08T19:15:00,3.680,0.00,0.000
2024-11-08T19:00:00,3.680,0.00,0.000
2024-11-08T18:45:00,3.680,0.00,0.000
2024-11-08T18:30:00,3.680,0.00,0.000
2024-11-08T18:15:00,3.690,0.00,0.000
2024-11-08T18:00:00,3.680,0.00,0.000
2024-11-08T17:45:00,3.680,0.00,0.000
2024-11-08T17:30:00,3.680,0.00,0.000
2024-11-08T17:15:00,3.680,0.00,0.000
2024-11-08T17:00:00,3.680,0.00,0.000
2024-11-08T16:45:00,3.680,0.00,0.000
2024-11-08T16:30:00,3.680,0.00,0.000
2024-11-08T16:15:00,3.680,0.00,0.000
2024-11-08T16:00:00,3.680,0.00,0.000
2024-11-08T15:45:00,3.680,0.00,0.000
2024-11-08T15:30:00,3.680,0.00,0.000
2024-11-08T15:15:00,3.680,0.00,0.000
2024-11-08T15:00:00,3.680,0.00,0.000
2024-11-08T14:45:00,3.680,28.70,0.000
2024-11-08T14:30:00,3.680,0.00,0.000
2024-11-08T14:15:00,3.680,45.00,0.000
2024-11-08T14:00:00,3.680,0.00,0.000
2024-11-08T13:45:00,3.680,0.00,0.000
2024-11-08T13:30:00,3.690,32.10,0.000
2024-11-08T13:15:00,3.690,0.00,0.000
2024-11-08T13:00:00,3.690,0.00,0.000
2024-11-08T12:45:00,3.690,0.00,0.000
2024-11-08T12:30:00,3.690,0.00,0.000
2024-11-08T12:15:00,3.690,0.00,0.000
2024-11-08T12:00:00,3.690,0.00,0.000
2024-11-08T11:45:00,3.690,28.80,0.000
2024-11-08T11:30:00,3.700,31.30,0.000
2024-11-08T11:15:00,3.700,0.00,0.000
2024-11-08T11:00:00,3.700,0.00,0.000
2024-11-08T10:45:00,3.700,0.00,0.000
2024-11-08T10:30:00,3.700,0.00,0.000
2024-11-08T10:15:00,3.700,30.80,0.000
2024-11-08T10:00:00,3.700,37.00,0.000
2024-11-08T09:45:00,3.700,0.00,0.000
2024-11-08T09:30:00,3.710,0.00,0.000
2024-11-08T09:15:00,3.710,32.50,0.000
2024-11-08T09:00:00,3.710,33.90,0.000
2024-11-08T08:45:00,3.710,0.00,0.000
2024-11-08T08:30:00,3.710,0.00,0.000
2024-11-08T08:15:00,3.710,0.00,0.000
2024-11-08T08:00:00,3.710,0.00,0.000
2024-11-08T07:45:00,3.720,0.00,0.000
2024-11-08T07:30:00,3.720,0.00,0.000
2024-11-08T07:15:00,3.720,0.00,0.000
2024-11-08T07:00:00,3.720,0.00,0.000
2024-11-08T06:45:00,3.720,0.00,0.000
2024-11-08T06:30:00,3.720,0.00,0.000
2024-11-08T06:15:00,3.720,29.10,0.000
2024-11-08T06:00:00,3.720,0.00,0.000
2024-11-08T05:45:00,3.720,0.00,0.000
2024-11-08T05:30:00,3.720,0.00,0.000
2024-11-08T05:15:00,3.720,0.00,0.000
2024-11-08T05:00:00,3.720,0.00,0.000
2024-11-08T04:45:00,3.720,0.00,0.000
2024-11-08T04:30:00,3.720,0.00,0.000
2024-11-08T04:15:00,3.720,0.00,0.000
2024-11-08T04:00:00,3.730,0.00,0.000
2024-11-08T03:45:00,3.720,0.00,0.000
2024-11-08T03:30:00,3.720,0.00,0.000
2024-11-08T03:15:00,3.730,0.00,0.000
2024-11-08T03:00:00,3.730,0.00,0.000
2024-11-08T02:45:00,3.720,0.00,0.000
2024-11-08T02:30:00,3.720,0.00,0.000
2024-11-08T02:15:00,3.730,32.60,0.000
2024-11-08T02:00:00,3.730,0.00,0.000
2024-11-08T01:45:00,3.720,0.00,0.000
2024-11-08T01:30:00,3.730,0.00,0.000
2024-11-08T01:15:00,3.730,0.00,0.000
2024-11-08T01:00:00,3.730,0.00,0.000
2024-11-08T00:45:00,3.730,0.00,0.000
2024-11-08T00:30:00,3.730,0.00,0.000
2024-11-08T00:15:00,3.730,0.00,0.000
2024-11-08T00:00:00,3.730,0.00,0.000
2024-11-07T23:45:00,3.730,0.00,0.000
2024-11-07T23:30:00,3.730,0.00,0.000
2024-11-07T23:15:00,3.730,0.00,0.000
2024-11-07T23:00:00,3.730,0.00,0.000
2024-11-07T22:45:00,3.730,0.00,0.000
2024-11-07T22:30:00,3.730,0.00,0.000
2024-11-07T22:15:00,3.730,0.00,0.000
2024-11-07T22:00:00,3.730,0.00,0.000
2024-11-07T21:45:00,3.730,0.00,0.000
2024-11-07T21:30:00,3.730,0.00,0.000
2024-11-07T21:15:00,3.730,0.00,0.000
2024-11-07T21:00:00,3.730,0.00,0.000
2024-11-07T20:45:00,3.730,0.00,0.000
2024-11-07T20:30:00,3.730,0.00,0.000
2024-11-07T20:15:00,3.730,0.00,0.000
2024-11-07T20:00:00,3.730,0.00,0.000
2024-11-07T19:45:00,3.730,0.00,0.000
2024-11-07T19:30:00,3.730,0.00,0.000
2024-11-07T19:15:00,3.730,0.00,0.000
2024-11-07T19:00:00,3.730,0.00,0.000
2024-11-07T18:45:00,3.730,0.00,0.000
2024-11-07T18:30:00,3.730,100.30,0.000
2024-11-07T18:15:00,3.730,0.00,0.000
2024-11-07T18:00:00,3.730,0.00,0.000
2024-11-07T17:45:00,3.730,0.00,0.000
2024-11-07T17:30:00,3.730,0.00,0.000
2024-11-07T17:15:00,3.730,33.10,0.000
2024-11-07T17:00:00,3.730,0.00,0.000
2024-11-07T16:45:00,3.730,0.00,0.000
2024-11-07T16:30:00,3.730,0.00,0.000
2024-11-07T16:15:00,3.730,35.90,0.000
2024-11-07T16:00:00,3.730,36.50,0.000
2024-11-07T15:45:00,3.730,0.00,0.000
2024-11-07T15:30:00,3.730,0.00,0.000
2024-11-07T15:15:00,3.730,0.00,0.000
2024-11-07T15:00:00,3.730,0.00,0.000
2024-11-07T14:45:00,3.730,0.00,0.000
2024-11-07T14:30:00,3.730,0.00,0.000
2024-11-07T14:15:00,3.730,0.00,0.000
2024-11-07T14:00:00,3.730,0.00,0.000
2024-11-07T13:45:00,3.740,0.00,0.000
2024-11-07T13:30:00,3.740,0.00,0.000
2024-11-07T13:15:00,3.740,0.00,0.000
2024-11-07T13:00:00,3.740,0.00,0.000
2024-11-07T12:45:00,3.740,0.00,0.000
2024-11-07T12:30:00,3.740,0.00,0.000
2024-11-07T12:15:00,3.740,0.00,0.000
2024-11-07T12:00:00,3.740,0.00,0.000
2024-11-07T11:45:00,3.750,0.00,0.000
2024-11-07T11:30:00,3.740,0.00,0.000
2024-11-07T11:15:00,3.750,0.00,0.000
2024-11-07T11:00:00,3.750,0.00,0.000
2024-11-07T10:45:00,3.750,0.00,0.000
2024-11-07T10:30:00,3.750,0.00,0.000
2024-11-07T10:15:00,3.750,0.00,0.000
2024-11-07T10:00:00,3.750,0.00,0.000
2024-11-07T09:45:00,3.750,0.00,0.000
2024-11-07T09:30:00,3.750,0.00,0.000
2024-11-07T09:15:00,3.750,0.00,0.000
2024-11-07T09:00:00,3.760,0.00,0.000
2024-11-07T08:45:00,3.760,0.00,0.000
2024-11-07T08:30:00,3.760,0.00,0.000
2024-11-07T08:15:00,3.760,0.00,0.000
2024-11-07T08:00:00,3.760,0.00,0.000
2024-11-07T07:45:00,3.760,31.20,0.000
2024-11-07T07:30:00,3.760,0.00,0.000
2024-11-07T07:15:00,3.760,0.00,0.000
2024-11-07T07:00:00,3.760,0.00,0.000
2024-11-07T06:45:00,3.760,0.00,0.000
2024-11-07T06:30:00,3.760,0.00,0.000
2024-11-07T06:15:00,3.770,0.00,0.000
2024-11-07T06:00:00,3.760,0.00,0.000
2024-11-07T05:45:00,3.760,0.00,0.000
2024-11-07T05:30:00,3.760,0.00,0.000
2024-11-07T05:15:00,3.770,0.00,0.000
2024-11-07T05:00:00,3.760,0.00,0.000
2024-11-07T04:45:00,3.760,0.00,0.000
2024-11-07T04:30:00,3.760,29.50,0.000
2024-11-07T04:15:00,3.770,0.00,0.000
2024-11-07T04:00:00,3.770,0.00,0.000
2024-11-07T03:45:00,3.760,0.00,0.000
2024-11-07T03:30:00,3.760,0.00,0.000
2024-11-07T03:15:00,3.760,0.00,0.000
2024-11-07T03:00:00,3.760,0.00,0.000
2024-11-07T02:45:00,3.770,0.00,0.000
2024-11-07T02:30:00,3.770,0.00,0.000
2024-11-07T02:15:00,3.760,0.00,0.000
2024-11-07T02:00:00,3.770,0.00,0.000
2024-11-07T01:45:00,3.770,0.00,0.000
2024-11-07T01:30:00,3.770,0.00,0.000
2024-11-07T01:15:00,3.770,0.00,0.000
2024-11-07T01:00:00,3.770,0.00,0.000
2024-11-07T00:45:00,3.770,0.00,0.000
2024-11-07T00:30:00,3.770,0.00,0.000
2024-11-07T00:15:00,3.770,0.00,0.000
2024-11-07T00:00:00,3.770,0.00,0.000
2024-11-06T23:45:00,3.770,0.00,0.000
2024-11-06T23:30:00,3.770,0.00,0.000
2024-11-06T23:15:00,3.770,0.00,0.000
2024-11-06T23:00:00,3.770,0.00,0.000
2024-11-06T22:45:00,3.770,0.00,0.000
2024-11-06T22:30:00,3.770,0.00,0.000
2024-11-06T22:15:00,3.770,0.00,0.000
2024-11-06T22:00:00,3.770,0.00,0.000
2024-11-06T21:45:00,3.770,0.00,0.000
2024-11-06T21:30:00,3.770,0.00,0.000
2024-11-06T21:15:00,3.770,0.00,0.000
2024-11-06T21:00:00,3.770,0.00,0.000
2024-11-06T20:45:00,3.770,0.00,0.000
2024-11-06T20:30:00,3.770,0.00,0.000
2024-11-06T20:15:00,3.770,0.00,0.000
2024-11-06T20:00:00,3.770,0.00,0.000
2024-11-06T19:45:00,3.770,0.00,0.000
2024-11-06T19:30:00,3.770,0.00,0.000
2024-11-06T19:15:00,3.770,0.00,0.000
2024-11-06T19:00:00,3.760,0.00,0.000
2024-11-06T18:45:00,3.760,0.00,0.000
2024-11-06T18:30:00,3.760,0.00,0.000
2024-11-06T18:15:00,3.770,0.00,0.000
2024-11-06T18:00:00,3.770,0.00,0.000
2024-11-06T17:45:00,3.770,0.00,0.000
2024-11-06T17:30:00,3.760,0.00,0.000
2024-11-06T17:15:00,3.760,0.00,0.000
2024-11-06T17:00:00,3.760,0.00,0.000
2024-11-06T16:45:00,3.760,0.00,0.000
2024-11-06T16:30:00,3.760,0.00,0.000
2024-11-06T16:15:00,3.760,0.00,0.000
2024-11-06T16:00:00,3.760,33.00,0.000
2024-11-06T15:45:00,3.760,0.00,0.000
2024-11-06T15:30:00,3.760,30.40,0.000
2024-11-06T15:15:00,3.760,33.70,0.000
2024-11-06T15:00:00,3.760,0.00,0.000
2024-11-06T14:45:00,3.760,0.00,0.000
2024-11-06T14:30:00,3.760,0.00,0.000
2024-11-06T14:15:00,3.760,0.00,0.000
2024-11-06T14:00:00,3.770,0.00,0.000
2024-11-06T13:45:00,3.770,0.00,0.000
2024-11-06T13:30:00,3.770,0.00,0.000
2024-11-06T13:15:00,3.770,0.00,0.000
2024-11-06T13:00:00,3.770,0.00,0.000
2024-11-06T12:45:00,3.770,0.00,0.000
2024-11-06T12:30:00,3.770,38.70,0.000
2024-11-06T12:15:00,3.770,42.70,0.000
2024-11-06T12:00:00,3.760,43.00,0.000
2024-11-06T11:45:00,3.760,44.10,0.000
2024-11-06T11:30:00,3.760,43.50,0.000
2024-11-06T11:15:00,3.760,0.00,0.000
2024-11-06T11:00:00,3.760,31.60,0.000
2024-11-06T10:45:00,3.760,0.00,0.000
2024-11-06T10:30:00,3.760,29.50,0.000
2024-11-06T10:15:00,3.760,29.50,0.000
2024-11-06T10:00:00,3.760,33.40,0.000
2024-11-06T09:45:00,3.760,29.40,0.000
2024-11-06T09:30:00,3.770,0.00,0.000
2024-11-06T09:15:00,3.770,35.40,0.000
2024-11-06T09:00:00,3.770,0.00,0.000
2024-11-06T08:45:00,3.770,0.00,0.000
2024-11-06T08:30:00,3.770,0.00,0.000
2024-11-06T08:15:00,3.770,0.00,0.000
2024-11-06T08:00:00,3.770,0.00,0.000
2024-11-06T07:45:00,3.770,0.00,0.000
2024-11-06T07:30:00,3.770,0.00,0.000
2024-11-06T07:15:00,3.770,0.00,0.000
2024-11-06T07:00:00,3.770,0.00,0.000
2024-11-06T06:45:00,3.770,29.60,0.000
2024-11-06T06:30:00,3.770,0.00,0.000
2024-11-06T06:15:00,3.770,0.00,0.000
2024-11-06T06:00:00,3.770,0.00,0.000
2024-11-06T05:45:00,3.770,0.00,0.000
2024-11-06T05:30:00,3.770,0.00,0.000
2024-11-06T05:15:00,3.770,0.00,0.000
2024-11-06T05:00:00,3.770,0.00,0.000
2024-11-06T04:45:00,3.770,0.00,0.000
2024-11-06T04:30:00,3.770,0.00,0.000
2024-11-06T04:15:00,3.770,0.00,0.000
2024-11-06T04:00:00,3.770,0.00,0.000
2024-11-06T03:45:00,3.770,0.00,0.000
2024-11-06T03:30:00,3.770,0.00,0.000
2024-11-06T03:15:00,3.770,0.00,0.000
2024-11-06T03:00:00,3.770,29.60,0.000
2024-11-06T02:45:00,3.770,0.00,0.000
2024-11-06T02:30:00,3.770,0.00,0.000
2024-11-06T02:15:00,3.770,0.00,0.000
2024-11-06T02:00:00,3.770,0.00,0.000
2024-11-06T01:45:00,3.770,29.60,0.000
2024-11-06T01:30:00,3.770,0.00,0.000
2024-11-06T01:15:00,3.770,0.00,0.000
2024-11-06T01:00:00,3.770,0.00,0.000
2024-11-06T00:45:00,3.770,0.00,0.000
2024-11-06T00:30:00,3.770,0.00,0.000
2024-11-06T00:15:00,3.770,0.00,0.000
2024-11-06T00:00:00,3.770,0.00,0.000
2024-11-05T23:45:00,3.770,0.00,0.000
2024-11-05T23:30:00,3.770,0.00,0.000
2024-11-05T23:15:00,3.770,0.00,0.000
2024-11-05T23:00:00,3.770,0.00,0.000
2024-11-05T22:45:00,3.770,0.00,0.000
2024-11-05T22:30:00,3.770,0.00,0.000
2024-11-05T22:15:00,3.770,0.00,0.000
2024-11-05T22:00:00,3.770,29.70,0.000
2024-11-05T21:45:00,3.760,0.00,0.000
2024-11-05T21:30:00,3.770,0.00,0.000
2024-11-05T21:15:00,3.760,0.00,0.000
2024-11-05T21:00:00,3.760,0.00,0.000
2024-11-05T20:45:00,3.770,0.00,0.000
2024-11-05T20:30:00,3.770,0.00,0.000
2024-11-05T20:15:00,3.770,0.00,0.000
2024-11-05T20:00:00,3.760,0.00,0.000
2024-11-05T19:45:00,3.760,0.00,0.000
2024-11-05T19:30:00,3.760,0.00,0.000
2024-11-05T19:15:00,3.760,0.00,0.000
2024-11-05T19:00:00,3.760,0.00,0.000
2024-11-05T18:45:00,3.760,0.00,0.000
2024-11-05T18:30:00,3.760,0.00,0.000
2024-11-05T18:15:00,3.760,0.00,0.000
2024-11-05T18:00:00,3.760,0.00,0.000
2024-11-05T17:45:00,3.760,0.00,0.000
2024-11-05T17:30:00,3.760,33.10,0.000
2024-11-05T17:15:00,3.750,31.70,0.000
2024-11-05T17:00:00,3.750,34.80,0.000
2024-11-05T16:45:00,3.750,0.00,0.000
2024-11-05T16:30:00,3.750,31.40,0.000
2024-11-05T16:15:00,3.750,0.00,0.000
2024-11-05T16:00:00,3.750,0.00,0.000
2024-11-05T15:45:00,3.750,0.00,0.000
2024-11-05T15:30:00,3.750,0.00,0.000
2024-11-05T15:15:00,3.750,0.00,0.000
2024-11-05T15:00:00,3.750,0.00,0.000
2024-11-05T14:45:00,3.750,0.00,0.000
2024-11-05T14:30:00,3.740,29.30,0.000
2024-11-05T14:15:00,3.740,0.00,0.000
2024-11-05T14:00:00,3.750,0.00,0.000
2024-11-05T13:45:00,3.740,0.00,0.000
2024-11-05T13:30:00,3.740,0.00,0.000
2024-11-05T13:15:00,3.740,33.30,0.000
2024-11-05T13:00:00,3.740,33.10,0.000
2024-11-05T12:45:00,3.740,0.00,0.000
2024-11-05T12:30:00,3.740,29.30,0.000
2024-11-05T12:15:00,3.740,0.00,0.000
2024-11-05T12:00:00,3.740,0.00,0.000
2024-11-05T11:45:00,3.740,39.80,0.000
2024-11-05T11:30:00,3.740,31.40,0.000
2024-11-05T11:15:00,3.740,45.00,0.000
2024-11-05T11:00:00,3.740,0.00,0.000
2024-11-05T10:45:00,3.740,33.80,0.000
2024-11-05T10:30:00,3.740,0.00,0.000
2024-11-05T10:15:00,3.740,36.70,0.000
2024-11-05T10:00:00,3.740,0.00,0.000
2024-11-05T09:45:00,3.740,0.00,0.000
2024-11-05T09:30:00,3.740,0.00,0.000
2024-11-05T09:15:00,3.740,0.00,0.000
2024-11-05T09:00:00,3.740,0.00,0.000
2024-11-05T08:45:00,3.740,0.00,0.000
2024-11-05T08:30:00,3.740,0.00,0.000
2024-11-05T08:15:00,3.740,0.00,0.000
2024-11-05T08:00:00,3.740,0.00,0.000
2024-11-05T07:45:00,3.740,0.00,0.000
2024-11-05T07:30:00,3.740,0.00,0.000
2024-11-05T07:15:00,3.740,0.00,0.000
2024-11-05T07:00:00,3.740,0.00,0.000
2024-11-05T06:45:00,3.750,0.00,0.000
2024-11-05T06:30:00,3.740,0.00,0.000
2024-11-05T06:15:00,3.730,0.00,0.000
2024-11-05T06:00:00,3.730,0.00,0.000
2024-11-05T05:45:00,3.740,0.00,0.000
2024-11-05T05:30:00,3.740,0.00,0.000
2024-11-05T05:15:00,3.740,0.00,0.000
2024-11-05T05:00:00,3.750,0.00,0.000
2024-11-05T04:45:00,3.760,0.00,0.000
2024-11-05T04:30:00,3.760,0.00,0.000
2024-11-05T04:15:00,3.770,0.00,0.000
2024-11-05T04:00:00,3.770,0.00,0.000
2024-11-05T03:45:00,3.780,0.00,0.000
2024-11-05T03:30:00,3.780,0.00,0.000
2024-11-05T03:15:00,3.780,0.00,0.000
2024-11-05T03:00:00,3.790,0.00,0.000
2024-11-05T02:45:00,3.800,0.00,0.000
2024-11-05T02:30:00,3.800,0.00,0.000
2024-11-05T02:15:00,3.810,35.00,0.000
2024-11-05T02:00:00,3.820,0.00,0.000
2024-11-05T01:45:00,3.820,0.00,0.000
2024-11-05T01:30:00,3.820,35.70,0.000
2024-11-05T01:15:00,3.830,30.20,0.000
2024-11-05T01:00:00,3.840,0.00,0.000
2024-11-05T00:45:00,3.840,0.00,0.000
2024-11-05T00:30:00,3.850,33.40,0.000
2024-11-05T00:15:00,3.850,0.00,0.000
2024-11-05T00:00:00,3.860,30.40,0.000
2024-11-04T23:45:00,3.860,37.40,0.000
2024-11-04T23:30:00,3.870,30.50,0.000
2024-11-04T23:15:00,3.880,40.60,0.000
2024-11-04T23:00:00,3.880,30.60,0.000
2024-11-04T22:45:00,3.890,0.00,0.000
2024-11-04T22:30:00,3.890,39.90,0.000
2024-11-04T22:15:00,3.900,0.00,0.000
2024-11-04T22:00:00,3.910,0.00,0.000
2024-11-04T21:45:00,3.910,0.00,0.000
2024-11-04T21:30:00,3.920,0.00,0.000
2024-11-04T21:15:00,3.920,0.00,0.000
2024-11-04T21:00:00,3.930,34.60,0.000
2024-11-04T20:45:00,3.940,0.00,0.000
2024-11-04T20:30:00,3.940,40.40,0.000
2024-11-04T20:15:00,3.950,45.00,0.000
2024-11-04T20:00:00,3.950,0.00,0.000
2024-11-04T19:45:00,3.960,0.00,0.000
2024-11-04T19:30:00,3.970,0.00,0.000
2024-11-04T19:15:00,3.970,0.00,0.000
2024-11-04T19:00:00,3.980,0.00,0.000
2024-11-04T18:45:00,3.990,0.00,0.000
2024-11-04T18:30:00,3.990,0.00,0.000
2024-11-04T18:15:00,4.000,0.00,0.000
2024-11-04T18:00:00,4.000,0.00,0.000
2024-11-04T17:45:00,4.010,61.10,0.000
2024-11-04T17:30:00,4.020,42.50,0.000
2024-11-04T17:15:00,4.030,38.30,0.000
2024-11-04T17:00:00,4.040,34.00,0.000
2024-11-04T16:45:00,4.050,33.30,0.000
2024-11-04T16:30:00,4.060,33.60,0.000
2024-11-04T16:15:00,4.070,41.50,0.000
2024-11-04T16:00:00,4.080,38.60,0.000
2024-11-04T15:45:00,4.090,45.30,0.000
2024-11-04T15:30:00,4.110,33.90,0.000
2024-11-04T15:15:00,4.120,33.60,0.000
2024-11-04T15:00:00,4.130,37.10,0.000
2024-11-04T14:45:00,4.140,33.20,0.000
2024-11-04T14:30:00,4.150,37.30,0.000
2024-11-04T14:15:00,4.170,44.00,0.000
2024-11-04T14:00:00,4.180,40.10,0.000
2024-11-04T13:45:00,4.200,39.00,0.000
2024-11-04T13:30:00,4.210,44.50,0.000
2024-11-04T13:15:00,4.230,49.10,0.000
2024-11-04T13:00:00,4.240,36.50,0.000
2024-11-04T12:45:00,4.250,61.50,0.000
2024-11-04T12:30:00,4.270,55.60,0.000
2024-11-04T12:15:00,4.280,39.20,0.000
2024-11-04T12:00:00,4.290,39.30,0.000
2024-11-04T11:45:00,4.310,42.80,0.000
2024-11-04T11:30:00,4.320,34.80,0.000
2024-11-04T11:15:00,4.350,0.00,0.000
2024-11-04T11:00:00,4.360,0.00,0.000
2024-11-04T10:45:00,4.370,33.90,0.000
2024-11-04T10:30:00,4.380,0.00,0.000
2024-11-04T10:15:00,4.390,36.70,0.000
2024-11-04T10:00:00,4.400,0.00,0.000
2024-11-04T09:45:00,4.410,34.90,0.000
2024-11-04T09:30:00,4.420,0.00,0.000
2024-11-04T09:15:00,4.430,34.30,0.000
2024-11-04T09:00:00,4.440,0.00,0.000
2024-11-04T08:45:00,4.450,0.00,0.000
2024-11-04T08:30:00,4.460,0.00,0.000
2024-11-04T08:15:00,4.470,0.00,0.000
2024-11-04T08:00:00,4.480,34.50,0.000
2024-11-04T07:45:00,4.480,34.50,0.000
2024-11-04T07:30:00,4.500,0.00,0.000
2024-11-04T07:15:00,4.530,0.00,0.000
2024-11-04T07:00:00,4.530,0.00,0.000
2024-11-04T06:45:00,4.530,0.00,0.000
2024-11-04T06:30:00,4.530,0.00,0.000
2024-11-04T06:15:00,4.530,0.00,0.000
2024-11-04T06:00:00,4.530,0.00,0.000
2024-11-04T05:45:00,4.530,91.70,0.000
2024-11-04T05:30:00,4.530,0.00,0.000
2024-11-04T05:15:00,4.530,0.00,0.000
2024-11-04T05:00:00,4.530,0.00,0.000
2024-11-04T04:45:00,4.540,0.00,0.000
2024-11-04T04:30:00,4.540,34.80,0.000
2024-11-04T04:15:00,4.540,0.00,0.000
2024-11-04T04:00:00,4.540,0.00,0.000
2024-11-04T03:45:00,4.540,0.00,0.000
2024-11-04T03:30:00,4.540,0.00,0.000
2024-11-04T03:15:00,4.540,0.00,0.000
2024-11-04T03:00:00,4.540,0.00,0.000
2024-11-04T02:45:00,4.540,0.00,0.000
2024-11-04T02:30:00,4.550,0.00,0.000
2024-11-04T02:15:00,4.550,0.00,0.000
2024-11-04T02:00:00,4.550,0.00,0.000
2024-11-04T01:45:00,4.550,207.90,0.000
2024-11-04T01:30:00,4.550,0.00,0.000
2024-11-04T01:15:00,4.550,0.00,0.000
2024-11-04T01:00:00,4.550,0.00,0.000
2024-11-04T00:45:00,4.550,0.00,0.000
2024-11-04T00:30:00,4.550,0.00,0.000
2024-11-04T00:15:00,4.550,0.00,0.000
2024-11-04T00:00:00,4.550,0.00,0.000
2024-11-17T23:45:00,4.570,0.00,0.000
2024-11-17T23:30:00,4.570,0.00,0.000
2024-11-17T23:15:00,4.570,0.00,0.000
2024-11-17T23:00:00,4.570,0.00,0.000
2024-11-17T22:45:00,4.560,0.00,0.000
2024-11-17T22:30:00,4.560,0.00,0.000
2024-11-17T22:15:00,4.550,0.00,0.000
2024-11-17T22:00:00,4.550,0.00,0.000
2024-11-17T21:45:00,4.550,0.00,0.000
2024-11-17T21:30:00,4.540,39.60,0.000
2024-11-17T21:15:00,4.540,0.00,0.000
2024-11-17T21:00:00,4.530,0.00,0.000
2024-11-17T20:45:00,4.530,0.00,0.000
2024-11-17T20:30:00,4.520,37.40,0.000
2024-11-17T20:15:00,4.520,0.00,0.000
2024-11-17T20:00:00,4.510,0.00,0.000
2024-11-17T19:45:00,4.510,0.00,0.000
2024-11-17T19:30:00,4.500,0.00,0.000
2024-11-17T19:15:00,4.490,0.00,0.000
2024-11-17T19:00:00,4.500,53.40,0.000
2024-11-17T18:45:00,4.500,48.30,0.500
2024-11-17T18:30:00,4.480,45.50,0.500
2024-11-17T18:15:00,4.480,55.40,3.500
2024-11-17T18:00:00,4.470,66.20,18.000
2024-11-17T17:45:00,4.450,63.40,0.000
2024-11-17T17:30:00,4.450,35.60,0.000
2024-11-17T17:15:00,4.440,53.40,0.000
2024-11-17T17:00:00,4.440,0.00,0.000
2024-11-17T16:45:00,4.440,46.40,0.000
2024-11-17T16:30:00,4.430,0.00,0.000
2024-11-17T16:15:00,4.430,0.00,0.000
2024-11-17T16:00:00,4.420,50.60,0.000
2024-11-17T15:45:00,4.430,0.00,0.000
2024-11-17T15:30:00,4.420,37.30,0.000
2024-11-17T15:15:00,4.420,40.10,0.000
2024-11-17T15:00:00,4.410,0.00,0.000
2024-11-17T14:45:00,4.410,55.10,0.000
2024-11-17T14:30:00,4.410,0.00,0.000
2024-11-17T14:15:00,4.410,0.00,0.000
2024-11-17T14:00:00,4.400,57.30,0.000
2024-11-17T13:45:00,4.390,60.10,0.000
2024-11-17T13:30:00,4.390,59.30,0.000
2024-11-17T13:15:00,4.380,0.00,0.000
2024-11-17T13:00:00,4.380,42.30,0.000
2024-11-17T12:45:00,4.380,0.00,0.000
2024-11-17T12:30:00,4.370,65.60,0.000
2024-11-17T12:15:00,4.370,61.40,0.000
2024-11-17T12:00:00,4.380,61.80,0.000
2024-11-17T11:45:00,4.380,56.50,0.000
2024-11-17T11:30:00,4.380,49.20,0.000
2024-11-17T11:15:00,4.380,60.80,0.000
2024-11-17T11:00:00,4.370,0.00,0.000
2024-11-17T10:45:00,4.380,33.90,0.000
2024-11-17T10:30:00,4.380,38.80,0.000
2024-11-17T10:15:00,4.380,0.00,0.000
2024-11-17T10:00:00,4.370,0.00,0.000
2024-11-17T09:45:00,4.380,0.00,0.000
2024-11-17T09:30:00,4.380,0.00,0.000
2024-11-17T09:15:00,4.390,0.00,0.000
2024-11-17T09:00:00,4.400,0.00,0.000
2024-11-17T08:45:00,4.400,0.00,0.000
2024-11-17T08:30:00,4.400,0.00,0.000
2024-11-17T08:15:00,4.410,0.00,0.000
2024-11-17T08:00:00,4.420,0.00,0.000
2024-11-17T07:45:00,4.420,0.00,0.000
2024-11-17T07:30:00,4.420,0.00,0.000
2024-11-17T07:15:00,4.420,0.00,0.000
2024-11-17T07:00:00,4.430,0.00,0.000
2024-11-17T06:45:00,4.430,0.00,0.000
2024-11-17T06:30:00,4.430,0.00,0.000
2024-11-17T06:15:00,4.440,0.00,0.000
2024-11-17T06:00:00,4.440,51.80,0.000
2024-11-17T05:45:00,4.440,0.00,0.000
2024-11-17T05:30:00,4.450,0.00,0.000
2024-11-17T05:15:00,4.450,0.00,0.000
2024-11-17T05:00:00,4.460,0.00,0.000
2024-11-17T04:45:00,4.460,0.00,0.000
2024-11-17T04:30:00,4.460,0.00,0.000
2024-11-17T04:15:00,4.460,44.40,0.000
2024-11-17T04:00:00,4.470,39.60,0.000
2024-11-17T03:45:00,4.470,0.00,0.000
2024-11-17T03:30:00,4.480,35.30,0.000
2024-11-17T03:15:00,4.480,0.00,0.000
2024-11-17T03:00:00,4.480,0.00,0.000
2024-11-17T02:45:00,4.480,0.00,0.000
2024-11-17T02:30:00,4.490,0.00,0.000
2024-11-17T02:15:00,4.490,36.60,0.000
2024-11-17T02:00:00,4.500,44.80,0.000
2024-11-17T01:45:00,4.500,0.00,0.000
2024-11-17T01:30:00,4.500,37.20,0.000
2024-11-17T01:15:00,4.510,0.00,0.000
2024-11-17T01:00:00,4.510,0.00,0.000
2024-11-17T00:45:00,4.510,50.00,0.000
2024-11-17T00:30:00,4.520,46.50,0.000
2024-11-17T00:15:00,4.520,0.00,0.000
2024-11-17T00:00:00,4.520,0.00,0.000
2024-11-16T23:45:00,4.530,0.00,0.000
2024-11-16T23:30:00,4.530,0.00,0.000
2024-11-16T23:15:00,4.530,0.00,0.000
2024-11-16T23:00:00,4.530,0.00,0.000
2024-11-16T22:45:00,4.530,0.00,0.000
2024-11-16T22:30:00,4.540,0.00,0.000
2024-11-16T22:15:00,4.540,0.00,0.000
2024-11-16T22:00:00,4.540,0.00,0.000
2024-11-16T21:45:00,4.540,0.00,0.000
2024-11-16T21:30:00,4.540,0.00,0.000
2024-11-16T21:15:00,4.540,0.00,0.000
2024-11-16T21:00:00,4.540,0.00,0.000
2024-11-16T20:45:00,4.540,43.60,0.000
2024-11-16T20:30:00,4.530,0.00,0.000
2024-11-16T20:15:00,4.530,0.00,0.000
2024-11-16T20:00:00,4.530,0.00,0.000
2024-11-16T19:45:00,4.530,0.00,0.000
2024-11-16T19:30:00,4.520,0.00,0.000
2024-11-16T19:15:00,4.530,0.00,0.000
2024-11-16T19:00:00,4.520,0.00,0.000
2024-11-16T18:45:00,4.520,0.00,0.000
2024-11-16T18:30:00,4.520,136.50,0.000
2024-11-16T18:15:00,4.520,0.00,0.000
2024-11-16T18:00:00,4.510,0.00,0.000
2024-11-16T17:45:00,4.510,0.00,0.000
2024-11-16T17:30:00,4.510,0.00,0.000
2024-11-16T17:15:00,4.500,0.00,0.000
2024-11-16T17:00:00,4.500,34.60,0.000
2024-11-16T16:45:00,4.500,39.70,0.000
2024-11-16T16:30:00,4.500,0.00,0.000
2024-11-16T16:15:00,4.500,36.80,0.000
2024-11-16T16:00:00,4.500,45.40,0.000
2024-11-16T15:45:00,4.500,0.00,0.000
2024-11-16T15:30:00,4.490,0.00,0.000
2024-11-16T15:15:00,4.490,34.60,0.000
2024-11-16T15:00:00,4.490,0.00,0.000
2024-11-16T14:45:00,4.490,0.00,0.000
2024-11-16T14:30:00,4.490,0.00,0.000
2024-11-16T14:15:00,4.490,0.00,0.000
2024-11-16T14:00:00,4.490,0.00,0.000
2024-11-16T13:45:00,4.490,0.00,0.000
2024-11-16T13:30:00,4.490,34.50,0.000
2024-11-16T13:15:00,4.480,69.10,0.000
2024-11-16T13:00:00,4.480,34.50,0.000
2024-11-16T12:45:00,4.490,34.50,0.000
2024-11-16T12:30:00,4.480,0.00,0.000
2024-11-16T12:15:00,4.490,34.50,0.000
2024-11-16T12:00:00,4.490,37.50,0.000
2024-11-16T11:45:00,4.500,0.00,0.000
2024-11-16T11:30:00,4.500,0.00,0.000
2024-11-16T11:15:00,4.500,34.60,0.000
2024-11-16T11:00:00,4.510,0.00,0.000
2024-11-16T10:45:00,4.510,0.00,0.000
2024-11-16T10:30:00,4.520,0.00,0.000
2024-11-16T10:15:00,4.520,0.00,0.000
2024-11-16T10:00:00,4.530,0.00,0.000
2024-11-16T09:45:00,4.540,0.00,0.000
2024-11-16T09:30:00,4.540,0.00,0.000
2024-11-16T09:15:00,4.550,0.00,0.000
2024-11-16T09:00:00,4.550,37.70,0.000
2024-11-16T08:45:00,4.560,0.00,0.000
2024-11-16T08:30:00,4.570,37.50,0.000
2024-11-16T08:15:00,4.570,0.00,0.000
2024-11-16T08:00:00,4.580,0.00,0.000
2024-11-16T07:45:00,4.580,0.00,0.000
2024-11-16T07:30:00,4.590,0.00,0.000
2024-11-16T07:15:00,4.590,0.00,0.000
2024-11-16T07:00:00,4.600,0.00,0.000
2024-11-16T06:45:00,4.600,0.00,0.000
2024-11-16T06:30:00,4.610,0.00,0.000
2024-11-16T06:15:00,4.610,0.00,0.000
2024-11-16T06:00:00,4.620,0.00,0.000
2024-11-16T05:45:00,4.630,0.00,0.000
2024-11-16T05:30:00,4.630,0.00,0.000
2024-11-16T05:15:00,4.630,0.00,0.000
2024-11-16T05:00:00,4.630,0.00,0.000
2024-11-16T04:45:00,4.630,0.00,0.000
2024-11-16T04:30:00,4.630,0.00,0.000
2024-11-16T04:15:00,4.630,0.00,0.000
2024-11-16T04:00:00,4.630,0.00,0.000
2024-11-16T03:45:00,4.620,37.80,0.000
2024-11-16T03:30:00,4.620,0.00,0.000
2024-11-16T03:15:00,4.610,0.00,0.000
2024-11-16T03:00:00,4.610,35.80,0.000
2024-11-16T02:45:00,4.600,35.00,0.000
2024-11-16T02:30:00,4.600,0.00,0.000
2024-11-16T02:15:00,4.590,0.00,0.000
2024-11-16T02:00:00,4.590,0.00,0.000
2024-11-16T01:45:00,4.580,0.00,0.000
2024-11-16T01:30:00,4.570,0.00,0.000
2024-11-16T01:15:00,4.570,0.00,0.000
2024-11-16T01:00:00,4.560,37.90,0.000
2024-11-16T00:45:00,4.560,0.00,0.000
2024-11-16T00:30:00,4.550,0.00,0.000
2024-11-16T00:15:00,4.550,0.00,0.000
2024-11-16T00:00:00,4.540,0.00,0.000
2024-11-15T23:45:00,4.540,35.90,0.000
2024-11-15T23:30:00,4.530,0.00,0.000
2024-11-15T23:15:00,4.530,0.00,0.000
2024-11-15T23:00:00,4.520,0.00,0.000
2024-11-15T22:45:00,4.520,36.40,0.000
2024-11-15T22:30:00,4.510,0.00,0.000
2024-11-15T22:15:00,4.510,0.00,0.000
2024-11-15T22:00:00,4.500,0.00,0.000
2024-11-15T21:45:00,4.490,0.00,0.000
2024-11-15T21:30:00,4.490,0.00,0.000
2024-11-15T21:15:00,4.480,0.00,0.000
2024-11-15T21:00:00,4.480,0.00,0.000
2024-11-15T20:45:00,4.470,0.00,0.000
2024-11-15T20:30:00,4.470,0.00,0.000
2024-11-15T20:15:00,4.460,0.00,0.000
2024-11-15T20:00:00,4.460,0.00,0.000
2024-11-15T19:45:00,4.450,70.50,0.000
2024-11-15T19:30:00,4.440,0.00,0.000
2024-11-15T19:15:00,4.440,0.00,0.000
2024-11-15T19:00:00,4.430,0.00,0.000
2024-11-15T18:45:00,4.430,0.00,0.000
2024-11-15T18:30:00,4.420,0.00,0.000
2024-11-15T18:15:00,4.420,0.00,0.000
2024-11-15T18:00:00,4.410,0.00,0.000
2024-11-15T17:45:00,4.400,33.90,0.000
2024-11-15T17:30:00,4.400,33.90,0.000
2024-11-15T17:15:00,4.390,0.00,0.000
2024-11-15T17:00:00,4.390,0.00,0.000
2024-11-15T16:45:00,4.380,0.00,0.000
2024-11-15T16:30:00,4.380,0.00,0.000
2024-11-15T16:15:00,4.370,35.10,0.000
2024-11-15T16:00:00,4.360,33.60,0.000
2024-11-15T15:45:00,4.360,0.00,0.000
2024-11-15T15:30:00,4.350,0.00,0.000
2024-11-15T15:15:00,4.350,33.70,0.000
2024-11-15T15:00:00,4.340,35.20,0.000
2024-11-15T14:45:00,4.330,0.00,0.000
2024-11-15T14:30:00,4.330,34.30,0.000
2024-11-15T14:15:00,4.320,0.00,0.000
2024-11-15T14:00:00,4.320,0.00,0.000
2024-11-15T13:45:00,4.310,33.50,0.000
2024-11-15T13:30:00,4.300,0.00,0.000
2024-11-15T13:15:00,4.300,33.30,0.000
2024-11-15T13:00:00,4.290,0.00,0.000
2024-11-15T12:45:00,4.290,33.30,0.000
2024-11-15T12:30:00,4.280,0.00,0.000
2024-11-15T12:15:00,4.270,0.00,0.000
2024-11-15T12:00:00,4.270,0.00,0.000
2024-11-15T11:45:00,4.260,0.00,0.000
2024-11-15T11:30:00,4.260,0.00,0.000
2024-11-15T11:15:00,4.250,0.00,0.000
2024-11-15T11:00:00,4.240,33.10,0.000
2024-11-15T10:45:00,4.240,0.00,0.000
2024-11-15T10:30:00,4.230,0.00,0.000
2024-11-15T10:15:00,4.230,0.00,0.000
2024-11-15T10:00:00,4.220,35.20,0.000
2024-11-15T09:45:00,4.220,32.90,0.000
2024-11-15T09:30:00,4.210,0.00,0.000
2024-11-15T09:15:00,4.200,32.70,0.000
2024-11-15T09:00:00,4.200,32.60,0.000
2024-11-15T08:45:00,4.190,32.60,0.000
2024-11-15T08:30:00,4.190,0.00,0.000
2024-11-15T08:15:00,4.180,0.00,0.000
2024-11-15T08:00:00,4.180,0.00,0.000
2024-11-15T07:45:00,4.170,0.00,0.000
2024-11-15T07:30:00,4.160,0.00,0.000
2024-11-15T07:15:00,4.150,43.90,0.000
2024-11-15T07:00:00,4.150,0.00,0.000
2024-11-15T06:45:00,4.140,32.30,0.000
2024-11-15T06:30:00,4.130,32.20,0.000
2024-11-15T06:15:00,4.130,32.20,0.000
2024-11-15T06:00:00,4.120,0.00,0.000
2024-11-15T05:45:00,4.120,0.00,0.000
2024-11-15T05:30:00,4.110,500.50,0.000
2024-11-15T05:15:00,4.100,0.00,0.000
2024-11-15T05:00:00,4.090,31.90,0.000
2024-11-15T04:45:00,4.080,0.00,0.000
2024-11-15T04:30:00,4.070,0.00,0.000
2024-11-15T04:15:00,4.070,31.80,0.000
2024-11-15T04:00:00,4.060,31.80,0.000
2024-11-15T03:45:00,4.050,31.70,0.000
2024-11-15T03:30:00,4.050,31.60,0.000
2024-11-15T03:15:00,4.040,39.00,0.000
2024-11-15T03:00:00,4.030,31.50,0.000
2024-11-15T02:45:00,4.020,31.50,0.000
2024-11-15T02:30:00,4.020,0.00,0.000
2024-11-15T02:15:00,4.010,0.00,0.000
2024-11-15T02:00:00,4.000,0.00,0.000
2024-11-15T01:45:00,3.990,36.20,0.000
2024-11-15T01:30:00,3.990,0.00,0.000
2024-11-15T01:15:00,3.980,0.00,0.000
2024-11-15T01:00:00,3.970,0.00,0.000
2024-11-15T00:45:00,3.960,0.00,0.000
2024-11-15T00:30:00,3.950,31.00,0.000
2024-11-15T00:15:00,3.950,30.90,0.000
2024-11-15T00:00:00,3.940,39.90,0.000
2024-11-14T23:45:00,3.930,0.00,0.000
2024-11-14T23:30:00,3.920,0.00,0.000
2024-11-14T23:15:00,3.910,0.00,0.000
2024-11-14T23:00:00,3.910,0.00,0.000
2024-11-14T22:45:00,3.900,0.00,0.000
2024-11-14T22:30:00,3.890,0.00,0.000
2024-11-14T22:15:00,3.880,0.00,0.000
2024-11-14T22:00:00,3.870,0.00,0.000
2024-11-14T21:45:00,3.860,0.00,0.000
2024-11-14T21:30:00,3.860,0.00,0.000
2024-11-14T21:15:00,3.850,0.00,0.000
2024-11-14T21:00:00,3.840,0.00,0.000
2024-11-14T20:45:00,3.830,0.00,0.000
2024-11-14T20:30:00,3.820,0.00,0.000
2024-11-14T20:15:00,3.810,0.00,0.000
2024-11-14T20:00:00,3.800,0.00,0.000
2024-11-14T19:45:00,3.790,0.00,0.000
2024-11-14T19:30:00,3.780,0.00,0.000
2024-11-14T19:15:00,3.780,0.00,0.000
2024-11-14T19:00:00,3.770,0.00,0.000
2024-11-14T18:45:00,3.760,0.00,0.000
2024-11-14T18:30:00,3.750,0.00,0.000
2024-11-14T18:15:00,3.740,0.00,0.000
2024-11-14T18:00:00,3.720,0.00,0.000
2024-11-14T17:45:00,3.710,0.00,0.000
2024-11-14T17:30:00,3.700,0.00,0.000
2024-11-14T17:15:00,3.680,0.00,0.000
2024-11-14T17:00:00,3.670,0.00,0.000
2024-11-14T16:45:00,3.660,0.00,0.000
2024-11-14T16:30:00,3.640,0.00,0.000
2024-11-14T16:15:00,3.630,28.20,0.000
2024-11-14T16:00:00,3.610,30.00,0.000
2024-11-14T15:45:00,3.610,0.00,0.000
2024-11-14T15:30:00,3.600,0.00,0.000
2024-11-14T15:15:00,3.580,0.00,0.000
2024-11-14T15:00:00,3.570,0.00,0.000
2024-11-14T14:45:00,3.560,0.00,0.000
2024-11-14T14:30:00,3.550,37.00,0.000
2024-11-14T14:15:00,3.550,27.40,0.000
2024-11-14T14:00:00,3.540,34.70,0.000
2024-11-14T13:45:00,3.540,42.40,0.000
2024-11-14T13:30:00,3.530,0.00,0.000
2024-11-14T13:15:00,3.530,0.00,0.000
2024-11-14T13:00:00,3.540,0.00,0.000
2024-11-14T12:45:00,3.540,0.00,0.000
2024-11-14T12:30:00,3.530,0.00,0.000
2024-11-14T12:15:00,3.530,0.00,0.000
2024-11-14T12:00:00,3.530,0.00,0.000
2024-11-14T11:45:00,3.530,0.00,0.000
2024-11-14T11:30:00,3.530,0.00,0.000
2024-11-14T11:15:00,3.530,0.00,0.000
2024-11-14T11:00:00,3.530,0.00,0.000
2024-11-14T10:45:00,3.530,0.00,0.000
2024-11-14T10:30:00,3.520,0.00,0.000
2024-11-14T10:15:00,3.520,0.00,0.000
2024-11-14T10:00:00,3.520,0.00,0.000
2024-11-14T09:45:00,3.520,0.00,0.000
2024-11-14T09:30:00,3.520,0.00,0.000
2024-11-14T09:15:00,3.520,0.00,0.000
2024-11-14T09:00:00,3.520,0.00,0.000
2024-11-14T08:45:00,3.520,0.00,0.000
2024-11-14T08:30:00,3.520,0.00,0.000
2024-11-14T08:15:00,3.520,0.00,0.000
2024-11-14T08:00:00,3.520,0.00,0.000
2024-11-14T07:45:00,3.520,0.00,0.000
2024-11-14T07:30:00,3.520,26.90,0.000
2024-11-14T07:15:00,3.510,0.00,0.000
2024-11-14T07:00:00,3.520,0.00,0.000
2024-11-14T06:45:00,3.520,0.00,0.000
2024-11-14T06:30:00,3.510,0.00,0.000
2024-11-14T06:15:00,3.510,0.00,0.000
2024-11-14T06:00:00,3.510,81.70,0.000
2024-11-14T05:45:00,3.500,0.00,0.000
2024-11-14T05:30:00,3.500,0.00,0.000
2024-11-14T05:15:00,3.510,0.00,0.000
2024-11-14T05:00:00,3.510,0.00,0.000
2024-11-14T04:45:00,3.500,0.00,0.000
2024-11-14T04:30:00,3.510,0.00,0.000
2024-11-14T04:15:00,3.510,0.00,0.000
2024-11-14T04:00:00,3.510,0.00,0.000
2024-11-14T03:45:00,3.510,0.00,0.000
2024-11-14T03:30:00,3.510,0.00,0.000
2024-11-14T03:15:00,3.510,0.00,0.000
2024-11-14T03:00:00,3.510,0.00,0.000
2024-11-14T02:45:00,3.510,0.00,0.000
2024-11-14T02:30:00,3.510,0.00,0.000
2024-11-14T02:15:00,3.510,0.00,0.000
2024-11-14T02:00:00,3.510,0.00,0.000
2024-11-14T01:45:00,3.510,0.00,0.000
2024-11-14T01:30:00,3.510,0.00,0.000
2024-11-14T01:15:00,3.510,0.00,0.000
2024-11-14T01:00:00,3.510,0.00,0.000
2024-11-14T00:45:00,3.510,0.00,0.000
2024-11-14T00:30:00,3.510,0.00,0.000
2024-11-14T00:15:00,3.520,0.00,0.000
2024-11-14T00:00:00,3.510,0.00,0.000
2024-11-13T23:45:00,3.510,0.00,0.000
2024-11-13T23:30:00,3.510,0.00,0.000
2024-11-13T23:15:00,3.520,0.00,0.000
2024-11-13T23:00:00,3.520,36.50,0.000
2024-11-13T22:45:00,3.520,0.00,0.000
2024-11-13T22:30:00,3.520,0.00,0.000
2024-11-13T22:15:00,3.520,0.00,0.000
2024-11-13T22:00:00,3.520,0.00,0.000
2024-11-13T21:45:00,3.520,0.00,0.000
2024-11-13T21:30:00,3.520,0.00,0.000
2024-11-13T21:15:00,3.520,0.00,0.000
2024-11-13T21:00:00,3.520,0.00,0.000
2024-11-13T20:45:00,3.520,0.00,0.000
2024-11-13T20:30:00,3.520,0.00,0.000
2024-11-13T20:15:00,3.520,0.00,0.000
2024-11-13T20:00:00,3.520,0.00,0.000
2024-11-13T19:45:00,3.520,0.00,0.000
2024-11-13T19:30:00,3.520,0.00,0.000
2024-11-13T19:15:00,3.520,0.00,0.000
2024-11-13T19:00:00,3.520,114.10,0.000
2024-11-13T18:45:00,3.520,0.00,0.000
2024-11-13T18:30:00,3.520,0.00,0.000
2024-11-13T18:15:00,3.520,0.00,0.000
2024-11-13T18:00:00,3.520,0.00,0.000
2024-11-13T17:45:00,3.520,0.00,0.000
2024-11-13T17:30:00,3.520,0.00,0.000
2024-11-13T17:15:00,3.520,0.00,0.000
2024-11-13T17:00:00,3.520,0.00,0.000
2024-11-13T16:45:00,3.520,27.10,0.000
2024-11-13T16:30:00,3.520,27.10,0.000
2024-11-13T16:15:00,3.520,27.10,0.000
2024-11-13T16:00:00,3.520,0.00,0.000
2024-11-13T15:45:00,3.520,34.60,0.000
2024-11-13T15:30:00,3.520,35.90,0.000
2024-11-13T15:15:00,3.520,30.60,0.000
2024-11-13T15:00:00,3.520,43.80,0.000
2024-11-13T14:45:00,3.520,0.00,0.000
2024-11-13T14:30:00,3.520,40.20,0.000
2024-11-13T14:15:00,3.520,0.00,0.000
2024-11-13T14:00:00,3.530,29.30,0.000
2024-11-13T13:45:00,3.520,39.50,0.000
2024-11-13T13:30:00,3.520,27.10,0.000
2024-11-13T13:15:00,3.530,0.00,0.000
2024-11-13T13:00:00,3.530,0.00,0.000
2024-11-13T12:45:00,3.530,30.80,0.000
2024-11-13T12:30:00,3.540,0.00,0.000
2024-11-13T12:15:00,3.540,0.00,0.000
2024-11-13T12:00:00,3.540,0.00,0.000
2024-11-13T11:45:00,3.540,0.00,0.000
2024-11-13T11:30:00,3.540,0.00,0.000
2024-11-13T11:15:00,3.540,0.00,0.000
2024-11-13T11:00:00,3.540,0.00,0.000
2024-11-13T10:45:00,3.540,0.00,0.000
2024-11-13T10:30:00,3.550,0.00,0.000
2024-11-13T10:15:00,3.550,0.00,0.000
2024-11-13T10:00:00,3.540,0.00,0.000
2024-11-13T09:45:00,3.550,0.00,0.000
2024-11-13T09:30:00,3.550,0.00,0.000
2024-11-13T09:15:00,3.550,0.00,0.000
2024-11-13T09:00:00,3.550,0.00,0.000
2024-11-13T08:45:00,3.550,0.00,0.000
2024-11-13T08:30:00,3.560,0.00,0.000
2024-11-13T08:15:00,3.560,0.00,0.000
2024-11-13T08:00:00,3.560,0.00,0.000
2024-11-13T07:45:00,3.560,0.00,0.000
2024-11-13T07:30:00,3.560,0.00,0.000
2024-11-13T07:15:00,3.560,0.00,0.000
2024-11-13T07:00:00,3.570,0.00,0.000
2024-11-13T06:45:00,3.570,0.00,0.000
2024-11-13T06:30:00,3.570,0.00,0.000
2024-11-13T06:15:00,3.570,0.00,0.000
2024-11-13T06:00:00,3.570,0.00,0.000
2024-11-13T05:45:00,3.570,0.00,0.000
2024-11-13T05:30:00,3.570,0.00,0.000
2024-11-13T05:15:00,3.570,32.70,0.000
2024-11-13T05:00:00,3.570,0.00,0.000
2024-11-13T04:45:00,3.570,0.00,0.000
2024-11-13T04:30:00,3.580,0.00,0.000
2024-11-13T04:15:00,3.570,0.00,0.000
2024-11-13T04:00:00,3.580,0.00,0.000
2024-11-13T03:45:00,3.580,0.00,0.000
2024-11-13T03:30:00,3.580,0.00,0.000
2024-11-13T03:15:00,3.580,0.00,0.000
2024-11-13T03:00:00,3.580,0.00,0.000
2024-11-13T02:45:00,3.580,0.00,0.000
2024-11-13T02:30:00,3.580,0.00,0.000
2024-11-13T02:15:00,3.580,0.00,0.000
2024-11-13T02:00:00,3.580,0.00,0.000
2024-11-13T01:45:00,3.580,0.00,0.000
2024-11-13T01:30:00,3.580,0.00,0.000
2024-11-13T01:15:00,3.580,66.80,0.000
2024-11-13T01:00:00,3.580,0.00,0.000
2024-11-13T00:45:00,3.580,0.00,0.000
2024-11-13T00:30:00,3.580,0.00,0.000
2024-11-13T00:15:00,3.590,0.00,0.000
2024-11-13T00:00:00,3.580,0.00,0.000
2024-11-12T23:45:00,3.590,0.00,0.000
2024-11-12T23:30:00,3.590,0.00,0.000
2024-11-12T23:15:00,3.590,0.00,0.000
2024-11-12T23:00:00,3.590,0.00,0.000
2024-11-12T22:45:00,3.590,0.00,0.000
2024-11-12T22:30:00,3.590,0.00,0.000
2024-11-12T22:15:00,3.590,0.00,0.000
2024-11-12T22:00:00,3.590,0.00,0.000
2024-11-12T21:45:00,3.590,0.00,0.000
2024-11-12T21:30:00,3.590,0.00,0.000
2024-11-12T21:15:00,3.590,0.00,0.000
2024-11-12T21:00:00,3.590,0.00,0.000
2024-11-12T20:45:00,3.600,0.00,0.000
2024-11-12T20:30:00,3.590,0.00,0.000
2024-11-12T20:15:00,3.600,0.00,0.000
2024-11-12T20:00:00,3.600,27.70,0.000
2024-11-12T19:45:00,3.600,0.00,0.000
2024-11-12T19:30:00,3.590,0.00,0.000
2024-11-12T19:15:00,3.600,0.00,0.000
2024-11-12T19:00:00,3.600,0.00,0.000
2024-11-12T18:45:00,3.600,0.00,0.000
2024-11-12T18:30:00,3.600,0.00,0.000
2024-11-12T18:15:00,3.600,0.00,0.000
2024-11-12T18:00:00,3.600,0.00,0.000
2024-11-12T17:45:00,3.600,0.00,0.000
2024-11-12T17:30:00,3.600,0.00,0.000
2024-11-12T17:15:00,3.600,34.10,0.000
2024-11-12T17:00:00,3.600,0.00,0.000
2024-11-12T16:45:00,3.600,0.00,0.000
2024-11-12T16:30:00,3.600,0.00,0.000
2024-11-12T16:15:00,3.600,0.00,0.000
2024-11-12T16:00:00,3.600,35.80,0.000
2024-11-12T15:45:00,3.600,52.50,0.000
2024-11-12T15:30:00,3.600,41.40,0.000
2024-11-12T15:15:00,3.600,0.00,0.000
2024-11-12T15:00:00,3.610,0.00,0.000
2024-11-12T14:45:00,3.610,28.00,0.000
2024-11-12T14:30:00,3.610,42.10,0.000
2024-11-12T14:15:00,3.610,0.00,0.000
2024-11-12T14:00:00,3.610,0.00,0.000
2024-11-12T13:45:00,3.620,0.00,0.000
2024-11-12T13:30:00,3.620,0.00,0.000
2024-11-12T13:15:00,3.620,0.00,0.000
2024-11-12T13:00:00,3.620,0.00,0.000
2024-11-12T12:45:00,3.620,28.10,0.000
2024-11-12T12:30:00,3.620,0.00,0.000
2024-11-12T12:15:00,3.630,0.00,0.000
2024-11-12T12:00:00,3.630,0.00,0.000
2024-11-12T11:45:00,3.630,0.00,0.000
2024-11-12T11:30:00,3.630,0.00,0.000
2024-11-12T11:15:00,3.630,0.00,0.000
2024-11-12T11:00:00,3.640,0.00,0.000
2024-11-12T10:45:00,3.630,28.20,0.000
2024-11-12T10:30:00,3.640,0.00,0.000
2024-11-12T10:15:00,3.640,0.00,0.000
2024-11-12T10:00:00,3.640,0.00,0.000
2024-11-12T09:45:00,3.640,0.00,0.000
2024-11-12T09:30:00,3.650,0.00,0.000
2024-11-12T09:15:00,3.650,32.70,0.000
2024-11-12T09:00:00,3.650,0.00,0.000
2024-11-12T08:45:00,3.650,0.00,0.000
2024-11-12T08:30:00,3.660,0.00,0.000
2024-11-12T08:15:00,3.660,0.00,0.000
2024-11-12T08:00:00,3.660,0.00,0.000
2024-11-12T07:45:00,3.660,0.00,0.000
2024-11-12T07:30:00,3.670,0.00,0.000
2024-11-12T07:15:00,3.670,0.00,0.000
2024-11-12T07:00:00,3.670,0.00,0.000
2024-11-12T06:45:00,3.670,0.00,0.000
2024-11-12T06:30:00,3.670,0.00,0.000
2024-11-12T06:15:00,3.680,0.00,0.000
2024-11-12T06:00:00,3.670,0.00,0.000
2024-11-12T05:45:00,3.680,0.00,0.000
2024-11-12T05:30:00,3.680,0.00,0.000
2024-11-12T05:15:00,3.680,0.00,0.000
2024-11-12T05:00:00,3.680,0.00,0.000
2024-11-12T04:45:00,3.680,0.00,0.000
2024-11-12T04:30:00,3.680,0.00,0.000
2024-11-12T04:15:00,3.680,0.00,0.000
2024-11-12T04:00:00,3.680,0.00,0.000
2024-11-12T03:45:00,3.690,0.00,0.000
2024-11-12T03:30:00,3.690,0.00,0.000
2024-11-12T03:15:00,3.690,0.00,0.000
2024-11-12T03:00:00,3.690,0.00,0.000
2024-11-12T02:45:00,3.690,0.00,0.000
2024-11-12T02:30:00,3.690,0.00,0.000
2024-11-12T02:15:00,3.690,0.00,0.000
2024-11-12T02:00:00,3.700,0.00,0.000
2024-11-12T01:45:00,3.700,0.00,0.000
2024-11-12T01:30:00,3.700,0.00,0.000
2024-11-12T01:15:00,3.700,0.00,0.000
2024-11-12T01:00:00,3.700,0.00,0.000
2024-11-12T00:45:00,3.700,0.00,0.000
2024-11-12T00:30:00,3.700,32.60,0.000
2024-11-12T00:15:00,3.710,0.00,0.000
2024-11-12T00:00:00,3.710,31.90,0.000
2024-11-11T23:45:00,3.710,0.00,0.000
2024-11-11T23:30:00,3.710,0.00,0.000
2024-11-11T23:15:00,3.710,0.00,0.000
2024-11-11T23:00:00,3.710,0.00,0.000
2024-11-11T22:45:00,3.710,0.00,0.000
2024-11-11T22:30:00,3.710,28.90,0.000
2024-11-11T22:15:00,3.710,0.00,0.000
2024-11-11T22:00:00,3.720,0.00,0.000
2024-11-11T21:45:00,3.720,0.00,0.000
2024-11-11T21:30:00,3.720,0.00,0.000
2024-11-11T21:15:00,3.720,0.00,0.000
2024-11-11T21:00:00,3.720,0.00,0.000
2024-11-11T20:45:00,3.720,563.80,0.000
2024-11-11T20:30:00,3.720,0.00,0.000
2024-11-11T20:15:00,3.720,0.00,0.000
2024-11-11T20:00:00,3.720,0.00,0.000
2024-11-11T19:45:00,3.730,0.00,0.000
2024-11-11T19:30:00,3.730,0.00,0.000
2024-11-11T19:15:00,3.730,0.00,0.000
2024-11-11T19:00:00,3.730,0.00,0.000
2024-11-11T18:45:00,3.730,0.00,0.000
2024-11-11T18:30:00,3.730,0.00,0.000
2024-11-11T18:15:00,3.740,0.00,0.000
2024-11-11T18:00:00,3.740,0.00,0.000
2024-11-11T17:45:00,3.740,29.20,0.000
2024-11-11T17:30:00,3.740,0.00,0.000
2024-11-11T17:15:00,3.740,0.00,0.000
2024-11-11T17:00:00,3.740,0.00,0.000
2024-11-11T16:45:00,3.740,0.00,0.000
2024-11-11T16:30:00,3.740,0.00,0.000
2024-11-11T16:15:00,3.740,0.00,0.000
2024-11-11T16:00:00,3.740,0.00,0.000
2024-11-11T15:45:00,3.740,31.80,0.000
2024-11-11T15:30:00,3.750,32.20,0.000
2024-11-11T15:15:00,3.750,32.40,0.000
2024-11-11T15:00:00,3.750,0.00,0.000
2024-11-11T14:45:00,3.750,0.00,0.000
2024-11-11T14:30:00,3.750,0.00,0.000
2024-11-11T14:15:00,3.760,0.00,0.000
2024-11-11T14:00:00,3.760,32.70,0.000
2024-11-11T13:45:00,3.760,0.00,0.000
2024-11-11T13:30:00,3.760,46.30,0.000
2024-11-11T13:15:00,3.770,42.10,0.000
2024-11-11T13:00:00,3.770,0.00,0.000
2024-11-11T12:45:00,3.770,0.00,0.000
2024-11-11T12:30:00,3.770,0.00,0.000
2024-11-11T12:15:00,3.770,0.00,0.000
2024-11-11T12:00:00,3.780,0.00,0.000
2024-11-11T11:45:00,3.780,0.00,0.000
2024-11-11T11:30:00,3.780,30.50,0.000
2024-11-11T11:15:00,3.780,0.00,0.000
2024-11-11T11:00:00,3.790,0.00,0.000
2024-11-11T10:45:00,3.790,0.00,0.000
2024-11-11T10:30:00,3.790,0.00,0.000
2024-11-11T10:15:00,3.800,0.00,0.000
2024-11-11T10:00:00,3.800,0.00,0.000
2024-11-11T09:45:00,3.800,0.00,0.000
2024-11-11T09:30:00,3.810,0.00,0.000
2024-11-11T09:15:00,3.810,36.50,0.000
2024-11-11T09:00:00,3.810,34.00,0.000
2024-11-11T08:45:00,3.810,0.00,0.000
2024-11-11T08:30:00,3.820,0.00,0.000
2024-11-11T08:15:00,3.820,0.00,0.000
2024-11-11T08:00:00,3.820,0.00,0.000
2024-11-11T07:45:00,3.830,0.00,0.000
2024-11-11T07:30:00,3.830,0.00,0.000
2024-11-11T07:15:00,3.840,0.00,0.000
2024-11-11T07:00:00,3.840,0.00,0.000
2024-11-11T06:45:00,3.840,0.00,0.000
2024-11-11T06:30:00,3.840,0.00,0.000
2024-11-11T06:15:00,3.840,0.00,0.000
2024-11-11T06:00:00,3.840,0.00,0.000
2024-11-11T05:45:00,3.850,0.00,0.000
2024-11-11T05:30:00,3.850,0.00,0.000
2024-11-11T05:15:00,3.850,0.00,0.000
2024-11-11T05:00:00,3.860,0.00,0.000
2024-11-11T04:45:00,3.860,0.00,0.000
2024-11-11T04:30:00,3.860,0.00,0.000
2024-11-11T04:15:00,3.860,0.00,0.000
2024-11-11T04:00:00,3.860,30.30,0.000
2024-11-11T03:45:00,3.860,0.00,0.000
2024-11-11T03:30:00,3.870,0.00,0.000
2024-11-11T03:15:00,3.870,0.00,0.000
2024-11-11T03:00:00,3.870,0.00,0.000
2024-11-11T02:45:00,3.870,0.00,0.000
2024-11-11T02:30:00,3.880,0.00,0.000
2024-11-11T02:15:00,3.880,30.40,0.000
2024-11-11T02:00:00,3.880,0.00,0.000
2024-11-11T01:45:00,3.880,0.00,0.000
2024-11-11T01:30:00,3.880,0.00,0.000
2024-11-11T01:15:00,3.880,0.00,0.000
2024-11-11T01:00:00,3.880,0.00,0.000
2024-11-11T00:45:00,3.890,0.00,0.000
2024-11-11T00:30:00,3.890,0.00,0.000
2024-11-11T00:15:00,3.890,0.00,0.000
2024-11-11T00:00:00,3.890,0.00,0.000
2024-11-24T23:45:00,4.490,0.00,0.000
2024-11-24T23:30:00,4.490,0.00,0.000
2024-11-24T23:15:00,4.490,0.00,0.000
2024-11-24T23:00:00,4.490,0.00,0.000
2024-11-24T22:45:00,4.480,35.10,0.000
2024-11-24T22:30:00,4.490,0.00,0.000
2024-11-24T22:15:00,4.480,0.00,0.000
2024-11-24T22:00:00,4.480,0.00,0.000
2024-11-24T21:45:00,4.480,0.00,0.000
2024-11-24T21:30:00,4.480,0.00,0.000
2024-11-24T21:15:00,4.470,0.00,0.000
2024-11-24T21:00:00,4.460,0.00,0.000
2024-11-24T20:45:00,4.460,0.00,0.000
2024-11-24T20:30:00,4.450,0.00,0.000
2024-11-24T20:15:00,4.450,0.00,0.000
2024-11-24T20:00:00,4.440,0.00,0.000
2024-11-24T19:45:00,4.440,0.00,0.000
2024-11-24T19:30:00,4.440,0.00,0.000
2024-11-24T19:15:00,4.430,0.00,0.000
2024-11-24T19:00:00,4.420,0.00,0.000
2024-11-24T18:45:00,4.420,34.00,0.000
2024-11-24T18:30:00,4.410,0.00,0.000
2024-11-24T18:15:00,4.410,0.00,0.000
2024-11-24T18:00:00,4.400,0.00,0.000
2024-11-24T17:45:00,4.400,0.00,0.000
2024-11-24T17:30:00,4.390,0.00,0.000
2024-11-24T17:15:00,4.380,33.90,0.000
2024-11-24T17:00:00,4.380,33.80,0.000
2024-11-24T16:45:00,4.370,39.60,0.000
2024-11-24T16:30:00,4.370,39.60,0.000
2024-11-24T16:15:00,4.360,47.10,0.000
2024-11-24T16:00:00,4.350,40.40,0.000
2024-11-24T15:45:00,4.350,0.00,0.000
2024-11-24T15:30:00,4.350,39.70,0.000
2024-11-24T15:15:00,4.340,0.00,0.000
2024-11-24T15:00:00,4.350,46.80,0.000
2024-11-24T14:45:00,4.350,0.00,0.000
2024-11-24T14:30:00,4.350,37.60,0.000
2024-11-24T14:15:00,4.350,35.00,0.000
2024-11-24T14:00:00,4.350,37.80,0.000
2024-11-24T13:45:00,4.350,0.00,0.000
2024-11-24T13:30:00,4.350,0.00,0.000
2024-11-24T13:15:00,4.350,0.00,0.000
2024-11-24T13:00:00,4.350,36.50,0.000
2024-11-24T12:45:00,4.350,36.00,0.000
2024-11-24T12:30:00,4.360,0.00,0.000
2024-11-24T12:15:00,4.360,34.10,0.000
2024-11-24T12:00:00,4.360,40.20,0.000
2024-11-24T11:45:00,4.370,35.90,0.000
2024-11-24T11:30:00,4.380,0.00,0.000
2024-11-24T11:15:00,4.380,0.00,0.000
2024-11-24T11:00:00,4.390,0.00,0.000
2024-11-24T10:45:00,4.400,36.50,0.000
2024-11-24T10:30:00,4.400,0.00,0.000
2024-11-24T10:15:00,4.410,41.30,0.000
2024-11-24T10:00:00,4.420,35.00,0.000
2024-11-24T09:45:00,4.420,34.20,0.000
2024-11-24T09:30:00,4.430,34.20,0.000
2024-11-24T09:15:00,4.440,34.30,0.000
2024-11-24T09:00:00,4.450,34.10,0.000
2024-11-24T08:45:00,4.450,34.20,0.000
2024-11-24T08:30:00,4.460,0.00,0.000
2024-11-24T08:15:00,4.470,34.30,0.000
2024-11-24T08:00:00,4.480,0.00,0.000
2024-11-24T07:45:00,4.480,0.00,0.000
2024-11-24T07:30:00,4.480,34.40,0.000
2024-11-24T07:15:00,4.490,34.40,0.000
2024-11-24T07:00:00,4.520,34.50,0.000
2024-11-24T06:45:00,4.520,65.60,0.000
2024-11-24T06:30:00,4.520,0.00,0.000
2024-11-24T06:15:00,4.520,0.00,0.000
2024-11-24T06:00:00,4.520,0.00,0.000
2024-11-24T05:45:00,4.520,0.00,0.000
2024-11-24T05:30:00,4.520,0.00,0.000
2024-11-24T05:15:00,4.520,0.00,0.000
2024-11-24T05:00:00,4.530,0.00,0.000
2024-11-24T04:45:00,4.530,0.00,0.000
2024-11-24T04:30:00,4.530,0.00,0.000
2024-11-24T04:15:00,4.530,0.00,0.000
2024-11-24T04:00:00,4.530,34.60,0.000
2024-11-24T03:45:00,4.530,0.00,0.000
2024-11-24T03:30:00,4.530,0.00,0.000
2024-11-24T03:15:00,4.540,0.00,0.000
2024-11-24T03:00:00,4.540,0.00,0.000
2024-11-24T02:45:00,4.540,0.00,0.000
2024-11-24T02:30:00,4.540,0.00,0.000
2024-11-24T02:15:00,4.550,0.00,0.000
2024-11-24T02:00:00,4.550,0.00,0.000
2024-11-24T01:45:00,4.550,0.00,0.000
2024-11-24T01:30:00,4.550,0.00,0.000
2024-11-24T01:15:00,4.550,0.00,0.000
2024-11-24T01:00:00,4.550,0.00,0.000
2024-11-24T00:45:00,4.550,0.00,0.000
2024-11-24T00:30:00,4.550,0.00,0.000
2024-11-24T00:15:00,4.560,0.00,0.000
2024-11-24T00:00:00,4.560,0.00,0.000
2024-11-23T23:45:00,4.560,0.00,0.000
2024-11-23T23:30:00,4.560,0.00,0.000
2024-11-23T23:15:00,4.560,0.00,0.000
2024-11-23T23:00:00,4.560,0.00,0.000
2024-11-23T22:45:00,4.560,0.00,0.000
2024-11-23T22:30:00,4.560,0.00,0.000
2024-11-23T22:15:00,4.560,0.00,0.000
2024-11-23T22:00:00,4.560,0.00,0.000
2024-11-23T21:45:00,4.560,0.00,0.000
2024-11-23T21:30:00,4.550,0.00,0.000
2024-11-23T21:15:00,4.550,0.00,0.000
2024-11-23T21:00:00,4.550,0.00,0.000
2024-11-23T20:45:00,4.540,37.30,0.000
2024-11-23T20:30:00,4.540,0.00,0.000
2024-11-23T20:15:00,4.530,0.00,0.000
2024-11-23T20:00:00,4.530,0.00,0.000
2024-11-23T19:45:00,4.530,0.00,0.000
2024-11-23T19:30:00,4.520,34.60,0.000
2024-11-23T19:15:00,4.520,0.00,0.000
2024-11-23T19:00:00,4.510,0.00,0.000
2024-11-23T18:45:00,4.510,0.00,0.000
2024-11-23T18:30:00,4.510,0.00,0.000
2024-11-23T18:15:00,4.500,0.00,0.000
2024-11-23T18:00:00,4.500,0.00,0.000
2024-11-23T17:45:00,4.490,0.00,0.000
2024-11-23T17:30:00,4.480,0.00,0.000
2024-11-23T17:15:00,4.480,39.60,0.000
2024-11-23T17:00:00,4.480,0.00,0.000
2024-11-23T16:45:00,4.480,34.30,0.000
2024-11-23T16:30:00,4.470,0.00,0.000
2024-11-23T16:15:00,4.470,0.00,0.000
2024-11-23T16:00:00,4.470,0.00,0.000
2024-11-23T15:45:00,4.470,0.00,0.000
2024-11-23T15:30:00,4.460,0.00,0.000
2024-11-23T15:15:00,4.460,36.10,0.000
2024-11-23T15:00:00,4.460,39.90,0.000
2024-11-23T14:45:00,4.460,34.20,0.000
2024-11-23T14:30:00,4.460,0.00,0.000
2024-11-23T14:15:00,4.450,0.00,0.000
2024-11-23T14:00:00,4.450,0.00,0.000
2024-11-23T13:45:00,4.450,0.00,0.000
2024-11-23T13:30:00,4.450,0.00,0.000
2024-11-23T13:15:00,4.450,37.90,0.000
2024-11-23T13:00:00,4.450,0.00,0.000
2024-11-23T12:45:00,4.450,38.60,0.000
2024-11-23T12:30:00,4.440,0.00,0.000
2024-11-23T12:15:00,4.450,0.00,0.000
2024-11-23T12:00:00,4.450,34.80,0.000
2024-11-23T11:45:00,4.450,37.40,0.000
2024-11-23T11:30:00,4.460,0.00,0.000
2024-11-23T11:15:00,4.460,50.80,0.000
2024-11-23T11:00:00,4.470,37.80,0.000
2024-11-23T10:45:00,4.470,0.00,0.000
2024-11-23T10:30:00,4.480,58.50,0.000
2024-11-23T10:15:00,4.480,58.90,0.000
2024-11-23T10:00:00,4.480,61.90,0.000
2024-11-23T09:45:00,4.480,59.40,0.000
2024-11-23T09:30:00,4.490,53.20,0.000
2024-11-23T09:15:00,4.500,34.40,0.000
2024-11-23T09:00:00,4.500,55.50,0.000
2024-11-23T08:45:00,4.500,0.00,0.000
2024-11-23T08:30:00,4.510,0.00,0.000
2024-11-23T08:15:00,4.510,35.50,0.000
2024-11-23T08:00:00,4.520,38.50,0.000
2024-11-23T07:45:00,4.520,39.40,0.000
2024-11-23T07:30:00,4.520,60.70,0.000
2024-11-23T07:15:00,4.520,37.80,0.000
2024-11-23T07:00:00,4.540,44.80,0.000
2024-11-23T06:45:00,4.540,0.00,0.000
2024-11-23T06:30:00,4.540,0.00,0.000
2024-11-23T06:15:00,4.540,0.00,0.000
2024-11-23T06:00:00,4.540,0.00,0.000
2024-11-23T05:45:00,4.540,0.00,0.000
2024-11-23T05:30:00,4.540,0.00,0.000
2024-11-23T05:15:00,4.540,0.00,0.000
2024-11-23T05:00:00,4.540,0.00,0.000
2024-11-23T04:45:00,4.540,0.00,0.000
2024-11-23T04:30:00,4.540,0.00,0.000
2024-11-23T04:15:00,4.540,0.00,0.000
2024-11-23T04:00:00,4.540,0.00,0.000
2024-11-23T03:45:00,4.540,52.20,0.000
2024-11-23T03:30:00,4.540,0.00,0.000
2024-11-23T03:15:00,4.540,0.00,0.000
2024-11-23T03:00:00,4.540,0.00,0.000
2024-11-23T02:45:00,4.540,0.00,0.000
2024-11-23T02:30:00,4.540,0.00,0.000
2024-11-23T02:15:00,4.550,0.00,0.000
2024-11-23T02:00:00,4.540,0.00,0.000
2024-11-23T01:45:00,4.540,0.00,0.000
2024-11-23T01:30:00,4.540,0.00,0.000
2024-11-23T01:15:00,4.540,0.00,0.000
2024-11-23T01:00:00,4.540,0.00,0.000
2024-11-23T00:45:00,4.540,0.00,0.000
2024-11-23T00:30:00,4.540,0.00,0.000
2024-11-23T00:15:00,4.540,0.00,0.000
2024-11-23T00:00:00,4.540,0.00,0.000
2024-11-22T23:45:00,4.540,0.00,0.000
2024-11-22T23:30:00,4.550,0.00,0.000
2024-11-22T23:15:00,4.540,0.00,0.000
2024-11-22T23:00:00,4.540,0.00,0.000
2024-11-22T22:45:00,4.550,0.00,0.000
2024-11-22T22:30:00,4.550,0.00,0.000
2024-11-22T22:15:00,4.540,0.00,0.000
2024-11-22T22:00:00,4.550,0.00,0.000
2024-11-22T21:45:00,4.540,0.00,0.000
2024-11-22T21:30:00,4.540,0.00,0.000
2024-11-22T21:15:00,4.540,0.00,0.000
2024-11-22T21:00:00,4.540,0.00,0.000
2024-11-22T20:45:00,4.540,0.00,0.000
2024-11-22T20:30:00,4.540,0.00,0.000
2024-11-22T20:15:00,4.550,0.00,0.000
2024-11-22T20:00:00,4.550,0.00,0.000
2024-11-22T19:45:00,4.540,0.00,0.000
2024-11-22T19:45:00,4.540,0.00,0.000
2024-11-22T19:30:00,4.540,0.00,0.000
2024-11-22T19:30:00,4.540,0.00,0.000
2024-11-22T19:15:00,4.540,0.00,0.000
2024-11-22T19:15:00,4.540,0.00,0.000
2024-11-22T19:00:00,4.540,0.00,0.000
2024-11-22T19:00:00,4.540,0.00,0.000
2024-11-22T18:45:00,4.540,0.00,0.000
2024-11-22T18:45:00,4.540,0.00,0.000
2024-11-22T18:30:00,4.540,0.00,0.000
2024-11-22T18:30:00,4.540,0.00,0.000
2024-11-22T18:15:00,4.540,143.60,0.000
2024-11-22T18:15:00,4.540,143.60,0.000
2024-11-22T18:00:00,4.540,0.00,0.000
2024-11-22T18:00:00,4.540,0.00,0.000
2024-11-22T17:45:00,4.540,0.00,0.000
2024-11-22T17:45:00,4.540,0.00,0.000
2024-11-22T17:30:00,4.540,0.00,0.000
2024-11-22T17:30:00,4.540,0.00,0.000
2024-11-22T17:15:00,4.540,0.00,0.000
2024-11-22T17:15:00,4.540,0.00,0.000
2024-11-22T17:00:00,4.540,0.00,0.000
2024-11-22T17:00:00,4.540,0.00,0.000
2024-11-22T16:45:00,4.540,0.00,0.000
2024-11-22T16:45:00,4.540,0.00,0.000
2024-11-22T16:30:00,4.540,0.00,0.000
2024-11-22T16:30:00,4.540,0.00,0.000
2024-11-22T16:15:00,4.530,0.00,0.000
2024-11-22T16:15:00,4.530,0.00,0.000
2024-11-22T16:00:00,4.540,37.20,0.000
2024-11-22T16:00:00,4.540,37.20,0.000
2024-11-22T15:45:00,4.540,37.00,0.000
2024-11-22T15:45:00,4.540,37.00,0.000
2024-11-22T15:30:00,4.530,0.00,0.000
2024-11-22T15:30:00,4.530,0.00,0.000
2024-11-22T15:15:00,4.540,49.00,0.000
2024-11-22T15:15:00,4.540,49.00,0.000
2024-11-22T15:00:00,4.540,0.00,0.000
2024-11-22T15:00:00,4.540,0.00,0.000
2024-11-22T14:45:00,4.540,38.50,0.000
2024-11-22T14:45:00,4.540,38.50,0.000
2024-11-22T14:30:00,4.540,0.00,0.000
2024-11-22T14:30:00,4.540,0.00,0.000
2024-11-22T14:15:00,4.540,0.00,0.000
2024-11-22T14:15:00,4.540,0.00,0.000
2024-11-22T14:00:00,4.540,0.00,0.000
2024-11-22T14:00:00,4.540,0.00,0.000
2024-11-22T13:45:00,4.540,34.80,0.000
2024-11-22T13:45:00,4.540,34.80,0.000
2024-11-22T13:30:00,4.540,0.00,0.000
2024-11-22T13:30:00,4.540,0.00,0.000
2024-11-22T13:15:00,4.540,53.60,0.000
2024-11-22T13:15:00,4.540,53.60,0.000
2024-11-22T13:00:00,4.540,39.20,0.000
2024-11-22T13:00:00,4.540,39.20,0.000
2024-11-22T12:45:00,4.540,0.00,0.000
2024-11-22T12:45:00,4.540,0.00,0.000
2024-11-22T12:30:00,4.540,0.00,0.000
2024-11-22T12:30:00,4.540,0.00,0.000
2024-11-22T12:15:00,4.540,0.00,0.000
2024-11-22T12:15:00,4.540,0.00,0.000
2024-11-22T12:00:00,4.540,39.50,0.000
2024-11-22T12:00:00,4.540,39.50,0.000
2024-11-22T11:45:00,4.540,0.00,0.000
2024-11-22T11:45:00,4.540,0.00,0.000
2024-11-22T11:30:00,4.540,43.40,0.000
2024-11-22T11:30:00,4.540,43.40,0.000
2024-11-22T11:15:00,4.540,0.00,0.000
2024-11-22T11:15:00,4.540,0.00,0.000
2024-11-22T11:00:00,4.550,34.70,0.000
2024-11-22T11:00:00,4.550,34.70,0.000
2024-11-22T10:45:00,4.540,39.10,0.000
2024-11-22T10:45:00,4.540,39.10,0.000
2024-11-22T10:30:00,4.550,34.90,0.000
2024-11-22T10:30:00,4.550,34.90,0.000
2024-11-20T12:45:00,4.490,59.30,0.000
2024-11-20T12:30:00,4.490,34.50,0.000
2024-11-20T12:15:00,4.500,0.00,0.000
2024-11-20T12:00:00,4.510,44.70,0.000
2024-11-20T11:45:00,4.510,0.00,0.000
2024-11-20T11:30:00,4.510,41.20,0.000
2024-11-20T11:15:00,4.510,39.50,0.000
2024-11-20T11:00:00,4.510,0.00,0.000
2024-11-20T10:45:00,4.520,0.00,0.000
2024-11-20T10:30:00,4.520,0.00,0.000
2024-11-20T10:15:00,4.520,50.10,0.000
2024-11-20T10:00:00,4.520,0.00,0.000
2024-11-20T09:45:00,4.520,58.60,0.000
2024-11-20T09:30:00,4.520,61.00,0.000
2024-11-20T09:15:00,4.530,56.40,0.000
2024-11-20T09:00:00,4.520,52.50,0.000
2024-11-20T08:45:00,4.530,51.60,0.000
2024-11-20T08:30:00,4.530,0.00,0.000
2024-11-20T08:15:00,4.530,40.40,0.000
2024-11-20T08:00:00,4.530,0.00,0.000
2024-11-20T07:45:00,4.530,55.10,0.000
2024-11-20T07:30:00,4.540,41.10,0.000
2024-11-20T07:15:00,4.540,36.00,0.000
2024-11-20T07:00:00,4.540,0.00,0.000
2024-11-20T06:45:00,4.540,0.00,0.000
2024-11-20T06:30:00,4.550,34.70,0.000
2024-11-20T06:15:00,4.540,41.30,0.000
2024-11-20T06:00:00,4.550,0.00,0.000
2024-11-20T05:45:00,4.550,0.00,0.000
2024-11-20T05:30:00,4.550,0.00,0.000
2024-11-20T05:15:00,4.550,84.00,0.000
2024-11-20T05:00:00,4.550,0.00,0.000
2024-11-20T04:45:00,4.550,34.70,0.000
2024-11-20T04:30:00,4.550,0.00,0.000
2024-11-20T04:15:00,4.550,0.00,0.000
2024-11-20T04:00:00,4.550,0.00,0.000
2024-11-20T03:45:00,4.550,0.00,0.000
2024-11-20T03:30:00,4.550,0.00,0.000
2024-11-20T03:15:00,4.550,0.00,0.000
2024-11-20T03:00:00,4.550,0.00,0.000
2024-11-20T02:45:00,4.550,0.00,0.000
2024-11-20T02:30:00,4.550,0.00,0.000
2024-11-20T02:15:00,4.550,34.80,0.000
2024-11-20T02:00:00,4.550,0.00,0.000
2024-11-20T01:45:00,4.560,0.00,0.000
2024-11-20T01:30:00,4.550,0.00,0.000
2024-11-20T01:15:00,4.550,0.00,0.000
2024-11-20T01:00:00,4.550,0.00,0.000
2024-11-20T00:45:00,4.560,0.00,0.000
2024-11-20T00:30:00,4.560,0.00,0.000
2024-11-20T00:15:00,4.560,0.00,0.000
2024-11-20T00:00:00,4.560,0.00,0.000
2024-11-19T23:45:00,4.560,0.00,0.000
2024-11-19T23:30:00,4.560,0.00,0.000
2024-11-19T23:15:00,4.560,0.00,0.000
2024-11-19T23:00:00,4.560,0.00,0.000
2024-11-19T22:45:00,4.560,0.00,0.000
2024-11-19T22:30:00,4.560,0.00,0.000
2024-11-19T22:15:00,4.560,0.00,0.000
2024-11-19T22:00:00,4.560,0.00,0.000
2024-11-19T21:45:00,4.560,0.00,0.000
2024-11-19T21:30:00,4.560,0.00,0.000
2024-11-19T21:15:00,4.560,0.00,0.000
2024-11-19T21:00:00,4.560,0.00,0.000
2024-11-19T20:45:00,4.560,0.00,0.000
2024-11-19T20:30:00,4.560,0.00,0.000
2024-11-19T20:15:00,4.560,0.00,0.000
2024-11-19T20:00:00,4.560,0.00,0.000
2024-11-19T19:45:00,4.560,0.00,0.000
2024-11-19T19:30:00,4.560,0.00,0.000
2024-11-19T19:15:00,4.560,0.00,0.000
2024-11-19T19:00:00,4.560,0.00,0.000
2024-11-19T18:45:00,4.560,0.00,0.000
2024-11-19T18:30:00,4.560,0.00,0.000
2024-11-19T18:15:00,4.560,0.00,0.000
2024-11-19T18:00:00,4.560,0.00,0.000
2024-11-19T17:45:00,4.550,0.00,0.000
2024-11-19T17:30:00,4.550,0.00,0.000
2024-11-19T17:15:00,4.550,0.00,0.000
2024-11-19T17:00:00,4.550,38.70,0.000
2024-11-19T16:45:00,4.550,41.10,0.000
2024-11-19T16:30:00,4.550,44.30,0.000
2024-11-19T16:15:00,4.560,0.00,0.000
2024-11-19T16:00:00,4.560,35.10,0.000
2024-11-19T15:45:00,4.560,0.00,0.000
2024-11-19T15:30:00,4.560,0.00,0.000
2024-11-19T15:15:00,4.570,52.00,0.000
2024-11-19T15:00:00,4.570,0.00,0.000
2024-11-19T14:45:00,4.570,40.00,0.000
2024-11-19T14:30:00,4.570,0.00,0.000
2024-11-19T14:15:00,4.580,0.00,0.000
2024-11-19T14:00:00,4.580,40.40,0.000
2024-11-19T13:45:00,4.580,40.60,0.000
2024-11-19T13:30:00,4.580,42.00,0.000
2024-11-19T13:15:00,4.580,0.00,0.000
2024-11-19T13:00:00,4.580,0.00,0.000
2024-11-19T12:45:00,4.590,0.00,0.000
2024-11-19T12:30:00,4.590,41.60,0.000
2024-11-19T12:15:00,4.590,62.50,0.000
2024-11-19T12:00:00,4.600,40.20,0.000
2024-11-19T11:45:00,4.600,58.10,0.000
2024-11-19T11:30:00,4.600,0.00,0.000
2024-11-19T11:15:00,4.600,0.00,0.000
2024-11-19T11:00:00,4.600,0.00,0.000
2024-11-19T10:45:00,4.600,60.70,0.000
2024-11-19T10:30:00,4.610,0.00,0.000
2024-11-19T10:15:00,4.610,0.00,0.000
2024-11-19T10:00:00,4.610,0.00,0.000
2024-11-19T09:45:00,4.610,0.00,0.000
2024-11-19T09:30:00,4.620,0.00,0.000
2024-11-19T09:15:00,4.620,0.00,0.000
2024-11-19T09:00:00,4.620,0.00,0.000
2024-11-19T08:45:00,4.620,0.00,0.000
2024-11-19T08:30:00,4.620,0.00,0.000
2024-11-19T08:15:00,4.620,0.00,0.000
2024-11-19T08:00:00,4.630,0.00,0.000
2024-11-19T07:45:00,4.630,0.00,0.000
2024-11-19T07:30:00,4.630,35.20,0.000
2024-11-19T07:15:00,4.640,0.00,0.000
2024-11-19T07:00:00,4.640,0.00,0.000
2024-11-19T06:45:00,4.640,0.00,0.000
2024-11-19T06:30:00,4.640,0.00,0.000
2024-11-19T06:15:00,4.640,0.00,0.000
2024-11-19T06:00:00,4.640,0.00,0.000
2024-11-19T05:45:00,4.650,0.00,0.000
2024-11-19T05:30:00,4.650,0.00,0.000
2024-11-19T05:15:00,4.650,0.00,0.000
2024-11-19T05:00:00,4.650,35.30,0.000
2024-11-19T04:45:00,4.650,0.00,0.000
2024-11-19T04:30:00,4.650,0.00,0.000
2024-11-19T04:15:00,4.650,0.00,0.000
2024-11-19T04:00:00,4.650,0.00,0.000
2024-11-19T03:45:00,4.650,0.00,0.000
2024-11-19T03:30:00,4.650,0.00,0.000
2024-11-19T03:15:00,4.650,0.00,0.000
2024-11-19T03:00:00,4.650,0.00,0.000
2024-11-19T02:45:00,4.650,0.00,0.000
2024-11-19T02:30:00,4.650,0.00,0.000
2024-11-19T02:15:00,4.650,0.00,0.000
2024-11-19T02:00:00,4.650,0.00,0.000
2024-11-19T01:45:00,4.650,0.00,0.000
2024-11-19T01:30:00,4.650,0.00,0.000
2024-11-19T01:15:00,4.650,0.00,0.000
2024-11-19T01:00:00,4.650,0.00,0.000
2024-11-19T00:45:00,4.650,0.00,0.000
2024-11-19T00:30:00,4.660,0.00,0.000
2024-11-19T00:15:00,4.650,0.00,0.000
2024-11-19T00:00:00,4.650,0.00,0.000
2024-11-18T23:45:00,4.650,0.00,0.000
2024-11-18T23:30:00,4.660,0.00,0.000
2024-11-18T23:15:00,4.650,0.00,0.000
2024-11-18T23:00:00,4.650,0.00,0.000
2024-11-18T22:45:00,4.650,0.00,0.000
2024-11-18T22:30:00,4.650,0.00,0.000
2024-11-18T22:15:00,4.650,0.00,0.000
2024-11-18T22:00:00,4.650,0.00,0.000
2024-11-18T21:45:00,4.650,35.30,0.000
2024-11-18T21:30:00,4.650,0.00,0.000
2024-11-18T21:15:00,4.650,37.70,0.000
2024-11-18T21:00:00,4.650,0.00,0.000
2024-11-18T20:45:00,4.650,0.00,0.000
2024-11-18T20:30:00,4.650,48.10,0.000
2024-11-18T20:15:00,4.650,0.00,0.000
2024-11-18T20:00:00,4.650,122.60,0.000
2024-11-18T19:45:00,4.650,0.00,0.000
2024-11-18T19:30:00,4.650,0.00,0.000
2024-11-18T19:15:00,4.640,0.00,0.000
2024-11-18T19:00:00,4.640,0.00,0.000
2024-11-18T18:45:00,4.640,0.00,0.000
2024-11-18T18:30:00,4.640,0.00,0.000
2024-11-18T18:15:00,4.640,0.00,0.000
2024-11-18T18:00:00,4.640,0.00,0.000
2024-11-18T17:45:00,4.630,37.90,0.000
2024-11-18T17:30:00,4.630,0.00,0.000
2024-11-18T17:15:00,4.630,39.30,0.000
2024-11-18T17:00:00,4.620,0.00,0.000
2024-11-18T16:45:00,4.620,36.20,0.000
2024-11-18T16:30:00,4.620,41.20,0.000
2024-11-18T16:15:00,4.620,0.00,0.000
2024-11-18T16:00:00,4.620,0.00,0.000
2024-11-18T15:45:00,4.610,36.10,0.000
2024-11-18T15:30:00,4.620,0.00,0.000
2024-11-18T15:15:00,4.610,35.20,0.000
2024-11-18T15:00:00,4.610,0.00,0.000
2024-11-18T14:45:00,4.610,35.20,0.000
2024-11-18T14:30:00,4.610,38.50,0.000
2024-11-18T14:15:00,4.610,62.70,0.000
2024-11-18T14:00:00,4.610,35.10,0.000
2024-11-18T13:45:00,4.610,38.00,0.000
2024-11-18T13:30:00,4.610,36.60,0.000
2024-11-18T13:15:00,4.610,0.00,0.000
2024-11-18T13:00:00,4.610,0.00,0.000
2024-11-18T12:45:00,4.620,0.00,0.000
2024-11-18T12:30:00,4.620,0.00,0.000
2024-11-18T12:15:00,4.620,0.00,0.000
2024-11-18T12:00:00,4.620,0.00,0.000
2024-11-18T11:45:00,4.620,0.00,0.000
2024-11-18T11:30:00,4.620,60.50,0.000
2024-11-18T11:15:00,4.630,39.00,0.000
2024-11-18T11:00:00,4.620,0.00,0.000
2024-11-18T10:45:00,4.630,0.00,0.000
2024-11-18T10:30:00,4.630,35.20,0.500
2024-11-18T10:15:00,4.630,65.40,0.000
2024-11-18T10:00:00,4.630,47.90,0.000
2024-11-18T09:45:00,4.640,57.90,0.000
2024-11-18T09:30:00,4.640,0.00,0.000
2024-11-18T09:15:00,4.640,0.00,0.000
2024-11-18T09:00:00,4.640,0.00,0.000
2024-11-18T08:45:00,4.640,0.00,0.000
2024-11-18T08:30:00,4.640,0.00,0.000
2024-11-18T08:15:00,4.650,0.00,0.000
2024-11-18T08:00:00,4.650,0.00,0.000
2024-11-18T07:45:00,4.650,0.00,0.000
2024-11-18T07:30:00,4.650,0.00,0.000
2024-11-18T07:15:00,4.650,0.00,0.000
2024-11-18T07:00:00,4.650,0.00,0.000
2024-11-18T06:45:00,4.650,0.00,0.000
2024-11-18T06:30:00,4.640,0.00,0.000
2024-11-18T06:15:00,4.640,0.00,0.000
2024-11-18T06:00:00,4.640,0.00,0.000
2024-11-18T05:45:00,4.640,0.00,0.000
2024-11-18T05:30:00,4.640,0.00,0.000
2024-11-18T05:15:00,4.640,0.00,0.000
2024-11-18T05:00:00,4.630,0.00,0.000
2024-11-18T04:45:00,4.630,0.00,0.000
2024-11-18T04:30:00,4.630,0.00,0.000
2024-11-18T04:15:00,4.630,0.00,0.000
2024-11-18T04:00:00,4.620,0.00,0.000
2024-11-18T03:45:00,4.620,0.00,0.000
2024-11-18T03:30:00,4.620,0.00,0.000
2024-11-18T03:15:00,4.620,0.00,0.000
2024-11-18T03:00:00,4.620,0.00,0.000
2024-11-18T02:45:00,4.610,0.00,0.000
2024-11-18T02:30:00,4.610,0.00,0.000
2024-11-18T02:15:00,4.610,38.30,0.000
2024-11-18T02:00:00,4.600,0.00,0.000
2024-11-18T01:45:00,4.600,0.00,0.000
2024-11-18T01:30:00,4.600,0.00,0.000
2024-11-18T01:15:00,4.590,0.00,0.000
2024-11-18T01:00:00,4.590,35.00,0.000
2024-11-18T00:45:00,4.590,0.00,0.000
2024-11-18T00:30:00,4.580,0.00,0.000
2024-11-18T00:15:00,4.580,0.00,0.000
2024-11-18T00:00:00,4.580,0.00,0.000
2024-12-01T23:45:00,3.600,0.00,0.000
2024-12-01T23:30:00,3.600,0.00,0.000
2024-12-01T23:15:00,3.600,0.00,0.000
2024-12-01T23:00:00,3.600,0.00,0.000
2024-12-01T22:45:00,3.600,0.00,0.000
2024-12-01T22:30:00,3.600,0.00,0.000
2024-12-01T22:15:00,3.590,0.00,0.000
2024-12-01T22:00:00,3.590,0.00,0.000
2024-12-01T21:45:00,3.580,0.00,0.000
2024-12-01T21:30:00,3.580,0.00,0.000
2024-12-01T21:15:00,3.580,0.00,0.000
2024-12-01T21:00:00,3.570,0.00,0.000
2024-12-01T20:45:00,3.570,0.00,0.000
2024-12-01T20:30:00,3.560,0.00,0.000
2024-12-01T20:15:00,3.560,0.00,0.000
2024-12-01T20:00:00,3.550,0.00,0.000
2024-12-01T19:45:00,3.550,0.00,0.000
2024-12-01T19:30:00,3.540,0.00,0.000
2024-12-01T19:15:00,3.540,0.00,0.000
2024-12-01T19:00:00,3.530,0.00,0.000
2024-12-01T18:45:00,3.520,0.00,0.000
2024-12-01T18:30:00,3.520,0.00,0.000
2024-12-01T18:15:00,3.510,0.00,0.000
2024-12-01T18:00:00,3.510,0.00,0.000
2024-12-01T17:45:00,3.500,0.00,0.000
2024-12-01T17:30:00,3.490,0.00,0.000
2024-12-01T17:15:00,3.490,0.00,0.000
2024-12-01T17:00:00,3.480,0.00,0.000
2024-12-01T16:45:00,3.470,0.00,0.000
2024-12-01T16:30:00,3.470,0.00,0.000
2024-12-01T16:15:00,3.460,0.00,0.000
2024-12-01T16:00:00,3.460,0.00,0.000
2024-12-01T15:45:00,3.450,0.00,0.000
2024-12-01T15:30:00,3.450,0.00,0.000
2024-12-01T15:15:00,3.440,28.70,0.000
2024-12-01T15:00:00,3.440,0.00,0.000
2024-12-01T14:45:00,3.430,0.00,0.000
2024-12-01T14:30:00,3.430,0.00,0.000
2024-12-01T14:15:00,3.420,0.00,0.000
2024-12-01T14:00:00,3.420,0.00,0.000
2024-12-01T13:45:00,3.420,0.00,0.000
2024-12-01T13:30:00,3.410,0.00,0.000
2024-12-01T13:15:00,3.410,0.00,0.000
2024-12-01T13:00:00,3.410,0.00,0.000
2024-12-01T12:45:00,3.410,0.00,0.000
2024-12-01T12:30:00,3.420,0.00,0.000
2024-12-01T12:15:00,3.420,0.00,0.000
2024-12-01T12:00:00,3.420,0.00,0.000
2024-12-01T11:45:00,3.430,0.00,0.000
2024-12-01T11:30:00,3.430,0.00,0.000
2024-12-01T11:15:00,3.430,0.00,0.000
2024-12-01T11:00:00,3.430,0.00,0.000
2024-12-01T10:45:00,3.430,0.00,0.000
2024-12-01T10:30:00,3.440,0.00,0.000
2024-12-01T10:15:00,3.440,0.00,0.000
2024-12-01T10:00:00,3.440,0.00,0.000
2024-12-01T09:45:00,3.440,0.00,0.000
2024-12-01T09:30:00,3.450,0.00,0.000
2024-12-01T09:15:00,3.450,0.00,0.000
2024-12-01T09:00:00,3.450,0.00,0.000
2024-12-01T08:45:00,3.460,0.00,0.000
2024-12-01T08:30:00,3.460,0.00,0.000
2024-12-01T08:15:00,3.460,0.00,0.000
2024-12-01T08:00:00,3.460,0.00,0.000
2024-12-01T07:45:00,3.470,0.00,0.000
2024-12-01T07:30:00,3.470,0.00,0.000
2024-12-01T07:15:00,3.470,0.00,0.000
2024-12-01T07:00:00,3.480,0.00,0.000
2024-12-01T06:45:00,3.480,0.00,0.000
2024-12-01T06:30:00,3.480,0.00,0.000
2024-12-01T06:15:00,3.480,0.00,0.000
2024-12-01T06:00:00,3.480,0.00,0.000
2024-12-01T05:45:00,3.480,0.00,0.000
2024-12-01T05:30:00,3.490,0.00,0.000
2024-12-01T05:15:00,3.490,0.00,0.000
2024-12-01T05:00:00,3.490,0.00,0.000
2024-12-01T04:45:00,3.490,0.00,0.000
2024-12-01T04:30:00,3.490,0.00,0.000
2024-12-01T04:15:00,3.490,0.00,0.000
2024-12-01T04:00:00,3.500,0.00,0.000
2024-12-01T03:45:00,3.500,0.00,0.000
2024-12-01T03:30:00,3.500,0.00,0.000
2024-12-01T03:15:00,3.500,0.00,0.000
2024-12-01T03:00:00,3.500,0.00,0.000
2024-12-01T02:45:00,3.500,0.00,0.000
2024-12-01T02:30:00,3.500,0.00,0.000
2024-12-01T02:15:00,3.500,0.00,0.000
2024-12-01T02:00:00,3.510,0.00,0.000
2024-12-01T01:45:00,3.510,0.00,0.000
2024-12-01T01:30:00,3.510,0.00,0.000
2024-12-01T01:15:00,3.510,0.00,0.000
2024-12-01T01:00:00,3.510,0.00,0.000
2024-12-01T00:45:00,3.510,0.00,0.000
2024-12-01T00:30:00,3.510,0.00,0.000
2024-12-01T00:15:00,3.510,0.00,0.000
2024-12-01T00:00:00,3.510,0.00,0.000
2024-11-30T23:45:00,3.510,0.00,0.000
2024-11-30T23:30:00,3.510,0.00,0.000
2024-11-30T23:15:00,3.510,0.00,0.000
2024-11-30T23:00:00,3.510,26.80,0.000
2024-11-30T22:45:00,3.500,0.00,0.000
2024-11-30T22:30:00,3.500,0.00,0.000
2024-11-30T22:15:00,3.500,0.00,0.000
2024-11-30T22:00:00,3.490,0.00,0.000
2024-11-30T21:45:00,3.490,0.00,0.000
2024-11-30T21:30:00,3.480,0.00,0.000
2024-11-30T21:15:00,3.470,0.00,0.000
2024-11-30T21:00:00,3.470,0.00,0.000
2024-11-30T20:45:00,3.460,0.00,0.000
2024-11-30T20:30:00,3.460,0.00,0.000
2024-11-30T20:15:00,3.450,0.00,0.000
2024-11-30T20:00:00,3.440,0.00,0.000
2024-11-30T19:45:00,3.440,0.00,0.000
2024-11-30T19:30:00,3.430,0.00,0.000
2024-11-30T19:15:00,3.420,0.00,0.000
2024-11-30T19:00:00,3.420,0.00,0.000
2024-11-30T18:45:00,3.410,0.00,0.000
2024-11-30T18:30:00,3.410,0.00,0.000
2024-11-30T18:15:00,3.400,0.00,0.000
2024-11-30T18:00:00,3.390,0.00,0.000
2024-11-30T17:45:00,3.380,0.00,0.000
2024-11-30T17:30:00,3.380,0.00,0.000
2024-11-30T17:15:00,3.370,0.00,0.000
2024-11-30T17:00:00,3.360,0.00,0.000
2024-11-30T16:45:00,3.350,0.00,0.000
2024-11-30T16:30:00,3.350,0.00,0.000
2024-11-30T16:15:00,3.340,0.00,0.000
2024-11-30T16:00:00,3.320,0.00,0.000
2024-11-30T15:45:00,3.320,0.00,0.000
2024-11-30T15:30:00,3.320,0.00,0.000
2024-11-30T15:15:00,3.320,0.00,0.000
2024-11-30T15:00:00,3.320,0.00,0.000
2024-11-30T14:45:00,3.320,0.00,0.000
2024-11-30T14:30:00,3.330,0.00,0.000
2024-11-30T14:15:00,3.330,0.00,0.000
2024-11-30T14:00:00,3.340,0.00,0.000
2024-11-30T13:45:00,3.340,0.00,0.000
2024-11-30T13:30:00,3.350,0.00,0.000
2024-11-30T13:15:00,3.350,0.00,0.000
2024-11-30T13:00:00,3.360,0.00,0.000
2024-11-30T12:45:00,3.370,29.60,0.000
2024-11-30T12:30:00,3.380,0.00,0.000
2024-11-30T12:15:00,3.390,0.00,0.000
2024-11-30T12:00:00,3.400,0.00,0.000
2024-11-30T11:45:00,3.400,0.00,0.000
2024-11-30T11:30:00,3.440,0.00,0.000
2024-11-30T11:15:00,3.440,0.00,0.000
2024-11-30T11:00:00,3.440,0.00,0.000
2024-11-30T10:45:00,3.440,0.00,0.000
2024-11-30T10:30:00,3.450,0.00,0.000
2024-11-30T10:15:00,3.460,0.00,0.000
2024-11-30T10:00:00,3.470,0.00,0.000
2024-11-30T09:45:00,3.480,0.00,0.000
2024-11-30T09:30:00,3.490,0.00,0.000
2024-11-30T09:15:00,3.490,0.00,0.000
2024-11-30T09:00:00,3.500,0.00,0.000
2024-11-30T08:45:00,3.510,0.00,0.000
2024-11-30T08:30:00,3.520,0.00,0.000
2024-11-30T08:15:00,3.530,0.00,0.000
2024-11-30T08:00:00,3.530,0.00,0.000
2024-11-30T07:45:00,3.540,0.00,0.000
2024-11-30T07:30:00,3.580,0.00,0.000
2024-11-30T07:15:00,3.580,0.00,0.000
2024-11-30T07:00:00,3.580,0.00,0.000
2024-11-30T06:45:00,3.580,0.00,0.000
2024-11-30T06:30:00,3.580,0.00,0.000
2024-11-30T06:15:00,3.580,0.00,0.000
2024-11-30T06:00:00,3.580,0.00,0.000
2024-11-30T05:45:00,3.580,0.00,0.000
2024-11-30T05:30:00,3.580,0.00,0.000
2024-11-30T05:15:00,3.580,0.00,0.000
2024-11-30T05:00:00,3.580,0.00,0.000
2024-11-30T04:45:00,3.580,0.00,0.000
2024-11-30T04:30:00,3.580,0.00,0.000
2024-11-30T04:15:00,3.580,0.00,0.000
2024-11-30T04:00:00,3.580,0.00,0.000
2024-11-30T03:45:00,3.580,0.00,0.000
2024-11-30T03:30:00,3.580,0.00,0.000
2024-11-30T03:15:00,3.580,0.00,0.000
2024-11-30T03:00:00,3.580,0.00,0.000
2024-11-30T02:45:00,3.580,0.00,0.000
2024-11-30T02:30:00,3.580,0.00,0.000
2024-11-30T02:15:00,3.590,0.00,0.000
2024-11-30T02:00:00,3.580,0.00,0.000
2024-11-30T01:45:00,3.580,0.00,0.000
2024-11-30T01:30:00,3.590,0.00,0.000
2024-11-30T01:15:00,3.580,0.00,0.000
2024-11-30T01:00:00,3.590,0.00,0.000
2024-11-30T00:45:00,3.590,0.00,0.000
2024-11-30T00:30:00,3.580,0.00,0.000
2024-11-30T00:15:00,3.590,0.00,0.000
2024-11-30T00:00:00,3.580,0.00,0.000
2024-11-29T23:45:00,3.590,0.00,0.000
2024-11-29T23:30:00,3.590,0.00,0.000
2024-11-29T23:15:00,3.590,0.00,0.000
2024-11-29T23:00:00,3.580,0.00,0.000
2024-11-29T22:45:00,3.580,0.00,0.000
2024-11-29T22:30:00,3.590,0.00,0.000
2024-11-29T22:15:00,3.590,0.00,0.000
2024-11-29T22:00:00,3.580,0.00,0.000
2024-11-29T21:45:00,3.580,0.00,0.000
2024-11-29T21:30:00,3.580,0.00,0.000
2024-11-29T21:15:00,3.580,0.00,0.000
2024-11-29T21:00:00,3.580,0.00,0.000
2024-11-29T20:45:00,3.580,0.00,0.000
2024-11-29T20:30:00,3.580,0.00,0.000
2024-11-29T20:15:00,3.580,0.00,0.000
2024-11-29T20:00:00,3.570,0.00,0.000
2024-11-29T19:45:00,3.570,0.00,0.000
2024-11-29T19:30:00,3.560,0.00,0.000
2024-11-29T19:15:00,3.560,0.00,0.000
2024-11-29T19:00:00,3.550,0.00,0.000
2024-11-29T18:45:00,3.550,0.00,0.000
2024-11-29T18:30:00,3.540,101.10,0.000
2024-11-29T18:15:00,3.540,0.00,0.000
2024-11-29T18:00:00,3.530,67.80,0.000
2024-11-29T17:45:00,3.530,0.00,0.000
2024-11-29T17:30:00,3.520,0.00,0.000
2024-11-29T17:15:00,3.520,28.40,0.000
2024-11-29T17:00:00,3.520,39.80,0.000
2024-11-29T16:45:00,3.520,31.40,0.000
2024-11-29T16:30:00,3.520,0.00,0.000
2024-11-29T16:15:00,3.520,36.90,0.000
2024-11-29T16:00:00,3.530,30.80,0.000
2024-11-29T15:45:00,3.520,0.00,0.000
2024-11-29T15:30:00,3.520,30.70,0.000
2024-11-29T15:15:00,3.520,0.00,0.000
2024-11-29T15:00:00,3.530,0.00,0.000
2024-11-29T14:45:00,3.530,0.00,0.000
2024-11-29T14:30:00,3.530,0.00,0.000
2024-11-29T14:15:00,3.530,31.20,0.000
2024-11-29T14:00:00,3.530,0.00,0.000
2024-11-29T13:45:00,3.530,0.00,0.000
2024-11-29T13:30:00,3.530,0.00,0.000
2024-11-29T13:15:00,3.530,0.00,0.000
2024-11-29T13:00:00,3.530,0.00,0.000
2024-11-29T12:45:00,3.530,0.00,0.000
2024-11-29T12:30:00,3.530,0.00,0.000
2024-11-29T12:15:00,3.530,0.00,0.000
2024-11-29T12:00:00,3.530,0.00,0.000
2024-11-29T11:45:00,3.530,0.00,0.000
2024-11-29T11:30:00,3.530,0.00,0.000
2024-11-29T11:15:00,3.530,0.00,0.000
2024-11-29T11:00:00,3.530,0.00,0.000
2024-11-29T10:45:00,3.530,36.60,0.000
2024-11-29T10:30:00,3.530,31.20,0.000
2024-11-29T10:15:00,3.530,0.00,0.000
2024-11-29T10:00:00,3.530,27.10,0.000
2024-11-29T09:45:00,3.530,0.00,0.000
2024-11-29T09:30:00,3.530,33.10,0.000
2024-11-29T09:15:00,3.530,33.60,0.000
2024-11-29T09:00:00,3.530,38.70,0.000
2024-11-29T08:45:00,3.530,36.60,0.000
2024-11-29T08:30:00,3.530,0.00,0.000
2024-11-29T08:15:00,3.530,0.00,0.000
2024-11-29T08:00:00,3.530,0.00,0.000
2024-11-29T07:45:00,3.530,0.00,0.000
2024-11-29T07:30:00,3.530,0.00,0.000
2024-11-29T07:15:00,3.530,0.00,0.000
2024-11-29T07:00:00,3.530,0.00,0.000
2024-11-29T06:45:00,3.530,0.00,0.000
2024-11-29T06:30:00,3.530,0.00,0.000
2024-11-29T06:15:00,3.530,0.00,0.000
2024-11-29T06:00:00,3.530,0.00,0.000
2024-11-29T05:45:00,3.530,0.00,0.000
2024-11-29T05:30:00,3.520,0.00,0.000
2024-11-29T05:15:00,3.530,0.00,0.000
2024-11-29T05:00:00,3.530,0.00,0.000
2024-11-29T04:45:00,3.530,0.00,0.000
2024-11-29T04:30:00,3.520,0.00,0.000
2024-11-29T04:15:00,3.520,0.00,0.000
2024-11-29T04:00:00,3.520,0.00,0.000
2024-11-29T03:45:00,3.520,0.00,0.000
2024-11-29T03:30:00,3.520,0.00,0.000
2024-11-29T03:15:00,3.520,27.60,0.000
2024-11-29T03:00:00,3.520,0.00,0.000
2024-11-29T02:45:00,3.520,28.20,0.000
2024-11-29T02:30:00,3.520,0.00,0.000
2024-11-29T02:15:00,3.510,27.80,0.000
2024-11-29T02:00:00,3.510,31.70,0.000
2024-11-29T01:45:00,3.510,0.00,0.000
2024-11-29T01:30:00,3.510,0.00,0.000
2024-11-29T01:15:00,3.510,0.00,0.000
2024-11-29T01:00:00,3.510,26.90,0.000
2024-11-29T00:45:00,3.510,0.00,0.000
2024-11-29T00:30:00,3.500,0.00,0.000
2024-11-29T00:15:00,3.500,0.00,0.000
2024-11-29T00:00:00,3.500,0.00,0.000
2024-11-28T23:45:00,3.500,0.00,0.000
2024-11-28T23:30:00,3.500,0.00,0.000
2024-11-28T23:15:00,3.500,0.00,0.000
2024-11-28T23:00:00,3.500,0.00,0.000
2024-11-28T22:45:00,3.500,0.00,0.000
2024-11-28T22:30:00,3.500,0.00,0.000
2024-11-28T22:15:00,3.490,0.00,0.000
2024-11-28T22:00:00,3.490,0.00,0.000
2024-11-28T21:45:00,3.490,0.00,0.000
2024-11-28T21:30:00,3.490,0.00,0.000
2024-11-28T21:15:00,3.490,0.00,0.000
2024-11-28T21:00:00,3.490,0.00,0.000
2024-11-28T20:45:00,3.490,0.00,0.000
2024-11-28T20:30:00,3.480,0.00,0.000
2024-11-28T20:15:00,3.480,0.00,0.000
2024-11-28T20:00:00,3.480,0.00,0.000
2024-11-28T19:45:00,3.480,0.00,0.000
2024-11-28T19:30:00,3.480,0.00,0.000
2024-11-28T19:15:00,3.480,0.00,0.000
2024-11-28T19:00:00,3.470,0.00,0.000
2024-11-28T18:45:00,3.470,0.00,0.000
2024-11-28T18:30:00,3.470,0.00,0.000
2024-11-28T18:15:00,3.470,0.00,0.000
2024-11-28T18:00:00,3.460,0.00,0.000
2024-11-28T17:45:00,3.460,0.00,0.000
2024-11-28T17:30:00,3.460,26.40,0.000
2024-11-28T17:15:00,3.460,0.00,0.000
2024-11-28T17:00:00,3.450,29.20,0.000
2024-11-28T16:45:00,3.450,26.70,0.000
2024-11-28T16:30:00,3.450,36.80,0.000
2024-11-28T16:15:00,3.460,30.40,0.000
2024-11-28T16:00:00,3.460,36.50,0.000
2024-11-28T15:45:00,3.450,0.00,0.000
2024-11-28T15:30:00,3.450,0.00,0.000
2024-11-28T15:15:00,3.450,29.80,0.000
2024-11-28T15:00:00,3.460,0.00,0.000
2024-11-28T14:45:00,3.460,0.00,0.000
2024-11-28T14:30:00,3.470,0.00,0.000
2024-11-28T14:15:00,3.480,0.00,0.000
2024-11-28T14:00:00,3.480,0.00,0.000
2024-11-28T13:45:00,3.490,0.00,0.000
2024-11-28T13:30:00,3.490,33.40,0.000
2024-11-28T13:15:00,3.500,0.00,0.000
2024-11-28T13:00:00,3.510,0.00,0.000
2024-11-28T12:45:00,3.520,0.00,0.000
2024-11-28T12:30:00,3.520,38.50,0.000
2024-11-28T12:15:00,3.530,37.30,0.000
2024-11-28T12:00:00,3.530,28.10,0.000
2024-11-28T11:45:00,3.540,40.40,0.000
2024-11-28T11:30:00,3.540,41.50,0.000
2024-11-28T11:15:00,3.550,41.10,0.000
2024-11-28T11:00:00,3.560,42.10,0.000
2024-11-28T10:45:00,3.570,0.00,0.000
2024-11-28T10:30:00,3.570,42.20,0.000
2024-11-28T10:15:00,3.580,0.00,0.000
2024-11-28T10:00:00,3.590,30.00,0.000
2024-11-28T09:45:00,3.590,27.70,0.000
2024-11-28T09:30:00,3.600,27.80,0.000
2024-11-28T09:15:00,3.610,31.50,0.000
2024-11-28T09:00:00,3.620,0.00,0.000
2024-11-28T08:45:00,3.620,28.10,0.000
2024-11-28T08:30:00,3.630,28.10,0.000
2024-11-28T08:15:00,3.630,43.20,0.000
2024-11-28T08:00:00,3.630,41.10,0.000
2024-11-28T07:45:00,3.650,54.90,0.000
2024-11-28T07:30:00,3.660,50.80,0.000
2024-11-28T07:15:00,3.670,42.40,0.000
2024-11-28T07:00:00,3.670,49.60,0.000
2024-11-28T06:45:00,3.680,42.00,0.000
2024-11-28T06:30:00,3.670,34.80,0.000
2024-11-28T06:15:00,3.680,43.20,0.000
2024-11-28T06:00:00,3.680,40.30,0.000
2024-11-28T05:45:00,3.680,42.60,0.000
2024-11-28T05:30:00,3.680,0.00,0.000
2024-11-28T05:15:00,3.680,48.70,0.000
2024-11-28T05:00:00,3.690,37.90,0.000
2024-11-28T04:45:00,3.690,29.20,0.000
2024-11-28T04:30:00,3.690,0.00,0.000
2024-11-28T04:15:00,3.690,0.00,0.000
2024-11-28T04:00:00,3.690,0.00,0.000
2024-11-28T03:45:00,3.700,0.00,0.000
2024-11-28T03:30:00,3.700,0.00,0.000
2024-11-28T03:15:00,3.690,0.00,0.000
2024-11-28T03:00:00,3.700,33.00,0.000
2024-11-28T02:45:00,3.700,0.00,0.000
2024-11-28T02:30:00,3.700,0.00,0.000
2024-11-28T02:15:00,3.700,0.00,0.000
2024-11-28T02:00:00,3.710,0.00,0.000
2024-11-28T01:45:00,3.710,0.00,0.000
2024-11-28T01:30:00,3.710,0.00,0.000
2024-11-28T01:15:00,3.710,0.00,0.000
2024-11-28T01:00:00,3.710,0.00,0.000
2024-11-28T00:45:00,3.710,0.00,0.000
2024-11-28T00:30:00,3.720,0.00,0.000
2024-11-28T00:15:00,3.720,0.00,0.000
2024-11-28T00:00:00,3.720,0.00,0.000
2024-11-27T23:45:00,3.720,0.00,0.000
2024-11-27T23:30:00,3.720,0.00,0.000
2024-11-27T23:15:00,3.730,0.00,0.000
2024-11-27T23:00:00,3.730,0.00,0.000
2024-11-27T22:45:00,3.730,0.00,0.000
2024-11-27T22:30:00,3.730,0.00,0.000
2024-11-27T22:15:00,3.730,0.00,0.000
2024-11-27T22:00:00,3.730,0.00,0.000
2024-11-27T21:45:00,3.740,33.80,0.000
2024-11-27T21:30:00,3.740,0.00,0.000
2024-11-27T21:15:00,3.740,0.00,0.000
2024-11-27T21:00:00,3.740,0.00,0.000
2024-11-27T20:45:00,3.740,32.00,0.000
2024-11-27T20:30:00,3.750,0.00,0.000
2024-11-27T20:15:00,3.750,0.00,0.000
2024-11-27T20:00:00,3.750,0.00,0.000
2024-11-27T19:45:00,3.750,0.00,0.000
2024-11-27T19:30:00,3.750,0.00,0.000
2024-11-27T19:15:00,3.750,0.00,0.000
2024-11-27T19:00:00,3.750,0.00,0.000
2024-11-27T18:45:00,3.750,0.00,0.000
2024-11-27T18:30:00,3.760,0.00,0.000
2024-11-27T18:15:00,3.760,0.00,0.000
2024-11-27T18:00:00,3.760,0.00,0.000
2024-11-27T17:45:00,3.760,0.00,0.000
2024-11-27T17:30:00,3.760,32.60,0.000
2024-11-27T17:15:00,3.760,0.00,0.000
2024-11-27T17:00:00,3.760,0.00,0.000
2024-11-27T16:45:00,3.760,0.00,0.000
2024-11-27T16:30:00,3.760,0.00,0.000
2024-11-27T16:15:00,3.760,34.80,0.000
2024-11-27T16:00:00,3.770,44.90,0.000
2024-11-27T15:45:00,3.770,0.00,0.000
2024-11-27T15:30:00,3.770,31.70,0.000
2024-11-27T15:15:00,3.770,31.60,0.000
2024-11-27T15:00:00,3.770,0.00,0.000
2024-11-27T14:45:00,3.770,0.00,0.000
2024-11-27T14:30:00,3.770,42.60,0.000
2024-11-27T14:15:00,3.770,0.00,0.000
2024-11-27T14:00:00,3.770,33.80,0.000
2024-11-27T13:45:00,3.770,34.20,0.000
2024-11-27T13:30:00,3.770,0.00,0.000
2024-11-27T13:15:00,3.770,34.60,0.000
2024-11-27T13:00:00,3.770,0.00,0.000
2024-11-27T12:45:00,3.770,30.20,0.000
2024-11-27T12:30:00,3.770,35.40,0.000
2024-11-27T12:15:00,3.770,0.00,0.000
2024-11-27T12:00:00,3.770,0.00,0.000
2024-11-27T11:45:00,3.770,32.30,0.000
2024-11-27T11:30:00,3.780,0.00,0.000
2024-11-27T11:15:00,3.780,33.00,0.000
2024-11-27T11:00:00,3.780,0.00,0.000
2024-11-27T10:45:00,3.780,39.40,0.000
2024-11-27T10:30:00,3.780,0.00,0.000
2024-11-27T10:15:00,3.780,29.50,0.000
2024-11-27T10:00:00,3.780,29.50,0.000
2024-11-27T09:45:00,3.780,41.70,0.000
2024-11-27T09:30:00,3.780,32.70,0.000
2024-11-27T09:15:00,3.780,49.90,0.000
2024-11-27T09:00:00,3.780,32.60,0.000
2024-11-27T08:45:00,3.780,48.90,0.000
2024-11-27T08:30:00,3.780,40.50,0.000
2024-11-27T08:15:00,3.780,45.10,0.000
2024-11-27T08:00:00,3.790,47.00,0.000
2024-11-27T07:45:00,3.780,50.90,0.000
2024-11-27T07:30:00,3.790,0.00,0.000
2024-11-27T07:15:00,3.800,0.00,0.000
2024-11-27T07:00:00,3.800,36.50,0.000
2024-11-27T06:45:00,3.800,40.20,0.000
2024-11-27T06:30:00,3.800,0.00,0.000
2024-11-27T06:15:00,3.800,33.90,0.000
2024-11-27T06:00:00,3.800,0.00,0.000
2024-11-27T05:45:00,3.800,0.00,0.000
2024-11-27T05:30:00,3.800,35.30,0.000
2024-11-27T05:15:00,3.800,0.00,0.000
2024-11-27T05:00:00,3.800,29.80,0.000
2024-11-27T04:45:00,3.800,29.80,0.000
2024-11-27T04:30:00,3.800,0.00,0.000
2024-11-27T04:15:00,3.800,0.00,0.000
2024-11-27T04:00:00,3.800,0.00,0.000
2024-11-27T03:45:00,3.800,0.00,0.000
2024-11-27T03:30:00,3.800,0.00,0.000
2024-11-27T03:15:00,3.800,0.00,0.000
2024-11-27T03:00:00,3.800,0.00,0.000
2024-11-27T02:45:00,3.810,0.00,0.000
2024-11-27T02:30:00,3.800,0.00,0.000
2024-11-27T02:15:00,3.810,0.00,0.000
2024-11-27T02:00:00,3.810,0.00,0.000
2024-11-27T01:45:00,3.810,36.10,0.000
2024-11-27T01:30:00,3.810,0.00,0.000
2024-11-27T01:15:00,3.810,0.00,0.000
2024-11-27T01:00:00,3.810,0.00,0.000
2024-11-27T00:45:00,3.810,0.00,0.000
2024-11-27T00:30:00,3.810,0.00,0.000
2024-11-27T00:15:00,3.810,0.00,0.000
2024-11-27T00:00:00,3.810,30.80,0.000
2024-11-26T23:45:00,3.810,0.00,0.000
2024-11-26T23:30:00,3.810,0.00,0.000
2024-11-26T23:15:00,3.810,0.00,0.000
2024-11-26T23:00:00,3.810,0.00,0.000
2024-11-26T22:45:00,3.810,0.00,0.000
2024-11-26T22:30:00,3.810,0.00,0.000
2024-11-26T22:15:00,3.810,0.00,0.000
2024-11-26T22:00:00,3.810,0.00,0.000
2024-11-26T21:45:00,3.810,0.00,0.000
2024-11-26T21:30:00,3.810,0.00,0.000
2024-11-26T21:15:00,3.810,0.00,0.000
2024-11-26T21:00:00,3.810,0.00,0.000
2024-11-26T20:45:00,3.810,0.00,0.000
2024-11-26T20:30:00,3.810,0.00,0.000
2024-11-26T20:15:00,3.810,0.00,0.000
2024-11-26T20:00:00,3.810,0.00,0.000
2024-11-26T19:45:00,3.810,0.00,0.000
2024-11-26T19:30:00,3.810,0.00,0.000
2024-11-26T19:15:00,3.810,0.00,0.000
2024-11-26T19:00:00,3.810,0.00,0.000
2024-11-26T18:45:00,3.810,0.00,0.000
2024-11-26T18:30:00,3.810,0.00,0.000
2024-11-26T18:15:00,3.810,0.00,0.000
2024-11-26T18:00:00,3.810,0.00,0.000
2024-11-26T17:45:00,3.810,29.80,0.000
2024-11-26T17:30:00,3.820,0.00,0.000
2024-11-26T17:15:00,3.810,0.00,0.000
2024-11-26T17:00:00,3.790,31.50,0.000
2024-11-26T16:45:00,3.800,36.70,0.000
2024-11-26T16:30:00,3.800,37.00,0.000
2024-11-26T16:15:00,3.810,33.20,0.000
2024-11-26T16:00:00,3.820,0.00,0.000
2024-11-26T15:45:00,3.830,30.20,0.000
2024-11-26T15:30:00,3.840,34.60,0.000
2024-11-26T15:15:00,3.850,0.00,0.000
2024-11-26T15:00:00,3.850,30.30,0.000
2024-11-26T14:45:00,3.860,0.00,0.000
2024-11-26T14:30:00,3.860,52.40,0.000
2024-11-26T14:15:00,3.870,0.00,0.000
2024-11-26T14:00:00,3.880,0.00,0.000
2024-11-26T13:45:00,3.880,43.30,0.000
2024-11-26T13:30:00,3.890,32.20,0.000
2024-11-26T13:15:00,3.900,30.70,0.000
2024-11-26T13:00:00,3.910,44.20,0.000
2024-11-26T12:45:00,3.920,0.00,0.000
2024-11-26T12:30:00,3.920,0.00,0.000
2024-11-26T12:15:00,3.930,30.80,0.000
2024-11-26T12:00:00,3.940,30.90,0.000
2024-11-26T11:45:00,3.940,0.00,0.000
2024-11-26T11:30:00,3.960,0.00,0.000
2024-11-26T11:15:00,3.960,43.40,0.000
2024-11-26T11:00:00,3.970,0.00,0.000
2024-11-26T10:45:00,3.980,39.70,0.000
2024-11-26T10:30:00,3.980,41.40,0.000
2024-11-26T10:15:00,3.990,0.00,0.000
2024-11-26T10:00:00,4.000,0.00,0.000
2024-11-26T09:45:00,4.010,37.80,0.000
2024-11-26T09:30:00,4.020,33.30,0.000
2024-11-26T09:15:00,4.020,31.50,0.000
2024-11-26T09:00:00,4.030,36.30,0.000
2024-11-26T08:45:00,4.040,33.00,0.000
2024-11-26T08:30:00,4.050,31.70,0.000
2024-11-26T08:15:00,4.060,0.00,0.000
2024-11-26T08:00:00,4.060,0.00,0.000
2024-11-26T07:45:00,4.070,0.00,0.000
2024-11-26T07:30:00,4.070,0.00,0.000
2024-11-26T07:15:00,4.070,37.50,0.000
2024-11-26T07:00:00,4.070,0.00,0.000
2024-11-26T06:45:00,4.080,0.00,0.000
2024-11-26T06:30:00,4.080,0.00,0.000
2024-11-26T06:15:00,4.080,0.00,0.000
2024-11-26T06:00:00,4.090,0.00,0.000
2024-11-26T05:45:00,4.090,0.00,0.000
2024-11-26T05:30:00,4.090,0.00,0.000
2024-11-26T05:15:00,4.090,0.00,0.000
2024-11-26T05:00:00,4.100,0.00,0.000
2024-11-26T04:45:00,4.100,0.00,0.000
2024-11-26T04:30:00,4.100,0.00,0.000
2024-11-26T04:15:00,4.110,0.00,0.000
2024-11-26T04:00:00,4.110,0.00,0.000
2024-11-26T03:45:00,4.110,0.00,0.000
2024-11-26T03:30:00,4.120,0.00,0.000
2024-11-26T03:15:00,4.120,0.00,0.000
2024-11-26T03:00:00,4.120,0.00,0.000
2024-11-26T02:45:00,4.130,0.00,0.000
2024-11-26T02:30:00,4.130,0.00,0.000
2024-11-26T02:15:00,4.130,0.00,0.000
2024-11-26T02:00:00,4.140,0.00,0.000
2024-11-26T01:45:00,4.140,0.00,0.000
2024-11-26T01:30:00,4.140,0.00,0.000
2024-11-26T01:15:00,4.140,37.70,0.000
2024-11-26T01:00:00,4.150,0.00,0.000
2024-11-26T00:45:00,4.150,0.00,0.000
2024-11-26T00:30:00,4.150,75.70,0.000
2024-11-26T00:15:00,4.160,50.20,0.000
2024-11-26T00:00:00,4.160,0.00,0.000
2024-11-25T23:45:00,4.160,0.00,0.000
2024-11-25T23:30:00,4.170,0.00,0.000
2024-11-25T23:15:00,4.170,41.70,0.000
2024-11-25T23:00:00,4.170,0.00,0.000
2024-11-25T22:45:00,4.180,0.00,0.000
2024-11-25T22:30:00,4.180,0.00,0.000
2024-11-25T22:15:00,4.180,33.20,0.000
2024-11-25T22:00:00,4.190,0.00,0.000
2024-11-25T21:45:00,4.190,0.00,0.000
2024-11-25T21:30:00,4.190,0.00,0.000
2024-11-25T21:15:00,4.200,0.00,0.000
2024-11-25T21:00:00,4.200,0.00,0.000
2024-11-25T20:45:00,4.200,0.00,0.000
2024-11-25T20:30:00,4.200,0.00,0.000
2024-11-25T20:15:00,4.210,0.00,0.000
2024-11-25T20:00:00,4.210,34.50,0.000
2024-11-25T19:45:00,4.210,0.00,0.000
2024-11-25T19:30:00,4.220,0.00,0.000
2024-11-25T19:15:00,4.220,0.00,0.000
2024-11-25T19:00:00,4.220,0.00,0.000
2024-11-25T18:45:00,4.230,0.00,0.000
2024-11-25T18:30:00,4.230,0.00,0.000
2024-11-25T18:15:00,4.230,0.00,0.000
2024-11-25T18:00:00,4.240,44.30,0.000
2024-11-25T17:45:00,4.240,0.00,0.000
2024-11-25T17:30:00,4.240,35.10,0.000
2024-11-25T17:15:00,4.240,39.30,0.000
2024-11-25T17:00:00,4.240,32.90,0.000
2024-11-25T16:45:00,4.250,33.00,0.000
2024-11-25T16:30:00,4.250,0.00,0.000
2024-11-25T16:15:00,4.240,53.90,0.000
2024-11-25T16:00:00,4.260,50.10,0.000
2024-11-25T15:45:00,4.260,0.00,0.000
2024-11-25T15:30:00,4.270,0.00,0.000
2024-11-25T15:15:00,4.280,35.70,0.000
2024-11-25T15:00:00,4.280,46.30,0.000
2024-11-25T14:45:00,4.290,0.00,0.000
2024-11-25T14:30:00,4.290,0.00,0.000
2024-11-25T14:15:00,4.300,37.80,0.000
2024-11-25T14:00:00,4.310,33.50,0.000
2024-11-25T13:45:00,4.310,40.30,0.000
2024-11-25T13:30:00,4.320,36.20,0.000
2024-11-25T13:15:00,4.320,33.50,0.000
2024-11-25T13:00:00,4.330,33.50,0.000
2024-11-25T12:45:00,4.330,0.00,0.000
2024-11-25T12:30:00,4.340,0.00,0.000
2024-11-25T12:15:00,4.340,0.00,0.000
2024-11-25T12:00:00,4.350,0.00,0.000
2024-11-25T11:45:00,4.350,50.70,0.000
2024-11-25T11:30:00,4.360,43.30,0.000
2024-11-25T11:15:00,4.370,0.00,0.000
2024-11-25T11:00:00,4.370,0.00,0.000
2024-11-25T10:45:00,4.380,37.90,0.000
2024-11-25T10:30:00,4.380,44.90,0.000
2024-11-25T10:15:00,4.390,0.00,0.000
2024-11-25T10:00:00,4.390,33.90,0.000
2024-11-25T09:45:00,4.400,37.60,0.000
2024-11-25T09:30:00,4.410,0.00,0.000
2024-11-25T09:15:00,4.420,0.00,0.000
2024-11-25T09:00:00,4.420,0.00,0.000
2024-11-25T08:45:00,4.430,0.00,0.000
2024-11-25T08:30:00,4.430,34.90,0.000
2024-11-25T08:15:00,4.440,36.60,0.000
2024-11-25T08:00:00,4.450,0.00,0.000
2024-11-25T07:45:00,4.450,0.00,0.000
2024-11-25T07:30:00,4.460,0.00,0.000
2024-11-25T07:15:00,4.460,0.00,0.000
2024-11-25T07:00:00,4.460,0.00,0.000
2024-11-25T06:45:00,4.460,0.00,0.000
2024-11-25T06:30:00,4.460,0.00,0.000
2024-11-25T06:15:00,4.460,0.00,0.000
2024-11-25T06:00:00,4.470,0.00,0.000
2024-11-25T05:45:00,4.470,0.00,0.000
2024-11-25T05:30:00,4.470,0.00,0.000
2024-11-25T05:15:00,4.470,0.00,0.000
2024-11-25T05:00:00,4.470,0.00,0.000
2024-11-25T04:45:00,4.470,0.00,0.000
2024-11-25T04:30:00,4.470,0.00,0.000
2024-11-25T04:15:00,4.470,0.00,0.000
2024-11-25T04:00:00,4.480,0.00,0.000
2024-11-25T03:45:00,4.480,0.00,0.000
2024-11-25T03:30:00,4.480,0.00,0.000
2024-11-25T03:15:00,4.480,0.00,0.000
2024-11-25T03:00:00,4.480,0.00,0.000
2024-11-25T02:45:00,4.480,0.00,0.000
2024-11-25T02:30:00,4.480,0.00,0.000
2024-11-25T02:15:00,4.480,0.00,0.000
2024-11-25T02:00:00,4.480,0.00,0.000
2024-11-25T01:45:00,4.480,0.00,0.000
2024-11-25T01:30:00,4.480,0.00,0.000
2024-11-25T01:15:00,4.480,0.00,0.000
2024-11-25T01:00:00,4.480,0.00,0.000
2024-11-25T00:45:00,4.490,0.00,0.000
2024-11-25T00:30:00,4.490,0.00,0.000
2024-11-25T00:15:00,4.480,0.00,0.000
2024-11-25T00:00:00,4.490,0.00,0.000
2024-12-08T23:45:00,4.060,0.00,0.000
2024-12-08T23:30:00,4.060,0.00,0.000
2024-12-08T23:15:00,4.060,0.00,0.000
2024-12-08T23:00:00,4.060,0.00,0.000
2024-12-08T22:45:00,4.060,0.00,0.000
2024-12-08T22:30:00,4.050,31.70,0.000
2024-12-08T22:15:00,4.050,31.60,0.000
2024-12-08T22:00:00,4.040,0.00,0.000
2024-12-08T21:45:00,4.040,0.00,0.000
2024-12-08T21:30:00,4.030,34.10,0.000
2024-12-08T21:15:00,4.030,0.00,0.000
2024-12-08T21:00:00,4.020,31.50,0.000
2024-12-08T20:45:00,4.020,0.00,0.000
2024-12-08T20:30:00,4.010,0.00,0.000
2024-12-08T20:15:00,4.010,0.00,0.000
2024-12-08T20:00:00,4.000,0.00,0.000
2024-12-08T19:45:00,4.000,0.00,0.000
2024-12-08T19:30:00,3.990,0.00,0.000
2024-12-08T19:15:00,3.990,0.00,0.000
2024-12-08T19:00:00,3.980,0.00,0.000
2024-12-08T18:45:00,3.970,0.00,0.000
2024-12-08T18:30:00,3.970,118.00,0.000
2024-12-08T18:15:00,3.960,0.00,0.000
2024-12-08T18:00:00,3.960,0.00,0.000
2024-12-08T17:45:00,3.950,0.00,0.000
2024-12-08T17:30:00,3.940,34.20,0.000
2024-12-08T17:15:00,3.940,0.00,0.000
2024-12-08T17:00:00,3.930,0.00,0.000
2024-12-08T16:45:00,3.920,38.60,0.000
2024-12-08T16:30:00,3.920,30.70,0.000
2024-12-08T16:15:00,3.910,34.10,0.000
2024-12-08T16:00:00,3.910,30.60,0.000
2024-12-08T15:45:00,3.900,0.00,0.000
2024-12-08T15:30:00,3.900,41.30,0.000
2024-12-08T15:15:00,3.890,0.00,0.000
2024-12-08T15:00:00,3.880,0.00,0.000
2024-12-08T14:45:00,3.880,33.40,0.000
2024-12-08T14:30:00,3.880,0.00,0.000
2024-12-08T14:15:00,3.870,40.70,0.000
2024-12-08T14:00:00,3.860,35.00,0.000
2024-12-08T13:45:00,3.860,0.00,0.000
2024-12-08T13:30:00,3.860,0.00,0.000
2024-12-08T13:15:00,3.860,30.30,0.000
2024-12-08T13:00:00,3.850,0.00,0.000
2024-12-08T12:45:00,3.850,0.00,0.000
2024-12-08T12:30:00,3.850,33.30,0.000
2024-12-08T12:15:00,3.850,0.00,0.000
2024-12-08T12:00:00,3.850,0.00,0.000
2024-12-08T11:45:00,3.850,0.00,0.000
2024-12-08T11:30:00,3.850,0.00,0.000
2024-12-08T11:15:00,3.860,31.70,0.000
2024-12-08T11:00:00,3.850,47.70,0.000
2024-12-08T10:45:00,3.860,0.00,0.000
2024-12-08T10:30:00,3.860,0.00,0.000
2024-12-08T10:15:00,3.860,0.00,0.000
2024-12-08T10:00:00,3.860,0.00,0.000
2024-12-08T09:45:00,3.860,0.00,0.000
2024-12-08T09:30:00,3.870,33.70,0.000
2024-12-08T09:15:00,3.870,0.00,0.000
2024-12-08T09:00:00,3.860,0.00,0.000
2024-12-08T08:45:00,3.870,0.00,0.000
2024-12-08T08:30:00,3.870,0.00,0.000
2024-12-08T08:15:00,3.870,34.10,0.000
2024-12-08T08:00:00,3.870,0.00,0.000
2024-12-08T07:45:00,3.870,0.00,0.000
2024-12-08T07:30:00,3.870,0.00,0.000
2024-12-08T07:15:00,3.870,0.00,0.000
2024-12-08T07:00:00,3.870,0.00,0.000
2024-12-08T06:45:00,3.870,0.00,0.000
2024-12-08T06:30:00,3.870,0.00,0.000
2024-12-08T06:15:00,3.870,0.00,0.000
2024-12-08T06:00:00,3.870,111.60,0.000
2024-12-08T05:45:00,3.870,0.00,0.000
2024-12-08T05:30:00,3.870,0.00,0.000
2024-12-08T05:15:00,3.870,0.00,0.000
2024-12-08T05:00:00,3.870,0.00,0.000
2024-12-08T04:45:00,3.870,0.00,0.000
2024-12-08T04:30:00,3.870,0.00,0.000
2024-12-08T04:15:00,3.870,0.00,0.000
2024-12-08T04:00:00,3.870,0.00,0.000
2024-12-08T03:45:00,3.870,0.00,0.000
2024-12-08T03:30:00,3.870,0.00,0.000
2024-12-08T03:15:00,3.870,0.00,0.000
2024-12-08T03:00:00,3.870,0.00,0.000
2024-12-08T02:45:00,3.870,0.00,0.000
2024-12-08T02:30:00,3.870,0.00,0.000
2024-12-08T02:15:00,3.870,0.00,0.000
2024-12-08T02:00:00,3.870,0.00,0.000
2024-12-08T01:45:00,3.870,0.00,0.000
2024-12-08T01:30:00,3.870,0.00,0.000
2024-12-08T01:15:00,3.870,0.00,0.000
2024-12-08T01:00:00,3.870,0.00,0.000
2024-12-08T00:45:00,3.870,0.00,0.000
2024-12-08T00:30:00,3.870,0.00,0.000
2024-12-08T00:15:00,3.860,0.00,0.000
2024-12-08T00:00:00,3.860,0.00,0.000
2024-12-07T23:45:00,3.860,0.00,0.000
2024-12-07T23:30:00,3.860,0.00,0.000
2024-12-07T23:15:00,3.860,0.00,0.000
2024-12-07T23:00:00,3.850,0.00,0.000
2024-12-07T22:45:00,3.850,0.00,0.000
2024-12-07T22:30:00,3.840,0.00,0.000
2024-12-07T22:15:00,3.840,0.00,0.000
2024-12-07T22:00:00,3.830,0.00,0.000
2024-12-07T21:45:00,3.820,0.00,0.000
2024-12-07T21:30:00,3.810,0.00,0.000
2024-12-07T21:15:00,3.810,0.00,0.000
2024-12-07T21:00:00,3.800,0.00,0.000
2024-12-07T20:45:00,3.790,0.00,0.000
2024-12-07T20:30:00,3.790,0.00,0.000
2024-12-07T20:15:00,3.780,0.00,0.000
2024-12-07T20:00:00,3.780,0.00,0.000
2024-12-07T19:45:00,3.770,0.00,0.000
2024-12-07T19:30:00,3.760,0.00,0.000
2024-12-07T19:15:00,3.760,0.00,0.000
2024-12-07T19:00:00,3.750,0.00,0.000
2024-12-07T18:45:00,3.740,0.00,0.000
2024-12-07T18:30:00,3.740,0.00,0.000
2024-12-07T18:15:00,3.730,0.00,0.000
2024-12-07T18:00:00,3.720,0.00,0.000
2024-12-07T17:45:00,3.710,0.00,0.000
2024-12-07T17:30:00,3.700,0.00,0.000
2024-12-07T17:15:00,3.700,32.60,0.000
2024-12-07T17:00:00,3.690,0.00,0.000
2024-12-07T16:45:00,3.680,31.60,0.000
2024-12-07T16:30:00,3.680,31.30,0.000
2024-12-07T16:15:00,3.670,0.00,0.000
2024-12-07T16:00:00,3.670,33.60,0.000
2024-12-07T15:45:00,3.660,28.40,0.000
2024-12-07T15:30:00,3.660,0.00,0.000
2024-12-07T15:15:00,3.650,0.00,0.000
2024-12-07T15:00:00,3.650,0.00,0.000
2024-12-07T14:45:00,3.640,0.00,0.000
2024-12-07T14:30:00,3.630,0.00,0.000
2024-12-07T14:15:00,3.630,0.00,0.000
2024-12-07T14:00:00,3.620,0.00,0.000
2024-12-07T13:45:00,3.620,0.00,0.000
2024-12-07T13:30:00,3.610,0.00,0.000
2024-12-07T13:15:00,3.620,0.00,0.000
2024-12-07T13:00:00,3.610,0.00,0.000
2024-12-07T12:45:00,3.620,0.00,0.000
2024-12-07T12:30:00,3.620,0.00,0.000
2024-12-07T12:15:00,3.620,0.00,0.000
2024-12-07T12:00:00,3.620,0.00,0.000
2024-12-07T11:45:00,3.620,0.00,0.000
2024-12-07T11:30:00,3.620,0.00,0.000
2024-12-07T11:15:00,3.620,30.10,0.000
2024-12-07T11:00:00,3.620,0.00,0.000
2024-12-07T10:45:00,3.620,0.00,0.000
2024-12-07T10:30:00,3.620,34.30,0.000
2024-12-07T10:15:00,3.620,28.80,0.000
2024-12-07T10:00:00,3.620,0.00,0.000
2024-12-07T09:45:00,3.630,0.00,0.000
2024-12-07T09:30:00,3.630,0.00,0.000
2024-12-07T09:15:00,3.630,0.00,0.000
2024-12-07T09:00:00,3.630,0.00,0.000
2024-12-07T08:45:00,3.630,28.30,0.000
2024-12-07T08:30:00,3.630,0.00,0.000
2024-12-07T08:15:00,3.640,0.00,0.000
2024-12-07T08:00:00,3.640,0.00,0.000
2024-12-07T07:45:00,3.640,0.00,0.000
2024-12-07T07:30:00,3.650,0.00,0.000
2024-12-07T07:15:00,3.650,0.00,0.000
2024-12-07T07:00:00,3.650,0.00,0.000
2024-12-07T06:45:00,3.650,0.00,0.000
2024-12-07T06:30:00,3.650,0.00,0.000
2024-12-07T06:15:00,3.650,0.00,0.000
2024-12-07T06:00:00,3.650,83.00,0.000
2024-12-07T05:45:00,3.650,0.00,0.000
2024-12-07T05:30:00,3.650,0.00,0.000
2024-12-07T05:15:00,3.650,29.80,0.000
2024-12-07T05:00:00,3.650,0.00,0.000
2024-12-07T04:45:00,3.650,0.00,0.000
2024-12-07T04:30:00,3.660,0.00,0.000
2024-12-07T04:15:00,3.650,0.00,0.000
2024-12-07T04:00:00,3.660,30.70,0.000
2024-12-07T03:45:00,3.650,0.00,0.000
2024-12-07T03:30:00,3.660,0.00,0.000
2024-12-07T03:15:00,3.660,0.00,0.000
2024-12-07T03:00:00,3.660,0.00,0.000
2024-12-07T02:45:00,3.660,0.00,0.000
2024-12-07T02:30:00,3.660,0.00,0.000
2024-12-07T02:15:00,3.660,0.00,0.000
2024-12-07T02:00:00,3.660,0.00,0.000
2024-12-07T01:45:00,3.660,0.00,0.000
2024-12-07T01:30:00,3.660,0.00,0.000
2024-12-07T01:15:00,3.660,0.00,0.000
2024-12-07T01:00:00,3.660,0.00,0.000
2024-12-07T00:45:00,3.660,0.00,0.000
2024-12-07T00:30:00,3.660,0.00,0.000
2024-12-07T00:15:00,3.660,0.00,0.000
2024-12-07T00:00:00,3.660,0.00,0.000
2024-12-06T23:45:00,3.660,0.00,0.000
2024-12-06T23:30:00,3.660,0.00,0.000
2024-12-06T23:15:00,3.660,0.00,0.000
2024-12-06T23:00:00,3.650,0.00,0.000
2024-12-06T22:45:00,3.650,0.00,0.000
2024-12-06T22:30:00,3.650,0.00,0.000
2024-12-06T22:15:00,3.650,0.00,0.000
2024-12-06T22:00:00,3.650,0.00,0.000
2024-12-06T21:45:00,3.640,0.00,0.000
2024-12-06T21:30:00,3.650,0.00,0.000
2024-12-06T21:15:00,3.640,0.00,0.000
2024-12-06T21:00:00,3.640,0.00,0.000
2024-12-06T20:45:00,3.640,0.00,0.000
2024-12-06T20:30:00,3.640,0.00,0.000
2024-12-06T20:15:00,3.640,0.00,0.000
2024-12-06T20:00:00,3.650,0.00,0.000
2024-12-06T19:45:00,3.640,0.00,0.000
2024-12-06T19:30:00,3.650,0.00,0.000
2024-12-06T19:15:00,3.650,0.00,0.000
2024-12-06T19:00:00,3.650,0.00,0.000
2024-12-06T18:45:00,3.650,0.00,0.000
2024-12-06T18:30:00,3.650,0.00,0.000
2024-12-06T18:15:00,3.650,0.00,0.000
2024-12-06T18:00:00,3.640,0.00,0.000
2024-12-06T17:45:00,3.640,0.00,0.000
2024-12-06T17:30:00,3.640,0.00,0.000
2024-12-06T17:15:00,3.640,0.00,0.000
2024-12-06T17:00:00,3.640,0.00,0.000
2024-12-06T16:45:00,3.640,0.00,0.000
2024-12-06T16:30:00,3.640,28.10,0.000
2024-12-06T16:15:00,3.640,45.20,0.000
2024-12-06T16:00:00,3.640,57.60,0.000
2024-12-06T15:45:00,3.640,0.00,0.000
2024-12-06T15:30:00,3.640,0.00,0.000
2024-12-06T15:15:00,3.640,0.00,0.000
2024-12-06T15:00:00,3.640,0.00,0.000
2024-12-06T14:45:00,3.650,28.20,0.000
2024-12-06T14:30:00,3.640,0.00,0.000
2024-12-06T14:15:00,3.650,0.00,0.000
2024-12-06T14:00:00,3.650,0.00,0.000
2024-12-06T13:45:00,3.650,0.00,0.000
2024-12-06T13:30:00,3.650,0.00,0.000
2024-12-06T13:15:00,3.650,0.00,0.000
2024-12-06T13:00:00,3.650,0.00,0.000
2024-12-06T12:45:00,3.650,32.40,0.000
2024-12-06T12:30:00,3.660,33.00,0.000
2024-12-06T12:15:00,3.660,0.00,0.000
2024-12-06T12:00:00,3.660,0.00,0.000
2024-12-06T11:45:00,3.660,0.00,0.000
2024-12-06T11:30:00,3.660,0.00,0.000
2024-12-06T11:15:00,3.660,0.00,0.000
2024-12-06T11:00:00,3.660,30.30,0.000
2024-12-06T10:45:00,3.660,0.00,0.000
2024-12-06T10:30:00,3.670,0.00,0.000
2024-12-06T10:15:00,3.670,33.30,0.000
2024-12-06T10:00:00,3.670,29.80,0.000
2024-12-06T09:45:00,3.670,0.00,0.000
2024-12-06T09:30:00,3.680,0.00,0.000
2024-12-06T09:15:00,3.680,0.00,0.000
2024-12-06T09:00:00,3.680,0.00,0.000
2024-12-06T08:45:00,3.680,0.00,0.000
2024-12-06T08:30:00,3.680,0.00,0.000
2024-12-06T08:15:00,3.680,0.00,0.000
2024-12-06T08:00:00,3.690,0.00,0.000
2024-12-06T07:45:00,3.690,0.00,0.000
2024-12-06T07:30:00,3.690,0.00,0.000
2024-12-06T07:15:00,3.690,0.00,0.000
2024-12-06T07:00:00,3.690,0.00,0.000
2024-12-06T06:45:00,3.690,0.00,0.000
2024-12-06T06:30:00,3.690,0.00,0.000
2024-12-06T06:15:00,3.690,0.00,0.000
2024-12-06T06:00:00,3.690,0.00,0.000
2024-12-06T05:45:00,3.690,0.00,0.000
2024-12-06T05:30:00,3.690,0.00,0.000
2024-12-06T05:15:00,3.690,0.00,0.000
2024-12-06T05:00:00,3.690,0.00,0.000
2024-12-06T04:45:00,3.690,0.00,0.000
2024-12-06T04:30:00,3.690,0.00,0.000
2024-12-06T04:15:00,3.690,0.00,0.000
2024-12-06T04:00:00,3.690,0.00,0.000
2024-12-06T03:45:00,3.690,0.00,0.000
2024-12-06T03:30:00,3.690,0.00,0.000
2024-12-06T03:15:00,3.690,0.00,0.000
2024-12-06T03:00:00,3.690,0.00,0.000
2024-12-06T02:45:00,3.690,0.00,0.000
2024-12-06T02:30:00,3.690,0.00,0.000
2024-12-06T02:15:00,3.690,28.70,0.000
2024-12-06T02:00:00,3.690,0.00,0.000
2024-12-06T01:45:00,3.680,0.00,0.000
2024-12-06T01:30:00,3.680,0.00,0.000
2024-12-06T01:15:00,3.680,0.00,0.000
2024-12-06T01:00:00,3.680,0.00,0.000
2024-12-06T00:45:00,3.670,0.00,0.000
2024-12-06T00:30:00,3.660,0.00,0.000
2024-12-06T00:15:00,3.660,0.00,0.000
2024-12-06T00:00:00,3.650,0.00,0.000
2024-12-05T23:45:00,3.640,28.20,0.000
2024-12-05T23:30:00,3.640,0.00,0.000
2024-12-05T23:15:00,3.640,0.00,0.000
2024-12-05T23:00:00,3.630,0.00,0.000
2024-12-05T22:45:00,3.630,0.00,0.000
2024-12-05T22:30:00,3.630,0.00,0.000
2024-12-05T22:15:00,3.630,0.00,0.000
2024-12-05T22:00:00,3.630,0.00,0.000
2024-12-05T21:45:00,3.620,28.00,0.000
2024-12-05T21:30:00,3.620,0.00,0.000
2024-12-05T21:15:00,3.610,0.00,0.000
2024-12-05T21:00:00,3.610,0.00,0.000
2024-12-05T20:45:00,3.600,0.00,0.000
2024-12-05T20:30:00,3.600,0.00,0.000
2024-12-05T20:15:00,3.590,0.00,0.000
2024-12-05T20:00:00,3.590,0.00,0.000
2024-12-05T19:45:00,3.580,0.00,0.000
2024-12-05T19:30:00,3.570,0.00,0.000
2024-12-05T19:15:00,3.560,0.00,0.000
2024-12-05T19:00:00,3.560,0.00,0.000
2024-12-05T18:45:00,3.550,0.00,0.000
2024-12-05T18:30:00,3.550,0.00,0.000
2024-12-05T18:15:00,3.540,0.00,0.000
2024-12-05T18:00:00,3.530,0.00,0.000
2024-12-05T17:45:00,3.520,0.00,0.000
2024-12-05T17:30:00,3.520,0.00,0.000
2024-12-05T17:15:00,3.510,0.00,0.000
2024-12-05T17:00:00,3.500,0.00,0.000
2024-12-05T16:45:00,3.490,0.00,0.000
2024-12-05T16:30:00,3.490,0.00,0.000
2024-12-05T16:15:00,3.480,0.00,0.000
2024-12-05T16:00:00,3.470,0.00,0.000
2024-12-05T15:45:00,3.470,0.00,0.000
2024-12-05T15:30:00,3.460,0.00,0.000
2024-12-05T15:15:00,3.460,0.00,0.000
2024-12-05T15:00:00,3.450,0.00,0.000
2024-12-05T14:45:00,3.450,0.00,0.000
2024-12-05T14:30:00,3.440,0.00,0.000
2024-12-05T14:15:00,3.440,0.00,0.000
2024-12-05T14:00:00,3.440,0.00,0.000
2024-12-05T13:45:00,3.450,0.00,0.000
2024-12-05T13:30:00,3.450,0.00,0.000
2024-12-05T13:15:00,3.450,0.00,0.000
2024-12-05T13:00:00,3.450,0.00,0.000
2024-12-05T12:45:00,3.450,0.00,0.000
2024-12-05T12:30:00,3.450,0.00,0.000
2024-12-05T12:15:00,3.450,0.00,0.000
2024-12-05T12:00:00,3.450,0.00,0.000
2024-12-05T11:45:00,3.450,0.00,0.000
2024-12-05T11:30:00,3.450,27.10,0.000
2024-12-05T11:15:00,3.460,0.00,0.000
2024-12-05T11:00:00,3.460,0.00,0.000
2024-12-05T10:45:00,3.460,0.00,0.000
2024-12-05T10:30:00,3.460,0.00,0.000
2024-12-05T10:15:00,3.460,0.00,0.000
2024-12-05T10:00:00,3.460,0.00,0.000
2024-12-05T09:45:00,3.460,28.90,0.000
2024-12-05T09:30:00,3.460,0.00,0.000
2024-12-05T09:15:00,3.460,0.00,0.000
2024-12-05T09:00:00,3.460,0.00,0.000
2024-12-05T08:45:00,3.460,0.00,0.000
2024-12-05T08:30:00,3.460,0.00,0.000
2024-12-05T08:15:00,3.460,0.00,0.000
2024-12-05T08:00:00,3.460,0.00,0.000
2024-12-05T07:45:00,3.460,0.00,0.000
2024-12-05T07:30:00,3.460,0.00,0.000
2024-12-05T07:15:00,3.460,0.00,0.000
2024-12-05T07:00:00,3.460,0.00,0.000
2024-12-05T06:45:00,3.460,0.00,0.000
2024-12-05T06:30:00,3.460,0.00,0.000
2024-12-05T06:15:00,3.450,0.00,0.000
2024-12-05T06:00:00,3.450,0.00,0.000
2024-12-05T05:45:00,3.450,0.00,0.000
2024-12-05T05:30:00,3.450,0.00,0.000
2024-12-05T05:15:00,3.450,0.00,0.000
2024-12-05T05:00:00,3.450,0.00,0.000
2024-12-05T04:45:00,3.450,0.00,0.000
2024-12-05T04:30:00,3.450,0.00,0.000
2024-12-05T04:15:00,3.440,0.00,0.000
2024-12-05T04:00:00,3.440,0.00,0.000
2024-12-05T03:45:00,3.440,0.00,0.000
2024-12-05T03:30:00,3.440,0.00,0.000
2024-12-05T03:15:00,3.440,0.00,0.000
2024-12-05T03:00:00,3.440,0.00,0.000
2024-12-05T02:45:00,3.430,0.00,0.000
2024-12-05T02:30:00,3.430,0.00,0.000
2024-12-05T02:15:00,3.430,0.00,0.000
2024-12-05T02:00:00,3.430,0.00,0.000
2024-12-05T01:45:00,3.430,0.00,0.000
2024-12-05T01:30:00,3.430,0.00,0.000
2024-12-05T01:15:00,3.430,0.00,0.000
2024-12-05T01:00:00,3.430,0.00,0.000
2024-12-05T00:45:00,3.420,0.00,0.000
2024-12-05T00:30:00,3.420,0.00,0.000
2024-12-05T00:15:00,3.420,0.00,0.000
2024-12-05T00:00:00,3.420,0.00,0.000
2024-12-04T23:45:00,3.420,0.00,0.000
2024-12-04T23:30:00,3.420,0.00,0.000
2024-12-04T23:15:00,3.420,0.00,0.000
2024-12-04T23:00:00,3.410,0.00,0.000
2024-12-04T22:45:00,3.420,0.00,0.000
2024-12-04T22:30:00,3.410,0.00,0.000
2024-12-04T22:15:00,3.410,0.00,0.000
2024-12-04T22:00:00,3.410,0.00,0.000
2024-12-04T21:45:00,3.410,0.00,0.000
2024-12-04T21:30:00,3.410,0.00,0.000
2024-12-04T21:15:00,3.410,0.00,0.000
2024-12-04T21:00:00,3.400,0.00,0.000
2024-12-04T20:45:00,3.400,0.00,0.000
2024-12-04T20:30:00,3.400,0.00,0.000
2024-12-04T20:15:00,3.400,0.00,0.000
2024-12-04T20:00:00,3.400,0.00,0.000
2024-12-04T19:45:00,3.400,0.00,0.000
2024-12-04T19:30:00,3.400,0.00,0.000
2024-12-04T19:15:00,3.390,0.00,0.000
2024-12-04T19:00:00,3.390,0.00,0.000
2024-12-04T18:45:00,3.390,0.00,0.000
2024-12-04T18:30:00,3.390,0.00,0.000
2024-12-04T18:15:00,3.390,0.00,0.000
2024-12-04T18:00:00,3.380,0.00,0.000
2024-12-04T17:45:00,3.380,0.00,0.000
2024-12-04T17:30:00,3.380,0.00,0.000
2024-12-04T17:15:00,3.380,0.00,0.000
2024-12-04T17:00:00,3.370,0.00,0.000
2024-12-04T16:45:00,3.370,0.00,0.000
2024-12-04T16:30:00,3.370,0.00,0.000
2024-12-04T16:15:00,3.360,0.00,0.000
2024-12-04T16:00:00,3.360,0.00,0.000
2024-12-04T15:45:00,3.360,26.90,0.000
2024-12-04T15:30:00,3.360,0.00,0.000
2024-12-04T15:15:00,3.360,0.00,0.000
2024-12-04T15:00:00,3.350,0.00,0.000
2024-12-04T14:45:00,3.360,0.00,0.000
2024-12-04T14:30:00,3.350,0.00,0.000
2024-12-04T14:15:00,3.360,27.00,0.000
2024-12-04T14:00:00,3.350,0.00,0.000
2024-12-04T13:45:00,3.350,27.30,0.000
2024-12-04T13:30:00,3.350,0.00,0.000
2024-12-04T13:15:00,3.350,0.00,0.000
2024-12-04T13:00:00,3.350,0.00,0.000
2024-12-04T12:45:00,3.350,0.00,0.000
2024-12-04T12:30:00,3.340,33.80,0.000
2024-12-04T12:15:00,3.340,0.00,0.000
2024-12-04T12:00:00,3.340,0.00,0.000
2024-12-04T11:45:00,3.340,0.00,0.000
2024-12-04T11:30:00,3.340,0.00,0.000
2024-12-04T11:15:00,3.340,0.00,0.000
2024-12-04T11:00:00,3.340,0.00,0.000
2024-12-04T10:45:00,3.340,0.00,0.000
2024-12-04T10:30:00,3.340,28.50,0.000
2024-12-04T10:15:00,3.340,31.00,0.000
2024-12-04T10:00:00,3.340,0.00,0.000
2024-12-04T09:45:00,3.340,0.00,0.000
2024-12-04T09:30:00,3.340,0.00,0.000
2024-12-04T09:15:00,3.340,25.20,0.000
2024-12-04T09:00:00,3.340,0.00,0.000
2024-12-04T08:45:00,3.340,0.00,0.000
2024-12-04T08:30:00,3.340,0.00,0.000
2024-12-04T08:15:00,3.340,0.00,0.000
2024-12-04T08:00:00,3.340,0.00,0.000
2024-12-04T07:45:00,3.340,31.50,0.000
2024-12-04T07:30:00,3.340,0.00,0.000
2024-12-04T07:15:00,3.340,0.00,0.000
2024-12-04T07:00:00,3.340,0.00,0.000
2024-12-04T06:45:00,3.340,0.00,0.000
2024-12-04T06:30:00,3.340,0.00,0.000
2024-12-04T06:15:00,3.330,0.00,0.000
2024-12-04T06:00:00,3.330,0.00,0.000
2024-12-04T05:45:00,3.330,0.00,0.000
2024-12-04T05:30:00,3.330,0.00,0.000
2024-12-04T05:15:00,3.330,0.00,0.000
2024-12-04T05:00:00,3.320,0.00,0.000
2024-12-04T04:45:00,3.320,0.00,0.000
2024-12-04T04:30:00,3.320,0.00,0.000
2024-12-04T04:15:00,3.320,0.00,0.000
2024-12-04T04:00:00,3.320,0.00,0.000
2024-12-04T03:45:00,3.320,0.00,0.000
2024-12-04T03:30:00,3.320,0.00,0.000
2024-12-04T03:15:00,3.320,0.00,0.000
2024-12-04T03:00:00,3.310,0.00,0.000
2024-12-04T02:45:00,3.310,0.00,0.000
2024-12-04T02:30:00,3.310,0.00,0.000
2024-12-04T02:15:00,3.310,0.00,0.000
2024-12-04T02:00:00,3.310,0.00,0.000
2024-12-04T01:45:00,3.310,0.00,0.000
2024-12-04T01:30:00,3.300,0.00,0.000
2024-12-04T01:15:00,3.300,0.00,0.000
2024-12-04T01:00:00,3.300,0.00,0.000
2024-12-04T00:45:00,3.300,0.00,0.000
2024-12-04T00:30:00,3.300,0.00,0.000
2024-12-04T00:15:00,3.300,0.00,0.000
2024-12-04T00:00:00,3.300,0.00,0.000
2024-12-03T23:45:00,3.300,0.00,0.000
2024-12-03T23:30:00,3.290,0.00,0.000
2024-12-03T23:15:00,3.290,0.00,0.000
2024-12-03T23:00:00,3.290,0.00,0.000
2024-12-03T22:45:00,3.290,24.70,0.000
2024-12-03T22:30:00,3.290,0.00,0.000
2024-12-03T22:15:00,3.290,0.00,0.000
2024-12-03T22:00:00,3.280,0.00,0.000
2024-12-03T21:45:00,3.280,0.00,0.000
2024-12-03T21:30:00,3.280,0.00,0.000
2024-12-03T21:15:00,3.280,0.00,0.000
2024-12-03T21:00:00,3.280,0.00,0.000
2024-12-03T20:45:00,3.280,0.00,0.000
2024-12-03T20:30:00,3.270,0.00,0.000
2024-12-03T20:15:00,3.270,0.00,0.000
2024-12-03T20:00:00,3.270,0.00,0.000
2024-12-03T19:45:00,3.270,0.00,0.000
2024-12-03T19:30:00,3.260,0.00,0.000
2024-12-03T19:15:00,3.260,0.00,0.000
2024-12-03T19:00:00,3.260,0.00,0.000
2024-12-03T18:45:00,3.260,0.00,0.000
2024-12-03T18:30:00,3.250,0.00,0.000
2024-12-03T18:15:00,3.250,0.00,0.000
2024-12-03T18:00:00,3.250,0.00,0.000
2024-12-03T17:45:00,3.250,29.40,0.000
2024-12-03T17:30:00,3.250,0.00,0.000
2024-12-03T17:15:00,3.240,0.00,0.000
2024-12-03T17:00:00,3.230,0.00,0.000
2024-12-03T16:45:00,3.230,0.00,0.000
2024-12-03T16:30:00,3.240,0.00,0.000
2024-12-03T16:15:00,3.240,0.00,0.000
2024-12-03T16:00:00,3.230,0.00,0.000
2024-12-03T15:45:00,3.230,0.00,0.000
2024-12-03T15:30:00,3.230,0.00,0.000
2024-12-03T15:15:00,3.230,28.90,0.000
2024-12-03T15:00:00,3.230,0.00,0.000
2024-12-03T14:45:00,3.230,0.00,0.000
2024-12-03T14:30:00,3.240,28.60,0.000
2024-12-03T14:15:00,3.240,0.00,0.000
2024-12-03T14:00:00,3.240,0.00,0.000
2024-12-03T13:45:00,3.240,0.00,0.000
2024-12-03T13:30:00,3.250,0.00,0.000
2024-12-03T13:15:00,3.240,0.00,0.000
2024-12-03T13:00:00,3.240,0.00,0.000
2024-12-03T12:45:00,3.240,0.00,0.000
2024-12-03T12:30:00,3.250,0.00,0.000
2024-12-03T12:15:00,3.250,0.00,0.000
2024-12-03T12:00:00,3.260,0.00,0.000
2024-12-03T11:45:00,3.270,0.00,0.000
2024-12-03T11:30:00,3.280,0.00,0.000
2024-12-03T11:15:00,3.280,0.00,0.000
2024-12-03T11:00:00,3.290,0.00,0.000
2024-12-03T10:45:00,3.290,0.00,0.000
2024-12-03T10:30:00,3.300,0.00,0.000
2024-12-03T10:15:00,3.310,0.00,0.000
2024-12-03T10:00:00,3.310,0.00,0.000
2024-12-03T09:45:00,3.320,0.00,0.000
2024-12-03T09:30:00,3.330,0.00,0.000
2024-12-03T09:15:00,3.330,0.00,0.000
2024-12-03T09:00:00,3.340,0.00,0.000
2024-12-03T08:45:00,3.340,0.00,0.000
2024-12-03T08:30:00,3.350,0.00,0.000
2024-12-03T08:15:00,3.370,0.00,0.000
2024-12-03T08:00:00,3.370,0.00,0.000
2024-12-03T07:45:00,3.370,0.00,0.000
2024-12-03T07:30:00,3.380,0.00,0.000
2024-12-03T07:15:00,3.380,0.00,0.000
2024-12-03T07:00:00,3.380,0.00,0.000
2024-12-03T06:45:00,3.380,0.00,0.000
2024-12-03T06:30:00,3.390,0.00,0.000
2024-12-03T06:15:00,3.390,0.00,0.000
2024-12-03T06:00:00,3.390,0.00,0.000
2024-12-03T05:45:00,3.390,0.00,0.000
2024-12-03T05:30:00,3.390,0.00,0.000
2024-12-03T05:15:00,3.400,0.00,0.000
2024-12-03T05:00:00,3.400,0.00,0.000
2024-12-03T04:45:00,3.400,0.00,0.000
2024-12-03T04:30:00,3.400,0.00,0.000
2024-12-03T04:15:00,3.400,0.00,0.000
2024-12-03T04:00:00,3.400,0.00,0.000
2024-12-03T03:45:00,3.410,0.00,0.000
2024-12-03T03:30:00,3.410,0.00,0.000
2024-12-03T03:15:00,3.410,0.00,0.000
2024-12-03T03:00:00,3.410,0.00,0.000
2024-12-03T02:45:00,3.410,0.00,0.000
2024-12-03T02:30:00,3.410,0.00,0.000
2024-12-03T02:15:00,3.410,0.00,0.000
2024-12-03T02:00:00,3.410,0.00,0.000
2024-12-03T01:45:00,3.420,0.00,0.000
2024-12-03T01:30:00,3.420,44.00,0.000
2024-12-03T01:15:00,3.420,26.00,0.000
2024-12-03T01:00:00,3.420,0.00,0.000
2024-12-03T00:45:00,3.420,0.00,0.000
2024-12-03T00:30:00,3.430,0.00,0.000
2024-12-03T00:15:00,3.430,0.00,0.000
2024-12-03T00:00:00,3.430,0.00,0.000
2024-12-02T23:45:00,3.430,0.00,0.000
2024-12-02T23:30:00,3.430,0.00,0.000
2024-12-02T23:15:00,3.430,0.00,0.000
2024-12-02T23:00:00,3.430,0.00,0.000
2024-12-02T22:45:00,3.440,0.00,0.000
2024-12-02T22:30:00,3.440,0.00,0.000
2024-12-02T22:15:00,3.440,0.00,0.000
2024-12-02T22:00:00,3.440,29.10,0.000
2024-12-02T21:45:00,3.440,0.00,0.000
2024-12-02T21:30:00,3.450,31.80,0.000
2024-12-02T21:15:00,3.450,0.00,0.000
2024-12-02T21:00:00,3.450,0.00,0.000
2024-12-02T20:45:00,3.450,0.00,0.000
2024-12-02T20:30:00,3.450,0.00,0.000
2024-12-02T20:15:00,3.450,0.00,0.000
2024-12-02T20:00:00,3.460,0.00,0.000
2024-12-02T19:45:00,3.460,0.00,0.000
2024-12-02T19:30:00,3.460,0.00,0.000
2024-12-02T19:15:00,3.460,0.00,0.000
2024-12-02T19:00:00,3.460,0.00,0.000
2024-12-02T18:45:00,3.460,0.00,0.000
2024-12-02T18:30:00,3.460,0.00,0.000
2024-12-02T18:15:00,3.460,0.00,0.000
2024-12-02T18:00:00,3.460,0.00,0.000
2024-12-02T17:45:00,3.460,0.00,0.000
2024-12-02T17:30:00,3.460,0.00,0.000
2024-12-02T17:15:00,3.460,0.00,0.000
2024-12-02T17:00:00,3.460,0.00,0.000
2024-12-02T16:45:00,3.460,0.00,0.000
2024-12-02T16:30:00,3.460,0.00,0.000
2024-12-02T16:15:00,3.460,0.00,0.000
2024-12-02T16:00:00,3.450,0.00,0.000
2024-12-02T15:45:00,3.460,0.00,0.000
2024-12-02T15:30:00,3.460,29.20,0.000
2024-12-02T15:15:00,3.460,0.00,0.000
2024-12-02T15:00:00,3.460,0.00,0.000
2024-12-02T14:45:00,3.460,0.00,0.000
2024-12-02T14:30:00,3.470,0.00,0.000
2024-12-02T14:15:00,3.470,0.00,0.000
2024-12-02T14:00:00,3.470,0.00,0.000
2024-12-02T13:45:00,3.470,0.00,0.000
2024-12-02T13:30:00,3.480,0.00,0.000
2024-12-02T13:15:00,3.480,0.00,0.000
2024-12-02T13:00:00,3.480,0.00,0.000
2024-12-02T12:45:00,3.480,0.00,0.000
2024-12-02T12:30:00,3.490,0.00,0.000
2024-12-02T12:15:00,3.490,0.00,0.000
2024-12-02T12:00:00,3.490,0.00,0.000
2024-12-02T11:45:00,3.500,0.00,0.000
2024-12-02T11:30:00,3.500,0.00,0.000
2024-12-02T11:15:00,3.500,39.10,0.000
2024-12-02T11:00:00,3.510,0.00,0.000
2024-12-02T10:45:00,3.510,0.00,0.000
2024-12-02T10:30:00,3.510,0.00,0.000
2024-12-02T10:15:00,3.510,0.00,0.000
2024-12-02T10:00:00,3.520,0.00,0.000
2024-12-02T09:45:00,3.520,0.00,0.000
2024-12-02T09:30:00,3.520,0.00,0.000
2024-12-02T09:15:00,3.530,28.40,0.000
2024-12-02T09:00:00,3.530,0.00,0.000
2024-12-02T08:45:00,3.530,0.00,0.000
2024-12-02T08:30:00,3.540,0.00,0.000
2024-12-02T08:15:00,3.540,0.00,0.000
2024-12-02T08:00:00,3.540,0.00,0.000
2024-12-02T07:45:00,3.540,30.00,0.000
2024-12-02T07:30:00,3.550,0.00,0.000
2024-12-02T07:15:00,3.550,0.00,0.000
2024-12-02T07:00:00,3.560,0.00,0.000
2024-12-02T06:45:00,3.560,0.00,0.000
2024-12-02T06:30:00,3.560,0.00,0.000
2024-12-02T06:15:00,3.560,0.00,0.000
2024-12-02T06:00:00,3.560,0.00,0.000
2024-12-02T05:45:00,3.570,0.00,0.000
2024-12-02T05:30:00,3.570,0.00,0.000
2024-12-02T05:15:00,3.570,0.00,0.000
2024-12-02T05:00:00,3.570,0.00,0.000
2024-12-02T04:45:00,3.580,0.00,0.000
2024-12-02T04:30:00,3.580,0.00,0.000
2024-12-02T04:15:00,3.580,0.00,0.000
2024-12-02T04:00:00,3.580,0.00,0.000
2024-12-02T03:45:00,3.580,0.00,0.000
2024-12-02T03:30:00,3.580,0.00,0.000
2024-12-02T03:15:00,3.580,27.60,0.000
2024-12-02T03:00:00,3.590,0.00,0.000
2024-12-02T02:45:00,3.590,0.00,0.000
2024-12-02T02:30:00,3.590,0.00,0.000
2024-12-02T02:15:00,3.590,0.00,0.000
2024-12-02T02:00:00,3.590,0.00,0.000
2024-12-02T01:45:00,3.600,0.00,0.000
2024-12-02T01:30:00,3.600,0.00,0.000
2024-12-02T01:15:00,3.600,0.00,0.000
2024-12-02T01:00:00,3.600,0.00,0.000
2024-12-02T00:45:00,3.600,0.00,0.000
2024-12-02T00:30:00,3.600,0.00,0.000
2024-12-02T00:15:00,3.600,0.00,0.000
2024-12-02T00:00:00,3.600,0.00,0.000
2024-12-15T23:45:00,4.470,34.30,0.000
2024-12-15T23:30:00,4.470,0.00,0.000
2024-12-15T23:15:00,4.470,41.40,0.000
2024-12-15T23:00:00,4.480,0.00,0.000
2024-12-15T22:45:00,4.470,34.30,0.000
2024-12-15T22:30:00,4.470,38.40,0.000
2024-12-15T22:15:00,4.470,0.00,0.000
2024-12-15T22:00:00,4.470,38.80,0.000
2024-12-15T21:45:00,4.470,0.00,0.000
2024-12-15T21:30:00,4.460,40.20,0.000
2024-12-15T21:15:00,4.460,44.50,0.000
2024-12-15T21:00:00,4.450,53.40,0.000
2024-12-15T20:45:00,4.450,46.60,0.000
2024-12-15T20:30:00,4.440,41.50,0.000
2024-12-15T20:15:00,4.440,49.40,0.000
2024-12-15T20:00:00,4.430,0.00,0.000
2024-12-15T19:45:00,4.420,0.00,0.000
2024-12-15T19:30:00,4.420,0.00,0.000
2024-12-15T19:15:00,4.410,0.00,0.000
2024-12-15T19:00:00,4.410,0.00,0.000
2024-12-15T18:45:00,4.400,0.00,0.000
2024-12-15T18:30:00,4.400,0.00,0.000
2024-12-15T18:15:00,4.390,0.00,0.000
2024-12-15T18:00:00,4.380,37.90,0.000
2024-12-15T17:45:00,4.370,42.40,0.000
2024-12-15T17:30:00,4.370,39.20,0.000
2024-12-15T17:15:00,4.360,41.50,0.000
2024-12-15T17:00:00,4.350,37.40,0.000
2024-12-15T16:45:00,4.340,42.80,0.000
2024-12-15T16:30:00,4.340,37.90,0.000
2024-12-15T16:15:00,4.330,33.50,0.000
2024-12-15T16:00:00,4.320,57.80,0.000
2024-12-15T15:45:00,4.320,46.50,0.000
2024-12-15T15:30:00,4.310,47.70,0.000
2024-12-15T15:15:00,4.300,38.20,0.000
2024-12-15T15:00:00,4.300,40.90,0.000
2024-12-15T14:45:00,4.290,40.80,0.000
2024-12-15T14:30:00,4.290,46.50,0.000
2024-12-15T14:15:00,4.300,42.70,0.000
2024-12-15T14:00:00,4.300,42.80,0.000
2024-12-15T13:45:00,4.310,39.50,0.000
2024-12-15T13:30:00,4.320,37.90,0.000
2024-12-15T13:15:00,4.320,44.00,0.000
2024-12-15T13:00:00,4.330,37.40,0.000
2024-12-15T12:45:00,4.330,40.20,0.000
2024-12-15T12:30:00,4.340,58.90,0.000
2024-12-15T12:15:00,4.350,39.20,0.000
2024-12-15T12:00:00,4.360,42.10,0.000
2024-12-15T11:45:00,4.370,39.30,0.000
2024-12-15T11:30:00,4.380,40.60,0.000
2024-12-15T11:15:00,4.390,54.10,0.000
2024-12-15T11:00:00,4.400,35.30,0.000
2024-12-15T10:45:00,4.410,43.70,0.000
2024-12-15T10:30:00,4.420,39.00,0.000
2024-12-15T10:15:00,4.430,46.60,0.000
2024-12-15T10:00:00,4.440,46.00,0.000
2024-12-15T09:45:00,4.450,38.20,0.000
2024-12-15T09:30:00,4.460,43.20,0.000
2024-12-15T09:15:00,4.470,43.30,0.000
2024-12-15T09:00:00,4.480,49.20,0.000
2024-12-15T08:45:00,4.490,44.20,0.000
2024-12-15T08:30:00,4.510,40.20,0.000
2024-12-15T08:15:00,4.510,37.90,0.000
2024-12-15T08:00:00,4.520,39.80,0.000
2024-12-15T07:45:00,4.520,39.40,0.000
2024-12-15T07:30:00,4.530,41.80,0.000
2024-12-15T07:15:00,4.530,39.60,0.000
2024-12-15T07:00:00,4.540,40.50,0.000
2024-12-15T06:45:00,4.540,37.50,0.000
2024-12-15T06:30:00,4.550,40.50,0.000
2024-12-15T06:15:00,4.550,87.90,0.000
2024-12-15T06:00:00,4.560,0.00,0.000
2024-12-15T05:45:00,4.570,38.70,0.000
2024-12-15T05:30:00,4.580,39.90,0.000
2024-12-15T05:15:00,4.580,44.10,0.000
2024-12-15T05:00:00,4.580,0.00,0.000
2024-12-15T04:45:00,4.590,0.00,0.000
2024-12-15T04:30:00,4.590,0.00,0.000
2024-12-15T04:15:00,4.590,46.80,0.000
2024-12-15T04:00:00,4.600,44.30,0.000
2024-12-15T03:45:00,4.600,43.40,0.000
2024-12-15T03:30:00,4.600,41.20,0.000
2024-12-15T03:15:00,4.600,37.30,0.000
2024-12-15T03:00:00,4.610,0.00,0.000
2024-12-15T02:45:00,4.610,0.00,0.000
2024-12-15T02:30:00,4.610,36.40,0.000
2024-12-15T02:15:00,4.610,38.90,0.000
2024-12-15T02:00:00,4.620,37.80,0.000
2024-12-15T01:45:00,4.620,43.30,0.000
2024-12-15T01:30:00,4.620,44.10,0.000
2024-12-15T01:15:00,4.630,40.50,0.000
2024-12-15T01:00:00,4.630,35.20,0.000
2024-12-15T00:45:00,4.630,0.00,0.000
2024-12-15T00:30:00,4.640,0.00,0.000
2024-12-15T00:15:00,4.640,40.20,0.000
2024-12-15T00:00:00,4.640,82.30,0.000
2024-12-14T23:45:00,4.650,83.10,0.000
2024-12-14T23:30:00,4.650,48.10,0.000
2024-12-14T23:15:00,4.660,48.90,0.000
2024-12-14T23:00:00,4.660,67.10,0.000
2024-12-14T22:45:00,4.670,0.00,0.000
2024-12-14T22:30:00,4.670,0.00,0.000
2024-12-14T22:15:00,4.670,0.00,0.000
2024-12-14T22:00:00,4.670,45.00,0.000
2024-12-14T21:45:00,4.670,0.00,0.000
2024-12-14T21:30:00,4.670,40.80,0.000
2024-12-14T21:15:00,4.670,50.50,0.000
2024-12-14T21:00:00,4.670,38.30,0.000
2024-12-14T20:45:00,4.670,0.00,0.000
2024-12-14T20:30:00,4.660,0.00,0.000
2024-12-14T20:15:00,4.660,0.00,0.000
2024-12-14T20:00:00,4.660,0.00,0.000
2024-12-14T19:45:00,4.660,0.00,0.000
2024-12-14T19:30:00,4.650,0.00,0.000
2024-12-14T19:15:00,4.650,0.00,0.000
2024-12-14T19:00:00,4.650,0.00,0.000
2024-12-14T18:45:00,4.650,0.00,0.000
2024-12-14T18:30:00,4.640,0.00,0.000
2024-12-14T18:15:00,4.640,0.00,0.000
2024-12-14T18:00:00,4.640,0.00,0.000
2024-12-14T17:45:00,4.640,0.00,0.000
2024-12-14T17:30:00,4.630,50.80,0.000
2024-12-14T17:15:00,4.620,0.00,0.000
2024-12-14T17:00:00,4.610,44.10,0.000
2024-12-14T16:45:00,4.610,0.00,0.000
2024-12-14T16:30:00,4.600,43.60,0.000
2024-12-14T16:15:00,4.590,0.00,0.000
2024-12-14T16:00:00,4.580,52.80,0.000
2024-12-14T15:45:00,4.580,47.30,0.000
2024-12-14T15:30:00,4.570,57.40,0.000
2024-12-14T15:15:00,4.560,55.50,0.000
2024-12-14T15:00:00,4.570,0.00,0.000
2024-12-14T14:45:00,4.560,36.70,0.000
2024-12-14T14:30:00,4.560,0.00,0.000
2024-12-14T14:15:00,4.560,34.80,0.000
2024-12-14T14:00:00,4.560,36.00,0.000
2024-12-14T13:45:00,4.560,34.80,0.000
2024-12-14T13:30:00,4.560,34.80,0.000
2024-12-14T13:15:00,4.570,39.00,0.000
2024-12-14T13:00:00,4.570,0.00,0.000
2024-12-14T12:45:00,4.570,34.90,0.000
2024-12-14T12:30:00,4.580,41.10,0.000
2024-12-14T12:15:00,4.580,34.90,0.000
2024-12-14T12:00:00,4.590,0.00,0.000
2024-12-14T11:45:00,4.590,0.00,0.000
2024-12-14T11:30:00,4.590,0.00,0.000
2024-12-14T11:15:00,4.600,46.10,0.000
2024-12-14T11:00:00,4.600,0.00,0.000
2024-12-14T10:45:00,4.610,35.90,0.000
2024-12-14T10:30:00,4.610,36.60,0.000
2024-12-14T10:15:00,4.620,0.00,0.000
2024-12-14T10:00:00,4.630,0.00,0.000
2024-12-14T09:45:00,4.640,38.90,0.000
2024-12-14T09:30:00,4.650,0.00,0.000
2024-12-14T09:15:00,4.660,37.70,0.000
2024-12-14T09:00:00,4.680,51.60,0.000
2024-12-14T08:45:00,4.680,37.40,0.000
2024-12-14T08:30:00,4.690,55.70,0.000
2024-12-14T08:15:00,4.690,46.70,0.000
2024-12-14T08:00:00,4.690,0.00,0.000
2024-12-14T07:45:00,4.700,39.60,0.000
2024-12-14T07:30:00,4.710,0.00,0.000
2024-12-14T07:15:00,4.710,0.00,0.000
2024-12-14T07:00:00,4.710,0.00,0.000
2024-12-14T06:45:00,4.710,0.00,0.000
2024-12-14T06:30:00,4.710,0.00,0.000
2024-12-14T06:15:00,4.720,0.00,0.000
2024-12-14T06:00:00,4.720,103.90,0.000
2024-12-14T05:45:00,4.720,0.00,0.000
2024-12-14T05:30:00,4.720,0.00,0.000
2024-12-14T05:15:00,4.720,0.00,0.000
2024-12-14T05:00:00,4.720,0.00,0.000
2024-12-14T04:45:00,4.720,0.00,0.000
2024-12-14T04:30:00,4.720,0.00,0.000
2024-12-14T04:15:00,4.730,0.00,0.000
2024-12-14T04:00:00,4.730,0.00,0.000
2024-12-14T03:45:00,4.730,0.00,0.000
2024-12-14T03:30:00,4.730,0.00,0.000
2024-12-14T03:15:00,4.730,0.00,0.000
2024-12-14T03:00:00,4.740,0.00,0.000
2024-12-14T02:45:00,4.730,0.00,0.000
2024-12-14T02:30:00,4.740,0.00,0.000
2024-12-14T02:15:00,4.740,0.00,0.000
2024-12-14T02:00:00,4.740,0.00,0.000
2024-12-14T01:45:00,4.740,0.00,0.000
2024-12-14T01:30:00,4.740,0.00,0.000
2024-12-14T01:15:00,4.740,0.00,0.000
2024-12-14T01:00:00,4.740,0.00,0.000
2024-12-14T00:45:00,4.730,0.00,0.000
2024-12-14T00:30:00,4.730,0.00,0.000
2024-12-14T00:15:00,4.730,0.00,0.000
2024-12-14T00:00:00,4.720,0.00,0.000
2024-12-13T23:45:00,4.720,0.00,0.000
2024-12-13T23:30:00,4.710,0.00,0.000
2024-12-13T23:15:00,4.700,0.00,0.000
2024-12-13T23:00:00,4.700,0.00,0.000
2024-12-13T22:45:00,4.690,0.00,0.000
2024-12-13T22:30:00,4.680,0.00,0.000
2024-12-13T22:15:00,4.670,0.00,0.000
2024-12-13T22:00:00,4.660,63.00,0.000
2024-12-13T21:45:00,4.650,0.00,0.000
2024-12-13T21:30:00,4.640,0.00,0.000
2024-12-13T21:15:00,4.630,0.00,0.000
2024-12-13T21:00:00,4.620,0.00,0.000
2024-12-13T20:45:00,4.620,0.00,0.000
2024-12-13T20:30:00,4.610,0.00,0.000
2024-12-13T20:15:00,4.600,0.00,0.000
2024-12-13T20:00:00,4.590,0.00,0.000
2024-12-13T19:45:00,4.590,0.00,0.000
2024-12-13T19:30:00,4.580,0.00,0.000
2024-12-13T19:15:00,4.570,0.00,0.000
2024-12-13T19:00:00,4.570,0.00,0.000
2024-12-13T18:45:00,4.560,0.00,0.000
2024-12-13T18:30:00,4.550,0.00,0.000
2024-12-13T18:15:00,4.540,0.00,0.000
2024-12-13T18:00:00,4.530,0.00,0.000
2024-12-13T17:45:00,4.520,0.00,0.000
2024-12-13T17:30:00,4.510,0.00,0.000
2024-12-13T17:15:00,4.500,39.00,0.000
2024-12-13T17:00:00,4.490,0.00,0.000
2024-12-13T16:45:00,4.490,0.00,0.000
2024-12-13T16:30:00,4.480,0.00,0.000
2024-12-13T16:15:00,4.470,0.00,0.000
2024-12-13T16:00:00,4.460,0.00,0.000
2024-12-13T15:45:00,4.450,0.00,0.000
2024-12-13T15:30:00,4.440,0.00,0.000
2024-12-13T15:15:00,4.430,34.00,0.000
2024-12-13T15:00:00,4.410,34.80,0.000
2024-12-13T14:45:00,4.400,0.00,0.000
2024-12-13T14:30:00,4.390,33.80,0.000
2024-12-13T14:15:00,4.380,44.50,0.000
2024-12-13T14:00:00,4.380,33.70,0.000
2024-12-13T13:45:00,4.370,55.80,0.000
2024-12-13T13:30:00,4.370,33.70,0.000
2024-12-13T13:15:00,4.360,33.60,0.000
2024-12-13T13:00:00,4.350,33.60,0.000
2024-12-13T12:45:00,4.350,33.60,0.000
2024-12-13T12:30:00,4.340,58.00,0.000
2024-12-13T12:15:00,4.340,0.00,0.000
2024-12-13T12:00:00,4.340,35.20,0.000
2024-12-13T11:45:00,4.330,48.10,0.000
2024-12-13T11:30:00,4.320,33.40,0.000
2024-12-13T11:15:00,4.320,36.70,0.000
2024-12-13T11:00:00,4.320,34.60,0.000
2024-12-13T10:45:00,4.310,33.40,0.000
2024-12-13T10:30:00,4.310,33.30,0.000
2024-12-13T10:15:00,4.300,37.30,0.000
2024-12-13T10:00:00,4.290,35.10,0.000
2024-12-13T09:45:00,4.290,55.40,0.000
2024-12-13T09:30:00,4.280,54.60,0.000
2024-12-13T09:15:00,4.280,36.40,0.000
2024-12-13T09:00:00,4.270,53.70,0.000
2024-12-13T08:45:00,4.270,0.00,0.000
2024-12-13T08:30:00,4.260,0.00,0.000
2024-12-13T08:15:00,4.250,0.00,0.000
2024-12-13T08:00:00,4.250,45.40,0.000
2024-12-13T07:45:00,4.250,0.00,0.000
2024-12-13T07:30:00,4.240,0.00,0.000
2024-12-13T07:15:00,4.230,0.00,0.000
2024-12-13T07:00:00,4.230,0.00,0.000
2024-12-13T06:45:00,4.220,32.90,0.000
2024-12-13T06:30:00,4.210,41.20,0.000
2024-12-13T06:15:00,4.200,0.00,0.000
2024-12-13T06:00:00,4.200,0.00,0.000
2024-12-13T05:45:00,4.190,0.00,0.000
2024-12-13T05:30:00,4.180,0.00,0.000
2024-12-13T05:15:00,4.180,0.00,0.000
2024-12-13T05:00:00,4.170,0.00,0.000
2024-12-13T04:45:00,4.160,0.00,0.000
2024-12-13T04:30:00,4.160,0.00,0.000
2024-12-13T04:15:00,4.150,0.00,0.000
2024-12-13T04:00:00,4.140,0.00,0.000
2024-12-13T03:45:00,4.130,0.00,0.000
2024-12-13T03:30:00,4.130,0.00,0.000
2024-12-13T03:15:00,4.120,0.00,0.000
2024-12-13T03:00:00,4.120,32.10,0.000
2024-12-13T02:45:00,4.110,0.00,0.000
2024-12-13T02:30:00,4.100,0.00,0.000
2024-12-13T02:15:00,4.090,0.00,0.000
2024-12-13T02:00:00,4.080,0.00,0.000
2024-12-13T01:45:00,4.080,34.40,0.000
2024-12-13T01:30:00,4.070,0.00,0.000
2024-12-13T01:15:00,4.060,60.00,0.000
2024-12-13T01:00:00,4.060,0.00,0.000
2024-12-13T00:45:00,4.050,0.00,0.000
2024-12-13T00:30:00,4.040,0.00,0.000
2024-12-13T00:15:00,4.030,0.00,0.000
2024-12-13T00:00:00,4.030,0.00,0.000
2024-12-12T23:45:00,4.020,0.00,0.000
2024-12-12T23:30:00,4.010,0.00,0.000
2024-12-12T23:15:00,4.000,0.00,0.000
2024-12-12T23:00:00,3.990,0.00,0.000
2024-12-12T22:45:00,3.990,0.00,0.000
2024-12-12T22:30:00,3.980,0.00,0.000
2024-12-12T22:15:00,3.980,0.00,0.000
2024-12-12T22:00:00,3.970,0.00,0.000
2024-12-12T21:45:00,3.970,0.00,0.000
2024-12-12T21:30:00,3.970,0.00,0.000
2024-12-12T21:15:00,3.960,0.00,0.000
2024-12-12T21:00:00,3.960,0.00,0.000
2024-12-12T20:45:00,3.960,0.00,0.000
2024-12-12T20:30:00,3.960,0.00,0.000
2024-12-12T20:15:00,3.960,0.00,0.000
2024-12-12T20:00:00,3.950,0.00,0.000
2024-12-12T19:45:00,3.950,0.00,0.000
2024-12-12T19:30:00,3.950,0.00,0.000
2024-12-12T19:15:00,3.950,0.00,0.000
2024-12-12T19:00:00,3.950,0.00,0.000
2024-12-12T18:45:00,3.950,0.00,0.000
2024-12-12T18:30:00,3.950,0.00,0.000
2024-12-12T18:15:00,3.950,0.00,0.000
2024-12-12T18:00:00,3.950,0.00,0.000
2024-12-12T17:45:00,3.940,0.00,0.000
2024-12-12T17:30:00,3.940,40.10,0.000
2024-12-12T17:15:00,3.940,33.10,0.000
2024-12-12T17:00:00,3.940,0.00,0.000
2024-12-12T16:45:00,3.930,37.60,0.000
2024-12-12T16:30:00,3.930,36.10,0.000
2024-12-12T16:15:00,3.930,47.20,0.000
2024-12-12T16:00:00,3.930,0.00,0.000
2024-12-12T15:45:00,3.930,49.80,0.000
2024-12-12T15:30:00,3.940,0.00,0.000
2024-12-12T15:15:00,3.940,0.00,0.000
2024-12-12T15:00:00,3.940,46.20,0.000
2024-12-12T14:45:00,3.940,0.00,0.000
2024-12-12T14:30:00,3.940,32.90,0.000
2024-12-12T14:15:00,3.940,33.00,0.000
2024-12-12T14:00:00,3.940,32.10,0.000
2024-12-12T13:45:00,3.940,0.00,0.000
2024-12-12T13:30:00,3.940,0.00,0.000
2024-12-12T13:15:00,3.940,0.00,0.000
2024-12-12T13:00:00,3.940,0.00,0.000
2024-12-12T12:45:00,3.940,37.50,0.000
2024-12-12T12:30:00,3.940,0.00,0.000
2024-12-12T12:15:00,3.940,0.00,0.000
2024-12-12T12:00:00,3.940,32.90,0.000
2024-12-12T11:45:00,3.940,0.00,0.000
2024-12-12T11:30:00,3.940,36.50,0.000
2024-12-12T11:15:00,3.940,30.90,0.000
2024-12-12T11:00:00,3.940,35.60,0.000
2024-12-12T10:45:00,3.940,31.70,0.000
2024-12-12T10:30:00,3.940,39.50,0.000
2024-12-12T10:15:00,3.940,0.00,0.000
2024-12-12T10:00:00,3.950,30.90,0.000
2024-12-12T09:45:00,3.940,30.90,0.000
2024-12-12T09:30:00,3.940,33.40,0.000
2024-12-12T09:15:00,3.940,0.00,0.000
2024-12-12T09:00:00,3.950,0.00,0.000
2024-12-12T08:45:00,3.950,0.00,0.000
2024-12-12T08:30:00,3.950,0.00,0.000
2024-12-12T08:15:00,3.950,40.40,0.000
2024-12-12T08:00:00,3.950,0.00,0.000
2024-12-12T07:45:00,3.950,0.00,0.000
2024-12-12T07:30:00,3.950,0.00,0.000
2024-12-12T07:15:00,3.950,0.00,0.000
2024-12-12T07:00:00,3.950,31.00,0.000
2024-12-12T06:45:00,3.950,0.00,0.000
2024-12-12T06:30:00,3.950,0.00,0.000
2024-12-12T06:15:00,3.950,0.00,0.000
2024-12-12T06:00:00,3.950,102.00,0.000
2024-12-12T05:45:00,3.950,0.00,0.000
2024-12-12T05:30:00,3.950,0.00,0.000
2024-12-12T05:15:00,3.950,0.00,0.000
2024-12-12T05:00:00,3.950,0.00,0.000
2024-12-12T04:45:00,3.950,0.00,0.000
2024-12-12T04:30:00,3.950,0.00,0.000
2024-12-12T04:15:00,3.950,0.00,0.000
2024-12-12T04:00:00,3.950,0.00,0.000
2024-12-12T03:45:00,3.950,0.00,0.000
2024-12-12T03:30:00,3.950,0.00,0.000
2024-12-12T03:15:00,3.940,0.00,0.000
2024-12-12T03:00:00,3.950,30.90,0.000
2024-12-12T02:45:00,3.940,0.00,0.000
2024-12-12T02:30:00,3.940,0.00,0.000
2024-12-12T02:15:00,3.940,0.00,0.000
2024-12-12T02:00:00,3.940,0.00,0.000
2024-12-12T01:45:00,3.940,0.00,0.000
2024-12-12T01:30:00,3.940,0.00,0.000
2024-12-12T01:15:00,3.940,0.00,0.000
2024-12-12T01:00:00,3.940,0.00,0.000
2024-12-12T00:45:00,3.940,0.00,0.000
2024-12-12T00:30:00,3.940,0.00,0.000
2024-12-12T00:15:00,3.940,0.00,0.000
2024-12-12T00:00:00,3.940,0.00,0.000
2024-12-11T23:45:00,3.940,0.00,0.000
2024-12-11T23:30:00,3.940,0.00,0.000
2024-12-11T23:15:00,3.940,0.00,0.000
2024-12-11T23:00:00,3.940,0.00,0.000
2024-12-11T22:45:00,3.940,0.00,0.000
2024-12-11T22:30:00,3.940,0.00,0.000
2024-12-11T22:15:00,3.940,0.00,0.000
2024-12-11T22:00:00,3.940,0.00,0.000
2024-12-11T21:45:00,3.940,0.00,0.000
2024-12-11T21:30:00,3.940,0.00,0.000
2024-12-11T21:15:00,3.940,0.00,0.000
2024-12-11T21:00:00,3.940,0.00,0.000
2024-12-11T20:45:00,3.940,0.00,0.000
2024-12-11T20:30:00,3.930,0.00,0.000
2024-12-11T20:15:00,3.930,0.00,0.000
2024-12-11T20:00:00,3.930,0.00,0.000
2024-12-11T19:45:00,3.930,0.00,0.000
2024-12-11T19:30:00,3.930,0.00,0.000
2024-12-11T19:15:00,3.930,0.00,0.000
2024-12-11T19:00:00,3.930,0.00,0.000
2024-12-11T18:45:00,3.930,0.00,0.000
2024-12-11T18:30:00,3.930,0.00,0.000
2024-12-11T18:15:00,3.930,0.00,0.000
2024-12-11T18:00:00,3.920,0.00,0.000
2024-12-11T17:45:00,3.920,0.00,0.000
2024-12-11T17:30:00,3.920,0.00,0.000
2024-12-11T17:15:00,3.920,0.00,0.000
2024-12-11T17:00:00,3.920,0.00,0.000
2024-12-11T16:45:00,3.920,39.80,0.000
2024-12-11T16:30:00,3.920,62.90,0.000
2024-12-11T16:15:00,3.910,44.70,0.000
2024-12-11T16:00:00,3.910,36.40,0.000
2024-12-11T15:45:00,3.910,32.50,0.000
2024-12-11T15:30:00,3.920,47.00,0.000
2024-12-11T15:15:00,3.910,30.70,0.000
2024-12-11T15:00:00,3.910,0.00,0.000
2024-12-11T14:45:00,3.910,54.60,0.000
2024-12-11T14:30:00,3.910,35.80,0.000
2024-12-11T14:15:00,3.920,30.70,0.000
2024-12-11T14:00:00,3.920,31.40,0.000
2024-12-11T13:45:00,3.920,0.00,0.000
2024-12-11T13:30:00,3.910,0.00,0.000
2024-12-11T13:15:00,3.910,45.10,0.000
2024-12-11T13:00:00,3.920,0.00,0.000
2024-12-11T12:45:00,3.920,31.40,0.000
2024-12-11T12:30:00,3.910,34.20,0.000
2024-12-11T12:15:00,3.920,30.70,0.000
2024-12-11T12:00:00,3.920,45.00,0.000
2024-12-11T11:45:00,3.920,34.70,0.000
2024-12-11T11:30:00,3.920,33.20,0.000
2024-12-11T11:15:00,3.920,39.60,0.000
2024-12-11T11:00:00,3.920,39.10,0.000
2024-12-11T10:45:00,3.920,31.70,0.000
2024-12-11T10:30:00,3.920,0.00,0.000
2024-12-11T10:15:00,3.920,0.00,0.000
2024-12-11T10:00:00,3.920,0.00,0.000
2024-12-11T09:45:00,3.930,0.00,0.000
2024-12-11T09:30:00,3.930,0.00,0.000
2024-12-11T09:15:00,3.930,0.00,0.000
2024-12-11T09:00:00,3.930,30.80,0.000
2024-12-11T08:45:00,3.930,0.00,0.000
2024-12-11T08:30:00,3.930,0.00,0.000
2024-12-11T08:15:00,3.930,0.00,0.000
2024-12-11T08:00:00,3.930,0.00,0.000
2024-12-11T07:45:00,3.940,0.00,0.000
2024-12-11T07:30:00,3.940,0.00,0.000
2024-12-11T07:15:00,3.940,0.00,0.000
2024-12-11T07:00:00,3.940,0.00,0.000
2024-12-11T06:45:00,3.930,0.00,0.000
2024-12-11T06:30:00,3.940,0.00,0.000
2024-12-11T06:15:00,3.940,0.00,0.000
2024-12-11T06:00:00,3.940,0.00,0.000
2024-12-11T05:45:00,3.940,0.00,0.000
2024-12-11T05:30:00,3.940,0.00,0.000
2024-12-11T05:15:00,3.940,0.00,0.000
2024-12-11T05:00:00,3.940,0.00,0.000
2024-12-11T04:45:00,3.940,0.00,0.000
2024-12-11T04:30:00,3.940,30.90,0.000
2024-12-11T04:15:00,3.940,0.00,0.000
2024-12-11T04:00:00,3.940,0.00,0.000
2024-12-11T03:45:00,3.940,0.00,0.000
2024-12-11T03:30:00,3.940,0.00,0.000
2024-12-11T03:15:00,3.940,0.00,0.000
2024-12-11T03:00:00,3.940,0.00,0.000
2024-12-11T02:45:00,3.940,0.00,0.000
2024-12-11T02:30:00,3.940,0.00,0.000
2024-12-11T02:15:00,3.940,0.00,0.000
2024-12-11T02:00:00,3.940,0.00,0.000
2024-12-11T01:45:00,3.940,0.00,0.000
2024-12-11T01:30:00,3.950,30.90,0.000
2024-12-11T01:15:00,3.940,0.00,0.000
2024-12-11T01:00:00,3.940,0.00,0.000
2024-12-11T00:45:00,3.950,0.00,0.000
2024-12-11T00:30:00,3.950,31.50,0.000
2024-12-11T00:15:00,3.950,0.00,0.000
2024-12-11T00:00:00,3.950,0.00,0.000
2024-12-10T23:45:00,3.950,0.00,0.000
2024-12-10T23:30:00,3.950,0.00,0.000
2024-12-10T23:15:00,3.950,0.00,0.000
2024-12-10T23:00:00,3.950,0.00,0.000
2024-12-10T22:45:00,3.950,0.00,0.000
2024-12-10T22:30:00,3.950,31.40,0.000
2024-12-10T22:15:00,3.950,0.00,0.000
2024-12-10T22:00:00,3.950,0.00,0.000
2024-12-10T21:45:00,3.950,31.00,0.000
2024-12-10T21:30:00,3.950,0.00,0.000
2024-12-10T21:15:00,3.950,0.00,0.000
2024-12-10T21:00:00,3.950,0.00,0.000
2024-12-10T20:45:00,3.950,0.00,0.000
2024-12-10T20:30:00,3.950,0.00,0.000
2024-12-10T20:15:00,3.950,0.00,0.000
2024-12-10T20:00:00,3.950,0.00,0.000
2024-12-10T19:45:00,3.960,0.00,0.000
2024-12-10T19:30:00,3.950,0.00,0.000
2024-12-10T19:15:00,3.950,0.00,0.000
2024-12-10T19:00:00,3.960,0.00,0.000
2024-12-10T18:45:00,3.960,0.00,0.000
2024-12-10T18:30:00,3.960,0.00,0.000
2024-12-10T18:15:00,3.960,0.00,0.000
2024-12-10T18:00:00,3.960,0.00,0.000
2024-12-10T17:45:00,3.960,0.00,0.000
2024-12-10T17:30:00,3.960,0.00,0.000
2024-12-10T17:15:00,3.960,0.00,0.000
2024-12-10T17:00:00,3.960,0.00,0.000
2024-12-10T16:45:00,3.960,0.00,0.000
2024-12-10T16:30:00,3.950,31.00,0.000
2024-12-10T16:15:00,3.960,0.00,0.000
2024-12-10T16:00:00,3.950,0.00,0.000
2024-12-10T15:45:00,3.960,0.00,0.000
2024-12-10T15:30:00,3.950,51.70,0.000
2024-12-10T15:15:00,3.960,0.00,0.000
2024-12-10T15:00:00,3.960,0.00,0.000
2024-12-10T14:45:00,3.960,31.10,0.000
2024-12-10T14:30:00,3.960,0.00,0.000
2024-12-10T14:15:00,3.970,33.60,0.000
2024-12-10T14:00:00,3.960,0.00,0.000
2024-12-10T13:45:00,3.970,0.00,0.000
2024-12-10T13:30:00,3.970,57.70,0.000
2024-12-10T13:15:00,3.970,47.80,0.000
2024-12-10T13:00:00,3.970,51.90,0.000
2024-12-10T12:45:00,3.980,0.00,0.000
2024-12-10T12:30:00,3.980,31.20,0.000
2024-12-10T12:15:00,3.980,0.00,0.000
2024-12-10T12:00:00,3.980,0.00,0.000
2024-12-10T11:45:00,3.980,0.00,0.000
2024-12-10T11:30:00,3.980,0.00,0.000
2024-12-10T11:15:00,3.990,31.20,0.000
2024-12-10T11:00:00,3.980,0.00,0.000
2024-12-10T10:45:00,3.980,0.00,0.000
2024-12-10T10:30:00,3.990,0.00,0.000
2024-12-10T10:15:00,3.990,34.40,0.000
2024-12-10T10:00:00,4.000,0.00,0.000
2024-12-10T09:45:00,4.000,33.00,0.000
2024-12-10T09:30:00,4.000,0.00,0.000
2024-12-10T09:15:00,4.000,0.00,0.000
2024-12-10T09:00:00,4.000,0.00,0.000
2024-12-10T08:45:00,4.000,0.00,0.000
2024-12-10T08:30:00,4.010,0.00,0.000
2024-12-10T08:15:00,4.010,0.00,0.000
2024-12-10T08:00:00,4.010,0.00,0.000
2024-12-10T07:45:00,4.010,0.00,0.000
2024-12-10T07:30:00,4.010,0.00,0.000
2024-12-10T07:15:00,4.020,0.00,0.000
2024-12-10T07:00:00,4.010,0.00,0.000
2024-12-10T06:45:00,4.020,0.00,0.000
2024-12-10T06:30:00,4.020,0.00,0.000
2024-12-10T06:15:00,4.020,0.00,0.000
2024-12-10T06:00:00,4.020,0.00,0.000
2024-12-10T05:45:00,4.010,0.00,0.000
2024-12-10T05:30:00,4.020,0.00,0.000
2024-12-10T05:15:00,4.020,0.00,0.000
2024-12-10T05:00:00,4.020,31.80,0.000
2024-12-10T04:45:00,4.020,0.00,0.000
2024-12-10T04:30:00,4.020,0.00,0.000
2024-12-10T04:15:00,4.020,0.00,0.000
2024-12-10T04:00:00,4.020,0.00,0.000
2024-12-10T03:45:00,4.020,0.00,0.000
2024-12-10T03:30:00,4.020,0.00,0.000
2024-12-10T03:15:00,4.020,0.00,0.000
2024-12-10T03:00:00,4.020,0.00,0.000
2024-12-10T02:45:00,4.020,0.00,0.000
2024-12-10T02:30:00,4.020,0.00,0.000
2024-12-10T02:15:00,4.020,0.00,0.000
2024-12-10T02:00:00,4.020,0.00,0.000
2024-12-10T01:45:00,4.020,0.00,0.000
2024-12-10T01:30:00,4.020,0.00,0.000
2024-12-10T01:15:00,4.020,0.00,0.000
2024-12-10T01:00:00,4.020,0.00,0.000
2024-12-10T00:45:00,4.020,0.00,0.000
2024-12-10T00:30:00,4.020,0.00,0.000
2024-12-10T00:15:00,4.020,0.00,0.000
2024-12-10T00:00:00,4.020,31.50,0.000
2024-12-09T23:45:00,4.020,0.00,0.000
2024-12-09T23:30:00,4.020,0.00,0.000
2024-12-09T23:15:00,4.020,0.00,0.000
2024-12-09T23:00:00,4.020,0.00,0.000
2024-12-09T22:45:00,4.020,0.00,0.000
2024-12-09T22:30:00,4.020,0.00,0.000
2024-12-09T22:15:00,4.020,0.00,0.000
2024-12-09T22:00:00,4.020,0.00,0.000
2024-12-09T21:45:00,4.020,0.00,0.000
2024-12-09T21:30:00,4.020,0.00,0.000
2024-12-09T21:15:00,4.020,0.00,0.000
2024-12-09T21:00:00,4.020,0.00,0.000
2024-12-09T20:45:00,4.020,0.00,0.000
2024-12-09T20:30:00,4.020,0.00,0.000
2024-12-09T20:15:00,4.020,0.00,0.000
2024-12-09T20:00:00,4.010,0.00,0.000
2024-12-09T19:45:00,4.010,0.00,0.000
2024-12-09T19:30:00,4.010,0.00,0.000
2024-12-09T19:15:00,4.010,0.00,0.000
2024-12-09T19:00:00,4.010,0.00,0.000
2024-12-09T18:45:00,4.010,0.00,0.000
2024-12-09T18:30:00,4.010,0.00,0.000
2024-12-09T18:15:00,4.000,0.00,0.000
2024-12-09T18:00:00,4.000,0.00,0.000
2024-12-09T17:45:00,4.000,0.00,0.000
2024-12-09T17:30:00,4.000,0.00,0.000
2024-12-09T17:15:00,4.000,0.00,0.000
2024-12-09T17:00:00,4.000,0.00,0.000
2024-12-09T16:45:00,4.000,36.10,0.000
2024-12-09T16:30:00,4.000,35.20,0.000
2024-12-09T16:15:00,4.000,0.00,0.000
2024-12-09T16:00:00,4.000,0.00,0.000
2024-12-09T15:45:00,4.010,37.70,0.000
2024-12-09T15:30:00,4.000,0.00,0.000
2024-12-09T15:15:00,4.010,0.00,0.000
2024-12-09T15:00:00,4.010,0.00,0.000
2024-12-09T14:45:00,4.010,0.00,0.000
2024-12-09T14:30:00,4.010,0.00,0.000
2024-12-09T14:15:00,4.010,0.00,0.000
2024-12-09T14:00:00,4.010,0.00,0.000
2024-12-09T13:45:00,4.010,0.00,0.000
2024-12-09T13:30:00,4.010,0.00,0.000
2024-12-09T13:15:00,4.010,0.00,0.000
2024-12-09T13:00:00,4.020,0.00,0.000
2024-12-09T12:45:00,4.020,33.80,0.000
2024-12-09T12:30:00,4.020,0.00,0.000
2024-12-09T12:15:00,4.020,0.00,0.000
2024-12-09T12:00:00,4.020,0.00,0.000
2024-12-09T11:45:00,4.020,31.40,0.000
2024-12-09T11:30:00,4.020,0.00,0.000
2024-12-09T11:15:00,4.020,0.00,0.000
2024-12-09T11:00:00,4.020,0.00,0.000
2024-12-09T10:45:00,4.020,0.00,0.000
2024-12-09T10:30:00,4.020,0.00,0.000
2024-12-09T10:15:00,4.030,0.00,0.000
2024-12-09T10:00:00,4.030,0.00,0.000
2024-12-09T09:45:00,4.030,0.00,0.000
2024-12-09T09:30:00,4.030,34.40,0.000
2024-12-09T09:15:00,4.030,49.10,0.000
2024-12-09T09:00:00,4.030,35.90,0.000
2024-12-09T08:45:00,4.030,42.90,0.000
2024-12-09T08:30:00,4.030,0.00,0.000
2024-12-09T08:15:00,4.040,0.00,0.000
2024-12-09T08:00:00,4.040,0.00,0.000
2024-12-09T07:45:00,4.040,0.00,0.000
2024-12-09T07:30:00,4.040,0.00,0.000
2024-12-09T07:15:00,4.040,0.00,0.000
2024-12-09T07:00:00,4.050,50.50,0.000
2024-12-09T06:45:00,4.050,0.00,0.000
2024-12-09T06:30:00,4.040,46.50,0.000
2024-12-09T06:15:00,4.050,0.00,0.000
2024-12-09T06:00:00,4.050,109.50,0.000
2024-12-09T05:45:00,4.050,0.00,0.000
2024-12-09T05:30:00,4.050,410.20,0.000
2024-12-09T05:15:00,4.050,0.00,0.000
2024-12-09T05:00:00,4.050,0.00,0.000
2024-12-09T04:45:00,4.050,31.70,0.000
2024-12-09T04:30:00,4.050,0.00,0.000
2024-12-09T04:15:00,4.050,44.40,0.000
2024-12-09T04:00:00,4.050,36.00,0.000
2024-12-09T03:45:00,4.050,45.60,0.000
2024-12-09T03:30:00,4.060,31.70,0.000
2024-12-09T03:15:00,4.060,32.00,0.000
2024-12-09T03:00:00,4.060,0.00,0.000
2024-12-09T02:45:00,4.060,31.70,0.000
2024-12-09T02:30:00,4.060,0.00,0.000
2024-12-09T02:15:00,4.060,0.00,0.000
2024-12-09T02:00:00,4.060,0.00,0.000
2024-12-09T01:45:00,4.060,32.90,0.000
2024-12-09T01:30:00,4.060,0.00,0.000
2024-12-09T01:15:00,4.060,0.00,0.000
2024-12-09T01:00:00,4.060,0.00,0.000
2024-12-09T00:45:00,4.070,0.00,0.000
2024-12-09T00:30:00,4.060,0.00,0.000
2024-12-09T00:15:00,4.060,0.00,0.000
2024-12-09T00:00:00,4.060,0.00,0.000
2024-12-22T23:45:00,4.530,37.80,0.000
2024-12-22T23:30:00,4.540,0.00,0.000
2024-12-22T23:15:00,4.540,38.40,0.000
2024-12-22T23:00:00,4.540,39.00,0.000
2024-12-22T22:45:00,4.550,35.90,0.000
2024-12-22T22:30:00,4.550,39.00,0.000
2024-12-22T22:15:00,4.550,0.00,0.000
2024-12-22T22:00:00,4.560,34.80,0.000
2024-12-22T21:45:00,4.560,46.00,0.000
2024-12-22T21:30:00,4.560,37.60,0.000
2024-12-22T21:15:00,4.560,46.00,0.000
2024-12-22T21:00:00,4.570,44.10,0.000
2024-12-22T20:45:00,4.570,38.10,0.000
2024-12-22T20:30:00,4.570,0.00,0.000
2024-12-22T20:15:00,4.580,39.70,0.000
2024-12-22T20:00:00,4.580,0.00,0.000
2024-12-22T19:45:00,4.580,34.90,0.000
2024-12-22T19:30:00,4.580,0.00,0.000
2024-12-22T19:15:00,4.580,0.00,0.000
2024-12-22T19:00:00,4.580,0.00,0.000
2024-12-22T18:45:00,4.590,0.00,0.000
2024-12-22T18:30:00,4.590,43.20,0.000
2024-12-22T18:15:00,4.590,58.00,0.000
2024-12-22T18:00:00,4.590,43.60,0.000
2024-12-22T17:45:00,4.590,43.90,0.000
2024-12-22T17:30:00,4.590,0.00,0.000
2024-12-22T17:15:00,4.600,43.00,0.000
2024-12-22T17:00:00,4.600,43.30,0.000
2024-12-22T16:45:00,4.600,53.50,0.000
2024-12-22T16:30:00,4.600,40.80,0.000
2024-12-22T16:15:00,4.610,0.00,0.000
2024-12-22T16:00:00,4.610,40.40,0.000
2024-12-22T15:45:00,4.610,39.40,0.000
2024-12-22T15:30:00,4.620,45.90,0.000
2024-12-22T15:15:00,4.620,41.30,0.000
2024-12-22T15:00:00,4.620,0.00,0.000
2024-12-22T14:45:00,4.620,46.30,0.000
2024-12-22T14:30:00,4.620,50.10,0.000
2024-12-22T14:15:00,4.640,41.80,0.000
2024-12-22T14:00:00,4.640,0.00,0.000
2024-12-22T13:45:00,4.640,0.00,0.000
2024-12-22T13:30:00,4.640,0.00,0.000
2024-12-22T13:15:00,4.640,0.00,0.000
2024-12-22T13:00:00,4.630,59.50,0.000
2024-12-22T12:45:00,4.640,45.50,0.000
2024-12-22T12:30:00,4.640,35.20,0.000
2024-12-22T12:15:00,4.640,37.40,0.000
2024-12-22T12:00:00,4.640,35.20,0.000
2024-12-22T11:45:00,4.640,37.40,0.000
2024-12-22T11:30:00,4.640,39.20,0.000
2024-12-22T11:15:00,4.640,81.60,0.000
2024-12-22T11:00:00,4.640,41.00,0.000
2024-12-22T10:45:00,4.640,38.60,0.000
2024-12-22T10:30:00,4.640,38.20,0.000
2024-12-22T10:15:00,4.640,48.10,0.000
2024-12-22T10:00:00,4.650,39.10,0.000
2024-12-22T09:45:00,4.650,43.30,0.000
2024-12-22T09:30:00,4.650,38.30,0.000
2024-12-22T09:15:00,4.660,36.70,0.000
2024-12-22T09:00:00,4.670,67.60,0.000
2024-12-22T08:45:00,4.670,35.40,0.000
2024-12-22T08:30:00,4.670,35.50,0.000
2024-12-22T08:15:00,4.680,56.10,0.000
2024-12-22T08:00:00,4.680,36.60,0.000
2024-12-22T07:45:00,4.680,37.70,0.000
2024-12-22T07:30:00,4.680,40.40,0.000
2024-12-22T07:15:00,4.680,39.80,0.000
2024-12-22T07:00:00,4.680,0.00,0.000
2024-12-22T06:45:00,4.680,0.00,0.000
2024-12-22T06:30:00,4.680,37.80,0.000
2024-12-22T06:15:00,4.690,0.00,0.000
2024-12-22T06:00:00,4.690,0.00,0.000
2024-12-22T05:45:00,4.690,39.00,0.000
2024-12-22T05:30:00,4.690,0.00,0.000
2024-12-22T05:15:00,4.700,56.90,0.000
2024-12-22T05:00:00,4.700,38.50,0.000
2024-12-22T04:45:00,4.700,0.00,0.000
2024-12-22T04:30:00,4.700,0.00,0.000
2024-12-22T04:15:00,4.700,0.00,0.000
2024-12-22T04:00:00,4.700,0.00,0.000
2024-12-22T03:45:00,4.700,0.00,0.000
2024-12-22T03:30:00,4.700,35.50,0.000
2024-12-22T03:15:00,4.700,35.50,0.000
2024-12-22T03:00:00,4.700,36.40,0.000
2024-12-22T02:45:00,4.700,0.00,0.000
2024-12-22T02:30:00,4.700,35.50,0.000
2024-12-22T02:15:00,4.700,38.50,0.000
2024-12-22T02:00:00,4.700,73.80,0.000
2024-12-22T01:45:00,4.700,36.90,0.000
2024-12-22T01:30:00,4.700,0.00,0.000
2024-12-22T01:15:00,4.700,0.00,0.000
2024-12-22T01:00:00,4.710,36.50,0.000
2024-12-22T00:45:00,4.700,0.00,0.000
2024-12-22T00:30:00,4.700,35.50,0.000
2024-12-22T00:15:00,4.700,0.00,0.000
2024-12-22T00:00:00,4.710,0.00,0.000
2024-12-21T23:45:00,4.710,0.00,0.000
2024-12-21T23:30:00,4.710,0.00,0.000
2024-12-21T23:15:00,4.710,0.00,0.000
2024-12-21T23:00:00,4.710,0.00,0.000
2024-12-21T22:45:00,4.710,0.00,0.000
2024-12-21T22:30:00,4.710,0.00,0.000
2024-12-21T22:15:00,4.710,0.00,0.000
2024-12-21T22:00:00,4.710,0.00,0.000
2024-12-21T21:45:00,4.710,0.00,0.000
2024-12-21T21:30:00,4.710,0.00,0.000
2024-12-21T21:15:00,4.700,0.00,0.000
2024-12-21T21:00:00,4.700,0.00,0.000
2024-12-21T20:45:00,4.700,0.00,0.000
2024-12-21T20:30:00,4.700,0.00,0.000
2024-12-21T20:15:00,4.690,35.50,0.000
2024-12-21T20:00:00,4.690,0.00,0.000
2024-12-21T19:45:00,4.680,0.00,0.000
2024-12-21T19:30:00,4.680,0.00,0.000
2024-12-21T19:15:00,4.680,0.00,0.000
2024-12-21T19:00:00,4.670,0.00,0.000
2024-12-21T18:45:00,4.670,41.70,0.000
2024-12-21T18:30:00,4.660,0.00,0.000
2024-12-21T18:15:00,4.660,136.10,0.000
2024-12-21T18:00:00,4.650,0.00,0.000
2024-12-21T17:45:00,4.650,37.80,0.000
2024-12-21T17:30:00,4.640,40.00,0.000
2024-12-21T17:15:00,4.640,38.00,0.000
2024-12-21T17:00:00,4.630,40.20,0.000
2024-12-21T16:45:00,4.630,42.00,0.000
2024-12-21T16:30:00,4.620,41.20,0.000
2024-12-21T16:15:00,4.620,37.80,0.000
2024-12-21T16:00:00,4.610,38.80,0.000
2024-12-21T15:45:00,4.610,0.00,0.000
2024-12-21T15:30:00,4.610,0.00,0.000
2024-12-21T15:15:00,4.600,36.90,0.000
2024-12-21T15:00:00,4.600,0.00,0.000
2024-12-21T14:45:00,4.590,44.90,0.000
2024-12-21T14:30:00,4.590,0.00,0.000
2024-12-21T14:15:00,4.580,0.00,0.000
2024-12-21T14:00:00,4.580,0.00,0.000
2024-12-21T13:45:00,4.570,35.30,0.000
2024-12-21T13:30:00,4.560,37.30,0.000
2024-12-21T13:15:00,4.560,35.20,0.000
2024-12-21T13:00:00,4.560,34.80,0.000
2024-12-21T12:45:00,4.550,36.50,0.000
2024-12-21T12:30:00,4.550,42.50,0.000
2024-12-21T12:15:00,4.540,34.70,0.000
2024-12-21T12:00:00,4.540,54.80,0.000
2024-12-21T11:45:00,4.530,54.30,0.000
2024-12-21T11:30:00,4.530,41.50,0.000
2024-12-21T11:15:00,4.520,34.60,0.000
2024-12-21T11:00:00,4.520,61.80,0.000
2024-12-21T10:45:00,4.510,72.90,0.000
2024-12-21T10:30:00,4.510,40.10,0.000
2024-12-21T10:15:00,4.510,36.10,0.000
2024-12-21T10:00:00,4.510,37.60,0.000
2024-12-21T09:45:00,4.510,37.30,0.000
2024-12-21T09:30:00,4.510,34.50,0.000
2024-12-21T09:15:00,4.510,0.00,0.000
2024-12-21T09:00:00,4.510,38.40,0.000
2024-12-21T08:45:00,4.510,36.30,0.000
2024-12-21T08:30:00,4.510,34.50,0.000
2024-12-21T08:15:00,4.510,0.00,0.000
2024-12-21T08:00:00,4.520,0.00,0.000
2024-12-21T07:45:00,4.520,0.00,0.000
2024-12-21T07:30:00,4.520,0.00,0.000
2024-12-21T07:15:00,4.520,35.30,0.000
2024-12-21T07:00:00,4.520,34.60,0.000
2024-12-21T06:45:00,4.520,0.00,0.000
2024-12-21T06:30:00,4.520,0.00,0.000
2024-12-21T06:15:00,4.520,107.80,0.000
2024-12-21T06:00:00,4.520,0.00,0.000
2024-12-21T05:45:00,4.520,0.00,0.000
2024-12-21T05:30:00,4.520,0.00,0.000
2024-12-21T05:15:00,4.520,34.60,0.000
2024-12-21T05:00:00,4.520,0.00,0.000
2024-12-21T04:45:00,4.520,0.00,0.000
2024-12-21T04:30:00,4.520,0.00,0.000
2024-12-21T04:15:00,4.520,0.00,0.000
2024-12-21T04:00:00,4.520,0.00,0.000
2024-12-21T03:45:00,4.520,0.00,0.000
2024-12-21T03:30:00,4.520,0.00,0.000
2024-12-21T03:15:00,4.520,37.90,0.000
2024-12-21T03:00:00,4.520,34.60,0.000
2024-12-21T02:45:00,4.520,0.00,0.000
2024-12-21T02:30:00,4.520,0.00,0.000
2024-12-21T02:15:00,4.520,0.00,0.000
2024-12-21T02:00:00,4.520,0.00,0.000
2024-12-21T01:45:00,4.520,0.00,0.000
2024-12-21T01:30:00,4.520,36.50,0.000
2024-12-21T01:15:00,4.520,0.00,0.000
2024-12-21T01:00:00,4.520,0.00,0.000
2024-12-21T00:45:00,4.520,0.00,0.000
2024-12-21T00:30:00,4.520,0.00,0.000
2024-12-21T00:15:00,4.520,0.00,0.000
2024-12-21T00:00:00,4.520,0.00,0.000
2024-12-20T23:45:00,4.520,41.30,0.000
2024-12-20T23:30:00,4.520,0.00,0.000
2024-12-20T23:15:00,4.520,34.60,0.000
2024-12-20T23:00:00,4.520,41.70,0.000
2024-12-20T22:45:00,4.520,0.00,0.000
2024-12-20T22:30:00,4.520,0.00,0.000
2024-12-20T22:15:00,4.520,0.00,0.000
2024-12-20T22:00:00,4.520,0.00,0.000
2024-12-20T21:45:00,4.520,45.40,0.000
2024-12-20T21:30:00,4.520,0.00,0.000
2024-12-20T21:15:00,4.520,37.90,0.000
2024-12-20T21:00:00,4.520,0.00,0.000
2024-12-20T20:45:00,4.510,0.00,0.000
2024-12-20T20:30:00,4.510,38.60,0.000
2024-12-20T20:15:00,4.510,0.00,0.000
2024-12-20T20:00:00,4.510,0.00,0.000
2024-12-20T19:45:00,4.510,0.00,0.000
2024-12-20T19:30:00,4.510,0.00,0.000
2024-12-20T19:15:00,4.510,0.00,0.000
2024-12-20T19:00:00,4.510,0.00,0.000
2024-12-20T18:45:00,4.510,0.00,0.000
2024-12-20T18:30:00,4.510,0.00,0.000
2024-12-20T18:15:00,4.510,0.00,0.000
2024-12-20T18:00:00,4.510,0.00,0.000
2024-12-20T17:45:00,4.500,34.50,0.000
2024-12-20T17:30:00,4.500,34.50,0.000
2024-12-20T17:15:00,4.500,0.00,0.000
2024-12-20T17:00:00,4.490,0.00,0.000
2024-12-20T16:45:00,4.490,0.00,0.000
2024-12-20T16:30:00,4.490,0.00,0.000
2024-12-20T16:15:00,4.480,0.00,0.000
2024-12-20T16:00:00,4.490,0.00,0.000
2024-12-20T15:45:00,4.480,38.00,0.000
2024-12-20T15:30:00,4.480,0.00,0.000
2024-12-20T15:15:00,4.480,38.40,0.000
2024-12-20T15:00:00,4.480,39.40,0.000
2024-12-20T14:45:00,4.480,37.30,0.000
2024-12-20T14:30:00,4.480,77.30,0.000
2024-12-20T14:15:00,4.480,0.00,0.000
2024-12-20T14:00:00,4.480,38.30,0.000
2024-12-20T13:45:00,4.470,0.00,0.000
2024-12-20T13:30:00,4.470,34.30,0.000
2024-12-20T13:15:00,4.470,38.70,0.000
2024-12-20T13:00:00,4.470,0.00,0.000
2024-12-20T12:45:00,4.470,0.00,0.000
2024-12-20T12:30:00,4.470,0.00,0.000
2024-12-20T12:15:00,4.470,0.00,0.000
2024-12-20T12:00:00,4.470,35.00,0.000
2024-12-20T11:45:00,4.470,62.20,0.000
2024-12-20T11:30:00,4.470,0.00,0.000
2024-12-20T11:15:00,4.470,47.10,0.000
2024-12-20T11:00:00,4.470,0.00,0.000
2024-12-20T10:45:00,4.480,0.00,0.000
2024-12-20T10:30:00,4.480,38.00,0.000
2024-12-20T10:15:00,4.480,0.00,0.000
2024-12-20T10:00:00,4.490,34.40,0.000
2024-12-20T09:45:00,4.490,0.00,0.000
2024-12-20T09:30:00,4.490,0.00,0.000
2024-12-20T09:15:00,4.490,40.40,0.000
2024-12-20T09:00:00,4.500,0.00,0.000
2024-12-20T08:45:00,4.500,0.00,0.000
2024-12-20T08:30:00,4.500,0.00,0.000
2024-12-20T08:15:00,4.500,0.00,0.000
2024-12-20T08:00:00,4.500,38.40,0.000
2024-12-20T07:45:00,4.510,0.00,0.000
2024-12-20T07:30:00,4.520,0.00,0.000
2024-12-20T07:15:00,4.520,0.00,0.000
2024-12-20T07:00:00,4.520,0.00,0.000
2024-12-20T06:45:00,4.530,0.00,0.000
2024-12-20T06:30:00,4.530,34.60,0.000
2024-12-20T06:15:00,4.530,0.00,0.000
2024-12-20T06:00:00,4.530,0.00,0.000
2024-12-20T05:45:00,4.530,0.00,0.000
2024-12-20T05:30:00,4.530,0.00,0.000
2024-12-20T05:15:00,4.530,0.00,0.000
2024-12-20T05:00:00,4.530,0.00,0.000
2024-12-20T04:45:00,4.530,0.00,0.000
2024-12-20T04:30:00,4.520,0.00,0.000
2024-12-20T04:15:00,4.530,0.00,0.000
2024-12-20T04:00:00,4.520,0.00,0.000
2024-12-20T03:45:00,4.520,0.00,0.000
2024-12-20T03:30:00,4.530,0.00,0.000
2024-12-20T03:15:00,4.520,0.00,0.000
2024-12-20T03:00:00,4.520,0.00,0.000
2024-12-20T02:45:00,4.530,0.00,0.000
2024-12-20T02:30:00,4.520,0.00,0.000
2024-12-20T02:15:00,4.520,0.00,0.000
2024-12-20T02:00:00,4.520,0.00,0.000
2024-12-20T01:45:00,4.520,0.00,0.000
2024-12-20T01:30:00,4.520,39.30,0.000
2024-12-20T01:15:00,4.530,0.00,0.000
2024-12-20T01:00:00,4.520,0.00,0.000
2024-12-20T00:45:00,4.520,0.00,0.000
2024-12-20T00:30:00,4.520,0.00,0.000
2024-12-20T00:15:00,4.520,34.60,0.000
2024-12-20T00:00:00,4.520,0.00,0.000
2024-12-19T23:45:00,4.520,0.00,0.000
2024-12-19T23:30:00,4.520,0.00,0.000
2024-12-19T23:15:00,4.520,0.00,0.000
2024-12-19T23:00:00,4.520,0.00,0.000
2024-12-19T22:45:00,4.520,0.00,0.000
2024-12-19T22:30:00,4.520,0.00,0.000
2024-12-19T22:15:00,4.520,0.00,0.000
2024-12-19T22:00:00,4.520,0.00,0.000
2024-12-19T21:45:00,4.520,0.00,0.000
2024-12-19T21:30:00,4.520,0.00,0.000
2024-12-19T21:15:00,4.520,0.00,0.000
2024-12-19T21:00:00,4.520,0.00,0.000
2024-12-19T20:45:00,4.520,0.00,0.000
2024-12-19T20:30:00,4.520,0.00,0.000
2024-12-19T20:15:00,4.520,34.60,0.000
2024-12-19T20:00:00,4.520,34.60,0.000
2024-12-19T19:45:00,4.520,0.00,0.000
2024-12-19T19:30:00,4.520,0.00,0.000
2024-12-19T19:15:00,4.520,0.00,0.000
2024-12-19T19:00:00,4.520,0.00,0.000
2024-12-19T18:45:00,4.520,0.00,0.000
2024-12-19T18:30:00,4.510,128.20,0.000
2024-12-19T18:15:00,4.510,0.00,0.000
2024-12-19T18:00:00,4.510,65.60,0.000
2024-12-19T17:45:00,4.510,44.80,0.000
2024-12-19T17:30:00,4.510,58.10,0.000
2024-12-19T17:15:00,4.510,68.10,0.000
2024-12-19T17:00:00,4.500,71.30,0.000
2024-12-19T16:45:00,4.510,70.70,0.000
2024-12-19T16:30:00,4.510,70.60,0.000
2024-12-19T16:15:00,4.500,67.80,0.000
2024-12-19T16:00:00,4.510,81.00,0.000
2024-12-19T15:45:00,4.510,63.80,0.000
2024-12-19T15:30:00,4.510,63.20,0.000
2024-12-19T15:15:00,4.510,45.90,0.000
2024-12-19T15:00:00,4.510,43.00,0.000
2024-12-19T14:45:00,4.510,41.20,0.000
2024-12-19T14:30:00,4.510,37.00,0.000
2024-12-19T14:15:00,4.500,70.80,0.000
2024-12-19T14:00:00,4.500,65.30,0.000
2024-12-19T13:45:00,4.500,35.10,0.000
2024-12-19T13:30:00,4.510,0.00,0.000
2024-12-19T13:15:00,4.500,70.40,0.000
2024-12-19T13:00:00,4.510,71.50,0.000
2024-12-19T12:45:00,4.510,58.20,0.000
2024-12-19T12:30:00,4.500,65.30,0.000
2024-12-19T12:15:00,4.510,45.90,0.000
2024-12-19T12:00:00,4.510,41.20,0.000
2024-12-19T11:45:00,4.500,0.00,0.000
2024-12-19T11:30:00,4.500,66.00,0.000
2024-12-19T11:15:00,4.510,37.70,0.000
2024-12-19T11:00:00,4.510,0.00,0.000
2024-12-19T10:45:00,4.500,58.40,0.000
2024-12-19T10:30:00,4.510,64.30,0.000
2024-12-19T10:15:00,4.510,0.00,0.000
2024-12-19T10:00:00,4.500,70.40,0.000
2024-12-19T09:45:00,4.500,67.60,0.000
2024-12-19T09:30:00,4.510,69.00,0.000
2024-12-19T09:15:00,4.510,36.40,0.000
2024-12-19T09:00:00,4.500,75.20,0.000
2024-12-19T08:45:00,4.510,63.90,0.000
2024-12-19T08:30:00,4.510,66.60,0.000
2024-12-19T08:15:00,4.510,60.40,0.000
2024-12-19T08:00:00,4.510,35.50,0.000
2024-12-19T07:45:00,4.510,35.00,0.000
2024-12-19T07:30:00,4.510,0.00,0.000
2024-12-19T07:15:00,4.510,42.20,0.000
2024-12-19T07:00:00,4.510,36.40,0.000
2024-12-19T06:45:00,4.510,34.50,0.000
2024-12-19T06:30:00,4.510,43.80,0.000
2024-12-19T06:15:00,4.510,67.20,0.000
2024-12-19T06:00:00,4.500,53.50,0.000
2024-12-19T05:45:00,4.500,40.90,0.000
2024-12-19T05:30:00,4.500,64.80,0.000
2024-12-19T05:15:00,4.500,34.50,0.000
2024-12-19T05:00:00,4.500,34.50,0.000
2024-12-19T04:45:00,4.500,0.00,0.000
2024-12-19T04:30:00,4.500,0.00,0.000
2024-12-19T04:15:00,4.500,0.00,0.000
2024-12-19T04:00:00,4.500,0.00,0.000
2024-12-19T03:45:00,4.500,39.00,0.000
2024-12-19T03:30:00,4.490,48.90,0.000
2024-12-19T03:15:00,4.500,34.40,0.000
2024-12-19T03:00:00,4.500,34.40,0.000
2024-12-19T02:45:00,4.490,0.00,0.000
2024-12-19T02:30:00,4.490,34.40,0.000
2024-12-19T02:15:00,4.490,0.00,0.000
2024-12-19T02:00:00,4.490,0.00,0.000
2024-12-19T01:45:00,4.490,0.00,0.000
2024-12-19T01:30:00,4.480,0.00,0.000
2024-12-19T01:15:00,4.480,34.40,0.000
2024-12-19T01:00:00,4.480,0.00,0.000
2024-12-19T00:45:00,4.480,0.00,0.000
2024-12-19T00:30:00,4.480,0.00,0.000
2024-12-19T00:15:00,4.480,36.50,0.000
2024-12-19T00:00:00,4.480,0.00,0.000
2024-12-18T23:45:00,4.480,0.00,0.000
2024-12-18T23:30:00,4.480,34.30,0.000
2024-12-18T23:15:00,4.480,0.00,0.000
2024-12-18T23:00:00,4.470,49.00,0.000
2024-12-18T22:45:00,4.470,47.50,0.000
2024-12-18T22:30:00,4.470,0.00,0.000
2024-12-18T22:15:00,4.470,0.00,0.000
2024-12-18T22:00:00,4.470,49.20,0.000
2024-12-18T21:45:00,4.470,0.00,0.000
2024-12-18T21:30:00,4.470,0.00,0.000
2024-12-18T21:15:00,4.470,0.00,0.000
2024-12-18T21:00:00,4.470,0.00,0.000
2024-12-18T20:45:00,4.460,0.00,0.000
2024-12-18T20:30:00,4.460,0.00,0.000
2024-12-18T20:15:00,4.460,0.00,0.000
2024-12-18T20:00:00,4.460,0.00,0.000
2024-12-18T19:45:00,4.460,36.10,0.000
2024-12-18T19:30:00,4.460,0.00,0.000
2024-12-18T19:15:00,4.460,0.00,0.000
2024-12-18T19:00:00,4.450,0.00,0.000
2024-12-18T18:45:00,4.450,0.00,0.000
2024-12-18T18:30:00,4.450,0.00,0.000
2024-12-18T18:15:00,4.450,0.00,0.000
2024-12-18T18:00:00,4.440,0.00,0.000
2024-12-18T17:45:00,4.440,0.00,0.000
2024-12-18T17:30:00,4.440,36.30,0.000
2024-12-18T17:15:00,4.430,40.90,0.000
2024-12-18T17:00:00,4.430,35.40,0.000
2024-12-18T16:45:00,4.430,41.60,0.000
2024-12-18T16:30:00,4.430,41.40,0.000
2024-12-18T16:15:00,4.430,40.60,0.000
2024-12-18T16:00:00,4.430,0.00,0.000
2024-12-18T15:45:00,4.430,39.70,0.000
2024-12-18T15:30:00,4.430,39.20,0.000
2024-12-18T15:15:00,4.430,39.70,0.000
2024-12-18T15:00:00,4.420,45.40,0.000
2024-12-18T14:45:00,4.420,43.80,0.000
2024-12-18T14:30:00,4.420,59.60,0.000
2024-12-18T14:15:00,4.420,34.30,0.000
2024-12-18T14:00:00,4.430,35.30,0.000
2024-12-18T13:45:00,4.430,38.40,0.000
2024-12-18T13:30:00,4.420,0.00,0.000
2024-12-18T13:15:00,4.420,0.00,0.000
2024-12-18T13:00:00,4.420,34.00,0.000
2024-12-18T12:45:00,4.430,36.60,0.000
2024-12-18T12:30:00,4.420,36.00,0.000
2024-12-18T12:15:00,4.420,36.90,0.000
2024-12-18T12:00:00,4.420,38.10,0.000
2024-12-18T11:45:00,4.420,37.30,0.000
2024-12-18T11:30:00,4.420,34.90,0.000
2024-12-18T11:15:00,4.420,39.60,0.000
2024-12-18T11:00:00,4.420,0.00,0.000
2024-12-18T10:45:00,4.420,34.00,0.000
2024-12-18T10:30:00,4.420,34.60,0.000
2024-12-18T10:15:00,4.420,35.70,0.000
2024-12-18T10:00:00,4.420,34.00,0.000
2024-12-18T09:45:00,4.420,34.00,0.000
2024-12-18T09:30:00,4.420,58.60,0.000
2024-12-18T09:15:00,4.410,34.80,0.000
2024-12-18T09:00:00,4.420,34.00,0.000
2024-12-18T08:45:00,4.420,34.00,0.000
2024-12-18T08:30:00,4.420,34.00,0.000
2024-12-18T08:15:00,4.420,34.30,0.000
2024-12-18T08:00:00,4.420,0.00,0.000
2024-12-18T07:45:00,4.420,35.00,0.000
2024-12-18T07:30:00,4.420,34.00,0.000
2024-12-18T07:15:00,4.420,34.00,0.000
2024-12-18T07:00:00,4.420,0.00,0.000
2024-12-18T06:45:00,4.420,0.00,0.000
2024-12-18T06:30:00,4.420,37.70,0.000
2024-12-18T06:15:00,4.420,34.00,0.000
2024-12-18T06:00:00,4.410,101.60,0.000
2024-12-18T05:45:00,4.410,34.00,0.000
2024-12-18T05:30:00,4.410,0.00,0.000
2024-12-18T05:15:00,4.410,0.00,0.000
2024-12-18T05:00:00,4.410,33.90,0.000
2024-12-18T04:45:00,4.410,0.00,0.000
2024-12-18T04:30:00,4.400,0.00,0.000
2024-12-18T04:15:00,4.400,33.90,0.000
2024-12-18T04:00:00,4.400,33.90,0.000
2024-12-18T03:45:00,4.400,0.00,0.000
2024-12-18T03:30:00,4.400,0.00,0.000
2024-12-18T03:15:00,4.400,42.20,0.000
2024-12-18T03:00:00,4.390,0.00,0.000
2024-12-18T02:45:00,4.390,0.00,0.000
2024-12-18T02:30:00,4.390,36.00,0.000
2024-12-18T02:15:00,4.390,33.80,0.000
2024-12-18T02:00:00,4.390,0.00,0.000
2024-12-18T01:45:00,4.390,0.00,0.000
2024-12-18T01:30:00,4.390,0.00,0.000
2024-12-18T01:15:00,4.390,35.10,0.000
2024-12-18T01:00:00,4.380,0.00,0.000
2024-12-18T00:45:00,4.380,0.00,0.000
2024-12-18T00:30:00,4.380,0.00,0.000
2024-12-18T00:15:00,4.380,0.00,0.000
2024-12-18T00:00:00,4.380,41.50,0.000
2024-12-17T23:45:00,4.370,0.00,0.000
2024-12-17T23:30:00,4.370,0.00,0.000
2024-12-17T23:15:00,4.370,0.00,0.000
2024-12-17T23:00:00,4.370,35.10,0.000
2024-12-17T22:45:00,4.370,0.00,0.000
2024-12-17T22:30:00,4.370,0.00,0.000
2024-12-17T22:15:00,4.360,33.70,0.000
2024-12-17T22:00:00,4.360,0.00,0.000
2024-12-17T21:45:00,4.360,0.00,0.000
2024-12-17T21:30:00,4.360,35.10,0.000
2024-12-17T21:15:00,4.360,0.00,0.000
2024-12-17T21:00:00,4.350,0.00,0.000
2024-12-17T20:45:00,4.350,0.00,0.000
2024-12-17T20:30:00,4.350,0.00,0.000
2024-12-17T20:15:00,4.340,0.00,0.000
2024-12-17T20:00:00,4.340,0.00,0.000
2024-12-17T19:45:00,4.340,0.00,0.000
2024-12-17T19:30:00,4.340,0.00,0.000
2024-12-17T19:15:00,4.330,0.00,0.000
2024-12-17T19:00:00,4.330,0.00,0.000
2024-12-17T18:45:00,4.330,0.00,0.000
2024-12-17T18:30:00,4.320,0.00,0.000
2024-12-17T18:15:00,4.320,0.00,0.000
2024-12-17T18:00:00,4.320,33.40,0.000
2024-12-17T17:45:00,4.310,0.00,0.000
2024-12-17T17:30:00,4.300,0.00,0.000
2024-12-17T17:15:00,4.300,0.00,0.000
2024-12-17T17:00:00,4.300,0.00,0.000
2024-12-17T16:45:00,4.300,0.00,0.000
2024-12-17T16:30:00,4.300,0.00,0.000
2024-12-17T16:15:00,4.300,0.00,0.000
2024-12-17T16:00:00,4.300,0.00,0.000
2024-12-17T15:45:00,4.310,0.00,0.000
2024-12-17T15:30:00,4.320,35.10,0.000
2024-12-17T15:15:00,4.320,0.00,0.000
2024-12-17T15:00:00,4.320,0.00,0.000
2024-12-17T14:45:00,4.320,33.40,0.000
2024-12-17T14:30:00,4.330,0.00,0.000
2024-12-17T14:15:00,4.330,0.00,0.000
2024-12-17T14:00:00,4.330,33.70,0.000
2024-12-17T13:45:00,4.320,0.00,0.000
2024-12-17T13:30:00,4.320,0.00,0.000
2024-12-17T13:15:00,4.320,33.40,0.000
2024-12-17T13:00:00,4.320,0.00,0.000
2024-12-17T12:45:00,4.320,0.00,0.000
2024-12-17T12:30:00,4.320,35.00,0.000
2024-12-17T12:15:00,4.320,37.10,0.000
2024-12-17T12:00:00,4.320,0.00,0.000
2024-12-17T11:45:00,4.320,0.00,0.000
2024-12-17T11:30:00,4.320,0.00,0.000
2024-12-17T11:15:00,4.310,42.80,0.000
2024-12-17T11:00:00,4.310,34.20,0.000
2024-12-17T10:45:00,4.310,0.00,0.000
2024-12-17T10:30:00,4.310,33.40,0.000
2024-12-17T10:15:00,4.320,40.90,0.000
2024-12-17T10:00:00,4.320,36.50,0.000
2024-12-17T09:45:00,4.310,33.80,0.000
2024-12-17T09:30:00,4.320,0.00,0.000
2024-12-17T09:15:00,4.320,38.80,0.000
2024-12-17T09:00:00,4.320,36.60,0.000
2024-12-17T08:45:00,4.320,45.40,0.000
2024-12-17T08:30:00,4.310,37.30,0.000
2024-12-17T08:15:00,4.310,0.00,0.000
2024-12-17T08:00:00,4.310,0.00,0.000
2024-12-17T07:45:00,4.310,36.90,0.000
2024-12-17T07:30:00,4.310,33.40,0.000
2024-12-17T07:15:00,4.310,33.40,0.000
2024-12-17T07:00:00,4.310,33.40,0.000
2024-12-17T06:45:00,4.310,33.30,0.000
2024-12-17T06:30:00,4.310,33.70,0.000
2024-12-17T06:15:00,4.310,36.40,0.000
2024-12-17T06:00:00,4.310,37.40,0.000
2024-12-17T05:45:00,4.300,66.20,0.000
2024-12-17T05:30:00,4.310,43.80,0.000
2024-12-17T05:15:00,4.310,34.20,0.000
2024-12-17T05:00:00,4.310,48.60,0.000
2024-12-17T04:45:00,4.310,49.80,0.000
2024-12-17T04:30:00,4.310,42.10,0.000
2024-12-17T04:15:00,4.310,36.60,0.000
2024-12-17T04:00:00,4.310,69.80,0.000
2024-12-17T03:45:00,4.310,53.60,0.000
2024-12-17T03:30:00,4.310,70.20,0.000
2024-12-17T03:15:00,4.310,0.00,0.000
2024-12-17T03:00:00,4.310,35.20,0.000
2024-12-17T02:45:00,4.320,47.00,0.000
2024-12-17T02:30:00,4.320,0.00,0.000
2024-12-17T02:15:00,4.320,33.40,0.000
2024-12-17T02:00:00,4.320,33.40,0.000
2024-12-17T01:45:00,4.320,41.50,0.000
2024-12-17T01:30:00,4.320,38.50,0.000
2024-12-17T01:15:00,4.320,41.30,0.000
2024-12-17T01:00:00,4.320,51.40,0.000
2024-12-17T00:45:00,4.320,0.00,0.000
2024-12-17T00:30:00,4.320,33.40,0.000
2024-12-17T00:15:00,4.330,37.50,0.000
2024-12-17T00:00:00,4.320,34.10,0.000
2024-12-16T23:45:00,4.330,0.00,0.000
2024-12-16T23:30:00,4.330,37.40,0.000
2024-12-16T23:15:00,4.330,40.30,0.000
2024-12-16T23:00:00,4.330,34.50,0.000
2024-12-16T22:45:00,4.330,40.00,0.000
2024-12-16T22:30:00,4.330,36.60,0.000
2024-12-16T22:15:00,4.330,33.50,0.000
2024-12-16T22:00:00,4.340,0.00,0.000
2024-12-16T21:45:00,4.340,0.00,0.000
2024-12-16T21:30:00,4.340,46.40,0.000
2024-12-16T21:15:00,4.340,0.00,0.000
2024-12-16T21:00:00,4.350,33.60,0.000
2024-12-16T20:45:00,4.350,55.40,0.000
2024-12-16T20:30:00,4.360,0.00,0.000
2024-12-16T20:15:00,4.360,0.00,0.000
2024-12-16T20:00:00,4.360,0.00,0.000
2024-12-16T19:45:00,4.370,0.00,0.000
2024-12-16T19:30:00,4.370,0.00,0.000
2024-12-16T19:15:00,4.370,0.00,0.000
2024-12-16T19:00:00,4.370,0.00,0.000
2024-12-16T18:45:00,4.370,36.90,0.000
2024-12-16T18:30:00,4.370,0.00,0.000
2024-12-16T18:15:00,4.370,0.00,0.000
2024-12-16T18:00:00,4.370,58.20,0.000
2024-12-16T17:45:00,4.370,0.00,0.000
2024-12-16T17:30:00,4.380,40.90,0.000
2024-12-16T17:15:00,4.370,50.40,0.000
2024-12-16T17:00:00,4.370,37.20,0.000
2024-12-16T16:45:00,4.370,0.00,0.000
2024-12-16T16:30:00,4.370,41.20,0.000
2024-12-16T16:15:00,4.380,0.00,0.000
2024-12-16T16:00:00,4.370,0.00,0.000
2024-12-16T15:45:00,4.370,55.70,0.000
2024-12-16T15:30:00,4.370,56.40,0.000
2024-12-16T15:15:00,4.370,50.00,0.000
2024-12-16T15:00:00,4.380,0.00,0.000
2024-12-16T14:45:00,4.380,48.60,0.000
2024-12-16T14:30:00,4.380,0.00,0.000
2024-12-16T14:15:00,4.380,50.80,0.000
2024-12-16T14:00:00,4.380,34.20,0.000
2024-12-16T13:45:00,4.380,47.90,0.000
2024-12-16T13:30:00,4.380,0.00,0.000
2024-12-16T13:15:00,4.390,51.30,0.000
2024-12-16T13:00:00,4.390,42.10,0.000
2024-12-16T12:45:00,4.390,40.00,0.000
2024-12-16T12:30:00,4.380,50.20,0.000
2024-12-16T12:15:00,4.390,43.20,0.000
2024-12-16T12:00:00,4.390,0.00,0.000
2024-12-16T11:45:00,4.390,57.60,0.000
2024-12-16T11:30:00,4.390,38.90,0.000
2024-12-16T11:15:00,4.400,0.00,0.000
2024-12-16T11:00:00,4.400,49.10,0.000
2024-12-16T10:45:00,4.400,0.00,0.000
2024-12-16T10:30:00,4.400,46.50,0.000
2024-12-16T10:15:00,4.400,0.00,0.000
2024-12-16T10:00:00,4.400,36.60,0.000
2024-12-16T09:45:00,4.400,39.90,0.000
2024-12-16T09:30:00,4.400,39.30,0.000
2024-12-16T09:15:00,4.400,39.80,0.000
2024-12-16T09:00:00,4.400,39.00,0.000
2024-12-16T08:45:00,4.400,44.50,0.000
2024-12-16T08:30:00,4.400,33.90,0.000
2024-12-16T08:15:00,4.400,48.00,0.000
2024-12-16T08:00:00,4.400,33.90,0.000
2024-12-16T07:45:00,4.400,39.80,0.000
2024-12-16T07:30:00,4.400,43.20,0.000
2024-12-16T07:15:00,4.410,64.40,0.000
2024-12-16T07:00:00,4.410,72.80,0.000
2024-12-16T06:45:00,4.410,73.30,0.000
2024-12-16T06:30:00,4.410,76.10,0.000
2024-12-16T06:15:00,4.410,79.20,0.000
2024-12-16T06:00:00,4.410,84.30,0.000
2024-12-16T05:45:00,4.410,84.30,0.000
2024-12-16T05:30:00,4.420,58.90,0.000
2024-12-16T05:15:00,4.410,85.90,0.000
2024-12-16T05:00:00,4.420,81.70,0.000
2024-12-16T04:45:00,4.420,64.90,0.000
2024-12-16T04:30:00,4.420,76.40,0.000
2024-12-16T04:15:00,4.430,76.80,0.000
2024-12-16T04:00:00,4.430,72.90,0.000
2024-12-16T03:45:00,4.430,79.30,0.000
2024-12-16T03:30:00,4.430,78.70,0.000
2024-12-16T03:15:00,4.440,0.00,0.000
2024-12-16T03:00:00,4.440,41.90,0.000
2024-12-16T02:45:00,4.440,63.60,0.000
2024-12-16T02:30:00,4.440,42.80,0.000
2024-12-16T02:15:00,4.450,41.50,0.000
2024-12-16T02:00:00,4.440,55.70,0.000
2024-12-16T01:45:00,4.450,71.20,0.000
2024-12-16T01:30:00,4.450,38.80,0.000
2024-12-16T01:15:00,4.460,38.00,0.000
2024-12-16T01:00:00,4.460,35.70,0.000
2024-12-16T00:45:00,4.460,0.00,0.000
2024-12-16T00:30:00,4.460,40.60,0.000
2024-12-16T00:15:00,4.470,0.00,0.000
2024-12-16T00:00:00,4.470,0.00,0.000
2024-12-29T23:45:00,4.490,42.20,0.000
2024-12-29T23:30:00,4.490,38.90,0.000
2024-12-29T23:15:00,4.490,47.20,0.000
2024-12-29T23:00:00,4.490,0.00,0.000
2024-12-29T22:45:00,4.490,36.70,0.000
2024-12-29T22:30:00,4.490,36.60,0.000
2024-12-29T22:15:00,4.490,37.60,0.000
2024-12-29T22:00:00,4.490,0.00,0.000
2024-12-29T21:45:00,4.490,0.00,0.000
2024-12-29T21:30:00,4.490,34.40,0.000
2024-12-29T21:15:00,4.490,0.00,0.000
2024-12-29T21:00:00,4.490,0.00,0.000
2024-12-29T20:45:00,4.490,37.70,0.000
2024-12-29T20:30:00,4.490,43.30,0.000
2024-12-29T20:15:00,4.490,0.00,0.000
2024-12-29T20:00:00,4.490,38.00,0.000
2024-12-29T19:45:00,4.490,0.00,0.000
2024-12-29T19:30:00,4.490,0.00,0.000
2024-12-29T19:15:00,4.490,685.60,0.000
2024-12-29T19:00:00,4.490,0.00,0.000
2024-12-29T18:45:00,4.490,37.70,0.000
2024-12-29T18:30:00,4.490,0.00,0.000
2024-12-29T18:15:00,4.490,0.00,0.000
2024-12-29T18:00:00,4.480,37.60,0.000
2024-12-29T17:45:00,4.480,34.30,0.000
2024-12-29T17:30:00,4.480,39.00,0.000
2024-12-29T17:15:00,4.480,41.50,0.000
2024-12-29T17:00:00,4.480,56.00,0.000
2024-12-29T16:45:00,4.470,47.50,0.000
2024-12-29T16:30:00,4.480,50.80,0.000
2024-12-29T16:15:00,4.480,49.00,0.000
2024-12-29T16:00:00,4.480,0.00,0.000
2024-12-29T15:45:00,4.480,55.30,0.000
2024-12-29T15:30:00,4.480,40.30,0.000
2024-12-29T15:15:00,4.480,37.30,0.000
2024-12-29T15:00:00,4.480,34.30,0.000
2024-12-29T14:45:00,4.480,58.20,0.000
2024-12-29T14:30:00,4.480,0.00,0.000
2024-12-29T14:15:00,4.480,0.00,0.000
2024-12-29T14:00:00,4.480,51.50,0.000
2024-12-29T13:45:00,4.480,50.10,0.000
2024-12-29T13:30:00,4.480,47.60,0.000
2024-12-29T13:15:00,4.480,0.00,0.000
2024-12-29T13:00:00,4.480,42.40,0.000
2024-12-29T12:45:00,4.490,40.20,0.000
2024-12-29T12:30:00,4.490,0.00,0.000
2024-12-29T12:15:00,4.490,0.00,0.000
2024-12-29T12:00:00,4.490,34.40,0.000
2024-12-29T11:45:00,4.490,36.70,0.000
2024-12-29T11:30:00,4.490,57.40,0.000
2024-12-29T11:15:00,4.490,34.40,0.000
2024-12-29T11:00:00,4.490,0.00,0.000
2024-12-29T10:45:00,4.500,0.00,0.000
2024-12-29T10:30:00,4.500,0.00,0.000
2024-12-29T10:15:00,4.500,37.20,0.000
2024-12-29T10:00:00,4.500,0.00,0.000
2024-12-29T09:45:00,4.500,38.30,0.000
2024-12-29T09:30:00,4.500,36.70,0.000
2024-12-29T09:15:00,4.500,75.80,0.000
2024-12-29T09:00:00,4.510,0.00,0.000
2024-12-29T08:45:00,4.510,42.70,0.000
2024-12-29T08:30:00,4.510,0.00,0.000
2024-12-29T08:15:00,4.510,46.30,0.000
2024-12-29T08:00:00,4.510,0.00,0.000
2024-12-29T07:45:00,4.510,0.00,0.000
2024-12-29T07:30:00,4.510,34.50,0.000
2024-12-29T07:15:00,4.510,36.40,0.000
2024-12-29T07:00:00,4.510,39.40,0.000
2024-12-29T06:45:00,4.510,65.30,0.000
2024-12-29T06:30:00,4.510,77.40,0.000
2024-12-29T06:15:00,4.520,123.10,0.000
2024-12-29T06:00:00,4.510,44.80,0.000
2024-12-29T05:45:00,4.510,51.90,0.000
2024-12-29T05:30:00,4.520,57.20,0.000
2024-12-29T05:15:00,4.510,74.50,0.000
2024-12-29T05:00:00,4.510,89.40,0.000
2024-12-29T04:45:00,4.510,75.10,0.000
2024-12-29T04:30:00,4.510,79.90,0.000
2024-12-29T04:15:00,4.510,78.90,0.000
2024-12-29T04:00:00,4.510,85.20,0.000
2024-12-29T03:45:00,4.510,78.10,0.000
2024-12-29T03:30:00,4.510,68.60,0.000
2024-12-29T03:15:00,4.510,46.20,0.000
2024-12-29T03:00:00,4.510,79.70,0.000
2024-12-29T02:45:00,4.510,77.90,0.000
2024-12-29T02:30:00,4.510,77.00,0.000
2024-12-29T02:15:00,4.510,46.00,0.000
2024-12-29T02:00:00,4.510,38.00,0.000
2024-12-29T01:45:00,4.510,34.50,0.000
2024-12-29T01:30:00,4.510,64.30,0.000
2024-12-29T01:15:00,4.510,0.00,0.000
2024-12-29T01:00:00,4.510,49.70,0.000
2024-12-29T00:45:00,4.500,40.30,0.000
2024-12-29T00:30:00,4.500,40.60,0.000
2024-12-29T00:15:00,4.500,34.50,0.000
2024-12-29T00:00:00,4.500,0.00,0.000
2024-12-28T23:45:00,4.500,0.00,0.000
2024-12-28T23:30:00,4.500,0.00,0.000
2024-12-28T23:15:00,4.500,36.80,0.000
2024-12-28T23:00:00,4.500,40.10,0.000
2024-12-28T22:45:00,4.500,0.00,0.000
2024-12-28T22:30:00,4.500,34.40,0.000
2024-12-28T22:15:00,4.500,35.50,0.000
2024-12-28T22:00:00,4.500,53.10,0.000
2024-12-28T21:45:00,4.500,0.00,0.000
2024-12-28T21:30:00,4.500,34.40,0.000
2024-12-28T21:15:00,4.500,0.00,0.000
2024-12-28T21:00:00,4.490,48.10,0.000
2024-12-28T20:45:00,4.490,44.30,0.000
2024-12-28T20:30:00,4.490,35.70,0.000
2024-12-28T20:15:00,4.490,39.10,0.000
2024-12-28T20:00:00,4.490,0.00,0.000
2024-12-28T19:45:00,4.490,0.00,0.000
2024-12-28T19:30:00,4.490,0.00,0.000
2024-12-28T19:15:00,4.490,0.00,0.000
2024-12-28T19:00:00,4.490,0.00,0.000
2024-12-28T18:45:00,4.480,0.00,0.000
2024-12-28T18:30:00,4.480,121.30,0.000
2024-12-28T18:15:00,4.480,0.00,0.000
2024-12-28T18:00:00,4.480,36.70,0.000
2024-12-28T17:45:00,4.480,39.70,0.000
2024-12-28T17:30:00,4.480,0.00,0.000
2024-12-28T17:15:00,4.470,40.10,0.000
2024-12-28T17:00:00,4.470,39.80,0.000
2024-12-28T16:45:00,4.470,35.00,0.000
2024-12-28T16:30:00,4.470,0.00,0.000
2024-12-28T16:15:00,4.470,54.50,0.000
2024-12-28T16:00:00,4.470,0.00,0.000
2024-12-28T15:45:00,4.470,61.30,0.000
2024-12-28T15:30:00,4.470,0.00,0.000
2024-12-28T15:15:00,4.480,38.00,0.000
2024-12-28T15:00:00,4.480,34.60,0.000
2024-12-28T14:45:00,4.480,35.80,0.000
2024-12-28T14:30:00,4.480,39.10,0.000
2024-12-28T14:15:00,4.480,37.20,0.000
2024-12-28T14:00:00,4.480,39.00,0.000
2024-12-28T13:45:00,4.480,37.70,0.000
2024-12-28T13:30:00,4.480,38.50,0.000
2024-12-28T13:15:00,4.480,38.60,0.000
2024-12-28T13:00:00,4.480,37.70,0.000
2024-12-28T12:45:00,4.470,50.30,0.000
2024-12-28T12:30:00,4.480,34.30,0.000
2024-12-28T12:15:00,4.480,35.70,0.000
2024-12-28T12:00:00,4.470,42.40,0.000
2024-12-28T11:45:00,4.480,35.50,0.000
2024-12-28T11:30:00,4.480,35.20,0.000
2024-12-28T11:15:00,4.480,0.00,0.000
2024-12-28T11:00:00,4.480,45.80,0.000
2024-12-28T10:45:00,4.480,36.40,0.000
2024-12-28T10:30:00,4.480,38.10,0.000
2024-12-28T10:15:00,4.480,36.10,0.000
2024-12-28T10:00:00,4.480,73.50,0.000
2024-12-28T09:45:00,4.490,38.60,0.000
2024-12-28T09:30:00,4.480,72.70,0.000
2024-12-28T09:15:00,4.470,50.60,0.000
2024-12-28T09:00:00,4.480,48.10,0.000
2024-12-28T08:45:00,4.480,37.70,0.000
2024-12-28T08:30:00,4.490,37.30,0.000
2024-12-28T08:15:00,4.490,70.30,0.000
2024-12-28T08:00:00,4.500,40.70,0.000
2024-12-28T07:45:00,4.500,40.20,0.000
2024-12-28T07:30:00,4.510,52.60,0.000
2024-12-28T07:15:00,4.520,48.30,0.000
2024-12-28T07:00:00,4.520,41.00,0.000
2024-12-28T06:45:00,4.520,45.10,0.000
2024-12-28T06:30:00,4.520,56.00,0.000
2024-12-28T06:15:00,4.530,0.00,0.000
2024-12-28T06:00:00,4.540,0.00,0.000
2024-12-28T05:45:00,4.540,40.80,0.000
2024-12-28T05:30:00,4.550,0.00,0.000
2024-12-28T05:15:00,4.550,0.00,0.000
2024-12-28T05:00:00,4.560,39.50,0.000
2024-12-28T04:45:00,4.560,0.00,0.000
2024-12-28T04:30:00,4.560,0.00,0.000
2024-12-28T04:15:00,4.570,36.60,0.000
2024-12-28T04:00:00,4.570,0.00,0.000
2024-12-28T03:45:00,4.570,0.00,0.000
2024-12-28T03:30:00,4.580,0.00,0.000
2024-12-28T03:15:00,4.580,0.00,0.000
2024-12-28T03:00:00,4.590,38.80,0.000
2024-12-28T02:45:00,4.590,39.10,0.000
2024-12-28T02:30:00,4.600,0.00,0.000
2024-12-28T02:15:00,4.600,0.00,0.000
2024-12-28T02:00:00,4.610,38.30,0.000
2024-12-28T01:45:00,4.610,35.60,0.000
2024-12-28T01:30:00,4.610,0.00,0.000
2024-12-28T01:15:00,4.620,37.20,0.000
2024-12-28T01:00:00,4.620,42.10,0.000
2024-12-28T00:45:00,4.620,0.00,0.000
2024-12-28T00:30:00,4.630,0.00,0.000
2024-12-28T00:15:00,4.630,0.00,0.000
2024-12-28T00:00:00,4.640,0.00,0.000
2024-12-27T23:45:00,4.640,0.00,0.000
2024-12-27T23:30:00,4.640,0.00,0.000
2024-12-27T23:15:00,4.650,0.00,0.000
2024-12-27T23:00:00,4.660,42.00,0.000
2024-12-27T22:45:00,4.660,0.00,0.000
2024-12-27T22:30:00,4.660,0.00,0.000
2024-12-27T22:15:00,4.670,0.00,0.000
2024-12-27T22:00:00,4.670,45.10,0.000
2024-12-27T21:45:00,4.680,0.00,0.000
2024-12-27T21:30:00,4.680,0.00,0.000
2024-12-27T21:15:00,4.690,42.50,0.000
2024-12-27T21:00:00,4.700,50.40,0.000
2024-12-27T20:45:00,4.700,0.00,0.000
2024-12-27T20:30:00,4.710,0.00,0.000
2024-12-27T20:15:00,4.710,0.00,0.000
2024-12-27T20:00:00,4.710,0.00,0.000
2024-12-27T19:45:00,4.720,46.80,0.000
2024-12-27T19:30:00,4.720,45.90,0.000
2024-12-27T19:15:00,4.730,80.30,0.000
2024-12-27T19:00:00,4.730,0.00,0.000
2024-12-27T18:45:00,4.740,0.00,0.000
2024-12-27T18:30:00,4.740,0.00,0.000
2024-12-27T18:15:00,4.750,0.00,0.000
2024-12-27T18:00:00,4.750,0.00,0.000
2024-12-27T17:45:00,4.750,40.70,0.000
2024-12-27T17:30:00,4.760,42.50,0.000
2024-12-27T17:15:00,4.760,52.80,0.000
2024-12-27T17:00:00,4.770,43.60,0.000
2024-12-27T16:45:00,4.770,54.80,0.000
2024-12-27T16:30:00,4.780,62.40,0.000
2024-12-27T16:15:00,4.790,59.70,0.000
2024-12-27T16:00:00,4.780,35.90,0.000
2024-12-27T15:45:00,4.790,52.00,0.000
2024-12-27T15:30:00,4.800,48.80,0.000
2024-12-27T15:15:00,4.810,0.00,0.000
2024-12-27T15:00:00,4.820,43.20,0.000
2024-12-27T14:45:00,4.830,43.80,0.000
2024-12-27T14:30:00,4.850,39.60,0.000
2024-12-27T14:15:00,4.860,50.10,0.000
2024-12-27T14:00:00,4.870,42.90,0.000
2024-12-27T13:45:00,4.880,45.30,0.000
2024-12-27T13:30:00,4.890,78.70,0.000
2024-12-27T13:15:00,4.900,70.20,0.000
2024-12-27T13:00:00,4.910,60.80,0.000
2024-12-27T12:45:00,4.920,40.50,0.000
2024-12-27T12:30:00,4.930,48.30,0.000
2024-12-27T12:15:00,4.950,42.30,0.000
2024-12-27T12:00:00,4.960,42.40,0.000
2024-12-27T11:45:00,4.970,42.50,0.000
2024-12-27T11:30:00,4.980,44.90,0.000
2024-12-27T11:15:00,4.980,0.00,0.000
2024-12-27T11:00:00,4.980,43.20,0.000
2024-12-27T10:45:00,4.980,0.00,0.000
2024-12-27T10:30:00,4.980,43.20,0.000
2024-12-27T10:15:00,4.990,42.50,0.000
2024-12-27T10:00:00,4.990,46.90,0.000
2024-12-27T09:45:00,5.000,46.50,0.000
2024-12-27T09:30:00,5.000,43.00,0.000
2024-12-27T09:15:00,5.000,0.00,0.000
2024-12-27T09:00:00,5.010,0.00,0.000
2024-12-27T08:45:00,5.020,41.50,0.000
2024-12-27T08:30:00,5.020,0.00,0.000
2024-12-27T08:15:00,5.020,43.00,0.000
2024-12-27T08:00:00,5.020,39.20,0.000
2024-12-27T07:45:00,5.020,38.80,0.000
2024-12-27T07:30:00,5.020,38.80,0.000
2024-12-27T07:15:00,5.020,41.60,0.000
2024-12-27T07:00:00,5.030,38.80,0.000
2024-12-27T06:45:00,5.030,41.30,0.000
2024-12-27T06:30:00,5.030,84.50,0.000
2024-12-27T06:15:00,5.030,124.60,0.000
2024-12-27T06:00:00,5.030,0.00,0.000
2024-12-27T05:45:00,5.030,0.00,0.000
2024-12-27T05:30:00,5.050,45.50,0.000
2024-12-27T05:15:00,5.040,0.00,0.000
2024-12-27T05:00:00,5.040,0.00,0.000
2024-12-27T04:45:00,5.030,0.00,0.000
2024-12-27T04:30:00,5.020,0.00,0.000
2024-12-27T04:15:00,5.010,0.00,0.000
2024-12-27T04:00:00,5.000,0.00,0.000
2024-12-27T03:45:00,5.000,0.00,0.000
2024-12-27T03:30:00,4.990,0.00,0.000
2024-12-27T03:15:00,4.980,0.00,0.000
2024-12-27T03:00:00,4.970,38.20,0.000
2024-12-27T02:45:00,4.960,37.90,0.000
2024-12-27T02:30:00,4.950,0.00,0.000
2024-12-27T02:15:00,4.940,0.00,0.000
2024-12-27T02:00:00,4.930,0.00,0.000
2024-12-27T01:45:00,4.920,0.00,0.000
2024-12-27T01:30:00,4.910,43.60,0.000
2024-12-27T01:15:00,4.900,0.00,0.000
2024-12-27T01:00:00,4.890,45.00,0.000
2024-12-27T00:45:00,4.880,0.00,0.000
2024-12-27T00:30:00,4.870,0.00,0.000
2024-12-27T00:15:00,4.860,36.40,0.000
2024-12-27T00:00:00,4.850,0.00,0.000
2024-12-26T23:45:00,4.840,0.00,0.000
2024-12-26T23:30:00,4.830,36.10,0.000
2024-12-26T23:15:00,4.820,37.30,0.000
2024-12-26T23:00:00,4.810,0.00,0.000
2024-12-26T22:45:00,4.790,0.00,0.000
2024-12-26T22:30:00,4.780,35.90,0.000
2024-12-26T22:15:00,4.770,0.00,0.000
2024-12-26T22:00:00,4.760,0.00,0.000
2024-12-26T21:45:00,4.750,0.00,0.000
2024-12-26T21:30:00,4.740,0.00,0.000
2024-12-26T21:15:00,4.720,0.00,0.000
2024-12-26T21:00:00,4.710,0.00,0.000
2024-12-26T20:45:00,4.700,0.00,0.000
2024-12-26T20:30:00,4.690,35.50,0.000
2024-12-26T20:15:00,4.680,0.00,0.000
2024-12-26T20:00:00,4.670,0.00,0.000
2024-12-26T19:45:00,4.660,0.00,0.000
2024-12-26T19:30:00,4.650,0.00,0.000
2024-12-26T19:15:00,4.640,0.00,0.000
2024-12-26T19:00:00,4.630,39.60,0.000
2024-12-26T18:45:00,4.620,44.80,0.000
2024-12-26T18:30:00,4.620,187.70,0.000
2024-12-26T18:15:00,4.610,0.00,0.000
2024-12-26T18:00:00,4.610,0.00,0.000
2024-12-26T17:45:00,4.610,0.00,0.000
2024-12-26T17:30:00,4.610,44.80,0.000
2024-12-26T17:15:00,4.610,40.40,0.000
2024-12-26T17:00:00,4.610,0.00,0.000
2024-12-26T16:45:00,4.600,61.30,0.000
2024-12-26T16:30:00,4.600,0.00,0.000
2024-12-26T16:15:00,4.600,0.00,0.000
2024-12-26T16:00:00,4.600,0.00,0.000
2024-12-26T15:45:00,4.600,40.60,0.000
2024-12-26T15:30:00,4.600,35.00,0.000
2024-12-26T15:15:00,4.600,0.00,0.000
2024-12-26T15:00:00,4.600,0.00,0.000
2024-12-26T14:45:00,4.600,0.00,0.000
2024-12-26T14:30:00,4.600,0.00,0.000
2024-12-26T14:15:00,4.600,0.00,0.000
2024-12-26T14:00:00,4.600,0.00,0.000
2024-12-26T13:45:00,4.600,36.80,0.000
2024-12-26T13:30:00,4.600,0.00,0.000
2024-12-26T13:15:00,4.600,0.00,0.000
2024-12-26T13:00:00,4.600,35.00,0.000
2024-12-26T12:45:00,4.600,0.00,0.000
2024-12-26T12:30:00,4.600,0.00,0.000
2024-12-26T12:15:00,4.600,0.00,0.000
2024-12-26T12:00:00,4.600,38.10,0.000
2024-12-26T11:45:00,4.600,0.00,0.000
2024-12-26T11:30:00,4.600,36.70,0.000
2024-12-26T11:15:00,4.610,36.10,0.000
2024-12-26T11:00:00,4.600,0.00,0.000
2024-12-26T10:45:00,4.610,0.00,0.000
2024-12-26T10:30:00,4.610,0.00,0.000
2024-12-26T10:15:00,4.610,0.00,0.000
2024-12-26T10:00:00,4.610,41.00,0.000
2024-12-26T09:45:00,4.610,39.20,0.000
2024-12-26T09:30:00,4.610,37.90,0.000
2024-12-26T09:15:00,4.610,35.10,0.000
2024-12-26T09:00:00,4.610,36.00,0.000
2024-12-26T08:45:00,4.610,0.00,0.000
2024-12-26T08:30:00,4.620,0.00,0.000
2024-12-26T08:15:00,4.620,40.30,0.000
2024-12-26T08:00:00,4.620,0.00,0.000
2024-12-26T07:45:00,4.620,0.00,0.000
2024-12-26T07:30:00,4.620,35.10,0.000
2024-12-26T07:15:00,4.620,0.00,0.000
2024-12-26T07:00:00,4.620,0.00,0.000
2024-12-26T06:45:00,4.620,0.00,0.000
2024-12-26T06:30:00,4.610,0.00,0.000
2024-12-26T06:15:00,4.620,0.00,0.000
2024-12-26T06:00:00,4.620,0.00,0.000
2024-12-26T05:45:00,4.620,0.00,0.000
2024-12-26T05:30:00,4.610,0.00,0.000
2024-12-26T05:15:00,4.610,0.00,0.000
2024-12-26T05:00:00,4.610,0.00,0.000
2024-12-26T04:45:00,4.610,0.00,0.000
2024-12-26T04:30:00,4.610,0.00,0.000
2024-12-26T04:15:00,4.610,0.00,0.000
2024-12-26T04:00:00,4.610,0.00,0.000
2024-12-26T03:45:00,4.610,0.00,0.000
2024-12-26T03:30:00,4.610,0.00,0.000
2024-12-26T03:15:00,4.610,0.00,0.000
2024-12-26T03:00:00,4.610,0.00,0.000
2024-12-26T02:45:00,4.610,0.00,0.000
2024-12-26T02:30:00,4.610,0.00,0.000
2024-12-26T02:15:00,4.610,0.00,0.000
2024-12-26T02:00:00,4.610,35.60,0.000
2024-12-26T01:45:00,4.610,0.00,0.000
2024-12-26T01:30:00,4.610,0.00,0.000
2024-12-26T01:15:00,4.610,0.00,0.000
2024-12-26T01:00:00,4.610,0.00,0.000
2024-12-26T00:45:00,4.610,0.00,0.000
2024-12-26T00:30:00,4.600,0.00,0.000
2024-12-26T00:15:00,4.600,0.00,0.000
2024-12-26T00:00:00,4.610,36.50,0.000
2024-12-25T23:45:00,4.610,0.00,0.000
2024-12-25T23:30:00,4.600,35.00,0.000
2024-12-25T23:15:00,4.600,0.00,0.000
2024-12-25T23:00:00,4.600,0.00,0.000
2024-12-25T22:45:00,4.600,35.00,0.000
2024-12-25T22:30:00,4.600,0.00,0.000
2024-12-25T22:15:00,4.600,0.00,0.000
2024-12-25T22:00:00,4.600,57.70,0.000
2024-12-25T21:45:00,4.600,52.00,0.000
2024-12-25T21:30:00,4.600,0.00,0.000
2024-12-25T21:15:00,4.600,0.00,0.000
2024-12-25T21:00:00,4.590,40.20,0.000
2024-12-25T20:45:00,4.590,50.50,0.000
2024-12-25T20:30:00,4.590,0.00,0.000
2024-12-25T20:15:00,4.590,35.00,0.000
2024-12-25T20:00:00,4.590,41.30,0.000
2024-12-25T19:45:00,4.590,241.50,0.000
2024-12-25T19:30:00,4.590,0.00,0.000
2024-12-25T19:15:00,4.590,0.00,0.000
2024-12-25T19:00:00,4.590,0.00,0.000
2024-12-25T18:45:00,4.590,0.00,0.000
2024-12-25T18:30:00,4.590,0.00,0.000
2024-12-25T18:15:00,4.580,0.00,0.000
2024-12-25T18:00:00,4.580,34.90,0.000
2024-12-25T17:45:00,4.580,39.60,0.000
2024-12-25T17:30:00,4.580,36.70,0.000
2024-12-25T17:15:00,4.580,0.00,0.000
2024-12-25T17:00:00,4.570,35.60,0.000
2024-12-25T16:45:00,4.570,0.00,0.000
2024-12-25T16:30:00,4.570,0.00,0.000
2024-12-25T16:15:00,4.570,34.90,0.000
2024-12-25T16:00:00,4.570,38.60,0.000
2024-12-25T15:45:00,4.570,0.00,0.000
2024-12-25T15:30:00,4.570,40.60,0.000
2024-12-25T15:15:00,4.570,69.40,0.000
2024-12-25T15:00:00,4.570,42.50,0.000
2024-12-25T14:45:00,4.570,0.00,0.000
2024-12-25T14:30:00,4.570,0.00,0.000
2024-12-25T14:15:00,4.570,38.30,0.000
2024-12-25T14:00:00,4.570,56.70,0.000
2024-12-25T13:45:00,4.570,34.90,0.000
2024-12-25T13:30:00,4.580,0.00,0.000
2024-12-25T13:15:00,4.570,34.90,0.000
2024-12-25T13:00:00,4.580,41.10,0.000
2024-12-25T12:45:00,4.580,46.90,0.000
2024-12-25T12:30:00,4.580,37.70,0.000
2024-12-25T12:15:00,4.580,34.90,0.000
2024-12-25T12:00:00,4.580,62.80,0.000
2024-12-25T11:45:00,4.580,35.80,0.000
2024-12-25T11:30:00,4.580,66.50,0.000
2024-12-25T11:15:00,4.580,42.70,0.000
2024-12-25T11:00:00,4.580,34.90,0.000
2024-12-25T10:45:00,4.580,34.90,0.000
2024-12-25T10:30:00,4.580,64.60,0.000
2024-12-25T10:15:00,4.580,42.50,0.000
2024-12-25T10:00:00,4.580,34.90,0.000
2024-12-25T09:45:00,4.580,34.90,0.000
2024-12-25T09:30:00,4.580,0.00,0.000
2024-12-25T09:15:00,4.580,70.80,0.000
2024-12-25T09:00:00,4.580,65.10,0.000
2024-12-25T08:45:00,4.580,67.50,0.000
2024-12-25T08:30:00,4.590,0.00,0.000
2024-12-25T08:15:00,4.590,39.10,0.000
2024-12-25T08:00:00,4.590,0.00,0.000
2024-12-25T07:45:00,4.590,0.00,0.000
2024-12-25T07:30:00,4.590,37.30,0.000
2024-12-25T07:15:00,4.590,0.00,0.000
2024-12-25T07:00:00,4.590,0.00,0.000
2024-12-25T06:45:00,4.590,0.00,0.000
2024-12-25T06:30:00,4.590,39.70,0.000
2024-12-25T06:15:00,4.590,0.00,0.000
2024-12-25T06:00:00,4.590,0.00,0.000
2024-12-25T05:45:00,4.580,0.00,0.000
2024-12-25T05:30:00,4.590,37.90,0.000
2024-12-25T05:15:00,4.580,0.00,0.000
2024-12-25T05:00:00,4.590,0.00,0.000
2024-12-25T04:45:00,4.580,0.00,0.000
2024-12-25T04:30:00,4.580,0.00,0.000
2024-12-25T04:15:00,4.580,0.00,0.000
2024-12-25T04:00:00,4.580,36.10,0.000
2024-12-25T03:45:00,4.590,44.40,0.000
2024-12-25T03:30:00,4.580,0.00,0.000
2024-12-25T03:15:00,4.580,0.00,0.000
2024-12-25T03:00:00,4.580,0.00,0.000
2024-12-25T02:45:00,4.580,0.00,0.000
2024-12-25T02:30:00,4.580,0.00,0.000
2024-12-25T02:15:00,4.580,0.00,0.000
2024-12-25T02:00:00,4.580,0.00,0.000
2024-12-25T01:45:00,4.580,34.90,0.000
2024-12-25T01:30:00,4.580,0.00,0.000
2024-12-25T01:15:00,4.580,0.00,0.000
2024-12-25T01:00:00,4.580,0.00,0.000
2024-12-25T00:45:00,4.580,0.00,0.000
2024-12-25T00:30:00,4.580,0.00,0.000
2024-12-25T00:15:00,4.570,0.00,0.000
2024-12-25T00:00:00,4.570,0.00,0.000
2024-12-24T23:45:00,4.570,0.00,0.000
2024-12-24T23:30:00,4.570,0.00,0.000
2024-12-24T23:15:00,4.570,0.00,0.000
2024-12-24T23:00:00,4.570,0.00,0.000
2024-12-24T22:45:00,4.570,0.00,0.000
2024-12-24T22:30:00,4.570,0.00,0.000
2024-12-24T22:15:00,4.570,0.00,0.000
2024-12-24T22:00:00,4.570,0.00,0.000
2024-12-24T21:45:00,4.560,0.00,0.000
2024-12-24T21:30:00,4.560,0.00,0.000
2024-12-24T21:15:00,4.570,0.00,0.000
2024-12-24T21:00:00,4.560,0.00,0.000
2024-12-24T20:45:00,4.560,0.00,0.000
2024-12-24T20:30:00,4.560,0.00,0.000
2024-12-24T20:15:00,4.560,0.00,0.000
2024-12-24T20:00:00,4.560,0.00,0.000
2024-12-24T19:45:00,4.560,0.00,0.000
2024-12-24T19:30:00,4.560,0.00,0.000
2024-12-24T19:15:00,4.560,0.00,0.000
2024-12-24T19:00:00,4.550,36.20,0.000
2024-12-24T18:45:00,4.550,0.00,0.000
2024-12-24T18:30:00,4.550,0.00,0.000
2024-12-24T18:15:00,4.550,0.00,0.000
2024-12-24T18:00:00,4.550,37.70,0.000
2024-12-24T17:45:00,4.550,0.00,0.000
2024-12-24T17:30:00,4.540,35.90,0.000
2024-12-24T17:15:00,4.540,0.00,0.000
2024-12-24T17:00:00,4.540,36.20,0.000
2024-12-24T16:45:00,4.540,40.40,0.000
2024-12-24T16:30:00,4.540,0.00,0.000
2024-12-24T16:15:00,4.540,36.30,0.000
2024-12-24T16:00:00,4.540,0.00,0.000
2024-12-24T15:45:00,4.540,0.00,0.000
2024-12-24T15:30:00,4.540,0.00,0.000
2024-12-24T15:15:00,4.540,36.10,0.000
2024-12-24T15:00:00,4.540,38.30,0.000
2024-12-24T14:45:00,4.530,0.00,0.000
2024-12-24T14:30:00,4.530,0.00,0.000
2024-12-24T14:15:00,4.540,0.00,0.000
2024-12-24T14:00:00,4.530,57.30,0.000
2024-12-24T13:45:00,4.530,0.00,0.000
2024-12-24T13:30:00,4.530,0.00,0.000
2024-12-24T13:15:00,4.530,42.70,0.000
2024-12-24T13:00:00,4.540,34.70,0.000
2024-12-24T12:45:00,4.530,36.70,0.000
2024-12-24T12:30:00,4.530,36.40,0.000
2024-12-24T12:15:00,4.540,40.40,0.000
2024-12-24T12:00:00,4.540,0.00,0.000
2024-12-24T11:45:00,4.540,36.10,0.000
2024-12-24T11:30:00,4.530,37.40,0.000
2024-12-24T11:15:00,4.530,34.60,0.000
2024-12-24T11:00:00,4.530,58.20,0.000
2024-12-24T10:45:00,4.530,36.50,0.000
2024-12-24T10:30:00,4.530,35.80,0.000
2024-12-24T10:15:00,4.530,67.90,0.000
2024-12-24T10:00:00,4.520,34.60,0.000
2024-12-24T09:45:00,4.520,68.30,0.000
2024-12-24T09:30:00,4.520,81.30,0.000
2024-12-24T09:15:00,4.510,60.60,0.000
2024-12-24T09:00:00,4.510,72.00,0.000
2024-12-24T08:45:00,4.510,39.60,0.000
2024-12-24T08:30:00,4.510,34.50,0.000
2024-12-24T08:15:00,4.510,0.00,0.000
2024-12-24T08:00:00,4.500,0.00,0.000
2024-12-24T07:45:00,4.500,0.00,0.000
2024-12-24T07:30:00,4.500,0.00,0.000
2024-12-24T07:15:00,4.490,0.00,0.000
2024-12-24T07:00:00,4.490,34.40,0.000
2024-12-24T06:45:00,4.490,0.00,0.000
2024-12-24T06:30:00,4.480,37.00,0.000
2024-12-24T06:15:00,4.480,0.00,0.000
2024-12-24T06:00:00,4.470,0.00,0.000
2024-12-24T05:45:00,4.470,0.00,0.000
2024-12-24T05:30:00,4.470,0.00,0.000
2024-12-24T05:15:00,4.460,0.00,0.000
2024-12-24T05:00:00,4.460,0.00,0.000
2024-12-24T04:45:00,4.460,34.20,0.000
2024-12-24T04:30:00,4.460,0.00,0.000
2024-12-24T04:15:00,4.450,0.00,0.000
2024-12-24T04:00:00,4.450,0.00,0.000
2024-12-24T03:45:00,4.440,0.00,0.000
2024-12-24T03:30:00,4.440,0.00,0.000
2024-12-24T03:15:00,4.440,0.00,0.000
2024-12-24T03:00:00,4.430,0.00,0.000
2024-12-24T02:45:00,4.430,37.20,0.000
2024-12-24T02:30:00,4.430,35.50,0.000
2024-12-24T02:15:00,4.420,37.80,0.000
2024-12-24T02:00:00,4.420,34.00,0.000
2024-12-24T01:45:00,4.420,0.00,0.000
2024-12-24T01:30:00,4.410,34.00,0.000
2024-12-24T01:15:00,4.410,33.90,0.000
2024-12-24T01:00:00,4.400,0.00,0.000
2024-12-24T00:45:00,4.400,0.00,0.000
2024-12-24T00:30:00,4.400,33.90,0.000
2024-12-24T00:15:00,4.390,34.10,0.000
2024-12-24T00:00:00,4.390,34.20,0.000
2024-12-23T23:45:00,4.380,0.00,0.000
2024-12-23T23:30:00,4.380,33.80,0.000
2024-12-23T23:15:00,4.380,0.00,0.000
2024-12-23T23:00:00,4.370,0.00,0.000
2024-12-23T22:45:00,4.370,0.00,0.000
2024-12-23T22:30:00,4.370,0.00,0.000
2024-12-23T22:15:00,4.360,0.00,0.000
2024-12-23T22:00:00,4.360,33.60,0.000
2024-12-23T21:45:00,4.350,36.70,0.000
2024-12-23T21:30:00,4.350,33.60,0.000
2024-12-23T21:15:00,4.340,0.00,0.000
2024-12-23T21:00:00,4.340,0.00,0.000
2024-12-23T20:45:00,4.340,0.00,0.000
2024-12-23T20:30:00,4.330,0.00,0.000
2024-12-23T20:15:00,4.320,0.00,0.000
2024-12-23T20:00:00,4.310,37.90,0.000
2024-12-23T19:45:00,4.310,0.00,0.000
2024-12-23T19:30:00,4.320,0.00,0.000
2024-12-23T19:15:00,4.320,0.00,0.000
2024-12-23T19:00:00,4.320,0.00,0.000
2024-12-23T18:45:00,4.320,33.40,0.000
2024-12-23T18:30:00,4.320,116.70,0.000
2024-12-23T18:15:00,4.310,0.00,0.000
2024-12-23T18:00:00,4.320,39.20,0.000
2024-12-23T17:45:00,4.320,59.70,0.000
2024-12-23T17:30:00,4.310,0.00,0.000
2024-12-23T17:15:00,4.310,0.00,0.000
2024-12-23T17:00:00,4.310,57.90,0.000
2024-12-23T16:45:00,4.310,49.00,0.000
2024-12-23T16:30:00,4.310,54.40,0.000
2024-12-23T16:15:00,4.310,53.00,0.000
2024-12-23T16:00:00,4.310,44.40,0.000
2024-12-23T15:45:00,4.310,50.90,0.000
2024-12-23T15:30:00,4.320,54.90,0.000
2024-12-23T15:15:00,4.310,33.30,0.000
2024-12-23T15:00:00,4.320,37.90,0.000
2024-12-23T14:45:00,4.320,33.40,0.000
2024-12-23T14:30:00,4.320,51.20,0.000
2024-12-23T14:15:00,4.320,40.60,0.000
2024-12-23T14:00:00,4.320,36.10,0.000
2024-12-23T13:45:00,4.320,37.70,0.000
2024-12-23T13:30:00,4.330,40.20,0.000
2024-12-23T13:15:00,4.330,36.80,0.000
2024-12-23T13:00:00,4.330,45.50,0.000
2024-12-23T12:45:00,4.330,0.00,0.000
2024-12-23T12:30:00,4.340,37.90,0.000
2024-12-23T12:15:00,4.340,38.10,0.000
2024-12-23T12:00:00,4.340,37.80,0.000
2024-12-23T11:45:00,4.340,40.80,0.000
2024-12-23T11:30:00,4.340,33.50,0.000
2024-12-23T11:15:00,4.340,41.80,0.000
2024-12-23T11:00:00,4.350,35.00,0.000
2024-12-23T10:45:00,4.350,40.70,0.000
2024-12-23T10:30:00,4.350,69.60,0.000
2024-12-23T10:15:00,4.350,78.80,0.000
2024-12-23T10:00:00,4.360,71.90,0.000
2024-12-23T09:45:00,4.350,38.20,0.000
2024-12-23T09:30:00,4.360,83.90,0.000
2024-12-23T09:15:00,4.360,75.20,0.000
2024-12-23T09:00:00,4.360,43.60,0.000
2024-12-23T08:45:00,4.370,39.70,0.000
2024-12-23T08:30:00,4.370,40.50,0.000
2024-12-23T08:15:00,4.370,72.30,0.000
2024-12-23T08:00:00,4.380,39.40,0.000
2024-12-23T07:45:00,4.390,40.70,0.000
2024-12-23T07:30:00,4.390,40.00,0.000
2024-12-23T07:15:00,4.390,38.30,0.000
2024-12-23T07:00:00,4.400,43.20,0.000
2024-12-23T06:45:00,4.400,38.80,0.000
2024-12-23T06:30:00,4.410,39.40,0.000
2024-12-23T06:15:00,4.410,81.90,0.000
2024-12-23T06:00:00,4.420,0.00,0.000
2024-12-23T05:45:00,4.420,0.00,0.000
2024-12-23T05:30:00,4.420,36.30,0.000
2024-12-23T05:15:00,4.430,35.40,0.000
2024-12-23T05:00:00,4.430,0.00,0.000
2024-12-23T04:45:00,4.440,0.00,0.000
2024-12-23T04:30:00,4.440,0.00,0.000
2024-12-23T04:15:00,4.440,50.90,0.000
2024-12-23T04:00:00,4.450,0.00,0.000
2024-12-23T03:45:00,4.450,40.70,0.000
2024-12-23T03:30:00,4.460,34.20,0.000
2024-12-23T03:15:00,4.470,39.80,0.000
2024-12-23T03:00:00,4.470,39.40,0.000
2024-12-23T02:45:00,4.470,34.30,0.000
2024-12-23T02:30:00,4.480,0.00,0.000
2024-12-23T02:15:00,4.480,34.40,0.000
2024-12-23T02:00:00,4.490,44.70,0.000
2024-12-23T01:45:00,4.490,37.80,0.000
2024-12-23T01:30:00,4.500,37.50,0.000
2024-12-23T01:15:00,4.500,0.00,0.000
2024-12-23T01:00:00,4.510,0.00,0.000
2024-12-23T00:45:00,4.510,39.30,0.000
2024-12-23T00:30:00,4.520,35.10,0.000
2024-12-23T00:15:00,4.520,0.00,0.000
2024-12-23T00:00:00,4.530,0.00,0.000
2024-12-31T23:45:00,4.450,0.00,0.000
2024-12-31T23:30:00,4.450,0.00,0.000
2024-12-31T23:15:00,4.460,0.00,0.000
2024-12-31T23:00:00,4.460,40.30,0.000
2024-12-31T22:45:00,4.460,0.00,0.000
2024-12-31T22:30:00,4.460,0.00,0.000
2024-12-31T22:15:00,4.470,37.90,0.000
2024-12-31T22:00:00,4.470,0.00,0.000
2024-12-31T21:45:00,4.470,38.50,0.000
2024-12-31T21:30:00,4.470,35.20,0.000
2024-12-31T21:15:00,4.480,0.00,0.000
2024-12-31T21:00:00,4.480,0.00,0.000
2024-12-31T20:45:00,4.480,34.90,0.000
2024-12-31T20:30:00,4.480,0.00,0.000
2024-12-31T20:15:00,4.490,0.00,0.000
2024-12-31T20:00:00,4.490,0.00,0.000
2024-12-31T19:45:00,4.490,0.00,0.000
2024-12-31T19:30:00,4.500,0.00,0.000
2024-12-31T19:15:00,4.500,0.00,0.000
2024-12-31T19:00:00,4.500,0.00,0.000
2024-12-31T18:45:00,4.500,43.10,0.000
2024-12-31T18:30:00,4.500,34.50,0.000
2024-12-31T18:15:00,4.510,0.00,0.000
2024-12-31T18:00:00,4.510,0.00,0.000
2024-12-31T17:45:00,4.510,34.50,0.000
2024-12-31T17:30:00,4.510,38.60,0.000
2024-12-31T17:15:00,4.510,34.50,0.000
2024-12-31T17:00:00,4.510,39.80,0.000
2024-12-31T16:45:00,4.520,0.00,0.000
2024-12-31T16:30:00,4.520,34.60,0.000
2024-12-31T16:15:00,4.510,0.00,0.000
2024-12-31T16:00:00,4.520,0.00,0.000
2024-12-31T15:45:00,4.520,0.00,0.000
2024-12-31T15:30:00,4.530,38.40,0.000
2024-12-31T15:15:00,4.530,0.00,0.000
2024-12-31T15:00:00,4.530,0.00,0.000
2024-12-31T14:45:00,4.540,43.30,0.000
2024-12-31T14:30:00,4.540,41.40,0.000
2024-12-31T14:15:00,4.550,45.30,0.000
2024-12-31T14:00:00,4.550,40.00,0.000
2024-12-31T13:45:00,4.550,0.00,0.000
2024-12-31T13:30:00,4.560,37.40,0.000
2024-12-31T13:15:00,4.560,39.50,0.000
2024-12-31T13:00:00,4.560,37.80,0.000
2024-12-31T12:45:00,4.570,43.70,0.000
2024-12-31T12:30:00,4.570,48.40,0.000
2024-12-31T12:15:00,4.570,0.00,0.000
2024-12-31T12:00:00,4.570,34.80,0.000
2024-12-31T11:45:00,4.560,0.00,0.000
2024-12-31T11:30:00,4.570,0.00,0.000
2024-12-31T11:15:00,4.560,72.10,0.000
2024-12-31T11:00:00,4.560,34.80,0.000
2024-12-31T10:45:00,4.560,34.80,0.000
2024-12-31T10:30:00,4.560,0.00,0.000
2024-12-31T10:15:00,4.560,62.80,0.000
2024-12-31T10:00:00,4.560,37.10,0.000
2024-12-31T09:45:00,4.550,45.20,0.000
2024-12-31T09:30:00,4.550,36.10,0.000
2024-12-31T09:15:00,4.550,0.00,0.000
2024-12-31T09:00:00,4.550,34.70,0.000
2024-12-31T08:45:00,4.550,38.90,0.000
2024-12-31T08:30:00,4.550,36.20,0.000
2024-12-31T08:15:00,4.550,0.00,0.000
2024-12-31T08:00:00,4.550,0.00,0.000
2024-12-31T07:45:00,4.540,0.00,0.000
2024-12-31T07:30:00,4.540,0.00,0.000
2024-12-31T07:15:00,4.550,0.00,0.000
2024-12-31T07:00:00,4.540,0.00,0.000
2024-12-31T06:45:00,4.530,37.50,0.000
2024-12-31T06:30:00,4.530,34.60,0.000
2024-12-31T06:15:00,4.520,0.00,0.000
2024-12-31T06:00:00,4.530,405.90,0.000
2024-12-31T05:45:00,4.530,0.00,0.000
2024-12-31T05:30:00,4.530,0.00,0.000
2024-12-31T05:15:00,4.530,0.00,0.000
2024-12-31T05:00:00,4.520,38.80,0.000
2024-12-31T04:45:00,4.530,36.70,0.000
2024-12-31T04:30:00,4.530,36.80,0.000
2024-12-31T04:15:00,4.530,35.80,0.000
2024-12-31T04:00:00,4.530,34.60,0.000
2024-12-31T03:45:00,4.530,0.00,0.000
2024-12-31T03:30:00,4.520,37.20,0.000
2024-12-31T03:15:00,4.530,34.60,0.000
2024-12-31T03:00:00,4.520,0.00,0.000
2024-12-31T02:45:00,4.520,0.00,0.000
2024-12-31T02:30:00,4.520,0.00,0.000
2024-12-31T02:15:00,4.520,37.20,0.000
2024-12-31T02:00:00,4.520,38.80,0.000
2024-12-31T01:45:00,4.520,34.60,0.000
2024-12-31T01:30:00,4.520,36.50,0.000
2024-12-31T01:15:00,4.520,0.00,0.000
2024-12-31T01:00:00,4.520,0.00,0.000
2024-12-31T00:45:00,4.520,0.00,0.000
2024-12-31T00:30:00,4.520,34.60,0.000
2024-12-31T00:15:00,4.520,39.10,0.000
2024-12-31T00:00:00,4.520,34.60,0.000
2024-12-30T23:45:00,4.520,36.30,0.000
2024-12-30T23:30:00,4.520,40.30,0.000
2024-12-30T23:15:00,4.520,37.90,0.000
2024-12-30T23:00:00,4.520,42.60,0.000
2024-12-30T22:45:00,4.520,41.30,0.000
2024-12-30T22:30:00,4.520,37.50,0.000
2024-12-30T22:15:00,4.520,35.70,0.000
2024-12-30T22:00:00,4.520,42.30,0.000
2024-12-30T21:45:00,4.520,0.00,0.000
2024-12-30T21:30:00,4.520,0.00,0.000
2024-12-30T21:15:00,4.520,57.50,0.000
2024-12-30T21:00:00,4.520,53.10,0.000
2024-12-30T20:45:00,4.520,36.30,0.000
2024-12-30T20:30:00,4.520,34.60,0.000
2024-12-30T20:15:00,4.520,0.00,0.000
2024-12-30T20:00:00,4.520,0.00,0.000
2024-12-30T19:45:00,4.520,0.00,0.000
2024-12-30T19:30:00,4.520,0.00,0.000
2024-12-30T19:15:00,4.510,0.00,0.000
2024-12-30T19:00:00,4.520,0.00,0.000
2024-12-30T18:45:00,4.510,0.00,0.000
2024-12-30T18:30:00,4.510,0.00,0.000
2024-12-30T18:15:00,4.510,0.00,0.000
2024-12-30T18:00:00,4.510,0.00,0.000
2024-12-30T17:45:00,4.510,0.00,0.000
2024-12-30T17:30:00,4.500,0.00,0.000
2024-12-30T17:15:00,4.500,58.10,0.000
2024-12-30T17:00:00,4.500,60.60,0.000
2024-12-30T16:45:00,4.500,53.00,0.000
2024-12-30T16:30:00,4.500,45.10,0.000
2024-12-30T16:15:00,4.500,46.40,0.000
2024-12-30T16:00:00,4.500,57.40,0.000
2024-12-30T15:45:00,4.500,61.70,0.000
2024-12-30T15:30:00,4.490,62.10,0.000
2024-12-30T15:15:00,4.500,0.00,0.000
2024-12-30T15:00:00,4.500,40.60,0.000
2024-12-30T14:45:00,4.500,37.80,0.000
2024-12-30T14:30:00,4.500,0.00,0.000
2024-12-30T14:15:00,4.500,42.00,0.000
2024-12-30T14:00:00,4.500,37.20,0.000
2024-12-30T13:45:00,4.500,39.60,0.000
2024-12-30T13:30:00,4.500,61.40,0.000
2024-12-30T13:15:00,4.500,48.20,0.000
2024-12-30T13:00:00,4.500,57.90,0.000
2024-12-30T12:45:00,4.500,41.80,0.000
2024-12-30T12:30:00,4.500,40.60,0.000
2024-12-30T12:15:00,4.500,40.60,0.000
2024-12-30T12:00:00,4.500,0.00,0.000
2024-12-30T11:45:00,4.500,36.80,0.000
2024-12-30T11:30:00,4.500,0.00,0.000
2024-12-30T11:15:00,4.500,37.00,0.000
2024-12-30T11:00:00,4.510,39.20,0.000
2024-12-30T10:45:00,4.500,0.00,0.000
2024-12-30T10:30:00,4.510,0.00,0.000
2024-12-30T10:15:00,4.510,35.70,0.000
2024-12-30T10:00:00,4.510,42.70,0.000
2024-12-30T09:45:00,4.510,34.50,0.000
2024-12-30T09:30:00,4.510,34.50,0.000
2024-12-30T09:15:00,4.510,34.50,0.000
2024-12-30T09:00:00,4.510,37.00,0.000
2024-12-30T08:45:00,4.520,0.00,0.000
2024-12-30T08:30:00,4.530,0.00,0.000
2024-12-30T08:15:00,4.530,34.90,0.000
2024-12-30T08:00:00,4.520,34.60,0.000
2024-12-30T07:45:00,4.520,47.30,0.000
2024-12-30T07:30:00,4.520,35.90,0.000
2024-12-30T07:15:00,4.520,0.00,0.000
2024-12-30T07:00:00,4.520,34.60,0.000
2024-12-30T06:45:00,4.520,34.50,0.000
2024-12-30T06:30:00,4.520,44.60,0.000
2024-12-30T06:15:00,4.510,131.50,0.000
2024-12-30T06:00:00,4.510,0.00,0.000
2024-12-30T05:45:00,4.500,0.00,0.000
2024-12-30T05:30:00,4.500,42.20,0.000
2024-12-30T05:15:00,4.500,0.00,0.000
2024-12-30T05:00:00,4.500,34.40,0.000
2024-12-30T04:45:00,4.500,36.50,0.000
2024-12-30T04:30:00,4.500,0.00,0.000
2024-12-30T04:15:00,4.500,0.00,0.000
2024-12-30T04:00:00,4.500,0.00,0.000
2024-12-30T03:45:00,4.500,34.40,0.000
2024-12-30T03:30:00,4.490,0.00,0.000
2024-12-30T03:15:00,4.500,34.40,0.000
2024-12-30T03:00:00,4.490,37.90,0.000
2024-12-30T02:45:00,4.500,0.00,0.000
2024-12-30T02:30:00,4.500,0.00,0.000
2024-12-30T02:15:00,4.490,0.00,0.000
2024-12-30T02:00:00,4.500,62.90,0.000
2024-12-30T01:45:00,4.500,0.00,0.000
2024-12-30T01:30:00,4.490,0.00,0.000
2024-12-30T01:15:00,4.490,40.80,0.000
2024-12-30T01:00:00,4.490,0.00,0.000
2024-12-30T00:45:00,4.490,41.10,0.000
2024-12-30T00:30:00,4.490,41.00,0.000
2024-12-30T00:15:00,4.490,36.90,0.000
2024-12-30T00:00:00,4.490,36.60,0.000
