datetime,level_msl_m,q_cms,rain_mm
2025-06-07T23:45:00,4.120,41.60,0.000
2025-06-07T23:30:00,4.120,43.70,0.000
2025-06-07T23:15:00,4.130,46.00,0.000
2025-06-07T23:00:00,4.130,39.30,0.000
2025-06-07T22:45:00,4.140,0.00,0.000
2025-06-07T22:30:00,4.140,45.10,0.000
2025-06-07T22:15:00,4.150,46.10,0.000
2025-06-07T22:00:00,4.150,44.00,0.000
2025-06-07T21:45:00,4.150,46.30,0.000
2025-06-07T21:30:00,4.160,46.80,0.000
2025-06-07T21:15:00,4.160,48.80,0.000
2025-06-07T21:00:00,4.170,0.00,0.000
2025-06-07T20:45:00,4.170,0.00,0.000
2025-06-07T20:30:00,4.180,41.00,0.000
2025-06-07T20:15:00,4.180,0.00,0.000
2025-06-07T20:00:00,4.190,36.80,0.000
2025-06-07T19:45:00,4.190,63.10,0.000
2025-06-07T19:30:00,4.200,40.20,0.000
2025-06-07T19:15:00,4.200,38.30,0.000
2025-06-07T19:00:00,4.200,46.90,0.000
2025-06-07T18:45:00,4.210,44.10,0.000
2025-06-07T18:30:00,4.210,44.70,0.000
2025-06-07T18:15:00,4.220,0.00,0.000
2025-06-07T18:00:00,4.220,69.70,0.000
2025-06-07T17:45:00,4.220,46.90,0.000
2025-06-07T17:30:00,4.230,49.70,0.000
2025-06-07T17:15:00,4.240,80.10,0.000
2025-06-07T17:00:00,4.240,0.00,0.000
2025-06-07T16:45:00,4.260,51.50,0.000
2025-06-07T16:30:00,4.270,51.00,0.000
2025-06-07T16:15:00,4.280,37.90,0.000
2025-06-07T16:00:00,4.290,47.70,0.000
2025-06-07T15:45:00,4.310,35.90,0.000
2025-06-07T15:30:00,4.310,39.90,0.000
2025-06-07T15:15:00,4.320,43.50,0.000
2025-06-07T15:00:00,4.330,79.90,0.000
2025-06-07T14:45:00,4.340,49.30,0.000
2025-06-07T14:30:00,4.350,33.50,0.000
2025-06-07T14:15:00,4.360,40.10,0.000
2025-06-07T14:00:00,4.370,41.40,0.000
2025-06-07T13:45:00,4.380,33.60,0.000
2025-06-07T13:30:00,4.390,35.80,0.000
2025-06-07T13:15:00,4.400,43.10,0.000
2025-06-07T13:00:00,4.410,36.80,0.000
2025-06-07T12:45:00,4.420,59.50,0.000
2025-06-07T12:30:00,4.430,54.60,0.000
2025-06-07T12:15:00,4.440,43.10,0.000
2025-06-07T12:00:00,4.450,45.00,0.000
2025-06-07T11:45:00,4.470,34.40,0.000
2025-06-07T11:30:00,4.490,0.00,0.000
2025-06-07T11:15:00,4.490,0.00,0.000
2025-06-07T11:00:00,4.500,0.00,0.000
2025-06-07T10:45:00,4.490,0.00,0.000
2025-06-07T10:30:00,4.490,34.30,0.000
2025-06-07T10:15:00,4.490,0.00,0.000
2025-06-07T10:00:00,4.480,0.00,0.000
2025-06-07T09:45:00,4.490,0.00,0.000
2025-06-07T09:30:00,4.490,0.00,0.000
2025-06-07T09:15:00,4.480,0.00,0.000
2025-06-07T09:00:00,4.480,0.00,0.000
2025-06-07T08:45:00,4.480,0.00,0.000
2025-06-07T08:30:00,4.480,78.70,0.000
2025-06-07T08:15:00,4.480,72.60,0.000
2025-06-07T08:00:00,4.470,0.00,0.000
2025-06-07T07:45:00,4.480,0.00,0.000
2025-06-07T07:30:00,4.470,0.00,0.000
2025-06-07T07:15:00,4.470,0.00,0.000
2025-06-07T07:00:00,4.470,0.00,0.000
2025-06-07T06:45:00,4.470,0.00,0.000
2025-06-07T06:30:00,4.470,0.00,0.000
2025-06-07T06:15:00,4.460,0.00,0.000
2025-06-07T06:00:00,4.460,0.00,0.000
2025-06-07T05:45:00,4.460,0.00,0.000
2025-06-07T05:30:00,4.460,0.00,0.000
2025-06-07T05:15:00,4.450,0.00,0.000
2025-06-07T05:00:00,4.450,0.00,0.000
2025-06-07T04:45:00,4.450,0.00,0.000
2025-06-07T04:30:00,4.450,0.00,0.000
2025-06-07T04:15:00,4.440,0.00,0.000
2025-06-07T04:00:00,4.440,0.00,0.000
2025-06-07T03:45:00,4.440,0.00,0.000
2025-06-07T03:30:00,4.430,0.00,0.000
2025-06-07T03:15:00,4.430,0.00,0.000
2025-06-07T03:00:00,4.430,73.30,0.000
2025-06-07T02:45:00,4.420,67.00,0.000
2025-06-07T02:30:00,4.420,63.20,0.000
2025-06-07T02:15:00,4.420,63.20,0.000
2025-06-07T02:00:00,4.410,0.00,0.000
2025-06-07T01:45:00,4.410,67.60,0.500
2025-06-07T01:30:00,4.400,68.80,0.000
2025-06-07T01:15:00,4.390,70.40,1.500
2025-06-07T01:00:00,4.380,70.40,6.500
2025-06-07T00:45:00,4.370,1,386.60,18.000
2025-06-07T00:30:00,4.370,373.50,7.000
2025-06-07T00:15:00,4.320,71.70,0.000
2025-06-07T00:00:00,4.330,0.00,0.000
2025-06-06T23:45:00,4.320,0.00,0.000
2025-06-06T23:30:00,4.320,0.00,0.000
2025-06-06T23:15:00,4.320,0.00,0.000
2025-06-06T23:00:00,4.320,0.00,0.000
2025-06-06T22:45:00,4.320,0.00,0.000
2025-06-06T22:30:00,4.310,0.00,0.000
2025-06-06T22:15:00,4.310,120.40,0.000
2025-06-06T22:00:00,4.310,0.00,0.000
2025-06-06T21:45:00,4.310,55.50,0.000
2025-06-06T21:30:00,4.310,122.80,0.000
2025-06-06T21:15:00,4.300,0.00,0.000
2025-06-06T21:00:00,4.300,0.00,0.000
2025-06-06T20:45:00,4.300,0.00,0.000
2025-06-06T20:30:00,4.290,0.00,0.000
2025-06-06T20:15:00,4.290,0.00,0.000
2025-06-06T20:00:00,4.290,0.00,0.000
2025-06-06T19:45:00,4.290,0.00,0.000
2025-06-06T19:30:00,4.280,0.00,0.000
2025-06-06T19:15:00,4.280,163.70,0.000
2025-06-06T19:00:00,4.280,0.00,0.000
2025-06-06T18:45:00,4.280,63.30,0.000
2025-06-06T18:30:00,4.270,61.60,0.000
2025-06-06T18:15:00,4.270,0.00,0.000
2025-06-06T18:00:00,4.270,0.00,0.000
2025-06-06T17:45:00,4.260,0.00,0.000
2025-06-06T17:30:00,4.260,0.00,0.000
2025-06-06T17:15:00,4.260,32.90,0.000
2025-06-06T17:00:00,4.260,0.00,0.000
2025-06-06T16:45:00,4.250,0.00,0.000
2025-06-06T16:30:00,4.250,0.00,0.000
2025-06-06T16:15:00,4.250,0.00,0.000
2025-06-06T16:00:00,4.240,0.00,0.000
2025-06-06T15:45:00,4.240,0.00,0.000
2025-06-06T15:30:00,4.240,0.00,0.000
2025-06-06T15:15:00,4.230,0.00,0.000
2025-06-06T15:00:00,4.230,0.00,0.000
2025-06-06T14:45:00,4.230,0.00,0.000
2025-06-06T14:30:00,4.220,0.00,0.000
2025-06-06T14:15:00,4.220,32.60,0.000
2025-06-06T14:00:00,4.210,32.60,0.000
2025-06-06T13:45:00,4.210,57.50,0.000
2025-06-06T13:30:00,4.210,0.00,0.000
2025-06-06T13:15:00,4.210,57.60,0.000
2025-06-06T13:00:00,4.200,0.00,0.000
2025-06-06T12:45:00,4.200,57.20,0.000
2025-06-06T12:30:00,4.190,0.00,0.500
2025-06-06T12:15:00,4.190,32.50,0.000
2025-06-06T12:00:00,4.190,0.00,0.000
2025-06-06T11:45:00,4.190,53.90,0.000
2025-06-06T11:30:00,4.180,55.50,0.000
2025-06-06T11:15:00,4.180,0.00,0.000
2025-06-06T11:00:00,4.170,44.10,0.000
2025-06-06T10:45:00,4.170,0.00,0.000
2025-06-06T10:30:00,4.170,32.30,0.000
2025-06-06T10:15:00,4.170,0.00,0.000
2025-06-06T10:00:00,4.150,50.60,0.000
2025-06-06T09:45:00,4.150,0.00,0.000
2025-06-06T09:30:00,4.150,0.00,0.000
2025-06-06T09:15:00,4.150,33.70,0.000
2025-06-06T09:00:00,4.140,32.10,0.000
2025-06-06T08:45:00,4.140,37.60,0.000
2025-06-06T08:30:00,4.140,35.40,0.000
2025-06-06T08:15:00,4.130,32.10,0.000
2025-06-06T08:00:00,4.120,0.00,0.000
2025-06-06T07:45:00,4.120,38.40,0.000
2025-06-06T07:30:00,4.120,0.00,0.000
2025-06-06T07:15:00,4.110,35.20,0.000
2025-06-06T07:00:00,4.110,39.20,0.000
2025-06-06T06:45:00,4.100,0.00,0.000
2025-06-06T06:30:00,4.100,35.90,0.000
2025-06-06T06:15:00,4.090,50.60,0.000
2025-06-06T06:00:00,4.070,44.00,0.000
2025-06-06T05:45:00,4.070,44.60,0.000
2025-06-06T05:30:00,4.070,56.70,0.000
2025-06-06T05:15:00,4.070,47.70,0.000
2025-06-06T05:00:00,4.080,51.00,0.000
2025-06-06T04:45:00,4.080,55.60,0.000
2025-06-06T04:30:00,4.080,0.00,0.000
2025-06-06T04:15:00,4.080,0.00,0.000
2025-06-06T04:00:00,4.090,48.10,0.000
2025-06-06T03:45:00,4.090,58.50,0.000
2025-06-06T03:30:00,4.090,71.40,0.000
2025-06-06T03:15:00,4.090,67.00,0.000
2025-06-06T03:00:00,4.100,72.90,0.000
2025-06-06T02:45:00,4.100,72.60,0.500
2025-06-06T02:30:00,4.100,73.10,0.000
2025-06-06T02:15:00,4.110,74.40,0.000
2025-06-06T02:00:00,4.110,76.50,0.500
2025-06-06T01:45:00,4.110,72.80,0.000
2025-06-06T01:30:00,4.110,74.80,0.000
2025-06-06T01:15:00,4.110,74.70,0.000
2025-06-06T01:00:00,4.110,71.90,0.000
2025-06-06T00:45:00,4.120,77.00,1.500
2025-06-06T00:30:00,4.110,71.90,3.000
2025-06-06T00:15:00,4.110,68.00,2.500
2025-06-06T00:00:00,4.110,66.00,3.500
2025-06-05T23:45:00,4.100,0.00,4.500
2025-06-05T23:30:00,4.090,87.70,0.000
2025-06-05T23:15:00,4.090,47.80,0.000
2025-06-05T23:00:00,4.100,47.10,0.000
2025-06-05T22:45:00,4.100,52.10,0.000
2025-06-05T22:30:00,4.100,44.20,0.000
2025-06-05T22:15:00,4.100,41.40,0.000
2025-06-05T22:00:00,4.110,47.80,0.000
2025-06-05T21:45:00,4.110,51.20,0.000
2025-06-05T21:30:00,4.110,51.80,0.000
2025-06-05T21:15:00,4.110,52.20,0.000
2025-06-05T21:00:00,4.120,51.20,0.000
2025-06-05T20:45:00,4.120,47.50,0.000
2025-06-05T20:30:00,4.120,46.30,0.000
2025-06-05T20:15:00,4.130,51.10,0.000
2025-06-05T20:00:00,4.130,47.60,0.000
2025-06-05T19:45:00,4.130,46.80,0.000
2025-06-05T19:30:00,4.130,49.90,0.000
2025-06-05T19:15:00,4.140,65.70,0.000
2025-06-05T19:00:00,4.140,49.60,0.000
2025-06-05T18:45:00,4.140,37.40,0.000
2025-06-05T18:30:00,4.140,52.40,0.000
2025-06-05T18:15:00,4.150,46.30,0.000
2025-06-05T18:00:00,4.150,34.80,0.000
2025-06-05T17:45:00,4.150,35.30,0.000
2025-06-05T17:30:00,4.150,38.20,0.000
2025-06-05T17:15:00,4.150,43.90,0.000
2025-06-05T17:00:00,4.160,42.50,0.000
2025-06-05T16:45:00,4.160,44.50,0.000
2025-06-05T16:30:00,4.160,42.90,0.000
2025-06-05T16:15:00,4.160,40.00,0.000
2025-06-05T16:00:00,4.170,42.30,0.000
2025-06-05T15:45:00,4.170,35.30,0.000
2025-06-05T15:30:00,4.170,47.70,0.000
2025-06-05T15:15:00,4.170,55.00,0.000
2025-06-05T15:00:00,4.170,35.70,0.000
2025-06-05T14:45:00,4.180,33.50,0.000
2025-06-05T14:30:00,4.180,37.80,0.000
2025-06-05T14:15:00,4.180,39.60,0.000
2025-06-05T14:00:00,4.180,33.10,0.000
2025-06-05T13:45:00,4.190,59.80,0.000
2025-06-05T13:30:00,4.190,44.70,0.000
2025-06-05T13:15:00,4.180,34.90,0.000
2025-06-05T13:00:00,4.190,49.20,0.000
2025-06-05T12:45:00,4.190,42.70,0.000
2025-06-05T12:30:00,4.190,35.70,0.000
2025-06-05T12:15:00,4.200,44.00,0.000
2025-06-05T12:00:00,4.200,39.70,0.000
2025-06-05T11:45:00,4.200,74.90,0.000
2025-06-05T11:30:00,4.200,40.40,0.000
2025-06-05T11:15:00,4.210,51.00,0.000
2025-06-05T11:00:00,4.210,40.40,0.000
2025-06-05T10:45:00,4.210,38.10,0.000
2025-06-05T10:30:00,4.210,32.60,0.000
2025-06-05T10:15:00,4.220,45.10,0.000
2025-06-05T10:00:00,4.220,34.90,0.000
2025-06-05T09:45:00,4.220,36.10,0.000
2025-06-05T09:30:00,4.220,46.00,0.000
2025-06-05T09:15:00,4.220,50.20,0.000
2025-06-05T09:00:00,4.220,40.50,0.000
2025-06-05T08:45:00,4.230,48.00,0.000
2025-06-05T08:30:00,4.230,44.40,0.000
2025-06-05T08:15:00,4.230,48.90,0.000
2025-06-05T08:00:00,4.230,52.50,0.000
2025-06-05T07:45:00,4.230,51.30,0.000
2025-06-05T07:30:00,4.240,53.80,0.000
2025-06-05T07:15:00,4.240,58.70,0.000
2025-06-05T07:00:00,4.240,53.30,0.000
2025-06-05T06:45:00,4.240,54.80,0.000
2025-06-05T06:30:00,4.240,48.70,0.000
2025-06-05T06:15:00,4.240,48.60,0.000
2025-06-05T06:00:00,4.240,47.30,0.000
2025-06-05T05:45:00,4.240,66.80,0.000
2025-06-05T05:30:00,4.250,57.60,0.000
2025-06-05T05:15:00,4.250,92.80,0.000
2025-06-05T05:00:00,4.250,0.00,0.000
2025-06-05T04:45:00,4.250,56.60,0.000
2025-06-05T04:30:00,4.250,0.00,0.000
2025-06-05T04:15:00,4.250,0.00,0.000
2025-06-05T04:00:00,4.250,54.10,0.000
2025-06-05T03:45:00,4.250,47.90,0.000
2025-06-05T03:30:00,4.250,55.50,0.000
2025-06-05T03:15:00,4.250,0.00,0.000
2025-06-05T03:00:00,4.250,52.60,0.000
2025-06-05T02:45:00,4.250,49.80,0.000
2025-06-05T02:30:00,4.250,58.20,0.000
2025-06-05T02:15:00,4.250,48.70,0.000
2025-06-05T02:00:00,4.260,52.60,0.000
2025-06-05T01:45:00,4.250,48.20,0.000
2025-06-05T01:30:00,4.260,52.30,0.000
2025-06-05T01:15:00,4.260,0.00,0.000
2025-06-05T01:00:00,4.250,49.50,0.000
2025-06-05T00:45:00,4.250,59.80,0.000
2025-06-05T00:30:00,4.260,0.00,0.000
2025-06-05T00:15:00,4.250,0.00,0.000
2025-06-05T00:00:00,4.250,51.20,0.000
2025-06-04T23:45:00,4.250,62.20,0.000
2025-06-04T23:30:00,4.250,0.00,0.000
2025-06-04T23:15:00,4.250,50.60,0.000
2025-06-04T23:00:00,4.250,0.00,0.000
2025-06-04T22:45:00,4.250,45.40,0.000
2025-06-04T22:30:00,4.250,82.40,0.000
2025-06-04T22:15:00,4.250,83.50,0.000
2025-06-04T22:00:00,4.250,64.40,0.000
2025-06-04T21:45:00,4.250,49.60,0.000
2025-06-04T21:30:00,4.250,48.90,0.000
2025-06-04T21:15:00,4.250,59.20,0.000
2025-06-04T21:00:00,4.240,56.00,0.000
2025-06-04T20:45:00,4.240,50.90,0.000
2025-06-04T20:30:00,4.240,86.90,0.000
2025-06-04T20:15:00,4.240,61.60,0.000
2025-06-04T20:00:00,4.240,0.00,0.000
2025-06-04T19:45:00,4.240,0.00,0.000
2025-06-04T19:30:00,4.240,46.50,0.000
2025-06-04T19:15:00,4.230,48.60,0.000
2025-06-04T19:00:00,4.230,46.10,0.000
2025-06-04T18:45:00,4.230,43.40,0.000
2025-06-04T18:30:00,4.230,44.60,0.000
2025-06-04T18:15:00,4.230,46.20,0.000
2025-06-04T18:00:00,4.230,35.10,0.000
2025-06-04T17:45:00,4.230,35.40,0.000
2025-06-04T17:30:00,4.230,34.00,0.000
2025-06-04T17:15:00,4.230,57.10,0.000
2025-06-04T17:00:00,4.240,65.00,0.000
2025-06-04T16:45:00,4.240,61.40,0.000
2025-06-04T16:30:00,4.250,41.10,0.000
2025-06-04T16:15:00,4.250,66.90,0.000
2025-06-04T16:00:00,4.250,64.20,0.000
2025-06-04T15:45:00,4.260,61.30,0.000
2025-06-04T15:30:00,4.260,67.90,0.000
2025-06-04T15:15:00,4.270,72.50,0.000
2025-06-04T15:00:00,4.280,69.10,0.000
2025-06-04T14:45:00,4.280,64.70,0.000
2025-06-04T14:30:00,4.290,52.20,0.000
2025-06-04T14:15:00,4.290,58.20,0.000
2025-06-04T14:00:00,4.290,65.80,0.000
2025-06-04T13:45:00,4.300,63.80,0.000
2025-06-04T13:30:00,4.300,78.30,0.000
2025-06-04T13:15:00,4.310,44.20,0.000
2025-06-04T13:00:00,4.320,65.80,0.000
2025-06-04T12:45:00,4.320,76.40,0.000
2025-06-04T12:30:00,4.320,35.80,0.000
2025-06-04T12:15:00,4.320,55.70,0.000
2025-06-04T12:00:00,4.320,73.10,0.000
2025-06-04T11:45:00,4.330,81.30,0.000
2025-06-04T11:30:00,4.330,0.00,0.000
2025-06-04T11:15:00,4.340,35.50,0.000
2025-06-04T11:00:00,4.340,68.40,0.000
2025-06-04T10:45:00,4.330,63.10,0.000
2025-06-04T10:30:00,4.330,42.70,0.000
2025-06-04T10:15:00,4.320,44.20,0.000
2025-06-04T10:00:00,4.320,48.70,0.000
2025-06-04T09:45:00,4.320,0.00,0.000
2025-06-04T09:30:00,4.320,33.70,0.000
2025-06-04T09:15:00,4.320,49.10,0.000
2025-06-04T09:00:00,4.310,33.20,0.000
2025-06-04T08:45:00,4.310,37.20,0.000
2025-06-04T08:30:00,4.310,42.80,0.000
2025-06-04T08:15:00,4.310,36.70,0.000
2025-06-04T08:00:00,4.310,56.50,0.000
2025-06-04T07:45:00,4.300,70.00,0.000
2025-06-04T07:30:00,4.300,0.00,0.000
2025-06-04T07:15:00,4.300,0.00,0.000
2025-06-04T07:00:00,4.290,59.00,0.000
2025-06-04T06:45:00,4.280,58.60,0.000
2025-06-04T06:30:00,4.270,59.20,0.000
2025-06-04T06:15:00,4.280,50.80,0.000
2025-06-04T06:00:00,4.280,65.60,0.000
2025-06-04T05:45:00,4.280,60.30,0.000
2025-06-04T05:30:00,4.280,54.00,0.000
2025-06-04T05:15:00,4.290,76.40,0.000
2025-06-04T05:00:00,4.290,47.20,0.000
2025-06-04T04:45:00,4.290,62.10,0.000
2025-06-04T04:30:00,4.300,63.20,0.000
2025-06-04T04:15:00,4.300,61.90,0.000
2025-06-04T04:00:00,4.300,53.80,0.000
2025-06-04T03:45:00,4.300,58.30,0.000
2025-06-04T03:30:00,4.310,63.30,0.000
2025-06-04T03:15:00,4.310,0.00,0.000
2025-06-04T03:00:00,4.310,62.20,0.000
2025-06-04T02:45:00,4.320,53.70,0.000
2025-06-04T02:30:00,4.320,61.70,0.000
2025-06-04T02:15:00,4.320,52.50,0.000
2025-06-04T02:00:00,4.320,49.90,0.000
2025-06-04T01:45:00,4.320,56.10,0.000
2025-06-04T01:30:00,4.330,60.90,0.000
2025-06-04T01:15:00,4.330,49.50,0.000
2025-06-04T01:00:00,4.330,46.50,0.000
2025-06-04T00:45:00,4.330,61.80,0.000
2025-06-04T00:30:00,4.330,61.40,0.000
2025-06-04T00:15:00,4.330,63.30,0.000
2025-06-04T00:00:00,4.330,48.10,0.000
2025-06-03T23:45:00,4.340,65.30,0.000
2025-06-03T23:30:00,4.330,67.00,0.000
2025-06-03T23:15:00,4.340,0.00,0.000
2025-06-03T23:00:00,4.340,66.00,0.000
2025-06-03T22:45:00,4.340,65.70,0.000
2025-06-03T22:30:00,4.330,66.10,0.000
2025-06-03T22:15:00,4.330,55.50,0.000
2025-06-03T22:00:00,4.330,54.60,0.000
2025-06-03T21:45:00,4.330,70.40,0.000
2025-06-03T21:30:00,4.330,44.80,0.000
2025-06-03T21:15:00,4.330,62.80,0.000
2025-06-03T21:00:00,4.330,64.00,0.000
2025-06-03T20:45:00,4.330,44.20,0.000
2025-06-03T20:30:00,4.320,55.70,0.000
2025-06-03T20:15:00,4.320,102.80,0.000
2025-06-03T20:00:00,4.320,70.30,0.000
2025-06-03T19:45:00,4.320,64.90,0.000
2025-06-03T19:30:00,4.310,64.40,0.000
2025-06-03T19:15:00,4.310,56.90,0.000
2025-06-03T19:00:00,4.300,59.30,0.000
2025-06-03T18:45:00,4.290,69.10,0.000
2025-06-03T18:30:00,4.270,68.90,0.000
2025-06-03T18:15:00,4.270,76.40,0.000
2025-06-03T18:00:00,4.270,70.20,0.000
2025-06-03T17:45:00,4.280,75.80,0.000
2025-06-03T17:30:00,4.280,77.90,0.000
2025-06-03T17:15:00,4.290,78.10,0.000
2025-06-03T17:00:00,4.290,71.60,0.000
2025-06-03T16:45:00,4.290,95.40,0.000
2025-06-03T16:30:00,4.300,74.30,0.000
2025-06-03T16:15:00,4.310,72.90,0.000
2025-06-03T16:00:00,4.310,65.30,0.000
2025-06-03T15:45:00,4.320,59.70,0.000
2025-06-03T15:30:00,4.320,61.20,0.000
2025-06-03T15:15:00,4.330,82.00,0.000
2025-06-03T15:00:00,4.340,70.20,0.000
2025-06-03T14:45:00,4.350,56.50,0.000
2025-06-03T14:30:00,4.360,51.10,0.000
2025-06-03T14:15:00,4.360,60.80,0.000
2025-06-03T14:00:00,4.370,0.00,0.000
2025-06-03T13:45:00,4.380,72.40,0.000
2025-06-03T13:30:00,4.390,73.00,0.000
2025-06-03T13:15:00,4.390,70.40,0.000
2025-06-03T13:00:00,4.400,50.00,0.000
2025-06-03T12:45:00,4.410,56.70,0.000
2025-06-03T12:30:00,4.410,57.60,0.000
2025-06-03T12:15:00,4.410,80.20,0.000
2025-06-03T12:00:00,4.420,80.80,0.000
2025-06-03T11:45:00,4.430,86.60,0.000
2025-06-03T11:30:00,4.450,83.80,0.000
2025-06-03T11:15:00,4.460,79.60,0.000
2025-06-03T11:00:00,4.480,62.10,0.000
2025-06-03T10:45:00,4.490,88.20,0.000
2025-06-03T10:30:00,4.510,87.40,0.500
2025-06-03T10:15:00,4.520,97.40,0.000
2025-06-03T10:00:00,4.540,101.50,0.000
2025-06-03T09:45:00,4.550,98.80,0.000
2025-06-03T09:30:00,4.570,100.50,0.000
2025-06-03T09:15:00,4.580,104.00,0.000
2025-06-03T09:00:00,4.600,98.10,0.000
2025-06-03T08:45:00,4.620,97.10,0.000
2025-06-03T08:30:00,4.640,109.00,0.000
2025-06-03T08:15:00,4.650,101.90,0.000
2025-06-03T08:00:00,4.670,103.20,0.000
2025-06-03T07:45:00,4.680,101.90,0.000
2025-06-03T07:30:00,4.700,99.40,0.000
2025-06-03T07:15:00,4.720,97.10,0.000
2025-06-03T07:00:00,4.750,99.60,0.000
2025-06-03T06:45:00,4.760,98.30,0.000
2025-06-03T06:30:00,4.770,101.40,0.000
2025-06-03T06:15:00,4.780,98.70,0.000
2025-06-03T06:00:00,4.800,101.30,0.000
2025-06-03T05:45:00,4.810,103.10,0.000
2025-06-03T05:30:00,4.820,99.70,0.000
2025-06-03T05:15:00,4.830,101.90,0.000
2025-06-03T05:00:00,4.840,105.20,0.000
2025-06-03T04:45:00,4.850,111.80,0.000
2025-06-03T04:30:00,4.860,108.30,0.000
2025-06-03T04:15:00,4.870,102.40,0.000
2025-06-03T04:00:00,4.880,110.20,0.000
2025-06-03T03:45:00,4.890,107.50,0.000
2025-06-03T03:30:00,4.900,100.10,0.000
2025-06-03T03:15:00,4.900,108.90,0.000
2025-06-03T03:00:00,4.910,112.70,0.000
2025-06-03T02:45:00,4.910,120.50,0.000
2025-06-03T02:30:00,4.920,119.30,0.000
2025-06-03T02:15:00,4.920,120.40,0.000
2025-06-03T02:00:00,4.920,113.30,0.000
2025-06-03T01:45:00,4.920,118.80,0.000
2025-06-03T01:30:00,4.920,125.30,0.000
2025-06-03T01:15:00,4.920,123.30,0.000
2025-06-03T01:00:00,4.920,121.70,0.000
2025-06-03T00:45:00,4.920,129.60,0.000
2025-06-03T00:30:00,4.910,123.90,0.000
2025-06-03T00:15:00,4.910,136.30,8.500
2025-06-03T00:00:00,4.890,122.40,0.000
2025-06-02T23:45:00,4.890,131.90,0.000
2025-06-02T23:30:00,4.870,133.10,0.000
2025-06-02T23:15:00,4.870,128.70,0.000
2025-06-02T23:00:00,4.850,133.30,0.000
2025-06-02T22:45:00,4.840,133.10,0.000
2025-06-02T22:30:00,4.830,129.50,0.000
2025-06-02T22:15:00,4.810,134.20,0.000
2025-06-02T22:00:00,4.800,143.30,0.000
2025-06-02T21:45:00,4.780,143.00,0.000
2025-06-02T21:30:00,4.770,139.30,0.000
2025-06-02T21:15:00,4.780,124.90,0.000
2025-06-02T21:00:00,4.740,125.70,0.000
2025-06-02T20:45:00,4.710,123.50,0.000
2025-06-02T20:30:00,4.680,127.10,0.500
2025-06-02T20:15:00,4.650,122.80,0.000
2025-06-02T20:00:00,4.620,124.90,0.000
2025-06-02T19:45:00,4.590,117.80,0.000
2025-06-02T19:30:00,4.590,90.70,0.000
2025-06-02T19:15:00,4.560,94.60,0.000
2025-06-02T19:00:00,4.540,88.30,0.000
2025-06-02T18:45:00,4.520,78.20,0.000
2025-06-02T18:30:00,4.510,73.80,0.000
2025-06-02T18:15:00,4.500,76.90,0.000
2025-06-02T18:00:00,4.510,76.00,0.000
2025-06-02T17:45:00,4.500,75.10,0.000
2025-06-02T17:30:00,4.500,75.50,0.000
2025-06-02T17:15:00,4.500,82.60,1.000
2025-06-02T17:00:00,4.500,79.90,9.000
2025-06-02T16:45:00,4.480,58.70,0.000
2025-06-02T16:30:00,4.490,73.00,0.000
2025-06-02T16:15:00,4.470,80.40,0.000
2025-06-02T16:00:00,4.480,92.90,0.000
2025-06-02T15:45:00,4.490,83.10,0.000
2025-06-02T15:30:00,4.490,76.60,0.000
2025-06-02T15:15:00,4.500,60.00,0.000
2025-06-02T15:00:00,4.500,37.80,0.000
2025-06-02T14:45:00,4.510,41.70,0.000
2025-06-02T14:30:00,4.520,43.80,0.000
2025-06-02T14:15:00,4.520,42.80,0.000
2025-06-02T14:00:00,4.530,44.80,0.000
2025-06-02T13:45:00,4.540,42.60,0.000
2025-06-02T13:30:00,4.550,44.30,0.000
2025-06-02T13:15:00,4.550,92.30,0.000
2025-06-02T13:00:00,4.560,44.20,0.000
2025-06-02T12:45:00,4.560,57.20,0.000
2025-06-02T12:30:00,4.570,78.80,0.000
2025-06-02T12:15:00,4.570,60.90,0.000
2025-06-02T12:00:00,4.580,49.40,0.000
2025-06-02T11:45:00,4.590,78.10,0.000
2025-06-02T11:30:00,4.590,73.60,0.000
2025-06-02T11:15:00,4.590,68.90,0.000
2025-06-02T11:00:00,4.600,52.50,0.000
2025-06-02T10:45:00,4.600,60.50,0.000
2025-06-02T10:30:00,4.600,64.60,0.000
2025-06-02T10:15:00,4.610,65.70,0.000
2025-06-02T10:00:00,4.610,62.30,0.000
2025-06-02T09:45:00,4.620,84.60,0.000
2025-06-02T09:30:00,4.620,84.70,0.000
2025-06-02T09:15:00,4.620,80.20,0.000
2025-06-02T09:00:00,4.630,87.00,0.000
2025-06-02T08:45:00,4.630,94.30,0.000
2025-06-02T08:30:00,4.630,94.90,0.000
2025-06-02T08:15:00,4.630,93.30,0.000
2025-06-02T08:00:00,4.640,86.90,0.000
2025-06-02T07:45:00,4.640,92.50,0.000
2025-06-02T07:30:00,4.640,91.00,0.000
2025-06-02T07:15:00,4.640,87.60,0.000
2025-06-02T07:00:00,4.650,83.00,0.000
2025-06-02T06:45:00,4.650,86.10,0.000
2025-06-02T06:30:00,4.660,80.20,0.000
2025-06-02T06:15:00,4.650,79.50,0.000
2025-06-02T06:00:00,4.630,77.30,0.000
2025-06-02T05:45:00,4.610,77.40,0.000
2025-06-02T05:30:00,4.600,74.70,0.000
2025-06-02T05:15:00,4.580,79.40,0.000
2025-06-02T05:00:00,4.560,0.00,0.000
2025-06-02T04:45:00,4.550,92.00,0.000
2025-06-02T04:30:00,4.530,109.20,0.000
2025-06-02T04:15:00,4.510,63.10,0.000
2025-06-02T04:00:00,4.490,102.90,0.000
2025-06-02T03:45:00,4.470,99.10,0.000
2025-06-02T03:30:00,4.460,98.80,0.000
2025-06-02T03:15:00,4.440,102.10,0.000
2025-06-02T03:00:00,4.420,96.30,0.000
2025-06-02T02:45:00,4.390,72.70,0.000
2025-06-02T02:30:00,4.370,64.90,0.500
2025-06-02T02:15:00,4.360,86.30,0.000
2025-06-02T02:00:00,4.340,83.10,0.000
2025-06-02T01:45:00,4.320,96.10,0.000
2025-06-02T01:30:00,4.300,90.80,0.000
2025-06-02T01:15:00,4.280,89.50,0.000
2025-06-02T01:00:00,4.270,61.10,0.000
2025-06-02T00:45:00,4.250,69.50,0.000
2025-06-02T00:30:00,4.240,88.90,0.000
2025-06-02T00:15:00,4.230,88.20,0.000
2025-06-02T00:00:00,4.220,79.90,0.000
2025-06-01T23:45:00,4.210,56.60,0.000
2025-06-01T23:30:00,4.210,66.00,0.000
2025-06-01T23:15:00,4.200,61.80,0.000
2025-06-01T23:00:00,4.200,54.00,0.000
2025-06-01T22:45:00,4.190,52.70,0.000
2025-06-01T22:30:00,4.190,63.60,0.000
2025-06-01T22:15:00,4.180,60.60,0.000
2025-06-01T22:00:00,4.170,58.40,0.000
2025-06-01T21:45:00,4.170,59.70,0.000
2025-06-01T21:30:00,4.160,57.90,0.000
2025-06-01T21:15:00,4.150,62.90,0.000
2025-06-01T21:00:00,4.140,43.10,0.000
2025-06-01T20:45:00,4.130,50.10,0.000
2025-06-01T20:30:00,4.130,47.70,0.500
2025-06-01T20:15:00,4.120,0.00,2.500
2025-06-01T20:00:00,4.090,53.50,0.000
2025-06-01T19:45:00,4.090,57.20,0.000
2025-06-01T19:30:00,4.080,58.80,0.000
2025-06-01T19:15:00,4.080,58.70,0.000
2025-06-01T19:00:00,4.070,56.40,0.000
2025-06-01T18:45:00,4.060,57.30,0.000
2025-06-01T18:30:00,4.050,59.40,0.000
2025-06-01T18:15:00,4.030,65.40,0.000
2025-06-01T18:00:00,3.990,72.30,1.000
2025-06-01T17:45:00,4.000,93.80,2.500
2025-06-01T17:30:00,4.010,73.20,0.000
2025-06-01T17:15:00,4.010,67.20,0.000
2025-06-01T17:00:00,4.020,67.70,0.000
2025-06-01T16:45:00,4.030,66.30,0.000
2025-06-01T16:30:00,4.050,98.10,0.000
2025-06-01T16:15:00,4.050,73.40,0.000
2025-06-01T16:00:00,4.070,70.30,0.000
2025-06-01T15:45:00,4.080,78.20,0.000
2025-06-01T15:30:00,4.080,72.40,0.000
2025-06-01T15:15:00,4.090,72.20,0.000
2025-06-01T15:00:00,4.100,74.40,0.000
2025-06-01T14:45:00,4.100,81.10,0.000
2025-06-01T14:30:00,4.120,80.00,0.000
2025-06-01T14:15:00,4.140,84.00,0.000
2025-06-01T14:00:00,4.160,81.00,0.000
2025-06-01T13:45:00,4.170,79.80,0.000
2025-06-01T13:30:00,4.200,84.40,0.000
2025-06-01T13:15:00,4.220,83.90,0.000
2025-06-01T13:00:00,4.240,85.80,0.000
2025-06-01T12:45:00,4.260,94.60,0.000
2025-06-01T12:30:00,4.290,89.70,0.000
2025-06-01T12:15:00,4.300,91.30,0.000
2025-06-01T12:00:00,4.330,96.50,0.000
2025-06-01T11:45:00,4.360,95.20,0.000
2025-06-01T11:30:00,4.390,95.50,0.000
2025-06-01T11:15:00,4.420,97.60,0.000
2025-06-01T11:00:00,4.460,90.90,0.000
2025-06-01T10:45:00,4.480,93.90,0.000
2025-06-01T10:30:00,4.510,86.80,0.000
2025-06-01T10:15:00,4.530,91.70,0.000
2025-06-01T10:00:00,4.560,98.90,0.000
2025-06-01T09:45:00,4.590,88.10,0.000
2025-06-01T09:30:00,4.620,93.90,0.000
2025-06-01T09:15:00,4.650,93.20,0.000
2025-06-01T09:00:00,4.700,92.40,0.000
2025-06-01T08:45:00,4.740,95.80,0.000
2025-06-01T08:30:00,4.770,93.10,0.000
2025-06-01T08:15:00,4.800,95.00,0.000
2025-06-01T08:00:00,4.840,95.90,0.000
2025-06-01T07:45:00,4.870,79.10,0.000
2025-06-01T07:30:00,4.900,98.30,0.000
2025-06-01T07:15:00,4.920,101.70,0.000
2025-06-01T07:00:00,4.950,94.50,0.000
2025-06-01T06:45:00,4.980,103.00,0.000
2025-06-01T06:30:00,5.020,121.30,0.500
2025-06-01T06:15:00,5.050,114.00,0.000
2025-06-01T06:00:00,5.100,107.70,0.000
2025-06-01T05:45:00,5.170,87.60,0.000
2025-06-01T05:30:00,5.160,92.80,0.000
2025-06-01T05:15:00,5.160,103.90,0.000
2025-06-01T05:00:00,5.160,92.20,0.000
2025-06-01T04:45:00,5.150,0.00,0.000
2025-06-01T04:30:00,5.140,92.30,0.000
2025-06-01T04:15:00,5.140,92.10,0.500
2025-06-01T04:00:00,5.130,93.30,0.500
2025-06-01T03:45:00,5.120,95.00,0.000
2025-06-01T03:30:00,5.120,91.50,0.000
2025-06-01T03:15:00,5.110,88.80,0.000
2025-06-01T03:00:00,5.100,0.00,0.000
2025-06-01T02:45:00,5.090,137.50,0.000
2025-06-01T02:30:00,5.080,0.00,0.000
2025-06-01T02:15:00,5.080,0.00,0.000
2025-06-01T02:00:00,5.070,0.00,0.000
2025-06-01T01:45:00,5.060,0.00,0.000
2025-06-01T01:30:00,5.040,0.00,0.000
2025-06-01T01:15:00,5.040,87.60,0.000
2025-06-01T01:00:00,5.020,0.00,0.000
2025-06-01T00:45:00,5.010,0.00,0.000
2025-06-01T00:30:00,5.000,425.90,0.000
2025-06-01T00:15:00,4.980,0.00,0.000
2025-06-01T00:00:00,4.970,0.00,0.000
2025-06-14T23:45:00,4.100,63.70,0.000
2025-06-14T23:30:00,4.090,71.60,0.000
2025-06-14T23:15:00,4.090,67.50,0.000
2025-06-14T23:00:00,4.090,68.00,0.000
2025-06-14T22:45:00,4.090,67.90,0.000
2025-06-14T22:30:00,4.080,67.90,0.000
2025-06-14T22:15:00,4.080,68.80,0.000
2025-06-14T22:00:00,4.080,68.10,0.000
2025-06-14T21:45:00,4.080,67.50,0.000
2025-06-14T21:30:00,4.080,65.60,0.000
2025-06-14T21:15:00,4.070,65.90,0.000
2025-06-14T21:00:00,4.070,67.70,0.000
2025-06-14T20:45:00,4.060,64.50,0.000
2025-06-14T20:30:00,4.060,64.90,0.000
2025-06-14T20:15:00,4.060,59.00,0.000
2025-06-14T20:00:00,4.060,66.10,0.000
2025-06-14T19:45:00,4.050,61.90,0.000
2025-06-14T19:30:00,4.050,48.50,0.000
2025-06-14T19:15:00,4.050,60.10,0.000
2025-06-14T19:00:00,4.050,59.00,0.000
2025-06-14T18:45:00,4.040,64.80,0.000
2025-06-14T18:30:00,4.040,63.30,0.000
2025-06-14T18:15:00,4.040,58.00,0.000
2025-06-14T18:00:00,4.040,66.10,0.000
2025-06-14T17:45:00,4.040,58.20,0.000
2025-06-14T17:30:00,4.030,57.90,0.000
2025-06-14T17:15:00,4.030,60.80,0.000
2025-06-14T17:00:00,4.030,59.20,0.000
2025-06-14T16:45:00,4.020,57.60,0.000
2025-06-14T16:30:00,4.020,55.00,0.000
2025-06-14T16:15:00,4.020,51.70,0.000
2025-06-14T16:00:00,4.020,45.80,0.000
2025-06-14T15:45:00,4.020,50.50,0.500
2025-06-14T15:30:00,4.010,49.10,0.000
2025-06-14T15:15:00,4.010,53.70,0.000
2025-06-14T15:00:00,4.010,50.50,0.000
2025-06-14T14:45:00,4.010,57.90,0.000
2025-06-14T14:30:00,4.000,58.20,0.000
2025-06-14T14:15:00,4.000,61.80,0.000
2025-06-14T14:00:00,4.000,64.50,1.000
2025-06-14T13:45:00,3.990,61.60,0.000
2025-06-14T13:30:00,3.990,49.20,0.000
2025-06-14T13:15:00,3.990,53.30,0.000
2025-06-14T13:00:00,3.980,57.60,0.000
2025-06-14T12:45:00,3.980,57.60,0.000
2025-06-14T12:30:00,3.970,52.10,0.000
2025-06-14T12:15:00,3.970,60.50,0.000
2025-06-14T12:00:00,3.960,62.10,0.000
2025-06-14T11:45:00,3.960,63.80,0.000
2025-06-14T11:30:00,3.950,62.10,0.000
2025-06-14T11:15:00,3.940,61.10,0.000
2025-06-14T11:00:00,3.940,63.10,0.000
2025-06-14T10:45:00,3.940,65.60,0.000
2025-06-14T10:30:00,3.930,63.90,0.000
2025-06-14T10:15:00,3.930,63.90,0.000
2025-06-14T10:00:00,3.930,68.80,0.000
2025-06-14T09:45:00,3.940,65.90,0.000
2025-06-14T09:30:00,3.940,70.00,0.000
2025-06-14T09:15:00,3.940,67.50,0.000
2025-06-14T09:00:00,3.940,65.40,0.000
2025-06-14T08:45:00,3.940,67.50,0.000
2025-06-14T08:30:00,3.940,68.30,0.000
2025-06-14T08:15:00,3.940,65.00,0.000
2025-06-14T08:00:00,3.940,66.10,0.000
2025-06-14T07:45:00,3.940,64.20,0.000
2025-06-14T07:30:00,3.930,68.20,0.000
2025-06-14T07:15:00,3.930,67.80,0.000
2025-06-14T07:00:00,3.930,70.30,1.000
2025-06-14T06:45:00,3.930,71.30,0.000
2025-06-14T06:30:00,3.930,65.00,0.000
2025-06-14T06:15:00,3.930,73.00,0.000
2025-06-14T06:00:00,3.930,67.10,0.000
2025-06-14T05:45:00,3.920,63.50,0.000
2025-06-14T05:30:00,3.920,67.70,0.000
2025-06-14T05:15:00,3.920,73.40,0.500
2025-06-14T05:00:00,3.920,82.50,0.500
2025-06-14T04:45:00,3.910,72.30,0.000
2025-06-14T04:30:00,3.910,64.90,0.000
2025-06-14T04:15:00,3.910,65.40,0.000
2025-06-14T04:00:00,3.910,68.70,0.000
2025-06-14T03:45:00,3.900,61.40,0.000
2025-06-14T03:30:00,3.900,65.30,0.000
2025-06-14T03:15:00,3.900,59.30,0.000
2025-06-14T03:00:00,3.890,61.20,0.000
2025-06-14T02:45:00,3.890,66.40,0.000
2025-06-14T02:30:00,3.890,65.20,0.000
2025-06-14T02:15:00,3.890,64.70,0.000
2025-06-14T02:00:00,3.880,63.40,0.000
2025-06-14T01:45:00,3.880,59.40,0.000
2025-06-14T01:30:00,3.880,60.90,0.000
2025-06-14T01:15:00,3.880,61.00,0.000
2025-06-14T01:00:00,3.870,59.90,0.000
2025-06-14T00:45:00,3.870,62.50,0.000
2025-06-14T00:30:00,3.870,60.40,0.000
2025-06-14T00:15:00,3.860,59.90,0.000
2025-06-14T00:00:00,3.860,56.80,0.000
2025-06-13T23:45:00,3.860,62.80,0.000
2025-06-13T23:30:00,3.850,62.80,0.000
2025-06-13T23:15:00,3.860,62.00,0.000
2025-06-13T23:00:00,3.850,62.20,0.000
2025-06-13T22:45:00,3.860,58.90,0.000
2025-06-13T22:30:00,3.850,60.00,0.000
2025-06-13T22:15:00,3.860,60.20,0.000
2025-06-13T22:00:00,3.860,58.80,0.000
2025-06-13T21:45:00,3.860,58.00,0.000
2025-06-13T21:30:00,3.860,57.80,0.000
2025-06-13T21:15:00,3.860,55.30,0.000
2025-06-13T21:00:00,3.860,61.30,0.000
2025-06-13T20:45:00,3.860,58.60,0.000
2025-06-13T20:30:00,3.870,57.90,0.000
2025-06-13T20:15:00,3.870,57.00,0.000
2025-06-13T20:00:00,3.870,56.70,0.000
2025-06-13T19:45:00,3.880,57.10,0.000
2025-06-13T19:30:00,3.880,54.10,0.000
2025-06-13T19:15:00,3.880,58.10,0.000
2025-06-13T19:00:00,3.890,54.30,0.000
2025-06-13T18:45:00,3.890,58.10,0.000
2025-06-13T18:30:00,3.890,65.10,0.000
2025-06-13T18:15:00,3.900,73.10,0.500
2025-06-13T18:00:00,3.890,74.10,0.500
2025-06-13T17:45:00,3.900,76.70,0.500
2025-06-13T17:30:00,3.910,72.90,1.000
2025-06-13T17:15:00,3.910,77.20,1.000
2025-06-13T17:00:00,3.910,75.00,1.000
2025-06-13T16:45:00,3.910,78.00,1.000
2025-06-13T16:30:00,3.920,73.10,4.500
2025-06-13T16:15:00,3.910,71.40,3.500
2025-06-13T16:00:00,3.910,64.00,0.000
2025-06-13T15:45:00,3.910,48.60,0.000
2025-06-13T15:30:00,3.910,52.80,0.000
2025-06-13T15:15:00,3.920,57.60,0.000
2025-06-13T15:00:00,3.930,53.80,0.000
2025-06-13T14:45:00,3.930,49.70,0.000
2025-06-13T14:30:00,3.940,48.20,0.000
2025-06-13T14:15:00,3.940,54.90,0.000
2025-06-13T14:00:00,3.950,56.90,0.000
2025-06-13T13:45:00,3.950,55.70,0.000
2025-06-13T13:30:00,3.950,57.20,0.000
2025-06-13T13:15:00,3.950,60.30,0.000
2025-06-13T13:00:00,3.960,54.30,0.000
2025-06-13T12:45:00,3.960,58.60,0.000
2025-06-13T12:30:00,3.980,58.30,0.000
2025-06-13T12:15:00,3.970,60.00,0.000
2025-06-13T12:00:00,3.980,57.70,0.000
2025-06-13T11:45:00,3.980,51.00,0.000
2025-06-13T11:30:00,3.990,56.70,0.000
2025-06-13T11:15:00,4.000,58.90,0.000
2025-06-13T11:00:00,4.000,58.30,0.000
2025-06-13T10:45:00,4.010,60.80,0.000
2025-06-13T10:30:00,4.010,68.90,0.000
2025-06-13T10:15:00,4.010,64.90,0.000
2025-06-13T10:00:00,4.020,71.00,0.000
2025-06-13T09:45:00,4.020,62.80,0.000
2025-06-13T09:30:00,4.020,67.80,0.000
2025-06-13T09:15:00,4.030,68.70,0.000
2025-06-13T09:00:00,4.030,67.40,0.000
2025-06-13T08:45:00,4.030,69.60,0.000
2025-06-13T08:30:00,4.040,61.70,0.000
2025-06-13T08:15:00,4.050,71.60,0.000
2025-06-13T08:00:00,4.050,72.30,0.000
2025-06-13T07:45:00,4.060,68.50,0.000
2025-06-13T07:30:00,4.060,71.50,0.000
2025-06-13T07:15:00,4.060,69.40,0.000
2025-06-13T07:00:00,4.060,71.30,0.000
2025-06-13T06:45:00,4.060,69.70,0.000
2025-06-13T06:30:00,4.070,69.60,0.000
2025-06-13T06:15:00,4.060,71.20,0.000
2025-06-13T06:00:00,4.060,66.30,0.000
2025-06-13T05:45:00,4.070,72.30,0.000
2025-06-13T05:30:00,4.060,74.70,0.000
2025-06-13T05:15:00,4.060,76.10,0.000
2025-06-13T05:00:00,4.060,72.40,0.000
2025-06-13T04:45:00,4.070,73.60,0.000
2025-06-13T04:30:00,4.060,74.90,0.000
2025-06-13T04:15:00,4.060,69.80,0.000
2025-06-13T04:00:00,4.060,71.60,0.000
2025-06-13T03:45:00,4.060,73.00,0.000
2025-06-13T03:30:00,4.050,75.70,0.000
2025-06-13T03:15:00,4.050,71.00,0.000
2025-06-13T03:00:00,4.050,76.40,0.000
2025-06-13T02:45:00,4.050,72.50,0.000
2025-06-13T02:30:00,4.040,71.40,0.000
2025-06-13T02:15:00,4.040,73.70,0.000
2025-06-13T02:00:00,4.040,73.80,0.000
2025-06-13T01:45:00,4.020,70.50,0.000
2025-06-13T01:30:00,4.020,69.90,0.000
2025-06-13T01:15:00,4.010,75.10,0.000
2025-06-13T01:00:00,4.010,69.90,0.000
2025-06-13T00:45:00,4.000,72.40,0.000
2025-06-13T00:30:00,3.990,70.10,0.000
2025-06-13T00:15:00,3.980,73.50,0.000
2025-06-13T00:00:00,3.970,67.50,0.000
2025-06-12T23:45:00,3.960,69.30,0.000
2025-06-12T23:30:00,3.940,67.50,0.000
2025-06-12T23:15:00,3.930,66.90,0.000
2025-06-12T23:00:00,3.920,66.40,0.000
2025-06-12T22:45:00,3.910,61.50,0.000
2025-06-12T22:30:00,3.910,63.10,0.000
2025-06-12T22:15:00,3.900,62.20,0.000
2025-06-12T22:00:00,3.890,60.50,0.000
2025-06-12T21:45:00,3.890,58.70,0.000
2025-06-12T21:30:00,3.890,58.10,0.000
2025-06-12T21:15:00,3.900,57.20,0.000
2025-06-12T21:00:00,3.900,60.00,0.000
2025-06-12T20:45:00,3.900,55.20,0.000
2025-06-12T20:30:00,3.900,60.00,0.000
2025-06-12T20:15:00,3.910,55.30,0.000
2025-06-12T20:00:00,3.920,58.60,0.000
2025-06-12T19:45:00,3.910,60.50,0.000
2025-06-12T19:30:00,3.920,61.20,0.000
2025-06-12T19:15:00,3.920,62.50,0.000
2025-06-12T19:00:00,3.930,59.10,0.000
2025-06-12T18:45:00,3.930,57.90,0.000
2025-06-12T18:30:00,3.940,58.20,0.000
2025-06-12T18:15:00,3.940,59.20,0.000
2025-06-12T18:00:00,3.940,54.20,0.000
2025-06-12T17:45:00,3.940,50.40,0.000
2025-06-12T17:30:00,3.950,62.80,0.000
2025-06-12T17:15:00,3.950,56.60,0.000
2025-06-12T17:00:00,3.950,60.10,0.000
2025-06-12T16:45:00,3.950,63.50,0.000
2025-06-12T16:30:00,3.960,57.90,1.000
2025-06-12T16:15:00,3.960,75.60,0.000
2025-06-12T16:00:00,3.970,62.30,0.000
2025-06-12T15:45:00,3.970,57.30,0.000
2025-06-12T15:30:00,3.970,60.20,0.000
2025-06-12T15:15:00,3.980,62.90,0.000
2025-06-12T15:00:00,3.980,55.30,0.000
2025-06-12T14:45:00,3.980,57.20,0.000
2025-06-12T14:30:00,3.990,57.80,0.000
2025-06-12T14:15:00,3.990,60.60,0.000
2025-06-12T14:00:00,3.990,56.80,0.000
2025-06-12T13:45:00,4.000,57.00,0.000
2025-06-12T13:30:00,4.000,55.70,0.000
2025-06-12T13:15:00,4.000,61.80,0.000
2025-06-12T13:00:00,4.010,61.80,0.000
2025-06-12T12:45:00,4.010,54.30,0.000
2025-06-12T12:30:00,4.010,57.80,0.000
2025-06-12T12:15:00,4.020,58.90,0.000
2025-06-12T12:00:00,4.020,60.40,0.000
2025-06-12T11:45:00,4.030,56.30,0.000
2025-06-12T11:30:00,4.030,59.10,0.000
2025-06-12T11:15:00,4.030,47.70,0.000
2025-06-12T11:00:00,4.030,57.20,0.000
2025-06-12T10:45:00,4.030,64.20,0.000
2025-06-12T10:30:00,4.040,61.60,0.000
2025-06-12T10:15:00,4.040,60.50,0.000
2025-06-12T10:00:00,4.050,68.30,0.000
2025-06-12T09:45:00,4.050,64.50,0.000
2025-06-12T09:30:00,4.050,66.20,0.000
2025-06-12T09:15:00,4.050,66.70,0.000
2025-06-12T09:00:00,4.050,62.00,0.000
2025-06-12T08:45:00,4.060,65.00,0.000
2025-06-12T08:30:00,4.050,66.80,0.000
2025-06-12T08:15:00,4.060,73.00,0.000
2025-06-12T08:00:00,4.060,69.80,0.000
2025-06-12T07:45:00,4.070,70.20,0.000
2025-06-12T07:30:00,4.080,70.00,0.000
2025-06-12T07:15:00,4.080,73.10,0.000
2025-06-12T07:00:00,4.090,71.10,0.000
2025-06-12T06:45:00,4.100,72.60,0.000
2025-06-12T06:30:00,4.100,69.70,0.000
2025-06-12T06:15:00,4.110,70.30,0.000
2025-06-12T06:00:00,4.120,70.30,0.000
2025-06-12T05:45:00,4.130,67.10,0.000
2025-06-12T05:30:00,4.140,64.50,0.000
2025-06-12T05:15:00,4.140,72.70,0.000
2025-06-12T05:00:00,4.150,63.30,0.000
2025-06-12T04:45:00,4.150,66.10,0.000
2025-06-12T04:30:00,4.170,68.70,0.000
2025-06-12T04:15:00,4.170,64.80,0.000
2025-06-12T04:00:00,4.180,70.60,0.000
2025-06-12T03:45:00,4.190,70.70,0.000
2025-06-12T03:30:00,4.200,67.50,0.000
2025-06-12T03:15:00,4.200,67.40,0.000
2025-06-12T03:00:00,4.210,68.70,0.000
2025-06-12T02:45:00,4.210,70.50,0.000
2025-06-12T02:30:00,4.220,74.10,0.000
2025-06-12T02:15:00,4.230,77.40,0.000
2025-06-12T02:00:00,4.240,72.00,0.000
2025-06-12T01:45:00,4.250,68.70,0.000
2025-06-12T01:30:00,4.260,102.70,0.000
2025-06-12T01:15:00,4.260,80.80,0.000
2025-06-12T01:00:00,4.270,78.00,0.000
2025-06-12T00:45:00,4.280,67.90,0.000
2025-06-12T00:30:00,4.290,95.00,0.000
2025-06-12T00:15:00,4.300,101.30,0.000
2025-06-12T00:00:00,4.300,73.20,0.000
2025-06-11T23:45:00,4.310,77.30,0.000
2025-06-11T23:30:00,4.320,89.20,0.000
2025-06-11T23:15:00,4.320,105.10,0.000
2025-06-11T23:00:00,4.330,95.50,0.000
2025-06-11T22:45:00,4.340,84.50,0.000
2025-06-11T22:30:00,4.350,74.80,0.000
2025-06-11T22:15:00,4.350,85.00,0.000
2025-06-11T22:00:00,4.360,84.50,0.000
2025-06-11T21:45:00,4.370,79.80,0.000
2025-06-11T21:30:00,4.380,85.90,0.000
2025-06-11T21:15:00,4.380,82.00,0.000
2025-06-11T21:00:00,4.390,81.00,0.000
2025-06-11T20:45:00,4.400,87.50,0.000
2025-06-11T20:30:00,4.410,76.30,0.000
2025-06-11T20:15:00,4.410,86.20,0.000
2025-06-11T20:00:00,4.420,84.70,0.000
2025-06-11T19:45:00,4.430,92.70,0.000
2025-06-11T19:30:00,4.430,81.70,0.000
2025-06-11T19:15:00,4.440,78.10,0.000
2025-06-11T19:00:00,4.450,90.70,0.000
2025-06-11T18:45:00,4.450,84.20,0.000
2025-06-11T18:30:00,4.460,84.90,0.000
2025-06-11T18:15:00,4.470,76.80,0.000
2025-06-11T18:00:00,4.470,88.10,0.000
2025-06-11T17:45:00,4.480,76.30,0.000
2025-06-11T17:30:00,4.490,76.60,0.000
2025-06-11T17:15:00,4.500,76.30,0.000
2025-06-11T17:00:00,4.500,61.20,0.000
2025-06-11T16:45:00,4.510,66.80,0.000
2025-06-11T16:30:00,4.520,87.10,0.000
2025-06-11T16:15:00,4.520,55.60,0.000
2025-06-11T16:00:00,4.530,85.10,0.000
2025-06-11T15:45:00,4.540,62.10,0.000
2025-06-11T15:30:00,4.540,73.10,0.000
2025-06-11T15:15:00,4.550,55.70,0.000
2025-06-11T15:00:00,4.560,66.50,0.000
2025-06-11T14:45:00,4.570,60.40,0.000
2025-06-11T14:30:00,4.570,50.50,0.000
2025-06-11T14:15:00,4.570,45.00,0.000
2025-06-11T14:00:00,4.570,53.00,0.000
2025-06-11T13:45:00,4.580,60.30,0.000
2025-06-11T13:30:00,4.580,55.90,0.000
2025-06-11T13:15:00,4.580,51.00,0.000
2025-06-11T13:00:00,4.580,54.00,0.000
2025-06-11T12:45:00,4.580,50.10,0.000
2025-06-11T12:30:00,4.580,53.60,0.000
2025-06-11T12:15:00,4.580,56.80,0.000
2025-06-11T12:00:00,4.580,59.00,0.000
2025-06-11T11:45:00,4.580,60.90,0.000
2025-06-11T11:30:00,4.580,53.40,0.000
2025-06-11T11:15:00,4.580,49.40,0.000
2025-06-11T11:00:00,4.580,47.00,0.000
2025-06-11T10:45:00,4.580,57.50,0.000
2025-06-11T10:30:00,4.580,63.10,0.000
2025-06-11T10:15:00,4.580,64.50,0.000
2025-06-11T10:00:00,4.570,74.90,0.000
2025-06-11T09:45:00,4.580,64.90,0.000
2025-06-11T09:30:00,4.570,110.00,0.000
2025-06-11T09:15:00,4.570,72.60,0.000
2025-06-11T09:00:00,4.570,49.00,0.000
2025-06-11T08:45:00,4.570,79.00,0.000
2025-06-11T08:30:00,4.560,86.30,0.000
2025-06-11T08:15:00,4.560,82.50,0.000
2025-06-11T08:00:00,4.550,85.70,0.000
2025-06-11T07:45:00,4.540,81.90,0.000
2025-06-11T07:30:00,4.540,89.30,0.000
2025-06-11T07:15:00,4.530,81.90,0.000
2025-06-11T07:00:00,4.520,83.50,0.000
2025-06-11T06:45:00,4.520,86.40,0.000
2025-06-11T06:30:00,4.510,84.70,0.000
2025-06-11T06:15:00,4.500,87.10,0.000
2025-06-11T06:00:00,4.500,83.80,0.000
2025-06-11T05:45:00,4.490,84.90,0.000
2025-06-11T05:30:00,4.480,82.50,0.000
2025-06-11T05:15:00,4.480,79.00,0.000
2025-06-11T05:00:00,4.470,79.90,0.000
2025-06-11T04:45:00,4.470,78.30,0.000
2025-06-11T04:30:00,4.460,76.00,0.000
2025-06-11T04:15:00,4.460,81.20,0.000
2025-06-11T04:00:00,4.460,83.50,0.000
2025-06-11T03:45:00,4.450,84.40,0.000
2025-06-11T03:30:00,4.450,86.40,0.000
2025-06-11T03:15:00,4.450,84.00,0.000
2025-06-11T03:00:00,4.450,73.70,0.000
2025-06-11T02:45:00,4.450,87.90,0.000
2025-06-11T02:30:00,4.450,75.40,0.000
2025-06-11T02:15:00,4.450,81.80,0.000
2025-06-11T02:00:00,4.450,76.60,0.000
2025-06-11T01:45:00,4.450,81.10,0.000
2025-06-11T01:30:00,4.450,68.50,0.000
2025-06-11T01:15:00,4.450,79.80,0.000
2025-06-11T01:00:00,4.460,73.00,0.000
2025-06-11T00:45:00,4.460,77.90,0.000
2025-06-11T00:30:00,4.460,76.90,0.000
2025-06-11T00:15:00,4.460,73.50,0.000
2025-06-11T00:00:00,4.460,71.50,0.000
2025-06-10T23:45:00,4.460,72.10,0.000
2025-06-10T23:30:00,4.460,65.00,0.000
2025-06-10T23:15:00,4.460,78.40,0.000
2025-06-10T23:00:00,4.460,65.30,0.000
2025-06-10T22:45:00,4.470,77.50,0.000
2025-06-10T22:30:00,4.460,72.10,0.000
2025-06-10T22:15:00,4.460,74.90,0.000
2025-06-10T22:00:00,4.460,81.30,0.000
2025-06-10T21:45:00,4.470,71.40,0.000
2025-06-10T21:30:00,4.460,85.30,0.000
2025-06-10T21:15:00,4.470,73.20,0.000
2025-06-10T21:00:00,4.470,63.90,0.000
2025-06-10T20:45:00,4.470,62.90,0.000
2025-06-10T20:30:00,4.470,70.60,0.000
2025-06-10T20:15:00,4.470,71.90,0.000
2025-06-10T20:00:00,4.470,55.80,0.000
2025-06-10T19:45:00,4.470,55.90,0.000
2025-06-10T19:30:00,4.470,56.10,0.000
2025-06-10T19:15:00,4.470,56.40,0.000
2025-06-10T19:00:00,4.470,52.10,0.000
2025-06-10T18:45:00,4.470,54.70,0.000
2025-06-10T18:30:00,4.470,78.00,0.000
2025-06-10T18:15:00,4.470,71.20,0.000
2025-06-10T18:00:00,4.460,69.50,0.000
2025-06-10T17:45:00,4.460,57.00,0.000
2025-06-10T17:30:00,4.460,65.20,0.000
2025-06-10T17:15:00,4.460,55.10,0.000
2025-06-10T17:00:00,4.460,49.90,0.000
2025-06-10T16:45:00,4.460,73.90,0.000
2025-06-10T16:30:00,4.460,53.10,0.000
2025-06-10T16:15:00,4.460,54.80,0.000
2025-06-10T16:00:00,4.460,45.20,0.000
2025-06-10T15:45:00,4.460,63.60,0.000
2025-06-10T15:30:00,4.450,42.60,0.000
2025-06-10T15:15:00,4.450,78.20,0.000
2025-06-10T15:00:00,4.450,56.50,0.000
2025-06-10T14:45:00,4.450,48.10,0.000
2025-06-10T14:30:00,4.450,53.60,0.000
2025-06-10T14:15:00,4.450,60.90,0.000
2025-06-10T14:00:00,4.440,68.70,0.000
2025-06-10T13:45:00,4.440,50.30,0.000
2025-06-10T13:30:00,4.430,44.20,0.000
2025-06-10T13:15:00,4.430,51.80,0.000
2025-06-10T13:00:00,4.430,69.60,0.000
2025-06-10T12:45:00,4.430,58.70,0.000
2025-06-10T12:30:00,4.420,59.50,0.000
2025-06-10T12:15:00,4.420,51.10,0.000
2025-06-10T12:00:00,4.410,52.50,0.000
2025-06-10T11:45:00,4.410,41.70,0.000
2025-06-10T11:30:00,4.410,55.50,0.000
2025-06-10T11:15:00,4.400,64.30,0.000
2025-06-10T11:00:00,4.400,56.50,0.000
2025-06-10T10:45:00,4.390,62.50,0.000
2025-06-10T10:30:00,4.390,68.50,0.000
2025-06-10T10:15:00,4.380,61.90,0.000
2025-06-10T10:00:00,4.380,49.40,0.000
2025-06-10T09:45:00,4.370,69.60,0.000
2025-06-10T09:30:00,4.370,58.90,0.000
2025-06-10T09:15:00,4.360,54.20,0.000
2025-06-10T09:00:00,4.360,71.70,0.000
2025-06-10T08:45:00,4.350,64.10,0.000
2025-06-10T08:30:00,4.350,63.70,0.000
2025-06-10T08:15:00,4.340,82.00,0.000
2025-06-10T08:00:00,4.330,68.80,0.000
2025-06-10T07:45:00,4.330,69.90,0.000
2025-06-10T07:30:00,4.320,77.20,0.000
2025-06-10T07:15:00,4.320,76.30,0.000
2025-06-10T07:00:00,4.310,77.00,0.000
2025-06-10T06:45:00,4.310,67.80,0.000
2025-06-10T06:30:00,4.300,66.60,0.000
2025-06-10T06:15:00,4.300,70.80,0.000
2025-06-10T06:00:00,4.290,65.90,0.000
2025-06-10T05:45:00,4.290,70.50,0.000
2025-06-10T05:30:00,4.290,58.00,0.000
2025-06-10T05:15:00,4.280,75.10,0.000
2025-06-10T05:00:00,4.280,62.80,0.000
2025-06-10T04:45:00,4.280,69.70,0.000
2025-06-10T04:30:00,4.280,62.50,0.000
2025-06-10T04:15:00,4.280,65.20,0.000
2025-06-10T04:00:00,4.280,56.50,0.000
2025-06-10T03:45:00,4.280,68.70,0.000
2025-06-10T03:30:00,4.280,71.50,0.000
2025-06-10T03:15:00,4.280,64.20,0.000
2025-06-10T03:00:00,4.280,59.20,0.000
2025-06-10T02:45:00,4.290,72.20,0.000
2025-06-10T02:30:00,4.290,91.40,0.000
2025-06-10T02:15:00,4.290,90.40,0.000
2025-06-10T02:00:00,4.290,80.10,0.500
2025-06-10T01:45:00,4.290,93.00,0.000
2025-06-10T01:30:00,4.290,96.20,0.500
2025-06-10T01:15:00,4.290,94.10,0.500
2025-06-10T01:00:00,4.300,91.90,0.500
2025-06-10T00:45:00,4.300,95.40,0.500
2025-06-10T00:30:00,4.300,91.80,3.000
2025-06-10T00:15:00,4.300,89.40,2.000
2025-06-10T00:00:00,4.300,91.00,4.500
2025-06-09T23:45:00,4.300,96.80,0.500
2025-06-09T23:30:00,4.310,63.50,0.000
2025-06-09T23:15:00,4.300,87.50,0.000
2025-06-09T23:00:00,4.310,0.00,0.000
2025-06-09T22:45:00,4.310,93.40,0.000
2025-06-09T22:30:00,4.310,93.30,0.500
2025-06-09T22:15:00,4.320,92.40,1.000
2025-06-09T22:00:00,4.320,99.90,2.000
2025-06-09T21:45:00,4.320,86.40,0.500
2025-06-09T21:30:00,4.320,92.70,0.000
2025-06-09T21:15:00,4.330,65.60,0.000
2025-06-09T21:00:00,4.330,61.20,0.000
2025-06-09T20:45:00,4.330,68.50,0.000
2025-06-09T20:30:00,4.330,68.10,0.000
2025-06-09T20:15:00,4.340,95.90,0.000
2025-06-09T20:00:00,4.340,76.10,0.000
2025-06-09T19:45:00,4.340,0.00,0.000
2025-06-09T19:30:00,4.340,78.00,0.000
2025-06-09T19:15:00,4.350,100.60,0.000
2025-06-09T19:00:00,4.350,91.80,0.000
2025-06-09T18:45:00,4.350,96.30,0.000
2025-06-09T18:30:00,4.360,66.10,0.000
2025-06-09T18:15:00,4.360,56.30,0.000
2025-06-09T18:00:00,4.360,37.60,0.000
2025-06-09T17:45:00,4.360,35.20,0.000
2025-06-09T17:30:00,4.370,54.70,0.000
2025-06-09T17:15:00,4.370,70.70,0.000
2025-06-09T17:00:00,4.370,57.50,0.000
2025-06-09T16:45:00,4.380,67.50,0.000
2025-06-09T16:30:00,4.380,59.40,0.000
2025-06-09T16:15:00,4.380,66.40,0.000
2025-06-09T16:00:00,4.390,49.00,0.000
2025-06-09T15:45:00,4.390,59.50,0.000
2025-06-09T15:30:00,4.390,62.80,0.000
2025-06-09T15:15:00,4.390,46.50,0.000
2025-06-09T15:00:00,4.400,55.80,0.000
2025-06-09T14:45:00,4.400,57.00,0.000
2025-06-09T14:30:00,4.400,50.70,0.000
2025-06-09T14:15:00,4.410,54.60,0.000
2025-06-09T14:00:00,4.400,62.40,0.000
2025-06-09T13:45:00,4.410,68.00,0.000
2025-06-09T13:30:00,4.450,84.60,0.000
2025-06-09T13:15:00,4.460,95.20,0.000
2025-06-09T13:00:00,4.450,35.00,0.000
2025-06-09T12:45:00,4.460,62.20,0.000
2025-06-09T12:30:00,4.450,42.30,0.000
2025-06-09T12:15:00,4.450,42.20,0.000
2025-06-09T12:00:00,4.450,59.20,0.000
2025-06-09T11:45:00,4.450,39.70,0.000
2025-06-09T11:30:00,4.450,56.30,0.000
2025-06-09T11:15:00,4.450,58.80,0.000
2025-06-09T11:00:00,4.450,44.00,0.000
2025-06-09T10:45:00,4.440,34.00,0.000
2025-06-09T10:30:00,4.460,34.10,0.000
2025-06-09T10:15:00,4.450,34.00,0.000
2025-06-09T10:00:00,4.450,55.50,0.000
2025-06-09T09:45:00,4.440,44.30,0.000
2025-06-09T09:30:00,4.440,49.90,0.000
2025-06-09T09:15:00,4.440,63.90,0.000
2025-06-09T09:00:00,4.430,63.40,0.500
2025-06-09T08:45:00,4.430,68.20,0.000
2025-06-09T08:30:00,4.450,62.10,0.000
2025-06-09T08:15:00,4.440,54.30,0.000
2025-06-09T08:00:00,4.430,76.30,0.000
2025-06-09T07:45:00,4.420,63.40,0.000
2025-06-09T07:30:00,4.410,60.10,0.000
2025-06-09T07:15:00,4.400,76.70,0.000
2025-06-09T07:00:00,4.400,62.70,0.000
2025-06-09T06:45:00,4.390,0.00,0.000
2025-06-09T06:30:00,4.380,60.00,0.000
2025-06-09T06:15:00,4.370,58.00,0.000
2025-06-09T06:00:00,4.370,0.00,0.000
2025-06-09T05:45:00,4.360,55.20,0.000
2025-06-09T05:30:00,4.360,0.00,0.000
2025-06-09T05:15:00,4.350,92.00,0.000
2025-06-09T05:00:00,4.340,0.00,0.000
2025-06-09T04:45:00,4.340,0.00,0.000
2025-06-09T04:30:00,4.330,0.00,0.000
2025-06-09T04:15:00,4.320,0.00,0.000
2025-06-09T04:00:00,4.320,55.90,0.000
2025-06-09T03:45:00,4.310,66.80,0.000
2025-06-09T03:30:00,4.300,81.50,1.000
2025-06-09T03:15:00,4.290,79.80,8.000
2025-06-09T03:00:00,4.280,69.60,8.500
2025-06-09T02:45:00,4.260,64.90,1.000
2025-06-09T02:30:00,4.250,71.50,3.000
2025-06-09T02:15:00,4.240,72.70,12.500
2025-06-09T02:00:00,4.230,76.10,0.500
2025-06-09T01:45:00,4.220,50.80,0.000
2025-06-09T01:30:00,4.210,41.60,0.000
2025-06-09T01:15:00,4.210,0.00,0.000
2025-06-09T01:00:00,4.210,50.10,0.000
2025-06-09T00:45:00,4.200,51.30,0.000
2025-06-09T00:30:00,4.200,42.60,0.000
2025-06-09T00:15:00,4.190,51.20,0.000
2025-06-09T00:00:00,4.190,51.20,0.000
2025-06-08T23:45:00,4.180,52.40,0.000
2025-06-08T23:30:00,4.180,52.20,0.000
2025-06-08T23:15:00,4.170,37.80,0.000
2025-06-08T23:00:00,4.170,37.80,0.000
2025-06-08T22:45:00,4.160,46.30,0.000
2025-06-08T22:30:00,4.150,38.50,0.000
2025-06-08T22:15:00,4.150,45.10,0.000
2025-06-08T22:00:00,4.140,41.30,0.000
2025-06-08T21:45:00,4.140,35.00,0.000
2025-06-08T21:30:00,4.130,45.60,0.000
2025-06-08T21:15:00,4.120,42.90,0.000
2025-06-08T21:00:00,4.120,39.70,0.000
2025-06-08T20:45:00,4.110,47.90,0.000
2025-06-08T20:30:00,4.110,44.50,0.000
2025-06-08T20:15:00,4.100,49.90,0.000
2025-06-08T20:00:00,4.100,45.90,0.000
2025-06-08T19:45:00,4.090,62.50,0.000
2025-06-08T19:30:00,4.080,45.10,0.000
2025-06-08T19:15:00,4.080,64.90,0.000
2025-06-08T19:00:00,4.070,48.60,0.000
2025-06-08T18:45:00,4.060,48.50,0.000
2025-06-08T18:30:00,4.050,43.60,0.000
2025-06-08T18:15:00,4.050,40.90,0.000
2025-06-08T18:00:00,4.040,44.00,0.000
2025-06-08T17:45:00,4.040,44.70,0.000
2025-06-08T17:30:00,4.030,43.40,0.000
2025-06-08T17:15:00,4.020,42.30,0.000
2025-06-08T17:00:00,4.020,35.00,0.000
2025-06-08T16:45:00,4.020,31.80,0.000
2025-06-08T16:30:00,4.010,40.20,0.000
2025-06-08T16:15:00,4.010,34.10,0.000
2025-06-08T16:00:00,4.010,36.60,0.000
2025-06-08T15:45:00,4.010,34.50,0.000
2025-06-08T15:30:00,4.010,33.80,0.000
2025-06-08T15:15:00,4.010,0.00,0.000
2025-06-08T15:00:00,4.010,38.70,0.000
2025-06-08T14:45:00,4.010,34.20,0.000
2025-06-08T14:30:00,4.010,46.40,0.000
2025-06-08T14:15:00,4.010,32.90,0.000
2025-06-08T14:00:00,4.010,35.10,0.000
2025-06-08T13:45:00,4.010,31.30,0.000
2025-06-08T13:30:00,4.010,38.30,0.000
2025-06-08T13:15:00,4.010,40.60,0.000
2025-06-08T13:00:00,4.010,41.10,0.000
2025-06-08T12:45:00,4.010,47.50,0.000
2025-06-08T12:30:00,4.010,51.20,0.000
2025-06-08T12:15:00,4.010,66.40,2.500
2025-06-08T12:00:00,4.010,67.20,0.000
2025-06-08T11:45:00,4.000,65.90,0.000
2025-06-08T11:30:00,4.010,62.00,0.000
2025-06-08T11:15:00,4.000,52.60,0.000
2025-06-08T11:00:00,4.010,32.80,0.000
2025-06-08T10:45:00,4.000,41.40,0.000
2025-06-08T10:30:00,4.000,40.40,0.000
2025-06-08T10:15:00,4.000,36.90,0.000
2025-06-08T10:00:00,4.000,36.90,0.000
2025-06-08T09:45:00,4.000,36.00,0.000
2025-06-08T09:30:00,4.000,31.20,0.000
2025-06-08T09:15:00,4.000,0.00,0.000
2025-06-08T09:00:00,4.010,31.20,0.000
2025-06-08T08:45:00,4.000,41.40,0.000
2025-06-08T08:30:00,3.990,42.90,0.000
2025-06-08T08:15:00,4.000,41.20,0.000
2025-06-08T08:00:00,4.000,42.70,0.000
2025-06-08T07:45:00,4.000,48.40,0.000
2025-06-08T07:30:00,4.000,47.20,0.000
2025-06-08T07:15:00,4.010,42.10,0.000
2025-06-08T07:00:00,4.010,47.30,0.000
2025-06-08T06:45:00,4.010,55.40,0.000
2025-06-08T06:30:00,4.010,46.50,0.000
2025-06-08T06:15:00,4.020,49.50,0.000
2025-06-08T06:00:00,4.020,43.20,0.000
2025-06-08T05:45:00,4.020,51.50,0.000
2025-06-08T05:30:00,4.030,39.50,0.000
2025-06-08T05:15:00,4.030,46.10,0.000
2025-06-08T05:00:00,4.040,48.40,0.000
2025-06-08T04:45:00,4.040,43.90,0.000
2025-06-08T04:30:00,4.040,55.60,0.000
2025-06-08T04:15:00,4.050,53.10,0.000
2025-06-08T04:00:00,4.050,48.20,0.000
2025-06-08T03:45:00,4.060,50.10,0.000
2025-06-08T03:30:00,4.060,46.90,0.000
2025-06-08T03:15:00,4.060,46.00,0.000
2025-06-08T03:00:00,4.070,48.60,0.000
2025-06-08T02:45:00,4.070,46.80,0.000
2025-06-08T02:30:00,4.080,50.20,0.000
2025-06-08T02:15:00,4.080,50.00,0.000
2025-06-08T02:00:00,4.080,56.70,0.500
2025-06-08T01:45:00,4.090,68.40,1.500
2025-06-08T01:30:00,4.090,72.60,0.000
2025-06-08T01:15:00,4.100,42.00,0.000
2025-06-08T01:00:00,4.100,45.00,0.000
2025-06-08T00:45:00,4.100,43.50,0.000
2025-06-08T00:30:00,4.110,47.40,0.000
2025-06-08T00:15:00,4.110,47.30,0.000
2025-06-08T00:00:00,4.120,46.10,0.000
2025-06-21T23:45:00,3.960,49.80,0.000
2025-06-21T23:30:00,3.950,53.10,0.000
2025-06-21T23:15:00,3.940,51.00,0.000
2025-06-21T23:00:00,3.940,50.50,0.000
2025-06-21T22:45:00,3.940,46.50,0.000
2025-06-21T22:30:00,3.930,49.20,0.000
2025-06-21T22:15:00,3.930,46.50,0.000
2025-06-21T22:00:00,3.920,43.30,0.000
2025-06-21T21:45:00,3.920,48.70,0.000
2025-06-21T21:30:00,3.920,47.90,0.000
2025-06-21T21:15:00,3.910,49.30,0.000
2025-06-21T21:00:00,3.910,49.50,0.000
2025-06-21T20:45:00,3.910,52.30,0.000
2025-06-21T20:30:00,3.900,51.40,0.000
2025-06-21T20:15:00,3.900,52.50,0.000
2025-06-21T20:00:00,3.890,52.80,0.000
2025-06-21T19:45:00,3.890,48.20,0.000
2025-06-21T19:30:00,3.880,50.10,0.000
2025-06-21T19:15:00,3.870,47.80,0.000
2025-06-21T19:00:00,3.870,50.00,0.000
2025-06-21T18:45:00,3.870,50.90,0.000
2025-06-21T18:30:00,3.860,48.70,0.000
2025-06-21T18:15:00,3.860,50.70,0.000
2025-06-21T18:00:00,3.850,46.40,0.000
2025-06-21T17:45:00,3.850,47.10,0.000
2025-06-21T17:30:00,3.840,44.90,0.000
2025-06-21T17:15:00,3.840,48.00,0.000
2025-06-21T17:00:00,3.830,42.30,0.000
2025-06-21T16:45:00,3.820,45.00,0.000
2025-06-21T16:30:00,3.820,48.80,0.000
2025-06-21T16:15:00,3.810,44.50,0.000
2025-06-21T16:00:00,3.810,47.50,0.000
2025-06-21T15:45:00,3.800,47.20,0.000
2025-06-21T15:30:00,3.780,45.10,0.000
2025-06-21T15:15:00,3.780,49.00,0.000
2025-06-21T15:00:00,3.780,49.90,0.000
2025-06-21T14:45:00,3.770,48.80,0.000
2025-06-21T14:30:00,3.780,46.40,0.000
2025-06-21T14:15:00,3.770,45.60,0.000
2025-06-21T14:00:00,3.770,47.30,0.000
2025-06-21T13:45:00,3.770,44.70,0.000
2025-06-21T13:30:00,3.770,43.20,0.000
2025-06-21T13:15:00,3.770,42.70,0.000
2025-06-21T13:00:00,3.760,43.50,0.000
2025-06-21T12:45:00,3.760,51.10,0.000
2025-06-21T12:30:00,3.760,44.00,0.000
2025-06-21T12:15:00,3.750,44.20,0.000
2025-06-21T12:00:00,3.750,45.60,0.000
2025-06-21T11:45:00,3.750,47.80,0.000
2025-06-21T11:30:00,3.750,45.00,0.000
2025-06-21T11:15:00,3.740,42.50,0.000
2025-06-21T11:00:00,3.740,45.60,0.000
2025-06-21T10:45:00,3.740,43.30,0.000
2025-06-21T10:30:00,3.730,51.10,0.000
2025-06-21T10:15:00,3.730,42.50,0.000
2025-06-21T10:00:00,3.730,45.60,0.000
2025-06-21T09:45:00,3.710,48.00,0.000
2025-06-21T09:30:00,3.700,53.60,0.000
2025-06-21T09:15:00,3.700,47.70,0.000
2025-06-21T09:00:00,3.710,48.80,0.000
2025-06-21T08:45:00,3.710,46.40,0.000
2025-06-21T08:30:00,3.710,52.90,0.000
2025-06-21T08:15:00,3.720,51.90,0.000
2025-06-21T08:00:00,3.720,57.20,0.000
2025-06-21T07:45:00,3.720,53.20,0.000
2025-06-21T07:30:00,3.720,39.40,0.000
2025-06-21T07:15:00,3.730,49.40,0.000
2025-06-21T07:00:00,3.730,54.40,0.000
2025-06-21T06:45:00,3.740,53.70,0.000
2025-06-21T06:30:00,3.740,48.90,0.000
2025-06-21T06:15:00,3.740,53.20,0.000
2025-06-21T06:00:00,3.740,42.40,0.000
2025-06-21T05:45:00,3.740,49.40,0.000
2025-06-21T05:30:00,3.750,56.10,0.000
2025-06-21T05:15:00,3.750,47.10,0.000
2025-06-21T05:00:00,3.750,57.80,0.000
2025-06-21T04:45:00,3.750,54.90,0.000
2025-06-21T04:30:00,3.760,52.60,0.000
2025-06-21T04:15:00,3.760,49.50,0.000
2025-06-21T04:00:00,3.760,52.80,0.000
2025-06-21T03:45:00,3.760,53.30,0.000
2025-06-21T03:30:00,3.770,50.90,0.000
2025-06-21T03:15:00,3.770,55.10,0.000
2025-06-21T03:00:00,3.770,51.30,0.000
2025-06-21T02:45:00,3.780,57.00,0.000
2025-06-21T02:30:00,3.780,52.80,0.000
2025-06-21T02:15:00,3.780,52.50,0.000
2025-06-21T02:00:00,3.780,57.70,0.000
2025-06-21T01:45:00,3.790,55.00,0.000
2025-06-21T01:30:00,3.790,58.40,0.000
2025-06-21T01:15:00,3.800,56.90,0.000
2025-06-21T01:00:00,3.800,52.00,0.000
2025-06-21T00:45:00,3.810,55.40,0.000
2025-06-21T00:30:00,3.810,59.20,0.000
2025-06-21T00:15:00,3.810,56.70,0.000
2025-06-21T00:00:00,3.820,52.50,0.000
2025-06-20T23:45:00,3.820,54.90,0.000
2025-06-20T23:30:00,3.830,57.30,0.000
2025-06-20T23:15:00,3.830,58.50,0.000
2025-06-20T23:00:00,3.840,53.40,0.000
2025-06-20T22:45:00,3.840,53.90,0.000
2025-06-20T22:30:00,3.850,55.20,0.000
2025-06-20T22:15:00,3.850,50.90,0.000
2025-06-20T22:00:00,3.860,54.40,0.000
2025-06-20T21:45:00,3.870,52.50,0.000
2025-06-20T21:30:00,3.870,57.60,0.000
2025-06-20T21:15:00,3.880,53.70,0.000
2025-06-20T21:00:00,3.890,54.60,0.000
2025-06-20T20:45:00,3.890,59.20,0.000
2025-06-20T20:30:00,3.900,59.80,0.000
2025-06-20T20:15:00,3.910,60.40,0.000
2025-06-20T20:00:00,3.920,56.40,0.000
2025-06-20T19:45:00,3.920,59.80,0.000
2025-06-20T19:30:00,3.930,58.30,0.000
2025-06-20T19:15:00,3.960,67.40,0.000
2025-06-20T19:00:00,3.970,54.20,0.000
2025-06-20T18:45:00,3.960,55.10,0.000
2025-06-20T18:30:00,3.960,56.20,0.000
2025-06-20T18:15:00,3.960,51.70,0.000
2025-06-20T18:00:00,3.960,73.60,0.000
2025-06-20T17:45:00,3.960,48.80,0.000
2025-06-20T17:30:00,3.960,53.30,0.000
2025-06-20T17:15:00,3.960,51.60,0.000
2025-06-20T17:00:00,3.950,50.20,0.000
2025-06-20T16:45:00,3.960,54.80,0.000
2025-06-20T16:30:00,3.950,46.30,0.000
2025-06-20T16:15:00,3.960,49.90,0.000
2025-06-20T16:00:00,3.960,50.70,0.000
2025-06-20T15:45:00,3.960,53.00,0.000
2025-06-20T15:30:00,3.960,49.70,0.000
2025-06-20T15:15:00,3.960,52.60,0.000
2025-06-20T15:00:00,3.970,69.10,0.000
2025-06-20T14:45:00,3.980,47.40,0.000
2025-06-20T14:30:00,3.980,57.40,0.000
2025-06-20T14:15:00,4.000,63.00,0.000
2025-06-20T14:00:00,4.000,55.50,0.000
2025-06-20T13:45:00,4.000,60.90,0.000
2025-06-20T13:30:00,4.000,54.20,0.000
2025-06-20T13:15:00,4.000,44.90,0.000
2025-06-20T13:00:00,4.000,46.10,0.000
2025-06-20T12:45:00,4.010,0.00,0.000
2025-06-20T12:30:00,4.010,38.00,0.000
2025-06-20T12:15:00,4.010,40.90,0.000
2025-06-20T12:00:00,4.010,42.20,0.000
2025-06-20T11:45:00,4.010,41.30,0.000
2025-06-20T11:30:00,4.020,46.20,0.000
2025-06-20T11:15:00,4.020,49.50,0.000
2025-06-20T11:00:00,4.020,41.70,0.000
2025-06-20T10:45:00,4.020,45.60,0.000
2025-06-20T10:30:00,4.020,40.70,0.000
2025-06-20T10:15:00,4.020,41.50,0.000
2025-06-20T10:00:00,4.020,41.90,0.000
2025-06-20T09:45:00,4.020,44.60,0.000
2025-06-20T09:30:00,4.030,43.20,0.000
2025-06-20T09:15:00,4.030,40.70,0.000
2025-06-20T09:00:00,4.030,45.70,0.000
2025-06-20T08:45:00,4.030,46.50,0.000
2025-06-20T08:30:00,4.040,49.40,0.000
2025-06-20T08:15:00,4.040,48.80,0.000
2025-06-20T08:00:00,4.040,51.60,0.000
2025-06-20T07:45:00,4.040,48.50,0.000
2025-06-20T07:30:00,4.040,49.70,0.000
2025-06-20T07:15:00,4.040,50.20,0.000
2025-06-20T07:00:00,4.040,49.30,0.000
2025-06-20T06:45:00,4.050,52.80,0.000
2025-06-20T06:30:00,4.050,49.50,0.000
2025-06-20T06:15:00,4.050,49.90,0.000
2025-06-20T06:00:00,4.050,46.70,0.000
2025-06-20T05:45:00,4.050,53.30,0.000
2025-06-20T05:30:00,4.050,54.80,0.000
2025-06-20T05:15:00,4.060,49.20,0.000
2025-06-20T05:00:00,4.050,48.10,0.000
2025-06-20T04:45:00,4.060,45.70,0.000
2025-06-20T04:30:00,4.060,47.30,0.000
2025-06-20T04:15:00,4.060,52.70,0.000
2025-06-20T04:00:00,4.060,48.80,0.000
2025-06-20T03:45:00,4.060,46.80,0.000
2025-06-20T03:30:00,4.070,45.40,0.000
2025-06-20T03:15:00,4.070,49.30,0.000
2025-06-20T03:00:00,4.070,52.10,0.000
2025-06-20T02:45:00,4.070,51.10,0.000
2025-06-20T02:30:00,4.070,52.00,0.000
2025-06-20T02:15:00,4.070,48.80,0.000
2025-06-20T02:00:00,4.080,51.80,0.000
2025-06-20T01:45:00,4.080,50.20,0.000
2025-06-20T01:30:00,4.080,43.00,0.000
2025-06-20T01:15:00,4.080,50.10,0.000
2025-06-20T01:00:00,4.080,49.70,0.000
2025-06-20T00:45:00,4.080,44.20,0.000
2025-06-20T00:30:00,4.080,43.00,0.000
2025-06-20T00:15:00,4.080,47.80,0.000
2025-06-20T00:00:00,4.090,47.50,0.000
2025-06-19T23:45:00,4.090,49.20,0.000
2025-06-19T23:30:00,4.090,48.70,0.000
2025-06-19T23:15:00,4.090,51.30,0.000
2025-06-19T23:00:00,4.090,57.00,0.000
2025-06-19T22:45:00,4.100,39.80,0.000
2025-06-19T22:30:00,4.100,47.30,0.000
2025-06-19T22:15:00,4.100,51.30,0.000
2025-06-19T22:00:00,4.100,56.00,0.000
2025-06-19T21:45:00,4.100,46.80,0.000
2025-06-19T21:30:00,4.100,43.50,0.000
2025-06-19T21:15:00,4.100,50.40,0.000
2025-06-19T21:00:00,4.100,44.80,0.000
2025-06-19T20:45:00,4.100,53.10,0.000
2025-06-19T20:30:00,4.110,65.40,0.000
2025-06-19T20:15:00,4.100,85.40,0.000
2025-06-19T20:00:00,4.110,75.10,0.000
2025-06-19T19:45:00,4.110,83.50,0.000
2025-06-19T19:30:00,4.110,49.90,0.000
2025-06-19T19:15:00,4.110,55.90,0.000
2025-06-19T19:00:00,4.110,44.20,0.000
2025-06-19T18:45:00,4.110,42.30,0.000
2025-06-19T18:30:00,4.110,34.40,0.000
2025-06-19T18:15:00,4.110,46.50,0.000
2025-06-19T18:00:00,4.110,40.60,0.000
2025-06-19T17:45:00,4.130,41.20,0.000
2025-06-19T17:30:00,4.120,59.80,0.000
2025-06-19T17:15:00,4.120,52.60,0.000
2025-06-19T17:00:00,4.110,43.40,0.000
2025-06-19T16:45:00,4.110,58.40,0.000
2025-06-19T16:30:00,4.090,56.70,0.000
2025-06-19T16:15:00,4.080,54.40,0.000
2025-06-19T16:00:00,4.070,58.20,0.000
2025-06-19T15:45:00,4.070,73.80,0.000
2025-06-19T15:30:00,4.070,54.20,0.000
2025-06-19T15:15:00,4.070,61.40,0.000
2025-06-19T15:00:00,4.070,42.20,0.000
2025-06-19T14:45:00,4.070,50.20,0.000
2025-06-19T14:30:00,4.070,53.30,0.000
2025-06-19T14:15:00,4.070,54.20,0.000
2025-06-19T14:00:00,4.070,56.30,0.000
2025-06-19T13:45:00,4.070,52.70,0.000
2025-06-19T13:30:00,4.070,71.50,0.000
2025-06-19T13:15:00,4.070,65.10,0.000
2025-06-19T13:00:00,4.070,55.40,0.000
2025-06-19T12:45:00,4.070,73.90,0.000
2025-06-19T12:30:00,4.070,76.20,0.000
2025-06-19T12:15:00,4.070,65.60,0.000
2025-06-19T12:00:00,4.070,74.30,0.000
2025-06-19T11:45:00,4.070,73.30,0.000
2025-06-19T11:30:00,4.070,77.80,0.000
2025-06-19T11:15:00,4.070,53.30,0.000
2025-06-19T11:00:00,4.080,53.40,0.000
2025-06-19T10:45:00,4.080,41.60,0.000
2025-06-19T10:30:00,4.070,70.60,0.000
2025-06-19T10:15:00,4.070,46.90,0.000
2025-06-19T10:00:00,4.070,35.40,0.000
2025-06-19T09:45:00,4.070,40.00,0.000
2025-06-19T09:30:00,4.060,38.40,0.000
2025-06-19T09:15:00,4.060,47.00,0.000
2025-06-19T09:00:00,4.060,47.00,0.000
2025-06-19T08:45:00,4.060,42.80,0.000
2025-06-19T08:30:00,4.060,51.00,0.000
2025-06-19T08:15:00,4.060,50.00,0.000
2025-06-19T08:00:00,4.060,49.60,0.000
2025-06-19T07:45:00,4.060,52.60,0.000
2025-06-19T07:30:00,4.050,49.10,0.000
2025-06-19T07:15:00,4.050,47.50,0.000
2025-06-19T07:00:00,4.050,47.10,0.000
2025-06-19T06:45:00,4.050,49.80,0.000
2025-06-19T06:30:00,4.050,50.40,0.000
2025-06-19T06:15:00,4.050,47.10,0.000
2025-06-19T06:00:00,4.050,48.90,0.000
2025-06-19T05:45:00,4.040,44.60,0.000
2025-06-19T05:30:00,4.040,56.70,0.000
2025-06-19T05:15:00,4.040,53.70,0.000
2025-06-19T05:00:00,4.040,50.20,0.000
2025-06-19T04:45:00,4.040,50.70,0.000
2025-06-19T04:30:00,4.040,48.40,0.000
2025-06-19T04:15:00,4.030,49.10,0.000
2025-06-19T04:00:00,4.030,46.90,0.000
2025-06-19T03:45:00,4.030,48.90,0.000
2025-06-19T03:30:00,4.030,44.20,0.000
2025-06-19T03:15:00,4.030,51.60,0.000
2025-06-19T03:00:00,4.030,49.90,0.000
2025-06-19T02:45:00,4.020,47.90,0.000
2025-06-19T02:30:00,4.020,51.50,0.000
2025-06-19T02:15:00,4.020,47.80,0.000
2025-06-19T02:00:00,4.020,47.40,0.000
2025-06-19T01:45:00,4.010,48.10,0.000
2025-06-19T01:30:00,4.010,48.20,0.000
2025-06-19T01:15:00,4.010,48.30,0.000
2025-06-19T01:00:00,4.010,45.70,0.000
2025-06-19T00:45:00,4.010,46.60,0.000
2025-06-19T00:30:00,4.000,48.40,0.000
2025-06-19T00:15:00,4.000,42.20,0.000
2025-06-19T00:00:00,4.000,51.20,0.000
2025-06-18T23:45:00,4.000,48.00,0.000
2025-06-18T23:30:00,4.000,50.60,0.000
2025-06-18T23:15:00,4.000,53.80,0.000
2025-06-18T23:00:00,3.990,48.10,0.000
2025-06-18T22:45:00,3.990,51.60,0.000
2025-06-18T22:30:00,3.980,51.00,0.000
2025-06-18T22:15:00,3.980,48.40,0.000
2025-06-18T22:00:00,3.980,49.40,0.000
2025-06-18T21:45:00,3.980,58.10,0.000
2025-06-18T21:30:00,3.970,44.60,0.000
2025-06-18T21:15:00,3.970,44.20,0.000
2025-06-18T21:00:00,3.970,41.90,0.000
2025-06-18T20:45:00,3.960,40.50,0.000
2025-06-18T20:30:00,3.960,41.50,0.000
2025-06-18T20:15:00,3.960,41.60,0.000
2025-06-18T20:00:00,3.960,48.90,0.000
2025-06-18T19:45:00,3.950,42.40,0.000
2025-06-18T19:30:00,3.950,44.20,0.000
2025-06-18T19:15:00,3.950,44.70,0.000
2025-06-18T19:00:00,3.940,49.10,0.000
2025-06-18T18:45:00,3.940,48.10,0.000
2025-06-18T18:30:00,3.930,44.40,0.000
2025-06-18T18:15:00,3.930,44.30,0.000
2025-06-18T18:00:00,3.920,44.60,0.000
2025-06-18T17:45:00,3.920,48.00,0.000
2025-06-18T17:30:00,3.910,42.10,0.000
2025-06-18T17:15:00,3.910,42.50,0.000
2025-06-18T17:00:00,3.900,46.80,0.000
2025-06-18T16:45:00,3.900,44.70,0.000
2025-06-18T16:30:00,3.890,48.00,0.000
2025-06-18T16:15:00,3.890,45.40,0.000
2025-06-18T16:00:00,3.880,43.20,0.000
2025-06-18T15:45:00,3.880,45.10,0.000
2025-06-18T15:30:00,3.870,48.40,0.000
2025-06-18T15:15:00,3.860,44.40,0.000
2025-06-18T15:00:00,3.860,47.10,0.000
2025-06-18T14:45:00,3.850,49.20,0.000
2025-06-18T14:30:00,3.850,41.00,0.000
2025-06-18T14:15:00,3.840,44.20,0.000
2025-06-18T14:00:00,3.830,38.30,0.000
2025-06-18T13:45:00,3.830,35.00,0.000
2025-06-18T13:30:00,3.820,43.30,0.000
2025-06-18T13:15:00,3.800,42.90,0.000
2025-06-18T13:00:00,3.800,46.30,0.000
2025-06-18T12:45:00,3.800,42.50,0.000
2025-06-18T12:30:00,3.790,40.90,0.000
2025-06-18T12:15:00,3.790,44.20,0.000
2025-06-18T12:00:00,3.790,46.20,0.000
2025-06-18T11:45:00,3.780,0.00,0.000
2025-06-18T11:30:00,3.790,42.30,0.000
2025-06-18T11:15:00,3.780,43.90,0.000
2025-06-18T11:00:00,3.780,48.30,0.000
2025-06-18T10:45:00,3.780,47.40,0.000
2025-06-18T10:30:00,3.780,44.20,0.000
2025-06-18T10:15:00,3.770,36.90,0.000
2025-06-18T10:00:00,3.770,40.20,0.000
2025-06-18T09:45:00,3.770,47.10,0.000
2025-06-18T09:30:00,3.760,0.00,0.000
2025-06-18T09:15:00,3.760,46.30,0.000
2025-06-18T09:00:00,3.760,42.50,0.000
2025-06-18T08:45:00,3.750,55.70,0.000
2025-06-18T08:30:00,3.750,39.90,0.000
2025-06-18T08:15:00,3.740,36.90,0.000
2025-06-18T08:00:00,3.740,42.50,0.000
2025-06-18T07:45:00,3.740,45.10,0.000
2025-06-18T07:30:00,3.710,54.20,0.000
2025-06-18T07:15:00,3.710,47.50,0.000
2025-06-18T07:00:00,3.710,51.80,0.000
2025-06-18T06:45:00,3.720,40.70,0.000
2025-06-18T06:30:00,3.720,50.50,0.000
2025-06-18T06:15:00,3.720,49.30,0.000
2025-06-18T06:00:00,3.720,50.50,0.000
2025-06-18T05:45:00,3.730,50.30,0.000
2025-06-18T05:30:00,3.720,46.30,0.000
2025-06-18T05:15:00,3.730,48.60,0.000
2025-06-18T05:00:00,3.730,43.50,0.000
2025-06-18T04:45:00,3.730,50.70,0.000
2025-06-18T04:30:00,3.730,57.80,0.000
2025-06-18T04:15:00,3.740,47.80,0.000
2025-06-18T04:00:00,3.740,48.70,0.000
2025-06-18T03:45:00,3.740,49.50,0.000
2025-06-18T03:30:00,3.740,48.90,0.000
2025-06-18T03:15:00,3.740,51.40,0.000
2025-06-18T03:00:00,3.750,50.30,0.000
2025-06-18T02:45:00,3.750,47.60,0.000
2025-06-18T02:30:00,3.750,50.20,0.000
2025-06-18T02:15:00,3.750,50.30,0.000
2025-06-18T02:00:00,3.760,48.50,0.000
2025-06-18T01:45:00,3.750,47.40,0.000
2025-06-18T01:30:00,3.760,52.50,0.000
2025-06-18T01:15:00,3.760,50.10,0.000
2025-06-18T01:00:00,3.760,49.00,0.000
2025-06-18T00:45:00,3.760,51.90,0.000
2025-06-18T00:30:00,3.760,47.70,0.000
2025-06-18T00:15:00,3.770,51.80,0.000
2025-06-18T00:00:00,3.770,48.40,0.000
2025-06-17T23:45:00,3.770,49.70,0.000
2025-06-17T23:30:00,3.770,48.40,0.000
2025-06-17T23:15:00,3.770,48.10,0.000
2025-06-17T23:00:00,3.780,47.80,0.000
2025-06-17T22:45:00,3.770,50.70,0.000
2025-06-17T22:30:00,3.770,52.00,0.000
2025-06-17T22:15:00,3.780,48.30,0.000
2025-06-17T22:00:00,3.780,50.30,0.000
2025-06-17T21:45:00,3.780,54.40,0.000
2025-06-17T21:30:00,3.780,50.30,0.000
2025-06-17T21:15:00,3.780,52.90,0.000
2025-06-17T21:00:00,3.780,51.60,0.000
2025-06-17T20:45:00,3.780,51.50,0.000
2025-06-17T20:30:00,3.780,47.70,0.000
2025-06-17T20:15:00,3.790,48.80,0.000
2025-06-17T20:00:00,3.790,49.60,0.000
2025-06-17T19:45:00,3.780,49.40,0.000
2025-06-17T19:30:00,3.790,46.90,0.000
2025-06-17T19:15:00,3.790,44.80,0.000
2025-06-17T19:00:00,3.790,50.00,0.000
2025-06-17T18:45:00,3.790,50.90,0.000
2025-06-17T18:30:00,3.790,48.40,0.000
2025-06-17T18:15:00,3.790,45.50,0.000
2025-06-17T18:00:00,3.790,47.20,0.000
2025-06-17T17:45:00,3.790,47.50,0.000
2025-06-17T17:30:00,3.790,45.50,0.000
2025-06-17T17:15:00,3.790,48.20,0.000
2025-06-17T17:00:00,3.790,51.20,0.000
2025-06-17T16:45:00,3.790,50.10,0.000
2025-06-17T16:30:00,3.790,54.90,0.000
2025-06-17T16:15:00,3.790,62.50,0.000
2025-06-17T16:00:00,3.790,48.00,0.000
2025-06-17T15:45:00,3.790,50.00,0.000
2025-06-17T15:30:00,3.790,51.40,0.000
2025-06-17T15:15:00,3.800,51.10,0.000
2025-06-17T15:00:00,3.790,49.30,0.000
2025-06-17T14:45:00,3.790,50.60,0.000
2025-06-17T14:30:00,3.790,50.50,0.000
2025-06-17T14:15:00,3.790,50.00,0.000
2025-06-17T14:00:00,3.790,51.70,0.000
2025-06-17T13:45:00,3.800,52.00,0.000
2025-06-17T13:30:00,3.790,49.20,0.000
2025-06-17T13:15:00,3.790,57.20,0.000
2025-06-17T13:00:00,3.790,50.40,0.000
2025-06-17T12:45:00,3.800,49.20,0.000
2025-06-17T12:30:00,3.790,49.50,0.000
2025-06-17T12:15:00,3.790,55.60,0.000
2025-06-17T12:00:00,3.790,38.80,0.000
2025-06-17T11:45:00,3.790,49.80,0.000
2025-06-17T11:30:00,3.790,45.60,0.000
2025-06-17T11:15:00,3.790,45.90,0.000
2025-06-17T11:00:00,3.790,42.60,0.000
2025-06-17T10:45:00,3.790,47.50,0.000
2025-06-17T10:30:00,3.790,48.50,0.000
2025-06-17T10:15:00,3.790,46.60,0.000
2025-06-17T10:00:00,3.790,48.50,0.000
2025-06-17T09:45:00,3.790,56.50,0.000
2025-06-17T09:30:00,3.780,47.00,0.000
2025-06-17T09:15:00,3.780,50.20,0.000
2025-06-17T09:00:00,3.780,49.60,0.000
2025-06-17T08:45:00,3.770,48.50,0.000
2025-06-17T08:30:00,3.760,49.20,0.000
2025-06-17T08:15:00,3.770,47.20,0.000
2025-06-17T08:00:00,3.770,53.60,0.000
2025-06-17T07:45:00,3.780,50.70,0.000
2025-06-17T07:30:00,3.780,55.80,0.000
2025-06-17T07:15:00,3.790,52.60,0.000
2025-06-17T07:00:00,3.790,52.90,0.000
2025-06-17T06:45:00,3.790,49.10,0.000
2025-06-17T06:30:00,3.800,57.00,0.000
2025-06-17T06:15:00,3.800,52.60,0.000
2025-06-17T06:00:00,3.800,56.40,0.000
2025-06-17T05:45:00,3.810,54.60,0.000
2025-06-17T05:30:00,3.820,53.20,0.000
2025-06-17T05:15:00,3.820,57.10,0.000
2025-06-17T05:00:00,3.820,57.50,0.000
2025-06-17T04:45:00,3.830,55.40,0.000
2025-06-17T04:30:00,3.830,56.30,0.000
2025-06-17T04:15:00,3.830,56.60,0.000
2025-06-17T04:00:00,3.840,59.00,0.000
2025-06-17T03:45:00,3.840,51.90,0.000
2025-06-17T03:30:00,3.850,53.60,0.000
2025-06-17T03:15:00,3.850,59.90,0.000
2025-06-17T03:00:00,3.860,52.90,0.000
2025-06-17T02:45:00,3.860,59.50,0.000
2025-06-17T02:30:00,3.860,56.70,0.000
2025-06-17T02:15:00,3.870,58.70,0.000
2025-06-17T02:00:00,3.870,60.80,0.000
2025-06-17T01:45:00,3.880,57.40,0.000
2025-06-17T01:30:00,3.880,56.50,0.000
2025-06-17T01:15:00,3.880,57.50,0.000
2025-06-17T01:00:00,3.890,55.80,0.000
2025-06-17T00:45:00,3.890,57.70,0.000
2025-06-17T00:30:00,3.900,56.70,0.000
2025-06-17T00:15:00,3.900,59.10,0.000
2025-06-17T00:00:00,3.910,54.70,0.000
2025-06-16T23:45:00,3.910,62.60,0.000
2025-06-16T23:30:00,3.910,55.70,0.000
2025-06-16T23:15:00,3.920,55.90,0.000
2025-06-16T23:00:00,3.920,57.40,0.000
2025-06-16T22:45:00,3.920,57.60,0.000
2025-06-16T22:30:00,3.930,57.80,0.000
2025-06-16T22:15:00,3.930,55.60,0.000
2025-06-16T22:00:00,3.930,59.50,0.000
2025-06-16T21:45:00,3.940,58.40,0.000
2025-06-16T21:30:00,3.950,57.90,0.000
2025-06-16T21:15:00,3.950,60.30,0.000
2025-06-16T21:00:00,3.950,53.80,0.000
2025-06-16T20:45:00,3.960,53.70,0.000
2025-06-16T20:30:00,3.960,51.70,0.000
2025-06-16T20:15:00,3.970,61.40,0.000
2025-06-16T20:00:00,3.970,59.30,0.000
2025-06-16T19:45:00,3.970,60.90,0.000
2025-06-16T19:30:00,3.980,52.80,0.000
2025-06-16T19:15:00,3.980,63.40,0.000
2025-06-16T19:00:00,3.980,61.50,0.000
2025-06-16T18:45:00,3.990,59.40,0.000
2025-06-16T18:30:00,3.990,57.60,0.000
2025-06-16T18:15:00,4.000,59.40,0.000
2025-06-16T18:00:00,4.000,54.80,0.000
2025-06-16T17:45:00,4.000,55.60,0.000
2025-06-16T17:30:00,4.010,62.40,0.000
2025-06-16T17:15:00,4.010,50.70,0.000
2025-06-16T17:00:00,4.010,54.70,0.000
2025-06-16T16:45:00,4.020,63.90,0.000
2025-06-16T16:30:00,4.020,60.80,0.000
2025-06-16T16:15:00,4.030,66.20,0.000
2025-06-16T16:00:00,4.030,56.40,0.000
2025-06-16T15:45:00,4.030,69.50,0.000
2025-06-16T15:30:00,4.040,66.90,0.000
2025-06-16T15:15:00,4.040,73.80,0.000
2025-06-16T15:00:00,4.050,69.30,0.000
2025-06-16T14:45:00,4.050,66.30,0.000
2025-06-16T14:30:00,4.060,70.90,0.000
2025-06-16T14:15:00,4.060,64.30,0.000
2025-06-16T14:00:00,4.070,58.20,0.000
2025-06-16T13:45:00,4.070,53.20,0.000
2025-06-16T13:30:00,4.080,54.40,0.000
2025-06-16T13:15:00,4.080,59.50,0.000
2025-06-16T13:00:00,4.090,68.60,0.000
2025-06-16T12:45:00,4.090,63.80,0.000
2025-06-16T12:30:00,4.100,64.90,0.000
2025-06-16T12:15:00,4.100,68.30,0.000
2025-06-16T12:00:00,4.110,65.30,0.000
2025-06-16T11:45:00,4.120,65.70,0.000
2025-06-16T11:30:00,4.120,68.90,0.000
2025-06-16T11:15:00,4.140,69.10,0.000
2025-06-16T11:00:00,4.150,67.40,0.000
2025-06-16T10:45:00,4.150,54.60,0.000
2025-06-16T10:30:00,4.150,55.30,0.000
2025-06-16T10:15:00,4.150,78.00,0.000
2025-06-16T10:00:00,4.150,58.80,0.000
2025-06-16T09:45:00,4.150,63.30,0.000
2025-06-16T09:30:00,4.160,65.90,0.000
2025-06-16T09:15:00,4.160,62.80,0.000
2025-06-16T09:00:00,4.160,66.60,0.000
2025-06-16T08:45:00,4.160,68.70,0.000
2025-06-16T08:30:00,4.160,65.40,0.000
2025-06-16T08:15:00,4.170,65.90,0.000
2025-06-16T08:00:00,4.170,67.30,0.000
2025-06-16T07:45:00,4.170,68.20,0.000
2025-06-16T07:30:00,4.170,59.90,0.000
2025-06-16T07:15:00,4.180,65.70,0.000
2025-06-16T07:00:00,4.170,66.70,0.000
2025-06-16T06:45:00,4.170,67.00,0.000
2025-06-16T06:30:00,4.180,65.30,0.000
2025-06-16T06:15:00,4.180,61.80,0.000
2025-06-16T06:00:00,4.180,63.40,0.000
2025-06-16T05:45:00,4.180,68.00,0.000
2025-06-16T05:30:00,4.180,69.40,0.000
2025-06-16T05:15:00,4.180,68.40,0.000
2025-06-16T05:00:00,4.180,68.50,0.000
2025-06-16T04:45:00,4.180,69.20,0.000
2025-06-16T04:30:00,4.190,69.10,0.000
2025-06-16T04:15:00,4.190,66.50,0.000
2025-06-16T04:00:00,4.180,69.00,0.000
2025-06-16T03:45:00,4.190,67.50,0.000
2025-06-16T03:30:00,4.190,66.10,0.000
2025-06-16T03:15:00,4.190,62.40,0.000
2025-06-16T03:00:00,4.190,65.40,0.000
2025-06-16T02:45:00,4.190,66.30,0.000
2025-06-16T02:30:00,4.190,66.40,0.000
2025-06-16T02:15:00,4.190,67.60,0.000
2025-06-16T02:00:00,4.190,66.00,0.000
2025-06-16T01:45:00,4.190,71.70,0.000
2025-06-16T01:30:00,4.190,68.90,0.000
2025-06-16T01:15:00,4.190,63.50,0.000
2025-06-16T01:00:00,4.190,69.30,0.000
2025-06-16T00:45:00,4.190,72.60,0.000
2025-06-16T00:30:00,4.190,68.00,0.000
2025-06-16T00:15:00,4.190,67.10,0.000
2025-06-16T00:00:00,4.180,69.00,0.000
2025-06-15T23:45:00,4.180,68.30,0.000
2025-06-15T23:30:00,4.180,70.30,0.000
2025-06-15T23:15:00,4.180,68.60,0.000
2025-06-15T23:00:00,4.180,73.90,0.000
2025-06-15T22:45:00,4.170,69.80,0.000
2025-06-15T22:30:00,4.170,64.90,0.000
2025-06-15T22:15:00,4.170,67.20,0.000
2025-06-15T22:00:00,4.170,61.40,0.000
2025-06-15T21:45:00,4.170,62.40,0.000
2025-06-15T21:30:00,4.170,65.90,0.000
2025-06-15T21:15:00,4.160,66.90,0.000
2025-06-15T21:00:00,4.160,68.80,0.000
2025-06-15T20:45:00,4.160,69.10,0.000
2025-06-15T20:30:00,4.150,64.80,0.000
2025-06-15T20:15:00,4.150,68.40,0.000
2025-06-15T20:00:00,4.150,98.20,0.000
2025-06-15T19:45:00,4.150,62.10,0.000
2025-06-15T19:30:00,4.150,60.00,0.000
2025-06-15T19:15:00,4.140,66.60,0.000
2025-06-15T19:00:00,4.140,69.40,0.000
2025-06-15T18:45:00,4.140,69.20,0.000
2025-06-15T18:30:00,4.140,64.20,0.000
2025-06-15T18:15:00,4.140,64.10,0.000
2025-06-15T18:00:00,4.130,68.00,0.000
2025-06-15T17:45:00,4.130,61.80,0.000
2025-06-15T17:30:00,4.130,68.60,0.000
2025-06-15T17:15:00,4.130,58.50,0.000
2025-06-15T17:00:00,4.130,71.10,0.000
2025-06-15T16:45:00,4.130,54.00,0.000
2025-06-15T16:30:00,4.130,61.20,0.000
2025-06-15T16:15:00,4.120,59.10,0.000
2025-06-15T16:00:00,4.120,65.80,0.000
2025-06-15T15:45:00,4.130,62.40,0.000
2025-06-15T15:30:00,4.120,64.30,0.000
2025-06-15T15:15:00,4.120,63.90,0.000
2025-06-15T15:00:00,4.120,63.00,0.000
2025-06-15T14:45:00,4.120,64.00,0.000
2025-06-15T14:30:00,4.120,64.40,0.000
2025-06-15T14:15:00,4.120,67.70,0.000
2025-06-15T14:00:00,4.110,66.50,0.000
2025-06-15T13:45:00,4.120,66.50,0.000
2025-06-15T13:30:00,4.120,71.10,0.000
2025-06-15T13:15:00,4.110,96.50,3.500
2025-06-15T13:00:00,4.100,0.00,0.500
2025-06-15T12:45:00,4.110,69.10,0.000
2025-06-15T12:30:00,4.100,76.70,0.000
2025-06-15T12:15:00,4.110,65.90,0.000
2025-06-15T12:00:00,4.110,64.60,0.000
2025-06-15T11:45:00,4.110,63.70,0.000
2025-06-15T11:30:00,4.110,64.70,0.000
2025-06-15T11:15:00,4.110,60.60,0.000
2025-06-15T11:00:00,4.110,71.00,0.000
2025-06-15T10:45:00,4.110,71.90,3.500
2025-06-15T10:30:00,4.110,79.10,0.500
2025-06-15T10:15:00,4.110,52.60,0.000
2025-06-15T10:00:00,4.110,59.00,0.000
2025-06-15T09:45:00,4.110,57.80,0.000
2025-06-15T09:30:00,4.110,60.20,0.000
2025-06-15T09:15:00,4.120,57.00,0.000
2025-06-15T09:00:00,4.120,62.60,0.000
2025-06-15T08:45:00,4.120,61.80,0.000
2025-06-15T08:30:00,4.120,67.00,0.000
2025-06-15T08:15:00,4.130,57.00,0.000
2025-06-15T08:00:00,4.130,66.70,0.000
2025-06-15T07:45:00,4.120,62.50,0.000
2025-06-15T07:30:00,4.130,61.80,0.000
2025-06-15T07:15:00,4.120,67.20,0.000
2025-06-15T07:00:00,4.130,64.40,0.000
2025-06-15T06:45:00,4.130,62.80,0.000
2025-06-15T06:30:00,4.130,59.60,0.000
2025-06-15T06:15:00,4.130,59.60,0.000
2025-06-15T06:00:00,4.120,66.80,0.000
2025-06-15T05:45:00,4.120,65.30,0.000
2025-06-15T05:30:00,4.130,63.20,0.000
2025-06-15T05:15:00,4.120,95.40,0.000
2025-06-15T05:00:00,4.120,67.00,0.000
2025-06-15T04:45:00,4.120,68.40,0.000
2025-06-15T04:30:00,4.120,70.40,0.000
2025-06-15T04:15:00,4.120,69.70,0.000
2025-06-15T04:00:00,4.120,71.40,0.000
2025-06-15T03:45:00,4.120,64.60,0.000
2025-06-15T03:30:00,4.120,70.80,0.000
2025-06-15T03:15:00,4.120,67.90,0.000
2025-06-15T03:00:00,4.120,73.00,0.000
2025-06-15T02:45:00,4.120,65.60,0.000
2025-06-15T02:30:00,4.120,65.20,0.000
2025-06-15T02:15:00,4.110,65.60,0.000
2025-06-15T02:00:00,4.110,64.60,0.000
2025-06-15T01:45:00,4.110,67.00,0.000
2025-06-15T01:30:00,4.110,90.60,0.000
2025-06-15T01:15:00,4.110,67.90,0.000
2025-06-15T01:00:00,4.100,75.10,0.000
2025-06-15T00:45:00,4.100,69.00,0.000
2025-06-15T00:30:00,4.100,78.20,0.000
2025-06-15T00:15:00,4.100,69.70,0.000
2025-06-15T00:00:00,4.090,70.70,0.000
2025-06-28T23:45:00,4.050,65.10,0.000
2025-06-28T23:30:00,4.050,65.20,0.000
2025-06-28T23:15:00,4.050,63.00,0.000
2025-06-28T23:00:00,4.060,63.50,0.000
2025-06-28T22:45:00,4.060,63.60,0.000
2025-06-28T22:30:00,4.060,66.90,0.000
2025-06-28T22:15:00,4.060,67.60,0.000
2025-06-28T22:00:00,4.070,65.90,0.000
2025-06-28T21:45:00,4.070,66.80,0.000
2025-06-28T21:30:00,4.060,62.30,0.000
2025-06-28T21:15:00,4.060,69.90,0.000
2025-06-28T21:00:00,4.070,70.00,0.000
2025-06-28T20:45:00,4.070,70.80,0.000
2025-06-28T20:30:00,4.080,68.10,0.000
2025-06-28T20:15:00,4.080,65.20,0.000
2025-06-28T20:00:00,4.090,69.60,0.000
2025-06-28T19:45:00,4.100,65.40,0.000
2025-06-28T19:30:00,4.100,60.10,0.000
2025-06-28T19:15:00,4.110,57.30,0.500
2025-06-28T19:00:00,4.120,67.20,0.000
2025-06-28T18:45:00,4.120,59.20,0.000
2025-06-28T18:30:00,4.130,51.70,0.000
2025-06-28T18:15:00,4.140,67.00,0.000
2025-06-28T18:00:00,4.140,70.70,0.000
2025-06-28T17:45:00,4.150,63.40,0.500
2025-06-28T17:30:00,4.150,87.60,0.000
2025-06-28T17:15:00,4.160,60.60,0.000
2025-06-28T17:00:00,4.170,63.00,0.000
2025-06-28T16:45:00,4.170,60.00,0.000
2025-06-28T16:30:00,4.180,57.00,0.000
2025-06-28T16:15:00,4.190,62.20,0.000
2025-06-28T16:00:00,4.200,58.10,0.000
2025-06-28T15:45:00,4.200,62.20,0.000
2025-06-28T15:30:00,4.220,63.70,0.000
2025-06-28T15:15:00,4.220,74.50,0.000
2025-06-28T15:00:00,4.230,72.70,0.000
2025-06-28T14:45:00,4.240,64.60,0.000
2025-06-28T14:30:00,4.250,66.60,0.000
2025-06-28T14:15:00,4.260,61.40,0.000
2025-06-28T14:00:00,4.260,69.10,0.000
2025-06-28T13:45:00,4.280,66.30,0.000
2025-06-28T13:30:00,4.280,61.20,0.000
2025-06-28T13:15:00,4.290,60.40,0.000
2025-06-28T13:00:00,4.300,63.60,0.000
2025-06-28T12:45:00,4.310,55.90,0.000
2025-06-28T12:30:00,4.320,62.00,0.000
2025-06-28T12:15:00,4.330,50.50,0.000
2025-06-28T12:00:00,4.340,65.50,0.000
2025-06-28T11:45:00,4.350,71.20,0.000
2025-06-28T11:30:00,4.360,73.20,0.000
2025-06-28T11:15:00,4.370,76.30,0.000
2025-06-28T11:00:00,4.380,88.40,0.000
2025-06-28T10:45:00,4.390,93.30,0.000
2025-06-28T10:30:00,4.400,75.20,0.000
2025-06-28T10:15:00,4.410,89.90,0.000
2025-06-28T10:00:00,4.420,62.40,0.000
2025-06-28T09:45:00,4.430,75.80,0.000
2025-06-28T09:30:00,4.450,80.80,0.000
2025-06-28T09:15:00,4.460,75.40,0.000
2025-06-28T09:00:00,4.470,88.10,0.000
2025-06-28T08:45:00,4.480,86.70,0.000
2025-06-28T08:30:00,4.490,88.70,0.000
2025-06-28T08:15:00,4.500,82.00,0.000
2025-06-28T08:00:00,4.520,78.60,0.000
2025-06-28T07:45:00,4.530,78.80,0.000
2025-06-28T07:30:00,4.540,83.70,0.000
2025-06-28T07:15:00,4.570,76.30,0.000
2025-06-28T07:00:00,4.620,56.80,0.000
2025-06-28T06:45:00,4.610,60.20,0.000
2025-06-28T06:30:00,4.610,85.20,0.000
2025-06-28T06:15:00,4.600,55.80,0.000
2025-06-28T06:00:00,4.600,91.20,0.000
2025-06-28T05:45:00,4.590,82.80,0.000
2025-06-28T05:30:00,4.580,110.70,0.000
2025-06-28T05:15:00,4.580,69.60,0.000
2025-06-28T05:00:00,4.580,87.30,0.000
2025-06-28T04:45:00,4.570,88.70,0.000
2025-06-28T04:30:00,4.560,87.60,0.000
2025-06-28T04:15:00,4.560,84.90,0.500
2025-06-28T04:00:00,4.550,89.50,0.000
2025-06-28T03:45:00,4.550,88.90,0.000
2025-06-28T03:30:00,4.540,85.80,0.000
2025-06-28T03:15:00,4.530,84.60,0.000
2025-06-28T03:00:00,4.530,54.00,0.000
2025-06-28T02:45:00,4.520,57.00,0.000
2025-06-28T02:30:00,4.510,78.00,0.000
2025-06-28T02:15:00,4.510,78.00,0.000
2025-06-28T02:00:00,4.500,75.80,0.000
2025-06-28T01:45:00,4.500,75.30,0.000
2025-06-28T01:30:00,4.490,79.70,0.000
2025-06-28T01:15:00,4.490,86.50,0.000
2025-06-28T01:00:00,4.480,86.30,0.000
2025-06-28T00:45:00,4.470,81.50,0.000
2025-06-28T00:30:00,4.470,78.60,0.000
2025-06-28T00:15:00,4.460,88.80,0.000
2025-06-28T00:00:00,4.450,85.80,0.000
2025-06-27T23:45:00,4.450,84.80,0.500
2025-06-27T23:30:00,4.440,80.10,0.000
2025-06-27T23:15:00,4.430,86.60,0.000
2025-06-27T23:00:00,4.430,84.20,0.000
2025-06-27T22:45:00,4.420,88.00,0.000
2025-06-27T22:30:00,4.410,83.90,0.000
2025-06-27T22:15:00,4.410,85.40,0.000
2025-06-27T22:00:00,4.400,84.80,0.000
2025-06-27T21:45:00,4.390,72.40,0.000
2025-06-27T21:30:00,4.380,70.20,0.000
2025-06-27T21:15:00,4.380,75.50,0.500
2025-06-27T21:00:00,4.370,85.40,0.000
2025-06-27T20:45:00,4.360,85.30,0.000
2025-06-27T20:30:00,4.350,55.10,0.000
2025-06-27T20:15:00,4.350,55.30,0.000
2025-06-27T20:00:00,4.340,59.40,0.000
2025-06-27T19:45:00,4.330,60.00,0.000
2025-06-27T19:30:00,4.320,57.90,0.000
2025-06-27T19:15:00,4.310,44.40,0.500
2025-06-27T19:00:00,4.300,56.60,0.000
2025-06-27T18:45:00,4.290,70.20,0.000
2025-06-27T18:30:00,4.290,76.00,0.000
2025-06-27T18:15:00,4.280,83.30,0.000
2025-06-27T18:00:00,4.270,84.40,1.000
2025-06-27T17:45:00,4.260,83.00,0.500
2025-06-27T17:30:00,4.250,83.00,0.500
2025-06-27T17:15:00,4.240,82.00,0.000
2025-06-27T17:00:00,4.230,83.10,1.000
2025-06-27T16:45:00,4.220,78.10,6.000
2025-06-27T16:30:00,4.210,0.00,4.000
2025-06-27T16:15:00,4.190,69.30,0.000
2025-06-27T16:00:00,4.180,73.30,0.000
2025-06-27T15:45:00,4.170,32.30,0.000
2025-06-27T15:30:00,4.160,38.90,0.000
2025-06-27T15:15:00,4.150,38.80,0.000
2025-06-27T15:00:00,4.140,35.30,0.000
2025-06-27T14:45:00,4.130,36.80,0.000
2025-06-27T14:30:00,4.130,36.80,0.000
2025-06-27T14:15:00,4.110,35.90,0.000
2025-06-27T14:00:00,4.110,39.40,0.000
2025-06-27T13:45:00,4.090,42.30,0.000
2025-06-27T13:30:00,4.080,41.10,0.000
2025-06-27T13:15:00,4.070,49.60,0.000
2025-06-27T13:00:00,4.060,40.60,0.000
2025-06-27T12:45:00,4.040,41.80,0.000
2025-06-27T12:30:00,4.020,48.60,0.000
2025-06-27T12:15:00,4.010,51.20,0.000
2025-06-27T12:00:00,4.000,58.00,0.000
2025-06-27T11:45:00,3.980,52.00,0.000
2025-06-27T11:30:00,3.990,53.80,0.000
2025-06-27T11:15:00,3.990,60.20,0.000
2025-06-27T11:00:00,3.990,61.10,0.000
2025-06-27T10:45:00,3.990,57.40,0.000
2025-06-27T10:30:00,3.990,56.30,0.000
2025-06-27T10:15:00,4.000,54.90,0.000
2025-06-27T10:00:00,4.000,63.60,0.000
2025-06-27T09:45:00,4.000,51.80,0.000
2025-06-27T09:30:00,4.000,61.90,0.000
2025-06-27T09:15:00,4.000,57.40,0.000
2025-06-27T09:00:00,4.000,64.10,0.000
2025-06-27T08:45:00,4.000,65.30,0.000
2025-06-27T08:30:00,4.000,62.10,0.000
2025-06-27T08:15:00,4.010,64.40,0.000
2025-06-27T08:00:00,4.010,63.10,0.000
2025-06-27T07:45:00,4.000,64.70,0.000
2025-06-27T07:30:00,4.010,57.40,0.000
2025-06-27T07:15:00,4.010,60.90,0.000
2025-06-27T07:00:00,4.010,60.00,0.000
2025-06-27T06:45:00,4.010,65.00,0.000
2025-06-27T06:30:00,4.010,66.20,0.000
2025-06-27T06:15:00,4.010,62.80,0.000
2025-06-27T06:00:00,4.010,62.60,0.000
2025-06-27T05:45:00,4.010,66.10,0.000
2025-06-27T05:30:00,4.010,65.20,0.000
2025-06-27T05:15:00,4.010,64.10,0.000
2025-06-27T05:00:00,4.020,64.30,0.000
2025-06-27T04:45:00,4.020,63.80,0.000
2025-06-27T04:30:00,4.010,61.80,0.000
2025-06-27T04:15:00,4.020,62.50,0.000
2025-06-27T04:00:00,4.020,65.00,0.000
2025-06-27T03:45:00,4.020,61.60,0.000
2025-06-27T03:30:00,4.020,62.10,0.000
2025-06-27T03:15:00,4.020,67.00,0.000
2025-06-27T03:00:00,4.020,59.80,0.000
2025-06-27T02:45:00,4.030,63.20,0.000
2025-06-27T02:30:00,4.020,63.40,0.000
2025-06-27T02:15:00,4.020,63.60,0.000
2025-06-27T02:00:00,4.030,60.70,0.000
2025-06-27T01:45:00,4.030,64.60,0.000
2025-06-27T01:30:00,4.030,63.70,0.000
2025-06-27T01:15:00,4.030,62.10,0.000
2025-06-27T01:00:00,4.030,65.30,0.000
2025-06-27T00:45:00,4.030,66.70,0.000
2025-06-27T00:30:00,4.030,69.10,0.000
2025-06-27T00:15:00,4.030,67.80,0.000
2025-06-27T00:00:00,4.030,64.20,0.000
2025-06-26T23:45:00,4.040,63.90,0.000
2025-06-26T23:30:00,4.030,68.40,0.000
2025-06-26T23:15:00,4.040,66.00,0.000
2025-06-26T23:00:00,4.040,67.90,0.000
2025-06-26T22:45:00,4.040,69.10,0.000
2025-06-26T22:30:00,4.040,70.80,0.000
2025-06-26T22:15:00,4.040,64.00,0.000
2025-06-26T22:00:00,4.040,63.80,0.000
2025-06-26T21:45:00,4.040,63.30,0.000
2025-06-26T21:30:00,4.050,66.10,0.000
2025-06-26T21:15:00,4.040,64.50,0.000
2025-06-26T21:00:00,4.040,63.90,0.000
2025-06-26T20:45:00,4.040,76.10,0.000
2025-06-26T20:30:00,4.040,65.60,0.000
2025-06-26T20:15:00,4.040,67.70,0.500
2025-06-26T20:00:00,4.040,78.50,0.000
2025-06-26T19:45:00,4.040,66.20,0.000
2025-06-26T19:30:00,4.040,61.70,0.000
2025-06-26T19:15:00,4.040,73.30,0.000
2025-06-26T19:00:00,4.040,74.70,0.000
2025-06-26T18:45:00,4.040,79.80,1.500
2025-06-26T18:30:00,4.040,83.50,4.500
2025-06-26T18:15:00,4.040,67.20,0.000
2025-06-26T18:00:00,4.030,78.70,1.000
2025-06-26T17:45:00,4.040,79.00,0.000
2025-06-26T17:30:00,4.040,63.60,0.000
2025-06-26T17:15:00,4.040,54.60,0.000
2025-06-26T17:00:00,4.040,46.30,0.000
2025-06-26T16:45:00,4.040,50.50,0.000
2025-06-26T16:30:00,4.040,51.80,0.000
2025-06-26T16:15:00,4.040,53.90,0.000
2025-06-26T16:00:00,4.040,51.50,0.000
2025-06-26T15:45:00,4.040,56.00,0.000
2025-06-26T15:30:00,4.050,56.10,0.000
2025-06-26T15:15:00,4.050,55.00,0.000
2025-06-26T15:00:00,4.050,58.60,0.000
2025-06-26T14:45:00,4.050,50.50,0.000
2025-06-26T14:30:00,4.050,65.70,0.000
2025-06-26T14:15:00,4.050,56.10,0.000
2025-06-26T14:00:00,4.060,53.20,0.000
2025-06-26T13:45:00,4.050,52.80,0.000
2025-06-26T13:30:00,4.060,63.80,0.000
2025-06-26T13:15:00,4.060,55.20,0.000
2025-06-26T13:00:00,4.060,66.50,0.000
2025-06-26T12:45:00,4.060,68.10,0.000
2025-06-26T12:30:00,4.060,68.50,0.000
2025-06-26T12:15:00,4.060,58.40,0.000
2025-06-26T12:00:00,4.070,57.50,0.000
2025-06-26T11:45:00,4.070,66.40,0.000
2025-06-26T11:30:00,4.070,56.60,0.000
2025-06-26T11:15:00,4.070,61.80,0.000
2025-06-26T11:00:00,4.070,60.60,0.000
2025-06-26T10:45:00,4.080,66.00,0.000
2025-06-26T10:30:00,4.080,64.60,0.000
2025-06-26T10:15:00,4.080,47.60,0.000
2025-06-26T10:00:00,4.080,54.00,0.000
2025-06-26T09:45:00,4.080,49.10,0.000
2025-06-26T09:30:00,4.070,61.30,0.000
2025-06-26T09:15:00,4.070,59.50,0.000
2025-06-26T09:00:00,4.060,56.00,0.000
2025-06-26T08:45:00,4.060,55.00,0.000
2025-06-26T08:30:00,4.050,57.90,0.000
2025-06-26T08:15:00,4.050,59.40,0.000
2025-06-26T08:00:00,4.040,60.30,0.000
2025-06-26T07:45:00,4.040,59.00,0.000
2025-06-26T07:30:00,4.040,59.00,0.000
2025-06-26T07:15:00,4.030,63.90,0.000
2025-06-26T07:00:00,4.000,64.50,0.000
2025-06-26T06:45:00,4.000,66.80,0.000
2025-06-26T06:30:00,4.000,64.40,0.000
2025-06-26T06:15:00,4.000,66.90,0.000
2025-06-26T06:00:00,4.010,62.30,0.000
2025-06-26T05:45:00,4.010,65.90,0.000
2025-06-26T05:30:00,4.010,63.40,0.000
2025-06-26T05:15:00,4.010,64.20,0.000
2025-06-26T05:00:00,4.010,59.70,0.000
2025-06-26T04:45:00,4.010,66.50,0.000
2025-06-26T04:30:00,4.010,65.20,0.000
2025-06-26T04:15:00,4.010,65.40,0.000
2025-06-26T04:00:00,4.020,65.30,0.000
2025-06-26T03:45:00,4.020,67.40,0.000
2025-06-26T03:30:00,4.020,65.80,0.000
2025-06-26T03:15:00,4.020,77.60,0.000
2025-06-26T03:00:00,4.030,65.80,0.000
2025-06-26T02:45:00,4.030,75.60,0.000
2025-06-26T02:30:00,4.020,63.20,0.000
2025-06-26T02:15:00,4.040,81.20,4.000
2025-06-26T02:00:00,4.030,86.60,5.500
2025-06-26T01:45:00,4.030,83.60,4.500
2025-06-26T01:30:00,4.030,88.10,4.500
2025-06-26T01:15:00,4.030,77.00,0.000
2025-06-26T01:00:00,4.030,65.00,0.000
2025-06-26T00:45:00,4.040,69.00,0.000
2025-06-26T00:30:00,4.040,66.80,0.000
2025-06-26T00:15:00,4.040,63.90,0.000
2025-06-26T00:00:00,4.050,66.70,0.000
2025-06-25T23:45:00,4.050,68.00,0.000
2025-06-25T23:30:00,4.060,69.80,0.000
2025-06-25T23:15:00,4.060,68.20,0.000
2025-06-25T23:00:00,4.070,69.90,0.000
2025-06-25T22:45:00,4.070,65.50,0.000
2025-06-25T22:30:00,4.070,65.90,0.000
2025-06-25T22:15:00,4.080,68.80,0.000
2025-06-25T22:00:00,4.080,70.20,0.000
2025-06-25T21:45:00,4.090,68.30,0.000
2025-06-25T21:30:00,4.090,68.10,0.000
2025-06-25T21:15:00,4.090,66.70,0.000
2025-06-25T21:00:00,4.100,65.50,0.000
2025-06-25T20:45:00,4.100,66.30,0.000
2025-06-25T20:30:00,4.110,64.10,0.000
2025-06-25T20:15:00,4.110,66.10,0.000
2025-06-25T20:00:00,4.120,64.80,0.000
2025-06-25T19:45:00,4.120,65.10,0.000
2025-06-25T19:30:00,4.130,69.40,0.000
2025-06-25T19:15:00,4.130,68.80,0.000
2025-06-25T19:00:00,4.140,66.90,0.000
2025-06-25T18:45:00,4.140,67.80,0.000
2025-06-25T18:30:00,4.140,67.00,0.000
2025-06-25T18:15:00,4.150,69.70,0.000
2025-06-25T18:00:00,4.150,66.80,0.000
2025-06-25T17:45:00,4.160,63.70,0.000
2025-06-25T17:30:00,4.160,64.80,0.000
2025-06-25T17:15:00,4.160,65.60,0.000
2025-06-25T17:00:00,4.170,67.30,0.000
2025-06-25T16:45:00,4.170,69.20,0.000
2025-06-25T16:30:00,4.180,92.30,0.000
2025-06-25T16:15:00,4.180,75.40,0.000
2025-06-25T16:00:00,4.190,86.70,0.500
2025-06-25T15:45:00,4.190,99.10,0.000
2025-06-25T15:30:00,4.190,100.40,2.000
2025-06-25T15:15:00,4.190,99.00,6.500
2025-06-25T15:00:00,4.200,55.60,0.000
2025-06-25T14:45:00,4.200,66.30,0.000
2025-06-25T14:30:00,4.210,63.60,0.000
2025-06-25T14:15:00,4.210,65.60,0.000
2025-06-25T14:00:00,4.220,61.40,0.000
2025-06-25T13:45:00,4.220,53.10,0.000
2025-06-25T13:30:00,4.230,62.40,0.000
2025-06-25T13:15:00,4.240,68.60,0.000
2025-06-25T13:00:00,4.250,75.50,0.000
2025-06-25T12:45:00,4.250,63.80,0.000
2025-06-25T12:30:00,4.260,54.90,0.000
2025-06-25T12:15:00,4.270,61.20,0.000
2025-06-25T12:00:00,4.280,68.10,0.000
2025-06-25T11:45:00,4.290,50.80,0.000
2025-06-25T11:30:00,4.330,44.60,0.000
2025-06-25T11:15:00,4.310,50.80,0.000
2025-06-25T11:00:00,4.300,54.90,0.000
2025-06-25T10:45:00,4.290,56.40,0.000
2025-06-25T10:30:00,4.280,50.10,0.000
2025-06-25T10:15:00,4.280,52.10,0.000
2025-06-25T10:00:00,4.280,54.50,0.000
2025-06-25T09:45:00,4.270,61.10,0.000
2025-06-25T09:30:00,4.260,61.60,0.000
2025-06-25T09:15:00,4.260,59.10,0.000
2025-06-25T09:00:00,4.250,56.30,0.000
2025-06-25T08:45:00,4.250,52.10,0.000
2025-06-25T08:30:00,4.250,51.00,0.000
2025-06-25T08:15:00,4.250,48.40,0.000
2025-06-25T08:00:00,4.250,51.10,0.000
2025-06-25T07:45:00,4.240,58.90,0.000
2025-06-25T07:30:00,4.240,56.90,0.000
2025-06-25T07:15:00,4.240,62.80,0.000
2025-06-25T07:00:00,4.240,61.80,0.000
2025-06-25T06:45:00,4.240,57.60,0.000
2025-06-25T06:30:00,4.240,53.10,0.000
2025-06-25T06:15:00,4.240,59.00,0.000
2025-06-25T06:00:00,4.240,56.90,0.000
2025-06-25T05:45:00,4.240,57.50,0.000
2025-06-25T05:30:00,4.240,60.40,0.000
2025-06-25T05:15:00,4.240,62.30,0.000
2025-06-25T05:00:00,4.240,62.50,0.000
2025-06-25T04:45:00,4.240,55.50,0.000
2025-06-25T04:30:00,4.240,57.50,0.000
2025-06-25T04:15:00,4.240,56.60,0.000
2025-06-25T04:00:00,4.230,55.60,0.000
2025-06-25T03:45:00,4.230,60.20,0.000
2025-06-25T03:30:00,4.230,58.20,0.000
2025-06-25T03:15:00,4.230,60.60,0.000
2025-06-25T03:00:00,4.230,60.70,0.000
2025-06-25T02:45:00,4.230,55.90,0.000
2025-06-25T02:30:00,4.230,57.10,0.000
2025-06-25T02:15:00,4.230,56.60,0.000
2025-06-25T02:00:00,4.230,60.30,0.000
2025-06-25T01:45:00,4.230,61.20,0.000
2025-06-25T01:30:00,4.220,61.00,0.000
2025-06-25T01:15:00,4.220,59.10,0.000
2025-06-25T01:00:00,4.220,55.10,0.000
2025-06-25T00:45:00,4.220,58.90,0.000
2025-06-25T00:30:00,4.220,55.60,0.000
2025-06-25T00:15:00,4.220,57.20,0.000
2025-06-25T00:00:00,4.220,53.90,0.000
2025-06-24T23:45:00,4.220,55.80,0.000
2025-06-24T23:30:00,4.220,56.90,0.000
2025-06-24T23:15:00,4.220,56.40,0.000
2025-06-24T23:00:00,4.210,63.10,0.000
2025-06-24T22:45:00,4.210,62.30,0.000
2025-06-24T22:30:00,4.210,55.40,0.000
2025-06-24T22:15:00,4.210,57.90,0.000
2025-06-24T22:00:00,4.210,56.70,0.000
2025-06-24T21:45:00,4.210,54.50,0.000
2025-06-24T21:30:00,4.200,51.50,0.000
2025-06-24T21:15:00,4.200,59.00,0.000
2025-06-24T21:00:00,4.200,55.20,0.000
2025-06-24T20:45:00,4.200,57.40,0.000
2025-06-24T20:30:00,4.200,52.00,0.000
2025-06-24T20:15:00,4.200,62.40,0.000
2025-06-24T20:00:00,4.190,56.20,0.000
2025-06-24T19:45:00,4.190,58.40,0.000
2025-06-24T19:30:00,4.190,48.60,0.000
2025-06-24T19:15:00,4.180,55.30,0.000
2025-06-24T19:00:00,4.190,51.90,0.000
2025-06-24T18:45:00,4.180,54.60,0.000
2025-06-24T18:30:00,4.180,51.60,0.000
2025-06-24T18:15:00,4.180,47.00,0.000
2025-06-24T18:00:00,4.180,43.20,0.000
2025-06-24T17:45:00,4.170,42.90,0.000
2025-06-24T17:30:00,4.170,47.20,0.000
2025-06-24T17:15:00,4.170,46.70,0.000
2025-06-24T17:00:00,4.160,54.10,0.000
2025-06-24T16:45:00,4.160,43.70,0.000
2025-06-24T16:30:00,4.160,48.70,0.000
2025-06-24T16:15:00,4.160,46.10,0.000
2025-06-24T16:00:00,4.150,50.40,0.000
2025-06-24T15:45:00,4.150,52.20,0.000
2025-06-24T15:30:00,4.150,51.50,0.000
2025-06-24T15:15:00,4.140,52.90,0.000
2025-06-24T15:00:00,4.140,51.50,0.000
2025-06-24T14:45:00,4.130,47.00,0.000
2025-06-24T14:30:00,4.130,46.50,0.000
2025-06-24T14:15:00,4.130,47.30,0.000
2025-06-24T14:00:00,4.130,47.00,0.000
2025-06-24T13:45:00,4.120,48.50,0.000
2025-06-24T13:30:00,4.120,48.60,0.000
2025-06-24T13:15:00,4.110,51.60,0.000
2025-06-24T13:00:00,4.110,45.30,0.000
2025-06-24T12:45:00,4.100,50.40,0.000
2025-06-24T12:30:00,4.100,54.40,0.000
2025-06-24T12:15:00,4.100,54.30,0.000
2025-06-24T12:00:00,4.090,56.20,0.000
2025-06-24T11:45:00,4.080,60.00,0.000
2025-06-24T11:30:00,4.080,53.30,0.000
2025-06-24T11:15:00,4.080,48.00,0.000
2025-06-24T11:00:00,4.070,60.90,0.000
2025-06-24T10:45:00,4.060,61.70,0.000
2025-06-24T10:30:00,4.060,48.10,0.000
2025-06-24T10:15:00,4.050,51.40,0.000
2025-06-24T10:00:00,4.050,60.40,0.000
2025-06-24T09:45:00,4.040,54.80,0.000
2025-06-24T09:30:00,4.030,52.90,0.000
2025-06-24T09:15:00,4.030,59.40,0.000
2025-06-24T09:00:00,4.020,60.40,0.000
2025-06-24T08:45:00,4.010,53.50,0.000
2025-06-24T08:30:00,4.010,58.50,0.000
2025-06-24T08:15:00,4.000,54.60,0.000
2025-06-24T08:00:00,4.000,56.30,0.000
2025-06-24T07:45:00,3.990,55.10,0.000
2025-06-24T07:30:00,3.980,57.90,0.000
2025-06-24T07:15:00,3.970,57.00,0.000
2025-06-24T07:00:00,3.960,58.60,0.000
2025-06-24T06:45:00,3.950,57.40,0.000
2025-06-24T06:30:00,3.930,66.00,0.000
2025-06-24T06:15:00,3.920,61.70,0.000
2025-06-24T06:00:00,3.930,62.00,0.000
2025-06-24T05:45:00,3.930,64.10,0.000
2025-06-24T05:30:00,3.930,61.70,0.000
2025-06-24T05:15:00,3.930,64.60,0.000
2025-06-24T05:00:00,3.930,68.80,0.000
2025-06-24T04:45:00,3.930,63.90,0.000
2025-06-24T04:30:00,3.930,64.30,0.000
2025-06-24T04:15:00,3.940,63.60,0.000
2025-06-24T04:00:00,3.930,63.80,0.000
2025-06-24T03:45:00,3.940,67.20,0.000
2025-06-24T03:30:00,3.940,65.10,0.000
2025-06-24T03:15:00,3.940,66.80,0.000
2025-06-24T03:00:00,3.950,66.20,0.000
2025-06-24T02:45:00,3.950,66.40,0.000
2025-06-24T02:30:00,3.950,67.40,0.000
2025-06-24T02:15:00,3.950,69.30,0.000
2025-06-24T02:00:00,3.960,64.90,0.000
2025-06-24T01:45:00,3.960,67.10,0.000
2025-06-24T01:30:00,3.960,68.10,0.000
2025-06-24T01:15:00,3.960,64.50,0.000
2025-06-24T01:00:00,3.970,69.10,0.000
2025-06-24T00:45:00,3.970,68.40,0.000
2025-06-24T00:30:00,3.970,68.80,0.000
2025-06-24T00:15:00,3.980,67.70,0.000
2025-06-24T00:00:00,3.980,71.40,0.000
2025-06-23T23:45:00,3.980,66.40,0.000
2025-06-23T23:30:00,3.990,71.00,0.000
2025-06-23T23:15:00,3.990,69.20,0.000
2025-06-23T23:00:00,3.990,66.10,0.000
2025-06-23T22:45:00,4.000,69.00,0.000
2025-06-23T22:30:00,4.010,67.70,0.000
2025-06-23T22:15:00,4.010,68.70,0.000
2025-06-23T22:00:00,4.010,73.70,0.000
2025-06-23T21:45:00,4.010,69.60,0.000
2025-06-23T21:30:00,4.020,69.70,0.000
2025-06-23T21:15:00,4.030,71.40,0.000
2025-06-23T21:00:00,4.030,73.50,0.000
2025-06-23T20:45:00,4.040,71.90,0.000
2025-06-23T20:30:00,4.040,74.10,0.000
2025-06-23T20:15:00,4.050,72.90,0.000
2025-06-23T20:00:00,4.050,68.80,0.000
2025-06-23T19:45:00,4.060,72.00,0.000
2025-06-23T19:30:00,4.060,67.70,0.000
2025-06-23T19:15:00,4.070,70.10,0.000
2025-06-23T19:00:00,4.080,69.40,0.000
2025-06-23T18:45:00,4.080,69.40,0.000
2025-06-23T18:30:00,4.090,61.90,0.000
2025-06-23T18:15:00,4.090,61.70,0.000
2025-06-23T18:00:00,4.100,57.50,0.000
2025-06-23T17:45:00,4.100,56.00,0.000
2025-06-23T17:30:00,4.110,63.10,0.000
2025-06-23T17:15:00,4.110,64.20,0.000
2025-06-23T17:00:00,4.120,68.40,0.000
2025-06-23T16:45:00,4.130,96.80,0.000
2025-06-23T16:30:00,4.140,72.70,0.000
2025-06-23T16:15:00,4.140,70.30,0.000
2025-06-23T16:00:00,4.150,69.90,0.000
2025-06-23T15:45:00,4.160,81.90,0.000
2025-06-23T15:30:00,4.160,69.20,0.000
2025-06-23T15:15:00,4.170,67.60,0.000
2025-06-23T15:00:00,4.170,65.10,0.000
2025-06-23T14:45:00,4.180,69.20,0.000
2025-06-23T14:30:00,4.190,68.50,0.000
2025-06-23T14:15:00,4.190,73.60,0.000
2025-06-23T14:00:00,4.200,70.60,0.000
2025-06-23T13:45:00,4.210,98.60,0.000
2025-06-23T13:30:00,4.220,73.40,0.000
2025-06-23T13:15:00,4.220,79.60,0.000
2025-06-23T13:00:00,4.230,81.00,0.000
2025-06-23T12:45:00,4.240,77.90,0.000
2025-06-23T12:30:00,4.250,83.70,0.000
2025-06-23T12:15:00,4.250,71.80,0.500
2025-06-23T12:00:00,4.260,96.30,2.500
2025-06-23T11:45:00,4.270,75.80,0.000
2025-06-23T11:30:00,4.280,60.20,0.000
2025-06-23T11:15:00,4.290,68.40,0.000
2025-06-23T11:00:00,4.290,69.40,0.000
2025-06-23T10:45:00,4.300,67.00,0.000
2025-06-23T10:30:00,4.320,80.80,0.000
2025-06-23T10:15:00,4.350,59.50,0.000
2025-06-23T10:00:00,4.350,64.50,0.000
2025-06-23T09:45:00,4.350,64.10,0.000
2025-06-23T09:30:00,4.350,75.20,0.000
2025-06-23T09:15:00,4.350,62.30,0.000
2025-06-23T09:00:00,4.340,67.70,0.000
2025-06-23T08:45:00,4.340,69.10,0.000
2025-06-23T08:30:00,4.340,72.50,0.000
2025-06-23T08:15:00,4.340,64.80,0.000
2025-06-23T08:00:00,4.340,66.70,0.000
2025-06-23T07:45:00,4.340,63.30,0.000
2025-06-23T07:30:00,4.340,63.90,0.000
2025-06-23T07:15:00,4.330,60.40,0.000
2025-06-23T07:00:00,4.330,63.50,0.000
2025-06-23T06:45:00,4.330,65.00,0.000
2025-06-23T06:30:00,4.340,65.50,0.000
2025-06-23T06:15:00,4.330,67.00,0.000
2025-06-23T06:00:00,4.320,58.20,0.000
2025-06-23T05:45:00,4.320,67.20,0.000
2025-06-23T05:30:00,4.310,57.30,0.000
2025-06-23T05:15:00,4.300,55.30,0.000
2025-06-23T05:00:00,4.290,53.90,0.000
2025-06-23T04:45:00,4.290,60.90,0.000
2025-06-23T04:30:00,4.280,56.60,0.000
2025-06-23T04:15:00,4.270,58.60,0.000
2025-06-23T04:00:00,4.260,64.10,0.000
2025-06-23T03:45:00,4.250,58.70,0.000
2025-06-23T03:30:00,4.240,53.30,0.000
2025-06-23T03:15:00,4.230,57.20,0.000
2025-06-23T03:00:00,4.220,57.40,0.000
2025-06-23T02:45:00,4.210,63.20,0.000
2025-06-23T02:30:00,4.200,57.70,0.000
2025-06-23T02:15:00,4.190,58.60,0.000
2025-06-23T02:00:00,4.180,58.10,0.000
2025-06-23T01:45:00,4.180,65.00,0.000
2025-06-23T01:30:00,4.170,59.00,0.000
2025-06-23T01:15:00,4.150,59.50,0.000
2025-06-23T01:00:00,4.150,60.40,0.000
2025-06-23T00:45:00,4.140,54.30,0.000
2025-06-23T00:30:00,4.140,56.30,0.000
2025-06-23T00:15:00,4.130,57.20,0.000
2025-06-23T00:00:00,4.120,56.10,0.000
2025-06-22T23:45:00,4.110,62.50,0.000
2025-06-22T23:30:00,4.110,59.00,0.000
2025-06-22T23:15:00,4.100,64.20,0.000
2025-06-22T23:00:00,4.100,65.00,0.000
2025-06-22T22:45:00,4.090,74.80,0.000
2025-06-22T22:30:00,4.080,79.70,0.000
2025-06-22T22:15:00,4.080,72.90,0.500
2025-06-22T22:00:00,4.070,75.00,0.000
2025-06-22T21:45:00,4.060,75.80,0.000
2025-06-22T21:30:00,4.060,79.80,0.500
2025-06-22T21:15:00,4.050,79.10,1.000
2025-06-22T21:00:00,4.040,78.60,0.500
2025-06-22T20:45:00,4.040,65.50,0.000
2025-06-22T20:30:00,4.040,49.20,0.000
2025-06-22T20:15:00,4.030,46.60,0.000
2025-06-22T20:00:00,4.020,55.10,0.000
2025-06-22T19:45:00,4.020,45.90,0.000
2025-06-22T19:30:00,4.020,45.80,0.000
2025-06-22T19:15:00,4.010,50.80,0.000
2025-06-22T19:00:00,4.010,54.30,0.000
2025-06-22T18:45:00,4.010,51.50,0.000
2025-06-22T18:30:00,4.000,54.10,0.000
2025-06-22T18:15:00,4.000,46.10,0.000
2025-06-22T18:00:00,3.990,50.00,0.000
2025-06-22T17:45:00,3.990,48.80,0.000
2025-06-22T17:30:00,3.980,46.00,0.000
2025-06-22T17:15:00,3.980,46.20,0.000
2025-06-22T17:00:00,3.970,44.10,0.000
2025-06-22T16:45:00,3.970,43.70,0.000
2025-06-22T16:30:00,3.960,47.00,0.000
2025-06-22T16:15:00,3.960,48.00,0.000
2025-06-22T16:00:00,3.950,57.40,0.000
2025-06-22T15:45:00,3.940,44.50,0.000
2025-06-22T15:30:00,3.940,51.00,0.000
2025-06-22T15:15:00,3.930,44.90,0.000
2025-06-22T15:00:00,3.900,54.60,0.000
2025-06-22T14:45:00,3.900,64.90,0.000
2025-06-22T14:30:00,3.910,55.30,0.500
2025-06-22T14:15:00,3.900,73.40,5.500
2025-06-22T14:00:00,3.890,67.80,7.000
2025-06-22T13:45:00,3.890,49.70,0.000
2025-06-22T13:30:00,3.900,47.40,0.000
2025-06-22T13:15:00,3.900,52.00,0.000
2025-06-22T13:00:00,3.900,49.10,0.000
2025-06-22T12:45:00,3.910,46.60,0.000
2025-06-22T12:30:00,3.910,57.20,0.000
2025-06-22T12:15:00,3.910,53.30,0.000
2025-06-22T12:00:00,3.910,52.40,0.000
2025-06-22T11:45:00,3.920,53.30,0.000
2025-06-22T11:30:00,3.920,53.20,0.000
2025-06-22T11:15:00,3.930,49.20,0.000
2025-06-22T11:00:00,3.930,54.40,0.000
2025-06-22T10:45:00,3.930,53.70,0.000
2025-06-22T10:30:00,3.940,54.80,0.000
2025-06-22T10:15:00,3.940,56.70,0.000
2025-06-22T10:00:00,3.940,56.30,0.500
2025-06-22T09:45:00,3.950,60.10,0.000
2025-06-22T09:30:00,3.950,52.50,0.000
2025-06-22T09:15:00,3.960,59.10,0.000
2025-06-22T09:00:00,3.960,50.20,0.000
2025-06-22T08:45:00,3.960,58.50,0.000
2025-06-22T08:30:00,3.970,53.50,0.000
2025-06-22T08:15:00,3.970,57.60,0.000
2025-06-22T08:00:00,3.980,58.60,0.000
2025-06-22T07:45:00,3.980,57.50,0.000
2025-06-22T07:30:00,3.990,56.10,0.000
2025-06-22T07:15:00,3.990,54.70,0.000
2025-06-22T07:00:00,4.000,59.30,0.000
2025-06-22T06:45:00,4.000,53.80,0.000
2025-06-22T06:30:00,4.010,56.20,0.000
2025-06-22T06:15:00,4.040,54.10,0.000
2025-06-22T06:00:00,4.040,54.70,0.000
2025-06-22T05:45:00,4.030,54.50,0.000
2025-06-22T05:30:00,4.030,52.50,0.000
2025-06-22T05:15:00,4.030,56.40,0.000
2025-06-22T05:00:00,4.020,54.40,0.000
2025-06-22T04:45:00,4.020,54.10,0.000
2025-06-22T04:30:00,4.020,52.90,0.000
2025-06-22T04:15:00,4.020,53.70,0.000
2025-06-22T04:00:00,4.010,53.40,0.000
2025-06-22T03:45:00,4.010,54.80,0.000
2025-06-22T03:30:00,4.000,52.90,0.000
2025-06-22T03:15:00,4.000,57.30,0.000
2025-06-22T03:00:00,4.000,49.50,0.000
2025-06-22T02:45:00,4.000,50.90,0.000
2025-06-22T02:30:00,3.990,51.40,0.000
2025-06-22T02:15:00,3.990,52.30,0.000
2025-06-22T02:00:00,3.980,50.40,0.000
2025-06-22T01:45:00,3.980,51.80,0.000
2025-06-22T01:30:00,3.980,47.80,0.000
2025-06-22T01:15:00,3.970,53.40,0.000
2025-06-22T01:00:00,3.970,52.60,0.000
2025-06-22T00:45:00,3.970,52.50,0.000
2025-06-22T00:30:00,3.960,52.10,0.000
2025-06-22T00:15:00,3.960,51.40,0.000
2025-06-22T00:00:00,3.960,53.00,0.000
2025-07-05T23:45:00,4.170,73.90,0.000
2025-07-05T23:30:00,4.160,71.00,0.000
2025-07-05T23:15:00,4.160,72.80,0.000
2025-07-05T23:00:00,4.150,67.50,0.000
2025-07-05T22:45:00,4.150,73.10,0.000
2025-07-05T22:30:00,4.140,66.30,0.000
2025-07-05T22:15:00,4.140,70.00,0.000
2025-07-05T22:00:00,4.140,70.10,0.000
2025-07-05T21:45:00,4.140,67.50,0.000
2025-07-05T21:30:00,4.130,68.10,0.000
2025-07-05T21:15:00,4.130,69.30,0.000
2025-07-05T21:00:00,4.120,69.90,0.000
2025-07-05T20:45:00,4.120,70.40,0.000
2025-07-05T20:30:00,4.120,78.50,0.000
2025-07-05T20:15:00,4.120,89.00,0.000
2025-07-05T20:00:00,4.110,70.30,0.000
2025-07-05T19:45:00,4.110,67.70,0.000
2025-07-05T19:30:00,4.100,67.80,0.000
2025-07-05T19:15:00,4.100,68.80,0.000
2025-07-05T19:00:00,4.100,65.70,0.000
2025-07-05T18:45:00,4.090,71.80,0.000
2025-07-05T18:30:00,4.090,60.30,0.000
2025-07-05T18:15:00,4.080,60.90,0.000
2025-07-05T18:00:00,4.080,55.20,0.000
2025-07-05T17:45:00,4.080,67.50,0.000
2025-07-05T17:30:00,4.070,65.00,0.500
2025-07-05T17:15:00,4.080,80.10,3.500
2025-07-05T17:00:00,4.050,43.20,0.000
2025-07-05T16:45:00,4.050,51.90,0.000
2025-07-05T16:30:00,4.040,54.20,0.000
2025-07-05T16:15:00,4.030,52.00,0.000
2025-07-05T16:00:00,4.020,45.40,0.000
2025-07-05T15:45:00,4.020,46.20,0.000
2025-07-05T15:30:00,4.010,47.20,0.000
2025-07-05T15:15:00,4.000,60.50,0.000
2025-07-05T15:00:00,3.990,52.90,0.000
2025-07-05T14:45:00,3.980,50.90,0.000
2025-07-05T14:30:00,3.970,51.10,0.000
2025-07-05T14:15:00,3.960,51.90,0.000
2025-07-05T14:00:00,3.960,42.80,0.000
2025-07-05T13:45:00,3.940,49.00,0.000
2025-07-05T13:30:00,3.940,52.60,0.000
2025-07-05T13:15:00,3.930,52.40,0.000
2025-07-05T13:00:00,3.920,54.50,0.000
2025-07-05T12:45:00,3.910,52.40,0.000
2025-07-05T12:30:00,3.910,52.50,0.000
2025-07-05T12:15:00,3.900,51.60,0.000
2025-07-05T12:00:00,3.890,49.20,0.000
2025-07-05T11:45:00,3.880,54.90,0.000
2025-07-05T11:30:00,3.870,50.00,0.000
2025-07-05T11:15:00,3.870,53.40,0.000
2025-07-05T11:00:00,3.870,47.90,0.000
2025-07-05T10:45:00,3.860,53.70,0.000
2025-07-05T10:30:00,3.860,49.50,0.000
2025-07-05T10:15:00,3.860,52.10,0.000
2025-07-05T10:00:00,3.850,51.40,0.000
2025-07-05T09:45:00,3.850,50.60,0.000
2025-07-05T09:30:00,3.840,49.70,0.000
2025-07-05T09:15:00,3.840,56.10,0.000
2025-07-05T09:00:00,3.830,51.30,0.000
2025-07-05T08:45:00,3.830,49.40,0.000
2025-07-05T08:30:00,3.820,48.70,0.000
2025-07-05T08:15:00,3.820,50.50,0.000
2025-07-05T08:00:00,3.810,50.20,0.000
2025-07-05T07:45:00,3.800,51.80,0.000
2025-07-05T07:30:00,3.800,53.30,0.000
2025-07-05T07:15:00,3.790,52.70,0.000
2025-07-05T07:00:00,3.780,56.50,0.000
2025-07-05T06:45:00,3.750,61.40,0.000
2025-07-05T06:30:00,3.750,60.40,0.000
2025-07-05T06:15:00,3.750,59.00,0.000
2025-07-05T06:00:00,3.750,63.20,0.000
2025-07-05T05:45:00,3.750,64.20,0.000
2025-07-05T05:30:00,3.740,61.00,0.000
2025-07-05T05:15:00,3.740,63.90,0.000
2025-07-05T05:00:00,3.740,62.00,0.000
2025-07-05T04:45:00,3.730,66.80,0.000
2025-07-05T04:30:00,3.730,64.10,0.000
2025-07-05T04:15:00,3.740,67.10,0.000
2025-07-05T04:00:00,3.740,65.60,0.000
2025-07-05T03:45:00,3.750,65.70,0.000
2025-07-05T03:30:00,3.750,61.70,0.000
2025-07-05T03:15:00,3.760,68.20,0.000
2025-07-05T03:00:00,3.760,63.40,0.000
2025-07-05T02:45:00,3.760,65.20,0.000
2025-07-05T02:30:00,3.770,64.60,0.000
2025-07-05T02:15:00,3.780,59.90,0.000
2025-07-05T02:00:00,3.780,61.70,0.000
2025-07-05T01:45:00,3.780,63.60,0.000
2025-07-05T01:30:00,3.790,64.40,0.000
2025-07-05T01:15:00,3.790,62.90,0.000
2025-07-05T01:00:00,3.790,63.70,0.000
2025-07-05T00:45:00,3.800,65.90,0.000
2025-07-05T00:30:00,3.800,67.20,0.000
2025-07-05T00:15:00,3.800,61.70,0.000
2025-07-05T00:00:00,3.810,62.80,0.000
2025-07-04T23:45:00,3.810,64.90,0.000
2025-07-04T23:30:00,3.820,63.20,0.000
2025-07-04T23:15:00,3.820,64.60,0.000
2025-07-04T23:00:00,3.820,62.60,0.000
2025-07-04T22:45:00,3.820,60.30,0.000
2025-07-04T22:30:00,3.830,64.20,0.000
2025-07-04T22:15:00,3.830,59.40,0.000
2025-07-04T22:00:00,3.830,61.80,0.000
2025-07-04T21:45:00,3.830,66.30,0.000
2025-07-04T21:30:00,3.840,63.10,0.000
2025-07-04T21:15:00,3.840,64.00,0.000
2025-07-04T21:00:00,3.840,64.00,0.000
2025-07-04T20:45:00,3.840,63.20,0.000
2025-07-04T20:30:00,3.840,62.60,0.000
2025-07-04T20:15:00,3.850,67.20,0.000
2025-07-04T20:00:00,3.850,67.30,0.000
2025-07-04T19:45:00,3.850,61.50,0.000
2025-07-04T19:30:00,3.850,61.90,0.000
2025-07-04T19:15:00,3.850,66.70,0.000
2025-07-04T19:00:00,3.850,71.10,0.000
2025-07-04T18:45:00,3.850,64.80,0.000
2025-07-04T18:30:00,3.850,66.10,0.000
2025-07-04T18:15:00,3.850,69.30,0.000
2025-07-04T18:00:00,3.850,64.80,0.000
2025-07-04T17:45:00,3.850,70.10,0.000
2025-07-04T17:30:00,3.850,64.20,0.000
2025-07-04T17:15:00,3.850,68.40,0.000
2025-07-04T17:00:00,3.850,69.20,0.000
2025-07-04T16:45:00,3.840,64.90,0.000
2025-07-04T16:30:00,3.820,69.60,0.000
2025-07-04T16:15:00,3.830,69.50,0.000
2025-07-04T16:00:00,3.830,70.80,0.000
2025-07-04T15:45:00,3.840,69.90,0.000
2025-07-04T15:30:00,3.850,72.50,0.000
2025-07-04T15:15:00,3.860,71.40,0.000
2025-07-04T15:00:00,3.870,68.80,0.000
2025-07-04T14:45:00,3.870,66.00,0.000
2025-07-04T14:30:00,3.890,69.40,0.000
2025-07-04T14:15:00,3.890,73.40,0.000
2025-07-04T14:00:00,3.890,77.20,0.000
2025-07-04T13:45:00,3.900,69.10,0.000
2025-07-04T13:30:00,3.920,67.00,0.000
2025-07-04T13:15:00,3.920,69.60,0.000
2025-07-04T13:00:00,3.930,68.60,0.000
2025-07-04T12:45:00,3.940,75.40,0.000
2025-07-04T12:30:00,3.950,74.40,0.000
2025-07-04T12:15:00,3.960,79.00,0.000
2025-07-04T12:00:00,3.960,71.20,0.000
2025-07-04T11:45:00,3.970,76.00,0.000
2025-07-04T11:30:00,3.980,78.10,0.000
2025-07-04T11:15:00,3.980,81.30,0.000
2025-07-04T11:00:00,3.990,81.20,0.000
2025-07-04T10:45:00,4.000,81.10,0.000
2025-07-04T10:30:00,4.010,76.70,0.000
2025-07-04T10:15:00,4.020,81.20,0.000
2025-07-04T10:00:00,4.020,80.30,0.000
2025-07-04T09:45:00,4.030,84.00,0.000
2025-07-04T09:30:00,4.030,87.00,0.000
2025-07-04T09:15:00,4.040,82.60,0.000
2025-07-04T09:00:00,4.050,83.60,0.000
2025-07-04T08:45:00,4.060,86.10,0.000
2025-07-04T08:30:00,4.060,85.00,0.000
2025-07-04T08:15:00,4.070,88.80,0.000
2025-07-04T08:00:00,4.070,88.60,0.000
2025-07-04T07:45:00,4.080,86.40,0.000
2025-07-04T07:30:00,4.080,83.50,0.000
2025-07-04T07:15:00,4.080,89.00,0.000
2025-07-04T07:00:00,4.090,94.50,0.000
2025-07-04T06:45:00,4.080,89.40,0.000
2025-07-04T06:30:00,4.060,96.10,0.000
2025-07-04T06:15:00,4.080,97.10,0.000
2025-07-04T06:00:00,4.090,96.30,0.000
2025-07-04T05:45:00,4.100,100.30,0.000
2025-07-04T05:30:00,4.120,102.80,0.000
2025-07-04T05:15:00,4.120,102.30,0.000
2025-07-04T05:00:00,4.140,102.30,0.000
2025-07-04T04:45:00,4.150,102.80,0.000
2025-07-04T04:30:00,4.160,107.80,0.000
2025-07-04T04:15:00,4.170,107.00,0.000
2025-07-04T04:00:00,4.180,105.20,0.000
2025-07-04T03:45:00,4.200,107.10,0.000
2025-07-04T03:30:00,4.210,109.90,0.000
2025-07-04T03:15:00,4.220,107.40,0.000
2025-07-04T03:00:00,4.240,117.30,0.000
2025-07-04T02:45:00,4.250,117.40,0.000
2025-07-04T02:30:00,4.260,111.90,0.000
2025-07-04T02:15:00,4.270,117.40,0.000
2025-07-04T02:00:00,4.290,117.00,0.000
2025-07-04T01:45:00,4.300,121.70,0.000
2025-07-04T01:30:00,4.320,118.80,0.000
2025-07-04T01:15:00,4.330,123.80,0.000
2025-07-04T01:00:00,4.340,129.50,0.000
2025-07-04T00:45:00,4.350,111.40,0.000
2025-07-04T00:30:00,4.370,123.30,0.000
2025-07-04T00:15:00,4.380,124.60,0.000
2025-07-04T00:00:00,4.400,128.50,0.000
2025-07-03T23:45:00,4.410,119.40,0.000
2025-07-03T23:30:00,4.430,124.60,0.000
2025-07-03T23:15:00,4.440,120.00,0.000
2025-07-03T23:00:00,4.460,128.80,0.000
2025-07-03T22:45:00,4.470,129.30,0.000
2025-07-03T22:30:00,4.490,133.60,0.000
2025-07-03T22:15:00,4.500,120.70,0.000
2025-07-03T22:00:00,4.520,135.40,0.000
2025-07-03T21:45:00,4.530,135.90,0.000
2025-07-03T21:30:00,4.550,135.50,0.000
2025-07-03T21:15:00,4.570,126.50,0.000
2025-07-03T21:00:00,4.590,131.20,0.000
2025-07-03T20:45:00,4.600,127.50,0.000
2025-07-03T20:30:00,4.620,133.90,0.000
2025-07-03T20:15:00,4.640,138.20,0.000
2025-07-03T20:00:00,4.660,134.20,0.000
2025-07-03T19:45:00,4.680,136.70,0.000
2025-07-03T19:30:00,4.690,137.90,0.000
2025-07-03T19:15:00,4.710,141.30,0.000
2025-07-03T19:00:00,4.740,136.60,0.000
2025-07-03T18:45:00,4.760,138.50,0.000
2025-07-03T18:30:00,4.780,135.70,0.000
2025-07-03T18:15:00,4.800,136.80,0.000
2025-07-03T18:00:00,4.840,129.10,0.000
2025-07-03T17:45:00,4.860,111.70,0.000
2025-07-03T17:30:00,4.870,111.60,0.000
2025-07-03T17:15:00,4.880,128.00,0.000
2025-07-03T17:00:00,4.900,128.80,0.000
2025-07-03T16:45:00,4.920,129.50,0.000
2025-07-03T16:30:00,4.940,114.30,0.000
2025-07-03T16:15:00,4.970,115.50,0.000
2025-07-03T16:00:00,5.000,98.30,0.000
2025-07-03T15:45:00,4.990,113.00,0.000
2025-07-03T15:30:00,5.000,121.40,0.000
2025-07-03T15:15:00,5.000,137.40,0.000
2025-07-03T15:00:00,4.990,120.40,0.000
2025-07-03T14:45:00,4.990,125.10,0.000
2025-07-03T14:30:00,4.990,112.10,0.000
2025-07-03T14:15:00,4.980,131.00,0.000
2025-07-03T14:00:00,4.980,113.30,0.000
2025-07-03T13:45:00,4.980,108.50,0.000
2025-07-03T13:30:00,4.970,121.70,0.000
2025-07-03T13:15:00,4.970,125.10,0.000
2025-07-03T13:00:00,4.960,111.90,0.000
2025-07-03T12:45:00,4.970,115.00,0.000
2025-07-03T12:30:00,4.950,115.00,0.000
2025-07-03T12:15:00,4.930,114.10,0.000
2025-07-03T12:00:00,4.920,118.60,0.000
2025-07-03T11:45:00,4.900,123.80,0.000
2025-07-03T11:30:00,4.870,120.40,0.000
2025-07-03T11:15:00,4.850,126.60,0.000
2025-07-03T11:00:00,4.830,119.90,0.000
2025-07-03T10:45:00,4.810,124.60,0.000
2025-07-03T10:30:00,4.780,118.20,0.000
2025-07-03T10:15:00,4.750,125.70,0.000
2025-07-03T10:00:00,4.730,129.80,0.000
2025-07-03T09:45:00,4.700,130.90,0.000
2025-07-03T09:30:00,4.670,114.50,0.000
2025-07-03T09:15:00,4.640,122.40,0.000
2025-07-03T09:00:00,4.610,114.00,0.000
2025-07-03T08:45:00,4.580,112.70,0.000
2025-07-03T08:30:00,4.550,126.30,0.000
2025-07-03T08:15:00,4.530,124.00,0.000
2025-07-03T08:00:00,4.500,121.50,0.000
2025-07-03T07:45:00,4.470,120.40,0.000
2025-07-03T07:30:00,4.440,122.10,0.000
2025-07-03T07:15:00,4.410,113.90,0.000
2025-07-03T07:00:00,4.380,118.60,0.000
2025-07-03T06:45:00,4.350,122.70,0.000
2025-07-03T06:30:00,4.320,117.20,0.000
2025-07-03T06:15:00,4.290,115.30,0.000
2025-07-03T06:00:00,4.260,100.40,0.000
2025-07-03T05:45:00,4.230,116.40,0.000
2025-07-03T05:30:00,4.210,109.70,0.000
2025-07-03T05:15:00,4.180,105.30,0.000
2025-07-03T05:00:00,4.150,101.10,0.000
2025-07-03T04:45:00,4.120,102.40,0.000
2025-07-03T04:30:00,4.090,101.80,0.000
2025-07-03T04:15:00,4.070,98.90,0.000
2025-07-03T04:00:00,4.040,94.60,0.000
2025-07-03T03:45:00,4.010,87.50,0.000
2025-07-03T03:30:00,3.980,87.20,0.500
2025-07-03T03:15:00,3.960,79.10,0.000
2025-07-03T03:00:00,3.930,86.50,0.500
2025-07-03T02:45:00,3.910,82.50,1.000
2025-07-03T02:30:00,3.890,80.20,0.500
2025-07-03T02:15:00,3.870,77.00,0.500
2025-07-03T02:00:00,3.850,71.70,0.500
2025-07-03T01:45:00,3.840,69.20,0.500
2025-07-03T01:30:00,3.820,71.90,1.000
2025-07-03T01:15:00,3.820,66.80,0.500
2025-07-03T01:00:00,3.810,68.10,0.500
2025-07-03T00:45:00,3.810,64.70,0.500
2025-07-03T00:30:00,3.810,64.40,0.500
2025-07-03T00:15:00,3.810,66.70,0.500
2025-07-03T00:00:00,3.810,65.40,1.500
2025-07-02T23:45:00,3.820,68.10,1.000
2025-07-02T23:30:00,3.820,65.80,0.500
2025-07-02T23:15:00,3.820,62.00,0.500
2025-07-02T23:00:00,3.830,61.40,1.000
2025-07-02T22:45:00,3.840,68.90,0.500
2025-07-02T22:30:00,3.840,69.30,0.500
2025-07-02T22:15:00,3.850,67.50,0.000
2025-07-02T22:00:00,3.850,68.30,0.500
2025-07-02T21:45:00,3.860,70.60,0.500
2025-07-02T21:30:00,3.870,69.60,0.500
2025-07-02T21:15:00,3.870,71.70,0.500
2025-07-02T21:00:00,3.880,73.60,0.000
2025-07-02T20:45:00,3.890,69.40,0.500
2025-07-02T20:30:00,3.900,76.50,1.000
2025-07-02T20:15:00,3.910,61.70,0.000
2025-07-02T20:00:00,3.910,81.80,0.000
2025-07-02T19:45:00,3.920,63.40,0.500
2025-07-02T19:30:00,3.930,73.10,0.000
2025-07-02T19:15:00,3.950,62.60,0.000
2025-07-02T19:00:00,3.960,64.00,0.000
2025-07-02T18:45:00,3.960,63.50,0.000
2025-07-02T18:30:00,3.980,67.30,0.000
2025-07-02T18:15:00,3.990,67.10,0.000
2025-07-02T18:00:00,4.000,68.10,0.000
2025-07-02T17:45:00,4.010,62.80,0.000
2025-07-02T17:30:00,4.020,69.50,0.000
2025-07-02T17:15:00,4.030,67.80,0.000
2025-07-02T17:00:00,4.040,67.40,0.000
2025-07-02T16:45:00,4.060,66.80,0.000
2025-07-02T16:30:00,4.060,73.10,0.000
2025-07-02T16:15:00,4.080,75.50,0.000
2025-07-02T16:00:00,4.090,71.80,0.000
2025-07-02T15:45:00,4.100,71.30,3.000
2025-07-02T15:30:00,4.110,90.10,0.000
2025-07-02T15:15:00,4.120,71.80,0.000
2025-07-02T15:00:00,4.130,77.30,0.000
2025-07-02T14:45:00,4.140,74.60,0.000
2025-07-02T14:30:00,4.150,76.20,0.000
2025-07-02T14:15:00,4.160,73.50,0.000
2025-07-02T14:00:00,4.170,78.90,0.000
2025-07-02T13:45:00,4.170,75.80,0.000
2025-07-02T13:30:00,4.180,77.60,0.000
2025-07-02T13:15:00,4.180,79.20,0.000
2025-07-02T13:00:00,4.180,86.90,0.000
2025-07-02T12:45:00,4.190,85.40,0.000
2025-07-02T12:30:00,4.190,87.80,0.000
2025-07-02T12:15:00,4.190,84.40,0.000
2025-07-02T12:00:00,4.190,85.90,0.000
2025-07-02T11:45:00,4.190,86.30,0.000
2025-07-02T11:30:00,4.200,86.30,0.000
2025-07-02T11:15:00,4.200,90.00,0.000
2025-07-02T11:00:00,4.200,87.80,0.000
2025-07-02T10:45:00,4.200,80.60,0.000
2025-07-02T10:30:00,4.200,86.30,0.000
2025-07-02T10:15:00,4.200,91.40,0.000
2025-07-02T10:00:00,4.200,87.40,0.000
2025-07-02T09:45:00,4.200,88.20,0.000
2025-07-02T09:30:00,4.200,89.60,0.000
2025-07-02T09:15:00,4.200,91.10,0.000
2025-07-02T09:00:00,4.200,89.00,0.000
2025-07-02T08:45:00,4.210,87.80,0.000
2025-07-02T08:30:00,4.210,92.60,0.000
2025-07-02T08:15:00,4.210,91.20,0.000
2025-07-02T08:00:00,4.200,88.10,0.000
2025-07-02T07:45:00,4.200,90.10,0.000
2025-07-02T07:30:00,4.200,87.00,0.000
2025-07-02T07:15:00,4.210,86.60,0.000
2025-07-02T07:00:00,4.200,87.70,0.000
2025-07-02T06:45:00,4.200,83.70,0.000
2025-07-02T06:30:00,4.200,92.40,0.000
2025-07-02T06:15:00,4.200,87.70,0.000
2025-07-02T06:00:00,4.190,88.70,0.000
2025-07-02T05:45:00,4.190,90.50,0.000
2025-07-02T05:30:00,4.190,89.30,0.000
2025-07-02T05:15:00,4.190,88.40,0.000
2025-07-02T05:00:00,4.190,87.90,0.000
2025-07-02T04:45:00,4.180,88.50,0.000
2025-07-02T04:30:00,4.180,89.70,0.000
2025-07-02T04:15:00,4.180,86.80,0.000
2025-07-02T04:00:00,4.180,90.10,0.000
2025-07-02T03:45:00,4.170,87.50,0.000
2025-07-02T03:30:00,4.170,87.00,0.000
2025-07-02T03:15:00,4.160,87.50,0.000
2025-07-02T03:00:00,4.160,88.60,0.000
2025-07-02T02:45:00,4.160,88.90,0.000
2025-07-02T02:30:00,4.150,85.50,0.000
2025-07-02T02:15:00,4.150,89.10,0.000
2025-07-02T02:00:00,4.140,88.00,0.000
2025-07-02T01:45:00,4.140,88.40,0.000
2025-07-02T01:30:00,4.130,90.10,0.000
2025-07-02T01:15:00,4.130,89.20,0.000
2025-07-02T01:00:00,4.120,87.80,0.000
2025-07-02T00:45:00,4.120,82.60,0.000
2025-07-02T00:30:00,4.110,82.10,0.000
2025-07-02T00:15:00,4.110,82.90,0.000
2025-07-02T00:00:00,4.100,83.70,0.000
2025-07-01T23:45:00,4.100,79.40,0.000
2025-07-01T23:30:00,4.100,82.70,0.000
2025-07-01T23:15:00,4.100,80.60,0.000
2025-07-01T23:00:00,4.100,80.20,0.000
2025-07-01T22:45:00,4.100,80.70,0.000
2025-07-01T22:30:00,4.100,83.80,0.000
2025-07-01T22:15:00,4.100,86.00,0.000
2025-07-01T22:00:00,4.100,87.80,0.000
2025-07-01T21:45:00,4.110,90.70,0.500
2025-07-01T21:30:00,4.100,99.40,0.000
2025-07-01T21:15:00,4.100,82.50,0.000
2025-07-01T21:00:00,4.110,80.30,0.000
2025-07-01T20:45:00,4.110,81.40,0.000
2025-07-01T20:30:00,4.120,85.80,0.000
2025-07-01T20:15:00,4.110,84.20,0.000
2025-07-01T20:00:00,4.120,92.30,0.000
2025-07-01T19:45:00,4.120,97.50,0.500
2025-07-01T19:30:00,4.120,97.50,0.500
2025-07-01T19:15:00,4.120,101.40,0.000
2025-07-01T19:00:00,4.130,96.20,0.500
2025-07-01T18:45:00,4.130,99.30,2.000
2025-07-01T18:30:00,4.130,91.00,9.000
2025-07-01T18:15:00,4.120,357.50,2.000
2025-07-01T18:00:00,4.120,53.40,0.000
2025-07-01T17:45:00,4.130,79.50,0.000
2025-07-01T17:30:00,4.130,64.10,0.000
2025-07-01T17:15:00,4.130,78.10,0.000
2025-07-01T17:00:00,4.140,78.30,0.000
2025-07-01T16:45:00,4.140,79.90,0.000
2025-07-01T16:30:00,4.140,74.70,0.000
2025-07-01T16:15:00,4.150,71.30,0.000
2025-07-01T16:00:00,4.150,81.10,0.000
2025-07-01T15:45:00,4.150,73.00,0.000
2025-07-01T15:30:00,4.160,77.80,0.000
2025-07-01T15:15:00,4.160,75.80,0.000
2025-07-01T15:00:00,4.160,83.00,0.000
2025-07-01T14:45:00,4.170,76.70,0.000
2025-07-01T14:30:00,4.170,66.80,0.000
2025-07-01T14:15:00,4.170,80.40,0.000
2025-07-01T14:00:00,4.180,78.00,0.000
2025-07-01T13:45:00,4.180,79.40,0.000
2025-07-01T13:30:00,4.180,79.30,0.000
2025-07-01T13:15:00,4.190,80.10,0.000
2025-07-01T13:00:00,4.190,82.00,0.000
2025-07-01T12:45:00,4.200,82.30,0.000
2025-07-01T12:30:00,4.200,88.00,0.000
2025-07-01T12:15:00,4.200,78.50,0.000
2025-07-01T12:00:00,4.210,81.20,0.000
2025-07-01T11:45:00,4.210,83.70,0.000
2025-07-01T11:30:00,4.210,82.20,0.000
2025-07-01T11:15:00,4.220,82.40,0.000
2025-07-01T11:00:00,4.220,80.10,0.000
2025-07-01T10:45:00,4.220,78.60,0.000
2025-07-01T10:30:00,4.230,86.10,0.000
2025-07-01T10:15:00,4.230,80.80,0.000
2025-07-01T10:00:00,4.230,82.60,0.500
2025-07-01T09:45:00,4.230,80.90,0.000
2025-07-01T09:30:00,4.240,85.50,0.000
2025-07-01T09:15:00,4.240,90.70,0.000
2025-07-01T09:00:00,4.250,91.30,0.000
2025-07-01T08:45:00,4.250,85.60,0.000
2025-07-01T08:30:00,4.260,89.50,0.000
2025-07-01T08:15:00,4.260,91.10,0.000
2025-07-01T08:00:00,4.260,90.00,0.000
2025-07-01T07:45:00,4.270,90.10,0.000
2025-07-01T07:30:00,4.270,87.30,0.000
2025-07-01T07:15:00,4.270,88.70,0.000
2025-07-01T07:00:00,4.270,90.80,0.000
2025-07-01T06:45:00,4.280,94.30,0.000
2025-07-01T06:30:00,4.280,94.30,0.000
2025-07-01T06:15:00,4.280,90.40,0.000
2025-07-01T06:00:00,4.290,87.30,0.000
2025-07-01T05:45:00,4.290,80.30,0.000
2025-07-01T05:30:00,4.290,92.20,0.000
2025-07-01T05:15:00,4.300,92.30,0.000
2025-07-01T05:00:00,4.300,85.30,0.000
2025-07-01T04:45:00,4.300,93.20,0.000
2025-07-01T04:30:00,4.300,85.50,0.000
2025-07-01T04:15:00,4.310,95.80,0.000
2025-07-01T04:00:00,4.310,95.30,0.000
2025-07-01T03:45:00,4.310,92.00,0.000
2025-07-01T03:30:00,4.310,90.90,0.000
2025-07-01T03:15:00,4.320,85.30,0.000
2025-07-01T03:00:00,4.320,92.70,0.000
2025-07-01T02:45:00,4.320,93.60,0.000
2025-07-01T02:30:00,4.330,88.50,0.000
2025-07-01T02:15:00,4.330,87.60,0.000
2025-07-01T02:00:00,4.330,83.10,0.000
2025-07-01T01:45:00,4.330,91.20,0.000
2025-07-01T01:30:00,4.330,84.30,0.000
2025-07-01T01:15:00,4.340,95.40,0.000
2025-07-01T01:00:00,4.340,91.50,0.000
2025-07-01T00:45:00,4.340,90.10,0.000
2025-07-01T00:30:00,4.340,83.30,0.000
2025-07-01T00:15:00,4.340,90.60,0.000
2025-07-01T00:00:00,4.350,88.20,0.000
2025-06-30T23:45:00,4.350,92.00,0.000
2025-06-30T23:30:00,4.350,92.20,0.000
2025-06-30T23:15:00,4.350,94.10,0.000
2025-06-30T23:00:00,4.360,93.20,0.000
2025-06-30T22:45:00,4.360,93.20,0.000
2025-06-30T22:30:00,4.360,90.50,0.000
2025-06-30T22:15:00,4.360,91.10,0.000
2025-06-30T22:00:00,4.360,85.30,0.000
2025-06-30T21:45:00,4.360,97.10,0.000
2025-06-30T21:30:00,4.370,89.20,0.000
2025-06-30T21:15:00,4.370,97.10,0.000
2025-06-30T21:00:00,4.370,89.10,0.000
2025-06-30T20:45:00,4.370,99.70,0.000
2025-06-30T20:30:00,4.370,95.00,0.000
2025-06-30T20:15:00,4.380,98.10,0.000
2025-06-30T20:00:00,4.380,78.00,0.000
2025-06-30T19:45:00,4.380,95.30,0.000
2025-06-30T19:30:00,4.380,96.40,0.000
2025-06-30T19:15:00,4.380,95.40,0.000
2025-06-30T19:00:00,4.380,86.70,0.000
2025-06-30T18:45:00,4.390,96.80,0.000
2025-06-30T18:30:00,4.390,79.20,0.000
2025-06-30T18:15:00,4.390,87.10,0.000
2025-06-30T18:00:00,4.390,98.20,0.000
2025-06-30T17:45:00,4.390,95.80,0.000
2025-06-30T17:30:00,4.390,84.30,0.000
2025-06-30T17:15:00,4.400,82.70,0.000
2025-06-30T17:00:00,4.400,93.70,0.000
2025-06-30T16:45:00,4.400,94.60,0.000
2025-06-30T16:30:00,4.400,103.00,0.000
2025-06-30T16:15:00,4.410,92.50,0.000
2025-06-30T16:00:00,4.410,100.10,0.000
2025-06-30T15:45:00,4.410,105.60,0.000
2025-06-30T15:30:00,4.420,119.50,0.000
2025-06-30T15:15:00,4.420,116.40,0.000
2025-06-30T15:00:00,4.430,114.70,0.500
2025-06-30T14:45:00,4.440,110.10,0.000
2025-06-30T14:30:00,4.440,116.40,0.500
2025-06-30T14:15:00,4.430,112.20,0.000
2025-06-30T14:00:00,4.420,112.10,0.000
2025-06-30T13:45:00,4.410,115.90,0.500
2025-06-30T13:30:00,4.400,118.50,0.500
2025-06-30T13:15:00,4.390,109.50,5.000
2025-06-30T13:00:00,4.380,104.60,7.500
2025-06-30T12:45:00,4.360,97.60,2.500
2025-06-30T12:30:00,4.350,88.90,0.000
2025-06-30T12:15:00,4.350,94.50,0.000
2025-06-30T12:00:00,4.340,81.50,0.000
2025-06-30T11:45:00,4.340,85.40,0.000
2025-06-30T11:30:00,4.330,81.20,0.000
2025-06-30T11:15:00,4.330,106.50,0.000
2025-06-30T11:00:00,4.320,103.80,0.000
2025-06-30T10:45:00,4.320,82.50,0.000
2025-06-30T10:30:00,4.310,91.70,0.000
2025-06-30T10:15:00,4.300,95.10,0.000
2025-06-30T10:00:00,4.300,93.20,0.000
2025-06-30T09:45:00,4.290,90.70,0.000
2025-06-30T09:30:00,4.280,89.80,0.000
2025-06-30T09:15:00,4.280,84.60,0.000
2025-06-30T09:00:00,4.270,92.50,0.000
2025-06-30T08:45:00,4.250,91.90,0.000
2025-06-30T08:30:00,4.250,97.50,0.000
2025-06-30T08:15:00,4.250,97.30,0.000
2025-06-30T08:00:00,4.240,100.20,0.000
2025-06-30T07:45:00,4.240,106.20,0.000
2025-06-30T07:30:00,4.230,115.40,0.500
2025-06-30T07:15:00,4.230,116.00,0.500
2025-06-30T07:00:00,4.220,115.10,0.000
2025-06-30T06:45:00,4.220,116.10,0.500
2025-06-30T06:30:00,4.220,109.50,0.000
2025-06-30T06:15:00,4.210,115.40,0.500
2025-06-30T06:00:00,4.200,111.20,0.000
2025-06-30T05:45:00,4.200,107.80,0.000
2025-06-30T05:30:00,4.190,110.40,0.500
2025-06-30T05:15:00,4.180,110.70,0.000
2025-06-30T05:00:00,4.180,102.30,0.000
2025-06-30T04:45:00,4.170,93.80,0.000
2025-06-30T04:30:00,4.160,95.50,0.000
2025-06-30T04:15:00,4.150,94.30,0.000
2025-06-30T04:00:00,4.150,92.30,0.000
2025-06-30T03:45:00,4.140,94.90,0.000
2025-06-30T03:30:00,4.130,94.20,0.000
2025-06-30T03:15:00,4.120,99.80,0.000
2025-06-30T03:00:00,4.110,94.80,0.000
2025-06-30T02:45:00,4.100,91.70,0.000
2025-06-30T02:30:00,4.090,96.70,0.000
2025-06-30T02:15:00,4.080,94.80,0.000
2025-06-30T02:00:00,4.070,88.50,0.000
2025-06-30T01:45:00,4.060,91.00,0.500
2025-06-30T01:30:00,4.050,96.90,0.000
2025-06-30T01:15:00,4.040,88.30,0.000
2025-06-30T01:00:00,4.030,89.70,0.000
2025-06-30T00:45:00,4.020,87.10,0.000
2025-06-30T00:30:00,4.010,86.20,0.000
2025-06-30T00:15:00,4.010,87.10,0.000
2025-06-30T00:00:00,4.000,83.80,0.000
2025-06-29T23:45:00,4.000,84.10,0.000
2025-06-29T23:30:00,3.990,79.50,0.000
2025-06-29T23:15:00,3.990,80.70,0.000
2025-06-29T23:00:00,3.990,80.70,0.000
2025-06-29T22:45:00,3.980,79.60,0.000
2025-06-29T22:30:00,3.990,81.50,0.000
2025-06-29T22:15:00,3.990,76.60,0.000
2025-06-29T22:00:00,3.990,80.40,0.000
2025-06-29T21:45:00,3.990,77.60,0.500
2025-06-29T21:30:00,3.990,83.20,0.000
2025-06-29T21:15:00,4.000,78.90,0.000
2025-06-29T21:00:00,4.000,83.10,0.000
2025-06-29T20:45:00,4.010,87.80,0.500
2025-06-29T20:30:00,4.020,87.90,0.000
2025-06-29T20:15:00,4.030,86.70,0.000
2025-06-29T20:00:00,4.040,86.80,0.000
2025-06-29T19:45:00,4.040,85.50,0.500
2025-06-29T19:30:00,4.080,84.50,0.000
2025-06-29T19:15:00,4.100,83.40,0.500
2025-06-29T19:00:00,4.100,79.40,1.000
2025-06-29T18:45:00,4.090,79.40,1.000
2025-06-29T18:30:00,4.080,77.00,1.500
2025-06-29T18:15:00,4.080,76.80,0.500
2025-06-29T18:00:00,4.070,57.70,0.000
2025-06-29T17:45:00,4.070,66.70,0.000
2025-06-29T17:30:00,4.070,73.50,1.000
2025-06-29T17:15:00,4.060,0.00,0.500
2025-06-29T17:00:00,4.050,76.50,0.500
2025-06-29T16:45:00,4.050,79.30,1.000
2025-06-29T16:30:00,4.050,76.30,3.500
2025-06-29T16:15:00,4.040,91.20,0.000
2025-06-29T16:00:00,4.040,43.90,0.000
2025-06-29T15:45:00,4.040,42.00,0.000
2025-06-29T15:30:00,4.040,50.50,0.000
2025-06-29T15:15:00,4.030,46.50,0.000
2025-06-29T15:00:00,4.020,53.10,0.000
2025-06-29T14:45:00,4.030,43.40,0.000
2025-06-29T14:30:00,4.020,49.50,0.000
2025-06-29T14:15:00,4.020,56.10,0.000
2025-06-29T14:00:00,4.020,47.00,0.000
2025-06-29T13:45:00,4.020,44.10,0.000
2025-06-29T13:30:00,4.010,53.50,0.000
2025-06-29T13:15:00,4.010,46.90,0.000
2025-06-29T13:00:00,4.000,51.30,0.000
2025-06-29T12:45:00,4.000,50.20,0.000
2025-06-29T12:30:00,4.000,48.40,0.000
2025-06-29T12:15:00,3.990,48.00,0.000
2025-06-29T12:00:00,3.990,51.10,0.000
2025-06-29T11:45:00,3.990,48.80,0.000
2025-06-29T11:30:00,3.980,50.30,0.000
2025-06-29T11:15:00,3.980,50.80,0.000
2025-06-29T11:00:00,3.980,48.40,0.000
2025-06-29T10:45:00,3.970,48.60,0.000
2025-06-29T10:30:00,3.960,53.00,0.000
2025-06-29T10:15:00,3.960,55.00,0.000
2025-06-29T10:00:00,3.960,49.00,0.000
2025-06-29T09:45:00,3.930,57.40,0.000
2025-06-29T09:30:00,3.930,61.00,0.000
2025-06-29T09:15:00,3.940,59.50,0.000
2025-06-29T09:00:00,3.940,63.00,0.000
2025-06-29T08:45:00,3.950,65.80,0.000
2025-06-29T08:30:00,3.950,63.40,0.000
2025-06-29T08:15:00,3.960,64.90,0.000
2025-06-29T08:00:00,3.960,61.40,0.000
2025-06-29T07:45:00,3.970,63.60,0.000
2025-06-29T07:30:00,3.970,64.30,0.000
2025-06-29T07:15:00,3.970,65.90,0.000
2025-06-29T07:00:00,3.980,63.20,0.000
2025-06-29T06:45:00,3.990,67.00,0.000
2025-06-29T06:30:00,3.990,64.90,0.000
2025-06-29T06:15:00,3.990,66.50,0.000
2025-06-29T06:00:00,3.990,64.00,0.000
2025-06-29T05:45:00,4.010,63.50,0.000
2025-06-29T05:30:00,4.010,60.20,0.000
2025-06-29T05:15:00,4.010,60.50,0.000
2025-06-29T05:00:00,4.010,62.50,0.000
2025-06-29T04:45:00,4.010,63.50,0.000
2025-06-29T04:30:00,4.020,69.10,0.000
2025-06-29T04:15:00,4.020,66.30,0.000
2025-06-29T04:00:00,4.020,62.90,0.000
2025-06-29T03:45:00,4.020,61.60,0.000
2025-06-29T03:30:00,4.020,61.80,0.000
2025-06-29T03:15:00,4.020,63.10,0.000
2025-06-29T03:00:00,4.030,65.40,0.000
2025-06-29T02:45:00,4.030,60.90,0.000
2025-06-29T02:30:00,4.030,65.00,0.000
2025-06-29T02:15:00,4.030,62.10,0.000
2025-06-29T02:00:00,4.030,85.70,0.000
2025-06-29T01:45:00,4.040,65.00,0.000
2025-06-29T01:30:00,4.040,66.30,0.000
2025-06-29T01:15:00,4.040,69.70,0.000
2025-06-29T01:00:00,4.040,58.20,0.000
2025-06-29T00:45:00,4.040,63.80,0.000
2025-06-29T00:30:00,4.040,63.60,0.000
2025-06-29T00:15:00,4.050,63.30,0.000
2025-06-29T00:00:00,4.050,64.40,0.000
2025-07-12T23:45:00,4.120,89.70,0.000
2025-07-12T23:30:00,4.130,99.40,1.000
2025-07-12T23:15:00,4.130,96.70,1.000
2025-07-12T23:00:00,4.130,95.20,1.000
2025-07-12T22:45:00,4.140,96.70,1.000
2025-07-12T22:30:00,4.130,97.60,0.500
2025-07-12T22:15:00,4.140,88.50,0.000
2025-07-12T22:00:00,4.140,71.70,0.000
2025-07-12T21:45:00,4.140,79.00,0.000
2025-07-12T21:30:00,4.150,78.20,0.500
2025-07-12T21:15:00,4.150,87.50,1.000
2025-07-12T21:00:00,4.150,89.20,0.000
2025-07-12T20:45:00,4.150,67.50,0.500
2025-07-12T20:30:00,4.150,88.40,0.000
2025-07-12T20:15:00,4.160,78.00,0.000
2025-07-12T20:00:00,4.160,71.10,0.000
2025-07-12T19:45:00,4.170,73.10,0.000
2025-07-12T19:30:00,4.170,78.70,0.000
2025-07-12T19:15:00,4.170,77.70,0.000
2025-07-12T19:00:00,4.180,75.20,0.000
2025-07-12T18:45:00,4.180,74.40,0.000
2025-07-12T18:30:00,4.180,74.20,0.000
2025-07-12T18:15:00,4.190,74.60,0.000
2025-07-12T18:00:00,4.190,78.80,0.000
2025-07-12T17:45:00,4.190,69.90,0.000
2025-07-12T17:30:00,4.200,75.20,0.000
2025-07-12T17:15:00,4.200,86.00,0.000
2025-07-12T17:00:00,4.200,82.10,0.000
2025-07-12T16:45:00,4.210,74.50,0.000
2025-07-12T16:30:00,4.210,66.10,0.000
2025-07-12T16:15:00,4.220,73.00,0.000
2025-07-12T16:00:00,4.210,71.60,0.000
2025-07-12T15:45:00,4.220,64.90,0.000
2025-07-12T15:30:00,4.230,79.50,0.000
2025-07-12T15:15:00,4.230,57.70,0.000
2025-07-12T15:00:00,4.240,63.60,0.000
2025-07-12T14:45:00,4.240,61.30,0.000
2025-07-12T14:30:00,4.250,68.30,0.000
2025-07-12T14:15:00,4.250,79.30,0.000
2025-07-12T14:00:00,4.260,74.50,0.000
2025-07-12T13:45:00,4.260,62.50,0.000
2025-07-12T13:30:00,4.270,84.30,0.000
2025-07-12T13:15:00,4.270,69.10,0.000
2025-07-12T13:00:00,4.280,59.90,0.000
2025-07-12T12:45:00,4.310,47.00,0.000
2025-07-12T12:30:00,4.300,48.80,0.000
2025-07-12T12:15:00,4.300,48.70,0.000
2025-07-12T12:00:00,4.300,55.40,0.000
2025-07-12T11:45:00,4.300,46.70,0.000
2025-07-12T11:30:00,4.300,53.40,0.000
2025-07-12T11:15:00,4.290,52.80,0.000
2025-07-12T11:00:00,4.290,53.30,0.000
2025-07-12T10:45:00,4.290,50.10,0.000
2025-07-12T10:30:00,4.290,58.00,0.000
2025-07-12T10:15:00,4.280,62.80,0.000
2025-07-12T10:00:00,4.280,75.80,0.000
2025-07-12T09:45:00,4.280,76.10,0.000
2025-07-12T09:30:00,4.280,70.60,0.000
2025-07-12T09:15:00,4.270,71.00,0.000
2025-07-12T09:00:00,4.270,67.90,0.000
2025-07-12T08:45:00,4.260,74.20,0.000
2025-07-12T08:30:00,4.260,71.40,0.000
2025-07-12T08:15:00,4.260,71.30,0.000
2025-07-12T08:00:00,4.250,73.10,0.000
2025-07-12T07:45:00,4.250,73.00,0.000
2025-07-12T07:30:00,4.240,78.60,0.000
2025-07-12T07:15:00,4.240,74.30,0.000
2025-07-12T07:00:00,4.240,69.70,0.000
2025-07-12T06:45:00,4.230,72.20,0.000
2025-07-12T06:30:00,4.210,78.60,0.000
2025-07-12T06:15:00,4.210,81.90,0.000
2025-07-12T06:00:00,4.210,81.40,0.000
2025-07-12T05:45:00,4.210,81.40,0.000
2025-07-12T05:30:00,4.220,80.70,0.000
2025-07-12T05:15:00,4.220,77.10,0.000
2025-07-12T05:00:00,4.220,78.20,0.000
2025-07-12T04:45:00,4.220,86.10,0.000
2025-07-12T04:30:00,4.220,75.10,0.000
2025-07-12T04:15:00,4.220,84.10,0.000
2025-07-12T04:00:00,4.220,80.20,0.000
2025-07-12T03:45:00,4.220,79.00,0.000
2025-07-12T03:30:00,4.220,82.40,0.000
2025-07-12T03:15:00,4.230,82.50,0.000
2025-07-12T03:00:00,4.230,82.70,0.000
2025-07-12T02:45:00,4.230,80.40,0.000
2025-07-12T02:30:00,4.230,83.50,0.000
2025-07-12T02:15:00,4.230,79.50,0.000
2025-07-12T02:00:00,4.230,80.90,0.000
2025-07-12T01:45:00,4.230,78.10,0.000
2025-07-12T01:30:00,4.230,82.70,0.000
2025-07-12T01:15:00,4.230,82.70,0.000
2025-07-12T01:00:00,4.230,85.50,0.000
2025-07-12T00:45:00,4.240,79.40,0.000
2025-07-12T00:30:00,4.230,81.20,0.000
2025-07-12T00:15:00,4.230,80.60,0.000
2025-07-12T00:00:00,4.230,83.10,0.000
2025-07-11T23:45:00,4.230,81.80,0.000
2025-07-11T23:30:00,4.240,82.50,0.000
2025-07-11T23:15:00,4.240,81.80,0.000
2025-07-11T23:00:00,4.240,79.50,0.000
2025-07-11T22:45:00,4.240,79.00,0.000
2025-07-11T22:30:00,4.240,78.20,0.000
2025-07-11T22:15:00,4.240,76.30,0.000
2025-07-11T22:00:00,4.240,82.50,0.000
2025-07-11T21:45:00,4.240,82.50,0.000
2025-07-11T21:30:00,4.240,90.00,0.000
2025-07-11T21:15:00,4.230,83.00,0.000
2025-07-11T21:00:00,4.240,79.60,0.000
2025-07-11T20:45:00,4.230,77.50,0.000
2025-07-11T20:30:00,4.230,77.30,0.000
2025-07-11T20:15:00,4.230,79.20,0.000
2025-07-11T20:00:00,4.230,80.70,0.000
2025-07-11T19:45:00,4.230,59.70,0.000
2025-07-11T19:30:00,4.220,79.00,0.000
2025-07-11T19:15:00,4.230,80.00,0.000
2025-07-11T19:00:00,4.220,79.90,0.000
2025-07-11T18:45:00,4.220,72.60,0.000
2025-07-11T18:30:00,4.220,78.00,0.000
2025-07-11T18:15:00,4.210,79.80,0.000
2025-07-11T18:00:00,4.190,91.30,0.000
2025-07-11T17:45:00,4.200,84.00,0.000
2025-07-11T17:30:00,4.210,90.90,0.000
2025-07-11T17:15:00,4.210,84.50,0.000
2025-07-11T17:00:00,4.210,91.60,0.000
2025-07-11T16:45:00,4.220,85.20,0.000
2025-07-11T16:30:00,4.230,85.40,0.000
2025-07-11T16:15:00,4.230,78.90,0.000
2025-07-11T16:00:00,4.230,77.90,0.000
2025-07-11T15:45:00,4.240,83.00,0.000
2025-07-11T15:30:00,4.240,78.30,0.000
2025-07-11T15:15:00,4.250,96.00,0.000
2025-07-11T15:00:00,4.260,93.20,0.000
2025-07-11T14:45:00,4.260,82.40,0.000
2025-07-11T14:30:00,4.270,86.10,0.000
2025-07-11T14:15:00,4.270,91.60,0.000
2025-07-11T14:00:00,4.280,68.80,0.000
2025-07-11T13:45:00,4.290,89.50,0.000
2025-07-11T13:30:00,4.290,70.10,0.000
2025-07-11T13:15:00,4.300,66.30,0.000
2025-07-11T13:00:00,4.310,78.80,0.000
2025-07-11T12:45:00,4.310,83.80,0.000
2025-07-11T12:30:00,4.320,64.10,0.000
2025-07-11T12:15:00,4.330,74.90,0.000
2025-07-11T12:00:00,4.340,66.60,0.000
2025-07-11T11:45:00,4.350,77.40,0.000
2025-07-11T11:30:00,4.370,71.40,0.000
2025-07-11T11:15:00,4.360,66.80,0.000
2025-07-11T11:00:00,4.370,63.10,0.000
2025-07-11T10:45:00,4.360,61.10,0.000
2025-07-11T10:30:00,4.360,64.00,0.000
2025-07-11T10:15:00,4.360,66.60,0.000
2025-07-11T10:00:00,4.360,70.00,0.000
2025-07-11T09:45:00,4.360,72.10,0.000
2025-07-11T09:30:00,4.360,72.20,0.000
2025-07-11T09:15:00,4.360,83.20,0.000
2025-07-11T09:00:00,4.360,96.20,0.000
2025-07-11T08:45:00,4.350,83.40,0.000
2025-07-11T08:30:00,4.350,94.20,0.000
2025-07-11T08:15:00,4.350,72.70,0.000
2025-07-11T08:00:00,4.350,85.80,0.000
2025-07-11T07:45:00,4.360,78.50,0.000
2025-07-11T07:30:00,4.350,85.70,0.000
2025-07-11T07:15:00,4.340,81.60,0.000
2025-07-11T07:00:00,4.340,84.90,0.000
2025-07-11T06:45:00,4.330,84.60,0.000
2025-07-11T06:30:00,4.320,79.90,0.000
2025-07-11T06:15:00,4.310,82.10,0.000
2025-07-11T06:00:00,4.310,79.90,0.000
2025-07-11T05:45:00,4.300,99.70,0.000
2025-07-11T05:30:00,4.290,87.30,0.000
2025-07-11T05:15:00,4.280,87.70,0.000
2025-07-11T05:00:00,4.270,88.80,0.000
2025-07-11T04:45:00,4.270,81.70,0.000
2025-07-11T04:30:00,4.260,78.10,0.000
2025-07-11T04:15:00,4.250,86.40,0.000
2025-07-11T04:00:00,4.250,98.30,0.000
2025-07-11T03:45:00,4.240,90.90,0.000
2025-07-11T03:30:00,4.230,80.10,0.000
2025-07-11T03:15:00,4.220,78.50,0.000
2025-07-11T03:00:00,4.220,81.40,0.000
2025-07-11T02:45:00,4.210,80.60,0.000
2025-07-11T02:30:00,4.210,78.40,0.000
2025-07-11T02:15:00,4.200,79.30,0.000
2025-07-11T02:00:00,4.190,79.30,0.000
2025-07-11T01:45:00,4.190,73.40,0.000
2025-07-11T01:30:00,4.180,80.00,0.000
2025-07-11T01:15:00,4.180,76.30,0.000
2025-07-11T01:00:00,4.170,73.70,0.000
2025-07-11T00:45:00,4.170,88.00,0.000
2025-07-11T00:30:00,4.160,73.80,0.000
2025-07-11T00:15:00,4.160,71.90,0.000
2025-07-11T00:00:00,4.150,73.10,0.000
2025-07-10T23:45:00,4.150,74.60,0.000
2025-07-10T23:30:00,4.150,73.00,0.000
2025-07-10T23:15:00,4.150,72.00,0.000
2025-07-10T23:00:00,4.140,73.20,0.000
2025-07-10T22:45:00,4.130,77.60,0.000
2025-07-10T22:30:00,4.130,72.60,0.000
2025-07-10T22:15:00,4.130,67.80,0.000
2025-07-10T22:00:00,4.120,72.20,0.000
2025-07-10T21:45:00,4.120,64.60,0.000
2025-07-10T21:30:00,4.110,47.70,0.000
2025-07-10T21:15:00,4.110,63.70,0.000
2025-07-10T21:00:00,4.100,65.40,0.000
2025-07-10T20:45:00,4.100,68.30,0.000
2025-07-10T20:30:00,4.090,65.20,0.000
2025-07-10T20:15:00,4.090,72.50,0.000
2025-07-10T20:00:00,4.080,65.30,0.000
2025-07-10T19:45:00,4.070,69.00,0.000
2025-07-10T19:30:00,4.070,72.90,0.000
2025-07-10T19:15:00,4.060,69.00,0.000
2025-07-10T19:00:00,4.060,70.80,0.000
2025-07-10T18:45:00,4.050,67.90,0.000
2025-07-10T18:30:00,4.050,70.40,0.000
2025-07-10T18:15:00,4.040,68.70,0.000
2025-07-10T18:00:00,4.030,61.70,0.000
2025-07-10T17:45:00,4.030,63.60,0.000
2025-07-10T17:30:00,4.020,67.80,0.000
2025-07-10T17:15:00,4.010,67.60,0.000
2025-07-10T17:00:00,4.000,62.80,0.000
2025-07-10T16:45:00,3.990,61.50,0.000
2025-07-10T16:30:00,3.990,59.50,0.000
2025-07-10T16:15:00,3.980,56.20,0.000
2025-07-10T16:00:00,3.970,61.10,0.000
2025-07-10T15:45:00,3.960,59.60,0.000
2025-07-10T15:30:00,3.940,67.30,0.000
2025-07-10T15:15:00,3.940,66.20,0.000
2025-07-10T15:00:00,3.930,66.90,0.000
2025-07-10T14:45:00,3.910,63.20,0.000
2025-07-10T14:30:00,3.910,59.30,0.000
2025-07-10T14:15:00,3.910,68.80,0.000
2025-07-10T14:00:00,3.910,68.40,0.000
2025-07-10T13:45:00,3.900,67.80,0.000
2025-07-10T13:30:00,3.900,68.20,0.000
2025-07-10T13:15:00,3.900,64.40,0.000
2025-07-10T13:00:00,3.900,65.90,0.000
2025-07-10T12:45:00,3.890,64.70,0.000
2025-07-10T12:30:00,3.890,67.00,0.000
2025-07-10T12:15:00,3.890,63.10,0.000
2025-07-10T12:00:00,3.890,62.80,0.000
2025-07-10T11:45:00,3.890,65.60,0.000
2025-07-10T11:30:00,3.890,66.20,0.000
2025-07-10T11:15:00,3.890,63.80,0.000
2025-07-10T11:00:00,3.900,61.30,0.000
2025-07-10T10:45:00,3.900,65.50,0.000
2025-07-10T10:30:00,3.900,59.70,0.000
2025-07-10T10:15:00,3.910,64.10,0.000
2025-07-10T10:00:00,3.910,59.70,0.000
2025-07-10T09:45:00,3.920,66.90,0.000
2025-07-10T09:30:00,3.930,60.50,0.000
2025-07-10T09:15:00,3.940,57.80,0.000
2025-07-10T09:00:00,3.940,60.20,0.000
2025-07-10T08:45:00,3.950,68.50,0.000
2025-07-10T08:30:00,3.960,63.10,0.000
2025-07-10T08:15:00,3.970,58.60,0.000
2025-07-10T08:00:00,3.980,64.80,0.000
2025-07-10T07:45:00,3.980,65.20,0.000
2025-07-10T07:30:00,3.990,67.50,0.000
2025-07-10T07:15:00,3.990,70.50,0.000
2025-07-10T07:00:00,4.000,64.40,0.000
2025-07-10T06:45:00,4.000,67.50,0.000
2025-07-10T06:30:00,4.000,66.30,0.000
2025-07-10T06:15:00,4.010,68.70,0.000
2025-07-10T06:00:00,4.010,67.30,0.000
2025-07-10T05:45:00,4.020,68.20,0.000
2025-07-10T05:30:00,4.020,67.60,0.000
2025-07-10T05:15:00,4.030,65.50,0.000
2025-07-10T05:00:00,4.030,64.40,0.000
2025-07-10T04:45:00,4.030,66.90,0.000
2025-07-10T04:30:00,4.030,69.00,0.000
2025-07-10T04:15:00,4.040,74.50,0.000
2025-07-10T04:00:00,4.040,71.40,0.000
2025-07-10T03:45:00,4.050,70.20,0.000
2025-07-10T03:30:00,4.050,77.90,0.000
2025-07-10T03:15:00,4.060,71.30,0.000
2025-07-10T03:00:00,4.060,71.00,0.000
2025-07-10T02:45:00,4.060,71.20,0.000
2025-07-10T02:30:00,4.070,73.10,0.000
2025-07-10T02:15:00,4.070,71.30,0.000
2025-07-10T02:00:00,4.080,69.60,0.000
2025-07-10T01:45:00,4.080,74.00,0.000
2025-07-10T01:30:00,4.080,74.30,0.000
2025-07-10T01:15:00,4.090,75.60,0.000
2025-07-10T01:00:00,4.090,72.70,0.000
2025-07-10T00:45:00,4.100,73.20,0.000
2025-07-10T00:30:00,4.100,77.50,0.000
2025-07-10T00:15:00,4.110,74.00,0.000
2025-07-10T00:00:00,4.110,73.30,0.000
2025-07-09T23:45:00,4.110,75.50,0.000
2025-07-09T23:30:00,4.120,72.90,0.000
2025-07-09T23:15:00,4.120,73.20,0.000
2025-07-09T23:00:00,4.120,73.00,0.000
2025-07-09T22:45:00,4.130,77.40,0.000
2025-07-09T22:30:00,4.130,93.30,0.000
2025-07-09T22:15:00,4.140,86.80,0.000
2025-07-09T22:00:00,4.140,74.20,0.000
2025-07-09T21:45:00,4.140,73.00,0.000
2025-07-09T21:30:00,4.150,69.30,0.000
2025-07-09T21:15:00,4.150,71.80,0.000
2025-07-09T21:00:00,4.150,74.00,0.000
2025-07-09T20:45:00,4.160,74.60,0.000
2025-07-09T20:30:00,4.160,73.90,0.000
2025-07-09T20:15:00,4.170,76.20,0.000
2025-07-09T20:00:00,4.170,75.00,0.000
2025-07-09T19:45:00,4.170,72.50,0.000
2025-07-09T19:30:00,4.180,76.60,0.000
2025-07-09T19:15:00,4.180,76.10,0.000
2025-07-09T19:00:00,4.190,77.80,0.000
2025-07-09T18:45:00,4.190,70.70,0.000
2025-07-09T18:30:00,4.190,77.40,0.000
2025-07-09T18:15:00,4.190,77.20,0.000
2025-07-09T18:00:00,4.200,76.90,0.000
2025-07-09T17:45:00,4.200,76.90,0.000
2025-07-09T17:30:00,4.200,76.00,0.000
2025-07-09T17:15:00,4.210,72.90,0.000
2025-07-09T17:00:00,4.210,77.80,0.000
2025-07-09T16:45:00,4.220,74.10,0.000
2025-07-09T16:30:00,4.220,76.80,0.000
2025-07-09T16:15:00,4.220,76.30,0.000
2025-07-09T16:00:00,4.220,69.20,0.000
2025-07-09T15:45:00,4.230,75.40,0.000
2025-07-09T15:30:00,4.230,69.00,0.000
2025-07-09T15:15:00,4.230,67.80,0.000
2025-07-09T15:00:00,4.240,68.10,0.000
2025-07-09T14:45:00,4.240,64.00,0.000
2025-07-09T14:30:00,4.240,71.30,0.000
2025-07-09T14:15:00,4.250,61.70,0.000
2025-07-09T14:00:00,4.260,70.20,0.000
2025-07-09T13:45:00,4.250,62.40,0.000
2025-07-09T13:30:00,4.250,68.10,0.000
2025-07-09T13:15:00,4.250,62.20,0.000
2025-07-09T13:00:00,4.250,60.90,0.000
2025-07-09T12:45:00,4.250,58.90,0.000
2025-07-09T12:30:00,4.240,57.60,0.000
2025-07-09T12:15:00,4.240,88.30,0.000
2025-07-09T12:00:00,4.240,61.60,0.000
2025-07-09T11:45:00,4.240,69.90,0.000
2025-07-09T11:30:00,4.230,57.90,0.000
2025-07-09T11:15:00,4.230,62.50,0.000
2025-07-09T11:00:00,4.220,64.60,0.000
2025-07-09T10:45:00,4.220,73.60,0.000
2025-07-09T10:30:00,4.210,68.20,0.000
2025-07-09T10:15:00,4.210,75.80,0.000
2025-07-09T10:00:00,4.200,69.50,0.000
2025-07-09T09:45:00,4.190,72.10,0.000
2025-07-09T09:30:00,4.190,65.20,0.000
2025-07-09T09:15:00,4.180,78.60,0.000
2025-07-09T09:00:00,4.170,73.50,0.000
2025-07-09T08:45:00,4.160,76.90,0.000
2025-07-09T08:30:00,4.150,73.10,0.000
2025-07-09T08:15:00,4.140,77.60,0.000
2025-07-09T08:00:00,4.130,83.90,0.000
2025-07-09T07:45:00,4.120,78.10,0.000
2025-07-09T07:30:00,4.100,82.80,0.000
2025-07-09T07:15:00,4.090,78.30,0.000
2025-07-09T07:00:00,4.070,83.60,0.000
2025-07-09T06:45:00,4.060,83.10,0.000
2025-07-09T06:30:00,4.040,78.70,0.000
2025-07-09T06:15:00,4.010,84.40,0.000
2025-07-09T06:00:00,4.000,81.70,0.000
2025-07-09T05:45:00,4.000,79.10,0.000
2025-07-09T05:30:00,3.990,81.00,0.000
2025-07-09T05:15:00,3.980,80.10,0.000
2025-07-09T05:00:00,3.970,77.90,0.000
2025-07-09T04:45:00,3.960,73.80,0.000
2025-07-09T04:30:00,3.950,78.80,0.000
2025-07-09T04:15:00,3.950,73.60,0.000
2025-07-09T04:00:00,3.940,71.50,0.000
2025-07-09T03:45:00,3.940,72.20,0.000
2025-07-09T03:30:00,3.930,75.40,0.000
2025-07-09T03:15:00,3.930,68.90,0.000
2025-07-09T03:00:00,3.930,76.80,0.000
2025-07-09T02:45:00,3.930,70.40,0.000
2025-07-09T02:30:00,3.930,73.60,0.000
2025-07-09T02:15:00,3.930,69.10,0.000
2025-07-09T02:00:00,3.930,72.30,0.000
2025-07-09T01:45:00,3.940,74.60,0.000
2025-07-09T01:30:00,3.940,71.00,0.000
2025-07-09T01:15:00,3.950,71.40,0.000
2025-07-09T01:00:00,3.950,71.00,0.000
2025-07-09T00:45:00,3.950,73.50,0.000
2025-07-09T00:30:00,3.960,72.30,0.000
2025-07-09T00:15:00,3.960,74.20,0.000
2025-07-09T00:00:00,3.970,74.70,0.000
2025-07-08T23:45:00,3.970,82.10,0.000
2025-07-08T23:30:00,3.970,86.80,0.500
2025-07-08T23:15:00,3.980,88.10,0.500
2025-07-08T23:00:00,3.980,89.90,0.000
2025-07-08T22:45:00,3.990,92.80,0.000
2025-07-08T22:30:00,3.990,86.20,0.000
2025-07-08T22:15:00,4.000,77.10,0.000
2025-07-08T22:00:00,4.000,75.00,0.000
2025-07-08T21:45:00,4.010,78.40,0.000
2025-07-08T21:30:00,4.020,74.20,0.000
2025-07-08T21:15:00,4.020,72.40,0.000
2025-07-08T21:00:00,4.020,76.60,0.000
2025-07-08T20:45:00,4.030,75.60,0.000
2025-07-08T20:30:00,4.030,75.40,0.000
2025-07-08T20:15:00,4.040,82.00,0.000
2025-07-08T20:00:00,4.040,72.60,0.000
2025-07-08T19:45:00,4.050,71.90,0.000
2025-07-08T19:30:00,4.050,74.70,0.000
2025-07-08T19:15:00,4.060,76.70,0.000
2025-07-08T19:00:00,4.060,79.40,0.000
2025-07-08T18:45:00,4.070,76.10,0.000
2025-07-08T18:30:00,4.070,75.60,0.000
2025-07-08T18:15:00,4.070,83.30,0.500
2025-07-08T18:00:00,4.070,78.50,0.000
2025-07-08T17:45:00,4.080,78.40,0.000
2025-07-08T17:30:00,4.080,80.90,0.000
2025-07-08T17:15:00,4.070,87.70,0.000
2025-07-08T17:00:00,4.080,91.60,0.000
2025-07-08T16:45:00,4.100,88.60,0.000
2025-07-08T16:30:00,4.110,86.60,0.000
2025-07-08T16:15:00,4.120,93.80,0.000
2025-07-08T16:00:00,4.130,90.90,0.000
2025-07-08T15:45:00,4.150,91.80,0.000
2025-07-08T15:30:00,4.160,92.00,0.000
2025-07-08T15:15:00,4.180,85.90,0.000
2025-07-08T15:00:00,4.190,99.70,0.000
2025-07-08T14:45:00,4.210,97.50,0.000
2025-07-08T14:30:00,4.240,103.10,0.000
2025-07-08T14:15:00,4.250,92.70,0.000
2025-07-08T14:00:00,4.250,110.70,0.000
2025-07-08T13:45:00,4.260,89.90,0.000
2025-07-08T13:30:00,4.260,93.10,0.000
2025-07-08T13:15:00,4.270,80.20,0.000
2025-07-08T13:00:00,4.270,67.90,0.000
2025-07-08T12:45:00,4.280,82.00,1.000
2025-07-08T12:30:00,4.300,51.60,0.000
2025-07-08T12:15:00,4.290,43.80,0.000
2025-07-08T12:00:00,4.290,50.60,0.000
2025-07-08T11:45:00,4.290,72.20,0.000
2025-07-08T11:30:00,4.280,79.90,0.000
2025-07-08T11:15:00,4.280,77.40,0.000
2025-07-08T11:00:00,4.270,78.70,0.000
2025-07-08T10:45:00,4.260,79.00,0.000
2025-07-08T10:30:00,4.260,72.40,0.000
2025-07-08T10:15:00,4.250,78.10,0.000
2025-07-08T10:00:00,4.250,81.90,0.000
2025-07-08T09:45:00,4.240,79.00,0.000
2025-07-08T09:30:00,4.230,85.80,0.000
2025-07-08T09:15:00,4.220,84.00,0.000
2025-07-08T09:00:00,4.210,84.60,0.000
2025-07-08T08:45:00,4.210,81.60,0.000
2025-07-08T08:30:00,4.200,77.80,0.000
2025-07-08T08:15:00,4.190,82.30,0.000
2025-07-08T08:00:00,4.180,81.40,0.000
2025-07-08T07:45:00,4.170,82.40,0.000
2025-07-08T07:30:00,4.160,80.40,0.000
2025-07-08T07:15:00,4.150,78.40,0.000
2025-07-08T07:00:00,4.130,77.80,0.000
2025-07-08T06:45:00,4.120,92.60,0.000
2025-07-08T06:30:00,4.100,77.50,0.000
2025-07-08T06:15:00,4.100,80.10,0.000
2025-07-08T06:00:00,4.080,76.80,0.000
2025-07-08T05:45:00,4.070,79.90,0.000
2025-07-08T05:30:00,4.050,77.30,0.000
2025-07-08T05:15:00,4.040,78.40,0.000
2025-07-08T05:00:00,4.030,78.00,0.000
2025-07-08T04:45:00,4.020,74.20,0.000
2025-07-08T04:30:00,4.000,70.50,0.000
2025-07-08T04:15:00,3.990,77.00,0.000
2025-07-08T04:00:00,3.980,72.00,0.000
2025-07-08T03:45:00,3.970,72.30,0.000
2025-07-08T03:30:00,3.960,68.50,0.000
2025-07-08T03:15:00,3.950,65.40,0.000
2025-07-08T03:00:00,3.940,68.40,0.000
2025-07-08T02:45:00,3.940,60.50,0.000
2025-07-08T02:30:00,3.930,61.80,0.000
2025-07-08T02:15:00,3.930,65.20,0.000
2025-07-08T02:00:00,3.930,60.20,0.000
2025-07-08T01:45:00,3.920,61.90,0.000
2025-07-08T01:30:00,3.920,64.50,0.000
2025-07-08T01:15:00,3.920,64.30,0.000
2025-07-08T01:00:00,3.910,69.50,0.000
2025-07-08T00:45:00,3.910,65.50,0.500
2025-07-08T00:30:00,3.910,67.60,0.000
2025-07-08T00:15:00,3.910,70.30,0.000
2025-07-08T00:00:00,3.900,69.60,0.000
2025-07-07T23:45:00,3.900,70.30,0.000
2025-07-07T23:30:00,3.900,69.80,0.000
2025-07-07T23:15:00,3.900,69.10,0.000
2025-07-07T23:00:00,3.890,65.10,0.000
2025-07-07T22:45:00,3.890,67.20,0.000
2025-07-07T22:30:00,3.890,56.00,0.000
2025-07-07T22:15:00,3.890,67.60,0.000
2025-07-07T22:00:00,3.890,70.40,0.000
2025-07-07T21:45:00,3.880,68.50,0.000
2025-07-07T21:30:00,3.890,58.40,0.000
2025-07-07T21:15:00,3.880,58.90,0.000
2025-07-07T21:00:00,3.880,59.40,0.500
2025-07-07T20:45:00,3.890,73.10,2.000
2025-07-07T20:30:00,3.880,74.00,0.500
2025-07-07T20:15:00,3.880,78.60,1.000
2025-07-07T20:00:00,3.890,77.00,2.500
2025-07-07T19:45:00,3.880,363.70,9.500
2025-07-07T19:30:00,3.860,560.10,0.000
2025-07-07T19:15:00,3.870,52.60,0.000
2025-07-07T19:00:00,3.890,49.80,0.000
2025-07-07T18:45:00,3.890,51.40,0.000
2025-07-07T18:30:00,3.910,48.00,0.000
2025-07-07T18:15:00,3.900,44.60,0.000
2025-07-07T18:00:00,3.890,45.10,0.000
2025-07-07T17:45:00,3.880,42.80,0.000
2025-07-07T17:30:00,3.870,46.80,0.000
2025-07-07T17:15:00,3.860,43.70,0.000
2025-07-07T17:00:00,3.850,47.10,0.000
2025-07-07T16:45:00,3.840,44.30,0.000
2025-07-07T16:30:00,3.830,43.50,0.000
2025-07-07T16:15:00,3.830,46.30,0.000
2025-07-07T16:00:00,3.810,41.90,0.000
2025-07-07T15:45:00,3.810,41.50,0.000
2025-07-07T15:30:00,3.790,44.40,0.000
2025-07-07T15:15:00,3.780,50.70,0.000
2025-07-07T15:00:00,3.770,44.70,0.000
2025-07-07T14:45:00,3.760,47.90,0.000
2025-07-07T14:30:00,3.750,47.90,0.000
2025-07-07T14:15:00,3.740,47.40,0.000
2025-07-07T14:00:00,3.730,54.00,0.000
2025-07-07T13:45:00,3.720,51.00,0.000
2025-07-07T13:30:00,3.700,47.30,0.000
2025-07-07T13:15:00,3.690,46.10,0.000
2025-07-07T13:00:00,3.680,45.10,0.000
2025-07-07T12:45:00,3.670,0.00,0.000
2025-07-07T12:30:00,3.650,43.70,0.000
2025-07-07T12:15:00,3.650,0.00,0.000
2025-07-07T12:00:00,3.630,0.00,0.000
2025-07-07T11:45:00,3.620,0.00,0.000
2025-07-07T11:30:00,3.630,0.00,0.000
2025-07-07T11:15:00,3.630,0.00,0.000
2025-07-07T11:00:00,3.640,0.00,0.000
2025-07-07T10:45:00,3.640,46.70,0.000
2025-07-07T10:30:00,3.640,0.00,0.000
2025-07-07T10:15:00,3.650,49.80,0.000
2025-07-07T10:00:00,3.650,50.00,0.000
2025-07-07T09:45:00,3.660,48.80,0.000
2025-07-07T09:30:00,3.660,46.00,0.000
2025-07-07T09:15:00,3.670,50.30,0.000
2025-07-07T09:00:00,3.670,56.50,0.000
2025-07-07T08:45:00,3.680,53.50,0.000
2025-07-07T08:30:00,3.690,55.00,0.000
2025-07-07T08:15:00,3.690,59.50,0.000
2025-07-07T08:00:00,3.690,59.50,0.000
2025-07-07T07:45:00,3.700,62.70,0.000
2025-07-07T07:30:00,3.700,60.60,0.000
2025-07-07T07:15:00,3.700,59.70,0.000
2025-07-07T07:00:00,3.690,63.80,0.000
2025-07-07T06:45:00,3.700,60.20,0.000
2025-07-07T06:30:00,3.710,60.20,0.000
2025-07-07T06:15:00,3.730,65.20,0.000
2025-07-07T06:00:00,3.740,62.60,0.000
2025-07-07T05:45:00,3.750,56.80,0.000
2025-07-07T05:30:00,3.760,58.00,0.000
2025-07-07T05:15:00,3.780,57.80,0.000
2025-07-07T05:00:00,3.790,59.80,0.000
2025-07-07T04:45:00,3.810,57.30,0.000
2025-07-07T04:30:00,3.820,59.30,0.000
2025-07-07T04:15:00,3.840,61.20,0.000
2025-07-07T04:00:00,3.850,54.80,0.000
2025-07-07T03:45:00,3.860,58.10,0.000
2025-07-07T03:30:00,3.880,62.50,0.000
2025-07-07T03:15:00,3.890,63.30,0.000
2025-07-07T03:00:00,3.910,63.20,0.000
2025-07-07T02:45:00,3.920,60.90,0.000
2025-07-07T02:30:00,3.940,61.50,0.000
2025-07-07T02:15:00,3.950,59.30,0.000
2025-07-07T02:00:00,3.970,63.20,0.000
2025-07-07T01:45:00,3.990,66.50,0.000
2025-07-07T01:30:00,4.000,65.80,0.000
2025-07-07T01:15:00,4.020,67.40,0.000
2025-07-07T01:00:00,4.030,69.30,0.000
2025-07-07T00:45:00,4.050,72.70,0.000
2025-07-07T00:30:00,4.060,69.40,0.000
2025-07-07T00:15:00,4.080,71.40,0.000
2025-07-07T00:00:00,4.100,72.20,0.000
2025-07-06T23:45:00,4.110,72.30,0.000
2025-07-06T23:30:00,4.130,69.80,0.000
2025-07-06T23:15:00,4.140,74.50,0.000
2025-07-06T23:00:00,4.160,76.00,0.000
2025-07-06T22:45:00,4.170,77.30,0.000
2025-07-06T22:30:00,4.190,80.60,0.000
2025-07-06T22:15:00,4.200,83.80,0.000
2025-07-06T22:00:00,4.210,79.60,0.000
2025-07-06T21:45:00,4.220,84.20,0.000
2025-07-06T21:30:00,4.230,86.50,0.000
2025-07-06T21:15:00,4.240,91.80,0.000
2025-07-06T21:00:00,4.250,93.00,0.000
2025-07-06T20:45:00,4.260,88.20,0.000
2025-07-06T20:30:00,4.260,87.50,0.000
2025-07-06T20:15:00,4.270,88.20,0.000
2025-07-06T20:00:00,4.280,86.70,0.000
2025-07-06T19:45:00,4.280,91.50,0.000
2025-07-06T19:30:00,4.290,90.40,0.000
2025-07-06T19:15:00,4.300,82.80,0.000
2025-07-06T19:00:00,4.310,77.30,0.000
2025-07-06T18:45:00,4.310,75.80,0.000
2025-07-06T18:30:00,4.330,77.40,0.000
2025-07-06T18:15:00,4.330,79.30,0.000
2025-07-06T18:00:00,4.340,79.80,0.000
2025-07-06T17:45:00,4.340,65.70,0.000
2025-07-06T17:30:00,4.340,80.20,0.000
2025-07-06T17:15:00,4.340,73.70,0.000
2025-07-06T17:00:00,4.340,71.30,0.000
2025-07-06T16:45:00,4.340,75.60,0.000
2025-07-06T16:30:00,4.340,76.50,0.000
2025-07-06T16:15:00,4.340,77.70,0.500
2025-07-06T16:00:00,4.330,79.30,0.000
2025-07-06T15:45:00,4.330,87.00,0.000
2025-07-06T15:30:00,4.330,82.90,0.500
2025-07-06T15:15:00,4.320,73.10,0.000
2025-07-06T15:00:00,4.320,94.10,1.000
2025-07-06T14:45:00,4.320,71.60,0.000
2025-07-06T14:30:00,4.320,68.80,0.000
2025-07-06T14:15:00,4.320,82.90,0.000
2025-07-06T14:00:00,4.320,67.10,0.000
2025-07-06T13:45:00,4.320,65.40,0.000
2025-07-06T13:30:00,4.320,72.70,0.000
2025-07-06T13:15:00,4.320,85.70,0.000
2025-07-06T13:00:00,4.310,66.40,0.000
2025-07-06T12:45:00,4.310,68.10,0.000
2025-07-06T12:30:00,4.310,69.80,0.000
2025-07-06T12:15:00,4.310,59.20,0.000
2025-07-06T12:00:00,4.310,61.50,0.000
2025-07-06T11:45:00,4.310,58.90,0.000
2025-07-06T11:30:00,4.310,65.70,0.000
2025-07-06T11:15:00,4.310,58.60,0.000
2025-07-06T11:00:00,4.310,52.50,0.000
2025-07-06T10:45:00,4.320,53.40,0.000
2025-07-06T10:30:00,4.320,70.20,0.000
2025-07-06T10:15:00,4.330,77.40,0.000
2025-07-06T10:00:00,4.330,69.70,0.000
2025-07-06T09:45:00,4.330,73.20,0.000
2025-07-06T09:30:00,4.330,79.60,0.000
2025-07-06T09:15:00,4.340,70.70,0.000
2025-07-06T09:00:00,4.340,83.90,0.000
2025-07-06T08:45:00,4.340,85.70,0.000
2025-07-06T08:30:00,4.340,83.60,0.000
2025-07-06T08:15:00,4.350,83.40,0.000
2025-07-06T08:00:00,4.350,90.70,0.000
2025-07-06T07:45:00,4.360,80.60,0.000
2025-07-06T07:30:00,4.360,83.40,0.000
2025-07-06T07:15:00,4.370,79.40,0.000
2025-07-06T07:00:00,4.360,81.80,0.000
2025-07-06T06:45:00,4.360,75.20,0.000
2025-07-06T06:30:00,4.360,75.50,0.000
2025-07-06T06:15:00,4.350,79.30,0.000
2025-07-06T06:00:00,4.350,79.50,0.000
2025-07-06T05:45:00,4.340,84.30,0.000
2025-07-06T05:30:00,4.340,79.40,0.000
2025-07-06T05:15:00,4.330,82.70,0.000
2025-07-06T05:00:00,4.330,82.60,0.000
2025-07-06T04:45:00,4.320,77.60,0.000
2025-07-06T04:30:00,4.320,74.10,0.000
2025-07-06T04:15:00,4.310,69.80,0.000
2025-07-06T04:00:00,4.300,77.60,0.000
2025-07-06T03:45:00,4.290,80.90,0.000
2025-07-06T03:30:00,4.290,82.60,0.000
2025-07-06T03:15:00,4.280,76.30,0.000
2025-07-06T03:00:00,4.270,68.60,0.000
2025-07-06T02:45:00,4.260,71.40,0.000
2025-07-06T02:30:00,4.250,78.60,0.000
2025-07-06T02:15:00,4.240,74.90,0.000
2025-07-06T02:00:00,4.240,76.90,0.000
2025-07-06T01:45:00,4.230,74.70,0.000
2025-07-06T01:30:00,4.220,74.00,0.000
2025-07-06T01:15:00,4.210,72.30,0.000
2025-07-06T01:00:00,4.200,73.10,0.000
2025-07-06T00:45:00,4.190,73.20,0.000
2025-07-06T00:30:00,4.190,74.00,0.000
2025-07-06T00:15:00,4.180,73.00,0.000
2025-07-06T00:00:00,4.170,69.60,0.000
2025-07-19T23:45:00,3.990,78.00,0.000
2025-07-19T23:30:00,3.980,76.30,0.000
2025-07-19T23:15:00,3.970,73.70,0.000
2025-07-19T23:00:00,3.960,70.90,0.000
2025-07-19T22:45:00,3.950,70.60,0.000
2025-07-19T22:30:00,3.940,72.80,0.000
2025-07-19T22:15:00,3.940,66.90,0.000
2025-07-19T22:00:00,3.930,68.50,0.000
2025-07-19T21:45:00,3.920,67.40,0.000
2025-07-19T21:30:00,3.920,66.90,0.000
2025-07-19T21:15:00,3.910,64.00,0.000
2025-07-19T21:00:00,3.910,66.40,0.000
2025-07-19T20:45:00,3.900,59.00,0.000
2025-07-19T20:30:00,3.900,66.80,0.000
2025-07-19T20:15:00,3.900,63.60,0.000
2025-07-19T20:00:00,3.890,70.20,0.000
2025-07-19T19:45:00,3.890,76.10,0.000
2025-07-19T19:30:00,3.890,57.90,0.000
2025-07-19T19:15:00,3.890,64.10,0.000
2025-07-19T19:00:00,3.880,57.10,0.000
2025-07-19T18:45:00,3.880,58.70,0.500
2025-07-19T18:30:00,3.880,77.90,1.000
2025-07-19T18:15:00,3.870,79.70,3.000
2025-07-19T18:00:00,3.860,79.70,7.000
2025-07-19T17:45:00,3.850,0.00,13.500
2025-07-19T17:30:00,3.820,340.80,17.000
2025-07-19T17:15:00,3.800,332.60,2.500
2025-07-19T17:00:00,3.790,60.30,0.000
2025-07-19T16:45:00,3.790,60.40,0.000
2025-07-19T16:30:00,3.800,55.10,0.000
2025-07-19T16:15:00,3.790,54.10,0.000
2025-07-19T16:00:00,3.790,55.40,0.000
2025-07-19T15:45:00,3.800,55.80,0.000
2025-07-19T15:30:00,3.800,58.40,0.000
2025-07-19T15:15:00,3.800,56.70,0.000
2025-07-19T15:00:00,3.810,58.70,0.000
2025-07-19T14:45:00,3.810,59.70,0.000
2025-07-19T14:30:00,3.810,60.80,0.000
2025-07-19T14:15:00,3.810,74.50,0.000
2025-07-19T14:00:00,3.810,58.10,0.000
2025-07-19T13:45:00,3.810,59.40,0.000
2025-07-19T13:30:00,3.810,56.90,0.000
2025-07-19T13:15:00,3.810,57.10,0.000
2025-07-19T13:00:00,3.820,62.70,0.000
2025-07-19T12:45:00,3.810,58.00,0.000
2025-07-19T12:30:00,3.810,66.60,0.000
2025-07-19T12:15:00,3.810,59.50,0.000
2025-07-19T12:00:00,3.820,61.20,0.000
2025-07-19T11:45:00,3.820,54.80,0.000
2025-07-19T11:30:00,3.820,62.40,0.000
2025-07-19T11:15:00,3.820,61.60,0.000
2025-07-19T11:00:00,3.820,54.00,0.000
2025-07-19T10:45:00,3.830,57.80,0.000
2025-07-19T10:30:00,3.830,61.10,0.000
2025-07-19T10:15:00,3.830,59.60,0.000
2025-07-19T10:00:00,3.830,62.00,0.000
2025-07-19T09:45:00,3.830,59.80,0.000
2025-07-19T09:30:00,3.830,61.20,0.000
2025-07-19T09:15:00,3.830,54.80,0.000
2025-07-19T09:00:00,3.830,59.00,0.000
2025-07-19T08:45:00,3.840,59.80,0.000
2025-07-19T08:30:00,3.840,61.60,0.000
2025-07-19T08:15:00,3.840,63.20,0.000
2025-07-19T08:00:00,3.840,64.80,0.000
2025-07-19T07:45:00,3.840,60.80,0.000
2025-07-19T07:30:00,3.840,60.90,0.000
2025-07-19T07:15:00,3.840,62.70,0.000
2025-07-19T07:00:00,3.840,65.40,0.000
2025-07-19T06:45:00,3.840,59.10,0.000
2025-07-19T06:30:00,3.840,61.90,0.000
2025-07-19T06:15:00,3.840,64.30,0.000
2025-07-19T06:00:00,3.840,63.30,0.000
2025-07-19T05:45:00,3.840,63.00,0.000
2025-07-19T05:30:00,3.840,64.50,0.000
2025-07-19T05:15:00,3.840,61.00,0.000
2025-07-19T05:00:00,3.840,62.20,0.000
2025-07-19T04:45:00,3.830,63.10,0.000
2025-07-19T04:30:00,3.830,62.70,0.000
2025-07-19T04:15:00,3.830,64.90,0.000
2025-07-19T04:00:00,3.840,64.20,0.000
2025-07-19T03:45:00,3.840,64.20,0.000
2025-07-19T03:30:00,3.830,63.40,0.000
2025-07-19T03:15:00,3.830,62.30,0.000
2025-07-19T03:00:00,3.830,58.90,0.000
2025-07-19T02:45:00,3.830,61.10,0.000
2025-07-19T02:30:00,3.830,62.50,0.000
2025-07-19T02:15:00,3.830,59.10,0.000
2025-07-19T02:00:00,3.830,61.60,0.000
2025-07-19T01:45:00,3.820,63.50,0.000
2025-07-19T01:30:00,3.830,64.80,0.000
2025-07-19T01:15:00,3.830,64.90,0.000
2025-07-19T01:00:00,3.820,61.90,0.000
2025-07-19T00:45:00,3.820,60.30,0.000
2025-07-19T00:30:00,3.820,62.00,0.000
2025-07-19T00:15:00,3.810,64.80,0.000
2025-07-19T00:00:00,3.810,61.60,0.000
2025-07-18T23:45:00,3.810,66.20,0.000
2025-07-18T23:30:00,3.810,63.30,0.000
2025-07-18T23:15:00,3.810,64.60,0.000
2025-07-18T23:00:00,3.810,62.50,0.000
2025-07-18T22:45:00,3.810,61.50,0.000
2025-07-18T22:30:00,3.800,63.10,0.000
2025-07-18T22:15:00,3.800,66.60,0.000
2025-07-18T22:00:00,3.800,61.80,0.000
2025-07-18T21:45:00,3.800,62.10,0.000
2025-07-18T21:30:00,3.790,64.70,0.000
2025-07-18T21:15:00,3.800,64.90,0.000
2025-07-18T21:00:00,3.790,62.20,0.000
2025-07-18T20:45:00,3.790,61.80,0.000
2025-07-18T20:30:00,3.780,64.40,0.000
2025-07-18T20:15:00,3.780,63.20,0.000
2025-07-18T20:00:00,3.780,63.20,0.000
2025-07-18T19:45:00,3.780,60.80,0.000
2025-07-18T19:30:00,3.780,60.90,0.000
2025-07-18T19:15:00,3.770,61.60,0.000
2025-07-18T19:00:00,3.770,60.00,0.000
2025-07-18T18:45:00,3.760,56.90,0.000
2025-07-18T18:30:00,3.760,59.30,0.000
2025-07-18T18:15:00,3.760,65.20,0.000
2025-07-18T18:00:00,3.750,61.20,0.000
2025-07-18T17:45:00,3.740,65.90,0.000
2025-07-18T17:30:00,3.750,64.00,0.000
2025-07-18T17:15:00,3.750,63.30,0.000
2025-07-18T17:00:00,3.750,63.20,0.000
2025-07-18T16:45:00,3.750,59.40,0.000
2025-07-18T16:30:00,3.750,63.50,0.000
2025-07-18T16:15:00,3.760,62.90,0.000
2025-07-18T16:00:00,3.750,64.00,0.000
2025-07-18T15:45:00,3.750,68.10,0.000
2025-07-18T15:30:00,3.760,61.90,0.000
2025-07-18T15:15:00,3.760,61.50,0.000
2025-07-18T15:00:00,3.760,62.10,0.000
2025-07-18T14:45:00,3.760,65.40,0.000
2025-07-18T14:30:00,3.760,66.50,0.000
2025-07-18T14:15:00,3.760,66.30,0.000
2025-07-18T14:00:00,3.760,62.90,0.000
2025-07-18T13:45:00,3.760,68.90,0.000
2025-07-18T13:30:00,3.760,63.90,0.000
2025-07-18T13:15:00,3.760,69.10,0.000
2025-07-18T13:00:00,3.770,70.30,0.000
2025-07-18T12:45:00,3.760,64.90,0.000
2025-07-18T12:30:00,3.770,62.90,0.000
2025-07-18T12:15:00,3.770,66.30,0.000
2025-07-18T12:00:00,3.770,72.70,0.000
2025-07-18T11:45:00,3.770,67.00,0.000
2025-07-18T11:30:00,3.770,67.70,2.000
2025-07-18T11:15:00,3.770,62.40,0.500
2025-07-18T11:00:00,3.770,64.90,0.000
2025-07-18T10:45:00,3.770,63.10,0.000
2025-07-18T10:30:00,3.760,66.80,0.000
2025-07-18T10:15:00,3.770,59.60,0.000
2025-07-18T10:00:00,3.770,63.70,0.000
2025-07-18T09:45:00,3.770,61.50,0.000
2025-07-18T09:30:00,3.770,62.20,0.000
2025-07-18T09:15:00,3.780,66.70,0.000
2025-07-18T09:00:00,3.770,64.00,0.000
2025-07-18T08:45:00,3.780,63.90,0.000
2025-07-18T08:30:00,3.780,66.40,0.000
2025-07-18T08:15:00,3.780,66.70,0.000
2025-07-18T08:00:00,3.780,64.10,0.000
2025-07-18T07:45:00,3.780,65.20,0.000
2025-07-18T07:30:00,3.790,61.60,0.000
2025-07-18T07:15:00,3.790,64.80,0.000
2025-07-18T07:00:00,3.780,67.00,0.000
2025-07-18T06:45:00,3.790,62.70,0.000
2025-07-18T06:30:00,3.790,65.60,0.000
2025-07-18T06:15:00,3.790,62.70,0.000
2025-07-18T06:00:00,3.790,65.80,0.000
2025-07-18T05:45:00,3.790,64.60,0.000
2025-07-18T05:30:00,3.790,62.50,0.000
2025-07-18T05:15:00,3.790,60.60,0.000
2025-07-18T05:00:00,3.790,61.50,0.000
2025-07-18T04:45:00,3.800,65.20,0.000
2025-07-18T04:30:00,3.790,67.60,0.000
2025-07-18T04:15:00,3.790,65.90,0.000
2025-07-18T04:00:00,3.800,62.60,0.000
2025-07-18T03:45:00,3.800,65.80,0.000
2025-07-18T03:30:00,3.800,60.50,0.000
2025-07-18T03:15:00,3.800,66.80,0.000
2025-07-18T03:00:00,3.800,61.10,0.000
2025-07-18T02:45:00,3.800,66.80,0.000
2025-07-18T02:30:00,3.800,67.60,0.000
2025-07-18T02:15:00,3.800,67.00,0.000
2025-07-18T02:00:00,3.800,65.20,0.000
2025-07-18T01:45:00,3.810,66.40,0.000
2025-07-18T01:30:00,3.810,64.00,0.000
2025-07-18T01:15:00,3.810,65.50,0.000
2025-07-18T01:00:00,3.800,64.90,0.000
2025-07-18T00:45:00,3.800,60.60,0.000
2025-07-18T00:30:00,3.800,69.30,0.000
2025-07-18T00:15:00,3.810,67.70,0.000
2025-07-18T00:00:00,3.810,67.50,0.000
2025-07-17T23:45:00,3.810,65.70,0.000
2025-07-17T23:30:00,3.810,64.80,0.000
2025-07-17T23:15:00,3.810,64.00,0.000
2025-07-17T23:00:00,3.810,66.10,0.000
2025-07-17T22:45:00,3.810,65.20,0.000
2025-07-17T22:30:00,3.810,65.40,0.000
2025-07-17T22:15:00,3.810,65.80,0.000
2025-07-17T22:00:00,3.810,67.10,0.000
2025-07-17T21:45:00,3.810,62.00,0.000
2025-07-17T21:30:00,3.810,60.70,0.000
2025-07-17T21:15:00,3.800,68.40,0.000
2025-07-17T21:00:00,3.810,66.80,0.000
2025-07-17T20:45:00,3.810,71.00,0.000
2025-07-17T20:30:00,3.810,60.20,0.500
2025-07-17T20:15:00,3.810,77.30,1.500
2025-07-17T20:00:00,3.810,77.00,0.500
2025-07-17T19:45:00,3.800,67.20,0.500
2025-07-17T19:30:00,3.800,61.50,0.000
2025-07-17T19:15:00,3.800,66.30,0.000
2025-07-17T19:00:00,3.810,69.10,0.000
2025-07-17T18:45:00,3.800,65.90,0.000
2025-07-17T18:30:00,3.810,67.30,0.000
2025-07-17T18:15:00,3.800,65.60,0.000
2025-07-17T18:00:00,3.800,68.60,0.000
2025-07-17T17:45:00,3.800,67.60,0.000
2025-07-17T17:30:00,3.800,65.60,0.000
2025-07-17T17:15:00,3.810,65.10,0.000
2025-07-17T17:00:00,3.810,65.80,0.000
2025-07-17T16:45:00,3.810,65.40,0.000
2025-07-17T16:30:00,3.800,62.40,0.000
2025-07-17T16:15:00,3.800,62.50,0.000
2025-07-17T16:00:00,3.800,73.70,0.000
2025-07-17T15:45:00,3.800,59.80,0.000
2025-07-17T15:30:00,3.800,64.70,0.000
2025-07-17T15:15:00,3.800,63.90,0.000
2025-07-17T15:00:00,3.800,64.30,0.000
2025-07-17T14:45:00,3.800,63.00,0.000
2025-07-17T14:30:00,3.800,58.90,0.000
2025-07-17T14:15:00,3.800,61.40,0.000
2025-07-17T14:00:00,3.790,60.60,0.000
2025-07-17T13:45:00,3.790,62.70,0.000
2025-07-17T13:30:00,3.790,69.10,0.000
2025-07-17T13:15:00,3.790,65.20,0.000
2025-07-17T13:00:00,3.770,67.30,0.000
2025-07-17T12:45:00,3.770,73.80,0.000
2025-07-17T12:30:00,3.780,67.90,0.000
2025-07-17T12:15:00,3.780,66.50,0.000
2025-07-17T12:00:00,3.790,72.70,0.000
2025-07-17T11:45:00,3.790,71.60,0.000
2025-07-17T11:30:00,3.800,70.20,0.000
2025-07-17T11:15:00,3.800,72.70,0.000
2025-07-17T11:00:00,3.810,68.80,0.000
2025-07-17T10:45:00,3.820,71.00,0.000
2025-07-17T10:30:00,3.830,73.30,0.000
2025-07-17T10:15:00,3.830,72.20,0.000
2025-07-17T10:00:00,3.830,68.00,0.000
2025-07-17T09:45:00,3.850,68.40,0.000
2025-07-17T09:30:00,3.860,70.20,0.000
2025-07-17T09:15:00,3.860,73.40,0.000
2025-07-17T09:00:00,3.880,73.10,0.000
2025-07-17T08:45:00,3.900,73.50,0.000
2025-07-17T08:30:00,3.900,71.30,0.000
2025-07-17T08:15:00,3.900,70.20,0.000
2025-07-17T08:00:00,3.900,73.10,0.000
2025-07-17T07:45:00,3.910,69.70,0.000
2025-07-17T07:30:00,3.910,68.00,0.000
2025-07-17T07:15:00,3.920,69.90,0.000
2025-07-17T07:00:00,3.920,74.50,0.000
2025-07-17T06:45:00,3.920,72.10,0.000
2025-07-17T06:30:00,3.920,73.90,0.000
2025-07-17T06:15:00,3.930,72.50,0.000
2025-07-17T06:00:00,3.930,77.50,0.000
2025-07-17T05:45:00,3.940,71.10,0.000
2025-07-17T05:30:00,3.940,78.10,0.000
2025-07-17T05:15:00,3.940,74.80,0.000
2025-07-17T05:00:00,3.950,77.90,0.000
2025-07-17T04:45:00,3.950,73.60,0.000
2025-07-17T04:30:00,3.950,73.50,0.000
2025-07-17T04:15:00,3.950,78.90,0.000
2025-07-17T04:00:00,3.960,78.10,0.000
2025-07-17T03:45:00,3.960,75.20,0.000
2025-07-17T03:30:00,3.970,75.90,0.000
2025-07-17T03:15:00,3.970,78.30,0.000
2025-07-17T03:00:00,3.970,78.70,0.000
2025-07-17T02:45:00,3.980,76.20,0.000
2025-07-17T02:30:00,3.980,68.00,0.000
2025-07-17T02:15:00,3.990,74.50,0.000
2025-07-17T02:00:00,3.990,68.80,0.000
2025-07-17T01:45:00,3.990,79.40,0.000
2025-07-17T01:30:00,4.000,77.50,0.000
2025-07-17T01:15:00,4.010,76.20,0.000
2025-07-17T01:00:00,4.010,81.00,0.000
2025-07-17T00:45:00,4.010,80.60,0.000
2025-07-17T00:30:00,4.020,84.70,0.000
2025-07-17T00:15:00,4.020,83.90,0.000
2025-07-17T00:00:00,4.030,80.50,0.000
2025-07-16T23:45:00,4.030,81.50,0.000
2025-07-16T23:30:00,4.030,81.30,0.000
2025-07-16T23:15:00,4.030,85.00,0.000
2025-07-16T23:00:00,4.040,83.40,0.000
2025-07-16T22:45:00,4.040,89.50,0.000
2025-07-16T22:30:00,4.050,85.20,0.000
2025-07-16T22:15:00,4.060,80.20,0.000
2025-07-16T22:00:00,4.060,83.80,0.000
2025-07-16T21:45:00,4.060,82.10,0.000
2025-07-16T21:30:00,4.060,83.70,0.000
2025-07-16T21:15:00,4.070,86.00,0.000
2025-07-16T21:00:00,4.070,84.50,0.000
2025-07-16T20:45:00,4.080,83.50,0.000
2025-07-16T20:30:00,4.080,85.30,0.000
2025-07-16T20:15:00,4.080,87.10,0.000
2025-07-16T20:00:00,4.090,82.10,0.000
2025-07-16T19:45:00,4.090,87.20,0.000
2025-07-16T19:30:00,4.090,86.70,0.000
2025-07-16T19:15:00,4.100,84.10,0.000
2025-07-16T19:00:00,4.100,85.80,0.000
2025-07-16T18:45:00,4.100,89.00,0.000
2025-07-16T18:30:00,4.110,89.90,0.000
2025-07-16T18:15:00,4.110,85.60,0.000
2025-07-16T18:00:00,4.110,84.80,0.000
2025-07-16T17:45:00,4.120,88.10,0.000
2025-07-16T17:30:00,4.120,87.90,0.000
2025-07-16T17:15:00,4.120,83.50,0.000
2025-07-16T17:00:00,4.120,87.60,0.000
2025-07-16T16:45:00,4.130,90.80,0.000
2025-07-16T16:30:00,4.130,89.20,0.000
2025-07-16T16:15:00,4.130,91.10,0.000
2025-07-16T16:00:00,4.120,90.50,0.000
2025-07-16T15:45:00,4.170,79.40,0.000
2025-07-16T15:30:00,4.160,81.10,0.000
2025-07-16T15:15:00,4.150,83.80,0.000
2025-07-16T15:00:00,4.150,81.40,0.000
2025-07-16T14:45:00,4.150,85.30,0.000
2025-07-16T14:30:00,4.140,86.10,0.000
2025-07-16T14:15:00,4.130,81.30,0.000
2025-07-16T14:00:00,4.120,80.50,0.000
2025-07-16T13:45:00,4.110,78.30,0.000
2025-07-16T13:30:00,4.110,79.90,0.000
2025-07-16T13:15:00,4.100,83.30,0.000
2025-07-16T13:00:00,4.090,80.10,0.000
2025-07-16T12:45:00,4.080,82.20,0.000
2025-07-16T12:30:00,4.080,82.40,0.000
2025-07-16T12:15:00,4.060,86.60,0.000
2025-07-16T12:00:00,4.060,78.90,0.500
2025-07-16T11:45:00,4.040,77.50,0.000
2025-07-16T11:30:00,4.020,72.10,0.000
2025-07-16T11:15:00,4.000,81.60,0.000
2025-07-16T11:00:00,3.990,78.20,0.000
2025-07-16T10:45:00,3.970,80.20,0.000
2025-07-16T10:30:00,3.960,74.90,0.000
2025-07-16T10:15:00,3.950,74.90,0.000
2025-07-16T10:00:00,3.940,72.90,0.000
2025-07-16T09:45:00,3.930,72.20,0.000
2025-07-16T09:30:00,3.920,67.70,0.000
2025-07-16T09:15:00,3.910,71.70,0.000
2025-07-16T09:00:00,3.900,74.30,0.000
2025-07-16T08:45:00,3.900,70.70,0.000
2025-07-16T08:30:00,3.890,63.70,0.000
2025-07-16T08:15:00,3.890,74.10,0.000
2025-07-16T08:00:00,3.890,72.20,0.000
2025-07-16T07:45:00,3.900,69.00,0.000
2025-07-16T07:30:00,3.890,69.70,0.000
2025-07-16T07:15:00,3.890,69.00,0.000
2025-07-16T07:00:00,3.890,75.50,0.000
2025-07-16T06:45:00,3.900,80.40,0.500
2025-07-16T06:30:00,3.900,78.90,0.500
2025-07-16T06:15:00,3.900,82.40,1.000
2025-07-16T06:00:00,3.900,80.50,0.000
2025-07-16T05:45:00,3.900,76.10,0.000
2025-07-16T05:30:00,3.910,81.00,0.500
2025-07-16T05:15:00,3.910,83.90,0.500
2025-07-16T05:00:00,3.910,78.50,0.000
2025-07-16T04:45:00,3.910,71.00,0.000
2025-07-16T04:30:00,3.920,88.30,0.500
2025-07-16T04:15:00,3.920,79.00,4.000
2025-07-16T04:00:00,3.920,65.30,1.500
2025-07-16T03:45:00,3.920,84.20,2.000
2025-07-16T03:30:00,3.910,70.30,0.000
2025-07-16T03:15:00,3.920,69.00,0.000
2025-07-16T03:00:00,3.920,71.30,0.000
2025-07-16T02:45:00,3.930,68.80,0.000
2025-07-16T02:30:00,3.930,74.90,0.000
2025-07-16T02:15:00,3.940,69.80,0.000
2025-07-16T02:00:00,3.940,69.00,0.000
2025-07-16T01:45:00,3.950,69.50,0.000
2025-07-16T01:30:00,3.950,71.60,0.000
2025-07-16T01:15:00,3.960,69.70,0.000
2025-07-16T01:00:00,3.960,69.30,0.000
2025-07-16T00:45:00,3.970,71.50,0.000
2025-07-16T00:30:00,3.970,70.40,0.000
2025-07-16T00:15:00,3.980,71.50,0.000
2025-07-16T00:00:00,3.990,71.00,0.000
2025-07-15T23:45:00,3.990,72.90,0.000
2025-07-15T23:30:00,3.990,72.70,0.000
2025-07-15T23:15:00,4.000,69.10,0.000
2025-07-15T23:00:00,4.000,69.50,0.000
2025-07-15T22:45:00,4.010,73.50,0.000
2025-07-15T22:30:00,4.020,73.30,0.000
2025-07-15T22:15:00,4.020,73.90,0.000
2025-07-15T22:00:00,4.030,72.60,0.000
2025-07-15T21:45:00,4.030,77.40,0.000
2025-07-15T21:30:00,4.040,76.60,0.000
2025-07-15T21:15:00,4.040,73.80,0.000
2025-07-15T21:00:00,4.050,78.60,0.000
2025-07-15T20:45:00,4.050,75.50,0.000
2025-07-15T20:30:00,4.060,78.80,0.000
2025-07-15T20:15:00,4.060,76.80,0.000
2025-07-15T20:00:00,4.070,74.10,0.000
2025-07-15T19:45:00,4.080,71.60,0.000
2025-07-15T19:30:00,4.090,80.10,0.000
2025-07-15T19:15:00,4.090,75.20,0.000
2025-07-15T19:00:00,4.100,76.40,0.000
2025-07-15T18:45:00,4.110,80.30,0.000
2025-07-15T18:30:00,4.120,78.50,0.000
2025-07-15T18:15:00,4.130,71.10,0.000
2025-07-15T18:00:00,4.140,80.10,0.000
2025-07-15T17:45:00,4.150,74.10,0.000
2025-07-15T17:30:00,4.160,74.70,0.000
2025-07-15T17:15:00,4.170,80.30,0.000
2025-07-15T17:00:00,4.180,77.80,0.000
2025-07-15T16:45:00,4.220,59.20,0.000
2025-07-15T16:30:00,4.220,59.60,0.000
2025-07-15T16:15:00,4.210,63.60,0.000
2025-07-15T16:00:00,4.210,68.20,0.000
2025-07-15T15:45:00,4.210,71.20,0.000
2025-07-15T15:30:00,4.200,54.60,0.000
2025-07-15T15:15:00,4.210,58.40,0.000
2025-07-15T15:00:00,4.200,61.70,0.000
2025-07-15T14:45:00,4.200,71.80,0.000
2025-07-15T14:30:00,4.190,80.60,0.000
2025-07-15T14:15:00,4.180,67.50,0.000
2025-07-15T14:00:00,4.170,75.30,0.000
2025-07-15T13:45:00,4.190,68.40,0.000
2025-07-15T13:30:00,4.190,65.60,0.000
2025-07-15T13:15:00,4.200,79.90,0.000
2025-07-15T13:00:00,4.200,63.10,0.000
2025-07-15T12:45:00,4.210,82.00,0.000
2025-07-15T12:30:00,4.220,72.50,0.000
2025-07-15T12:15:00,4.220,69.20,0.000
2025-07-15T12:00:00,4.230,70.30,0.000
2025-07-15T11:45:00,4.240,67.20,0.000
2025-07-15T11:30:00,4.240,71.80,0.000
2025-07-15T11:15:00,4.240,73.70,0.000
2025-07-15T11:00:00,4.250,80.00,0.000
2025-07-15T10:45:00,4.250,79.70,0.000
2025-07-15T10:30:00,4.230,85.20,0.000
2025-07-15T10:15:00,4.240,87.90,0.000
2025-07-15T10:00:00,4.250,85.40,0.000
2025-07-15T09:45:00,4.270,86.90,0.000
2025-07-15T09:30:00,4.290,87.60,0.000
2025-07-15T09:15:00,4.300,82.90,0.000
2025-07-15T09:00:00,4.300,79.10,0.000
2025-07-15T08:45:00,4.310,90.10,0.000
2025-07-15T08:30:00,4.310,93.00,0.000
2025-07-15T08:15:00,4.320,95.40,0.000
2025-07-15T08:00:00,4.330,82.50,0.000
2025-07-15T07:45:00,4.330,93.50,0.000
2025-07-15T07:30:00,4.340,89.50,0.000
2025-07-15T07:15:00,4.370,80.90,0.000
2025-07-15T07:00:00,4.370,81.00,0.000
2025-07-15T06:45:00,4.370,81.70,0.000
2025-07-15T06:30:00,4.360,74.20,0.000
2025-07-15T06:15:00,4.360,77.20,0.000
2025-07-15T06:00:00,4.360,78.60,0.000
2025-07-15T05:45:00,4.360,84.90,0.000
2025-07-15T05:30:00,4.360,83.80,0.000
2025-07-15T05:15:00,4.350,75.50,0.000
2025-07-15T05:00:00,4.350,71.10,0.000
2025-07-15T04:45:00,4.340,79.00,0.000
2025-07-15T04:30:00,4.330,66.20,0.000
2025-07-15T04:15:00,4.330,67.60,0.000
2025-07-15T04:00:00,4.320,71.30,0.000
2025-07-15T03:45:00,4.310,78.30,0.000
2025-07-15T03:30:00,4.300,73.70,0.000
2025-07-15T03:15:00,4.300,71.80,0.000
2025-07-15T03:00:00,4.290,70.90,0.000
2025-07-15T02:45:00,4.280,72.00,0.000
2025-07-15T02:30:00,4.280,75.00,0.000
2025-07-15T02:15:00,4.270,67.60,0.000
2025-07-15T02:00:00,4.260,74.50,0.000
2025-07-15T01:45:00,4.250,70.60,0.000
2025-07-15T01:30:00,4.250,73.00,0.000
2025-07-15T01:15:00,4.240,74.10,0.000
2025-07-15T01:00:00,4.230,70.00,0.000
2025-07-15T00:45:00,4.220,68.80,0.000
2025-07-15T00:30:00,4.210,69.40,0.000
2025-07-15T00:15:00,4.210,65.00,0.000
2025-07-15T00:00:00,4.200,64.50,0.000
2025-07-14T23:45:00,4.200,66.30,0.000
2025-07-14T23:30:00,4.190,69.90,0.000
2025-07-14T23:15:00,4.190,65.20,0.000
2025-07-14T23:00:00,4.190,65.30,0.000
2025-07-14T22:45:00,4.180,66.50,0.000
2025-07-14T22:30:00,4.180,56.20,0.000
2025-07-14T22:15:00,4.170,66.90,0.000
2025-07-14T22:00:00,4.170,64.60,0.000
2025-07-14T21:45:00,4.170,62.70,0.000
2025-07-14T21:30:00,4.160,88.50,0.000
2025-07-14T21:15:00,4.150,87.30,0.000
2025-07-14T21:00:00,4.150,72.60,0.000
2025-07-14T20:45:00,4.150,70.10,0.000
2025-07-14T20:30:00,4.140,60.70,0.000
2025-07-14T20:15:00,4.130,46.30,0.000
2025-07-14T20:00:00,4.130,53.90,0.000
2025-07-14T19:45:00,4.120,49.90,0.000
2025-07-14T19:30:00,4.120,40.30,0.000
2025-07-14T19:15:00,4.120,56.40,0.000
2025-07-14T19:00:00,4.110,61.90,0.000
2025-07-14T18:45:00,4.110,59.70,0.000
2025-07-14T18:30:00,4.100,61.00,0.000
2025-07-14T18:15:00,4.100,52.10,0.000
2025-07-14T18:00:00,4.090,54.30,0.000
2025-07-14T17:45:00,4.080,57.00,0.000
2025-07-14T17:30:00,4.080,58.40,0.000
2025-07-14T17:15:00,4.070,54.70,0.000
2025-07-14T17:00:00,4.070,57.30,0.000
2025-07-14T16:45:00,4.060,55.90,0.000
2025-07-14T16:30:00,4.050,53.60,0.000
2025-07-14T16:15:00,4.050,58.30,0.000
2025-07-14T16:00:00,4.040,63.40,0.000
2025-07-14T15:45:00,4.040,57.10,0.000
2025-07-14T15:30:00,4.030,54.80,0.000
2025-07-14T15:15:00,4.020,48.60,0.000
2025-07-14T15:00:00,4.020,52.70,0.000
2025-07-14T14:45:00,4.010,49.70,0.000
2025-07-14T14:30:00,4.000,63.20,0.000
2025-07-14T14:15:00,4.000,53.70,0.000
2025-07-14T14:00:00,3.990,58.20,0.000
2025-07-14T13:45:00,3.980,56.20,0.000
2025-07-14T13:30:00,3.970,55.40,0.000
2025-07-14T13:15:00,3.970,57.30,0.000
2025-07-14T13:00:00,3.960,52.50,0.000
2025-07-14T12:45:00,3.950,58.30,0.000
2025-07-14T12:30:00,3.940,59.70,0.000
2025-07-14T12:15:00,3.940,53.20,0.000
2025-07-14T12:00:00,3.930,54.70,0.000
2025-07-14T11:45:00,3.920,57.30,0.000
2025-07-14T11:30:00,3.910,53.80,0.000
2025-07-14T11:15:00,3.900,55.30,0.000
2025-07-14T11:00:00,3.890,52.10,0.000
2025-07-14T10:45:00,3.890,51.40,0.000
2025-07-14T10:30:00,3.880,51.90,0.000
2025-07-14T10:15:00,3.860,55.00,0.000
2025-07-14T10:00:00,3.850,54.50,0.500
2025-07-14T09:45:00,3.840,52.70,0.000
2025-07-14T09:30:00,3.830,55.80,0.000
2025-07-14T09:15:00,3.820,62.50,0.000
2025-07-14T09:00:00,3.810,56.50,0.000
2025-07-14T08:45:00,3.800,56.60,0.000
2025-07-14T08:30:00,3.800,60.80,0.000
2025-07-14T08:15:00,3.790,60.60,0.000
2025-07-14T08:00:00,3.780,59.20,0.000
2025-07-14T07:45:00,3.760,60.00,0.000
2025-07-14T07:30:00,3.750,57.30,0.000
2025-07-14T07:15:00,3.750,60.20,0.000
2025-07-14T07:00:00,3.740,60.70,0.000
2025-07-14T06:45:00,3.690,71.30,0.000
2025-07-14T06:30:00,3.690,72.20,0.000
2025-07-14T06:15:00,3.700,72.90,0.000
2025-07-14T06:00:00,3.700,72.60,0.000
2025-07-14T05:45:00,3.710,72.90,0.000
2025-07-14T05:30:00,3.710,68.80,0.000
2025-07-14T05:15:00,3.710,72.60,0.000
2025-07-14T05:00:00,3.720,73.10,0.000
2025-07-14T04:45:00,3.730,71.80,0.000
2025-07-14T04:30:00,3.730,72.90,0.000
2025-07-14T04:15:00,3.730,69.70,0.000
2025-07-14T04:00:00,3.740,70.80,0.000
2025-07-14T03:45:00,3.740,62.00,0.000
2025-07-14T03:30:00,3.740,67.90,0.000
2025-07-14T03:15:00,3.750,66.50,0.000
2025-07-14T03:00:00,3.760,64.50,0.000
2025-07-14T02:45:00,3.760,65.30,0.000
2025-07-14T02:30:00,3.770,70.60,0.000
2025-07-14T02:15:00,3.770,69.80,0.000
2025-07-14T02:00:00,3.780,65.90,0.000
2025-07-14T01:45:00,3.780,71.60,0.000
2025-07-14T01:30:00,3.790,69.80,0.000
2025-07-14T01:15:00,3.800,73.50,0.000
2025-07-14T01:00:00,3.800,70.50,0.500
2025-07-14T00:45:00,3.810,66.60,0.000
2025-07-14T00:30:00,3.810,70.80,0.000
2025-07-14T00:15:00,3.820,65.50,0.000
2025-07-14T00:00:00,3.830,72.20,0.000
2025-07-13T23:45:00,3.830,74.00,0.000
2025-07-13T23:30:00,3.840,70.10,0.000
2025-07-13T23:15:00,3.850,71.70,0.000
2025-07-13T23:00:00,3.850,68.40,0.000
2025-07-13T22:45:00,3.860,71.40,0.000
2025-07-13T22:30:00,3.870,67.60,0.000
2025-07-13T22:15:00,3.870,74.10,0.000
2025-07-13T22:00:00,3.880,69.70,0.000
2025-07-13T21:45:00,3.890,75.70,0.000
2025-07-13T21:30:00,3.900,86.40,0.000
2025-07-13T21:15:00,3.910,70.50,0.000
2025-07-13T21:00:00,3.910,71.70,0.000
2025-07-13T20:45:00,3.930,67.10,0.000
2025-07-13T20:30:00,3.930,64.90,0.000
2025-07-13T20:15:00,3.940,80.00,0.000
2025-07-13T20:00:00,3.950,78.80,0.000
2025-07-13T19:45:00,3.960,79.40,0.000
2025-07-13T19:30:00,3.980,78.90,0.000
2025-07-13T19:15:00,3.990,77.00,0.000
2025-07-13T19:00:00,4.000,79.60,0.000
2025-07-13T18:45:00,4.020,80.40,0.000
2025-07-13T18:30:00,4.030,74.20,0.000
2025-07-13T18:15:00,4.030,80.60,0.000
2025-07-13T18:00:00,4.060,70.20,0.000
2025-07-13T17:45:00,4.060,64.20,0.000
2025-07-13T17:30:00,4.070,81.60,0.000
2025-07-13T17:15:00,4.070,77.30,0.000
2025-07-13T17:00:00,4.070,72.70,0.000
2025-07-13T16:45:00,4.070,67.10,0.000
2025-07-13T16:30:00,4.070,73.20,0.000
2025-07-13T16:15:00,4.080,71.80,0.000
2025-07-13T16:00:00,4.080,71.80,0.000
2025-07-13T15:45:00,4.080,74.00,0.000
2025-07-13T15:30:00,4.080,74.40,0.000
2025-07-13T15:15:00,4.080,74.70,0.000
2025-07-13T15:00:00,4.090,75.70,0.000
2025-07-13T14:45:00,4.090,73.40,0.000
2025-07-13T14:30:00,4.090,76.30,0.000
2025-07-13T14:15:00,4.090,75.90,0.000
2025-07-13T14:00:00,4.100,76.70,0.000
2025-07-13T13:45:00,4.100,63.70,0.000
2025-07-13T13:30:00,4.090,75.80,0.000
2025-07-13T13:15:00,4.100,81.10,0.000
2025-07-13T13:00:00,4.100,72.70,0.000
2025-07-13T12:45:00,4.100,74.50,0.000
2025-07-13T12:30:00,4.100,78.80,0.000
2025-07-13T12:15:00,4.100,77.40,0.000
2025-07-13T12:00:00,4.110,73.00,0.000
2025-07-13T11:45:00,4.110,74.80,0.000
2025-07-13T11:30:00,4.110,75.70,0.000
2025-07-13T11:15:00,4.110,73.00,0.000
2025-07-13T11:00:00,4.110,77.40,0.000
2025-07-13T10:45:00,4.110,73.70,0.000
2025-07-13T10:30:00,4.110,78.50,0.000
2025-07-13T10:15:00,4.110,76.10,0.000
2025-07-13T10:00:00,4.110,74.60,0.000
2025-07-13T09:45:00,4.110,75.30,0.000
2025-07-13T09:30:00,4.110,76.70,0.500
2025-07-13T09:15:00,4.110,73.90,0.000
2025-07-13T09:00:00,4.110,74.40,0.000
2025-07-13T08:45:00,4.120,75.60,0.000
2025-07-13T08:30:00,4.110,81.10,0.000
2025-07-13T08:15:00,4.110,77.90,0.000
2025-07-13T08:00:00,4.110,76.30,0.000
2025-07-13T07:45:00,4.110,76.20,0.000
2025-07-13T07:30:00,4.110,82.10,0.000
2025-07-13T07:15:00,4.110,81.50,0.000
2025-07-13T07:00:00,4.110,74.50,0.000
2025-07-13T06:45:00,4.110,78.20,0.000
2025-07-13T06:30:00,4.110,77.30,0.000
2025-07-13T06:15:00,4.110,76.20,0.000
2025-07-13T06:00:00,4.110,79.30,0.000
2025-07-13T05:45:00,4.110,74.50,0.000
2025-07-13T05:30:00,4.110,74.60,0.000
2025-07-13T05:15:00,4.110,75.10,0.000
2025-07-13T05:00:00,4.110,76.90,0.000
2025-07-13T04:45:00,4.110,74.80,0.000
2025-07-13T04:30:00,4.110,78.00,0.000
2025-07-13T04:15:00,4.110,71.00,0.000
2025-07-13T04:00:00,4.100,80.90,0.000
2025-07-13T03:45:00,4.110,72.80,0.000
2025-07-13T03:30:00,4.110,73.90,0.000
2025-07-13T03:15:00,4.110,80.10,0.000
2025-07-13T03:00:00,4.110,71.80,0.000
2025-07-13T02:45:00,4.110,77.40,0.000
2025-07-13T02:30:00,4.110,74.10,0.000
2025-07-13T02:15:00,4.110,72.80,0.000
2025-07-13T02:00:00,4.110,75.10,0.000
2025-07-13T01:45:00,4.110,79.20,0.000
2025-07-13T01:30:00,4.120,95.70,0.000
2025-07-13T01:15:00,4.110,89.30,0.000
2025-07-13T01:00:00,4.120,74.50,0.000
2025-07-13T00:45:00,4.120,71.20,0.000
2025-07-13T00:30:00,4.120,78.00,0.000
2025-07-13T00:15:00,4.120,79.90,0.000
2025-07-13T00:00:00,4.130,83.90,0.500
2025-07-26T23:45:00,3.990,94.40,0.500
2025-07-26T23:30:00,3.990,101.50,0.000
2025-07-26T23:15:00,4.010,98.50,0.000
2025-07-26T23:00:00,4.030,88.60,0.000
2025-07-26T22:45:00,4.020,83.10,0.000
2025-07-26T22:30:00,4.020,88.60,0.500
2025-07-26T22:15:00,4.020,92.90,0.000
2025-07-26T22:00:00,4.010,87.30,0.500
2025-07-26T21:45:00,4.010,96.60,0.000
2025-07-26T21:30:00,4.010,91.00,0.500
2025-07-26T21:15:00,4.010,89.20,0.500
2025-07-26T21:00:00,3.990,89.60,1.000
2025-07-26T20:45:00,3.990,86.20,4.500
2025-07-26T20:30:00,3.970,76.40,20.000
2025-07-26T20:15:00,3.940,361.70,6.000
2025-07-26T20:00:00,3.930,83.90,7.500
2025-07-26T19:45:00,3.920,62.60,0.000
2025-07-26T19:30:00,3.930,64.40,0.000
2025-07-26T19:15:00,3.920,64.30,0.000
2025-07-26T19:00:00,3.930,64.60,0.000
2025-07-26T18:45:00,3.930,67.70,0.000
2025-07-26T18:30:00,3.930,64.00,0.000
2025-07-26T18:15:00,3.930,67.20,0.000
2025-07-26T18:00:00,3.940,61.30,0.000
2025-07-26T17:45:00,3.940,64.90,0.000
2025-07-26T17:30:00,3.950,67.10,0.000
2025-07-26T17:15:00,3.950,63.40,0.000
2025-07-26T17:00:00,3.950,64.60,1.500
2025-07-26T16:45:00,3.950,51.00,0.000
2025-07-26T16:30:00,3.950,56.50,0.000
2025-07-26T16:15:00,3.960,56.80,0.000
2025-07-26T16:00:00,3.960,58.00,0.000
2025-07-26T15:45:00,3.970,58.90,0.000
2025-07-26T15:30:00,3.970,61.30,0.000
2025-07-26T15:15:00,3.970,50.40,0.000
2025-07-26T15:00:00,3.980,59.60,0.000
2025-07-26T14:45:00,3.980,61.60,0.000
2025-07-26T14:30:00,3.990,61.50,0.000
2025-07-26T14:15:00,3.990,63.90,0.000
2025-07-26T14:00:00,3.990,62.70,0.000
2025-07-26T13:45:00,4.000,62.80,0.000
2025-07-26T13:30:00,4.000,67.60,0.000
2025-07-26T13:15:00,4.000,59.60,0.000
2025-07-26T13:00:00,4.010,62.10,0.000
2025-07-26T12:45:00,4.010,59.50,0.000
2025-07-26T12:30:00,4.020,61.10,0.000
2025-07-26T12:15:00,4.020,57.10,0.000
2025-07-26T12:00:00,4.020,64.80,0.000
2025-07-26T11:45:00,4.020,50.00,0.000
2025-07-26T11:30:00,4.030,61.70,0.000
2025-07-26T11:15:00,4.030,53.50,0.000
2025-07-26T11:00:00,4.040,54.60,0.000
2025-07-26T10:45:00,4.050,66.60,0.000
2025-07-26T10:30:00,4.050,66.20,0.000
2025-07-26T10:15:00,4.060,57.30,0.000
2025-07-26T10:00:00,4.070,68.30,0.000
2025-07-26T09:45:00,4.080,56.20,0.000
2025-07-26T09:30:00,4.080,62.90,0.000
2025-07-26T09:15:00,4.080,58.70,0.000
2025-07-26T09:00:00,4.080,65.50,0.000
2025-07-26T08:45:00,4.080,65.30,0.000
2025-07-26T08:30:00,4.080,65.30,0.000
2025-07-26T08:15:00,4.080,63.20,0.000
2025-07-26T08:00:00,4.080,70.10,0.000
2025-07-26T07:45:00,4.080,65.20,0.000
2025-07-26T07:30:00,4.080,61.40,0.000
2025-07-26T07:15:00,4.080,63.40,0.000
2025-07-26T07:00:00,4.080,65.30,0.000
2025-07-26T06:45:00,4.080,64.20,0.000
2025-07-26T06:30:00,4.080,69.70,0.000
2025-07-26T06:15:00,4.080,61.10,0.000
2025-07-26T06:00:00,4.080,58.90,0.000
2025-07-26T05:45:00,4.090,56.20,0.000
2025-07-26T05:30:00,4.080,60.20,0.000
2025-07-26T05:15:00,4.070,52.80,0.000
2025-07-26T05:00:00,4.060,55.40,0.000
2025-07-26T04:45:00,4.050,55.80,0.000
2025-07-26T04:30:00,4.040,56.90,0.000
2025-07-26T04:15:00,4.030,56.40,0.000
2025-07-26T04:00:00,4.020,50.50,0.000
2025-07-26T03:45:00,4.010,53.60,0.000
2025-07-26T03:30:00,4.000,59.00,0.000
2025-07-26T03:15:00,3.980,54.50,0.000
2025-07-26T03:00:00,3.970,53.00,0.000
2025-07-26T02:45:00,3.960,58.90,0.000
2025-07-26T02:30:00,3.950,57.60,0.000
2025-07-26T02:15:00,3.940,51.20,0.000
2025-07-26T02:00:00,3.920,52.90,0.000
2025-07-26T01:45:00,3.910,54.00,0.000
2025-07-26T01:30:00,3.900,52.80,0.000
2025-07-26T01:15:00,3.890,57.00,0.000
2025-07-26T01:00:00,3.870,53.70,0.000
2025-07-26T00:45:00,3.860,56.00,0.000
2025-07-26T00:30:00,3.850,55.10,0.000
2025-07-26T00:15:00,3.830,53.90,0.000
2025-07-26T00:00:00,3.820,55.80,0.000
2025-07-25T23:45:00,3.810,53.20,0.000
2025-07-25T23:30:00,3.790,55.10,0.000
2025-07-25T23:15:00,3.780,53.00,0.000
2025-07-25T23:00:00,3.770,51.30,0.000
2025-07-25T22:45:00,3.750,50.10,0.000
2025-07-25T22:30:00,3.740,46.30,0.000
2025-07-25T22:15:00,3.730,53.40,0.000
2025-07-25T22:00:00,3.720,44.70,0.000
2025-07-25T21:45:00,3.710,44.60,0.000
2025-07-25T21:30:00,3.710,40.40,0.000
2025-07-25T21:15:00,3.710,41.70,0.000
2025-07-25T21:00:00,3.690,48.70,0.000
2025-07-25T20:45:00,3.700,51.50,0.000
2025-07-25T20:30:00,3.700,46.80,0.000
2025-07-25T20:15:00,3.700,46.80,0.000
2025-07-25T20:00:00,3.710,50.00,0.000
2025-07-25T19:45:00,3.720,53.10,0.000
2025-07-25T19:30:00,3.720,51.40,0.000
2025-07-25T19:15:00,3.720,49.10,0.000
2025-07-25T19:00:00,3.730,45.80,0.000
2025-07-25T18:45:00,3.730,47.00,0.000
2025-07-25T18:30:00,3.730,47.00,0.000
2025-07-25T18:15:00,3.740,44.00,0.000
2025-07-25T18:00:00,3.740,44.40,0.000
2025-07-25T17:45:00,3.740,48.50,0.000
2025-07-25T17:30:00,3.720,48.80,0.000
2025-07-25T17:15:00,3.730,56.80,0.000
2025-07-25T17:00:00,3.750,49.90,0.000
2025-07-25T16:45:00,3.760,49.50,0.000
2025-07-25T16:30:00,3.770,47.40,0.000
2025-07-25T16:15:00,3.780,48.80,0.000
2025-07-25T16:00:00,3.790,43.50,0.000
2025-07-25T15:45:00,3.810,50.60,0.000
2025-07-25T15:30:00,3.820,54.20,0.000
2025-07-25T15:15:00,3.830,52.30,0.000
2025-07-25T15:00:00,3.850,51.90,0.000
2025-07-25T14:45:00,3.860,51.70,0.000
2025-07-25T14:30:00,3.890,50.30,0.000
2025-07-25T14:15:00,3.900,57.30,0.000
2025-07-25T14:00:00,3.910,48.90,0.000
2025-07-25T13:45:00,3.930,53.40,0.000
2025-07-25T13:30:00,3.950,64.10,0.000
2025-07-25T13:15:00,3.960,55.80,0.000
2025-07-25T13:00:00,3.980,55.20,0.000
2025-07-25T12:45:00,4.000,63.50,0.000
2025-07-25T12:30:00,4.010,50.70,0.000
2025-07-25T12:15:00,4.030,60.80,0.000
2025-07-25T12:00:00,4.050,58.60,0.000
2025-07-25T11:45:00,4.060,63.80,0.000
2025-07-25T11:30:00,4.080,64.00,0.000
2025-07-25T11:15:00,4.100,79.70,0.000
2025-07-25T11:00:00,4.120,72.10,0.000
2025-07-25T10:45:00,4.140,69.70,0.000
2025-07-25T10:30:00,4.160,75.50,0.000
2025-07-25T10:15:00,4.180,78.10,0.000
2025-07-25T10:00:00,4.200,79.30,0.000
2025-07-25T09:45:00,4.220,84.30,0.000
2025-07-25T09:30:00,4.240,87.00,0.000
2025-07-25T09:15:00,4.260,85.10,0.000
2025-07-25T09:00:00,4.280,82.00,0.000
2025-07-25T08:45:00,4.320,71.80,0.000
2025-07-25T08:30:00,4.330,66.60,0.000
2025-07-25T08:15:00,4.330,77.40,0.000
2025-07-25T08:00:00,4.330,77.10,0.000
2025-07-25T07:45:00,4.330,81.30,0.000
2025-07-25T07:30:00,4.330,82.00,0.000
2025-07-25T07:15:00,4.330,81.30,0.000
2025-07-25T07:00:00,4.330,78.30,0.000
2025-07-25T06:45:00,4.330,76.30,0.000
2025-07-25T06:30:00,4.330,86.10,0.000
2025-07-25T06:15:00,4.330,69.50,0.000
2025-07-25T06:00:00,4.330,84.00,0.000
2025-07-25T05:45:00,4.330,79.60,0.000
2025-07-25T05:30:00,4.330,77.00,0.000
2025-07-25T05:15:00,4.330,82.00,0.000
2025-07-25T05:00:00,4.330,82.20,0.000
2025-07-25T04:45:00,4.330,80.40,0.000
2025-07-25T04:30:00,4.340,81.00,0.000
2025-07-25T04:15:00,4.340,84.70,0.000
2025-07-25T04:00:00,4.340,82.10,0.000
2025-07-25T03:45:00,4.340,73.90,0.000
2025-07-25T03:30:00,4.340,70.80,0.000
2025-07-25T03:15:00,4.340,74.70,0.000
2025-07-25T03:00:00,4.320,70.40,0.000
2025-07-25T02:45:00,4.320,75.70,0.000
2025-07-25T02:30:00,4.310,65.70,0.000
2025-07-25T02:15:00,4.300,70.90,0.000
2025-07-25T02:00:00,4.290,69.40,0.000
2025-07-25T01:45:00,4.280,69.60,0.000
2025-07-25T01:30:00,4.270,67.10,0.000
2025-07-25T01:15:00,4.270,74.60,0.000
2025-07-25T01:00:00,4.260,66.90,0.000
2025-07-25T00:45:00,4.250,70.40,0.000
2025-07-25T00:30:00,4.240,68.70,0.000
2025-07-25T00:15:00,4.230,67.30,0.000
2025-07-25T00:00:00,4.220,68.90,0.000
2025-07-24T23:45:00,4.210,66.40,0.000
2025-07-24T23:30:00,4.200,67.60,0.000
2025-07-24T23:15:00,4.190,69.60,0.000
2025-07-24T23:00:00,4.180,61.40,0.000
2025-07-24T22:45:00,4.170,63.80,0.000
2025-07-24T22:30:00,4.160,63.80,0.000
2025-07-24T22:15:00,4.150,59.70,0.000
2025-07-24T22:00:00,4.140,61.80,0.000
2025-07-24T21:45:00,4.140,58.20,0.000
2025-07-24T21:30:00,4.130,57.10,0.000
2025-07-24T21:15:00,4.130,56.10,0.000
2025-07-24T21:00:00,4.130,50.60,0.000
2025-07-24T20:45:00,4.130,51.50,0.000
2025-07-24T20:30:00,4.130,55.20,0.000
2025-07-24T20:15:00,4.130,60.00,0.000
2025-07-24T20:00:00,4.120,53.30,0.000
2025-07-24T19:45:00,4.120,52.10,0.000
2025-07-24T19:30:00,4.120,54.50,0.000
2025-07-24T19:15:00,4.120,56.50,0.000
2025-07-24T19:00:00,4.120,58.00,0.000
2025-07-24T18:45:00,4.110,65.20,0.000
2025-07-24T18:30:00,4.110,56.40,0.000
2025-07-24T18:15:00,4.090,64.40,0.000
2025-07-24T18:00:00,4.100,62.30,0.000
2025-07-24T17:45:00,4.100,64.70,0.000
2025-07-24T17:30:00,4.100,65.50,0.000
2025-07-24T17:15:00,4.100,74.90,0.000
2025-07-24T17:00:00,4.110,69.50,0.000
2025-07-24T16:45:00,4.120,68.60,0.000
2025-07-24T16:30:00,4.130,64.10,0.000
2025-07-24T16:15:00,4.140,76.50,0.000
2025-07-24T16:00:00,4.150,70.10,0.000
2025-07-24T15:45:00,4.170,77.10,0.000
2025-07-24T15:30:00,4.180,69.60,0.000
2025-07-24T15:15:00,4.190,74.80,0.000
2025-07-24T15:00:00,4.200,78.00,0.000
2025-07-24T14:45:00,4.210,64.90,0.000
2025-07-24T14:30:00,4.220,73.90,0.000
2025-07-24T14:15:00,4.230,69.00,0.000
2025-07-24T14:00:00,4.250,66.10,0.000
2025-07-24T13:45:00,4.260,77.80,0.000
2025-07-24T13:30:00,4.270,86.00,0.000
2025-07-24T13:15:00,4.280,79.80,0.000
2025-07-24T13:00:00,4.290,92.80,0.000
2025-07-24T12:45:00,4.310,88.80,0.000
2025-07-24T12:30:00,4.320,95.50,0.000
2025-07-24T12:15:00,4.330,90.10,0.000
2025-07-24T12:00:00,4.340,94.30,0.000
2025-07-24T11:45:00,4.360,85.10,0.000
2025-07-24T11:30:00,4.370,80.50,0.000
2025-07-24T11:15:00,4.360,91.20,0.500
2025-07-24T11:00:00,4.350,83.00,0.000
2025-07-24T10:45:00,4.340,86.10,0.000
2025-07-24T10:30:00,4.330,79.50,0.000
2025-07-24T10:15:00,4.310,81.30,0.000
2025-07-24T10:00:00,4.310,92.10,0.000
2025-07-24T09:45:00,4.300,84.70,0.000
2025-07-24T09:30:00,4.280,84.20,0.000
2025-07-24T09:15:00,4.280,72.50,0.000
2025-07-24T09:00:00,4.270,76.50,0.000
2025-07-24T08:45:00,4.250,74.70,0.000
2025-07-24T08:30:00,4.240,69.70,0.000
2025-07-24T08:15:00,4.230,70.30,0.000
2025-07-24T08:00:00,4.220,71.50,0.000
2025-07-24T07:45:00,4.220,68.40,0.000
2025-07-24T07:30:00,4.200,64.10,0.000
2025-07-24T07:15:00,4.190,58.30,0.000
2025-07-24T07:00:00,4.180,62.00,0.000
2025-07-24T06:45:00,4.160,56.60,0.000
2025-07-24T06:30:00,4.150,62.70,0.000
2025-07-24T06:15:00,4.140,61.10,0.000
2025-07-24T06:00:00,4.130,59.30,0.000
2025-07-24T05:45:00,4.120,54.00,0.000
2025-07-24T05:30:00,4.100,60.90,0.000
2025-07-24T05:15:00,4.100,57.40,0.000
2025-07-24T05:00:00,4.080,58.00,0.000
2025-07-24T04:45:00,4.070,62.70,0.000
2025-07-24T04:30:00,4.060,67.10,0.000
2025-07-24T04:15:00,4.050,69.40,0.000
2025-07-24T04:00:00,4.040,73.60,0.000
2025-07-24T03:45:00,4.030,75.30,0.000
2025-07-24T03:30:00,4.020,78.00,0.000
2025-07-24T03:15:00,4.010,77.20,0.500
2025-07-24T03:00:00,4.000,60.30,0.000
2025-07-24T02:45:00,3.980,63.30,0.000
2025-07-24T02:30:00,3.970,73.90,0.000
2025-07-24T02:15:00,3.960,71.50,0.000
2025-07-24T02:00:00,3.950,80.50,0.500
2025-07-24T01:45:00,3.940,75.00,1.500
2025-07-24T01:30:00,3.930,77.40,10.000
2025-07-24T01:15:00,3.910,77.00,1.000
2025-07-24T01:00:00,3.900,57.60,0.000
2025-07-24T00:45:00,3.890,68.80,1.000
2025-07-24T00:30:00,3.880,71.80,0.000
2025-07-24T00:15:00,3.870,54.50,0.000
2025-07-24T00:00:00,3.850,52.80,0.000
2025-07-23T23:45:00,3.840,54.50,0.000
2025-07-23T23:30:00,3.840,54.50,0.000
2025-07-23T23:15:00,3.820,52.60,0.000
2025-07-23T23:00:00,3.810,50.90,0.000
2025-07-23T22:45:00,3.810,49.00,0.000
2025-07-23T22:30:00,3.800,46.90,0.000
2025-07-23T22:15:00,3.800,49.70,0.000
2025-07-23T22:00:00,3.790,44.20,0.000
2025-07-23T21:45:00,3.790,47.80,0.000
2025-07-23T21:30:00,3.790,44.20,0.000
2025-07-23T21:15:00,3.790,42.10,0.000
2025-07-23T21:00:00,3.790,42.90,0.000
2025-07-23T20:45:00,3.790,41.60,0.000
2025-07-23T20:30:00,3.800,43.80,0.000
2025-07-23T20:15:00,3.800,46.70,0.000
2025-07-23T20:00:00,3.800,42.50,0.000
2025-07-23T19:45:00,3.810,62.10,0.000
2025-07-23T19:30:00,3.810,66.80,0.000
2025-07-23T19:15:00,3.810,39.10,0.000
2025-07-23T19:00:00,3.810,44.90,0.000
2025-07-23T18:45:00,3.820,43.00,0.000
2025-07-23T18:30:00,3.820,42.50,0.000
2025-07-23T18:15:00,3.820,41.60,0.000
2025-07-23T18:00:00,3.820,39.00,0.000
2025-07-23T17:45:00,3.830,42.10,0.000
2025-07-23T17:30:00,3.830,44.90,0.000
2025-07-23T17:15:00,3.840,62.30,0.000
2025-07-23T17:00:00,3.830,43.40,0.000
2025-07-23T16:45:00,3.830,44.20,0.000
2025-07-23T16:30:00,3.840,43.50,0.000
2025-07-23T16:15:00,3.860,40.40,0.000
2025-07-23T16:00:00,3.870,47.40,0.000
2025-07-23T15:45:00,3.890,46.00,0.000
2025-07-23T15:30:00,3.900,40.20,0.500
2025-07-23T15:15:00,3.910,46.70,0.000
2025-07-23T15:00:00,3.930,43.30,0.000
2025-07-23T14:45:00,3.940,38.00,0.000
2025-07-23T14:30:00,3.960,45.40,0.000
2025-07-23T14:15:00,3.970,43.40,0.000
2025-07-23T14:00:00,3.990,39.10,0.000
2025-07-23T13:45:00,4.000,49.20,0.000
2025-07-23T13:30:00,4.010,49.00,0.000
2025-07-23T13:15:00,4.020,41.30,0.000
2025-07-23T13:00:00,4.040,45.00,0.000
2025-07-23T12:45:00,4.050,49.10,0.000
2025-07-23T12:30:00,4.060,71.00,0.000
2025-07-23T12:15:00,4.070,52.40,0.000
2025-07-23T12:00:00,4.080,56.90,0.000
2025-07-23T11:45:00,4.080,62.90,0.000
2025-07-23T11:30:00,4.080,60.20,0.000
2025-07-23T11:15:00,4.080,65.60,0.000
2025-07-23T11:00:00,4.080,64.30,0.000
2025-07-23T10:45:00,4.080,65.80,0.000
2025-07-23T10:30:00,4.090,61.70,0.000
2025-07-23T10:15:00,4.090,65.10,0.000
2025-07-23T10:00:00,4.090,64.90,0.000
2025-07-23T09:45:00,4.090,57.10,0.000
2025-07-23T09:30:00,4.100,62.50,0.000
2025-07-23T09:15:00,4.090,63.00,0.000
2025-07-23T09:00:00,4.100,59.80,0.000
2025-07-23T08:45:00,4.100,64.50,0.000
2025-07-23T08:30:00,4.100,77.10,0.000
2025-07-23T08:15:00,4.100,76.60,0.000
2025-07-23T08:00:00,4.110,80.90,0.000
2025-07-23T07:45:00,4.110,68.90,0.000
2025-07-23T07:30:00,4.100,74.40,0.000
2025-07-23T07:15:00,4.090,64.00,0.000
2025-07-23T07:00:00,4.080,65.70,0.000
2025-07-23T06:45:00,4.080,79.30,0.000
2025-07-23T06:30:00,4.070,62.30,0.000
2025-07-23T06:15:00,4.060,81.10,0.500
2025-07-23T06:00:00,4.050,78.30,0.000
2025-07-23T05:45:00,4.040,76.50,0.000
2025-07-23T05:30:00,4.030,56.90,0.000
2025-07-23T05:15:00,4.020,51.70,0.000
2025-07-23T05:00:00,4.010,53.40,0.000
2025-07-23T04:45:00,4.000,74.40,0.000
2025-07-23T04:30:00,3.990,54.90,0.000
2025-07-23T04:15:00,3.980,57.80,0.000
2025-07-23T04:00:00,3.970,60.30,0.000
2025-07-23T03:45:00,3.960,58.50,0.000
2025-07-23T03:30:00,3.950,55.00,0.000
2025-07-23T03:15:00,3.940,54.40,0.000
2025-07-23T03:00:00,3.920,57.20,0.000
2025-07-23T02:45:00,3.910,55.20,0.000
2025-07-23T02:30:00,3.900,50.30,0.000
2025-07-23T02:15:00,3.890,50.70,0.000
2025-07-23T02:00:00,3.880,50.90,0.000
2025-07-23T01:45:00,3.860,55.50,0.000
2025-07-23T01:30:00,3.850,50.40,0.000
2025-07-23T01:15:00,3.840,55.50,0.000
2025-07-23T01:00:00,3.830,55.70,0.000
2025-07-23T00:45:00,3.810,57.40,0.000
2025-07-23T00:30:00,3.800,54.40,0.000
2025-07-23T00:15:00,3.790,53.40,0.000
2025-07-23T00:00:00,3.780,53.30,0.000
2025-07-22T23:45:00,3.760,53.20,0.000
2025-07-22T23:30:00,3.750,50.10,0.000
2025-07-22T23:15:00,3.740,51.90,0.000
2025-07-22T23:00:00,3.720,51.80,0.000
2025-07-22T22:45:00,3.710,50.20,0.000
2025-07-22T22:30:00,3.700,45.00,0.000
2025-07-22T22:15:00,3.690,48.20,0.000
2025-07-22T22:00:00,3.690,43.20,0.000
2025-07-22T21:45:00,3.680,43.20,0.000
2025-07-22T21:30:00,3.670,43.60,0.000
2025-07-22T21:15:00,3.680,40.50,0.000
2025-07-22T21:00:00,3.670,41.20,0.000
2025-07-22T20:45:00,3.670,41.60,0.000
2025-07-22T20:30:00,3.670,43.60,0.000
2025-07-22T20:15:00,3.670,0.00,0.000
2025-07-22T20:00:00,3.670,58.20,0.000
2025-07-22T19:45:00,3.670,0.00,0.000
2025-07-22T19:30:00,3.670,34.00,0.000
2025-07-22T19:15:00,3.670,0.00,0.000
2025-07-22T19:00:00,3.670,37.10,0.000
2025-07-22T18:45:00,3.670,49.10,0.000
2025-07-22T18:30:00,3.670,46.40,0.000
2025-07-22T18:15:00,3.670,42.70,0.000
2025-07-22T18:00:00,3.670,53.00,0.000
2025-07-22T17:45:00,3.670,47.40,0.000
2025-07-22T17:30:00,3.670,0.00,0.000
2025-07-22T17:15:00,3.670,605.20,0.000
2025-07-22T17:00:00,3.670,51.70,0.000
2025-07-22T16:45:00,3.670,39.30,0.000
2025-07-22T16:30:00,3.660,0.00,0.000
2025-07-22T16:15:00,3.670,0.00,0.000
2025-07-22T16:00:00,3.670,0.00,0.000
2025-07-22T15:45:00,3.660,0.00,0.000
2025-07-22T15:30:00,3.660,0.00,0.000
2025-07-22T15:15:00,3.660,0.00,0.000
2025-07-22T15:00:00,3.660,0.00,0.000
2025-07-22T14:45:00,3.660,0.00,0.000
2025-07-22T14:30:00,3.660,0.00,0.000
2025-07-22T14:15:00,3.660,0.00,0.000
2025-07-22T14:00:00,3.650,0.00,0.000
2025-07-22T13:45:00,3.650,0.00,0.000
2025-07-22T13:30:00,3.650,0.00,0.000
2025-07-22T13:15:00,3.650,0.00,0.000
2025-07-22T13:00:00,3.650,0.00,0.000
2025-07-22T12:45:00,3.650,0.00,0.000
2025-07-22T12:30:00,3.640,0.00,0.000
2025-07-22T12:15:00,3.640,0.00,0.000
2025-07-22T12:00:00,3.640,0.00,0.000
2025-07-22T11:45:00,3.640,0.00,0.000
2025-07-22T11:30:00,3.630,0.00,0.000
2025-07-22T11:15:00,3.630,0.00,0.000
2025-07-22T11:00:00,3.630,0.00,0.000
2025-07-22T10:45:00,3.630,0.00,0.000
2025-07-22T10:30:00,3.630,0.00,0.000
2025-07-22T10:15:00,3.630,0.00,0.000
2025-07-22T10:00:00,3.620,32.30,0.000
2025-07-22T09:45:00,3.610,42.70,0.000
2025-07-22T09:30:00,3.610,44.70,0.000
2025-07-22T09:15:00,3.610,30.70,0.000
2025-07-22T09:00:00,3.610,30.10,0.500
2025-07-22T08:45:00,3.600,403.70,0.000
2025-07-22T08:30:00,3.600,37.00,0.000
2025-07-22T08:15:00,3.600,0.00,0.000
2025-07-22T08:00:00,3.600,37.50,0.000
2025-07-22T07:45:00,3.610,0.00,0.000
2025-07-22T07:30:00,3.610,0.00,0.000
2025-07-22T07:15:00,3.600,0.00,0.000
2025-07-22T07:00:00,3.590,0.00,0.000
2025-07-22T06:45:00,3.590,0.00,0.000
2025-07-22T06:30:00,3.580,0.00,0.000
2025-07-22T06:15:00,3.550,32.60,0.000
2025-07-22T06:00:00,3.540,0.00,0.000
2025-07-22T05:45:00,3.550,0.00,0.000
2025-07-22T05:30:00,3.550,0.00,0.000
2025-07-22T05:15:00,3.550,49.30,0.000
2025-07-22T05:00:00,3.560,43.00,0.000
2025-07-22T04:45:00,3.560,44.80,0.000
2025-07-22T04:30:00,3.560,37.70,0.000
2025-07-22T04:15:00,3.560,46.00,0.000
2025-07-22T04:00:00,3.570,42.80,0.000
2025-07-22T03:45:00,3.570,46.70,0.000
2025-07-22T03:30:00,3.570,46.20,0.000
2025-07-22T03:15:00,3.580,48.50,0.000
2025-07-22T03:00:00,3.580,45.00,0.000
2025-07-22T02:45:00,3.580,46.10,0.000
2025-07-22T02:30:00,3.580,50.50,0.000
2025-07-22T02:15:00,3.590,52.10,0.000
2025-07-22T02:00:00,3.590,50.30,0.000
2025-07-22T01:45:00,3.590,43.30,0.000
2025-07-22T01:30:00,3.600,50.60,0.000
2025-07-22T01:15:00,3.600,48.40,0.000
2025-07-22T01:00:00,3.600,46.90,0.000
2025-07-22T00:45:00,3.600,46.20,0.000
2025-07-22T00:30:00,3.600,50.20,0.000
2025-07-22T00:15:00,3.610,50.30,0.000
2025-07-22T00:00:00,3.610,51.10,0.000
2025-07-21T23:45:00,3.610,49.00,0.000
2025-07-21T23:30:00,3.610,48.20,0.000
2025-07-21T23:15:00,3.610,51.30,0.000
2025-07-21T23:00:00,3.610,46.20,0.000
2025-07-21T22:45:00,3.600,52.60,0.000
2025-07-21T22:30:00,3.600,52.20,0.000
2025-07-21T22:15:00,3.610,52.40,0.000
2025-07-21T22:00:00,3.620,56.40,0.000
2025-07-21T21:45:00,3.630,54.80,0.000
2025-07-21T21:30:00,3.640,57.70,0.000
2025-07-21T21:15:00,3.640,57.50,0.000
2025-07-21T21:00:00,3.650,51.40,0.000
2025-07-21T20:45:00,3.660,60.40,0.000
2025-07-21T20:30:00,3.660,59.10,0.000
2025-07-21T20:15:00,3.660,60.50,0.000
2025-07-21T20:00:00,3.680,64.60,0.000
2025-07-21T19:45:00,3.690,65.10,0.000
2025-07-21T19:30:00,3.700,62.80,0.000
2025-07-21T19:15:00,3.720,67.70,0.000
2025-07-21T19:00:00,3.730,64.00,0.000
2025-07-21T18:45:00,3.750,63.50,0.000
2025-07-21T18:30:00,3.750,60.70,0.000
2025-07-21T18:15:00,3.770,66.20,0.000
2025-07-21T18:00:00,3.780,60.80,0.000
2025-07-21T17:45:00,3.800,65.70,0.000
2025-07-21T17:30:00,3.810,67.10,0.000
2025-07-21T17:15:00,3.820,64.20,0.000
2025-07-21T17:00:00,3.830,67.10,0.000
2025-07-21T16:45:00,3.840,65.90,0.000
2025-07-21T16:30:00,3.850,67.40,0.000
2025-07-21T16:15:00,3.850,67.60,0.000
2025-07-21T16:00:00,3.860,67.20,0.000
2025-07-21T15:45:00,3.860,65.10,0.000
2025-07-21T15:30:00,3.860,73.30,0.000
2025-07-21T15:15:00,3.870,69.00,0.000
2025-07-21T15:00:00,3.870,70.30,0.000
2025-07-21T14:45:00,3.870,68.40,0.000
2025-07-21T14:30:00,3.870,66.00,0.000
2025-07-21T14:15:00,3.870,69.80,0.000
2025-07-21T14:00:00,3.880,74.60,0.000
2025-07-21T13:45:00,3.880,69.00,0.000
2025-07-21T13:30:00,3.880,69.80,0.000
2025-07-21T13:15:00,3.880,71.00,0.000
2025-07-21T13:00:00,3.890,76.00,0.000
2025-07-21T12:45:00,3.890,71.70,0.000
2025-07-21T12:30:00,3.890,71.00,0.000
2025-07-21T12:15:00,3.900,72.70,0.000
2025-07-21T12:00:00,3.900,71.70,0.000
2025-07-21T11:45:00,3.900,71.00,0.000
2025-07-21T11:30:00,3.900,72.00,0.000
2025-07-21T11:15:00,3.900,75.60,0.000
2025-07-21T11:00:00,3.900,73.80,0.000
2025-07-21T10:45:00,3.900,71.00,0.000
2025-07-21T10:30:00,3.900,75.60,0.000
2025-07-21T10:15:00,3.900,72.20,0.000
2025-07-21T10:00:00,3.900,71.30,0.000
2025-07-21T09:45:00,3.890,71.10,0.000
2025-07-21T09:30:00,3.890,74.80,0.000
2025-07-21T09:15:00,3.880,69.00,0.000
2025-07-21T09:00:00,3.890,69.70,0.000
2025-07-21T08:45:00,3.880,66.40,0.000
2025-07-21T08:30:00,3.880,71.40,0.000
2025-07-21T08:15:00,3.880,74.50,0.000
2025-07-21T08:00:00,3.880,72.00,0.000
2025-07-21T07:45:00,3.880,75.60,0.000
2025-07-21T07:30:00,3.870,72.30,0.000
2025-07-21T07:15:00,3.870,76.60,0.000
2025-07-21T07:00:00,3.860,72.00,0.000
2025-07-21T06:45:00,3.860,74.90,0.000
2025-07-21T06:30:00,3.850,78.10,0.000
2025-07-21T06:15:00,3.840,72.00,0.000
2025-07-21T06:00:00,3.840,76.70,0.000
2025-07-21T05:45:00,3.850,78.10,0.000
2025-07-21T05:30:00,3.850,74.00,0.000
2025-07-21T05:15:00,3.850,78.20,0.000
2025-07-21T05:00:00,3.850,71.60,0.000
2025-07-21T04:45:00,3.860,76.70,0.000
2025-07-21T04:30:00,3.860,76.80,0.000
2025-07-21T04:15:00,3.860,77.20,0.000
2025-07-21T04:00:00,3.860,76.70,0.000
2025-07-21T03:45:00,3.860,78.70,0.000
2025-07-21T03:30:00,3.860,81.70,0.000
2025-07-21T03:15:00,3.870,77.90,0.000
2025-07-21T03:00:00,3.870,81.60,0.000
2025-07-21T02:45:00,3.870,78.50,0.000
2025-07-21T02:30:00,3.870,76.70,0.000
2025-07-21T02:15:00,3.870,78.90,0.000
2025-07-21T02:00:00,3.880,78.90,0.000
2025-07-21T01:45:00,3.880,76.50,0.000
2025-07-21T01:30:00,3.880,81.60,0.000
2025-07-21T01:15:00,3.880,76.70,0.000
2025-07-21T01:00:00,3.880,74.40,0.000
2025-07-21T00:45:00,3.880,80.90,0.000
2025-07-21T00:30:00,3.890,78.40,0.000
2025-07-21T00:15:00,3.890,73.60,0.000
2025-07-21T00:00:00,3.890,76.80,0.000
2025-07-20T23:45:00,3.900,79.90,0.000
2025-07-20T23:30:00,3.890,77.90,0.000
2025-07-20T23:15:00,3.890,78.60,0.000
2025-07-20T23:00:00,3.900,77.60,0.000
2025-07-20T22:45:00,3.900,80.80,0.000
2025-07-20T22:30:00,3.910,80.60,0.000
2025-07-20T22:15:00,3.910,79.20,0.000
2025-07-20T22:00:00,3.910,80.70,0.000
2025-07-20T21:45:00,3.910,81.30,0.000
2025-07-20T21:30:00,3.920,77.90,0.000
2025-07-20T21:15:00,3.920,82.20,0.000
2025-07-20T21:00:00,3.930,83.40,0.000
2025-07-20T20:45:00,3.930,81.00,0.000
2025-07-20T20:30:00,3.930,82.90,0.000
2025-07-20T20:15:00,3.940,84.20,0.000
2025-07-20T20:00:00,3.940,80.20,0.000
2025-07-20T19:45:00,3.950,83.30,0.000
2025-07-20T19:30:00,3.950,81.10,0.000
2025-07-20T19:15:00,3.950,85.60,0.000
2025-07-20T19:00:00,3.960,82.10,0.000
2025-07-20T18:45:00,3.960,89.30,0.000
2025-07-20T18:30:00,3.970,80.10,0.000
2025-07-20T18:15:00,3.970,86.30,0.000
2025-07-20T18:00:00,3.980,84.30,0.000
2025-07-20T17:45:00,3.980,87.60,0.000
2025-07-20T17:30:00,3.990,82.10,0.000
2025-07-20T17:15:00,4.000,82.90,0.000
2025-07-20T17:00:00,4.000,89.90,0.000
2025-07-20T16:45:00,4.010,87.90,0.000
2025-07-20T16:30:00,4.010,83.00,0.000
2025-07-20T16:15:00,4.020,89.40,0.000
2025-07-20T16:00:00,4.030,93.20,0.000
2025-07-20T15:45:00,4.040,89.00,0.000
2025-07-20T15:30:00,4.040,86.60,0.000
2025-07-20T15:15:00,4.050,92.10,0.000
2025-07-20T15:00:00,4.060,94.40,0.000
2025-07-20T14:45:00,4.070,88.60,0.000
2025-07-20T14:30:00,4.070,97.40,0.000
2025-07-20T14:15:00,4.080,91.70,0.000
2025-07-20T14:00:00,4.090,95.20,0.000
2025-07-20T13:45:00,4.100,99.30,0.000
2025-07-20T13:30:00,4.110,95.00,0.000
2025-07-20T13:15:00,4.120,97.10,0.000
2025-07-20T13:00:00,4.130,100.90,0.000
2025-07-20T12:45:00,4.140,100.90,0.000
2025-07-20T12:30:00,4.150,101.30,0.000
2025-07-20T12:15:00,4.160,103.70,0.000
2025-07-20T12:00:00,4.170,106.40,0.000
2025-07-20T11:45:00,4.190,100.70,0.000
2025-07-20T11:30:00,4.210,98.80,0.000
2025-07-20T11:15:00,4.210,102.80,0.000
2025-07-20T11:00:00,4.220,91.40,0.000
2025-07-20T10:45:00,4.220,96.90,0.000
2025-07-20T10:30:00,4.220,101.30,0.000
2025-07-20T10:15:00,4.230,95.10,0.000
2025-07-20T10:00:00,4.230,94.30,0.000
2025-07-20T09:45:00,4.230,104.90,0.000
2025-07-20T09:30:00,4.240,96.70,0.000
2025-07-20T09:15:00,4.230,99.20,0.000
2025-07-20T09:00:00,4.240,100.20,0.000
2025-07-20T08:45:00,4.240,106.10,0.000
2025-07-20T08:30:00,4.240,106.20,0.000
2025-07-20T08:15:00,4.240,106.30,0.000
2025-07-20T08:00:00,4.240,110.00,0.000
2025-07-20T07:45:00,4.240,113.10,0.000
2025-07-20T07:30:00,4.250,116.40,0.000
2025-07-20T07:15:00,4.260,109.40,0.000
2025-07-20T07:00:00,4.270,113.30,0.000
2025-07-20T06:45:00,4.280,110.40,0.000
2025-07-20T06:30:00,4.310,109.90,0.000
2025-07-20T06:15:00,4.310,105.30,0.000
2025-07-20T06:00:00,4.310,101.80,0.000
2025-07-20T05:45:00,4.310,104.40,0.000
2025-07-20T05:30:00,4.300,99.10,0.000
2025-07-20T05:15:00,4.290,102.80,0.000
2025-07-20T05:00:00,4.280,106.90,0.000
2025-07-20T04:45:00,4.270,98.00,0.000
2025-07-20T04:30:00,4.250,100.10,0.000
2025-07-20T04:15:00,4.240,98.60,0.000
2025-07-20T04:00:00,4.230,94.50,0.000
2025-07-20T03:45:00,4.220,95.40,0.000
2025-07-20T03:30:00,4.200,93.10,0.000
2025-07-20T03:15:00,4.190,95.90,0.000
2025-07-20T03:00:00,4.180,94.40,0.000
2025-07-20T02:45:00,4.160,87.00,0.000
2025-07-20T02:30:00,4.150,91.40,0.000
2025-07-20T02:15:00,4.130,90.90,0.000
2025-07-20T02:00:00,4.120,85.50,0.000
2025-07-20T01:45:00,4.110,84.90,0.000
2025-07-20T01:30:00,4.090,86.70,0.000
2025-07-20T01:15:00,4.080,85.50,0.000
2025-07-20T01:00:00,4.060,86.70,0.000
2025-07-20T00:45:00,4.050,82.10,0.000
2025-07-20T00:30:00,4.030,82.30,0.000
2025-07-20T00:15:00,4.020,80.30,0.000
2025-07-20T00:00:00,4.000,79.80,0.000
2025-08-02T23:45:00,4.340,118.70,0.000
2025-08-02T23:30:00,4.340,112.40,0.000
2025-08-02T23:15:00,4.340,119.50,0.000
2025-08-02T23:00:00,4.350,118.40,0.000
2025-08-02T22:45:00,4.350,122.30,0.000
2025-08-02T22:30:00,4.350,123.80,0.000
2025-08-02T22:15:00,4.360,120.20,0.000
2025-08-02T22:00:00,4.360,124.80,0.000
2025-08-02T21:45:00,4.360,121.60,0.000
2025-08-02T21:30:00,4.360,118.20,0.000
2025-08-02T21:15:00,4.360,112.00,0.000
2025-08-02T21:00:00,4.370,122.50,0.000
2025-08-02T20:45:00,4.370,120.20,0.000
2025-08-02T20:30:00,4.370,118.30,0.000
2025-08-02T20:15:00,4.370,116.30,0.000
2025-08-02T20:00:00,4.380,118.30,0.000
2025-08-02T19:45:00,4.380,116.70,0.000
2025-08-02T19:30:00,4.380,124.50,0.000
2025-08-02T19:15:00,4.390,132.40,0.000
2025-08-02T19:00:00,4.390,116.20,0.000
2025-08-02T18:45:00,4.390,117.40,0.000
2025-08-02T18:30:00,4.400,119.40,0.000
2025-08-02T18:15:00,4.400,120.20,0.000
2025-08-02T18:00:00,4.400,116.40,0.000
2025-08-02T17:45:00,4.410,109.90,0.000
2025-08-02T17:30:00,4.420,116.00,0.000
2025-08-02T17:15:00,4.420,108.10,0.000
2025-08-02T17:00:00,4.430,107.10,0.000
2025-08-02T16:45:00,4.430,112.30,0.000
2025-08-02T16:30:00,4.440,114.30,0.000
2025-08-02T16:15:00,4.450,115.00,0.000
2025-08-02T16:00:00,4.470,110.70,0.000
2025-08-02T15:45:00,4.470,109.70,0.000
2025-08-02T15:30:00,4.470,104.30,0.000
2025-08-02T15:15:00,4.470,112.10,0.000
2025-08-02T15:00:00,4.470,102.80,0.000
2025-08-02T14:45:00,4.470,103.00,0.000
2025-08-02T14:30:00,4.470,95.90,0.000
2025-08-02T14:15:00,4.470,112.00,0.000
2025-08-02T14:00:00,4.470,103.10,0.000
2025-08-02T13:45:00,4.470,101.40,0.000
2025-08-02T13:30:00,4.470,102.40,0.000
2025-08-02T13:15:00,4.470,105.60,0.000
2025-08-02T13:00:00,4.470,96.40,0.000
2025-08-02T12:45:00,4.460,100.20,0.000
2025-08-02T12:30:00,4.460,90.40,0.000
2025-08-02T12:15:00,4.460,112.60,0.000
2025-08-02T12:00:00,4.460,96.80,0.000
2025-08-02T11:45:00,4.460,119.00,0.000
2025-08-02T11:30:00,4.460,114.70,0.000
2025-08-02T11:15:00,4.460,114.80,0.000
2025-08-02T11:00:00,4.450,94.50,0.000
2025-08-02T10:45:00,4.460,105.70,0.000
2025-08-02T10:30:00,4.450,108.20,0.000
2025-08-02T10:15:00,4.450,118.80,0.000
2025-08-02T10:00:00,4.450,119.10,0.000
2025-08-02T09:45:00,4.450,116.50,0.000
2025-08-02T09:30:00,4.450,112.10,0.000
2025-08-02T09:15:00,4.440,116.40,0.000
2025-08-02T09:00:00,4.440,108.30,0.000
2025-08-02T08:45:00,4.440,109.00,0.000
2025-08-02T08:30:00,4.440,112.40,0.000
2025-08-02T08:15:00,4.440,119.10,0.000
2025-08-02T08:00:00,4.450,110.20,0.000
2025-08-02T07:45:00,4.460,109.00,0.000
2025-08-02T07:30:00,4.450,115.20,0.000
2025-08-02T07:15:00,4.440,111.60,0.000
2025-08-02T07:00:00,4.430,108.50,0.000
2025-08-02T06:45:00,4.420,110.30,0.000
2025-08-02T06:30:00,4.410,109.20,0.000
2025-08-02T06:15:00,4.390,112.40,0.000
2025-08-02T06:00:00,4.380,109.90,0.000
2025-08-02T05:45:00,4.370,109.60,0.000
2025-08-02T05:30:00,4.360,109.40,0.000
2025-08-02T05:15:00,4.340,108.70,0.000
2025-08-02T05:00:00,4.330,107.00,0.000
2025-08-02T04:45:00,4.320,104.50,0.000
2025-08-02T04:30:00,4.300,112.90,0.000
2025-08-02T04:15:00,4.290,98.20,0.000
2025-08-02T04:00:00,4.280,102.90,0.000
2025-08-02T03:45:00,4.270,101.90,0.000
2025-08-02T03:30:00,4.250,105.60,0.000
2025-08-02T03:15:00,4.240,100.20,0.000
2025-08-02T03:00:00,4.230,92.80,0.000
2025-08-02T02:45:00,4.210,96.80,0.000
2025-08-02T02:30:00,4.190,96.70,0.000
2025-08-02T02:15:00,4.180,100.10,0.000
2025-08-02T02:00:00,4.170,96.80,0.000
2025-08-02T01:45:00,4.150,93.90,0.000
2025-08-02T01:30:00,4.140,93.90,0.000
2025-08-02T01:15:00,4.120,89.50,0.000
2025-08-02T01:00:00,4.110,92.60,0.000
2025-08-02T00:45:00,4.090,92.90,0.000
2025-08-02T00:30:00,4.070,90.40,0.000
2025-08-02T00:15:00,4.050,91.00,0.000
2025-08-02T00:00:00,4.040,90.30,0.000
2025-08-01T23:45:00,4.020,85.40,0.000
2025-08-01T23:30:00,4.000,82.40,0.000
2025-08-01T23:15:00,3.990,82.00,0.000
2025-08-01T23:00:00,3.970,81.30,0.000
2025-08-01T22:45:00,3.950,79.20,0.000
2025-08-01T22:30:00,3.940,76.00,0.000
2025-08-01T22:15:00,3.920,71.80,0.000
2025-08-01T22:00:00,3.910,68.90,0.000
2025-08-01T21:45:00,3.900,69.40,0.000
2025-08-01T21:30:00,3.900,69.50,0.000
2025-08-01T21:15:00,3.900,61.30,0.000
2025-08-01T21:00:00,3.900,60.70,0.000
2025-08-01T20:45:00,3.900,58.30,0.000
2025-08-01T20:30:00,3.910,60.00,0.000
2025-08-01T20:15:00,3.910,63.60,0.000
2025-08-01T20:00:00,3.910,62.00,0.000
2025-08-01T19:45:00,3.920,65.00,0.000
2025-08-01T19:30:00,3.920,62.50,0.000
2025-08-01T19:15:00,3.920,65.20,0.000
2025-08-01T19:00:00,3.930,57.80,0.000
2025-08-01T18:45:00,3.940,61.30,0.000
2025-08-01T18:30:00,3.940,60.50,0.000
2025-08-01T18:15:00,3.940,62.90,0.000
2025-08-01T18:00:00,3.950,61.50,0.000
2025-08-01T17:45:00,3.950,62.80,0.000
2025-08-01T17:30:00,3.950,89.50,0.000
2025-08-01T17:15:00,3.960,59.60,0.000
2025-08-01T17:00:00,3.960,61.90,0.000
2025-08-01T16:45:00,3.970,57.30,0.000
2025-08-01T16:30:00,3.970,58.70,0.000
2025-08-01T16:15:00,3.980,61.60,0.000
2025-08-01T16:00:00,3.980,61.20,0.000
2025-08-01T15:45:00,3.990,66.00,0.000
2025-08-01T15:30:00,3.990,66.70,0.000
2025-08-01T15:15:00,4.000,57.00,0.000
2025-08-01T15:00:00,4.000,59.40,0.000
2025-08-01T14:45:00,4.000,53.10,0.000
2025-08-01T14:30:00,4.000,62.40,0.000
2025-08-01T14:15:00,4.010,67.70,0.000
2025-08-01T14:00:00,4.010,61.00,0.000
2025-08-01T13:45:00,4.020,60.90,0.000
2025-08-01T13:30:00,4.020,53.60,0.000
2025-08-01T13:15:00,4.020,67.60,0.000
2025-08-01T13:00:00,4.020,71.10,0.000
2025-08-01T12:45:00,4.020,59.20,0.000
2025-08-01T12:30:00,4.010,81.70,0.000
2025-08-01T12:15:00,4.020,74.20,0.000
2025-08-01T12:00:00,4.030,72.80,0.000
2025-08-01T11:45:00,4.040,76.10,0.000
2025-08-01T11:30:00,4.050,71.90,0.000
2025-08-01T11:15:00,4.050,86.60,0.000
2025-08-01T11:00:00,4.070,77.10,0.000
2025-08-01T10:45:00,4.070,87.80,0.000
2025-08-01T10:30:00,4.070,89.10,0.000
2025-08-01T10:15:00,4.080,81.50,0.000
2025-08-01T10:00:00,4.070,95.40,0.000
2025-08-01T09:45:00,4.080,95.40,0.000
2025-08-01T09:30:00,4.080,103.80,0.000
2025-08-01T09:15:00,4.090,104.30,0.000
2025-08-01T09:00:00,4.090,96.40,0.000
2025-08-01T08:45:00,4.090,101.60,0.000
2025-08-01T08:30:00,4.090,97.80,0.000
2025-08-01T08:15:00,4.100,100.20,0.000
2025-08-01T08:00:00,4.090,97.10,0.000
2025-08-01T07:45:00,4.100,104.50,0.000
2025-08-01T07:30:00,4.090,99.00,0.000
2025-08-01T07:15:00,4.090,100.60,0.000
2025-08-01T07:00:00,4.090,101.60,0.000
2025-08-01T06:45:00,4.090,101.20,0.000
2025-08-01T06:30:00,4.090,100.20,0.000
2025-08-01T06:15:00,4.090,104.80,0.000
2025-08-01T06:00:00,4.090,96.60,0.000
2025-08-01T05:45:00,4.090,97.90,0.000
2025-08-01T05:30:00,4.080,106.10,0.000
2025-08-01T05:15:00,4.080,100.40,0.000
2025-08-01T05:00:00,4.070,100.80,0.000
2025-08-01T04:45:00,4.070,103.20,0.000
2025-08-01T04:30:00,4.070,102.70,0.000
2025-08-01T04:15:00,4.060,102.80,0.000
2025-08-01T04:00:00,4.060,100.90,0.000
2025-08-01T03:45:00,4.050,101.70,0.000
2025-08-01T03:30:00,4.050,96.80,0.000
2025-08-01T03:15:00,4.050,98.90,0.000
2025-08-01T03:00:00,4.040,101.40,0.000
2025-08-01T02:45:00,4.040,100.80,0.000
2025-08-01T02:30:00,4.030,94.60,0.000
2025-08-01T02:15:00,4.030,97.70,0.000
2025-08-01T02:00:00,4.020,95.40,0.000
2025-08-01T01:45:00,4.020,94.30,0.000
2025-08-01T01:30:00,4.010,96.50,0.000
2025-08-01T01:15:00,4.000,97.60,0.000
2025-08-01T01:00:00,3.990,89.30,0.000
2025-08-01T00:45:00,3.980,94.00,0.000
2025-08-01T00:30:00,3.980,95.00,0.000
2025-08-01T00:15:00,3.970,93.30,0.000
2025-08-01T00:00:00,3.970,93.20,0.000
2025-07-31T23:45:00,3.950,86.00,0.000
2025-07-31T23:30:00,3.940,87.10,0.000
2025-07-31T23:15:00,3.940,87.80,0.000
2025-07-31T23:00:00,3.930,85.00,0.000
2025-07-31T22:45:00,3.930,81.80,0.000
2025-07-31T22:30:00,3.920,81.40,0.000
2025-07-31T22:15:00,3.920,79.20,0.000
2025-07-31T22:00:00,3.910,79.70,0.000
2025-07-31T21:45:00,3.900,74.80,0.000
2025-07-31T21:30:00,3.900,74.50,0.000
2025-07-31T21:15:00,3.900,78.00,0.000
2025-07-31T21:00:00,3.910,74.90,0.000
2025-07-31T20:45:00,3.920,74.70,0.000
2025-07-31T20:30:00,3.920,74.70,0.000
2025-07-31T20:15:00,3.930,81.90,0.000
2025-07-31T20:00:00,3.930,79.40,0.000
2025-07-31T19:45:00,3.940,84.30,0.000
2025-07-31T19:30:00,3.940,94.10,2.500
2025-07-31T19:15:00,3.940,0.00,9.000
2025-07-31T19:00:00,3.930,92.30,0.000
2025-07-31T18:45:00,3.940,75.70,0.000
2025-07-31T18:30:00,3.950,81.40,0.000
2025-07-31T18:15:00,3.950,80.60,0.000
2025-07-31T18:00:00,3.960,75.90,0.000
2025-07-31T17:45:00,3.970,76.90,0.000
2025-07-31T17:30:00,3.980,78.80,0.000
2025-07-31T17:15:00,3.990,82.60,0.000
2025-07-31T17:00:00,4.000,83.60,0.000
2025-07-31T16:45:00,4.010,78.00,0.000
2025-07-31T16:30:00,4.020,84.60,0.000
2025-07-31T16:15:00,4.030,83.20,0.000
2025-07-31T16:00:00,4.040,86.80,0.000
2025-07-31T15:45:00,4.040,85.20,0.000
2025-07-31T15:30:00,4.050,82.30,0.000
2025-07-31T15:15:00,4.070,83.60,0.000
2025-07-31T15:00:00,4.080,85.70,0.000
2025-07-31T14:45:00,4.080,90.00,0.000
2025-07-31T14:30:00,4.100,81.20,0.000
2025-07-31T14:15:00,4.110,76.20,0.000
2025-07-31T14:00:00,4.130,93.20,0.000
2025-07-31T13:45:00,4.130,87.70,0.000
2025-07-31T13:30:00,4.150,93.30,0.000
2025-07-31T13:15:00,4.160,91.20,0.000
2025-07-31T13:00:00,4.170,88.20,0.000
2025-07-31T12:45:00,4.180,92.20,0.000
2025-07-31T12:30:00,4.190,92.00,0.000
2025-07-31T12:15:00,4.210,95.80,0.000
2025-07-31T12:00:00,4.220,99.30,0.000
2025-07-31T11:45:00,4.240,97.40,0.000
2025-07-31T11:30:00,4.240,86.40,0.000
2025-07-31T11:15:00,4.260,103.50,0.000
2025-07-31T11:00:00,4.270,101.50,0.000
2025-07-31T10:45:00,4.280,104.20,0.000
2025-07-31T10:30:00,4.300,104.20,0.000
2025-07-31T10:15:00,4.310,108.70,0.000
2025-07-31T10:00:00,4.320,105.00,0.000
2025-07-31T09:45:00,4.350,116.00,0.000
2025-07-31T09:30:00,4.350,120.60,0.000
2025-07-31T09:15:00,4.360,125.80,0.000
2025-07-31T09:00:00,4.380,127.10,0.000
2025-07-31T08:45:00,4.390,120.70,0.000
2025-07-31T08:30:00,4.400,116.20,0.000
2025-07-31T08:15:00,4.400,119.10,0.000
2025-07-31T08:00:00,4.400,118.40,0.000
2025-07-31T07:45:00,4.400,123.30,0.000
2025-07-31T07:30:00,4.400,118.10,0.000
2025-07-31T07:15:00,4.400,120.50,0.000
2025-07-31T07:00:00,4.390,124.70,0.000
2025-07-31T06:45:00,4.380,124.70,0.000
2025-07-31T06:30:00,4.380,125.10,0.000
2025-07-31T06:15:00,4.380,122.60,0.000
2025-07-31T06:00:00,4.380,122.50,0.000
2025-07-31T05:45:00,4.370,115.60,0.000
2025-07-31T05:30:00,4.370,111.90,0.000
2025-07-31T05:15:00,4.360,119.90,0.000
2025-07-31T05:00:00,4.360,126.30,0.000
2025-07-31T04:45:00,4.350,121.80,0.000
2025-07-31T04:30:00,4.340,119.10,0.000
2025-07-31T04:15:00,4.340,120.30,0.000
2025-07-31T04:00:00,4.330,119.40,0.000
2025-07-31T03:45:00,4.330,118.60,0.000
2025-07-31T03:30:00,4.320,121.80,0.000
2025-07-31T03:15:00,4.300,114.90,0.000
2025-07-31T03:00:00,4.300,117.60,0.000
2025-07-31T02:45:00,4.290,110.10,0.000
2025-07-31T02:30:00,4.280,121.30,0.000
2025-07-31T02:15:00,4.270,114.00,0.000
2025-07-31T02:00:00,4.260,119.80,0.000
2025-07-31T01:45:00,4.240,116.10,0.000
2025-07-31T01:30:00,4.230,114.80,0.000
2025-07-31T01:15:00,4.220,110.50,0.000
2025-07-31T01:00:00,4.210,108.50,0.000
2025-07-31T00:45:00,4.190,111.50,0.000
2025-07-31T00:30:00,4.170,111.20,0.000
2025-07-31T00:15:00,4.170,109.20,0.000
2025-07-31T00:00:00,4.140,103.80,0.000
2025-07-30T23:45:00,4.130,102.20,0.000
2025-07-30T23:30:00,4.120,105.60,0.000
2025-07-30T23:15:00,4.100,100.30,0.000
2025-07-30T23:00:00,4.080,101.20,0.000
2025-07-30T22:45:00,4.070,98.10,0.000
2025-07-30T22:30:00,4.060,94.10,0.000
2025-07-30T22:15:00,4.040,95.20,0.000
2025-07-30T22:00:00,4.030,90.70,0.000
2025-07-30T21:45:00,4.010,89.20,0.000
2025-07-30T21:30:00,4.010,85.30,0.000
2025-07-30T21:15:00,3.990,84.40,0.000
2025-07-30T21:00:00,3.990,84.20,0.000
2025-07-30T20:45:00,3.980,83.60,0.000
2025-07-30T20:30:00,3.980,80.00,0.000
2025-07-30T20:15:00,3.990,81.10,0.000
2025-07-30T20:00:00,3.980,80.60,0.000
2025-07-30T19:45:00,3.980,80.70,0.000
2025-07-30T19:30:00,3.970,84.90,0.000
2025-07-30T19:15:00,3.970,79.40,0.000
2025-07-30T19:00:00,3.970,81.30,0.000
2025-07-30T18:45:00,3.970,80.80,0.000
2025-07-30T18:30:00,3.970,80.10,0.000
2025-07-30T18:15:00,3.970,79.50,0.000
2025-07-30T18:00:00,3.960,81.00,0.000
2025-07-30T17:45:00,3.960,77.20,0.000
2025-07-30T17:30:00,3.950,81.60,0.000
2025-07-30T17:15:00,3.960,82.40,3.000
2025-07-30T17:00:00,3.950,81.80,0.000
2025-07-30T16:45:00,3.950,78.10,4.500
2025-07-30T16:30:00,3.940,97.40,1.000
2025-07-30T16:15:00,3.940,80.10,0.000
2025-07-30T16:00:00,3.950,75.50,0.000
2025-07-30T15:45:00,3.950,74.20,0.000
2025-07-30T15:30:00,3.950,75.80,0.000
2025-07-30T15:15:00,3.950,75.10,0.000
2025-07-30T15:00:00,3.950,76.80,0.000
2025-07-30T14:45:00,3.950,75.60,0.000
2025-07-30T14:30:00,3.960,76.30,0.000
2025-07-30T14:15:00,3.960,77.40,0.000
2025-07-30T14:00:00,3.960,74.40,0.000
2025-07-30T13:45:00,3.970,73.60,0.000
2025-07-30T13:30:00,3.970,72.30,0.000
2025-07-30T13:15:00,3.980,71.10,0.000
2025-07-30T13:00:00,3.970,71.70,0.000
2025-07-30T12:45:00,3.980,70.60,0.000
2025-07-30T12:30:00,3.980,65.90,0.000
2025-07-30T12:15:00,3.980,73.60,0.000
2025-07-30T12:00:00,3.980,78.60,0.000
2025-07-30T11:45:00,3.990,71.80,0.000
2025-07-30T11:30:00,3.990,77.60,0.000
2025-07-30T11:15:00,3.990,73.60,0.000
2025-07-30T11:00:00,3.990,76.30,0.000
2025-07-30T10:45:00,4.000,80.20,0.000
2025-07-30T10:30:00,3.990,71.40,0.000
2025-07-30T10:15:00,4.000,73.90,0.000
2025-07-30T10:00:00,4.000,77.80,0.000
2025-07-30T09:45:00,4.000,80.30,0.000
2025-07-30T09:30:00,4.000,79.40,0.000
2025-07-30T09:15:00,4.000,75.80,0.000
2025-07-30T09:00:00,4.000,85.10,0.000
2025-07-30T08:45:00,4.000,84.70,0.000
2025-07-30T08:30:00,4.000,82.90,0.000
2025-07-30T08:15:00,4.000,81.00,0.000
2025-07-30T08:00:00,4.010,78.20,0.000
2025-07-30T07:45:00,4.000,83.90,0.000
2025-07-30T07:30:00,4.000,83.90,0.000
2025-07-30T07:15:00,3.990,79.60,0.000
2025-07-30T07:00:00,3.980,82.20,0.000
2025-07-30T06:45:00,3.980,82.90,0.000
2025-07-30T06:30:00,3.970,82.00,0.000
2025-07-30T06:15:00,3.950,88.00,0.000
2025-07-30T06:00:00,3.960,86.20,0.000
2025-07-30T05:45:00,3.960,91.90,0.000
2025-07-30T05:30:00,3.980,92.20,0.000
2025-07-30T05:15:00,3.980,89.10,0.000
2025-07-30T05:00:00,3.990,94.50,0.000
2025-07-30T04:45:00,3.990,93.80,0.000
2025-07-30T04:30:00,4.000,94.00,0.000
2025-07-30T04:15:00,4.010,89.90,0.000
2025-07-30T04:00:00,4.010,93.70,0.000
2025-07-30T03:45:00,4.020,97.00,0.000
2025-07-30T03:30:00,4.030,95.90,0.000
2025-07-30T03:15:00,4.040,95.50,0.000
2025-07-30T03:00:00,4.040,95.70,0.000
2025-07-30T02:45:00,4.050,91.70,0.000
2025-07-30T02:30:00,4.050,92.50,0.000
2025-07-30T02:15:00,4.060,94.20,0.000
2025-07-30T02:00:00,4.070,102.30,0.000
2025-07-30T01:45:00,4.080,100.30,0.000
2025-07-30T01:30:00,4.080,100.40,0.000
2025-07-30T01:15:00,4.090,100.10,0.000
2025-07-30T01:00:00,4.100,106.00,0.000
2025-07-30T00:45:00,4.100,104.10,0.000
2025-07-30T00:30:00,4.110,99.40,0.000
2025-07-30T00:15:00,4.120,98.80,0.000
2025-07-30T00:00:00,4.120,103.30,0.000
2025-07-29T23:45:00,4.130,100.60,0.000
2025-07-29T23:30:00,4.140,106.10,0.000
2025-07-29T23:15:00,4.150,104.20,0.000
2025-07-29T23:00:00,4.150,108.10,0.000
2025-07-29T22:45:00,4.170,107.00,0.000
2025-07-29T22:30:00,4.170,105.50,0.000
2025-07-29T22:15:00,4.180,109.10,0.000
2025-07-29T22:00:00,4.190,115.30,0.000
2025-07-29T21:45:00,4.190,106.60,0.000
2025-07-29T21:30:00,4.200,113.30,0.000
2025-07-29T21:15:00,4.210,111.40,0.000
2025-07-29T21:00:00,4.210,117.70,0.000
2025-07-29T20:45:00,4.220,111.10,0.000
2025-07-29T20:30:00,4.230,115.50,0.000
2025-07-29T20:15:00,4.230,117.70,0.000
2025-07-29T20:00:00,4.240,116.10,0.000
2025-07-29T19:45:00,4.250,112.20,0.000
2025-07-29T19:30:00,4.250,111.70,0.000
2025-07-29T19:15:00,4.260,119.90,0.000
2025-07-29T19:00:00,4.270,116.10,0.000
2025-07-29T18:45:00,4.270,115.40,0.000
2025-07-29T18:30:00,4.280,110.90,0.000
2025-07-29T18:15:00,4.290,115.80,0.000
2025-07-29T18:00:00,4.300,111.60,0.000
2025-07-29T17:45:00,4.300,108.40,0.000
2025-07-29T17:30:00,4.310,102.50,0.000
2025-07-29T17:15:00,4.320,106.00,0.000
2025-07-29T17:00:00,4.330,113.20,0.000
2025-07-29T16:45:00,4.340,106.30,0.000
2025-07-29T16:30:00,4.350,100.20,0.000
2025-07-29T16:15:00,4.350,97.30,0.000
2025-07-29T16:00:00,4.360,88.60,0.000
2025-07-29T15:45:00,4.370,95.30,0.000
2025-07-29T15:30:00,4.380,105.40,0.500
2025-07-29T15:15:00,4.390,116.20,0.000
2025-07-29T15:00:00,4.400,127.00,0.000
2025-07-29T14:45:00,4.410,123.50,0.000
2025-07-29T14:30:00,4.430,128.80,0.000
2025-07-29T14:15:00,4.440,113.60,0.000
2025-07-29T14:00:00,4.450,125.50,0.000
2025-07-29T13:45:00,4.460,128.70,0.000
2025-07-29T13:30:00,4.480,126.90,0.000
2025-07-29T13:15:00,4.490,137.10,0.000
2025-07-29T13:00:00,4.510,132.40,0.000
2025-07-29T12:45:00,4.520,140.50,0.000
2025-07-29T12:30:00,4.530,142.10,0.000
2025-07-29T12:15:00,4.540,136.50,0.000
2025-07-29T12:00:00,4.550,142.10,1.000
2025-07-29T11:45:00,4.560,144.20,8.500
2025-07-29T11:30:00,4.550,135.80,2.500
2025-07-29T11:15:00,4.560,124.10,0.000
2025-07-29T11:00:00,4.560,123.30,0.000
2025-07-29T10:45:00,4.570,139.40,0.500
2025-07-29T10:30:00,4.570,111.90,0.000
2025-07-29T10:15:00,4.580,116.20,0.000
2025-07-29T10:00:00,4.580,134.60,0.000
2025-07-29T09:45:00,4.590,142.50,0.000
2025-07-29T09:30:00,4.590,128.20,0.000
2025-07-29T09:15:00,4.590,149.50,0.000
2025-07-29T09:00:00,4.590,137.60,0.000
2025-07-29T08:45:00,4.600,141.40,0.000
2025-07-29T08:30:00,4.600,151.30,0.000
2025-07-29T08:15:00,4.600,149.00,0.000
2025-07-29T08:00:00,4.600,157.70,0.000
2025-07-29T07:45:00,4.600,155.90,0.000
2025-07-29T07:30:00,4.600,157.90,0.000
2025-07-29T07:15:00,4.600,155.40,0.000
2025-07-29T07:00:00,4.590,157.60,0.000
2025-07-29T06:45:00,4.590,153.30,0.000
2025-07-29T06:30:00,4.590,165.30,0.000
2025-07-29T06:15:00,4.580,164.40,0.000
2025-07-29T06:00:00,4.580,161.70,0.000
2025-07-29T05:45:00,4.570,168.50,0.000
2025-07-29T05:30:00,4.560,160.30,0.000
2025-07-29T05:15:00,4.560,162.00,0.000
2025-07-29T05:00:00,4.550,159.10,0.000
2025-07-29T04:45:00,4.540,164.30,0.000
2025-07-29T04:30:00,4.530,169.40,0.000
2025-07-29T04:15:00,4.520,164.10,0.000
2025-07-29T04:00:00,4.500,160.90,0.000
2025-07-29T03:45:00,4.490,161.60,0.000
2025-07-29T03:30:00,4.480,156.80,0.000
2025-07-29T03:15:00,4.470,159.40,0.500
2025-07-29T03:00:00,4.450,157.60,0.000
2025-07-29T02:45:00,4.440,153.00,0.000
2025-07-29T02:30:00,4.420,155.50,0.000
2025-07-29T02:15:00,4.400,158.80,0.000
2025-07-29T02:00:00,4.380,160.10,0.000
2025-07-29T01:45:00,4.360,160.50,0.000
2025-07-29T01:30:00,4.340,150.20,0.000
2025-07-29T01:15:00,4.320,146.40,0.000
2025-07-29T01:00:00,4.310,144.10,0.000
2025-07-29T00:45:00,4.300,143.40,0.000
2025-07-29T00:30:00,4.270,137.50,0.000
2025-07-29T00:15:00,4.240,132.30,0.000
2025-07-29T00:00:00,4.210,131.00,0.000
2025-07-28T23:45:00,4.180,126.60,0.000
2025-07-28T23:30:00,4.150,122.20,0.500
2025-07-28T23:15:00,4.140,113.10,0.000
2025-07-28T23:00:00,4.110,111.70,0.000
2025-07-28T22:45:00,4.100,106.20,0.000
2025-07-28T22:30:00,4.090,107.20,0.000
2025-07-28T22:15:00,4.080,100.20,0.000
2025-07-28T22:00:00,4.080,109.30,0.000
2025-07-28T21:45:00,4.080,109.50,0.500
2025-07-28T21:30:00,4.060,114.80,0.000
2025-07-28T21:15:00,4.070,91.20,0.000
2025-07-28T21:00:00,4.070,94.50,0.000
2025-07-28T20:45:00,4.070,90.90,0.000
2025-07-28T20:30:00,4.070,96.10,0.000
2025-07-28T20:15:00,4.070,97.00,0.500
2025-07-28T20:00:00,4.060,107.60,1.000
2025-07-28T19:45:00,4.060,106.70,0.500
2025-07-28T19:30:00,4.060,111.60,1.500
2025-07-28T19:15:00,4.070,112.80,4.000
2025-07-28T19:00:00,4.060,94.40,0.000
2025-07-28T18:45:00,4.060,95.80,0.000
2025-07-28T18:30:00,4.060,89.80,0.000
2025-07-28T18:15:00,4.060,93.40,0.000
2025-07-28T18:00:00,4.060,90.90,0.000
2025-07-28T17:45:00,4.060,88.70,0.000
2025-07-28T17:30:00,4.060,88.80,0.000
2025-07-28T17:15:00,4.060,92.10,0.000
2025-07-28T17:00:00,4.060,86.50,0.000
2025-07-28T16:45:00,4.060,84.70,0.000
2025-07-28T16:30:00,4.060,82.30,0.000
2025-07-28T16:15:00,4.050,83.00,0.000
2025-07-28T16:00:00,4.060,80.60,0.000
2025-07-28T15:45:00,4.050,92.20,0.000
2025-07-28T15:30:00,4.050,88.70,0.000
2025-07-28T15:15:00,4.060,93.80,0.000
2025-07-28T15:00:00,4.050,88.30,0.000
2025-07-28T14:45:00,4.050,83.80,0.000
2025-07-28T14:30:00,4.050,86.90,0.000
2025-07-28T14:15:00,4.050,87.50,0.000
2025-07-28T14:00:00,4.060,88.50,0.000
2025-07-28T13:45:00,4.050,88.70,0.000
2025-07-28T13:30:00,4.050,89.70,0.000
2025-07-28T13:15:00,4.050,86.90,0.000
2025-07-28T13:00:00,4.050,89.50,0.000
2025-07-28T12:45:00,4.050,87.30,0.000
2025-07-28T12:30:00,4.050,84.50,0.000
2025-07-28T12:15:00,4.050,88.80,0.000
2025-07-28T12:00:00,4.050,90.30,0.000
2025-07-28T11:45:00,4.050,85.30,0.000
2025-07-28T11:30:00,4.050,87.40,0.000
2025-07-28T11:15:00,4.050,88.80,0.000
2025-07-28T11:00:00,4.050,89.20,0.000
2025-07-28T10:45:00,4.050,86.90,0.000
2025-07-28T10:30:00,4.040,87.90,0.000
2025-07-28T10:15:00,4.040,91.80,0.000
2025-07-28T10:00:00,4.040,86.40,0.000
2025-07-28T09:45:00,4.040,91.50,0.000
2025-07-28T09:30:00,4.030,92.40,0.000
2025-07-28T09:15:00,4.030,88.10,0.000
2025-07-28T09:00:00,4.020,89.60,0.000
2025-07-28T08:45:00,4.020,93.60,0.000
2025-07-28T08:30:00,4.000,89.20,0.000
2025-07-28T08:15:00,4.000,86.10,0.000
2025-07-28T08:00:00,3.990,88.10,0.000
2025-07-28T07:45:00,3.990,93.80,0.000
2025-07-28T07:30:00,3.980,91.40,0.000
2025-07-28T07:15:00,3.970,91.80,0.000
2025-07-28T07:00:00,3.960,92.40,0.000
2025-07-28T06:45:00,3.960,92.30,0.000
2025-07-28T06:30:00,3.970,93.00,0.000
2025-07-28T06:15:00,3.970,92.00,0.000
2025-07-28T06:00:00,3.980,92.60,0.000
2025-07-28T05:45:00,3.980,97.40,0.000
2025-07-28T05:30:00,3.980,95.20,0.000
2025-07-28T05:15:00,3.990,95.40,0.000
2025-07-28T05:00:00,4.000,100.60,0.000
2025-07-28T04:45:00,4.000,98.70,0.000
2025-07-28T04:30:00,4.000,98.70,0.000
2025-07-28T04:15:00,4.010,100.20,0.000
2025-07-28T04:00:00,4.020,100.80,0.000
2025-07-28T03:45:00,4.020,95.80,0.000
2025-07-28T03:30:00,4.030,98.50,0.000
2025-07-28T03:15:00,4.030,103.70,0.000
2025-07-28T03:00:00,4.040,105.40,0.000
2025-07-28T02:45:00,4.040,102.80,0.000
2025-07-28T02:30:00,4.050,103.10,0.000
2025-07-28T02:15:00,4.050,106.00,0.000
2025-07-28T02:00:00,4.050,101.40,0.000
2025-07-28T01:45:00,4.060,110.10,0.000
2025-07-28T01:30:00,4.070,103.00,0.000
2025-07-28T01:15:00,4.070,106.70,0.000
2025-07-28T01:00:00,4.080,108.10,0.000
2025-07-28T00:45:00,4.080,110.70,0.000
2025-07-28T00:30:00,4.090,110.60,0.000
2025-07-28T00:15:00,4.090,105.90,0.000
2025-07-28T00:00:00,4.100,110.50,0.000
2025-07-27T23:45:00,4.100,111.30,0.000
2025-07-27T23:30:00,4.100,109.00,0.000
2025-07-27T23:15:00,4.120,112.20,0.000
2025-07-27T23:00:00,4.120,115.40,0.000
2025-07-27T22:45:00,4.130,111.90,0.000
2025-07-27T22:30:00,4.130,115.00,0.000
2025-07-27T22:15:00,4.140,114.30,0.000
2025-07-27T22:00:00,4.150,114.90,0.000
2025-07-27T21:45:00,4.150,118.70,0.000
2025-07-27T21:30:00,4.160,116.90,0.000
2025-07-27T21:15:00,4.170,117.10,0.000
2025-07-27T21:00:00,4.170,116.40,0.000
2025-07-27T20:45:00,4.170,117.90,0.000
2025-07-27T20:30:00,4.180,112.80,0.000
2025-07-27T20:15:00,4.190,119.10,0.000
2025-07-27T20:00:00,4.190,119.70,0.000
2025-07-27T19:45:00,4.200,121.90,0.000
2025-07-27T19:30:00,4.210,121.20,0.000
2025-07-27T19:15:00,4.220,123.40,0.000
2025-07-27T19:00:00,4.220,124.60,0.000
2025-07-27T18:45:00,4.230,126.90,0.000
2025-07-27T18:30:00,4.230,122.70,0.000
2025-07-27T18:15:00,4.240,128.60,0.000
2025-07-27T18:00:00,4.240,125.30,0.000
2025-07-27T17:45:00,4.250,131.70,0.000
2025-07-27T17:30:00,4.260,130.70,0.000
2025-07-27T17:15:00,4.270,131.00,0.000
2025-07-27T17:00:00,4.270,130.30,0.000
2025-07-27T16:45:00,4.280,126.70,0.000
2025-07-27T16:30:00,4.280,128.00,0.000
2025-07-27T16:15:00,4.290,127.20,0.000
2025-07-27T16:00:00,4.300,137.30,0.000
2025-07-27T15:45:00,4.300,124.20,0.000
2025-07-27T15:30:00,4.310,128.50,0.000
2025-07-27T15:15:00,4.310,124.40,0.000
2025-07-27T15:00:00,4.320,123.30,0.000
2025-07-27T14:45:00,4.330,139.30,0.000
2025-07-27T14:30:00,4.330,124.20,0.000
2025-07-27T14:15:00,4.340,123.20,0.000
2025-07-27T14:00:00,4.340,134.20,0.000
2025-07-27T13:45:00,4.350,134.50,0.000
2025-07-27T13:30:00,4.360,141.30,0.000
2025-07-27T13:15:00,4.360,141.20,0.000
2025-07-27T13:00:00,4.370,133.30,0.000
2025-07-27T12:45:00,4.380,149.80,0.000
2025-07-27T12:30:00,4.370,139.40,0.000
2025-07-27T12:15:00,4.380,149.30,0.000
2025-07-27T12:00:00,4.380,149.90,0.000
2025-07-27T11:45:00,4.390,151.40,0.000
2025-07-27T11:30:00,4.390,152.20,0.000
2025-07-27T11:15:00,4.390,154.80,0.000
2025-07-27T11:00:00,4.390,154.20,0.000
2025-07-27T10:45:00,4.400,153.30,0.000
2025-07-27T10:30:00,4.400,160.50,0.000
2025-07-27T10:15:00,4.400,164.20,0.000
2025-07-27T10:00:00,4.400,156.20,0.000
2025-07-27T09:45:00,4.400,156.70,0.000
2025-07-27T09:30:00,4.400,161.70,0.000
2025-07-27T09:15:00,4.410,165.50,0.000
2025-07-27T09:00:00,4.410,161.20,0.000
2025-07-27T08:45:00,4.410,159.80,0.000
2025-07-27T08:30:00,4.410,163.10,0.000
2025-07-27T08:15:00,4.430,161.90,0.000
2025-07-27T08:00:00,4.420,157.30,0.000
2025-07-27T07:45:00,4.410,157.70,0.000
2025-07-27T07:30:00,4.400,151.50,0.000
2025-07-27T07:15:00,4.390,158.70,0.000
2025-07-27T07:00:00,4.370,162.80,0.000
2025-07-27T06:45:00,4.360,160.30,0.000
2025-07-27T06:30:00,4.350,152.10,0.000
2025-07-27T06:15:00,4.330,156.80,0.000
2025-07-27T06:00:00,4.320,154.30,0.500
2025-07-27T05:45:00,4.310,155.00,0.000
2025-07-27T05:30:00,4.280,154.40,0.000
2025-07-27T05:15:00,4.260,152.80,0.000
2025-07-27T05:00:00,4.240,150.30,0.000
2025-07-27T04:45:00,4.230,144.40,0.000
2025-07-27T04:30:00,4.210,139.00,0.000
2025-07-27T04:15:00,4.190,143.60,0.000
2025-07-27T04:00:00,4.170,143.00,0.000
2025-07-27T03:45:00,4.150,137.10,0.000
2025-07-27T03:30:00,4.130,132.30,0.000
2025-07-27T03:15:00,4.120,134.30,0.000
2025-07-27T03:00:00,4.100,123.70,0.000
2025-07-27T02:45:00,4.080,122.00,0.000
2025-07-27T02:30:00,4.070,123.50,0.000
2025-07-27T02:15:00,4.050,113.00,0.000
2025-07-27T02:00:00,4.050,109.60,0.000
2025-07-27T01:45:00,4.060,111.40,0.000
2025-07-27T01:30:00,4.050,108.80,0.500
2025-07-27T01:15:00,4.040,112.00,0.000
2025-07-27T01:00:00,4.020,112.40,0.000
2025-07-27T00:45:00,4.010,104.60,0.500
2025-07-27T00:30:00,4.000,97.60,0.000
2025-07-27T00:15:00,3.990,98.80,0.000
2025-07-27T00:00:00,3.990,102.60,0.000
2025-08-09T23:45:00,3.850,61.00,0.000
2025-08-09T23:30:00,3.850,59.00,0.000
2025-08-09T23:15:00,3.850,60.10,0.000
2025-08-09T23:00:00,3.850,58.70,0.000
2025-08-09T22:45:00,3.860,59.50,0.000
2025-08-09T22:30:00,3.850,59.30,0.000
2025-08-09T22:15:00,3.860,56.30,0.000
2025-08-09T22:00:00,3.860,57.30,0.000
2025-08-09T21:45:00,3.860,54.30,0.000
2025-08-09T21:30:00,3.860,58.20,0.000
2025-08-09T21:15:00,3.870,58.50,0.000
2025-08-09T21:00:00,3.870,56.50,0.000
2025-08-09T20:45:00,3.870,58.10,0.000
2025-08-09T20:30:00,3.870,56.50,0.000
2025-08-09T20:15:00,3.870,55.40,0.000
2025-08-09T20:00:00,3.870,58.60,0.000
2025-08-09T19:45:00,3.870,58.00,0.000
2025-08-09T19:30:00,3.870,58.00,0.000
2025-08-09T19:15:00,3.880,56.30,0.000
2025-08-09T19:00:00,3.880,55.30,0.000
2025-08-09T18:45:00,3.880,53.30,0.000
2025-08-09T18:30:00,3.880,61.80,0.000
2025-08-09T18:15:00,3.890,55.80,0.000
2025-08-09T18:00:00,3.890,57.60,0.000
2025-08-09T17:45:00,3.890,60.70,0.000
2025-08-09T17:30:00,3.890,56.90,0.000
2025-08-09T17:15:00,3.890,55.20,0.000
2025-08-09T17:00:00,3.900,57.00,0.000
2025-08-09T16:45:00,3.900,58.20,0.000
2025-08-09T16:30:00,3.900,53.70,0.000
2025-08-09T16:15:00,3.900,53.60,0.000
2025-08-09T16:00:00,3.910,52.80,0.000
2025-08-09T15:45:00,3.910,59.40,0.000
2025-08-09T15:30:00,3.910,50.40,0.000
2025-08-09T15:15:00,3.910,58.80,0.000
2025-08-09T15:00:00,3.910,56.20,0.000
2025-08-09T14:45:00,3.920,64.30,0.000
2025-08-09T14:30:00,3.920,59.00,0.000
2025-08-09T14:15:00,3.920,60.20,0.000
2025-08-09T14:00:00,3.930,51.90,0.000
2025-08-09T13:45:00,3.930,59.80,0.000
2025-08-09T13:30:00,3.930,53.50,0.000
2025-08-09T13:15:00,3.930,53.40,0.000
2025-08-09T13:00:00,3.930,66.60,0.000
2025-08-09T12:45:00,3.930,60.40,0.000
2025-08-09T12:30:00,3.940,64.30,0.000
2025-08-09T12:15:00,3.940,62.10,0.000
2025-08-09T12:00:00,3.940,54.30,0.000
2025-08-09T11:45:00,3.940,60.40,0.000
2025-08-09T11:30:00,3.940,67.00,0.000
2025-08-09T11:15:00,3.930,66.90,0.000
2025-08-09T11:00:00,3.930,54.60,0.000
2025-08-09T10:45:00,3.930,87.20,0.000
2025-08-09T10:30:00,3.930,64.70,0.000
2025-08-09T10:15:00,3.920,64.80,0.000
2025-08-09T10:00:00,3.910,66.40,0.000
2025-08-09T09:45:00,3.900,66.50,0.000
2025-08-09T09:30:00,3.900,66.60,0.000
2025-08-09T09:15:00,3.890,69.40,0.000
2025-08-09T09:00:00,3.890,64.60,0.000
2025-08-09T08:45:00,3.890,68.90,0.000
2025-08-09T08:30:00,3.900,67.90,0.000
2025-08-09T08:15:00,3.900,69.60,0.000
2025-08-09T08:00:00,3.900,73.30,0.000
2025-08-09T07:45:00,3.900,70.30,0.000
2025-08-09T07:30:00,3.900,71.10,0.000
2025-08-09T07:15:00,3.900,68.30,0.000
2025-08-09T07:00:00,3.910,71.80,0.000
2025-08-09T06:45:00,3.900,71.80,0.000
2025-08-09T06:30:00,3.900,70.40,0.000
2025-08-09T06:15:00,3.900,68.70,0.000
2025-08-09T06:00:00,3.910,71.30,0.000
2025-08-09T05:45:00,3.910,72.20,0.000
2025-08-09T05:30:00,3.910,74.10,0.000
2025-08-09T05:15:00,3.910,68.40,0.000
2025-08-09T05:00:00,3.910,72.90,0.000
2025-08-09T04:45:00,3.910,72.80,0.000
2025-08-09T04:30:00,3.910,74.70,0.000
2025-08-09T04:15:00,3.910,72.30,0.000
2025-08-09T04:00:00,3.910,70.60,0.000
2025-08-09T03:45:00,3.920,71.80,0.000
2025-08-09T03:30:00,3.920,71.50,0.000
2025-08-09T03:15:00,3.920,72.70,0.000
2025-08-09T03:00:00,3.920,69.10,0.000
2025-08-09T02:45:00,3.920,75.60,0.000
2025-08-09T02:30:00,3.920,77.60,0.000
2025-08-09T02:15:00,3.930,84.10,0.000
2025-08-09T02:00:00,3.930,77.00,0.000
2025-08-09T01:45:00,3.930,74.80,0.000
2025-08-09T01:30:00,3.930,74.80,0.000
2025-08-09T01:15:00,3.930,71.40,0.000
2025-08-09T01:00:00,3.930,71.90,0.000
2025-08-09T00:45:00,3.930,73.30,0.000
2025-08-09T00:30:00,3.930,74.60,0.000
2025-08-09T00:15:00,3.940,75.00,0.000
2025-08-09T00:00:00,3.940,76.40,0.000
2025-08-08T23:45:00,3.940,76.10,0.000
2025-08-08T23:30:00,3.940,75.20,0.000
2025-08-08T23:15:00,3.950,76.40,0.000
2025-08-08T23:00:00,3.950,76.30,0.000
2025-08-08T22:45:00,3.950,75.70,0.000
2025-08-08T22:30:00,3.950,71.10,0.000
2025-08-08T22:15:00,3.950,78.50,0.000
2025-08-08T22:00:00,3.950,75.90,0.000
2025-08-08T21:45:00,3.950,74.50,0.000
2025-08-08T21:30:00,3.960,75.30,0.000
2025-08-08T21:15:00,3.960,75.10,0.000
2025-08-08T21:00:00,3.960,70.60,0.000
2025-08-08T20:45:00,3.960,75.90,0.000
2025-08-08T20:30:00,3.970,76.10,0.000
2025-08-08T20:15:00,3.970,73.90,0.000
2025-08-08T20:00:00,3.970,78.30,0.000
2025-08-08T19:45:00,3.970,78.10,0.000
2025-08-08T19:30:00,3.970,75.20,0.000
2025-08-08T19:15:00,3.980,73.80,0.000
2025-08-08T19:00:00,3.980,73.50,0.000
2025-08-08T18:45:00,3.980,76.90,0.000
2025-08-08T18:30:00,3.980,69.70,0.000
2025-08-08T18:15:00,3.980,73.20,0.000
2025-08-08T18:00:00,3.990,75.90,0.000
2025-08-08T17:45:00,3.980,75.60,0.000
2025-08-08T17:30:00,3.990,78.10,0.000
2025-08-08T17:15:00,3.990,79.10,0.000
2025-08-08T17:00:00,3.990,75.00,0.000
2025-08-08T16:45:00,4.000,80.10,0.000
2025-08-08T16:30:00,4.000,77.60,0.000
2025-08-08T16:15:00,4.000,81.10,0.000
2025-08-08T16:00:00,4.000,82.70,0.000
2025-08-08T15:45:00,4.010,83.60,0.000
2025-08-08T15:30:00,4.010,77.60,0.000
2025-08-08T15:15:00,4.010,78.60,0.000
2025-08-08T15:00:00,4.010,77.70,0.000
2025-08-08T14:45:00,4.020,78.60,0.000
2025-08-08T14:30:00,4.020,76.60,0.000
2025-08-08T14:15:00,4.020,81.40,0.000
2025-08-08T14:00:00,4.030,77.40,0.000
2025-08-08T13:45:00,4.030,81.20,0.000
2025-08-08T13:30:00,4.030,85.10,0.000
2025-08-08T13:15:00,4.030,76.70,0.000
2025-08-08T13:00:00,4.040,82.60,0.000
2025-08-08T12:45:00,4.040,73.90,0.000
2025-08-08T12:30:00,4.040,86.30,0.000
2025-08-08T12:15:00,4.050,78.80,0.000
2025-08-08T12:00:00,4.050,84.00,0.000
2025-08-08T11:45:00,4.050,81.30,0.000
2025-08-08T11:30:00,4.050,81.40,0.000
2025-08-08T11:15:00,4.050,80.30,0.000
2025-08-08T11:00:00,4.050,88.70,0.000
2025-08-08T10:45:00,4.060,84.60,0.000
2025-08-08T10:30:00,4.060,84.60,0.000
2025-08-08T10:15:00,4.050,105.50,0.500
2025-08-08T10:00:00,4.050,87.50,0.000
2025-08-08T09:45:00,4.050,84.30,0.000
2025-08-08T09:30:00,4.050,82.30,0.000
2025-08-08T09:15:00,4.050,85.50,0.000
2025-08-08T09:00:00,4.050,85.30,0.000
2025-08-08T08:45:00,4.060,82.50,0.000
2025-08-08T08:30:00,4.060,88.50,0.000
2025-08-08T08:15:00,4.060,89.70,0.000
2025-08-08T08:00:00,4.060,85.00,0.000
2025-08-08T07:45:00,4.050,88.20,0.000
2025-08-08T07:30:00,4.060,83.30,0.000
2025-08-08T07:15:00,4.050,85.00,0.000
2025-08-08T07:00:00,4.060,86.60,0.000
2025-08-08T06:45:00,4.060,81.10,0.000
2025-08-08T06:30:00,4.050,85.40,0.000
2025-08-08T06:15:00,4.060,83.70,0.000
2025-08-08T06:00:00,4.050,88.20,0.000
2025-08-08T05:45:00,4.050,84.60,0.000
2025-08-08T05:30:00,4.050,86.60,0.000
2025-08-08T05:15:00,4.060,83.80,0.000
2025-08-08T05:00:00,4.050,85.10,0.000
2025-08-08T04:45:00,4.050,84.80,0.000
2025-08-08T04:30:00,4.060,85.30,0.000
2025-08-08T04:15:00,4.050,87.40,0.000
2025-08-08T04:00:00,4.050,85.00,0.000
2025-08-08T03:45:00,4.050,90.00,0.000
2025-08-08T03:30:00,4.050,84.90,0.000
2025-08-08T03:15:00,4.050,88.10,0.000
2025-08-08T03:00:00,4.050,80.10,0.000
2025-08-08T02:45:00,4.050,84.70,0.000
2025-08-08T02:30:00,4.050,86.00,0.000
2025-08-08T02:15:00,4.050,83.70,0.000
2025-08-08T02:00:00,4.050,86.30,0.000
2025-08-08T01:45:00,4.050,85.00,0.000
2025-08-08T01:30:00,4.040,84.70,0.000
2025-08-08T01:15:00,4.040,82.20,0.000
2025-08-08T01:00:00,4.040,83.90,0.000
2025-08-08T00:45:00,4.040,81.70,0.000
2025-08-08T00:30:00,4.040,85.70,0.000
2025-08-08T00:15:00,4.040,86.50,0.000
2025-08-08T00:00:00,4.040,85.80,0.000
2025-08-07T23:45:00,4.040,84.00,0.000
2025-08-07T23:30:00,4.040,83.00,0.000
2025-08-07T23:15:00,4.040,79.50,0.000
2025-08-07T23:00:00,4.040,84.50,0.000
2025-08-07T22:45:00,4.040,88.10,0.000
2025-08-07T22:30:00,4.030,86.20,0.000
2025-08-07T22:15:00,4.030,86.60,0.000
2025-08-07T22:00:00,4.030,87.30,0.000
2025-08-07T21:45:00,4.030,85.10,0.000
2025-08-07T21:30:00,4.030,85.90,0.000
2025-08-07T21:15:00,4.030,81.60,0.000
2025-08-07T21:00:00,4.030,84.90,0.000
2025-08-07T20:45:00,4.030,81.60,0.000
2025-08-07T20:30:00,4.020,85.80,0.000
2025-08-07T20:15:00,4.020,85.10,0.000
2025-08-07T20:00:00,4.020,81.90,0.000
2025-08-07T19:45:00,4.020,82.40,0.000
2025-08-07T19:30:00,4.020,81.70,0.000
2025-08-07T19:15:00,4.020,82.70,0.000
2025-08-07T19:00:00,4.020,84.30,0.000
2025-08-07T18:45:00,4.010,79.30,0.000
2025-08-07T18:30:00,4.010,79.40,0.000
2025-08-07T18:15:00,4.010,80.80,0.000
2025-08-07T18:00:00,4.010,79.80,0.000
2025-08-07T17:45:00,4.010,86.50,0.000
2025-08-07T17:30:00,4.000,88.80,0.000
2025-08-07T17:15:00,4.000,89.90,0.500
2025-08-07T17:00:00,4.000,98.30,1.500
2025-08-07T16:45:00,3.990,99.90,2.000
2025-08-07T16:30:00,3.980,84.60,1.500
2025-08-07T16:15:00,3.980,77.00,0.000
2025-08-07T16:00:00,3.980,83.20,0.000
2025-08-07T15:45:00,3.980,74.40,0.000
2025-08-07T15:30:00,3.980,79.50,0.000
2025-08-07T15:15:00,3.980,77.00,0.000
2025-08-07T15:00:00,3.970,72.40,0.000
2025-08-07T14:45:00,3.970,70.80,0.000
2025-08-07T14:30:00,3.970,75.00,0.000
2025-08-07T14:15:00,3.970,78.50,0.000
2025-08-07T14:00:00,3.970,81.80,0.000
2025-08-07T13:45:00,3.960,74.40,0.000
2025-08-07T13:30:00,3.960,76.30,0.000
2025-08-07T13:15:00,3.950,78.80,0.000
2025-08-07T13:00:00,3.950,73.90,0.000
2025-08-07T12:45:00,3.940,80.60,0.000
2025-08-07T12:30:00,3.930,75.80,0.000
2025-08-07T12:15:00,3.920,82.10,0.000
2025-08-07T12:00:00,3.920,79.80,0.000
2025-08-07T11:45:00,3.920,80.30,0.000
2025-08-07T11:30:00,3.920,82.60,0.000
2025-08-07T11:15:00,3.920,81.80,0.000
2025-08-07T11:00:00,3.910,79.80,0.000
2025-08-07T10:45:00,3.910,79.50,0.000
2025-08-07T10:30:00,3.910,80.60,0.000
2025-08-07T10:15:00,3.910,79.40,0.000
2025-08-07T10:00:00,3.900,84.10,0.000
2025-08-07T09:45:00,3.900,74.30,0.000
2025-08-07T09:30:00,3.890,79.50,0.000
2025-08-07T09:15:00,3.890,77.00,0.000
2025-08-07T09:00:00,3.870,78.80,0.000
2025-08-07T08:45:00,3.870,79.10,0.000
2025-08-07T08:30:00,3.870,84.80,0.000
2025-08-07T08:15:00,3.870,83.90,0.000
2025-08-07T08:00:00,3.880,82.30,0.000
2025-08-07T07:45:00,3.880,82.30,0.000
2025-08-07T07:30:00,3.870,83.10,0.000
2025-08-07T07:15:00,3.880,83.50,0.000
2025-08-07T07:00:00,3.870,81.60,0.000
2025-08-07T06:45:00,3.890,81.90,0.000
2025-08-07T06:30:00,3.880,81.00,0.000
2025-08-07T06:15:00,3.880,83.30,0.000
2025-08-07T06:00:00,3.880,82.40,0.000
2025-08-07T05:45:00,3.890,84.70,0.000
2025-08-07T05:30:00,3.890,84.50,0.000
2025-08-07T05:15:00,3.890,83.70,0.000
2025-08-07T05:00:00,3.890,86.80,0.000
2025-08-07T04:45:00,3.890,84.20,0.000
2025-08-07T04:30:00,3.890,83.20,0.000
2025-08-07T04:15:00,3.890,85.50,0.000
2025-08-07T04:00:00,3.890,86.90,0.000
2025-08-07T03:45:00,3.890,86.90,0.000
2025-08-07T03:30:00,3.900,83.10,0.000
2025-08-07T03:15:00,3.900,82.70,0.000
2025-08-07T03:00:00,3.890,84.80,0.000
2025-08-07T02:45:00,3.900,82.00,0.000
2025-08-07T02:30:00,3.900,84.40,0.000
2025-08-07T02:15:00,3.900,82.20,0.000
2025-08-07T02:00:00,3.900,89.80,0.000
2025-08-07T01:45:00,3.910,86.40,0.000
2025-08-07T01:30:00,3.910,90.80,0.000
2025-08-07T01:15:00,3.910,84.00,0.000
2025-08-07T01:00:00,3.910,86.60,0.000
2025-08-07T00:45:00,3.910,87.00,0.000
2025-08-07T00:30:00,3.920,82.90,0.000
2025-08-07T00:15:00,3.910,86.70,0.000
2025-08-07T00:00:00,3.910,86.10,0.000
2025-08-06T23:45:00,3.910,87.80,0.000
2025-08-06T23:30:00,3.920,88.20,0.000
2025-08-06T23:15:00,3.920,83.60,0.000
2025-08-06T23:00:00,3.920,86.60,0.000
2025-08-06T22:45:00,3.920,90.80,0.000
2025-08-06T22:30:00,3.920,85.80,0.000
2025-08-06T22:15:00,3.920,86.70,0.000
2025-08-06T22:00:00,3.920,85.20,0.000
2025-08-06T21:45:00,3.930,85.10,0.000
2025-08-06T21:30:00,3.930,87.10,0.000
2025-08-06T21:15:00,3.930,85.90,0.000
2025-08-06T21:00:00,3.930,87.30,0.000
2025-08-06T20:45:00,3.930,87.20,0.000
2025-08-06T20:30:00,3.930,87.10,0.000
2025-08-06T20:15:00,3.930,87.80,0.000
2025-08-06T20:00:00,3.930,90.40,0.000
2025-08-06T19:45:00,3.940,91.00,0.000
2025-08-06T19:30:00,3.940,86.90,0.000
2025-08-06T19:15:00,3.940,89.60,0.000
2025-08-06T19:00:00,3.940,88.70,0.000
2025-08-06T18:45:00,3.940,86.10,0.000
2025-08-06T18:30:00,3.940,90.20,0.000
2025-08-06T18:15:00,3.950,89.40,0.000
2025-08-06T18:00:00,3.950,88.60,0.000
2025-08-06T17:45:00,3.950,88.40,0.000
2025-08-06T17:30:00,3.950,88.90,0.000
2025-08-06T17:15:00,3.950,91.40,0.000
2025-08-06T17:00:00,3.960,91.80,0.000
2025-08-06T16:45:00,3.960,93.00,0.000
2025-08-06T16:30:00,3.960,93.00,0.000
2025-08-06T16:15:00,3.960,91.30,0.000
2025-08-06T16:00:00,3.960,88.70,0.000
2025-08-06T15:45:00,3.970,89.80,0.000
2025-08-06T15:30:00,3.960,90.90,0.000
2025-08-06T15:15:00,3.970,100.30,0.000
2025-08-06T15:00:00,3.970,91.60,0.000
2025-08-06T14:45:00,3.970,91.70,0.000
2025-08-06T14:30:00,3.970,92.10,0.000
2025-08-06T14:15:00,3.970,93.70,0.000
2025-08-06T14:00:00,3.970,90.50,0.000
2025-08-06T13:45:00,3.970,93.00,0.000
2025-08-06T13:30:00,3.980,96.10,0.000
2025-08-06T13:15:00,3.980,95.00,0.000
2025-08-06T13:00:00,3.980,91.40,0.000
2025-08-06T12:45:00,3.980,95.50,0.000
2025-08-06T12:30:00,3.990,92.80,0.000
2025-08-06T12:15:00,3.990,90.70,0.000
2025-08-06T12:00:00,3.990,90.30,0.000
2025-08-06T11:45:00,4.000,93.20,0.000
2025-08-06T11:30:00,4.000,94.80,0.000
2025-08-06T11:15:00,4.000,97.50,0.000
2025-08-06T11:00:00,4.000,97.00,0.000
2025-08-06T10:45:00,4.000,93.80,0.000
2025-08-06T10:30:00,4.000,95.00,0.000
2025-08-06T10:15:00,4.010,95.90,0.000
2025-08-06T10:00:00,4.010,93.20,0.000
2025-08-06T09:45:00,4.010,95.50,0.000
2025-08-06T09:30:00,4.010,97.10,0.000
2025-08-06T09:15:00,4.020,103.50,0.000
2025-08-06T09:00:00,4.020,92.50,0.000
2025-08-06T08:45:00,4.020,97.20,0.000
2025-08-06T08:30:00,4.020,100.20,0.000
2025-08-06T08:15:00,4.020,99.00,0.000
2025-08-06T08:00:00,4.030,98.60,0.000
2025-08-06T07:45:00,4.030,102.20,0.000
2025-08-06T07:30:00,4.030,99.80,0.000
2025-08-06T07:15:00,4.040,101.10,0.000
2025-08-06T07:00:00,4.040,100.40,0.000
2025-08-06T06:45:00,4.040,99.50,0.000
2025-08-06T06:30:00,4.040,100.80,0.000
2025-08-06T06:15:00,4.040,98.90,0.000
2025-08-06T06:00:00,4.040,102.30,0.000
2025-08-06T05:45:00,4.050,105.40,0.000
2025-08-06T05:30:00,4.050,104.30,0.000
2025-08-06T05:15:00,4.050,103.80,0.000
2025-08-06T05:00:00,4.050,103.20,0.000
2025-08-06T04:45:00,4.060,100.30,0.000
2025-08-06T04:30:00,4.060,106.10,0.000
2025-08-06T04:15:00,4.060,106.50,0.000
2025-08-06T04:00:00,4.060,106.00,0.000
2025-08-06T03:45:00,4.060,105.90,0.000
2025-08-06T03:30:00,4.070,101.20,0.000
2025-08-06T03:15:00,4.070,103.40,0.000
2025-08-06T03:00:00,4.060,99.70,0.000
2025-08-06T02:45:00,4.070,109.50,0.000
2025-08-06T02:30:00,4.070,108.00,0.000
2025-08-06T02:15:00,4.070,106.10,0.000
2025-08-06T02:00:00,4.080,101.60,0.000
2025-08-06T01:45:00,4.080,108.40,0.000
2025-08-06T01:30:00,4.090,107.80,0.000
2025-08-06T01:15:00,4.090,106.50,0.000
2025-08-06T01:00:00,4.090,108.50,0.000
2025-08-06T00:45:00,4.090,102.70,0.000
2025-08-06T00:30:00,4.090,108.90,0.000
2025-08-06T00:15:00,4.090,110.40,0.000
2025-08-06T00:00:00,4.090,106.70,0.000
2025-08-05T23:45:00,4.100,104.20,0.000
2025-08-05T23:30:00,4.100,108.70,0.000
2025-08-05T23:15:00,4.100,108.20,0.000
2025-08-05T23:00:00,4.100,105.60,0.000
2025-08-05T22:45:00,4.110,108.00,0.000
2025-08-05T22:30:00,4.100,105.40,0.000
2025-08-05T22:15:00,4.110,105.90,0.000
2025-08-05T22:00:00,4.110,109.60,0.000
2025-08-05T21:45:00,4.110,105.90,0.000
2025-08-05T21:30:00,4.120,110.80,0.000
2025-08-05T21:15:00,4.120,110.70,0.000
2025-08-05T21:00:00,4.120,109.10,0.000
2025-08-05T20:45:00,4.120,114.20,0.000
2025-08-05T20:30:00,4.130,106.20,0.000
2025-08-05T20:15:00,4.120,114.00,0.000
2025-08-05T20:00:00,4.130,108.60,0.000
2025-08-05T19:45:00,4.130,111.10,0.000
2025-08-05T19:30:00,4.130,112.80,0.000
2025-08-05T19:15:00,4.130,110.30,0.000
2025-08-05T19:00:00,4.130,116.80,0.000
2025-08-05T18:45:00,4.130,110.30,0.000
2025-08-05T18:30:00,4.140,116.40,0.000
2025-08-05T18:15:00,4.140,115.20,0.000
2025-08-05T18:00:00,4.130,114.30,0.000
2025-08-05T17:45:00,4.140,113.70,0.000
2025-08-05T17:30:00,4.140,112.30,0.000
2025-08-05T17:15:00,4.140,115.90,0.000
2025-08-05T17:00:00,4.150,117.70,0.000
2025-08-05T16:45:00,4.160,116.40,0.000
2025-08-05T16:30:00,4.170,108.80,0.000
2025-08-05T16:15:00,4.180,115.50,0.000
2025-08-05T16:00:00,4.180,105.70,0.000
2025-08-05T15:45:00,4.180,113.70,0.000
2025-08-05T15:30:00,4.180,111.50,0.000
2025-08-05T15:15:00,4.180,109.80,0.000
2025-08-05T15:00:00,4.190,98.70,0.000
2025-08-05T14:45:00,4.180,95.60,0.000
2025-08-05T14:30:00,4.170,93.20,0.000
2025-08-05T14:15:00,4.160,91.20,0.000
2025-08-05T14:00:00,4.150,95.00,0.000
2025-08-05T13:45:00,4.140,88.90,0.000
2025-08-05T13:30:00,4.130,91.80,0.000
2025-08-05T13:15:00,4.120,90.80,0.000
2025-08-05T13:00:00,4.110,88.20,0.000
2025-08-05T12:45:00,4.100,85.20,0.000
2025-08-05T12:30:00,4.100,87.80,0.000
2025-08-05T12:15:00,4.090,92.10,0.000
2025-08-05T12:00:00,4.080,88.80,0.000
2025-08-05T11:45:00,4.070,94.10,0.000
2025-08-05T11:30:00,4.050,97.20,0.000
2025-08-05T11:15:00,4.050,96.40,0.000
2025-08-05T11:00:00,4.050,94.00,0.000
2025-08-05T10:45:00,4.060,96.50,0.000
2025-08-05T10:30:00,4.060,96.00,0.000
2025-08-05T10:15:00,4.060,92.80,0.000
2025-08-05T10:00:00,4.060,96.80,0.000
2025-08-05T09:45:00,4.050,105.50,0.000
2025-08-05T09:30:00,4.050,112.40,5.000
2025-08-05T09:15:00,4.050,110.10,16.500
2025-08-05T09:00:00,4.030,103.80,0.000
2025-08-05T08:45:00,4.030,95.10,0.000
2025-08-05T08:30:00,4.030,98.00,0.000
2025-08-05T08:15:00,4.030,99.70,0.000
2025-08-05T08:00:00,4.030,97.30,0.000
2025-08-05T07:45:00,4.030,97.00,0.000
2025-08-05T07:30:00,4.040,100.50,0.000
2025-08-05T07:15:00,4.040,94.70,0.000
2025-08-05T07:00:00,4.040,96.80,0.000
2025-08-05T06:45:00,4.040,92.60,0.000
2025-08-05T06:30:00,4.040,98.40,0.000
2025-08-05T06:15:00,4.050,98.50,0.000
2025-08-05T06:00:00,4.050,100.20,0.000
2025-08-05T05:45:00,4.050,98.90,0.000
2025-08-05T05:30:00,4.050,102.40,0.000
2025-08-05T05:15:00,4.050,94.80,0.000
2025-08-05T05:00:00,4.050,99.60,0.000
2025-08-05T04:45:00,4.050,97.90,0.000
2025-08-05T04:30:00,4.060,97.40,0.000
2025-08-05T04:15:00,4.060,101.00,0.000
2025-08-05T04:00:00,4.060,102.60,0.000
2025-08-05T03:45:00,4.060,104.80,0.000
2025-08-05T03:30:00,4.060,102.50,0.000
2025-08-05T03:15:00,4.060,97.30,0.000
2025-08-05T03:00:00,4.070,99.10,0.000
2025-08-05T02:45:00,4.060,100.40,0.000
2025-08-05T02:30:00,4.070,97.90,0.000
2025-08-05T02:15:00,4.070,100.40,0.000
2025-08-05T02:00:00,4.080,102.70,0.000
2025-08-05T01:45:00,4.080,98.30,0.000
2025-08-05T01:30:00,4.080,101.50,0.000
2025-08-05T01:15:00,4.080,96.10,0.000
2025-08-05T01:00:00,4.080,103.40,0.000
2025-08-05T00:45:00,4.080,100.80,0.000
2025-08-05T00:30:00,4.080,102.20,0.000
2025-08-05T00:15:00,4.090,106.70,0.000
2025-08-05T00:00:00,4.090,103.20,0.000
2025-08-04T23:45:00,4.090,101.20,0.000
2025-08-04T23:30:00,4.090,102.00,0.000
2025-08-04T23:15:00,4.100,102.80,0.000
2025-08-04T23:00:00,4.100,99.40,0.000
2025-08-04T22:45:00,4.100,98.30,0.000
2025-08-04T22:30:00,4.100,100.70,0.000
2025-08-04T22:15:00,4.100,100.90,0.000
2025-08-04T22:00:00,4.110,105.30,0.000
2025-08-04T21:45:00,4.110,99.70,0.000
2025-08-04T21:30:00,4.110,98.50,0.000
2025-08-04T21:15:00,4.110,100.90,0.000
2025-08-04T21:00:00,4.120,102.50,0.000
2025-08-04T20:45:00,4.110,100.50,0.000
2025-08-04T20:30:00,4.120,101.80,0.000
2025-08-04T20:15:00,4.120,106.00,0.000
2025-08-04T20:00:00,4.120,96.40,0.000
2025-08-04T19:45:00,4.120,101.30,0.000
2025-08-04T19:30:00,4.120,101.00,0.000
2025-08-04T19:15:00,4.130,102.40,0.000
2025-08-04T19:00:00,4.130,106.60,0.000
2025-08-04T18:45:00,4.130,98.00,0.000
2025-08-04T18:30:00,4.130,101.30,0.000
2025-08-04T18:15:00,4.130,98.40,0.000
2025-08-04T18:00:00,4.140,103.10,0.000
2025-08-04T17:45:00,4.140,100.60,0.000
2025-08-04T17:30:00,4.140,102.20,0.000
2025-08-04T17:15:00,4.140,101.60,0.000
2025-08-04T17:00:00,4.140,101.30,0.000
2025-08-04T16:45:00,4.150,103.60,0.000
2025-08-04T16:30:00,4.150,99.10,0.000
2025-08-04T16:15:00,4.150,105.10,0.000
2025-08-04T16:00:00,4.150,102.90,0.000
2025-08-04T15:45:00,4.150,99.80,0.000
2025-08-04T15:30:00,4.150,105.70,0.000
2025-08-04T15:15:00,4.160,100.70,0.000
2025-08-04T15:00:00,4.160,100.30,0.000
2025-08-04T14:45:00,4.160,99.30,0.000
2025-08-04T14:30:00,4.160,104.60,0.000
2025-08-04T14:15:00,4.170,102.10,0.000
2025-08-04T14:00:00,4.170,107.50,0.000
2025-08-04T13:45:00,4.170,101.10,0.000
2025-08-04T13:30:00,4.170,111.10,0.000
2025-08-04T13:15:00,4.170,104.20,0.000
2025-08-04T13:00:00,4.170,107.20,0.000
2025-08-04T12:45:00,4.180,101.30,0.000
2025-08-04T12:30:00,4.180,110.00,0.000
2025-08-04T12:15:00,4.190,101.30,0.000
2025-08-04T12:00:00,4.190,96.90,0.000
2025-08-04T11:45:00,4.190,106.20,0.000
2025-08-04T11:30:00,4.190,107.90,0.000
2025-08-04T11:15:00,4.190,103.80,0.000
2025-08-04T11:00:00,4.200,110.50,0.000
2025-08-04T10:45:00,4.200,101.30,0.000
2025-08-04T10:30:00,4.200,100.70,0.000
2025-08-04T10:15:00,4.200,102.80,0.000
2025-08-04T10:00:00,4.210,98.00,0.000
2025-08-04T09:45:00,4.210,108.40,0.000
2025-08-04T09:30:00,4.210,103.40,0.000
2025-08-04T09:15:00,4.210,102.20,0.000
2025-08-04T09:00:00,4.210,103.60,0.000
2025-08-04T08:45:00,4.220,100.20,0.000
2025-08-04T08:30:00,4.210,107.00,0.000
2025-08-04T08:15:00,4.220,104.90,0.000
2025-08-04T08:00:00,4.220,113.20,0.000
2025-08-04T07:45:00,4.230,108.00,0.000
2025-08-04T07:30:00,4.220,104.00,0.000
2025-08-04T07:15:00,4.230,105.10,0.000
2025-08-04T07:00:00,4.230,112.40,0.000
2025-08-04T06:45:00,4.230,108.10,0.000
2025-08-04T06:30:00,4.230,110.30,0.000
2025-08-04T06:15:00,4.230,110.50,0.000
2025-08-04T06:00:00,4.230,106.90,0.000
2025-08-04T05:45:00,4.240,110.20,0.000
2025-08-04T05:30:00,4.240,104.40,0.000
2025-08-04T05:15:00,4.240,106.80,0.000
2025-08-04T05:00:00,4.240,113.50,0.000
2025-08-04T04:45:00,4.240,107.10,0.000
2025-08-04T04:30:00,4.240,108.70,0.000
2025-08-04T04:15:00,4.250,112.50,0.000
2025-08-04T04:00:00,4.250,103.90,0.000
2025-08-04T03:45:00,4.250,110.10,0.000
2025-08-04T03:30:00,4.250,110.90,0.000
2025-08-04T03:15:00,4.250,108.40,0.000
2025-08-04T03:00:00,4.260,109.40,0.000
2025-08-04T02:45:00,4.250,116.30,0.000
2025-08-04T02:30:00,4.250,111.90,0.000
2025-08-04T02:15:00,4.260,113.30,0.000
2025-08-04T02:00:00,4.260,111.70,0.000
2025-08-04T01:45:00,4.260,113.60,0.000
2025-08-04T01:30:00,4.260,109.80,0.000
2025-08-04T01:15:00,4.260,112.50,0.000
2025-08-04T01:00:00,4.260,113.70,0.000
2025-08-04T00:45:00,4.270,114.00,0.000
2025-08-04T00:30:00,4.270,114.00,0.000
2025-08-04T00:15:00,4.270,113.50,0.000
2025-08-04T00:00:00,4.270,114.50,0.000
2025-08-03T23:45:00,4.270,112.20,0.000
2025-08-03T23:30:00,4.280,108.90,0.000
2025-08-03T23:15:00,4.270,114.50,0.000
2025-08-03T23:00:00,4.280,114.30,0.000
2025-08-03T22:45:00,4.270,112.70,0.000
2025-08-03T22:30:00,4.280,114.10,0.000
2025-08-03T22:15:00,4.280,116.30,0.000
2025-08-03T22:00:00,4.280,104.80,0.000
2025-08-03T21:45:00,4.280,115.70,0.000
2025-08-03T21:30:00,4.280,110.50,0.000
2025-08-03T21:15:00,4.280,114.60,0.000
2025-08-03T21:00:00,4.280,113.30,0.000
2025-08-03T20:45:00,4.280,107.90,0.000
2025-08-03T20:30:00,4.290,116.70,0.000
2025-08-03T20:15:00,4.290,113.00,0.000
2025-08-03T20:00:00,4.290,108.60,0.000
2025-08-03T19:45:00,4.290,119.50,0.000
2025-08-03T19:30:00,4.290,118.60,0.000
2025-08-03T19:15:00,4.290,116.80,0.000
2025-08-03T19:00:00,4.290,117.80,0.000
2025-08-03T18:45:00,4.290,108.70,0.000
2025-08-03T18:30:00,4.290,112.50,0.000
2025-08-03T18:15:00,4.290,100.60,0.000
2025-08-03T18:00:00,4.290,111.10,0.000
2025-08-03T17:45:00,4.300,109.80,0.000
2025-08-03T17:30:00,4.290,109.50,0.000
2025-08-03T17:15:00,4.300,109.80,0.000
2025-08-03T17:00:00,4.300,108.40,0.000
2025-08-03T16:45:00,4.300,111.10,0.000
2025-08-03T16:30:00,4.300,102.40,0.000
2025-08-03T16:15:00,4.300,108.60,0.000
2025-08-03T16:00:00,4.300,111.50,0.000
2025-08-03T15:45:00,4.300,119.40,0.000
2025-08-03T15:30:00,4.300,108.80,0.000
2025-08-03T15:15:00,4.300,108.30,0.000
2025-08-03T15:00:00,4.300,109.00,0.000
2025-08-03T14:45:00,4.300,103.80,0.000
2025-08-03T14:30:00,4.300,104.10,0.000
2025-08-03T14:15:00,4.300,107.90,0.000
2025-08-03T14:00:00,4.300,115.10,0.000
2025-08-03T13:45:00,4.300,113.40,0.000
2025-08-03T13:30:00,4.300,119.30,0.000
2025-08-03T13:15:00,4.300,103.10,0.000
2025-08-03T13:00:00,4.300,103.10,0.000
2025-08-03T12:45:00,4.300,106.40,0.000
2025-08-03T12:30:00,4.310,98.70,0.000
2025-08-03T12:15:00,4.300,117.00,0.000
2025-08-03T12:00:00,4.300,103.80,0.000
2025-08-03T11:45:00,4.300,93.40,0.000
2025-08-03T11:30:00,4.300,100.90,0.000
2025-08-03T11:15:00,4.300,107.30,0.000
2025-08-03T11:00:00,4.300,112.00,0.000
2025-08-03T10:45:00,4.300,100.90,0.000
2025-08-03T10:30:00,4.300,109.80,0.000
2025-08-03T10:15:00,4.300,120.40,0.000
2025-08-03T10:00:00,4.300,101.10,0.000
2025-08-03T09:45:00,4.300,111.10,0.000
2025-08-03T09:30:00,4.300,92.70,0.000
2025-08-03T09:15:00,4.300,117.00,0.000
2025-08-03T09:00:00,4.300,105.10,0.000
2025-08-03T08:45:00,4.300,124.20,0.000
2025-08-03T08:30:00,4.300,114.80,0.000
2025-08-03T08:15:00,4.300,115.00,0.000
2025-08-03T08:00:00,4.300,115.50,0.000
2025-08-03T07:45:00,4.300,112.70,0.000
2025-08-03T07:30:00,4.300,111.50,0.000
2025-08-03T07:15:00,4.300,112.30,0.000
2025-08-03T07:00:00,4.300,112.60,0.000
2025-08-03T06:45:00,4.300,111.10,0.000
2025-08-03T06:30:00,4.300,108.70,0.000
2025-08-03T06:15:00,4.310,120.40,0.000
2025-08-03T06:00:00,4.300,112.60,0.000
2025-08-03T05:45:00,4.300,115.00,0.000
2025-08-03T05:30:00,4.310,114.90,0.000
2025-08-03T05:15:00,4.310,120.20,0.000
2025-08-03T05:00:00,4.310,122.70,0.000
2025-08-03T04:45:00,4.310,116.10,3.500
2025-08-03T04:30:00,4.300,122.40,0.000
2025-08-03T04:15:00,4.310,123.20,0.000
2025-08-03T04:00:00,4.310,121.10,1.000
2025-08-03T03:45:00,4.310,129.80,3.000
2025-08-03T03:30:00,4.310,129.30,0.500
2025-08-03T03:15:00,4.310,118.20,0.000
2025-08-03T03:00:00,4.310,117.50,0.000
2025-08-03T02:45:00,4.320,118.40,0.000
2025-08-03T02:30:00,4.320,109.80,0.000
2025-08-03T02:15:00,4.320,118.10,0.000
2025-08-03T02:00:00,4.320,117.20,0.000
2025-08-03T01:45:00,4.320,116.80,0.000
2025-08-03T01:30:00,4.330,119.60,0.000
2025-08-03T01:15:00,4.330,117.50,0.000
2025-08-03T01:00:00,4.330,125.10,0.000
2025-08-03T00:45:00,4.330,125.20,0.000
2025-08-03T00:30:00,4.330,113.40,0.000
2025-08-03T00:15:00,4.340,120.50,0.000
2025-08-03T00:00:00,4.330,122.90,0.000
2025-08-16T23:45:00,4.460,177.80,0.000
2025-08-16T23:30:00,4.470,173.50,0.000
2025-08-16T23:15:00,4.480,167.10,0.000
2025-08-16T23:00:00,4.480,178.00,1.500
2025-08-16T22:45:00,4.480,169.70,0.500
2025-08-16T22:30:00,4.490,178.80,0.000
2025-08-16T22:15:00,4.490,168.00,0.000
2025-08-16T22:00:00,4.490,170.60,0.500
2025-08-16T21:45:00,4.500,173.00,1.000
2025-08-16T21:30:00,4.500,175.70,0.500
2025-08-16T21:15:00,4.500,173.80,0.000
2025-08-16T21:00:00,4.510,175.50,0.000
2025-08-16T20:45:00,4.510,172.40,0.500
2025-08-16T20:30:00,4.520,174.80,0.000
2025-08-16T20:15:00,4.520,170.60,0.000
2025-08-16T20:00:00,4.530,176.60,0.500
2025-08-16T19:45:00,4.530,175.30,0.000
2025-08-16T19:30:00,4.530,171.10,0.500
2025-08-16T19:15:00,4.540,162.60,0.000
2025-08-16T19:00:00,4.550,166.40,0.000
2025-08-16T18:45:00,4.550,163.20,0.000
2025-08-16T18:30:00,4.570,166.90,0.000
2025-08-16T18:15:00,4.570,167.50,0.000
2025-08-16T18:00:00,4.580,168.00,0.000
2025-08-16T17:45:00,4.590,165.50,0.000
2025-08-16T17:30:00,4.590,167.10,0.000
2025-08-16T17:15:00,4.600,162.30,0.000
2025-08-16T17:00:00,4.610,160.70,0.000
2025-08-16T16:45:00,4.620,162.80,0.000
2025-08-16T16:30:00,4.630,163.50,0.000
2025-08-16T16:15:00,4.640,162.90,0.000
2025-08-16T16:00:00,4.650,163.80,0.000
2025-08-16T15:45:00,4.650,164.90,0.000
2025-08-16T15:30:00,4.660,169.50,0.000
2025-08-16T15:15:00,4.670,162.90,0.000
2025-08-16T15:00:00,4.670,160.90,0.000
2025-08-16T14:45:00,4.680,175.10,0.000
2025-08-16T14:30:00,4.690,170.90,0.000
2025-08-16T14:15:00,4.700,170.80,0.000
2025-08-16T14:00:00,4.700,174.60,0.500
2025-08-16T13:45:00,4.710,177.30,0.000
2025-08-16T13:30:00,4.720,181.20,0.500
2025-08-16T13:15:00,4.730,179.70,0.500
2025-08-16T13:00:00,4.730,180.70,1.000
2025-08-16T12:45:00,4.750,182.90,0.500
2025-08-16T12:30:00,4.760,182.30,1.000
2025-08-16T12:15:00,4.770,178.50,0.500
2025-08-16T12:00:00,4.790,172.40,1.000
2025-08-16T11:45:00,4.800,170.20,5.000
2025-08-16T11:30:00,4.790,161.40,5.000
2025-08-16T11:15:00,4.780,160.30,4.000
2025-08-16T11:00:00,4.770,166.50,4.000
2025-08-16T10:45:00,4.770,152.80,0.000
2025-08-16T10:30:00,4.770,159.70,0.500
2025-08-16T10:15:00,4.770,173.50,0.500
2025-08-16T10:00:00,4.760,165.40,0.000
2025-08-16T09:45:00,4.770,165.00,0.000
2025-08-16T09:30:00,4.760,170.20,0.000
2025-08-16T09:15:00,4.770,165.90,0.000
2025-08-16T09:00:00,4.760,169.20,0.000
2025-08-16T08:45:00,4.760,166.10,0.000
2025-08-16T08:30:00,4.770,168.30,0.000
2025-08-16T08:15:00,4.790,161.20,0.000
2025-08-16T08:00:00,4.770,159.90,0.000
2025-08-16T07:45:00,4.750,163.00,0.000
2025-08-16T07:30:00,4.740,164.50,0.000
2025-08-16T07:15:00,4.720,166.50,0.500
2025-08-16T07:00:00,4.700,173.80,0.000
2025-08-16T06:45:00,4.680,164.50,0.000
2025-08-16T06:30:00,4.660,162.20,0.000
2025-08-16T06:15:00,4.640,171.00,0.000
2025-08-16T06:00:00,4.620,159.60,0.000
2025-08-16T05:45:00,4.600,157.70,0.000
2025-08-16T05:30:00,4.580,158.40,0.000
2025-08-16T05:15:00,4.550,159.10,0.000
2025-08-16T05:00:00,4.530,159.50,0.000
2025-08-16T04:45:00,4.500,159.80,0.000
2025-08-16T04:30:00,4.470,158.60,0.000
2025-08-16T04:15:00,4.430,152.90,0.000
2025-08-16T04:00:00,4.400,161.80,0.000
2025-08-16T03:45:00,4.360,148.90,0.000
2025-08-16T03:30:00,4.330,157.30,0.000
2025-08-16T03:15:00,4.300,145.50,0.000
2025-08-16T03:00:00,4.270,140.00,0.000
2025-08-16T02:45:00,4.240,138.70,0.000
2025-08-16T02:30:00,4.210,124.60,0.000
2025-08-16T02:15:00,4.200,121.50,0.000
2025-08-16T02:00:00,4.180,118.60,0.000
2025-08-16T01:45:00,4.160,109.60,0.000
2025-08-16T01:30:00,4.150,107.70,0.000
2025-08-16T01:15:00,4.140,104.90,0.000
2025-08-16T01:00:00,4.130,98.80,0.000
2025-08-16T00:45:00,4.130,105.00,0.000
2025-08-16T00:30:00,4.120,105.80,0.500
2025-08-16T00:15:00,4.120,109.30,0.000
2025-08-16T00:00:00,4.120,107.70,1.000
2025-08-15T23:45:00,4.120,113.90,1.000
2025-08-15T23:30:00,4.120,111.60,1.000
2025-08-15T23:15:00,4.120,112.70,1.500
2025-08-15T23:00:00,4.120,118.30,1.500
2025-08-15T22:45:00,4.120,114.90,2.500
2025-08-15T22:30:00,4.110,114.50,0.500
2025-08-15T22:15:00,4.110,110.50,0.500
2025-08-15T22:00:00,4.110,105.70,1.000
2025-08-15T21:45:00,4.110,113.80,2.500
2025-08-15T21:30:00,4.110,113.10,6.500
2025-08-15T21:15:00,4.100,110.70,7.500
2025-08-15T21:00:00,4.090,109.90,0.500
2025-08-15T20:45:00,4.090,106.40,7.500
2025-08-15T20:30:00,4.080,93.50,1.500
2025-08-15T20:15:00,4.080,98.10,0.000
2025-08-15T20:00:00,4.080,97.00,0.000
2025-08-15T19:45:00,4.090,99.20,0.000
2025-08-15T19:30:00,4.090,101.00,0.000
2025-08-15T19:15:00,4.090,102.30,0.000
2025-08-15T19:00:00,4.090,101.20,0.000
2025-08-15T18:45:00,4.090,105.20,0.000
2025-08-15T18:30:00,4.090,105.50,0.000
2025-08-15T18:15:00,4.090,102.60,0.000
2025-08-15T18:00:00,4.090,102.10,0.000
2025-08-15T17:45:00,4.090,102.10,0.000
2025-08-15T17:30:00,4.080,107.80,0.000
2025-08-15T17:15:00,4.080,106.10,0.000
2025-08-15T17:00:00,4.080,105.70,0.000
2025-08-15T16:45:00,4.090,106.20,0.000
2025-08-15T16:30:00,4.080,101.40,0.000
2025-08-15T16:15:00,4.080,107.40,0.000
2025-08-15T16:00:00,4.080,109.80,0.000
2025-08-15T15:45:00,4.080,104.70,0.000
2025-08-15T15:30:00,4.080,101.30,0.000
2025-08-15T15:15:00,4.070,105.20,0.000
2025-08-15T15:00:00,4.070,103.90,0.000
2025-08-15T14:45:00,4.070,108.30,0.000
2025-08-15T14:30:00,4.070,104.60,0.000
2025-08-15T14:15:00,4.070,106.30,0.000
2025-08-15T14:00:00,4.060,104.60,0.000
2025-08-15T13:45:00,4.050,103.00,0.000
2025-08-15T13:30:00,4.050,104.30,0.000
2025-08-15T13:15:00,4.050,106.50,0.000
2025-08-15T13:00:00,4.040,101.20,0.000
2025-08-15T12:45:00,4.050,103.00,0.000
2025-08-15T12:30:00,4.030,99.70,0.000
2025-08-15T12:15:00,4.030,105.00,0.000
2025-08-15T12:00:00,4.020,102.20,0.000
2025-08-15T11:45:00,4.020,97.90,0.000
2025-08-15T11:30:00,4.010,100.00,0.000
2025-08-15T11:15:00,4.000,97.30,0.000
2025-08-15T11:00:00,4.000,94.90,0.000
2025-08-15T10:45:00,3.990,95.10,0.000
2025-08-15T10:30:00,3.980,92.60,0.000
2025-08-15T10:15:00,3.970,91.50,0.000
2025-08-15T10:00:00,3.960,92.30,0.000
2025-08-15T09:45:00,3.960,89.20,0.000
2025-08-15T09:30:00,3.950,88.50,0.000
2025-08-15T09:15:00,3.940,90.40,0.000
2025-08-15T09:00:00,3.930,85.40,0.000
2025-08-15T08:45:00,3.920,84.10,0.000
2025-08-15T08:30:00,3.920,74.80,0.000
2025-08-15T08:15:00,3.900,70.50,0.000
2025-08-15T08:00:00,3.890,79.40,0.000
2025-08-15T07:45:00,3.890,84.50,0.000
2025-08-15T07:30:00,3.870,82.50,0.000
2025-08-15T07:15:00,3.870,82.50,0.000
2025-08-15T07:00:00,3.860,80.40,0.000
2025-08-15T06:45:00,3.850,77.10,0.000
2025-08-15T06:30:00,3.850,82.10,0.000
2025-08-15T06:15:00,3.840,74.80,0.000
2025-08-15T06:00:00,3.840,77.70,0.000
2025-08-15T05:45:00,3.820,77.10,0.000
2025-08-15T05:30:00,3.820,75.30,0.000
2025-08-15T05:15:00,3.810,74.50,0.000
2025-08-15T05:00:00,3.810,72.80,0.000
2025-08-15T04:45:00,3.810,70.50,0.000
2025-08-15T04:30:00,3.800,73.70,0.000
2025-08-15T04:15:00,3.800,73.90,0.500
2025-08-15T04:00:00,3.800,77.30,0.000
2025-08-15T03:45:00,3.800,73.40,0.000
2025-08-15T03:30:00,3.790,72.00,0.000
2025-08-15T03:15:00,3.790,72.80,0.000
2025-08-15T03:00:00,3.780,69.10,0.000
2025-08-15T02:45:00,3.780,67.70,0.000
2025-08-15T02:30:00,3.780,72.80,0.000
2025-08-15T02:15:00,3.780,72.10,0.000
2025-08-15T02:00:00,3.780,73.80,0.000
2025-08-15T01:45:00,3.770,78.00,0.500
2025-08-15T01:30:00,3.770,74.70,1.000
2025-08-15T01:15:00,3.770,77.50,0.000
2025-08-15T01:00:00,3.770,77.90,1.000
2025-08-15T00:45:00,3.760,79.30,0.000
2025-08-15T00:30:00,3.760,72.70,0.000
2025-08-15T00:15:00,3.760,75.60,1.500
2025-08-15T00:00:00,3.750,76.30,2.500
2025-08-14T23:45:00,3.750,76.60,1.500
2025-08-14T23:30:00,3.750,78.90,1.000
2025-08-14T23:15:00,3.750,75.30,2.000
2025-08-14T23:00:00,3.740,75.60,0.000
2025-08-14T22:45:00,3.740,67.80,0.000
2025-08-14T22:30:00,3.740,65.10,0.000
2025-08-14T22:15:00,3.750,66.30,0.000
2025-08-14T22:00:00,3.740,67.30,0.000
2025-08-14T21:45:00,3.750,69.50,0.000
2025-08-14T21:30:00,3.750,69.30,0.000
2025-08-14T21:15:00,3.750,68.00,0.000
2025-08-14T21:00:00,3.750,68.70,0.000
2025-08-14T20:45:00,3.750,68.00,0.000
2025-08-14T20:30:00,3.750,66.00,0.000
2025-08-14T20:15:00,3.750,72.00,0.000
2025-08-14T20:00:00,3.750,67.80,0.000
2025-08-14T19:45:00,3.760,70.60,0.000
2025-08-14T19:30:00,3.760,62.60,0.000
2025-08-14T19:15:00,3.760,67.60,0.000
2025-08-14T19:00:00,3.760,68.30,0.000
2025-08-14T18:45:00,3.760,67.10,0.000
2025-08-14T18:30:00,3.760,65.40,0.000
2025-08-14T18:15:00,3.760,65.40,0.000
2025-08-14T18:00:00,3.760,70.60,0.000
2025-08-14T17:45:00,3.760,67.10,0.000
2025-08-14T17:30:00,3.760,66.70,0.000
2025-08-14T17:15:00,3.770,71.90,0.000
2025-08-14T17:00:00,3.760,68.50,0.000
2025-08-14T16:45:00,3.770,73.60,0.000
2025-08-14T16:30:00,3.770,69.70,0.000
2025-08-14T16:15:00,3.770,70.80,0.000
2025-08-14T16:00:00,3.770,66.80,0.000
2025-08-14T15:45:00,3.770,66.30,0.000
2025-08-14T15:30:00,3.770,68.40,0.000
2025-08-14T15:15:00,3.780,64.50,0.000
2025-08-14T15:00:00,3.770,68.00,0.000
2025-08-14T14:45:00,3.780,63.10,0.000
2025-08-14T14:30:00,3.770,70.50,0.000
2025-08-14T14:15:00,3.780,67.00,0.000
2025-08-14T14:00:00,3.780,66.10,0.000
2025-08-14T13:45:00,3.780,68.50,0.000
2025-08-14T13:30:00,3.790,69.70,0.000
2025-08-14T13:15:00,3.790,68.00,0.000
2025-08-14T13:00:00,3.790,65.60,0.000
2025-08-14T12:45:00,3.800,68.40,0.000
2025-08-14T12:30:00,3.800,61.60,0.000
2025-08-14T12:15:00,3.800,66.60,0.000
2025-08-14T12:00:00,3.800,59.80,0.000
2025-08-14T11:45:00,3.800,66.80,0.000
2025-08-14T11:30:00,3.810,66.10,0.000
2025-08-14T11:15:00,3.810,62.70,0.000
2025-08-14T11:00:00,3.810,65.20,0.000
2025-08-14T10:45:00,3.810,68.30,0.000
2025-08-14T10:30:00,3.810,66.10,0.000
2025-08-14T10:15:00,3.820,62.40,0.000
2025-08-14T10:00:00,3.820,64.40,0.000
2025-08-14T09:45:00,3.820,56.20,0.000
2025-08-14T09:30:00,3.830,59.40,0.000
2025-08-14T09:15:00,3.830,63.00,0.000
2025-08-14T09:00:00,3.830,64.50,0.000
2025-08-14T08:45:00,3.830,62.00,0.000
2025-08-14T08:30:00,3.830,64.10,0.000
2025-08-14T08:15:00,3.830,65.50,0.000
2025-08-14T08:00:00,3.840,68.90,0.000
2025-08-14T07:45:00,3.840,65.30,0.000
2025-08-14T07:30:00,3.840,66.80,0.000
2025-08-14T07:15:00,3.840,69.90,0.000
2025-08-14T07:00:00,3.840,63.30,0.000
2025-08-14T06:45:00,3.840,69.50,0.000
2025-08-14T06:30:00,3.850,67.00,0.000
2025-08-14T06:15:00,3.850,68.80,0.000
2025-08-14T06:00:00,3.850,66.30,0.000
2025-08-14T05:45:00,3.850,65.40,0.000
2025-08-14T05:30:00,3.850,66.10,0.000
2025-08-14T05:15:00,3.850,66.90,0.000
2025-08-14T05:00:00,3.850,68.00,0.000
2025-08-14T04:45:00,3.860,68.40,0.000
2025-08-14T04:30:00,3.850,64.50,0.000
2025-08-14T04:15:00,3.860,65.10,0.000
2025-08-14T04:00:00,3.860,69.00,0.000
2025-08-14T03:45:00,3.860,68.30,0.000
2025-08-14T03:30:00,3.860,66.40,0.000
2025-08-14T03:15:00,3.860,68.80,0.000
2025-08-14T03:00:00,3.860,68.70,0.000
2025-08-14T02:45:00,3.860,69.00,0.000
2025-08-14T02:30:00,3.870,68.40,0.000
2025-08-14T02:15:00,3.870,68.80,0.000
2025-08-14T02:00:00,3.870,65.60,0.000
2025-08-14T01:45:00,3.870,68.80,0.000
2025-08-14T01:30:00,3.870,66.20,0.000
2025-08-14T01:15:00,3.870,67.40,0.000
2025-08-14T01:00:00,3.870,70.00,0.000
2025-08-14T00:45:00,3.870,67.30,0.000
2025-08-14T00:30:00,3.870,70.10,0.000
2025-08-14T00:15:00,3.870,67.50,0.000
2025-08-14T00:00:00,3.870,65.70,0.000
2025-08-13T23:45:00,3.880,65.60,0.000
2025-08-13T23:30:00,3.880,67.30,0.000
2025-08-13T23:15:00,3.870,72.70,0.000
2025-08-13T23:00:00,3.880,66.60,0.000
2025-08-13T22:45:00,3.880,72.70,0.000
2025-08-13T22:30:00,3.880,66.60,0.000
2025-08-13T22:15:00,3.880,65.70,0.000
2025-08-13T22:00:00,3.880,72.30,0.000
2025-08-13T21:45:00,3.880,67.40,0.000
2025-08-13T21:30:00,3.890,69.00,0.000
2025-08-13T21:15:00,3.880,69.60,0.000
2025-08-13T21:00:00,3.890,66.10,0.000
2025-08-13T20:45:00,3.890,67.70,0.000
2025-08-13T20:30:00,3.890,71.30,0.000
2025-08-13T20:15:00,3.890,71.40,0.000
2025-08-13T20:00:00,3.890,66.90,0.000
2025-08-13T19:45:00,3.890,70.00,0.000
2025-08-13T19:30:00,3.890,70.00,0.000
2025-08-13T19:15:00,3.890,68.20,0.000
2025-08-13T19:00:00,3.890,69.60,0.000
2025-08-13T18:45:00,3.890,72.60,0.000
2025-08-13T18:30:00,3.890,68.60,0.000
2025-08-13T18:15:00,3.890,69.00,0.000
2025-08-13T18:00:00,3.890,69.40,0.000
2025-08-13T17:45:00,3.890,72.60,0.000
2025-08-13T17:30:00,3.890,70.30,0.000
2025-08-13T17:15:00,3.890,69.30,0.000
2025-08-13T17:00:00,3.900,70.00,0.000
2025-08-13T16:45:00,3.890,69.30,0.000
2025-08-13T16:30:00,3.890,68.30,0.000
2025-08-13T16:15:00,3.890,66.50,0.000
2025-08-13T16:00:00,3.890,63.90,0.000
2025-08-13T15:45:00,3.890,65.00,0.000
2025-08-13T15:30:00,3.890,72.30,0.000
2025-08-13T15:15:00,3.900,66.30,0.000
2025-08-13T15:00:00,3.890,63.70,0.000
2025-08-13T14:45:00,3.890,65.10,0.000
2025-08-13T14:30:00,3.890,64.70,0.000
2025-08-13T14:15:00,3.890,72.10,0.000
2025-08-13T14:00:00,3.890,66.30,0.000
2025-08-13T13:45:00,3.890,72.40,0.000
2025-08-13T13:30:00,3.890,73.50,0.000
2025-08-13T13:15:00,3.890,68.50,0.000
2025-08-13T13:00:00,3.890,72.70,0.000
2025-08-13T12:45:00,3.890,63.20,0.000
2025-08-13T12:30:00,3.890,73.60,0.000
2025-08-13T12:15:00,3.890,76.00,0.000
2025-08-13T12:00:00,3.880,64.90,0.000
2025-08-13T11:45:00,3.880,70.80,0.000
2025-08-13T11:30:00,3.880,70.60,0.000
2025-08-13T11:15:00,3.880,70.40,0.000
2025-08-13T11:00:00,3.880,70.80,0.000
2025-08-13T10:45:00,3.880,68.20,0.000
2025-08-13T10:30:00,3.870,68.00,0.000
2025-08-13T10:15:00,3.870,68.50,0.000
2025-08-13T10:00:00,3.870,69.00,0.000
2025-08-13T09:45:00,3.860,62.80,0.000
2025-08-13T09:30:00,3.860,64.10,0.000
2025-08-13T09:15:00,3.850,61.80,0.000
2025-08-13T09:00:00,3.830,68.80,0.000
2025-08-13T08:45:00,3.830,71.30,0.000
2025-08-13T08:30:00,3.830,70.80,0.000
2025-08-13T08:15:00,3.830,69.20,0.000
2025-08-13T08:00:00,3.830,73.60,0.000
2025-08-13T07:45:00,3.830,72.70,0.000
2025-08-13T07:30:00,3.830,67.30,0.000
2025-08-13T07:15:00,3.830,70.90,0.000
2025-08-13T07:00:00,3.840,70.80,0.000
2025-08-13T06:45:00,3.840,69.60,0.000
2025-08-13T06:30:00,3.840,70.20,0.000
2025-08-13T06:15:00,3.840,68.30,0.000
2025-08-13T06:00:00,3.850,68.90,0.000
2025-08-13T05:45:00,3.850,71.90,0.000
2025-08-13T05:30:00,3.860,72.80,0.000
2025-08-13T05:15:00,3.860,72.00,0.000
2025-08-13T05:00:00,3.860,76.70,0.500
2025-08-13T04:45:00,3.870,87.10,0.500
2025-08-13T04:30:00,3.870,87.30,0.500
2025-08-13T04:15:00,3.880,84.80,0.000
2025-08-13T04:00:00,3.880,76.50,0.000
2025-08-13T03:45:00,3.880,83.90,0.500
2025-08-13T03:30:00,3.890,89.30,0.000
2025-08-13T03:15:00,3.890,73.30,0.000
2025-08-13T03:00:00,3.890,75.90,0.000
2025-08-13T02:45:00,3.900,81.20,0.000
2025-08-13T02:30:00,3.900,77.10,0.000
2025-08-13T02:15:00,3.910,79.20,3.000
2025-08-13T02:00:00,3.900,85.80,0.000
2025-08-13T01:45:00,3.910,74.10,0.000
2025-08-13T01:30:00,3.910,74.30,0.000
2025-08-13T01:15:00,3.910,75.50,0.000
2025-08-13T01:00:00,3.920,77.50,0.000
2025-08-13T00:45:00,3.920,76.50,0.000
2025-08-13T00:30:00,3.930,76.80,0.000
2025-08-13T00:15:00,3.940,75.20,0.000
2025-08-13T00:00:00,3.940,80.80,0.000
2025-08-12T23:45:00,3.950,78.40,0.000
2025-08-12T23:30:00,3.950,83.70,0.000
2025-08-12T23:15:00,3.950,84.50,0.000
2025-08-12T23:00:00,3.960,83.00,0.000
2025-08-12T22:45:00,3.970,79.40,0.000
2025-08-12T22:30:00,3.970,85.60,0.000
2025-08-12T22:15:00,3.980,84.90,0.000
2025-08-12T22:00:00,3.980,83.40,0.000
2025-08-12T21:45:00,3.990,88.40,0.000
2025-08-12T21:30:00,4.000,88.90,0.000
2025-08-12T21:15:00,4.000,85.80,0.000
2025-08-12T21:00:00,4.010,87.00,0.000
2025-08-12T20:45:00,4.020,88.40,0.000
2025-08-12T20:30:00,4.020,86.60,0.000
2025-08-12T20:15:00,4.030,92.90,0.000
2025-08-12T20:00:00,4.040,87.80,0.000
2025-08-12T19:45:00,4.040,90.30,0.000
2025-08-12T19:30:00,4.050,92.70,0.000
2025-08-12T19:15:00,4.050,90.10,0.000
2025-08-12T19:00:00,4.060,95.40,0.000
2025-08-12T18:45:00,4.060,92.40,0.000
2025-08-12T18:30:00,4.070,91.90,0.000
2025-08-12T18:15:00,4.080,93.30,0.000
2025-08-12T18:00:00,4.090,89.90,0.000
2025-08-12T17:45:00,4.090,95.70,0.000
2025-08-12T17:30:00,4.100,89.70,0.000
2025-08-12T17:15:00,4.110,97.20,0.000
2025-08-12T17:00:00,4.110,89.90,0.000
2025-08-12T16:45:00,4.120,93.70,0.000
2025-08-12T16:30:00,4.130,99.30,0.000
2025-08-12T16:15:00,4.140,98.30,0.000
2025-08-12T16:00:00,4.150,96.90,0.000
2025-08-12T15:45:00,4.150,91.50,0.000
2025-08-12T15:30:00,4.160,96.60,0.000
2025-08-12T15:15:00,4.160,104.60,0.000
2025-08-12T15:00:00,4.170,103.80,0.000
2025-08-12T14:45:00,4.170,100.10,0.000
2025-08-12T14:30:00,4.180,113.10,0.000
2025-08-12T14:15:00,4.190,108.90,0.000
2025-08-12T14:00:00,4.190,104.20,0.000
2025-08-12T13:45:00,4.210,111.10,0.000
2025-08-12T13:30:00,4.220,110.20,0.000
2025-08-12T13:15:00,4.230,109.70,0.000
2025-08-12T13:00:00,4.230,111.40,0.000
2025-08-12T12:45:00,4.240,107.20,0.000
2025-08-12T12:30:00,4.250,112.00,0.000
2025-08-12T12:15:00,4.260,114.50,0.000
2025-08-12T12:00:00,4.270,119.10,0.000
2025-08-12T11:45:00,4.270,116.50,0.000
2025-08-12T11:30:00,4.270,113.40,0.000
2025-08-12T11:15:00,4.270,122.80,0.000
2025-08-12T11:00:00,4.270,117.60,0.000
2025-08-12T10:45:00,4.280,119.80,0.000
2025-08-12T10:30:00,4.280,118.60,0.000
2025-08-12T10:15:00,4.280,122.50,0.000
2025-08-12T10:00:00,4.280,113.70,0.000
2025-08-12T09:45:00,4.280,128.30,0.000
2025-08-12T09:30:00,4.270,132.30,0.000
2025-08-12T09:15:00,4.280,131.10,0.000
2025-08-12T09:00:00,4.270,128.90,0.000
2025-08-12T08:45:00,4.270,125.50,0.000
2025-08-12T08:30:00,4.260,125.90,0.000
2025-08-12T08:15:00,4.260,121.60,0.000
2025-08-12T08:00:00,4.250,125.70,0.000
2025-08-12T07:45:00,4.250,129.60,0.000
2025-08-12T07:30:00,4.250,123.70,0.000
2025-08-12T07:15:00,4.240,125.80,0.000
2025-08-12T07:00:00,4.240,123.50,0.000
2025-08-12T06:45:00,4.260,118.30,0.000
2025-08-12T06:30:00,4.250,114.70,0.000
2025-08-12T06:15:00,4.230,108.10,0.000
2025-08-12T06:00:00,4.210,102.80,0.000
2025-08-12T05:45:00,4.180,101.40,0.000
2025-08-12T05:30:00,4.160,104.00,0.000
2025-08-12T05:15:00,4.130,98.00,0.000
2025-08-12T05:00:00,4.100,94.30,0.000
2025-08-12T04:45:00,4.080,92.40,0.000
2025-08-12T04:30:00,4.060,96.00,0.000
2025-08-12T04:15:00,4.040,85.30,0.000
2025-08-12T04:00:00,4.020,85.40,0.000
2025-08-12T03:45:00,4.000,81.90,0.000
2025-08-12T03:30:00,3.980,79.40,0.000
2025-08-12T03:15:00,3.960,79.00,0.000
2025-08-12T03:00:00,3.950,71.90,0.000
2025-08-12T02:45:00,3.940,68.00,0.000
2025-08-12T02:30:00,3.930,67.40,0.000
2025-08-12T02:15:00,3.920,67.10,0.000
2025-08-12T02:00:00,3.910,66.30,0.000
2025-08-12T01:45:00,3.900,62.70,0.000
2025-08-12T01:30:00,3.900,62.30,0.000
2025-08-12T01:15:00,3.900,62.30,0.000
2025-08-12T01:00:00,3.900,70.00,0.500
2025-08-12T00:45:00,3.900,77.90,0.000
2025-08-12T00:30:00,3.900,78.60,0.000
2025-08-12T00:15:00,3.900,63.50,0.000
2025-08-12T00:00:00,3.900,67.00,1.000
2025-08-11T23:45:00,3.910,83.80,3.000
2025-08-11T23:30:00,3.910,82.00,5.000
2025-08-11T23:15:00,3.900,83.40,2.500
2025-08-11T23:00:00,3.910,81.10,1.500
2025-08-11T22:45:00,3.910,78.60,1.500
2025-08-11T22:30:00,3.910,73.60,0.000
2025-08-11T22:15:00,3.910,65.70,0.500
2025-08-11T22:00:00,3.910,82.00,2.500
2025-08-11T21:45:00,3.910,80.10,1.000
2025-08-11T21:30:00,3.910,57.90,0.000
2025-08-11T21:15:00,3.910,65.70,1.000
2025-08-11T21:00:00,3.910,75.80,1.000
2025-08-11T20:45:00,3.900,53.10,0.000
2025-08-11T20:30:00,3.900,53.60,0.000
2025-08-11T20:15:00,3.900,51.50,0.000
2025-08-11T20:00:00,3.900,52.10,0.000
2025-08-11T19:45:00,3.910,46.90,0.000
2025-08-11T19:30:00,3.910,48.10,0.000
2025-08-11T19:15:00,3.910,46.90,0.000
2025-08-11T19:00:00,3.910,43.10,0.000
2025-08-11T18:45:00,3.910,47.60,0.000
2025-08-11T18:30:00,3.910,52.60,0.000
2025-08-11T18:15:00,3.910,53.90,0.000
2025-08-11T18:00:00,3.900,52.70,0.000
2025-08-11T17:45:00,3.910,47.60,0.000
2025-08-11T17:30:00,3.900,54.30,0.000
2025-08-11T17:15:00,3.910,50.60,0.000
2025-08-11T17:00:00,3.910,53.10,0.000
2025-08-11T16:45:00,3.910,50.20,0.000
2025-08-11T16:30:00,3.910,50.00,0.000
2025-08-11T16:15:00,3.910,50.70,0.000
2025-08-11T16:00:00,3.910,51.00,0.000
2025-08-11T15:45:00,3.910,52.30,0.000
2025-08-11T15:30:00,3.910,54.10,0.000
2025-08-11T15:15:00,3.910,47.80,0.000
2025-08-11T15:00:00,3.910,55.00,0.000
2025-08-11T14:45:00,3.910,54.40,0.000
2025-08-11T14:30:00,3.910,59.60,0.000
2025-08-11T14:15:00,3.910,57.80,0.000
2025-08-11T14:00:00,3.910,54.80,0.000
2025-08-11T13:45:00,3.900,59.70,0.000
2025-08-11T13:30:00,3.900,61.00,1.000
2025-08-11T13:15:00,3.900,76.90,0.000
2025-08-11T13:00:00,3.900,54.70,0.000
2025-08-11T12:45:00,3.900,55.20,0.000
2025-08-11T12:30:00,3.900,52.60,0.500
2025-08-11T12:15:00,3.890,53.20,0.000
2025-08-11T12:00:00,3.890,53.70,0.000
2025-08-11T11:45:00,3.890,56.00,0.000
2025-08-11T11:30:00,3.890,51.10,0.000
2025-08-11T11:15:00,3.890,55.60,0.000
2025-08-11T11:00:00,3.890,53.00,0.000
2025-08-11T10:45:00,3.880,54.30,0.000
2025-08-11T10:30:00,3.880,54.40,0.000
2025-08-11T10:15:00,3.880,57.10,0.000
2025-08-11T10:00:00,3.880,54.30,0.000
2025-08-11T09:45:00,3.870,50.50,0.000
2025-08-11T09:30:00,3.870,54.00,0.000
2025-08-11T09:15:00,3.870,59.10,0.000
2025-08-11T09:00:00,3.870,61.00,0.000
2025-08-11T08:45:00,3.870,55.20,0.000
2025-08-11T08:30:00,3.860,55.70,0.000
2025-08-11T08:15:00,3.860,54.60,0.000
2025-08-11T08:00:00,3.860,58.00,0.000
2025-08-11T07:45:00,3.850,55.90,0.000
2025-08-11T07:30:00,3.850,57.70,0.000
2025-08-11T07:15:00,3.850,56.20,0.000
2025-08-11T07:00:00,3.850,57.50,0.000
2025-08-11T06:45:00,3.850,56.20,0.000
2025-08-11T06:30:00,3.840,57.40,0.000
2025-08-11T06:15:00,3.840,54.50,0.000
2025-08-11T06:00:00,3.840,56.90,0.000
2025-08-11T05:45:00,3.840,56.50,0.000
2025-08-11T05:30:00,3.840,53.40,0.000
2025-08-11T05:15:00,3.840,55.60,0.000
2025-08-11T05:00:00,3.840,55.30,0.000
2025-08-11T04:45:00,3.840,53.30,0.000
2025-08-11T04:30:00,3.840,53.40,0.000
2025-08-11T04:15:00,3.840,55.50,0.000
2025-08-11T04:00:00,3.840,59.00,0.000
2025-08-11T03:45:00,3.840,54.00,0.000
2025-08-11T03:30:00,3.840,55.30,0.000
2025-08-11T03:15:00,3.840,55.50,0.000
2025-08-11T03:00:00,3.840,52.20,0.000
2025-08-11T02:45:00,3.840,54.40,0.000
2025-08-11T02:30:00,3.840,57.20,0.000
2025-08-11T02:15:00,3.840,52.50,0.000
2025-08-11T02:00:00,3.840,52.30,0.000
2025-08-11T01:45:00,3.840,53.60,0.000
2025-08-11T01:30:00,3.840,59.10,0.000
2025-08-11T01:15:00,3.840,68.00,0.000
2025-08-11T01:00:00,3.840,67.10,0.000
2025-08-11T00:45:00,3.840,67.30,0.000
2025-08-11T00:30:00,3.830,66.00,0.000
2025-08-11T00:15:00,3.840,66.70,0.000
2025-08-11T00:00:00,3.830,62.50,0.000
2025-08-10T23:45:00,3.840,66.80,0.500
2025-08-10T23:30:00,3.840,69.30,0.000
2025-08-10T23:15:00,3.830,58.30,0.000
2025-08-10T23:00:00,3.830,56.70,0.000
2025-08-10T22:45:00,3.830,66.60,0.000
2025-08-10T22:30:00,3.830,68.90,0.000
2025-08-10T22:15:00,3.830,68.70,0.500
2025-08-10T22:00:00,3.830,72.20,0.000
2025-08-10T21:45:00,3.830,67.00,0.000
2025-08-10T21:30:00,3.830,53.70,0.000
2025-08-10T21:15:00,3.830,52.40,0.000
2025-08-10T21:00:00,3.830,53.70,0.500
2025-08-10T20:45:00,3.830,70.30,0.000
2025-08-10T20:30:00,3.830,68.60,0.000
2025-08-10T20:15:00,3.830,67.80,0.000
2025-08-10T20:00:00,3.830,50.50,0.000
2025-08-10T19:45:00,3.830,51.70,0.000
2025-08-10T19:30:00,3.830,51.50,0.000
2025-08-10T19:15:00,3.830,51.40,0.000
2025-08-10T19:00:00,3.820,48.80,0.000
2025-08-10T18:45:00,3.820,47.50,0.000
2025-08-10T18:30:00,3.820,48.50,0.000
2025-08-10T18:15:00,3.820,50.00,0.000
2025-08-10T18:00:00,3.820,54.00,0.000
2025-08-10T17:45:00,3.820,51.10,0.000
2025-08-10T17:30:00,3.820,49.50,0.000
2025-08-10T17:15:00,3.820,52.10,0.000
2025-08-10T17:00:00,3.820,50.80,0.000
2025-08-10T16:45:00,3.810,50.00,0.000
2025-08-10T16:30:00,3.820,51.70,0.000
2025-08-10T16:15:00,3.820,51.40,0.000
2025-08-10T16:00:00,3.820,50.20,0.000
2025-08-10T15:45:00,3.810,53.60,0.000
2025-08-10T15:30:00,3.810,49.70,0.000
2025-08-10T15:15:00,3.810,46.50,0.000
2025-08-10T15:00:00,3.810,46.70,0.000
2025-08-10T14:45:00,3.810,50.50,0.000
2025-08-10T14:30:00,3.810,54.60,0.000
2025-08-10T14:15:00,3.810,50.00,0.000
2025-08-10T14:00:00,3.810,50.90,0.000
2025-08-10T13:45:00,3.800,52.90,0.000
2025-08-10T13:30:00,3.800,53.30,0.000
2025-08-10T13:15:00,3.800,52.70,0.000
2025-08-10T13:00:00,3.800,50.80,0.000
2025-08-10T12:45:00,3.800,43.40,0.000
2025-08-10T12:30:00,3.800,50.30,0.000
2025-08-10T12:15:00,3.780,51.00,0.000
2025-08-10T12:00:00,3.780,48.50,0.000
2025-08-10T11:45:00,3.790,0.00,0.000
2025-08-10T11:30:00,3.790,50.20,0.000
2025-08-10T11:15:00,3.790,50.80,0.000
2025-08-10T11:00:00,3.800,56.10,0.000
2025-08-10T10:45:00,3.790,52.70,0.000
2025-08-10T10:30:00,3.800,53.70,0.000
2025-08-10T10:15:00,3.800,54.50,0.000
2025-08-10T10:00:00,3.800,53.60,0.000
2025-08-10T09:45:00,3.800,53.50,0.000
2025-08-10T09:30:00,3.800,51.00,0.000
2025-08-10T09:15:00,3.800,51.00,0.000
2025-08-10T09:00:00,3.800,55.80,0.000
2025-08-10T08:45:00,3.800,51.50,0.000
2025-08-10T08:30:00,3.800,58.40,0.000
2025-08-10T08:15:00,3.810,56.30,0.000
2025-08-10T08:00:00,3.810,55.60,0.000
2025-08-10T07:45:00,3.810,56.60,0.000
2025-08-10T07:30:00,3.810,55.00,0.000
2025-08-10T07:15:00,3.810,63.60,0.000
2025-08-10T07:00:00,3.810,58.10,0.000
2025-08-10T06:45:00,3.810,61.20,0.000
2025-08-10T06:30:00,3.810,55.20,0.000
2025-08-10T06:15:00,3.810,60.30,0.000
2025-08-10T06:00:00,3.810,56.40,0.000
2025-08-10T05:45:00,3.820,59.60,0.000
2025-08-10T05:30:00,3.820,55.90,0.000
2025-08-10T05:15:00,3.820,57.20,0.000
2025-08-10T05:00:00,3.820,58.70,0.000
2025-08-10T04:45:00,3.820,58.20,0.000
2025-08-10T04:30:00,3.820,60.30,0.000
2025-08-10T04:15:00,3.820,58.60,0.000
2025-08-10T04:00:00,3.820,56.40,0.000
2025-08-10T03:45:00,3.830,55.80,0.000
2025-08-10T03:30:00,3.830,60.60,0.000
2025-08-10T03:15:00,3.830,55.30,0.000
2025-08-10T03:00:00,3.830,55.60,0.000
2025-08-10T02:45:00,3.830,59.30,0.000
2025-08-10T02:30:00,3.830,59.40,0.000
2025-08-10T02:15:00,3.830,58.30,0.000
2025-08-10T02:00:00,3.840,61.40,0.000
2025-08-10T01:45:00,3.840,58.80,0.000
2025-08-10T01:30:00,3.840,56.50,0.000
2025-08-10T01:15:00,3.840,60.30,0.000
2025-08-10T01:00:00,3.840,60.80,0.000
2025-08-10T00:45:00,3.840,58.90,0.000
2025-08-10T00:30:00,3.840,60.70,0.000
2025-08-10T00:15:00,3.850,58.90,0.000
2025-08-10T00:00:00,3.850,59.20,0.000
2025-08-23T23:45:00,4.410,147.30,0.000
2025-08-23T23:30:00,4.400,144.50,0.000
2025-08-23T23:15:00,4.400,150.30,0.000
2025-08-23T23:00:00,4.400,147.50,0.000
2025-08-23T22:45:00,4.390,135.30,0.000
2025-08-23T22:30:00,4.400,144.00,0.000
2025-08-23T22:15:00,4.390,136.30,0.000
2025-08-23T22:00:00,4.400,139.30,0.000
2025-08-23T21:45:00,4.400,141.20,0.000
2025-08-23T21:30:00,4.400,133.10,0.500
2025-08-23T21:15:00,4.400,137.50,3.500
2025-08-23T21:00:00,4.400,151.40,1.000
2025-08-23T20:45:00,4.410,139.80,0.000
2025-08-23T20:30:00,4.410,143.70,0.000
2025-08-23T20:15:00,4.420,140.70,0.500
2025-08-23T20:00:00,4.420,146.20,0.500
2025-08-23T19:45:00,4.420,135.10,0.000
2025-08-23T19:30:00,4.420,131.00,0.000
2025-08-23T19:15:00,4.430,119.50,0.000
2025-08-23T19:00:00,4.430,123.70,0.000
2025-08-23T18:45:00,4.430,109.90,0.000
2025-08-23T18:30:00,4.430,129.40,0.000
2025-08-23T18:15:00,4.440,122.60,0.000
2025-08-23T18:00:00,4.440,139.60,0.000
2025-08-23T17:45:00,4.440,129.00,0.000
2025-08-23T17:30:00,4.440,133.90,0.000
2025-08-23T17:15:00,4.450,137.20,0.000
2025-08-23T17:00:00,4.450,109.50,0.000
2025-08-23T16:45:00,4.450,127.00,0.000
2025-08-23T16:30:00,4.460,134.60,0.000
2025-08-23T16:15:00,4.470,132.20,0.000
2025-08-23T16:00:00,4.470,126.40,0.000
2025-08-23T15:45:00,4.470,134.00,0.000
2025-08-23T15:30:00,4.470,140.90,0.000
2025-08-23T15:15:00,4.480,125.80,0.000
2025-08-23T15:00:00,4.480,127.50,0.000
2025-08-23T14:45:00,4.480,133.10,0.000
2025-08-23T14:30:00,4.480,140.60,0.000
2025-08-23T14:15:00,4.490,130.50,0.000
2025-08-23T14:00:00,4.490,137.40,0.000
2025-08-23T13:45:00,4.490,141.70,0.000
2025-08-23T13:30:00,4.490,140.20,0.000
2025-08-23T13:15:00,4.490,138.10,0.000
2025-08-23T13:00:00,4.480,135.60,0.000
2025-08-23T12:45:00,4.480,144.80,0.000
2025-08-23T12:30:00,4.480,143.00,0.000
2025-08-23T12:15:00,4.480,131.50,0.000
2025-08-23T12:00:00,4.480,133.00,0.000
2025-08-23T11:45:00,4.470,140.50,0.000
2025-08-23T11:30:00,4.470,128.60,0.000
2025-08-23T11:15:00,4.470,149.60,0.000
2025-08-23T11:00:00,4.470,135.70,0.000
2025-08-23T10:45:00,4.460,152.50,0.000
2025-08-23T10:30:00,4.460,148.10,0.000
2025-08-23T10:15:00,4.460,145.50,0.000
2025-08-23T10:00:00,4.460,147.90,0.000
2025-08-23T09:45:00,4.450,152.80,0.000
2025-08-23T09:30:00,4.450,153.70,0.000
2025-08-23T09:15:00,4.450,159.80,0.000
2025-08-23T09:00:00,4.450,149.40,0.000
2025-08-23T08:45:00,4.450,158.60,0.000
2025-08-23T08:30:00,4.450,151.10,0.000
2025-08-23T08:15:00,4.470,146.20,0.000
2025-08-23T08:00:00,4.460,148.00,0.000
2025-08-23T07:45:00,4.450,144.50,0.000
2025-08-23T07:30:00,4.440,144.50,0.000
2025-08-23T07:15:00,4.430,144.00,0.000
2025-08-23T07:00:00,4.420,149.40,0.000
2025-08-23T06:45:00,4.410,148.20,0.000
2025-08-23T06:30:00,4.400,156.40,0.000
2025-08-23T06:15:00,4.390,151.20,0.000
2025-08-23T06:00:00,4.380,150.20,0.000
2025-08-23T05:45:00,4.380,150.40,0.000
2025-08-23T05:30:00,4.370,151.50,0.000
2025-08-23T05:15:00,4.360,147.70,0.000
2025-08-23T05:00:00,4.340,150.80,0.000
2025-08-23T04:45:00,4.330,144.30,0.000
2025-08-23T04:30:00,4.320,151.30,0.000
2025-08-23T04:15:00,4.320,137.60,0.000
2025-08-23T04:00:00,4.300,145.20,0.000
2025-08-23T03:45:00,4.310,136.20,0.000
2025-08-23T03:30:00,4.290,138.00,0.000
2025-08-23T03:15:00,4.290,138.40,0.000
2025-08-23T03:00:00,4.270,132.50,0.000
2025-08-23T02:45:00,4.270,125.30,0.000
2025-08-23T02:30:00,4.260,132.10,0.000
2025-08-23T02:15:00,4.250,129.60,0.000
2025-08-23T02:00:00,4.250,126.30,0.000
2025-08-23T01:45:00,4.240,130.60,0.500
2025-08-23T01:30:00,4.230,134.10,0.000
2025-08-23T01:15:00,4.220,139.00,0.000
2025-08-23T01:00:00,4.210,137.60,0.500
2025-08-23T00:45:00,4.210,139.90,0.000
2025-08-23T00:30:00,4.200,130.50,0.000
2025-08-23T00:15:00,4.180,133.70,0.500
2025-08-23T00:00:00,4.180,139.50,0.500
2025-08-22T23:45:00,4.160,143.00,1.500
2025-08-22T23:30:00,4.150,131.90,1.000
2025-08-22T23:15:00,4.140,122.60,0.000
2025-08-22T23:00:00,4.130,121.70,0.500
2025-08-22T22:45:00,4.120,107.30,0.500
2025-08-22T22:30:00,4.110,117.40,1.000
2025-08-22T22:15:00,4.110,125.80,1.500
2025-08-22T22:00:00,4.100,120.80,4.000
2025-08-22T21:45:00,4.090,118.20,2.000
2025-08-22T21:30:00,4.090,109.50,0.000
2025-08-22T21:15:00,4.090,107.70,0.000
2025-08-22T21:00:00,4.100,108.10,0.000
2025-08-22T20:45:00,4.100,104.90,0.000
2025-08-22T20:30:00,4.110,104.30,0.000
2025-08-22T20:15:00,4.110,110.10,0.000
2025-08-22T20:00:00,4.120,107.10,0.000
2025-08-22T19:45:00,4.130,107.90,0.000
2025-08-22T19:30:00,4.140,111.70,0.000
2025-08-22T19:15:00,4.150,108.90,0.000
2025-08-22T19:00:00,4.160,108.20,0.000
2025-08-22T18:45:00,4.160,106.20,0.000
2025-08-22T18:30:00,4.180,104.20,0.000
2025-08-22T18:15:00,4.190,116.00,0.000
2025-08-22T18:00:00,4.190,110.40,1.500
2025-08-22T17:45:00,4.190,115.70,15.000
2025-08-22T17:30:00,4.170,113.80,11.000
2025-08-22T17:15:00,4.160,117.90,1.000
2025-08-22T17:00:00,4.170,104.10,0.000
2025-08-22T16:45:00,4.180,111.30,0.000
2025-08-22T16:30:00,4.180,100.80,0.000
2025-08-22T16:15:00,4.190,90.80,0.000
2025-08-22T16:00:00,4.200,110.70,0.000
2025-08-22T15:45:00,4.200,117.80,0.000
2025-08-22T15:30:00,4.210,116.90,0.000
2025-08-22T15:15:00,4.220,118.00,0.000
2025-08-22T15:00:00,4.220,118.50,0.000
2025-08-22T14:45:00,4.230,124.80,0.000
2025-08-22T14:30:00,4.240,119.40,0.000
2025-08-22T14:15:00,4.240,126.30,0.000
2025-08-22T14:00:00,4.260,125.20,0.000
2025-08-22T13:45:00,4.260,121.20,0.000
2025-08-22T13:30:00,4.270,123.90,0.000
2025-08-22T13:15:00,4.280,126.80,0.000
2025-08-22T13:00:00,4.320,121.20,0.000
2025-08-22T12:45:00,4.320,100.80,0.000
2025-08-22T12:30:00,4.310,110.30,0.000
2025-08-22T12:15:00,4.300,106.00,0.000
2025-08-22T12:00:00,4.300,111.60,0.000
2025-08-22T11:45:00,4.300,111.80,0.000
2025-08-22T11:30:00,4.290,105.30,0.000
2025-08-22T11:15:00,4.280,118.10,0.000
2025-08-22T11:00:00,4.270,109.60,0.000
2025-08-22T10:45:00,4.270,117.70,0.000
2025-08-22T10:30:00,4.260,113.60,0.000
2025-08-22T10:15:00,4.250,108.50,0.000
2025-08-22T10:00:00,4.240,109.10,0.000
2025-08-22T09:45:00,4.230,108.80,0.000
2025-08-22T09:30:00,4.220,101.20,0.000
2025-08-22T09:15:00,4.190,108.30,0.000
2025-08-22T09:00:00,4.180,103.00,0.000
2025-08-22T08:45:00,4.160,102.20,0.000
2025-08-22T08:30:00,4.140,99.60,0.000
2025-08-22T08:15:00,4.120,102.40,0.000
2025-08-22T08:00:00,4.100,94.10,0.000
2025-08-22T07:45:00,4.080,92.10,0.000
2025-08-22T07:30:00,4.070,91.10,0.000
2025-08-22T07:15:00,4.050,88.90,0.000
2025-08-22T07:00:00,4.040,82.70,0.000
2025-08-22T06:45:00,4.030,79.00,0.000
2025-08-22T06:30:00,4.020,77.70,0.000
2025-08-22T06:15:00,4.020,76.70,0.000
2025-08-22T06:00:00,4.020,70.60,0.000
2025-08-22T05:45:00,4.020,75.60,0.000
2025-08-22T05:30:00,4.020,78.20,0.000
2025-08-22T05:15:00,4.010,69.60,0.000
2025-08-22T05:00:00,4.010,76.70,0.000
2025-08-22T04:45:00,4.010,77.30,0.000
2025-08-22T04:30:00,4.010,77.30,0.000
2025-08-22T04:15:00,4.010,78.10,0.000
2025-08-22T04:00:00,4.010,72.70,1.000
2025-08-22T03:45:00,4.010,89.20,0.000
2025-08-22T03:30:00,4.010,76.80,0.500
2025-08-22T03:15:00,4.010,73.20,0.000
2025-08-22T03:00:00,4.010,82.50,0.000
2025-08-22T02:45:00,4.000,73.60,0.000
2025-08-22T02:30:00,4.000,75.80,0.500
2025-08-22T02:15:00,4.010,92.70,0.000
2025-08-22T02:00:00,4.000,76.00,0.000
2025-08-22T01:45:00,4.000,74.50,0.000
2025-08-22T01:30:00,4.000,76.70,0.000
2025-08-22T01:15:00,4.000,82.80,0.000
2025-08-22T01:00:00,4.000,75.60,0.000
2025-08-22T00:45:00,4.000,73.40,0.000
2025-08-22T00:30:00,4.000,75.40,0.000
2025-08-22T00:15:00,4.000,77.90,0.000
2025-08-22T00:00:00,3.990,73.00,0.000
2025-08-21T23:45:00,3.990,74.50,0.000
2025-08-21T23:30:00,3.990,73.40,0.000
2025-08-21T23:15:00,4.000,73.80,0.000
2025-08-21T23:00:00,4.000,74.70,0.000
2025-08-21T22:45:00,4.000,75.00,0.000
2025-08-21T22:30:00,4.000,74.40,0.000
2025-08-21T22:15:00,4.000,75.20,0.000
2025-08-21T22:00:00,4.000,73.40,0.000
2025-08-21T21:45:00,4.000,78.20,0.000
2025-08-21T21:30:00,4.000,77.30,0.000
2025-08-21T21:15:00,4.000,74.60,0.000
2025-08-21T21:00:00,3.990,75.00,0.000
2025-08-21T20:45:00,3.990,71.50,0.000
2025-08-21T20:30:00,3.990,74.30,0.000
2025-08-21T20:15:00,4.000,73.90,0.000
2025-08-21T20:00:00,3.990,75.10,0.000
2025-08-21T19:45:00,3.990,75.00,0.000
2025-08-21T19:30:00,3.990,81.20,0.000
2025-08-21T19:15:00,3.990,76.20,0.000
2025-08-21T19:00:00,3.990,71.10,0.000
2025-08-21T18:45:00,3.980,71.90,0.500
2025-08-21T18:30:00,3.980,81.80,0.000
2025-08-21T18:15:00,3.980,74.60,0.000
2025-08-21T18:00:00,3.980,74.90,0.000
2025-08-21T17:45:00,3.980,76.00,0.000
2025-08-21T17:30:00,3.970,76.50,0.000
2025-08-21T17:15:00,3.970,72.70,0.000
2025-08-21T17:00:00,3.970,77.00,0.000
2025-08-21T16:45:00,3.960,70.30,0.000
2025-08-21T16:30:00,3.960,69.20,0.000
2025-08-21T16:15:00,3.960,69.40,0.000
2025-08-21T16:00:00,3.960,71.60,0.000
2025-08-21T15:45:00,3.960,73.60,0.000
2025-08-21T15:30:00,3.960,63.90,0.000
2025-08-21T15:15:00,3.950,69.50,0.000
2025-08-21T15:00:00,3.950,68.90,0.000
2025-08-21T14:45:00,3.950,72.70,0.000
2025-08-21T14:30:00,3.950,72.50,0.000
2025-08-21T14:15:00,3.950,71.80,0.000
2025-08-21T14:00:00,3.940,69.80,0.000
2025-08-21T13:45:00,3.940,69.00,0.000
2025-08-21T13:30:00,3.940,64.50,0.000
2025-08-21T13:15:00,3.930,70.10,0.000
2025-08-21T13:00:00,3.930,69.30,0.000
2025-08-21T12:45:00,3.920,65.70,0.000
2025-08-21T12:30:00,3.920,65.40,0.000
2025-08-21T12:15:00,3.920,66.50,0.000
2025-08-21T12:00:00,3.900,63.00,0.000
2025-08-21T11:45:00,3.900,68.50,0.000
2025-08-21T11:30:00,3.890,62.70,0.000
2025-08-21T11:15:00,3.890,66.70,0.000
2025-08-21T11:00:00,3.890,65.90,0.000
2025-08-21T10:45:00,3.890,66.00,0.000
2025-08-21T10:30:00,3.900,72.80,0.000
2025-08-21T10:15:00,3.890,72.50,0.000
2025-08-21T10:00:00,3.890,70.00,0.000
2025-08-21T09:45:00,3.890,71.10,0.000
2025-08-21T09:30:00,3.870,68.80,0.000
2025-08-21T09:15:00,3.870,69.00,0.000
2025-08-21T09:00:00,3.870,73.30,0.000
2025-08-21T08:45:00,3.870,72.20,0.000
2025-08-21T08:30:00,3.870,75.80,0.000
2025-08-21T08:15:00,3.880,73.30,0.000
2025-08-21T08:00:00,3.870,70.20,0.000
2025-08-21T07:45:00,3.870,68.80,0.000
2025-08-21T07:30:00,3.880,72.80,0.000
2025-08-21T07:15:00,3.880,70.20,0.000
2025-08-21T07:00:00,3.880,71.70,0.000
2025-08-21T06:45:00,3.880,76.90,0.000
2025-08-21T06:30:00,3.880,77.40,0.000
2025-08-21T06:15:00,3.880,72.10,0.000
2025-08-21T06:00:00,3.870,72.00,0.000
2025-08-21T05:45:00,3.870,78.30,0.000
2025-08-21T05:30:00,3.870,75.10,0.000
2025-08-21T05:15:00,3.880,75.20,0.000
2025-08-21T05:00:00,3.880,78.10,0.000
2025-08-21T04:45:00,3.870,79.40,0.000
2025-08-21T04:30:00,3.880,79.40,0.000
2025-08-21T04:15:00,3.880,80.10,0.000
2025-08-21T04:00:00,3.880,75.10,0.000
2025-08-21T03:45:00,3.880,76.50,0.000
2025-08-21T03:30:00,3.890,78.00,0.000
2025-08-21T03:15:00,3.890,80.60,0.000
2025-08-21T03:00:00,3.890,80.30,0.000
2025-08-21T02:45:00,3.890,80.60,0.000
2025-08-21T02:30:00,3.890,81.10,0.000
2025-08-21T02:15:00,3.890,79.30,0.000
2025-08-21T02:00:00,3.890,76.80,0.000
2025-08-21T01:45:00,3.890,79.50,0.000
2025-08-21T01:30:00,3.900,80.60,0.000
2025-08-21T01:15:00,3.890,83.50,0.000
2025-08-21T01:00:00,3.890,83.30,0.000
2025-08-21T00:45:00,3.890,79.90,0.000
2025-08-21T00:30:00,3.900,82.30,0.000
2025-08-21T00:15:00,3.900,77.40,0.000
2025-08-21T00:00:00,3.900,80.40,0.000
2025-08-20T23:45:00,3.900,81.80,0.000
2025-08-20T23:30:00,3.900,81.50,0.000
2025-08-20T23:15:00,3.900,81.60,0.000
2025-08-20T23:00:00,3.900,80.70,0.000
2025-08-20T22:45:00,3.900,81.00,0.000
2025-08-20T22:30:00,3.910,80.80,0.000
2025-08-20T22:15:00,3.910,79.80,0.000
2025-08-20T22:00:00,3.910,77.80,0.000
2025-08-20T21:45:00,3.910,81.30,0.000
2025-08-20T21:30:00,3.910,81.30,0.000
2025-08-20T21:15:00,3.910,81.60,0.000
2025-08-20T21:00:00,3.910,81.00,0.000
2025-08-20T20:45:00,3.910,82.80,0.000
2025-08-20T20:30:00,3.920,86.40,0.000
2025-08-20T20:15:00,3.920,83.90,0.000
2025-08-20T20:00:00,3.920,83.20,0.000
2025-08-20T19:45:00,3.920,84.10,0.000
2025-08-20T19:30:00,3.920,84.90,0.000
2025-08-20T19:15:00,3.930,85.70,0.000
2025-08-20T19:00:00,3.930,87.60,0.000
2025-08-20T18:45:00,3.920,86.10,0.000
2025-08-20T18:30:00,3.930,88.10,0.000
2025-08-20T18:15:00,3.940,85.70,0.000
2025-08-20T18:00:00,3.940,107.60,0.000
2025-08-20T17:45:00,3.940,84.60,0.000
2025-08-20T17:30:00,3.940,85.40,0.000
2025-08-20T17:15:00,3.940,84.90,0.000
2025-08-20T17:00:00,3.940,91.60,0.000
2025-08-20T16:45:00,3.940,90.00,0.000
2025-08-20T16:30:00,3.950,85.90,0.000
2025-08-20T16:15:00,3.950,88.60,0.000
2025-08-20T16:00:00,3.950,91.70,0.000
2025-08-20T15:45:00,3.960,89.50,0.000
2025-08-20T15:30:00,3.960,90.60,0.000
2025-08-20T15:15:00,3.960,90.10,0.000
2025-08-20T15:00:00,3.960,88.00,0.000
2025-08-20T14:45:00,3.960,93.00,0.000
2025-08-20T14:30:00,3.970,88.30,0.000
2025-08-20T14:15:00,3.970,92.80,0.000
2025-08-20T14:00:00,3.980,92.20,0.000
2025-08-20T13:45:00,3.970,93.90,0.000
2025-08-20T13:30:00,3.980,96.50,0.000
2025-08-20T13:15:00,3.990,94.20,0.000
2025-08-20T13:00:00,3.980,94.20,0.000
2025-08-20T12:45:00,3.980,94.50,0.000
2025-08-20T12:30:00,3.980,99.80,0.000
2025-08-20T12:15:00,3.990,93.80,0.000
2025-08-20T12:00:00,3.990,94.90,0.000
2025-08-20T11:45:00,4.000,94.40,0.000
2025-08-20T11:30:00,4.000,96.30,0.000
2025-08-20T11:15:00,4.000,98.10,0.000
2025-08-20T11:00:00,4.000,95.10,0.000
2025-08-20T10:45:00,4.000,99.00,0.000
2025-08-20T10:30:00,4.000,95.40,0.000
2025-08-20T10:15:00,4.010,101.20,0.500
2025-08-20T10:00:00,4.010,101.00,0.000
2025-08-20T09:45:00,4.010,100.50,0.000
2025-08-20T09:30:00,4.010,101.30,0.000
2025-08-20T09:15:00,4.020,96.00,0.000
2025-08-20T09:00:00,4.020,102.30,0.000
2025-08-20T08:45:00,4.020,105.40,0.000
2025-08-20T08:30:00,4.020,103.00,0.000
2025-08-20T08:15:00,4.020,103.20,0.000
2025-08-20T08:00:00,4.030,104.50,0.000
2025-08-20T07:45:00,4.020,104.20,0.000
2025-08-20T07:30:00,4.030,107.80,0.000
2025-08-20T07:15:00,4.030,104.60,0.000
2025-08-20T07:00:00,4.040,101.40,0.000
2025-08-20T06:45:00,4.040,106.70,0.000
2025-08-20T06:30:00,4.040,105.70,0.000
2025-08-20T06:15:00,4.040,105.30,0.000
2025-08-20T06:00:00,4.050,106.20,0.000
2025-08-20T05:45:00,4.050,107.30,0.000
2025-08-20T05:30:00,4.060,106.90,0.000
2025-08-20T05:15:00,4.050,110.90,0.000
2025-08-20T05:00:00,4.060,106.70,0.000
2025-08-20T04:45:00,4.060,111.10,0.000
2025-08-20T04:30:00,4.060,111.70,0.000
2025-08-20T04:15:00,4.060,107.80,0.000
2025-08-20T04:00:00,4.070,115.00,0.000
2025-08-20T03:45:00,4.070,110.90,0.000
2025-08-20T03:30:00,4.070,110.90,0.000
2025-08-20T03:15:00,4.070,106.00,0.000
2025-08-20T03:00:00,4.070,114.00,0.000
2025-08-20T02:45:00,4.080,109.00,0.000
2025-08-20T02:30:00,4.080,111.20,0.000
2025-08-20T02:15:00,4.080,109.90,0.000
2025-08-20T02:00:00,4.080,111.90,0.000
2025-08-20T01:45:00,4.080,112.70,0.000
2025-08-20T01:30:00,4.090,110.40,0.000
2025-08-20T01:15:00,4.090,109.40,0.000
2025-08-20T01:00:00,4.090,112.70,0.000
2025-08-20T00:45:00,4.100,113.70,0.000
2025-08-20T00:30:00,4.100,113.00,0.000
2025-08-20T00:15:00,4.110,113.40,0.000
2025-08-20T00:00:00,4.110,116.50,0.000
2025-08-19T23:45:00,4.110,113.80,0.000
2025-08-19T23:30:00,4.120,110.20,0.000
2025-08-19T23:15:00,4.120,109.60,0.000
2025-08-19T23:00:00,4.120,113.70,0.000
2025-08-19T22:45:00,4.130,120.00,0.000
2025-08-19T22:30:00,4.130,119.50,0.000
2025-08-19T22:15:00,4.140,115.30,0.000
2025-08-19T22:00:00,4.140,113.70,0.000
2025-08-19T21:45:00,4.150,114.20,0.000
2025-08-19T21:30:00,4.140,119.90,0.000
2025-08-19T21:15:00,4.160,110.90,0.000
2025-08-19T21:00:00,4.150,120.60,0.000
2025-08-19T20:45:00,4.160,114.70,0.000
2025-08-19T20:30:00,4.160,129.20,0.000
2025-08-19T20:15:00,4.170,123.70,0.000
2025-08-19T20:00:00,4.160,123.60,0.500
2025-08-19T19:45:00,4.160,117.70,0.000
2025-08-19T19:30:00,4.170,138.40,0.000
2025-08-19T19:15:00,4.170,130.00,0.000
2025-08-19T19:00:00,4.170,123.10,0.000
2025-08-19T18:45:00,4.170,117.30,0.000
2025-08-19T18:30:00,4.170,114.70,0.000
2025-08-19T18:15:00,4.180,120.50,0.000
2025-08-19T18:00:00,4.180,126.30,0.000
2025-08-19T17:45:00,4.190,119.50,0.000
2025-08-19T17:30:00,4.200,125.70,0.000
2025-08-19T17:15:00,4.200,126.10,0.000
2025-08-19T17:00:00,4.210,125.10,0.000
2025-08-19T16:45:00,4.210,124.90,0.000
2025-08-19T16:30:00,4.220,125.80,0.000
2025-08-19T16:15:00,4.230,125.70,0.000
2025-08-19T16:00:00,4.230,124.50,0.000
2025-08-19T15:45:00,4.240,130.90,0.000
2025-08-19T15:30:00,4.240,127.70,0.000
2025-08-19T15:15:00,4.240,129.90,0.000
2025-08-19T15:00:00,4.250,124.00,0.000
2025-08-19T14:45:00,4.260,125.90,0.000
2025-08-19T14:30:00,4.260,128.50,0.000
2025-08-19T14:15:00,4.260,133.10,0.000
2025-08-19T14:00:00,4.270,129.00,0.000
2025-08-19T13:45:00,4.280,135.60,0.000
2025-08-19T13:30:00,4.280,134.00,0.000
2025-08-19T13:15:00,4.300,135.60,0.000
2025-08-19T13:00:00,4.290,129.90,0.000
2025-08-19T12:45:00,4.300,133.00,0.000
2025-08-19T12:30:00,4.310,146.50,0.000
2025-08-19T12:15:00,4.310,131.60,0.000
2025-08-19T12:00:00,4.320,139.30,0.000
2025-08-19T11:45:00,4.330,139.40,0.000
2025-08-19T11:30:00,4.330,139.20,0.000
2025-08-19T11:15:00,4.340,130.40,0.000
2025-08-19T11:00:00,4.350,132.90,0.000
2025-08-19T10:45:00,4.360,138.10,0.000
2025-08-19T10:30:00,4.360,136.50,0.000
2025-08-19T10:15:00,4.370,140.20,0.000
2025-08-19T10:00:00,4.380,138.40,0.000
2025-08-19T09:45:00,4.390,138.80,0.000
2025-08-19T09:30:00,4.400,128.70,0.000
2025-08-19T09:15:00,4.420,133.50,0.000
2025-08-19T09:00:00,4.430,129.80,0.000
2025-08-19T08:45:00,4.430,142.20,0.000
2025-08-19T08:30:00,4.440,137.10,0.000
2025-08-19T08:15:00,4.430,138.80,0.000
2025-08-19T08:00:00,4.450,137.90,0.000
2025-08-19T07:45:00,4.440,134.20,0.000
2025-08-19T07:30:00,4.450,135.50,0.000
2025-08-19T07:15:00,4.450,143.50,0.000
2025-08-19T07:00:00,4.450,134.70,0.000
2025-08-19T06:45:00,4.460,141.30,0.000
2025-08-19T06:30:00,4.460,142.50,0.000
2025-08-19T06:15:00,4.460,139.80,0.000
2025-08-19T06:00:00,4.460,139.70,0.000
2025-08-19T05:45:00,4.460,136.90,0.000
2025-08-19T05:30:00,4.460,140.90,0.000
2025-08-19T05:15:00,4.460,134.90,0.000
2025-08-19T05:00:00,4.460,139.10,0.000
2025-08-19T04:45:00,4.470,138.80,0.000
2025-08-19T04:30:00,4.460,143.50,0.000
2025-08-19T04:15:00,4.460,142.60,0.000
2025-08-19T04:00:00,4.460,146.40,0.000
2025-08-19T03:45:00,4.460,145.60,0.000
2025-08-19T03:30:00,4.460,142.00,0.000
2025-08-19T03:15:00,4.460,140.80,0.000
2025-08-19T03:00:00,4.450,139.10,0.000
2025-08-19T02:45:00,4.450,146.50,0.000
2025-08-19T02:30:00,4.450,139.60,0.000
2025-08-19T02:15:00,4.440,136.40,0.000
2025-08-19T02:00:00,4.440,149.70,0.000
2025-08-19T01:45:00,4.430,146.40,0.000
2025-08-19T01:30:00,4.430,143.00,0.000
2025-08-19T01:15:00,4.420,144.60,0.000
2025-08-19T01:00:00,4.420,145.80,0.000
2025-08-19T00:45:00,4.410,135.70,0.000
2025-08-19T00:30:00,4.400,144.30,0.000
2025-08-19T00:15:00,4.400,144.20,0.000
2025-08-19T00:00:00,4.390,144.00,0.000
2025-08-18T23:45:00,4.390,141.10,0.000
2025-08-18T23:30:00,4.380,144.60,0.000
2025-08-18T23:15:00,4.380,141.10,0.000
2025-08-18T23:00:00,4.380,135.40,0.000
2025-08-18T22:45:00,4.370,138.10,0.000
2025-08-18T22:30:00,4.370,139.90,0.000
2025-08-18T22:15:00,4.370,138.10,0.000
2025-08-18T22:00:00,4.370,139.40,0.000
2025-08-18T21:45:00,4.370,135.80,0.000
2025-08-18T21:30:00,4.370,128.40,0.000
2025-08-18T21:15:00,4.370,133.60,0.000
2025-08-18T21:00:00,4.370,136.90,0.000
2025-08-18T20:45:00,4.380,136.00,0.500
2025-08-18T20:30:00,4.380,142.30,0.500
2025-08-18T20:15:00,4.380,144.30,0.000
2025-08-18T20:00:00,4.380,130.10,0.000
2025-08-18T19:45:00,4.390,136.90,0.000
2025-08-18T19:30:00,4.390,142.10,0.000
2025-08-18T19:15:00,4.400,135.40,0.000
2025-08-18T19:00:00,4.400,135.80,0.000
2025-08-18T18:45:00,4.410,136.10,0.000
2025-08-18T18:30:00,4.410,127.50,0.000
2025-08-18T18:15:00,4.400,130.80,0.000
2025-08-18T18:00:00,4.410,137.90,0.000
2025-08-18T17:45:00,4.410,135.30,0.000
2025-08-18T17:30:00,4.420,137.80,0.000
2025-08-18T17:15:00,4.420,134.10,0.000
2025-08-18T17:00:00,4.430,133.50,0.000
2025-08-18T16:45:00,4.430,127.10,0.000
2025-08-18T16:30:00,4.440,128.90,0.000
2025-08-18T16:15:00,4.440,137.70,0.000
2025-08-18T16:00:00,4.450,141.40,0.000
2025-08-18T15:45:00,4.460,149.80,0.000
2025-08-18T15:30:00,4.470,134.40,0.000
2025-08-18T15:15:00,4.470,125.20,0.000
2025-08-18T15:00:00,4.470,139.40,0.500
2025-08-18T14:45:00,4.480,140.50,2.500
2025-08-18T14:30:00,4.490,136.30,0.000
2025-08-18T14:15:00,4.490,136.20,0.000
2025-08-18T14:00:00,4.490,110.30,0.000
2025-08-18T13:45:00,4.500,119.30,0.000
2025-08-18T13:30:00,4.500,126.30,0.000
2025-08-18T13:15:00,4.510,128.80,0.000
2025-08-18T13:00:00,4.510,126.80,0.000
2025-08-18T12:45:00,4.520,131.50,0.000
2025-08-18T12:30:00,4.520,117.40,0.000
2025-08-18T12:15:00,4.520,135.30,0.000
2025-08-18T12:00:00,4.520,134.00,0.000
2025-08-18T11:45:00,4.530,145.30,0.000
2025-08-18T11:30:00,4.530,125.50,0.000
2025-08-18T11:15:00,4.530,128.90,0.000
2025-08-18T11:00:00,4.530,128.20,0.000
2025-08-18T10:45:00,4.530,141.10,0.000
2025-08-18T10:30:00,4.520,147.90,0.000
2025-08-18T10:15:00,4.530,145.30,0.000
2025-08-18T10:00:00,4.530,138.40,0.000
2025-08-18T09:45:00,4.540,150.90,0.000
2025-08-18T09:30:00,4.550,142.10,0.000
2025-08-18T09:15:00,4.560,133.90,0.000
2025-08-18T09:00:00,4.560,161.50,0.000
2025-08-18T08:45:00,4.580,156.50,0.000
2025-08-18T08:30:00,4.590,163.50,0.000
2025-08-18T08:15:00,4.600,160.80,0.000
2025-08-18T08:00:00,4.610,162.60,0.000
2025-08-18T07:45:00,4.620,159.60,0.000
2025-08-18T07:30:00,4.630,165.30,0.000
2025-08-18T07:15:00,4.640,161.00,0.000
2025-08-18T07:00:00,4.660,160.80,0.000
2025-08-18T06:45:00,4.670,164.50,0.000
2025-08-18T06:30:00,4.680,159.20,0.000
2025-08-18T06:15:00,4.690,165.40,0.000
2025-08-18T06:00:00,4.710,158.40,0.000
2025-08-18T05:45:00,4.720,166.30,0.000
2025-08-18T05:30:00,4.730,160.70,0.000
2025-08-18T05:15:00,4.740,163.70,0.000
2025-08-18T05:00:00,4.750,161.10,0.000
2025-08-18T04:45:00,4.760,161.60,0.000
2025-08-18T04:30:00,4.780,161.90,0.000
2025-08-18T04:15:00,4.790,163.80,0.000
2025-08-18T04:00:00,4.800,165.10,0.000
2025-08-18T03:45:00,4.810,162.10,0.000
2025-08-18T03:30:00,4.820,165.30,0.000
2025-08-18T03:15:00,4.830,170.00,0.000
2025-08-18T03:00:00,4.850,169.50,0.000
2025-08-18T02:45:00,4.860,166.30,0.000
2025-08-18T02:30:00,4.870,169.40,0.000
2025-08-18T02:15:00,4.880,170.70,0.000
2025-08-18T02:00:00,4.890,167.10,0.000
2025-08-18T01:45:00,4.900,163.70,0.000
2025-08-18T01:30:00,4.920,168.50,0.000
2025-08-18T01:15:00,4.930,169.80,0.000
2025-08-18T01:00:00,4.940,177.00,0.000
2025-08-18T00:45:00,4.950,171.70,0.000
2025-08-18T00:30:00,4.960,167.70,0.000
2025-08-18T00:15:00,4.980,173.00,0.000
2025-08-18T00:00:00,4.990,177.20,0.000
2025-08-17T23:45:00,5.000,172.10,0.000
2025-08-17T23:30:00,5.010,174.70,0.000
2025-08-17T23:15:00,5.020,171.40,0.000
2025-08-17T23:00:00,5.040,178.50,0.000
2025-08-17T22:45:00,5.040,176.40,0.000
2025-08-17T22:30:00,5.050,177.20,0.000
2025-08-17T22:15:00,5.060,183.30,0.000
2025-08-17T22:00:00,5.070,183.40,0.000
2025-08-17T21:45:00,5.070,184.00,0.000
2025-08-17T21:30:00,5.080,190.10,0.000
2025-08-17T21:15:00,5.080,179.00,0.000
2025-08-17T21:00:00,5.090,185.50,0.000
2025-08-17T20:45:00,5.090,176.00,0.000
2025-08-17T20:30:00,5.090,190.00,0.000
2025-08-17T20:15:00,5.100,183.20,0.000
2025-08-17T20:00:00,5.090,189.60,0.000
2025-08-17T19:45:00,5.090,188.90,0.000
2025-08-17T19:30:00,5.080,188.00,0.000
2025-08-17T19:15:00,5.080,183.80,0.000
2025-08-17T19:00:00,5.070,189.90,0.000
2025-08-17T18:45:00,5.060,189.40,0.000
2025-08-17T18:30:00,5.040,193.60,0.000
2025-08-17T18:15:00,5.010,202.90,0.000
2025-08-17T18:00:00,5.020,209.60,0.000
2025-08-17T17:45:00,5.030,210.70,0.000
2025-08-17T17:30:00,5.030,208.00,0.000
2025-08-17T17:15:00,5.040,203.20,0.000
2025-08-17T17:00:00,5.040,207.30,0.000
2025-08-17T16:45:00,5.050,201.50,0.000
2025-08-17T16:30:00,5.060,213.40,0.000
2025-08-17T16:15:00,5.060,201.60,0.000
2025-08-17T16:00:00,5.060,208.80,0.000
2025-08-17T15:45:00,5.070,215.70,0.000
2025-08-17T15:30:00,5.070,206.40,0.000
2025-08-17T15:15:00,5.070,206.20,0.000
2025-08-17T15:00:00,5.070,210.90,0.000
2025-08-17T14:45:00,5.070,191.60,0.000
2025-08-17T14:30:00,5.070,207.50,0.000
2025-08-17T14:15:00,5.060,204.10,0.000
2025-08-17T14:00:00,5.070,206.00,0.000
2025-08-17T13:45:00,5.060,212.10,0.000
2025-08-17T13:30:00,5.050,203.80,0.000
2025-08-17T13:15:00,5.050,217.20,0.000
2025-08-17T13:00:00,5.050,210.50,0.000
2025-08-17T12:45:00,5.040,213.40,0.000
2025-08-17T12:30:00,5.040,208.60,0.000
2025-08-17T12:15:00,5.040,202.30,0.000
2025-08-17T12:00:00,5.060,199.80,0.000
2025-08-17T11:45:00,5.040,210.50,0.000
2025-08-17T11:30:00,5.020,200.90,0.000
2025-08-17T11:15:00,5.000,203.20,0.000
2025-08-17T11:00:00,4.980,208.50,0.000
2025-08-17T10:45:00,4.960,202.00,0.000
2025-08-17T10:30:00,4.920,200.00,0.000
2025-08-17T10:15:00,4.910,196.70,0.000
2025-08-17T10:00:00,4.880,199.80,0.000
2025-08-17T09:45:00,4.870,192.10,0.000
2025-08-17T09:30:00,4.830,192.40,0.000
2025-08-17T09:15:00,4.800,191.50,0.000
2025-08-17T09:00:00,4.770,189.00,0.000
2025-08-17T08:45:00,4.740,188.20,0.000
2025-08-17T08:30:00,4.710,191.20,0.000
2025-08-17T08:15:00,4.680,182.40,0.000
2025-08-17T08:00:00,4.660,181.20,0.000
2025-08-17T07:45:00,4.640,184.40,0.000
2025-08-17T07:30:00,4.610,178.60,0.000
2025-08-17T07:15:00,4.590,179.70,0.000
2025-08-17T07:00:00,4.570,177.40,0.000
2025-08-17T06:45:00,4.550,176.10,0.000
2025-08-17T06:30:00,4.550,180.20,0.000
2025-08-17T06:15:00,4.530,178.90,0.000
2025-08-17T06:00:00,4.520,174.70,0.000
2025-08-17T05:45:00,4.520,172.00,0.000
2025-08-17T05:30:00,4.510,172.80,0.500
2025-08-17T05:15:00,4.510,174.20,0.500
2025-08-17T05:00:00,4.500,169.00,0.500
2025-08-17T04:45:00,4.490,172.00,0.500
2025-08-17T04:30:00,4.490,174.00,1.000
2025-08-17T04:15:00,4.480,173.90,0.500
2025-08-17T04:00:00,4.480,171.20,0.500
2025-08-17T03:45:00,4.470,174.10,1.000
2025-08-17T03:30:00,4.480,173.40,0.500
2025-08-17T03:15:00,4.480,168.20,0.500
2025-08-17T03:00:00,4.470,168.90,0.500
2025-08-17T02:45:00,4.480,168.80,1.500
2025-08-17T02:30:00,4.470,174.30,1.500
2025-08-17T02:15:00,4.470,167.20,1.000
2025-08-17T02:00:00,4.470,170.30,3.000
2025-08-17T01:45:00,4.460,174.30,1.000
2025-08-17T01:30:00,4.460,172.80,1.500
2025-08-17T01:15:00,4.470,168.20,2.500
2025-08-17T01:00:00,4.460,397.70,4.500
2025-08-17T00:45:00,4.450,160.50,5.500
2025-08-17T00:30:00,4.460,175.00,2.500
2025-08-17T00:15:00,4.460,166.10,0.500
2025-08-17T00:00:00,4.460,168.90,1.000
2025-08-30T23:45:00,4.150,97.40,0.000
2025-08-30T23:30:00,4.150,93.30,0.000
2025-08-30T23:15:00,4.150,94.30,0.000
2025-08-30T23:00:00,4.150,89.20,0.000
2025-08-30T22:45:00,4.150,95.60,0.000
2025-08-30T22:30:00,4.160,99.00,0.000
2025-08-30T22:15:00,4.160,94.00,0.000
2025-08-30T22:00:00,4.160,92.60,0.000
2025-08-30T21:45:00,4.160,97.70,0.000
2025-08-30T21:30:00,4.170,92.60,0.000
2025-08-30T21:15:00,4.170,93.80,0.000
2025-08-30T21:00:00,4.170,96.60,0.000
2025-08-30T20:45:00,4.180,103.70,0.000
2025-08-30T20:30:00,4.180,98.00,0.000
2025-08-30T20:15:00,4.180,96.20,0.000
2025-08-30T20:00:00,4.190,94.50,0.000
2025-08-30T19:45:00,4.190,94.50,0.000
2025-08-30T19:30:00,4.190,98.00,0.000
2025-08-30T19:15:00,4.190,96.70,0.000
2025-08-30T19:00:00,4.190,103.20,0.000
2025-08-30T18:45:00,4.200,104.30,0.000
2025-08-30T18:30:00,4.200,99.90,0.000
2025-08-30T18:15:00,4.210,119.10,0.000
2025-08-30T18:00:00,4.210,95.80,0.000
2025-08-30T17:45:00,4.210,99.70,0.000
2025-08-30T17:30:00,4.210,100.60,0.000
2025-08-30T17:15:00,4.220,91.80,0.000
2025-08-30T17:00:00,4.220,97.90,0.000
2025-08-30T16:45:00,4.230,101.70,0.000
2025-08-30T16:30:00,4.230,100.70,0.000
2025-08-30T16:15:00,4.230,97.10,0.000
2025-08-30T16:00:00,4.240,99.20,0.000
2025-08-30T15:45:00,4.240,93.60,0.000
2025-08-30T15:30:00,4.240,93.20,0.000
2025-08-30T15:15:00,4.250,93.50,0.000
2025-08-30T15:00:00,4.250,86.60,0.000
2025-08-30T14:45:00,4.250,98.10,0.000
2025-08-30T14:30:00,4.260,105.70,0.000
2025-08-30T14:15:00,4.260,112.30,0.000
2025-08-30T14:00:00,4.260,90.80,0.000
2025-08-30T13:45:00,4.270,101.10,0.000
2025-08-30T13:30:00,4.270,96.40,0.000
2025-08-30T13:15:00,4.280,92.60,0.000
2025-08-30T13:00:00,4.280,109.90,0.000
2025-08-30T12:45:00,4.280,86.10,0.000
2025-08-30T12:30:00,4.290,99.00,0.000
2025-08-30T12:15:00,4.290,98.80,0.000
2025-08-30T12:00:00,4.300,95.30,0.000
2025-08-30T11:45:00,4.300,94.60,0.000
2025-08-30T11:30:00,4.300,90.30,0.000
2025-08-30T11:15:00,4.310,84.60,0.000
2025-08-30T11:00:00,4.310,90.90,0.000
2025-08-30T10:45:00,4.310,87.80,0.000
2025-08-30T10:30:00,4.320,90.10,0.000
2025-08-30T10:15:00,4.320,91.90,0.000
2025-08-30T10:00:00,4.330,100.90,0.000
2025-08-30T09:45:00,4.340,94.40,0.000
2025-08-30T09:30:00,4.340,97.60,0.000
2025-08-30T09:15:00,4.350,119.90,0.000
2025-08-30T09:00:00,4.350,95.00,0.000
2025-08-30T08:45:00,4.360,95.10,0.000
2025-08-30T08:30:00,4.360,91.00,0.000
2025-08-30T08:15:00,4.370,110.70,0.000
2025-08-30T08:00:00,4.380,97.40,0.000
2025-08-30T07:45:00,4.380,101.10,0.000
2025-08-30T07:30:00,4.390,101.20,0.000
2025-08-30T07:15:00,4.390,97.80,0.000
2025-08-30T07:00:00,4.400,101.30,0.000
2025-08-30T06:45:00,4.410,108.10,0.000
2025-08-30T06:30:00,4.410,99.60,0.000
2025-08-30T06:15:00,4.420,93.10,0.000
2025-08-30T06:00:00,4.430,102.10,0.000
2025-08-30T05:45:00,4.450,92.60,0.000
2025-08-30T05:30:00,4.450,99.40,0.000
2025-08-30T05:15:00,4.450,95.10,0.000
2025-08-30T05:00:00,4.450,91.00,0.000
2025-08-30T04:45:00,4.450,93.70,0.000
2025-08-30T04:30:00,4.450,91.40,0.000
2025-08-30T04:15:00,4.450,94.80,0.000
2025-08-30T04:00:00,4.450,94.50,0.000
2025-08-30T03:45:00,4.460,95.20,0.000
2025-08-30T03:30:00,4.460,99.20,0.000
2025-08-30T03:15:00,4.460,99.30,0.000
2025-08-30T03:00:00,4.460,95.30,0.000
2025-08-30T02:45:00,4.460,99.90,0.000
2025-08-30T02:30:00,4.460,95.70,0.000
2025-08-30T02:15:00,4.460,98.60,0.000
2025-08-30T02:00:00,4.460,96.00,0.000
2025-08-30T01:45:00,4.460,93.30,0.000
2025-08-30T01:30:00,4.460,101.70,0.000
2025-08-30T01:15:00,4.470,99.20,0.000
2025-08-30T01:00:00,4.470,101.30,0.000
2025-08-30T00:45:00,4.470,115.40,0.000
2025-08-30T00:30:00,4.470,100.50,0.000
2025-08-30T00:15:00,4.470,99.30,0.000
2025-08-30T00:00:00,4.470,101.00,0.000
2025-08-29T23:45:00,4.470,102.70,0.000
2025-08-29T23:30:00,4.470,92.20,0.000
2025-08-29T23:15:00,4.470,84.00,0.000
2025-08-29T23:00:00,4.470,92.80,0.000
2025-08-29T22:45:00,4.470,81.80,0.000
2025-08-29T22:30:00,4.470,82.70,0.000
2025-08-29T22:15:00,4.470,72.40,0.000
2025-08-29T22:00:00,4.470,95.30,0.000
2025-08-29T21:45:00,4.470,97.80,0.000
2025-08-29T21:30:00,4.470,95.60,0.000
2025-08-29T21:15:00,4.470,87.80,0.000
2025-08-29T21:00:00,4.470,102.30,0.000
2025-08-29T20:45:00,4.470,107.10,0.000
2025-08-29T20:30:00,4.470,98.50,0.000
2025-08-29T20:15:00,4.470,95.30,0.000
2025-08-29T20:00:00,4.470,95.80,0.000
2025-08-29T19:45:00,4.470,91.30,0.000
2025-08-29T19:30:00,4.470,97.70,0.000
2025-08-29T19:15:00,4.470,99.60,0.000
2025-08-29T19:00:00,4.470,105.80,0.000
2025-08-29T18:45:00,4.470,99.30,0.000
2025-08-29T18:30:00,4.460,98.00,0.000
2025-08-29T18:15:00,4.470,97.70,0.000
2025-08-29T18:00:00,4.460,100.40,0.000
2025-08-29T17:45:00,4.460,98.20,0.000
2025-08-29T17:30:00,4.460,100.10,0.000
2025-08-29T17:15:00,4.460,101.70,0.000
2025-08-29T17:00:00,4.460,101.10,0.000
2025-08-29T16:45:00,4.460,93.10,0.000
2025-08-29T16:30:00,4.450,100.40,0.000
2025-08-29T16:15:00,4.450,105.90,0.000
2025-08-29T16:00:00,4.450,99.70,0.000
2025-08-29T15:45:00,4.450,104.50,0.000
2025-08-29T15:30:00,4.440,101.00,0.000
2025-08-29T15:15:00,4.440,97.80,0.000
2025-08-29T15:00:00,4.430,0.00,0.000
2025-08-29T14:45:00,4.420,113.90,0.000
2025-08-29T14:30:00,4.410,81.20,0.000
2025-08-29T14:15:00,4.400,87.10,0.000
2025-08-29T14:00:00,4.400,109.30,0.000
2025-08-29T13:45:00,4.400,92.50,0.000
2025-08-29T13:30:00,4.410,104.20,0.000
2025-08-29T13:15:00,4.410,109.60,0.000
2025-08-29T13:00:00,4.410,124.80,0.000
2025-08-29T12:45:00,4.410,86.30,0.000
2025-08-29T12:30:00,4.410,107.00,0.000
2025-08-29T12:15:00,4.410,110.80,0.000
2025-08-29T12:00:00,4.410,99.10,0.000
2025-08-29T11:45:00,4.390,105.80,0.000
2025-08-29T11:30:00,4.400,105.00,0.000
2025-08-29T11:15:00,4.410,116.30,0.000
2025-08-29T11:00:00,4.420,117.00,0.000
2025-08-29T10:45:00,4.430,123.40,0.000
2025-08-29T10:30:00,4.440,124.70,0.000
2025-08-29T10:15:00,4.450,110.50,0.000
2025-08-29T10:00:00,4.470,106.70,0.000
2025-08-29T09:45:00,4.470,120.40,0.000
2025-08-29T09:30:00,4.480,135.20,0.000
2025-08-29T09:15:00,4.480,135.30,0.000
2025-08-29T09:00:00,4.490,127.10,0.000
2025-08-29T08:45:00,4.500,124.20,0.000
2025-08-29T08:30:00,4.490,119.40,0.000
2025-08-29T08:15:00,4.500,147.50,0.000
2025-08-29T08:00:00,4.500,147.10,0.000
2025-08-29T07:45:00,4.500,149.10,0.000
2025-08-29T07:30:00,4.510,143.30,0.000
2025-08-29T07:15:00,4.510,138.70,0.000
2025-08-29T07:00:00,4.500,140.60,0.000
2025-08-29T06:45:00,4.510,136.50,0.000
2025-08-29T06:30:00,4.510,136.50,0.000
2025-08-29T06:15:00,4.510,141.00,0.000
2025-08-29T06:00:00,4.510,136.70,0.000
2025-08-29T05:45:00,4.510,135.10,0.000
2025-08-29T05:30:00,4.510,140.40,0.000
2025-08-29T05:15:00,4.510,139.50,0.000
2025-08-29T05:00:00,4.510,137.20,0.000
2025-08-29T04:45:00,4.510,141.10,0.000
2025-08-29T04:30:00,4.510,144.10,0.000
2025-08-29T04:15:00,4.520,146.50,0.000
2025-08-29T04:00:00,4.520,142.90,0.000
2025-08-29T03:45:00,4.520,143.80,0.000
2025-08-29T03:30:00,4.520,144.30,0.000
2025-08-29T03:15:00,4.520,151.20,0.000
2025-08-29T03:00:00,4.520,141.20,0.000
2025-08-29T02:45:00,4.520,147.20,0.000
2025-08-29T02:30:00,4.520,141.60,0.000
2025-08-29T02:15:00,4.520,139.20,0.000
2025-08-29T02:00:00,4.520,143.80,0.000
2025-08-29T01:45:00,4.520,146.20,0.000
2025-08-29T01:30:00,4.530,142.50,0.000
2025-08-29T01:15:00,4.520,151.60,0.000
2025-08-29T01:00:00,4.520,142.20,0.000
2025-08-29T00:45:00,4.530,149.60,0.000
2025-08-29T00:30:00,4.530,141.60,0.000
2025-08-29T00:15:00,4.530,146.40,0.000
2025-08-29T00:00:00,4.530,139.80,0.000
2025-08-28T23:45:00,4.530,138.50,0.000
2025-08-28T23:30:00,4.530,142.30,0.000
2025-08-28T23:15:00,4.530,146.40,0.000
2025-08-28T23:00:00,4.530,142.70,0.000
2025-08-28T22:45:00,4.530,144.80,0.000
2025-08-28T22:30:00,4.530,150.90,0.000
2025-08-28T22:15:00,4.530,146.00,0.000
2025-08-28T22:00:00,4.530,140.10,0.000
2025-08-28T21:45:00,4.530,140.50,0.000
2025-08-28T21:30:00,4.530,145.60,0.000
2025-08-28T21:15:00,4.530,132.90,0.000
2025-08-28T21:00:00,4.530,138.50,0.000
2025-08-28T20:45:00,4.530,143.40,0.000
2025-08-28T20:30:00,4.530,140.70,0.000
2025-08-28T20:15:00,4.520,146.30,0.000
2025-08-28T20:00:00,4.530,143.30,0.000
2025-08-28T19:45:00,4.530,139.10,0.000
2025-08-28T19:30:00,4.520,141.70,0.000
2025-08-28T19:15:00,4.520,135.40,0.000
2025-08-28T19:00:00,4.520,137.60,0.000
2025-08-28T18:45:00,4.520,117.10,0.000
2025-08-28T18:30:00,4.520,141.20,0.000
2025-08-28T18:15:00,4.520,155.20,0.000
2025-08-28T18:00:00,4.510,148.20,0.000
2025-08-28T17:45:00,4.510,137.40,0.000
2025-08-28T17:30:00,4.510,132.10,0.000
2025-08-28T17:15:00,4.510,131.10,0.000
2025-08-28T17:00:00,4.500,130.60,0.000
2025-08-28T16:45:00,4.500,132.50,0.000
2025-08-28T16:30:00,4.510,122.90,0.000
2025-08-28T16:15:00,4.500,121.00,0.000
2025-08-28T16:00:00,4.500,114.10,0.000
2025-08-28T15:45:00,4.500,116.60,0.000
2025-08-28T15:30:00,4.500,148.80,0.000
2025-08-28T15:15:00,4.490,146.40,0.000
2025-08-28T15:00:00,4.490,144.30,0.000
2025-08-28T14:45:00,4.480,144.90,0.000
2025-08-28T14:30:00,4.480,129.70,0.000
2025-08-28T14:15:00,4.480,142.60,0.000
2025-08-28T14:00:00,4.470,148.80,0.000
2025-08-28T13:45:00,4.470,134.30,0.000
2025-08-28T13:30:00,4.470,143.80,0.000
2025-08-28T13:15:00,4.460,149.00,0.000
2025-08-28T13:00:00,4.450,144.20,0.500
2025-08-28T12:45:00,4.440,140.30,0.000
2025-08-28T12:30:00,4.430,131.10,0.000
2025-08-28T12:15:00,4.420,140.30,0.000
2025-08-28T12:00:00,4.400,145.90,0.000
2025-08-28T11:45:00,4.400,134.40,0.000
2025-08-28T11:30:00,4.400,156.30,0.000
2025-08-28T11:15:00,4.390,149.60,0.000
2025-08-28T11:00:00,4.390,156.10,0.000
2025-08-28T10:45:00,4.390,163.80,0.000
2025-08-28T10:30:00,4.390,155.30,0.000
2025-08-28T10:15:00,4.390,155.20,0.000
2025-08-28T10:00:00,4.390,146.90,0.000
2025-08-28T09:45:00,4.400,156.50,0.000
2025-08-28T09:30:00,4.400,159.50,0.000
2025-08-28T09:15:00,4.400,149.40,0.000
2025-08-28T09:00:00,4.410,156.50,0.000
2025-08-28T08:45:00,4.410,154.50,0.000
2025-08-28T08:30:00,4.410,162.90,0.000
2025-08-28T08:15:00,4.410,159.20,0.000
2025-08-28T08:00:00,4.420,162.10,0.000
2025-08-28T07:45:00,4.420,167.90,0.000
2025-08-28T07:30:00,4.430,163.30,0.000
2025-08-28T07:15:00,4.420,158.70,0.000
2025-08-28T07:00:00,4.430,158.50,0.000
2025-08-28T06:45:00,4.430,161.60,0.000
2025-08-28T06:30:00,4.430,160.20,0.000
2025-08-28T06:15:00,4.440,156.00,0.000
2025-08-28T06:00:00,4.430,165.60,0.000
2025-08-28T05:45:00,4.440,157.90,0.000
2025-08-28T05:30:00,4.500,152.10,0.000
2025-08-28T05:15:00,4.450,160.90,0.000
2025-08-28T05:00:00,4.450,167.10,0.000
2025-08-28T04:45:00,4.450,170.20,0.000
2025-08-28T04:30:00,4.450,164.70,0.000
2025-08-28T04:15:00,4.450,161.30,0.000
2025-08-28T04:00:00,4.460,167.60,0.000
2025-08-28T03:45:00,4.460,163.70,0.000
2025-08-28T03:30:00,4.460,171.20,0.000
2025-08-28T03:15:00,4.470,170.00,0.000
2025-08-28T03:00:00,4.470,166.40,0.000
2025-08-28T02:45:00,4.470,165.20,0.000
2025-08-28T02:30:00,4.470,169.60,0.000
2025-08-28T02:15:00,4.470,169.30,0.000
2025-08-28T02:00:00,4.470,164.30,0.000
2025-08-28T01:45:00,4.470,169.90,0.000
2025-08-28T01:30:00,4.470,166.70,0.000
2025-08-28T01:15:00,4.480,172.60,0.000
2025-08-28T01:00:00,4.480,168.30,0.000
2025-08-28T00:45:00,4.490,170.90,0.000
2025-08-28T00:30:00,4.490,168.50,0.000
2025-08-28T00:15:00,4.490,171.40,0.000
2025-08-28T00:00:00,4.480,166.40,0.000
2025-08-27T23:45:00,4.490,158.50,0.000
2025-08-27T23:30:00,4.490,167.60,0.000
2025-08-27T23:15:00,4.500,158.20,0.000
2025-08-27T23:00:00,4.500,167.90,0.000
2025-08-27T22:45:00,4.500,173.60,0.000
2025-08-27T22:30:00,4.490,164.70,0.000
2025-08-27T22:15:00,4.500,162.90,0.000
2025-08-27T22:00:00,4.500,169.60,0.000
2025-08-27T21:45:00,4.500,166.90,0.000
2025-08-27T21:30:00,4.500,169.40,0.000
2025-08-27T21:15:00,4.500,170.20,0.000
2025-08-27T21:00:00,4.500,168.30,0.000
2025-08-27T20:45:00,4.500,171.60,0.000
2025-08-27T20:30:00,4.500,169.00,0.000
2025-08-27T20:15:00,4.500,166.20,0.000
2025-08-27T20:00:00,4.500,164.30,0.000
2025-08-27T19:45:00,4.500,161.40,0.000
2025-08-27T19:30:00,4.490,166.60,0.000
2025-08-27T19:15:00,4.490,164.50,0.000
2025-08-27T19:00:00,4.480,166.60,0.000
2025-08-27T18:45:00,4.480,176.80,0.000
2025-08-27T18:30:00,4.470,171.90,0.000
2025-08-27T18:15:00,4.460,172.10,0.000
2025-08-27T18:00:00,4.470,180.50,0.000
2025-08-27T17:45:00,4.470,174.30,0.000
2025-08-27T17:30:00,4.470,165.70,0.000
2025-08-27T17:15:00,4.470,173.30,0.000
2025-08-27T17:00:00,4.480,176.80,0.000
2025-08-27T16:45:00,4.480,169.70,0.000
2025-08-27T16:30:00,4.490,186.50,0.000
2025-08-27T16:15:00,4.490,167.40,0.000
2025-08-27T16:00:00,4.500,161.70,0.000
2025-08-27T15:45:00,4.500,167.10,0.000
2025-08-27T15:30:00,4.500,162.90,0.000
2025-08-27T15:15:00,4.510,159.50,0.000
2025-08-27T15:00:00,4.510,183.00,0.000
2025-08-27T14:45:00,4.520,166.60,0.000
2025-08-27T14:30:00,4.520,172.30,0.000
2025-08-27T14:15:00,4.520,155.40,0.000
2025-08-27T14:00:00,4.530,157.60,0.000
2025-08-27T13:45:00,4.530,177.50,0.000
2025-08-27T13:30:00,4.530,162.20,0.000
2025-08-27T13:15:00,4.530,177.20,0.000
2025-08-27T13:00:00,4.540,159.90,0.000
2025-08-27T12:45:00,4.540,175.20,0.000
2025-08-27T12:30:00,4.550,183.90,0.000
2025-08-27T12:15:00,4.550,169.00,0.000
2025-08-27T12:00:00,4.560,174.70,0.000
2025-08-27T11:45:00,4.560,181.00,0.000
2025-08-27T11:30:00,4.570,175.70,0.000
2025-08-27T11:15:00,4.570,180.10,0.000
2025-08-27T11:00:00,4.570,182.30,0.000
2025-08-27T10:45:00,4.580,168.90,0.000
2025-08-27T10:30:00,4.590,177.00,0.000
2025-08-27T10:15:00,4.590,176.20,0.000
2025-08-27T10:00:00,4.600,179.20,0.000
2025-08-27T09:45:00,4.610,177.10,0.000
2025-08-27T09:30:00,4.610,177.50,0.000
2025-08-27T09:15:00,4.610,177.30,0.000
2025-08-27T09:00:00,4.620,184.00,0.000
2025-08-27T08:45:00,4.620,184.70,0.000
2025-08-27T08:30:00,4.620,190.50,0.000
2025-08-27T08:15:00,4.630,183.70,0.000
2025-08-27T08:00:00,4.640,178.90,0.000
2025-08-27T07:45:00,4.640,184.90,0.000
2025-08-27T07:30:00,4.640,183.50,0.000
2025-08-27T07:15:00,4.640,185.90,0.000
2025-08-27T07:00:00,4.640,184.50,0.000
2025-08-27T06:45:00,4.640,179.90,0.000
2025-08-27T06:30:00,4.650,186.10,0.000
2025-08-27T06:15:00,4.650,186.70,0.000
2025-08-27T06:00:00,4.650,182.80,0.000
2025-08-27T05:45:00,4.660,178.50,0.000
2025-08-27T05:30:00,4.660,185.40,0.000
2025-08-27T05:15:00,4.660,181.40,0.000
2025-08-27T05:00:00,4.660,187.80,0.000
2025-08-27T04:45:00,4.660,187.60,0.000
2025-08-27T04:30:00,4.660,182.60,0.000
2025-08-27T04:15:00,4.660,182.20,0.000
2025-08-27T04:00:00,4.670,191.30,0.000
2025-08-27T03:45:00,4.670,184.80,0.000
2025-08-27T03:30:00,4.670,192.70,0.000
2025-08-27T03:15:00,4.670,185.50,0.000
2025-08-27T03:00:00,4.670,182.60,0.000
2025-08-27T02:45:00,4.660,191.50,0.000
2025-08-27T02:30:00,4.670,182.40,0.000
2025-08-27T02:15:00,4.670,186.00,0.000
2025-08-27T02:00:00,4.660,188.90,0.000
2025-08-27T01:45:00,4.670,188.10,0.000
2025-08-27T01:30:00,4.660,190.00,0.000
2025-08-27T01:15:00,4.660,189.10,0.000
2025-08-27T01:00:00,4.660,194.70,0.000
2025-08-27T00:45:00,4.660,186.30,0.000
2025-08-27T00:30:00,4.650,194.20,0.000
2025-08-27T00:15:00,4.650,182.30,0.000
2025-08-27T00:00:00,4.640,188.60,0.000
2025-08-26T23:45:00,4.640,191.30,0.000
2025-08-26T23:30:00,4.640,190.30,0.000
2025-08-26T23:15:00,4.630,191.00,0.000
2025-08-26T23:00:00,4.630,186.80,0.000
2025-08-26T22:45:00,4.630,197.70,0.000
2025-08-26T22:30:00,4.620,187.80,0.000
2025-08-26T22:15:00,4.610,192.10,0.000
2025-08-26T22:00:00,4.600,191.50,0.000
2025-08-26T21:45:00,4.590,193.80,0.000
2025-08-26T21:30:00,4.590,191.10,0.000
2025-08-26T21:15:00,4.580,193.50,0.000
2025-08-26T21:00:00,4.570,188.40,0.000
2025-08-26T20:45:00,4.560,193.90,0.000
2025-08-26T20:30:00,4.550,186.00,0.500
2025-08-26T20:15:00,4.550,193.90,0.000
2025-08-26T20:00:00,4.540,182.30,0.000
2025-08-26T19:45:00,4.540,191.70,0.000
2025-08-26T19:30:00,4.530,195.10,0.000
2025-08-26T19:15:00,4.530,186.90,0.000
2025-08-26T19:00:00,4.530,183.60,0.000
2025-08-26T18:45:00,4.530,182.40,0.500
2025-08-26T18:30:00,4.530,188.30,0.500
2025-08-26T18:15:00,4.550,182.50,0.500
2025-08-26T18:00:00,4.530,183.40,0.500
2025-08-26T17:45:00,4.530,178.90,0.500
2025-08-26T17:30:00,4.520,158.40,0.000
2025-08-26T17:15:00,4.510,166.50,0.500
2025-08-26T17:00:00,4.510,151.80,1.000
2025-08-26T16:45:00,4.500,155.30,5.500
2025-08-26T16:30:00,4.490,142.20,0.000
2025-08-26T16:15:00,4.480,171.30,0.000
2025-08-26T16:00:00,4.480,161.20,0.000
2025-08-26T15:45:00,4.480,146.70,0.000
2025-08-26T15:30:00,4.480,159.40,0.000
2025-08-26T15:15:00,4.480,155.10,0.000
2025-08-26T15:00:00,4.490,166.20,0.000
2025-08-26T14:45:00,4.490,164.10,0.000
2025-08-26T14:30:00,4.500,153.80,0.000
2025-08-26T14:15:00,4.510,157.40,0.000
2025-08-26T14:00:00,4.520,170.20,0.000
2025-08-26T13:45:00,4.530,148.90,0.000
2025-08-26T13:30:00,4.540,152.00,0.000
2025-08-26T13:15:00,4.550,146.70,0.000
2025-08-26T13:00:00,4.560,154.30,0.000
2025-08-26T12:45:00,4.580,152.20,0.000
2025-08-26T12:30:00,4.600,148.40,0.000
2025-08-26T12:15:00,4.610,136.60,0.000
2025-08-26T12:00:00,4.640,127.80,0.000
2025-08-26T11:45:00,4.630,122.70,0.000
2025-08-26T11:30:00,4.610,130.70,0.000
2025-08-26T11:15:00,4.600,136.80,0.000
2025-08-26T11:00:00,4.580,139.90,0.000
2025-08-26T10:45:00,4.560,132.20,0.000
2025-08-26T10:30:00,4.530,151.70,0.000
2025-08-26T10:15:00,4.500,154.40,0.000
2025-08-26T10:00:00,4.470,164.80,0.000
2025-08-26T09:45:00,4.440,167.60,0.000
2025-08-26T09:30:00,4.440,165.90,0.000
2025-08-26T09:15:00,4.440,167.50,0.000
2025-08-26T09:00:00,4.440,172.50,0.000
2025-08-26T08:45:00,4.440,172.60,0.000
2025-08-26T08:30:00,4.440,185.10,0.000
2025-08-26T08:15:00,4.460,182.20,0.000
2025-08-26T08:00:00,4.460,181.50,0.000
2025-08-26T07:45:00,4.460,172.00,0.000
2025-08-26T07:30:00,4.470,184.20,0.000
2025-08-26T07:15:00,4.480,184.20,0.000
2025-08-26T07:00:00,4.480,186.00,0.000
2025-08-26T06:45:00,4.490,185.20,0.000
2025-08-26T06:30:00,4.490,187.70,0.000
2025-08-26T06:15:00,4.500,190.20,0.000
2025-08-26T06:00:00,4.510,185.20,0.000
2025-08-26T05:45:00,4.520,190.00,0.000
2025-08-26T05:30:00,4.520,186.00,0.000
2025-08-26T05:15:00,4.530,189.60,0.000
2025-08-26T05:00:00,4.530,182.50,0.000
2025-08-26T04:45:00,4.540,190.20,0.000
2025-08-26T04:30:00,4.550,185.50,0.000
2025-08-26T04:15:00,4.550,191.40,0.000
2025-08-26T04:00:00,4.560,190.50,0.000
2025-08-26T03:45:00,4.560,192.70,0.000
2025-08-26T03:30:00,4.570,187.80,0.000
2025-08-26T03:15:00,4.580,186.00,0.000
2025-08-26T03:00:00,4.570,186.10,0.000
2025-08-26T02:45:00,4.580,183.40,0.000
2025-08-26T02:30:00,4.590,188.30,0.000
2025-08-26T02:15:00,4.590,189.10,0.000
2025-08-26T02:00:00,4.600,188.70,0.000
2025-08-26T01:45:00,4.600,194.90,0.000
2025-08-26T01:30:00,4.610,188.70,0.000
2025-08-26T01:15:00,4.610,194.60,0.000
2025-08-26T01:00:00,4.610,187.10,0.000
2025-08-26T00:45:00,4.620,188.90,0.000
2025-08-26T00:30:00,4.620,189.90,0.000
2025-08-26T00:15:00,4.620,193.80,0.000
2025-08-26T00:00:00,4.620,198.10,0.000
2025-08-25T23:45:00,4.620,191.10,0.000
2025-08-25T23:30:00,4.630,190.60,0.000
2025-08-25T23:15:00,4.630,191.50,0.000
2025-08-25T23:00:00,4.630,192.00,0.000
2025-08-25T22:45:00,4.630,189.80,0.000
2025-08-25T22:30:00,4.630,194.20,0.000
2025-08-25T22:15:00,4.640,190.70,0.000
2025-08-25T22:00:00,4.630,193.90,0.000
2025-08-25T21:45:00,4.640,194.30,0.000
2025-08-25T21:30:00,4.640,193.30,0.000
2025-08-25T21:15:00,4.640,191.40,0.000
2025-08-25T21:00:00,4.640,187.20,0.000
2025-08-25T20:45:00,4.630,196.50,0.000
2025-08-25T20:30:00,4.640,197.40,0.000
2025-08-25T20:15:00,4.640,187.90,0.000
2025-08-25T20:00:00,4.640,190.90,0.000
2025-08-25T19:45:00,4.650,191.50,0.000
2025-08-25T19:30:00,4.650,189.60,0.000
2025-08-25T19:15:00,4.660,185.50,0.000
2025-08-25T19:00:00,4.660,187.60,0.000
2025-08-25T18:45:00,4.660,185.80,0.000
2025-08-25T18:30:00,4.680,181.00,0.000
2025-08-25T18:15:00,4.670,187.80,0.000
2025-08-25T18:00:00,4.690,186.70,0.000
2025-08-25T17:45:00,4.700,198.20,0.000
2025-08-25T17:30:00,4.710,187.40,0.000
2025-08-25T17:15:00,4.720,192.30,0.000
2025-08-25T17:00:00,4.730,192.70,0.000
2025-08-25T16:45:00,4.740,188.20,0.000
2025-08-25T16:30:00,4.750,190.60,0.000
2025-08-25T16:15:00,4.760,195.30,0.000
2025-08-25T16:00:00,4.780,190.60,0.000
2025-08-25T15:45:00,4.790,196.40,0.000
2025-08-25T15:30:00,4.800,190.60,0.000
2025-08-25T15:15:00,4.820,188.60,0.000
2025-08-25T15:00:00,4.830,191.80,0.500
2025-08-25T14:45:00,4.840,194.90,2.000
2025-08-25T14:30:00,4.850,196.60,10.000
2025-08-25T14:15:00,4.860,180.80,2.500
2025-08-25T14:00:00,4.870,173.40,0.000
2025-08-25T13:45:00,4.880,190.70,0.000
2025-08-25T13:30:00,4.900,188.70,0.000
2025-08-25T13:15:00,4.920,190.10,0.000
2025-08-25T13:00:00,4.940,184.30,0.000
2025-08-25T12:45:00,4.960,190.40,0.000
2025-08-25T12:30:00,4.980,187.90,0.000
2025-08-25T12:15:00,4.990,200.80,0.000
2025-08-25T12:00:00,5.020,195.20,0.000
2025-08-25T11:45:00,5.040,193.00,0.000
2025-08-25T11:30:00,5.060,184.10,0.000
2025-08-25T11:15:00,5.090,203.10,0.000
2025-08-25T11:00:00,5.120,170.80,0.000
2025-08-25T10:45:00,5.170,190.90,0.000
2025-08-25T10:30:00,5.170,192.50,0.000
2025-08-25T10:15:00,5.200,196.50,0.000
2025-08-25T10:00:00,5.210,197.80,0.000
2025-08-25T09:45:00,5.220,187.30,0.000
2025-08-25T09:30:00,5.240,204.30,0.000
2025-08-25T09:15:00,5.250,190.90,0.000
2025-08-25T09:00:00,5.260,196.10,0.000
2025-08-25T08:45:00,5.280,201.50,0.000
2025-08-25T08:30:00,5.290,202.90,0.000
2025-08-25T08:15:00,5.300,205.90,0.000
2025-08-25T08:00:00,5.300,214.90,0.000
2025-08-25T07:45:00,5.300,211.10,0.000
2025-08-25T07:30:00,5.310,219.50,0.000
2025-08-25T07:15:00,5.310,220.20,0.000
2025-08-25T07:00:00,5.310,212.40,0.000
2025-08-25T06:45:00,5.310,211.30,0.000
2025-08-25T06:30:00,5.310,217.90,0.000
2025-08-25T06:15:00,5.310,229.50,0.000
2025-08-25T06:00:00,5.300,221.10,0.000
2025-08-25T05:45:00,5.300,225.10,0.000
2025-08-25T05:30:00,5.290,220.90,0.000
2025-08-25T05:15:00,5.280,219.70,0.000
2025-08-25T05:00:00,5.260,216.30,0.000
2025-08-25T04:45:00,5.240,226.00,0.000
2025-08-25T04:30:00,5.220,220.10,0.000
2025-08-25T04:15:00,5.190,226.50,0.000
2025-08-25T04:00:00,5.170,221.50,0.000
2025-08-25T03:45:00,5.140,227.80,0.000
2025-08-25T03:30:00,5.110,214.30,0.000
2025-08-25T03:15:00,5.080,219.10,0.000
2025-08-25T03:00:00,5.040,219.10,0.000
2025-08-25T02:45:00,5.000,213.50,0.000
2025-08-25T02:30:00,4.960,211.20,0.000
2025-08-25T02:15:00,4.910,205.00,0.000
2025-08-25T02:00:00,4.870,207.70,0.000
2025-08-25T01:45:00,4.830,198.80,0.000
2025-08-25T01:30:00,4.780,206.20,0.000
2025-08-25T01:15:00,4.740,208.00,0.000
2025-08-25T01:00:00,4.690,198.20,0.000
2025-08-25T00:45:00,4.660,195.50,1.000
2025-08-25T00:30:00,4.620,192.90,1.000
2025-08-25T00:15:00,4.590,188.60,0.500
2025-08-25T00:00:00,4.560,181.40,0.500
2025-08-24T23:45:00,4.550,180.90,0.500
2025-08-24T23:30:00,4.530,174.70,0.500
2025-08-24T23:15:00,4.530,165.70,1.500
2025-08-24T23:00:00,4.520,168.50,3.000
2025-08-24T22:45:00,4.510,160.10,11.500
2025-08-24T22:30:00,4.490,145.00,19.000
2025-08-24T22:15:00,4.450,162.50,10.500
2025-08-24T22:00:00,4.440,162.90,0.000
2025-08-24T21:45:00,4.440,162.30,1.000
2025-08-24T21:30:00,4.450,166.00,0.000
2025-08-24T21:15:00,4.450,152.70,0.500
2025-08-24T21:00:00,4.460,166.90,0.000
2025-08-24T20:45:00,4.470,158.40,0.000
2025-08-24T20:30:00,4.470,156.70,0.000
2025-08-24T20:15:00,4.480,163.50,0.000
2025-08-24T20:00:00,4.480,158.00,0.000
2025-08-24T19:45:00,4.490,152.00,0.000
2025-08-24T19:30:00,4.490,149.70,0.000
2025-08-24T19:15:00,4.490,158.40,0.000
2025-08-24T19:00:00,4.500,142.20,0.000
2025-08-24T18:45:00,4.510,155.80,0.000
2025-08-24T18:30:00,4.510,164.60,0.000
2025-08-24T18:15:00,4.520,149.70,0.000
2025-08-24T18:00:00,4.530,150.40,0.000
2025-08-24T17:45:00,4.530,155.90,0.000
2025-08-24T17:30:00,4.550,145.80,0.000
2025-08-24T17:15:00,4.560,150.80,0.000
2025-08-24T17:00:00,4.570,153.10,0.000
2025-08-24T16:45:00,4.570,148.20,0.000
2025-08-24T16:30:00,4.590,152.10,0.000
2025-08-24T16:15:00,4.590,148.30,0.000
2025-08-24T16:00:00,4.600,157.40,0.000
2025-08-24T15:45:00,4.610,138.80,0.000
2025-08-24T15:30:00,4.620,156.80,0.000
2025-08-24T15:15:00,4.630,150.10,0.000
2025-08-24T15:00:00,4.650,142.70,0.000
2025-08-24T14:45:00,4.660,156.60,0.000
2025-08-24T14:30:00,4.670,155.00,0.000
2025-08-24T14:15:00,4.680,154.70,0.000
2025-08-24T14:00:00,4.690,159.70,0.000
2025-08-24T13:45:00,4.700,159.60,0.000
2025-08-24T13:30:00,4.710,164.50,0.000
2025-08-24T13:15:00,4.720,156.30,0.000
2025-08-24T13:00:00,4.730,152.00,0.000
2025-08-24T12:45:00,4.750,157.70,0.000
2025-08-24T12:30:00,4.760,173.60,0.000
2025-08-24T12:15:00,4.780,161.90,0.000
2025-08-24T12:00:00,4.790,159.60,0.000
2025-08-24T11:45:00,4.800,174.90,0.000
2025-08-24T11:30:00,4.810,178.10,0.000
2025-08-24T11:15:00,4.820,145.40,0.000
2025-08-24T11:00:00,4.840,149.80,0.000
2025-08-24T10:45:00,4.850,154.70,0.000
2025-08-24T10:30:00,4.860,153.50,0.000
2025-08-24T10:15:00,4.860,173.80,0.000
2025-08-24T10:00:00,4.870,176.20,0.000
2025-08-24T09:45:00,4.870,162.60,0.000
2025-08-24T09:30:00,4.880,168.80,0.000
2025-08-24T09:15:00,4.880,182.90,0.000
2025-08-24T09:00:00,4.890,167.20,0.000
2025-08-24T08:45:00,4.880,164.90,0.000
2025-08-24T08:30:00,4.880,182.80,0.000
2025-08-24T08:15:00,4.890,168.20,0.000
2025-08-24T08:00:00,4.890,181.30,0.000
2025-08-24T07:45:00,4.880,186.60,0.000
2025-08-24T07:30:00,4.880,178.10,0.000
2025-08-24T07:15:00,4.880,184.80,0.000
2025-08-24T07:00:00,4.880,185.80,0.000
2025-08-24T06:45:00,4.880,188.10,0.000
2025-08-24T06:30:00,4.880,186.30,0.000
2025-08-24T06:15:00,4.900,177.70,0.000
2025-08-24T06:00:00,4.890,165.60,0.000
2025-08-24T05:45:00,4.880,170.50,0.000
2025-08-24T05:30:00,4.850,168.30,0.000
2025-08-24T05:15:00,4.830,169.80,0.000
2025-08-24T05:00:00,4.790,165.40,0.000
2025-08-24T04:45:00,4.770,167.20,0.000
2025-08-24T04:30:00,4.740,164.80,0.000
2025-08-24T04:15:00,4.710,166.30,0.000
2025-08-24T04:00:00,4.680,163.80,0.000
2025-08-24T03:45:00,4.660,166.50,0.000
2025-08-24T03:30:00,4.630,160.60,0.000
2025-08-24T03:15:00,4.610,158.80,0.000
2025-08-24T03:00:00,4.590,156.50,0.000
2025-08-24T02:45:00,4.570,151.00,0.000
2025-08-24T02:30:00,4.560,145.10,0.000
2025-08-24T02:15:00,4.540,153.20,0.000
2025-08-24T02:00:00,4.520,149.40,0.000
2025-08-24T01:45:00,4.510,155.10,0.000
2025-08-24T01:30:00,4.500,148.90,0.000
2025-08-24T01:15:00,4.480,149.70,0.000
2025-08-24T01:00:00,4.470,155.50,0.000
2025-08-24T00:45:00,4.460,148.30,0.000
2025-08-24T00:30:00,4.440,147.90,0.000
2025-08-24T00:15:00,4.430,149.20,0.000
2025-08-24T00:00:00,4.420,139.10,0.000
2025-09-06T23:45:00,4.310,144.20,1.500
2025-09-06T23:30:00,4.310,147.70,1.000
2025-09-06T23:15:00,4.320,144.10,1.000
2025-09-06T23:00:00,4.320,149.30,1.000
2025-09-06T22:45:00,4.320,151.90,1.000
2025-09-06T22:30:00,4.320,151.10,1.500
2025-09-06T22:15:00,4.320,153.90,1.500
2025-09-06T22:00:00,4.310,155.70,1.000
2025-09-06T21:45:00,4.310,142.40,1.000
2025-09-06T21:30:00,4.310,155.30,0.500
2025-09-06T21:15:00,4.300,152.20,1.000
2025-09-06T21:00:00,4.300,145.40,0.000
2025-09-06T20:45:00,4.290,133.80,0.000
2025-09-06T20:30:00,4.290,148.60,0.500
2025-09-06T20:15:00,4.290,148.40,1.000
2025-09-06T20:00:00,4.280,144.10,0.500
2025-09-06T19:45:00,4.270,123.90,0.000
2025-09-06T19:30:00,4.270,125.20,0.000
2025-09-06T19:15:00,4.280,132.10,0.000
2025-09-06T19:00:00,4.270,128.70,0.000
2025-09-06T18:45:00,4.270,141.70,0.000
2025-09-06T18:30:00,4.270,134.00,0.000
2025-09-06T18:15:00,4.270,131.60,0.000
2025-09-06T18:00:00,4.270,126.40,0.000
2025-09-06T17:45:00,4.270,129.70,0.000
2025-09-06T17:30:00,4.270,130.00,0.000
2025-09-06T17:15:00,4.270,131.80,0.000
2025-09-06T17:00:00,4.270,140.30,0.000
2025-09-06T16:45:00,4.270,134.70,0.000
2025-09-06T16:30:00,4.270,129.00,0.000
2025-09-06T16:15:00,4.270,133.30,0.000
2025-09-06T16:00:00,4.280,128.70,0.000
2025-09-06T15:45:00,4.280,136.60,0.000
2025-09-06T15:30:00,4.280,127.90,0.000
2025-09-06T15:15:00,4.280,131.50,0.000
2025-09-06T15:00:00,4.280,136.00,0.000
2025-09-06T14:45:00,4.280,139.20,0.000
2025-09-06T14:30:00,4.280,139.30,0.000
2025-09-06T14:15:00,4.280,132.00,0.000
2025-09-06T14:00:00,4.290,129.80,0.000
2025-09-06T13:45:00,4.290,137.90,0.000
2025-09-06T13:30:00,4.290,134.40,0.000
2025-09-06T13:15:00,4.290,141.20,0.000
2025-09-06T13:00:00,4.290,135.00,0.000
2025-09-06T12:45:00,4.290,139.00,0.000
2025-09-06T12:30:00,4.290,125.60,0.000
2025-09-06T12:15:00,4.290,126.70,0.000
2025-09-06T12:00:00,4.290,128.60,0.000
2025-09-06T11:45:00,4.290,135.20,0.000
2025-09-06T11:30:00,4.290,130.50,0.000
2025-09-06T11:15:00,4.290,127.90,0.000
2025-09-06T11:00:00,4.290,128.20,0.000
2025-09-06T10:45:00,4.290,128.30,0.000
2025-09-06T10:30:00,4.300,136.30,0.000
2025-09-06T10:15:00,4.290,126.50,0.000
2025-09-06T10:00:00,4.290,125.60,0.000
2025-09-06T09:45:00,4.290,138.10,0.000
2025-09-06T09:30:00,4.290,133.80,0.000
2025-09-06T09:15:00,4.300,131.80,0.000
2025-09-06T09:00:00,4.300,135.20,0.000
2025-09-06T08:45:00,4.300,133.80,0.000
2025-09-06T08:30:00,4.310,143.30,0.000
2025-09-06T08:15:00,4.310,134.30,0.000
2025-09-06T08:00:00,4.310,135.50,0.000
2025-09-06T07:45:00,4.310,137.60,0.000
2025-09-06T07:30:00,4.320,139.60,0.000
2025-09-06T07:15:00,4.320,135.90,0.000
2025-09-06T07:00:00,4.330,131.30,0.000
2025-09-06T06:45:00,4.330,138.40,0.000
2025-09-06T06:30:00,4.330,137.20,0.000
2025-09-06T06:15:00,4.340,141.30,0.000
2025-09-06T06:00:00,4.340,133.90,0.000
2025-09-06T05:45:00,4.340,137.20,0.000
2025-09-06T05:30:00,4.340,138.00,0.000
2025-09-06T05:15:00,4.350,136.60,0.000
2025-09-06T05:00:00,4.350,137.90,0.000
2025-09-06T04:45:00,4.360,141.40,0.000
2025-09-06T04:30:00,4.360,145.00,0.000
2025-09-06T04:15:00,4.360,143.90,0.000
2025-09-06T04:00:00,4.360,144.60,0.000
2025-09-06T03:45:00,4.370,144.70,0.000
2025-09-06T03:30:00,4.370,144.80,0.000
2025-09-06T03:15:00,4.370,144.30,0.000
2025-09-06T03:00:00,4.380,145.50,0.000
2025-09-06T02:45:00,4.380,145.60,0.000
2025-09-06T02:30:00,4.380,151.00,0.000
2025-09-06T02:15:00,4.390,154.90,0.500
2025-09-06T02:00:00,4.380,144.10,0.000
2025-09-06T01:45:00,4.380,131.30,0.000
2025-09-06T01:30:00,4.390,148.30,0.000
2025-09-06T01:15:00,4.390,145.40,0.000
2025-09-06T01:00:00,4.390,150.30,0.000
2025-09-06T00:45:00,4.400,145.60,0.000
2025-09-06T00:30:00,4.400,148.00,0.000
2025-09-06T00:15:00,4.400,143.80,0.000
2025-09-06T00:00:00,4.400,148.70,0.500
2025-09-05T23:45:00,4.410,149.10,0.000
2025-09-05T23:30:00,4.410,141.40,0.000
2025-09-05T23:15:00,4.410,152.20,0.000
2025-09-05T23:00:00,4.410,149.90,0.500
2025-09-05T22:45:00,4.420,149.80,2.500
2025-09-05T22:30:00,4.420,147.40,0.000
2025-09-05T22:15:00,4.420,132.70,0.000
2025-09-05T22:00:00,4.420,148.10,0.000
2025-09-05T21:45:00,4.430,144.10,0.000
2025-09-05T21:30:00,4.430,148.70,0.000
2025-09-05T21:15:00,4.440,149.80,0.000
2025-09-05T21:00:00,4.440,151.90,0.000
2025-09-05T20:45:00,4.440,144.10,0.000
2025-09-05T20:30:00,4.450,150.70,0.000
2025-09-05T20:15:00,4.450,146.50,0.000
2025-09-05T20:00:00,4.460,144.20,0.000
2025-09-05T19:45:00,4.460,154.30,0.000
2025-09-05T19:30:00,4.470,146.10,0.000
2025-09-05T19:15:00,4.470,149.90,0.000
2025-09-05T19:00:00,4.480,145.80,0.000
2025-09-05T18:45:00,4.480,153.00,0.000
2025-09-05T18:30:00,4.490,145.00,0.000
2025-09-05T18:15:00,4.490,149.00,0.000
2025-09-05T18:00:00,4.500,154.20,0.000
2025-09-05T17:45:00,4.500,157.20,0.000
2025-09-05T17:30:00,4.520,149.60,0.000
2025-09-05T17:15:00,4.520,156.10,0.000
2025-09-05T17:00:00,4.520,157.40,0.000
2025-09-05T16:45:00,4.530,156.50,0.000
2025-09-05T16:30:00,4.540,153.90,0.000
2025-09-05T16:15:00,4.540,156.90,0.000
2025-09-05T16:00:00,4.550,155.40,0.000
2025-09-05T15:45:00,4.550,155.30,0.000
2025-09-05T15:30:00,4.550,160.50,0.000
2025-09-05T15:15:00,4.560,155.60,0.000
2025-09-05T15:00:00,4.560,156.20,0.000
2025-09-05T14:45:00,4.570,146.80,0.000
2025-09-05T14:30:00,4.570,153.30,0.000
2025-09-05T14:15:00,4.570,141.40,0.000
2025-09-05T14:00:00,4.580,147.00,0.000
2025-09-05T13:45:00,4.580,150.50,0.000
2025-09-05T13:30:00,4.590,155.70,0.000
2025-09-05T13:15:00,4.590,153.20,0.000
2025-09-05T13:00:00,4.590,154.00,0.000
2025-09-05T12:45:00,4.600,143.30,0.000
2025-09-05T12:30:00,4.600,148.00,0.000
2025-09-05T12:15:00,4.600,153.80,0.000
2025-09-05T12:00:00,4.610,157.90,0.000
2025-09-05T11:45:00,4.610,146.40,0.000
2025-09-05T11:30:00,4.620,140.90,0.000
2025-09-05T11:15:00,4.620,155.50,0.000
2025-09-05T11:00:00,4.620,144.90,0.000
2025-09-05T10:45:00,4.630,148.30,0.000
2025-09-05T10:30:00,4.640,141.70,0.000
2025-09-05T10:15:00,4.650,160.20,0.000
2025-09-05T10:00:00,4.650,148.30,0.000
2025-09-05T09:45:00,4.650,152.90,0.000
2025-09-05T09:30:00,4.650,153.00,0.000
2025-09-05T09:15:00,4.650,147.60,0.000
2025-09-05T09:00:00,4.660,143.50,0.000
2025-09-05T08:45:00,4.650,140.80,0.000
2025-09-05T08:30:00,4.640,145.60,0.000
2025-09-05T08:15:00,4.630,147.70,0.000
2025-09-05T08:00:00,4.620,147.80,0.000
2025-09-05T07:45:00,4.600,144.00,0.000
2025-09-05T07:30:00,4.590,143.60,0.000
2025-09-05T07:15:00,4.570,139.30,0.000
2025-09-05T07:00:00,4.550,137.10,0.000
2025-09-05T06:45:00,4.540,135.70,0.000
2025-09-05T06:30:00,4.520,142.20,0.000
2025-09-05T06:15:00,4.510,151.10,0.000
2025-09-05T06:00:00,4.490,152.60,0.000
2025-09-05T05:45:00,4.470,153.80,0.500
2025-09-05T05:30:00,4.450,149.40,0.000
2025-09-05T05:15:00,4.440,150.60,0.500
2025-09-05T05:00:00,4.420,142.10,0.500
2025-09-05T04:45:00,4.410,148.60,1.000
2025-09-05T04:30:00,4.390,149.90,1.000
2025-09-05T04:15:00,4.380,138.80,0.500
2025-09-05T04:00:00,4.360,146.50,1.000
2025-09-05T03:45:00,4.350,137.50,1.000
2025-09-05T03:30:00,4.340,136.20,2.000
2025-09-05T03:15:00,4.320,140.00,1.000
2025-09-05T03:00:00,4.310,137.10,1.000
2025-09-05T02:45:00,4.300,135.60,1.000
2025-09-05T02:30:00,4.280,131.30,1.000
2025-09-05T02:15:00,4.270,132.30,3.000
2025-09-05T02:00:00,4.250,124.30,5.500
2025-09-05T01:45:00,4.230,114.40,17.500
2025-09-05T01:30:00,4.190,0.00,14.000
2025-09-05T01:15:00,4.180,124.50,0.500
2025-09-05T01:00:00,4.180,124.50,0.000
2025-09-05T00:45:00,4.170,120.30,0.000
2025-09-05T00:30:00,4.170,124.20,0.000
2025-09-05T00:15:00,4.170,110.80,0.000
2025-09-05T00:00:00,4.170,104.50,0.000
2025-09-04T23:45:00,4.170,112.10,0.000
2025-09-04T23:30:00,4.170,112.50,0.000
2025-09-04T23:15:00,4.170,114.10,0.000
2025-09-04T23:00:00,4.170,111.20,0.000
2025-09-04T22:45:00,4.170,108.40,0.000
2025-09-04T22:30:00,4.170,107.00,0.000
2025-09-04T22:15:00,4.170,107.50,0.000
2025-09-04T22:00:00,4.170,108.00,0.000
2025-09-04T21:45:00,4.170,105.70,0.000
2025-09-04T21:30:00,4.170,107.50,0.000
2025-09-04T21:15:00,4.170,107.60,0.000
2025-09-04T21:00:00,4.170,105.60,0.000
2025-09-04T20:45:00,4.170,101.30,0.000
2025-09-04T20:30:00,4.180,106.50,0.000
2025-09-04T20:15:00,4.180,107.30,0.000
2025-09-04T20:00:00,4.180,110.00,0.000
2025-09-04T19:45:00,4.180,109.40,0.000
2025-09-04T19:30:00,4.180,106.50,0.000
2025-09-04T19:15:00,4.190,113.90,0.000
2025-09-04T19:00:00,4.190,111.70,0.000
2025-09-04T18:45:00,4.190,115.70,0.000
2025-09-04T18:30:00,4.200,109.20,0.000
2025-09-04T18:15:00,4.200,113.30,0.000
2025-09-04T18:00:00,4.200,109.60,0.000
2025-09-04T17:45:00,4.200,113.80,0.000
2025-09-04T17:30:00,4.210,107.60,0.000
2025-09-04T17:15:00,4.210,105.50,0.000
2025-09-04T17:00:00,4.210,113.50,0.000
2025-09-04T16:45:00,4.210,111.80,0.000
2025-09-04T16:30:00,4.210,113.40,0.000
2025-09-04T16:15:00,4.210,113.90,0.000
2025-09-04T16:00:00,4.220,105.00,0.000
2025-09-04T15:45:00,4.220,112.60,0.000
2025-09-04T15:30:00,4.220,116.40,0.000
2025-09-04T15:15:00,4.230,119.30,0.000
2025-09-04T15:00:00,4.230,113.80,0.000
2025-09-04T14:45:00,4.230,108.80,0.000
2025-09-04T14:30:00,4.240,113.10,0.000
2025-09-04T14:15:00,4.240,115.50,0.000
2025-09-04T14:00:00,4.240,118.30,0.000
2025-09-04T13:45:00,4.250,113.80,0.000
2025-09-04T13:30:00,4.250,125.60,0.000
2025-09-04T13:15:00,4.260,118.90,0.000
2025-09-04T13:00:00,4.260,112.00,0.000
2025-09-04T12:45:00,4.260,105.30,0.000
2025-09-04T12:30:00,4.270,111.00,0.000
2025-09-04T12:15:00,4.270,120.10,0.000
2025-09-04T12:00:00,4.270,122.10,0.000
2025-09-04T11:45:00,4.280,118.90,0.000
2025-09-04T11:30:00,4.280,122.10,0.000
2025-09-04T11:15:00,4.280,121.80,0.000
2025-09-04T11:00:00,4.290,123.30,0.000
2025-09-04T10:45:00,4.290,112.40,0.000
2025-09-04T10:30:00,4.300,115.00,0.000
2025-09-04T10:15:00,4.300,117.80,0.000
2025-09-04T10:00:00,4.310,112.40,0.000
2025-09-04T09:45:00,4.310,106.70,0.000
2025-09-04T09:30:00,4.320,108.70,0.000
2025-09-04T09:15:00,4.310,116.20,0.000
2025-09-04T09:00:00,4.310,114.20,0.000
2025-09-04T08:45:00,4.320,116.90,0.000
2025-09-04T08:30:00,4.320,127.60,0.000
2025-09-04T08:15:00,4.320,116.00,0.000
2025-09-04T08:00:00,4.330,118.10,0.000
2025-09-04T07:45:00,4.330,118.20,0.000
2025-09-04T07:30:00,4.340,117.40,0.000
2025-09-04T07:15:00,4.340,122.80,0.000
2025-09-04T07:00:00,4.340,126.30,0.000
2025-09-04T06:45:00,4.340,120.70,0.000
2025-09-04T06:30:00,4.340,129.20,0.500
2025-09-04T06:15:00,4.340,132.60,0.000
2025-09-04T06:00:00,4.340,126.40,0.000
2025-09-04T05:45:00,4.340,127.40,0.000
2025-09-04T05:30:00,4.340,113.60,0.000
2025-09-04T05:15:00,4.350,128.00,0.000
2025-09-04T05:00:00,4.340,131.80,0.000
2025-09-04T04:45:00,4.340,128.60,0.000
2025-09-04T04:30:00,4.350,132.90,0.000
2025-09-04T04:15:00,4.350,123.30,0.000
2025-09-04T04:00:00,4.340,122.30,0.000
2025-09-04T03:45:00,4.340,119.40,0.500
2025-09-04T03:30:00,4.340,128.30,1.000
2025-09-04T03:15:00,4.340,134.90,2.000
2025-09-04T03:00:00,4.330,130.40,2.500
2025-09-04T02:45:00,4.320,117.40,0.000
2025-09-04T02:30:00,4.320,130.40,1.000
2025-09-04T02:15:00,4.310,127.60,6.000
2025-09-04T02:00:00,4.300,123.60,5.500
2025-09-04T01:45:00,4.290,122.40,5.000
2025-09-04T01:30:00,4.280,123.90,10.500
2025-09-04T01:15:00,4.270,129.50,17.500
2025-09-04T01:00:00,4.240,0.00,15.500
2025-09-04T00:45:00,4.220,127.20,5.500
2025-09-04T00:30:00,4.210,121.30,0.000
2025-09-04T00:15:00,4.220,116.60,0.500
2025-09-04T00:00:00,4.220,121.30,0.000
2025-09-03T23:45:00,4.220,120.40,0.000
2025-09-03T23:30:00,4.230,120.80,0.000
2025-09-03T23:15:00,4.230,127.90,0.000
2025-09-03T23:00:00,4.230,117.90,0.000
2025-09-03T22:45:00,4.230,123.70,0.000
2025-09-03T22:30:00,4.230,125.30,0.000
2025-09-03T22:15:00,4.240,122.10,0.500
2025-09-03T22:00:00,4.240,122.50,0.000
2025-09-03T21:45:00,4.240,121.20,0.000
2025-09-03T21:30:00,4.250,128.70,0.000
2025-09-03T21:15:00,4.250,132.10,0.500
2025-09-03T21:00:00,4.250,137.10,0.000
2025-09-03T20:45:00,4.250,135.60,0.000
2025-09-03T20:30:00,4.250,128.50,0.000
2025-09-03T20:15:00,4.260,134.00,0.000
2025-09-03T20:00:00,4.260,128.70,0.000
2025-09-03T19:45:00,4.260,129.00,0.000
2025-09-03T19:30:00,4.260,122.80,0.000
2025-09-03T19:15:00,4.260,129.00,0.000
2025-09-03T19:00:00,4.260,133.50,0.000
2025-09-03T18:45:00,4.260,126.80,0.000
2025-09-03T18:30:00,4.270,129.10,0.000
2025-09-03T18:15:00,4.260,129.60,0.000
2025-09-03T18:00:00,4.270,131.00,0.000
2025-09-03T17:45:00,4.270,140.10,0.000
2025-09-03T17:30:00,4.270,138.50,0.000
2025-09-03T17:15:00,4.270,133.50,0.000
2025-09-03T17:00:00,4.280,139.40,0.000
2025-09-03T16:45:00,4.280,137.20,0.000
2025-09-03T16:30:00,4.280,136.40,0.000
2025-09-03T16:15:00,4.290,142.30,0.000
2025-09-03T16:00:00,4.290,145.40,0.000
2025-09-03T15:45:00,4.290,144.80,0.000
2025-09-03T15:30:00,4.290,135.80,0.000
2025-09-03T15:15:00,4.290,148.60,0.000
2025-09-03T15:00:00,4.300,138.30,0.000
2025-09-03T14:45:00,4.300,142.70,0.000
2025-09-03T14:30:00,4.300,150.60,0.000
2025-09-03T14:15:00,4.300,154.30,0.000
2025-09-03T14:00:00,4.300,131.40,0.000
2025-09-03T13:45:00,4.310,143.10,0.000
2025-09-03T13:30:00,4.300,143.00,0.000
2025-09-03T13:15:00,4.310,142.00,0.000
2025-09-03T13:00:00,4.310,138.40,0.000
2025-09-03T12:45:00,4.310,140.40,0.000
2025-09-03T12:30:00,4.310,145.40,0.000
2025-09-03T12:15:00,4.310,143.40,0.000
2025-09-03T12:00:00,4.310,142.00,0.000
2025-09-03T11:45:00,4.310,149.40,0.000
2025-09-03T11:30:00,4.310,152.40,0.000
2025-09-03T11:15:00,4.310,146.40,0.000
2025-09-03T11:00:00,4.310,127.60,0.000
2025-09-03T10:45:00,4.300,147.80,0.000
2025-09-03T10:30:00,4.310,141.70,0.000
2025-09-03T10:15:00,4.300,136.50,0.000
2025-09-03T10:00:00,4.300,130.30,0.000
2025-09-03T09:45:00,4.300,140.20,0.000
2025-09-03T09:30:00,4.300,149.50,0.000
2025-09-03T09:15:00,4.290,147.00,0.000
2025-09-03T09:00:00,4.290,150.00,0.000
2025-09-03T08:45:00,4.280,142.60,0.000
2025-09-03T08:30:00,4.280,143.50,0.000
2025-09-03T08:15:00,4.270,148.20,0.000
2025-09-03T08:00:00,4.270,141.30,0.000
2025-09-03T07:45:00,4.260,144.60,0.000
2025-09-03T07:30:00,4.260,149.00,0.000
2025-09-03T07:15:00,4.250,137.10,0.000
2025-09-03T07:00:00,4.240,138.60,0.000
2025-09-03T06:45:00,4.240,138.70,0.000
2025-09-03T06:30:00,4.230,128.10,0.000
2025-09-03T06:15:00,4.220,138.00,0.000
2025-09-03T06:00:00,4.220,129.10,0.000
2025-09-03T05:45:00,4.210,129.60,0.000
2025-09-03T05:30:00,4.210,141.40,0.000
2025-09-03T05:15:00,4.200,133.90,0.500
2025-09-03T05:00:00,4.200,151.30,0.500
2025-09-03T04:45:00,4.200,149.40,0.500
2025-09-03T04:30:00,4.200,149.50,1.000
2025-09-03T04:15:00,4.200,150.70,0.500
2025-09-03T04:00:00,4.210,141.50,0.000
2025-09-03T03:45:00,4.210,135.80,0.000
2025-09-03T03:30:00,4.210,132.70,0.500
2025-09-03T03:15:00,4.210,140.80,0.000
2025-09-03T03:00:00,4.210,145.10,1.000
2025-09-03T02:45:00,4.220,145.70,1.500
2025-09-03T02:30:00,4.220,145.10,0.000
2025-09-03T02:15:00,4.230,136.80,0.000
2025-09-03T02:00:00,4.230,127.50,0.000
2025-09-03T01:45:00,4.240,140.40,0.000
2025-09-03T01:30:00,4.240,132.60,0.000
2025-09-03T01:15:00,4.250,141.20,0.000
2025-09-03T01:00:00,4.260,139.70,0.000
2025-09-03T00:45:00,4.270,139.80,0.000
2025-09-03T00:30:00,4.280,141.20,0.000
2025-09-03T00:15:00,4.290,140.80,0.000
2025-09-03T00:00:00,4.290,146.20,0.000
2025-09-02T23:45:00,4.300,146.30,0.000
2025-09-02T23:30:00,4.310,147.80,0.000
2025-09-02T23:15:00,4.320,150.90,0.000
2025-09-02T23:00:00,4.330,150.20,0.000
2025-09-02T22:45:00,4.330,149.40,0.000
2025-09-02T22:30:00,4.340,150.80,0.000
2025-09-02T22:15:00,4.350,153.40,0.000
2025-09-02T22:00:00,4.360,152.90,0.000
2025-09-02T21:45:00,4.370,156.10,0.000
2025-09-02T21:30:00,4.380,152.10,0.000
2025-09-02T21:15:00,4.390,150.30,0.000
2025-09-02T21:00:00,4.400,148.10,0.000
2025-09-02T20:45:00,4.410,154.50,0.000
2025-09-02T20:30:00,4.430,156.30,0.000
2025-09-02T20:15:00,4.430,148.30,0.000
2025-09-02T20:00:00,4.450,155.00,0.000
2025-09-02T19:45:00,4.450,158.80,0.000
2025-09-02T19:30:00,4.470,149.40,0.000
2025-09-02T19:15:00,4.480,157.80,0.000
2025-09-02T19:00:00,4.490,164.90,0.000
2025-09-02T18:45:00,4.500,152.50,0.000
2025-09-02T18:30:00,4.510,153.90,0.000
2025-09-02T18:15:00,4.530,157.30,0.000
2025-09-02T18:00:00,4.530,154.00,0.000
2025-09-02T17:45:00,4.550,152.10,0.000
2025-09-02T17:30:00,4.550,151.10,0.000
2025-09-02T17:15:00,4.560,139.20,0.000
2025-09-02T17:00:00,4.580,156.30,0.000
2025-09-02T16:45:00,4.590,161.40,0.000
2025-09-02T16:30:00,4.600,170.80,0.000
2025-09-02T16:15:00,4.620,156.30,0.000
2025-09-02T16:00:00,4.640,161.40,0.000
2025-09-02T15:45:00,4.660,150.70,0.000
2025-09-02T15:30:00,4.660,160.40,0.000
2025-09-02T15:15:00,4.670,161.30,0.000
2025-09-02T15:00:00,4.690,156.70,0.000
2025-09-02T14:45:00,4.690,147.90,0.000
2025-09-02T14:30:00,4.690,136.40,0.000
2025-09-02T14:15:00,4.690,154.60,0.000
2025-09-02T14:00:00,4.690,154.80,0.000
2025-09-02T13:45:00,4.690,147.10,0.000
2025-09-02T13:30:00,4.690,140.60,0.000
2025-09-02T13:15:00,4.690,143.20,0.000
2025-09-02T13:00:00,4.680,133.60,0.000
2025-09-02T12:45:00,4.680,141.20,0.000
2025-09-02T12:30:00,4.680,153.80,0.000
2025-09-02T12:15:00,4.680,151.10,0.000
2025-09-02T12:00:00,4.680,155.30,0.000
2025-09-02T11:45:00,4.660,149.30,0.000
2025-09-02T11:30:00,4.660,129.00,0.000
2025-09-02T11:15:00,4.660,153.80,0.000
2025-09-02T11:00:00,4.650,144.80,0.000
2025-09-02T10:45:00,4.640,145.20,0.000
2025-09-02T10:30:00,4.640,146.10,0.000
2025-09-02T10:15:00,4.630,142.00,0.000
2025-09-02T10:00:00,4.620,159.90,0.000
2025-09-02T09:45:00,4.620,145.30,0.000
2025-09-02T09:30:00,4.620,144.70,0.000
2025-09-02T09:15:00,4.630,143.20,0.000
2025-09-02T09:00:00,4.630,136.70,0.000
2025-09-02T08:45:00,4.600,133.00,0.000
2025-09-02T08:30:00,4.560,130.70,0.000
2025-09-02T08:15:00,4.530,139.50,0.000
2025-09-02T08:00:00,4.490,132.10,0.000
2025-09-02T07:45:00,4.460,132.90,0.000
2025-09-02T07:30:00,4.420,129.50,0.000
2025-09-02T07:15:00,4.390,118.10,0.000
2025-09-02T07:00:00,4.350,132.30,0.500
2025-09-02T06:45:00,4.310,129.80,0.000
2025-09-02T06:30:00,4.280,126.30,0.000
2025-09-02T06:15:00,4.250,114.80,0.000
2025-09-02T06:00:00,4.220,108.10,0.000
2025-09-02T05:45:00,4.190,101.60,0.000
2025-09-02T05:30:00,4.170,98.40,0.000
2025-09-02T05:15:00,4.150,97.30,0.000
2025-09-02T05:00:00,4.140,95.30,0.000
2025-09-02T04:45:00,4.130,101.00,1.000
2025-09-02T04:30:00,4.130,105.60,0.500
2025-09-02T04:15:00,4.120,100.40,0.000
2025-09-02T04:00:00,4.110,98.40,1.000
2025-09-02T03:45:00,4.100,98.80,0.500
2025-09-02T03:30:00,4.090,97.50,1.000
2025-09-02T03:15:00,4.090,98.50,1.000
2025-09-02T03:00:00,4.080,96.40,0.500
2025-09-02T02:45:00,4.070,98.20,0.500
2025-09-02T02:30:00,4.060,93.00,1.500
2025-09-02T02:15:00,4.060,90.10,8.500
2025-09-02T02:00:00,4.050,385.10,8.500
2025-09-02T01:45:00,4.020,92.70,2.000
2025-09-02T01:30:00,4.020,94.30,12.000
2025-09-02T01:15:00,4.000,86.20,8.500
2025-09-02T01:00:00,3.990,80.00,4.500
2025-09-02T00:45:00,3.990,65.50,0.000
2025-09-02T00:30:00,3.990,74.10,0.000
2025-09-02T00:15:00,3.990,61.40,0.000
2025-09-02T00:00:00,3.990,72.90,0.000
2025-09-01T23:45:00,3.990,66.80,0.000
2025-09-01T23:30:00,3.990,64.60,0.000
2025-09-01T23:15:00,3.990,69.70,0.000
2025-09-01T23:00:00,3.990,68.50,0.000
2025-09-01T22:45:00,3.990,70.20,0.000
2025-09-01T22:30:00,4.000,67.20,0.000
2025-09-01T22:15:00,4.000,65.90,0.000
2025-09-01T22:00:00,4.000,65.00,0.000
2025-09-01T21:45:00,4.000,68.60,0.000
2025-09-01T21:30:00,4.000,68.20,0.000
2025-09-01T21:15:00,4.000,64.40,0.000
2025-09-01T21:00:00,4.000,67.70,0.000
2025-09-01T20:45:00,4.010,66.30,0.000
2025-09-01T20:30:00,4.010,69.40,0.000
2025-09-01T20:15:00,4.010,66.10,0.000
2025-09-01T20:00:00,4.010,70.20,0.000
2025-09-01T19:45:00,4.010,67.90,0.000
2025-09-01T19:30:00,4.020,71.40,0.000
2025-09-01T19:15:00,4.020,66.50,0.000
2025-09-01T19:00:00,4.020,75.00,0.000
2025-09-01T18:45:00,4.020,72.70,0.000
2025-09-01T18:30:00,4.020,75.90,0.000
2025-09-01T18:15:00,4.020,76.50,0.000
2025-09-01T18:00:00,4.020,74.70,0.000
2025-09-01T17:45:00,4.020,75.40,0.000
2025-09-01T17:30:00,4.020,75.10,0.000
2025-09-01T17:15:00,4.020,72.30,0.000
2025-09-01T17:00:00,4.020,77.20,0.000
2025-09-01T16:45:00,4.010,74.50,0.000
2025-09-01T16:30:00,4.010,76.30,0.000
2025-09-01T16:15:00,4.020,66.30,0.000
2025-09-01T16:00:00,4.020,74.60,0.000
2025-09-01T15:45:00,4.020,75.00,0.000
2025-09-01T15:30:00,4.020,69.50,0.000
2025-09-01T15:15:00,4.010,71.30,0.000
2025-09-01T15:00:00,4.020,71.00,0.000
2025-09-01T14:45:00,4.010,74.40,0.000
2025-09-01T14:30:00,4.020,73.60,0.000
2025-09-01T14:15:00,4.010,71.90,0.000
2025-09-01T14:00:00,4.010,71.80,0.000
2025-09-01T13:45:00,4.010,71.20,0.000
2025-09-01T13:30:00,4.010,70.40,0.000
2025-09-01T13:15:00,4.010,75.10,0.000
2025-09-01T13:00:00,4.010,70.20,0.000
2025-09-01T12:45:00,4.010,72.80,0.000
2025-09-01T12:30:00,4.000,60.00,0.000
2025-09-01T12:15:00,4.000,65.90,0.000
2025-09-01T12:00:00,4.010,70.70,0.000
2025-09-01T11:45:00,4.000,64.90,0.000
2025-09-01T11:30:00,4.000,74.50,0.000
2025-09-01T11:15:00,4.000,65.10,0.000
2025-09-01T11:00:00,3.990,70.60,0.000
2025-09-01T10:45:00,3.990,79.00,0.000
2025-09-01T10:30:00,3.990,74.30,0.000
2025-09-01T10:15:00,3.990,70.50,0.000
2025-09-01T10:00:00,3.990,71.60,0.000
2025-09-01T09:45:00,3.990,75.80,0.000
2025-09-01T09:30:00,4.000,77.30,0.000
2025-09-01T09:15:00,4.000,77.10,0.000
2025-09-01T09:00:00,4.000,80.00,0.000
2025-09-01T08:45:00,4.000,76.60,0.000
2025-09-01T08:30:00,4.000,78.20,0.000
2025-09-01T08:15:00,4.000,76.90,0.000
2025-09-01T08:00:00,4.000,77.40,0.000
2025-09-01T07:45:00,4.010,79.40,0.000
2025-09-01T07:30:00,4.010,74.00,0.000
2025-09-01T07:15:00,4.000,75.70,0.000
2025-09-01T07:00:00,4.000,73.80,0.000
2025-09-01T06:45:00,4.010,74.20,0.000
2025-09-01T06:30:00,4.000,70.30,0.000
2025-09-01T06:15:00,4.010,78.30,0.000
2025-09-01T06:00:00,4.010,76.40,0.000
2025-09-01T05:45:00,4.010,81.70,0.000
2025-09-01T05:30:00,4.000,75.30,0.000
2025-09-01T05:15:00,4.010,76.80,0.000
2025-09-01T05:00:00,4.000,78.10,0.000
2025-09-01T04:45:00,4.010,79.20,0.000
2025-09-01T04:30:00,4.010,80.20,0.000
2025-09-01T04:15:00,4.010,77.30,0.000
2025-09-01T04:00:00,4.010,80.90,0.000
2025-09-01T03:45:00,4.020,76.70,0.000
2025-09-01T03:30:00,4.020,76.80,0.000
2025-09-01T03:15:00,4.020,78.30,0.000
2025-09-01T03:00:00,4.020,75.90,0.000
2025-09-01T02:45:00,4.020,80.90,0.000
2025-09-01T02:30:00,4.020,81.40,0.000
2025-09-01T02:15:00,4.020,81.00,0.500
2025-09-01T02:00:00,4.030,84.10,0.000
2025-09-01T01:45:00,4.030,80.90,0.000
2025-09-01T01:30:00,4.030,94.20,0.000
2025-09-01T01:15:00,4.030,97.50,0.500
2025-09-01T01:00:00,4.030,98.90,0.000
2025-09-01T00:45:00,4.040,84.60,0.000
2025-09-01T00:30:00,4.040,82.60,0.000
2025-09-01T00:15:00,4.040,78.70,0.000
2025-09-01T00:00:00,4.050,77.60,0.000
2025-08-31T23:45:00,4.050,83.30,0.000
2025-08-31T23:30:00,4.050,83.70,0.000
2025-08-31T23:15:00,4.060,79.40,0.000
2025-08-31T23:00:00,4.060,83.50,0.000
2025-08-31T22:45:00,4.060,83.10,0.000
2025-08-31T22:30:00,4.060,82.30,0.000
2025-08-31T22:15:00,4.070,85.80,0.000
2025-08-31T22:00:00,4.070,81.90,0.000
2025-08-31T21:45:00,4.070,85.00,0.000
2025-08-31T21:30:00,4.070,91.20,0.000
2025-08-31T21:15:00,4.070,90.90,0.000
2025-08-31T21:00:00,4.080,84.80,0.000
2025-08-31T20:45:00,4.080,85.20,0.000
2025-08-31T20:30:00,4.080,88.80,0.000
2025-08-31T20:15:00,4.080,86.30,0.000
2025-08-31T20:00:00,4.080,85.50,0.000
2025-08-31T19:45:00,4.080,88.00,0.000
2025-08-31T19:30:00,4.080,90.10,0.000
2025-08-31T19:15:00,4.080,91.60,0.000
2025-08-31T19:00:00,4.080,88.50,0.000
2025-08-31T18:45:00,4.080,92.00,0.000
2025-08-31T18:30:00,4.080,89.30,0.000
2025-08-31T18:15:00,4.080,90.50,0.000
2025-08-31T18:00:00,4.080,78.80,0.500
2025-08-31T17:45:00,4.080,101.50,0.000
2025-08-31T17:30:00,4.080,86.70,0.000
2025-08-31T17:15:00,4.080,85.50,0.000
2025-08-31T17:00:00,4.080,86.40,0.000
2025-08-31T16:45:00,4.080,83.90,0.000
2025-08-31T16:30:00,4.080,85.80,0.000
2025-08-31T16:15:00,4.080,87.90,0.000
2025-08-31T16:00:00,4.080,81.60,0.000
2025-08-31T15:45:00,4.090,79.70,0.000
2025-08-31T15:30:00,4.090,87.60,0.000
2025-08-31T15:15:00,4.090,85.70,0.000
2025-08-31T15:00:00,4.090,89.50,0.000
2025-08-31T14:45:00,4.090,84.50,0.000
2025-08-31T14:30:00,4.090,78.20,0.000
2025-08-31T14:15:00,4.090,72.30,0.000
2025-08-31T14:00:00,4.090,77.90,0.000
2025-08-31T13:45:00,4.090,84.00,0.000
2025-08-31T13:30:00,4.090,79.50,0.000
2025-08-31T13:15:00,4.090,81.90,0.000
2025-08-31T13:00:00,4.090,85.00,0.000
2025-08-31T12:45:00,4.090,91.70,0.000
2025-08-31T12:30:00,4.090,84.50,0.000
2025-08-31T12:15:00,4.090,89.90,0.000
2025-08-31T12:00:00,4.090,85.30,0.000
2025-08-31T11:45:00,4.090,87.60,0.000
2025-08-31T11:30:00,4.090,84.30,0.000
2025-08-31T11:15:00,4.090,90.90,0.000
2025-08-31T11:00:00,4.100,86.40,0.000
2025-08-31T10:45:00,4.100,89.10,0.000
2025-08-31T10:30:00,4.090,90.30,0.000
2025-08-31T10:15:00,4.090,87.10,0.000
2025-08-31T10:00:00,4.090,89.50,0.000
2025-08-31T09:45:00,4.090,83.70,0.000
2025-08-31T09:30:00,4.090,91.60,0.000
2025-08-31T09:15:00,4.090,88.70,0.000
2025-08-31T09:00:00,4.090,86.00,0.000
2025-08-31T08:45:00,4.090,86.90,0.000
2025-08-31T08:30:00,4.080,91.70,0.000
2025-08-31T08:15:00,4.080,90.60,0.000
2025-08-31T08:00:00,4.080,90.00,0.000
2025-08-31T07:45:00,4.080,86.90,0.000
2025-08-31T07:30:00,4.090,94.00,0.000
2025-08-31T07:15:00,4.090,94.40,0.000
2025-08-31T07:00:00,4.090,90.40,0.000
2025-08-31T06:45:00,4.090,89.90,0.000
2025-08-31T06:30:00,4.090,89.00,0.000
2025-08-31T06:15:00,4.100,86.40,0.000
2025-08-31T06:00:00,4.090,99.00,0.000
2025-08-31T05:45:00,4.100,95.80,0.000
2025-08-31T05:30:00,4.100,86.90,0.000
2025-08-31T05:15:00,4.100,89.80,0.000
2025-08-31T05:00:00,4.100,91.80,0.000
2025-08-31T04:45:00,4.110,89.20,0.000
2025-08-31T04:30:00,4.110,88.90,0.000
2025-08-31T04:15:00,4.110,94.40,0.000
2025-08-31T04:00:00,4.110,94.10,0.000
2025-08-31T03:45:00,4.110,96.10,0.000
2025-08-31T03:30:00,4.110,97.80,0.000
2025-08-31T03:15:00,4.120,90.80,0.000
2025-08-31T03:00:00,4.120,95.30,0.000
2025-08-31T02:45:00,4.120,89.40,0.000
2025-08-31T02:30:00,4.120,93.60,0.000
2025-08-31T02:15:00,4.130,95.50,0.000
2025-08-31T02:00:00,4.130,94.60,0.000
2025-08-31T01:45:00,4.130,95.30,0.000
2025-08-31T01:30:00,4.130,94.80,0.000
2025-08-31T01:15:00,4.130,94.60,0.000
2025-08-31T01:00:00,4.140,95.90,0.000
2025-08-31T00:45:00,4.140,88.60,0.000
2025-08-31T00:30:00,4.140,91.40,0.000
2025-08-31T00:15:00,4.140,95.60,0.000
2025-08-31T00:00:00,4.150,93.00,0.000
2025-09-13T23:45:00,5.030,139.00,0.000
2025-09-13T23:30:00,5.030,137.60,0.000
2025-09-13T23:15:00,5.030,137.30,0.000
2025-09-13T23:00:00,5.030,139.20,0.000
2025-09-13T22:45:00,5.030,135.50,0.000
2025-09-13T22:30:00,5.030,132.00,0.000
2025-09-13T22:15:00,5.030,141.90,0.000
2025-09-13T22:00:00,5.030,141.80,0.000
2025-09-13T21:45:00,5.030,141.60,0.000
2025-09-13T21:30:00,5.030,131.90,0.000
2025-09-13T21:15:00,5.030,131.20,0.000
2025-09-13T21:00:00,5.030,135.40,0.000
2025-09-13T20:45:00,5.020,133.40,0.000
2025-09-13T20:30:00,5.010,134.60,0.000
2025-09-13T20:15:00,5.010,136.40,0.000
2025-09-13T20:00:00,5.000,135.20,0.000
2025-09-13T19:45:00,4.990,129.90,0.000
2025-09-13T19:30:00,4.980,135.80,0.000
2025-09-13T19:15:00,4.980,131.10,0.000
2025-09-13T19:00:00,4.970,137.90,0.000
2025-09-13T18:45:00,4.960,129.20,0.000
2025-09-13T18:30:00,4.940,133.80,0.000
2025-09-13T18:15:00,4.930,133.40,0.000
2025-09-13T18:00:00,4.910,140.70,0.000
2025-09-13T17:45:00,4.910,133.50,0.000
2025-09-13T17:30:00,4.890,133.40,0.000
2025-09-13T17:15:00,4.880,130.60,0.000
2025-09-13T17:00:00,4.870,130.70,0.000
2025-09-13T16:45:00,4.860,138.00,0.000
2025-09-13T16:30:00,4.850,121.70,0.000
2025-09-13T16:15:00,4.840,128.70,0.000
2025-09-13T16:00:00,4.830,134.50,0.000
2025-09-13T15:45:00,4.820,132.00,0.000
2025-09-13T15:30:00,4.800,140.00,0.000
2025-09-13T15:15:00,4.800,134.80,0.000
2025-09-13T15:00:00,4.780,153.60,0.000
2025-09-13T14:45:00,4.780,150.10,0.000
2025-09-13T14:30:00,4.770,148.40,0.000
2025-09-13T14:15:00,4.770,145.70,0.000
2025-09-13T14:00:00,4.760,140.80,0.000
2025-09-13T13:45:00,4.760,130.90,0.000
2025-09-13T13:30:00,4.750,129.30,0.000
2025-09-13T13:15:00,4.750,120.60,0.000
2025-09-13T13:00:00,4.740,122.20,0.000
2025-09-13T12:45:00,4.730,123.50,0.000
2025-09-13T12:30:00,4.740,119.80,0.000
2025-09-13T12:15:00,4.720,121.90,0.000
2025-09-13T12:00:00,4.720,119.80,0.000
2025-09-13T11:45:00,4.710,131.50,0.000
2025-09-13T11:30:00,4.710,103.30,0.000
2025-09-13T11:15:00,4.700,127.00,0.000
2025-09-13T11:00:00,4.700,134.70,0.000
2025-09-13T10:45:00,4.690,127.80,0.000
2025-09-13T10:30:00,4.690,124.40,0.000
2025-09-13T10:15:00,4.680,129.90,0.000
2025-09-13T10:00:00,4.680,129.50,0.000
2025-09-13T09:45:00,4.670,118.30,0.000
2025-09-13T09:30:00,4.670,136.70,0.000
2025-09-13T09:15:00,4.670,130.70,0.000
2025-09-13T09:00:00,4.670,135.80,0.000
2025-09-13T08:45:00,4.670,125.20,0.000
2025-09-13T08:30:00,4.670,132.40,0.000
2025-09-13T08:15:00,4.680,131.60,0.000
2025-09-13T08:00:00,4.680,131.70,0.000
2025-09-13T07:45:00,4.690,128.40,0.000
2025-09-13T07:30:00,4.690,125.20,0.000
2025-09-13T07:15:00,4.700,132.00,0.000
2025-09-13T07:00:00,4.700,131.20,0.000
2025-09-13T06:45:00,4.700,129.20,0.000
2025-09-13T06:30:00,4.700,123.30,0.000
2025-09-13T06:15:00,4.700,131.90,0.000
2025-09-13T06:00:00,4.710,129.00,0.000
2025-09-13T05:45:00,4.700,142.70,0.000
2025-09-13T05:30:00,4.710,139.20,0.000
2025-09-13T05:15:00,4.720,140.50,0.000
2025-09-13T05:00:00,4.720,142.00,0.000
2025-09-13T04:45:00,4.740,139.30,0.000
2025-09-13T04:30:00,4.740,141.90,0.000
2025-09-13T04:15:00,4.750,141.90,0.000
2025-09-13T04:00:00,4.760,144.00,0.000
2025-09-13T03:45:00,4.770,136.50,0.000
2025-09-13T03:30:00,4.770,146.50,0.000
2025-09-13T03:15:00,4.790,147.50,0.000
2025-09-13T03:00:00,4.790,142.70,0.000
2025-09-13T02:45:00,4.810,141.70,0.000
2025-09-13T02:30:00,4.810,142.50,0.000
2025-09-13T02:15:00,4.820,143.10,0.000
2025-09-13T02:00:00,4.830,141.90,0.000
2025-09-13T01:45:00,4.840,145.40,0.000
2025-09-13T01:30:00,4.850,144.20,0.000
2025-09-13T01:15:00,4.860,146.00,0.000
2025-09-13T01:00:00,4.870,142.50,0.000
2025-09-13T00:45:00,4.870,145.20,0.000
2025-09-13T00:30:00,4.880,143.30,0.000
2025-09-13T00:15:00,4.890,142.40,0.000
2025-09-13T00:00:00,4.900,141.50,0.000
2025-09-12T23:45:00,4.910,147.40,0.000
2025-09-12T23:30:00,4.910,150.20,0.000
2025-09-12T23:15:00,4.920,153.70,0.000
2025-09-12T23:00:00,4.930,151.70,0.000
2025-09-12T22:45:00,4.940,144.80,0.000
2025-09-12T22:30:00,4.940,150.60,0.000
2025-09-12T22:15:00,4.950,154.80,0.000
2025-09-12T22:00:00,4.960,153.10,0.000
2025-09-12T21:45:00,4.980,145.80,0.000
2025-09-12T21:30:00,5.000,141.00,0.000
2025-09-12T21:15:00,5.000,142.60,0.000
2025-09-12T21:00:00,4.990,138.20,0.000
2025-09-12T20:45:00,4.990,142.60,0.000
2025-09-12T20:30:00,4.980,147.00,0.000
2025-09-12T20:15:00,4.970,142.40,0.000
2025-09-12T20:00:00,4.970,133.70,0.000
2025-09-12T19:45:00,4.960,142.10,0.000
2025-09-12T19:30:00,4.960,131.20,0.000
2025-09-12T19:15:00,4.950,135.70,0.000
2025-09-12T19:00:00,4.940,134.40,0.000
2025-09-12T18:45:00,4.950,126.90,0.000
2025-09-12T18:30:00,4.940,123.50,0.000
2025-09-12T18:15:00,4.930,120.20,0.000
2025-09-12T18:00:00,4.930,109.90,0.000
2025-09-12T17:45:00,4.920,120.30,0.000
2025-09-12T17:30:00,4.910,111.70,0.000
2025-09-12T17:15:00,4.910,114.90,0.000
2025-09-12T17:00:00,4.900,117.80,0.000
2025-09-12T16:45:00,4.910,128.20,0.000
2025-09-12T16:30:00,4.900,108.20,0.000
2025-09-12T16:15:00,4.900,112.20,0.000
2025-09-12T16:00:00,4.900,109.50,0.000
2025-09-12T15:45:00,4.900,111.80,0.000
2025-09-12T15:30:00,4.900,119.50,0.000
2025-09-12T15:15:00,4.900,135.70,0.000
2025-09-12T15:00:00,4.900,124.30,0.000
2025-09-12T14:45:00,4.900,120.00,0.000
2025-09-12T14:30:00,4.900,123.40,0.000
2025-09-12T14:15:00,4.900,131.90,0.000
2025-09-12T14:00:00,4.910,141.80,0.000
2025-09-12T13:45:00,4.910,126.30,0.000
2025-09-12T13:30:00,4.900,107.80,0.000
2025-09-12T13:15:00,4.920,99.70,0.000
2025-09-12T13:00:00,4.910,91.40,0.000
2025-09-12T12:45:00,4.900,67.10,0.000
2025-09-12T12:30:00,4.890,66.10,0.000
2025-09-12T12:15:00,4.890,68.30,0.000
2025-09-12T12:00:00,4.880,62.10,0.000
2025-09-12T11:45:00,4.880,73.30,0.000
2025-09-12T11:30:00,4.870,87.20,0.000
2025-09-12T11:15:00,4.860,68.30,0.000
2025-09-12T11:00:00,4.850,74.80,0.000
2025-09-12T10:45:00,4.840,85.80,0.000
2025-09-12T10:30:00,4.840,92.30,0.000
2025-09-12T10:15:00,4.830,92.20,0.000
2025-09-12T10:00:00,4.810,74.40,0.000
2025-09-12T09:45:00,4.800,79.10,0.000
2025-09-12T09:30:00,4.790,95.50,0.000
2025-09-12T09:15:00,4.760,116.90,0.000
2025-09-12T09:00:00,4.760,111.40,0.000
2025-09-12T08:45:00,4.760,125.20,0.000
2025-09-12T08:30:00,4.750,119.90,0.000
2025-09-12T08:15:00,4.750,123.00,0.000
2025-09-12T08:00:00,4.760,126.10,0.000
2025-09-12T07:45:00,4.760,121.40,0.000
2025-09-12T07:30:00,4.760,125.60,0.000
2025-09-12T07:15:00,4.770,122.60,0.000
2025-09-12T07:00:00,4.770,124.90,0.000
2025-09-12T06:45:00,4.780,123.20,0.000
2025-09-12T06:30:00,4.780,127.60,0.000
2025-09-12T06:15:00,4.780,127.10,0.000
2025-09-12T06:00:00,4.790,124.60,0.000
2025-09-12T05:45:00,4.790,124.80,0.000
2025-09-12T05:30:00,4.790,128.20,0.000
2025-09-12T05:15:00,4.790,118.60,0.000
2025-09-12T05:00:00,4.800,123.30,0.000
2025-09-12T04:45:00,4.800,121.90,0.000
2025-09-12T04:30:00,4.800,124.30,0.000
2025-09-12T04:15:00,4.810,120.30,0.000
2025-09-12T04:00:00,4.810,139.00,0.000
2025-09-12T03:45:00,4.810,126.70,0.000
2025-09-12T03:30:00,4.810,133.60,0.000
2025-09-12T03:15:00,4.820,122.50,0.000
2025-09-12T03:00:00,4.820,123.70,0.000
2025-09-12T02:45:00,4.830,125.00,0.000
2025-09-12T02:30:00,4.830,124.20,0.000
2025-09-12T02:15:00,4.830,120.70,0.000
2025-09-12T02:00:00,4.830,128.60,0.000
2025-09-12T01:45:00,4.830,126.30,0.000
2025-09-12T01:30:00,4.840,123.60,0.000
2025-09-12T01:15:00,4.840,126.40,0.000
2025-09-12T01:00:00,4.840,121.60,0.000
2025-09-12T00:45:00,4.850,125.90,0.000
2025-09-12T00:30:00,4.840,123.40,0.000
2025-09-12T00:15:00,4.850,123.90,0.000
2025-09-12T00:00:00,4.850,125.50,0.000
2025-09-11T23:45:00,4.850,124.60,0.000
2025-09-11T23:30:00,4.850,127.10,0.000
2025-09-11T23:15:00,4.860,120.00,0.000
2025-09-11T23:00:00,4.860,124.60,0.000
2025-09-11T22:45:00,4.860,126.70,0.000
2025-09-11T22:30:00,4.860,128.60,0.000
2025-09-11T22:15:00,4.860,120.60,0.000
2025-09-11T22:00:00,4.860,120.50,0.000
2025-09-11T21:45:00,4.870,123.10,0.000
2025-09-11T21:30:00,4.870,121.20,0.000
2025-09-11T21:15:00,4.870,125.90,0.000
2025-09-11T21:00:00,4.870,127.00,0.000
2025-09-11T20:45:00,4.870,133.90,0.000
2025-09-11T20:30:00,4.870,124.20,0.000
2025-09-11T20:15:00,4.870,124.60,0.000
2025-09-11T20:00:00,4.870,134.10,0.000
2025-09-11T19:45:00,4.870,125.70,0.000
2025-09-11T19:30:00,4.870,122.90,0.000
2025-09-11T19:15:00,4.860,119.80,0.000
2025-09-11T19:00:00,4.870,127.10,0.000
2025-09-11T18:45:00,4.870,121.40,0.000
2025-09-11T18:30:00,4.870,125.40,0.000
2025-09-11T18:15:00,4.870,127.40,0.000
2025-09-11T18:00:00,4.870,125.20,0.000
2025-09-11T17:45:00,4.870,132.10,0.000
2025-09-11T17:30:00,4.870,127.10,0.000
2025-09-11T17:15:00,4.870,119.30,0.000
2025-09-11T17:00:00,4.870,122.60,0.000
2025-09-11T16:45:00,4.870,128.20,0.000
2025-09-11T16:30:00,4.880,124.80,0.000
2025-09-11T16:15:00,4.880,119.20,0.000
2025-09-11T16:00:00,4.880,126.40,0.000
2025-09-11T15:45:00,4.890,120.50,0.000
2025-09-11T15:30:00,4.890,112.10,0.000
2025-09-11T15:15:00,4.880,121.30,0.000
2025-09-11T15:00:00,4.880,117.50,0.000
2025-09-11T14:45:00,4.870,111.10,0.000
2025-09-11T14:30:00,4.870,118.20,0.000
2025-09-11T14:15:00,4.860,107.60,0.000
2025-09-11T14:00:00,4.860,116.50,0.000
2025-09-11T13:45:00,4.860,135.00,0.000
2025-09-11T13:30:00,4.850,115.20,0.000
2025-09-11T13:15:00,4.860,94.80,0.000
2025-09-11T13:00:00,4.840,103.90,0.000
2025-09-11T12:45:00,4.820,87.00,0.000
2025-09-11T12:30:00,4.800,97.70,0.000
2025-09-11T12:15:00,4.780,109.10,0.000
2025-09-11T12:00:00,4.750,118.40,0.000
2025-09-11T11:45:00,4.710,106.30,0.000
2025-09-11T11:30:00,4.700,92.80,0.000
2025-09-11T11:15:00,4.680,129.50,0.000
2025-09-11T11:00:00,4.650,135.10,0.000
2025-09-11T10:45:00,4.630,149.50,0.000
2025-09-11T10:30:00,4.620,137.90,0.500
2025-09-11T10:15:00,4.620,155.80,0.000
2025-09-11T10:00:00,4.620,133.40,0.000
2025-09-11T09:45:00,4.620,141.80,0.000
2025-09-11T09:30:00,4.620,154.70,0.000
2025-09-11T09:15:00,4.620,155.80,0.000
2025-09-11T09:00:00,4.640,152.70,0.000
2025-09-11T08:45:00,4.630,151.00,0.000
2025-09-11T08:30:00,4.640,152.00,0.000
2025-09-11T08:15:00,4.640,155.10,0.000
2025-09-11T08:00:00,4.630,156.30,0.000
2025-09-11T07:45:00,4.640,148.10,0.000
2025-09-11T07:30:00,4.630,155.50,0.000
2025-09-11T07:15:00,4.620,151.50,0.000
2025-09-11T07:00:00,4.620,137.50,0.000
2025-09-11T06:45:00,4.630,150.10,0.000
2025-09-11T06:30:00,4.620,151.50,0.000
2025-09-11T06:15:00,4.620,154.70,0.000
2025-09-11T06:00:00,4.620,153.60,0.000
2025-09-11T05:45:00,4.610,154.70,0.000
2025-09-11T05:30:00,4.610,155.20,0.000
2025-09-11T05:15:00,4.610,158.00,0.000
2025-09-11T05:00:00,4.600,154.10,1.000
2025-09-11T04:45:00,4.600,148.40,9.500
2025-09-11T04:30:00,4.580,154.70,0.500
2025-09-11T04:15:00,4.580,149.00,0.000
2025-09-11T04:00:00,4.570,149.80,0.000
2025-09-11T03:45:00,4.580,150.30,0.000
2025-09-11T03:30:00,4.580,154.00,0.000
2025-09-11T03:15:00,4.580,149.10,0.000
2025-09-11T03:00:00,4.580,147.60,0.000
2025-09-11T02:45:00,4.580,147.80,0.000
2025-09-11T02:30:00,4.580,149.70,0.000
2025-09-11T02:15:00,4.580,139.70,0.000
2025-09-11T02:00:00,4.590,147.30,0.000
2025-09-11T01:45:00,4.590,148.40,0.000
2025-09-11T01:30:00,4.590,152.80,0.000
2025-09-11T01:15:00,4.590,151.60,0.000
2025-09-11T01:00:00,4.590,155.70,0.000
2025-09-11T00:45:00,4.590,147.20,0.000
2025-09-11T00:30:00,4.590,157.50,4.000
2025-09-11T00:15:00,4.580,161.20,9.000
2025-09-11T00:00:00,4.570,146.90,0.000
2025-09-10T23:45:00,4.570,149.20,0.000
2025-09-10T23:30:00,4.580,149.80,0.000
2025-09-10T23:15:00,4.580,151.80,0.000
2025-09-10T23:00:00,4.580,149.10,0.000
2025-09-10T22:45:00,4.580,153.50,0.000
2025-09-10T22:30:00,4.590,144.80,0.000
2025-09-10T22:15:00,4.580,147.70,0.000
2025-09-10T22:00:00,4.580,148.10,0.000
2025-09-10T21:45:00,4.590,151.40,0.000
2025-09-10T21:30:00,4.590,149.60,0.000
2025-09-10T21:15:00,4.590,149.30,0.000
2025-09-10T21:00:00,4.590,145.60,0.000
2025-09-10T20:45:00,4.590,149.10,0.000
2025-09-10T20:30:00,4.590,149.30,0.000
2025-09-10T20:15:00,4.590,150.90,0.000
2025-09-10T20:00:00,4.600,154.30,0.000
2025-09-10T19:45:00,4.600,153.90,0.000
2025-09-10T19:30:00,4.600,151.20,0.000
2025-09-10T19:15:00,4.600,153.00,0.000
2025-09-10T19:00:00,4.600,151.90,0.000
2025-09-10T18:45:00,4.600,140.60,0.000
2025-09-10T18:30:00,4.600,151.50,0.000
2025-09-10T18:15:00,4.600,151.00,0.000
2025-09-10T18:00:00,4.600,147.40,0.000
2025-09-10T17:45:00,4.600,142.60,0.000
2025-09-10T17:30:00,4.600,139.50,0.000
2025-09-10T17:15:00,4.600,149.90,0.000
2025-09-10T17:00:00,4.600,154.20,0.000
2025-09-10T16:45:00,4.610,145.80,0.000
2025-09-10T16:30:00,4.610,145.50,0.000
2025-09-10T16:15:00,4.620,132.10,0.000
2025-09-10T16:00:00,4.620,131.40,0.000
2025-09-10T15:45:00,4.630,141.40,0.000
2025-09-10T15:30:00,4.630,144.60,0.000
2025-09-10T15:15:00,4.640,137.60,0.000
2025-09-10T15:00:00,4.640,145.70,0.000
2025-09-10T14:45:00,4.650,148.20,0.000
2025-09-10T14:30:00,4.650,148.40,0.000
2025-09-10T14:15:00,4.660,151.20,0.000
2025-09-10T14:00:00,4.660,146.90,0.000
2025-09-10T13:45:00,4.670,138.40,0.000
2025-09-10T13:30:00,4.670,153.50,0.000
2025-09-10T13:15:00,4.680,159.60,0.000
2025-09-10T13:00:00,4.680,160.90,0.000
2025-09-10T12:45:00,4.690,150.80,0.000
2025-09-10T12:30:00,4.690,152.50,0.000
2025-09-10T12:15:00,4.690,157.50,0.000
2025-09-10T12:00:00,4.700,142.50,0.000
2025-09-10T11:45:00,4.700,144.90,0.000
2025-09-10T11:30:00,4.710,151.90,0.000
2025-09-10T11:15:00,4.710,156.50,0.000
2025-09-10T11:00:00,4.710,147.40,0.000
2025-09-10T10:45:00,4.720,156.70,0.000
2025-09-10T10:30:00,4.720,160.20,0.000
2025-09-10T10:15:00,4.730,153.00,0.000
2025-09-10T10:00:00,4.730,158.30,0.000
2025-09-10T09:45:00,4.730,161.30,0.000
2025-09-10T09:30:00,4.730,160.50,0.000
2025-09-10T09:15:00,4.730,160.40,0.000
2025-09-10T09:00:00,4.740,161.00,0.000
2025-09-10T08:45:00,4.740,158.70,0.000
2025-09-10T08:30:00,4.730,155.40,0.000
2025-09-10T08:15:00,4.730,155.50,0.000
2025-09-10T08:00:00,4.730,153.80,0.000
2025-09-10T07:45:00,4.740,167.20,0.000
2025-09-10T07:30:00,4.730,152.30,0.000
2025-09-10T07:15:00,4.730,161.80,0.000
2025-09-10T07:00:00,4.730,154.30,0.000
2025-09-10T06:45:00,4.730,157.30,0.000
2025-09-10T06:30:00,4.730,154.50,0.000
2025-09-10T06:15:00,4.720,160.50,0.000
2025-09-10T06:00:00,4.720,155.80,0.000
2025-09-10T05:45:00,4.720,157.30,0.000
2025-09-10T05:30:00,4.720,159.00,0.000
2025-09-10T05:15:00,4.720,157.50,0.000
2025-09-10T05:00:00,4.710,163.10,0.000
2025-09-10T04:45:00,4.710,160.70,0.000
2025-09-10T04:30:00,4.700,157.30,0.000
2025-09-10T04:15:00,4.690,158.90,0.000
2025-09-10T04:00:00,4.690,159.20,0.000
2025-09-10T03:45:00,4.690,156.70,0.000
2025-09-10T03:30:00,4.680,163.40,0.000
2025-09-10T03:15:00,4.680,161.80,0.000
2025-09-10T03:00:00,4.670,162.10,0.000
2025-09-10T02:45:00,4.670,159.80,0.000
2025-09-10T02:30:00,4.660,161.10,0.000
2025-09-10T02:15:00,4.660,160.20,0.000
2025-09-10T02:00:00,4.660,164.40,0.000
2025-09-10T01:45:00,4.650,160.80,0.500
2025-09-10T01:30:00,4.640,158.80,0.000
2025-09-10T01:15:00,4.640,153.80,0.000
2025-09-10T01:00:00,4.640,159.80,0.000
2025-09-10T00:45:00,4.630,158.20,0.000
2025-09-10T00:30:00,4.630,157.80,0.000
2025-09-10T00:15:00,4.620,161.30,0.500
2025-09-10T00:00:00,4.620,163.50,0.000
2025-09-09T23:45:00,4.620,158.50,0.500
2025-09-09T23:30:00,4.620,154.90,1.000
2025-09-09T23:15:00,4.620,152.50,1.500
2025-09-09T23:00:00,4.630,145.20,2.000
2025-09-09T22:45:00,4.610,145.50,1.500
2025-09-09T22:30:00,4.600,142.50,1.000
2025-09-09T22:15:00,4.590,149.40,1.000
2025-09-09T22:00:00,4.570,143.40,4.000
2025-09-09T21:45:00,4.560,138.20,3.500
2025-09-09T21:30:00,4.530,134.00,13.000
2025-09-09T21:15:00,4.500,135.20,15.000
2025-09-09T21:00:00,4.460,127.40,4.500
2025-09-09T20:45:00,4.450,146.60,0.000
2025-09-09T20:30:00,4.440,128.60,0.000
2025-09-09T20:15:00,4.430,135.30,0.000
2025-09-09T20:00:00,4.440,129.30,0.000
2025-09-09T19:45:00,4.440,126.50,0.000
2025-09-09T19:30:00,4.430,130.40,0.000
2025-09-09T19:15:00,4.430,129.80,0.000
2025-09-09T19:00:00,4.420,132.40,0.000
2025-09-09T18:45:00,4.420,129.80,0.000
2025-09-09T18:30:00,4.420,126.60,0.000
2025-09-09T18:15:00,4.420,137.80,6.500
2025-09-09T18:00:00,4.420,139.40,0.000
2025-09-09T17:45:00,4.420,117.00,0.000
2025-09-09T17:30:00,4.430,128.80,0.000
2025-09-09T17:15:00,4.430,128.50,0.000
2025-09-09T17:00:00,4.430,120.60,0.000
2025-09-09T16:45:00,4.440,127.60,0.000
2025-09-09T16:30:00,4.440,135.30,0.000
2025-09-09T16:15:00,4.440,122.40,0.000
2025-09-09T16:00:00,4.450,123.20,0.000
2025-09-09T15:45:00,4.450,131.10,0.000
2025-09-09T15:30:00,4.460,123.10,0.000
2025-09-09T15:15:00,4.470,130.30,0.000
2025-09-09T15:00:00,4.470,136.30,0.000
2025-09-09T14:45:00,4.470,136.50,0.000
2025-09-09T14:30:00,4.480,124.00,0.000
2025-09-09T14:15:00,4.490,131.60,0.000
2025-09-09T14:00:00,4.490,130.00,0.000
2025-09-09T13:45:00,4.490,132.20,0.000
2025-09-09T13:30:00,4.490,144.80,0.000
2025-09-09T13:15:00,4.500,134.10,0.000
2025-09-09T13:00:00,4.510,129.30,0.000
2025-09-09T12:45:00,4.520,126.80,0.000
2025-09-09T12:30:00,4.520,130.90,0.000
2025-09-09T12:15:00,4.510,127.70,0.000
2025-09-09T12:00:00,4.510,129.60,1.500
2025-09-09T11:45:00,4.510,127.40,1.000
2025-09-09T11:30:00,4.510,113.40,0.000
2025-09-09T11:15:00,4.510,118.10,0.000
2025-09-09T11:00:00,4.510,98.60,0.000
2025-09-09T10:45:00,4.510,118.80,0.000
2025-09-09T10:30:00,4.520,124.70,0.000
2025-09-09T10:15:00,4.520,111.60,0.000
2025-09-09T10:00:00,4.520,121.70,0.000
2025-09-09T09:45:00,4.520,114.00,0.000
2025-09-09T09:30:00,4.530,117.00,0.000
2025-09-09T09:15:00,4.520,131.00,0.000
2025-09-09T09:00:00,4.520,131.30,0.000
2025-09-09T08:45:00,4.530,132.40,0.000
2025-09-09T08:30:00,4.530,136.30,0.000
2025-09-09T08:15:00,4.530,124.10,0.000
2025-09-09T08:00:00,4.540,138.50,0.000
2025-09-09T07:45:00,4.540,135.70,0.000
2025-09-09T07:30:00,4.540,130.40,0.000
2025-09-09T07:15:00,4.550,127.40,0.000
2025-09-09T07:00:00,4.550,132.60,0.000
2025-09-09T06:45:00,4.550,137.70,0.000
2025-09-09T06:30:00,4.560,133.50,0.000
2025-09-09T06:15:00,4.560,134.90,0.000
2025-09-09T06:00:00,4.560,136.70,0.000
2025-09-09T05:45:00,4.560,134.20,0.000
2025-09-09T05:30:00,4.570,133.70,0.000
2025-09-09T05:15:00,4.570,133.50,0.000
2025-09-09T05:00:00,4.570,138.80,0.000
2025-09-09T04:45:00,4.580,139.10,0.000
2025-09-09T04:30:00,4.580,138.30,0.000
2025-09-09T04:15:00,4.580,137.60,0.000
2025-09-09T04:00:00,4.580,134.50,0.000
2025-09-09T03:45:00,4.590,135.00,0.000
2025-09-09T03:30:00,4.590,133.70,0.000
2025-09-09T03:15:00,4.590,137.20,0.000
2025-09-09T03:00:00,4.590,132.40,0.000
2025-09-09T02:45:00,4.590,132.80,0.000
2025-09-09T02:30:00,4.590,138.50,0.000
2025-09-09T02:15:00,4.600,135.90,0.000
2025-09-09T02:00:00,4.600,137.60,0.000
2025-09-09T01:45:00,4.600,140.40,0.000
2025-09-09T01:30:00,4.600,142.40,0.000
2025-09-09T01:15:00,4.610,139.40,0.000
2025-09-09T01:00:00,4.600,139.50,0.000
2025-09-09T00:45:00,4.610,133.70,0.000
2025-09-09T00:30:00,4.610,138.00,0.000
2025-09-09T00:15:00,4.610,142.10,0.000
2025-09-09T00:00:00,4.610,130.60,0.000
2025-09-08T23:45:00,4.610,134.60,0.000
2025-09-08T23:30:00,4.620,135.20,0.000
2025-09-08T23:15:00,4.620,141.70,0.000
2025-09-08T23:00:00,4.620,135.60,0.000
2025-09-08T22:45:00,4.620,135.40,0.000
2025-09-08T22:30:00,4.620,134.40,0.500
2025-09-08T22:15:00,4.620,139.00,0.000
2025-09-08T22:00:00,4.630,135.40,0.000
2025-09-08T21:45:00,4.630,133.10,0.000
2025-09-08T21:30:00,4.640,136.30,0.000
2025-09-08T21:15:00,4.640,136.70,0.000
2025-09-08T21:00:00,4.640,140.80,0.000
2025-09-08T20:45:00,4.660,140.10,0.000
2025-09-08T20:30:00,4.660,142.20,0.000
2025-09-08T20:15:00,4.660,138.80,0.000
2025-09-08T20:00:00,4.660,135.60,0.500
2025-09-08T19:45:00,4.660,140.70,0.000
2025-09-08T19:30:00,4.660,139.40,0.500
2025-09-08T19:15:00,4.660,133.90,0.000
2025-09-08T19:00:00,4.670,131.00,0.000
2025-09-08T18:45:00,4.670,134.30,0.000
2025-09-08T18:30:00,4.680,131.70,0.000
2025-09-08T18:15:00,4.680,133.80,0.000
2025-09-08T18:00:00,4.680,133.20,0.000
2025-09-08T17:45:00,4.690,127.00,0.500
2025-09-08T17:30:00,4.690,142.50,0.500
2025-09-08T17:15:00,4.690,124.90,0.000
2025-09-08T17:00:00,4.690,112.60,0.000
2025-09-08T16:45:00,4.700,124.70,0.000
2025-09-08T16:30:00,4.700,122.80,0.000
2025-09-08T16:15:00,4.710,136.00,0.000
2025-09-08T16:00:00,4.710,121.30,0.000
2025-09-08T15:45:00,4.710,124.10,0.000
2025-09-08T15:30:00,4.720,114.50,0.000
2025-09-08T15:15:00,4.720,126.20,0.000
2025-09-08T15:00:00,4.720,124.10,0.000
2025-09-08T14:45:00,4.730,137.40,0.000
2025-09-08T14:30:00,4.730,125.00,0.000
2025-09-08T14:15:00,4.730,104.50,0.000
2025-09-08T14:00:00,4.740,123.40,0.000
2025-09-08T13:45:00,4.740,101.70,0.000
2025-09-08T13:30:00,4.750,122.00,0.000
2025-09-08T13:15:00,4.740,128.70,0.000
2025-09-08T13:00:00,4.750,134.40,0.000
2025-09-08T12:45:00,4.750,118.30,0.000
2025-09-08T12:30:00,4.740,107.90,0.000
2025-09-08T12:15:00,4.740,120.10,0.000
2025-09-08T12:00:00,4.740,127.90,0.000
2025-09-08T11:45:00,4.740,128.30,0.000
2025-09-08T11:30:00,4.740,107.30,0.000
2025-09-08T11:15:00,4.730,132.00,0.000
2025-09-08T11:00:00,4.730,131.30,0.000
2025-09-08T10:45:00,4.730,137.30,0.000
2025-09-08T10:30:00,4.720,128.40,0.000
2025-09-08T10:15:00,4.720,140.90,0.000
2025-09-08T10:00:00,4.710,133.60,0.000
2025-09-08T09:45:00,4.710,139.60,0.000
2025-09-08T09:30:00,4.710,129.40,0.000
2025-09-08T09:15:00,4.700,135.10,0.000
2025-09-08T09:00:00,4.690,139.70,0.000
2025-09-08T08:45:00,4.680,136.80,0.000
2025-09-08T08:30:00,4.660,135.80,0.000
2025-09-08T08:15:00,4.650,130.80,0.000
2025-09-08T08:00:00,4.630,130.00,0.000
2025-09-08T07:45:00,4.620,130.80,0.000
2025-09-08T07:30:00,4.600,127.20,0.000
2025-09-08T07:15:00,4.590,129.70,0.000
2025-09-08T07:00:00,4.570,125.50,0.000
2025-09-08T06:45:00,4.560,128.60,0.000
2025-09-08T06:30:00,4.540,123.40,0.000
2025-09-08T06:15:00,4.530,130.20,0.000
2025-09-08T06:00:00,4.500,137.00,0.000
2025-09-08T05:45:00,4.500,131.30,0.000
2025-09-08T05:30:00,4.480,135.20,0.000
2025-09-08T05:15:00,4.460,122.40,0.000
2025-09-08T05:00:00,4.450,123.10,0.500
2025-09-08T04:45:00,4.440,120.50,0.000
2025-09-08T04:30:00,4.430,115.10,0.000
2025-09-08T04:15:00,4.410,115.40,0.000
2025-09-08T04:00:00,4.400,129.20,0.000
2025-09-08T03:45:00,4.390,124.80,0.000
2025-09-08T03:30:00,4.380,134.00,0.000
2025-09-08T03:15:00,4.370,124.20,0.500
2025-09-08T03:00:00,4.360,126.80,0.000
2025-09-08T02:45:00,4.360,130.50,0.500
2025-09-08T02:30:00,4.350,123.40,0.000
2025-09-08T02:15:00,4.340,123.80,0.000
2025-09-08T02:00:00,4.340,120.30,0.500
2025-09-08T01:45:00,4.340,121.00,0.000
2025-09-08T01:30:00,4.340,120.50,0.000
2025-09-08T01:15:00,4.330,122.70,0.500
2025-09-08T01:00:00,4.330,118.30,0.500
2025-09-08T00:45:00,4.330,123.30,0.000
2025-09-08T00:30:00,4.320,122.00,1.000
2025-09-08T00:15:00,4.320,122.90,1.000
2025-09-08T00:00:00,4.310,122.10,1.000
2025-09-07T23:45:00,4.310,122.40,1.000
2025-09-07T23:30:00,4.300,122.30,0.500
2025-09-07T23:15:00,4.300,123.10,0.000
2025-09-07T23:00:00,4.290,122.60,0.500
2025-09-07T22:45:00,4.290,121.60,0.000
2025-09-07T22:30:00,4.280,115.90,0.500
2025-09-07T22:15:00,4.270,116.10,1.000
2025-09-07T22:00:00,4.260,117.10,1.000
2025-09-07T21:45:00,4.260,99.10,0.000
2025-09-07T21:30:00,4.250,96.90,0.000
2025-09-07T21:15:00,4.250,98.30,0.000
2025-09-07T21:00:00,4.240,102.00,0.000
2025-09-07T20:45:00,4.240,98.20,0.000
2025-09-07T20:30:00,4.230,97.80,0.000
2025-09-07T20:15:00,4.220,102.30,0.000
2025-09-07T20:00:00,4.210,103.20,0.000
2025-09-07T19:45:00,4.200,104.90,0.000
2025-09-07T19:30:00,4.200,105.60,0.000
2025-09-07T19:15:00,4.200,100.70,0.000
2025-09-07T19:00:00,4.190,102.50,0.000
2025-09-07T18:45:00,4.190,101.40,0.000
2025-09-07T18:30:00,4.190,102.30,0.000
2025-09-07T18:15:00,4.190,97.00,0.000
2025-09-07T18:00:00,4.190,141.10,0.000
2025-09-07T17:45:00,4.190,95.90,0.000
2025-09-07T17:30:00,4.190,95.20,0.000
2025-09-07T17:15:00,4.190,102.70,0.000
2025-09-07T17:00:00,4.190,101.60,0.000
2025-09-07T16:45:00,4.190,97.60,0.000
2025-09-07T16:30:00,4.190,99.80,0.000
2025-09-07T16:15:00,4.190,103.80,0.000
2025-09-07T16:00:00,4.190,99.90,0.000
2025-09-07T15:45:00,4.190,105.10,0.000
2025-09-07T15:30:00,4.190,106.50,0.500
2025-09-07T15:15:00,4.190,116.40,1.000
2025-09-07T15:00:00,4.190,113.70,1.000
2025-09-07T14:45:00,4.180,114.30,0.000
2025-09-07T14:30:00,4.190,92.20,0.000
2025-09-07T14:15:00,4.190,94.50,0.000
2025-09-07T14:00:00,4.190,95.50,0.000
2025-09-07T13:45:00,4.190,98.10,0.000
2025-09-07T13:30:00,4.180,98.20,0.000
2025-09-07T13:15:00,4.190,86.90,0.000
2025-09-07T13:00:00,4.190,93.50,0.000
2025-09-07T12:45:00,4.180,95.40,0.000
2025-09-07T12:30:00,4.180,89.70,0.000
2025-09-07T12:15:00,4.180,100.70,0.000
2025-09-07T12:00:00,4.170,102.60,0.000
2025-09-07T11:45:00,4.170,102.30,0.000
2025-09-07T11:30:00,4.180,97.50,0.000
2025-09-07T11:15:00,4.180,101.30,0.000
2025-09-07T11:00:00,4.180,100.00,0.000
2025-09-07T10:45:00,4.180,102.50,0.000
2025-09-07T10:30:00,4.180,105.00,0.000
2025-09-07T10:15:00,4.180,105.10,0.000
2025-09-07T10:00:00,4.190,101.50,0.000
2025-09-07T09:45:00,4.190,110.30,0.000
2025-09-07T09:30:00,4.190,104.10,0.000
2025-09-07T09:15:00,4.190,107.40,0.000
2025-09-07T09:00:00,4.180,107.60,0.000
2025-09-07T08:45:00,4.190,106.00,0.000
2025-09-07T08:30:00,4.180,104.80,0.000
2025-09-07T08:15:00,4.170,110.40,0.000
2025-09-07T08:00:00,4.180,116.90,0.500
2025-09-07T07:45:00,4.180,113.60,0.000
2025-09-07T07:30:00,4.180,123.40,0.000
2025-09-07T07:15:00,4.190,109.30,0.000
2025-09-07T07:00:00,4.190,118.20,0.000
2025-09-07T06:45:00,4.190,115.00,0.000
2025-09-07T06:30:00,4.200,119.60,0.000
2025-09-07T06:15:00,4.200,117.20,0.000
2025-09-07T06:00:00,4.210,114.30,0.000
2025-09-07T05:45:00,4.210,117.80,0.000
2025-09-07T05:30:00,4.220,118.40,0.000
2025-09-07T05:15:00,4.220,118.30,0.000
2025-09-07T05:00:00,4.230,123.00,0.000
2025-09-07T04:45:00,4.230,121.70,0.000
2025-09-07T04:30:00,4.230,124.90,0.000
2025-09-07T04:15:00,4.240,126.50,0.000
2025-09-07T04:00:00,4.250,122.00,0.000
2025-09-07T03:45:00,4.250,116.90,0.000
2025-09-07T03:30:00,4.260,123.90,0.000
2025-09-07T03:15:00,4.260,125.60,0.000
2025-09-07T03:00:00,4.270,130.10,0.000
2025-09-07T02:45:00,4.270,132.70,0.000
2025-09-07T02:30:00,4.280,128.40,0.000
2025-09-07T02:15:00,4.280,127.40,0.000
2025-09-07T02:00:00,4.280,132.20,0.000
2025-09-07T01:45:00,4.290,135.70,0.500
2025-09-07T01:30:00,4.290,135.40,0.500
2025-09-07T01:15:00,4.290,140.50,0.000
2025-09-07T01:00:00,4.290,137.70,0.500
2025-09-07T00:45:00,4.300,136.50,0.500
2025-09-07T00:30:00,4.310,135.90,0.500
2025-09-07T00:15:00,4.310,146.90,1.500
2025-09-07T00:00:00,4.310,139.70,1.000
2025-09-20T23:45:00,4.370,110.10,0.000
2025-09-20T23:30:00,4.380,115.10,0.000
2025-09-20T23:15:00,4.380,119.40,0.000
2025-09-20T23:00:00,4.380,116.80,0.000
2025-09-20T22:45:00,4.390,115.90,0.000
2025-09-20T22:30:00,4.400,122.90,0.000
2025-09-20T22:15:00,4.400,117.50,0.000
2025-09-20T22:00:00,4.410,119.20,0.000
2025-09-20T21:45:00,4.420,122.50,0.000
2025-09-20T21:30:00,4.420,115.90,0.000
2025-09-20T21:15:00,4.430,123.90,0.000
2025-09-20T21:00:00,4.440,115.30,0.000
2025-09-20T20:45:00,4.440,121.80,0.000
2025-09-20T20:30:00,4.440,115.30,0.000
2025-09-20T20:15:00,4.450,123.20,0.000
2025-09-20T20:00:00,4.450,114.80,0.000
2025-09-20T19:45:00,4.450,120.70,0.000
2025-09-20T19:30:00,4.460,106.70,0.000
2025-09-20T19:15:00,4.460,111.40,0.000
2025-09-20T19:00:00,4.460,116.30,0.000
2025-09-20T18:45:00,4.460,113.70,0.000
2025-09-20T18:30:00,4.460,119.10,0.000
2025-09-20T18:15:00,4.460,119.60,0.000
2025-09-20T18:00:00,4.450,115.80,0.000
2025-09-20T17:45:00,4.450,120.80,0.000
2025-09-20T17:30:00,4.460,110.00,0.000
2025-09-20T17:15:00,4.450,114.50,0.000
2025-09-20T17:00:00,4.450,106.00,0.000
2025-09-20T16:45:00,4.450,109.20,0.000
2025-09-20T16:30:00,4.450,103.70,0.000
2025-09-20T16:15:00,4.450,113.80,0.000
2025-09-20T16:00:00,4.450,106.50,0.000
2025-09-20T15:45:00,4.450,106.50,0.000
2025-09-20T15:30:00,4.450,111.30,0.000
2025-09-20T15:15:00,4.440,111.80,0.000
2025-09-20T15:00:00,4.450,116.80,0.000
2025-09-20T14:45:00,4.440,125.70,0.000
2025-09-20T14:30:00,4.440,116.80,0.000
2025-09-20T14:15:00,4.440,123.60,0.000
2025-09-20T14:00:00,4.430,120.90,0.000
2025-09-20T13:45:00,4.430,120.80,0.000
2025-09-20T13:30:00,4.430,116.20,0.000
2025-09-20T13:15:00,4.430,123.10,0.000
2025-09-20T13:00:00,4.420,124.30,0.000
2025-09-20T12:45:00,4.420,113.70,0.000
2025-09-20T12:30:00,4.420,127.40,0.000
2025-09-20T12:15:00,4.420,127.30,0.000
2025-09-20T12:00:00,4.410,114.80,0.000
2025-09-20T11:45:00,4.410,113.40,0.000
2025-09-20T11:30:00,4.410,117.30,0.000
2025-09-20T11:15:00,4.410,110.30,0.000
2025-09-20T11:00:00,4.410,101.50,0.000
2025-09-20T10:45:00,4.400,100.70,0.000
2025-09-20T10:30:00,4.400,105.40,0.000
2025-09-20T10:15:00,4.400,109.50,0.000
2025-09-20T10:00:00,4.400,119.40,0.000
2025-09-20T09:45:00,4.400,110.60,0.000
2025-09-20T09:30:00,4.390,118.50,0.000
2025-09-20T09:15:00,4.390,120.20,0.000
2025-09-20T09:00:00,4.390,109.10,0.000
2025-09-20T08:45:00,4.390,120.50,0.000
2025-09-20T08:30:00,4.380,133.00,0.000
2025-09-20T08:15:00,4.380,138.10,0.000
2025-09-20T08:00:00,4.390,140.40,0.000
2025-09-20T07:45:00,4.390,139.10,0.000
2025-09-20T07:30:00,4.400,135.30,0.000
2025-09-20T07:15:00,4.400,137.10,0.000
2025-09-20T07:00:00,4.410,137.50,0.000
2025-09-20T06:45:00,4.410,134.40,0.000
2025-09-20T06:30:00,4.410,134.30,0.000
2025-09-20T06:15:00,4.420,139.70,0.000
2025-09-20T06:00:00,4.420,140.10,0.000
2025-09-20T05:45:00,4.430,135.10,0.000
2025-09-20T05:30:00,4.430,142.40,0.000
2025-09-20T05:15:00,4.430,140.10,0.000
2025-09-20T05:00:00,4.440,148.10,0.000
2025-09-20T04:45:00,4.440,145.80,0.000
2025-09-20T04:30:00,4.450,146.20,0.000
2025-09-20T04:15:00,4.460,138.40,0.000
2025-09-20T04:00:00,4.470,145.60,0.000
2025-09-20T03:45:00,4.480,147.20,0.000
2025-09-20T03:30:00,4.480,145.10,0.000
2025-09-20T03:15:00,4.490,143.20,0.000
2025-09-20T03:00:00,4.500,147.70,0.000
2025-09-20T02:45:00,4.510,143.80,0.000
2025-09-20T02:30:00,4.520,148.50,0.000
2025-09-20T02:15:00,4.530,145.90,0.000
2025-09-20T02:00:00,4.540,149.10,0.000
2025-09-20T01:45:00,4.550,152.60,0.000
2025-09-20T01:30:00,4.550,146.90,0.000
2025-09-20T01:15:00,4.560,149.10,0.000
2025-09-20T01:00:00,4.580,145.90,0.000
2025-09-20T00:45:00,4.580,149.50,0.000
2025-09-20T00:30:00,4.590,148.90,0.000
2025-09-20T00:15:00,4.600,146.50,0.000
2025-09-20T00:00:00,4.620,150.40,0.000
2025-09-19T23:45:00,4.620,152.00,0.000
2025-09-19T23:30:00,4.640,142.80,0.000
2025-09-19T23:15:00,4.640,150.20,0.000
2025-09-19T23:00:00,4.650,151.00,0.000
2025-09-19T22:45:00,4.660,152.40,0.000
2025-09-19T22:30:00,4.680,155.50,0.000
2025-09-19T22:15:00,4.690,149.50,0.000
2025-09-19T22:00:00,4.700,151.30,0.000
2025-09-19T21:45:00,4.710,156.70,0.000
2025-09-19T21:30:00,4.720,155.80,0.000
2025-09-19T21:15:00,4.740,158.60,0.000
2025-09-19T21:00:00,4.740,151.80,0.000
2025-09-19T20:45:00,4.760,153.40,0.000
2025-09-19T20:30:00,4.770,145.70,0.000
2025-09-19T20:15:00,4.780,146.20,0.000
2025-09-19T20:00:00,4.790,155.50,0.000
2025-09-19T19:45:00,4.800,152.10,0.000
2025-09-19T19:30:00,4.810,158.60,0.000
2025-09-19T19:15:00,4.830,158.80,0.000
2025-09-19T19:00:00,4.830,158.60,0.000
2025-09-19T18:45:00,4.830,158.50,0.000
2025-09-19T18:30:00,4.850,157.10,0.000
2025-09-19T18:15:00,4.860,154.90,0.000
2025-09-19T18:00:00,4.860,150.20,0.000
2025-09-19T17:45:00,4.870,158.60,0.000
2025-09-19T17:30:00,4.870,156.70,0.000
2025-09-19T17:15:00,4.880,154.50,0.000
2025-09-19T17:00:00,4.890,136.90,0.000
2025-09-19T16:45:00,4.890,143.80,0.000
2025-09-19T16:30:00,4.900,151.20,0.000
2025-09-19T16:15:00,4.900,156.90,0.000
2025-09-19T16:00:00,4.910,133.30,0.000
2025-09-19T15:45:00,4.920,162.70,0.000
2025-09-19T15:30:00,4.920,156.80,0.000
2025-09-19T15:15:00,4.930,166.00,0.000
2025-09-19T15:00:00,4.930,162.10,0.000
2025-09-19T14:45:00,4.930,164.80,0.000
2025-09-19T14:30:00,4.940,161.00,0.000
2025-09-19T14:15:00,4.940,158.70,0.000
2025-09-19T14:00:00,4.950,163.10,0.000
2025-09-19T13:45:00,4.950,161.20,0.000
2025-09-19T13:30:00,4.960,162.30,0.000
2025-09-19T13:15:00,4.960,166.00,0.000
2025-09-19T13:00:00,4.970,171.20,0.000
2025-09-19T12:45:00,4.970,161.10,0.000
2025-09-19T12:30:00,4.980,164.90,0.000
2025-09-19T12:15:00,4.980,162.60,0.000
2025-09-19T12:00:00,4.980,166.50,0.000
2025-09-19T11:45:00,4.990,156.70,0.000
2025-09-19T11:30:00,4.990,171.00,0.000
2025-09-19T11:15:00,4.990,161.00,0.000
2025-09-19T11:00:00,5.000,178.00,0.000
2025-09-19T10:45:00,5.010,167.20,0.000
2025-09-19T10:30:00,5.020,174.00,0.000
2025-09-19T10:15:00,5.030,174.90,0.000
2025-09-19T10:00:00,5.030,194.30,0.000
2025-09-19T09:45:00,5.050,181.50,0.000
2025-09-19T09:30:00,5.050,181.70,0.000
2025-09-19T09:15:00,5.060,183.10,0.000
2025-09-19T09:00:00,5.070,184.70,0.000
2025-09-19T08:45:00,5.080,186.20,0.000
2025-09-19T08:30:00,5.090,187.40,0.000
2025-09-19T08:15:00,5.110,183.00,0.000
2025-09-19T08:00:00,5.120,177.30,0.000
2025-09-19T07:45:00,5.130,178.90,0.000
2025-09-19T07:30:00,5.130,176.70,0.000
2025-09-19T07:15:00,5.140,179.50,0.000
2025-09-19T07:00:00,5.130,176.80,0.000
2025-09-19T06:45:00,5.130,181.00,0.000
2025-09-19T06:30:00,5.120,186.80,0.000
2025-09-19T06:15:00,5.110,180.60,0.000
2025-09-19T06:00:00,5.090,179.00,0.000
2025-09-19T05:45:00,5.090,180.60,0.000
2025-09-19T05:30:00,5.080,187.40,0.000
2025-09-19T05:15:00,5.050,177.70,0.000
2025-09-19T05:00:00,5.040,184.70,0.000
2025-09-19T04:45:00,5.020,185.80,0.000
2025-09-19T04:30:00,4.990,184.40,0.000
2025-09-19T04:15:00,4.960,185.30,0.000
2025-09-19T04:00:00,4.940,181.70,0.000
2025-09-19T03:45:00,4.910,183.20,0.500
2025-09-19T03:30:00,4.870,188.40,0.000
2025-09-19T03:15:00,4.840,179.80,0.000
2025-09-19T03:00:00,4.810,175.40,0.500
2025-09-19T02:45:00,4.780,178.10,0.000
2025-09-19T02:30:00,4.740,177.80,1.000
2025-09-19T02:15:00,4.710,173.90,1.000
2025-09-19T02:00:00,4.690,172.10,0.500
2025-09-19T01:45:00,4.670,164.20,0.500
2025-09-19T01:30:00,4.650,154.30,0.500
2025-09-19T01:15:00,4.620,142.90,1.000
2025-09-19T01:00:00,4.600,144.70,1.000
2025-09-19T00:45:00,4.580,142.80,1.500
2025-09-19T00:30:00,4.570,138.80,1.500
2025-09-19T00:15:00,4.570,137.90,0.500
2025-09-19T00:00:00,4.560,131.90,1.500
2025-09-18T23:45:00,4.580,126.50,1.000
2025-09-18T23:30:00,4.570,129.80,1.000
2025-09-18T23:15:00,4.550,127.60,5.500
2025-09-18T23:00:00,4.530,114.50,19.500
2025-09-18T22:45:00,4.500,132.10,11.500
2025-09-18T22:30:00,4.480,120.10,0.000
2025-09-18T22:15:00,4.480,97.90,0.000
2025-09-18T22:00:00,4.480,110.80,0.000
2025-09-18T21:45:00,4.490,102.30,0.000
2025-09-18T21:30:00,4.490,103.40,0.000
2025-09-18T21:15:00,4.490,105.00,0.000
2025-09-18T21:00:00,4.500,102.10,0.000
2025-09-18T20:45:00,4.500,94.40,0.000
2025-09-18T20:30:00,4.500,93.10,0.000
2025-09-18T20:15:00,4.510,106.10,0.000
2025-09-18T20:00:00,4.510,100.70,0.000
2025-09-18T19:45:00,4.510,101.80,0.000
2025-09-18T19:30:00,4.510,96.60,0.000
2025-09-18T19:15:00,4.520,98.10,0.000
2025-09-18T19:00:00,4.520,94.20,0.000
2025-09-18T18:45:00,4.520,82.60,0.000
2025-09-18T18:30:00,4.530,88.30,0.000
2025-09-18T18:15:00,4.530,83.30,0.000
2025-09-18T18:00:00,4.530,98.00,0.000
2025-09-18T17:45:00,4.540,94.00,0.000
2025-09-18T17:30:00,4.540,101.40,0.000
2025-09-18T17:15:00,4.540,100.50,0.000
2025-09-18T17:00:00,4.540,96.20,0.000
2025-09-18T16:45:00,4.550,90.30,0.000
2025-09-18T16:30:00,4.550,83.70,0.000
2025-09-18T16:15:00,4.550,100.80,0.000
2025-09-18T16:00:00,4.560,93.40,0.000
2025-09-18T15:45:00,4.550,75.70,0.000
2025-09-18T15:30:00,4.560,80.80,0.000
2025-09-18T15:15:00,4.560,72.70,0.000
2025-09-18T15:00:00,4.570,101.40,0.000
2025-09-18T14:45:00,4.570,99.00,0.000
2025-09-18T14:30:00,4.570,61.70,0.000
2025-09-18T14:15:00,4.580,75.90,0.000
2025-09-18T14:00:00,4.580,64.40,0.000
2025-09-18T13:45:00,4.580,78.20,0.000
2025-09-18T13:30:00,4.580,66.60,0.000
2025-09-18T13:15:00,4.590,82.30,0.000
2025-09-18T13:00:00,4.590,68.90,0.000
2025-09-18T12:45:00,4.600,89.10,0.000
2025-09-18T12:30:00,4.600,114.20,0.000
2025-09-18T12:15:00,4.600,104.00,0.000
2025-09-18T12:00:00,4.600,77.60,0.000
2025-09-18T11:45:00,4.610,71.30,0.000
2025-09-18T11:30:00,4.620,105.40,0.000
2025-09-18T11:15:00,4.620,118.60,0.000
2025-09-18T11:00:00,4.620,95.20,0.000
2025-09-18T10:45:00,4.620,104.20,0.000
2025-09-18T10:30:00,4.620,99.40,0.000
2025-09-18T10:15:00,4.630,99.90,0.000
2025-09-18T10:00:00,4.630,102.70,0.000
2025-09-18T09:45:00,4.640,103.00,0.000
2025-09-18T09:30:00,4.640,109.50,0.000
2025-09-18T09:15:00,4.650,102.60,0.000
2025-09-18T09:00:00,4.630,114.10,0.000
2025-09-18T08:45:00,4.660,103.10,0.000
2025-09-18T08:30:00,4.660,104.40,0.000
2025-09-18T08:15:00,4.660,99.40,0.000
2025-09-18T08:00:00,4.670,93.90,0.000
2025-09-18T07:45:00,4.660,96.40,0.000
2025-09-18T07:30:00,4.670,97.70,0.000
2025-09-18T07:15:00,4.670,98.10,0.000
2025-09-18T07:00:00,4.670,100.10,0.000
2025-09-18T06:45:00,4.670,100.50,0.000
2025-09-18T06:30:00,4.670,98.40,0.000
2025-09-18T06:15:00,4.670,105.50,0.000
2025-09-18T06:00:00,4.670,102.20,0.000
2025-09-18T05:45:00,4.670,97.00,0.000
2025-09-18T05:30:00,4.670,102.90,0.000
2025-09-18T05:15:00,4.660,101.20,0.000
2025-09-18T05:00:00,4.660,97.00,0.000
2025-09-18T04:45:00,4.660,101.10,0.000
2025-09-18T04:30:00,4.660,99.00,0.000
2025-09-18T04:15:00,4.660,102.30,0.000
2025-09-18T04:00:00,4.660,98.30,0.000
2025-09-18T03:45:00,4.660,97.30,0.000
2025-09-18T03:30:00,4.660,90.50,0.000
2025-09-18T03:15:00,4.660,95.50,0.000
2025-09-18T03:00:00,4.650,97.80,0.000
2025-09-18T02:45:00,4.660,94.50,0.000
2025-09-18T02:30:00,4.650,94.90,0.000
2025-09-18T02:15:00,4.650,89.10,0.000
2025-09-18T02:00:00,4.650,91.40,0.000
2025-09-18T01:45:00,4.650,95.80,0.000
2025-09-18T01:30:00,4.650,89.60,0.000
2025-09-18T01:15:00,4.650,88.00,0.000
2025-09-18T01:00:00,4.650,103.10,0.000
2025-09-18T00:45:00,4.640,109.60,0.000
2025-09-18T00:30:00,4.640,112.90,0.000
2025-09-18T00:15:00,4.650,111.10,0.000
2025-09-18T00:00:00,4.650,112.30,0.000
2025-09-17T23:45:00,4.650,115.10,0.500
2025-09-17T23:30:00,4.640,115.10,0.500
2025-09-17T23:15:00,4.650,118.30,0.500
2025-09-17T23:00:00,4.650,116.20,1.500
2025-09-17T22:45:00,4.640,113.90,3.500
2025-09-17T22:30:00,4.640,116.00,0.000
2025-09-17T22:15:00,4.640,112.50,1.500
2025-09-17T22:00:00,4.640,106.90,12.500
2025-09-17T21:45:00,4.630,104.20,10.500
2025-09-17T21:30:00,4.620,96.40,4.000
2025-09-17T21:15:00,4.630,115.00,0.000
2025-09-17T21:00:00,4.630,92.50,0.000
2025-09-17T20:45:00,4.630,99.40,0.000
2025-09-17T20:30:00,4.630,92.80,0.000
2025-09-17T20:15:00,4.630,96.90,0.000
2025-09-17T20:00:00,4.630,101.50,0.000
2025-09-17T19:45:00,4.640,95.10,0.000
2025-09-17T19:30:00,4.640,93.80,0.000
2025-09-17T19:15:00,4.640,88.90,0.000
2025-09-17T19:00:00,4.640,94.30,0.000
2025-09-17T18:45:00,4.640,87.90,0.000
2025-09-17T18:30:00,4.640,90.80,0.000
2025-09-17T18:15:00,4.640,74.80,0.000
2025-09-17T18:00:00,4.640,77.00,0.000
2025-09-17T17:45:00,4.650,93.60,0.000
2025-09-17T17:30:00,4.650,99.60,0.000
2025-09-17T17:15:00,4.650,96.80,0.000
2025-09-17T17:00:00,4.650,97.50,0.000
2025-09-17T16:45:00,4.650,100.90,0.000
2025-09-17T16:30:00,4.660,96.50,0.000
2025-09-17T16:15:00,4.660,97.80,0.000
2025-09-17T16:00:00,4.660,103.30,0.000
2025-09-17T15:45:00,4.660,92.50,0.000
2025-09-17T15:30:00,4.670,108.60,0.000
2025-09-17T15:15:00,4.670,101.90,0.000
2025-09-17T15:00:00,4.670,102.20,0.000
2025-09-17T14:45:00,4.670,89.40,0.000
2025-09-17T14:30:00,4.680,98.10,0.000
2025-09-17T14:15:00,4.680,100.50,0.000
2025-09-17T14:00:00,4.680,102.80,0.000
2025-09-17T13:45:00,4.680,97.60,0.000
2025-09-17T13:30:00,4.680,61.60,0.000
2025-09-17T13:15:00,4.690,87.50,0.000
2025-09-17T13:00:00,4.690,67.90,0.000
2025-09-17T12:45:00,4.690,89.30,0.000
2025-09-17T12:30:00,4.700,86.80,0.000
2025-09-17T12:15:00,4.700,84.60,0.000
2025-09-17T12:00:00,4.710,86.00,0.000
2025-09-17T11:45:00,4.710,84.80,0.000
2025-09-17T11:30:00,4.710,82.40,0.000
2025-09-17T11:15:00,4.710,71.20,0.000
2025-09-17T11:00:00,4.710,60.30,0.000
2025-09-17T10:45:00,4.720,81.10,0.000
2025-09-17T10:30:00,4.730,84.80,0.000
2025-09-17T10:15:00,4.730,97.80,0.000
2025-09-17T10:00:00,4.730,85.20,0.000
2025-09-17T09:45:00,4.750,61.80,0.000
2025-09-17T09:30:00,4.750,87.60,0.000
2025-09-17T09:15:00,4.750,93.90,0.000
2025-09-17T09:00:00,4.750,91.20,0.000
2025-09-17T08:45:00,4.750,95.20,0.000
2025-09-17T08:30:00,4.750,93.50,0.000
2025-09-17T08:15:00,4.750,94.90,0.000
2025-09-17T08:00:00,4.750,89.30,0.000
2025-09-17T07:45:00,4.750,88.50,0.000
2025-09-17T07:30:00,4.750,76.70,0.000
2025-09-17T07:15:00,4.750,97.20,0.000
2025-09-17T07:00:00,4.750,83.90,0.000
2025-09-17T06:45:00,4.750,87.70,0.000
2025-09-17T06:30:00,4.760,100.00,0.000
2025-09-17T06:15:00,4.760,79.90,0.000
2025-09-17T06:00:00,4.760,90.40,0.000
2025-09-17T05:45:00,4.760,90.10,0.000
2025-09-17T05:30:00,4.760,97.10,0.000
2025-09-17T05:15:00,4.760,90.70,0.000
2025-09-17T05:00:00,4.760,91.50,0.000
2025-09-17T04:45:00,4.760,96.30,0.000
2025-09-17T04:30:00,4.760,95.30,0.000
2025-09-17T04:15:00,4.760,98.80,0.000
2025-09-17T04:00:00,4.760,92.00,0.000
2025-09-17T03:45:00,4.760,93.60,0.000
2025-09-17T03:30:00,4.760,90.40,0.000
2025-09-17T03:15:00,4.760,87.10,0.000
2025-09-17T03:00:00,4.750,94.50,0.000
2025-09-17T02:45:00,4.760,92.30,0.000
2025-09-17T02:30:00,4.760,96.00,0.000
2025-09-17T02:15:00,4.750,91.40,0.000
2025-09-17T02:00:00,4.750,92.10,0.000
2025-09-17T01:45:00,4.760,89.50,0.000
2025-09-17T01:30:00,4.750,94.50,0.000
2025-09-17T01:15:00,4.750,92.50,0.000
2025-09-17T01:00:00,4.750,99.80,0.000
2025-09-17T00:45:00,4.750,96.10,0.000
2025-09-17T00:30:00,4.750,90.00,0.000
2025-09-17T00:15:00,4.750,92.00,0.000
2025-09-17T00:00:00,4.750,93.80,0.000
2025-09-16T23:45:00,4.750,89.90,0.000
2025-09-16T23:30:00,4.750,88.80,0.000
2025-09-16T23:15:00,4.740,89.30,0.000
2025-09-16T23:00:00,4.740,85.40,0.000
2025-09-16T22:45:00,4.740,88.70,0.000
2025-09-16T22:30:00,4.740,89.20,0.000
2025-09-16T22:15:00,4.740,87.80,0.000
2025-09-16T22:00:00,4.740,92.90,0.000
2025-09-16T21:45:00,4.740,95.80,0.000
2025-09-16T21:30:00,4.730,85.90,0.000
2025-09-16T21:15:00,4.730,75.40,0.000
2025-09-16T21:00:00,4.730,80.50,0.000
2025-09-16T20:45:00,4.720,77.90,0.000
2025-09-16T20:30:00,4.720,62.20,0.000
2025-09-16T20:15:00,4.720,86.80,0.000
2025-09-16T20:00:00,4.720,88.10,0.000
2025-09-16T19:45:00,4.710,87.20,0.000
2025-09-16T19:30:00,4.710,93.90,0.000
2025-09-16T19:15:00,4.710,96.10,0.000
2025-09-16T19:00:00,4.700,96.30,0.000
2025-09-16T18:45:00,4.700,155.30,0.000
2025-09-16T18:30:00,4.690,107.90,0.000
2025-09-16T18:15:00,4.690,96.80,0.000
2025-09-16T18:00:00,4.690,102.50,0.000
2025-09-16T17:45:00,4.690,102.20,0.000
2025-09-16T17:30:00,4.690,100.10,0.000
2025-09-16T17:15:00,4.690,108.00,0.000
2025-09-16T17:00:00,4.690,103.50,0.000
2025-09-16T16:45:00,4.680,103.50,0.000
2025-09-16T16:30:00,4.680,90.90,0.000
2025-09-16T16:15:00,4.680,94.00,0.000
2025-09-16T16:00:00,4.680,97.00,0.000
2025-09-16T15:45:00,4.680,63.40,0.000
2025-09-16T15:30:00,4.680,79.70,0.000
2025-09-16T15:15:00,4.680,99.80,0.000
2025-09-16T15:00:00,4.680,73.20,0.000
2025-09-16T14:45:00,4.680,95.10,0.000
2025-09-16T14:30:00,4.680,85.70,0.000
2025-09-16T14:15:00,4.670,81.10,0.000
2025-09-16T14:00:00,4.670,72.70,0.000
2025-09-16T13:45:00,4.680,96.30,0.000
2025-09-16T13:30:00,4.670,73.80,0.000
2025-09-16T13:15:00,4.670,72.10,0.000
2025-09-16T13:00:00,4.670,78.50,0.000
2025-09-16T12:45:00,4.670,82.80,0.000
2025-09-16T12:30:00,4.660,83.80,0.000
2025-09-16T12:15:00,4.660,74.40,0.000
2025-09-16T12:00:00,4.660,75.60,0.000
2025-09-16T11:45:00,4.650,83.90,0.000
2025-09-16T11:30:00,4.650,79.50,0.000
2025-09-16T11:15:00,4.650,88.80,0.000
2025-09-16T11:00:00,4.640,100.90,0.000
2025-09-16T10:45:00,4.640,69.40,0.000
2025-09-16T10:30:00,4.640,76.40,0.000
2025-09-16T10:15:00,4.630,89.40,0.000
2025-09-16T10:00:00,4.630,103.00,0.000
2025-09-16T09:45:00,4.620,81.90,0.000
2025-09-16T09:30:00,4.600,111.20,0.000
2025-09-16T09:15:00,4.600,108.70,0.000
2025-09-16T09:00:00,4.600,114.80,0.000
2025-09-16T08:45:00,4.600,119.20,0.000
2025-09-16T08:30:00,4.610,120.40,0.000
2025-09-16T08:15:00,4.610,120.10,0.000
2025-09-16T08:00:00,4.620,106.30,0.000
2025-09-16T07:45:00,4.620,119.40,0.000
2025-09-16T07:30:00,4.620,115.70,0.000
2025-09-16T07:15:00,4.620,118.00,0.000
2025-09-16T07:00:00,4.620,116.90,0.000
2025-09-16T06:45:00,4.630,113.60,0.000
2025-09-16T06:30:00,4.630,118.70,0.000
2025-09-16T06:15:00,4.630,120.70,0.000
2025-09-16T06:00:00,4.630,116.10,0.000
2025-09-16T05:45:00,4.630,114.00,0.000
2025-09-16T05:30:00,4.640,113.70,0.000
2025-09-16T05:15:00,4.640,119.70,0.000
2025-09-16T05:00:00,4.640,117.60,0.000
2025-09-16T04:45:00,4.640,118.80,0.000
2025-09-16T04:30:00,4.640,106.10,0.500
2025-09-16T04:15:00,4.640,109.60,0.000
2025-09-16T04:00:00,4.650,107.80,0.000
2025-09-16T03:45:00,4.650,120.30,0.000
2025-09-16T03:30:00,4.650,85.20,0.000
2025-09-16T03:15:00,4.660,116.80,0.000
2025-09-16T03:00:00,4.660,117.30,0.000
2025-09-16T02:45:00,4.660,105.50,0.000
2025-09-16T02:30:00,4.660,109.00,0.000
2025-09-16T02:15:00,4.660,114.50,0.000
2025-09-16T02:00:00,4.660,114.10,0.000
2025-09-16T01:45:00,4.660,115.70,0.000
2025-09-16T01:30:00,4.660,114.20,0.000
2025-09-16T01:15:00,4.670,117.80,0.000
2025-09-16T01:00:00,4.670,112.70,0.000
2025-09-16T00:45:00,4.670,114.20,0.000
2025-09-16T00:30:00,4.670,117.20,0.000
2025-09-16T00:15:00,4.670,114.80,0.000
2025-09-16T00:00:00,4.670,116.40,0.000
2025-09-15T23:45:00,4.680,117.00,0.000
2025-09-15T23:30:00,4.680,112.20,0.000
2025-09-15T23:15:00,4.680,112.10,0.000
2025-09-15T23:00:00,4.680,113.20,0.000
2025-09-15T22:45:00,4.680,126.20,0.000
2025-09-15T22:30:00,4.690,113.30,0.000
2025-09-15T22:15:00,4.690,113.60,0.000
2025-09-15T22:00:00,4.690,116.20,0.000
2025-09-15T21:45:00,4.690,115.90,0.000
2025-09-15T21:30:00,4.700,116.40,0.000
2025-09-15T21:15:00,4.700,118.30,0.000
2025-09-15T21:00:00,4.700,113.60,0.000
2025-09-15T20:45:00,4.700,116.50,0.000
2025-09-15T20:30:00,4.700,116.70,0.000
2025-09-15T20:15:00,4.710,118.40,0.000
2025-09-15T20:00:00,4.710,118.30,0.000
2025-09-15T19:45:00,4.710,118.90,0.000
2025-09-15T19:30:00,4.710,119.80,0.000
2025-09-15T19:15:00,4.710,115.70,0.000
2025-09-15T19:00:00,4.710,117.00,0.000
2025-09-15T18:45:00,4.710,108.40,0.000
2025-09-15T18:30:00,4.710,114.50,0.000
2025-09-15T18:15:00,4.710,106.40,0.000
2025-09-15T18:00:00,4.720,113.90,0.000
2025-09-15T17:45:00,4.720,115.60,0.000
2025-09-15T17:30:00,4.720,111.40,0.000
2025-09-15T17:15:00,4.730,104.60,0.000
2025-09-15T17:00:00,4.730,112.30,0.000
2025-09-15T16:45:00,4.730,117.60,0.000
2025-09-15T16:30:00,4.730,103.80,0.000
2025-09-15T16:15:00,4.740,112.90,0.000
2025-09-15T16:00:00,4.740,102.60,0.000
2025-09-15T15:45:00,4.740,120.40,0.000
2025-09-15T15:30:00,4.740,113.70,0.000
2025-09-15T15:15:00,4.750,93.00,0.000
2025-09-15T15:00:00,4.750,110.80,0.000
2025-09-15T14:45:00,4.750,102.80,0.000
2025-09-15T14:30:00,4.760,103.80,0.000
2025-09-15T14:15:00,4.760,122.00,0.000
2025-09-15T14:00:00,4.770,99.10,0.000
2025-09-15T13:45:00,4.770,94.90,0.000
2025-09-15T13:30:00,4.770,92.90,0.000
2025-09-15T13:15:00,4.780,84.80,0.000
2025-09-15T13:00:00,4.780,105.20,0.000
2025-09-15T12:45:00,4.790,112.90,0.000
2025-09-15T12:30:00,4.790,130.80,0.000
2025-09-15T12:15:00,4.800,109.70,0.000
2025-09-15T12:00:00,4.810,118.50,0.000
2025-09-15T11:45:00,4.810,111.30,0.000
2025-09-15T11:30:00,4.800,104.60,0.000
2025-09-15T11:15:00,4.810,106.90,0.000
2025-09-15T11:00:00,4.820,117.50,0.000
2025-09-15T10:45:00,4.820,117.40,0.000
2025-09-15T10:30:00,4.830,115.80,0.000
2025-09-15T10:15:00,4.830,109.90,0.000
2025-09-15T10:00:00,4.840,122.80,0.000
2025-09-15T09:45:00,4.840,116.50,0.000
2025-09-15T09:30:00,4.840,122.20,0.000
2025-09-15T09:15:00,4.850,124.30,0.000
2025-09-15T09:00:00,4.850,122.00,0.000
2025-09-15T08:45:00,4.860,131.80,0.000
2025-09-15T08:30:00,4.860,128.10,0.000
2025-09-15T08:15:00,4.860,126.40,0.000
2025-09-15T08:00:00,4.870,130.00,0.000
2025-09-15T07:45:00,4.870,126.40,0.000
2025-09-15T07:30:00,4.880,123.50,0.000
2025-09-15T07:15:00,4.880,124.20,0.000
2025-09-15T07:00:00,4.880,129.70,0.000
2025-09-15T06:45:00,4.890,132.50,0.000
2025-09-15T06:30:00,4.890,129.50,0.000
2025-09-15T06:15:00,4.890,127.30,0.000
2025-09-15T06:00:00,4.900,128.50,0.000
2025-09-15T05:45:00,4.900,130.00,0.000
2025-09-15T05:30:00,4.910,130.40,0.000
2025-09-15T05:15:00,4.910,136.30,0.000
2025-09-15T05:00:00,4.910,131.30,0.000
2025-09-15T04:45:00,4.910,130.10,0.000
2025-09-15T04:30:00,4.920,130.70,0.000
2025-09-15T04:15:00,4.920,130.30,0.000
2025-09-15T04:00:00,4.930,126.00,0.000
2025-09-15T03:45:00,4.930,131.00,0.000
2025-09-15T03:30:00,4.930,132.60,0.000
2025-09-15T03:15:00,4.930,126.60,0.000
2025-09-15T03:00:00,4.940,134.30,0.000
2025-09-15T02:45:00,4.940,130.80,0.000
2025-09-15T02:30:00,4.940,129.80,0.000
2025-09-15T02:15:00,4.950,130.00,0.000
2025-09-15T02:00:00,4.950,126.90,0.000
2025-09-15T01:45:00,4.950,129.30,0.000
2025-09-15T01:30:00,4.950,134.20,0.000
2025-09-15T01:15:00,4.960,124.30,0.000
2025-09-15T01:00:00,4.960,128.20,0.000
2025-09-15T00:45:00,4.960,136.50,0.000
2025-09-15T00:30:00,4.960,135.20,0.000
2025-09-15T00:15:00,4.960,135.30,0.000
2025-09-15T00:00:00,4.960,129.00,0.000
2025-09-14T23:45:00,4.960,134.90,0.000
2025-09-14T23:30:00,4.960,134.00,0.000
2025-09-14T23:15:00,4.960,136.40,0.000
2025-09-14T23:00:00,4.960,135.30,0.000
2025-09-14T22:45:00,4.960,128.90,0.000
2025-09-14T22:30:00,4.960,134.60,0.000
2025-09-14T22:15:00,4.960,134.00,0.000
2025-09-14T22:00:00,4.960,134.90,0.000
2025-09-14T21:45:00,4.950,135.80,0.000
2025-09-14T21:30:00,4.950,138.50,0.000
2025-09-14T21:15:00,4.940,135.40,0.000
2025-09-14T21:00:00,4.950,143.30,0.000
2025-09-14T20:45:00,4.940,135.90,0.000
2025-09-14T20:30:00,4.940,138.30,0.000
2025-09-14T20:15:00,4.930,134.70,0.000
2025-09-14T20:00:00,4.930,140.50,0.000
2025-09-14T19:45:00,4.920,136.30,0.000
2025-09-14T19:30:00,4.920,147.00,0.000
2025-09-14T19:15:00,4.910,142.50,0.000
2025-09-14T19:00:00,4.900,144.90,0.000
2025-09-14T18:45:00,4.900,137.10,0.000
2025-09-14T18:30:00,4.890,132.60,0.000
2025-09-14T18:15:00,4.880,133.10,0.000
2025-09-14T18:00:00,4.880,118.60,0.000
2025-09-14T17:45:00,4.870,121.80,0.000
2025-09-14T17:30:00,4.860,120.10,0.000
2025-09-14T17:15:00,4.850,112.90,0.000
2025-09-14T17:00:00,4.850,114.50,0.000
2025-09-14T16:45:00,4.840,129.80,0.000
2025-09-14T16:30:00,4.830,124.80,0.000
2025-09-14T16:15:00,4.830,127.90,0.000
2025-09-14T16:00:00,4.820,123.80,0.000
2025-09-14T15:45:00,4.820,126.20,0.000
2025-09-14T15:30:00,4.820,130.00,0.000
2025-09-14T15:15:00,4.810,126.40,0.000
2025-09-14T15:00:00,4.810,128.10,0.000
2025-09-14T14:45:00,4.810,133.30,0.000
2025-09-14T14:30:00,4.820,128.50,0.000
2025-09-14T14:15:00,4.820,130.90,0.000
2025-09-14T14:00:00,4.820,127.10,0.000
2025-09-14T13:45:00,4.830,136.90,0.000
2025-09-14T13:30:00,4.830,133.00,0.000
2025-09-14T13:15:00,4.840,129.90,0.000
2025-09-14T13:00:00,4.840,136.70,0.000
2025-09-14T12:45:00,4.840,128.90,0.000
2025-09-14T12:30:00,4.850,125.00,0.000
2025-09-14T12:15:00,4.840,92.50,0.000
2025-09-14T12:00:00,4.850,102.90,0.000
2025-09-14T11:45:00,4.860,99.30,0.000
2025-09-14T11:30:00,4.860,101.40,0.000
2025-09-14T11:15:00,4.870,93.60,0.000
2025-09-14T11:00:00,4.870,102.70,0.000
2025-09-14T10:45:00,4.880,94.40,0.000
2025-09-14T10:30:00,4.880,103.30,0.000
2025-09-14T10:15:00,4.890,124.60,0.000
2025-09-14T10:00:00,4.890,122.10,0.000
2025-09-14T09:45:00,4.900,121.90,0.000
2025-09-14T09:30:00,4.900,131.10,0.000
2025-09-14T09:15:00,4.910,133.70,0.000
2025-09-14T09:00:00,4.910,131.30,0.000
2025-09-14T08:45:00,4.920,131.50,0.000
2025-09-14T08:30:00,4.920,130.50,0.000
2025-09-14T08:15:00,4.930,125.20,0.000
2025-09-14T08:00:00,4.930,132.90,0.000
2025-09-14T07:45:00,4.940,132.30,0.000
2025-09-14T07:30:00,4.940,129.00,0.000
2025-09-14T07:15:00,4.950,128.60,0.000
2025-09-14T07:00:00,4.950,132.60,0.000
2025-09-14T06:45:00,4.960,133.50,0.000
2025-09-14T06:30:00,4.960,127.20,0.000
2025-09-14T06:15:00,4.960,131.30,0.000
2025-09-14T06:00:00,4.970,125.60,0.000
2025-09-14T05:45:00,4.970,139.50,0.000
2025-09-14T05:30:00,4.980,128.10,0.000
2025-09-14T05:15:00,4.980,133.30,0.000
2025-09-14T05:00:00,4.990,125.10,0.000
2025-09-14T04:45:00,4.990,131.00,0.000
2025-09-14T04:30:00,4.990,135.00,0.000
2025-09-14T04:15:00,4.990,127.90,0.000
2025-09-14T04:00:00,5.000,129.90,0.000
2025-09-14T03:45:00,5.000,133.30,0.000
2025-09-14T03:30:00,5.000,132.30,0.000
2025-09-14T03:15:00,5.010,133.70,0.000
2025-09-14T03:00:00,5.010,134.50,0.000
2025-09-14T02:45:00,5.010,133.90,0.000
2025-09-14T02:30:00,5.020,130.30,0.000
2025-09-14T02:15:00,5.020,133.30,0.000
2025-09-14T02:00:00,5.020,136.70,0.000
2025-09-14T01:45:00,5.020,140.90,0.000
2025-09-14T01:30:00,5.020,132.20,0.000
2025-09-14T01:15:00,5.020,135.30,0.000
2025-09-14T01:00:00,5.030,141.60,0.000
2025-09-14T00:45:00,5.030,139.50,0.000
2025-09-14T00:30:00,5.030,136.10,0.000
2025-09-14T00:15:00,5.020,140.20,0.000
2025-09-14T00:00:00,5.030,137.80,0.000
2025-09-27T23:45:00,4.590,142.20,0.000
2025-09-27T23:30:00,4.610,137.30,0.000
2025-09-27T23:15:00,4.610,136.40,0.000
2025-09-27T23:00:00,4.630,140.40,0.000
2025-09-27T22:45:00,4.640,146.20,0.000
2025-09-27T22:30:00,4.650,140.50,0.000
2025-09-27T22:15:00,4.660,145.50,0.000
2025-09-27T22:00:00,4.670,140.80,0.000
2025-09-27T21:45:00,4.690,149.80,0.000
2025-09-27T21:30:00,4.700,148.80,0.000
2025-09-27T21:15:00,4.710,152.50,0.000
2025-09-27T21:00:00,4.720,152.40,0.000
2025-09-27T20:45:00,4.730,155.50,0.000
2025-09-27T20:30:00,4.750,154.10,0.000
2025-09-27T20:15:00,4.750,152.70,0.000
2025-09-27T20:00:00,4.770,151.10,0.000
2025-09-27T19:45:00,4.780,148.30,0.000
2025-09-27T19:30:00,4.800,149.80,0.000
2025-09-27T19:15:00,4.820,146.90,0.000
2025-09-27T19:00:00,4.830,150.80,0.000
2025-09-27T18:45:00,4.850,147.60,0.000
2025-09-27T18:30:00,4.870,142.00,0.000
2025-09-27T18:15:00,4.900,140.90,0.000
2025-09-27T18:00:00,4.900,139.20,0.000
2025-09-27T17:45:00,4.900,139.30,0.000
2025-09-27T17:30:00,4.910,138.10,0.000
2025-09-27T17:15:00,4.910,139.50,0.000
2025-09-27T17:00:00,4.910,141.00,0.000
2025-09-27T16:45:00,4.920,133.10,0.000
2025-09-27T16:30:00,4.910,139.80,0.000
2025-09-27T16:15:00,4.920,138.00,0.000
2025-09-27T16:00:00,4.920,140.90,0.000
2025-09-27T15:45:00,4.920,137.80,0.000
2025-09-27T15:30:00,4.920,129.30,0.000
2025-09-27T15:15:00,4.920,132.00,0.500
2025-09-27T15:00:00,4.930,117.10,0.000
2025-09-27T14:45:00,4.920,134.80,0.000
2025-09-27T14:30:00,4.920,122.30,0.000
2025-09-27T14:15:00,4.930,132.20,0.000
2025-09-27T14:00:00,4.920,137.50,4.000
2025-09-27T13:45:00,4.920,163.50,2.500
2025-09-27T13:30:00,4.910,136.00,0.000
2025-09-27T13:15:00,4.910,122.10,0.000
2025-09-27T13:00:00,4.900,140.30,0.000
2025-09-27T12:45:00,4.900,145.30,0.500
2025-09-27T12:30:00,4.900,142.40,0.000
2025-09-27T12:15:00,4.890,140.20,0.000
2025-09-27T12:00:00,4.880,134.40,0.000
2025-09-27T11:45:00,4.870,134.70,1.000
2025-09-27T11:30:00,4.860,137.30,0.500
2025-09-27T11:15:00,4.850,120.10,0.000
2025-09-27T11:00:00,4.840,131.40,0.000
2025-09-27T10:45:00,4.830,127.00,0.000
2025-09-27T10:30:00,4.820,143.50,0.000
2025-09-27T10:15:00,4.810,138.20,0.000
2025-09-27T10:00:00,4.800,140.90,0.000
2025-09-27T09:45:00,4.790,130.50,0.000
2025-09-27T09:30:00,4.780,133.30,0.000
2025-09-27T09:15:00,4.770,138.20,0.000
2025-09-27T09:00:00,4.760,133.90,0.000
2025-09-27T08:45:00,4.750,130.80,0.000
2025-09-27T08:30:00,4.740,128.60,0.000
2025-09-27T08:15:00,4.710,126.70,0.000
2025-09-27T08:00:00,4.690,121.40,0.500
2025-09-27T07:45:00,4.660,127.00,0.000
2025-09-27T07:30:00,4.640,127.50,0.000
2025-09-27T07:15:00,4.600,128.70,0.000
2025-09-27T07:00:00,4.570,127.80,0.000
2025-09-27T06:45:00,4.550,128.00,0.000
2025-09-27T06:30:00,4.520,125.80,0.500
2025-09-27T06:15:00,4.500,121.10,0.000
2025-09-27T06:00:00,4.480,122.10,0.000
2025-09-27T05:45:00,4.460,117.10,0.000
2025-09-27T05:30:00,4.450,110.40,0.500
2025-09-27T05:15:00,4.430,108.80,0.500
2025-09-27T05:00:00,4.420,103.10,1.000
2025-09-27T04:45:00,4.400,103.50,1.500
2025-09-27T04:30:00,4.380,104.50,1.500
2025-09-27T04:15:00,4.360,103.30,2.500
2025-09-27T04:00:00,4.340,99.10,2.000
2025-09-27T03:45:00,4.320,99.60,1.000
2025-09-27T03:30:00,4.300,97.40,1.500
2025-09-27T03:15:00,4.280,96.60,3.000
2025-09-27T03:00:00,4.240,86.20,17.500
2025-09-27T02:45:00,4.190,98.30,21.500
2025-09-27T02:30:00,4.150,90.40,8.000
2025-09-27T02:15:00,4.130,91.40,3.500
2025-09-27T02:00:00,4.120,89.00,3.000
2025-09-27T01:45:00,4.110,89.00,3.500
2025-09-27T01:30:00,4.100,89.80,6.000
2025-09-27T01:15:00,4.080,81.60,3.500
2025-09-27T01:00:00,4.080,80.00,7.000
2025-09-27T00:45:00,4.070,77.30,5.500
2025-09-27T00:30:00,4.060,76.60,8.500
2025-09-27T00:15:00,4.050,77.50,4.000
2025-09-27T00:00:00,4.040,47.50,0.000
2025-09-26T23:45:00,4.040,50.60,0.500
2025-09-26T23:30:00,4.040,47.40,0.000
2025-09-26T23:15:00,4.040,61.50,0.000
2025-09-26T23:00:00,4.040,65.80,0.000
2025-09-26T22:45:00,4.050,61.60,0.000
2025-09-26T22:30:00,4.050,76.30,0.000
2025-09-26T22:15:00,4.050,82.10,0.000
2025-09-26T22:00:00,4.050,79.30,0.000
2025-09-26T21:45:00,4.050,83.60,0.000
2025-09-26T21:30:00,4.050,84.30,0.500
2025-09-26T21:15:00,4.060,82.70,0.500
2025-09-26T21:00:00,4.060,76.70,0.000
2025-09-26T20:45:00,4.060,80.90,0.500
2025-09-26T20:30:00,4.060,80.20,0.000
2025-09-26T20:15:00,4.060,83.90,0.500
2025-09-26T20:00:00,4.060,79.40,0.000
2025-09-26T19:45:00,4.070,83.80,0.000
2025-09-26T19:30:00,4.070,71.10,0.000
2025-09-26T19:15:00,4.070,62.40,0.000
2025-09-26T19:00:00,4.070,52.40,0.000
2025-09-26T18:45:00,4.080,63.00,0.000
2025-09-26T18:30:00,4.080,49.80,0.000
2025-09-26T18:15:00,4.080,59.70,0.000
2025-09-26T18:00:00,4.080,56.60,0.000
2025-09-26T17:45:00,4.080,59.70,0.000
2025-09-26T17:30:00,4.090,55.90,0.000
2025-09-26T17:15:00,4.090,59.10,0.000
2025-09-26T17:00:00,4.090,59.00,0.000
2025-09-26T16:45:00,4.090,52.10,0.000
2025-09-26T16:30:00,4.100,50.80,0.000
2025-09-26T16:15:00,4.100,47.40,0.000
2025-09-26T16:00:00,4.100,52.10,0.000
2025-09-26T15:45:00,4.100,54.80,0.000
2025-09-26T15:30:00,4.110,53.60,0.000
2025-09-26T15:15:00,4.110,61.00,0.000
2025-09-26T15:00:00,4.110,49.30,0.000
2025-09-26T14:45:00,4.110,58.30,0.000
2025-09-26T14:30:00,4.110,54.00,0.000
2025-09-26T14:15:00,4.110,51.00,0.000
2025-09-26T14:00:00,4.120,60.40,0.000
2025-09-26T13:45:00,4.130,50.70,0.000
2025-09-26T13:30:00,4.130,51.00,0.000
2025-09-26T13:15:00,4.130,46.00,0.000
2025-09-26T13:00:00,4.130,55.80,0.000
2025-09-26T12:45:00,4.140,53.40,0.000
2025-09-26T12:30:00,4.140,51.50,0.000
2025-09-26T12:15:00,4.140,56.60,0.000
2025-09-26T12:00:00,4.150,57.00,0.000
2025-09-26T11:45:00,4.150,61.90,0.000
2025-09-26T11:30:00,4.150,57.10,0.000
2025-09-26T11:15:00,4.150,46.50,0.000
2025-09-26T11:00:00,4.160,60.20,0.000
2025-09-26T10:45:00,4.150,55.90,0.000
2025-09-26T10:30:00,4.150,53.60,0.000
2025-09-26T10:15:00,4.160,61.00,0.000
2025-09-26T10:00:00,4.160,64.00,0.000
2025-09-26T09:45:00,4.160,59.70,0.000
2025-09-26T09:30:00,4.160,59.70,0.000
2025-09-26T09:15:00,4.160,62.90,0.000
2025-09-26T09:00:00,4.160,57.80,0.000
2025-09-26T08:45:00,4.170,56.50,0.000
2025-09-26T08:30:00,4.170,59.80,0.000
2025-09-26T08:15:00,4.170,61.40,0.000
2025-09-26T08:00:00,4.170,67.70,0.000
2025-09-26T07:45:00,4.170,62.80,0.000
2025-09-26T07:30:00,4.180,63.50,0.000
2025-09-26T07:15:00,4.180,59.10,0.000
2025-09-26T07:00:00,4.180,67.10,0.000
2025-09-26T06:45:00,4.180,65.70,0.000
2025-09-26T06:30:00,4.180,54.60,0.000
2025-09-26T06:15:00,4.190,60.60,0.000
2025-09-26T06:00:00,4.190,61.00,0.000
2025-09-26T05:45:00,4.190,61.60,0.000
2025-09-26T05:30:00,4.190,61.10,0.000
2025-09-26T05:15:00,4.190,62.50,0.000
2025-09-26T05:00:00,4.200,61.90,0.000
2025-09-26T04:45:00,4.200,63.00,0.000
2025-09-26T04:30:00,4.200,65.20,0.000
2025-09-26T04:15:00,4.200,67.20,0.000
2025-09-26T04:00:00,4.200,62.00,0.000
2025-09-26T03:45:00,4.200,66.50,0.000
2025-09-26T03:30:00,4.210,64.40,0.000
2025-09-26T03:15:00,4.210,63.10,0.000
2025-09-26T03:00:00,4.210,63.40,0.000
2025-09-26T02:45:00,4.210,69.10,0.000
2025-09-26T02:30:00,4.210,55.20,0.000
2025-09-26T02:15:00,4.220,64.70,0.000
2025-09-26T02:00:00,4.220,59.10,0.000
2025-09-26T01:45:00,4.220,67.30,0.000
2025-09-26T01:30:00,4.220,56.30,0.000
2025-09-26T01:15:00,4.220,57.00,0.000
2025-09-26T01:00:00,4.230,67.30,0.000
2025-09-26T00:45:00,4.230,59.30,0.000
2025-09-26T00:30:00,4.230,62.60,0.000
2025-09-26T00:15:00,4.230,72.80,0.000
2025-09-26T00:00:00,4.230,63.50,0.000
2025-09-25T23:45:00,4.230,65.50,0.000
2025-09-25T23:30:00,4.240,65.10,0.000
2025-09-25T23:15:00,4.240,64.40,0.000
2025-09-25T23:00:00,4.240,63.20,0.000
2025-09-25T22:45:00,4.240,61.30,0.000
2025-09-25T22:30:00,4.250,76.00,0.000
2025-09-25T22:15:00,4.250,74.90,0.000
2025-09-25T22:00:00,4.250,91.90,0.000
2025-09-25T21:45:00,4.260,83.10,0.000
2025-09-25T21:30:00,4.260,72.90,0.000
2025-09-25T21:15:00,4.260,86.00,0.000
2025-09-25T21:00:00,4.270,85.90,0.500
2025-09-25T20:45:00,4.270,73.50,0.000
2025-09-25T20:30:00,4.270,90.50,0.500
2025-09-25T20:15:00,4.270,64.40,0.000
2025-09-25T20:00:00,4.280,71.30,0.000
2025-09-25T19:45:00,4.280,72.90,0.000
2025-09-25T19:30:00,4.290,82.60,0.000
2025-09-25T19:15:00,4.290,74.70,0.500
2025-09-25T19:00:00,4.290,89.70,0.500
2025-09-25T18:45:00,4.300,51.60,0.000
2025-09-25T18:30:00,4.300,67.80,0.000
2025-09-25T18:15:00,4.300,69.00,0.000
2025-09-25T18:00:00,4.300,71.60,0.000
2025-09-25T17:45:00,4.310,64.80,0.000
2025-09-25T17:30:00,4.310,70.00,0.000
2025-09-25T17:15:00,4.320,72.70,0.000
2025-09-25T17:00:00,4.320,71.30,0.000
2025-09-25T16:45:00,4.320,65.10,0.000
2025-09-25T16:30:00,4.330,71.70,0.000
2025-09-25T16:15:00,4.330,78.00,0.000
2025-09-25T16:00:00,4.340,80.80,0.000
2025-09-25T15:45:00,4.330,92.20,3.500
2025-09-25T15:30:00,4.340,91.00,2.500
2025-09-25T15:15:00,4.340,92.00,0.000
2025-09-25T15:00:00,4.340,57.50,0.000
2025-09-25T14:45:00,4.340,58.70,0.000
2025-09-25T14:30:00,4.340,43.60,0.000
2025-09-25T14:15:00,4.340,46.50,0.000
2025-09-25T14:00:00,4.340,48.60,0.000
2025-09-25T13:45:00,4.350,69.80,0.000
2025-09-25T13:30:00,4.340,44.60,0.000
2025-09-25T13:15:00,4.340,51.00,0.000
2025-09-25T13:00:00,4.340,53.60,0.000
2025-09-25T12:45:00,4.340,50.40,0.000
2025-09-25T12:30:00,4.340,48.60,0.000
2025-09-25T12:15:00,4.340,43.70,0.000
2025-09-25T12:00:00,4.340,43.40,0.000
2025-09-25T11:45:00,4.340,67.50,0.000
2025-09-25T11:30:00,4.340,59.00,0.000
2025-09-25T11:15:00,4.340,43.60,0.000
2025-09-25T11:00:00,4.340,37.40,0.000
2025-09-25T10:45:00,4.350,66.70,0.000
2025-09-25T10:30:00,4.360,72.80,0.000
2025-09-25T10:15:00,4.360,71.00,0.000
2025-09-25T10:00:00,4.370,46.70,0.000
2025-09-25T09:45:00,4.370,69.40,0.000
2025-09-25T09:30:00,4.370,74.50,0.000
2025-09-25T09:15:00,4.380,75.50,0.000
2025-09-25T09:00:00,4.380,64.30,0.000
2025-09-25T08:45:00,4.390,77.70,0.000
2025-09-25T08:30:00,4.390,75.40,0.000
2025-09-25T08:15:00,4.400,78.90,0.000
2025-09-25T08:00:00,4.400,74.50,0.000
2025-09-25T07:45:00,4.400,75.10,0.000
2025-09-25T07:30:00,4.410,71.40,0.000
2025-09-25T07:15:00,4.420,72.30,0.000
2025-09-25T07:00:00,4.420,72.60,0.000
2025-09-25T06:45:00,4.430,77.30,0.000
2025-09-25T06:30:00,4.430,73.20,0.000
2025-09-25T06:15:00,4.440,80.20,0.000
2025-09-25T06:00:00,4.440,73.30,0.000
2025-09-25T05:45:00,4.440,80.40,0.000
2025-09-25T05:30:00,4.460,68.10,0.000
2025-09-25T05:15:00,4.460,83.80,0.000
2025-09-25T05:00:00,4.460,69.00,0.000
2025-09-25T04:45:00,4.460,71.80,0.000
2025-09-25T04:30:00,4.460,71.80,0.000
2025-09-25T04:15:00,4.470,76.50,0.000
2025-09-25T04:00:00,4.470,0.00,0.000
2025-09-25T03:45:00,4.470,74.00,0.000
2025-09-25T03:30:00,4.470,70.10,0.000
2025-09-25T03:15:00,4.470,73.60,0.000
2025-09-25T03:00:00,4.480,80.40,0.000
2025-09-25T02:45:00,4.480,73.00,0.000
2025-09-25T02:30:00,4.480,68.00,0.000
2025-09-25T02:15:00,4.480,72.40,0.000
2025-09-25T02:00:00,4.490,73.90,0.000
2025-09-25T01:45:00,4.490,72.80,0.000
2025-09-25T01:30:00,4.490,71.30,0.000
2025-09-25T01:15:00,4.490,72.80,0.000
2025-09-25T01:00:00,4.490,69.90,0.000
2025-09-25T00:45:00,4.490,70.00,0.000
2025-09-25T00:30:00,4.490,74.10,0.000
2025-09-25T00:15:00,4.500,67.30,0.000
2025-09-25T00:00:00,4.500,73.00,0.000
2025-09-24T23:45:00,4.500,78.40,0.000
2025-09-24T23:30:00,4.500,73.30,0.000
2025-09-24T23:15:00,4.500,0.00,0.000
2025-09-24T23:00:00,4.510,70.30,0.000
2025-09-24T22:45:00,4.510,70.30,0.000
2025-09-24T22:30:00,4.510,69.50,0.000
2025-09-24T22:15:00,4.510,78.90,0.000
2025-09-24T22:00:00,4.510,73.90,0.000
2025-09-24T21:45:00,4.510,78.40,0.000
2025-09-24T21:30:00,4.510,92.30,0.000
2025-09-24T21:15:00,4.520,74.50,0.000
2025-09-24T21:00:00,4.520,68.10,0.000
2025-09-24T20:45:00,4.520,78.50,0.000
2025-09-24T20:30:00,4.520,82.50,0.000
2025-09-24T20:15:00,4.520,77.10,0.000
2025-09-24T20:00:00,4.520,81.60,0.000
2025-09-24T19:45:00,4.520,78.50,0.000
2025-09-24T19:30:00,4.520,73.50,0.000
2025-09-24T19:15:00,4.520,77.60,0.000
2025-09-24T19:00:00,4.510,68.80,0.000
2025-09-24T18:45:00,4.500,73.80,0.000
2025-09-24T18:30:00,4.490,0.00,0.000
2025-09-24T18:15:00,4.480,81.10,0.000
2025-09-24T18:00:00,4.470,73.90,0.000
2025-09-24T17:45:00,4.460,69.60,0.000
2025-09-24T17:30:00,4.450,73.90,0.000
2025-09-24T17:15:00,4.440,85.70,0.000
2025-09-24T17:00:00,4.430,0.00,0.000
2025-09-24T16:45:00,4.420,71.00,0.000
2025-09-24T16:30:00,4.410,69.90,0.000
2025-09-24T16:15:00,4.410,75.20,0.000
2025-09-24T16:00:00,4.400,67.30,0.000
2025-09-24T15:45:00,4.390,64.50,0.000
2025-09-24T15:30:00,4.380,72.80,0.000
2025-09-24T15:15:00,4.370,67.90,0.000
2025-09-24T15:00:00,4.360,70.20,0.000
2025-09-24T14:45:00,4.350,87.50,0.000
2025-09-24T14:30:00,4.340,71.50,0.000
2025-09-24T14:15:00,4.330,84.70,0.000
2025-09-24T14:00:00,4.320,100.00,0.500
2025-09-24T13:45:00,4.320,92.40,4.500
2025-09-24T13:30:00,4.300,88.10,0.000
2025-09-24T13:15:00,4.290,63.90,0.000
2025-09-24T13:00:00,4.280,55.10,0.000
2025-09-24T12:45:00,4.270,45.30,0.000
2025-09-24T12:30:00,4.260,39.80,0.000
2025-09-24T12:15:00,4.250,45.00,0.000
2025-09-24T12:00:00,4.250,53.40,0.000
2025-09-24T11:45:00,4.240,55.30,0.000
2025-09-24T11:30:00,4.230,42.60,0.000
2025-09-24T11:15:00,4.230,53.00,0.000
2025-09-24T11:00:00,4.230,46.50,0.000
2025-09-24T10:45:00,4.230,50.10,0.000
2025-09-24T10:30:00,4.230,43.80,0.000
2025-09-24T10:15:00,4.230,53.00,0.000
2025-09-24T10:00:00,4.230,50.50,0.000
2025-09-24T09:45:00,4.220,55.40,0.000
2025-09-24T09:30:00,4.220,66.90,0.000
2025-09-24T09:15:00,4.220,62.40,0.000
2025-09-24T09:00:00,4.230,70.80,0.000
2025-09-24T08:45:00,4.230,64.80,0.000
2025-09-24T08:30:00,4.230,67.90,0.000
2025-09-24T08:15:00,4.230,69.10,0.000
2025-09-24T08:00:00,4.240,68.30,0.000
2025-09-24T07:45:00,4.240,75.20,0.000
2025-09-24T07:30:00,4.240,71.30,0.000
2025-09-24T07:15:00,4.250,68.00,0.000
2025-09-24T07:00:00,4.250,74.50,0.000
2025-09-24T06:45:00,4.250,66.30,0.000
2025-09-24T06:30:00,4.260,74.70,0.000
2025-09-24T06:15:00,4.260,66.60,0.000
2025-09-24T06:00:00,4.260,71.00,0.000
2025-09-24T05:45:00,4.260,71.30,0.000
2025-09-24T05:30:00,4.270,69.40,0.000
2025-09-24T05:15:00,4.270,69.80,0.000
2025-09-24T05:00:00,4.270,76.80,0.000
2025-09-24T04:45:00,4.280,76.40,0.000
2025-09-24T04:30:00,4.280,71.70,0.000
2025-09-24T04:15:00,4.290,70.90,0.000
2025-09-24T04:00:00,4.290,74.70,0.000
2025-09-24T03:45:00,4.290,76.30,0.000
2025-09-24T03:30:00,4.290,67.80,0.000
2025-09-24T03:15:00,4.300,72.60,0.000
2025-09-24T03:00:00,4.300,69.40,0.000
2025-09-24T02:45:00,4.310,77.50,0.000
2025-09-24T02:30:00,4.310,73.50,0.000
2025-09-24T02:15:00,4.310,71.90,0.000
2025-09-24T02:00:00,4.320,77.00,0.000
2025-09-24T01:45:00,4.320,76.40,0.000
2025-09-24T01:30:00,4.320,73.20,0.000
2025-09-24T01:15:00,4.330,73.70,0.000
2025-09-24T01:00:00,4.330,73.50,0.000
2025-09-24T00:45:00,4.340,72.70,0.000
2025-09-24T00:30:00,4.340,74.00,0.000
2025-09-24T00:15:00,4.340,79.20,0.000
2025-09-24T00:00:00,4.350,70.60,0.000
2025-09-23T23:45:00,4.350,76.40,0.000
2025-09-23T23:30:00,4.360,70.80,0.000
2025-09-23T23:15:00,4.360,68.30,0.000
2025-09-23T23:00:00,4.360,80.70,0.000
2025-09-23T22:45:00,4.370,74.60,0.000
2025-09-23T22:30:00,4.370,85.00,0.000
2025-09-23T22:15:00,4.380,88.40,0.000
2025-09-23T22:00:00,4.380,87.00,1.000
2025-09-23T21:45:00,4.380,79.20,0.000
2025-09-23T21:30:00,4.390,89.50,0.000
2025-09-23T21:15:00,4.390,75.30,0.000
2025-09-23T21:00:00,4.400,82.80,0.000
2025-09-23T20:45:00,4.400,81.40,0.000
2025-09-23T20:30:00,4.400,81.70,0.000
2025-09-23T20:15:00,4.400,70.00,0.000
2025-09-23T20:00:00,4.410,89.80,0.000
2025-09-23T19:45:00,4.410,89.90,0.000
2025-09-23T19:30:00,4.410,88.90,0.000
2025-09-23T19:15:00,4.410,90.10,0.000
2025-09-23T19:00:00,4.410,78.90,0.000
2025-09-23T18:45:00,4.400,79.10,0.000
2025-09-23T18:30:00,4.400,71.80,0.000
2025-09-23T18:15:00,4.400,79.10,0.000
2025-09-23T18:00:00,4.400,86.20,0.000
2025-09-23T17:45:00,4.390,77.10,0.000
2025-09-23T17:30:00,4.390,90.70,2.000
2025-09-23T17:15:00,4.390,104.40,1.000
2025-09-23T17:00:00,4.380,88.40,0.000
2025-09-23T16:45:00,4.370,104.50,0.000
2025-09-23T16:30:00,4.370,78.70,0.000
2025-09-23T16:15:00,4.370,67.60,0.000
2025-09-23T16:00:00,4.370,82.70,0.000
2025-09-23T15:45:00,4.370,66.20,0.000
2025-09-23T15:30:00,4.360,78.40,0.000
2025-09-23T15:15:00,4.360,63.10,0.000
2025-09-23T15:00:00,4.350,74.50,0.000
2025-09-23T14:45:00,4.350,70.60,0.000
2025-09-23T14:30:00,4.350,71.10,0.000
2025-09-23T14:15:00,4.340,76.20,0.000
2025-09-23T14:00:00,4.340,87.60,0.000
2025-09-23T13:45:00,4.330,77.50,0.000
2025-09-23T13:30:00,4.330,77.70,0.000
2025-09-23T13:15:00,4.320,79.30,0.000
2025-09-23T13:00:00,4.320,57.60,0.000
2025-09-23T12:45:00,4.320,73.80,0.000
2025-09-23T12:30:00,4.310,84.70,0.000
2025-09-23T12:15:00,4.310,81.90,0.000
2025-09-23T12:00:00,4.310,78.10,0.000
2025-09-23T11:45:00,4.300,80.40,0.000
2025-09-23T11:30:00,4.300,81.50,0.000
2025-09-23T11:15:00,4.300,74.40,0.000
2025-09-23T11:00:00,4.300,87.50,0.000
2025-09-23T10:45:00,4.300,75.80,0.000
2025-09-23T10:30:00,4.300,78.40,0.000
2025-09-23T10:15:00,4.300,72.50,0.000
2025-09-23T10:00:00,4.300,73.90,0.000
2025-09-23T09:45:00,4.300,58.60,0.000
2025-09-23T09:30:00,4.300,76.60,0.000
2025-09-23T09:15:00,4.300,73.40,0.000
2025-09-23T09:00:00,4.300,77.40,0.000
2025-09-23T08:45:00,4.300,81.10,0.000
2025-09-23T08:30:00,4.300,84.60,0.000
2025-09-23T08:15:00,4.300,79.70,0.000
2025-09-23T08:00:00,4.310,78.90,0.000
2025-09-23T07:45:00,4.310,78.40,0.000
2025-09-23T07:30:00,4.320,82.90,0.000
2025-09-23T07:15:00,4.320,83.50,0.000
2025-09-23T07:00:00,4.320,83.00,0.000
2025-09-23T06:45:00,4.320,77.50,0.000
2025-09-23T06:30:00,4.320,87.40,0.000
2025-09-23T06:15:00,4.330,90.00,0.000
2025-09-23T06:00:00,4.330,86.10,0.000
2025-09-23T05:45:00,4.330,78.60,0.000
2025-09-23T05:30:00,4.340,81.10,0.000
2025-09-23T05:15:00,4.340,82.80,0.000
2025-09-23T05:00:00,4.340,82.60,0.000
2025-09-23T04:45:00,4.350,88.90,0.000
2025-09-23T04:30:00,4.350,86.90,0.000
2025-09-23T04:15:00,4.350,86.40,0.000
2025-09-23T04:00:00,4.360,107.10,0.000
2025-09-23T03:45:00,4.360,87.70,0.000
2025-09-23T03:30:00,4.360,80.60,0.000
2025-09-23T03:15:00,4.360,87.70,0.000
2025-09-23T03:00:00,4.370,88.60,0.000
2025-09-23T02:45:00,4.370,86.80,0.000
2025-09-23T02:30:00,4.370,78.00,0.000
2025-09-23T02:15:00,4.370,92.00,0.000
2025-09-23T02:00:00,4.380,84.60,0.000
2025-09-23T01:45:00,4.380,95.40,0.000
2025-09-23T01:30:00,4.380,87.80,0.000
2025-09-23T01:15:00,4.390,84.70,0.000
2025-09-23T01:00:00,4.390,83.60,0.000
2025-09-23T00:45:00,4.390,87.70,0.000
2025-09-23T00:30:00,4.400,85.10,0.000
2025-09-23T00:15:00,4.400,85.60,0.000
2025-09-23T00:00:00,4.400,83.90,0.000
2025-09-22T23:45:00,4.400,84.90,0.000
2025-09-22T23:30:00,4.410,85.40,0.000
2025-09-22T23:15:00,4.410,96.70,0.000
2025-09-22T23:00:00,4.420,91.10,0.000
2025-09-22T22:45:00,4.420,91.60,0.000
2025-09-22T22:30:00,4.430,93.70,0.000
2025-09-22T22:15:00,4.430,92.40,0.500
2025-09-22T22:00:00,4.430,105.70,0.000
2025-09-22T21:45:00,4.430,105.50,0.000
2025-09-22T21:30:00,4.440,97.80,0.000
2025-09-22T21:15:00,4.440,103.20,0.000
2025-09-22T21:00:00,4.440,94.90,0.000
2025-09-22T20:45:00,4.450,97.00,0.000
2025-09-22T20:30:00,4.450,109.70,0.500
2025-09-22T20:15:00,4.450,111.40,0.000
2025-09-22T20:00:00,4.450,101.70,0.000
2025-09-22T19:45:00,4.450,97.60,0.000
2025-09-22T19:30:00,4.460,110.50,0.000
2025-09-22T19:15:00,4.450,110.00,0.000
2025-09-22T19:00:00,4.450,101.80,1.000
2025-09-22T18:45:00,4.450,87.40,0.000
2025-09-22T18:30:00,4.440,84.70,4.500
2025-09-22T18:15:00,4.430,89.70,0.000
2025-09-22T18:00:00,4.430,98.20,0.000
2025-09-22T17:45:00,4.420,88.80,0.000
2025-09-22T17:30:00,4.420,92.30,0.000
2025-09-22T17:15:00,4.410,90.50,0.000
2025-09-22T17:00:00,4.410,85.70,0.000
2025-09-22T16:45:00,4.410,95.70,0.000
2025-09-22T16:30:00,4.400,86.30,0.000
2025-09-22T16:15:00,4.390,88.60,0.000
2025-09-22T16:00:00,4.390,82.70,0.000
2025-09-22T15:45:00,4.390,75.40,0.000
2025-09-22T15:30:00,4.380,82.70,0.000
2025-09-22T15:15:00,4.380,80.50,0.000
2025-09-22T15:00:00,4.370,85.70,0.000
2025-09-22T14:45:00,4.360,76.60,0.000
2025-09-22T14:30:00,4.350,71.80,0.000
2025-09-22T14:15:00,4.350,63.70,0.000
2025-09-22T14:00:00,4.340,73.70,0.000
2025-09-22T13:45:00,4.330,89.50,0.000
2025-09-22T13:30:00,4.330,62.60,0.000
2025-09-22T13:15:00,4.320,72.70,0.000
2025-09-22T13:00:00,4.310,86.30,0.000
2025-09-22T12:45:00,4.300,79.00,0.000
2025-09-22T12:30:00,4.290,67.10,0.000
2025-09-22T12:15:00,4.280,65.50,0.000
2025-09-22T12:00:00,4.280,74.50,0.000
2025-09-22T11:45:00,4.270,69.30,0.000
2025-09-22T11:30:00,4.260,66.10,0.000
2025-09-22T11:15:00,4.260,79.60,0.000
2025-09-22T11:00:00,4.250,92.50,0.000
2025-09-22T10:45:00,4.240,78.30,0.000
2025-09-22T10:30:00,4.240,83.40,0.000
2025-09-22T10:15:00,4.230,74.60,0.000
2025-09-22T10:00:00,4.220,82.40,0.000
2025-09-22T09:45:00,4.210,81.80,0.000
2025-09-22T09:30:00,4.200,90.40,0.000
2025-09-22T09:15:00,4.200,90.00,0.000
2025-09-22T09:00:00,4.200,92.80,0.000
2025-09-22T08:45:00,4.200,86.60,0.000
2025-09-22T08:30:00,4.200,92.40,0.000
2025-09-22T08:15:00,4.200,93.10,0.000
2025-09-22T08:00:00,4.210,97.70,0.000
2025-09-22T07:45:00,4.210,94.00,0.000
2025-09-22T07:30:00,4.210,91.70,0.000
2025-09-22T07:15:00,4.210,92.10,0.000
2025-09-22T07:00:00,4.210,87.10,0.000
2025-09-22T06:45:00,4.210,95.50,0.000
2025-09-22T06:30:00,4.220,95.60,0.000
2025-09-22T06:15:00,4.220,92.00,0.000
2025-09-22T06:00:00,4.210,94.80,0.000
2025-09-22T05:45:00,4.220,96.80,0.000
2025-09-22T05:30:00,4.220,92.50,0.000
2025-09-22T05:15:00,4.220,91.20,0.000
2025-09-22T05:00:00,4.210,96.30,0.000
2025-09-22T04:45:00,4.220,92.80,0.000
2025-09-22T04:30:00,4.210,93.90,0.000
2025-09-22T04:15:00,4.220,96.70,0.000
2025-09-22T04:00:00,4.210,94.50,0.000
2025-09-22T03:45:00,4.210,94.20,0.000
2025-09-22T03:30:00,4.210,100.40,0.000
2025-09-22T03:15:00,4.210,93.30,0.000
2025-09-22T03:00:00,4.210,100.90,0.000
2025-09-22T02:45:00,4.210,94.80,0.000
2025-09-22T02:30:00,4.210,97.90,0.000
2025-09-22T02:15:00,4.210,93.30,0.000
2025-09-22T02:00:00,4.210,93.40,0.000
2025-09-22T01:45:00,4.210,91.70,0.000
2025-09-22T01:30:00,4.210,96.20,0.500
2025-09-22T01:15:00,4.210,89.10,0.000
2025-09-22T01:00:00,4.210,90.90,0.000
2025-09-22T00:45:00,4.210,82.30,0.000
2025-09-22T00:30:00,4.220,93.70,0.000
2025-09-22T00:15:00,4.220,89.30,0.000
2025-09-22T00:00:00,4.220,95.50,0.000
2025-09-21T23:45:00,4.220,94.10,0.000
2025-09-21T23:30:00,4.220,95.80,0.000
2025-09-21T23:15:00,4.230,100.40,0.000
2025-09-21T23:00:00,4.230,113.00,0.000
2025-09-21T22:45:00,4.230,110.30,0.000
2025-09-21T22:30:00,4.240,99.90,0.000
2025-09-21T22:15:00,4.240,99.10,0.500
2025-09-21T22:00:00,4.240,99.10,0.000
2025-09-21T21:45:00,4.250,110.80,1.000
2025-09-21T21:30:00,4.250,110.80,0.000
2025-09-21T21:15:00,4.250,103.20,0.000
2025-09-21T21:00:00,4.250,106.90,0.000
2025-09-21T20:45:00,4.250,108.60,1.000
2025-09-21T20:30:00,4.260,92.30,0.000
2025-09-21T20:15:00,4.260,89.80,0.000
2025-09-21T20:00:00,4.270,103.40,0.000
2025-09-21T19:45:00,4.270,97.40,0.000
2025-09-21T19:30:00,4.270,97.70,0.000
2025-09-21T19:15:00,4.270,99.80,0.000
2025-09-21T19:00:00,4.270,99.60,0.000
2025-09-21T18:45:00,4.270,96.90,0.000
2025-09-21T18:30:00,4.270,102.20,0.000
2025-09-21T18:15:00,4.260,98.20,0.000
2025-09-21T18:00:00,4.270,92.90,0.000
2025-09-21T17:45:00,4.260,96.40,0.000
2025-09-21T17:30:00,4.270,106.60,0.000
2025-09-21T17:15:00,4.270,97.40,0.000
2025-09-21T17:00:00,4.260,91.80,0.000
2025-09-21T16:45:00,4.260,93.40,0.000
2025-09-21T16:30:00,4.260,92.10,0.000
2025-09-21T16:15:00,4.260,94.20,0.000
2025-09-21T16:00:00,4.260,98.00,0.000
2025-09-21T15:45:00,4.260,104.30,0.000
2025-09-21T15:30:00,4.250,96.20,0.000
2025-09-21T15:15:00,4.250,90.60,0.000
2025-09-21T15:00:00,4.250,94.70,0.000
2025-09-21T14:45:00,4.240,102.00,0.000
2025-09-21T14:30:00,4.240,85.90,0.000
2025-09-21T14:15:00,4.240,90.60,0.000
2025-09-21T14:00:00,4.240,99.60,0.000
2025-09-21T13:45:00,4.230,87.60,0.000
2025-09-21T13:30:00,4.230,85.00,0.000
2025-09-21T13:15:00,4.230,92.90,0.000
2025-09-21T13:00:00,4.220,93.20,0.000
2025-09-21T12:45:00,4.210,80.10,0.000
2025-09-21T12:30:00,4.210,94.00,0.000
2025-09-21T12:15:00,4.200,89.30,0.000
2025-09-21T12:00:00,4.200,96.80,0.000
2025-09-21T11:45:00,4.200,92.30,0.000
2025-09-21T11:30:00,4.200,85.40,0.000
2025-09-21T11:15:00,4.200,91.40,0.000
2025-09-21T11:00:00,4.200,96.10,0.000
2025-09-21T10:45:00,4.200,90.90,0.000
2025-09-21T10:30:00,4.200,91.30,0.000
2025-09-21T10:15:00,4.200,95.00,0.000
2025-09-21T10:00:00,4.200,97.10,0.000
2025-09-21T09:45:00,4.200,92.40,0.000
2025-09-21T09:30:00,4.200,87.60,0.000
2025-09-21T09:15:00,4.200,98.70,0.000
2025-09-21T09:00:00,4.200,95.20,0.000
2025-09-21T08:45:00,4.200,93.80,0.000
2025-09-21T08:30:00,4.200,98.40,0.000
2025-09-21T08:15:00,4.210,103.70,0.000
2025-09-21T08:00:00,4.210,101.70,0.000
2025-09-21T07:45:00,4.210,96.80,0.000
2025-09-21T07:30:00,4.220,107.20,0.000
2025-09-21T07:15:00,4.220,96.60,0.000
2025-09-21T07:00:00,4.230,105.20,0.000
2025-09-21T06:45:00,4.230,110.00,0.000
2025-09-21T06:30:00,4.230,101.40,0.000
2025-09-21T06:15:00,4.240,105.80,0.000
2025-09-21T06:00:00,4.250,104.90,0.000
2025-09-21T05:45:00,4.250,99.90,0.000
2025-09-21T05:30:00,4.260,104.00,0.000
2025-09-21T05:15:00,4.260,114.80,0.000
2025-09-21T05:00:00,4.280,107.00,0.000
2025-09-21T04:45:00,4.280,102.80,0.000
2025-09-21T04:30:00,4.280,112.50,0.000
2025-09-21T04:15:00,4.280,108.00,0.000
2025-09-21T04:00:00,4.290,101.50,0.000
2025-09-21T03:45:00,4.290,111.30,0.000
2025-09-21T03:30:00,4.300,107.60,0.000
2025-09-21T03:15:00,4.300,115.70,0.000
2025-09-21T03:00:00,4.310,110.00,0.000
2025-09-21T02:45:00,4.310,118.00,0.000
2025-09-21T02:30:00,4.320,111.90,0.000
2025-09-21T02:15:00,4.320,110.10,0.000
2025-09-21T02:00:00,4.320,115.20,0.000
2025-09-21T01:45:00,4.330,112.10,0.000
2025-09-21T01:30:00,4.330,108.10,0.000
2025-09-21T01:15:00,4.330,117.80,0.000
2025-09-21T01:00:00,4.340,109.30,0.000
2025-09-21T00:45:00,4.350,112.50,0.000
2025-09-21T00:30:00,4.350,105.50,0.000
2025-09-21T00:15:00,4.360,107.00,0.000
2025-09-21T00:00:00,4.360,109.00,0.000
2025-10-04T23:45:00,4.560,99.60,0.000
2025-10-04T23:30:00,4.570,92.40,0.000
2025-10-04T23:15:00,4.570,94.80,0.000
2025-10-04T23:00:00,4.580,96.70,0.000
2025-10-04T22:45:00,4.590,97.80,0.000
2025-10-04T22:30:00,4.590,100.10,0.000
2025-10-04T22:15:00,4.600,97.10,0.000
2025-10-04T22:00:00,4.600,100.20,0.000
2025-10-04T21:45:00,4.600,94.70,0.000
2025-10-04T21:30:00,4.610,84.70,0.000
2025-10-04T21:15:00,4.610,104.50,0.000
2025-10-04T21:00:00,4.620,99.80,0.000
2025-10-04T20:45:00,4.620,88.90,0.000
2025-10-04T20:30:00,4.620,93.40,0.000
2025-10-04T20:15:00,4.620,101.60,0.000
2025-10-04T20:00:00,4.620,89.90,0.000
2025-10-04T19:45:00,4.620,94.50,0.000
2025-10-04T19:30:00,4.620,99.90,0.000
2025-10-04T19:15:00,4.620,94.20,0.000
2025-10-04T19:00:00,4.620,92.70,0.000
2025-10-04T18:45:00,4.620,97.90,0.000
2025-10-04T18:30:00,4.620,99.90,0.000
2025-10-04T18:15:00,4.620,104.70,0.000
2025-10-04T18:00:00,4.620,109.20,0.000
2025-10-04T17:45:00,4.630,112.20,0.000
2025-10-04T17:30:00,4.640,105.00,0.000
2025-10-04T17:15:00,4.640,99.00,0.000
2025-10-04T17:00:00,4.650,97.90,0.000
2025-10-04T16:45:00,4.660,94.40,0.000
2025-10-04T16:30:00,4.660,103.90,0.000
2025-10-04T16:15:00,4.670,88.90,0.000
2025-10-04T16:00:00,4.680,87.30,0.000
2025-10-04T15:45:00,4.690,75.00,0.000
2025-10-04T15:30:00,4.700,93.00,0.000
2025-10-04T15:15:00,4.710,81.40,0.000
2025-10-04T15:00:00,4.740,70.80,0.000
2025-10-04T14:45:00,4.740,72.30,0.000
2025-10-04T14:30:00,4.740,61.60,0.000
2025-10-04T14:15:00,4.730,67.40,0.000
2025-10-04T14:00:00,4.730,67.00,0.000
2025-10-04T13:45:00,4.740,61.10,0.000
2025-10-04T13:30:00,4.740,93.80,0.000
2025-10-04T13:15:00,4.730,69.70,0.000
2025-10-04T13:00:00,4.730,96.30,0.000
2025-10-04T12:45:00,4.740,87.00,0.000
2025-10-04T12:30:00,4.740,72.20,0.000
2025-10-04T12:15:00,4.740,56.70,0.000
2025-10-04T12:00:00,4.740,82.60,0.000
2025-10-04T11:45:00,4.740,90.50,0.000
2025-10-04T11:30:00,4.740,69.90,0.000
2025-10-04T11:15:00,4.750,69.40,0.000
2025-10-04T11:00:00,4.750,64.40,0.000
2025-10-04T10:45:00,4.750,86.10,1.000
2025-10-04T10:30:00,4.760,104.40,0.000
2025-10-04T10:15:00,4.750,72.80,0.000
2025-10-04T10:00:00,4.760,97.80,0.000
2025-10-04T09:45:00,4.760,74.70,0.000
2025-10-04T09:30:00,4.770,83.70,0.000
2025-10-04T09:15:00,4.770,73.90,0.000
2025-10-04T09:00:00,4.770,76.00,0.000
2025-10-04T08:45:00,4.780,87.50,0.000
2025-10-04T08:30:00,4.780,83.10,0.000
2025-10-04T08:15:00,4.790,85.00,0.000
2025-10-04T08:00:00,4.790,96.00,0.000
2025-10-04T07:45:00,4.790,89.60,0.000
2025-10-04T07:30:00,4.790,95.60,0.000
2025-10-04T07:15:00,4.790,103.80,0.000
2025-10-04T07:00:00,4.790,103.70,0.000
2025-10-04T06:45:00,4.800,89.10,0.000
2025-10-04T06:30:00,4.800,92.50,0.000
2025-10-04T06:15:00,4.800,90.30,0.000
2025-10-04T06:00:00,4.800,0.00,0.000
2025-10-04T05:45:00,4.800,97.50,0.000
2025-10-04T05:30:00,4.800,101.80,0.000
2025-10-04T05:15:00,4.800,103.30,0.000
2025-10-04T05:00:00,4.800,96.10,0.000
2025-10-04T04:45:00,4.800,104.70,0.000
2025-10-04T04:30:00,4.800,100.70,0.000
2025-10-04T04:15:00,4.800,96.60,0.000
2025-10-04T04:00:00,4.800,96.20,0.000
2025-10-04T03:45:00,4.790,98.50,0.000
2025-10-04T03:30:00,4.790,100.00,0.000
2025-10-04T03:15:00,4.790,100.60,0.000
2025-10-04T03:00:00,4.790,104.40,0.000
2025-10-04T02:45:00,4.790,99.30,0.000
2025-10-04T02:30:00,4.780,95.10,0.000
2025-10-04T02:15:00,4.780,99.20,0.000
2025-10-04T02:00:00,4.780,101.00,0.000
2025-10-04T01:45:00,4.780,104.80,0.000
2025-10-04T01:30:00,4.770,100.20,0.000
2025-10-04T01:15:00,4.770,91.70,0.000
2025-10-04T01:00:00,4.770,102.00,0.000
2025-10-04T00:45:00,4.770,103.30,0.000
2025-10-04T00:30:00,4.770,90.70,0.000
2025-10-04T00:15:00,4.760,94.90,0.000
2025-10-04T00:00:00,4.760,97.60,0.000
2025-10-03T23:45:00,4.760,92.10,0.000
2025-10-03T23:30:00,4.760,100.50,0.000
2025-10-03T23:15:00,4.760,90.40,0.000
2025-10-03T23:00:00,4.760,95.60,0.000
2025-10-03T22:45:00,4.760,96.20,0.000
2025-10-03T22:30:00,4.760,107.40,0.000
2025-10-03T22:15:00,4.760,95.80,0.000
2025-10-03T22:00:00,4.760,96.80,0.000
2025-10-03T21:45:00,4.760,90.00,0.000
2025-10-03T21:30:00,4.760,98.30,0.000
2025-10-03T21:15:00,4.760,93.60,0.000
2025-10-03T21:00:00,4.760,96.00,0.000
2025-10-03T20:45:00,4.760,115.00,0.000
2025-10-03T20:30:00,4.750,109.00,0.000
2025-10-03T20:15:00,4.750,107.10,0.000
2025-10-03T20:00:00,4.750,117.30,0.500
2025-10-03T19:45:00,4.740,117.10,0.500
2025-10-03T19:30:00,4.730,113.30,1.000
2025-10-03T19:15:00,4.720,113.80,3.500
2025-10-03T19:00:00,4.710,115.40,8.000
2025-10-03T18:45:00,4.690,122.30,2.500
2025-10-03T18:30:00,4.690,119.60,0.000
2025-10-03T18:15:00,4.680,106.50,0.000
2025-10-03T18:00:00,4.680,105.90,0.000
2025-10-03T17:45:00,4.670,107.30,0.000
2025-10-03T17:30:00,4.660,105.10,0.000
2025-10-03T17:15:00,4.660,106.90,0.000
2025-10-03T17:00:00,4.650,111.30,0.000
2025-10-03T16:45:00,4.640,96.50,0.000
2025-10-03T16:30:00,4.630,92.10,0.000
2025-10-03T16:15:00,4.610,75.40,0.000
2025-10-03T16:00:00,4.610,73.90,0.000
2025-10-03T15:45:00,4.590,73.90,0.000
2025-10-03T15:30:00,4.580,73.80,0.000
2025-10-03T15:15:00,4.570,77.30,0.000
2025-10-03T15:00:00,4.550,89.40,0.000
2025-10-03T14:45:00,4.550,97.80,0.000
2025-10-03T14:30:00,4.550,94.20,0.000
2025-10-03T14:15:00,4.540,80.70,0.000
2025-10-03T14:00:00,4.540,91.80,0.000
2025-10-03T13:45:00,4.530,112.30,0.000
2025-10-03T13:30:00,4.530,94.00,0.000
2025-10-03T13:15:00,4.520,90.20,0.000
2025-10-03T13:00:00,4.510,104.00,0.000
2025-10-03T12:45:00,4.510,96.50,0.000
2025-10-03T12:30:00,4.500,97.20,0.000
2025-10-03T12:15:00,4.500,84.70,0.000
2025-10-03T12:00:00,4.500,89.70,0.000
2025-10-03T11:45:00,4.510,0.00,0.000
2025-10-03T11:30:00,4.510,79.30,0.000
2025-10-03T11:15:00,4.510,73.10,0.000
2025-10-03T11:00:00,4.510,96.70,0.000
2025-10-03T10:45:00,4.530,77.90,0.000
2025-10-03T10:30:00,4.540,94.40,0.000
2025-10-03T10:15:00,4.550,95.30,0.000
2025-10-03T10:00:00,4.560,87.00,0.000
2025-10-03T09:45:00,4.570,94.00,0.000
2025-10-03T09:30:00,4.590,86.00,0.000
2025-10-03T09:15:00,4.630,101.30,0.000
2025-10-03T09:00:00,4.630,105.30,0.000
2025-10-03T08:45:00,4.630,104.40,0.000
2025-10-03T08:30:00,4.640,101.80,0.000
2025-10-03T08:15:00,4.650,96.20,0.000
2025-10-03T08:00:00,4.650,103.70,0.000
2025-10-03T07:45:00,4.660,109.80,0.500
2025-10-03T07:30:00,4.660,97.00,2.000
2025-10-03T07:15:00,4.660,106.00,0.000
2025-10-03T07:00:00,4.670,87.40,0.000
2025-10-03T06:45:00,4.670,77.50,0.000
2025-10-03T06:30:00,4.680,74.00,0.000
2025-10-03T06:15:00,4.690,74.10,0.000
2025-10-03T06:00:00,4.690,0.00,0.000
2025-10-03T05:45:00,4.700,79.80,0.000
2025-10-03T05:30:00,4.710,71.60,0.000
2025-10-03T05:15:00,4.710,67.80,0.000
2025-10-03T05:00:00,4.730,70.90,0.000
2025-10-03T04:45:00,4.730,73.40,0.000
2025-10-03T04:30:00,4.730,0.00,0.000
2025-10-03T04:15:00,4.730,75.60,0.000
2025-10-03T04:00:00,4.730,76.00,0.000
2025-10-03T03:45:00,4.730,73.90,0.000
2025-10-03T03:30:00,4.730,76.60,0.000
2025-10-03T03:15:00,4.730,68.20,0.000
2025-10-03T03:00:00,4.730,73.30,0.000
2025-10-03T02:45:00,4.730,75.90,0.000
2025-10-03T02:30:00,4.730,80.10,0.000
2025-10-03T02:15:00,4.730,78.20,0.000
2025-10-03T02:00:00,4.730,0.00,0.000
2025-10-03T01:45:00,4.730,77.70,0.000
2025-10-03T01:30:00,4.730,75.40,0.000
2025-10-03T01:15:00,4.730,74.20,0.000
2025-10-03T01:00:00,4.720,73.80,0.000
2025-10-03T00:45:00,4.720,76.70,0.000
2025-10-03T00:30:00,4.720,79.80,0.000
2025-10-03T00:15:00,4.720,77.30,0.000
2025-10-03T00:00:00,4.720,77.80,0.000
2025-10-02T23:45:00,4.710,80.40,0.000
2025-10-02T23:30:00,4.710,77.30,0.000
2025-10-02T23:15:00,4.710,75.50,0.000
2025-10-02T23:00:00,4.700,0.00,0.000
2025-10-02T22:45:00,4.700,73.10,0.000
2025-10-02T22:30:00,4.700,80.20,0.000
2025-10-02T22:15:00,4.690,84.70,0.000
2025-10-02T22:00:00,4.680,77.50,0.000
2025-10-02T21:45:00,4.680,77.90,0.000
2025-10-02T21:30:00,4.680,80.20,0.000
2025-10-02T21:15:00,4.670,83.30,0.000
2025-10-02T21:00:00,4.660,82.80,0.000
2025-10-02T20:45:00,4.650,82.20,0.000
2025-10-02T20:30:00,4.650,76.90,0.000
2025-10-02T20:15:00,4.640,0.00,0.000
2025-10-02T20:00:00,4.620,83.90,0.000
2025-10-02T19:45:00,4.620,0.00,0.000
2025-10-02T19:30:00,4.600,90.70,0.000
2025-10-02T19:15:00,4.590,0.00,0.000
2025-10-02T19:00:00,4.580,0.00,0.000
2025-10-02T18:45:00,4.570,82.10,0.000
2025-10-02T18:30:00,4.550,81.00,0.000
2025-10-02T18:15:00,4.560,79.00,0.000
2025-10-02T18:00:00,4.550,79.20,0.000
2025-10-02T17:45:00,4.540,70.30,0.000
2025-10-02T17:30:00,4.540,68.60,0.000
2025-10-02T17:15:00,4.540,66.70,0.000
2025-10-02T17:00:00,4.540,73.00,0.000
2025-10-02T16:45:00,4.540,69.80,0.000
2025-10-02T16:30:00,4.540,72.60,0.000
2025-10-02T16:15:00,4.540,74.50,0.000
2025-10-02T16:00:00,4.540,69.80,0.000
2025-10-02T15:45:00,4.540,74.80,0.000
2025-10-02T15:30:00,4.540,74.10,0.000
2025-10-02T15:15:00,4.540,103.10,0.000
2025-10-02T15:00:00,4.540,73.40,0.000
2025-10-02T14:45:00,4.530,65.40,0.500
2025-10-02T14:30:00,4.520,86.70,0.000
2025-10-02T14:15:00,4.510,91.70,1.500
2025-10-02T14:00:00,4.500,98.10,8.000
2025-10-02T13:45:00,4.480,95.90,3.500
2025-10-02T13:30:00,4.470,97.60,0.000
2025-10-02T13:15:00,4.460,36.10,0.000
2025-10-02T13:00:00,4.460,34.50,0.000
2025-10-02T12:45:00,4.450,34.00,0.000
2025-10-02T12:30:00,4.450,38.70,0.000
2025-10-02T12:15:00,4.450,34.10,0.000
2025-10-02T12:00:00,4.440,44.40,0.000
2025-10-02T11:45:00,4.440,34.00,0.000
2025-10-02T11:30:00,4.430,57.30,0.000
2025-10-02T11:15:00,4.430,37.20,0.000
2025-10-02T11:00:00,4.420,33.90,0.000
2025-10-02T10:45:00,4.420,60.30,0.000
2025-10-02T10:30:00,4.410,56.50,0.000
2025-10-02T10:15:00,4.410,65.10,0.000
2025-10-02T10:00:00,4.400,63.00,0.000
2025-10-02T09:45:00,4.400,61.40,0.000
2025-10-02T09:30:00,4.380,42.80,0.000
2025-10-02T09:15:00,4.360,77.40,0.000
2025-10-02T09:00:00,4.360,80.00,0.000
2025-10-02T08:45:00,4.360,76.40,0.000
2025-10-02T08:30:00,4.370,82.80,0.000
2025-10-02T08:15:00,4.370,79.00,0.000
2025-10-02T08:00:00,4.370,83.60,0.000
2025-10-02T07:45:00,4.370,72.90,0.000
2025-10-02T07:30:00,4.380,81.30,0.000
2025-10-02T07:15:00,4.380,73.80,0.000
2025-10-02T07:00:00,4.380,85.30,0.000
2025-10-02T06:45:00,4.380,85.20,0.000
2025-10-02T06:30:00,4.390,77.20,0.000
2025-10-02T06:15:00,4.380,74.90,0.000
2025-10-02T06:00:00,4.390,85.60,0.000
2025-10-02T05:45:00,4.390,82.90,0.000
2025-10-02T05:30:00,4.390,79.70,0.000
2025-10-02T05:15:00,4.390,85.60,0.000
2025-10-02T05:00:00,4.400,81.80,0.000
2025-10-02T04:45:00,4.400,86.30,0.000
2025-10-02T04:30:00,4.400,86.70,0.000
2025-10-02T04:15:00,4.400,78.60,0.000
2025-10-02T04:00:00,4.400,79.00,0.000
2025-10-02T03:45:00,4.400,79.60,0.000
2025-10-02T03:30:00,4.400,82.90,0.000
2025-10-02T03:15:00,4.410,84.40,0.000
2025-10-02T03:00:00,4.410,75.80,0.000
2025-10-02T02:45:00,4.410,79.70,0.000
2025-10-02T02:30:00,4.410,81.40,0.000
2025-10-02T02:15:00,4.410,86.50,0.000
2025-10-02T02:00:00,4.410,76.10,0.000
2025-10-02T01:45:00,4.420,82.20,0.000
2025-10-02T01:30:00,4.420,81.60,0.000
2025-10-02T01:15:00,4.420,83.00,0.000
2025-10-02T01:00:00,4.420,83.30,0.000
2025-10-02T00:45:00,4.420,80.10,0.000
2025-10-02T00:30:00,4.420,84.10,0.000
2025-10-02T00:15:00,4.430,83.20,0.000
2025-10-02T00:00:00,4.430,86.10,0.000
2025-10-01T23:45:00,4.430,80.10,0.000
2025-10-01T23:30:00,4.430,83.40,0.000
2025-10-01T23:15:00,4.430,84.40,0.000
2025-10-01T23:00:00,4.430,87.70,0.000
2025-10-01T22:45:00,4.430,79.40,0.000
2025-10-01T22:30:00,4.440,88.30,0.000
2025-10-01T22:15:00,4.430,81.00,0.000
2025-10-01T22:00:00,4.440,79.40,0.000
2025-10-01T21:45:00,4.440,86.40,0.000
2025-10-01T21:30:00,4.440,80.80,0.000
2025-10-01T21:15:00,4.440,80.90,0.000
2025-10-01T21:00:00,4.440,84.30,0.000
2025-10-01T20:45:00,4.440,81.10,0.000
2025-10-01T20:30:00,4.440,88.30,0.000
2025-10-01T20:15:00,4.440,90.80,0.000
2025-10-01T20:00:00,4.440,79.60,0.000
2025-10-01T19:45:00,4.440,92.60,0.000
2025-10-01T19:30:00,4.440,85.10,0.000
2025-10-01T19:15:00,4.440,85.20,0.000
2025-10-01T19:00:00,4.440,82.70,0.000
2025-10-01T18:45:00,4.430,184.80,0.000
2025-10-01T18:30:00,4.430,0.00,0.000
2025-10-01T18:15:00,4.430,88.10,0.000
2025-10-01T18:00:00,4.430,82.70,0.000
2025-10-01T17:45:00,4.430,83.10,0.000
2025-10-01T17:30:00,4.430,93.40,0.000
2025-10-01T17:15:00,4.430,81.00,0.000
2025-10-01T17:00:00,4.430,80.60,0.000
2025-10-01T16:45:00,4.430,76.00,0.000
2025-10-01T16:30:00,4.430,79.90,0.000
2025-10-01T16:15:00,4.430,87.50,0.000
2025-10-01T16:00:00,4.440,76.00,0.000
2025-10-01T15:45:00,4.440,84.30,0.000
2025-10-01T15:30:00,4.430,78.60,0.000
2025-10-01T15:15:00,4.410,85.30,0.000
2025-10-01T15:00:00,4.450,50.70,0.000
2025-10-01T14:45:00,4.440,63.40,0.000
2025-10-01T14:30:00,4.440,64.10,0.000
2025-10-01T14:15:00,4.440,88.00,0.000
2025-10-01T14:00:00,4.440,84.00,0.000
2025-10-01T13:45:00,4.450,74.70,0.000
2025-10-01T13:30:00,4.450,84.40,0.000
2025-10-01T13:15:00,4.450,76.50,0.000
2025-10-01T13:00:00,4.450,61.70,0.000
2025-10-01T12:45:00,4.450,56.60,0.000
2025-10-01T12:30:00,4.450,75.20,0.000
2025-10-01T12:15:00,4.450,93.00,0.000
2025-10-01T12:00:00,4.450,88.40,0.000
2025-10-01T11:45:00,4.460,97.70,0.000
2025-10-01T11:30:00,4.460,97.90,0.000
2025-10-01T11:15:00,4.460,77.50,0.000
2025-10-01T11:00:00,4.460,86.20,0.000
2025-10-01T10:45:00,4.470,92.00,0.000
2025-10-01T10:30:00,4.470,89.80,0.000
2025-10-01T10:15:00,4.480,88.00,0.000
2025-10-01T10:00:00,4.480,96.40,0.000
2025-10-01T09:45:00,4.480,101.00,0.000
2025-10-01T09:30:00,4.480,99.70,0.000
2025-10-01T09:15:00,4.490,107.60,0.500
2025-10-01T09:00:00,4.490,115.60,0.000
2025-10-01T08:45:00,4.490,111.40,0.500
2025-10-01T08:30:00,4.490,111.00,0.000
2025-10-01T08:15:00,4.490,102.90,1.000
2025-10-01T08:00:00,4.490,109.10,0.000
2025-10-01T07:45:00,4.490,94.30,0.000
2025-10-01T07:30:00,4.490,77.90,0.000
2025-10-01T07:15:00,4.500,95.00,0.000
2025-10-01T07:00:00,4.500,90.50,0.000
2025-10-01T06:45:00,4.500,90.10,0.000
2025-10-01T06:30:00,4.500,89.20,0.000
2025-10-01T06:15:00,4.500,89.10,0.000
2025-10-01T06:00:00,4.500,94.20,0.000
2025-10-01T05:45:00,4.510,90.80,0.000
2025-10-01T05:30:00,4.510,94.60,0.000
2025-10-01T05:15:00,4.510,94.30,0.000
2025-10-01T05:00:00,4.510,86.00,0.000
2025-10-01T04:45:00,4.510,89.00,0.000
2025-10-01T04:30:00,4.520,87.20,0.000
2025-10-01T04:15:00,4.520,90.20,0.000
2025-10-01T04:00:00,4.520,97.40,0.000
2025-10-01T03:45:00,4.520,77.20,0.000
2025-10-01T03:30:00,4.520,89.20,0.000
2025-10-01T03:15:00,4.520,92.00,0.000
2025-10-01T03:00:00,4.520,93.90,0.000
2025-10-01T02:45:00,4.520,92.90,0.000
2025-10-01T02:30:00,4.520,92.80,0.000
2025-10-01T02:15:00,4.520,87.60,0.000
2025-10-01T02:00:00,4.520,95.30,0.000
2025-10-01T01:45:00,4.520,99.50,0.000
2025-10-01T01:30:00,4.520,92.50,0.000
2025-10-01T01:15:00,4.520,101.10,0.000
2025-10-01T01:00:00,4.530,92.80,0.000
2025-10-01T00:45:00,4.520,100.70,0.000
2025-10-01T00:30:00,4.520,96.00,0.000
2025-10-01T00:15:00,4.520,97.70,0.000
2025-10-01T00:00:00,4.520,93.80,0.000
2025-09-30T23:45:00,4.520,96.40,0.000
2025-09-30T23:30:00,4.520,94.00,0.000
2025-09-30T23:15:00,4.520,90.90,0.000
2025-09-30T23:00:00,4.510,97.60,0.000
2025-09-30T22:45:00,4.510,95.80,0.000
2025-09-30T22:30:00,4.510,94.50,0.000
2025-09-30T22:15:00,4.510,96.70,0.000
2025-09-30T22:00:00,4.500,95.00,0.000
2025-09-30T21:45:00,4.500,104.90,0.000
2025-09-30T21:30:00,4.490,103.30,0.000
2025-09-30T21:15:00,4.490,109.00,0.000
2025-09-30T21:00:00,4.480,94.20,0.000
2025-09-30T20:45:00,4.480,101.50,0.000
2025-09-30T20:30:00,4.470,91.70,0.000
2025-09-30T20:15:00,4.460,93.70,0.000
2025-09-30T20:00:00,4.450,95.20,0.000
2025-09-30T19:45:00,4.450,99.70,0.000
2025-09-30T19:30:00,4.450,105.30,0.000
2025-09-30T19:15:00,4.450,90.30,0.000
2025-09-30T19:00:00,4.450,95.90,0.000
2025-09-30T18:45:00,4.450,103.30,0.000
2025-09-30T18:30:00,4.450,95.50,0.000
2025-09-30T18:15:00,4.450,91.80,0.000
2025-09-30T18:00:00,4.440,92.30,0.000
2025-09-30T17:45:00,4.440,85.50,0.000
2025-09-30T17:30:00,4.430,90.10,0.000
2025-09-30T17:15:00,4.430,84.90,0.000
2025-09-30T17:00:00,4.420,99.20,0.000
2025-09-30T16:45:00,4.420,95.40,0.000
2025-09-30T16:30:00,4.410,88.90,0.000
2025-09-30T16:15:00,4.410,86.70,0.000
2025-09-30T16:00:00,4.400,80.30,0.000
2025-09-30T15:45:00,4.400,87.20,0.000
2025-09-30T15:30:00,4.390,107.30,0.000
2025-09-30T15:15:00,4.380,103.80,0.000
2025-09-30T15:00:00,4.360,87.90,0.000
2025-09-30T14:45:00,4.360,68.00,0.000
2025-09-30T14:30:00,4.350,61.40,0.000
2025-09-30T14:15:00,4.360,95.80,0.000
2025-09-30T14:00:00,4.350,65.90,0.000
2025-09-30T13:45:00,4.350,72.50,0.000
2025-09-30T13:30:00,4.360,55.60,0.000
2025-09-30T13:15:00,4.350,77.20,0.000
2025-09-30T13:00:00,4.360,80.80,0.000
2025-09-30T12:45:00,4.350,99.00,0.000
2025-09-30T12:30:00,4.350,82.30,0.000
2025-09-30T12:15:00,4.350,80.60,0.000
2025-09-30T12:00:00,4.350,67.70,0.000
2025-09-30T11:45:00,4.350,74.00,0.000
2025-09-30T11:30:00,4.340,79.30,0.000
2025-09-30T11:15:00,4.340,87.70,0.000
2025-09-30T11:00:00,4.340,74.40,0.000
2025-09-30T10:45:00,4.340,70.10,0.000
2025-09-30T10:30:00,4.330,88.00,0.000
2025-09-30T10:15:00,4.330,100.60,0.000
2025-09-30T10:00:00,4.320,92.90,0.000
2025-09-30T09:45:00,4.300,92.60,0.000
2025-09-30T09:30:00,4.300,94.00,0.000
2025-09-30T09:15:00,4.290,96.90,0.000
2025-09-30T09:00:00,4.300,100.60,0.000
2025-09-30T08:45:00,4.300,110.70,0.000
2025-09-30T08:30:00,4.300,98.50,0.000
2025-09-30T08:15:00,4.310,107.00,0.000
2025-09-30T08:00:00,4.310,110.50,0.000
2025-09-30T07:45:00,4.310,111.60,0.000
2025-09-30T07:30:00,4.320,113.50,0.000
2025-09-30T07:15:00,4.320,100.20,0.000
2025-09-30T07:00:00,4.330,112.50,0.000
2025-09-30T06:45:00,4.330,112.50,0.000
2025-09-30T06:30:00,4.330,112.80,0.000
2025-09-30T06:15:00,4.330,115.70,0.000
2025-09-30T06:00:00,4.340,111.90,0.000
2025-09-30T05:45:00,4.340,118.60,0.000
2025-09-30T05:30:00,4.340,120.00,0.000
2025-09-30T05:15:00,4.350,115.90,0.000
2025-09-30T05:00:00,4.350,116.70,0.000
2025-09-30T04:45:00,4.360,108.10,0.000
2025-09-30T04:30:00,4.360,112.90,0.000
2025-09-30T04:15:00,4.360,110.80,0.000
2025-09-30T04:00:00,4.360,113.60,0.000
2025-09-30T03:45:00,4.360,117.10,0.000
2025-09-30T03:30:00,4.370,119.30,0.000
2025-09-30T03:15:00,4.380,116.70,0.000
2025-09-30T03:00:00,4.380,111.10,0.000
2025-09-30T02:45:00,4.380,118.60,0.000
2025-09-30T02:30:00,4.380,119.60,0.000
2025-09-30T02:15:00,4.390,118.70,0.000
2025-09-30T02:00:00,4.390,115.90,0.000
2025-09-30T01:45:00,4.390,119.50,0.000
2025-09-30T01:30:00,4.400,117.40,0.000
2025-09-30T01:15:00,4.400,119.80,0.000
2025-09-30T01:00:00,4.400,126.80,0.000
2025-09-30T00:45:00,4.400,121.90,0.000
2025-09-30T00:30:00,4.410,122.90,0.000
2025-09-30T00:15:00,4.410,118.80,0.000
2025-09-30T00:00:00,4.410,113.80,0.000
2025-09-29T23:45:00,4.410,114.00,0.000
2025-09-29T23:30:00,4.420,106.70,0.000
2025-09-29T23:15:00,4.420,119.00,0.000
2025-09-29T23:00:00,4.420,116.60,0.000
2025-09-29T22:45:00,4.420,110.40,0.000
2025-09-29T22:30:00,4.420,120.20,0.000
2025-09-29T22:15:00,4.430,119.50,0.000
2025-09-29T22:00:00,4.430,117.80,0.000
2025-09-29T21:45:00,4.440,120.20,0.000
2025-09-29T21:30:00,4.440,121.10,0.000
2025-09-29T21:15:00,4.450,122.00,0.000
2025-09-29T21:00:00,4.450,118.70,0.000
2025-09-29T20:45:00,4.460,115.70,0.000
2025-09-29T20:30:00,4.460,108.90,0.000
2025-09-29T20:15:00,4.460,113.40,0.000
2025-09-29T20:00:00,4.470,118.30,0.000
2025-09-29T19:45:00,4.470,128.10,0.000
2025-09-29T19:30:00,4.480,118.70,0.000
2025-09-29T19:15:00,4.480,122.10,0.000
2025-09-29T19:00:00,4.480,109.50,0.000
2025-09-29T18:45:00,4.480,121.70,0.000
2025-09-29T18:30:00,4.490,119.40,0.000
2025-09-29T18:15:00,4.490,124.80,0.000
2025-09-29T18:00:00,4.500,118.80,0.000
2025-09-29T17:45:00,4.500,121.40,0.000
2025-09-29T17:30:00,4.500,115.10,0.000
2025-09-29T17:15:00,4.510,105.80,0.000
2025-09-29T17:00:00,4.510,112.00,0.000
2025-09-29T16:45:00,4.510,105.10,0.000
2025-09-29T16:30:00,4.520,115.80,0.000
2025-09-29T16:15:00,4.510,104.60,0.000
2025-09-29T16:00:00,4.520,109.10,0.000
2025-09-29T15:45:00,4.520,120.40,0.000
2025-09-29T15:30:00,4.520,123.40,0.000
2025-09-29T15:15:00,4.520,128.80,0.000
2025-09-29T15:00:00,4.530,124.50,0.000
2025-09-29T14:45:00,4.520,125.30,0.000
2025-09-29T14:30:00,4.530,132.00,0.000
2025-09-29T14:15:00,4.540,128.00,0.000
2025-09-29T14:00:00,4.530,120.60,0.000
2025-09-29T13:45:00,4.540,122.80,0.000
2025-09-29T13:30:00,4.540,131.60,0.000
2025-09-29T13:15:00,4.540,130.20,0.000
2025-09-29T13:00:00,4.540,126.70,0.000
2025-09-29T12:45:00,4.540,122.50,0.000
2025-09-29T12:30:00,4.540,128.60,0.000
2025-09-29T12:15:00,4.540,120.90,0.000
2025-09-29T12:00:00,4.540,124.00,0.000
2025-09-29T11:45:00,4.530,125.80,0.000
2025-09-29T11:30:00,4.540,114.70,0.000
2025-09-29T11:15:00,4.530,112.90,0.000
2025-09-29T11:00:00,4.530,118.90,0.000
2025-09-29T10:45:00,4.530,118.40,0.000
2025-09-29T10:30:00,4.530,125.80,0.000
2025-09-29T10:15:00,4.530,114.80,0.000
2025-09-29T10:00:00,4.530,122.70,0.000
2025-09-29T09:45:00,4.520,136.40,0.000
2025-09-29T09:30:00,4.520,132.30,0.000
2025-09-29T09:15:00,4.520,135.20,0.000
2025-09-29T09:00:00,4.510,133.90,0.000
2025-09-29T08:45:00,4.500,134.20,0.000
2025-09-29T08:30:00,4.490,129.80,0.000
2025-09-29T08:15:00,4.490,130.40,0.000
2025-09-29T08:00:00,4.490,129.60,0.000
2025-09-29T07:45:00,4.480,129.60,0.000
2025-09-29T07:30:00,4.470,126.20,0.000
2025-09-29T07:15:00,4.470,126.10,0.000
2025-09-29T07:00:00,4.460,129.80,0.000
2025-09-29T06:45:00,4.450,124.40,0.000
2025-09-29T06:30:00,4.440,125.10,0.000
2025-09-29T06:15:00,4.430,127.50,0.000
2025-09-29T06:00:00,4.420,126.90,0.000
2025-09-29T05:45:00,4.420,130.80,0.000
2025-09-29T05:30:00,4.400,121.70,0.000
2025-09-29T05:15:00,4.400,122.70,0.000
2025-09-29T05:00:00,4.390,127.80,0.000
2025-09-29T04:45:00,4.380,125.00,0.000
2025-09-29T04:30:00,4.370,126.00,0.000
2025-09-29T04:15:00,4.360,109.60,0.000
2025-09-29T04:00:00,4.360,116.60,0.000
2025-09-29T03:45:00,4.350,118.00,0.000
2025-09-29T03:30:00,4.340,128.40,0.000
2025-09-29T03:15:00,4.340,114.00,0.000
2025-09-29T03:00:00,4.340,124.50,0.000
2025-09-29T02:45:00,4.350,113.80,0.000
2025-09-29T02:30:00,4.350,113.30,0.000
2025-09-29T02:15:00,4.360,109.90,0.500
2025-09-29T02:00:00,4.360,107.20,4.000
2025-09-29T01:45:00,4.360,128.20,0.500
2025-09-29T01:30:00,4.360,103.80,0.000
2025-09-29T01:15:00,4.360,93.50,2.500
2025-09-29T01:00:00,4.360,108.60,0.000
2025-09-29T00:45:00,4.360,120.40,0.000
2025-09-29T00:30:00,4.370,118.90,0.000
2025-09-29T00:15:00,4.370,113.50,0.000
2025-09-29T00:00:00,4.370,115.20,0.000
2025-09-28T23:45:00,4.380,118.20,0.000
2025-09-28T23:30:00,4.380,113.30,0.000
2025-09-28T23:15:00,4.380,120.30,0.000
2025-09-28T23:00:00,4.390,119.90,0.000
2025-09-28T22:45:00,4.390,117.60,0.000
2025-09-28T22:30:00,4.400,118.40,0.000
2025-09-28T22:15:00,4.400,120.40,0.000
2025-09-28T22:00:00,4.400,117.80,0.000
2025-09-28T21:45:00,4.410,121.20,0.000
2025-09-28T21:30:00,4.410,119.70,0.000
2025-09-28T21:15:00,4.410,128.80,0.000
2025-09-28T21:00:00,4.410,124.50,0.000
2025-09-28T20:45:00,4.410,122.90,0.000
2025-09-28T20:30:00,4.400,121.00,0.000
2025-09-28T20:15:00,4.400,125.50,0.000
2025-09-28T20:00:00,4.400,125.60,0.000
2025-09-28T19:45:00,4.400,119.90,0.000
2025-09-28T19:30:00,4.390,120.80,0.000
2025-09-28T19:15:00,4.390,118.70,0.000
2025-09-28T19:00:00,4.390,118.00,0.000
2025-09-28T18:45:00,4.380,123.30,0.000
2025-09-28T18:30:00,4.380,117.50,0.000
2025-09-28T18:15:00,4.380,111.30,0.000
2025-09-28T18:00:00,4.370,123.60,0.000
2025-09-28T17:45:00,4.370,124.60,0.000
2025-09-28T17:30:00,4.370,126.10,0.000
2025-09-28T17:15:00,4.360,117.80,0.000
2025-09-28T17:00:00,4.360,120.10,0.000
2025-09-28T16:45:00,4.360,122.00,0.000
2025-09-28T16:30:00,4.350,123.80,0.000
2025-09-28T16:15:00,4.350,116.20,0.000
2025-09-28T16:00:00,4.350,130.80,0.000
2025-09-28T15:45:00,4.350,129.60,0.000
2025-09-28T15:30:00,4.340,118.30,0.000
2025-09-28T15:15:00,4.340,112.60,0.000
2025-09-28T15:00:00,4.330,126.50,0.000
2025-09-28T14:45:00,4.320,127.90,0.000
2025-09-28T14:30:00,4.320,124.60,0.000
2025-09-28T14:15:00,4.320,128.20,0.000
2025-09-28T14:00:00,4.320,111.10,0.000
2025-09-28T13:45:00,4.320,112.50,0.000
2025-09-28T13:30:00,4.320,115.30,0.000
2025-09-28T13:15:00,4.320,131.50,0.000
2025-09-28T13:00:00,4.310,122.70,0.000
2025-09-28T12:45:00,4.310,107.70,0.000
2025-09-28T12:30:00,4.310,117.40,0.000
2025-09-28T12:15:00,4.300,121.40,0.000
2025-09-28T12:00:00,4.300,110.00,0.000
2025-09-28T11:45:00,4.300,120.60,0.000
2025-09-28T11:30:00,4.300,119.40,0.000
2025-09-28T11:15:00,4.300,113.00,0.000
2025-09-28T11:00:00,4.310,105.30,0.000
2025-09-28T10:45:00,4.310,113.70,0.000
2025-09-28T10:30:00,4.320,129.80,0.000
2025-09-28T10:15:00,4.320,123.30,0.000
2025-09-28T10:00:00,4.330,134.20,0.000
2025-09-28T09:45:00,4.330,111.50,0.000
2025-09-28T09:30:00,4.340,129.10,0.000
2025-09-28T09:15:00,4.350,123.10,0.000
2025-09-28T09:00:00,4.350,120.40,0.000
2025-09-28T08:45:00,4.360,120.70,0.000
2025-09-28T08:30:00,4.360,112.50,0.000
2025-09-28T08:15:00,4.370,128.80,0.000
2025-09-28T08:00:00,4.370,119.30,0.000
2025-09-28T07:45:00,4.380,129.00,0.000
2025-09-28T07:30:00,4.390,121.00,0.000
2025-09-28T07:15:00,4.390,127.60,0.000
2025-09-28T07:00:00,4.400,139.40,0.000
2025-09-28T06:45:00,4.400,129.60,0.000
2025-09-28T06:30:00,4.410,129.20,0.000
2025-09-28T06:15:00,4.410,133.00,0.000
2025-09-28T06:00:00,4.420,131.20,0.000
2025-09-28T05:45:00,4.420,127.40,0.000
2025-09-28T05:30:00,4.420,135.70,0.000
2025-09-28T05:15:00,4.430,136.80,0.000
2025-09-28T05:00:00,4.440,135.80,0.000
2025-09-28T04:45:00,4.440,140.20,0.000
2025-09-28T04:30:00,4.450,135.50,0.000
2025-09-28T04:15:00,4.450,139.20,0.000
2025-09-28T04:00:00,4.460,134.50,0.000
2025-09-28T03:45:00,4.470,133.40,0.000
2025-09-28T03:30:00,4.470,138.60,0.000
2025-09-28T03:15:00,4.480,141.20,0.000
2025-09-28T03:00:00,4.490,138.50,0.000
2025-09-28T02:45:00,4.500,147.20,0.000
2025-09-28T02:30:00,4.500,140.30,0.000
2025-09-28T02:15:00,4.500,143.00,0.000
2025-09-28T02:00:00,4.510,145.20,0.000
2025-09-28T01:45:00,4.520,136.30,0.000
2025-09-28T01:30:00,4.530,142.10,0.000
2025-09-28T01:15:00,4.540,135.30,0.000
2025-09-28T01:00:00,4.550,144.50,0.000
2025-09-28T00:45:00,4.550,142.90,0.000
2025-09-28T00:30:00,4.560,144.50,0.000
2025-09-28T00:15:00,4.570,143.80,0.000
2025-09-28T00:00:00,4.580,142.00,0.000
