datetime,level_msl_m,q_cms,rain_mm
2024-07-28T23:45:00,3.300,0.00,0.000
2024-07-28T23:30:00,3.300,0.00,0.000
2024-07-28T23:15:00,3.290,0.00,0.000
2024-07-28T23:00:00,3.290,0.00,0.000
2024-07-28T22:45:00,3.280,0.00,0.000
2024-07-28T22:30:00,3.280,0.00,0.000
2024-07-28T22:15:00,3.280,0.00,0.000
2024-07-28T22:00:00,3.270,0.00,0.000
2024-07-28T21:45:00,3.270,10.60,0.000
2024-07-28T21:30:00,3.260,0.00,0.000
2024-07-28T21:15:00,3.260,0.00,0.000
2024-07-28T21:00:00,3.250,0.00,0.000
2024-07-28T20:45:00,3.240,0.00,0.000
2024-07-28T20:30:00,3.240,0.00,0.000
2024-07-28T20:15:00,3.240,0.00,0.000
2024-07-28T20:00:00,3.240,0.00,0.000
2024-07-28T19:45:00,3.220,0.00,0.000
2024-07-28T19:30:00,3.230,0.00,0.000
2024-07-28T19:15:00,3.210,0.00,2.000
2024-07-28T19:00:00,3.190,0.00,0.000
2024-07-28T18:45:00,3.190,0.00,0.000
2024-07-28T18:30:00,3.180,0.00,0.000
2024-07-28T18:15:00,3.170,0.00,0.000
2024-07-28T18:00:00,3.170,0.00,0.000
2024-07-28T17:45:00,3.160,0.00,0.000
2024-07-28T17:30:00,3.150,0.00,0.000
2024-07-28T17:15:00,3.150,0.00,0.000
2024-07-28T17:00:00,3.140,0.00,0.000
2024-07-28T16:45:00,3.140,0.00,0.000
2024-07-28T16:30:00,3.130,0.00,0.000
2024-07-28T16:15:00,3.120,0.00,0.000
2024-07-28T16:00:00,3.120,35.10,0.000
2024-07-28T15:45:00,3.110,0.00,0.000
2024-07-28T15:30:00,3.100,0.00,0.000
2024-07-28T15:15:00,3.090,0.00,0.000
2024-07-28T15:00:00,3.090,0.00,0.000
2024-07-28T14:45:00,3.080,0.00,0.500
2024-07-28T14:30:00,3.070,0.00,0.000
2024-07-28T14:15:00,3.070,0.00,0.000
2024-07-28T14:00:00,3.060,0.00,0.000
2024-07-28T13:45:00,3.050,10.50,0.000
2024-07-28T13:30:00,3.040,0.00,0.000
2024-07-28T13:15:00,3.030,0.00,0.000
2024-07-28T13:00:00,3.020,0.00,0.000
2024-07-28T12:45:00,3.010,0.00,0.000
2024-07-28T12:30:00,2.990,10.20,0.000
2024-07-28T12:15:00,2.990,0.00,0.000
2024-07-28T12:00:00,2.980,0.00,0.000
2024-07-28T11:45:00,2.970,0.00,0.500
2024-07-28T11:30:00,2.970,0.00,0.500
2024-07-28T11:15:00,2.940,14.10,0.000
2024-07-28T11:00:00,2.930,0.00,0.000
2024-07-28T10:45:00,2.920,14.20,0.000
2024-07-28T10:30:00,2.900,15.60,0.000
2024-07-28T10:15:00,2.900,0.00,0.500
2024-07-28T10:00:00,2.890,13.50,0.000
2024-07-28T09:45:00,2.870,13.40,0.000
2024-07-28T09:30:00,2.860,0.00,0.500
2024-07-28T09:15:00,2.850,14.60,0.000
2024-07-28T09:00:00,2.850,0.00,0.000
2024-07-28T08:45:00,2.830,0.00,0.000
2024-07-28T08:30:00,2.830,0.00,0.000
2024-07-28T08:15:00,2.820,0.00,0.000
2024-07-28T08:00:00,2.810,0.00,0.000
2024-07-28T07:45:00,2.800,0.00,0.000
2024-07-28T07:30:00,2.790,0.00,0.000
2024-07-28T07:15:00,2.780,0.00,0.000
2024-07-28T07:00:00,2.770,12.70,0.500
2024-07-28T06:45:00,2.760,12.80,0.500
2024-07-28T06:30:00,2.750,12.70,0.000
2024-07-28T06:15:00,2.740,12.20,2.000
2024-07-28T06:00:00,2.740,12.00,0.000
2024-07-28T05:45:00,2.730,12.50,0.500
2024-07-28T05:30:00,2.720,11.80,0.000
2024-07-28T05:15:00,2.710,11.70,0.500
2024-07-28T05:00:00,2.700,12.10,0.000
2024-07-28T04:45:00,2.700,23.20,0.000
2024-07-28T04:30:00,2.680,0.00,0.000
2024-07-28T04:15:00,2.680,16.70,0.000
2024-07-28T04:00:00,2.660,0.00,0.000
2024-07-28T03:45:00,2.660,23.90,0.000
2024-07-28T03:30:00,2.650,0.00,0.000
2024-07-28T03:15:00,2.630,0.00,0.000
2024-07-28T03:00:00,2.630,10.30,0.000
2024-07-28T02:45:00,2.620,0.00,0.000
2024-07-28T02:30:00,2.610,0.00,0.000
2024-07-28T02:15:00,2.600,12.90,0.000
2024-07-28T02:00:00,2.590,10.80,0.000
2024-07-28T01:45:00,2.570,10.60,1.000
2024-07-28T01:30:00,2.560,11.40,0.000
2024-07-28T01:15:00,2.550,11.00,0.000
2024-07-28T01:00:00,2.540,10.30,0.000
2024-07-28T00:45:00,2.530,0.00,0.000
2024-07-28T00:30:00,2.520,0.00,0.000
2024-07-28T00:15:00,2.510,0.00,0.000
2024-07-28T00:00:00,2.500,10.70,0.000
2024-07-27T23:45:00,2.500,10.70,0.000
2024-07-27T23:30:00,2.480,0.00,0.500
2024-07-27T23:15:00,2.460,9.50,0.000
2024-07-27T23:00:00,2.450,10.10,0.500
2024-07-27T22:45:00,2.430,10.00,0.500
2024-07-27T22:30:00,2.420,10.40,1.000
2024-07-27T22:15:00,2.400,10.40,1.000
2024-07-27T22:00:00,2.390,10.30,1.500
2024-07-27T21:45:00,2.370,10.50,1.500
2024-07-27T21:30:00,2.350,10.20,1.500
2024-07-27T21:15:00,2.340,9.90,2.000
2024-07-27T21:00:00,2.320,9.70,1.000
2024-07-27T20:45:00,2.300,9.50,4.000
2024-07-27T20:30:00,2.280,9.80,4.000
2024-07-27T20:15:00,2.270,9.20,1.000
2024-07-27T20:00:00,2.270,9.90,2.500
2024-07-27T19:45:00,2.250,9.60,12.500
2024-07-27T19:30:00,2.210,10.10,6.000
2024-07-27T19:15:00,2.200,0.00,2.500
2024-07-27T19:00:00,2.200,9.50,9.000
2024-07-27T18:45:00,2.170,9.60,2.000
2024-07-27T18:30:00,2.170,7.30,0.500
2024-07-27T18:15:00,2.160,8.20,0.500
2024-07-27T18:00:00,2.160,0.00,0.000
2024-07-27T17:45:00,2.160,6.60,0.000
2024-07-27T17:30:00,2.160,0.00,0.000
2024-07-27T17:15:00,2.160,7.30,2.000
2024-07-27T17:00:00,2.160,7.30,0.500
2024-07-27T16:45:00,2.160,0.00,0.500
2024-07-27T16:30:00,2.150,7.00,0.000
2024-07-27T16:15:00,2.160,8.00,0.000
2024-07-27T16:00:00,2.150,0.00,0.000
2024-07-27T15:45:00,2.160,7.50,0.000
2024-07-27T15:30:00,2.160,0.00,0.000
2024-07-27T15:15:00,2.170,6.10,11.500
2024-07-27T15:00:00,2.140,8.30,4.000
2024-07-27T14:45:00,2.150,0.00,0.000
2024-07-27T14:30:00,2.140,7.20,0.000
2024-07-27T14:15:00,2.140,0.00,0.000
2024-07-27T14:00:00,1.560,0.00,0.000
2024-07-27T13:45:00,1.560,3.60,0.000
2024-07-27T13:30:00,1.570,3.70,0.000
2024-07-27T13:15:00,1.570,0.00,0.000
2024-07-27T13:00:00,1.580,0.00,0.000
2024-07-27T12:45:00,1.580,0.00,0.000
2024-07-27T12:30:00,1.580,0.00,0.000
2024-07-27T12:15:00,1.580,0.00,0.000
2024-07-27T12:00:00,1.570,3.60,3.000
2024-07-27T11:45:00,1.570,4.00,1.500
2024-07-27T11:30:00,1.570,3.40,1.500
2024-07-27T11:15:00,1.570,30.40,18.000
2024-07-27T11:00:00,1.560,3.50,0.000
2024-07-27T10:45:00,1.560,0.00,0.000
2024-07-27T10:30:00,1.560,2.40,0.000
2024-07-27T10:15:00,1.560,0.00,0.000
2024-07-27T10:00:00,1.560,0.00,0.000
2024-07-27T09:45:00,1.560,0.00,0.000
2024-07-27T09:30:00,1.570,0.00,0.000
2024-07-27T09:15:00,1.570,0.00,0.000
2024-07-27T09:00:00,1.570,0.00,0.000
2024-07-27T08:45:00,1.570,0.00,0.000
2024-07-27T08:30:00,1.570,0.00,0.000
2024-07-27T08:15:00,1.580,0.00,0.000
2024-07-27T08:00:00,1.580,0.00,0.000
2024-07-27T07:45:00,1.580,0.00,0.000
2024-07-27T07:30:00,1.590,0.00,0.000
2024-07-27T07:15:00,1.590,0.00,0.000
2024-07-27T07:00:00,1.590,0.00,0.000
2024-07-27T06:45:00,1.590,0.00,0.000
2024-07-27T06:30:00,1.590,0.00,0.000
2024-07-27T06:15:00,1.600,0.00,0.000
2024-07-27T06:00:00,1.600,0.00,0.000
2024-07-27T05:45:00,1.600,0.00,0.000
2024-07-27T05:30:00,1.600,0.00,0.000
2024-07-27T05:15:00,1.600,0.00,0.000
2024-07-27T05:00:00,1.610,6.70,0.000
2024-07-27T04:45:00,1.610,0.00,0.000
2024-07-27T04:30:00,1.610,0.00,0.000
2024-07-27T04:15:00,1.610,5.90,0.000
2024-07-27T04:00:00,1.610,7.50,0.000
2024-07-27T03:45:00,1.610,7.70,0.000
2024-07-27T03:30:00,1.620,8.20,0.000
2024-07-27T03:15:00,1.620,0.00,0.000
2024-07-27T03:00:00,1.620,5.20,0.000
2024-07-27T02:45:00,1.620,0.00,0.000
2024-07-27T02:30:00,1.620,0.00,0.000
2024-07-27T02:15:00,1.630,0.00,0.000
2024-07-27T02:00:00,1.630,0.00,0.000
2024-07-27T01:45:00,1.630,0.00,0.000
2024-07-27T01:30:00,1.630,0.00,0.000
2024-07-27T01:15:00,1.640,0.00,0.000
2024-07-27T01:00:00,1.640,0.00,0.000
2024-07-27T00:45:00,1.640,0.00,0.000
2024-07-27T00:30:00,1.640,8.90,0.000
2024-07-27T00:15:00,1.640,3.70,0.000
2024-07-27T00:00:00,1.640,0.00,0.000
2024-07-26T23:45:00,1.650,0.00,0.000
2024-07-26T23:30:00,1.650,0.00,0.000
2024-07-26T23:15:00,1.650,0.00,0.000
2024-07-26T23:00:00,1.650,0.00,0.000
2024-07-26T22:45:00,1.650,0.00,0.000
2024-07-26T22:30:00,1.650,0.00,0.000
2024-07-26T22:15:00,1.650,0.00,0.000
2024-07-26T22:00:00,1.660,0.00,0.000
2024-07-26T21:45:00,1.660,0.00,0.000
2024-07-26T21:30:00,1.660,0.00,0.000
2024-07-26T21:15:00,1.660,0.00,0.000
2024-07-26T21:00:00,1.660,0.00,0.000
2024-07-26T20:45:00,1.660,0.00,0.000
2024-07-26T20:30:00,1.660,0.00,0.000
2024-07-26T20:15:00,1.660,0.00,0.000
2024-07-26T20:00:00,1.660,0.00,0.000
2024-07-26T19:45:00,1.670,0.00,0.000
2024-07-26T19:30:00,1.670,9.60,0.000
2024-07-26T19:15:00,1.670,0.00,0.000
2024-07-26T19:00:00,1.670,0.00,0.000
2024-07-26T18:45:00,1.670,0.00,0.000
2024-07-26T18:30:00,1.680,0.00,0.000
2024-08-04T23:45:00,3.420,0.00,0.500
2024-08-04T23:30:00,3.420,0.00,0.500
2024-08-04T23:15:00,3.410,0.00,1.000
2024-08-04T23:00:00,3.410,0.00,1.000
2024-08-04T22:45:00,3.410,13.00,0.500
2024-08-04T22:30:00,3.410,13.00,0.500
2024-08-04T22:15:00,3.410,0.00,4.000
2024-08-04T22:00:00,3.410,0.00,2.000
2024-08-04T21:45:00,3.420,0.00,9.000
2024-08-04T21:30:00,3.380,0.00,13.000
2024-08-04T21:15:00,3.380,12.80,0.000
2024-08-04T21:00:00,3.370,25.10,0.000
2024-08-04T20:45:00,3.380,0.00,0.000
2024-08-04T20:30:00,3.380,0.00,0.000
2024-08-04T20:15:00,3.370,0.00,0.000
2024-08-04T20:00:00,3.370,0.00,0.000
2024-08-04T19:45:00,3.370,0.00,0.000
2024-08-04T19:30:00,3.380,0.00,0.000
2024-08-04T19:15:00,3.380,0.00,0.000
2024-08-04T19:00:00,3.370,0.00,0.000
2024-08-04T18:45:00,3.370,0.00,0.000
2024-08-04T18:30:00,3.370,16.00,0.000
2024-08-04T18:15:00,3.370,15.80,0.000
2024-08-04T18:00:00,3.380,0.00,0.000
2024-08-04T17:45:00,3.370,15.50,0.000
2024-08-04T17:30:00,3.370,0.00,0.000
2024-08-04T17:15:00,3.370,17.20,0.000
2024-08-04T17:00:00,3.370,18.00,0.000
2024-08-04T16:45:00,3.370,0.00,0.000
2024-08-04T16:30:00,3.370,0.00,0.000
2024-08-04T16:15:00,3.370,18.30,0.000
2024-08-04T16:00:00,3.380,0.00,0.000
2024-08-04T15:45:00,3.380,17.10,0.000
2024-08-04T15:30:00,3.380,18.30,0.000
2024-08-04T15:15:00,3.380,0.00,0.000
2024-08-04T15:00:00,3.380,0.00,0.000
2024-08-04T14:45:00,3.380,19.40,0.000
2024-08-04T14:30:00,3.380,21.10,0.000
2024-08-04T14:15:00,3.380,18.60,0.000
2024-08-04T14:00:00,3.380,0.00,0.000
2024-08-04T13:45:00,3.380,0.00,0.000
2024-08-04T13:30:00,3.380,18.60,0.000
2024-08-04T13:15:00,3.390,0.00,0.000
2024-08-04T13:00:00,3.390,16.40,0.000
2024-08-04T12:45:00,3.390,0.00,0.000
2024-08-04T12:30:00,3.390,0.00,0.000
2024-08-04T12:15:00,3.390,0.00,0.000
2024-08-04T12:00:00,3.390,15.60,0.000
2024-08-04T11:45:00,3.390,0.00,0.000
2024-08-04T11:30:00,3.390,0.00,0.000
2024-08-04T11:15:00,3.390,0.00,0.000
2024-08-04T11:00:00,3.390,0.00,0.000
2024-08-04T10:45:00,3.390,0.00,0.000
2024-08-04T10:30:00,3.390,0.00,0.000
2024-08-04T10:15:00,3.400,0.00,0.000
2024-08-04T10:00:00,3.390,0.00,0.000
2024-08-04T09:45:00,3.400,0.00,0.000
2024-08-04T09:30:00,3.400,0.00,0.000
2024-08-04T09:15:00,3.400,0.00,0.000
2024-08-04T09:00:00,3.400,0.00,0.000
2024-08-04T08:45:00,3.400,0.00,0.000
2024-08-04T08:30:00,3.410,0.00,0.000
2024-08-04T08:15:00,3.400,0.00,0.000
2024-08-04T08:00:00,3.400,0.00,0.000
2024-08-04T07:45:00,3.410,0.00,0.000
2024-08-04T07:30:00,3.410,0.00,0.000
2024-08-04T07:15:00,3.410,0.00,0.000
2024-08-04T07:00:00,3.410,0.00,0.000
2024-08-04T06:45:00,3.410,0.00,0.000
2024-08-04T06:30:00,3.410,0.00,0.000
2024-08-04T06:15:00,3.410,0.00,0.000
2024-08-04T06:00:00,3.410,0.00,0.000
2024-08-04T05:45:00,3.410,0.00,0.000
2024-08-04T05:30:00,3.410,0.00,0.000
2024-08-04T05:15:00,3.410,0.00,0.000
2024-08-04T05:00:00,3.410,0.00,0.000
2024-08-04T04:45:00,3.410,0.00,0.000
2024-08-04T04:30:00,3.410,17.10,0.000
2024-08-04T04:15:00,3.410,0.00,0.000
2024-08-04T04:00:00,3.410,0.00,0.000
2024-08-04T03:45:00,3.410,0.00,0.000
2024-08-04T03:30:00,3.410,15.90,0.500
2024-08-04T03:15:00,3.410,0.00,0.000
2024-08-04T03:00:00,3.410,13.00,0.000
2024-08-04T02:45:00,3.410,0.00,0.000
2024-08-04T02:30:00,3.410,0.00,0.500
2024-08-04T02:15:00,3.410,0.00,0.500
2024-08-04T02:00:00,3.410,0.00,0.500
2024-08-04T01:45:00,3.400,0.00,1.000
2024-08-04T01:30:00,3.400,0.00,1.000
2024-08-04T01:15:00,3.400,0.00,1.000
2024-08-04T01:00:00,3.400,0.00,1.000
2024-08-04T00:45:00,3.400,0.00,1.500
2024-08-04T00:30:00,3.400,0.00,1.000
2024-08-04T00:15:00,3.400,0.00,0.500
2024-08-04T00:00:00,3.400,0.00,1.000
2024-08-03T23:45:00,3.400,0.00,1.000
2024-08-03T23:30:00,3.400,13.60,0.000
2024-08-03T23:15:00,3.400,12.90,0.000
2024-08-03T23:00:00,3.400,12.90,0.500
2024-08-03T22:45:00,3.410,13.00,0.000
2024-08-03T22:30:00,3.410,12.90,0.000
2024-08-03T22:15:00,3.410,0.00,0.000
2024-08-03T22:00:00,3.410,0.00,0.000
2024-08-03T21:45:00,3.410,0.00,0.000
2024-08-03T21:30:00,3.410,0.00,0.000
2024-08-03T21:15:00,3.420,0.00,0.000
2024-08-03T21:00:00,3.420,0.00,0.000
2024-08-03T20:45:00,3.420,0.00,0.000
2024-08-03T20:30:00,3.430,0.00,0.000
2024-08-03T20:15:00,3.430,30.80,0.000
2024-08-03T20:00:00,3.430,0.00,0.000
2024-08-03T19:45:00,3.430,13.10,0.000
2024-08-03T19:30:00,3.440,0.00,0.000
2024-08-03T19:15:00,3.440,0.00,0.000
2024-08-03T19:00:00,3.440,13.20,0.000
2024-08-03T18:45:00,3.440,0.00,0.000
2024-08-03T18:30:00,3.440,0.00,0.000
2024-08-03T18:15:00,3.440,13.20,0.000
2024-08-03T18:00:00,3.450,0.00,0.000
2024-08-03T17:45:00,3.450,13.30,0.000
2024-08-03T17:30:00,3.450,0.00,0.000
2024-08-03T17:15:00,3.450,13.30,0.000
2024-08-03T17:00:00,3.460,0.00,0.000
2024-08-03T16:45:00,3.450,0.00,0.000
2024-08-03T16:30:00,3.450,0.00,0.000
2024-08-03T16:15:00,3.450,0.00,0.000
2024-08-03T16:00:00,3.450,0.00,0.000
2024-08-03T15:45:00,3.450,0.00,0.000
2024-08-03T15:30:00,3.450,0.00,0.000
2024-08-03T15:15:00,3.460,0.00,0.000
2024-08-03T15:00:00,3.460,0.00,0.000
2024-08-03T14:45:00,3.460,0.00,0.000
2024-08-03T14:30:00,3.460,0.00,0.000
2024-08-03T14:15:00,3.460,0.00,0.000
2024-08-03T14:00:00,3.470,0.00,0.000
2024-08-03T13:45:00,3.460,0.00,0.000
2024-08-03T13:30:00,3.470,0.00,0.000
2024-08-03T13:15:00,3.470,0.00,0.000
2024-08-03T13:00:00,3.470,0.00,0.000
2024-08-03T12:45:00,3.480,0.00,0.000
2024-08-03T12:30:00,3.480,20.10,0.000
2024-08-03T12:15:00,3.480,0.00,0.000
2024-08-03T12:00:00,3.480,0.00,0.000
2024-08-03T11:45:00,3.490,20.70,0.000
2024-08-03T11:30:00,3.480,0.00,0.000
2024-08-03T11:15:00,3.480,0.00,0.000
2024-08-03T11:00:00,3.490,0.00,0.000
2024-08-03T10:45:00,3.490,0.00,0.000
2024-08-03T10:30:00,3.490,0.00,0.000
2024-08-03T10:15:00,3.490,0.00,0.000
2024-08-03T10:00:00,3.500,0.00,0.000
2024-08-03T09:45:00,3.500,0.00,0.000
2024-08-03T09:30:00,3.500,0.00,0.000
2024-08-03T09:15:00,3.500,0.00,0.000
2024-08-03T09:00:00,3.500,0.00,0.000
2024-08-03T08:45:00,3.500,0.00,0.000
2024-08-03T08:30:00,3.510,0.00,0.000
2024-08-03T08:15:00,3.510,0.00,0.000
2024-08-03T08:00:00,3.510,0.00,0.000
2024-08-03T07:45:00,3.510,0.00,0.000
2024-08-03T07:30:00,3.510,0.00,0.000
2024-08-03T07:15:00,3.510,0.00,0.000
2024-08-03T07:00:00,3.510,0.00,0.000
2024-08-03T06:45:00,3.510,0.00,0.000
2024-08-03T06:30:00,3.520,0.00,0.000
2024-08-03T06:15:00,3.520,0.00,0.000
2024-08-03T06:00:00,3.520,0.00,0.000
2024-08-03T05:45:00,3.520,0.00,0.000
2024-08-03T05:30:00,3.520,34.00,0.000
2024-08-03T05:15:00,3.520,13.80,0.000
2024-08-03T05:00:00,3.520,0.00,0.000
2024-08-03T04:45:00,3.520,0.00,0.000
2024-08-03T04:30:00,3.520,0.00,0.000
2024-08-03T04:15:00,3.520,0.00,0.000
2024-08-03T04:00:00,3.530,0.00,0.000
2024-08-03T03:45:00,3.530,0.00,0.000
2024-08-03T03:30:00,3.520,0.00,0.000
2024-08-03T03:15:00,3.530,0.00,0.000
2024-08-03T03:00:00,3.520,0.00,0.000
2024-08-03T02:45:00,3.530,13.80,0.500
2024-08-03T02:30:00,3.530,13.80,0.000
2024-08-03T02:15:00,3.530,0.00,0.000
2024-08-03T02:00:00,3.530,0.00,0.000
2024-08-03T01:45:00,3.530,0.00,0.000
2024-08-03T01:30:00,3.530,0.00,0.000
2024-08-03T01:15:00,3.530,0.00,0.000
2024-08-03T01:00:00,3.530,0.00,0.000
2024-08-03T00:45:00,3.530,0.00,0.000
2024-08-03T00:30:00,3.530,0.00,0.000
2024-08-03T00:15:00,3.530,0.00,0.000
2024-08-03T00:00:00,3.530,0.00,0.000
2024-08-02T23:45:00,3.530,0.00,0.000
2024-08-02T23:30:00,3.530,0.00,0.000
2024-08-02T23:15:00,3.530,0.00,0.000
2024-08-02T23:00:00,3.530,0.00,0.000
2024-08-02T22:45:00,3.530,0.00,0.000
2024-08-02T22:30:00,3.530,0.00,0.000
2024-08-02T22:15:00,3.530,0.00,0.000
2024-08-02T22:00:00,3.530,0.00,0.000
2024-08-02T21:45:00,3.530,0.00,0.000
2024-08-02T21:30:00,3.530,35.10,0.000
2024-08-02T21:15:00,3.530,0.00,0.000
2024-08-02T21:00:00,3.530,0.00,0.000
2024-08-02T20:45:00,3.530,0.00,0.000
2024-08-02T20:30:00,3.530,0.00,0.000
2024-08-02T20:15:00,3.530,0.00,0.000
2024-08-02T20:00:00,3.530,0.00,0.000
2024-08-02T19:45:00,3.530,0.00,0.000
2024-08-02T19:30:00,3.530,0.00,0.000
2024-08-02T19:15:00,3.530,0.00,0.000
2024-08-02T19:00:00,3.530,0.00,0.000
2024-08-02T18:45:00,3.530,0.00,0.000
2024-08-02T18:30:00,3.530,0.00,0.000
2024-08-02T18:15:00,3.530,0.00,0.000
2024-08-02T18:00:00,3.530,0.00,0.000
2024-08-02T17:45:00,3.530,0.00,0.000
2024-08-02T17:30:00,3.530,0.00,0.000
2024-08-02T17:15:00,3.530,0.00,0.000
2024-08-02T17:00:00,3.530,0.00,0.000
2024-08-02T16:45:00,3.530,0.00,0.000
2024-08-02T16:30:00,3.530,0.00,0.000
2024-08-02T16:15:00,3.530,0.00,0.000
2024-08-02T16:00:00,3.530,0.00,0.000
2024-08-02T15:45:00,3.530,0.00,0.000
2024-08-02T15:30:00,3.540,0.00,0.000
2024-08-02T15:15:00,3.540,0.00,0.000
2024-08-02T15:00:00,3.540,0.00,0.000
2024-08-02T14:45:00,3.540,0.00,0.000
2024-08-02T14:30:00,3.540,0.00,0.000
2024-08-02T14:15:00,3.540,0.00,0.000
2024-08-02T14:00:00,3.540,0.00,0.000
2024-08-02T13:45:00,3.540,0.00,0.000
2024-08-02T13:30:00,3.550,0.00,0.000
2024-08-02T13:15:00,3.550,0.00,0.000
2024-08-02T13:00:00,3.550,0.00,0.000
2024-08-02T12:45:00,3.550,0.00,0.000
2024-08-02T12:30:00,3.550,0.00,0.000
2024-08-02T12:15:00,3.550,15.10,0.000
2024-08-02T12:00:00,3.550,21.00,0.000
2024-08-02T11:45:00,3.550,0.00,0.000
2024-08-02T11:30:00,3.550,21.20,0.000
2024-08-02T11:15:00,3.550,23.30,0.000
2024-08-02T11:00:00,3.550,0.00,0.000
2024-08-02T10:45:00,3.550,0.00,0.000
2024-08-02T10:30:00,3.560,0.00,0.000
2024-08-02T10:15:00,3.560,0.00,0.000
2024-08-02T10:00:00,3.560,0.00,0.000
2024-08-02T09:45:00,3.560,0.00,0.000
2024-08-02T09:30:00,3.570,0.00,0.000
2024-08-02T09:15:00,3.570,0.00,0.000
2024-08-02T09:00:00,3.570,0.00,0.500
2024-08-02T08:45:00,3.570,0.00,0.000
2024-08-02T08:30:00,3.570,0.00,0.000
2024-08-02T08:15:00,3.570,0.00,0.000
2024-08-02T08:00:00,3.570,0.00,0.000
2024-08-02T07:45:00,3.580,0.00,0.000
2024-08-02T07:30:00,3.580,0.00,0.000
2024-08-02T07:15:00,3.580,0.00,0.000
2024-08-02T07:00:00,3.580,0.00,0.000
2024-08-02T06:45:00,3.580,0.00,0.000
2024-08-02T06:30:00,3.580,0.00,0.000
2024-08-02T06:15:00,3.580,0.00,0.000
2024-08-02T06:00:00,3.580,0.00,0.000
2024-08-02T05:45:00,3.580,0.00,0.000
2024-08-02T05:30:00,3.580,0.00,0.000
2024-08-02T05:15:00,3.580,0.00,0.000
2024-08-02T05:00:00,3.580,0.00,0.000
2024-08-02T04:45:00,3.580,0.00,0.000
2024-08-02T04:30:00,3.580,0.00,0.000
2024-08-02T04:15:00,3.580,0.00,0.000
2024-08-02T04:00:00,3.580,0.00,0.000
2024-08-02T03:45:00,3.590,0.00,0.000
2024-08-02T03:30:00,3.580,0.00,0.000
2024-08-02T03:15:00,3.580,0.00,0.000
2024-08-02T03:00:00,3.580,0.00,0.000
2024-08-02T02:45:00,3.580,0.00,0.500
2024-08-02T02:30:00,3.580,0.00,0.000
2024-08-02T02:15:00,3.580,0.00,0.500
2024-08-02T02:00:00,3.580,0.00,0.000
2024-08-02T01:45:00,3.580,0.00,0.500
2024-08-02T01:30:00,3.580,0.00,0.000
2024-08-02T01:15:00,3.580,0.00,1.000
2024-08-02T01:00:00,3.580,0.00,8.000
2024-08-02T00:45:00,3.570,0.00,14.000
2024-08-02T00:30:00,3.560,0.00,2.500
2024-08-02T00:15:00,3.560,0.00,0.000
2024-08-02T00:00:00,3.560,0.00,0.000
2024-08-01T23:45:00,3.560,0.00,0.000
2024-08-01T23:30:00,3.560,0.00,0.000
2024-08-01T23:15:00,3.560,0.00,0.000
2024-08-01T23:00:00,3.560,0.00,0.000
2024-08-01T22:45:00,3.570,0.00,0.000
2024-08-01T22:30:00,3.570,0.00,0.000
2024-08-01T22:15:00,3.570,35.40,0.000
2024-08-01T22:00:00,3.570,0.00,0.000
2024-08-01T21:45:00,3.570,0.00,0.000
2024-08-01T21:30:00,3.570,0.00,0.000
2024-08-01T21:15:00,3.580,0.00,0.000
2024-08-01T21:00:00,3.580,0.00,0.000
2024-08-01T20:45:00,3.580,0.00,0.000
2024-08-01T20:30:00,3.580,0.00,0.000
2024-08-01T20:15:00,3.580,0.00,0.000
2024-08-01T20:00:00,3.580,0.00,0.000
2024-08-01T19:45:00,3.580,0.00,0.000
2024-08-01T19:30:00,3.580,0.00,0.000
2024-08-01T19:15:00,3.580,0.00,0.000
2024-08-01T19:00:00,3.580,0.00,0.000
2024-08-01T18:45:00,3.580,0.00,0.000
2024-08-01T18:30:00,3.580,0.00,0.000
2024-08-01T18:15:00,3.580,0.00,0.000
2024-08-01T18:00:00,3.580,0.00,0.000
2024-08-01T17:45:00,3.580,0.00,0.000
2024-08-01T17:30:00,3.590,0.00,0.000
2024-08-01T17:15:00,3.580,0.00,0.000
2024-08-01T17:00:00,3.590,0.00,0.000
2024-08-01T16:45:00,3.590,0.00,0.000
2024-08-01T16:30:00,3.590,0.00,0.000
2024-08-01T16:15:00,3.590,0.00,0.000
2024-08-01T16:00:00,3.590,0.00,0.000
2024-08-01T15:45:00,3.590,0.00,0.000
2024-08-01T15:30:00,3.590,0.00,0.000
2024-08-01T15:15:00,3.590,0.00,0.000
2024-08-01T15:00:00,3.590,14.30,0.000
2024-08-01T14:45:00,3.590,14.30,0.000
2024-08-01T14:30:00,3.600,0.00,0.000
2024-08-01T14:15:00,3.590,0.00,0.000
2024-08-01T14:00:00,3.600,0.00,3.000
2024-08-01T13:45:00,3.600,19.20,0.500
2024-08-01T13:30:00,3.590,0.00,5.500
2024-08-01T13:15:00,3.600,0.00,0.000
2024-08-01T13:00:00,3.600,0.00,0.000
2024-08-01T12:45:00,3.600,0.00,0.000
2024-08-01T12:30:00,3.600,23.80,0.000
2024-08-01T12:15:00,3.610,0.00,0.000
2024-08-01T12:00:00,3.620,0.00,0.000
2024-08-01T11:45:00,3.640,0.00,0.000
2024-08-01T11:30:00,3.650,0.00,0.500
2024-08-01T11:15:00,3.650,0.00,0.000
2024-08-01T11:00:00,3.650,0.00,0.000
2024-08-01T10:45:00,3.650,0.00,0.000
2024-08-01T10:30:00,3.650,0.00,0.000
2024-08-01T10:15:00,3.660,0.00,0.000
2024-08-01T10:00:00,3.660,0.00,0.000
2024-08-01T09:45:00,3.660,0.00,0.000
2024-08-01T09:30:00,3.660,0.00,0.000
2024-08-01T09:15:00,3.660,0.00,0.000
2024-08-01T09:00:00,3.660,0.00,0.000
2024-08-01T08:45:00,3.670,0.00,0.000
2024-08-01T08:30:00,3.670,0.00,0.000
2024-08-01T08:15:00,3.670,0.00,0.000
2024-08-01T08:00:00,3.670,0.00,0.000
2024-08-01T07:45:00,3.670,0.00,0.000
2024-08-01T07:30:00,3.670,0.00,0.000
2024-08-01T07:15:00,3.670,0.00,0.000
2024-08-01T07:00:00,3.680,0.00,0.000
2024-08-01T06:45:00,3.670,18.50,0.000
2024-08-01T06:30:00,3.670,0.00,0.000
2024-08-01T06:15:00,3.680,0.00,0.000
2024-08-01T06:00:00,3.680,0.00,0.000
2024-08-01T05:45:00,3.680,0.00,0.000
2024-08-01T05:30:00,3.680,0.00,0.000
2024-08-01T05:15:00,3.680,0.00,0.000
2024-08-01T05:00:00,3.680,0.00,0.000
2024-08-01T04:45:00,3.680,0.00,0.000
2024-08-01T04:30:00,3.680,0.00,0.000
2024-08-01T04:15:00,3.680,0.00,0.000
2024-08-01T04:00:00,3.680,0.00,0.000
2024-08-01T03:45:00,3.690,0.00,0.000
2024-08-01T03:30:00,3.690,0.00,0.000
2024-08-01T03:15:00,3.690,0.00,0.000
2024-08-01T03:00:00,3.690,0.00,0.000
2024-08-01T02:45:00,3.690,0.00,0.000
2024-08-01T02:30:00,3.690,0.00,0.000
2024-08-01T02:15:00,3.690,0.00,0.000
2024-08-01T02:00:00,3.690,0.00,0.000
2024-08-01T01:45:00,3.690,0.00,0.000
2024-08-01T01:30:00,3.690,0.00,0.000
2024-08-01T01:15:00,3.690,0.00,0.000
2024-08-01T01:00:00,3.700,0.00,0.000
2024-08-01T00:45:00,3.690,0.00,0.000
2024-08-01T00:30:00,3.700,0.00,0.000
2024-08-01T00:15:00,3.700,0.00,0.000
2024-08-01T00:00:00,3.700,0.00,0.000
2024-07-31T23:45:00,3.700,0.00,0.000
2024-07-31T23:30:00,3.700,0.00,0.000
2024-07-31T23:15:00,3.700,0.00,0.000
2024-07-31T23:00:00,3.700,0.00,0.000
2024-07-31T22:45:00,3.700,0.00,0.000
2024-07-31T22:30:00,3.700,15.00,0.000
2024-07-31T22:15:00,3.700,0.00,0.000
2024-07-31T22:00:00,3.700,0.00,0.000
2024-07-31T21:45:00,3.700,0.00,0.000
2024-07-31T21:30:00,3.710,0.00,0.000
2024-07-31T21:15:00,3.700,0.00,0.000
2024-07-31T21:00:00,3.710,0.00,0.000
2024-07-31T20:45:00,3.710,0.00,0.000
2024-07-31T20:30:00,3.710,0.00,0.000
2024-07-31T20:15:00,3.710,0.00,0.000
2024-07-31T20:00:00,3.710,0.00,0.000
2024-07-31T19:45:00,3.710,0.00,0.000
2024-07-31T19:30:00,3.710,0.00,0.000
2024-07-31T19:15:00,3.710,46.10,0.000
2024-07-31T19:00:00,3.710,0.00,0.000
2024-07-31T18:45:00,3.710,0.00,0.000
2024-07-31T18:30:00,3.710,0.00,0.000
2024-07-31T18:15:00,3.710,0.00,0.000
2024-07-31T18:00:00,3.710,0.00,0.000
2024-07-31T17:45:00,3.710,0.00,0.000
2024-07-31T17:30:00,3.710,19.00,0.000
2024-07-31T17:15:00,3.710,19.30,0.000
2024-07-31T17:00:00,3.710,18.60,0.000
2024-07-31T16:45:00,3.710,0.00,0.000
2024-07-31T16:30:00,3.710,22.30,0.000
2024-07-31T16:15:00,3.710,0.00,0.000
2024-07-31T16:00:00,3.710,22.90,0.000
2024-07-31T15:45:00,3.710,0.00,0.000
2024-07-31T15:30:00,3.710,17.50,0.000
2024-07-31T15:15:00,3.710,15.10,0.000
2024-07-31T15:00:00,3.710,0.00,0.000
2024-07-31T14:45:00,3.710,15.10,0.000
2024-07-31T14:30:00,3.710,24.90,0.000
2024-07-31T14:15:00,3.710,0.00,0.000
2024-07-31T14:00:00,3.710,0.00,0.000
2024-07-31T13:45:00,3.710,0.00,0.000
2024-07-31T13:30:00,3.710,0.00,0.000
2024-07-31T13:15:00,3.710,15.10,0.000
2024-07-31T13:00:00,3.710,0.00,0.000
2024-07-31T12:45:00,3.710,0.00,0.000
2024-07-31T12:30:00,3.710,0.00,0.000
2024-07-31T12:15:00,3.710,0.00,0.000
2024-07-31T12:00:00,3.710,0.00,0.000
2024-07-31T11:45:00,3.710,0.00,0.000
2024-07-31T11:30:00,3.710,0.00,0.000
2024-07-31T11:15:00,3.710,0.00,0.000
2024-07-31T11:00:00,3.710,0.00,0.000
2024-07-31T10:45:00,3.710,0.00,0.000
2024-07-31T10:30:00,3.710,0.00,0.000
2024-07-31T10:15:00,3.710,0.00,0.000
2024-07-31T10:00:00,3.710,0.00,0.000
2024-07-31T09:45:00,3.710,0.00,0.000
2024-07-31T09:30:00,3.710,0.00,0.000
2024-07-31T09:15:00,3.710,0.00,0.000
2024-07-31T09:00:00,3.710,0.00,0.000
2024-07-31T08:45:00,3.710,0.00,0.000
2024-07-31T08:30:00,3.720,0.00,0.000
2024-07-31T08:15:00,3.720,0.00,0.000
2024-07-31T08:00:00,3.720,0.00,0.000
2024-07-31T07:45:00,3.720,0.00,0.000
2024-07-31T07:30:00,3.720,0.00,0.000
2024-07-31T07:15:00,3.710,0.00,0.000
2024-07-31T07:00:00,3.710,0.00,0.000
2024-07-31T06:45:00,3.720,0.00,0.000
2024-07-31T06:30:00,3.720,0.00,0.000
2024-07-31T06:15:00,3.720,0.00,0.000
2024-07-31T06:00:00,3.720,0.00,0.000
2024-07-31T05:45:00,3.730,0.00,0.000
2024-07-31T05:30:00,3.730,0.00,0.000
2024-07-31T05:15:00,3.730,0.00,0.000
2024-07-31T05:00:00,3.730,0.00,0.000
2024-07-31T04:45:00,3.730,0.00,0.000
2024-07-31T04:30:00,3.730,0.00,0.000
2024-07-31T04:15:00,3.740,0.00,0.000
2024-07-31T04:00:00,3.740,0.00,0.000
2024-07-31T03:45:00,3.740,0.00,0.000
2024-07-31T03:30:00,3.740,0.00,0.000
2024-07-31T03:15:00,3.740,0.00,0.000
2024-07-31T03:00:00,3.740,0.00,0.000
2024-07-31T02:45:00,3.740,0.00,0.000
2024-07-31T02:30:00,3.740,0.00,0.000
2024-07-31T02:15:00,3.750,0.00,0.000
2024-07-31T02:00:00,3.750,0.00,0.000
2024-07-31T01:45:00,3.750,0.00,0.500
2024-07-31T01:30:00,3.750,0.00,0.000
2024-07-31T01:15:00,3.750,0.00,0.000
2024-07-31T01:00:00,3.760,0.00,0.000
2024-07-31T00:45:00,3.760,0.00,0.000
2024-07-31T00:30:00,3.760,0.00,0.000
2024-07-31T00:15:00,3.760,0.00,0.000
2024-07-31T00:00:00,3.760,0.00,0.000
2024-07-30T23:45:00,3.760,0.00,0.000
2024-07-30T23:30:00,3.760,0.00,0.000
2024-07-30T23:15:00,3.770,0.00,0.000
2024-07-30T23:00:00,3.770,0.00,0.000
2024-07-30T22:45:00,3.770,0.00,0.000
2024-07-30T22:30:00,3.770,0.00,0.000
2024-07-30T22:15:00,3.770,0.00,0.000
2024-07-30T22:00:00,3.770,0.00,0.000
2024-07-30T21:45:00,3.780,0.00,0.000
2024-07-30T21:30:00,3.780,0.00,0.000
2024-07-30T21:15:00,3.780,0.00,0.000
2024-07-30T21:00:00,3.780,0.00,0.000
2024-07-30T20:45:00,3.780,0.00,0.000
2024-07-30T20:30:00,3.780,0.00,0.000
2024-07-30T20:15:00,3.780,0.00,0.000
2024-07-30T20:00:00,3.790,0.00,0.000
2024-07-30T19:45:00,3.790,0.00,0.000
2024-07-30T19:30:00,3.790,0.00,0.000
2024-07-30T19:15:00,3.790,0.00,0.000
2024-07-30T19:00:00,3.790,0.00,0.000
2024-07-30T18:45:00,3.790,0.00,0.000
2024-07-30T18:30:00,3.790,0.00,0.000
2024-07-30T18:15:00,3.800,0.00,0.000
2024-07-30T18:00:00,3.800,0.00,0.000
2024-07-30T17:45:00,3.800,0.00,0.000
2024-07-30T17:30:00,3.800,0.00,0.000
2024-07-30T17:15:00,3.800,0.00,0.000
2024-07-30T17:00:00,3.810,0.00,0.000
2024-07-30T16:45:00,3.810,0.00,0.000
2024-07-30T16:30:00,3.810,0.00,0.000
2024-07-30T16:15:00,3.810,0.00,0.000
2024-07-30T16:00:00,3.810,0.00,0.500
2024-07-30T15:45:00,3.810,0.00,0.000
2024-07-30T15:30:00,3.810,0.00,0.000
2024-07-30T15:15:00,3.800,0.00,3.000
2024-07-30T15:00:00,3.810,21.00,0.000
2024-07-30T14:45:00,3.810,0.00,2.000
2024-07-30T14:30:00,3.820,0.00,0.000
2024-07-30T14:15:00,3.820,0.00,0.000
2024-07-30T14:00:00,3.810,0.00,0.000
2024-07-30T13:45:00,3.820,0.00,0.000
2024-07-30T13:30:00,3.820,0.00,0.000
2024-07-30T13:15:00,3.820,0.00,0.000
2024-07-30T13:00:00,3.820,21.50,0.000
2024-07-30T12:45:00,3.820,0.00,0.000
2024-07-30T12:30:00,3.820,0.00,0.000
2024-07-30T12:15:00,3.830,0.00,0.000
2024-07-30T12:00:00,3.850,0.00,0.000
2024-07-30T11:45:00,3.900,0.00,0.000
2024-07-30T11:30:00,3.920,0.00,0.000
2024-07-30T11:15:00,3.920,0.00,0.000
2024-07-30T11:00:00,3.920,0.00,0.000
2024-07-30T10:45:00,3.910,0.00,0.000
2024-07-30T10:30:00,3.910,19.70,0.000
2024-07-30T10:15:00,3.900,0.00,0.000
2024-07-30T10:00:00,3.900,0.00,0.000
2024-07-30T09:45:00,3.880,0.00,0.000
2024-07-30T09:30:00,3.880,0.00,0.000
2024-07-30T09:15:00,3.880,20.80,0.000
2024-07-30T09:00:00,3.880,0.00,0.000
2024-07-30T08:45:00,3.870,0.00,0.000
2024-07-30T08:30:00,3.870,0.00,0.000
2024-07-30T08:15:00,3.870,0.00,0.000
2024-07-30T08:00:00,3.860,0.00,0.000
2024-07-30T07:45:00,3.860,0.00,0.000
2024-07-30T07:30:00,3.860,0.00,0.000
2024-07-30T07:15:00,3.860,0.00,0.000
2024-07-30T07:00:00,3.850,0.00,0.000
2024-07-30T06:45:00,3.850,0.00,0.000
2024-07-30T06:30:00,3.850,0.00,0.000
2024-07-30T06:15:00,3.850,0.00,0.000
2024-07-30T06:00:00,3.840,0.00,0.000
2024-07-30T05:45:00,3.840,0.00,0.000
2024-07-30T05:30:00,3.830,0.00,0.000
2024-07-30T05:15:00,3.830,0.00,0.000
2024-07-30T05:00:00,3.830,0.00,0.000
2024-07-30T04:45:00,3.830,0.00,0.000
2024-07-30T04:30:00,3.820,0.00,0.000
2024-07-30T04:15:00,3.820,0.00,0.000
2024-07-30T04:00:00,3.820,0.00,0.000
2024-07-30T03:45:00,3.810,0.00,0.000
2024-07-30T03:30:00,3.810,38.10,0.000
2024-07-30T03:15:00,3.810,0.00,0.000
2024-07-30T03:00:00,3.810,0.00,0.000
2024-07-30T02:45:00,3.800,0.00,0.000
2024-07-30T02:30:00,3.790,0.00,0.000
2024-07-30T02:15:00,3.790,0.00,0.000
2024-07-30T02:00:00,3.790,0.00,0.000
2024-07-30T01:45:00,3.780,0.00,0.000
2024-07-30T01:30:00,3.780,0.00,0.000
2024-07-30T01:15:00,3.770,0.00,0.000
2024-07-30T01:00:00,3.770,0.00,0.000
2024-07-30T00:45:00,3.760,0.00,0.000
2024-07-30T00:30:00,3.760,0.00,0.000
2024-07-30T00:15:00,3.750,0.00,0.500
2024-07-30T00:00:00,3.750,0.00,0.000
2024-07-29T23:45:00,3.740,0.00,0.000
2024-07-29T23:30:00,3.730,0.00,0.500
2024-07-29T23:15:00,3.730,0.00,0.500
2024-07-29T23:00:00,3.720,0.00,0.500
2024-07-29T22:45:00,3.710,0.00,0.500
2024-07-29T22:30:00,3.710,0.00,0.500
2024-07-29T22:15:00,3.700,0.00,0.500
2024-07-29T22:00:00,3.690,0.00,0.500
2024-07-29T21:45:00,3.680,0.00,0.000
2024-07-29T21:30:00,3.670,0.00,1.000
2024-07-29T21:15:00,3.660,0.00,0.500
2024-07-29T21:00:00,3.650,0.00,1.000
2024-07-29T20:45:00,3.640,0.00,0.500
2024-07-29T20:30:00,3.640,0.00,1.500
2024-07-29T20:15:00,3.620,0.00,1.500
2024-07-29T20:00:00,3.610,0.00,1.500
2024-07-29T19:45:00,3.610,0.00,1.000
2024-07-29T19:30:00,3.600,0.00,1.000
2024-07-29T19:15:00,3.590,0.00,1.500
2024-07-29T19:00:00,3.590,0.00,3.500
2024-07-29T18:45:00,3.570,0.00,8.000
2024-07-29T18:30:00,3.580,0.00,13.500
2024-07-29T18:15:00,3.520,0.00,20.500
2024-07-29T18:00:00,3.490,0.00,11.500
2024-07-29T17:45:00,3.470,0.00,4.000
2024-07-29T17:30:00,3.460,13.40,0.000
2024-07-29T17:15:00,3.460,0.00,0.500
2024-07-29T17:00:00,3.450,0.00,0.000
2024-07-29T16:45:00,3.450,13.30,1.000
2024-07-29T16:30:00,3.440,0.00,6.500
2024-07-29T16:15:00,3.450,0.00,0.500
2024-07-29T16:00:00,3.440,13.20,0.000
2024-07-29T15:45:00,3.440,13.60,0.000
2024-07-29T15:30:00,3.430,0.00,0.000
2024-07-29T15:15:00,3.430,0.00,0.000
2024-07-29T15:00:00,3.430,13.10,0.000
2024-07-29T14:45:00,3.430,0.00,0.500
2024-07-29T14:30:00,3.430,13.10,1.500
2024-07-29T14:15:00,3.430,0.00,8.500
2024-07-29T14:00:00,3.420,0.00,1.500
2024-07-29T13:45:00,3.420,0.00,0.000
2024-07-29T13:30:00,3.420,17.00,0.000
2024-07-29T13:15:00,3.420,0.00,0.000
2024-07-29T13:00:00,3.420,0.00,0.000
2024-07-29T12:45:00,3.410,0.00,0.000
2024-07-29T12:30:00,3.410,0.00,0.000
2024-07-29T12:15:00,3.410,0.00,0.000
2024-07-29T12:00:00,3.410,0.00,0.000
2024-07-29T11:45:00,3.410,0.00,0.000
2024-07-29T11:30:00,3.400,0.00,0.000
2024-07-29T11:15:00,3.400,0.00,0.000
2024-07-29T11:00:00,3.400,0.00,0.000
2024-07-29T10:45:00,3.400,0.00,0.000
2024-07-29T10:30:00,3.390,0.00,0.000
2024-07-29T10:15:00,3.390,0.00,0.000
2024-07-29T10:00:00,3.390,0.00,0.000
2024-07-29T09:45:00,3.390,0.00,0.000
2024-07-29T09:30:00,3.380,0.00,0.000
2024-07-29T09:15:00,3.380,0.00,0.000
2024-07-29T09:00:00,3.380,0.00,0.000
2024-07-29T08:45:00,3.370,0.00,0.000
2024-07-29T08:30:00,3.370,0.00,0.000
2024-07-29T08:15:00,3.370,0.00,0.000
2024-07-29T08:00:00,3.370,0.00,0.000
2024-07-29T07:45:00,3.370,0.00,0.000
2024-07-29T07:30:00,3.370,0.00,0.000
2024-07-29T07:15:00,3.370,0.00,0.000
2024-07-29T07:00:00,3.370,0.00,0.000
2024-07-29T06:45:00,3.360,0.00,0.000
2024-07-29T06:30:00,3.360,0.00,0.000
2024-07-29T06:15:00,3.360,0.00,0.000
2024-07-29T06:00:00,3.360,0.00,0.000
2024-07-29T05:45:00,3.360,0.00,0.000
2024-07-29T05:30:00,3.360,0.00,0.000
2024-07-29T05:15:00,3.360,0.00,0.000
2024-07-29T05:00:00,3.350,0.00,0.000
2024-07-29T04:45:00,3.350,0.00,0.000
2024-07-29T04:30:00,3.350,0.00,0.000
2024-07-29T04:15:00,3.350,0.00,0.000
2024-07-29T04:00:00,3.340,35.80,0.000
2024-07-29T03:45:00,3.340,0.00,0.000
2024-07-29T03:30:00,3.340,25.60,0.000
2024-07-29T03:15:00,3.340,31.70,0.000
2024-07-29T03:00:00,3.340,33.10,0.000
2024-07-29T02:45:00,3.330,0.00,0.000
2024-07-29T02:30:00,3.330,0.00,0.000
2024-07-29T02:15:00,3.330,0.00,0.000
2024-07-29T02:00:00,3.330,0.00,0.000
2024-07-29T01:45:00,3.320,0.00,0.000
2024-07-29T01:30:00,3.320,0.00,0.000
2024-07-29T01:15:00,3.320,0.00,0.000
2024-07-29T01:00:00,3.320,0.00,0.000
2024-07-29T00:45:00,3.310,0.00,0.000
2024-07-29T00:30:00,3.310,0.00,0.500
2024-07-29T00:15:00,3.310,0.00,0.000
2024-07-29T00:00:00,3.300,0.00,0.000
2024-08-11T23:45:00,3.020,16.50,0.000
2024-08-11T23:30:00,3.020,0.00,0.000
2024-08-11T23:15:00,3.020,0.00,0.000
2024-08-11T23:00:00,3.020,14.40,5.000
2024-08-11T22:45:00,3.010,0.00,2.500
2024-08-11T22:30:00,3.010,0.00,0.000
2024-08-11T22:15:00,3.010,0.00,0.000
2024-08-11T22:00:00,3.020,59.40,0.000
2024-08-11T21:45:00,3.010,16.10,0.000
2024-08-11T21:30:00,3.020,17.10,0.000
2024-08-11T21:15:00,3.010,0.00,0.000
2024-08-11T21:00:00,3.010,15.90,0.000
2024-08-11T20:45:00,3.020,14.90,0.000
2024-08-11T20:30:00,3.020,14.90,0.000
2024-08-11T20:15:00,3.020,20.80,0.000
2024-08-11T20:00:00,3.020,0.00,0.000
2024-08-11T19:45:00,3.020,0.00,0.000
2024-08-11T19:30:00,3.020,0.00,0.000
2024-08-11T19:15:00,3.020,0.00,0.000
2024-08-11T19:00:00,3.020,0.00,0.000
2024-08-11T18:45:00,3.020,17.80,0.000
2024-08-11T18:30:00,3.020,17.60,0.000
2024-08-11T18:15:00,3.020,31.00,0.000
2024-08-11T18:00:00,3.020,0.00,0.000
2024-08-11T17:45:00,3.020,0.00,0.000
2024-08-11T17:30:00,3.020,0.00,0.000
2024-08-11T17:15:00,3.020,0.00,0.000
2024-08-11T17:00:00,3.020,0.00,0.000
2024-08-11T16:45:00,3.030,0.00,0.000
2024-08-11T16:30:00,3.020,0.00,0.000
2024-08-11T16:15:00,3.030,0.00,0.000
2024-08-11T16:00:00,3.030,0.00,0.000
2024-08-11T15:45:00,3.030,0.00,0.000
2024-08-11T15:30:00,3.030,0.00,0.000
2024-08-11T15:15:00,3.030,0.00,0.000
2024-08-11T15:00:00,3.030,0.00,0.000
2024-08-11T14:45:00,3.030,0.00,0.000
2024-08-11T14:30:00,3.030,0.00,0.000
2024-08-11T14:15:00,3.030,0.00,0.000
2024-08-11T14:00:00,3.030,0.00,0.000
2024-08-11T13:45:00,3.030,0.00,0.000
2024-08-11T13:30:00,3.030,0.00,0.000
2024-08-11T13:15:00,3.030,0.00,0.000
2024-08-11T13:00:00,3.040,0.00,0.000
2024-08-11T12:45:00,3.030,0.00,0.000
2024-08-11T12:30:00,3.040,0.00,0.000
2024-08-11T12:15:00,3.030,0.00,0.000
2024-08-11T12:00:00,3.030,0.00,0.000
2024-08-11T11:45:00,3.030,0.00,0.000
2024-08-11T11:30:00,3.040,0.00,0.000
2024-08-11T11:15:00,3.040,0.00,0.000
2024-08-11T11:00:00,3.040,0.00,0.500
2024-08-11T10:45:00,3.040,0.00,0.000
2024-08-11T10:30:00,3.040,0.00,0.000
2024-08-11T10:15:00,3.040,0.00,0.000
2024-08-11T10:00:00,3.040,0.00,0.000
2024-08-11T09:45:00,3.040,0.00,0.000
2024-08-11T09:30:00,3.040,0.00,0.000
2024-08-11T09:15:00,3.040,0.00,0.000
2024-08-11T09:00:00,3.040,0.00,0.000
2024-08-11T08:45:00,3.040,0.00,0.000
2024-08-11T08:30:00,3.040,0.00,0.000
2024-08-11T08:15:00,3.040,0.00,0.000
2024-08-11T08:00:00,3.040,0.00,0.000
2024-08-11T07:45:00,3.040,0.00,0.000
2024-08-11T07:30:00,3.040,0.00,0.000
2024-08-11T07:15:00,3.040,0.00,0.000
2024-08-11T07:00:00,3.040,0.00,0.000
2024-08-11T06:45:00,3.040,0.00,0.000
2024-08-11T06:30:00,3.040,0.00,0.000
2024-08-11T06:15:00,3.040,17.10,0.000
2024-08-11T06:00:00,3.040,0.00,0.000
2024-08-11T05:45:00,3.030,16.70,0.000
2024-08-11T05:30:00,3.040,26.30,0.000
2024-08-11T05:15:00,3.040,14.70,0.000
2024-08-11T05:00:00,3.030,0.00,0.000
2024-08-11T04:45:00,3.040,0.00,0.000
2024-08-11T04:30:00,3.030,0.00,0.000
2024-08-11T04:15:00,3.030,0.00,0.000
2024-08-11T04:00:00,3.030,0.00,0.000
2024-08-11T03:45:00,3.040,0.00,0.000
2024-08-11T03:30:00,3.030,0.00,0.000
2024-08-11T03:15:00,3.030,0.00,0.000
2024-08-11T03:00:00,3.030,16.00,0.000
2024-08-11T02:45:00,3.030,0.00,0.000
2024-08-11T02:30:00,3.030,0.00,0.000
2024-08-11T02:15:00,3.030,0.00,0.000
2024-08-11T02:00:00,3.020,15.50,0.000
2024-08-11T01:45:00,3.020,0.00,0.000
2024-08-11T01:30:00,3.020,0.00,0.000
2024-08-11T01:15:00,3.020,15.90,0.000
2024-08-11T01:00:00,3.020,16.10,1.000
2024-08-11T00:45:00,3.010,18.80,2.500
2024-08-11T00:30:00,3.000,15.80,0.000
2024-08-11T00:15:00,3.000,15.20,0.500
2024-08-11T00:00:00,3.000,16.30,0.500
2024-08-10T23:45:00,3.010,15.90,1.000
2024-08-10T23:30:00,3.000,17.00,2.000
2024-08-10T23:15:00,3.020,18.80,5.000
2024-08-10T23:00:00,3.000,19.40,0.500
2024-08-10T22:45:00,2.960,23.60,0.000
2024-08-10T22:30:00,2.950,0.00,0.000
2024-08-10T22:15:00,2.950,0.00,0.000
2024-08-10T22:00:00,2.960,0.00,0.000
2024-08-10T21:45:00,2.960,0.00,0.000
2024-08-10T21:30:00,2.960,0.00,0.000
2024-08-10T21:15:00,2.960,0.00,0.000
2024-08-10T21:00:00,2.960,0.00,0.000
2024-08-10T20:45:00,2.960,0.00,0.000
2024-08-10T20:30:00,2.960,0.00,0.000
2024-08-10T20:15:00,2.960,0.00,0.000
2024-08-10T20:00:00,2.960,0.00,0.000
2024-08-10T19:45:00,2.960,0.00,0.000
2024-08-10T19:30:00,2.960,36.40,0.000
2024-08-10T19:15:00,2.960,33.80,0.000
2024-08-10T19:00:00,2.960,0.00,0.000
2024-08-10T18:45:00,2.970,16.60,0.000
2024-08-10T18:30:00,2.960,15.70,0.000
2024-08-10T18:15:00,2.980,22.50,0.000
2024-08-10T18:00:00,2.960,0.00,0.000
2024-08-10T17:45:00,2.960,15.20,0.000
2024-08-10T17:30:00,2.970,12.20,0.000
2024-08-10T17:15:00,2.960,0.00,0.000
2024-08-10T17:00:00,2.970,0.00,0.000
2024-08-10T16:45:00,2.970,0.00,0.000
2024-08-10T16:30:00,2.970,0.00,0.000
2024-08-10T16:15:00,2.970,0.00,0.000
2024-08-10T16:00:00,2.970,0.00,0.000
2024-08-10T15:45:00,2.970,0.00,0.000
2024-08-10T15:30:00,2.970,0.00,0.000
2024-08-10T15:15:00,2.970,0.00,0.000
2024-08-10T15:00:00,2.980,0.00,0.000
2024-08-10T14:45:00,2.980,0.00,0.000
2024-08-10T14:30:00,2.980,0.00,0.000
2024-08-10T14:15:00,2.980,0.00,0.000
2024-08-10T14:00:00,2.980,0.00,0.000
2024-08-10T13:45:00,2.980,0.00,0.000
2024-08-10T13:30:00,2.980,0.00,0.000
2024-08-10T13:15:00,2.980,0.00,0.000
2024-08-10T13:00:00,2.990,0.00,0.000
2024-08-10T12:45:00,2.990,0.00,0.000
2024-08-10T12:30:00,2.990,0.00,0.000
2024-08-10T12:15:00,2.990,0.00,0.000
2024-08-10T12:00:00,2.990,0.00,0.000
2024-08-10T11:45:00,2.990,13.00,0.000
2024-08-10T11:30:00,3.000,0.00,0.000
2024-08-10T11:15:00,2.990,0.00,0.000
2024-08-10T11:00:00,3.000,0.00,0.000
2024-08-10T10:45:00,3.000,0.00,0.000
2024-08-10T10:30:00,3.000,18.90,0.000
2024-08-10T10:15:00,3.000,13.50,0.000
2024-08-10T10:00:00,3.010,0.00,0.000
2024-08-10T09:45:00,3.010,0.00,0.500
2024-08-10T09:30:00,3.010,0.00,0.000
2024-08-10T09:15:00,3.010,0.00,0.000
2024-08-10T09:00:00,3.010,0.00,0.000
2024-08-10T08:45:00,3.020,0.00,0.000
2024-08-10T08:30:00,3.020,0.00,0.000
2024-08-10T08:15:00,3.020,0.00,0.000
2024-08-10T08:00:00,3.020,0.00,0.000
2024-08-10T07:45:00,3.020,0.00,0.000
2024-08-10T07:30:00,3.030,0.00,0.000
2024-08-10T07:15:00,3.030,0.00,0.000
2024-08-10T07:00:00,3.030,0.00,0.000
2024-08-10T06:45:00,3.030,0.00,0.000
2024-08-10T06:30:00,3.030,0.00,0.000
2024-08-10T06:15:00,3.030,0.00,0.000
2024-08-10T06:00:00,3.030,15.80,0.000
2024-08-10T05:45:00,3.040,0.00,0.000
2024-08-10T05:30:00,3.040,0.00,0.000
2024-08-10T05:15:00,3.040,0.00,0.000
2024-08-10T05:00:00,3.040,21.90,0.000
2024-08-10T04:45:00,3.040,15.70,0.000
2024-08-10T04:30:00,3.040,0.00,0.000
2024-08-10T04:15:00,3.040,0.00,0.000
2024-08-10T04:00:00,3.040,0.00,0.000
2024-08-10T03:45:00,3.050,14.80,0.000
2024-08-10T03:30:00,3.040,0.00,0.000
2024-08-10T03:15:00,3.050,0.00,0.000
2024-08-10T03:00:00,3.050,0.00,0.000
2024-08-10T02:45:00,3.050,0.00,0.000
2024-08-10T02:30:00,3.050,0.00,0.000
2024-08-10T02:15:00,3.050,0.00,0.000
2024-08-10T02:00:00,3.050,0.00,0.000
2024-08-10T01:45:00,3.050,0.00,0.000
2024-08-10T01:30:00,3.060,27.40,0.000
2024-08-10T01:15:00,3.050,16.30,0.500
2024-08-10T01:00:00,3.060,0.00,0.000
2024-08-10T00:45:00,3.060,0.00,0.000
2024-08-10T00:30:00,3.060,0.00,0.000
2024-08-10T00:15:00,3.060,0.00,0.000
2024-08-10T00:00:00,3.060,0.00,0.000
2024-08-09T23:45:00,3.060,0.00,0.000
2024-08-09T23:30:00,3.060,0.00,0.000
2024-08-09T23:15:00,3.060,0.00,0.000
2024-08-09T23:00:00,3.070,0.00,0.000
2024-08-09T22:45:00,3.070,0.00,0.000
2024-08-09T22:30:00,3.070,19.90,0.000
2024-08-09T22:15:00,3.070,0.00,0.000
2024-08-09T22:00:00,3.070,0.00,0.000
2024-08-09T21:45:00,3.070,0.00,0.000
2024-08-09T21:30:00,3.070,0.00,0.000
2024-08-09T21:15:00,3.070,0.00,0.000
2024-08-09T21:00:00,3.070,0.00,0.000
2024-08-09T20:45:00,3.070,0.00,0.000
2024-08-09T20:30:00,3.070,29.80,0.000
2024-08-09T20:15:00,3.080,0.00,0.000
2024-08-09T20:00:00,3.070,26.10,0.000
2024-08-09T19:45:00,3.080,32.60,0.000
2024-08-09T19:30:00,3.080,0.00,0.000
2024-08-09T19:15:00,3.080,0.00,0.000
2024-08-09T19:00:00,3.080,33.70,0.000
2024-08-09T18:45:00,3.060,0.00,0.000
2024-08-09T18:30:00,3.060,0.00,0.000
2024-08-09T18:15:00,3.060,0.00,0.000
2024-08-09T18:00:00,3.070,0.00,0.000
2024-08-09T17:45:00,3.070,0.00,0.000
2024-08-09T17:30:00,3.070,0.00,0.000
2024-08-09T17:15:00,3.070,0.00,0.000
2024-08-09T17:00:00,3.070,0.00,0.000
2024-08-09T16:45:00,3.070,0.00,0.000
2024-08-09T16:30:00,3.070,0.00,0.000
2024-08-09T16:15:00,3.070,0.00,0.000
2024-08-09T16:00:00,3.080,0.00,0.000
2024-08-09T15:45:00,3.080,0.00,0.000
2024-08-09T15:30:00,3.080,0.00,0.000
2024-08-09T15:15:00,3.090,0.00,0.000
2024-08-09T15:00:00,3.090,0.00,0.000
2024-08-09T14:45:00,3.090,0.00,0.000
2024-08-09T14:30:00,3.090,0.00,0.000
2024-08-09T14:15:00,3.090,0.00,0.000
2024-08-09T14:00:00,3.100,0.00,0.000
2024-08-09T13:45:00,3.100,0.00,0.000
2024-08-09T13:30:00,3.100,0.00,0.000
2024-08-09T13:15:00,3.100,12.80,0.000
2024-08-09T13:00:00,3.100,0.00,0.000
2024-08-09T12:45:00,3.100,0.00,0.000
2024-08-09T12:30:00,3.110,0.00,0.000
2024-08-09T12:15:00,3.110,0.00,0.000
2024-08-09T12:00:00,3.110,0.00,0.000
2024-08-09T11:45:00,3.110,0.00,0.000
2024-08-09T11:30:00,3.110,0.00,0.000
2024-08-09T11:15:00,3.120,0.00,0.000
2024-08-09T11:00:00,3.120,0.00,0.000
2024-08-09T10:45:00,3.120,0.00,0.000
2024-08-09T10:30:00,3.120,0.00,0.000
2024-08-09T10:15:00,3.120,0.00,0.000
2024-08-09T10:00:00,3.120,0.00,0.000
2024-08-09T09:45:00,3.130,0.00,0.000
2024-08-09T09:30:00,3.130,0.00,0.000
2024-08-09T09:15:00,3.130,0.00,0.000
2024-08-09T09:00:00,3.130,0.00,0.000
2024-08-09T08:45:00,3.140,0.00,0.000
2024-08-09T08:30:00,3.140,0.00,0.000
2024-08-09T08:15:00,3.140,0.00,0.000
2024-08-09T08:00:00,3.140,0.00,0.000
2024-08-09T07:45:00,3.150,0.00,0.000
2024-08-09T07:30:00,3.150,0.00,0.000
2024-08-09T07:15:00,3.150,0.00,0.000
2024-08-09T07:00:00,3.150,0.00,0.000
2024-08-09T06:45:00,3.150,0.00,0.000
2024-08-09T06:30:00,3.150,0.00,0.000
2024-08-09T06:15:00,3.150,0.00,0.000
2024-08-09T06:00:00,3.150,0.00,0.000
2024-08-09T05:45:00,3.150,0.00,0.000
2024-08-09T05:30:00,3.150,24.30,0.000
2024-08-09T05:15:00,3.150,0.00,0.000
2024-08-09T05:00:00,3.160,0.00,0.000
2024-08-09T04:45:00,3.150,0.00,0.000
2024-08-09T04:30:00,3.160,0.00,0.000
2024-08-09T04:15:00,3.160,0.00,0.000
2024-08-09T04:00:00,3.160,0.00,0.000
2024-08-09T03:45:00,3.160,0.00,0.000
2024-08-09T03:30:00,3.160,0.00,0.000
2024-08-09T03:15:00,3.170,0.00,0.000
2024-08-09T03:00:00,3.170,0.00,0.000
2024-08-09T02:45:00,3.170,0.00,0.000
2024-08-09T02:30:00,3.170,0.00,0.000
2024-08-09T02:15:00,3.180,0.00,0.000
2024-08-09T02:00:00,3.180,0.00,0.000
2024-08-09T01:45:00,3.180,0.00,0.000
2024-08-09T01:30:00,3.180,0.00,0.000
2024-08-09T01:15:00,3.180,0.00,0.000
2024-08-09T01:00:00,3.180,0.00,0.000
2024-08-09T00:45:00,3.190,0.00,0.000
2024-08-09T00:30:00,3.190,0.00,0.000
2024-08-09T00:15:00,3.190,0.00,0.000
2024-08-09T00:00:00,3.190,0.00,0.000
2024-08-08T23:45:00,3.190,0.00,0.000
2024-08-08T23:30:00,3.190,0.00,0.000
2024-08-08T23:15:00,3.190,0.00,0.000
2024-08-08T23:00:00,3.200,0.00,0.000
2024-08-08T22:45:00,3.200,0.00,0.000
2024-08-08T22:30:00,3.200,0.00,0.000
2024-08-08T22:15:00,3.200,0.00,0.000
2024-08-08T22:00:00,3.200,0.00,0.000
2024-08-08T21:45:00,3.200,0.00,0.000
2024-08-08T21:30:00,3.200,0.00,0.000
2024-08-08T21:15:00,3.210,0.00,0.000
2024-08-08T21:00:00,3.200,0.00,0.000
2024-08-08T20:45:00,3.210,27.80,0.000
2024-08-08T20:30:00,3.210,0.00,0.000
2024-08-08T20:15:00,3.210,0.00,0.000
2024-08-08T20:00:00,3.210,11.70,0.000
2024-08-08T19:45:00,3.210,0.00,0.000
2024-08-08T19:30:00,3.210,0.00,0.000
2024-08-08T19:15:00,3.210,0.00,0.000
2024-08-08T19:00:00,3.210,0.00,0.000
2024-08-08T18:45:00,3.220,0.00,0.000
2024-08-08T18:30:00,3.220,0.00,0.000
2024-08-08T18:15:00,3.220,12.80,0.000
2024-08-08T18:00:00,3.220,0.00,0.000
2024-08-08T17:45:00,3.220,14.40,0.000
2024-08-08T17:30:00,3.220,17.50,0.000
2024-08-08T17:15:00,3.220,15.60,0.000
2024-08-08T17:00:00,3.220,18.00,0.000
2024-08-08T16:45:00,3.220,16.90,0.000
2024-08-08T16:30:00,3.220,11.60,0.000
2024-08-08T16:15:00,3.230,0.00,0.000
2024-08-08T16:00:00,3.230,0.00,0.000
2024-08-08T15:45:00,3.230,0.00,0.000
2024-08-08T15:30:00,3.230,0.00,0.000
2024-08-08T15:15:00,3.240,0.00,0.000
2024-08-08T15:00:00,3.240,0.00,0.000
2024-08-08T14:45:00,3.240,0.00,0.000
2024-08-08T14:30:00,3.240,0.00,0.000
2024-08-08T14:15:00,3.240,0.00,0.000
2024-08-08T14:00:00,3.240,0.00,0.000
2024-08-08T13:45:00,3.240,19.80,0.000
2024-08-08T13:30:00,3.250,0.00,0.000
2024-08-08T13:15:00,3.250,21.60,0.000
2024-08-08T13:00:00,3.260,0.00,0.000
2024-08-08T12:45:00,3.260,0.00,0.000
2024-08-08T12:30:00,3.260,32.40,0.000
2024-08-08T12:15:00,3.260,0.00,0.000
2024-08-08T12:00:00,3.260,11.90,0.000
2024-08-08T11:45:00,3.260,0.00,0.000
2024-08-08T11:30:00,3.270,0.00,0.000
2024-08-08T11:15:00,3.270,0.00,0.000
2024-08-08T11:00:00,3.270,0.00,0.000
2024-08-08T10:45:00,3.280,0.00,0.000
2024-08-08T10:30:00,3.280,0.00,0.000
2024-08-08T10:15:00,3.280,0.00,0.000
2024-08-08T10:00:00,3.280,0.00,0.000
2024-08-08T09:45:00,3.290,0.00,0.000
2024-08-08T09:30:00,3.290,0.00,0.000
2024-08-08T09:15:00,3.290,0.00,0.000
2024-08-08T09:00:00,3.290,0.00,0.000
2024-08-08T08:45:00,3.300,0.00,0.000
2024-08-08T08:30:00,3.300,0.00,0.000
2024-08-08T08:15:00,3.300,0.00,0.000
2024-08-08T08:00:00,3.300,0.00,0.000
2024-08-08T07:45:00,3.310,0.00,0.000
2024-08-08T07:30:00,3.310,0.00,0.000
2024-08-08T07:15:00,3.310,0.00,0.000
2024-08-08T07:00:00,3.310,0.00,0.000
2024-08-08T06:45:00,3.310,0.00,0.000
2024-08-08T06:30:00,3.310,0.00,0.000
2024-08-08T06:15:00,3.320,0.00,0.000
2024-08-08T06:00:00,3.320,0.00,0.000
2024-08-08T05:45:00,3.320,0.00,0.000
2024-08-08T05:30:00,3.320,28.20,0.000
2024-08-08T05:15:00,3.320,0.00,0.000
2024-08-08T05:00:00,3.330,0.00,0.000
2024-08-08T04:45:00,3.330,0.00,0.000
2024-08-08T04:30:00,3.330,0.00,0.000
2024-08-08T04:15:00,3.330,0.00,0.000
2024-08-08T04:00:00,3.330,0.00,0.000
2024-08-08T03:45:00,3.330,0.00,0.000
2024-08-08T03:30:00,3.330,0.00,0.000
2024-08-08T03:15:00,3.340,0.00,0.000
2024-08-08T03:00:00,3.340,0.00,0.000
2024-08-08T02:45:00,3.340,0.00,0.000
2024-08-08T02:30:00,3.340,0.00,0.000
2024-08-08T02:15:00,3.350,0.00,0.000
2024-08-08T02:00:00,3.340,0.00,0.000
2024-08-08T01:45:00,3.350,0.00,0.000
2024-08-08T01:30:00,3.350,0.00,0.000
2024-08-08T01:15:00,3.350,0.00,0.000
2024-08-08T01:00:00,3.350,0.00,0.000
2024-08-08T00:45:00,3.350,0.00,0.000
2024-08-08T00:30:00,3.350,0.00,0.000
2024-08-08T00:15:00,3.360,0.00,0.000
2024-08-08T00:00:00,3.360,0.00,0.000
2024-08-07T23:45:00,3.360,0.00,0.000
2024-08-07T23:30:00,3.370,0.00,0.000
2024-08-07T23:15:00,3.360,0.00,0.000
2024-08-07T23:00:00,3.370,0.00,0.000
2024-08-07T22:45:00,3.370,0.00,0.000
2024-08-07T22:30:00,3.370,0.00,0.000
2024-08-07T22:15:00,3.370,0.00,0.000
2024-08-07T22:00:00,3.370,0.00,0.000
2024-08-07T21:45:00,3.380,0.00,0.000
2024-08-07T21:30:00,3.370,0.00,0.000
2024-08-07T21:15:00,3.380,0.00,0.500
2024-08-07T21:00:00,3.380,0.00,0.000
2024-08-07T20:45:00,3.380,0.00,0.000
2024-08-07T20:30:00,3.380,12.80,0.000
2024-08-07T20:15:00,3.380,0.00,0.000
2024-08-07T20:00:00,3.380,0.00,0.000
2024-08-07T19:45:00,3.380,0.00,0.000
2024-08-07T19:30:00,3.380,0.00,0.000
2024-08-07T19:15:00,3.380,0.00,0.000
2024-08-07T19:00:00,3.380,0.00,0.000
2024-08-07T18:45:00,3.380,0.00,0.000
2024-08-07T18:30:00,3.390,0.00,0.000
2024-08-07T18:15:00,3.390,0.00,0.000
2024-08-07T18:00:00,3.390,0.00,0.000
2024-08-07T17:45:00,3.390,0.00,0.000
2024-08-07T17:30:00,3.390,0.00,0.000
2024-08-07T17:15:00,3.390,0.00,0.000
2024-08-07T17:00:00,3.390,0.00,0.000
2024-08-07T16:45:00,3.390,0.00,0.000
2024-08-07T16:30:00,3.400,54.10,0.000
2024-08-07T16:15:00,3.400,0.00,0.000
2024-08-07T16:00:00,3.400,0.00,0.000
2024-08-07T15:45:00,3.400,0.00,0.000
2024-08-07T15:30:00,3.400,0.00,0.000
2024-08-07T15:15:00,3.400,0.00,0.000
2024-08-07T15:00:00,3.410,0.00,0.000
2024-08-07T14:45:00,3.410,0.00,0.000
2024-08-07T14:30:00,3.410,0.00,0.000
2024-08-07T14:15:00,3.410,0.00,0.000
2024-08-07T14:00:00,3.410,0.00,0.000
2024-08-07T13:45:00,3.410,0.00,0.000
2024-08-07T13:30:00,3.420,0.00,0.000
2024-08-07T13:15:00,3.420,0.00,0.000
2024-08-07T13:00:00,3.420,0.00,0.000
2024-08-07T12:45:00,3.430,0.00,0.000
2024-08-07T12:30:00,3.420,0.00,0.000
2024-08-07T12:15:00,3.430,0.00,0.000
2024-08-07T12:00:00,3.430,0.00,0.000
2024-08-07T11:45:00,3.430,19.10,0.000
2024-08-07T11:30:00,3.440,0.00,0.000
2024-08-07T11:15:00,3.440,0.00,0.000
2024-08-07T11:00:00,3.440,0.00,0.000
2024-08-07T10:45:00,3.450,0.00,0.000
2024-08-07T10:30:00,3.450,0.00,0.000
2024-08-07T10:15:00,3.450,0.00,0.000
2024-08-07T10:00:00,3.450,0.00,0.000
2024-08-07T09:45:00,3.450,0.00,0.000
2024-08-07T09:30:00,3.450,0.00,0.000
2024-08-07T09:15:00,3.460,0.00,0.000
2024-08-07T09:00:00,3.460,0.00,0.000
2024-08-07T08:45:00,3.460,0.00,0.000
2024-08-07T08:30:00,3.460,0.00,0.000
2024-08-07T08:15:00,3.470,0.00,0.000
2024-08-07T08:00:00,3.470,0.00,0.000
2024-08-07T07:45:00,3.470,0.00,0.000
2024-08-07T07:30:00,3.470,0.00,0.000
2024-08-07T07:15:00,3.480,0.00,0.000
2024-08-07T07:00:00,3.480,0.00,0.000
2024-08-07T06:45:00,3.480,0.00,0.000
2024-08-07T06:30:00,3.480,0.00,0.000
2024-08-07T06:15:00,3.480,0.00,0.000
2024-08-07T06:00:00,3.480,0.00,0.000
2024-08-07T05:45:00,3.480,0.00,0.000
2024-08-07T05:30:00,3.480,37.10,0.000
2024-08-07T05:15:00,3.490,0.00,0.000
2024-08-07T05:00:00,3.490,0.00,0.000
2024-08-07T04:45:00,3.490,0.00,0.000
2024-08-07T04:30:00,3.490,0.00,0.000
2024-08-07T04:15:00,3.490,0.00,0.000
2024-08-07T04:00:00,3.490,0.00,0.000
2024-08-07T03:45:00,3.490,0.00,0.000
2024-08-07T03:30:00,3.490,0.00,0.000
2024-08-07T03:15:00,3.500,0.00,0.000
2024-08-07T03:00:00,3.500,0.00,0.000
2024-08-07T02:45:00,3.500,0.00,0.000
2024-08-07T02:30:00,3.500,0.00,0.000
2024-08-07T02:15:00,3.500,0.00,0.000
2024-08-07T02:00:00,3.500,0.00,0.000
2024-08-07T01:45:00,3.500,0.00,0.000
2024-08-07T01:30:00,3.500,0.00,0.000
2024-08-07T01:15:00,3.510,0.00,0.000
2024-08-07T01:00:00,3.510,0.00,0.500
2024-08-07T00:45:00,3.510,0.00,1.000
2024-08-07T00:30:00,3.510,0.00,0.500
2024-08-07T00:15:00,3.510,0.00,0.500
2024-08-07T00:00:00,3.510,0.00,0.500
2024-08-06T23:45:00,3.510,13.80,0.000
2024-08-06T23:30:00,3.510,0.00,0.500
2024-08-06T23:15:00,3.520,0.00,0.000
2024-08-06T23:00:00,3.520,0.00,0.000
2024-08-06T22:45:00,3.520,0.00,0.000
2024-08-06T22:30:00,3.520,0.00,0.000
2024-08-06T22:15:00,3.510,0.00,0.000
2024-08-06T22:00:00,3.510,0.00,0.000
2024-08-06T21:45:00,3.510,0.00,0.000
2024-08-06T21:30:00,3.520,0.00,0.000
2024-08-06T21:15:00,3.520,0.00,0.000
2024-08-06T21:00:00,3.520,0.00,0.000
2024-08-06T20:45:00,3.520,0.00,0.000
2024-08-06T20:30:00,3.520,0.00,0.000
2024-08-06T20:15:00,3.520,0.00,0.000
2024-08-06T20:00:00,3.520,0.00,0.000
2024-08-06T19:45:00,3.520,0.00,0.000
2024-08-06T19:30:00,3.520,0.00,0.000
2024-08-06T19:15:00,3.520,52.50,0.000
2024-08-06T19:00:00,3.520,0.00,0.000
2024-08-06T18:45:00,3.520,0.00,0.000
2024-08-06T18:30:00,3.520,0.00,0.000
2024-08-06T18:15:00,3.520,0.00,0.000
2024-08-06T18:00:00,3.520,0.00,0.000
2024-08-06T17:45:00,3.520,0.00,0.000
2024-08-06T17:30:00,3.520,0.00,0.000
2024-08-06T17:15:00,3.530,0.00,0.000
2024-08-06T17:00:00,3.530,0.00,0.000
2024-08-06T16:45:00,3.520,0.00,0.000
2024-08-06T16:30:00,3.520,0.00,0.000
2024-08-06T16:15:00,3.530,0.00,0.000
2024-08-06T16:00:00,3.530,0.00,0.000
2024-08-06T15:45:00,3.530,0.00,0.000
2024-08-06T15:30:00,3.530,0.00,0.000
2024-08-06T15:15:00,3.530,0.00,0.000
2024-08-06T15:00:00,3.530,0.00,0.000
2024-08-06T14:45:00,3.530,0.00,0.000
2024-08-06T14:30:00,3.530,0.00,0.000
2024-08-06T14:15:00,3.530,13.80,0.000
2024-08-06T14:00:00,3.530,0.00,0.000
2024-08-06T13:45:00,3.530,0.00,0.000
2024-08-06T13:30:00,3.540,0.00,0.000
2024-08-06T13:15:00,3.540,0.00,0.000
2024-08-06T13:00:00,3.540,0.00,0.000
2024-08-06T12:45:00,3.540,0.00,0.000
2024-08-06T12:30:00,3.540,0.00,0.000
2024-08-06T12:15:00,3.540,0.00,0.000
2024-08-06T12:00:00,3.540,0.00,0.000
2024-08-06T11:45:00,3.540,0.00,0.000
2024-08-06T11:30:00,3.540,19.30,0.000
2024-08-06T11:15:00,3.540,0.00,0.000
2024-08-06T11:00:00,3.550,0.00,0.000
2024-08-06T10:45:00,3.540,0.00,0.000
2024-08-06T10:30:00,3.540,0.00,0.000
2024-08-06T10:15:00,3.550,0.00,0.000
2024-08-06T10:00:00,3.550,0.00,0.000
2024-08-06T09:45:00,3.550,0.00,0.000
2024-08-06T09:30:00,3.550,0.00,0.000
2024-08-06T09:15:00,3.550,0.00,0.000
2024-08-06T09:00:00,3.550,0.00,0.000
2024-08-06T08:45:00,3.550,0.00,0.000
2024-08-06T08:30:00,3.550,0.00,0.000
2024-08-06T08:15:00,3.560,0.00,0.000
2024-08-06T08:00:00,3.560,0.00,0.000
2024-08-06T07:45:00,3.560,0.00,0.000
2024-08-06T07:30:00,3.560,0.00,0.000
2024-08-06T07:15:00,3.560,0.00,0.000
2024-08-06T07:00:00,3.560,0.00,0.000
2024-08-06T06:45:00,3.560,0.00,0.000
2024-08-06T06:30:00,3.560,0.00,0.000
2024-08-06T06:15:00,3.560,0.00,0.000
2024-08-06T06:00:00,3.560,0.00,0.000
2024-08-06T05:45:00,3.560,0.00,0.000
2024-08-06T05:30:00,3.560,0.00,0.000
2024-08-06T05:15:00,3.560,0.00,0.000
2024-08-06T05:00:00,3.560,0.00,0.000
2024-08-06T04:45:00,3.560,0.00,0.000
2024-08-06T04:30:00,3.560,0.00,0.000
2024-08-06T04:15:00,3.560,0.00,0.000
2024-08-06T04:00:00,3.570,0.00,0.000
2024-08-06T03:45:00,3.560,0.00,0.000
2024-08-06T03:30:00,3.570,0.00,0.000
2024-08-06T03:15:00,3.570,0.00,0.000
2024-08-06T03:00:00,3.570,0.00,0.000
2024-08-06T02:45:00,3.570,0.00,0.000
2024-08-06T02:30:00,3.570,0.00,0.000
2024-08-06T02:15:00,3.570,0.00,0.000
2024-08-06T02:00:00,3.570,0.00,0.000
2024-08-06T01:45:00,3.570,0.00,0.000
2024-08-06T01:30:00,3.570,0.00,0.000
2024-08-06T01:15:00,3.570,0.00,0.000
2024-08-06T01:00:00,3.570,0.00,0.000
2024-08-06T00:45:00,3.570,0.00,0.000
2024-08-06T00:30:00,3.570,14.10,0.000
2024-08-06T00:15:00,3.570,14.10,0.000
2024-08-06T00:00:00,3.570,14.10,0.000
2024-08-05T23:45:00,3.570,0.00,0.000
2024-08-05T23:30:00,3.570,24.60,0.000
2024-08-05T23:15:00,3.570,0.00,0.000
2024-08-05T23:00:00,3.570,0.00,0.000
2024-08-05T22:45:00,3.570,0.00,0.000
2024-08-05T22:30:00,3.570,0.00,0.000
2024-08-05T22:15:00,3.570,0.00,0.000
2024-08-05T22:00:00,3.560,0.00,0.000
2024-08-05T21:45:00,3.570,0.00,0.000
2024-08-05T21:30:00,3.570,21.80,0.000
2024-08-05T21:15:00,3.560,0.00,0.000
2024-08-05T21:00:00,3.570,0.00,0.000
2024-08-05T20:45:00,3.560,0.00,0.000
2024-08-05T20:30:00,3.560,0.00,0.000
2024-08-05T20:15:00,3.560,0.00,0.000
2024-08-05T20:00:00,3.550,0.00,0.000
2024-08-05T19:45:00,3.550,0.00,0.000
2024-08-05T19:30:00,3.550,0.00,0.000
2024-08-05T19:15:00,3.550,0.00,0.000
2024-08-05T19:00:00,3.550,52.30,0.000
2024-08-05T18:45:00,3.550,0.00,0.000
2024-08-05T18:30:00,3.540,0.00,0.000
2024-08-05T18:15:00,3.540,0.00,0.000
2024-08-05T18:00:00,3.540,0.00,0.000
2024-08-05T17:45:00,3.540,16.20,0.000
2024-08-05T17:30:00,3.540,0.00,0.000
2024-08-05T17:15:00,3.530,0.00,0.000
2024-08-05T17:00:00,3.530,0.00,0.000
2024-08-05T16:45:00,3.530,0.00,0.000
2024-08-05T16:30:00,3.530,0.00,0.000
2024-08-05T16:15:00,3.530,0.00,0.000
2024-08-05T16:00:00,3.530,0.00,0.000
2024-08-05T15:45:00,3.520,0.00,0.000
2024-08-05T15:30:00,3.530,0.00,0.000
2024-08-05T15:15:00,3.520,0.00,0.000
2024-08-05T15:00:00,3.520,0.00,0.000
2024-08-05T14:45:00,3.520,0.00,0.000
2024-08-05T14:30:00,3.520,0.00,0.000
2024-08-05T14:15:00,3.520,0.00,0.000
2024-08-05T14:00:00,3.520,0.00,0.000
2024-08-05T13:45:00,3.520,0.00,0.000
2024-08-05T13:30:00,3.520,0.00,0.000
2024-08-05T13:15:00,3.520,0.00,0.000
2024-08-05T13:00:00,3.520,0.00,0.000
2024-08-05T12:45:00,3.510,13.70,0.000
2024-08-05T12:30:00,3.520,0.00,0.000
2024-08-05T12:15:00,3.510,0.00,0.000
2024-08-05T12:00:00,3.520,0.00,0.000
2024-08-05T11:45:00,3.510,0.00,0.000
2024-08-05T11:30:00,3.510,0.00,0.000
2024-08-05T11:15:00,3.510,0.00,0.000
2024-08-05T11:00:00,3.510,0.00,0.000
2024-08-05T10:45:00,3.510,0.00,0.000
2024-08-05T10:30:00,3.510,0.00,0.000
2024-08-05T10:15:00,3.500,0.00,0.000
2024-08-05T10:00:00,3.500,0.00,0.000
2024-08-05T09:45:00,3.500,0.00,0.000
2024-08-05T09:30:00,3.500,0.00,0.000
2024-08-05T09:15:00,3.500,0.00,0.000
2024-08-05T09:00:00,3.500,0.00,0.000
2024-08-05T08:45:00,3.490,0.00,0.000
2024-08-05T08:30:00,3.490,0.00,0.000
2024-08-05T08:15:00,3.490,0.00,0.000
2024-08-05T08:00:00,3.490,0.00,0.000
2024-08-05T07:45:00,3.490,0.00,0.000
2024-08-05T07:30:00,3.490,0.00,0.000
2024-08-05T07:15:00,3.480,0.00,0.000
2024-08-05T07:00:00,3.480,0.00,0.000
2024-08-05T06:45:00,3.480,0.00,0.000
2024-08-05T06:30:00,3.480,0.00,0.000
2024-08-05T06:15:00,3.480,0.00,0.000
2024-08-05T06:00:00,3.470,0.00,0.000
2024-08-05T05:45:00,3.470,0.00,0.000
2024-08-05T05:30:00,3.470,0.00,0.000
2024-08-05T05:15:00,3.470,0.00,0.000
2024-08-05T05:00:00,3.470,0.00,0.000
2024-08-05T04:45:00,3.460,0.00,0.000
2024-08-05T04:30:00,3.460,0.00,0.000
2024-08-05T04:15:00,3.460,0.00,0.000
2024-08-05T04:00:00,3.460,0.00,0.000
2024-08-05T03:45:00,3.460,0.00,0.000
2024-08-05T03:30:00,3.460,0.00,0.000
2024-08-05T03:15:00,3.460,0.00,0.000
2024-08-05T03:00:00,3.450,13.30,0.000
2024-08-05T02:45:00,3.450,13.30,0.000
2024-08-05T02:30:00,3.450,0.00,0.000
2024-08-05T02:15:00,3.450,13.30,0.500
2024-08-05T02:00:00,3.450,13.20,0.000
2024-08-05T01:45:00,3.440,13.20,0.500
2024-08-05T01:30:00,3.440,0.00,0.500
2024-08-05T01:15:00,3.440,13.20,0.500
2024-08-05T01:00:00,3.440,0.00,0.500
2024-08-05T00:45:00,3.430,0.00,1.000
2024-08-05T00:30:00,3.430,13.10,0.000
2024-08-05T00:15:00,3.420,13.10,0.000
2024-08-05T00:00:00,3.420,0.00,0.500
2024-08-18T23:45:00,2.830,17.00,1.000
2024-08-18T23:30:00,2.830,0.00,0.000
2024-08-18T23:15:00,2.830,0.00,0.000
2024-08-18T23:00:00,2.830,0.00,0.000
2024-08-18T22:45:00,2.830,14.70,0.000
2024-08-18T22:30:00,2.830,0.00,0.000
2024-08-18T22:15:00,2.830,0.00,0.000
2024-08-18T22:00:00,2.830,0.00,0.000
2024-08-18T21:45:00,2.830,0.00,0.000
2024-08-18T21:30:00,2.840,0.00,0.000
2024-08-18T21:15:00,2.840,0.00,0.000
2024-08-18T21:00:00,2.830,13.50,0.000
2024-08-18T20:45:00,2.840,0.00,0.000
2024-08-18T20:30:00,2.840,0.00,0.000
2024-08-18T20:15:00,2.840,0.00,0.000
2024-08-18T20:00:00,2.840,0.00,0.000
2024-08-18T19:45:00,2.840,15.20,0.000
2024-08-18T19:30:00,2.840,15.40,0.000
2024-08-18T19:15:00,2.840,0.00,0.000
2024-08-18T19:00:00,2.840,0.00,0.000
2024-08-18T18:45:00,2.830,15.50,0.000
2024-08-18T18:30:00,2.830,0.00,0.000
2024-08-18T18:15:00,2.830,0.00,0.000
2024-08-18T18:00:00,2.830,0.00,0.000
2024-08-18T17:45:00,2.840,0.00,0.000
2024-08-18T17:30:00,2.840,0.00,0.000
2024-08-18T17:15:00,2.840,0.00,0.000
2024-08-18T17:00:00,2.840,0.00,0.000
2024-08-18T16:45:00,2.840,0.00,0.000
2024-08-18T16:30:00,2.840,0.00,0.000
2024-08-18T16:15:00,2.840,0.00,0.000
2024-08-18T16:00:00,2.850,0.00,0.000
2024-08-18T15:45:00,2.850,0.00,0.000
2024-08-18T15:30:00,2.840,0.00,0.000
2024-08-18T15:15:00,2.850,13.50,0.000
2024-08-18T15:00:00,2.850,0.00,0.000
2024-08-18T14:45:00,2.850,0.00,0.000
2024-08-18T14:30:00,2.850,0.00,0.000
2024-08-18T14:15:00,2.850,0.00,0.000
2024-08-18T14:00:00,2.850,0.00,0.000
2024-08-18T13:45:00,2.850,0.00,0.000
2024-08-18T13:30:00,2.860,0.00,0.000
2024-08-18T13:15:00,2.860,16.90,0.000
2024-08-18T13:00:00,2.860,0.00,0.000
2024-08-18T12:45:00,2.860,0.00,0.000
2024-08-18T12:30:00,2.860,0.00,0.000
2024-08-18T12:15:00,2.860,0.00,0.000
2024-08-18T12:00:00,2.860,0.00,0.000
2024-08-18T11:45:00,2.860,12.50,0.000
2024-08-18T11:30:00,2.860,0.00,0.000
2024-08-18T11:15:00,2.860,0.00,0.000
2024-08-18T11:00:00,2.860,0.00,0.000
2024-08-18T10:45:00,2.860,0.00,0.000
2024-08-18T10:30:00,2.860,15.40,0.000
2024-08-18T10:15:00,2.860,17.60,0.000
2024-08-18T10:00:00,2.870,0.00,0.000
2024-08-18T09:45:00,2.870,13.60,0.000
2024-08-18T09:30:00,2.870,13.70,0.000
2024-08-18T09:15:00,2.870,0.00,0.000
2024-08-18T09:00:00,2.870,0.00,0.000
2024-08-18T08:45:00,2.870,0.00,0.000
2024-08-18T08:30:00,2.870,0.00,0.000
2024-08-18T08:15:00,2.870,0.00,0.000
2024-08-18T08:00:00,2.870,0.00,0.000
2024-08-18T07:45:00,2.870,0.00,0.000
2024-08-18T07:30:00,2.870,0.00,0.000
2024-08-18T07:15:00,2.880,0.00,0.000
2024-08-18T07:00:00,2.870,0.00,0.000
2024-08-18T06:45:00,2.880,0.00,0.000
2024-08-18T06:30:00,2.870,0.00,0.000
2024-08-18T06:15:00,2.880,0.00,0.000
2024-08-18T06:00:00,2.880,15.90,0.000
2024-08-18T05:45:00,2.880,16.60,0.000
2024-08-18T05:30:00,2.870,0.00,0.000
2024-08-18T05:15:00,2.880,0.00,0.000
2024-08-18T05:00:00,2.880,0.00,0.000
2024-08-18T04:45:00,2.870,17.30,0.500
2024-08-18T04:30:00,2.880,17.30,0.000
2024-08-18T04:15:00,2.870,0.00,0.000
2024-08-18T04:00:00,2.870,0.00,0.000
2024-08-18T03:45:00,2.870,0.00,0.000
2024-08-18T03:30:00,2.870,0.00,0.000
2024-08-18T03:15:00,2.870,0.00,0.000
2024-08-18T03:00:00,2.870,0.00,0.000
2024-08-18T02:45:00,2.870,0.00,0.000
2024-08-18T02:30:00,2.870,0.00,0.500
2024-08-18T02:15:00,2.870,15.70,0.000
2024-08-18T02:00:00,2.870,15.90,0.000
2024-08-18T01:45:00,2.870,16.20,1.500
2024-08-18T01:30:00,2.870,16.90,1.000
2024-08-18T01:15:00,2.870,18.10,5.000
2024-08-18T01:00:00,2.870,17.50,9.500
2024-08-18T00:45:00,2.860,18.20,4.000
2024-08-18T00:30:00,2.860,15.90,0.000
2024-08-18T00:15:00,2.860,0.00,0.000
2024-08-18T00:00:00,2.850,0.00,0.000
2024-08-17T23:45:00,2.850,0.00,0.000
2024-08-17T23:30:00,2.850,0.00,0.000
2024-08-17T23:15:00,2.850,0.00,0.000
2024-08-17T23:00:00,2.850,0.00,0.000
2024-08-17T22:45:00,2.850,0.00,0.000
2024-08-17T22:30:00,2.860,0.00,0.000
2024-08-17T22:15:00,2.860,0.00,0.000
2024-08-17T22:00:00,2.860,0.00,0.000
2024-08-17T21:45:00,2.860,0.00,0.000
2024-08-17T21:30:00,2.860,0.00,0.000
2024-08-17T21:15:00,2.860,0.00,0.000
2024-08-17T21:00:00,2.860,0.00,0.000
2024-08-17T20:45:00,2.860,0.00,0.000
2024-08-17T20:30:00,2.870,0.00,0.000
2024-08-17T20:15:00,2.870,0.00,0.000
2024-08-17T20:00:00,2.870,0.00,0.000
2024-08-17T19:45:00,2.870,0.00,0.000
2024-08-17T19:30:00,2.870,0.00,0.000
2024-08-17T19:15:00,2.870,0.00,0.000
2024-08-17T19:00:00,2.870,0.00,0.000
2024-08-17T18:45:00,2.870,14.70,0.000
2024-08-17T18:30:00,2.870,14.90,0.000
2024-08-17T18:15:00,2.870,0.00,0.000
2024-08-17T18:00:00,2.870,0.00,0.000
2024-08-17T17:45:00,2.870,0.00,0.000
2024-08-17T17:30:00,2.870,0.00,0.000
2024-08-17T17:15:00,2.880,0.00,0.000
2024-08-17T17:00:00,2.870,0.00,0.000
2024-08-17T16:45:00,2.880,0.00,0.000
2024-08-17T16:30:00,2.880,0.00,0.000
2024-08-17T16:15:00,2.880,0.00,0.000
2024-08-17T16:00:00,2.880,0.00,0.000
2024-08-17T15:45:00,2.880,0.00,0.000
2024-08-17T15:30:00,2.880,10.40,0.000
2024-08-17T15:15:00,2.890,0.00,0.000
2024-08-17T15:00:00,2.880,0.00,0.000
2024-08-17T14:45:00,2.890,0.00,0.000
2024-08-17T14:30:00,2.880,0.00,0.000
2024-08-17T14:15:00,2.880,13.20,0.000
2024-08-17T14:00:00,2.880,14.90,0.000
2024-08-17T13:45:00,2.880,0.00,0.000
2024-08-17T13:30:00,2.880,0.00,0.000
2024-08-17T13:15:00,2.870,15.70,0.000
2024-08-17T13:00:00,2.870,0.00,0.000
2024-08-17T12:45:00,2.870,16.00,0.000
2024-08-17T12:30:00,2.880,17.10,0.000
2024-08-17T12:15:00,2.880,0.00,0.000
2024-08-17T12:00:00,2.880,0.00,0.000
2024-08-17T11:45:00,2.880,0.00,0.000
2024-08-17T11:30:00,2.880,0.00,0.000
2024-08-17T11:15:00,2.890,0.00,0.000
2024-08-17T11:00:00,2.880,0.00,0.000
2024-08-17T10:45:00,2.890,9.50,0.000
2024-08-17T10:30:00,2.890,0.00,0.000
2024-08-17T10:15:00,2.880,0.00,0.000
2024-08-17T10:00:00,2.890,0.00,0.000
2024-08-17T09:45:00,2.890,0.00,0.000
2024-08-17T09:30:00,2.890,0.00,0.000
2024-08-17T09:15:00,2.890,0.00,0.000
2024-08-17T09:00:00,2.890,0.00,0.000
2024-08-17T08:45:00,2.890,0.00,0.000
2024-08-17T08:30:00,2.890,0.00,0.000
2024-08-17T08:15:00,2.890,0.00,0.000
2024-08-17T08:00:00,2.900,0.00,0.000
2024-08-17T07:45:00,2.890,0.00,0.000
2024-08-17T07:30:00,2.900,0.00,0.000
2024-08-17T07:15:00,2.900,0.00,0.000
2024-08-17T07:00:00,2.900,0.00,0.000
2024-08-17T06:45:00,2.900,0.00,0.000
2024-08-17T06:30:00,2.900,0.00,0.000
2024-08-17T06:15:00,2.900,15.40,0.000
2024-08-17T06:00:00,2.900,0.00,0.000
2024-08-17T05:45:00,2.900,0.00,0.000
2024-08-17T05:30:00,2.900,17.60,0.000
2024-08-17T05:15:00,2.900,15.90,0.000
2024-08-17T05:00:00,2.900,16.40,0.000
2024-08-17T04:45:00,2.900,16.40,0.000
2024-08-17T04:30:00,2.900,15.70,0.000
2024-08-17T04:15:00,2.900,15.00,0.000
2024-08-17T04:00:00,2.900,0.00,0.000
2024-08-17T03:45:00,2.900,0.00,0.000
2024-08-17T03:30:00,2.900,0.00,0.000
2024-08-17T03:15:00,2.900,0.00,0.000
2024-08-17T03:00:00,2.910,0.00,0.000
2024-08-17T02:45:00,2.900,15.00,0.000
2024-08-17T02:30:00,2.910,0.00,0.000
2024-08-17T02:15:00,2.910,16.10,0.000
2024-08-17T02:00:00,2.910,0.00,0.000
2024-08-17T01:45:00,2.910,0.00,0.000
2024-08-17T01:30:00,2.900,15.60,0.000
2024-08-17T01:15:00,2.900,16.00,0.000
2024-08-17T01:00:00,2.910,0.00,0.000
2024-08-17T00:45:00,2.910,0.00,0.500
2024-08-17T00:30:00,2.900,15.20,0.000
2024-08-17T00:15:00,2.910,15.90,0.000
2024-08-17T00:00:00,2.900,0.00,0.000
2024-08-16T23:45:00,2.900,16.20,0.000
2024-08-16T23:30:00,2.910,0.00,0.000
2024-08-16T23:15:00,2.900,0.00,0.000
2024-08-16T23:00:00,2.900,0.00,0.000
2024-08-16T22:45:00,2.900,15.60,0.000
2024-08-16T22:30:00,2.900,16.20,0.500
2024-08-16T22:15:00,2.900,16.70,1.500
2024-08-16T22:00:00,2.900,17.80,2.000
2024-08-16T21:45:00,2.900,0.00,6.500
2024-08-16T21:30:00,2.890,17.70,15.500
2024-08-16T21:15:00,2.910,0.00,10.000
2024-08-16T21:00:00,2.880,14.20,0.000
2024-08-16T20:45:00,2.880,0.00,0.000
2024-08-16T20:30:00,2.880,0.00,0.000
2024-08-16T20:15:00,2.880,0.00,0.000
2024-08-16T20:00:00,2.880,0.00,0.000
2024-08-16T19:45:00,2.880,0.00,0.000
2024-08-16T19:30:00,2.880,0.00,0.000
2024-08-16T19:15:00,2.880,41.60,0.000
2024-08-16T19:00:00,2.880,39.80,0.000
2024-08-16T18:45:00,2.880,0.00,0.000
2024-08-16T18:30:00,2.880,14.60,0.000
2024-08-16T18:15:00,2.880,0.00,0.000
2024-08-16T18:00:00,2.880,0.00,0.000
2024-08-16T17:45:00,2.880,0.00,0.000
2024-08-16T17:30:00,2.890,12.50,0.000
2024-08-16T17:15:00,2.890,9.50,0.000
2024-08-16T17:00:00,2.880,18.50,0.000
2024-08-16T16:45:00,2.890,0.00,0.000
2024-08-16T16:30:00,2.890,0.00,0.000
2024-08-16T16:15:00,2.890,0.00,0.000
2024-08-16T16:00:00,2.890,0.00,0.000
2024-08-16T15:45:00,2.890,0.00,0.000
2024-08-16T15:30:00,2.890,0.00,0.000
2024-08-16T15:15:00,2.900,0.00,0.000
2024-08-16T15:00:00,2.900,0.00,0.000
2024-08-16T14:45:00,2.900,0.00,0.000
2024-08-16T14:30:00,2.900,0.00,0.000
2024-08-16T14:15:00,2.900,0.00,0.000
2024-08-16T14:00:00,2.900,0.00,0.000
2024-08-16T13:45:00,2.900,0.00,0.000
2024-08-16T13:30:00,2.910,16.30,0.000
2024-08-16T13:15:00,2.900,17.30,0.000
2024-08-16T13:00:00,2.910,0.00,0.000
2024-08-16T12:45:00,2.910,0.00,0.000
2024-08-16T12:30:00,2.910,15.50,0.000
2024-08-16T12:15:00,2.910,0.00,0.000
2024-08-16T12:00:00,2.920,0.00,0.000
2024-08-16T11:45:00,2.910,0.00,0.000
2024-08-16T11:30:00,2.920,0.00,0.000
2024-08-16T11:15:00,2.920,0.00,0.000
2024-08-16T11:00:00,2.920,0.00,0.000
2024-08-16T10:45:00,2.930,0.00,0.000
2024-08-16T10:30:00,2.920,0.00,0.000
2024-08-16T10:15:00,2.930,0.00,0.000
2024-08-16T10:00:00,2.930,0.00,0.000
2024-08-16T09:45:00,2.930,0.00,0.000
2024-08-16T09:30:00,2.930,0.00,0.000
2024-08-16T09:15:00,2.940,0.00,0.000
2024-08-16T09:00:00,2.940,0.00,0.000
2024-08-16T08:45:00,2.940,0.00,0.000
2024-08-16T08:30:00,2.940,0.00,0.000
2024-08-16T08:15:00,2.940,0.00,0.000
2024-08-16T08:00:00,2.950,0.00,0.000
2024-08-16T07:45:00,2.950,0.00,0.000
2024-08-16T07:30:00,2.950,0.00,0.000
2024-08-16T07:15:00,2.950,0.00,0.000
2024-08-16T07:00:00,2.960,0.00,0.000
2024-08-16T06:45:00,2.960,0.00,0.000
2024-08-16T06:30:00,2.960,0.00,0.000
2024-08-16T06:15:00,2.960,17.20,0.000
2024-08-16T06:00:00,2.960,17.50,0.000
2024-08-16T05:45:00,2.960,0.00,0.000
2024-08-16T05:30:00,2.960,0.00,0.000
2024-08-16T05:15:00,2.960,0.00,0.000
2024-08-16T05:00:00,2.970,0.00,0.000
2024-08-16T04:45:00,2.970,0.00,0.000
2024-08-16T04:30:00,2.970,0.00,0.000
2024-08-16T04:15:00,2.970,0.00,0.000
2024-08-16T04:00:00,2.970,0.00,0.000
2024-08-16T03:45:00,2.970,0.00,0.000
2024-08-16T03:30:00,2.970,0.00,0.000
2024-08-16T03:15:00,2.980,0.00,0.000
2024-08-16T03:00:00,2.980,0.00,0.000
2024-08-16T02:45:00,2.980,0.00,0.000
2024-08-16T02:30:00,2.980,0.00,0.000
2024-08-16T02:15:00,2.980,0.00,0.000
2024-08-16T02:00:00,2.980,0.00,0.000
2024-08-16T01:45:00,2.980,0.00,0.000
2024-08-16T01:30:00,2.980,0.00,0.000
2024-08-16T01:15:00,2.980,0.00,0.000
2024-08-16T01:00:00,2.980,0.00,0.000
2024-08-16T00:45:00,2.980,0.00,0.000
2024-08-16T00:30:00,2.990,0.00,0.000
2024-08-16T00:15:00,2.990,0.00,0.000
2024-08-16T00:00:00,2.990,0.00,0.000
2024-08-15T23:45:00,2.990,0.00,0.000
2024-08-15T23:30:00,2.990,23.30,0.000
2024-08-15T23:15:00,2.990,0.00,0.000
2024-08-15T23:00:00,2.990,0.00,0.000
2024-08-15T22:45:00,2.990,29.70,0.000
2024-08-15T22:30:00,2.990,0.00,0.000
2024-08-15T22:15:00,3.000,0.00,0.000
2024-08-15T22:00:00,3.000,0.00,0.000
2024-08-15T21:45:00,3.000,0.00,0.000
2024-08-15T21:30:00,3.000,0.00,0.000
2024-08-15T21:15:00,3.000,0.00,0.000
2024-08-15T21:00:00,3.000,0.00,0.000
2024-08-15T20:45:00,3.000,0.00,0.000
2024-08-15T20:30:00,3.000,0.00,0.000
2024-08-15T20:15:00,3.000,0.00,0.000
2024-08-15T20:00:00,3.000,0.00,0.000
2024-08-15T19:45:00,3.010,0.00,0.000
2024-08-15T19:30:00,3.000,0.00,0.000
2024-08-15T19:15:00,3.010,0.00,0.000
2024-08-15T19:00:00,3.000,18.10,0.000
2024-08-15T18:45:00,3.010,19.30,0.000
2024-08-15T18:30:00,3.000,19.50,0.000
2024-08-15T18:15:00,3.010,20.50,0.000
2024-08-15T18:00:00,3.010,0.00,0.000
2024-08-15T17:45:00,3.010,0.00,0.000
2024-08-15T17:30:00,3.010,0.00,0.000
2024-08-15T17:15:00,3.010,0.00,0.000
2024-08-15T17:00:00,3.010,0.00,0.000
2024-08-15T16:45:00,3.010,0.00,0.000
2024-08-15T16:30:00,3.010,0.00,0.000
2024-08-15T16:15:00,3.010,0.00,0.000
2024-08-15T16:00:00,3.020,0.00,0.000
2024-08-15T15:45:00,3.020,0.00,0.000
2024-08-15T15:30:00,3.020,0.00,0.000
2024-08-15T15:15:00,3.020,0.00,0.000
2024-08-15T15:00:00,3.030,0.00,0.000
2024-08-15T14:45:00,3.030,0.00,0.000
2024-08-15T14:30:00,3.030,0.00,0.000
2024-08-15T14:15:00,3.030,0.00,0.000
2024-08-15T14:00:00,3.030,0.00,0.000
2024-08-15T13:45:00,3.040,0.00,0.000
2024-08-15T13:30:00,3.040,0.00,0.000
2024-08-15T13:15:00,3.040,0.00,0.000
2024-08-15T13:00:00,3.040,0.00,0.000
2024-08-15T12:45:00,3.040,0.00,0.000
2024-08-15T12:30:00,3.040,0.00,0.000
2024-08-15T12:15:00,3.050,0.00,0.000
2024-08-15T12:00:00,3.050,0.00,0.000
2024-08-15T11:45:00,3.050,0.00,0.000
2024-08-15T11:30:00,3.050,0.00,0.000
2024-08-15T11:15:00,3.050,0.00,0.000
2024-08-15T11:00:00,3.050,0.00,0.000
2024-08-15T10:45:00,3.050,0.00,0.000
2024-08-15T10:30:00,3.050,0.00,0.000
2024-08-15T10:15:00,3.050,0.00,0.000
2024-08-15T10:00:00,3.060,0.00,0.000
2024-08-15T09:45:00,3.060,0.00,0.000
2024-08-15T09:30:00,3.060,0.00,0.000
2024-08-15T09:15:00,3.060,0.00,0.000
2024-08-15T09:00:00,3.060,0.00,0.000
2024-08-15T08:45:00,3.060,0.00,0.000
2024-08-15T08:30:00,3.070,0.00,0.000
2024-08-15T08:15:00,3.070,0.00,0.000
2024-08-15T08:00:00,3.070,0.00,0.000
2024-08-15T07:45:00,3.070,0.00,0.000
2024-08-15T07:30:00,3.070,0.00,0.000
2024-08-15T07:15:00,3.070,0.00,0.000
2024-08-15T07:00:00,3.070,0.00,0.000
2024-08-15T06:45:00,3.070,0.00,0.000
2024-08-15T06:30:00,3.080,0.00,0.000
2024-08-15T06:15:00,3.080,0.00,0.000
2024-08-15T06:00:00,3.080,0.00,0.000
2024-08-15T05:45:00,3.080,0.00,0.000
2024-08-15T05:30:00,3.080,0.00,0.000
2024-08-15T05:15:00,3.080,0.00,0.000
2024-08-15T05:00:00,3.080,15.90,0.000
2024-08-15T04:45:00,3.080,0.00,0.000
2024-08-15T04:30:00,3.080,0.00,0.000
2024-08-15T04:15:00,3.080,0.00,0.000
2024-08-15T04:00:00,3.080,15.60,0.000
2024-08-15T03:45:00,3.080,0.00,0.000
2024-08-15T03:30:00,3.080,0.00,0.000
2024-08-15T03:15:00,3.090,0.00,0.000
2024-08-15T03:00:00,3.080,0.00,0.000
2024-08-15T02:45:00,3.080,0.00,0.000
2024-08-15T02:30:00,3.080,0.00,0.000
2024-08-15T02:15:00,3.090,0.00,0.000
2024-08-15T02:00:00,3.090,0.00,0.000
2024-08-15T01:45:00,3.090,0.00,0.000
2024-08-15T01:30:00,3.090,0.00,0.000
2024-08-15T01:15:00,3.090,0.00,0.000
2024-08-15T01:00:00,3.090,0.00,0.000
2024-08-15T00:45:00,3.090,28.50,0.000
2024-08-15T00:30:00,3.090,0.00,0.000
2024-08-15T00:15:00,3.090,0.00,0.000
2024-08-15T00:00:00,3.090,0.00,0.000
2024-08-14T23:45:00,3.090,0.00,0.000
2024-08-14T23:30:00,3.090,0.00,0.000
2024-08-14T23:15:00,3.090,0.00,0.000
2024-08-14T23:00:00,3.090,0.00,0.000
2024-08-14T22:45:00,3.090,0.00,0.000
2024-08-14T22:30:00,3.090,0.00,0.000
2024-08-14T22:15:00,3.100,0.00,0.000
2024-08-14T22:00:00,3.090,17.70,0.000
2024-08-14T21:45:00,3.100,0.00,0.000
2024-08-14T21:30:00,3.090,0.00,0.000
2024-08-14T21:15:00,3.100,0.00,0.000
2024-08-14T21:00:00,3.100,0.00,0.000
2024-08-14T20:45:00,3.090,0.00,0.000
2024-08-14T20:30:00,3.090,0.00,0.000
2024-08-14T20:15:00,3.090,17.50,0.000
2024-08-14T20:00:00,3.090,17.70,0.000
2024-08-14T19:45:00,3.100,0.00,0.000
2024-08-14T19:30:00,3.090,0.00,0.000
2024-08-14T19:15:00,3.100,0.00,0.000
2024-08-14T19:00:00,3.100,31.10,0.000
2024-08-14T18:45:00,3.100,17.10,0.000
2024-08-14T18:30:00,3.100,17.00,0.000
2024-08-14T18:15:00,3.090,21.50,0.000
2024-08-14T18:00:00,3.090,20.60,0.000
2024-08-14T17:45:00,3.090,23.30,0.000
2024-08-14T17:30:00,3.090,0.00,0.000
2024-08-14T17:15:00,3.090,0.00,0.000
2024-08-14T17:00:00,3.090,0.00,0.000
2024-08-14T16:45:00,3.090,0.00,0.000
2024-08-14T16:30:00,3.090,0.00,0.000
2024-08-14T16:15:00,3.090,0.00,0.000
2024-08-14T16:00:00,3.090,0.00,0.000
2024-08-14T15:45:00,3.090,0.00,0.000
2024-08-14T15:30:00,3.090,0.00,0.000
2024-08-14T15:15:00,3.090,0.00,0.000
2024-08-14T15:00:00,3.090,0.00,0.000
2024-08-14T14:45:00,3.090,0.00,0.000
2024-08-14T14:30:00,3.090,0.00,0.000
2024-08-14T14:15:00,3.090,0.00,0.000
2024-08-14T14:00:00,3.100,0.00,0.000
2024-08-14T13:45:00,3.100,0.00,0.000
2024-08-14T13:30:00,3.100,0.00,0.000
2024-08-14T13:15:00,3.100,0.00,0.000
2024-08-14T13:00:00,3.100,0.00,0.000
2024-08-14T12:45:00,3.100,0.00,0.000
2024-08-14T12:30:00,3.100,0.00,0.000
2024-08-14T12:15:00,3.100,0.00,0.000
2024-08-14T12:00:00,3.100,0.00,0.000
2024-08-14T11:45:00,3.100,0.00,0.000
2024-08-14T11:30:00,3.100,0.00,0.000
2024-08-14T11:15:00,3.110,0.00,0.000
2024-08-14T11:00:00,3.100,0.00,0.000
2024-08-14T10:45:00,3.110,0.00,0.000
2024-08-14T10:30:00,3.110,0.00,0.000
2024-08-14T10:15:00,3.110,0.00,0.000
2024-08-14T10:00:00,3.100,20.40,0.000
2024-08-14T09:45:00,3.110,19.10,0.000
2024-08-14T09:30:00,3.110,0.00,0.000
2024-08-14T09:15:00,3.110,0.00,0.000
2024-08-14T09:00:00,3.110,0.00,0.000
2024-08-14T08:45:00,3.110,0.00,0.000
2024-08-14T08:30:00,3.110,0.00,0.000
2024-08-14T08:15:00,3.120,0.00,0.000
2024-08-14T08:00:00,3.110,0.00,0.000
2024-08-14T07:45:00,3.120,0.00,0.000
2024-08-14T07:30:00,3.120,0.00,0.000
2024-08-14T07:15:00,3.120,0.00,0.000
2024-08-14T07:00:00,3.120,0.00,0.000
2024-08-14T06:45:00,3.120,0.00,0.000
2024-08-14T06:30:00,3.120,0.00,0.000
2024-08-14T06:15:00,3.120,20.70,0.000
2024-08-14T06:00:00,3.120,18.50,0.000
2024-08-14T05:45:00,3.120,0.00,0.000
2024-08-14T05:30:00,3.120,20.60,0.000
2024-08-14T05:15:00,3.120,15.90,0.000
2024-08-14T05:00:00,3.120,16.80,0.000
2024-08-14T04:45:00,3.120,15.90,0.000
2024-08-14T04:30:00,3.120,0.00,0.000
2024-08-14T04:15:00,3.120,16.50,0.000
2024-08-14T04:00:00,3.120,0.00,0.000
2024-08-14T03:45:00,3.120,16.40,0.000
2024-08-14T03:30:00,3.120,0.00,0.000
2024-08-14T03:15:00,3.120,14.60,0.000
2024-08-14T03:00:00,3.120,17.40,0.000
2024-08-14T02:45:00,3.120,16.60,0.000
2024-08-14T02:30:00,3.120,18.50,0.000
2024-08-14T02:15:00,3.120,0.00,0.000
2024-08-14T02:00:00,3.120,18.90,0.000
2024-08-14T01:45:00,3.120,28.60,0.000
2024-08-14T01:30:00,3.120,0.00,0.000
2024-08-14T01:15:00,3.120,0.00,0.000
2024-08-14T01:00:00,3.120,0.00,0.000
2024-08-14T00:45:00,3.120,0.00,0.000
2024-08-14T00:30:00,3.120,0.00,0.000
2024-08-14T00:15:00,3.120,0.00,0.000
2024-08-14T00:00:00,3.120,0.00,0.000
2024-08-13T23:45:00,3.120,0.00,0.000
2024-08-13T23:30:00,3.110,0.00,0.000
2024-08-13T23:15:00,3.110,0.00,0.000
2024-08-13T23:00:00,3.110,0.00,0.000
2024-08-13T22:45:00,3.120,0.00,0.000
2024-08-13T22:30:00,3.120,0.00,0.000
2024-08-13T22:15:00,3.120,0.00,0.000
2024-08-13T22:00:00,3.110,0.00,0.000
2024-08-13T21:45:00,3.110,0.00,0.000
2024-08-13T21:30:00,3.110,0.00,0.000
2024-08-13T21:15:00,3.110,0.00,0.000
2024-08-13T21:00:00,3.110,0.00,0.000
2024-08-13T20:45:00,3.110,0.00,0.000
2024-08-13T20:30:00,3.110,0.00,0.000
2024-08-13T20:15:00,3.110,14.40,0.000
2024-08-13T20:00:00,3.110,0.00,0.000
2024-08-13T19:45:00,3.110,13.10,0.000
2024-08-13T19:30:00,3.110,0.00,0.000
2024-08-13T19:15:00,3.110,0.00,0.000
2024-08-13T19:00:00,3.110,0.00,0.000
2024-08-13T18:45:00,3.110,0.00,0.000
2024-08-13T18:30:00,3.100,0.00,0.000
2024-08-13T18:15:00,3.100,0.00,0.000
2024-08-13T18:00:00,3.100,0.00,0.000
2024-08-13T17:45:00,3.100,0.00,0.000
2024-08-13T17:30:00,3.100,0.00,0.000
2024-08-13T17:15:00,3.100,0.00,0.000
2024-08-13T17:00:00,3.100,0.00,0.000
2024-08-13T16:45:00,3.100,0.00,0.000
2024-08-13T16:30:00,3.100,0.00,0.000
2024-08-13T16:15:00,3.100,0.00,0.000
2024-08-13T16:00:00,3.100,16.80,0.000
2024-08-13T15:45:00,3.110,0.00,0.000
2024-08-13T15:30:00,3.100,0.00,0.000
2024-08-13T15:15:00,3.100,0.00,0.000
2024-08-13T15:00:00,3.100,0.00,1.000
2024-08-13T14:45:00,3.100,0.00,0.000
2024-08-13T14:30:00,3.100,0.00,0.000
2024-08-13T14:15:00,3.100,0.00,0.000
2024-08-13T14:00:00,3.100,0.00,0.000
2024-08-13T13:45:00,3.100,0.00,0.000
2024-08-13T13:30:00,3.100,0.00,0.000
2024-08-13T13:15:00,3.100,0.00,0.000
2024-08-13T13:00:00,3.100,21.70,0.000
2024-08-13T12:45:00,3.100,24.30,0.000
2024-08-13T12:30:00,3.100,0.00,0.000
2024-08-13T12:15:00,3.100,0.00,0.000
2024-08-13T12:00:00,3.110,0.00,0.000
2024-08-13T11:45:00,3.100,0.00,0.000
2024-08-13T11:30:00,3.100,0.00,0.000
2024-08-13T11:15:00,3.110,0.00,0.000
2024-08-13T11:00:00,3.110,0.00,0.000
2024-08-13T10:45:00,3.110,0.00,0.000
2024-08-13T10:30:00,3.110,0.00,0.000
2024-08-13T10:15:00,3.110,0.00,0.000
2024-08-13T10:00:00,3.110,0.00,0.000
2024-08-13T09:45:00,3.120,0.00,0.000
2024-08-13T09:30:00,3.110,0.00,0.000
2024-08-13T09:15:00,3.120,0.00,0.000
2024-08-13T09:00:00,3.110,0.00,0.000
2024-08-13T08:45:00,3.110,0.00,0.000
2024-08-13T08:30:00,3.120,0.00,0.000
2024-08-13T08:15:00,3.120,0.00,0.000
2024-08-13T08:00:00,3.120,0.00,0.000
2024-08-13T07:45:00,3.120,0.00,0.000
2024-08-13T07:30:00,3.120,0.00,0.000
2024-08-13T07:15:00,3.120,0.00,0.000
2024-08-13T07:00:00,3.120,0.00,0.000
2024-08-13T06:45:00,3.120,0.00,0.000
2024-08-13T06:30:00,3.110,0.00,0.000
2024-08-13T06:15:00,3.110,0.00,0.000
2024-08-13T06:00:00,3.110,0.00,0.000
2024-08-13T05:45:00,3.110,0.00,0.000
2024-08-13T05:30:00,3.110,16.40,0.000
2024-08-13T05:15:00,3.110,14.10,0.000
2024-08-13T05:00:00,3.110,15.60,0.000
2024-08-13T04:45:00,3.120,15.80,0.000
2024-08-13T04:30:00,3.110,15.90,0.000
2024-08-13T04:15:00,3.110,0.00,0.000
2024-08-13T04:00:00,3.110,15.00,0.000
2024-08-13T03:45:00,3.110,16.00,0.000
2024-08-13T03:30:00,3.110,14.00,0.000
2024-08-13T03:15:00,3.110,15.30,0.000
2024-08-13T03:00:00,3.110,15.80,0.000
2024-08-13T02:45:00,3.110,16.20,0.000
2024-08-13T02:30:00,3.100,16.40,0.000
2024-08-13T02:15:00,3.100,0.00,0.000
2024-08-13T02:00:00,3.100,15.50,0.000
2024-08-13T01:45:00,3.100,15.70,0.000
2024-08-13T01:30:00,3.100,15.50,0.000
2024-08-13T01:15:00,3.100,14.70,0.000
2024-08-13T01:00:00,3.100,15.60,0.000
2024-08-13T00:45:00,3.090,0.00,0.000
2024-08-13T00:30:00,3.090,15.10,0.000
2024-08-13T00:15:00,3.090,0.00,0.000
2024-08-13T00:00:00,3.090,16.60,0.000
2024-08-12T23:45:00,3.080,17.10,0.000
2024-08-12T23:30:00,3.080,16.10,0.000
2024-08-12T23:15:00,3.080,15.60,0.000
2024-08-12T23:00:00,3.080,17.30,0.500
2024-08-12T22:45:00,3.080,16.20,0.000
2024-08-12T22:30:00,3.080,20.90,0.000
2024-08-12T22:15:00,3.070,0.00,0.000
2024-08-12T22:00:00,3.070,21.40,0.000
2024-08-12T21:45:00,3.070,17.70,0.000
2024-08-12T21:30:00,3.070,17.10,0.000
2024-08-12T21:15:00,3.060,17.60,0.000
2024-08-12T21:00:00,3.060,0.00,0.000
2024-08-12T20:45:00,3.060,0.00,0.000
2024-08-12T20:30:00,3.050,16.40,0.000
2024-08-12T20:15:00,3.060,20.00,4.500
2024-08-12T20:00:00,3.060,0.00,3.500
2024-08-12T19:45:00,3.040,18.10,2.500
2024-08-12T19:30:00,3.030,16.60,0.000
2024-08-12T19:15:00,3.030,35.90,0.000
2024-08-12T19:00:00,3.030,0.00,0.000
2024-08-12T18:45:00,3.030,0.00,0.000
2024-08-12T18:30:00,3.030,15.50,0.000
2024-08-12T18:15:00,3.030,0.00,0.000
2024-08-12T18:00:00,3.030,0.00,0.000
2024-08-12T17:45:00,3.030,0.00,0.000
2024-08-12T17:30:00,3.030,0.00,0.000
2024-08-12T17:15:00,3.030,0.00,0.000
2024-08-12T17:00:00,3.030,0.00,0.000
2024-08-12T16:45:00,3.030,0.00,0.000
2024-08-12T16:30:00,3.020,0.00,0.000
2024-08-12T16:15:00,3.020,0.00,0.000
2024-08-12T16:00:00,3.020,0.00,0.000
2024-08-12T15:45:00,3.020,0.00,0.000
2024-08-12T15:30:00,3.020,0.00,0.000
2024-08-12T15:15:00,3.020,0.00,0.000
2024-08-12T15:00:00,3.020,0.00,0.000
2024-08-12T14:45:00,3.020,0.00,0.000
2024-08-12T14:30:00,3.020,0.00,0.000
2024-08-12T14:15:00,3.010,0.00,0.000
2024-08-12T14:00:00,3.020,0.00,0.000
2024-08-12T13:45:00,3.010,0.00,0.000
2024-08-12T13:30:00,3.010,0.00,0.000
2024-08-12T13:15:00,3.020,0.00,0.000
2024-08-12T13:00:00,3.020,0.00,0.000
2024-08-12T12:45:00,3.010,0.00,0.000
2024-08-12T12:30:00,3.010,0.00,0.000
2024-08-12T12:15:00,3.010,0.00,0.000
2024-08-12T12:00:00,3.010,0.00,0.000
2024-08-12T11:45:00,3.010,0.00,0.000
2024-08-12T11:30:00,3.000,0.00,0.000
2024-08-12T11:15:00,3.010,0.00,0.000
2024-08-12T11:00:00,3.010,0.00,0.000
2024-08-12T10:45:00,3.000,0.00,0.000
2024-08-12T10:30:00,3.010,0.00,0.000
2024-08-12T10:15:00,3.000,0.00,0.000
2024-08-12T10:00:00,3.010,0.00,0.000
2024-08-12T09:45:00,3.000,0.00,0.000
2024-08-12T09:30:00,3.000,0.00,0.000
2024-08-12T09:15:00,3.000,0.00,0.000
2024-08-12T09:00:00,3.000,0.00,0.000
2024-08-12T08:45:00,3.000,0.00,0.000
2024-08-12T08:30:00,3.000,0.00,0.000
2024-08-12T08:15:00,3.000,0.00,0.000
2024-08-12T08:00:00,3.000,0.00,0.000
2024-08-12T07:45:00,3.010,0.00,0.000
2024-08-12T07:30:00,3.000,0.00,0.000
2024-08-12T07:15:00,3.000,0.00,0.000
2024-08-12T07:00:00,3.010,0.00,0.000
2024-08-12T06:45:00,3.010,0.00,0.000
2024-08-12T06:30:00,3.010,0.00,0.000
2024-08-12T06:15:00,3.000,0.00,0.000
2024-08-12T06:00:00,3.010,19.70,0.000
2024-08-12T05:45:00,3.000,21.60,0.000
2024-08-12T05:30:00,3.010,0.00,0.000
2024-08-12T05:15:00,3.000,0.00,0.000
2024-08-12T05:00:00,3.000,0.00,0.000
2024-08-12T04:45:00,3.000,0.00,0.000
2024-08-12T04:30:00,3.010,0.00,0.000
2024-08-12T04:15:00,3.000,0.00,0.000
2024-08-12T04:00:00,3.000,0.00,0.000
2024-08-12T03:45:00,3.000,0.00,0.000
2024-08-12T03:30:00,3.010,0.00,0.000
2024-08-12T03:15:00,3.010,15.70,0.000
2024-08-12T03:00:00,3.010,16.00,0.000
2024-08-12T02:45:00,3.010,15.10,0.000
2024-08-12T02:30:00,3.010,15.50,0.500
2024-08-12T02:15:00,3.010,16.00,0.000
2024-08-12T02:00:00,3.010,16.50,0.500
2024-08-12T01:45:00,3.010,15.70,0.000
2024-08-12T01:30:00,3.010,0.00,0.000
2024-08-12T01:15:00,3.010,0.00,0.000
2024-08-12T01:00:00,3.010,17.00,0.000
2024-08-12T00:45:00,3.010,15.10,0.000
2024-08-12T00:30:00,3.010,15.80,0.000
2024-08-12T00:15:00,3.010,16.00,0.000
2024-08-12T00:00:00,3.020,16.20,1.000
2024-08-25T23:45:00,3.080,0.00,0.000
2024-08-25T23:30:00,3.090,0.00,0.000
2024-08-25T23:15:00,3.090,0.00,0.000
2024-08-25T23:00:00,3.090,0.00,0.000
2024-08-25T22:45:00,3.090,0.00,0.000
2024-08-25T22:30:00,3.090,0.00,0.000
2024-08-25T22:15:00,3.090,0.00,0.000
2024-08-25T22:00:00,3.090,0.00,0.000
2024-08-25T21:45:00,3.090,0.00,0.000
2024-08-25T21:30:00,3.090,0.00,0.000
2024-08-25T21:15:00,3.090,0.00,0.000
2024-08-25T21:00:00,3.090,0.00,0.000
2024-08-25T20:45:00,3.090,0.00,0.000
2024-08-25T20:30:00,3.090,0.00,0.000
2024-08-25T20:15:00,3.100,0.00,0.000
2024-08-25T20:00:00,3.100,0.00,0.000
2024-08-25T19:45:00,3.100,0.00,0.000
2024-08-25T19:30:00,3.100,0.00,0.000
2024-08-25T19:15:00,3.100,0.00,0.000
2024-08-25T19:00:00,3.100,33.50,0.000
2024-08-25T18:45:00,3.100,0.00,0.000
2024-08-25T18:30:00,3.100,0.00,0.000
2024-08-25T18:15:00,3.100,0.00,0.000
2024-08-25T18:00:00,3.100,0.00,0.000
2024-08-25T17:45:00,3.100,0.00,0.000
2024-08-25T17:30:00,3.100,0.00,0.000
2024-08-25T17:15:00,3.100,0.00,0.000
2024-08-25T17:00:00,3.100,0.00,0.000
2024-08-25T16:45:00,3.100,0.00,0.000
2024-08-25T16:30:00,3.110,0.00,0.000
2024-08-25T16:15:00,3.100,0.00,0.000
2024-08-25T16:00:00,3.110,0.00,0.000
2024-08-25T15:45:00,3.110,0.00,0.000
2024-08-25T15:30:00,3.110,0.00,0.000
2024-08-25T15:15:00,3.110,0.00,0.000
2024-08-25T15:00:00,3.110,0.00,0.000
2024-08-25T14:45:00,3.110,0.00,0.000
2024-08-25T14:30:00,3.110,0.00,0.000
2024-08-25T14:15:00,3.110,0.00,0.000
2024-08-25T14:00:00,3.110,0.00,0.000
2024-08-25T13:45:00,3.110,0.00,0.000
2024-08-25T13:30:00,3.120,0.00,0.000
2024-08-25T13:15:00,3.120,0.00,0.000
2024-08-25T13:00:00,3.120,0.00,0.000
2024-08-25T12:45:00,3.120,0.00,0.000
2024-08-25T12:30:00,3.130,0.00,0.000
2024-08-25T12:15:00,3.130,0.00,0.000
2024-08-25T12:00:00,3.130,0.00,0.000
2024-08-25T11:45:00,3.130,0.00,0.000
2024-08-25T11:30:00,3.130,0.00,0.000
2024-08-25T11:15:00,3.140,0.00,0.000
2024-08-25T11:00:00,3.140,0.00,0.000
2024-08-25T10:45:00,3.140,0.00,0.000
2024-08-25T10:30:00,3.150,0.00,0.000
2024-08-25T10:15:00,3.150,0.00,0.000
2024-08-25T10:00:00,3.150,0.00,0.000
2024-08-25T09:45:00,3.150,0.00,0.000
2024-08-25T09:30:00,3.160,0.00,0.000
2024-08-25T09:15:00,3.160,0.00,0.000
2024-08-25T09:00:00,3.160,0.00,0.000
2024-08-25T08:45:00,3.160,0.00,0.000
2024-08-25T08:30:00,3.160,0.00,0.000
2024-08-25T08:15:00,3.170,0.00,0.000
2024-08-25T08:00:00,3.170,0.00,0.000
2024-08-25T07:45:00,3.170,0.00,0.000
2024-08-25T07:30:00,3.170,0.00,0.000
2024-08-25T07:15:00,3.170,0.00,0.000
2024-08-25T07:00:00,3.170,0.00,0.000
2024-08-25T06:45:00,3.180,0.00,0.000
2024-08-25T06:30:00,3.180,0.00,0.000
2024-08-25T06:15:00,3.180,0.00,0.000
2024-08-25T06:00:00,3.180,0.00,0.000
2024-08-25T05:45:00,3.180,0.00,0.000
2024-08-25T05:30:00,3.180,0.00,0.000
2024-08-25T05:15:00,3.180,0.00,0.000
2024-08-25T05:00:00,3.180,0.00,0.000
2024-08-25T04:45:00,3.190,0.00,0.000
2024-08-25T04:30:00,3.190,0.00,0.000
2024-08-25T04:15:00,3.190,0.00,0.000
2024-08-25T04:00:00,3.190,0.00,0.000
2024-08-25T03:45:00,3.190,0.00,0.000
2024-08-25T03:30:00,3.190,0.00,0.000
2024-08-25T03:15:00,3.190,0.00,0.000
2024-08-25T03:00:00,3.190,0.00,0.000
2024-08-25T02:45:00,3.190,0.00,0.000
2024-08-25T02:30:00,3.200,0.00,0.000
2024-08-25T02:15:00,3.200,0.00,0.000
2024-08-25T02:00:00,3.200,0.00,0.000
2024-08-25T01:45:00,3.200,0.00,0.000
2024-08-25T01:30:00,3.200,0.00,0.000
2024-08-25T01:15:00,3.200,0.00,0.000
2024-08-25T01:00:00,3.200,0.00,0.000
2024-08-25T00:45:00,3.200,0.00,0.000
2024-08-25T00:30:00,3.200,0.00,0.000
2024-08-25T00:15:00,3.210,0.00,0.000
2024-08-25T00:00:00,3.210,0.00,0.000
2024-08-24T23:45:00,3.210,11.60,0.000
2024-08-24T23:30:00,3.210,0.00,0.000
2024-08-24T23:15:00,3.210,0.00,0.000
2024-08-24T23:00:00,3.210,0.00,0.000
2024-08-24T22:45:00,3.210,0.00,0.000
2024-08-24T22:30:00,3.210,0.00,0.000
2024-08-24T22:15:00,3.210,11.60,0.000
2024-08-24T22:00:00,3.210,0.00,0.000
2024-08-24T21:45:00,3.220,0.00,0.000
2024-08-24T21:30:00,3.220,0.00,0.000
2024-08-24T21:15:00,3.220,0.00,0.500
2024-08-24T21:00:00,3.210,0.00,0.000
2024-08-24T20:45:00,3.210,0.00,0.000
2024-08-24T20:30:00,3.210,0.00,0.000
2024-08-24T20:15:00,3.210,0.00,0.500
2024-08-24T20:00:00,3.210,0.00,0.000
2024-08-24T19:45:00,3.220,0.00,2.000
2024-08-24T19:30:00,3.220,22.40,0.000
2024-08-24T19:15:00,3.210,24.00,0.000
2024-08-24T19:00:00,3.220,11.60,0.000
2024-08-24T18:45:00,3.220,0.00,0.000
2024-08-24T18:30:00,3.220,0.00,0.000
2024-08-24T18:15:00,3.220,0.00,0.000
2024-08-24T18:00:00,3.230,0.00,0.000
2024-08-24T17:45:00,3.220,0.00,0.000
2024-08-24T17:30:00,3.230,0.00,0.000
2024-08-24T17:15:00,3.230,0.00,0.000
2024-08-24T17:00:00,3.230,0.00,0.000
2024-08-24T16:45:00,3.230,0.00,0.000
2024-08-24T16:30:00,3.230,0.00,0.000
2024-08-24T16:15:00,3.240,0.00,0.000
2024-08-24T16:00:00,3.240,0.00,0.000
2024-08-24T15:45:00,3.240,0.00,0.000
2024-08-24T15:30:00,3.240,0.00,0.000
2024-08-24T15:15:00,3.240,0.00,0.000
2024-08-24T15:00:00,3.240,0.00,0.000
2024-08-24T14:45:00,3.240,0.00,0.000
2024-08-24T14:30:00,3.240,0.00,0.000
2024-08-24T14:15:00,3.250,0.00,0.000
2024-08-24T14:00:00,3.250,0.00,0.000
2024-08-24T13:45:00,3.250,0.00,0.000
2024-08-24T13:30:00,3.260,0.00,0.000
2024-08-24T13:15:00,3.260,0.00,0.000
2024-08-24T13:00:00,3.260,0.00,0.000
2024-08-24T12:45:00,3.260,0.00,0.000
2024-08-24T12:30:00,3.260,0.00,0.000
2024-08-24T12:15:00,3.260,0.00,0.000
2024-08-24T12:00:00,3.270,0.00,0.000
2024-08-24T11:45:00,3.270,13.70,0.000
2024-08-24T11:30:00,3.280,0.00,0.000
2024-08-24T11:15:00,3.320,0.00,0.000
2024-08-24T11:00:00,3.330,0.00,0.000
2024-08-24T10:45:00,3.280,0.00,0.000
2024-08-24T10:30:00,3.280,0.00,0.000
2024-08-24T10:15:00,3.280,0.00,0.000
2024-08-24T10:00:00,3.280,0.00,0.000
2024-08-24T09:45:00,3.290,0.00,0.000
2024-08-24T09:30:00,3.290,0.00,0.000
2024-08-24T09:15:00,3.290,0.00,0.000
2024-08-24T09:00:00,3.290,15.80,0.000
2024-08-24T08:45:00,3.290,0.00,0.000
2024-08-24T08:30:00,3.290,12.20,0.000
2024-08-24T08:15:00,3.300,0.00,0.000
2024-08-24T08:00:00,3.300,0.00,0.000
2024-08-24T07:45:00,3.300,0.00,0.000
2024-08-24T07:30:00,3.300,0.00,0.000
2024-08-24T07:15:00,3.310,0.00,0.000
2024-08-24T07:00:00,3.310,0.00,0.000
2024-08-24T06:45:00,3.310,0.00,0.000
2024-08-24T06:30:00,3.310,0.00,0.000
2024-08-24T06:15:00,3.310,0.00,0.000
2024-08-24T06:00:00,3.310,0.00,0.000
2024-08-24T05:45:00,3.310,0.00,0.000
2024-08-24T05:30:00,3.310,0.00,0.000
2024-08-24T05:15:00,3.310,0.00,0.000
2024-08-24T05:00:00,3.310,0.00,0.000
2024-08-24T04:45:00,3.310,0.00,0.000
2024-08-24T04:30:00,3.310,0.00,0.000
2024-08-24T04:15:00,3.310,0.00,0.000
2024-08-24T04:00:00,3.310,0.00,0.000
2024-08-24T03:45:00,3.310,0.00,0.000
2024-08-24T03:30:00,3.310,0.00,0.000
2024-08-24T03:15:00,3.310,0.00,0.000
2024-08-24T03:00:00,3.310,0.00,0.000
2024-08-24T02:45:00,3.310,0.00,0.000
2024-08-24T02:30:00,3.310,0.00,0.000
2024-08-24T02:15:00,3.310,0.00,0.000
2024-08-24T02:00:00,3.310,0.00,0.000
2024-08-24T01:45:00,3.320,0.00,0.000
2024-08-24T01:30:00,3.320,0.00,0.000
2024-08-24T01:15:00,3.310,0.00,0.000
2024-08-24T01:00:00,3.310,0.00,0.000
2024-08-24T00:45:00,3.320,0.00,0.000
2024-08-24T00:30:00,3.310,0.00,0.000
2024-08-24T00:15:00,3.310,0.00,0.000
2024-08-24T00:00:00,3.310,0.00,0.000
2024-08-23T23:45:00,3.310,0.00,0.000
2024-08-23T23:30:00,3.310,0.00,0.000
2024-08-23T23:15:00,3.310,0.00,0.000
2024-08-23T23:00:00,3.310,0.00,0.000
2024-08-23T22:45:00,3.310,0.00,0.000
2024-08-23T22:30:00,3.300,0.00,0.000
2024-08-23T22:15:00,3.310,0.00,0.000
2024-08-23T22:00:00,3.300,0.00,0.000
2024-08-23T21:45:00,3.300,12.20,0.000
2024-08-23T21:30:00,3.300,0.00,0.000
2024-08-23T21:15:00,3.300,0.00,0.000
2024-08-23T21:00:00,3.300,0.00,0.000
2024-08-23T20:45:00,3.300,0.00,0.000
2024-08-23T20:30:00,3.290,0.00,0.000
2024-08-23T20:15:00,3.290,0.00,0.000
2024-08-23T20:00:00,3.290,0.00,0.000
2024-08-23T19:45:00,3.290,0.00,0.000
2024-08-23T19:30:00,3.290,0.00,0.000
2024-08-23T19:15:00,3.280,12.10,0.000
2024-08-23T19:00:00,3.280,83.30,0.000
2024-08-23T18:45:00,3.280,0.00,0.000
2024-08-23T18:30:00,3.270,0.00,0.000
2024-08-23T18:15:00,3.270,14.10,0.000
2024-08-23T18:00:00,3.270,12.50,0.000
2024-08-23T17:45:00,3.270,12.00,0.000
2024-08-23T17:30:00,3.270,0.00,0.000
2024-08-23T17:15:00,3.270,0.00,0.000
2024-08-23T17:00:00,3.260,0.00,0.000
2024-08-23T16:45:00,3.260,0.00,0.000
2024-08-23T16:30:00,3.260,0.00,0.000
2024-08-23T16:15:00,3.260,0.00,0.000
2024-08-23T16:00:00,3.260,0.00,0.000
2024-08-23T15:45:00,3.260,0.00,0.000
2024-08-23T15:30:00,3.250,0.00,0.000
2024-08-23T15:15:00,3.250,0.00,0.000
2024-08-23T15:00:00,3.250,0.00,0.000
2024-08-23T14:45:00,3.250,0.00,0.000
2024-08-23T14:30:00,3.250,19.90,0.000
2024-08-23T14:15:00,3.250,18.50,0.000
2024-08-23T14:00:00,3.250,0.00,0.000
2024-08-23T13:45:00,3.250,0.00,0.000
2024-08-23T13:30:00,3.250,0.00,0.000
2024-08-23T13:15:00,3.250,0.00,0.000
2024-08-23T13:00:00,3.250,0.00,0.000
2024-08-23T12:45:00,3.250,0.00,0.000
2024-08-23T12:30:00,3.250,14.70,0.000
2024-08-23T12:15:00,3.250,0.00,0.000
2024-08-23T12:00:00,3.250,0.00,0.000
2024-08-23T11:45:00,3.260,0.00,0.000
2024-08-23T11:30:00,3.260,0.00,0.000
2024-08-23T11:15:00,3.260,0.00,0.000
2024-08-23T11:00:00,3.260,0.00,0.000
2024-08-23T10:45:00,3.260,0.00,0.000
2024-08-23T10:30:00,3.260,0.00,0.000
2024-08-23T10:15:00,3.270,0.00,0.000
2024-08-23T10:00:00,3.270,0.00,0.000
2024-08-23T09:45:00,3.270,0.00,0.000
2024-08-23T09:30:00,3.270,0.00,0.000
2024-08-23T09:15:00,3.270,0.00,0.000
2024-08-23T09:00:00,3.270,0.00,0.000
2024-08-23T08:45:00,3.270,0.00,0.000
2024-08-23T08:30:00,3.280,0.00,0.000
2024-08-23T08:15:00,3.280,0.00,0.000
2024-08-23T08:00:00,3.280,0.00,0.000
2024-08-23T07:45:00,3.280,0.00,0.000
2024-08-23T07:30:00,3.290,0.00,0.000
2024-08-23T07:15:00,3.290,0.00,0.000
2024-08-23T07:00:00,3.290,0.00,0.000
2024-08-23T06:45:00,3.290,0.00,0.000
2024-08-23T06:30:00,3.290,0.00,0.000
2024-08-23T06:15:00,3.290,0.00,0.000
2024-08-23T06:00:00,3.300,0.00,0.000
2024-08-23T05:45:00,3.300,0.00,0.000
2024-08-23T05:30:00,3.300,0.00,0.000
2024-08-23T05:15:00,3.300,0.00,0.000
2024-08-23T05:00:00,3.300,12.20,0.500
2024-08-23T04:45:00,3.300,0.00,0.000
2024-08-23T04:30:00,3.310,0.00,0.000
2024-08-23T04:15:00,3.310,0.00,0.000
2024-08-23T04:00:00,3.310,0.00,0.000
2024-08-23T03:45:00,3.320,0.00,0.000
2024-08-23T03:30:00,3.320,12.30,0.000
2024-08-23T03:15:00,3.310,0.00,0.000
2024-08-23T03:00:00,3.310,0.00,0.500
2024-08-23T02:45:00,3.320,0.00,0.500
2024-08-23T02:30:00,3.320,0.00,0.000
2024-08-23T02:15:00,3.320,14.60,0.000
2024-08-23T02:00:00,3.320,0.00,0.000
2024-08-23T01:45:00,3.320,0.00,0.000
2024-08-23T01:30:00,3.320,0.00,0.000
2024-08-23T01:15:00,3.320,0.00,0.000
2024-08-23T01:00:00,3.320,16.00,0.000
2024-08-23T00:45:00,3.330,13.00,0.000
2024-08-23T00:30:00,3.330,0.00,0.000
2024-08-23T00:15:00,3.340,0.00,0.000
2024-08-23T00:00:00,3.340,0.00,0.000
2024-08-22T23:45:00,3.340,0.00,0.000
2024-08-22T23:30:00,3.340,0.00,0.000
2024-08-22T23:15:00,3.350,0.00,0.000
2024-08-22T23:00:00,3.350,0.00,0.000
2024-08-22T22:45:00,3.360,12.60,0.000
2024-08-22T22:30:00,3.360,0.00,0.000
2024-08-22T22:15:00,3.370,0.00,0.000
2024-08-22T22:00:00,3.370,0.00,0.000
2024-08-22T21:45:00,3.370,0.00,0.000
2024-08-22T21:30:00,3.370,0.00,0.000
2024-08-22T21:15:00,3.380,0.00,0.000
2024-08-22T21:00:00,3.380,0.00,0.000
2024-08-22T20:45:00,3.380,0.00,0.000
2024-08-22T20:30:00,3.380,0.00,0.000
2024-08-22T20:15:00,3.390,0.00,0.000
2024-08-22T20:00:00,3.390,0.00,0.000
2024-08-22T19:45:00,3.390,0.00,0.000
2024-08-22T19:30:00,3.390,0.00,0.000
2024-08-22T19:15:00,3.390,0.00,0.000
2024-08-22T19:00:00,3.390,43.50,0.000
2024-08-22T18:45:00,3.390,0.00,0.000
2024-08-22T18:30:00,3.400,0.00,0.000
2024-08-22T18:15:00,3.400,0.00,0.000
2024-08-22T18:00:00,3.400,0.00,0.000
2024-08-22T17:45:00,3.400,0.00,0.000
2024-08-22T17:30:00,3.400,0.00,0.000
2024-08-22T17:15:00,3.400,0.00,0.000
2024-08-22T17:00:00,3.410,0.00,0.000
2024-08-22T16:45:00,3.410,0.00,0.000
2024-08-22T16:30:00,3.410,0.00,0.000
2024-08-22T16:15:00,3.410,0.00,0.000
2024-08-22T16:00:00,3.420,0.00,0.000
2024-08-22T15:45:00,3.420,13.00,0.000
2024-08-22T15:30:00,3.420,0.00,0.000
2024-08-22T15:15:00,3.430,0.00,0.000
2024-08-22T15:00:00,3.430,0.00,0.000
2024-08-22T14:45:00,3.430,0.00,0.000
2024-08-22T14:30:00,3.430,17.10,0.000
2024-08-22T14:15:00,3.430,0.00,0.000
2024-08-22T14:00:00,3.430,0.00,0.000
2024-08-22T13:45:00,3.430,0.00,0.000
2024-08-22T13:30:00,3.440,0.00,0.000
2024-08-22T13:15:00,3.440,0.00,0.000
2024-08-22T13:00:00,3.440,0.00,0.000
2024-08-22T12:45:00,3.450,0.00,0.000
2024-08-22T12:30:00,3.450,0.00,0.000
2024-08-22T12:15:00,3.450,0.00,0.000
2024-08-22T12:00:00,3.450,0.00,0.000
2024-08-22T11:45:00,3.450,0.00,0.000
2024-08-22T11:30:00,3.450,0.00,0.000
2024-08-22T11:15:00,3.460,0.00,0.000
2024-08-22T11:00:00,3.460,0.00,0.000
2024-08-22T10:45:00,3.460,0.00,0.000
2024-08-22T10:30:00,3.460,0.00,0.000
2024-08-22T10:15:00,3.460,0.00,0.000
2024-08-22T10:00:00,3.460,0.00,0.000
2024-08-22T09:45:00,3.460,0.00,0.000
2024-08-22T09:30:00,3.460,0.00,0.000
2024-08-22T09:15:00,3.470,0.00,0.000
2024-08-22T09:00:00,3.470,0.00,0.000
2024-08-22T08:45:00,3.470,0.00,0.000
2024-08-22T08:30:00,3.470,0.00,0.000
2024-08-22T08:15:00,3.470,0.00,0.000
2024-08-22T08:00:00,3.470,0.00,0.000
2024-08-22T07:45:00,3.470,0.00,0.000
2024-08-22T07:30:00,3.470,0.00,0.000
2024-08-22T07:15:00,3.470,0.00,0.000
2024-08-22T07:00:00,3.470,0.00,0.000
2024-08-22T06:45:00,3.480,0.00,0.000
2024-08-22T06:30:00,3.470,0.00,0.000
2024-08-22T06:15:00,3.470,0.00,0.000
2024-08-22T06:00:00,3.480,0.00,0.000
2024-08-22T05:45:00,3.480,0.00,0.000
2024-08-22T05:30:00,3.480,0.00,0.000
2024-08-22T05:15:00,3.470,0.00,0.000
2024-08-22T05:00:00,3.480,0.00,0.000
2024-08-22T04:45:00,3.480,0.00,0.000
2024-08-22T04:30:00,3.480,0.00,0.000
2024-08-22T04:15:00,3.480,0.00,0.000
2024-08-22T04:00:00,3.470,0.00,0.000
2024-08-22T03:45:00,3.470,0.00,0.000
2024-08-22T03:30:00,3.470,0.00,0.000
2024-08-22T03:15:00,3.470,0.00,0.000
2024-08-22T03:00:00,3.470,36.00,0.000
2024-08-22T02:45:00,3.470,0.00,0.000
2024-08-22T02:30:00,3.470,0.00,0.000
2024-08-22T02:15:00,3.470,0.00,0.000
2024-08-22T02:00:00,3.470,0.00,0.000
2024-08-22T01:45:00,3.470,0.00,0.000
2024-08-22T01:30:00,3.470,0.00,0.000
2024-08-22T01:15:00,3.470,0.00,0.000
2024-08-22T01:00:00,3.460,0.00,0.000
2024-08-22T00:45:00,3.460,0.00,0.000
2024-08-22T00:30:00,3.460,0.00,0.000
2024-08-22T00:15:00,3.460,0.00,0.000
2024-08-22T00:00:00,3.460,0.00,0.000
2024-08-21T23:45:00,3.460,0.00,0.000
2024-08-21T23:30:00,3.460,0.00,0.000
2024-08-21T23:15:00,3.460,0.00,0.000
2024-08-21T23:00:00,3.450,0.00,0.000
2024-08-21T22:45:00,3.450,0.00,0.000
2024-08-21T22:30:00,3.450,0.00,0.000
2024-08-21T22:15:00,3.440,0.00,0.000
2024-08-21T22:00:00,3.440,0.00,0.000
2024-08-21T21:45:00,3.440,0.00,0.000
2024-08-21T21:30:00,3.440,0.00,0.000
2024-08-21T21:15:00,3.430,32.30,0.000
2024-08-21T21:00:00,3.430,0.00,0.000
2024-08-21T20:45:00,3.430,0.00,0.000
2024-08-21T20:30:00,3.430,0.00,0.000
2024-08-21T20:15:00,3.420,0.00,0.000
2024-08-21T20:00:00,3.420,0.00,0.000
2024-08-21T19:45:00,3.420,0.00,0.000
2024-08-21T19:30:00,3.410,0.00,0.000
2024-08-21T19:15:00,3.410,0.00,0.000
2024-08-21T19:00:00,3.410,0.00,0.000
2024-08-21T18:45:00,3.400,0.00,0.000
2024-08-21T18:30:00,3.400,0.00,0.000
2024-08-21T18:15:00,3.390,0.00,0.000
2024-08-21T18:00:00,3.390,0.00,0.000
2024-08-21T17:45:00,3.380,0.00,0.000
2024-08-21T17:30:00,3.390,0.00,0.000
2024-08-21T17:15:00,3.380,0.00,0.000
2024-08-21T17:00:00,3.380,0.00,0.000
2024-08-21T16:45:00,3.370,0.00,0.000
2024-08-21T16:30:00,3.360,0.00,0.000
2024-08-21T16:15:00,3.360,0.00,0.000
2024-08-21T16:00:00,3.350,0.00,0.000
2024-08-21T15:45:00,3.350,0.00,0.000
2024-08-21T15:30:00,3.340,0.00,0.000
2024-08-21T15:15:00,3.340,0.00,0.000
2024-08-21T15:00:00,3.330,0.00,0.000
2024-08-21T14:45:00,3.330,0.00,0.000
2024-08-21T14:30:00,3.320,0.00,0.000
2024-08-21T14:15:00,3.310,0.00,0.000
2024-08-21T14:00:00,3.310,0.00,0.000
2024-08-21T13:45:00,3.300,0.00,0.000
2024-08-21T13:30:00,3.300,0.00,0.000
2024-08-21T13:15:00,3.290,0.00,0.000
2024-08-21T13:00:00,3.290,0.00,0.000
2024-08-21T12:45:00,3.280,0.00,0.000
2024-08-21T12:30:00,3.280,0.00,0.000
2024-08-21T12:15:00,3.280,0.00,0.000
2024-08-21T12:00:00,3.280,0.00,0.000
2024-08-21T11:45:00,3.270,0.00,0.000
2024-08-21T11:30:00,3.270,0.00,0.000
2024-08-21T11:15:00,3.270,0.00,0.000
2024-08-21T11:00:00,3.270,0.00,0.000
2024-08-21T10:45:00,3.260,0.00,0.000
2024-08-21T10:30:00,3.260,0.00,0.000
2024-08-21T10:15:00,3.260,0.00,0.000
2024-08-21T10:00:00,3.260,0.00,0.000
2024-08-21T09:45:00,3.260,0.00,0.000
2024-08-21T09:30:00,3.250,0.00,0.000
2024-08-21T09:15:00,3.250,0.00,0.000
2024-08-21T09:00:00,3.250,0.00,0.000
2024-08-21T08:45:00,3.240,0.00,0.000
2024-08-21T08:30:00,3.240,0.00,0.000
2024-08-21T08:15:00,3.240,0.00,0.000
2024-08-21T08:00:00,3.230,0.00,0.000
2024-08-21T07:45:00,3.230,0.00,0.000
2024-08-21T07:30:00,3.230,0.00,0.000
2024-08-21T07:15:00,3.230,0.00,0.000
2024-08-21T07:00:00,3.230,0.00,0.000
2024-08-21T06:45:00,3.220,0.00,0.000
2024-08-21T06:30:00,3.220,0.00,0.000
2024-08-21T06:15:00,3.220,0.00,0.000
2024-08-21T06:00:00,3.220,0.00,0.000
2024-08-21T05:45:00,3.220,15.50,0.000
2024-08-21T05:30:00,3.220,0.00,0.000
2024-08-21T05:15:00,3.220,0.00,0.000
2024-08-21T05:00:00,3.220,28.40,0.000
2024-08-21T04:45:00,3.220,19.90,0.000
2024-08-21T04:30:00,3.220,18.40,0.000
2024-08-21T04:15:00,3.220,18.20,0.000
2024-08-21T04:00:00,3.220,18.10,0.500
2024-08-21T03:45:00,3.220,18.70,0.000
2024-08-21T03:30:00,3.220,19.30,0.000
2024-08-21T03:15:00,3.220,18.10,0.500
2024-08-21T03:00:00,3.210,21.50,1.500
2024-08-21T02:45:00,3.210,17.00,0.000
2024-08-21T02:30:00,3.210,20.40,0.500
2024-08-21T02:15:00,3.210,20.40,1.000
2024-08-21T02:00:00,3.220,0.00,4.500
2024-08-21T01:45:00,3.200,0.00,0.000
2024-08-21T01:30:00,3.200,0.00,0.000
2024-08-21T01:15:00,3.210,0.00,0.000
2024-08-21T01:00:00,3.200,16.40,0.000
2024-08-21T00:45:00,3.200,23.30,0.000
2024-08-21T00:30:00,3.200,23.00,0.000
2024-08-21T00:15:00,3.210,0.00,0.000
2024-08-21T00:00:00,3.200,0.00,0.000
2024-08-20T23:45:00,3.200,0.00,0.000
2024-08-20T23:30:00,3.200,0.00,0.000
2024-08-20T23:15:00,3.200,0.00,0.000
2024-08-20T23:00:00,3.200,0.00,0.000
2024-08-20T22:45:00,3.200,0.00,0.000
2024-08-20T22:30:00,3.200,0.00,0.000
2024-08-20T22:15:00,3.200,0.00,0.000
2024-08-20T22:00:00,3.200,0.00,0.000
2024-08-20T21:45:00,3.200,0.00,0.000
2024-08-20T21:30:00,3.200,0.00,0.000
2024-08-20T21:15:00,3.200,0.00,0.000
2024-08-20T21:00:00,3.190,0.00,0.000
2024-08-20T20:45:00,3.200,0.00,0.000
2024-08-20T20:30:00,3.200,0.00,0.000
2024-08-20T20:15:00,3.190,18.50,0.000
2024-08-20T20:00:00,3.200,0.00,0.000
2024-08-20T19:45:00,3.200,17.70,0.000
2024-08-20T19:30:00,3.200,19.80,0.000
2024-08-20T19:15:00,3.210,18.30,1.500
2024-08-20T19:00:00,3.200,21.70,6.000
2024-08-20T18:45:00,3.190,0.00,10.500
2024-08-20T18:30:00,3.160,26.50,0.000
2024-08-20T18:15:00,3.150,0.00,0.000
2024-08-20T18:00:00,3.150,0.00,0.000
2024-08-20T17:45:00,3.160,0.00,0.000
2024-08-20T17:30:00,3.160,0.00,0.000
2024-08-20T17:15:00,3.150,0.00,0.000
2024-08-20T17:00:00,3.150,0.00,0.000
2024-08-20T16:45:00,3.150,0.00,0.000
2024-08-20T16:30:00,3.160,0.00,0.000
2024-08-20T16:15:00,3.160,0.00,0.000
2024-08-20T16:00:00,3.160,0.00,0.000
2024-08-20T15:45:00,3.150,0.00,0.000
2024-08-20T15:30:00,3.160,0.00,0.000
2024-08-20T15:15:00,3.160,0.00,0.000
2024-08-20T15:00:00,3.160,0.00,0.000
2024-08-20T14:45:00,3.160,0.00,0.000
2024-08-20T14:30:00,3.160,0.00,0.000
2024-08-20T14:15:00,3.160,0.00,0.000
2024-08-20T14:00:00,3.160,0.00,0.000
2024-08-20T13:45:00,3.160,0.00,0.000
2024-08-20T13:30:00,3.160,0.00,0.000
2024-08-20T13:15:00,3.160,0.00,0.000
2024-08-20T13:00:00,3.150,0.00,0.000
2024-08-20T12:45:00,3.140,0.00,0.000
2024-08-20T12:30:00,3.150,0.00,0.000
2024-08-20T12:15:00,3.150,0.00,0.000
2024-08-20T12:00:00,3.150,0.00,0.000
2024-08-20T11:45:00,3.150,0.00,0.000
2024-08-20T11:30:00,3.140,0.00,0.000
2024-08-20T11:15:00,3.140,0.00,0.000
2024-08-20T11:00:00,3.140,18.40,0.000
2024-08-20T10:45:00,3.140,0.00,0.000
2024-08-20T10:30:00,3.150,0.00,0.000
2024-08-20T10:15:00,3.140,0.00,0.000
2024-08-20T10:00:00,3.150,0.00,0.000
2024-08-20T09:45:00,3.150,0.00,0.000
2024-08-20T09:30:00,3.150,0.00,0.000
2024-08-20T09:15:00,3.150,0.00,0.000
2024-08-20T09:00:00,3.150,0.00,0.000
2024-08-20T08:45:00,3.140,0.00,0.000
2024-08-20T08:30:00,3.140,0.00,0.000
2024-08-20T08:15:00,3.140,0.00,0.000
2024-08-20T08:00:00,3.140,0.00,0.000
2024-08-20T07:45:00,3.140,0.00,0.000
2024-08-20T07:30:00,3.130,0.00,0.000
2024-08-20T07:15:00,3.130,0.00,0.000
2024-08-20T07:00:00,3.120,0.00,0.000
2024-08-20T06:45:00,3.120,0.00,0.000
2024-08-20T06:30:00,3.120,17.60,0.000
2024-08-20T06:15:00,3.110,0.00,0.000
2024-08-20T06:00:00,3.110,0.00,0.000
2024-08-20T05:45:00,3.110,17.30,0.000
2024-08-20T05:30:00,3.110,0.00,0.000
2024-08-20T05:15:00,3.100,0.00,0.000
2024-08-20T05:00:00,3.100,26.00,0.000
2024-08-20T04:45:00,3.090,0.00,0.000
2024-08-20T04:30:00,3.090,0.00,0.000
2024-08-20T04:15:00,3.090,0.00,0.000
2024-08-20T04:00:00,3.080,0.00,0.000
2024-08-20T03:45:00,3.080,0.00,0.000
2024-08-20T03:30:00,3.080,20.70,0.000
2024-08-20T03:15:00,3.070,0.00,0.000
2024-08-20T03:00:00,3.070,0.00,0.000
2024-08-20T02:45:00,3.060,18.00,0.000
2024-08-20T02:30:00,3.040,16.80,1.000
2024-08-20T02:15:00,3.040,0.00,0.000
2024-08-20T02:00:00,3.040,16.30,2.000
2024-08-20T01:45:00,3.040,19.90,4.000
2024-08-20T01:30:00,3.020,19.10,11.000
2024-08-20T01:15:00,2.980,0.00,0.000
2024-08-20T01:00:00,2.970,0.00,0.000
2024-08-20T00:45:00,2.970,0.00,0.000
2024-08-20T00:30:00,2.960,0.00,0.000
2024-08-20T00:15:00,2.960,0.00,0.000
2024-08-20T00:00:00,2.960,0.00,0.000
2024-08-19T23:45:00,2.960,0.00,0.000
2024-08-19T23:30:00,2.960,0.00,0.000
2024-08-19T23:15:00,2.960,0.00,0.000
2024-08-19T23:00:00,2.960,0.00,0.000
2024-08-19T22:45:00,2.960,0.00,0.000
2024-08-19T22:30:00,2.960,20.40,0.000
2024-08-19T22:15:00,2.960,0.00,0.000
2024-08-19T22:00:00,2.960,0.00,0.000
2024-08-19T21:45:00,2.960,0.00,0.000
2024-08-19T21:30:00,2.960,0.00,0.000
2024-08-19T21:15:00,2.950,17.50,0.000
2024-08-19T21:00:00,2.950,0.00,0.000
2024-08-19T20:45:00,2.950,0.00,0.000
2024-08-19T20:30:00,2.950,0.00,0.000
2024-08-19T20:15:00,2.960,0.00,0.000
2024-08-19T20:00:00,2.950,0.00,0.000
2024-08-19T19:45:00,2.950,0.00,0.000
2024-08-19T19:30:00,2.950,0.00,0.000
2024-08-19T19:15:00,2.940,0.00,0.000
2024-08-19T19:00:00,2.940,0.00,0.000
2024-08-19T18:45:00,2.940,0.00,0.000
2024-08-19T18:30:00,2.940,0.00,0.000
2024-08-19T18:15:00,2.930,0.00,0.000
2024-08-19T18:00:00,2.930,0.00,0.000
2024-08-19T17:45:00,2.930,0.00,0.000
2024-08-19T17:30:00,2.930,10.30,0.000
2024-08-19T17:15:00,2.930,0.00,0.000
2024-08-19T17:00:00,2.920,0.00,0.000
2024-08-19T16:45:00,2.920,0.00,0.000
2024-08-19T16:30:00,2.920,0.00,0.000
2024-08-19T16:15:00,2.920,0.00,0.000
2024-08-19T16:00:00,2.910,0.00,0.000
2024-08-19T15:45:00,2.910,9.70,0.000
2024-08-19T15:30:00,2.900,0.00,0.000
2024-08-19T15:15:00,2.900,0.00,0.000
2024-08-19T15:00:00,2.900,11.60,0.000
2024-08-19T14:45:00,2.900,0.00,0.000
2024-08-19T14:30:00,2.900,0.00,0.000
2024-08-19T14:15:00,2.890,0.00,0.000
2024-08-19T14:00:00,2.890,19.70,0.000
2024-08-19T13:45:00,2.890,12.40,0.000
2024-08-19T13:30:00,2.880,0.00,0.000
2024-08-19T13:15:00,2.870,0.00,0.000
2024-08-19T13:00:00,2.870,0.00,0.000
2024-08-19T12:45:00,2.870,0.00,0.000
2024-08-19T12:30:00,2.870,0.00,0.000
2024-08-19T12:15:00,2.860,12.80,0.000
2024-08-19T12:00:00,2.860,0.00,0.000
2024-08-19T11:45:00,2.860,0.00,0.000
2024-08-19T11:30:00,2.860,17.60,0.000
2024-08-19T11:15:00,2.860,0.00,0.000
2024-08-19T11:00:00,2.860,15.50,0.000
2024-08-19T10:45:00,2.850,0.00,0.000
2024-08-19T10:30:00,2.860,0.00,0.000
2024-08-19T10:15:00,2.850,0.00,0.000
2024-08-19T10:00:00,2.850,0.00,0.000
2024-08-19T09:45:00,2.850,0.00,0.000
2024-08-19T09:30:00,2.850,0.00,0.000
2024-08-19T09:15:00,2.850,0.00,0.000
2024-08-19T09:00:00,2.850,0.00,0.000
2024-08-19T08:45:00,2.840,0.00,0.000
2024-08-19T08:30:00,2.840,0.00,0.000
2024-08-19T08:15:00,2.840,0.00,0.000
2024-08-19T08:00:00,2.840,0.00,0.000
2024-08-19T07:45:00,2.840,0.00,0.000
2024-08-19T07:30:00,2.830,0.00,0.000
2024-08-19T07:15:00,2.830,0.00,0.000
2024-08-19T07:00:00,2.830,0.00,0.000
2024-08-19T06:45:00,2.830,0.00,0.000
2024-08-19T06:30:00,2.830,0.00,0.000
2024-08-19T06:15:00,2.830,15.40,0.000
2024-08-19T06:00:00,2.820,17.30,0.000
2024-08-19T05:45:00,2.820,18.70,0.000
2024-08-19T05:30:00,2.820,0.00,0.000
2024-08-19T05:15:00,2.820,0.00,0.000
2024-08-19T05:00:00,2.820,0.00,0.000
2024-08-19T04:45:00,2.820,0.00,0.000
2024-08-19T04:30:00,2.820,0.00,0.000
2024-08-19T04:15:00,2.820,0.00,0.000
2024-08-19T04:00:00,2.820,0.00,0.000
2024-08-19T03:45:00,2.820,0.00,0.000
2024-08-19T03:30:00,2.820,0.00,0.000
2024-08-19T03:15:00,2.820,0.00,0.000
2024-08-19T03:00:00,2.820,0.00,0.000
2024-08-19T02:45:00,2.820,0.00,0.000
2024-08-19T02:30:00,2.820,0.00,0.000
2024-08-19T02:15:00,2.820,0.00,0.000
2024-08-19T02:00:00,2.820,15.60,0.000
2024-08-19T01:45:00,2.820,15.30,0.000
2024-08-19T01:30:00,2.820,0.00,0.000
2024-08-19T01:15:00,2.820,15.50,0.000
2024-08-19T01:00:00,2.820,0.00,0.000
2024-08-19T00:45:00,2.820,0.00,0.000
2024-08-19T00:30:00,2.820,0.00,0.000
2024-08-19T00:15:00,2.820,15.00,0.500
2024-08-19T00:00:00,2.830,16.20,0.000
2024-09-01T23:45:00,2.490,0.00,0.500
2024-09-01T23:30:00,2.490,0.00,0.500
2024-09-01T23:15:00,2.490,12.20,0.000
2024-09-01T23:00:00,2.490,0.00,0.500
2024-09-01T22:45:00,2.490,0.00,1.000
2024-09-01T22:30:00,2.490,0.00,0.500
2024-09-01T22:15:00,2.490,0.00,0.500
2024-09-01T22:00:00,2.490,0.00,0.000
2024-09-01T21:45:00,2.490,0.00,1.000
2024-09-01T21:30:00,2.490,0.00,0.500
2024-09-01T21:15:00,2.490,0.00,0.000
2024-09-01T21:00:00,2.490,0.00,0.500
2024-09-01T20:45:00,2.500,7.10,0.000
2024-09-01T20:30:00,2.490,7.10,0.000
2024-09-01T20:15:00,2.500,0.00,0.000
2024-09-01T20:00:00,2.500,0.00,0.000
2024-09-01T19:45:00,2.500,0.00,0.000
2024-09-01T19:30:00,2.500,0.00,0.000
2024-09-01T19:15:00,2.500,0.00,0.000
2024-09-01T19:00:00,2.500,0.00,0.000
2024-09-01T18:45:00,2.500,0.00,0.000
2024-09-01T18:30:00,2.500,0.00,0.000
2024-09-01T18:15:00,2.500,0.00,0.000
2024-09-01T18:00:00,2.500,0.00,0.000
2024-09-01T17:45:00,2.500,0.00,0.000
2024-09-01T17:30:00,2.500,0.00,0.000
2024-09-01T17:15:00,2.500,0.00,0.000
2024-09-01T17:00:00,2.510,0.00,0.000
2024-09-01T16:45:00,2.510,0.00,0.000
2024-09-01T16:30:00,2.510,0.00,0.000
2024-09-01T16:15:00,2.510,0.00,0.000
2024-09-01T16:00:00,2.510,0.00,0.000
2024-09-01T15:45:00,2.510,0.00,0.000
2024-09-01T15:30:00,2.510,0.00,0.000
2024-09-01T15:15:00,2.510,0.00,0.000
2024-09-01T15:00:00,2.510,0.00,0.000
2024-09-01T14:45:00,2.520,0.00,0.000
2024-09-01T14:30:00,2.520,0.00,0.000
2024-09-01T14:15:00,2.520,0.00,0.000
2024-09-01T14:00:00,2.520,0.00,0.000
2024-09-01T13:45:00,2.520,0.00,0.000
2024-09-01T13:30:00,2.520,0.00,0.000
2024-09-01T13:15:00,2.530,0.00,0.000
2024-09-01T13:00:00,2.520,0.00,0.000
2024-09-01T12:45:00,2.530,0.00,0.000
2024-09-01T12:30:00,2.530,0.00,0.000
2024-09-01T12:15:00,2.530,0.00,0.000
2024-09-01T12:00:00,2.530,0.00,0.000
2024-09-01T11:45:00,2.530,0.00,0.000
2024-09-01T11:30:00,2.540,0.00,0.000
2024-09-01T11:15:00,2.540,0.00,0.000
2024-09-01T11:00:00,2.540,0.00,0.000
2024-09-01T10:45:00,2.540,0.00,0.000
2024-09-01T10:30:00,2.540,0.00,0.000
2024-09-01T10:15:00,2.540,0.00,0.000
2024-09-01T10:00:00,2.540,0.00,0.000
2024-09-01T09:45:00,2.540,0.00,0.000
2024-09-01T09:30:00,2.540,0.00,0.000
2024-09-01T09:15:00,2.550,0.00,0.000
2024-09-01T09:00:00,2.550,0.00,0.000
2024-09-01T08:45:00,2.550,0.00,0.000
2024-09-01T08:30:00,2.550,0.00,0.000
2024-09-01T08:15:00,2.550,0.00,0.000
2024-09-01T08:00:00,2.550,0.00,0.000
2024-09-01T07:45:00,2.560,0.00,0.000
2024-09-01T07:30:00,2.560,0.00,0.000
2024-09-01T07:15:00,2.560,0.00,0.000
2024-09-01T07:00:00,2.560,0.00,0.000
2024-09-01T06:45:00,2.560,0.00,0.000
2024-09-01T06:30:00,2.560,0.00,0.000
2024-09-01T06:15:00,2.560,0.00,0.000
2024-09-01T06:00:00,2.560,0.00,0.000
2024-09-01T05:45:00,2.560,0.00,0.000
2024-09-01T05:30:00,2.570,0.00,0.000
2024-09-01T05:15:00,2.560,0.00,0.000
2024-09-01T05:00:00,2.560,0.00,0.000
2024-09-01T04:45:00,2.570,0.00,0.000
2024-09-01T04:30:00,2.560,0.00,0.000
2024-09-01T04:15:00,2.570,0.00,0.000
2024-09-01T04:00:00,2.570,0.00,0.000
2024-09-01T03:45:00,2.570,0.00,0.000
2024-09-01T03:30:00,2.570,0.00,0.000
2024-09-01T03:15:00,2.570,0.00,0.000
2024-09-01T03:00:00,2.570,0.00,0.000
2024-09-01T02:45:00,2.570,0.00,0.000
2024-09-01T02:30:00,2.570,0.00,0.000
2024-09-01T02:15:00,2.570,0.00,0.000
2024-09-01T02:00:00,2.570,0.00,0.000
2024-09-01T01:45:00,2.570,0.00,0.000
2024-09-01T01:30:00,2.570,0.00,0.000
2024-09-01T01:15:00,2.570,0.00,0.000
2024-09-01T01:00:00,2.570,0.00,0.000
2024-09-01T00:45:00,2.570,0.00,0.000
2024-09-01T00:30:00,2.570,0.00,0.000
2024-09-01T00:15:00,2.570,0.00,0.000
2024-09-01T00:00:00,2.570,0.00,0.000
2024-08-31T23:45:00,2.570,0.00,0.000
2024-08-31T23:30:00,2.570,0.00,0.000
2024-08-31T23:15:00,2.570,0.00,0.000
2024-08-31T23:00:00,2.570,0.00,0.000
2024-08-31T22:45:00,2.570,0.00,0.000
2024-08-31T22:30:00,2.570,0.00,0.000
2024-08-31T22:15:00,2.580,0.00,0.000
2024-08-31T22:00:00,2.580,0.00,0.000
2024-08-31T21:45:00,2.580,0.00,0.500
2024-08-31T21:30:00,2.580,0.00,3.000
2024-08-31T21:15:00,2.580,0.00,7.000
2024-08-31T21:00:00,2.580,0.00,1.000
2024-08-31T20:45:00,2.570,0.00,0.000
2024-08-31T20:30:00,2.580,0.00,0.000
2024-08-31T20:15:00,2.580,0.00,0.000
2024-08-31T20:00:00,2.580,0.00,0.000
2024-08-31T19:45:00,2.580,0.00,0.000
2024-08-31T19:30:00,2.580,0.00,0.000
2024-08-31T19:15:00,2.580,0.00,0.000
2024-08-31T19:00:00,2.580,0.00,0.000
2024-08-31T18:45:00,2.580,0.00,0.000
2024-08-31T18:30:00,2.580,0.00,0.000
2024-08-31T18:15:00,2.580,0.00,0.000
2024-08-31T18:00:00,2.580,0.00,0.000
2024-08-31T17:45:00,2.580,0.00,0.000
2024-08-31T17:30:00,2.580,0.00,0.000
2024-08-31T17:15:00,2.580,0.00,0.000
2024-08-31T17:00:00,2.580,0.00,0.000
2024-08-31T16:45:00,2.580,0.00,0.000
2024-08-31T16:30:00,2.580,0.00,0.000
2024-08-31T16:15:00,2.580,0.00,0.000
2024-08-31T16:00:00,2.590,0.00,0.000
2024-08-31T15:45:00,2.580,0.00,0.000
2024-08-31T15:30:00,2.590,0.00,0.000
2024-08-31T15:15:00,2.590,0.00,0.000
2024-08-31T15:00:00,2.590,0.00,0.000
2024-08-31T14:45:00,2.590,0.00,0.000
2024-08-31T14:30:00,2.590,0.00,0.000
2024-08-31T14:15:00,2.590,0.00,0.000
2024-08-31T14:00:00,2.590,0.00,0.000
2024-08-31T13:45:00,2.590,0.00,0.000
2024-08-31T13:30:00,2.590,0.00,0.000
2024-08-31T13:15:00,2.590,0.00,0.000
2024-08-31T13:00:00,2.590,0.00,0.000
2024-08-31T12:45:00,2.600,0.00,0.000
2024-08-31T12:30:00,2.600,0.00,0.000
2024-08-31T12:15:00,2.600,0.00,0.000
2024-08-31T12:00:00,2.600,0.00,0.000
2024-08-31T11:45:00,2.600,0.00,0.000
2024-08-31T11:30:00,2.600,0.00,0.000
2024-08-31T11:15:00,2.600,0.00,0.000
2024-08-31T11:00:00,2.600,0.00,0.000
2024-08-31T10:45:00,2.610,0.00,0.000
2024-08-31T10:30:00,2.600,0.00,0.000
2024-08-31T10:15:00,2.610,0.00,0.000
2024-08-31T10:00:00,2.610,0.00,0.000
2024-08-31T09:45:00,2.610,0.00,0.000
2024-08-31T09:30:00,2.610,0.00,0.000
2024-08-31T09:15:00,2.610,0.00,0.000
2024-08-31T09:00:00,2.610,0.00,0.000
2024-08-31T08:45:00,2.610,0.00,0.000
2024-08-31T08:30:00,2.610,0.00,0.000
2024-08-31T08:15:00,2.620,0.00,0.000
2024-08-31T08:00:00,2.620,0.00,0.000
2024-08-31T07:45:00,2.620,0.00,0.000
2024-08-31T07:30:00,2.620,0.00,0.000
2024-08-31T07:15:00,2.620,0.00,0.000
2024-08-31T07:00:00,2.620,0.00,0.000
2024-08-31T06:45:00,2.620,0.00,0.000
2024-08-31T06:30:00,2.620,0.00,0.000
2024-08-31T06:15:00,2.620,0.00,0.000
2024-08-31T06:00:00,2.620,0.00,0.000
2024-08-31T05:45:00,2.620,0.00,0.000
2024-08-31T05:30:00,2.620,0.00,0.000
2024-08-31T05:15:00,2.630,0.00,0.000
2024-08-31T05:00:00,2.630,0.00,0.000
2024-08-31T04:45:00,2.630,0.00,0.000
2024-08-31T04:30:00,2.630,0.00,0.000
2024-08-31T04:15:00,2.630,0.00,0.000
2024-08-31T04:00:00,2.630,0.00,0.000
2024-08-31T03:45:00,2.630,0.00,0.000
2024-08-31T03:30:00,2.630,0.00,0.000
2024-08-31T03:15:00,2.630,0.00,0.000
2024-08-31T03:00:00,2.630,0.00,0.000
2024-08-31T02:45:00,2.630,0.00,0.000
2024-08-31T02:30:00,2.630,0.00,0.000
2024-08-31T02:15:00,2.630,0.00,0.000
2024-08-31T02:00:00,2.630,0.00,0.000
2024-08-31T01:45:00,2.630,0.00,0.000
2024-08-31T01:30:00,2.630,0.00,0.000
2024-08-31T01:15:00,2.640,0.00,0.000
2024-08-31T01:00:00,2.640,0.00,0.000
2024-08-31T00:45:00,2.640,0.00,0.000
2024-08-31T00:30:00,2.640,0.00,0.000
2024-08-31T00:15:00,2.640,0.00,0.000
2024-08-31T00:00:00,2.640,0.00,0.000
2024-08-30T23:45:00,2.640,0.00,0.000
2024-08-30T23:30:00,2.640,0.00,0.000
2024-08-30T23:15:00,2.640,0.00,0.000
2024-08-30T23:00:00,2.640,0.00,0.000
2024-08-30T22:45:00,2.650,0.00,0.000
2024-08-30T22:30:00,2.640,0.00,0.000
2024-08-30T22:15:00,2.650,0.00,0.000
2024-08-30T22:00:00,2.650,0.00,0.000
2024-08-30T21:45:00,2.650,0.00,0.000
2024-08-30T21:30:00,2.650,0.00,0.000
2024-08-30T21:15:00,2.650,0.00,0.000
2024-08-30T21:00:00,2.650,0.00,0.000
2024-08-30T20:45:00,2.650,0.00,0.000
2024-08-30T20:30:00,2.650,0.00,0.000
2024-08-30T20:15:00,2.650,0.00,0.000
2024-08-30T20:00:00,2.650,0.00,0.000
2024-08-30T19:45:00,2.650,0.00,0.000
2024-08-30T19:30:00,2.650,0.00,0.000
2024-08-30T19:15:00,2.650,0.00,0.000
2024-08-30T19:00:00,2.650,0.00,0.000
2024-08-30T18:45:00,2.650,0.00,0.000
2024-08-30T18:30:00,2.650,0.00,0.000
2024-08-30T18:15:00,2.650,8.20,1.000
2024-08-30T18:00:00,2.650,0.00,0.000
2024-08-30T17:45:00,2.650,0.00,1.500
2024-08-30T17:30:00,2.660,0.00,1.000
2024-08-30T17:15:00,2.640,11.90,0.000
2024-08-30T17:00:00,2.640,0.00,0.000
2024-08-30T16:45:00,2.650,0.00,0.000
2024-08-30T16:30:00,2.640,0.00,0.000
2024-08-30T16:15:00,2.650,0.00,0.000
2024-08-30T16:00:00,2.650,0.00,0.000
2024-08-30T15:45:00,2.650,0.00,0.000
2024-08-30T15:30:00,2.650,0.00,0.000
2024-08-30T15:15:00,2.650,0.00,0.000
2024-08-30T15:00:00,2.660,0.00,0.000
2024-08-30T14:45:00,2.660,0.00,0.000
2024-08-30T14:30:00,2.660,0.00,0.000
2024-08-30T14:15:00,2.660,0.00,0.000
2024-08-30T14:00:00,2.660,0.00,0.000
2024-08-30T13:45:00,2.660,0.00,0.000
2024-08-30T13:30:00,2.660,0.00,0.000
2024-08-30T13:15:00,2.660,13.20,0.000
2024-08-30T13:00:00,2.660,0.00,0.000
2024-08-30T12:45:00,2.660,12.30,0.000
2024-08-30T12:30:00,2.660,0.00,0.000
2024-08-30T12:15:00,2.660,0.00,0.000
2024-08-30T12:00:00,2.660,0.00,0.000
2024-08-30T11:45:00,2.660,0.00,0.000
2024-08-30T11:30:00,2.660,0.00,0.000
2024-08-30T11:15:00,2.660,0.00,0.000
2024-08-30T11:00:00,2.660,0.00,0.000
2024-08-30T10:45:00,2.660,11.10,0.000
2024-08-30T10:30:00,2.670,0.00,0.000
2024-08-30T10:15:00,2.670,0.00,0.000
2024-08-30T10:00:00,2.670,0.00,0.000
2024-08-30T09:45:00,2.670,0.00,0.000
2024-08-30T09:30:00,2.670,0.00,0.000
2024-08-30T09:15:00,2.670,0.00,0.000
2024-08-30T09:00:00,2.680,0.00,0.000
2024-08-30T08:45:00,2.680,0.00,0.000
2024-08-30T08:30:00,2.680,0.00,0.000
2024-08-30T08:15:00,2.680,0.00,0.000
2024-08-30T08:00:00,2.690,0.00,0.000
2024-08-30T07:45:00,2.690,0.00,0.000
2024-08-30T07:30:00,2.690,0.00,0.000
2024-08-30T07:15:00,2.690,0.00,0.000
2024-08-30T07:00:00,2.690,0.00,0.000
2024-08-30T06:45:00,2.690,0.00,0.000
2024-08-30T06:30:00,2.700,0.00,0.000
2024-08-30T06:15:00,2.700,0.00,0.000
2024-08-30T06:00:00,2.700,0.00,0.000
2024-08-30T05:45:00,2.700,0.00,0.000
2024-08-30T05:30:00,2.700,0.00,0.000
2024-08-30T05:15:00,2.700,0.00,0.000
2024-08-30T05:00:00,2.700,0.00,0.000
2024-08-30T04:45:00,2.700,0.00,0.000
2024-08-30T04:30:00,2.700,0.00,0.000
2024-08-30T04:15:00,2.700,0.00,0.000
2024-08-30T04:00:00,2.700,0.00,0.000
2024-08-30T03:45:00,2.700,0.00,0.000
2024-08-30T03:30:00,2.700,0.00,0.000
2024-08-30T03:15:00,2.700,0.00,0.000
2024-08-30T03:00:00,2.710,0.00,0.000
2024-08-30T02:45:00,2.700,0.00,0.000
2024-08-30T02:30:00,2.710,0.00,0.000
2024-08-30T02:15:00,2.700,0.00,0.000
2024-08-30T02:00:00,2.710,0.00,0.000
2024-08-30T01:45:00,2.710,0.00,0.000
2024-08-30T01:30:00,2.710,0.00,0.000
2024-08-30T01:15:00,2.710,0.00,0.000
2024-08-30T01:00:00,2.710,0.00,0.000
2024-08-30T00:45:00,2.710,0.00,0.000
2024-08-30T00:30:00,2.710,0.00,0.000
2024-08-30T00:15:00,2.710,0.00,0.000
2024-08-30T00:00:00,2.710,0.00,0.000
2024-08-29T23:45:00,2.710,0.00,0.000
2024-08-29T23:30:00,2.710,0.00,0.000
2024-08-29T23:15:00,2.710,0.00,0.000
2024-08-29T23:00:00,2.710,0.00,0.000
2024-08-29T22:45:00,2.710,0.00,0.000
2024-08-29T22:30:00,2.710,0.00,0.000
2024-08-29T22:15:00,2.710,11.30,0.000
2024-08-29T22:00:00,2.710,11.20,0.500
2024-08-29T21:45:00,2.710,12.00,0.000
2024-08-29T21:30:00,2.710,0.00,0.000
2024-08-29T21:15:00,2.710,13.10,0.000
2024-08-29T21:00:00,2.710,11.20,0.500
2024-08-29T20:45:00,2.710,11.50,1.000
2024-08-29T20:30:00,2.720,15.40,3.000
2024-08-29T20:15:00,2.710,11.80,1.000
2024-08-29T20:00:00,2.700,0.00,4.000
2024-08-29T19:45:00,2.700,0.00,0.000
2024-08-29T19:30:00,2.700,0.00,0.000
2024-08-29T19:15:00,2.700,0.00,0.000
2024-08-29T19:00:00,2.700,0.00,0.000
2024-08-29T18:45:00,2.700,0.00,0.000
2024-08-29T18:30:00,2.700,0.00,0.000
2024-08-29T18:15:00,2.700,0.00,0.000
2024-08-29T18:00:00,2.700,0.00,0.000
2024-08-29T17:45:00,2.700,0.00,0.000
2024-08-29T17:30:00,2.700,0.00,0.000
2024-08-29T17:15:00,2.700,0.00,0.000
2024-08-29T17:00:00,2.710,0.00,0.000
2024-08-29T16:45:00,2.710,0.00,0.000
2024-08-29T16:30:00,2.710,0.00,0.000
2024-08-29T16:15:00,2.710,0.00,0.000
2024-08-29T16:00:00,2.710,10.10,0.000
2024-08-29T15:45:00,2.710,0.00,0.000
2024-08-29T15:30:00,2.720,0.00,0.000
2024-08-29T15:15:00,2.710,0.00,0.000
2024-08-29T15:00:00,2.720,0.00,0.000
2024-08-29T14:45:00,2.720,0.00,0.000
2024-08-29T14:30:00,2.720,0.00,0.500
2024-08-29T14:15:00,2.720,9.90,0.000
2024-08-29T14:00:00,2.720,0.00,0.000
2024-08-29T13:45:00,2.720,12.00,0.000
2024-08-29T13:30:00,2.720,10.50,0.000
2024-08-29T13:15:00,2.720,0.00,0.000
2024-08-29T13:00:00,2.720,0.00,0.000
2024-08-29T12:45:00,2.720,0.00,0.000
2024-08-29T12:30:00,2.720,11.40,0.000
2024-08-29T12:15:00,2.720,12.30,0.000
2024-08-29T12:00:00,2.720,12.70,0.500
2024-08-29T11:45:00,2.720,13.60,0.000
2024-08-29T11:30:00,2.730,9.80,1.000
2024-08-29T11:15:00,2.730,11.90,0.000
2024-08-29T11:00:00,2.730,0.00,0.000
2024-08-29T10:45:00,2.730,0.00,0.000
2024-08-29T10:30:00,2.730,0.00,0.000
2024-08-29T10:15:00,2.730,0.00,0.000
2024-08-29T10:00:00,2.740,0.00,0.500
2024-08-29T09:45:00,2.730,0.00,0.000
2024-08-29T09:30:00,2.740,0.00,0.000
2024-08-29T09:15:00,2.740,0.00,0.000
2024-08-29T09:00:00,2.740,0.00,0.000
2024-08-29T08:45:00,2.740,0.00,0.000
2024-08-29T08:30:00,2.750,0.00,0.000
2024-08-29T08:15:00,2.750,0.00,0.000
2024-08-29T08:00:00,2.750,0.00,0.000
2024-08-29T07:45:00,2.750,0.00,0.000
2024-08-29T07:30:00,2.750,0.00,0.000
2024-08-29T07:15:00,2.750,0.00,0.000
2024-08-29T07:00:00,2.760,0.00,0.000
2024-08-29T06:45:00,2.760,0.00,0.000
2024-08-29T06:30:00,2.760,0.00,0.000
2024-08-29T06:15:00,2.760,0.00,0.000
2024-08-29T06:00:00,2.760,0.00,0.000
2024-08-29T05:45:00,2.760,0.00,0.000
2024-08-29T05:30:00,2.760,0.00,0.000
2024-08-29T05:15:00,2.760,0.00,0.000
2024-08-29T05:00:00,2.770,0.00,0.000
2024-08-29T04:45:00,2.770,0.00,0.000
2024-08-29T04:30:00,2.770,0.00,0.000
2024-08-29T04:15:00,2.770,0.00,0.000
2024-08-29T04:00:00,2.770,0.00,0.000
2024-08-29T03:45:00,2.770,0.00,0.000
2024-08-29T03:30:00,2.770,0.00,0.000
2024-08-29T03:15:00,2.770,0.00,0.500
2024-08-29T03:00:00,2.770,0.00,0.000
2024-08-29T02:45:00,2.780,0.00,0.000
2024-08-29T02:30:00,2.780,0.00,0.000
2024-08-29T02:15:00,2.780,0.00,0.000
2024-08-29T02:00:00,2.780,0.00,0.000
2024-08-29T01:45:00,2.780,0.00,0.000
2024-08-29T01:30:00,2.780,0.00,0.000
2024-08-29T01:15:00,2.780,0.00,0.000
2024-08-29T01:00:00,2.780,0.00,0.000
2024-08-29T00:45:00,2.780,0.00,0.000
2024-08-29T00:30:00,2.780,0.00,0.000
2024-08-29T00:15:00,2.780,0.00,0.000
2024-08-29T00:00:00,2.780,0.00,0.000
2024-08-28T23:45:00,2.790,0.00,0.000
2024-08-28T23:30:00,2.790,0.00,0.000
2024-08-28T23:15:00,2.790,0.00,0.000
2024-08-28T23:00:00,2.790,0.00,0.000
2024-08-28T22:45:00,2.790,0.00,0.500
2024-08-28T22:30:00,2.790,0.00,0.000
2024-08-28T22:15:00,2.790,0.00,0.000
2024-08-28T22:00:00,2.790,0.00,0.000
2024-08-28T21:45:00,2.790,0.00,0.000
2024-08-28T21:30:00,2.790,0.00,0.000
2024-08-28T21:15:00,2.790,8.90,1.000
2024-08-28T21:00:00,2.790,0.00,0.000
2024-08-28T20:45:00,2.790,0.00,0.000
2024-08-28T20:30:00,2.790,10.00,0.000
2024-08-28T20:15:00,2.800,0.00,0.000
2024-08-28T20:00:00,2.800,0.00,0.000
2024-08-28T19:45:00,2.790,0.00,0.000
2024-08-28T19:30:00,2.800,0.00,0.000
2024-08-28T19:15:00,2.800,0.00,0.000
2024-08-28T19:00:00,2.800,0.00,0.000
2024-08-28T18:45:00,2.800,0.00,0.000
2024-08-28T18:30:00,2.800,0.00,0.000
2024-08-28T18:15:00,2.800,0.00,0.000
2024-08-28T18:00:00,2.800,0.00,0.000
2024-08-28T17:45:00,2.790,8.90,0.000
2024-08-28T17:30:00,2.790,0.00,0.000
2024-08-28T17:15:00,2.790,0.00,0.000
2024-08-28T17:00:00,2.800,0.00,0.000
2024-08-28T16:45:00,2.800,0.00,0.500
2024-08-28T16:30:00,2.800,0.00,1.500
2024-08-28T16:15:00,2.800,0.00,9.000
2024-08-28T16:00:00,2.770,0.00,1.500
2024-08-28T15:45:00,2.770,0.00,0.000
2024-08-28T15:30:00,2.770,0.00,0.000
2024-08-28T15:15:00,2.770,0.00,0.000
2024-08-28T15:00:00,2.770,0.00,0.000
2024-08-28T14:45:00,2.770,0.00,0.000
2024-08-28T14:30:00,2.770,0.00,0.000
2024-08-28T14:15:00,2.780,0.00,0.000
2024-08-28T14:00:00,2.780,0.00,0.000
2024-08-28T13:45:00,2.780,14.40,0.000
2024-08-28T13:30:00,2.780,11.90,0.000
2024-08-28T13:15:00,2.780,0.00,0.000
2024-08-28T13:00:00,2.780,0.00,0.000
2024-08-28T12:45:00,2.790,0.00,0.000
2024-08-28T12:30:00,2.790,15.30,0.000
2024-08-28T12:15:00,2.790,11.80,0.000
2024-08-28T12:00:00,2.790,14.60,0.000
2024-08-28T11:45:00,2.800,0.00,0.000
2024-08-28T11:30:00,2.790,9.80,0.000
2024-08-28T11:15:00,2.800,0.00,0.000
2024-08-28T11:00:00,2.800,0.00,0.000
2024-08-28T10:45:00,2.810,0.00,0.000
2024-08-28T10:30:00,2.810,0.00,0.000
2024-08-28T10:15:00,2.810,0.00,0.000
2024-08-28T10:00:00,2.810,0.00,0.000
2024-08-28T09:45:00,2.810,0.00,0.000
2024-08-28T09:30:00,2.810,0.00,0.000
2024-08-28T09:15:00,2.820,0.00,0.000
2024-08-28T09:00:00,2.820,0.00,0.000
2024-08-28T08:45:00,2.820,0.00,0.000
2024-08-28T08:30:00,2.830,0.00,0.000
2024-08-28T08:15:00,2.830,0.00,0.000
2024-08-28T08:00:00,2.830,0.00,0.000
2024-08-28T07:45:00,2.840,0.00,0.000
2024-08-28T07:30:00,2.840,0.00,0.000
2024-08-28T07:15:00,2.840,0.00,0.000
2024-08-28T07:00:00,2.840,0.00,0.000
2024-08-28T06:45:00,2.840,0.00,0.000
2024-08-28T06:30:00,2.850,0.00,0.000
2024-08-28T06:15:00,2.850,0.00,0.000
2024-08-28T06:00:00,2.850,0.00,0.000
2024-08-28T05:45:00,2.850,0.00,0.000
2024-08-28T05:30:00,2.860,0.00,0.000
2024-08-28T05:15:00,2.860,0.00,0.000
2024-08-28T05:00:00,2.860,0.00,0.000
2024-08-28T04:45:00,2.860,0.00,0.000
2024-08-28T04:30:00,2.860,0.00,0.000
2024-08-28T04:15:00,2.870,0.00,0.000
2024-08-28T04:00:00,2.870,0.00,0.000
2024-08-28T03:45:00,2.870,0.00,0.000
2024-08-28T03:30:00,2.870,0.00,0.000
2024-08-28T03:15:00,2.880,0.00,0.000
2024-08-28T03:00:00,2.880,0.00,0.000
2024-08-28T02:45:00,2.880,0.00,0.000
2024-08-28T02:30:00,2.880,0.00,0.000
2024-08-28T02:15:00,2.890,0.00,0.500
2024-08-28T02:00:00,2.890,0.00,0.000
2024-08-28T01:45:00,2.890,0.00,0.500
2024-08-28T01:30:00,2.890,13.10,0.000
2024-08-28T01:15:00,2.890,0.00,0.000
2024-08-28T01:00:00,2.900,0.00,0.000
2024-08-28T00:45:00,2.900,0.00,0.000
2024-08-28T00:30:00,2.900,0.00,0.000
2024-08-28T00:15:00,2.910,0.00,0.000
2024-08-28T00:00:00,2.910,0.00,0.000
2024-08-27T23:45:00,2.910,0.00,0.000
2024-08-27T23:30:00,2.910,0.00,0.000
2024-08-27T23:15:00,2.910,0.00,0.000
2024-08-27T23:00:00,2.910,0.00,0.000
2024-08-27T22:45:00,2.920,0.00,0.000
2024-08-27T22:30:00,2.920,0.00,0.000
2024-08-27T22:15:00,2.920,0.00,0.000
2024-08-27T22:00:00,2.920,0.00,0.000
2024-08-27T21:45:00,2.920,0.00,0.000
2024-08-27T21:30:00,2.930,0.00,0.000
2024-08-27T21:15:00,2.930,0.00,0.000
2024-08-27T21:00:00,2.930,0.00,0.000
2024-08-27T20:45:00,2.930,0.00,0.000
2024-08-27T20:30:00,2.930,0.00,0.000
2024-08-27T20:15:00,2.940,0.00,0.000
2024-08-27T20:00:00,2.940,0.00,0.000
2024-08-27T19:45:00,2.940,0.00,0.000
2024-08-27T19:30:00,2.940,0.00,0.000
2024-08-27T19:15:00,2.940,0.00,0.000
2024-08-27T19:00:00,2.940,0.00,0.000
2024-08-27T18:45:00,2.940,0.00,0.000
2024-08-27T18:30:00,2.940,0.00,0.000
2024-08-27T18:15:00,2.950,0.00,0.000
2024-08-27T18:00:00,2.950,0.00,0.000
2024-08-27T17:45:00,2.950,0.00,0.000
2024-08-27T17:30:00,2.950,0.00,0.000
2024-08-27T17:15:00,2.950,0.00,0.000
2024-08-27T17:00:00,2.950,0.00,0.000
2024-08-27T16:45:00,2.950,0.00,0.000
2024-08-27T16:30:00,2.960,0.00,0.000
2024-08-27T16:15:00,2.960,0.00,0.000
2024-08-27T16:00:00,2.960,0.00,0.000
2024-08-27T15:45:00,2.960,0.00,0.000
2024-08-27T15:30:00,2.960,0.00,0.000
2024-08-27T15:15:00,2.960,0.00,0.000
2024-08-27T15:00:00,2.960,0.00,0.000
2024-08-27T14:45:00,2.960,0.00,0.000
2024-08-27T14:30:00,2.960,0.00,0.000
2024-08-27T14:15:00,2.960,0.00,0.000
2024-08-27T14:00:00,2.960,0.00,0.000
2024-08-27T13:45:00,2.970,0.00,0.000
2024-08-27T13:30:00,2.970,0.00,0.000
2024-08-27T13:15:00,2.970,0.00,0.000
2024-08-27T13:00:00,2.970,0.00,0.000
2024-08-27T12:45:00,2.980,0.00,0.000
2024-08-27T12:30:00,2.980,0.00,0.000
2024-08-27T12:15:00,2.970,0.00,0.000
2024-08-27T12:00:00,2.970,0.00,0.000
2024-08-27T11:45:00,2.980,0.00,0.000
2024-08-27T11:30:00,2.980,0.00,0.000
2024-08-27T11:15:00,2.980,0.00,0.000
2024-08-27T11:00:00,2.980,0.00,0.000
2024-08-27T10:45:00,2.980,0.00,0.000
2024-08-27T10:30:00,2.980,0.00,0.000
2024-08-27T10:15:00,2.980,0.00,0.000
2024-08-27T10:00:00,2.980,0.00,0.000
2024-08-27T09:45:00,2.980,0.00,0.000
2024-08-27T09:30:00,2.980,0.00,0.000
2024-08-27T09:15:00,2.980,0.00,0.000
2024-08-27T09:00:00,2.980,10.10,0.000
2024-08-27T08:45:00,2.980,0.00,0.000
2024-08-27T08:30:00,2.990,0.00,0.000
2024-08-27T08:15:00,2.990,0.00,0.000
2024-08-27T08:00:00,2.990,0.00,0.000
2024-08-27T07:45:00,2.990,0.00,0.000
2024-08-27T07:30:00,2.990,0.00,0.000
2024-08-27T07:15:00,2.990,0.00,0.000
2024-08-27T07:00:00,2.990,0.00,0.000
2024-08-27T06:45:00,2.990,0.00,0.000
2024-08-27T06:30:00,2.990,0.00,0.000
2024-08-27T06:15:00,2.990,0.00,0.000
2024-08-27T06:00:00,2.980,0.00,0.000
2024-08-27T05:45:00,2.980,0.00,0.000
2024-08-27T05:30:00,2.980,0.00,0.000
2024-08-27T05:15:00,2.980,0.00,0.000
2024-08-27T05:00:00,2.970,0.00,0.500
2024-08-27T04:45:00,2.970,0.00,0.000
2024-08-27T04:30:00,2.970,0.00,0.500
2024-08-27T04:15:00,2.970,0.00,0.500
2024-08-27T04:00:00,2.960,0.00,1.000
2024-08-27T03:45:00,2.960,0.00,1.000
2024-08-27T03:30:00,2.960,0.00,1.000
2024-08-27T03:15:00,2.950,0.00,1.000
2024-08-27T03:00:00,2.950,0.00,0.000
2024-08-27T02:45:00,2.950,9.90,0.000
2024-08-27T02:30:00,2.940,0.00,1.000
2024-08-27T02:15:00,2.950,0.00,2.500
2024-08-27T02:00:00,2.940,0.00,9.000
2024-08-27T01:45:00,2.940,0.00,18.000
2024-08-27T01:30:00,2.910,0.00,14.500
2024-08-27T01:15:00,2.890,0.00,29.000
2024-08-27T01:00:00,2.880,0.00,7.000
2024-08-27T00:45:00,2.890,0.00,7.500
2024-08-27T00:30:00,2.890,0.00,0.000
2024-08-27T00:15:00,2.890,0.00,0.000
2024-08-27T00:00:00,2.890,0.00,0.000
2024-08-26T23:45:00,2.900,0.00,0.000
2024-08-26T23:30:00,2.900,0.00,0.000
2024-08-26T23:15:00,2.900,0.00,0.000
2024-08-26T23:00:00,2.900,0.00,0.000
2024-08-26T22:45:00,2.900,0.00,0.000
2024-08-26T22:30:00,2.910,0.00,0.000
2024-08-26T22:15:00,2.910,0.00,0.000
2024-08-26T22:00:00,2.910,0.00,0.000
2024-08-26T21:45:00,2.920,0.00,0.000
2024-08-26T21:30:00,2.920,0.00,0.000
2024-08-26T21:15:00,2.920,0.00,0.000
2024-08-26T21:00:00,2.920,0.00,0.000
2024-08-26T20:45:00,2.930,0.00,0.000
2024-08-26T20:30:00,2.930,0.00,0.000
2024-08-26T20:15:00,2.930,0.00,0.000
2024-08-26T20:00:00,2.940,0.00,0.000
2024-08-26T19:45:00,2.940,0.00,0.000
2024-08-26T19:30:00,2.940,0.00,0.000
2024-08-26T19:15:00,2.940,0.00,0.000
2024-08-26T19:00:00,2.940,0.00,0.000
2024-08-26T18:45:00,2.950,0.00,0.000
2024-08-26T18:30:00,2.950,0.00,0.000
2024-08-26T18:15:00,2.950,0.00,0.000
2024-08-26T18:00:00,2.950,0.00,0.000
2024-08-26T17:45:00,2.950,0.00,0.000
2024-08-26T17:30:00,2.950,0.00,0.000
2024-08-26T17:15:00,2.960,0.00,0.000
2024-08-26T17:00:00,2.960,0.00,0.000
2024-08-26T16:45:00,2.960,0.00,0.000
2024-08-26T16:30:00,2.960,0.00,0.000
2024-08-26T16:15:00,2.960,0.00,0.000
2024-08-26T16:00:00,2.960,0.00,0.000
2024-08-26T15:45:00,2.970,0.00,0.000
2024-08-26T15:30:00,2.970,11.30,0.000
2024-08-26T15:15:00,2.970,0.00,0.000
2024-08-26T15:00:00,2.970,0.00,0.000
2024-08-26T14:45:00,2.980,0.00,0.000
2024-08-26T14:30:00,2.980,13.80,0.000
2024-08-26T14:15:00,2.980,16.10,0.000
2024-08-26T14:00:00,2.980,0.00,0.000
2024-08-26T13:45:00,2.980,0.00,0.000
2024-08-26T13:30:00,2.980,0.00,0.000
2024-08-26T13:15:00,2.990,0.00,0.000
2024-08-26T13:00:00,2.990,0.00,0.000
2024-08-26T12:45:00,2.990,14.70,0.000
2024-08-26T12:30:00,2.990,0.00,0.000
2024-08-26T12:15:00,2.990,10.20,0.000
2024-08-26T12:00:00,3.000,0.00,0.000
2024-08-26T11:45:00,3.000,0.00,0.000
2024-08-26T11:30:00,3.000,14.10,0.000
2024-08-26T11:15:00,3.000,0.00,0.000
2024-08-26T11:00:00,3.000,15.90,0.000
2024-08-26T10:45:00,3.010,0.00,0.000
2024-08-26T10:30:00,3.010,0.00,0.000
2024-08-26T10:15:00,3.010,0.00,0.000
2024-08-26T10:00:00,3.010,0.00,0.000
2024-08-26T09:45:00,3.010,0.00,0.000
2024-08-26T09:30:00,3.010,0.00,0.000
2024-08-26T09:15:00,3.010,15.70,0.000
2024-08-26T09:00:00,3.020,0.00,0.000
2024-08-26T08:45:00,3.020,0.00,0.000
2024-08-26T08:30:00,3.030,0.00,0.000
2024-08-26T08:15:00,3.030,15.10,0.000
2024-08-26T08:00:00,3.030,0.00,0.000
2024-08-26T07:45:00,3.040,0.00,0.000
2024-08-26T07:30:00,3.040,0.00,0.000
2024-08-26T07:15:00,3.040,0.00,0.000
2024-08-26T07:00:00,3.040,0.00,0.000
2024-08-26T06:45:00,3.040,0.00,0.000
2024-08-26T06:30:00,3.050,0.00,0.000
2024-08-26T06:15:00,3.050,0.00,0.000
2024-08-26T06:00:00,3.050,0.00,0.000
2024-08-26T05:45:00,3.050,0.00,0.000
2024-08-26T05:30:00,3.050,0.00,0.000
2024-08-26T05:15:00,3.050,0.00,0.000
2024-08-26T05:00:00,3.050,0.00,0.000
2024-08-26T04:45:00,3.060,0.00,0.000
2024-08-26T04:30:00,3.060,0.00,0.000
2024-08-26T04:15:00,3.060,0.00,0.000
2024-08-26T04:00:00,3.060,0.00,0.000
2024-08-26T03:45:00,3.060,0.00,0.000
2024-08-26T03:30:00,3.070,0.00,0.000
2024-08-26T03:15:00,3.070,0.00,0.000
2024-08-26T03:00:00,3.070,0.00,0.000
2024-08-26T02:45:00,3.070,0.00,0.000
2024-08-26T02:30:00,3.070,0.00,0.000
2024-08-26T02:15:00,3.070,0.00,0.000
2024-08-26T02:00:00,3.080,0.00,0.000
2024-08-26T01:45:00,3.070,0.00,0.000
2024-08-26T01:30:00,3.080,0.00,0.000
2024-08-26T01:15:00,3.080,0.00,0.000
2024-08-26T01:00:00,3.080,0.00,0.000
2024-08-26T00:45:00,3.080,0.00,0.000
2024-08-26T00:30:00,3.080,0.00,0.000
2024-08-26T00:15:00,3.090,0.00,0.000
2024-08-26T00:00:00,3.080,0.00,0.000
2024-09-08T23:45:00,2.630,0.00,0.000
2024-09-08T23:30:00,2.630,0.00,0.000
2024-09-08T23:15:00,2.630,0.00,0.000
2024-09-08T23:00:00,2.630,0.00,0.000
2024-09-08T22:45:00,2.640,0.00,0.000
2024-09-08T22:30:00,2.640,0.00,0.000
2024-09-08T22:15:00,2.640,0.00,0.000
2024-09-08T22:00:00,2.640,0.00,0.000
2024-09-08T21:45:00,2.640,0.00,0.000
2024-09-08T21:30:00,2.640,0.00,0.000
2024-09-08T21:15:00,2.640,0.00,0.000
2024-09-08T21:00:00,2.640,0.00,0.000
2024-09-08T20:45:00,2.640,0.00,0.000
2024-09-08T20:30:00,2.650,0.00,0.000
2024-09-08T20:15:00,2.640,0.00,0.000
2024-09-08T20:00:00,2.650,0.00,0.000
2024-09-08T19:45:00,2.650,0.00,0.000
2024-09-08T19:30:00,2.650,0.00,0.000
2024-09-08T19:15:00,2.650,34.30,0.000
2024-09-08T19:00:00,2.650,0.00,0.000
2024-09-08T18:45:00,2.650,0.00,0.000
2024-09-08T18:30:00,2.650,0.00,0.000
2024-09-08T18:15:00,2.650,0.00,0.000
2024-09-08T18:00:00,2.660,8.90,0.000
2024-09-08T17:45:00,2.660,0.00,0.500
2024-09-08T17:30:00,2.660,0.00,1.000
2024-09-08T17:15:00,2.660,11.20,1.000
2024-09-08T17:00:00,2.660,0.00,2.500
2024-09-08T16:45:00,2.660,0.00,0.000
2024-09-08T16:30:00,2.660,0.00,0.000
2024-09-08T16:15:00,2.660,0.00,2.000
2024-09-08T16:00:00,2.660,0.00,0.000
2024-09-08T15:45:00,2.660,0.00,0.000
2024-09-08T15:30:00,2.660,0.00,0.000
2024-09-08T15:15:00,2.660,0.00,0.000
2024-09-08T15:00:00,2.670,0.00,0.000
2024-09-08T14:45:00,2.670,0.00,0.000
2024-09-08T14:30:00,2.670,0.00,0.000
2024-09-08T14:15:00,2.670,0.00,0.000
2024-09-08T14:00:00,2.670,0.00,0.000
2024-09-08T13:45:00,2.670,0.00,0.000
2024-09-08T13:30:00,2.680,0.00,0.000
2024-09-08T13:15:00,2.680,8.20,0.000
2024-09-08T13:00:00,2.680,0.00,0.000
2024-09-08T12:45:00,2.680,0.00,0.000
2024-09-08T12:30:00,2.680,0.00,0.000
2024-09-08T12:15:00,2.680,0.00,0.000
2024-09-08T12:00:00,2.690,0.00,0.000
2024-09-08T11:45:00,2.690,0.00,0.000
2024-09-08T11:30:00,2.690,0.00,0.000
2024-09-08T11:15:00,2.690,0.00,0.000
2024-09-08T11:00:00,2.700,0.00,0.000
2024-09-08T10:45:00,2.700,0.00,0.000
2024-09-08T10:30:00,2.700,0.00,0.000
2024-09-08T10:15:00,2.700,0.00,0.000
2024-09-08T10:00:00,2.700,0.00,0.000
2024-09-08T09:45:00,2.700,0.00,0.000
2024-09-08T09:30:00,2.710,0.00,0.000
2024-09-08T09:15:00,2.710,0.00,0.000
2024-09-08T09:00:00,2.710,0.00,0.000
2024-09-08T08:45:00,2.710,0.00,0.000
2024-09-08T08:30:00,2.720,0.00,0.000
2024-09-08T08:15:00,2.720,0.00,0.000
2024-09-08T08:00:00,2.720,0.00,0.000
2024-09-08T07:45:00,2.720,0.00,0.000
2024-09-08T07:30:00,2.730,0.00,0.000
2024-09-08T07:15:00,2.730,0.00,0.000
2024-09-08T07:00:00,2.730,0.00,0.000
2024-09-08T06:45:00,2.730,0.00,0.000
2024-09-08T06:30:00,2.730,0.00,0.000
2024-09-08T06:15:00,2.730,0.00,0.000
2024-09-08T06:00:00,2.740,0.00,0.000
2024-09-08T05:45:00,2.740,0.00,0.000
2024-09-08T05:30:00,2.740,0.00,0.000
2024-09-08T05:15:00,2.740,0.00,0.000
2024-09-08T05:00:00,2.740,0.00,0.000
2024-09-08T04:45:00,2.740,0.00,0.000
2024-09-08T04:30:00,2.750,0.00,0.000
2024-09-08T04:15:00,2.750,0.00,0.000
2024-09-08T04:00:00,2.750,0.00,0.000
2024-09-08T03:45:00,2.750,0.00,0.000
2024-09-08T03:30:00,2.750,0.00,0.000
2024-09-08T03:15:00,2.750,0.00,0.000
2024-09-08T03:00:00,2.760,0.00,0.000
2024-09-08T02:45:00,2.760,0.00,0.000
2024-09-08T02:30:00,2.760,0.00,0.000
2024-09-08T02:15:00,2.760,0.00,0.000
2024-09-08T02:00:00,2.760,0.00,0.000
2024-09-08T01:45:00,2.770,0.00,0.000
2024-09-08T01:30:00,2.770,0.00,0.000
2024-09-08T01:15:00,2.770,0.00,0.000
2024-09-08T01:00:00,2.770,0.00,0.000
2024-09-08T00:45:00,2.770,0.00,0.000
2024-09-08T00:30:00,2.770,0.00,0.000
2024-09-08T00:15:00,2.770,0.00,0.000
2024-09-08T00:00:00,2.780,0.00,0.000
2024-09-07T23:45:00,2.780,0.00,0.000
2024-09-07T23:30:00,2.780,0.00,0.000
2024-09-07T23:15:00,2.780,0.00,0.000
2024-09-07T23:00:00,2.780,0.00,0.000
2024-09-07T22:45:00,2.780,0.00,0.000
2024-09-07T22:30:00,2.790,0.00,0.000
2024-09-07T22:15:00,2.790,0.00,0.000
2024-09-07T22:00:00,2.790,0.00,0.000
2024-09-07T21:45:00,2.790,0.00,0.000
2024-09-07T21:30:00,2.790,0.00,0.000
2024-09-07T21:15:00,2.790,0.00,0.000
2024-09-07T21:00:00,2.800,0.00,0.000
2024-09-07T20:45:00,2.800,0.00,0.000
2024-09-07T20:30:00,2.800,0.00,0.000
2024-09-07T20:15:00,2.800,0.00,0.000
2024-09-07T20:00:00,2.810,0.00,0.000
2024-09-07T19:45:00,2.810,0.00,0.000
2024-09-07T19:30:00,2.810,0.00,0.000
2024-09-07T19:15:00,2.810,0.00,0.000
2024-09-07T19:00:00,2.820,0.00,0.000
2024-09-07T18:45:00,2.820,0.00,0.000
2024-09-07T18:30:00,2.820,0.00,0.000
2024-09-07T18:15:00,2.830,0.00,0.000
2024-09-07T18:00:00,2.820,0.00,0.000
2024-09-07T17:45:00,2.830,0.00,0.000
2024-09-07T17:30:00,2.830,0.00,0.000
2024-09-07T17:15:00,2.830,0.00,0.000
2024-09-07T17:00:00,2.830,0.00,0.000
2024-09-07T16:45:00,2.840,0.00,0.000
2024-09-07T16:30:00,2.840,0.00,0.000
2024-09-07T16:15:00,2.840,13.50,0.000
2024-09-07T16:00:00,2.840,0.00,1.500
2024-09-07T15:45:00,2.840,16.00,0.500
2024-09-07T15:30:00,2.840,13.60,0.000
2024-09-07T15:15:00,2.850,0.00,0.000
2024-09-07T15:00:00,2.850,0.00,0.000
2024-09-07T14:45:00,2.860,0.00,0.000
2024-09-07T14:30:00,2.860,0.00,0.000
2024-09-07T14:15:00,2.870,0.00,0.000
2024-09-07T14:00:00,2.870,0.00,0.000
2024-09-07T13:45:00,2.870,0.00,0.000
2024-09-07T13:30:00,2.880,0.00,0.000
2024-09-07T13:15:00,2.880,0.00,0.000
2024-09-07T13:00:00,2.890,0.00,0.000
2024-09-07T12:45:00,2.890,0.00,0.000
2024-09-07T12:30:00,2.900,0.00,0.000
2024-09-07T12:15:00,2.890,0.00,0.000
2024-09-07T12:00:00,2.900,0.00,0.000
2024-09-07T11:45:00,2.910,0.00,0.000
2024-09-07T11:30:00,2.910,0.00,0.000
2024-09-07T11:15:00,2.920,0.00,0.000
2024-09-07T11:00:00,2.920,0.00,0.000
2024-09-07T10:45:00,2.920,0.00,0.000
2024-09-07T10:30:00,2.920,0.00,0.000
2024-09-07T10:15:00,2.920,0.00,0.000
2024-09-07T10:00:00,2.930,0.00,0.000
2024-09-07T09:45:00,2.930,0.00,0.000
2024-09-07T09:30:00,2.930,0.00,0.000
2024-09-07T09:15:00,2.940,0.00,0.000
2024-09-07T09:00:00,2.940,0.00,0.000
2024-09-07T08:45:00,2.940,0.00,0.000
2024-09-07T08:30:00,2.940,0.00,0.000
2024-09-07T08:15:00,2.950,0.00,0.000
2024-09-07T08:00:00,2.950,0.00,0.000
2024-09-07T07:45:00,2.960,0.00,0.000
2024-09-07T07:30:00,2.960,0.00,0.000
2024-09-07T07:15:00,2.960,0.00,0.000
2024-09-07T07:00:00,2.960,0.00,0.000
2024-09-07T06:45:00,2.970,0.00,0.000
2024-09-07T06:30:00,2.970,0.00,0.000
2024-09-07T06:15:00,2.970,0.00,0.000
2024-09-07T06:00:00,2.970,0.00,0.000
2024-09-07T05:45:00,2.980,0.00,0.000
2024-09-07T05:30:00,2.980,0.00,0.000
2024-09-07T05:15:00,2.980,0.00,0.000
2024-09-07T05:00:00,2.980,0.00,0.000
2024-09-07T04:45:00,2.980,0.00,0.000
2024-09-07T04:30:00,2.980,0.00,0.000
2024-09-07T04:15:00,2.990,0.00,0.000
2024-09-07T04:00:00,2.990,0.00,0.000
2024-09-07T03:45:00,2.990,0.00,0.000
2024-09-07T03:30:00,3.000,0.00,0.000
2024-09-07T03:15:00,3.000,0.00,0.000
2024-09-07T03:00:00,3.000,0.00,0.000
2024-09-07T02:45:00,3.000,0.00,0.000
2024-09-07T02:30:00,3.010,0.00,0.000
2024-09-07T02:15:00,3.010,0.00,0.000
2024-09-07T02:00:00,3.010,0.00,0.000
2024-09-07T01:45:00,3.010,0.00,0.000
2024-09-07T01:30:00,3.020,0.00,0.000
2024-09-07T01:15:00,3.020,0.00,0.000
2024-09-07T01:00:00,3.020,0.00,0.000
2024-09-07T00:45:00,3.020,0.00,0.000
2024-09-07T00:30:00,3.020,0.00,0.000
2024-09-07T00:15:00,3.030,0.00,0.000
2024-09-07T00:00:00,3.030,0.00,0.000
2024-09-06T23:45:00,3.030,0.00,0.000
2024-09-06T23:30:00,3.030,0.00,0.000
2024-09-06T23:15:00,3.040,0.00,0.000
2024-09-06T23:00:00,3.040,0.00,0.000
2024-09-06T22:45:00,3.040,0.00,0.000
2024-09-06T22:30:00,3.040,0.00,0.000
2024-09-06T22:15:00,3.050,0.00,0.000
2024-09-06T22:00:00,3.050,0.00,0.000
2024-09-06T21:45:00,3.050,0.00,0.000
2024-09-06T21:30:00,3.060,0.00,0.000
2024-09-06T21:15:00,3.060,0.00,0.000
2024-09-06T21:00:00,3.060,0.00,0.000
2024-09-06T20:45:00,3.070,0.00,0.000
2024-09-06T20:30:00,3.060,0.00,0.000
2024-09-06T20:15:00,3.070,0.00,0.000
2024-09-06T20:00:00,3.070,0.00,0.000
2024-09-06T19:45:00,3.070,0.00,0.000
2024-09-06T19:30:00,3.070,0.00,0.000
2024-09-06T19:15:00,3.070,0.00,0.000
2024-09-06T19:00:00,3.070,0.00,0.000
2024-09-06T18:45:00,3.070,28.10,0.000
2024-09-06T18:30:00,3.080,0.00,0.000
2024-09-06T18:15:00,3.080,0.00,0.000
2024-09-06T18:00:00,3.080,0.00,0.000
2024-09-06T17:45:00,3.080,0.00,0.000
2024-09-06T17:30:00,3.080,0.00,0.000
2024-09-06T17:15:00,3.090,0.00,0.000
2024-09-06T17:00:00,3.090,0.00,0.000
2024-09-06T16:45:00,3.090,0.00,0.000
2024-09-06T16:30:00,3.100,0.00,0.000
2024-09-06T16:15:00,3.100,0.00,0.000
2024-09-06T16:00:00,3.100,0.00,0.000
2024-09-06T15:45:00,3.110,0.00,0.000
2024-09-06T15:30:00,3.100,0.00,0.000
2024-09-06T15:15:00,3.110,0.00,0.000
2024-09-06T15:00:00,3.110,0.00,0.000
2024-09-06T14:45:00,3.110,0.00,0.000
2024-09-06T14:30:00,3.120,0.00,0.000
2024-09-06T14:15:00,3.120,0.00,0.000
2024-09-06T14:00:00,3.120,0.00,0.000
2024-09-06T13:45:00,3.130,0.00,0.000
2024-09-06T13:30:00,3.130,0.00,0.000
2024-09-06T13:15:00,3.130,0.00,0.000
2024-09-06T13:00:00,3.140,0.00,0.000
2024-09-06T12:45:00,3.140,0.00,0.000
2024-09-06T12:30:00,3.140,0.00,0.000
2024-09-06T12:15:00,3.140,0.00,0.000
2024-09-06T12:00:00,3.150,0.00,0.000
2024-09-06T11:45:00,3.150,0.00,0.000
2024-09-06T11:30:00,3.150,17.10,0.000
2024-09-06T11:15:00,3.150,0.00,0.000
2024-09-06T11:00:00,3.150,15.00,0.000
2024-09-06T10:45:00,3.160,0.00,0.000
2024-09-06T10:30:00,3.160,0.00,0.000
2024-09-06T10:15:00,3.170,0.00,0.000
2024-09-06T10:00:00,3.170,0.00,0.000
2024-09-06T09:45:00,3.170,0.00,0.000
2024-09-06T09:30:00,3.180,0.00,0.000
2024-09-06T09:15:00,3.180,0.00,0.000
2024-09-06T09:00:00,3.190,0.00,0.000
2024-09-06T08:45:00,3.190,0.00,0.000
2024-09-06T08:30:00,3.190,0.00,0.000
2024-09-06T08:15:00,3.200,0.00,0.000
2024-09-06T08:00:00,3.210,0.00,0.000
2024-09-06T07:45:00,3.210,0.00,0.000
2024-09-06T07:30:00,3.210,0.00,0.000
2024-09-06T07:15:00,3.220,0.00,0.000
2024-09-06T07:00:00,3.220,0.00,0.000
2024-09-06T06:45:00,3.220,0.00,0.000
2024-09-06T06:30:00,3.220,0.00,0.000
2024-09-06T06:15:00,3.230,0.00,0.000
2024-09-06T06:00:00,3.230,0.00,0.000
2024-09-06T05:45:00,3.230,0.00,0.000
2024-09-06T05:30:00,3.230,0.00,0.000
2024-09-06T05:15:00,3.240,0.00,0.000
2024-09-06T05:00:00,3.240,0.00,0.000
2024-09-06T04:45:00,3.240,0.00,0.000
2024-09-06T04:30:00,3.240,0.00,0.000
2024-09-06T04:15:00,3.240,0.00,0.000
2024-09-06T04:00:00,3.250,0.00,0.000
2024-09-06T03:45:00,3.250,0.00,0.000
2024-09-06T03:30:00,3.250,0.00,0.000
2024-09-06T03:15:00,3.250,0.00,0.000
2024-09-06T03:00:00,3.260,0.00,0.000
2024-09-06T02:45:00,3.260,0.00,0.000
2024-09-06T02:30:00,3.260,0.00,0.000
2024-09-06T02:15:00,3.260,0.00,0.000
2024-09-06T02:00:00,3.270,0.00,0.000
2024-09-06T01:45:00,3.270,0.00,0.000
2024-09-06T01:30:00,3.270,0.00,0.000
2024-09-06T01:15:00,3.270,0.00,0.000
2024-09-06T01:00:00,3.280,0.00,0.000
2024-09-06T00:45:00,3.280,0.00,0.000
2024-09-06T00:30:00,3.280,0.00,0.000
2024-09-06T00:15:00,3.280,0.00,0.000
2024-09-06T00:00:00,3.280,0.00,0.000
2024-09-05T23:45:00,3.280,0.00,0.000
2024-09-05T23:30:00,3.280,0.00,0.000
2024-09-05T23:15:00,3.290,0.00,0.000
2024-09-05T23:00:00,3.290,0.00,0.000
2024-09-05T22:45:00,3.290,0.00,0.000
2024-09-05T22:30:00,3.290,0.00,0.000
2024-09-05T22:15:00,3.290,0.00,0.000
2024-09-05T22:00:00,3.290,0.00,0.000
2024-09-05T21:45:00,3.290,0.00,0.000
2024-09-05T21:30:00,3.300,0.00,0.000
2024-09-05T21:15:00,3.300,0.00,0.000
2024-09-05T21:00:00,3.300,0.00,0.000
2024-09-05T20:45:00,3.300,0.00,0.000
2024-09-05T20:30:00,3.300,21.30,0.000
2024-09-05T20:15:00,3.300,0.00,0.000
2024-09-05T20:00:00,3.300,0.00,0.000
2024-09-05T19:45:00,3.310,0.00,0.000
2024-09-05T19:30:00,3.310,0.00,0.000
2024-09-05T19:15:00,3.310,0.00,0.000
2024-09-05T19:00:00,3.310,63.80,0.000
2024-09-05T18:45:00,3.310,0.00,0.000
2024-09-05T18:30:00,3.310,0.00,0.000
2024-09-05T18:15:00,3.310,12.30,0.000
2024-09-05T18:00:00,3.310,15.40,0.000
2024-09-05T17:45:00,3.320,0.00,0.000
2024-09-05T17:30:00,3.320,0.00,0.000
2024-09-05T17:15:00,3.320,0.00,0.000
2024-09-05T17:00:00,3.320,0.00,0.000
2024-09-05T16:45:00,3.330,0.00,0.000
2024-09-05T16:30:00,3.330,0.00,0.000
2024-09-05T16:15:00,3.330,0.00,0.000
2024-09-05T16:00:00,3.330,0.00,0.000
2024-09-05T15:45:00,3.340,0.00,0.000
2024-09-05T15:30:00,3.340,0.00,0.000
2024-09-05T15:15:00,3.340,0.00,0.000
2024-09-05T15:00:00,3.340,0.00,0.000
2024-09-05T14:45:00,3.340,0.00,0.000
2024-09-05T14:30:00,3.340,0.00,0.000
2024-09-05T14:15:00,3.350,20.50,0.000
2024-09-05T14:00:00,3.350,0.00,0.000
2024-09-05T13:45:00,3.350,0.00,0.000
2024-09-05T13:30:00,3.350,0.00,0.000
2024-09-05T13:15:00,3.350,0.00,0.000
2024-09-05T13:00:00,3.350,0.00,0.000
2024-09-05T12:45:00,3.350,0.00,0.000
2024-09-05T12:30:00,3.350,0.00,0.000
2024-09-05T12:15:00,3.360,0.00,0.000
2024-09-05T12:00:00,3.350,0.00,0.000
2024-09-05T11:45:00,3.360,0.00,0.000
2024-09-05T11:30:00,3.360,0.00,0.000
2024-09-05T11:15:00,3.360,0.00,0.000
2024-09-05T11:00:00,3.360,0.00,0.000
2024-09-05T10:45:00,3.360,0.00,0.000
2024-09-05T10:30:00,3.360,0.00,0.000
2024-09-05T10:15:00,3.360,0.00,0.000
2024-09-05T10:00:00,3.360,0.00,0.000
2024-09-05T09:45:00,3.360,0.00,0.000
2024-09-05T09:30:00,3.360,0.00,0.000
2024-09-05T09:15:00,3.360,0.00,0.000
2024-09-05T09:00:00,3.360,0.00,0.000
2024-09-05T08:45:00,3.370,0.00,0.000
2024-09-05T08:30:00,3.360,0.00,0.000
2024-09-05T08:15:00,3.370,0.00,0.000
2024-09-05T08:00:00,3.370,0.00,0.000
2024-09-05T07:45:00,3.370,0.00,0.000
2024-09-05T07:30:00,3.370,0.00,0.000
2024-09-05T07:15:00,3.370,0.00,0.000
2024-09-05T07:00:00,3.370,0.00,0.000
2024-09-05T06:45:00,3.370,0.00,0.000
2024-09-05T06:30:00,3.370,0.00,0.000
2024-09-05T06:15:00,3.370,0.00,0.000
2024-09-05T06:00:00,3.370,0.00,0.000
2024-09-05T05:45:00,3.370,0.00,0.000
2024-09-05T05:30:00,3.370,0.00,0.000
2024-09-05T05:15:00,3.370,0.00,0.000
2024-09-05T05:00:00,3.370,0.00,0.000
2024-09-05T04:45:00,3.370,0.00,0.000
2024-09-05T04:30:00,3.370,0.00,0.000
2024-09-05T04:15:00,3.370,0.00,0.000
2024-09-05T04:00:00,3.370,0.00,0.000
2024-09-05T03:45:00,3.370,0.00,0.000
2024-09-05T03:30:00,3.370,0.00,0.000
2024-09-05T03:15:00,3.370,0.00,0.000
2024-09-05T03:00:00,3.370,0.00,0.000
2024-09-05T02:45:00,3.370,0.00,0.000
2024-09-05T02:30:00,3.370,0.00,0.000
2024-09-05T02:15:00,3.370,0.00,0.000
2024-09-05T02:00:00,3.370,0.00,0.000
2024-09-05T01:45:00,3.370,0.00,0.000
2024-09-05T01:30:00,3.370,0.00,0.000
2024-09-05T01:15:00,3.370,0.00,0.000
2024-09-05T01:00:00,3.370,0.00,0.000
2024-09-05T00:45:00,3.370,0.00,0.000
2024-09-05T00:30:00,3.360,0.00,0.000
2024-09-05T00:15:00,3.360,0.00,0.000
2024-09-05T00:00:00,3.360,0.00,0.000
2024-09-04T23:45:00,3.360,0.00,0.000
2024-09-04T23:30:00,3.360,0.00,0.000
2024-09-04T23:15:00,3.360,0.00,0.000
2024-09-04T23:00:00,3.360,12.60,0.000
2024-09-04T22:45:00,3.360,12.60,0.000
2024-09-04T22:30:00,3.350,12.60,0.000
2024-09-04T22:15:00,3.350,0.00,0.000
2024-09-04T22:00:00,3.350,0.00,0.000
2024-09-04T21:45:00,3.350,0.00,0.000
2024-09-04T21:30:00,3.350,0.00,0.000
2024-09-04T21:15:00,3.350,0.00,0.000
2024-09-04T21:00:00,3.340,0.00,0.000
2024-09-04T20:45:00,3.340,0.00,0.000
2024-09-04T20:30:00,3.340,0.00,0.000
2024-09-04T20:15:00,3.340,0.00,0.000
2024-09-04T20:00:00,3.340,0.00,0.000
2024-09-04T19:45:00,3.330,0.00,0.000
2024-09-04T19:30:00,3.330,0.00,0.000
2024-09-04T19:15:00,3.340,0.00,0.000
2024-09-04T19:00:00,3.340,0.00,0.000
2024-09-04T18:45:00,3.350,53.80,0.000
2024-09-04T18:30:00,3.340,0.00,0.000
2024-09-04T18:15:00,3.340,0.00,0.000
2024-09-04T18:00:00,3.330,0.00,0.000
2024-09-04T17:45:00,3.320,0.00,0.000
2024-09-04T17:30:00,3.320,0.00,0.000
2024-09-04T17:15:00,3.320,0.00,0.000
2024-09-04T17:00:00,3.310,0.00,0.000
2024-09-04T16:45:00,3.310,0.00,0.000
2024-09-04T16:30:00,3.300,0.00,0.000
2024-09-04T16:15:00,3.290,0.00,0.000
2024-09-04T16:00:00,3.290,0.00,0.000
2024-09-04T15:45:00,3.290,0.00,0.000
2024-09-04T15:30:00,3.290,0.00,0.000
2024-09-04T15:15:00,3.290,0.00,0.000
2024-09-04T15:00:00,3.290,0.00,0.000
2024-09-04T14:45:00,3.280,0.00,0.000
2024-09-04T14:30:00,3.280,0.00,0.000
2024-09-04T14:15:00,3.280,0.00,0.000
2024-09-04T14:00:00,3.280,0.00,0.000
2024-09-04T13:45:00,3.280,0.00,0.000
2024-09-04T13:30:00,3.280,0.00,0.000
2024-09-04T13:15:00,3.280,0.00,0.000
2024-09-04T13:00:00,3.280,0.00,0.000
2024-09-04T12:45:00,3.270,0.00,0.000
2024-09-04T12:30:00,3.270,0.00,0.000
2024-09-04T12:15:00,3.270,0.00,0.500
2024-09-04T12:00:00,3.270,0.00,0.000
2024-09-04T11:45:00,3.270,0.00,0.000
2024-09-04T11:30:00,3.270,0.00,0.000
2024-09-04T11:15:00,3.260,0.00,0.000
2024-09-04T11:00:00,3.260,0.00,0.000
2024-09-04T10:45:00,3.260,0.00,0.000
2024-09-04T10:30:00,3.260,0.00,0.000
2024-09-04T10:15:00,3.260,0.00,0.000
2024-09-04T10:00:00,3.250,0.00,0.000
2024-09-04T09:45:00,3.250,0.00,0.000
2024-09-04T09:30:00,3.240,0.00,0.000
2024-09-04T09:15:00,3.240,0.00,0.000
2024-09-04T09:00:00,3.240,0.00,0.000
2024-09-04T08:45:00,3.230,0.00,0.000
2024-09-04T08:30:00,3.230,0.00,0.000
2024-09-04T08:15:00,3.220,0.00,0.000
2024-09-04T08:00:00,3.220,0.00,0.000
2024-09-04T07:45:00,3.210,0.00,0.000
2024-09-04T07:30:00,3.210,0.00,0.000
2024-09-04T07:15:00,3.210,0.00,0.000
2024-09-04T07:00:00,3.200,0.00,0.000
2024-09-04T06:45:00,3.190,0.00,0.000
2024-09-04T06:30:00,3.190,14.70,0.000
2024-09-04T06:15:00,3.180,14.60,0.500
2024-09-04T06:00:00,3.180,0.00,0.000
2024-09-04T05:45:00,3.170,0.00,0.500
2024-09-04T05:30:00,3.170,14.00,1.000
2024-09-04T05:15:00,3.160,0.00,0.500
2024-09-04T05:00:00,3.160,0.00,0.500
2024-09-04T04:45:00,3.150,0.00,1.000
2024-09-04T04:30:00,3.150,0.00,1.000
2024-09-04T04:15:00,3.130,0.00,2.000
2024-09-04T04:00:00,3.130,0.00,1.500
2024-09-04T03:45:00,3.130,0.00,2.000
2024-09-04T03:30:00,3.120,0.00,0.500
2024-09-04T03:15:00,3.110,0.00,1.000
2024-09-04T03:00:00,3.100,0.00,1.500
2024-09-04T02:45:00,3.100,0.00,1.500
2024-09-04T02:30:00,3.090,0.00,0.500
2024-09-04T02:15:00,3.090,0.00,0.500
2024-09-04T02:00:00,3.080,0.00,1.000
2024-09-04T01:45:00,3.080,0.00,0.500
2024-09-04T01:30:00,3.070,15.50,3.000
2024-09-04T01:15:00,3.070,19.10,9.000
2024-09-04T01:00:00,3.060,20.10,17.000
2024-09-04T00:45:00,3.040,19.10,18.500
2024-09-04T00:30:00,3.040,18.90,3.500
2024-09-04T00:15:00,3.040,0.00,0.000
2024-09-04T00:00:00,3.040,0.00,0.500
2024-09-03T23:45:00,3.040,0.00,0.500
2024-09-03T23:30:00,3.040,0.00,0.000
2024-09-03T23:15:00,3.040,0.00,0.000
2024-09-03T23:00:00,3.030,0.00,1.000
2024-09-03T22:45:00,3.030,0.00,0.000
2024-09-03T22:30:00,3.030,0.00,0.000
2024-09-03T22:15:00,3.030,0.00,0.000
2024-09-03T22:00:00,3.030,0.00,0.000
2024-09-03T21:45:00,3.030,0.00,0.000
2024-09-03T21:30:00,3.030,0.00,0.000
2024-09-03T21:15:00,3.020,0.00,0.000
2024-09-03T21:00:00,3.020,0.00,0.000
2024-09-03T20:45:00,3.020,0.00,0.000
2024-09-03T20:30:00,3.020,0.00,0.000
2024-09-03T20:15:00,3.010,0.00,0.000
2024-09-03T20:00:00,3.010,10.30,1.000
2024-09-03T19:45:00,3.010,0.00,0.500
2024-09-03T19:30:00,3.010,0.00,1.500
2024-09-03T19:15:00,3.000,0.00,2.000
2024-09-03T19:00:00,3.000,0.00,0.000
2024-09-03T18:45:00,3.000,0.00,0.000
2024-09-03T18:30:00,3.000,0.00,0.000
2024-09-03T18:15:00,2.990,0.00,0.000
2024-09-03T18:00:00,2.990,0.00,0.000
2024-09-03T17:45:00,2.980,0.00,0.000
2024-09-03T17:30:00,2.980,0.00,0.000
2024-09-03T17:15:00,2.980,0.00,0.000
2024-09-03T17:00:00,2.970,0.00,0.000
2024-09-03T16:45:00,2.960,0.00,0.000
2024-09-03T16:30:00,2.960,0.00,0.000
2024-09-03T16:15:00,2.960,0.00,0.000
2024-09-03T16:00:00,2.950,0.00,0.000
2024-09-03T15:45:00,2.950,0.00,0.000
2024-09-03T15:30:00,2.940,0.00,0.000
2024-09-03T15:15:00,2.940,0.00,0.000
2024-09-03T15:00:00,2.930,11.10,0.000
2024-09-03T14:45:00,2.920,0.00,1.000
2024-09-03T14:30:00,2.920,16.30,0.000
2024-09-03T14:15:00,2.910,15.60,0.000
2024-09-03T14:00:00,2.900,0.00,0.000
2024-09-03T13:45:00,2.900,0.00,0.000
2024-09-03T13:30:00,2.890,14.00,0.000
2024-09-03T13:15:00,2.880,17.50,0.000
2024-09-03T13:00:00,2.880,12.60,0.000
2024-09-03T12:45:00,2.870,0.00,0.000
2024-09-03T12:30:00,2.860,0.00,0.000
2024-09-03T12:15:00,2.850,0.00,0.000
2024-09-03T12:00:00,2.840,16.40,0.000
2024-09-03T11:45:00,2.830,0.00,0.000
2024-09-03T11:30:00,2.820,0.00,0.000
2024-09-03T11:15:00,2.810,0.00,0.000
2024-09-03T11:00:00,2.790,0.00,0.000
2024-09-03T10:45:00,2.780,0.00,0.000
2024-09-03T10:30:00,2.770,0.00,0.000
2024-09-03T10:15:00,2.770,0.00,0.000
2024-09-03T10:00:00,2.760,0.00,0.000
2024-09-03T09:45:00,2.750,0.00,0.000
2024-09-03T09:30:00,2.740,0.00,0.000
2024-09-03T09:15:00,2.730,0.00,0.000
2024-09-03T09:00:00,2.720,0.00,0.000
2024-09-03T08:45:00,2.710,0.00,0.000
2024-09-03T08:30:00,2.690,0.00,0.000
2024-09-03T08:15:00,2.680,11.40,1.000
2024-09-03T08:00:00,2.660,0.00,5.500
2024-09-03T07:45:00,2.640,13.60,10.500
2024-09-03T07:30:00,2.640,12.70,1.500
2024-09-03T07:15:00,2.630,12.80,5.000
2024-09-03T07:00:00,2.620,13.40,2.500
2024-09-03T06:45:00,2.610,13.20,1.000
2024-09-03T06:30:00,2.600,10.40,3.500
2024-09-03T06:15:00,2.590,12.90,1.000
2024-09-03T06:00:00,2.590,10.80,1.000
2024-09-03T05:45:00,2.590,12.10,0.000
2024-09-03T05:30:00,2.590,0.00,0.000
2024-09-03T05:15:00,2.590,11.50,0.000
2024-09-03T05:00:00,2.590,0.00,0.500
2024-09-03T04:45:00,2.590,11.30,0.000
2024-09-03T04:30:00,2.580,0.00,0.000
2024-09-03T04:15:00,2.580,0.00,0.000
2024-09-03T04:00:00,2.580,0.00,0.000
2024-09-03T03:45:00,2.580,0.00,0.000
2024-09-03T03:30:00,2.580,0.00,0.000
2024-09-03T03:15:00,2.580,0.00,0.500
2024-09-03T03:00:00,2.580,11.20,0.000
2024-09-03T02:45:00,2.570,0.00,0.000
2024-09-03T02:30:00,2.570,11.20,0.000
2024-09-03T02:15:00,2.570,0.00,0.000
2024-09-03T02:00:00,2.570,0.00,0.000
2024-09-03T01:45:00,2.570,0.00,0.000
2024-09-03T01:30:00,2.560,0.00,0.000
2024-09-03T01:15:00,2.560,0.00,0.000
2024-09-03T01:00:00,2.560,0.00,0.000
2024-09-03T00:45:00,2.560,0.00,0.000
2024-09-03T00:30:00,2.550,0.00,0.000
2024-09-03T00:15:00,2.550,0.00,0.000
2024-09-03T00:00:00,2.550,0.00,0.000
2024-09-02T23:45:00,2.540,0.00,0.000
2024-09-02T23:30:00,2.540,0.00,0.000
2024-09-02T23:15:00,2.540,0.00,0.000
2024-09-02T23:00:00,2.530,0.00,0.000
2024-09-02T22:45:00,2.530,0.00,0.000
2024-09-02T22:30:00,2.530,0.00,0.000
2024-09-02T22:15:00,2.520,10.70,1.000
2024-09-02T22:00:00,2.510,12.10,2.000
2024-09-02T21:45:00,2.510,11.30,1.000
2024-09-02T21:30:00,2.500,11.60,1.500
2024-09-02T21:15:00,2.510,0.00,0.000
2024-09-02T21:00:00,2.510,10.00,8.500
2024-09-02T20:45:00,2.460,79.90,30.000
2024-09-02T20:30:00,2.440,88.20,2.000
2024-09-02T20:15:00,2.440,0.00,4.000
2024-09-02T20:00:00,2.440,0.00,0.000
2024-09-02T19:45:00,2.440,0.00,0.000
2024-09-02T19:30:00,2.440,0.00,0.000
2024-09-02T19:15:00,2.440,0.00,0.000
2024-09-02T19:00:00,2.440,0.00,0.000
2024-09-02T18:45:00,2.440,0.00,0.000
2024-09-02T18:30:00,2.440,0.00,0.000
2024-09-02T18:15:00,2.440,0.00,0.000
2024-09-02T18:00:00,2.440,0.00,0.000
2024-09-02T17:45:00,2.440,0.00,0.000
2024-09-02T17:30:00,2.440,0.00,0.000
2024-09-02T17:15:00,2.440,0.00,0.000
2024-09-02T17:00:00,2.440,0.00,0.000
2024-09-02T16:45:00,2.430,0.00,0.000
2024-09-02T16:30:00,2.440,0.00,0.000
2024-09-02T16:15:00,2.440,0.00,0.000
2024-09-02T16:00:00,2.440,0.00,0.000
2024-09-02T15:45:00,2.440,0.00,0.000
2024-09-02T15:30:00,2.440,0.00,0.000
2024-09-02T15:15:00,2.440,0.00,0.000
2024-09-02T15:00:00,2.440,0.00,0.000
2024-09-02T14:45:00,2.440,0.00,0.000
2024-09-02T14:30:00,2.450,10.00,0.000
2024-09-02T14:15:00,2.450,11.60,0.000
2024-09-02T14:00:00,2.450,0.00,0.000
2024-09-02T13:45:00,2.450,0.00,0.000
2024-09-02T13:30:00,2.450,0.00,0.000
2024-09-02T13:15:00,2.450,0.00,0.000
2024-09-02T13:00:00,2.450,0.00,0.000
2024-09-02T12:45:00,2.450,0.00,0.000
2024-09-02T12:30:00,2.450,0.00,0.000
2024-09-02T12:15:00,2.460,0.00,0.000
2024-09-02T12:00:00,2.460,0.00,0.000
2024-09-02T11:45:00,2.450,0.00,0.000
2024-09-02T11:30:00,2.450,0.00,0.000
2024-09-02T11:15:00,2.460,0.00,0.000
2024-09-02T11:00:00,2.450,0.00,0.000
2024-09-02T10:45:00,2.450,0.00,0.000
2024-09-02T10:30:00,2.450,0.00,0.000
2024-09-02T10:15:00,2.460,0.00,0.000
2024-09-02T10:00:00,2.460,0.00,0.000
2024-09-02T09:45:00,2.460,0.00,0.000
2024-09-02T09:30:00,2.460,0.00,0.000
2024-09-02T09:15:00,2.460,0.00,0.000
2024-09-02T09:00:00,2.460,0.00,0.000
2024-09-02T08:45:00,2.460,0.00,0.000
2024-09-02T08:30:00,2.460,0.00,0.000
2024-09-02T08:15:00,2.470,9.90,0.000
2024-09-02T08:00:00,2.470,0.00,0.000
2024-09-02T07:45:00,2.470,9.90,0.000
2024-09-02T07:30:00,2.470,0.00,0.000
2024-09-02T07:15:00,2.470,0.00,0.000
2024-09-02T07:00:00,2.470,9.60,0.000
2024-09-02T06:45:00,2.470,9.50,0.000
2024-09-02T06:30:00,2.470,0.00,0.000
2024-09-02T06:15:00,2.480,0.00,0.000
2024-09-02T06:00:00,2.480,0.00,0.000
2024-09-02T05:45:00,2.480,0.00,0.000
2024-09-02T05:30:00,2.480,0.00,0.000
2024-09-02T05:15:00,2.480,0.00,0.000
2024-09-02T05:00:00,2.480,0.00,0.000
2024-09-02T04:45:00,2.480,0.00,0.000
2024-09-02T04:30:00,2.480,0.00,0.000
2024-09-02T04:15:00,2.480,0.00,0.000
2024-09-02T04:00:00,2.480,0.00,0.000
2024-09-02T03:45:00,2.480,0.00,0.000
2024-09-02T03:30:00,2.480,0.00,0.000
2024-09-02T03:15:00,2.480,0.00,0.000
2024-09-02T03:00:00,2.480,0.00,0.000
2024-09-02T02:45:00,2.480,0.00,0.000
2024-09-02T02:30:00,2.480,0.00,0.000
2024-09-02T02:15:00,2.480,0.00,0.000
2024-09-02T02:00:00,2.480,0.00,0.000
2024-09-02T01:45:00,2.480,0.00,0.000
2024-09-02T01:30:00,2.490,0.00,0.000
2024-09-02T01:15:00,2.490,0.00,0.000
2024-09-02T01:00:00,2.490,0.00,0.000
2024-09-02T00:45:00,2.490,0.00,0.000
2024-09-02T00:30:00,2.490,0.00,0.000
2024-09-02T00:15:00,2.490,7.80,0.500
2024-09-02T00:00:00,2.490,0.00,1.000
2024-09-15T23:45:00,3.510,0.00,0.000
2024-09-15T23:30:00,3.510,0.00,0.000
2024-09-15T23:15:00,3.510,0.00,0.000
2024-09-15T23:00:00,3.520,0.00,0.000
2024-09-15T22:45:00,3.520,0.00,0.000
2024-09-15T22:30:00,3.520,13.70,0.000
2024-09-15T22:15:00,3.520,0.00,1.000
2024-09-15T22:00:00,3.520,0.00,0.500
2024-09-15T21:45:00,3.520,0.00,1.000
2024-09-15T21:30:00,3.520,0.00,0.000
2024-09-15T21:15:00,3.520,13.80,0.000
2024-09-15T21:00:00,3.530,0.00,0.000
2024-09-15T20:45:00,3.530,0.00,0.000
2024-09-15T20:30:00,3.530,0.00,0.000
2024-09-15T20:15:00,3.530,0.00,0.000
2024-09-15T20:00:00,3.530,0.00,0.000
2024-09-15T19:45:00,3.540,0.00,0.500
2024-09-15T19:30:00,3.540,0.00,1.000
2024-09-15T19:15:00,3.540,0.00,0.000
2024-09-15T19:00:00,3.530,0.00,0.000
2024-09-15T18:45:00,3.540,51.50,0.000
2024-09-15T18:30:00,3.540,0.00,0.000
2024-09-15T18:15:00,3.540,0.00,0.000
2024-09-15T18:00:00,3.540,0.00,0.000
2024-09-15T17:45:00,3.550,0.00,0.000
2024-09-15T17:30:00,3.550,0.00,0.000
2024-09-15T17:15:00,3.550,0.00,0.000
2024-09-15T17:00:00,3.550,0.00,0.000
2024-09-15T16:45:00,3.550,0.00,0.000
2024-09-15T16:30:00,3.560,0.00,0.000
2024-09-15T16:15:00,3.560,0.00,0.000
2024-09-15T16:00:00,3.560,0.00,0.000
2024-09-15T15:45:00,3.560,0.00,0.000
2024-09-15T15:30:00,3.560,0.00,0.000
2024-09-15T15:15:00,3.560,0.00,0.000
2024-09-15T15:00:00,3.560,0.00,0.000
2024-09-15T14:45:00,3.560,0.00,0.000
2024-09-15T14:30:00,3.560,0.00,0.000
2024-09-15T14:15:00,3.560,0.00,0.000
2024-09-15T14:00:00,3.560,0.00,0.000
2024-09-15T13:45:00,3.570,0.00,0.000
2024-09-15T13:30:00,3.560,0.00,0.000
2024-09-15T13:15:00,3.570,0.00,0.000
2024-09-15T13:00:00,3.570,0.00,0.000
2024-09-15T12:45:00,3.570,0.00,0.000
2024-09-15T12:30:00,3.570,0.00,0.000
2024-09-15T12:15:00,3.570,0.00,0.000
2024-09-15T12:00:00,3.570,0.00,0.000
2024-09-15T11:45:00,3.570,25.20,0.000
2024-09-15T11:30:00,3.570,0.00,0.000
2024-09-15T11:15:00,3.570,0.00,0.000
2024-09-15T11:00:00,3.570,0.00,0.000
2024-09-15T10:45:00,3.570,19.80,0.000
2024-09-15T10:30:00,3.580,23.00,0.000
2024-09-15T10:15:00,3.570,0.00,0.000
2024-09-15T10:00:00,3.580,0.00,0.000
2024-09-15T09:45:00,3.580,0.00,0.000
2024-09-15T09:30:00,3.580,0.00,0.000
2024-09-15T09:15:00,3.580,0.00,0.000
2024-09-15T09:00:00,3.580,0.00,0.000
2024-09-15T08:45:00,3.580,0.00,0.000
2024-09-15T08:30:00,3.580,0.00,0.000
2024-09-15T08:15:00,3.580,0.00,0.000
2024-09-15T08:00:00,3.580,0.00,0.500
2024-09-15T07:45:00,3.580,0.00,0.000
2024-09-15T07:30:00,3.580,0.00,0.000
2024-09-15T07:15:00,3.580,0.00,0.000
2024-09-15T07:00:00,3.580,0.00,0.000
2024-09-15T06:45:00,3.580,0.00,0.000
2024-09-15T06:30:00,3.580,0.00,0.000
2024-09-15T06:15:00,3.580,0.00,0.000
2024-09-15T06:00:00,3.580,0.00,0.000
2024-09-15T05:45:00,3.580,0.00,0.000
2024-09-15T05:30:00,3.580,0.00,0.000
2024-09-15T05:15:00,3.580,0.00,0.000
2024-09-15T05:00:00,3.580,0.00,0.000
2024-09-15T04:45:00,3.580,0.00,0.000
2024-09-15T04:30:00,3.580,0.00,0.000
2024-09-15T04:15:00,3.580,0.00,0.000
2024-09-15T04:00:00,3.570,0.00,0.000
2024-09-15T03:45:00,3.580,0.00,0.000
2024-09-15T03:30:00,3.570,0.00,0.000
2024-09-15T03:15:00,3.570,0.00,0.000
2024-09-15T03:00:00,3.570,0.00,0.000
2024-09-15T02:45:00,3.570,0.00,0.000
2024-09-15T02:30:00,3.570,0.00,0.000
2024-09-15T02:15:00,3.570,0.00,0.000
2024-09-15T02:00:00,3.570,0.00,0.000
2024-09-15T01:45:00,3.570,0.00,0.000
2024-09-15T01:30:00,3.570,0.00,0.000
2024-09-15T01:15:00,3.560,0.00,0.000
2024-09-15T01:00:00,3.560,0.00,0.000
2024-09-15T00:45:00,3.560,0.00,0.000
2024-09-15T00:30:00,3.560,0.00,0.000
2024-09-15T00:15:00,3.560,0.00,0.000
2024-09-15T00:00:00,3.560,0.00,0.000
2024-09-14T23:45:00,3.550,0.00,0.000
2024-09-14T23:30:00,3.550,0.00,0.500
2024-09-14T23:15:00,3.550,0.00,0.000
2024-09-14T23:00:00,3.550,0.00,0.000
2024-09-14T22:45:00,3.550,0.00,0.000
2024-09-14T22:30:00,3.550,0.00,0.000
2024-09-14T22:15:00,3.540,0.00,0.000
2024-09-14T22:00:00,3.540,0.00,0.000
2024-09-14T21:45:00,3.540,0.00,0.000
2024-09-14T21:30:00,3.540,0.00,0.000
2024-09-14T21:15:00,3.540,0.00,0.000
2024-09-14T21:00:00,3.530,0.00,0.000
2024-09-14T20:45:00,3.530,0.00,0.000
2024-09-14T20:30:00,3.520,0.00,0.000
2024-09-14T20:15:00,3.520,0.00,0.000
2024-09-14T20:00:00,3.520,0.00,0.000
2024-09-14T19:45:00,3.520,0.00,0.000
2024-09-14T19:30:00,3.520,0.00,0.000
2024-09-14T19:15:00,3.510,0.00,0.000
2024-09-14T19:00:00,3.510,0.00,0.000
2024-09-14T18:45:00,3.510,0.00,0.000
2024-09-14T18:30:00,3.500,0.00,0.000
2024-09-14T18:15:00,3.490,18.20,0.000
2024-09-14T18:00:00,3.490,14.90,0.000
2024-09-14T17:45:00,3.490,16.90,0.000
2024-09-14T17:30:00,3.480,20.60,0.000
2024-09-14T17:15:00,3.480,0.00,0.000
2024-09-14T17:00:00,3.480,0.00,0.000
2024-09-14T16:45:00,3.480,0.00,0.000
2024-09-14T16:30:00,3.470,0.00,0.000
2024-09-14T16:15:00,3.470,0.00,0.000
2024-09-14T16:00:00,3.460,0.00,0.000
2024-09-14T15:45:00,3.460,0.00,0.000
2024-09-14T15:30:00,3.450,0.00,0.000
2024-09-14T15:15:00,3.450,13.20,2.500
2024-09-14T15:00:00,3.440,0.00,0.000
2024-09-14T14:45:00,3.430,0.00,0.000
2024-09-14T14:30:00,3.430,0.00,0.000
2024-09-14T14:15:00,3.420,0.00,0.000
2024-09-14T14:00:00,3.420,0.00,0.000
2024-09-14T13:45:00,3.420,0.00,0.000
2024-09-14T13:30:00,3.410,0.00,0.000
2024-09-14T13:15:00,3.410,0.00,0.000
2024-09-14T13:00:00,3.400,0.00,0.000
2024-09-14T12:45:00,3.390,0.00,0.000
2024-09-14T12:30:00,3.390,0.00,0.000
2024-09-14T12:15:00,3.390,0.00,0.000
2024-09-14T12:00:00,3.380,0.00,0.000
2024-09-14T11:45:00,3.380,0.00,0.000
2024-09-14T11:30:00,3.370,0.00,0.000
2024-09-14T11:15:00,3.370,0.00,0.000
2024-09-14T11:00:00,3.370,0.00,0.000
2024-09-14T10:45:00,3.370,0.00,0.000
2024-09-14T10:30:00,3.370,0.00,0.000
2024-09-14T10:15:00,3.370,0.00,0.000
2024-09-14T10:00:00,3.390,0.00,0.000
2024-09-14T09:45:00,3.390,0.00,0.000
2024-09-14T09:30:00,3.380,0.00,0.000
2024-09-14T09:15:00,3.370,0.00,0.000
2024-09-14T09:00:00,3.360,0.00,0.000
2024-09-14T08:45:00,3.350,0.00,0.000
2024-09-14T08:30:00,3.340,0.00,0.000
2024-09-14T08:15:00,3.330,0.00,0.000
2024-09-14T08:00:00,3.320,0.00,0.000
2024-09-14T07:45:00,3.300,0.00,0.000
2024-09-14T07:30:00,3.290,0.00,0.000
2024-09-14T07:15:00,3.270,0.00,0.000
2024-09-14T07:00:00,3.250,0.00,0.000
2024-09-14T06:45:00,3.230,0.00,0.000
2024-09-14T06:30:00,3.220,0.00,0.000
2024-09-14T06:15:00,3.210,0.00,0.000
2024-09-14T06:00:00,3.200,0.00,0.000
2024-09-14T05:45:00,3.190,0.00,0.000
2024-09-14T05:30:00,3.170,0.00,0.000
2024-09-14T05:15:00,3.160,0.00,0.000
2024-09-14T05:00:00,3.140,0.00,0.000
2024-09-14T04:45:00,3.130,0.00,0.000
2024-09-14T04:30:00,3.120,0.00,0.000
2024-09-14T04:15:00,3.100,0.00,0.000
2024-09-14T04:00:00,3.080,0.00,0.000
2024-09-14T03:45:00,3.070,0.00,0.000
2024-09-14T03:30:00,3.050,15.40,0.000
2024-09-14T03:15:00,3.040,14.90,0.000
2024-09-14T03:00:00,3.020,14.30,0.000
2024-09-14T02:45:00,3.000,14.00,0.500
2024-09-14T02:30:00,2.980,14.30,0.000
2024-09-14T02:15:00,2.960,15.60,0.500
2024-09-14T02:00:00,2.940,14.00,0.500
2024-09-14T01:45:00,2.920,15.80,1.000
2024-09-14T01:30:00,2.890,16.30,2.000
2024-09-14T01:15:00,2.870,15.90,1.000
2024-09-14T01:00:00,2.850,15.00,0.500
2024-09-14T00:45:00,2.830,14.50,1.000
2024-09-14T00:30:00,2.810,13.70,1.000
2024-09-14T00:15:00,2.790,14.20,1.000
2024-09-14T00:00:00,2.790,13.70,1.500
2024-09-13T23:45:00,2.790,13.90,5.500
2024-09-13T23:30:00,2.770,0.00,7.000
2024-09-13T23:15:00,2.760,0.00,24.500
2024-09-13T23:00:00,2.650,0.00,13.500
2024-09-13T22:45:00,2.610,0.00,6.500
2024-09-13T22:30:00,2.610,0.00,3.500
2024-09-13T22:15:00,2.600,9.10,0.000
2024-09-13T22:00:00,2.590,0.00,0.000
2024-09-13T21:45:00,2.590,9.70,0.500
2024-09-13T21:30:00,2.590,10.00,0.500
2024-09-13T21:15:00,2.590,11.60,1.000
2024-09-13T21:00:00,2.590,10.70,0.000
2024-09-13T20:45:00,2.580,10.00,0.000
2024-09-13T20:30:00,2.580,0.00,0.000
2024-09-13T20:15:00,2.580,0.00,0.000
2024-09-13T20:00:00,2.580,0.00,0.000
2024-09-13T19:45:00,2.570,0.00,0.000
2024-09-13T19:30:00,2.570,0.00,0.000
2024-09-13T19:15:00,2.570,0.00,0.000
2024-09-13T19:00:00,2.560,0.00,0.000
2024-09-13T18:45:00,2.560,0.00,0.000
2024-09-13T18:30:00,2.560,0.00,0.000
2024-09-13T18:15:00,2.550,0.00,0.000
2024-09-13T18:00:00,2.550,0.00,0.000
2024-09-13T17:45:00,2.550,0.00,0.000
2024-09-13T17:30:00,2.550,0.00,0.000
2024-09-13T17:15:00,2.550,0.00,0.000
2024-09-13T17:00:00,2.550,0.00,0.000
2024-09-13T16:45:00,2.550,0.00,0.000
2024-09-13T16:30:00,2.540,0.00,0.000
2024-09-13T16:15:00,2.550,0.00,0.000
2024-09-13T16:00:00,2.540,0.00,0.000
2024-09-13T15:45:00,2.550,0.00,0.000
2024-09-13T15:30:00,2.540,0.00,0.000
2024-09-13T15:15:00,2.550,0.00,0.000
2024-09-13T15:00:00,2.540,0.00,0.000
2024-09-13T14:45:00,2.540,0.00,0.000
2024-09-13T14:30:00,2.550,0.00,0.000
2024-09-13T14:15:00,2.550,0.00,0.000
2024-09-13T14:00:00,2.550,0.00,0.000
2024-09-13T13:45:00,2.550,0.00,0.000
2024-09-13T13:30:00,2.550,0.00,0.000
2024-09-13T13:15:00,2.550,0.00,0.000
2024-09-13T13:00:00,2.550,0.00,0.000
2024-09-13T12:45:00,2.550,12.70,0.000
2024-09-13T12:30:00,2.550,0.00,0.000
2024-09-13T12:15:00,2.550,0.00,0.000
2024-09-13T12:00:00,2.550,0.00,0.000
2024-09-13T11:45:00,2.550,0.00,0.000
2024-09-13T11:30:00,2.550,0.00,0.000
2024-09-13T11:15:00,2.550,0.00,0.000
2024-09-13T11:00:00,2.550,0.00,0.000
2024-09-13T10:45:00,2.550,0.00,0.000
2024-09-13T10:30:00,2.550,0.00,0.000
2024-09-13T10:15:00,2.560,0.00,0.000
2024-09-13T10:00:00,2.560,0.00,0.000
2024-09-13T09:45:00,2.560,0.00,0.000
2024-09-13T09:30:00,2.560,0.00,0.000
2024-09-13T09:15:00,2.560,0.00,0.000
2024-09-13T09:00:00,2.560,0.00,0.000
2024-09-13T08:45:00,2.560,0.00,0.000
2024-09-13T08:30:00,2.560,0.00,0.000
2024-09-13T08:15:00,2.560,0.00,0.000
2024-09-13T08:00:00,2.560,0.00,0.000
2024-09-13T07:45:00,2.560,0.00,0.000
2024-09-13T07:30:00,2.560,0.00,0.000
2024-09-13T07:15:00,2.570,0.00,0.000
2024-09-13T07:00:00,2.570,0.00,0.000
2024-09-13T06:45:00,2.570,0.00,0.000
2024-09-13T06:30:00,2.570,0.00,0.000
2024-09-13T06:15:00,2.570,0.00,0.000
2024-09-13T06:00:00,2.570,0.00,0.000
2024-09-13T05:45:00,2.570,0.00,0.000
2024-09-13T05:30:00,2.570,0.00,0.000
2024-09-13T05:15:00,2.570,0.00,0.000
2024-09-13T05:00:00,2.570,0.00,0.000
2024-09-13T04:45:00,2.570,0.00,0.000
2024-09-13T04:30:00,2.570,0.00,0.000
2024-09-13T04:15:00,2.570,0.00,0.000
2024-09-13T04:00:00,2.570,0.00,0.000
2024-09-13T03:45:00,2.570,0.00,0.000
2024-09-13T03:30:00,2.570,0.00,0.000
2024-09-13T03:15:00,2.570,0.00,0.000
2024-09-13T03:00:00,2.570,0.00,0.000
2024-09-13T02:45:00,2.570,0.00,0.000
2024-09-13T02:30:00,2.570,0.00,0.000
2024-09-13T02:15:00,2.570,0.00,0.000
2024-09-13T02:00:00,2.570,0.00,0.000
2024-09-13T01:45:00,2.570,0.00,0.000
2024-09-13T01:30:00,2.570,0.00,0.000
2024-09-13T01:15:00,2.570,10.70,0.000
2024-09-13T01:00:00,2.570,10.80,0.500
2024-09-13T00:45:00,2.570,0.00,0.000
2024-09-13T00:30:00,2.570,10.90,0.000
2024-09-13T00:15:00,2.560,10.10,0.000
2024-09-13T00:00:00,2.560,10.90,0.500
2024-09-12T23:45:00,2.560,11.70,0.500
2024-09-12T23:30:00,2.560,9.90,0.500
2024-09-12T23:15:00,2.560,10.20,0.500
2024-09-12T23:00:00,2.560,11.80,0.000
2024-09-12T22:45:00,2.550,11.90,1.000
2024-09-12T22:30:00,2.550,10.40,0.500
2024-09-12T22:15:00,2.550,12.00,0.500
2024-09-12T22:00:00,2.550,12.10,0.500
2024-09-12T21:45:00,2.550,10.10,0.000
2024-09-12T21:30:00,2.540,9.40,0.000
2024-09-12T21:15:00,2.550,11.30,1.000
2024-09-12T21:00:00,2.550,0.00,0.000
2024-09-12T20:45:00,2.550,0.00,0.000
2024-09-12T20:30:00,2.550,0.00,0.000
2024-09-12T20:15:00,2.550,0.00,0.000
2024-09-12T20:00:00,2.560,0.00,0.500
2024-09-12T19:45:00,2.530,11.40,0.000
2024-09-12T19:30:00,2.530,13.80,0.000
2024-09-12T19:15:00,2.530,0.00,0.000
2024-09-12T19:00:00,2.530,0.00,0.000
2024-09-12T18:45:00,2.530,0.00,0.000
2024-09-12T18:30:00,2.530,0.00,0.000
2024-09-12T18:15:00,2.530,0.00,0.000
2024-09-12T18:00:00,2.530,0.00,0.000
2024-09-12T17:45:00,2.530,0.00,0.000
2024-09-12T17:30:00,2.530,0.00,0.000
2024-09-12T17:15:00,2.530,0.00,0.000
2024-09-12T17:00:00,2.530,0.00,0.000
2024-09-12T16:45:00,2.530,0.00,0.000
2024-09-12T16:30:00,2.530,0.00,0.000
2024-09-12T16:15:00,2.540,0.00,0.000
2024-09-12T16:00:00,2.540,0.00,0.000
2024-09-12T15:45:00,2.540,0.00,0.000
2024-09-12T15:30:00,2.540,0.00,0.000
2024-09-12T15:15:00,2.540,0.00,0.000
2024-09-12T15:00:00,2.550,0.00,0.000
2024-09-12T14:45:00,2.550,0.00,0.000
2024-09-12T14:30:00,2.540,0.00,0.000
2024-09-12T14:15:00,2.550,0.00,0.000
2024-09-12T14:00:00,2.550,0.00,0.000
2024-09-12T13:45:00,2.550,10.90,0.000
2024-09-12T13:30:00,2.550,0.00,0.000
2024-09-12T13:15:00,2.550,0.00,0.000
2024-09-12T13:00:00,2.560,0.00,0.000
2024-09-12T12:45:00,2.550,0.00,0.000
2024-09-12T12:30:00,2.560,0.00,0.000
2024-09-12T12:15:00,2.560,0.00,0.000
2024-09-12T12:00:00,2.560,0.00,0.000
2024-09-12T11:45:00,2.560,0.00,0.000
2024-09-12T11:30:00,2.560,0.00,0.000
2024-09-12T11:15:00,2.560,0.00,0.000
2024-09-12T11:00:00,2.560,0.00,0.000
2024-09-12T10:45:00,2.570,0.00,0.000
2024-09-12T10:30:00,2.570,0.00,0.000
2024-09-12T10:15:00,2.570,0.00,0.000
2024-09-12T10:00:00,2.570,0.00,0.000
2024-09-12T09:45:00,2.580,0.00,0.000
2024-09-12T09:30:00,2.580,0.00,0.000
2024-09-12T09:15:00,2.580,0.00,0.000
2024-09-12T09:00:00,2.580,0.00,0.000
2024-09-12T08:45:00,2.580,0.00,0.000
2024-09-12T08:30:00,2.580,0.00,0.000
2024-09-12T08:15:00,2.580,0.00,0.000
2024-09-12T08:00:00,2.580,0.00,0.000
2024-09-12T07:45:00,2.580,0.00,0.000
2024-09-12T07:30:00,2.580,0.00,0.000
2024-09-12T07:15:00,2.580,0.00,0.000
2024-09-12T07:00:00,2.580,0.00,0.000
2024-09-12T06:45:00,2.580,0.00,0.000
2024-09-12T06:30:00,2.580,0.00,0.000
2024-09-12T06:15:00,2.590,0.00,0.000
2024-09-12T06:00:00,2.590,0.00,0.000
2024-09-12T05:45:00,2.580,0.00,0.000
2024-09-12T05:30:00,2.580,0.00,0.000
2024-09-12T05:15:00,2.580,0.00,0.000
2024-09-12T05:00:00,2.580,0.00,0.000
2024-09-12T04:45:00,2.580,0.00,0.000
2024-09-12T04:30:00,2.580,0.00,0.000
2024-09-12T04:15:00,2.580,0.00,0.000
2024-09-12T04:00:00,2.580,0.00,0.000
2024-09-12T03:45:00,2.580,0.00,0.000
2024-09-12T03:30:00,2.580,0.00,0.000
2024-09-12T03:15:00,2.580,11.00,0.000
2024-09-12T03:00:00,2.580,10.90,0.000
2024-09-12T02:45:00,2.580,0.00,0.000
2024-09-12T02:30:00,2.580,0.00,0.000
2024-09-12T02:15:00,2.580,0.00,0.000
2024-09-12T02:00:00,2.580,0.00,0.000
2024-09-12T01:45:00,2.580,0.00,0.000
2024-09-12T01:30:00,2.570,0.00,0.000
2024-09-12T01:15:00,2.570,0.00,0.000
2024-09-12T01:00:00,2.570,0.00,0.000
2024-09-12T00:45:00,2.570,0.00,0.000
2024-09-12T00:30:00,2.570,0.00,0.000
2024-09-12T00:15:00,2.570,0.00,0.000
2024-09-12T00:00:00,2.570,0.00,0.000
2024-09-11T23:45:00,2.570,0.00,0.000
2024-09-11T23:30:00,2.570,0.00,0.000
2024-09-11T23:15:00,2.560,0.00,0.000
2024-09-11T23:00:00,2.560,0.00,0.000
2024-09-11T22:45:00,2.560,0.00,0.000
2024-09-11T22:30:00,2.560,0.00,0.000
2024-09-11T22:15:00,2.560,0.00,0.000
2024-09-11T22:00:00,2.550,0.00,0.000
2024-09-11T21:45:00,2.550,0.00,0.000
2024-09-11T21:30:00,2.550,0.00,0.000
2024-09-11T21:15:00,2.550,0.00,0.000
2024-09-11T21:00:00,2.550,0.00,0.000
2024-09-11T20:45:00,2.550,0.00,0.000
2024-09-11T20:30:00,2.550,0.00,0.000
2024-09-11T20:15:00,2.550,0.00,0.000
2024-09-11T20:00:00,2.550,0.00,0.000
2024-09-11T19:45:00,2.550,0.00,0.000
2024-09-11T19:30:00,2.550,7.40,0.000
2024-09-11T19:15:00,2.550,11.70,0.000
2024-09-11T19:00:00,2.550,8.00,0.000
2024-09-11T18:45:00,2.540,0.00,0.000
2024-09-11T18:30:00,2.540,0.00,0.000
2024-09-11T18:15:00,2.540,0.00,0.000
2024-09-11T18:00:00,2.530,0.00,0.000
2024-09-11T17:45:00,2.540,0.00,0.000
2024-09-11T17:30:00,2.540,0.00,0.000
2024-09-11T17:15:00,2.530,12.10,0.000
2024-09-11T17:00:00,2.540,0.00,0.000
2024-09-11T16:45:00,2.540,0.00,0.000
2024-09-11T16:30:00,2.540,0.00,0.000
2024-09-11T16:15:00,2.540,0.00,0.000
2024-09-11T16:00:00,2.530,0.00,0.000
2024-09-11T15:45:00,2.540,0.00,0.000
2024-09-11T15:30:00,2.530,0.00,0.000
2024-09-11T15:15:00,2.540,0.00,0.000
2024-09-11T15:00:00,2.530,0.00,0.000
2024-09-11T14:45:00,2.530,0.00,0.000
2024-09-11T14:30:00,2.530,0.00,0.000
2024-09-11T14:15:00,2.530,0.00,0.000
2024-09-11T14:00:00,2.530,0.00,0.000
2024-09-11T13:45:00,2.530,0.00,0.000
2024-09-11T13:30:00,2.530,0.00,0.000
2024-09-11T13:15:00,2.530,0.00,0.000
2024-09-11T13:00:00,2.530,0.00,0.000
2024-09-11T12:45:00,2.530,0.00,0.000
2024-09-11T12:30:00,2.530,0.00,0.000
2024-09-11T12:15:00,2.530,0.00,0.000
2024-09-11T12:00:00,2.530,0.00,0.000
2024-09-11T11:45:00,2.530,0.00,0.000
2024-09-11T11:30:00,2.530,0.00,0.000
2024-09-11T11:15:00,2.530,0.00,0.000
2024-09-11T11:00:00,2.530,0.00,0.000
2024-09-11T10:45:00,2.530,0.00,0.000
2024-09-11T10:30:00,2.530,0.00,0.000
2024-09-11T10:15:00,2.530,0.00,0.000
2024-09-11T10:00:00,2.530,0.00,0.000
2024-09-11T09:45:00,2.530,0.00,0.000
2024-09-11T09:30:00,2.530,0.00,0.000
2024-09-11T09:15:00,2.530,0.00,0.000
2024-09-11T09:00:00,2.530,0.00,0.000
2024-09-11T08:45:00,2.530,0.00,0.000
2024-09-11T08:30:00,2.530,0.00,0.000
2024-09-11T08:15:00,2.530,0.00,0.000
2024-09-11T08:00:00,2.530,0.00,0.000
2024-09-11T07:45:00,2.530,0.00,0.000
2024-09-11T07:30:00,2.520,0.00,0.000
2024-09-11T07:15:00,2.520,0.00,0.000
2024-09-11T07:00:00,2.510,0.00,0.000
2024-09-11T06:45:00,2.510,0.00,0.000
2024-09-11T06:30:00,2.510,0.00,0.000
2024-09-11T06:15:00,2.510,0.00,0.000
2024-09-11T06:00:00,2.510,0.00,0.000
2024-09-11T05:45:00,2.510,0.00,0.000
2024-09-11T05:30:00,2.510,0.00,0.000
2024-09-11T05:15:00,2.510,0.00,0.000
2024-09-11T05:00:00,2.510,0.00,0.000
2024-09-11T04:45:00,2.510,0.00,0.000
2024-09-11T04:30:00,2.510,0.00,0.000
2024-09-11T04:15:00,2.510,0.00,0.000
2024-09-11T04:00:00,2.510,0.00,0.000
2024-09-11T03:45:00,2.510,0.00,0.000
2024-09-11T03:30:00,2.510,0.00,0.000
2024-09-11T03:15:00,2.510,0.00,0.000
2024-09-11T03:00:00,2.510,0.00,0.000
2024-09-11T02:45:00,2.510,0.00,0.000
2024-09-11T02:30:00,2.510,0.00,0.000
2024-09-11T02:15:00,2.510,0.00,0.000
2024-09-11T02:00:00,2.510,0.00,0.000
2024-09-11T01:45:00,2.500,0.00,0.000
2024-09-11T01:30:00,2.500,0.00,0.000
2024-09-11T01:15:00,2.500,0.00,0.000
2024-09-11T01:00:00,2.500,0.00,0.000
2024-09-11T00:45:00,2.500,0.00,0.000
2024-09-11T00:30:00,2.500,0.00,0.000
2024-09-11T00:15:00,2.500,0.00,0.000
2024-09-11T00:00:00,2.500,0.00,0.000
2024-09-10T23:45:00,2.500,0.00,0.000
2024-09-10T23:30:00,2.500,0.00,0.000
2024-09-10T23:15:00,2.500,0.00,0.000
2024-09-10T23:00:00,2.500,0.00,0.000
2024-09-10T22:45:00,2.500,9.40,0.000
2024-09-10T22:30:00,2.490,0.00,0.000
2024-09-10T22:15:00,2.500,9.70,0.000
2024-09-10T22:00:00,2.490,9.20,0.000
2024-09-10T21:45:00,2.490,9.10,0.000
2024-09-10T21:30:00,2.500,0.00,0.500
2024-09-10T21:15:00,2.490,8.90,0.000
2024-09-10T21:00:00,2.490,0.00,0.000
2024-09-10T20:45:00,2.490,0.00,0.000
2024-09-10T20:30:00,2.490,0.00,0.000
2024-09-10T20:15:00,2.490,0.00,0.000
2024-09-10T20:00:00,2.490,0.00,2.500
2024-09-10T19:45:00,2.490,90.00,10.000
2024-09-10T19:30:00,2.490,83.60,3.500
2024-09-10T19:15:00,2.480,0.00,0.000
2024-09-10T19:00:00,2.480,0.00,0.000
2024-09-10T18:45:00,2.480,0.00,0.000
2024-09-10T18:30:00,2.480,0.00,0.000
2024-09-10T18:15:00,2.480,0.00,0.000
2024-09-10T18:00:00,2.480,0.00,0.000
2024-09-10T17:45:00,2.490,0.00,0.000
2024-09-10T17:30:00,2.490,0.00,0.000
2024-09-10T17:15:00,2.490,0.00,0.000
2024-09-10T17:00:00,2.490,0.00,0.000
2024-09-10T16:45:00,2.490,0.00,0.000
2024-09-10T16:30:00,2.490,0.00,0.000
2024-09-10T16:15:00,2.490,0.00,0.000
2024-09-10T16:00:00,2.490,0.00,0.000
2024-09-10T15:45:00,2.500,0.00,0.000
2024-09-10T15:30:00,2.500,0.00,0.000
2024-09-10T15:15:00,2.500,0.00,0.000
2024-09-10T15:00:00,2.500,0.00,0.000
2024-09-10T14:45:00,2.500,0.00,0.000
2024-09-10T14:30:00,2.500,0.00,0.000
2024-09-10T14:15:00,2.500,0.00,0.000
2024-09-10T14:00:00,2.510,0.00,0.000
2024-09-10T13:45:00,2.510,0.00,0.000
2024-09-10T13:30:00,2.510,0.00,0.000
2024-09-10T13:15:00,2.510,0.00,0.000
2024-09-10T13:00:00,2.510,0.00,0.000
2024-09-10T12:45:00,2.510,0.00,0.000
2024-09-10T12:30:00,2.510,0.00,0.000
2024-09-10T12:15:00,2.510,0.00,0.000
2024-09-10T12:00:00,2.510,0.00,0.000
2024-09-10T11:45:00,2.510,0.00,0.000
2024-09-10T11:30:00,2.510,0.00,0.000
2024-09-10T11:15:00,2.510,0.00,0.000
2024-09-10T11:00:00,2.510,0.00,0.000
2024-09-10T10:45:00,2.520,0.00,0.000
2024-09-10T10:30:00,2.520,0.00,0.000
2024-09-10T10:15:00,2.520,0.00,0.000
2024-09-10T10:00:00,2.520,0.00,0.500
2024-09-10T09:45:00,2.520,0.00,0.000
2024-09-10T09:30:00,2.520,0.00,0.000
2024-09-10T09:15:00,2.520,0.00,0.000
2024-09-10T09:00:00,2.520,0.00,0.000
2024-09-10T08:45:00,2.520,0.00,0.000
2024-09-10T08:30:00,2.530,0.00,0.000
2024-09-10T08:15:00,2.530,0.00,0.000
2024-09-10T08:00:00,2.530,0.00,0.000
2024-09-10T07:45:00,2.540,0.00,0.000
2024-09-10T07:30:00,2.540,0.00,0.000
2024-09-10T07:15:00,2.540,0.00,0.000
2024-09-10T07:00:00,2.540,0.00,0.000
2024-09-10T06:45:00,2.540,0.00,0.000
2024-09-10T06:30:00,2.540,0.00,0.000
2024-09-10T06:15:00,2.540,0.00,0.000
2024-09-10T06:00:00,2.540,0.00,0.000
2024-09-10T05:45:00,2.540,0.00,0.000
2024-09-10T05:30:00,2.540,0.00,0.000
2024-09-10T05:15:00,2.540,0.00,0.000
2024-09-10T05:00:00,2.540,0.00,0.000
2024-09-10T04:45:00,2.540,0.00,0.000
2024-09-10T04:30:00,2.540,0.00,0.000
2024-09-10T04:15:00,2.550,0.00,0.000
2024-09-10T04:00:00,2.550,0.00,0.000
2024-09-10T03:45:00,2.550,0.00,0.000
2024-09-10T03:30:00,2.550,0.00,0.000
2024-09-10T03:15:00,2.550,0.00,0.000
2024-09-10T03:00:00,2.550,0.00,0.000
2024-09-10T02:45:00,2.550,0.00,0.000
2024-09-10T02:30:00,2.550,0.00,0.000
2024-09-10T02:15:00,2.550,0.00,0.000
2024-09-10T02:00:00,2.550,0.00,0.000
2024-09-10T01:45:00,2.550,0.00,0.000
2024-09-10T01:30:00,2.550,0.00,0.000
2024-09-10T01:15:00,2.550,0.00,0.000
2024-09-10T01:00:00,2.550,0.00,0.000
2024-09-10T00:45:00,2.550,0.00,0.000
2024-09-10T00:30:00,2.550,0.00,0.000
2024-09-10T00:15:00,2.550,0.00,0.000
2024-09-10T00:00:00,2.550,0.00,0.000
2024-09-09T23:45:00,2.550,0.00,0.000
2024-09-09T23:30:00,2.560,0.00,0.000
2024-09-09T23:15:00,2.560,0.00,0.000
2024-09-09T23:00:00,2.550,0.00,0.000
2024-09-09T22:45:00,2.560,0.00,0.000
2024-09-09T22:30:00,2.550,0.00,0.000
2024-09-09T22:15:00,2.560,0.00,0.000
2024-09-09T22:00:00,2.550,0.00,0.000
2024-09-09T21:45:00,2.560,0.00,0.000
2024-09-09T21:30:00,2.550,0.00,0.000
2024-09-09T21:15:00,2.560,0.00,0.000
2024-09-09T21:00:00,2.560,0.00,0.000
2024-09-09T20:45:00,2.550,0.00,0.000
2024-09-09T20:30:00,2.550,0.00,0.000
2024-09-09T20:15:00,2.550,0.00,0.000
2024-09-09T20:00:00,2.550,0.00,0.000
2024-09-09T19:45:00,2.560,0.00,0.000
2024-09-09T19:30:00,2.560,0.00,0.000
2024-09-09T19:15:00,2.550,0.00,0.000
2024-09-09T19:00:00,2.580,31.40,0.000
2024-09-09T18:45:00,2.550,0.00,4.500
2024-09-09T18:30:00,2.540,0.00,0.000
2024-09-09T18:15:00,2.540,0.00,0.000
2024-09-09T18:00:00,2.530,0.00,0.000
2024-09-09T17:45:00,2.530,0.00,0.000
2024-09-09T17:30:00,2.530,0.00,0.000
2024-09-09T17:15:00,2.540,0.00,0.000
2024-09-09T17:00:00,2.540,0.00,0.000
2024-09-09T16:45:00,2.540,0.00,0.000
2024-09-09T16:30:00,2.540,0.00,0.000
2024-09-09T16:15:00,2.540,0.00,0.000
2024-09-09T16:00:00,2.540,0.00,0.000
2024-09-09T15:45:00,2.540,0.00,0.000
2024-09-09T15:30:00,2.540,0.00,0.000
2024-09-09T15:15:00,2.540,0.00,0.000
2024-09-09T15:00:00,2.540,10.10,0.000
2024-09-09T14:45:00,2.540,0.00,0.000
2024-09-09T14:30:00,2.540,11.30,0.000
2024-09-09T14:15:00,2.550,0.00,0.000
2024-09-09T14:00:00,2.550,0.00,0.000
2024-09-09T13:45:00,2.550,0.00,0.000
2024-09-09T13:30:00,2.550,0.00,0.000
2024-09-09T13:15:00,2.550,0.00,0.000
2024-09-09T13:00:00,2.550,0.00,0.000
2024-09-09T12:45:00,2.560,0.00,0.000
2024-09-09T12:30:00,2.560,0.00,0.000
2024-09-09T12:15:00,2.560,0.00,0.000
2024-09-09T12:00:00,2.560,0.00,0.000
2024-09-09T11:45:00,2.560,9.80,0.000
2024-09-09T11:30:00,2.560,0.00,0.000
2024-09-09T11:15:00,2.560,0.00,0.000
2024-09-09T11:00:00,2.570,0.00,0.000
2024-09-09T10:45:00,2.570,10.10,0.000
2024-09-09T10:30:00,2.570,0.00,0.000
2024-09-09T10:15:00,2.570,0.00,0.000
2024-09-09T10:00:00,2.570,0.00,0.000
2024-09-09T09:45:00,2.570,0.00,0.000
2024-09-09T09:30:00,2.570,0.00,0.000
2024-09-09T09:15:00,2.570,0.00,0.000
2024-09-09T09:00:00,2.580,0.00,0.000
2024-09-09T08:45:00,2.580,0.00,0.000
2024-09-09T08:30:00,2.580,0.00,0.000
2024-09-09T08:15:00,2.580,0.00,0.000
2024-09-09T08:00:00,2.580,0.00,0.000
2024-09-09T07:45:00,2.590,0.00,0.000
2024-09-09T07:30:00,2.590,0.00,0.000
2024-09-09T07:15:00,2.590,0.00,0.000
2024-09-09T07:00:00,2.590,0.00,0.000
2024-09-09T06:45:00,2.600,0.00,0.000
2024-09-09T06:30:00,2.600,0.00,0.000
2024-09-09T06:15:00,2.600,0.00,0.000
2024-09-09T06:00:00,2.600,0.00,0.000
2024-09-09T05:45:00,2.600,0.00,0.000
2024-09-09T05:30:00,2.600,0.00,0.000
2024-09-09T05:15:00,2.600,0.00,0.000
2024-09-09T05:00:00,2.600,0.00,0.000
2024-09-09T04:45:00,2.610,0.00,0.000
2024-09-09T04:30:00,2.610,0.00,0.000
2024-09-09T04:15:00,2.610,0.00,0.000
2024-09-09T04:00:00,2.610,0.00,0.000
2024-09-09T03:45:00,2.610,0.00,0.000
2024-09-09T03:30:00,2.610,0.00,0.000
2024-09-09T03:15:00,2.610,0.00,0.000
2024-09-09T03:00:00,2.610,0.00,0.000
2024-09-09T02:45:00,2.610,0.00,0.000
2024-09-09T02:30:00,2.620,0.00,0.000
2024-09-09T02:15:00,2.620,0.00,0.000
2024-09-09T02:00:00,2.620,0.00,0.000
2024-09-09T01:45:00,2.620,0.00,0.000
2024-09-09T01:30:00,2.620,0.00,0.000
2024-09-09T01:15:00,2.620,0.00,0.000
2024-09-09T01:00:00,2.620,0.00,0.000
2024-09-09T00:45:00,2.630,0.00,0.000
2024-09-09T00:30:00,2.630,0.00,0.000
2024-09-09T00:15:00,2.630,0.00,0.000
2024-09-09T00:00:00,2.630,0.00,0.000
2024-09-22T23:45:00,3.040,14.70,0.000
2024-09-22T23:30:00,3.020,15.00,0.500
2024-09-22T23:15:00,3.010,14.90,0.000
2024-09-22T23:00:00,3.000,14.70,0.500
2024-09-22T22:45:00,2.990,14.90,0.000
2024-09-22T22:30:00,2.970,14.20,0.500
2024-09-22T22:15:00,2.960,15.50,0.500
2024-09-22T22:00:00,2.940,14.90,0.000
2024-09-22T21:45:00,2.920,15.00,1.000
2024-09-22T21:30:00,2.910,14.60,0.000
2024-09-22T21:15:00,2.890,13.70,0.500
2024-09-22T21:00:00,2.880,14.60,0.000
2024-09-22T20:45:00,2.880,13.10,0.500
2024-09-22T20:30:00,2.870,12.90,19.500
2024-09-22T20:15:00,2.820,0.00,17.500
2024-09-22T20:00:00,2.800,0.00,6.500
2024-09-22T19:45:00,2.770,14.90,0.500
2024-09-22T19:30:00,2.760,14.50,0.500
2024-09-22T19:15:00,2.760,14.70,0.500
2024-09-22T19:00:00,2.760,13.90,0.500
2024-09-22T18:45:00,2.760,12.50,0.500
2024-09-22T18:30:00,2.750,12.20,0.000
2024-09-22T18:15:00,2.740,12.60,5.500
2024-09-22T18:00:00,2.740,0.00,0.000
2024-09-22T17:45:00,2.730,0.00,0.000
2024-09-22T17:30:00,2.720,13.10,0.500
2024-09-22T17:15:00,2.720,0.00,0.000
2024-09-22T17:00:00,2.720,12.40,0.000
2024-09-22T16:45:00,2.720,12.20,0.000
2024-09-22T16:30:00,2.710,12.40,0.000
2024-09-22T16:15:00,2.710,12.20,0.000
2024-09-22T16:00:00,2.700,13.60,0.500
2024-09-22T15:45:00,2.710,13.90,0.000
2024-09-22T15:30:00,2.710,12.00,0.000
2024-09-22T15:15:00,2.710,0.00,0.500
2024-09-22T15:00:00,2.710,11.90,0.000
2024-09-22T14:45:00,2.720,13.10,1.000
2024-09-22T14:30:00,2.690,0.00,10.500
2024-09-22T14:15:00,2.670,0.00,0.000
2024-09-22T14:00:00,2.680,0.00,0.000
2024-09-22T13:45:00,2.670,8.20,3.000
2024-09-22T13:30:00,2.680,14.60,0.500
2024-09-22T13:15:00,2.670,8.20,2.500
2024-09-22T13:00:00,2.680,0.00,0.000
2024-09-22T12:45:00,2.680,13.30,0.000
2024-09-22T12:30:00,2.680,0.00,0.000
2024-09-22T12:15:00,2.680,0.00,0.000
2024-09-22T12:00:00,2.680,0.00,0.000
2024-09-22T11:45:00,2.680,0.00,0.000
2024-09-22T11:30:00,2.690,0.00,0.000
2024-09-22T11:15:00,2.690,0.00,0.000
2024-09-22T11:00:00,2.690,0.00,0.000
2024-09-22T10:45:00,2.700,0.00,0.000
2024-09-22T10:30:00,2.700,0.00,0.000
2024-09-22T10:15:00,2.700,0.00,0.000
2024-09-22T10:00:00,2.710,0.00,0.000
2024-09-22T09:45:00,2.710,0.00,0.000
2024-09-22T09:30:00,2.700,0.00,0.000
2024-09-22T09:15:00,2.710,0.00,0.000
2024-09-22T09:00:00,2.710,13.00,0.000
2024-09-22T08:45:00,2.710,12.90,0.000
2024-09-22T08:30:00,2.710,12.50,0.000
2024-09-22T08:15:00,2.710,12.60,0.000
2024-09-22T08:00:00,2.710,12.60,0.000
2024-09-22T07:45:00,2.710,12.00,0.000
2024-09-22T07:30:00,2.720,11.50,0.000
2024-09-22T07:15:00,2.710,11.80,0.000
2024-09-22T07:00:00,2.710,12.60,0.500
2024-09-22T06:45:00,2.710,12.90,0.000
2024-09-22T06:30:00,2.710,12.80,0.000
2024-09-22T06:15:00,2.710,12.00,0.000
2024-09-22T06:00:00,2.710,12.20,0.000
2024-09-22T05:45:00,2.710,11.90,0.000
2024-09-22T05:30:00,2.710,12.10,0.000
2024-09-22T05:15:00,2.710,11.90,0.000
2024-09-22T05:00:00,2.710,11.70,0.000
2024-09-22T04:45:00,2.710,11.90,0.500
2024-09-22T04:30:00,2.710,11.90,0.000
2024-09-22T04:15:00,2.710,11.80,0.000
2024-09-22T04:00:00,2.710,11.90,0.500
2024-09-22T03:45:00,2.700,11.90,0.000
2024-09-22T03:30:00,2.700,0.00,0.000
2024-09-22T03:15:00,2.700,0.00,0.000
2024-09-22T03:00:00,2.700,11.50,0.000
2024-09-22T02:45:00,2.700,12.10,0.000
2024-09-22T02:30:00,2.700,11.90,0.000
2024-09-22T02:15:00,2.700,12.30,0.000
2024-09-22T02:00:00,2.700,11.90,0.000
2024-09-22T01:45:00,2.700,12.40,0.000
2024-09-22T01:30:00,2.700,11.70,0.000
2024-09-22T01:15:00,2.700,12.10,0.000
2024-09-22T01:00:00,2.700,12.10,0.500
2024-09-22T00:45:00,2.690,12.10,0.000
2024-09-22T00:30:00,2.690,11.40,0.000
2024-09-22T00:15:00,2.690,11.80,0.000
2024-09-22T00:00:00,2.680,11.40,0.500
2024-09-21T23:45:00,2.680,11.70,0.000
2024-09-21T23:30:00,2.680,11.60,0.000
2024-09-21T23:15:00,2.670,11.60,0.000
2024-09-21T23:00:00,2.670,0.00,0.000
2024-09-21T22:45:00,2.670,0.00,0.000
2024-09-21T22:30:00,2.670,0.00,0.000
2024-09-21T22:15:00,2.670,11.90,0.000
2024-09-21T22:00:00,2.670,0.00,0.000
2024-09-21T21:45:00,2.660,83.90,0.000
2024-09-21T21:30:00,2.660,11.60,0.500
2024-09-21T21:15:00,2.660,12.40,0.500
2024-09-21T21:00:00,2.660,11.20,0.500
2024-09-21T20:45:00,2.650,12.10,0.500
2024-09-21T20:30:00,2.650,11.80,0.500
2024-09-21T20:15:00,2.640,13.10,1.500
2024-09-21T20:00:00,2.640,13.40,1.000
2024-09-21T19:45:00,2.640,12.20,0.000
2024-09-21T19:30:00,2.630,11.30,1.000
2024-09-21T19:15:00,2.630,0.00,0.500
2024-09-21T19:00:00,2.630,13.90,1.500
2024-09-21T18:45:00,2.630,0.00,0.000
2024-09-21T18:30:00,2.630,0.00,0.000
2024-09-21T18:15:00,2.630,0.00,0.000
2024-09-21T18:00:00,2.620,0.00,0.000
2024-09-21T17:45:00,2.620,0.00,0.000
2024-09-21T17:30:00,2.620,0.00,0.000
2024-09-21T17:15:00,2.620,0.00,0.000
2024-09-21T17:00:00,2.620,0.00,0.000
2024-09-21T16:45:00,2.620,0.00,0.000
2024-09-21T16:30:00,2.620,0.00,0.000
2024-09-21T16:15:00,2.610,0.00,0.000
2024-09-21T16:00:00,2.610,0.00,0.000
2024-09-21T15:45:00,2.610,0.00,0.000
2024-09-21T15:30:00,2.610,0.00,0.000
2024-09-21T15:15:00,2.610,0.00,0.000
2024-09-21T15:00:00,2.610,0.00,0.000
2024-09-21T14:45:00,2.610,0.00,0.000
2024-09-21T14:30:00,2.610,11.60,0.000
2024-09-21T14:15:00,2.600,11.70,0.500
2024-09-21T14:00:00,2.610,11.80,0.500
2024-09-21T13:45:00,2.590,12.40,3.500
2024-09-21T13:30:00,2.570,13.00,1.000
2024-09-21T13:15:00,2.580,0.00,0.000
2024-09-21T13:00:00,2.580,11.70,0.000
2024-09-21T12:45:00,2.570,0.00,0.000
2024-09-21T12:30:00,2.570,10.40,0.000
2024-09-21T12:15:00,2.560,0.00,0.000
2024-09-21T12:00:00,2.560,0.00,0.000
2024-09-21T11:45:00,2.550,0.00,0.000
2024-09-21T11:30:00,2.550,11.40,0.000
2024-09-21T11:15:00,2.550,0.00,0.000
2024-09-21T11:00:00,2.550,0.00,0.000
2024-09-21T10:45:00,2.550,0.00,0.000
2024-09-21T10:30:00,2.550,0.00,0.000
2024-09-21T10:15:00,2.550,0.00,0.000
2024-09-21T10:00:00,2.550,0.00,0.000
2024-09-21T09:45:00,2.550,0.00,0.000
2024-09-21T09:30:00,2.550,0.00,0.000
2024-09-21T09:15:00,2.560,0.00,0.000
2024-09-21T09:00:00,2.550,10.80,0.000
2024-09-21T08:45:00,2.560,0.00,0.000
2024-09-21T08:30:00,2.560,0.00,0.000
2024-09-21T08:15:00,2.560,0.00,0.000
2024-09-21T08:00:00,2.560,0.00,0.000
2024-09-21T07:45:00,2.560,0.00,0.000
2024-09-21T07:30:00,2.560,0.00,0.000
2024-09-21T07:15:00,2.560,0.00,0.000
2024-09-21T07:00:00,2.570,0.00,0.000
2024-09-21T06:45:00,2.560,0.00,0.000
2024-09-21T06:30:00,2.570,0.00,0.000
2024-09-21T06:15:00,2.570,0.00,0.000
2024-09-21T06:00:00,2.570,0.00,0.500
2024-09-21T05:45:00,2.570,0.00,0.000
2024-09-21T05:30:00,2.570,0.00,0.000
2024-09-21T05:15:00,2.570,0.00,0.000
2024-09-21T05:00:00,2.570,0.00,0.000
2024-09-21T04:45:00,2.570,0.00,0.000
2024-09-21T04:30:00,2.570,9.70,0.000
2024-09-21T04:15:00,2.570,0.00,0.000
2024-09-21T04:00:00,2.570,0.00,0.000
2024-09-21T03:45:00,2.570,0.00,0.000
2024-09-21T03:30:00,2.570,0.00,0.000
2024-09-21T03:15:00,2.580,0.00,0.000
2024-09-21T03:00:00,2.580,0.00,0.000
2024-09-21T02:45:00,2.580,0.00,0.000
2024-09-21T02:30:00,2.580,0.00,0.000
2024-09-21T02:15:00,2.580,0.00,0.000
2024-09-21T02:00:00,2.580,0.00,0.000
2024-09-21T01:45:00,2.580,0.00,0.000
2024-09-21T01:30:00,2.580,0.00,0.000
2024-09-21T01:15:00,2.590,11.20,0.000
2024-09-21T01:00:00,2.590,14.90,0.000
2024-09-21T00:45:00,2.590,11.90,0.000
2024-09-21T00:30:00,2.590,0.00,0.000
2024-09-21T00:15:00,2.590,0.00,0.000
2024-09-21T00:00:00,2.590,0.00,0.000
2024-09-20T23:45:00,2.590,0.00,0.000
2024-09-20T23:30:00,2.600,0.00,0.000
2024-09-20T23:15:00,2.600,0.00,0.000
2024-09-20T23:00:00,2.600,11.70,0.000
2024-09-20T22:45:00,2.600,11.20,0.000
2024-09-20T22:30:00,2.610,11.10,0.000
2024-09-20T22:15:00,2.600,11.10,0.000
2024-09-20T22:00:00,2.610,11.50,0.000
2024-09-20T21:45:00,2.610,11.00,0.000
2024-09-20T21:30:00,2.610,11.00,0.000
2024-09-20T21:15:00,2.610,11.30,0.000
2024-09-20T21:00:00,2.610,0.00,0.000
2024-09-20T20:45:00,2.610,0.00,0.500
2024-09-20T20:30:00,2.610,13.10,2.000
2024-09-20T20:15:00,2.610,11.70,0.000
2024-09-20T20:00:00,2.620,11.50,0.000
2024-09-20T19:45:00,2.620,0.00,0.000
2024-09-20T19:30:00,2.620,11.40,0.000
2024-09-20T19:15:00,2.620,12.20,0.500
2024-09-20T19:00:00,2.630,14.00,0.000
2024-09-20T18:45:00,2.620,11.70,0.000
2024-09-20T18:30:00,2.630,0.00,0.000
2024-09-20T18:15:00,2.630,0.00,0.000
2024-09-20T18:00:00,2.630,0.00,0.000
2024-09-20T17:45:00,2.630,0.00,0.000
2024-09-20T17:30:00,2.630,0.00,0.000
2024-09-20T17:15:00,2.630,0.00,0.000
2024-09-20T17:00:00,2.630,0.00,0.000
2024-09-20T16:45:00,2.630,0.00,0.000
2024-09-20T16:30:00,2.630,0.00,0.000
2024-09-20T16:15:00,2.640,0.00,0.000
2024-09-20T16:00:00,2.640,0.00,0.000
2024-09-20T15:45:00,2.640,0.00,0.000
2024-09-20T15:30:00,2.640,0.00,0.000
2024-09-20T15:15:00,2.640,14.30,0.000
2024-09-20T15:00:00,2.640,0.00,0.000
2024-09-20T14:45:00,2.640,8.90,0.000
2024-09-20T14:30:00,2.640,0.00,0.000
2024-09-20T14:15:00,2.650,0.00,0.000
2024-09-20T14:00:00,2.650,0.00,0.000
2024-09-20T13:45:00,2.650,0.00,0.000
2024-09-20T13:30:00,2.650,0.00,0.000
2024-09-20T13:15:00,2.650,0.00,0.000
2024-09-20T13:00:00,2.660,0.00,0.000
2024-09-20T12:45:00,2.660,0.00,0.000
2024-09-20T12:30:00,2.660,0.00,0.000
2024-09-20T12:15:00,2.660,0.00,0.000
2024-09-20T12:00:00,2.660,0.00,0.000
2024-09-20T11:45:00,2.670,0.00,0.000
2024-09-20T11:30:00,2.660,0.00,0.000
2024-09-20T11:15:00,2.670,0.00,0.000
2024-09-20T11:00:00,2.670,0.00,0.000
2024-09-20T10:45:00,2.670,0.00,0.000
2024-09-20T10:30:00,2.670,0.00,0.000
2024-09-20T10:15:00,2.680,0.00,0.000
2024-09-20T10:00:00,2.670,10.00,0.000
2024-09-20T09:45:00,2.670,9.60,0.000
2024-09-20T09:30:00,2.680,0.00,0.000
2024-09-20T09:15:00,2.680,0.00,0.000
2024-09-20T09:00:00,2.680,0.00,0.000
2024-09-20T08:45:00,2.680,0.00,0.000
2024-09-20T08:30:00,2.690,0.00,0.000
2024-09-20T08:15:00,2.690,0.00,0.000
2024-09-20T08:00:00,2.690,0.00,0.000
2024-09-20T07:45:00,2.690,0.00,0.000
2024-09-20T07:30:00,2.690,0.00,0.000
2024-09-20T07:15:00,2.690,0.00,0.000
2024-09-20T07:00:00,2.690,0.00,0.000
2024-09-20T06:45:00,2.700,0.00,0.000
2024-09-20T06:30:00,2.700,0.00,0.000
2024-09-20T06:15:00,2.700,11.90,0.000
2024-09-20T06:00:00,2.700,0.00,0.000
2024-09-20T05:45:00,2.700,0.00,0.000
2024-09-20T05:30:00,2.700,0.00,0.000
2024-09-20T05:15:00,2.700,0.00,0.000
2024-09-20T05:00:00,2.700,0.00,0.000
2024-09-20T04:45:00,2.710,0.00,0.000
2024-09-20T04:30:00,2.710,0.00,0.000
2024-09-20T04:15:00,2.710,0.00,0.000
2024-09-20T04:00:00,2.710,0.00,0.000
2024-09-20T03:45:00,2.710,0.00,0.000
2024-09-20T03:30:00,2.710,0.00,0.000
2024-09-20T03:15:00,2.710,0.00,0.000
2024-09-20T03:00:00,2.710,0.00,0.000
2024-09-20T02:45:00,2.720,0.00,0.000
2024-09-20T02:30:00,2.720,0.00,0.000
2024-09-20T02:15:00,2.720,0.00,0.000
2024-09-20T02:00:00,2.720,0.00,0.000
2024-09-20T01:45:00,2.720,0.00,0.000
2024-09-20T01:30:00,2.720,0.00,0.000
2024-09-20T01:15:00,2.720,0.00,0.000
2024-09-20T01:00:00,2.720,0.00,0.000
2024-09-20T00:45:00,2.730,0.00,0.000
2024-09-20T00:30:00,2.730,0.00,0.000
2024-09-20T00:15:00,2.730,0.00,0.000
2024-09-20T00:00:00,2.730,0.00,0.000
2024-09-19T23:45:00,2.730,0.00,0.000
2024-09-19T23:30:00,2.740,0.00,0.000
2024-09-19T23:15:00,2.730,0.00,0.000
2024-09-19T23:00:00,2.740,0.00,0.000
2024-09-19T22:45:00,2.740,0.00,0.000
2024-09-19T22:30:00,2.740,0.00,0.000
2024-09-19T22:15:00,2.740,0.00,0.000
2024-09-19T22:00:00,2.740,0.00,0.000
2024-09-19T21:45:00,2.740,0.00,0.000
2024-09-19T21:30:00,2.740,0.00,0.000
2024-09-19T21:15:00,2.740,0.00,0.000
2024-09-19T21:00:00,2.740,0.00,0.000
2024-09-19T20:45:00,2.740,0.00,0.000
2024-09-19T20:30:00,2.750,0.00,0.000
2024-09-19T20:15:00,2.740,0.00,0.000
2024-09-19T20:00:00,2.740,0.00,0.000
2024-09-19T19:45:00,2.750,0.00,0.000
2024-09-19T19:30:00,2.750,0.00,0.000
2024-09-19T19:15:00,2.750,0.00,0.000
2024-09-19T19:00:00,2.750,0.00,0.000
2024-09-19T18:45:00,2.740,0.00,0.000
2024-09-19T18:30:00,2.750,0.00,0.000
2024-09-19T18:15:00,2.740,0.00,0.000
2024-09-19T18:00:00,2.740,0.00,0.000
2024-09-19T17:45:00,2.740,0.00,0.000
2024-09-19T17:30:00,2.740,0.00,0.000
2024-09-19T17:15:00,2.740,0.00,0.000
2024-09-19T17:00:00,2.750,0.00,0.000
2024-09-19T16:45:00,2.750,0.00,0.000
2024-09-19T16:30:00,2.750,0.00,0.000
2024-09-19T16:15:00,2.750,0.00,0.000
2024-09-19T16:00:00,2.750,0.00,0.000
2024-09-19T15:45:00,2.760,0.00,0.000
2024-09-19T15:30:00,2.760,0.00,0.000
2024-09-19T15:15:00,2.760,0.00,0.000
2024-09-19T15:00:00,2.760,0.00,0.000
2024-09-19T14:45:00,2.760,0.00,0.000
2024-09-19T14:30:00,2.770,0.00,0.000
2024-09-19T14:15:00,2.760,0.00,0.000
2024-09-19T14:00:00,2.770,0.00,0.000
2024-09-19T13:45:00,2.770,0.00,0.000
2024-09-19T13:30:00,2.770,0.00,0.000
2024-09-19T13:15:00,2.770,0.00,0.000
2024-09-19T13:00:00,2.780,0.00,0.000
2024-09-19T12:45:00,2.780,0.00,0.000
2024-09-19T12:30:00,2.780,0.00,0.000
2024-09-19T12:15:00,2.790,0.00,0.000
2024-09-19T12:00:00,2.780,0.00,0.000
2024-09-19T11:45:00,2.790,0.00,0.000
2024-09-19T11:30:00,2.790,0.00,0.000
2024-09-19T11:15:00,2.790,0.00,0.000
2024-09-19T11:00:00,2.790,0.00,0.000
2024-09-19T10:45:00,2.800,0.00,0.000
2024-09-19T10:30:00,2.800,0.00,0.000
2024-09-19T10:15:00,2.800,0.00,0.000
2024-09-19T10:00:00,2.800,0.00,0.000
2024-09-19T09:45:00,2.810,0.00,0.000
2024-09-19T09:30:00,2.800,0.00,0.000
2024-09-19T09:15:00,2.810,0.00,0.000
2024-09-19T09:00:00,2.810,0.00,0.000
2024-09-19T08:45:00,2.810,0.00,0.000
2024-09-19T08:30:00,2.820,0.00,0.000
2024-09-19T08:15:00,2.820,0.00,0.000
2024-09-19T08:00:00,2.820,0.00,0.000
2024-09-19T07:45:00,2.820,0.00,0.000
2024-09-19T07:30:00,2.820,0.00,0.000
2024-09-19T07:15:00,2.830,0.00,0.000
2024-09-19T07:00:00,2.830,0.00,0.000
2024-09-19T06:45:00,2.830,0.00,0.000
2024-09-19T06:30:00,2.840,0.00,0.000
2024-09-19T06:15:00,2.840,0.00,0.000
2024-09-19T06:00:00,2.840,0.00,0.000
2024-09-19T05:45:00,2.840,0.00,0.000
2024-09-19T05:30:00,2.840,0.00,0.000
2024-09-19T05:15:00,2.840,0.00,0.000
2024-09-19T05:00:00,2.840,0.00,0.000
2024-09-19T04:45:00,2.840,0.00,0.000
2024-09-19T04:30:00,2.850,0.00,0.000
2024-09-19T04:15:00,2.850,0.00,0.000
2024-09-19T04:00:00,2.850,0.00,0.000
2024-09-19T03:45:00,2.850,0.00,0.000
2024-09-19T03:30:00,2.850,0.00,0.000
2024-09-19T03:15:00,2.850,0.00,0.000
2024-09-19T03:00:00,2.850,0.00,0.000
2024-09-19T02:45:00,2.850,0.00,0.000
2024-09-19T02:30:00,2.850,0.00,0.000
2024-09-19T02:15:00,2.860,0.00,0.000
2024-09-19T02:00:00,2.850,0.00,0.000
2024-09-19T01:45:00,2.860,0.00,0.000
2024-09-19T01:30:00,2.860,0.00,0.000
2024-09-19T01:15:00,2.860,0.00,0.000
2024-09-19T01:00:00,2.860,0.00,0.000
2024-09-19T00:45:00,2.860,0.00,0.000
2024-09-19T00:30:00,2.860,0.00,0.000
2024-09-19T00:15:00,2.870,0.00,0.000
2024-09-19T00:00:00,2.870,0.00,0.000
2024-09-18T23:45:00,2.870,0.00,0.000
2024-09-18T23:30:00,2.870,0.00,0.000
2024-09-18T23:15:00,2.870,0.00,0.000
2024-09-18T23:00:00,2.870,0.00,0.000
2024-09-18T22:45:00,2.870,0.00,0.000
2024-09-18T22:30:00,2.870,0.00,0.000
2024-09-18T22:15:00,2.880,0.00,0.000
2024-09-18T22:00:00,2.880,0.00,0.000
2024-09-18T21:45:00,2.880,0.00,0.000
2024-09-18T21:30:00,2.880,0.00,0.000
2024-09-18T21:15:00,2.880,0.00,0.000
2024-09-18T21:00:00,2.880,10.80,0.500
2024-09-18T20:45:00,2.880,0.00,0.000
2024-09-18T20:30:00,2.880,0.00,0.500
2024-09-18T20:15:00,2.880,0.00,0.000
2024-09-18T20:00:00,2.880,0.00,0.500
2024-09-18T19:45:00,2.880,0.00,0.000
2024-09-18T19:30:00,2.880,0.00,0.000
2024-09-18T19:15:00,2.880,0.00,0.000
2024-09-18T19:00:00,2.890,0.00,0.000
2024-09-18T18:45:00,2.880,0.00,0.000
2024-09-18T18:30:00,2.890,0.00,0.500
2024-09-18T18:15:00,2.880,0.00,0.000
2024-09-18T18:00:00,2.890,0.00,0.500
2024-09-18T17:45:00,2.890,0.00,1.000
2024-09-18T17:30:00,2.880,0.00,0.000
2024-09-18T17:15:00,2.890,0.00,0.000
2024-09-18T17:00:00,2.890,0.00,0.000
2024-09-18T16:45:00,2.890,0.00,0.000
2024-09-18T16:30:00,2.890,0.00,0.000
2024-09-18T16:15:00,2.890,11.00,0.500
2024-09-18T16:00:00,2.880,18.50,25.500
2024-09-18T15:45:00,2.880,17.00,21.500
2024-09-18T15:30:00,2.880,0.00,1.000
2024-09-18T15:15:00,2.890,0.00,0.000
2024-09-18T15:00:00,2.890,0.00,0.000
2024-09-18T14:45:00,2.890,0.00,0.000
2024-09-18T14:30:00,2.890,0.00,0.000
2024-09-18T14:15:00,2.890,0.00,0.000
2024-09-18T14:00:00,2.890,0.00,0.000
2024-09-18T13:45:00,2.890,0.00,0.000
2024-09-18T13:30:00,2.900,0.00,0.000
2024-09-18T13:15:00,2.900,0.00,0.000
2024-09-18T13:00:00,2.900,0.00,0.000
2024-09-18T12:45:00,2.900,0.00,0.000
2024-09-18T12:30:00,2.900,0.00,0.000
2024-09-18T12:15:00,2.910,0.00,0.500
2024-09-18T12:00:00,2.910,0.00,0.000
2024-09-18T11:45:00,2.910,0.00,0.000
2024-09-18T11:30:00,2.920,9.70,0.000
2024-09-18T11:15:00,2.920,0.00,0.500
2024-09-18T11:00:00,2.920,0.00,0.500
2024-09-18T10:45:00,2.920,9.80,0.000
2024-09-18T10:30:00,2.930,0.00,0.000
2024-09-18T10:15:00,2.930,0.00,0.000
2024-09-18T10:00:00,2.930,0.00,0.000
2024-09-18T09:45:00,2.930,0.00,0.000
2024-09-18T09:30:00,2.930,0.00,0.000
2024-09-18T09:15:00,2.940,0.00,0.000
2024-09-18T09:00:00,2.940,0.00,0.000
2024-09-18T08:45:00,2.950,0.00,0.000
2024-09-18T08:30:00,2.950,0.00,0.000
2024-09-18T08:15:00,2.960,0.00,0.000
2024-09-18T08:00:00,2.960,0.00,0.000
2024-09-18T07:45:00,2.960,0.00,0.000
2024-09-18T07:30:00,2.970,0.00,0.000
2024-09-18T07:15:00,2.970,0.00,0.000
2024-09-18T07:00:00,2.970,0.00,0.000
2024-09-18T06:45:00,2.970,0.00,0.000
2024-09-18T06:30:00,2.970,0.00,0.000
2024-09-18T06:15:00,2.980,0.00,0.000
2024-09-18T06:00:00,2.980,0.00,0.000
2024-09-18T05:45:00,2.980,0.00,0.000
2024-09-18T05:30:00,2.980,0.00,0.000
2024-09-18T05:15:00,2.980,0.00,0.000
2024-09-18T05:00:00,2.990,0.00,0.000
2024-09-18T04:45:00,2.990,0.00,0.000
2024-09-18T04:30:00,2.990,0.00,0.000
2024-09-18T04:15:00,2.990,0.00,0.000
2024-09-18T04:00:00,3.000,0.00,0.000
2024-09-18T03:45:00,3.000,0.00,0.000
2024-09-18T03:30:00,3.000,0.00,0.000
2024-09-18T03:15:00,3.010,0.00,0.000
2024-09-18T03:00:00,3.010,0.00,0.000
2024-09-18T02:45:00,3.010,0.00,0.000
2024-09-18T02:30:00,3.010,0.00,0.000
2024-09-18T02:15:00,3.020,0.00,0.000
2024-09-18T02:00:00,3.020,0.00,0.000
2024-09-18T01:45:00,3.020,0.00,0.000
2024-09-18T01:30:00,3.020,0.00,0.000
2024-09-18T01:15:00,3.030,0.00,0.000
2024-09-18T01:00:00,3.030,0.00,0.000
2024-09-18T00:45:00,3.030,0.00,0.000
2024-09-18T00:30:00,3.030,0.00,0.000
2024-09-18T00:15:00,3.040,0.00,0.000
2024-09-18T00:00:00,3.040,0.00,0.000
2024-09-17T23:45:00,3.050,0.00,0.000
2024-09-17T23:30:00,3.050,34.30,0.000
2024-09-17T23:15:00,3.050,0.00,0.000
2024-09-17T23:00:00,3.060,0.00,0.000
2024-09-17T22:45:00,3.060,0.00,0.000
2024-09-17T22:30:00,3.060,0.00,0.000
2024-09-17T22:15:00,3.060,33.90,0.000
2024-09-17T22:00:00,3.070,0.00,0.000
2024-09-17T21:45:00,3.070,0.00,0.000
2024-09-17T21:30:00,3.070,0.00,0.000
2024-09-17T21:15:00,3.080,0.00,0.000
2024-09-17T21:00:00,3.080,0.00,0.000
2024-09-17T20:45:00,3.080,0.00,0.000
2024-09-17T20:30:00,3.080,32.10,0.000
2024-09-17T20:15:00,3.080,0.00,0.000
2024-09-17T20:00:00,3.090,0.00,0.000
2024-09-17T19:45:00,3.090,0.00,0.000
2024-09-17T19:30:00,3.090,0.00,0.000
2024-09-17T19:15:00,3.090,0.00,0.000
2024-09-17T19:00:00,3.100,0.00,0.000
2024-09-17T18:45:00,3.100,0.00,0.000
2024-09-17T18:30:00,3.100,0.00,0.000
2024-09-17T18:15:00,3.110,0.00,0.000
2024-09-17T18:00:00,3.110,10.90,0.000
2024-09-17T17:45:00,3.110,25.40,0.000
2024-09-17T17:30:00,3.110,0.00,0.000
2024-09-17T17:15:00,3.110,0.00,0.000
2024-09-17T17:00:00,3.110,0.00,0.000
2024-09-17T16:45:00,3.120,0.00,0.000
2024-09-17T16:30:00,3.120,0.00,0.000
2024-09-17T16:15:00,3.120,0.00,0.000
2024-09-17T16:00:00,3.130,0.00,0.000
2024-09-17T15:45:00,3.130,0.00,0.000
2024-09-17T15:30:00,3.140,0.00,0.000
2024-09-17T15:15:00,3.140,0.00,0.000
2024-09-17T15:00:00,3.140,0.00,0.000
2024-09-17T14:45:00,3.140,0.00,0.000
2024-09-17T14:30:00,3.140,0.00,0.000
2024-09-17T14:15:00,3.140,0.00,0.000
2024-09-17T14:00:00,3.150,0.00,0.000
2024-09-17T13:45:00,3.150,0.00,0.000
2024-09-17T13:30:00,3.160,0.00,0.000
2024-09-17T13:15:00,3.160,0.00,0.000
2024-09-17T13:00:00,3.170,0.00,0.000
2024-09-17T12:45:00,3.170,0.00,0.000
2024-09-17T12:30:00,3.170,0.00,0.000
2024-09-17T12:15:00,3.180,0.00,0.000
2024-09-17T12:00:00,3.180,0.00,0.000
2024-09-17T11:45:00,3.180,0.00,0.000
2024-09-17T11:30:00,3.190,0.00,0.000
2024-09-17T11:15:00,3.190,0.00,0.000
2024-09-17T11:00:00,3.200,0.00,0.000
2024-09-17T10:45:00,3.200,0.00,0.000
2024-09-17T10:30:00,3.200,0.00,0.000
2024-09-17T10:15:00,3.210,0.00,0.000
2024-09-17T10:00:00,3.210,0.00,0.000
2024-09-17T09:45:00,3.220,0.00,0.000
2024-09-17T09:30:00,3.220,0.00,0.000
2024-09-17T09:15:00,3.230,0.00,0.000
2024-09-17T09:00:00,3.230,0.00,0.000
2024-09-17T08:45:00,3.240,0.00,0.000
2024-09-17T08:30:00,3.240,0.00,0.000
2024-09-17T08:15:00,3.240,0.00,0.000
2024-09-17T08:00:00,3.250,0.00,0.000
2024-09-17T07:45:00,3.260,0.00,0.000
2024-09-17T07:30:00,3.260,0.00,0.000
2024-09-17T07:15:00,3.270,0.00,0.000
2024-09-17T07:00:00,3.280,0.00,0.000
2024-09-17T06:45:00,3.280,0.00,0.000
2024-09-17T06:30:00,3.300,0.00,0.000
2024-09-17T06:15:00,3.310,0.00,0.000
2024-09-17T06:00:00,3.310,0.00,0.000
2024-09-17T05:45:00,3.310,0.00,0.000
2024-09-17T05:30:00,3.310,0.00,0.000
2024-09-17T05:15:00,3.320,0.00,0.000
2024-09-17T05:00:00,3.320,0.00,0.000
2024-09-17T04:45:00,3.320,0.00,0.000
2024-09-17T04:30:00,3.320,0.00,0.000
2024-09-17T04:15:00,3.330,0.00,0.000
2024-09-17T04:00:00,3.330,0.00,0.000
2024-09-17T03:45:00,3.330,0.00,0.000
2024-09-17T03:30:00,3.340,0.00,0.000
2024-09-17T03:15:00,3.340,0.00,0.000
2024-09-17T03:00:00,3.340,0.00,0.000
2024-09-17T02:45:00,3.340,0.00,0.000
2024-09-17T02:30:00,3.350,0.00,0.000
2024-09-17T02:15:00,3.350,0.00,0.000
2024-09-17T02:00:00,3.350,0.00,0.000
2024-09-17T01:45:00,3.350,0.00,0.000
2024-09-17T01:30:00,3.360,0.00,0.000
2024-09-17T01:15:00,3.360,0.00,0.000
2024-09-17T01:00:00,3.360,0.00,0.000
2024-09-17T00:45:00,3.360,0.00,0.000
2024-09-17T00:30:00,3.360,0.00,0.000
2024-09-17T00:15:00,3.360,0.00,0.000
2024-09-17T00:00:00,3.370,0.00,0.000
2024-09-16T23:45:00,3.370,0.00,0.000
2024-09-16T23:30:00,3.370,0.00,0.000
2024-09-16T23:15:00,3.370,0.00,0.000
2024-09-16T23:00:00,3.380,0.00,0.000
2024-09-16T22:45:00,3.380,0.00,0.000
2024-09-16T22:30:00,3.380,0.00,0.000
2024-09-16T22:15:00,3.380,0.00,0.000
2024-09-16T22:00:00,3.380,0.00,0.000
2024-09-16T21:45:00,3.380,0.00,0.000
2024-09-16T21:30:00,3.390,0.00,0.000
2024-09-16T21:15:00,3.390,0.00,0.000
2024-09-16T21:00:00,3.390,0.00,0.000
2024-09-16T20:45:00,3.390,0.00,0.000
2024-09-16T20:30:00,3.390,0.00,0.000
2024-09-16T20:15:00,3.390,0.00,0.000
2024-09-16T20:00:00,3.390,0.00,0.000
2024-09-16T19:45:00,3.390,0.00,0.000
2024-09-16T19:30:00,3.400,0.00,0.000
2024-09-16T19:15:00,3.400,0.00,0.000
2024-09-16T19:00:00,3.400,0.00,0.000
2024-09-16T18:45:00,3.400,0.00,0.000
2024-09-16T18:30:00,3.400,0.00,0.000
2024-09-16T18:15:00,3.400,0.00,0.000
2024-09-16T18:00:00,3.400,0.00,0.000
2024-09-16T17:45:00,3.410,0.00,0.000
2024-09-16T17:30:00,3.410,0.00,0.000
2024-09-16T17:15:00,3.410,0.00,0.000
2024-09-16T17:00:00,3.410,0.00,0.000
2024-09-16T16:45:00,3.410,0.00,0.000
2024-09-16T16:30:00,3.410,0.00,0.000
2024-09-16T16:15:00,3.410,0.00,0.000
2024-09-16T16:00:00,3.420,0.00,0.000
2024-09-16T15:45:00,3.420,0.00,0.000
2024-09-16T15:30:00,3.420,0.00,0.000
2024-09-16T15:15:00,3.420,0.00,0.000
2024-09-16T15:00:00,3.420,0.00,0.000
2024-09-16T14:45:00,3.420,0.00,0.000
2024-09-16T14:30:00,3.430,0.00,0.000
2024-09-16T14:15:00,3.420,0.00,0.000
2024-09-16T14:00:00,3.430,0.00,0.000
2024-09-16T13:45:00,3.430,0.00,0.000
2024-09-16T13:30:00,3.430,0.00,0.000
2024-09-16T13:15:00,3.430,0.00,0.000
2024-09-16T13:00:00,3.440,0.00,0.000
2024-09-16T12:45:00,3.440,0.00,0.000
2024-09-16T12:30:00,3.440,0.00,0.000
2024-09-16T12:15:00,3.440,0.00,0.000
2024-09-16T12:00:00,3.440,0.00,0.000
2024-09-16T11:45:00,3.440,0.00,0.000
2024-09-16T11:30:00,3.450,0.00,0.000
2024-09-16T11:15:00,3.450,0.00,0.000
2024-09-16T11:00:00,3.450,0.00,0.000
2024-09-16T10:45:00,3.450,0.00,0.000
2024-09-16T10:30:00,3.450,0.00,0.000
2024-09-16T10:15:00,3.450,0.00,0.000
2024-09-16T10:00:00,3.460,0.00,0.000
2024-09-16T09:45:00,3.450,0.00,0.000
2024-09-16T09:30:00,3.460,0.00,0.000
2024-09-16T09:15:00,3.460,0.00,0.000
2024-09-16T09:00:00,3.470,0.00,0.000
2024-09-16T08:45:00,3.470,0.00,0.000
2024-09-16T08:30:00,3.470,0.00,0.000
2024-09-16T08:15:00,3.470,0.00,0.000
2024-09-16T08:00:00,3.480,0.00,0.000
2024-09-16T07:45:00,3.480,0.00,0.000
2024-09-16T07:30:00,3.480,0.00,0.000
2024-09-16T07:15:00,3.480,0.00,0.000
2024-09-16T07:00:00,3.480,0.00,0.000
2024-09-16T06:45:00,3.480,0.00,0.000
2024-09-16T06:30:00,3.480,0.00,0.000
2024-09-16T06:15:00,3.480,0.00,0.000
2024-09-16T06:00:00,3.470,0.00,0.000
2024-09-16T05:45:00,3.480,0.00,0.000
2024-09-16T05:30:00,3.480,0.00,0.000
2024-09-16T05:15:00,3.480,0.00,0.000
2024-09-16T05:00:00,3.480,0.00,0.000
2024-09-16T04:45:00,3.480,0.00,0.000
2024-09-16T04:30:00,3.480,0.00,0.000
2024-09-16T04:15:00,3.490,0.00,0.000
2024-09-16T04:00:00,3.490,0.00,0.000
2024-09-16T03:45:00,3.490,0.00,0.000
2024-09-16T03:30:00,3.490,0.00,0.500
2024-09-16T03:15:00,3.490,0.00,0.000
2024-09-16T03:00:00,3.490,0.00,0.000
2024-09-16T02:45:00,3.490,0.00,0.000
2024-09-16T02:30:00,3.490,0.00,0.000
2024-09-16T02:15:00,3.490,0.00,0.000
2024-09-16T02:00:00,3.490,0.00,0.000
2024-09-16T01:45:00,3.500,0.00,0.000
2024-09-16T01:30:00,3.500,0.00,0.000
2024-09-16T01:15:00,3.500,0.00,0.000
2024-09-16T01:00:00,3.500,0.00,0.000
2024-09-16T00:45:00,3.500,0.00,0.000
2024-09-16T00:30:00,3.500,0.00,0.000
2024-09-16T00:15:00,3.510,0.00,0.000
2024-09-16T00:00:00,3.510,0.00,0.000
2024-09-29T23:45:00,3.080,0.00,0.000
2024-09-29T23:30:00,3.080,0.00,0.000
2024-09-29T23:15:00,3.080,0.00,0.000
2024-09-29T23:00:00,3.090,0.00,0.000
2024-09-29T22:45:00,3.090,0.00,0.000
2024-09-29T22:30:00,3.090,0.00,0.000
2024-09-29T22:15:00,3.090,0.00,0.000
2024-09-29T22:00:00,3.090,0.00,0.000
2024-09-29T21:45:00,3.090,0.00,0.000
2024-09-29T21:30:00,3.090,0.00,0.000
2024-09-29T21:15:00,3.090,0.00,0.000
2024-09-29T21:00:00,3.090,0.00,0.000
2024-09-29T20:45:00,3.090,0.00,0.000
2024-09-29T20:30:00,3.090,0.00,0.000
2024-09-29T20:15:00,3.090,0.00,0.000
2024-09-29T20:00:00,3.090,0.00,0.000
2024-09-29T19:45:00,3.100,0.00,0.000
2024-09-29T19:30:00,3.100,0.00,0.000
2024-09-29T19:15:00,3.100,0.00,0.000
2024-09-29T19:00:00,3.100,0.00,0.000
2024-09-29T18:45:00,3.100,0.00,0.000
2024-09-29T18:30:00,3.100,0.00,0.000
2024-09-29T18:15:00,3.100,0.00,0.000
2024-09-29T18:00:00,3.100,0.00,0.000
2024-09-29T17:45:00,3.110,0.00,0.000
2024-09-29T17:30:00,3.110,0.00,0.000
2024-09-29T17:15:00,3.110,0.00,0.000
2024-09-29T17:00:00,3.110,0.00,0.000
2024-09-29T16:45:00,3.110,0.00,0.000
2024-09-29T16:30:00,3.110,0.00,0.000
2024-09-29T16:15:00,3.110,0.00,0.000
2024-09-29T16:00:00,3.120,0.00,0.000
2024-09-29T15:45:00,3.120,0.00,0.000
2024-09-29T15:30:00,3.120,0.00,0.000
2024-09-29T15:15:00,3.120,0.00,0.000
2024-09-29T15:00:00,3.120,0.00,0.000
2024-09-29T14:45:00,3.130,0.00,0.000
2024-09-29T14:30:00,3.130,0.00,0.000
2024-09-29T14:15:00,3.130,0.00,0.000
2024-09-29T14:00:00,3.130,0.00,0.000
2024-09-29T13:45:00,3.140,0.00,0.000
2024-09-29T13:30:00,3.140,0.00,0.000
2024-09-29T13:15:00,3.140,12.70,0.000
2024-09-29T13:00:00,3.150,0.00,0.000
2024-09-29T12:45:00,3.150,0.00,0.000
2024-09-29T12:30:00,3.150,0.00,0.000
2024-09-29T12:15:00,3.150,0.00,0.000
2024-09-29T12:00:00,3.160,0.00,0.000
2024-09-29T11:45:00,3.160,0.00,0.000
2024-09-29T11:30:00,3.160,17.00,0.000
2024-09-29T11:15:00,3.170,0.00,0.000
2024-09-29T11:00:00,3.170,0.00,0.000
2024-09-29T10:45:00,3.170,0.00,0.000
2024-09-29T10:30:00,3.170,15.00,0.000
2024-09-29T10:15:00,3.170,0.00,0.000
2024-09-29T10:00:00,3.170,0.00,0.000
2024-09-29T09:45:00,3.180,0.00,0.000
2024-09-29T09:30:00,3.180,0.00,0.000
2024-09-29T09:15:00,3.180,0.00,0.000
2024-09-29T09:00:00,3.180,0.00,0.000
2024-09-29T08:45:00,3.180,0.00,0.000
2024-09-29T08:30:00,3.190,0.00,0.000
2024-09-29T08:15:00,3.190,0.00,0.000
2024-09-29T08:00:00,3.190,0.00,0.000
2024-09-29T07:45:00,3.190,0.00,0.000
2024-09-29T07:30:00,3.200,0.00,0.000
2024-09-29T07:15:00,3.200,0.00,0.000
2024-09-29T07:00:00,3.200,0.00,0.000
2024-09-29T06:45:00,3.200,0.00,0.000
2024-09-29T06:30:00,3.200,0.00,0.000
2024-09-29T06:15:00,3.200,0.00,0.000
2024-09-29T06:00:00,3.200,0.00,0.000
2024-09-29T05:45:00,3.200,0.00,0.000
2024-09-29T05:30:00,3.200,0.00,0.000
2024-09-29T05:15:00,3.210,0.00,0.000
2024-09-29T05:00:00,3.210,0.00,0.000
2024-09-29T04:45:00,3.210,0.00,0.000
2024-09-29T04:30:00,3.210,0.00,0.000
2024-09-29T04:15:00,3.210,0.00,0.000
2024-09-29T04:00:00,3.210,0.00,0.000
2024-09-29T03:45:00,3.210,0.00,0.000
2024-09-29T03:30:00,3.210,0.00,0.000
2024-09-29T03:15:00,3.210,0.00,0.000
2024-09-29T03:00:00,3.210,0.00,0.000
2024-09-29T02:45:00,3.220,0.00,0.000
2024-09-29T02:30:00,3.220,0.00,0.000
2024-09-29T02:15:00,3.220,0.00,0.000
2024-09-29T02:00:00,3.220,0.00,0.000
2024-09-29T01:45:00,3.220,0.00,0.000
2024-09-29T01:30:00,3.220,0.00,0.000
2024-09-29T01:15:00,3.220,0.00,0.000
2024-09-29T01:00:00,3.220,0.00,0.000
2024-09-29T00:45:00,3.220,0.00,0.000
2024-09-29T00:30:00,3.220,0.00,0.000
2024-09-29T00:15:00,3.230,0.00,0.000
2024-09-29T00:00:00,3.230,0.00,0.000
2024-09-28T23:45:00,3.230,0.00,0.000
2024-09-28T23:30:00,3.230,0.00,0.000
2024-09-28T23:15:00,3.230,0.00,0.000
2024-09-28T23:00:00,3.230,0.00,0.000
2024-09-28T22:45:00,3.230,0.00,0.000
2024-09-28T22:30:00,3.240,0.00,0.000
2024-09-28T22:15:00,3.240,0.00,0.000
2024-09-28T22:00:00,3.240,0.00,0.000
2024-09-28T21:45:00,3.240,0.00,0.000
2024-09-28T21:30:00,3.240,0.00,0.000
2024-09-28T21:15:00,3.240,0.00,0.000
2024-09-28T21:00:00,3.240,0.00,0.000
2024-09-28T20:45:00,3.240,0.00,0.000
2024-09-28T20:30:00,3.240,0.00,0.000
2024-09-28T20:15:00,3.240,0.00,0.000
2024-09-28T20:00:00,3.240,0.00,0.000
2024-09-28T19:45:00,3.240,0.00,0.000
2024-09-28T19:30:00,3.240,0.00,0.000
2024-09-28T19:15:00,3.240,0.00,0.000
2024-09-28T19:00:00,3.240,0.00,0.000
2024-09-28T18:45:00,3.240,0.00,0.000
2024-09-28T18:30:00,3.240,0.00,0.000
2024-09-28T18:15:00,3.240,0.00,0.000
2024-09-28T18:00:00,3.240,0.00,0.000
2024-09-28T17:45:00,3.240,11.80,0.000
2024-09-28T17:30:00,3.240,0.00,0.000
2024-09-28T17:15:00,3.240,0.00,0.000
2024-09-28T17:00:00,3.240,0.00,0.000
2024-09-28T16:45:00,3.240,0.00,0.000
2024-09-28T16:30:00,3.240,0.00,0.000
2024-09-28T16:15:00,3.230,0.00,0.000
2024-09-28T16:00:00,3.230,0.00,0.000
2024-09-28T15:45:00,3.230,0.00,0.000
2024-09-28T15:30:00,3.240,0.00,0.000
2024-09-28T15:15:00,3.240,0.00,0.000
2024-09-28T15:00:00,3.240,0.00,0.000
2024-09-28T14:45:00,3.240,0.00,0.000
2024-09-28T14:30:00,3.240,0.00,0.000
2024-09-28T14:15:00,3.240,0.00,0.000
2024-09-28T14:00:00,3.240,0.00,0.000
2024-09-28T13:45:00,3.240,0.00,0.000
2024-09-28T13:30:00,3.240,0.00,0.000
2024-09-28T13:15:00,3.240,17.50,0.000
2024-09-28T13:00:00,3.240,11.80,0.000
2024-09-28T12:45:00,3.240,0.00,0.000
2024-09-28T12:30:00,3.240,0.00,0.000
2024-09-28T12:15:00,3.240,17.80,0.000
2024-09-28T12:00:00,3.230,19.00,0.000
2024-09-28T11:45:00,3.240,16.30,0.000
2024-09-28T11:30:00,3.240,16.50,0.000
2024-09-28T11:15:00,3.230,16.00,0.000
2024-09-28T11:00:00,3.230,14.40,0.000
2024-09-28T10:45:00,3.230,0.00,0.000
2024-09-28T10:30:00,3.230,0.00,0.000
2024-09-28T10:15:00,3.230,0.00,0.000
2024-09-28T10:00:00,3.230,0.00,0.000
2024-09-28T09:45:00,3.220,0.00,0.000
2024-09-28T09:30:00,3.220,0.00,0.000
2024-09-28T09:15:00,3.220,0.00,0.000
2024-09-28T09:00:00,3.220,0.00,0.000
2024-09-28T08:45:00,3.220,0.00,0.000
2024-09-28T08:30:00,3.210,0.00,0.000
2024-09-28T08:15:00,3.210,0.00,0.500
2024-09-28T08:00:00,3.210,0.00,0.000
2024-09-28T07:45:00,3.210,0.00,0.000
2024-09-28T07:30:00,3.210,0.00,0.000
2024-09-28T07:15:00,3.210,0.00,0.000
2024-09-28T07:00:00,3.210,0.00,0.000
2024-09-28T06:45:00,3.210,0.00,0.000
2024-09-28T06:30:00,3.210,0.00,0.000
2024-09-28T06:15:00,3.210,0.00,0.000
2024-09-28T06:00:00,3.200,0.00,0.000
2024-09-28T05:45:00,3.200,0.00,0.000
2024-09-28T05:30:00,3.200,0.00,0.000
2024-09-28T05:15:00,3.200,0.00,0.000
2024-09-28T05:00:00,3.200,0.00,0.000
2024-09-28T04:45:00,3.200,0.00,0.000
2024-09-28T04:30:00,3.190,0.00,0.000
2024-09-28T04:15:00,3.190,0.00,0.000
2024-09-28T04:00:00,3.190,0.00,0.000
2024-09-28T03:45:00,3.190,0.00,0.000
2024-09-28T03:30:00,3.180,0.00,0.000
2024-09-28T03:15:00,3.180,0.00,0.000
2024-09-28T03:00:00,3.180,0.00,0.000
2024-09-28T02:45:00,3.170,0.00,0.000
2024-09-28T02:30:00,3.170,0.00,0.000
2024-09-28T02:15:00,3.170,0.00,0.000
2024-09-28T02:00:00,3.170,0.00,0.000
2024-09-28T01:45:00,3.170,0.00,0.000
2024-09-28T01:30:00,3.160,0.00,0.000
2024-09-28T01:15:00,3.160,0.00,0.000
2024-09-28T01:00:00,3.160,0.00,0.000
2024-09-28T00:45:00,3.160,0.00,0.000
2024-09-28T00:30:00,3.150,0.00,0.000
2024-09-28T00:15:00,3.150,0.00,0.000
2024-09-28T00:00:00,3.150,0.00,0.000
2024-09-27T23:45:00,3.150,0.00,0.000
2024-09-27T23:30:00,3.150,0.00,0.000
2024-09-27T23:15:00,3.150,0.00,0.000
2024-09-27T23:00:00,3.150,0.00,0.000
2024-09-27T22:45:00,3.140,0.00,0.000
2024-09-27T22:30:00,3.140,0.00,0.000
2024-09-27T22:15:00,3.150,0.00,0.000
2024-09-27T22:00:00,3.140,0.00,0.000
2024-09-27T21:45:00,3.140,0.00,0.000
2024-09-27T21:30:00,3.150,0.00,0.000
2024-09-27T21:15:00,3.140,0.00,0.000
2024-09-27T21:00:00,3.140,0.00,0.000
2024-09-27T20:45:00,3.140,0.00,0.000
2024-09-27T20:30:00,3.140,0.00,0.000
2024-09-27T20:15:00,3.150,0.00,0.000
2024-09-27T20:00:00,3.140,0.00,0.000
2024-09-27T19:45:00,3.150,0.00,0.000
2024-09-27T19:30:00,3.140,0.00,0.000
2024-09-27T19:15:00,3.150,0.00,0.000
2024-09-27T19:00:00,3.140,0.00,0.000
2024-09-27T18:45:00,3.150,0.00,0.000
2024-09-27T18:30:00,3.140,0.00,0.000
2024-09-27T18:15:00,3.140,0.00,0.000
2024-09-27T18:00:00,3.140,0.00,0.000
2024-09-27T17:45:00,3.140,0.00,0.000
2024-09-27T17:30:00,3.140,0.00,0.000
2024-09-27T17:15:00,3.140,0.00,0.000
2024-09-27T17:00:00,3.140,0.00,0.000
2024-09-27T16:45:00,3.140,0.00,0.000
2024-09-27T16:30:00,3.140,0.00,0.000
2024-09-27T16:15:00,3.150,0.00,0.000
2024-09-27T16:00:00,3.140,0.00,0.000
2024-09-27T15:45:00,3.140,0.00,0.000
2024-09-27T15:30:00,3.140,0.00,0.000
2024-09-27T15:15:00,3.140,0.00,0.000
2024-09-27T15:00:00,3.130,11.10,0.000
2024-09-27T14:45:00,3.140,11.10,0.000
2024-09-27T14:30:00,3.130,0.00,0.000
2024-09-27T14:15:00,3.130,0.00,0.000
2024-09-27T14:00:00,3.140,0.00,0.000
2024-09-27T13:45:00,3.150,11.10,2.500
2024-09-27T13:30:00,3.140,0.00,1.000
2024-09-27T13:15:00,3.110,10.90,0.000
2024-09-27T13:00:00,3.110,0.00,0.000
2024-09-27T12:45:00,3.110,0.00,0.000
2024-09-27T12:30:00,3.120,14.90,0.000
2024-09-27T12:15:00,3.110,10.90,0.000
2024-09-27T12:00:00,3.120,0.00,0.000
2024-09-27T11:45:00,3.130,0.00,0.000
2024-09-27T11:30:00,3.130,0.00,0.000
2024-09-27T11:15:00,3.130,0.00,0.000
2024-09-27T11:00:00,3.140,0.00,0.000
2024-09-27T10:45:00,3.140,0.00,0.000
2024-09-27T10:30:00,3.140,0.00,0.000
2024-09-27T10:15:00,3.150,0.00,0.000
2024-09-27T10:00:00,3.150,0.00,0.000
2024-09-27T09:45:00,3.160,0.00,0.000
2024-09-27T09:30:00,3.160,0.00,0.000
2024-09-27T09:15:00,3.170,0.00,0.000
2024-09-27T09:00:00,3.170,0.00,0.000
2024-09-27T08:45:00,3.170,0.00,0.000
2024-09-27T08:30:00,3.170,0.00,0.000
2024-09-27T08:15:00,3.180,0.00,0.000
2024-09-27T08:00:00,3.180,0.00,0.000
2024-09-27T07:45:00,3.180,0.00,0.000
2024-09-27T07:30:00,3.190,0.00,0.000
2024-09-27T07:15:00,3.190,0.00,0.000
2024-09-27T07:00:00,3.190,0.00,0.000
2024-09-27T06:45:00,3.190,0.00,0.000
2024-09-27T06:30:00,3.190,0.00,0.000
2024-09-27T06:15:00,3.200,0.00,0.000
2024-09-27T06:00:00,3.200,0.00,0.000
2024-09-27T05:45:00,3.200,0.00,0.000
2024-09-27T05:30:00,3.200,0.00,0.000
2024-09-27T05:15:00,3.210,0.00,0.000
2024-09-27T05:00:00,3.200,0.00,0.000
2024-09-27T04:45:00,3.210,0.00,0.000
2024-09-27T04:30:00,3.210,0.00,0.000
2024-09-27T04:15:00,3.210,0.00,0.000
2024-09-27T04:00:00,3.210,0.00,0.000
2024-09-27T03:45:00,3.210,0.00,0.000
2024-09-27T03:30:00,3.210,0.00,0.000
2024-09-27T03:15:00,3.210,0.00,0.000
2024-09-27T03:00:00,3.220,0.00,0.000
2024-09-27T02:45:00,3.220,0.00,0.000
2024-09-27T02:30:00,3.220,0.00,0.000
2024-09-27T02:15:00,3.230,0.00,0.000
2024-09-27T02:00:00,3.220,0.00,0.000
2024-09-27T01:45:00,3.230,0.00,0.000
2024-09-27T01:30:00,3.230,0.00,0.000
2024-09-27T01:15:00,3.230,0.00,0.000
2024-09-27T01:00:00,3.230,0.00,0.000
2024-09-27T00:45:00,3.240,0.00,0.000
2024-09-27T00:30:00,3.240,0.00,0.000
2024-09-27T00:15:00,3.240,0.00,0.000
2024-09-27T00:00:00,3.240,0.00,0.000
2024-09-26T23:45:00,3.240,0.00,0.000
2024-09-26T23:30:00,3.240,0.00,0.000
2024-09-26T23:15:00,3.240,0.00,0.000
2024-09-26T23:00:00,3.250,0.00,0.000
2024-09-26T22:45:00,3.250,0.00,0.000
2024-09-26T22:30:00,3.250,0.00,0.000
2024-09-26T22:15:00,3.250,0.00,0.000
2024-09-26T22:00:00,3.250,0.00,0.000
2024-09-26T21:45:00,3.250,0.00,0.000
2024-09-26T21:30:00,3.250,0.00,0.000
2024-09-26T21:15:00,3.260,0.00,0.000
2024-09-26T21:00:00,3.260,0.00,0.000
2024-09-26T20:45:00,3.260,0.00,0.000
2024-09-26T20:30:00,3.260,0.00,0.000
2024-09-26T20:15:00,3.260,0.00,0.000
2024-09-26T20:00:00,3.260,0.00,0.000
2024-09-26T19:45:00,3.270,0.00,0.000
2024-09-26T19:30:00,3.270,0.00,0.000
2024-09-26T19:15:00,3.270,0.00,0.000
2024-09-26T19:00:00,3.270,0.00,0.000
2024-09-26T18:45:00,3.270,0.00,0.000
2024-09-26T18:30:00,3.270,0.00,0.000
2024-09-26T18:15:00,3.270,0.00,0.000
2024-09-26T18:00:00,3.280,0.00,0.000
2024-09-26T17:45:00,3.280,0.00,0.000
2024-09-26T17:30:00,3.280,0.00,0.000
2024-09-26T17:15:00,3.280,0.00,0.000
2024-09-26T17:00:00,3.280,12.00,0.000
2024-09-26T16:45:00,3.280,12.00,0.000
2024-09-26T16:30:00,3.280,0.00,0.000
2024-09-26T16:15:00,3.280,0.00,0.000
2024-09-26T16:00:00,3.280,12.10,0.000
2024-09-26T15:45:00,3.280,0.00,0.000
2024-09-26T15:30:00,3.290,0.00,0.000
2024-09-26T15:15:00,3.290,0.00,0.000
2024-09-26T15:00:00,3.290,12.10,1.000
2024-09-26T14:45:00,3.290,12.10,0.000
2024-09-26T14:30:00,3.290,12.80,0.000
2024-09-26T14:15:00,3.290,0.00,0.000
2024-09-26T14:00:00,3.290,0.00,0.000
2024-09-26T13:45:00,3.290,17.20,0.000
2024-09-26T13:30:00,3.300,14.30,0.000
2024-09-26T13:15:00,3.300,0.00,0.000
2024-09-26T13:00:00,3.300,0.00,0.000
2024-09-26T12:45:00,3.300,0.00,0.000
2024-09-26T12:30:00,3.300,0.00,0.000
2024-09-26T12:15:00,3.310,0.00,0.000
2024-09-26T12:00:00,3.310,0.00,0.000
2024-09-26T11:45:00,3.310,0.00,0.000
2024-09-26T11:30:00,3.310,0.00,0.000
2024-09-26T11:15:00,3.310,0.00,0.000
2024-09-26T11:00:00,3.320,0.00,0.000
2024-09-26T10:45:00,3.320,0.00,0.000
2024-09-26T10:30:00,3.320,0.00,0.000
2024-09-26T10:15:00,3.320,19.10,0.000
2024-09-26T10:00:00,3.320,18.00,0.000
2024-09-26T09:45:00,3.320,0.00,0.500
2024-09-26T09:30:00,3.320,14.10,0.000
2024-09-26T09:15:00,3.330,0.00,0.000
2024-09-26T09:00:00,3.330,0.00,0.000
2024-09-26T08:45:00,3.330,0.00,0.000
2024-09-26T08:30:00,3.330,0.00,0.000
2024-09-26T08:15:00,3.330,0.00,0.000
2024-09-26T08:00:00,3.340,0.00,0.000
2024-09-26T07:45:00,3.340,0.00,0.000
2024-09-26T07:30:00,3.340,0.00,0.000
2024-09-26T07:15:00,3.340,0.00,0.000
2024-09-26T07:00:00,3.340,0.00,0.000
2024-09-26T06:45:00,3.340,0.00,0.000
2024-09-26T06:30:00,3.350,0.00,0.000
2024-09-26T06:15:00,3.350,0.00,0.000
2024-09-26T06:00:00,3.350,0.00,0.000
2024-09-26T05:45:00,3.350,0.00,0.000
2024-09-26T05:30:00,3.350,0.00,0.000
2024-09-26T05:15:00,3.350,0.00,0.000
2024-09-26T05:00:00,3.360,0.00,0.000
2024-09-26T04:45:00,3.360,0.00,0.000
2024-09-26T04:30:00,3.360,0.00,0.000
2024-09-26T04:15:00,3.360,0.00,0.000
2024-09-26T04:00:00,3.360,0.00,0.000
2024-09-26T03:45:00,3.360,0.00,0.000
2024-09-26T03:30:00,3.360,0.00,0.000
2024-09-26T03:15:00,3.360,0.00,0.000
2024-09-26T03:00:00,3.360,0.00,0.000
2024-09-26T02:45:00,3.360,0.00,0.000
2024-09-26T02:30:00,3.370,0.00,0.000
2024-09-26T02:15:00,3.370,0.00,0.000
2024-09-26T02:00:00,3.370,0.00,0.000
2024-09-26T01:45:00,3.370,0.00,0.000
2024-09-26T01:30:00,3.370,0.00,0.000
2024-09-26T01:15:00,3.370,0.00,0.000
2024-09-26T01:00:00,3.370,0.00,0.000
2024-09-26T00:45:00,3.380,0.00,0.000
2024-09-26T00:30:00,3.380,0.00,0.000
2024-09-26T00:15:00,3.380,0.00,0.000
2024-09-26T00:00:00,3.380,0.00,0.000
2024-09-25T23:45:00,3.380,0.00,0.000
2024-09-25T23:30:00,3.380,0.00,0.000
2024-09-25T23:15:00,3.380,0.00,0.000
2024-09-25T23:00:00,3.380,0.00,0.000
2024-09-25T22:45:00,3.380,0.00,0.000
2024-09-25T22:30:00,3.390,0.00,0.000
2024-09-25T22:15:00,3.390,0.00,0.000
2024-09-25T22:00:00,3.390,0.00,0.000
2024-09-25T21:45:00,3.390,0.00,0.000
2024-09-25T21:30:00,3.390,0.00,0.000
2024-09-25T21:15:00,3.390,0.00,0.000
2024-09-25T21:00:00,3.390,0.00,0.000
2024-09-25T20:45:00,3.390,0.00,0.000
2024-09-25T20:30:00,3.400,0.00,0.000
2024-09-25T20:15:00,3.390,0.00,0.000
2024-09-25T20:00:00,3.400,0.00,0.000
2024-09-25T19:45:00,3.400,0.00,0.000
2024-09-25T19:30:00,3.400,0.00,0.000
2024-09-25T19:15:00,3.400,0.00,0.000
2024-09-25T19:00:00,3.400,0.00,0.000
2024-09-25T18:45:00,3.400,0.00,0.000
2024-09-25T18:30:00,3.400,0.00,0.000
2024-09-25T18:15:00,3.400,12.90,0.000
2024-09-25T18:00:00,3.410,0.00,0.000
2024-09-25T17:45:00,3.410,12.90,0.000
2024-09-25T17:30:00,3.400,12.90,0.000
2024-09-25T17:15:00,3.400,12.90,0.000
2024-09-25T17:00:00,3.400,12.90,0.000
2024-09-25T16:45:00,3.410,12.90,0.000
2024-09-25T16:30:00,3.410,13.00,0.000
2024-09-25T16:15:00,3.410,12.90,0.000
2024-09-25T16:00:00,3.410,12.90,0.000
2024-09-25T15:45:00,3.410,0.00,0.000
2024-09-25T15:30:00,3.410,13.00,0.000
2024-09-25T15:15:00,3.410,0.00,0.000
2024-09-25T15:00:00,3.410,0.00,0.000
2024-09-25T14:45:00,3.410,0.00,0.000
2024-09-25T14:30:00,3.410,0.00,0.000
2024-09-25T14:15:00,3.410,0.00,0.000
2024-09-25T14:00:00,3.420,0.00,0.000
2024-09-25T13:45:00,3.420,0.00,0.000
2024-09-25T13:30:00,3.420,0.00,0.000
2024-09-25T13:15:00,3.420,0.00,0.000
2024-09-25T13:00:00,3.420,0.00,0.000
2024-09-25T12:45:00,3.420,0.00,0.000
2024-09-25T12:30:00,3.420,0.00,0.000
2024-09-25T12:15:00,3.420,0.00,0.000
2024-09-25T12:00:00,3.420,0.00,0.000
2024-09-25T11:45:00,3.420,0.00,0.000
2024-09-25T11:30:00,3.420,0.00,0.000
2024-09-25T11:15:00,3.420,0.00,0.000
2024-09-25T11:00:00,3.420,19.70,0.000
2024-09-25T10:45:00,3.420,20.20,0.000
2024-09-25T10:30:00,3.430,0.00,0.000
2024-09-25T10:15:00,3.430,0.00,0.000
2024-09-25T10:00:00,3.430,0.00,0.000
2024-09-25T09:45:00,3.430,0.00,0.000
2024-09-25T09:30:00,3.430,0.00,0.000
2024-09-25T09:15:00,3.430,0.00,0.000
2024-09-25T09:00:00,3.430,0.00,0.000
2024-09-25T08:45:00,3.430,0.00,0.000
2024-09-25T08:30:00,3.430,0.00,0.000
2024-09-25T08:15:00,3.430,0.00,0.000
2024-09-25T08:00:00,3.440,0.00,0.000
2024-09-25T07:45:00,3.430,0.00,0.000
2024-09-25T07:30:00,3.440,0.00,0.000
2024-09-25T07:15:00,3.440,0.00,0.000
2024-09-25T07:00:00,3.440,0.00,0.000
2024-09-25T06:45:00,3.440,0.00,0.000
2024-09-25T06:30:00,3.440,0.00,0.000
2024-09-25T06:15:00,3.440,18.30,0.000
2024-09-25T06:00:00,3.440,18.50,0.000
2024-09-25T05:45:00,3.440,17.00,0.000
2024-09-25T05:30:00,3.440,17.10,0.000
2024-09-25T05:15:00,3.440,18.00,0.000
2024-09-25T05:00:00,3.440,0.00,0.000
2024-09-25T04:45:00,3.440,0.00,0.000
2024-09-25T04:30:00,3.440,0.00,0.000
2024-09-25T04:15:00,3.440,0.00,0.000
2024-09-25T04:00:00,3.440,0.00,0.500
2024-09-25T03:45:00,3.440,17.00,0.000
2024-09-25T03:30:00,3.440,0.00,0.000
2024-09-25T03:15:00,3.440,0.00,0.000
2024-09-25T03:00:00,3.440,0.00,0.000
2024-09-25T02:45:00,3.440,14.80,0.000
2024-09-25T02:30:00,3.440,15.20,0.000
2024-09-25T02:15:00,3.450,0.00,0.000
2024-09-25T02:00:00,3.440,0.00,0.000
2024-09-25T01:45:00,3.440,0.00,0.000
2024-09-25T01:30:00,3.440,0.00,0.000
2024-09-25T01:15:00,3.440,0.00,0.000
2024-09-25T01:00:00,3.440,0.00,0.000
2024-09-25T00:45:00,3.450,0.00,0.000
2024-09-25T00:30:00,3.440,0.00,0.000
2024-09-25T00:15:00,3.440,0.00,0.000
2024-09-25T00:00:00,3.450,0.00,0.000
2024-09-24T23:45:00,3.440,0.00,0.000
2024-09-24T23:30:00,3.440,0.00,0.000
2024-09-24T23:15:00,3.440,0.00,0.000
2024-09-24T23:00:00,3.440,0.00,0.000
2024-09-24T22:45:00,3.450,0.00,0.000
2024-09-24T22:30:00,3.440,0.00,0.000
2024-09-24T22:15:00,3.440,0.00,0.000
2024-09-24T22:00:00,3.440,0.00,0.000
2024-09-24T21:45:00,3.440,0.00,0.000
2024-09-24T21:30:00,3.440,0.00,0.000
2024-09-24T21:15:00,3.440,0.00,0.000
2024-09-24T21:00:00,3.440,0.00,0.000
2024-09-24T20:45:00,3.440,0.00,0.000
2024-09-24T20:30:00,3.440,0.00,0.000
2024-09-24T20:15:00,3.440,0.00,0.500
2024-09-24T20:00:00,3.440,0.00,0.000
2024-09-24T19:45:00,3.440,0.00,0.000
2024-09-24T19:30:00,3.440,0.00,0.000
2024-09-24T19:15:00,3.440,0.00,0.500
2024-09-24T19:00:00,3.440,0.00,0.000
2024-09-24T18:45:00,3.440,0.00,0.500
2024-09-24T18:30:00,3.440,0.00,0.000
2024-09-24T18:15:00,3.430,0.00,0.000
2024-09-24T18:00:00,3.430,0.00,0.000
2024-09-24T17:45:00,3.430,13.10,0.000
2024-09-24T17:30:00,3.430,13.10,0.500
2024-09-24T17:15:00,3.430,0.00,0.500
2024-09-24T17:00:00,3.430,0.00,0.500
2024-09-24T16:45:00,3.430,0.00,0.000
2024-09-24T16:30:00,3.420,13.10,0.000
2024-09-24T16:15:00,3.420,0.00,0.500
2024-09-24T16:00:00,3.420,0.00,0.000
2024-09-24T15:45:00,3.410,0.00,1.000
2024-09-24T15:30:00,3.410,0.00,0.500
2024-09-24T15:15:00,3.410,16.10,0.500
2024-09-24T15:00:00,3.410,0.00,1.500
2024-09-24T14:45:00,3.400,17.50,0.500
2024-09-24T14:30:00,3.410,21.50,2.500
2024-09-24T14:15:00,3.400,18.00,0.000
2024-09-24T14:00:00,3.400,17.20,0.000
2024-09-24T13:45:00,3.400,0.00,0.000
2024-09-24T13:30:00,3.400,0.00,0.000
2024-09-24T13:15:00,3.400,0.00,0.000
2024-09-24T13:00:00,3.400,19.90,0.000
2024-09-24T12:45:00,3.400,20.10,0.000
2024-09-24T12:30:00,3.400,0.00,0.000
2024-09-24T12:15:00,3.400,19.00,0.000
2024-09-24T12:00:00,3.400,19.10,0.000
2024-09-24T11:45:00,3.400,0.00,0.000
2024-09-24T11:30:00,3.400,0.00,0.000
2024-09-24T11:15:00,3.400,0.00,0.000
2024-09-24T11:00:00,3.400,0.00,0.000
2024-09-24T10:45:00,3.400,0.00,0.000
2024-09-24T10:30:00,3.400,0.00,0.000
2024-09-24T10:15:00,3.410,0.00,0.000
2024-09-24T10:00:00,3.410,0.00,0.000
2024-09-24T09:45:00,3.410,0.00,0.000
2024-09-24T09:30:00,3.410,0.00,0.000
2024-09-24T09:15:00,3.410,0.00,0.000
2024-09-24T09:00:00,3.420,0.00,0.000
2024-09-24T08:45:00,3.420,0.00,0.000
2024-09-24T08:30:00,3.420,0.00,0.000
2024-09-24T08:15:00,3.420,0.00,0.000
2024-09-24T08:00:00,3.420,0.00,0.000
2024-09-24T07:45:00,3.420,0.00,0.000
2024-09-24T07:30:00,3.420,0.00,0.000
2024-09-24T07:15:00,3.420,0.00,0.000
2024-09-24T07:00:00,3.420,0.00,0.000
2024-09-24T06:45:00,3.420,0.00,0.000
2024-09-24T06:30:00,3.420,0.00,0.000
2024-09-24T06:15:00,3.410,0.00,0.000
2024-09-24T06:00:00,3.410,0.00,0.000
2024-09-24T05:45:00,3.410,0.00,0.000
2024-09-24T05:30:00,3.410,0.00,0.000
2024-09-24T05:15:00,3.410,0.00,0.000
2024-09-24T05:00:00,3.410,0.00,0.000
2024-09-24T04:45:00,3.410,0.00,0.000
2024-09-24T04:30:00,3.410,0.00,0.000
2024-09-24T04:15:00,3.410,0.00,0.500
2024-09-24T04:00:00,3.410,0.00,0.000
2024-09-24T03:45:00,3.410,0.00,0.000
2024-09-24T03:30:00,3.410,0.00,0.000
2024-09-24T03:15:00,3.410,13.00,0.500
2024-09-24T03:00:00,3.400,0.00,2.000
2024-09-24T02:45:00,3.400,0.00,0.000
2024-09-24T02:30:00,3.400,0.00,0.000
2024-09-24T02:15:00,3.400,0.00,0.000
2024-09-24T02:00:00,3.400,0.00,0.000
2024-09-24T01:45:00,3.400,0.00,0.000
2024-09-24T01:30:00,3.400,0.00,0.000
2024-09-24T01:15:00,3.400,0.00,0.000
2024-09-24T01:00:00,3.400,0.00,0.000
2024-09-24T00:45:00,3.400,0.00,0.000
2024-09-24T00:30:00,3.390,0.00,0.000
2024-09-24T00:15:00,3.390,0.00,0.000
2024-09-24T00:00:00,3.390,0.00,0.000
2024-09-23T23:45:00,3.390,0.00,0.000
2024-09-23T23:30:00,3.390,0.00,0.000
2024-09-23T23:15:00,3.390,0.00,0.000
2024-09-23T23:00:00,3.390,0.00,0.000
2024-09-23T22:45:00,3.390,0.00,0.000
2024-09-23T22:30:00,3.390,0.00,0.000
2024-09-23T22:15:00,3.390,0.00,0.000
2024-09-23T22:00:00,3.390,0.00,0.000
2024-09-23T21:45:00,3.390,0.00,0.000
2024-09-23T21:30:00,3.380,0.00,0.000
2024-09-23T21:15:00,3.380,0.00,0.000
2024-09-23T21:00:00,3.380,0.00,0.000
2024-09-23T20:45:00,3.380,0.00,0.000
2024-09-23T20:30:00,3.380,0.00,0.000
2024-09-23T20:15:00,3.380,0.00,0.000
2024-09-23T20:00:00,3.370,0.00,0.000
2024-09-23T19:45:00,3.370,0.00,0.000
2024-09-23T19:30:00,3.370,0.00,0.000
2024-09-23T19:15:00,3.370,0.00,0.000
2024-09-23T19:00:00,3.370,0.00,0.000
2024-09-23T18:45:00,3.360,0.00,0.000
2024-09-23T18:30:00,3.360,0.00,3.000
2024-09-23T18:15:00,3.360,22.60,4.500
2024-09-23T18:00:00,3.360,17.10,0.500
2024-09-23T17:45:00,3.350,17.80,0.500
2024-09-23T17:30:00,3.350,0.00,0.000
2024-09-23T17:15:00,3.350,0.00,0.000
2024-09-23T17:00:00,3.340,0.00,0.000
2024-09-23T16:45:00,3.340,0.00,0.000
2024-09-23T16:30:00,3.340,0.00,0.000
2024-09-23T16:15:00,3.340,0.00,0.000
2024-09-23T16:00:00,3.340,0.00,0.000
2024-09-23T15:45:00,3.340,0.00,0.000
2024-09-23T15:30:00,3.330,0.00,0.000
2024-09-23T15:15:00,3.330,0.00,0.000
2024-09-23T15:00:00,3.330,0.00,0.000
2024-09-23T14:45:00,3.330,12.40,0.000
2024-09-23T14:30:00,3.330,15.60,0.500
2024-09-23T14:15:00,3.330,0.00,0.000
2024-09-23T14:00:00,3.320,0.00,0.000
2024-09-23T13:45:00,3.300,0.00,0.000
2024-09-23T13:30:00,3.300,0.00,0.000
2024-09-23T13:15:00,3.300,0.00,0.000
2024-09-23T13:00:00,3.290,0.00,0.000
2024-09-23T12:45:00,3.290,0.00,0.000
2024-09-23T12:30:00,3.280,0.00,0.000
2024-09-23T12:15:00,3.280,20.60,0.000
2024-09-23T12:00:00,3.280,0.00,0.000
2024-09-23T11:45:00,3.270,0.00,0.000
2024-09-23T11:30:00,3.270,18.70,0.000
2024-09-23T11:15:00,3.260,0.00,0.000
2024-09-23T11:00:00,3.260,0.00,0.000
2024-09-23T10:45:00,3.250,0.00,0.000
2024-09-23T10:30:00,3.250,0.00,0.000
2024-09-23T10:15:00,3.250,0.00,0.000
2024-09-23T10:00:00,3.240,0.00,0.000
2024-09-23T09:45:00,3.240,0.00,0.000
2024-09-23T09:30:00,3.240,0.00,0.000
2024-09-23T09:15:00,3.240,0.00,0.000
2024-09-23T09:00:00,3.240,0.00,0.000
2024-09-23T08:45:00,3.230,0.00,0.000
2024-09-23T08:30:00,3.230,0.00,0.000
2024-09-23T08:15:00,3.230,0.00,0.000
2024-09-23T08:00:00,3.230,0.00,0.000
2024-09-23T07:45:00,3.220,0.00,0.000
2024-09-23T07:30:00,3.220,0.00,0.000
2024-09-23T07:15:00,3.210,0.00,0.000
2024-09-23T07:00:00,3.210,0.00,0.000
2024-09-23T06:45:00,3.210,0.00,0.000
2024-09-23T06:30:00,3.210,0.00,0.000
2024-09-23T06:15:00,3.200,0.00,0.000
2024-09-23T06:00:00,3.200,18.60,0.000
2024-09-23T05:45:00,3.190,0.00,0.000
2024-09-23T05:30:00,3.190,0.00,0.000
2024-09-23T05:15:00,3.190,0.00,0.000
2024-09-23T05:00:00,3.180,0.00,0.000
2024-09-23T04:45:00,3.170,0.00,0.000
2024-09-23T04:30:00,3.170,0.00,0.000
2024-09-23T04:15:00,3.170,0.00,0.000
2024-09-23T04:00:00,3.160,0.00,0.000
2024-09-23T03:45:00,3.160,0.00,0.000
2024-09-23T03:30:00,3.150,15.80,0.000
2024-09-23T03:15:00,3.150,15.80,0.000
2024-09-23T03:00:00,3.140,16.30,0.000
2024-09-23T02:45:00,3.130,0.00,0.000
2024-09-23T02:30:00,3.130,0.00,0.000
2024-09-23T02:15:00,3.120,0.00,0.000
2024-09-23T02:00:00,3.110,0.00,0.000
2024-09-23T01:45:00,3.110,0.00,0.000
2024-09-23T01:30:00,3.100,0.00,0.000
2024-09-23T01:15:00,3.090,0.00,0.000
2024-09-23T01:00:00,3.080,15.50,0.000
2024-09-23T00:45:00,3.080,15.40,0.000
2024-09-23T00:30:00,3.070,15.10,0.000
2024-09-23T00:15:00,3.060,14.40,0.000
2024-09-23T00:00:00,3.050,14.60,0.000
2024-10-06T23:45:00,3.320,0.00,0.000
2024-10-06T23:30:00,3.330,0.00,0.000
2024-10-06T23:15:00,3.330,0.00,0.000
2024-10-06T23:00:00,3.330,0.00,0.000
2024-10-06T22:45:00,3.330,0.00,0.000
2024-10-06T22:30:00,3.340,0.00,0.000
2024-10-06T22:15:00,3.340,0.00,0.000
2024-10-06T22:00:00,3.340,0.00,0.000
2024-10-06T21:45:00,3.340,0.00,0.000
2024-10-06T21:30:00,3.340,0.00,0.000
2024-10-06T21:15:00,3.340,0.00,0.000
2024-10-06T21:00:00,3.340,0.00,0.000
2024-10-06T20:45:00,3.350,0.00,0.000
2024-10-06T20:30:00,3.350,0.00,0.000
2024-10-06T20:15:00,3.350,0.00,0.000
2024-10-06T20:00:00,3.350,0.00,0.000
2024-10-06T19:45:00,3.350,0.00,0.000
2024-10-06T19:30:00,3.340,0.00,0.000
2024-10-06T19:15:00,3.360,0.00,0.000
2024-10-06T19:00:00,3.350,0.00,0.000
2024-10-06T18:45:00,3.350,0.00,0.000
2024-10-06T18:30:00,3.360,0.00,0.000
2024-10-06T18:15:00,3.360,0.00,0.000
2024-10-06T18:00:00,3.350,0.00,0.000
2024-10-06T17:45:00,3.350,0.00,0.000
2024-10-06T17:30:00,3.350,0.00,0.000
2024-10-06T17:15:00,3.360,0.00,0.000
2024-10-06T17:00:00,4.000,0.00,0.000
2024-10-06T16:45:00,3.360,0.00,0.000
2024-10-06T16:30:00,3.360,0.00,0.000
2024-10-06T16:15:00,3.360,0.00,0.000
2024-10-06T16:00:00,3.350,0.00,0.000
2024-10-06T15:45:00,3.350,0.00,0.000
2024-10-06T15:30:00,3.350,0.00,0.000
2024-10-06T15:15:00,3.340,0.00,0.000
2024-10-06T15:00:00,3.340,0.00,0.000
2024-10-06T14:45:00,3.340,0.00,0.000
2024-10-06T14:30:00,3.360,0.00,0.000
2024-10-06T14:15:00,3.350,0.00,0.000
2024-10-06T14:00:00,3.350,0.00,0.000
2024-10-06T13:45:00,3.360,0.00,0.000
2024-10-06T13:30:00,3.350,0.00,0.000
2024-10-06T13:15:00,3.360,0.00,0.000
2024-10-06T13:00:00,3.360,0.00,0.000
2024-10-06T12:45:00,3.370,0.00,0.000
2024-10-06T12:30:00,3.360,0.00,0.000
2024-10-06T12:15:00,3.370,0.00,0.000
2024-10-06T12:00:00,3.370,0.00,0.000
2024-10-06T11:45:00,3.380,0.00,0.000
2024-10-06T11:30:00,3.380,0.00,0.000
2024-10-06T11:15:00,3.380,0.00,0.000
2024-10-06T11:00:00,3.380,0.00,0.000
2024-10-06T10:45:00,3.390,0.00,0.000
2024-10-06T10:30:00,3.390,0.00,0.000
2024-10-06T10:15:00,3.390,0.00,0.000
2024-10-06T10:00:00,3.390,0.00,0.000
2024-10-06T09:45:00,3.390,0.00,0.000
2024-10-06T09:30:00,3.390,0.00,0.000
2024-10-06T09:15:00,3.390,0.00,0.000
2024-10-06T09:00:00,3.390,0.00,0.000
2024-10-06T08:45:00,3.400,0.00,0.000
2024-10-06T08:30:00,3.760,0.00,0.000
2024-10-06T08:15:00,3.400,0.00,0.000
2024-10-06T08:00:00,3.410,0.00,0.000
2024-10-06T07:45:00,3.410,0.00,0.000
2024-10-06T07:30:00,3.410,0.00,0.000
2024-10-06T07:15:00,3.420,0.00,0.000
2024-10-06T07:00:00,3.420,0.00,0.000
2024-10-06T06:45:00,3.420,0.00,0.000
2024-10-06T06:30:00,3.440,0.00,0.000
2024-10-06T06:15:00,3.420,0.00,0.000
2024-10-06T06:00:00,3.430,0.00,0.000
2024-10-06T05:45:00,3.430,0.00,0.000
2024-10-06T05:30:00,3.430,0.00,0.000
2024-10-06T05:15:00,3.420,0.00,0.000
2024-10-06T05:00:00,3.440,0.00,0.000
2024-10-06T04:45:00,3.430,0.00,0.000
2024-10-06T04:30:00,3.440,0.00,0.000
2024-10-06T04:15:00,3.430,0.00,0.000
2024-10-06T04:00:00,3.430,0.00,0.000
2024-10-06T03:45:00,3.440,0.00,0.000
2024-10-06T03:30:00,3.430,0.00,0.000
2024-10-06T03:15:00,3.440,0.00,0.000
2024-10-06T03:00:00,3.440,0.00,0.000
2024-10-06T02:45:00,3.440,0.00,0.000
2024-10-06T02:30:00,3.450,0.00,0.000
2024-10-06T02:15:00,3.450,0.00,0.000
2024-10-06T02:00:00,3.450,0.00,0.000
2024-10-06T01:45:00,3.450,0.00,0.000
2024-10-06T01:30:00,3.450,0.00,0.000
2024-10-06T01:15:00,3.450,0.00,0.000
2024-10-06T01:00:00,3.460,0.00,0.000
2024-10-06T00:45:00,3.460,0.00,0.000
2024-10-06T00:30:00,3.460,0.00,0.000
2024-10-06T00:15:00,3.460,0.00,0.000
2024-10-06T00:00:00,3.460,0.00,0.000
2024-10-05T23:45:00,3.460,0.00,0.000
2024-10-05T23:30:00,3.470,0.00,0.000
2024-10-05T23:15:00,3.470,0.00,0.000
2024-10-05T23:00:00,3.470,0.00,0.000
2024-10-05T22:45:00,3.470,0.00,0.000
2024-10-05T22:30:00,3.470,0.00,0.000
2024-10-05T22:15:00,3.470,0.00,0.000
2024-10-05T22:00:00,3.470,0.00,0.000
2024-10-05T21:45:00,3.480,0.00,0.000
2024-10-05T21:30:00,3.480,0.00,0.000
2024-10-05T21:15:00,3.480,0.00,0.000
2024-10-05T21:00:00,3.480,0.00,0.000
2024-10-05T20:45:00,3.480,0.00,0.000
2024-10-05T20:30:00,3.480,0.00,0.000
2024-10-05T20:15:00,3.480,0.00,0.000
2024-10-05T20:00:00,3.480,0.00,0.000
2024-10-05T19:45:00,3.480,0.00,0.000
2024-10-05T19:30:00,3.480,0.00,0.000
2024-10-05T19:15:00,3.480,0.00,0.000
2024-10-05T19:00:00,3.480,0.00,0.000
2024-10-05T18:45:00,3.480,0.00,0.000
2024-10-05T18:30:00,3.480,0.00,0.000
2024-10-05T18:15:00,3.480,0.00,0.000
2024-10-05T18:00:00,3.480,0.00,0.000
2024-10-05T17:45:00,3.480,0.00,0.000
2024-10-05T17:30:00,3.480,0.00,0.000
2024-10-05T17:15:00,3.500,0.00,0.000
2024-10-05T17:00:00,3.480,0.00,0.000
2024-10-05T16:45:00,3.480,0.00,0.000
2024-10-05T16:30:00,3.480,0.00,0.000
2024-10-05T16:15:00,3.480,0.00,0.000
2024-10-05T16:00:00,3.480,0.00,0.000
2024-10-05T15:45:00,3.480,0.00,0.000
2024-10-05T15:30:00,3.480,0.00,0.000
2024-10-05T15:15:00,3.480,0.00,0.000
2024-10-05T15:00:00,3.480,0.00,0.000
2024-10-05T14:45:00,3.480,0.00,0.000
2024-10-05T14:30:00,3.480,0.00,0.000
2024-10-05T14:15:00,3.490,0.00,0.000
2024-10-05T14:00:00,3.480,0.00,0.000
2024-10-05T13:45:00,3.490,0.00,0.000
2024-10-05T13:30:00,3.490,0.00,0.000
2024-10-05T13:15:00,3.490,0.00,0.000
2024-10-05T13:00:00,3.490,0.00,0.000
2024-10-05T12:45:00,3.490,0.00,0.000
2024-10-05T12:30:00,3.490,0.00,0.000
2024-10-05T12:15:00,3.500,0.00,0.000
2024-10-05T12:00:00,3.490,0.00,0.000
2024-10-05T11:45:00,-2.630,0.00,0.000
2024-10-05T11:30:00,3.490,0.00,0.000
2024-10-05T11:15:00,3.490,0.00,0.000
2024-10-05T11:00:00,3.490,0.00,0.000
2024-10-05T10:45:00,3.500,0.00,0.000
2024-10-05T10:30:00,3.500,0.00,0.000
2024-10-05T10:15:00,3.500,0.00,0.000
2024-10-05T10:00:00,3.500,0.00,0.000
2024-10-05T09:45:00,3.500,0.00,0.000
2024-10-05T09:30:00,3.500,0.00,0.000
2024-10-05T09:15:00,3.500,0.00,0.000
2024-10-05T09:00:00,3.500,0.00,0.000
2024-10-05T08:45:00,3.500,0.00,0.000
2024-10-05T08:30:00,3.500,0.00,0.000
2024-10-05T08:15:00,3.500,13.60,0.000
2024-10-05T08:00:00,3.500,13.60,0.000
2024-10-05T07:45:00,3.510,0.00,0.000
2024-10-05T07:30:00,3.510,0.00,0.000
2024-10-05T07:15:00,3.510,0.00,0.000
2024-10-05T07:00:00,3.510,0.00,0.000
2024-10-05T06:45:00,3.510,0.00,0.000
2024-10-05T06:30:00,3.510,0.00,0.000
2024-10-05T06:15:00,3.510,0.00,0.000
2024-10-05T06:00:00,3.510,0.00,0.000
2024-10-05T05:45:00,3.510,0.00,0.000
2024-10-05T05:30:00,3.510,0.00,0.000
2024-10-05T05:15:00,3.510,0.00,0.000
2024-10-05T05:00:00,3.510,0.00,0.000
2024-10-05T04:45:00,3.510,0.00,0.000
2024-10-05T04:30:00,3.510,0.00,0.000
2024-10-05T04:15:00,3.510,0.00,0.000
2024-10-05T04:00:00,3.510,0.00,0.000
2024-10-05T03:45:00,3.510,0.00,0.000
2024-10-05T03:30:00,3.510,0.00,0.000
2024-10-05T03:15:00,3.510,0.00,0.000
2024-10-05T03:00:00,3.510,0.00,0.000
2024-10-05T02:45:00,3.510,0.00,0.000
2024-10-05T02:30:00,3.510,0.00,0.000
2024-10-05T02:15:00,3.510,0.00,0.000
2024-10-05T02:00:00,3.510,0.00,0.000
2024-10-05T01:45:00,3.510,0.00,0.000
2024-10-05T01:30:00,3.510,0.00,0.000
2024-10-05T01:15:00,3.510,0.00,0.000
2024-10-05T01:00:00,3.510,0.00,0.000
2024-10-05T00:45:00,3.510,0.00,0.000
2024-10-05T00:30:00,3.510,0.00,0.000
2024-10-05T00:15:00,3.630,0.00,0.000
2024-10-05T00:00:00,3.620,0.00,0.000
2024-10-04T23:45:00,3.530,0.00,0.000
2024-10-04T23:30:00,3.510,0.00,0.000
2024-10-04T23:15:00,3.520,0.00,0.000
2024-10-04T23:00:00,3.510,0.00,0.000
2024-10-04T22:45:00,3.520,0.00,0.000
2024-10-04T22:30:00,3.620,0.00,0.000
2024-10-04T22:15:00,3.540,0.00,0.000
2024-10-04T22:00:00,3.530,0.00,0.000
2024-10-04T21:45:00,3.540,0.00,0.000
2024-10-04T21:30:00,3.540,0.00,0.000
2024-10-04T21:15:00,3.530,0.00,0.000
2024-10-04T21:00:00,3.530,0.00,0.000
2024-10-04T20:45:00,3.530,0.00,0.000
2024-10-04T20:30:00,3.520,0.00,0.000
2024-10-04T20:15:00,3.530,0.00,0.000
2024-10-04T20:00:00,3.640,0.00,0.000
2024-10-04T19:45:00,3.520,0.00,0.000
2024-10-04T19:30:00,3.530,0.00,0.000
2024-10-04T19:15:00,3.540,0.00,0.000
2024-10-04T19:00:00,3.520,0.00,0.000
2024-10-04T18:45:00,3.640,0.00,0.500
2024-10-04T18:30:00,3.510,0.00,0.000
2024-10-04T18:15:00,3.640,0.00,0.000
2024-10-04T18:00:00,3.510,0.00,0.000
2024-10-04T17:45:00,3.520,0.00,0.000
2024-10-04T17:30:00,3.510,0.00,0.000
2024-10-04T17:15:00,3.520,0.00,0.000
2024-10-04T17:00:00,3.550,0.00,0.000
2024-10-04T16:45:00,3.510,0.00,0.000
2024-10-04T16:30:00,3.520,0.00,0.000
2024-10-04T16:15:00,3.520,0.00,0.000
2024-10-04T16:00:00,3.520,0.00,0.000
2024-10-04T15:45:00,3.520,0.00,0.000
2024-10-04T15:30:00,3.520,0.00,0.000
2024-10-04T15:15:00,3.530,0.00,1.000
2024-10-04T15:00:00,3.520,0.00,0.000
2024-10-04T14:45:00,3.520,0.00,0.000
2024-10-04T14:30:00,3.520,0.00,0.000
2024-10-04T14:15:00,3.520,0.00,0.000
2024-10-04T14:00:00,3.530,0.00,0.000
2024-10-04T13:45:00,3.520,0.00,0.000
2024-10-04T13:30:00,3.530,0.00,0.000
2024-10-04T13:15:00,3.530,0.00,0.000
2024-10-04T13:00:00,3.520,0.00,0.000
2024-10-04T12:45:00,3.530,0.00,0.000
2024-10-04T12:30:00,3.530,0.00,0.000
2024-10-04T12:15:00,3.530,0.00,0.000
2024-10-04T12:00:00,3.520,0.00,0.500
2024-10-04T11:45:00,3.520,0.00,0.000
2024-10-04T11:30:00,3.530,0.00,0.000
2024-10-04T11:15:00,3.530,0.00,0.000
2024-10-04T11:00:00,3.530,0.00,0.000
2024-10-04T10:45:00,3.530,0.00,0.000
2024-10-04T10:30:00,4.040,0.00,0.000
2024-10-04T10:15:00,3.540,0.00,0.000
2024-10-04T10:00:00,3.540,13.90,0.000
2024-10-04T09:45:00,3.530,0.00,0.000
2024-10-04T09:30:00,3.530,0.00,0.500
2024-10-04T09:15:00,3.540,13.90,4.500
2024-10-04T09:00:00,3.530,13.80,4.000
2024-10-04T08:45:00,3.530,0.00,8.000
2024-10-04T08:30:00,3.530,183.90,4.500
2024-10-04T08:15:00,3.530,0.00,0.000
2024-10-04T08:00:00,3.530,13.80,0.000
2024-10-04T07:45:00,3.530,0.00,0.000
2024-10-04T07:30:00,3.530,0.00,0.000
2024-10-04T07:15:00,3.530,0.00,0.000
2024-10-04T07:00:00,3.530,0.00,0.000
2024-10-04T06:45:00,3.540,0.00,0.000
2024-10-04T06:30:00,3.530,13.80,0.000
2024-10-04T06:15:00,3.530,0.00,0.000
2024-10-04T06:00:00,3.530,13.80,0.000
2024-10-04T05:45:00,3.540,0.00,0.000
2024-10-04T05:30:00,3.550,13.90,0.000
2024-10-04T05:15:00,3.550,14.00,0.000
2024-10-04T05:00:00,3.550,0.00,0.000
2024-10-04T04:45:00,3.550,0.00,0.000
2024-10-04T04:30:00,3.550,0.00,0.000
2024-10-04T04:15:00,3.550,0.00,0.000
2024-10-04T04:00:00,3.550,0.00,0.000
2024-10-04T03:45:00,3.550,0.00,0.000
2024-10-04T03:30:00,3.550,0.00,0.000
2024-10-04T03:15:00,3.550,0.00,0.000
2024-10-04T03:00:00,3.550,0.00,0.000
2024-10-04T02:45:00,3.550,0.00,0.000
2024-10-04T02:30:00,3.550,0.00,0.000
2024-10-04T02:15:00,3.550,0.00,0.000
2024-10-04T02:00:00,3.560,0.00,0.000
2024-10-04T01:45:00,3.550,0.00,0.000
2024-10-04T01:30:00,3.560,0.00,0.000
2024-10-04T01:15:00,3.550,0.00,0.000
2024-10-04T01:00:00,3.560,0.00,0.000
2024-10-04T00:45:00,3.560,0.00,0.000
2024-10-04T00:30:00,3.560,0.00,0.000
2024-10-04T00:15:00,3.550,0.00,0.000
2024-10-04T00:00:00,3.560,0.00,0.000
2024-10-03T23:45:00,3.560,0.00,0.000
2024-10-03T23:30:00,3.560,0.00,0.000
2024-10-03T23:15:00,3.560,0.00,0.000
2024-10-03T23:00:00,3.560,0.00,0.000
2024-10-03T22:45:00,3.560,0.00,0.000
2024-10-03T22:30:00,3.560,0.00,0.000
2024-10-03T22:15:00,3.560,0.00,0.000
2024-10-03T22:00:00,3.560,0.00,0.000
2024-10-03T21:45:00,3.550,0.00,0.000
2024-10-03T21:30:00,3.560,0.00,0.000
2024-10-03T21:15:00,3.550,0.00,0.000
2024-10-03T21:00:00,3.550,0.00,0.000
2024-10-03T20:45:00,3.550,0.00,0.000
2024-10-03T20:30:00,3.550,0.00,0.000
2024-10-03T20:15:00,3.550,0.00,0.000
2024-10-03T20:00:00,3.550,0.00,0.000
2024-10-03T19:45:00,3.550,0.00,0.000
2024-10-03T19:30:00,3.550,0.00,0.000
2024-10-03T19:15:00,3.540,0.00,0.000
2024-10-03T19:00:00,3.540,0.00,0.000
2024-10-03T18:45:00,3.540,0.00,0.000
2024-10-03T18:30:00,3.540,0.00,0.000
2024-10-03T18:15:00,3.540,0.00,0.000
2024-10-03T18:00:00,3.540,0.00,0.000
2024-10-03T17:45:00,3.540,0.00,0.000
2024-10-03T17:30:00,3.530,0.00,0.000
2024-10-03T17:15:00,3.540,0.00,0.000
2024-10-03T17:00:00,3.530,0.00,0.000
2024-10-03T16:45:00,3.530,0.00,0.000
2024-10-03T16:30:00,3.530,0.00,0.000
2024-10-03T16:15:00,3.530,0.00,0.000
2024-10-03T16:00:00,3.520,0.00,0.000
2024-10-03T15:45:00,3.520,0.00,0.000
2024-10-03T15:30:00,3.520,0.00,0.000
2024-10-03T15:15:00,3.520,0.00,0.000
2024-10-03T15:00:00,3.520,0.00,0.000
2024-10-03T14:45:00,3.520,0.00,0.000
2024-10-03T14:30:00,3.510,17.70,0.000
2024-10-03T14:15:00,3.510,0.00,0.000
2024-10-03T14:00:00,3.510,0.00,0.000
2024-10-03T13:45:00,3.510,0.00,0.000
2024-10-03T13:30:00,3.500,0.00,0.000
2024-10-03T13:15:00,3.500,0.00,0.000
2024-10-03T13:00:00,3.500,0.00,0.000
2024-10-03T12:45:00,3.500,0.00,0.000
2024-10-03T12:30:00,3.500,0.00,0.000
2024-10-03T12:15:00,3.490,20.00,0.000
2024-10-03T12:00:00,3.490,17.80,0.000
2024-10-03T11:45:00,3.490,0.00,0.000
2024-10-03T11:30:00,3.480,0.00,0.000
2024-10-03T11:15:00,3.480,17.20,0.000
2024-10-03T11:00:00,3.480,0.00,0.000
2024-10-03T10:45:00,3.480,19.80,0.000
2024-10-03T10:30:00,3.480,0.00,0.000
2024-10-03T10:15:00,3.470,0.00,0.000
2024-10-03T10:00:00,3.470,0.00,0.000
2024-10-03T09:45:00,3.470,0.00,0.000
2024-10-03T09:30:00,3.470,0.00,0.000
2024-10-03T09:15:00,3.460,0.00,0.000
2024-10-03T09:00:00,3.460,0.00,0.000
2024-10-03T08:45:00,3.460,0.00,0.000
2024-10-03T08:30:00,3.450,0.00,0.000
2024-10-03T08:15:00,3.450,0.00,0.000
2024-10-03T08:00:00,3.450,0.00,0.000
2024-10-03T07:45:00,3.440,0.00,0.000
2024-10-03T07:30:00,3.440,0.00,0.000
2024-10-03T07:15:00,3.420,0.00,0.000
2024-10-03T07:00:00,3.410,0.00,0.000
2024-10-03T06:45:00,3.400,0.00,0.000
2024-10-03T06:30:00,3.390,0.00,0.000
2024-10-03T06:15:00,3.390,0.00,0.000
2024-10-03T06:00:00,3.390,0.00,0.000
2024-10-03T05:45:00,3.390,0.00,0.000
2024-10-03T05:30:00,3.380,0.00,0.000
2024-10-03T05:15:00,3.380,0.00,0.000
2024-10-03T05:00:00,3.380,0.00,0.000
2024-10-03T04:45:00,3.380,0.00,0.000
2024-10-03T04:30:00,3.380,0.00,0.000
2024-10-03T04:15:00,3.380,0.00,0.000
2024-10-03T04:00:00,3.370,0.00,0.000
2024-10-03T03:45:00,3.370,0.00,0.000
2024-10-03T03:30:00,3.370,0.00,0.000
2024-10-03T03:15:00,3.370,0.00,0.000
2024-10-03T03:00:00,3.370,0.00,0.000
2024-10-03T02:45:00,3.370,0.00,0.000
2024-10-03T02:30:00,3.370,0.00,0.000
2024-10-03T02:15:00,3.360,0.00,0.000
2024-10-03T02:00:00,3.360,0.00,0.000
2024-10-03T01:45:00,3.360,0.00,0.000
2024-10-03T01:30:00,3.360,0.00,0.000
2024-10-03T01:15:00,3.360,0.00,0.000
2024-10-03T01:00:00,3.360,0.00,0.000
2024-10-03T00:45:00,3.350,0.00,0.000
2024-10-03T00:30:00,3.350,0.00,0.000
2024-10-03T00:15:00,3.350,0.00,0.000
2024-10-03T00:00:00,3.350,0.00,0.000
2024-10-02T23:45:00,3.350,0.00,0.000
2024-10-02T23:30:00,3.350,0.00,0.000
2024-10-02T23:15:00,3.340,0.00,0.000
2024-10-02T23:00:00,3.340,0.00,0.000
2024-10-02T22:45:00,3.340,0.00,0.000
2024-10-02T22:30:00,3.340,0.00,0.000
2024-10-02T22:15:00,3.330,0.00,0.000
2024-10-02T22:00:00,3.330,0.00,0.000
2024-10-02T21:45:00,3.330,0.00,0.000
2024-10-02T21:30:00,3.330,0.00,0.500
2024-10-02T21:15:00,3.320,0.00,0.000
2024-10-02T21:00:00,3.320,0.00,0.000
2024-10-02T20:45:00,3.320,0.00,0.000
2024-10-02T20:30:00,3.320,0.00,0.000
2024-10-02T20:15:00,3.310,0.00,0.000
2024-10-02T20:00:00,3.320,0.00,0.000
2024-10-02T19:45:00,3.310,0.00,0.000
2024-10-02T19:30:00,3.310,0.00,0.000
2024-10-02T19:15:00,3.300,0.00,0.000
2024-10-02T19:00:00,3.300,0.00,0.000
2024-10-02T18:45:00,3.290,0.00,0.500
2024-10-02T18:30:00,3.290,0.00,0.000
2024-10-02T18:15:00,3.280,0.00,0.500
2024-10-02T18:00:00,3.280,0.00,0.000
2024-10-02T17:45:00,3.280,0.00,0.500
2024-10-02T17:30:00,3.270,0.00,0.500
2024-10-02T17:15:00,3.270,13.50,1.000
2024-10-02T17:00:00,3.250,0.00,0.500
2024-10-02T16:45:00,3.250,19.20,4.000
2024-10-02T16:30:00,3.240,21.80,7.500
2024-10-02T16:15:00,3.230,0.00,0.500
2024-10-02T16:00:00,3.230,18.90,0.000
2024-10-02T15:45:00,3.230,0.00,0.000
2024-10-02T15:30:00,3.230,0.00,0.000
2024-10-02T15:15:00,3.230,0.00,0.000
2024-10-02T15:00:00,3.230,0.00,0.000
2024-10-02T14:45:00,3.230,0.00,0.000
2024-10-02T14:30:00,3.230,0.00,0.000
2024-10-02T14:15:00,3.230,0.00,0.000
2024-10-02T14:00:00,3.230,26.60,0.000
2024-10-02T13:45:00,3.230,18.30,0.000
2024-10-02T13:30:00,3.230,14.70,0.000
2024-10-02T13:15:00,3.230,17.40,0.000
2024-10-02T13:00:00,3.230,0.00,0.000
2024-10-02T12:45:00,3.230,20.10,0.000
2024-10-02T12:30:00,3.230,19.00,0.000
2024-10-02T12:15:00,3.240,15.50,0.000
2024-10-02T12:00:00,3.240,0.00,0.000
2024-10-02T11:45:00,3.230,19.50,0.000
2024-10-02T11:30:00,3.240,18.60,0.000
2024-10-02T11:15:00,3.240,18.60,0.000
2024-10-02T11:00:00,3.240,0.00,0.000
2024-10-02T10:45:00,3.240,0.00,0.000
2024-10-02T10:30:00,3.240,17.20,0.000
2024-10-02T10:15:00,3.240,17.10,0.000
2024-10-02T10:00:00,3.240,16.40,0.000
2024-10-02T09:45:00,3.240,16.50,0.000
2024-10-02T09:30:00,3.240,14.10,0.000
2024-10-02T09:15:00,3.240,0.00,0.000
2024-10-02T09:00:00,3.240,0.00,0.000
2024-10-02T08:45:00,3.240,0.00,0.000
2024-10-02T08:30:00,3.240,15.20,0.000
2024-10-02T08:15:00,3.240,12.90,0.000
2024-10-02T08:00:00,3.240,0.00,0.000
2024-10-02T07:45:00,3.240,0.00,0.000
2024-10-02T07:30:00,3.240,0.00,0.000
2024-10-02T07:15:00,3.240,0.00,0.000
2024-10-02T07:00:00,3.250,0.00,0.000
2024-10-02T06:45:00,3.250,0.00,0.000
2024-10-02T06:30:00,3.250,0.00,0.000
2024-10-02T06:15:00,3.250,0.00,0.000
2024-10-02T06:00:00,3.240,0.00,0.000
2024-10-02T05:45:00,3.240,0.00,0.000
2024-10-02T05:30:00,3.520,0.00,0.000
2024-10-02T05:15:00,3.250,0.00,0.000
2024-10-02T05:00:00,3.240,0.00,0.000
2024-10-02T04:45:00,3.250,27.40,0.000
2024-10-02T04:30:00,3.250,0.00,0.000
2024-10-02T04:15:00,3.250,0.00,0.000
2024-10-02T04:00:00,3.250,0.00,0.000
2024-10-02T03:45:00,3.250,0.00,0.000
2024-10-02T03:30:00,3.250,0.00,0.000
2024-10-02T03:15:00,3.250,0.00,0.000
2024-10-02T03:00:00,3.250,0.00,0.000
2024-10-02T02:45:00,3.250,0.00,0.000
2024-10-02T02:30:00,3.250,0.00,0.000
2024-10-02T02:15:00,3.250,0.00,0.000
2024-10-02T02:00:00,3.250,0.00,0.000
2024-10-02T01:45:00,3.490,0.00,0.000
2024-10-02T01:30:00,3.260,0.00,0.000
2024-10-02T01:15:00,3.260,0.00,0.000
2024-10-02T01:00:00,3.740,0.00,0.000
2024-10-02T00:45:00,3.260,0.00,0.000
2024-10-02T00:30:00,3.260,0.00,0.000
2024-10-02T00:15:00,3.260,0.00,0.000
2024-10-02T00:00:00,3.260,0.00,0.000
2024-10-01T23:45:00,3.260,0.00,0.000
2024-10-01T23:30:00,3.250,0.00,0.000
2024-10-01T23:15:00,3.250,0.00,0.000
2024-10-01T23:00:00,3.250,0.00,0.000
2024-10-01T22:45:00,3.260,0.00,0.000
2024-10-01T22:30:00,3.260,0.00,0.000
2024-10-01T22:15:00,3.260,0.00,0.000
2024-10-01T22:00:00,3.260,0.00,0.000
2024-10-01T21:45:00,3.260,0.00,0.000
2024-10-01T21:30:00,3.260,0.00,0.000
2024-10-01T21:15:00,3.260,0.00,0.000
2024-10-01T21:00:00,3.260,0.00,0.000
2024-10-01T20:45:00,3.260,0.00,0.500
2024-10-01T20:30:00,3.260,0.00,0.500
2024-10-01T20:15:00,3.260,0.00,0.000
2024-10-01T20:00:00,3.260,0.00,1.500
2024-10-01T19:45:00,3.260,0.00,1.500
2024-10-01T19:30:00,3.250,0.00,1.500
2024-10-01T19:15:00,3.250,0.00,0.000
2024-10-01T19:00:00,3.250,14.50,0.500
2024-10-01T18:45:00,3.250,16.30,0.000
2024-10-01T18:30:00,3.250,16.10,0.000
2024-10-01T18:15:00,3.240,16.00,0.000
2024-10-01T18:00:00,3.240,11.80,0.000
2024-10-01T17:45:00,3.250,0.00,0.000
2024-10-01T17:30:00,3.250,0.00,0.000
2024-10-01T17:15:00,3.250,0.00,0.000
2024-10-01T17:00:00,3.250,0.00,0.000
2024-10-01T16:45:00,3.250,0.00,0.000
2024-10-01T16:30:00,3.250,0.00,0.000
2024-10-01T16:15:00,3.240,0.00,0.000
2024-10-01T16:00:00,3.250,0.00,0.000
2024-10-01T15:45:00,3.250,0.00,0.000
2024-10-01T15:30:00,3.250,0.00,0.000
2024-10-01T15:15:00,3.250,0.00,0.000
2024-10-01T15:00:00,3.250,0.00,0.000
2024-10-01T14:45:00,3.250,0.00,0.000
2024-10-01T14:30:00,3.250,16.90,0.000
2024-10-01T14:15:00,3.250,0.00,0.000
2024-10-01T14:00:00,3.250,0.00,0.000
2024-10-01T13:45:00,3.250,13.40,0.000
2024-10-01T13:30:00,3.250,0.00,0.000
2024-10-01T13:15:00,3.250,0.00,0.000
2024-10-01T13:00:00,3.250,13.00,0.000
2024-10-01T12:45:00,3.260,0.00,0.000
2024-10-01T12:30:00,3.260,0.00,0.000
2024-10-01T12:15:00,3.260,0.00,0.000
2024-10-01T12:00:00,3.260,11.90,0.000
2024-10-01T11:45:00,3.250,17.70,0.000
2024-10-01T11:30:00,3.250,0.00,0.000
2024-10-01T11:15:00,3.250,0.00,0.000
2024-10-01T11:00:00,3.250,0.00,0.000
2024-10-01T10:45:00,3.250,16.00,0.000
2024-10-01T10:30:00,3.250,12.20,0.000
2024-10-01T10:15:00,3.250,19.00,0.000
2024-10-01T10:00:00,3.250,0.00,0.000
2024-10-01T09:45:00,3.250,16.60,0.000
2024-10-01T09:30:00,3.240,0.00,0.000
2024-10-01T09:15:00,3.240,17.60,0.000
2024-10-01T09:00:00,3.240,18.10,0.000
2024-10-01T08:45:00,3.240,0.00,0.000
2024-10-01T08:30:00,3.240,0.00,0.000
2024-10-01T08:15:00,3.240,0.00,0.000
2024-10-01T08:00:00,3.240,0.00,0.000
2024-10-01T07:45:00,3.240,0.00,0.000
2024-10-01T07:30:00,3.240,0.00,0.000
2024-10-01T07:15:00,3.240,0.00,0.000
2024-10-01T07:00:00,3.240,0.00,0.000
2024-10-01T06:45:00,3.240,11.80,0.000
2024-10-01T06:30:00,3.240,0.00,0.000
2024-10-01T06:15:00,3.230,0.00,0.000
2024-10-01T06:00:00,3.230,0.00,0.000
2024-10-01T05:45:00,3.230,0.00,0.000
2024-10-01T05:30:00,3.230,0.00,0.000
2024-10-01T05:15:00,3.220,0.00,0.000
2024-10-01T05:00:00,3.220,0.00,0.000
2024-10-01T04:45:00,3.220,0.00,0.000
2024-10-01T04:30:00,3.220,0.00,0.000
2024-10-01T04:15:00,3.220,0.00,0.000
2024-10-01T04:00:00,3.210,0.00,0.000
2024-10-01T03:45:00,3.210,0.00,0.000
2024-10-01T03:30:00,3.200,0.00,0.000
2024-10-01T03:15:00,3.200,0.00,0.000
2024-10-01T03:00:00,3.190,13.50,0.000
2024-10-01T02:45:00,3.190,0.00,0.500
2024-10-01T02:30:00,3.190,12.10,0.000
2024-10-01T02:15:00,3.180,0.00,0.000
2024-10-01T02:00:00,3.180,14.30,0.000
2024-10-01T01:45:00,3.170,0.00,0.500
2024-10-01T01:30:00,3.170,0.00,0.000
2024-10-01T01:15:00,3.170,0.00,0.500
2024-10-01T01:00:00,3.160,0.00,0.500
2024-10-01T00:45:00,3.150,0.00,1.500
2024-10-01T00:30:00,3.150,0.00,0.500
2024-10-01T00:15:00,3.140,0.00,0.000
2024-10-01T00:00:00,3.130,0.00,0.500
2024-09-30T23:45:00,3.130,24.80,0.000
2024-09-30T23:30:00,3.120,0.00,0.000
2024-09-30T23:15:00,3.120,0.00,0.000
2024-09-30T23:00:00,3.120,0.00,0.500
2024-09-30T22:45:00,3.110,15.80,1.500
2024-09-30T22:30:00,3.110,0.00,2.500
2024-09-30T22:15:00,3.100,0.00,5.000
2024-09-30T22:00:00,3.100,0.00,7.500
2024-09-30T21:45:00,3.090,0.00,3.500
2024-09-30T21:30:00,3.080,0.00,3.000
2024-09-30T21:15:00,3.040,0.00,0.000
2024-09-30T21:00:00,3.050,0.00,0.000
2024-09-30T20:45:00,3.040,0.00,0.000
2024-09-30T20:30:00,3.040,0.00,0.000
2024-09-30T20:15:00,3.040,0.00,0.000
2024-09-30T20:00:00,3.040,0.00,0.000
2024-09-30T19:45:00,3.040,0.00,0.000
2024-09-30T19:30:00,3.040,0.00,0.000
2024-09-30T19:15:00,3.050,0.00,0.000
2024-09-30T19:00:00,3.040,0.00,0.000
2024-09-30T18:45:00,3.040,0.00,0.000
2024-09-30T18:30:00,3.040,0.00,0.000
2024-09-30T18:15:00,3.040,0.00,0.000
2024-09-30T18:00:00,3.040,0.00,0.000
2024-09-30T17:45:00,3.050,0.00,0.000
2024-09-30T17:30:00,3.040,0.00,0.000
2024-09-30T17:15:00,3.040,0.00,0.000
2024-09-30T17:00:00,3.040,0.00,0.000
2024-09-30T16:45:00,3.050,0.00,0.000
2024-09-30T16:30:00,3.040,0.00,0.000
2024-09-30T16:15:00,3.040,0.00,0.000
2024-09-30T16:00:00,3.040,0.00,0.000
2024-09-30T15:45:00,3.040,0.00,0.000
2024-09-30T15:30:00,3.040,0.00,0.000
2024-09-30T15:15:00,3.040,0.00,0.000
2024-09-30T15:00:00,3.040,0.00,0.000
2024-09-30T14:45:00,3.040,0.00,0.000
2024-09-30T14:30:00,3.050,0.00,0.000
2024-09-30T14:15:00,3.040,0.00,0.000
2024-09-30T14:00:00,3.040,0.00,0.000
2024-09-30T13:45:00,3.030,0.00,0.000
2024-09-30T13:30:00,3.040,0.00,0.000
2024-09-30T13:15:00,3.040,0.00,0.000
2024-09-30T13:00:00,3.040,0.00,0.000
2024-09-30T12:45:00,3.040,0.00,0.000
2024-09-30T12:30:00,3.040,10.50,0.000
2024-09-30T12:15:00,3.040,0.00,0.000
2024-09-30T12:00:00,3.040,0.00,0.000
2024-09-30T11:45:00,3.040,0.00,0.000
2024-09-30T11:30:00,3.040,0.00,0.000
2024-09-30T11:15:00,3.040,0.00,0.000
2024-09-30T11:00:00,3.040,0.00,0.000
2024-09-30T10:45:00,3.040,0.00,0.000
2024-09-30T10:30:00,3.030,0.00,0.000
2024-09-30T10:15:00,3.030,0.00,0.000
2024-09-30T10:00:00,3.020,0.00,0.000
2024-09-30T09:45:00,3.010,0.00,0.000
2024-09-30T09:30:00,3.010,0.00,0.000
2024-09-30T09:15:00,3.010,0.00,0.000
2024-09-30T09:00:00,3.020,0.00,0.000
2024-09-30T08:45:00,3.020,0.00,0.000
2024-09-30T08:30:00,3.020,0.00,0.000
2024-09-30T08:15:00,3.020,0.00,0.000
2024-09-30T08:00:00,3.020,0.00,0.000
2024-09-30T07:45:00,3.030,0.00,0.000
2024-09-30T07:30:00,3.030,0.00,0.000
2024-09-30T07:15:00,3.030,0.00,0.000
2024-09-30T07:00:00,3.030,10.40,0.000
2024-09-30T06:45:00,3.030,0.00,0.000
2024-09-30T06:30:00,3.030,0.00,0.000
2024-09-30T06:15:00,3.030,0.00,0.000
2024-09-30T06:00:00,3.040,0.00,0.000
2024-09-30T05:45:00,3.040,0.00,0.000
2024-09-30T05:30:00,3.040,0.00,0.000
2024-09-30T05:15:00,3.040,0.00,0.000
2024-09-30T05:00:00,3.040,0.00,0.000
2024-09-30T04:45:00,3.040,10.50,0.500
2024-09-30T04:30:00,3.050,0.00,0.500
2024-09-30T04:15:00,3.050,0.00,0.000
2024-09-30T04:00:00,3.050,0.00,0.000
2024-09-30T03:45:00,3.050,0.00,0.000
2024-09-30T03:30:00,3.050,0.00,0.000
2024-09-30T03:15:00,3.060,0.00,0.000
2024-09-30T03:00:00,3.060,0.00,0.000
2024-09-30T02:45:00,3.060,0.00,0.000
2024-09-30T02:30:00,3.060,0.00,0.000
2024-09-30T02:15:00,3.060,0.00,0.000
2024-09-30T02:00:00,3.060,0.00,0.000
2024-09-30T01:45:00,3.070,0.00,0.000
2024-09-30T01:30:00,3.070,0.00,0.000
2024-09-30T01:15:00,3.070,0.00,0.000
2024-09-30T01:00:00,3.070,0.00,0.000
2024-09-30T00:45:00,3.070,0.00,0.000
2024-09-30T00:30:00,3.080,0.00,0.000
2024-09-30T00:15:00,3.080,0.00,0.000
2024-09-30T00:00:00,3.080,0.00,0.000
2024-10-13T23:45:00,3.560,0.00,0.000
2024-10-13T23:30:00,3.560,0.00,0.000
2024-10-13T23:15:00,3.560,0.00,0.000
2024-10-13T23:00:00,3.550,0.00,0.000
2024-10-13T22:45:00,3.560,0.00,0.000
2024-10-13T22:30:00,3.550,0.00,0.000
2024-10-13T22:15:00,3.550,0.00,0.000
2024-10-13T22:00:00,3.550,0.00,0.000
2024-10-13T21:45:00,3.550,0.00,0.000
2024-10-13T21:30:00,3.550,0.00,0.000
2024-10-13T21:15:00,3.550,0.00,0.000
2024-10-13T21:00:00,3.540,0.00,0.000
2024-10-13T20:45:00,3.540,0.00,0.000
2024-10-13T20:30:00,3.540,0.00,0.000
2024-10-13T20:15:00,3.540,0.00,0.000
2024-10-13T20:00:00,3.540,0.00,0.000
2024-10-13T19:45:00,3.540,0.00,0.000
2024-10-13T19:30:00,3.540,0.00,0.000
2024-10-13T19:15:00,3.800,0.00,0.000
2024-10-13T19:00:00,3.800,0.00,0.000
2024-10-13T18:45:00,3.800,0.00,0.000
2024-10-13T18:30:00,3.810,0.00,0.000
2024-10-13T18:15:00,3.820,0.00,0.000
2024-10-13T18:00:00,3.840,0.00,0.000
2024-10-13T17:45:00,3.840,0.00,0.000
2024-10-13T17:30:00,3.810,0.00,0.000
2024-10-13T17:15:00,3.800,0.00,0.000
2024-10-13T17:00:00,3.820,0.00,0.000
2024-10-13T16:45:00,3.850,0.00,0.000
2024-10-13T16:30:00,3.540,0.00,0.000
2024-10-13T16:15:00,3.540,0.00,0.000
2024-10-13T16:00:00,3.540,0.00,0.000
2024-10-13T15:45:00,3.540,0.00,0.000
2024-10-13T15:30:00,3.900,0.00,0.000
2024-10-13T15:15:00,3.880,0.00,0.000
2024-10-13T15:00:00,3.900,0.00,0.500
2024-10-13T14:45:00,3.890,0.00,0.000
2024-10-13T14:30:00,3.890,696.40,0.500
2024-10-13T14:15:00,3.530,0.00,0.000
2024-10-13T14:00:00,3.540,0.00,0.000
2024-10-13T13:45:00,3.900,0.00,0.000
2024-10-13T13:30:00,3.890,0.00,0.000
2024-10-13T13:15:00,3.520,0.00,0.000
2024-10-13T13:00:00,3.890,0.00,1.000
2024-10-13T12:45:00,3.530,18.90,2.500
2024-10-13T12:30:00,3.860,0.00,17.500
2024-10-13T12:15:00,3.500,0.00,0.000
2024-10-13T12:00:00,3.480,0.00,0.000
2024-10-13T11:45:00,3.480,16.30,0.000
2024-10-13T11:30:00,3.470,0.00,0.000
2024-10-13T11:15:00,3.470,16.30,0.000
2024-10-13T11:00:00,3.480,0.00,0.000
2024-10-13T10:45:00,3.490,0.00,0.000
2024-10-13T10:30:00,3.490,0.00,0.000
2024-10-13T10:15:00,3.490,0.00,0.000
2024-10-13T10:00:00,3.490,0.00,0.000
2024-10-13T09:45:00,3.490,0.00,0.000
2024-10-13T09:30:00,3.490,0.00,0.000
2024-10-13T09:15:00,3.490,0.00,0.000
2024-10-13T09:00:00,3.490,0.00,0.000
2024-10-13T08:45:00,3.490,0.00,0.000
2024-10-13T08:30:00,3.490,0.00,0.000
2024-10-13T08:15:00,3.490,0.00,0.000
2024-10-13T08:00:00,3.490,0.00,0.000
2024-10-13T07:45:00,3.490,0.00,0.000
2024-10-13T07:30:00,3.500,0.00,0.000
2024-10-13T07:15:00,3.500,0.00,0.000
2024-10-13T07:00:00,3.500,0.00,0.000
2024-10-13T06:45:00,3.500,0.00,0.000
2024-10-13T06:30:00,3.500,0.00,0.000
2024-10-13T06:15:00,3.500,0.00,0.000
2024-10-13T06:00:00,3.500,0.00,0.000
2024-10-13T05:45:00,3.500,0.00,0.000
2024-10-13T05:30:00,3.500,0.00,0.000
2024-10-13T05:15:00,3.500,0.00,0.000
2024-10-13T05:00:00,3.500,0.00,0.000
2024-10-13T04:45:00,3.500,0.00,0.000
2024-10-13T04:30:00,3.500,0.00,0.000
2024-10-13T04:15:00,3.500,0.00,0.000
2024-10-13T04:00:00,3.500,0.00,0.000
2024-10-13T03:45:00,3.500,0.00,0.000
2024-10-13T03:30:00,3.500,0.00,0.000
2024-10-13T03:15:00,3.500,0.00,0.000
2024-10-13T03:00:00,3.500,0.00,0.000
2024-10-13T02:45:00,3.500,0.00,0.000
2024-10-13T02:30:00,3.500,0.00,0.000
2024-10-13T02:15:00,3.500,0.00,0.000
2024-10-13T02:00:00,3.500,0.00,0.000
2024-10-13T01:45:00,3.500,0.00,0.000
2024-10-13T01:30:00,3.500,0.00,0.000
2024-10-13T01:15:00,3.500,0.00,0.000
2024-10-13T01:00:00,3.500,0.00,0.000
2024-10-13T00:45:00,3.500,0.00,0.000
2024-10-13T00:30:00,3.500,0.00,0.000
2024-10-13T00:15:00,3.500,0.00,0.000
2024-10-13T00:00:00,3.500,0.00,0.000
2024-10-12T23:45:00,3.500,0.00,0.000
2024-10-12T23:30:00,3.500,0.00,0.000
2024-10-12T23:15:00,3.500,0.00,0.000
2024-10-12T23:00:00,3.500,0.00,0.000
2024-10-12T22:45:00,3.500,0.00,0.000
2024-10-12T22:30:00,3.500,0.00,0.000
2024-10-12T22:15:00,3.500,0.00,0.000
2024-10-12T22:00:00,3.500,0.00,0.000
2024-10-12T21:45:00,3.500,0.00,0.000
2024-10-12T21:30:00,3.500,0.00,0.000
2024-10-12T21:15:00,3.500,0.00,0.000
2024-10-12T21:00:00,3.500,0.00,0.000
2024-10-12T20:45:00,3.500,0.00,0.000
2024-10-12T20:30:00,3.500,0.00,0.000
2024-10-12T20:15:00,3.500,14.10,0.000
2024-10-12T20:00:00,3.500,0.00,0.000
2024-10-12T19:45:00,3.490,492.00,0.000
2024-10-12T19:30:00,3.500,536.70,0.000
2024-10-12T19:15:00,3.490,0.00,0.500
2024-10-12T19:00:00,3.490,0.00,0.000
2024-10-12T18:45:00,3.490,496.10,0.000
2024-10-12T18:30:00,3.490,0.00,0.500
2024-10-12T18:15:00,3.490,0.00,0.000
2024-10-12T18:00:00,3.490,0.00,0.000
2024-10-12T17:45:00,3.490,13.50,0.000
2024-10-12T17:30:00,3.480,0.00,0.000
2024-10-12T17:15:00,3.480,0.00,0.000
2024-10-12T17:00:00,3.480,0.00,0.000
2024-10-12T16:45:00,3.490,0.00,0.000
2024-10-12T16:30:00,3.490,0.00,0.000
2024-10-12T16:15:00,3.490,0.00,0.000
2024-10-12T16:00:00,3.490,0.00,0.000
2024-10-12T15:45:00,3.490,0.00,0.000
2024-10-12T15:30:00,3.490,0.00,0.000
2024-10-12T15:15:00,3.490,0.00,0.000
2024-10-12T15:00:00,3.480,0.00,0.000
2024-10-12T14:45:00,3.480,0.00,1.000
2024-10-12T14:30:00,3.470,0.00,3.000
2024-10-12T14:15:00,3.480,16.40,2.500
2024-10-12T14:00:00,3.480,0.00,0.000
2024-10-12T13:45:00,3.480,0.00,0.000
2024-10-12T13:30:00,3.480,0.00,0.000
2024-10-12T13:15:00,3.490,0.00,0.000
2024-10-12T13:00:00,3.490,0.00,0.000
2024-10-12T12:45:00,3.490,0.00,0.000
2024-10-12T12:30:00,3.480,0.00,0.000
2024-10-12T12:15:00,3.490,0.00,0.000
2024-10-12T12:00:00,3.480,0.00,0.000
2024-10-12T11:45:00,3.490,0.00,0.000
2024-10-12T11:30:00,3.490,0.00,0.000
2024-10-12T11:15:00,3.490,0.00,0.000
2024-10-12T11:00:00,3.490,0.00,0.000
2024-10-12T10:45:00,3.490,0.00,0.000
2024-10-12T10:30:00,3.490,0.00,0.000
2024-10-12T10:15:00,3.490,0.00,0.000
2024-10-12T10:00:00,3.490,0.00,0.000
2024-10-12T09:45:00,3.490,0.00,0.000
2024-10-12T09:30:00,3.500,0.00,0.000
2024-10-12T09:15:00,3.490,0.00,0.000
2024-10-12T09:00:00,3.490,0.00,0.000
2024-10-12T08:45:00,3.490,0.00,0.000
2024-10-12T08:30:00,3.500,0.00,0.000
2024-10-12T08:15:00,3.500,0.00,0.000
2024-10-12T08:00:00,3.500,0.00,0.000
2024-10-12T07:45:00,3.500,0.00,0.000
2024-10-12T07:30:00,3.500,0.00,0.000
2024-10-12T07:15:00,3.500,0.00,0.000
2024-10-12T07:00:00,3.500,0.00,0.000
2024-10-12T06:45:00,3.500,0.00,0.000
2024-10-12T06:30:00,3.500,0.00,0.000
2024-10-12T06:15:00,3.500,0.00,0.000
2024-10-12T06:00:00,3.500,0.00,0.000
2024-10-12T05:45:00,3.500,0.00,0.000
2024-10-12T05:30:00,3.500,0.00,0.000
2024-10-12T05:15:00,3.500,0.00,0.000
2024-10-12T05:00:00,3.500,0.00,0.000
2024-10-12T04:45:00,3.500,0.00,0.000
2024-10-12T04:30:00,3.500,0.00,0.000
2024-10-12T04:15:00,3.500,0.00,0.000
2024-10-12T04:00:00,3.500,0.00,0.000
2024-10-12T03:45:00,3.500,0.00,0.000
2024-10-12T03:30:00,3.500,0.00,0.000
2024-10-12T03:15:00,3.500,0.00,0.000
2024-10-12T03:00:00,3.500,0.00,0.000
2024-10-12T02:45:00,3.500,0.00,0.000
2024-10-12T02:30:00,3.500,0.00,0.000
2024-10-12T02:15:00,3.500,0.00,0.000
2024-10-12T02:00:00,3.500,0.00,0.000
2024-10-12T01:45:00,3.500,0.00,0.000
2024-10-12T01:30:00,3.500,0.00,0.000
2024-10-12T01:15:00,3.500,0.00,0.000
2024-10-12T01:00:00,3.500,0.00,0.000
2024-10-12T00:45:00,3.500,0.00,0.000
2024-10-12T00:30:00,3.500,0.00,0.000
2024-10-12T00:15:00,3.500,0.00,0.000
2024-10-12T00:00:00,3.500,0.00,0.000
2024-10-11T23:45:00,3.500,0.00,0.000
2024-10-11T23:30:00,3.500,0.00,0.000
2024-10-11T23:15:00,3.500,0.00,0.000
2024-10-11T23:00:00,3.500,0.00,0.000
2024-10-11T22:45:00,3.500,0.00,0.000
2024-10-11T22:30:00,3.500,0.00,0.000
2024-10-11T22:15:00,3.500,0.00,0.000
2024-10-11T22:00:00,3.500,0.00,0.000
2024-10-11T21:45:00,3.500,0.00,0.000
2024-10-11T21:30:00,3.500,0.00,0.000
2024-10-11T21:15:00,3.500,0.00,0.000
2024-10-11T21:00:00,3.500,0.00,0.000
2024-10-11T20:45:00,3.500,0.00,0.000
2024-10-11T20:30:00,3.500,0.00,0.000
2024-10-11T20:15:00,3.500,0.00,0.000
2024-10-11T20:00:00,3.500,0.00,0.000
2024-10-11T19:45:00,3.500,0.00,0.000
2024-10-11T19:30:00,3.500,0.00,0.000
2024-10-11T19:15:00,3.500,0.00,0.000
2024-10-11T19:00:00,3.510,0.00,0.000
2024-10-11T18:45:00,3.520,0.00,0.000
2024-10-11T18:30:00,3.530,0.00,0.000
2024-10-11T18:15:00,3.540,0.00,0.000
2024-10-11T18:00:00,3.510,0.00,0.000
2024-10-11T17:45:00,3.520,0.00,0.000
2024-10-11T17:30:00,3.520,0.00,0.000
2024-10-11T17:15:00,3.520,0.00,0.000
2024-10-11T17:00:00,3.520,0.00,0.000
2024-10-11T16:45:00,3.520,0.00,0.000
2024-10-11T16:30:00,3.510,0.00,0.000
2024-10-11T16:15:00,3.520,0.00,0.000
2024-10-11T16:00:00,3.520,0.00,0.000
2024-10-11T15:45:00,3.500,0.00,0.500
2024-10-11T15:30:00,3.500,0.00,1.000
2024-10-11T15:15:00,3.500,171.70,4.500
2024-10-11T15:00:00,3.490,0.00,0.000
2024-10-11T14:45:00,3.490,0.00,0.000
2024-10-11T14:30:00,3.490,0.00,0.000
2024-10-11T14:15:00,3.490,0.00,0.000
2024-10-11T14:00:00,3.480,0.00,0.000
2024-10-11T13:45:00,3.490,0.00,0.000
2024-10-11T13:30:00,3.480,0.00,0.000
2024-10-11T13:15:00,3.480,0.00,0.000
2024-10-11T13:00:00,3.480,0.00,0.000
2024-10-11T12:45:00,3.490,0.00,0.000
2024-10-11T12:30:00,3.490,0.00,0.000
2024-10-11T12:15:00,3.490,0.00,0.000
2024-10-11T12:00:00,3.490,0.00,0.000
2024-10-11T11:45:00,3.490,0.00,0.000
2024-10-11T11:30:00,3.480,0.00,0.000
2024-10-11T11:15:00,3.480,0.00,0.000
2024-10-11T11:00:00,3.480,0.00,0.000
2024-10-11T10:45:00,3.480,0.00,0.000
2024-10-11T10:30:00,3.480,0.00,0.000
2024-10-11T10:15:00,3.480,0.00,0.000
2024-10-11T10:00:00,3.480,0.00,0.000
2024-10-11T09:45:00,3.480,0.00,0.000
2024-10-11T09:30:00,3.480,0.00,0.000
2024-10-11T09:15:00,3.480,0.00,0.000
2024-10-11T09:00:00,3.480,0.00,0.000
2024-10-11T08:45:00,3.480,0.00,0.000
2024-10-11T08:30:00,3.470,0.00,0.000
2024-10-11T08:15:00,3.470,0.00,0.000
2024-10-11T08:00:00,3.470,0.00,0.000
2024-10-11T07:45:00,3.460,0.00,0.000
2024-10-11T07:30:00,3.450,0.00,0.000
2024-10-11T07:15:00,3.440,0.00,0.000
2024-10-11T07:00:00,3.440,0.00,0.000
2024-10-11T06:45:00,3.440,0.00,0.000
2024-10-11T06:30:00,3.440,0.00,0.000
2024-10-11T06:15:00,3.440,0.00,0.000
2024-10-11T06:00:00,3.440,0.00,0.000
2024-10-11T05:45:00,3.440,0.00,0.000
2024-10-11T05:30:00,3.430,0.00,0.000
2024-10-11T05:15:00,3.430,0.00,0.000
2024-10-11T05:00:00,3.430,0.00,0.000
2024-10-11T04:45:00,3.430,0.00,0.000
2024-10-11T04:30:00,3.430,0.00,0.000
2024-10-11T04:15:00,3.430,0.00,0.000
2024-10-11T04:00:00,3.430,0.00,0.000
2024-10-11T03:45:00,3.420,0.00,0.000
2024-10-11T03:30:00,3.420,0.00,0.000
2024-10-11T03:15:00,3.420,0.00,0.000
2024-10-11T03:00:00,3.420,0.00,0.000
2024-10-11T02:45:00,3.420,0.00,0.000
2024-10-11T02:30:00,3.420,0.00,0.000
2024-10-11T02:15:00,3.420,0.00,0.000
2024-10-11T02:00:00,3.410,0.00,0.000
2024-10-11T01:45:00,3.410,0.00,0.000
2024-10-11T01:30:00,3.410,0.00,0.000
2024-10-11T01:15:00,3.410,0.00,0.000
2024-10-11T01:00:00,3.410,0.00,0.000
2024-10-11T00:45:00,3.400,0.00,0.000
2024-10-11T00:30:00,3.400,0.00,0.000
2024-10-11T00:15:00,3.400,0.00,0.000
2024-10-11T00:00:00,3.400,0.00,0.000
2024-10-10T23:45:00,3.390,0.00,0.000
2024-10-10T23:30:00,3.390,0.00,0.000
2024-10-10T23:15:00,3.400,0.00,0.000
2024-10-10T23:00:00,3.400,0.00,0.000
2024-10-10T22:45:00,3.390,0.00,0.000
2024-10-10T22:30:00,3.390,0.00,0.000
2024-10-10T22:15:00,3.390,0.00,0.000
2024-10-10T22:00:00,3.390,0.00,0.000
2024-10-10T21:45:00,3.390,0.00,0.000
2024-10-10T21:30:00,3.390,0.00,0.000
2024-10-10T21:15:00,3.390,0.00,0.000
2024-10-10T21:00:00,3.390,0.00,0.000
2024-10-10T20:45:00,3.390,0.00,0.000
2024-10-10T20:30:00,3.390,0.00,0.000
2024-10-10T20:15:00,3.390,0.00,0.000
2024-10-10T20:00:00,3.390,0.00,0.000
2024-10-10T19:45:00,3.380,0.00,0.000
2024-10-10T19:30:00,3.380,0.00,0.000
2024-10-10T19:15:00,3.380,0.00,0.000
2024-10-10T19:00:00,3.400,0.00,0.000
2024-10-10T18:45:00,3.390,0.00,0.000
2024-10-10T18:30:00,3.390,51.20,0.000
2024-10-10T18:15:00,3.390,0.00,0.000
2024-10-10T18:00:00,3.380,0.00,0.000
2024-10-10T17:45:00,3.370,0.00,1.000
2024-10-10T17:30:00,3.380,0.00,3.000
2024-10-10T17:15:00,3.370,0.00,0.000
2024-10-10T17:00:00,3.360,0.00,0.000
2024-10-10T16:45:00,3.360,0.00,0.000
2024-10-10T16:30:00,3.360,0.00,0.000
2024-10-10T16:15:00,3.370,0.00,0.000
2024-10-10T16:00:00,3.380,0.00,0.000
2024-10-10T15:45:00,3.420,0.00,0.000
2024-10-10T15:30:00,3.370,0.00,0.000
2024-10-10T15:15:00,3.350,0.00,0.000
2024-10-10T15:00:00,3.370,0.00,0.000
2024-10-10T14:45:00,3.360,0.00,0.000
2024-10-10T14:30:00,3.360,0.00,0.000
2024-10-10T14:15:00,3.360,0.00,0.000
2024-10-10T14:00:00,3.360,0.00,0.000
2024-10-10T13:45:00,3.370,0.00,0.000
2024-10-10T13:30:00,3.350,0.00,0.000
2024-10-10T13:15:00,3.350,0.00,0.000
2024-10-10T13:00:00,3.360,0.00,0.000
2024-10-10T12:45:00,3.360,0.00,0.000
2024-10-10T12:30:00,3.350,0.00,0.000
2024-10-10T12:15:00,3.350,0.00,0.000
2024-10-10T12:00:00,3.350,0.00,0.000
2024-10-10T11:45:00,3.360,0.00,0.000
2024-10-10T11:30:00,3.370,0.00,0.000
2024-10-10T11:15:00,3.360,0.00,0.000
2024-10-10T11:00:00,3.350,0.00,0.000
2024-10-10T10:45:00,3.350,0.00,0.000
2024-10-10T10:30:00,3.360,0.00,0.000
2024-10-10T10:15:00,3.360,0.00,0.000
2024-10-10T10:00:00,3.360,0.00,0.000
2024-10-10T09:45:00,3.360,0.00,0.000
2024-10-10T09:30:00,3.350,0.00,0.500
2024-10-10T09:15:00,3.340,0.00,0.000
2024-10-10T09:00:00,3.340,0.00,0.000
2024-10-10T08:45:00,3.350,0.00,0.000
2024-10-10T08:30:00,3.350,0.00,0.000
2024-10-10T08:15:00,3.350,0.00,0.000
2024-10-10T08:00:00,3.360,0.00,0.000
2024-10-10T07:45:00,3.350,0.00,0.000
2024-10-10T07:30:00,3.350,0.00,0.000
2024-10-10T07:15:00,3.350,0.00,0.000
2024-10-10T07:00:00,3.350,0.00,0.000
2024-10-10T06:45:00,3.350,0.00,0.000
2024-10-10T06:30:00,3.350,0.00,0.000
2024-10-10T06:15:00,3.350,0.00,0.000
2024-10-10T06:00:00,3.350,0.00,0.000
2024-10-10T05:45:00,3.340,0.00,0.000
2024-10-10T05:30:00,3.340,0.00,0.000
2024-10-10T05:15:00,3.340,0.00,0.000
2024-10-10T05:00:00,3.350,0.00,0.000
2024-10-10T04:45:00,3.350,0.00,0.000
2024-10-10T04:30:00,3.350,0.00,0.000
2024-10-10T04:15:00,3.340,0.00,0.000
2024-10-10T04:00:00,3.340,0.00,0.000
2024-10-10T03:45:00,3.340,0.00,0.000
2024-10-10T03:30:00,3.340,0.00,0.000
2024-10-10T03:15:00,3.330,0.00,0.000
2024-10-10T03:00:00,3.330,0.00,0.000
2024-10-10T02:45:00,3.330,0.00,0.000
2024-10-10T02:30:00,3.330,0.00,0.000
2024-10-10T02:15:00,3.330,0.00,0.000
2024-10-10T02:00:00,3.320,0.00,0.000
2024-10-10T01:45:00,3.320,0.00,0.000
2024-10-10T01:30:00,3.320,0.00,0.000
2024-10-10T01:15:00,3.320,0.00,0.000
2024-10-10T01:00:00,3.310,0.00,0.000
2024-10-10T00:45:00,3.310,0.00,0.000
2024-10-10T00:30:00,3.300,0.00,0.000
2024-10-10T00:15:00,3.290,0.00,0.000
2024-10-10T00:00:00,3.290,0.00,0.000
2024-10-09T23:45:00,3.280,0.00,0.000
2024-10-09T23:30:00,3.280,0.00,0.000
2024-10-09T23:15:00,3.280,0.00,0.000
2024-10-09T23:00:00,3.280,0.00,0.000
2024-10-09T22:45:00,3.270,0.00,0.000
2024-10-09T22:30:00,3.270,0.00,0.000
2024-10-09T22:15:00,3.270,0.00,0.000
2024-10-09T22:00:00,3.270,0.00,0.000
2024-10-09T21:45:00,3.270,0.00,0.000
2024-10-09T21:30:00,3.270,0.00,0.000
2024-10-09T21:15:00,3.260,0.00,0.000
2024-10-09T21:00:00,3.260,0.00,0.000
2024-10-09T20:45:00,3.260,0.00,0.000
2024-10-09T20:30:00,3.260,0.00,0.000
2024-10-09T20:15:00,3.260,0.00,0.000
2024-10-09T20:00:00,3.250,0.00,0.000
2024-10-09T19:45:00,3.250,0.00,0.000
2024-10-09T19:30:00,3.250,0.00,0.000
2024-10-09T19:15:00,3.250,0.00,0.000
2024-10-09T19:00:00,3.250,0.00,0.000
2024-10-09T18:45:00,3.240,0.00,0.000
2024-10-09T18:30:00,3.240,0.00,0.000
2024-10-09T18:15:00,3.240,0.00,0.000
2024-10-09T18:00:00,3.230,0.00,0.000
2024-10-09T17:45:00,3.230,0.00,0.000
2024-10-09T17:30:00,3.210,0.00,0.000
2024-10-09T17:15:00,3.210,0.00,0.000
2024-10-09T17:00:00,3.190,0.00,0.000
2024-10-09T16:45:00,3.200,0.00,0.000
2024-10-09T16:30:00,3.200,0.00,0.000
2024-10-09T16:15:00,3.200,0.00,0.500
2024-10-09T16:00:00,3.200,0.00,0.000
2024-10-09T15:45:00,3.200,0.00,0.000
2024-10-09T15:30:00,3.200,0.00,0.000
2024-10-09T15:15:00,3.210,480.90,0.000
2024-10-09T15:00:00,3.210,0.00,0.000
2024-10-09T14:45:00,3.210,0.00,0.000
2024-10-09T14:30:00,3.210,0.00,0.000
2024-10-09T14:15:00,3.220,0.00,0.000
2024-10-09T14:00:00,3.220,0.00,0.000
2024-10-09T13:45:00,3.220,0.00,0.000
2024-10-09T13:30:00,3.220,0.00,0.000
2024-10-09T13:15:00,3.230,0.00,0.000
2024-10-09T13:00:00,3.230,0.00,0.000
2024-10-09T12:45:00,3.230,0.00,0.000
2024-10-09T12:30:00,3.230,0.00,0.000
2024-10-09T12:15:00,3.240,0.00,0.000
2024-10-09T12:00:00,3.240,0.00,0.000
2024-10-09T11:45:00,3.240,0.00,0.000
2024-10-09T11:30:00,3.240,0.00,0.000
2024-10-09T11:15:00,3.250,0.00,0.000
2024-10-09T11:00:00,3.250,0.00,0.000
2024-10-09T10:45:00,3.250,0.00,0.000
2024-10-09T10:30:00,3.260,0.00,0.000
2024-10-09T10:15:00,3.260,0.00,0.000
2024-10-09T10:00:00,3.260,0.00,0.000
2024-10-09T09:45:00,3.270,0.00,0.000
2024-10-09T09:30:00,3.270,0.00,0.000
2024-10-09T09:15:00,3.270,0.00,0.000
2024-10-09T09:00:00,3.280,0.00,0.000
2024-10-09T08:45:00,3.280,0.00,0.000
2024-10-09T08:30:00,3.280,0.00,0.000
2024-10-09T08:15:00,3.280,0.00,0.000
2024-10-09T08:00:00,3.280,0.00,0.000
2024-10-09T07:45:00,3.290,0.00,0.000
2024-10-09T07:30:00,3.290,0.00,0.000
2024-10-09T07:15:00,3.300,0.00,0.000
2024-10-09T07:00:00,3.300,0.00,0.000
2024-10-09T06:45:00,3.300,0.00,0.000
2024-10-09T06:30:00,3.300,0.00,0.000
2024-10-09T06:15:00,3.300,0.00,0.000
2024-10-09T06:00:00,3.300,0.00,0.000
2024-10-09T05:45:00,3.310,0.00,0.000
2024-10-09T05:30:00,3.310,0.00,0.000
2024-10-09T05:15:00,3.310,0.00,0.000
2024-10-09T05:00:00,3.310,0.00,0.000
2024-10-09T04:45:00,3.320,0.00,0.000
2024-10-09T04:30:00,3.320,0.00,0.000
2024-10-09T04:15:00,3.320,0.00,0.000
2024-10-09T04:00:00,3.330,0.00,0.000
2024-10-09T03:45:00,3.330,0.00,0.000
2024-10-09T03:30:00,3.330,0.00,0.000
2024-10-09T03:15:00,3.340,0.00,0.000
2024-10-09T03:00:00,3.340,0.00,0.000
2024-10-09T02:45:00,3.340,0.00,0.000
2024-10-09T02:30:00,3.340,0.00,0.000
2024-10-09T02:15:00,3.350,0.00,0.000
2024-10-09T02:00:00,3.350,0.00,0.000
2024-10-09T01:45:00,3.350,0.00,0.000
2024-10-09T01:30:00,3.350,0.00,0.000
2024-10-09T01:15:00,3.360,0.00,0.000
2024-10-09T01:00:00,3.360,0.00,0.000
2024-10-09T00:45:00,3.370,0.00,0.000
2024-10-09T00:30:00,3.370,0.00,0.000
2024-10-09T00:15:00,3.370,0.00,0.000
2024-10-09T00:00:00,3.370,0.00,0.000
2024-10-08T23:45:00,3.380,0.00,0.000
2024-10-08T23:30:00,3.380,0.00,0.000
2024-10-08T23:15:00,3.380,0.00,0.000
2024-10-08T23:00:00,3.390,0.00,0.000
2024-10-08T22:45:00,3.390,0.00,0.000
2024-10-08T22:30:00,3.390,0.00,0.000
2024-10-08T22:15:00,3.390,0.00,0.000
2024-10-08T22:00:00,3.400,0.00,0.000
2024-10-08T21:45:00,3.400,0.00,0.000
2024-10-08T21:30:00,3.410,0.00,0.000
2024-10-08T21:15:00,3.410,0.00,0.000
2024-10-08T21:00:00,3.420,0.00,0.000
2024-10-08T20:45:00,3.420,0.00,0.000
2024-10-08T20:30:00,3.420,0.00,0.000
2024-10-08T20:15:00,3.430,0.00,0.000
2024-10-08T20:00:00,3.430,0.00,0.000
2024-10-08T19:45:00,3.440,0.00,0.000
2024-10-08T19:30:00,3.440,13.20,0.000
2024-10-08T19:15:00,3.450,0.00,0.000
2024-10-08T19:00:00,3.450,0.00,0.000
2024-10-08T18:45:00,3.450,0.00,0.000
2024-10-08T18:30:00,3.460,0.00,0.000
2024-10-08T18:15:00,3.460,0.00,0.000
2024-10-08T18:00:00,3.470,0.00,0.000
2024-10-08T17:45:00,3.490,0.00,0.000
2024-10-08T17:30:00,3.540,0.00,0.000
2024-10-08T17:15:00,3.540,0.00,0.000
2024-10-08T17:00:00,3.540,0.00,0.000
2024-10-08T16:45:00,3.540,0.00,0.000
2024-10-08T16:30:00,3.540,0.00,0.000
2024-10-08T16:15:00,3.530,0.00,0.500
2024-10-08T16:00:00,3.530,0.00,0.000
2024-10-08T15:45:00,3.530,0.00,4.000
2024-10-08T15:30:00,3.530,160.30,16.500
2024-10-08T15:15:00,3.510,0.00,0.000
2024-10-08T15:00:00,3.510,0.00,0.000
2024-10-08T14:45:00,3.510,0.00,0.000
2024-10-08T14:30:00,3.510,0.00,0.000
2024-10-08T14:15:00,3.510,0.00,0.000
2024-10-08T14:00:00,3.510,0.00,0.000
2024-10-08T13:45:00,3.510,0.00,0.000
2024-10-08T13:30:00,3.500,0.00,0.000
2024-10-08T13:15:00,3.510,0.00,0.000
2024-10-08T13:00:00,3.510,0.00,0.000
2024-10-08T12:45:00,3.500,0.00,0.000
2024-10-08T12:30:00,3.500,0.00,0.000
2024-10-08T12:15:00,3.500,0.00,0.000
2024-10-08T12:00:00,3.500,0.00,0.000
2024-10-08T11:45:00,3.500,0.00,0.000
2024-10-08T11:30:00,3.500,0.00,0.000
2024-10-08T11:15:00,3.500,0.00,0.000
2024-10-08T11:00:00,3.500,0.00,0.000
2024-10-08T10:45:00,3.500,0.00,0.000
2024-10-08T10:30:00,3.500,0.00,0.000
2024-10-08T10:15:00,3.500,0.00,0.000
2024-10-08T10:00:00,3.500,0.00,0.000
2024-10-08T09:45:00,3.500,0.00,0.000
2024-10-08T09:30:00,3.500,0.00,0.000
2024-10-08T09:15:00,3.500,0.00,0.000
2024-10-08T09:00:00,3.500,0.00,0.000
2024-10-08T08:45:00,3.500,0.00,0.000
2024-10-08T08:30:00,3.500,0.00,0.000
2024-10-08T08:15:00,3.500,0.00,0.000
2024-10-08T08:00:00,3.500,0.00,0.000
2024-10-08T07:45:00,3.500,0.00,0.000
2024-10-08T07:30:00,3.500,0.00,0.000
2024-10-08T07:15:00,3.500,0.00,0.000
2024-10-08T07:00:00,3.500,0.00,0.000
2024-10-08T06:45:00,3.490,0.00,0.000
2024-10-08T06:30:00,3.500,0.00,0.000
2024-10-08T06:15:00,3.490,0.00,0.000
2024-10-08T06:00:00,3.490,0.00,0.000
2024-10-08T05:45:00,3.490,0.00,0.000
2024-10-08T05:30:00,3.490,0.00,0.000
2024-10-08T05:15:00,3.490,0.00,0.000
2024-10-08T05:00:00,3.490,0.00,0.000
2024-10-08T04:45:00,3.490,0.00,0.000
2024-10-08T04:30:00,3.490,0.00,0.000
2024-10-08T04:15:00,3.490,0.00,0.000
2024-10-08T04:00:00,3.490,0.00,0.000
2024-10-08T03:45:00,3.490,0.00,0.000
2024-10-08T03:30:00,3.490,0.00,0.000
2024-10-08T03:15:00,3.490,0.00,0.000
2024-10-08T03:00:00,3.480,0.00,0.000
2024-10-08T02:45:00,3.480,0.00,0.000
2024-10-08T02:30:00,3.480,0.00,0.000
2024-10-08T02:15:00,3.480,0.00,0.000
2024-10-08T02:00:00,3.480,0.00,0.000
2024-10-08T01:45:00,3.470,0.00,0.000
2024-10-08T01:30:00,3.480,0.00,0.000
2024-10-08T01:15:00,3.470,0.00,0.000
2024-10-08T01:00:00,3.470,0.00,0.000
2024-10-08T00:45:00,3.470,0.00,0.000
2024-10-08T00:30:00,3.470,0.00,0.000
2024-10-08T00:15:00,3.470,0.00,0.000
2024-10-08T00:00:00,3.470,0.00,0.000
2024-10-07T23:45:00,3.470,0.00,0.000
2024-10-07T23:30:00,3.470,0.00,0.000
2024-10-07T23:15:00,3.470,0.00,0.000
2024-10-07T23:00:00,3.460,0.00,0.000
2024-10-07T22:45:00,3.470,0.00,0.000
2024-10-07T22:30:00,3.770,0.00,0.000
2024-10-07T22:15:00,3.470,0.00,0.000
2024-10-07T22:00:00,3.470,0.00,0.000
2024-10-07T21:45:00,3.470,0.00,0.000
2024-10-07T21:30:00,3.470,0.00,0.000
2024-10-07T21:15:00,3.460,0.00,0.000
2024-10-07T21:00:00,3.460,0.00,0.000
2024-10-07T20:45:00,3.460,0.00,0.000
2024-10-07T20:30:00,3.460,0.00,0.000
2024-10-07T20:15:00,3.450,0.00,0.000
2024-10-07T20:00:00,3.450,0.00,0.000
2024-10-07T19:45:00,3.450,21.40,0.000
2024-10-07T19:30:00,3.450,0.00,0.000
2024-10-07T19:15:00,3.450,0.00,0.000
2024-10-07T19:00:00,3.440,0.00,0.000
2024-10-07T18:45:00,3.440,0.00,0.000
2024-10-07T18:30:00,3.440,0.00,0.000
2024-10-07T18:15:00,3.430,0.00,0.000
2024-10-07T18:00:00,3.430,0.00,0.000
2024-10-07T17:45:00,3.430,0.00,0.000
2024-10-07T17:30:00,3.420,0.00,0.000
2024-10-07T17:15:00,3.420,0.00,0.000
2024-10-07T17:00:00,3.420,0.00,0.000
2024-10-07T16:45:00,3.410,0.00,0.000
2024-10-07T16:30:00,3.410,0.00,0.000
2024-10-07T16:15:00,3.410,0.00,0.000
2024-10-07T16:00:00,3.410,0.00,0.000
2024-10-07T15:45:00,3.410,0.00,0.000
2024-10-07T15:30:00,3.400,0.00,0.000
2024-10-07T15:15:00,3.390,0.00,0.000
2024-10-07T15:00:00,3.390,0.00,0.000
2024-10-07T14:45:00,3.390,0.00,0.000
2024-10-07T14:30:00,3.380,0.00,0.000
2024-10-07T14:15:00,3.380,0.00,0.000
2024-10-07T14:00:00,3.380,0.00,0.000
2024-10-07T13:45:00,3.370,0.00,0.000
2024-10-07T13:30:00,3.370,0.00,0.000
2024-10-07T13:15:00,3.370,0.00,0.000
2024-10-07T13:00:00,3.360,0.00,0.000
2024-10-07T12:45:00,3.350,0.00,0.000
2024-10-07T12:30:00,3.340,0.00,0.000
2024-10-07T12:15:00,3.320,0.00,0.000
2024-10-07T12:00:00,3.300,0.00,0.000
2024-10-07T11:45:00,3.260,0.00,0.000
2024-10-07T11:30:00,3.260,0.00,0.000
2024-10-07T11:15:00,3.260,0.00,0.000
2024-10-07T11:00:00,3.260,0.00,0.000
2024-10-07T10:45:00,3.260,0.00,0.000
2024-10-07T10:30:00,3.260,0.00,0.000
2024-10-07T10:15:00,3.260,0.00,0.000
2024-10-07T10:00:00,3.270,0.00,0.000
2024-10-07T09:45:00,3.260,0.00,0.000
2024-10-07T09:30:00,3.270,0.00,0.000
2024-10-07T09:15:00,3.270,0.00,0.000
2024-10-07T09:00:00,3.260,0.00,0.000
2024-10-07T08:45:00,3.270,0.00,0.000
2024-10-07T08:30:00,3.270,0.00,0.000
2024-10-07T08:15:00,3.270,0.00,0.000
2024-10-07T08:00:00,3.270,0.00,0.000
2024-10-07T07:45:00,3.270,0.00,0.000
2024-10-07T07:30:00,3.280,0.00,0.000
2024-10-07T07:15:00,3.280,0.00,0.000
2024-10-07T07:00:00,3.290,0.00,0.000
2024-10-07T06:45:00,3.280,0.00,0.000
2024-10-07T06:30:00,3.280,0.00,0.000
2024-10-07T06:15:00,3.290,0.00,0.000
2024-10-07T06:00:00,3.290,0.00,0.000
2024-10-07T05:45:00,3.290,0.00,0.000
2024-10-07T05:30:00,3.290,0.00,0.000
2024-10-07T05:15:00,3.290,0.00,0.000
2024-10-07T05:00:00,3.290,0.00,0.000
2024-10-07T04:45:00,3.300,0.00,0.000
2024-10-07T04:30:00,3.300,0.00,0.000
2024-10-07T04:15:00,3.300,0.00,0.000
2024-10-07T04:00:00,3.300,0.00,0.000
2024-10-07T03:45:00,3.300,0.00,0.000
2024-10-07T03:30:00,3.310,0.00,0.000
2024-10-07T03:15:00,3.300,0.00,0.000
2024-10-07T03:00:00,3.300,0.00,0.000
2024-10-07T02:45:00,3.310,0.00,0.000
2024-10-07T02:30:00,3.300,0.00,0.000
2024-10-07T02:15:00,3.300,0.00,0.000
2024-10-07T02:00:00,3.310,0.00,0.000
2024-10-07T01:45:00,3.310,0.00,0.000
2024-10-07T01:30:00,3.310,0.00,0.000
2024-10-07T01:15:00,3.310,0.00,0.000
2024-10-07T01:00:00,3.320,0.00,0.000
2024-10-07T00:45:00,3.320,0.00,0.000
2024-10-07T00:30:00,3.320,0.00,0.000
2024-10-07T00:15:00,3.320,0.00,0.000
2024-10-07T00:00:00,3.320,0.00,0.000
2024-10-20T23:45:00,3.520,0.00,0.000
2024-10-20T23:30:00,3.520,0.00,0.000
2024-10-20T23:15:00,3.520,0.00,0.000
2024-10-20T23:00:00,3.520,0.00,0.000
2024-10-20T22:45:00,3.520,0.00,0.000
2024-10-20T22:30:00,3.530,0.00,0.000
2024-10-20T22:15:00,3.530,0.00,0.000
2024-10-20T22:00:00,3.530,0.00,0.000
2024-10-20T21:45:00,3.530,0.00,0.000
2024-10-20T21:30:00,3.540,0.00,0.000
2024-10-20T21:15:00,3.540,0.00,0.000
2024-10-20T21:00:00,3.540,0.00,0.000
2024-10-20T20:45:00,3.550,0.00,0.500
2024-10-20T20:30:00,3.550,0.00,0.000
2024-10-20T20:15:00,3.550,0.00,0.000
2024-10-20T20:00:00,3.550,0.00,0.000
2024-10-20T19:45:00,3.550,0.00,0.000
2024-10-20T19:30:00,3.560,0.00,0.000
2024-10-20T19:15:00,3.560,0.00,0.000
2024-10-20T19:00:00,3.570,0.00,0.000
2024-10-20T18:45:00,3.580,0.00,0.000
2024-10-20T18:30:00,3.600,0.00,0.000
2024-10-20T18:15:00,3.600,0.00,0.000
2024-10-20T18:00:00,3.600,0.00,0.000
2024-10-20T17:45:00,3.600,0.00,0.000
2024-10-20T17:30:00,3.600,0.00,0.000
2024-10-20T17:15:00,3.600,0.00,0.000
2024-10-20T17:00:00,3.600,0.00,0.000
2024-10-20T16:45:00,3.590,0.00,0.000
2024-10-20T16:30:00,3.590,0.00,0.000
2024-10-20T16:15:00,3.590,0.00,6.000
2024-10-20T16:00:00,3.580,0.00,0.000
2024-10-20T15:45:00,3.590,0.00,0.000
2024-10-20T15:30:00,3.590,0.00,0.000
2024-10-20T15:15:00,3.590,0.00,0.000
2024-10-20T15:00:00,3.590,0.00,0.000
2024-10-20T14:45:00,3.590,0.00,0.000
2024-10-20T14:30:00,3.590,0.00,0.000
2024-10-20T14:15:00,3.600,0.00,0.000
2024-10-20T14:00:00,3.590,0.00,0.000
2024-10-20T13:45:00,3.580,0.00,0.000
2024-10-20T13:30:00,3.590,0.00,0.000
2024-10-20T13:15:00,3.590,0.00,0.000
2024-10-20T13:00:00,3.590,0.00,0.000
2024-10-20T12:45:00,3.590,0.00,0.000
2024-10-20T12:30:00,3.590,0.00,0.000
2024-10-20T12:15:00,3.590,0.00,0.000
2024-10-20T12:00:00,3.590,0.00,0.000
2024-10-20T11:45:00,3.590,0.00,0.000
2024-10-20T11:30:00,3.590,0.00,0.000
2024-10-20T11:15:00,3.590,0.00,0.000
2024-10-20T11:00:00,3.580,0.00,0.000
2024-10-20T10:45:00,3.590,0.00,0.000
2024-10-20T10:30:00,3.590,0.00,0.000
2024-10-20T10:15:00,3.590,0.00,0.000
2024-10-20T10:00:00,3.590,0.00,0.000
2024-10-20T09:45:00,3.590,0.00,0.000
2024-10-20T09:30:00,3.590,0.00,0.000
2024-10-20T09:15:00,3.590,0.00,0.000
2024-10-20T09:00:00,3.600,0.00,0.000
2024-10-20T08:45:00,3.600,0.00,0.000
2024-10-20T08:30:00,3.600,0.00,0.000
2024-10-20T08:15:00,3.600,0.00,0.000
2024-10-20T08:00:00,3.590,0.00,0.000
2024-10-20T07:45:00,3.590,0.00,0.000
2024-10-20T07:30:00,3.600,0.00,0.000
2024-10-20T07:15:00,3.600,0.00,0.000
2024-10-20T07:00:00,3.610,0.00,0.000
2024-10-20T06:45:00,3.610,0.00,0.000
2024-10-20T06:30:00,3.600,0.00,0.000
2024-10-20T06:15:00,3.600,0.00,0.000
2024-10-20T06:00:00,3.600,0.00,0.000
2024-10-20T05:45:00,3.600,0.00,0.000
2024-10-20T05:30:00,3.600,0.00,0.000
2024-10-20T05:15:00,3.600,0.00,0.000
2024-10-20T05:00:00,3.600,0.00,0.000
2024-10-20T04:45:00,3.600,40.40,0.000
2024-10-20T04:30:00,3.600,0.00,0.000
2024-10-20T04:15:00,3.600,0.00,0.000
2024-10-20T04:00:00,3.600,0.00,0.000
2024-10-20T03:45:00,3.600,0.00,0.000
2024-10-20T03:30:00,3.600,0.00,0.000
2024-10-20T03:15:00,3.600,0.00,0.000
2024-10-20T03:00:00,3.600,0.00,0.000
2024-10-20T02:45:00,3.610,0.00,0.000
2024-10-20T02:30:00,3.610,0.00,0.000
2024-10-20T02:15:00,3.610,0.00,0.000
2024-10-20T02:00:00,3.610,0.00,0.000
2024-10-20T01:45:00,3.610,0.00,0.000
2024-10-20T01:30:00,3.610,0.00,0.000
2024-10-20T01:15:00,3.610,0.00,0.000
2024-10-20T01:00:00,3.610,0.00,0.000
2024-10-20T00:45:00,3.610,0.00,0.000
2024-10-20T00:30:00,3.610,0.00,0.000
2024-10-20T00:15:00,3.610,0.00,0.000
2024-10-20T00:00:00,3.610,0.00,0.000
2024-10-19T23:45:00,3.610,0.00,0.000
2024-10-19T23:30:00,3.610,0.00,0.000
2024-10-19T23:15:00,3.610,0.00,0.000
2024-10-19T23:00:00,3.610,0.00,0.000
2024-10-19T22:45:00,3.610,0.00,0.000
2024-10-19T22:30:00,3.610,0.00,0.000
2024-10-19T22:15:00,3.610,30.70,0.000
2024-10-19T22:00:00,3.620,0.00,0.000
2024-10-19T21:45:00,3.610,0.00,0.000
2024-10-19T21:30:00,3.620,0.00,0.000
2024-10-19T21:15:00,3.620,0.00,0.000
2024-10-19T21:00:00,3.620,0.00,0.000
2024-10-19T20:45:00,3.620,0.00,0.000
2024-10-19T20:30:00,3.620,0.00,0.000
2024-10-19T20:15:00,3.630,0.00,0.000
2024-10-19T20:00:00,3.620,0.00,0.000
2024-10-19T19:45:00,3.640,0.00,0.000
2024-10-19T19:30:00,3.640,0.00,0.500
2024-10-19T19:15:00,3.640,0.00,0.000
2024-10-19T19:00:00,3.640,661.80,0.000
2024-10-19T18:45:00,3.640,0.00,0.000
2024-10-19T18:30:00,3.640,0.00,0.500
2024-10-19T18:15:00,3.640,0.00,0.500
2024-10-19T18:00:00,3.640,0.00,0.000
2024-10-19T17:45:00,3.640,0.00,0.000
2024-10-19T17:30:00,3.630,0.00,0.000
2024-10-19T17:15:00,3.620,0.00,0.000
2024-10-19T17:00:00,3.620,0.00,0.000
2024-10-19T16:45:00,3.620,0.00,0.000
2024-10-19T16:30:00,3.630,0.00,9.500
2024-10-19T16:15:00,3.630,178.90,1.500
2024-10-19T16:00:00,3.620,0.00,0.000
2024-10-19T15:45:00,3.620,0.00,0.000
2024-10-19T15:30:00,3.620,0.00,0.000
2024-10-19T15:15:00,3.610,0.00,0.000
2024-10-19T15:00:00,3.610,0.00,0.000
2024-10-19T14:45:00,3.610,0.00,0.000
2024-10-19T14:30:00,3.620,0.00,0.000
2024-10-19T14:15:00,3.610,0.00,0.000
2024-10-19T14:00:00,3.620,0.00,0.000
2024-10-19T13:45:00,4.020,0.00,0.000
2024-10-19T13:30:00,3.600,0.00,0.000
2024-10-19T13:15:00,3.610,0.00,0.000
2024-10-19T13:00:00,3.600,0.00,0.000
2024-10-19T12:45:00,3.600,0.00,0.000
2024-10-19T12:30:00,3.610,0.00,0.000
2024-10-19T12:15:00,3.620,0.00,0.000
2024-10-19T12:00:00,3.620,0.00,0.000
2024-10-19T11:45:00,3.640,0.00,0.000
2024-10-19T11:30:00,3.630,0.00,0.000
2024-10-19T11:15:00,3.630,0.00,0.000
2024-10-19T11:00:00,3.630,0.00,0.000
2024-10-19T10:45:00,3.620,0.00,0.000
2024-10-19T10:30:00,3.620,0.00,0.000
2024-10-19T10:15:00,3.620,0.00,0.000
2024-10-19T10:00:00,3.620,0.00,0.000
2024-10-19T09:45:00,3.620,0.00,0.000
2024-10-19T09:30:00,3.610,0.00,0.000
2024-10-19T09:15:00,3.610,0.00,0.000
2024-10-19T09:00:00,3.600,0.00,0.000
2024-10-19T08:45:00,3.590,0.00,0.000
2024-10-19T08:30:00,3.580,32.00,0.000
2024-10-19T08:15:00,3.580,0.00,0.000
2024-10-19T08:00:00,3.580,0.00,0.000
2024-10-19T07:45:00,3.570,0.00,0.000
2024-10-19T07:30:00,3.570,0.00,0.000
2024-10-19T07:15:00,3.570,0.00,0.000
2024-10-19T07:00:00,3.570,0.00,0.000
2024-10-19T06:45:00,3.560,0.00,0.000
2024-10-19T06:30:00,3.560,0.00,0.000
2024-10-19T06:15:00,3.560,0.00,0.000
2024-10-19T06:00:00,3.560,0.00,0.000
2024-10-19T05:45:00,3.540,0.00,0.000
2024-10-19T05:30:00,3.560,0.00,0.000
2024-10-19T05:15:00,3.560,0.00,0.000
2024-10-19T05:00:00,3.560,0.00,0.000
2024-10-19T04:45:00,3.550,0.00,0.000
2024-10-19T04:30:00,3.550,0.00,0.000
2024-10-19T04:15:00,3.540,0.00,0.000
2024-10-19T04:00:00,3.540,0.00,0.000
2024-10-19T03:45:00,3.530,0.00,0.000
2024-10-19T03:30:00,3.530,0.00,0.000
2024-10-19T03:15:00,3.530,0.00,0.000
2024-10-19T03:00:00,3.530,0.00,0.000
2024-10-19T02:45:00,3.530,0.00,0.000
2024-10-19T02:30:00,3.520,0.00,0.000
2024-10-19T02:15:00,3.520,0.00,0.000
2024-10-19T02:00:00,3.520,0.00,0.000
2024-10-19T01:45:00,3.510,0.00,0.000
2024-10-19T01:30:00,3.510,0.00,0.000
2024-10-19T01:15:00,3.510,0.00,0.000
2024-10-19T01:00:00,3.510,0.00,0.000
2024-10-19T00:45:00,3.510,0.00,0.000
2024-10-19T00:30:00,3.500,0.00,0.000
2024-10-19T00:15:00,3.500,0.00,0.000
2024-10-19T00:00:00,3.490,0.00,0.000
2024-10-18T23:45:00,3.490,0.00,0.000
2024-10-18T23:30:00,3.490,0.00,0.000
2024-10-18T23:15:00,3.490,0.00,0.000
2024-10-18T23:00:00,3.490,0.00,0.000
2024-10-18T22:45:00,3.480,0.00,0.000
2024-10-18T22:30:00,3.480,0.00,0.000
2024-10-18T22:15:00,3.470,0.00,0.000
2024-10-18T22:00:00,3.470,0.00,0.000
2024-10-18T21:45:00,3.470,0.00,0.000
2024-10-18T21:30:00,3.460,0.00,0.000
2024-10-18T21:15:00,3.460,0.00,0.000
2024-10-18T21:00:00,3.450,0.00,0.000
2024-10-18T20:45:00,3.450,0.00,0.000
2024-10-18T20:30:00,3.450,0.00,0.000
2024-10-18T20:15:00,3.440,0.00,0.000
2024-10-18T20:00:00,3.440,0.00,0.500
2024-10-18T19:45:00,3.430,0.00,0.000
2024-10-18T19:30:00,3.430,0.00,0.000
2024-10-18T19:15:00,3.420,0.00,0.500
2024-10-18T19:00:00,3.410,0.00,1.000
2024-10-18T18:45:00,3.400,0.00,0.500
2024-10-18T18:30:00,3.390,0.00,1.000
2024-10-18T18:15:00,3.380,0.00,0.000
2024-10-18T18:00:00,3.370,0.00,1.000
2024-10-18T17:45:00,3.370,0.00,1.500
2024-10-18T17:30:00,3.360,0.00,1.000
2024-10-18T17:15:00,3.360,0.00,0.000
2024-10-18T17:00:00,3.340,0.00,1.000
2024-10-18T16:45:00,3.340,0.00,1.500
2024-10-18T16:30:00,3.730,0.00,3.500
2024-10-18T16:15:00,3.330,0.00,5.500
2024-10-18T16:00:00,3.330,150.10,2.500
2024-10-18T15:45:00,3.320,0.00,0.000
2024-10-18T15:30:00,3.320,0.00,0.000
2024-10-18T15:15:00,3.310,0.00,0.000
2024-10-18T15:00:00,3.960,0.00,0.000
2024-10-18T14:45:00,3.310,0.00,0.000
2024-10-18T14:30:00,3.320,0.00,0.000
2024-10-18T14:15:00,3.960,0.00,0.000
2024-10-18T14:00:00,3.320,0.00,0.000
2024-10-18T13:45:00,3.320,0.00,0.000
2024-10-18T13:30:00,3.320,0.00,0.000
2024-10-18T13:15:00,3.310,0.00,0.000
2024-10-18T13:00:00,3.960,0.00,0.000
2024-10-18T12:45:00,3.320,0.00,0.000
2024-10-18T12:30:00,3.330,0.00,0.000
2024-10-18T12:15:00,3.330,452.20,0.000
2024-10-18T12:00:00,3.970,0.00,0.000
2024-10-18T11:45:00,3.970,0.00,0.000
2024-10-18T11:30:00,3.960,0.00,0.000
2024-10-18T11:15:00,3.970,0.00,0.000
2024-10-18T11:00:00,3.330,0.00,0.000
2024-10-18T10:45:00,3.970,0.00,0.000
2024-10-18T10:30:00,3.330,0.00,0.000
2024-10-18T10:15:00,3.980,0.00,0.000
2024-10-18T10:00:00,3.340,0.00,0.000
2024-10-18T09:45:00,3.340,0.00,0.000
2024-10-18T09:30:00,3.350,0.00,0.000
2024-10-18T09:15:00,3.360,0.00,0.000
2024-10-18T09:00:00,3.350,0.00,0.000
2024-10-18T08:45:00,3.350,0.00,0.000
2024-10-18T08:30:00,3.350,0.00,0.000
2024-10-18T08:15:00,3.350,0.00,0.000
2024-10-18T08:00:00,3.350,0.00,0.000
2024-10-18T07:45:00,3.360,0.00,0.000
2024-10-18T07:30:00,3.360,0.00,0.000
2024-10-18T07:15:00,3.360,0.00,0.000
2024-10-18T07:00:00,3.360,0.00,0.000
2024-10-18T06:45:00,3.360,0.00,0.000
2024-10-18T06:30:00,3.360,0.00,0.000
2024-10-18T06:15:00,3.360,0.00,0.000
2024-10-18T06:00:00,3.370,0.00,0.000
2024-10-18T05:45:00,3.380,0.00,0.000
2024-10-18T05:30:00,3.370,0.00,0.000
2024-10-18T05:15:00,3.370,0.00,0.000
2024-10-18T05:00:00,3.380,0.00,0.000
2024-10-18T04:45:00,3.380,0.00,0.000
2024-10-18T04:30:00,3.380,0.00,0.000
2024-10-18T04:15:00,3.380,0.00,0.000
2024-10-18T04:00:00,3.370,0.00,0.000
2024-10-18T03:45:00,3.380,0.00,0.000
2024-10-18T03:30:00,3.380,0.00,0.000
2024-10-18T03:15:00,3.380,0.00,0.000
2024-10-18T03:00:00,3.380,25.90,0.000
2024-10-18T02:45:00,3.390,0.00,0.000
2024-10-18T02:30:00,3.390,0.00,0.000
2024-10-18T02:15:00,3.390,0.00,0.000
2024-10-18T02:00:00,3.390,0.00,0.000
2024-10-18T01:45:00,3.390,0.00,0.000
2024-10-18T01:30:00,3.400,0.00,0.000
2024-10-18T01:15:00,3.400,0.00,0.000
2024-10-18T01:00:00,3.400,0.00,0.000
2024-10-18T00:45:00,3.400,0.00,0.000
2024-10-18T00:30:00,3.400,0.00,0.000
2024-10-18T00:15:00,3.400,0.00,0.000
2024-10-18T00:00:00,3.410,0.00,0.000
2024-10-17T23:45:00,3.410,0.00,0.000
2024-10-17T23:30:00,3.410,0.00,0.000
2024-10-17T23:15:00,3.410,0.00,0.000
2024-10-17T23:00:00,3.420,0.00,0.000
2024-10-17T22:45:00,3.420,0.00,0.000
2024-10-17T22:30:00,3.420,0.00,0.000
2024-10-17T22:15:00,3.420,0.00,0.000
2024-10-17T22:00:00,3.420,0.00,0.000
2024-10-17T21:45:00,3.420,0.00,0.000
2024-10-17T21:30:00,3.420,0.00,0.000
2024-10-17T21:15:00,3.430,0.00,0.000
2024-10-17T21:00:00,3.430,0.00,0.000
2024-10-17T20:45:00,3.430,0.00,0.000
2024-10-17T20:30:00,3.430,0.00,0.000
2024-10-17T20:15:00,3.430,0.00,0.000
2024-10-17T20:00:00,3.430,0.00,0.000
2024-10-17T19:45:00,3.430,0.00,0.000
2024-10-17T19:30:00,3.430,0.00,0.000
2024-10-17T19:15:00,3.420,0.00,0.000
2024-10-17T19:00:00,3.420,0.00,0.000
2024-10-17T18:45:00,3.420,0.00,0.000
2024-10-17T18:30:00,3.420,0.00,0.000
2024-10-17T18:15:00,3.420,0.00,0.000
2024-10-17T18:00:00,3.430,0.00,0.000
2024-10-17T17:45:00,3.430,0.00,0.000
2024-10-17T17:30:00,3.430,0.00,0.000
2024-10-17T17:15:00,3.430,0.00,0.000
2024-10-17T17:00:00,3.430,0.00,0.000
2024-10-17T16:45:00,3.440,0.00,0.000
2024-10-17T16:30:00,3.440,0.00,0.000
2024-10-17T16:15:00,3.440,0.00,0.000
2024-10-17T16:00:00,3.440,0.00,0.000
2024-10-17T15:45:00,3.450,0.00,0.000
2024-10-17T15:30:00,3.450,0.00,0.000
2024-10-17T15:15:00,3.460,0.00,0.000
2024-10-17T15:00:00,3.460,0.00,0.000
2024-10-17T14:45:00,3.460,0.00,0.000
2024-10-17T14:30:00,3.470,0.00,0.000
2024-10-17T14:15:00,3.470,0.00,0.000
2024-10-17T14:00:00,3.480,0.00,0.000
2024-10-17T13:45:00,3.480,0.00,0.000
2024-10-17T13:30:00,3.480,0.00,0.000
2024-10-17T13:15:00,3.480,0.00,0.000
2024-10-17T13:00:00,3.480,0.00,0.000
2024-10-17T12:45:00,3.490,0.00,0.000
2024-10-17T12:30:00,3.500,0.00,0.000
2024-10-17T12:15:00,3.510,0.00,0.000
2024-10-17T12:00:00,3.510,0.00,0.000
2024-10-17T11:45:00,3.510,0.00,0.000
2024-10-17T11:30:00,3.520,0.00,0.000
2024-10-17T11:15:00,3.530,0.00,0.000
2024-10-17T11:00:00,3.540,0.00,0.000
2024-10-17T10:45:00,3.560,0.00,0.000
2024-10-17T10:30:00,3.560,0.00,0.000
2024-10-17T10:15:00,3.560,0.00,0.000
2024-10-17T10:00:00,3.560,0.00,0.000
2024-10-17T09:45:00,3.560,0.00,0.000
2024-10-17T09:30:00,3.560,0.00,0.000
2024-10-17T09:15:00,3.570,0.00,0.000
2024-10-17T09:00:00,3.570,0.00,0.000
2024-10-17T08:45:00,3.570,0.00,0.000
2024-10-17T08:30:00,3.580,0.00,0.000
2024-10-17T08:15:00,3.580,0.00,0.000
2024-10-17T08:00:00,3.580,0.00,0.000
2024-10-17T07:45:00,3.580,0.00,0.000
2024-10-17T07:30:00,3.580,0.00,0.000
2024-10-17T07:15:00,3.590,0.00,0.000
2024-10-17T07:00:00,3.580,0.00,0.000
2024-10-17T06:45:00,3.590,0.00,0.000
2024-10-17T06:30:00,3.590,0.00,0.000
2024-10-17T06:15:00,3.590,0.00,0.000
2024-10-17T06:00:00,3.590,0.00,0.000
2024-10-17T05:45:00,3.590,0.00,0.000
2024-10-17T05:30:00,3.590,0.00,0.000
2024-10-17T05:15:00,3.590,0.00,0.000
2024-10-17T05:00:00,3.590,0.00,0.000
2024-10-17T04:45:00,3.580,0.00,0.000
2024-10-17T04:30:00,3.590,0.00,0.000
2024-10-17T04:15:00,3.590,0.00,0.000
2024-10-17T04:00:00,3.590,0.00,0.000
2024-10-17T03:45:00,3.590,0.00,0.000
2024-10-17T03:30:00,3.590,0.00,0.000
2024-10-17T03:15:00,3.590,0.00,0.000
2024-10-17T03:00:00,3.590,0.00,0.000
2024-10-17T02:45:00,3.590,0.00,0.000
2024-10-17T02:30:00,3.590,0.00,0.000
2024-10-17T02:15:00,3.590,0.00,0.000
2024-10-17T02:00:00,3.600,0.00,0.000
2024-10-17T01:45:00,3.590,0.00,0.000
2024-10-17T01:30:00,3.590,0.00,0.000
2024-10-17T01:15:00,3.590,0.00,0.000
2024-10-17T01:00:00,3.590,0.00,0.000
2024-10-17T00:45:00,3.590,0.00,0.000
2024-10-17T00:30:00,3.590,0.00,0.000
2024-10-17T00:15:00,3.590,0.00,0.000
2024-10-17T00:00:00,3.590,0.00,0.000
2024-10-16T23:45:00,3.590,0.00,0.000
2024-10-16T23:30:00,3.590,0.00,0.000
2024-10-16T23:15:00,3.590,0.00,0.000
2024-10-16T23:00:00,3.590,0.00,0.000
2024-10-16T22:45:00,3.600,0.00,0.000
2024-10-16T22:30:00,3.590,0.00,0.000
2024-10-16T22:15:00,3.600,0.00,0.000
2024-10-16T22:00:00,3.590,0.00,0.000
2024-10-16T21:45:00,3.590,0.00,0.000
2024-10-16T21:30:00,3.590,0.00,0.000
2024-10-16T21:15:00,3.590,0.00,0.000
2024-10-16T21:00:00,3.580,0.00,0.000
2024-10-16T20:45:00,3.590,0.00,0.000
2024-10-16T20:30:00,3.590,0.00,0.000
2024-10-16T20:15:00,3.590,0.00,0.000
2024-10-16T20:00:00,3.590,0.00,0.000
2024-10-16T19:45:00,3.590,0.00,0.000
2024-10-16T19:30:00,3.590,0.00,0.000
2024-10-16T19:15:00,3.590,0.00,0.000
2024-10-16T19:00:00,3.600,0.00,0.000
2024-10-16T18:45:00,3.600,0.00,0.000
2024-10-16T18:30:00,3.600,0.00,0.000
2024-10-16T18:15:00,3.600,0.00,0.000
2024-10-16T18:00:00,3.600,0.00,0.000
2024-10-16T17:45:00,3.600,0.00,0.000
2024-10-16T17:30:00,3.600,0.00,0.000
2024-10-16T17:15:00,3.610,0.00,0.000
2024-10-16T17:00:00,3.610,0.00,0.000
2024-10-16T16:45:00,3.610,0.00,0.000
2024-10-16T16:30:00,3.610,0.00,0.000
2024-10-16T16:15:00,3.600,0.00,0.000
2024-10-16T16:00:00,3.600,0.00,0.000
2024-10-16T15:45:00,3.600,0.00,0.000
2024-10-16T15:30:00,3.600,0.00,0.000
2024-10-16T15:15:00,3.600,0.00,0.000
2024-10-16T15:00:00,3.600,0.00,0.000
2024-10-16T14:45:00,3.610,0.00,0.000
2024-10-16T14:30:00,3.610,0.00,0.000
2024-10-16T14:15:00,3.610,0.00,0.000
2024-10-16T14:00:00,3.620,0.00,0.000
2024-10-16T13:45:00,3.620,0.00,0.000
2024-10-16T13:30:00,3.630,0.00,0.000
2024-10-16T13:15:00,3.620,0.00,0.000
2024-10-16T13:00:00,3.620,0.00,0.000
2024-10-16T12:45:00,3.620,0.00,0.000
2024-10-16T12:30:00,3.610,0.00,0.000
2024-10-16T12:15:00,3.610,0.00,2.500
2024-10-16T12:00:00,3.600,0.00,0.500
2024-10-16T11:45:00,3.600,0.00,0.000
2024-10-16T11:30:00,3.600,0.00,0.000
2024-10-16T11:15:00,3.590,0.00,0.000
2024-10-16T11:00:00,3.600,0.00,0.000
2024-10-16T10:45:00,3.600,0.00,0.000
2024-10-16T10:30:00,3.600,0.00,0.000
2024-10-16T10:15:00,3.600,0.00,0.000
2024-10-16T10:00:00,3.600,0.00,0.000
2024-10-16T09:45:00,3.600,0.00,0.000
2024-10-16T09:30:00,3.600,0.00,0.000
2024-10-16T09:15:00,3.600,0.00,0.000
2024-10-16T09:00:00,3.600,0.00,0.000
2024-10-16T08:45:00,3.600,0.00,0.000
2024-10-16T08:30:00,3.600,0.00,0.000
2024-10-16T08:15:00,3.600,0.00,0.000
2024-10-16T08:00:00,3.600,0.00,0.000
2024-10-16T07:45:00,3.600,0.00,0.000
2024-10-16T07:30:00,3.600,0.00,0.000
2024-10-16T07:15:00,3.600,0.00,0.000
2024-10-16T07:00:00,3.600,0.00,0.000
2024-10-16T06:45:00,3.600,0.00,0.000
2024-10-16T06:30:00,3.600,0.00,0.000
2024-10-16T06:15:00,3.600,0.00,0.000
2024-10-16T06:00:00,3.600,0.00,0.000
2024-10-16T05:45:00,3.600,0.00,0.000
2024-10-16T05:30:00,3.600,0.00,0.000
2024-10-16T05:15:00,3.600,0.00,0.000
2024-10-16T05:00:00,3.600,0.00,0.000
2024-10-16T04:45:00,3.600,0.00,0.000
2024-10-16T04:30:00,3.600,0.00,0.000
2024-10-16T04:15:00,3.600,0.00,0.000
2024-10-16T04:00:00,3.600,0.00,0.000
2024-10-16T03:45:00,3.600,0.00,0.000
2024-10-16T03:30:00,3.600,0.00,0.000
2024-10-16T03:15:00,3.600,0.00,0.000
2024-10-16T03:00:00,3.600,0.00,0.000
2024-10-16T02:45:00,3.600,0.00,0.000
2024-10-16T02:30:00,3.600,0.00,0.000
2024-10-16T02:15:00,3.600,0.00,0.000
2024-10-16T02:00:00,3.600,0.00,0.000
2024-10-16T01:45:00,3.600,0.00,0.000
2024-10-16T01:30:00,3.600,0.00,0.000
2024-10-16T01:15:00,3.600,0.00,0.000
2024-10-16T01:00:00,3.600,0.00,0.000
2024-10-16T00:45:00,3.600,0.00,0.000
2024-10-16T00:30:00,3.600,0.00,0.000
2024-10-16T00:15:00,3.600,0.00,0.000
2024-10-16T00:00:00,3.600,0.00,0.000
2024-10-15T23:45:00,3.600,0.00,0.000
2024-10-15T23:30:00,3.600,0.00,0.000
2024-10-15T23:15:00,3.600,0.00,0.000
2024-10-15T23:00:00,3.590,0.00,0.000
2024-10-15T22:45:00,3.590,0.00,0.000
2024-10-15T22:30:00,3.590,0.00,0.000
2024-10-15T22:15:00,3.590,0.00,0.000
2024-10-15T22:00:00,3.590,0.00,0.000
2024-10-15T21:45:00,3.590,0.00,0.000
2024-10-15T21:30:00,3.590,0.00,0.000
2024-10-15T21:15:00,3.590,0.00,0.000
2024-10-15T21:00:00,3.590,0.00,0.000
2024-10-15T20:45:00,3.580,0.00,0.000
2024-10-15T20:30:00,3.580,0.00,0.000
2024-10-15T20:15:00,3.580,0.00,0.000
2024-10-15T20:00:00,3.590,0.00,0.000
2024-10-15T19:45:00,3.590,0.00,0.000
2024-10-15T19:30:00,3.580,0.00,0.000
2024-10-15T19:15:00,3.590,0.00,0.000
2024-10-15T19:00:00,3.580,0.00,0.000
2024-10-15T18:45:00,3.580,0.00,0.000
2024-10-15T18:30:00,3.580,0.00,0.000
2024-10-15T18:15:00,3.580,0.00,0.000
2024-10-15T18:00:00,3.580,0.00,0.000
2024-10-15T17:45:00,3.570,0.00,0.000
2024-10-15T17:30:00,3.580,0.00,0.000
2024-10-15T17:15:00,3.580,0.00,0.000
2024-10-15T17:00:00,3.570,0.00,0.000
2024-10-15T16:45:00,3.590,0.00,0.000
2024-10-15T16:30:00,3.580,0.00,0.000
2024-10-15T16:15:00,3.580,0.00,0.500
2024-10-15T16:00:00,3.560,0.00,0.000
2024-10-15T15:45:00,3.560,0.00,0.000
2024-10-15T15:30:00,3.540,0.00,0.500
2024-10-15T15:15:00,3.530,0.00,1.500
2024-10-15T15:00:00,3.530,0.00,0.000
2024-10-15T14:45:00,3.530,0.00,0.000
2024-10-15T14:30:00,3.540,0.00,0.000
2024-10-15T14:15:00,3.540,0.00,0.000
2024-10-15T14:00:00,3.530,0.00,0.000
2024-10-15T13:45:00,3.540,0.00,0.000
2024-10-15T13:30:00,3.540,0.00,0.000
2024-10-15T13:15:00,3.530,0.00,0.000
2024-10-15T13:00:00,3.530,0.00,0.000
2024-10-15T12:45:00,3.540,0.00,0.000
2024-10-15T12:30:00,3.530,0.00,0.000
2024-10-15T12:15:00,3.540,0.00,0.000
2024-10-15T12:00:00,3.540,0.00,0.000
2024-10-15T11:45:00,3.540,0.00,0.000
2024-10-15T11:30:00,3.540,0.00,0.000
2024-10-15T11:15:00,3.550,0.00,0.000
2024-10-15T11:00:00,3.540,0.00,0.000
2024-10-15T10:45:00,3.550,0.00,0.000
2024-10-15T10:30:00,3.550,0.00,0.000
2024-10-15T10:15:00,3.550,0.00,0.000
2024-10-15T10:00:00,3.550,0.00,0.000
2024-10-15T09:45:00,3.550,0.00,0.000
2024-10-15T09:30:00,3.550,0.00,0.000
2024-10-15T09:15:00,3.550,0.00,0.000
2024-10-15T09:00:00,3.550,0.00,0.000
2024-10-15T08:45:00,3.550,0.00,0.000
2024-10-15T08:30:00,3.550,0.00,0.000
2024-10-15T08:15:00,3.560,0.00,0.000
2024-10-15T08:00:00,3.560,0.00,0.000
2024-10-15T07:45:00,3.560,0.00,0.000
2024-10-15T07:30:00,3.560,0.00,0.000
2024-10-15T07:15:00,3.560,0.00,0.000
2024-10-15T07:00:00,3.560,0.00,0.000
2024-10-15T06:45:00,3.560,0.00,0.000
2024-10-15T06:30:00,3.560,0.00,0.000
2024-10-15T06:15:00,3.560,0.00,0.000
2024-10-15T06:00:00,3.560,0.00,0.000
2024-10-15T05:45:00,3.570,0.00,0.000
2024-10-15T05:30:00,3.560,0.00,0.000
2024-10-15T05:15:00,3.570,0.00,0.000
2024-10-15T05:00:00,3.570,0.00,0.000
2024-10-15T04:45:00,3.570,0.00,0.000
2024-10-15T04:30:00,3.570,0.00,0.000
2024-10-15T04:15:00,3.570,0.00,0.000
2024-10-15T04:00:00,3.570,0.00,0.000
2024-10-15T03:45:00,3.570,0.00,0.000
2024-10-15T03:30:00,3.570,0.00,0.000
2024-10-15T03:15:00,3.570,0.00,0.000
2024-10-15T03:00:00,3.570,0.00,0.000
2024-10-15T02:45:00,3.570,0.00,0.000
2024-10-15T02:30:00,3.570,0.00,0.000
2024-10-15T02:15:00,3.570,0.00,0.000
2024-10-15T02:00:00,3.570,0.00,0.000
2024-10-15T01:45:00,3.570,0.00,0.000
2024-10-15T01:30:00,3.570,0.00,0.000
2024-10-15T01:15:00,3.570,0.00,0.000
2024-10-15T01:00:00,3.570,0.00,0.000
2024-10-15T00:45:00,3.570,0.00,0.000
2024-10-15T00:30:00,3.570,0.00,0.000
2024-10-15T00:15:00,3.570,0.00,0.000
2024-10-15T00:00:00,3.570,0.00,0.000
2024-10-14T23:45:00,3.570,0.00,0.000
2024-10-14T23:30:00,3.570,0.00,0.000
2024-10-14T23:15:00,3.570,0.00,0.000
2024-10-14T23:00:00,3.570,0.00,0.000
2024-10-14T22:45:00,3.570,0.00,0.000
2024-10-14T22:30:00,3.570,0.00,0.000
2024-10-14T22:15:00,3.570,0.00,0.000
2024-10-14T22:00:00,3.570,0.00,0.000
2024-10-14T21:45:00,3.570,0.00,0.000
2024-10-14T21:30:00,3.570,0.00,0.000
2024-10-14T21:15:00,3.570,0.00,0.000
2024-10-14T21:00:00,3.570,0.00,0.000
2024-10-14T20:45:00,3.570,0.00,0.000
2024-10-14T20:30:00,3.570,0.00,0.000
2024-10-14T20:15:00,3.580,0.00,0.000
2024-10-14T20:00:00,3.580,0.00,0.000
2024-10-14T19:45:00,3.570,0.00,0.000
2024-10-14T19:30:00,3.570,0.00,0.000
2024-10-14T19:15:00,3.570,0.00,0.000
2024-10-14T19:00:00,3.580,0.00,0.000
2024-10-14T18:45:00,3.580,0.00,0.000
2024-10-14T18:30:00,3.580,0.00,0.000
2024-10-14T18:15:00,3.580,0.00,0.000
2024-10-14T18:00:00,3.570,0.00,0.000
2024-10-14T17:45:00,3.570,0.00,0.000
2024-10-14T17:30:00,3.570,0.00,0.000
2024-10-14T17:15:00,3.570,0.00,0.000
2024-10-14T17:00:00,3.580,0.00,0.000
2024-10-14T16:45:00,3.570,0.00,0.000
2024-10-14T16:30:00,3.570,0.00,0.000
2024-10-14T16:15:00,3.570,0.00,0.000
2024-10-14T16:00:00,3.570,0.00,0.000
2024-10-14T15:45:00,3.570,0.00,0.000
2024-10-14T15:30:00,3.570,0.00,0.000
2024-10-14T15:15:00,3.570,0.00,0.000
2024-10-14T15:00:00,3.570,0.00,0.000
2024-10-14T14:45:00,3.570,0.00,0.000
2024-10-14T14:30:00,3.570,0.00,0.000
2024-10-14T14:15:00,3.570,0.00,0.000
2024-10-14T14:00:00,3.570,0.00,0.000
2024-10-14T13:45:00,3.560,0.00,0.000
2024-10-14T13:30:00,3.560,0.00,0.000
2024-10-14T13:15:00,3.560,0.00,0.000
2024-10-14T13:00:00,3.560,0.00,0.000
2024-10-14T12:45:00,3.560,0.00,0.000
2024-10-14T12:30:00,3.560,0.00,0.000
2024-10-14T12:15:00,3.560,0.00,0.000
2024-10-14T12:00:00,3.560,0.00,0.000
2024-10-14T11:45:00,3.560,0.00,0.000
2024-10-14T11:30:00,3.560,0.00,0.000
2024-10-14T11:15:00,3.560,0.00,0.000
2024-10-14T11:00:00,3.560,0.00,0.000
2024-10-14T10:45:00,3.560,0.00,0.000
2024-10-14T10:30:00,3.560,0.00,0.000
2024-10-14T10:15:00,3.560,0.00,0.000
2024-10-14T10:00:00,3.560,0.00,0.000
2024-10-14T09:45:00,3.560,0.00,0.000
2024-10-14T09:30:00,3.560,0.00,0.000
2024-10-14T09:15:00,3.560,0.00,0.000
2024-10-14T09:00:00,3.560,0.00,0.000
2024-10-14T08:45:00,3.560,0.00,0.000
2024-10-14T08:30:00,3.560,0.00,0.000
2024-10-14T08:15:00,3.560,0.00,0.000
2024-10-14T08:00:00,3.560,0.00,0.000
2024-10-14T07:45:00,3.570,0.00,0.000
2024-10-14T07:30:00,3.570,0.00,0.000
2024-10-14T07:15:00,3.570,0.00,0.000
2024-10-14T07:00:00,3.560,0.00,0.000
2024-10-14T06:45:00,3.560,0.00,0.000
2024-10-14T06:30:00,3.560,0.00,0.000
2024-10-14T06:15:00,3.560,0.00,0.000
2024-10-14T06:00:00,3.560,0.00,0.000
2024-10-14T05:45:00,3.550,0.00,0.000
2024-10-14T05:30:00,3.560,0.00,0.000
2024-10-14T05:15:00,3.840,0.00,0.000
2024-10-14T05:00:00,3.840,0.00,0.000
2024-10-14T04:45:00,3.840,0.00,0.000
2024-10-14T04:30:00,3.840,0.00,0.000
2024-10-14T04:15:00,3.840,0.00,0.000
2024-10-14T04:00:00,3.840,0.00,0.000
2024-10-14T03:45:00,3.840,0.00,0.000
2024-10-14T03:30:00,3.840,0.00,0.000
2024-10-14T03:15:00,3.840,0.00,0.000
2024-10-14T03:00:00,3.830,0.00,0.000
2024-10-14T02:45:00,3.840,0.00,0.000
2024-10-14T02:30:00,3.830,0.00,0.000
2024-10-14T02:15:00,3.830,0.00,0.000
2024-10-14T02:00:00,3.840,0.00,0.000
2024-10-14T01:45:00,3.830,0.00,0.000
2024-10-14T01:30:00,3.830,0.00,0.000
2024-10-14T01:15:00,3.830,0.00,0.000
2024-10-14T01:00:00,3.830,0.00,0.000
2024-10-14T00:45:00,3.830,0.00,0.000
2024-10-14T00:30:00,3.830,0.00,0.000
2024-10-14T00:15:00,3.560,0.00,0.000
2024-10-14T00:00:00,3.560,0.00,0.000
2024-10-27T23:45:00,2.890,0.00,0.000
2024-10-27T23:30:00,2.880,0.00,0.000
2024-10-27T23:15:00,2.890,0.00,0.000
2024-10-27T23:00:00,2.890,0.00,0.000
2024-10-27T22:45:00,2.890,0.00,0.000
2024-10-27T22:30:00,2.890,0.00,0.000
2024-10-27T22:15:00,2.890,0.00,0.000
2024-10-27T22:00:00,2.890,0.00,0.000
2024-10-27T21:45:00,2.900,0.00,0.000
2024-10-27T21:30:00,2.900,0.00,0.000
2024-10-27T21:15:00,2.900,0.00,0.000
2024-10-27T21:00:00,2.900,0.00,0.000
2024-10-27T20:45:00,2.900,0.00,0.000
2024-10-27T20:30:00,2.900,0.00,0.000
2024-10-27T20:15:00,2.900,0.00,0.000
2024-10-27T20:00:00,2.910,0.00,0.000
2024-10-27T19:45:00,2.900,0.00,0.000
2024-10-27T19:30:00,2.900,0.00,0.000
2024-10-27T19:15:00,2.910,0.00,0.000
2024-10-27T19:00:00,2.910,0.00,0.000
2024-10-27T18:45:00,2.910,0.00,0.000
2024-10-27T18:30:00,2.910,0.00,0.000
2024-10-27T18:15:00,2.910,0.00,0.500
2024-10-27T18:00:00,2.910,0.00,0.000
2024-10-27T17:45:00,2.910,0.00,0.000
2024-10-27T17:30:00,2.910,0.00,0.000
2024-10-27T17:15:00,2.910,0.00,0.000
2024-10-27T17:00:00,2.910,0.00,0.000
2024-10-27T16:45:00,2.910,0.00,0.000
2024-10-27T16:30:00,2.920,0.00,0.000
2024-10-27T16:15:00,2.920,0.00,0.000
2024-10-27T16:00:00,2.920,0.00,0.000
2024-10-27T15:45:00,2.910,0.00,3.000
2024-10-27T15:30:00,2.930,0.00,3.000
2024-10-27T15:15:00,2.920,0.00,0.000
2024-10-27T15:00:00,2.920,0.00,0.000
2024-10-27T14:45:00,2.920,0.00,0.000
2024-10-27T14:30:00,2.920,0.00,0.000
2024-10-27T14:15:00,2.930,0.00,0.000
2024-10-27T14:00:00,2.930,0.00,0.000
2024-10-27T13:45:00,2.930,0.00,0.000
2024-10-27T13:30:00,2.930,0.00,0.000
2024-10-27T13:15:00,2.930,0.00,0.000
2024-10-27T13:00:00,2.940,0.00,0.000
2024-10-27T12:45:00,2.940,0.00,0.000
2024-10-27T12:30:00,2.940,0.00,0.000
2024-10-27T12:15:00,2.940,0.00,0.000
2024-10-27T12:00:00,2.940,0.00,0.000
2024-10-27T11:45:00,2.940,0.00,0.000
2024-10-27T11:30:00,2.940,0.00,0.000
2024-10-27T11:15:00,2.950,0.00,0.000
2024-10-27T11:00:00,2.950,0.00,0.000
2024-10-27T10:45:00,2.950,0.00,0.000
2024-10-27T10:30:00,2.950,0.00,0.000
2024-10-27T10:15:00,2.950,0.00,0.000
2024-10-27T10:00:00,2.960,0.00,0.000
2024-10-27T09:45:00,2.960,0.00,0.000
2024-10-27T09:30:00,2.960,0.00,0.000
2024-10-27T09:15:00,2.960,0.00,0.000
2024-10-27T09:00:00,2.960,0.00,0.000
2024-10-27T08:45:00,2.960,0.00,0.000
2024-10-27T08:30:00,2.960,0.00,0.000
2024-10-27T08:15:00,2.960,0.00,0.000
2024-10-27T08:00:00,2.960,0.00,0.000
2024-10-27T07:45:00,2.960,0.00,0.000
2024-10-27T07:30:00,2.960,0.00,0.000
2024-10-27T07:15:00,2.960,0.00,0.000
2024-10-27T07:00:00,2.960,0.00,0.000
2024-10-27T06:45:00,2.960,0.00,0.000
2024-10-27T06:30:00,2.960,0.00,0.000
2024-10-27T06:15:00,2.960,0.00,0.000
2024-10-27T06:00:00,2.970,0.00,0.000
2024-10-27T05:45:00,2.970,0.00,0.000
2024-10-27T05:30:00,2.970,0.00,0.000
2024-10-27T05:15:00,2.960,0.00,0.000
2024-10-27T05:00:00,2.970,0.00,0.000
2024-10-27T04:45:00,2.960,0.00,0.000
2024-10-27T04:30:00,2.960,0.00,0.000
2024-10-27T04:15:00,2.960,0.00,0.000
2024-10-27T04:00:00,2.970,25.60,0.000
2024-10-27T03:45:00,2.970,0.00,0.000
2024-10-27T03:30:00,2.970,0.00,0.000
2024-10-27T03:15:00,2.970,0.00,0.000
2024-10-27T03:00:00,2.960,0.00,0.000
2024-10-27T02:45:00,2.970,0.00,0.000
2024-10-27T02:30:00,2.970,0.00,0.000
2024-10-27T02:15:00,2.960,0.00,0.000
2024-10-27T02:00:00,2.960,0.00,0.000
2024-10-27T01:45:00,2.970,0.00,0.000
2024-10-27T01:30:00,2.960,0.00,0.000
2024-10-27T01:15:00,2.960,0.00,0.000
2024-10-27T01:00:00,2.960,0.00,0.000
2024-10-27T00:45:00,3.240,0.00,0.000
2024-10-27T00:30:00,3.240,39.90,0.000
2024-10-27T00:15:00,2.960,0.00,0.000
2024-10-27T00:00:00,2.960,0.00,0.000
2024-10-26T23:45:00,2.960,0.00,0.000
2024-10-26T23:30:00,2.960,0.00,0.000
2024-10-26T23:15:00,2.970,0.00,0.000
2024-10-26T23:00:00,2.960,0.00,0.000
2024-10-26T22:45:00,2.970,0.00,0.000
2024-10-26T22:30:00,2.960,0.00,0.000
2024-10-26T22:15:00,2.960,0.00,0.000
2024-10-26T22:00:00,2.960,0.00,0.000
2024-10-26T21:45:00,2.960,0.00,0.000
2024-10-26T21:30:00,2.960,0.00,0.000
2024-10-26T21:15:00,2.960,0.00,0.000
2024-10-26T21:00:00,2.960,0.00,0.000
2024-10-26T20:45:00,2.950,0.00,0.000
2024-10-26T20:30:00,2.950,0.00,0.000
2024-10-26T20:15:00,2.950,0.00,0.000
2024-10-26T20:00:00,2.950,0.00,0.000
2024-10-26T19:45:00,2.950,0.00,0.000
2024-10-26T19:30:00,2.950,0.00,0.000
2024-10-26T19:15:00,2.950,0.00,0.000
2024-10-26T19:00:00,2.940,0.00,0.000
2024-10-26T18:45:00,2.940,0.00,0.000
2024-10-26T18:30:00,2.940,0.00,0.000
2024-10-26T18:15:00,2.940,0.00,0.000
2024-10-26T18:00:00,2.940,0.00,0.000
2024-10-26T17:45:00,2.930,0.00,0.000
2024-10-26T17:30:00,3.210,28.80,0.000
2024-10-26T17:15:00,3.210,0.00,0.000
2024-10-26T17:00:00,3.210,0.00,0.000
2024-10-26T16:45:00,2.920,0.00,0.000
2024-10-26T16:30:00,2.920,0.00,0.000
2024-10-26T16:15:00,2.920,0.00,0.000
2024-10-26T16:00:00,2.920,0.00,0.000
2024-10-26T15:45:00,2.910,0.00,0.000
2024-10-26T15:30:00,2.910,0.00,0.000
2024-10-26T15:15:00,2.910,0.00,0.000
2024-10-26T15:00:00,2.910,0.00,0.000
2024-10-26T14:45:00,2.900,0.00,0.000
2024-10-26T14:30:00,2.900,0.00,0.000
2024-10-26T14:15:00,2.890,0.00,0.000
2024-10-26T14:00:00,2.890,0.00,0.000
2024-10-26T13:45:00,2.900,0.00,0.000
2024-10-26T13:30:00,2.890,0.00,0.000
2024-10-26T13:15:00,2.900,0.00,0.000
2024-10-26T13:00:00,2.900,0.00,0.000
2024-10-26T12:45:00,2.890,0.00,0.000
2024-10-26T12:30:00,2.890,0.00,0.000
2024-10-26T12:15:00,2.890,0.00,0.000
2024-10-26T12:00:00,2.880,0.00,0.000
2024-10-26T11:45:00,2.870,0.00,0.000
2024-10-26T11:30:00,2.870,0.00,0.000
2024-10-26T11:15:00,2.870,0.00,0.000
2024-10-26T11:00:00,2.870,0.00,0.000
2024-10-26T10:45:00,2.870,0.00,0.000
2024-10-26T10:30:00,2.870,0.00,0.000
2024-10-26T10:15:00,2.880,0.00,0.000
2024-10-26T10:00:00,2.880,0.00,0.000
2024-10-26T09:45:00,2.870,0.00,0.000
2024-10-26T09:30:00,2.880,0.00,0.000
2024-10-26T09:15:00,2.880,0.00,0.000
2024-10-26T09:00:00,2.880,0.00,0.000
2024-10-26T08:45:00,2.890,0.00,0.000
2024-10-26T08:30:00,2.880,0.00,0.000
2024-10-26T08:15:00,2.880,0.00,0.000
2024-10-26T08:00:00,2.880,0.00,0.000
2024-10-26T07:45:00,2.880,0.00,0.000
2024-10-26T07:30:00,2.890,0.00,0.000
2024-10-26T07:15:00,2.890,0.00,0.000
2024-10-26T07:00:00,2.900,0.00,0.000
2024-10-26T06:45:00,2.900,0.00,0.000
2024-10-26T06:30:00,2.900,0.00,0.000
2024-10-26T06:15:00,2.900,0.00,0.000
2024-10-26T06:00:00,2.900,0.00,0.000
2024-10-26T05:45:00,2.900,0.00,0.000
2024-10-26T05:30:00,2.900,0.00,0.000
2024-10-26T05:15:00,2.900,0.00,0.000
2024-10-26T05:00:00,2.910,0.00,0.000
2024-10-26T04:45:00,2.910,0.00,0.000
2024-10-26T04:30:00,2.910,0.00,0.000
2024-10-26T04:15:00,2.910,0.00,0.000
2024-10-26T04:00:00,2.910,0.00,0.000
2024-10-26T03:45:00,2.910,0.00,0.000
2024-10-26T03:30:00,2.910,0.00,0.000
2024-10-26T03:15:00,2.920,0.00,0.000
2024-10-26T03:00:00,2.920,0.00,0.000
2024-10-26T02:45:00,2.920,0.00,0.000
2024-10-26T02:30:00,2.930,0.00,0.000
2024-10-26T02:15:00,2.920,0.00,0.000
2024-10-26T02:00:00,2.920,0.00,0.000
2024-10-26T01:45:00,2.930,0.00,0.000
2024-10-26T01:30:00,2.930,0.00,0.000
2024-10-26T01:15:00,2.930,0.00,0.000
2024-10-26T01:00:00,2.930,0.00,0.000
2024-10-26T00:45:00,2.930,0.00,0.000
2024-10-26T00:30:00,2.930,0.00,0.000
2024-10-26T00:15:00,2.940,0.00,0.000
2024-10-26T00:00:00,2.940,0.00,0.000
2024-10-25T23:45:00,2.940,0.00,0.000
2024-10-25T23:30:00,2.940,0.00,0.000
2024-10-25T23:15:00,2.940,0.00,0.000
2024-10-25T23:00:00,2.940,0.00,0.000
2024-10-25T22:45:00,2.950,0.00,0.000
2024-10-25T22:30:00,2.950,0.00,0.000
2024-10-25T22:15:00,2.950,0.00,0.000
2024-10-25T22:00:00,2.950,0.00,0.000
2024-10-25T21:45:00,2.950,0.00,0.000
2024-10-25T21:30:00,2.950,0.00,0.000
2024-10-25T21:15:00,2.950,0.00,0.000
2024-10-25T21:00:00,2.950,0.00,0.000
2024-10-25T20:45:00,2.960,0.00,0.000
2024-10-25T20:30:00,2.950,0.00,0.000
2024-10-25T20:15:00,2.940,0.00,0.000
2024-10-25T20:00:00,2.950,0.00,0.000
2024-10-25T19:45:00,2.960,0.00,0.000
2024-10-25T19:30:00,2.960,0.00,0.000
2024-10-25T19:15:00,2.970,0.00,0.000
2024-10-25T19:00:00,2.950,0.00,0.000
2024-10-25T18:45:00,2.950,0.00,0.000
2024-10-25T18:30:00,2.950,0.00,0.000
2024-10-25T18:15:00,2.950,46.00,0.000
2024-10-25T18:00:00,2.950,0.00,0.000
2024-10-25T17:45:00,2.950,0.00,0.000
2024-10-25T17:30:00,2.950,0.00,0.000
2024-10-25T17:15:00,2.950,0.00,0.000
2024-10-25T17:00:00,2.950,0.00,0.000
2024-10-25T16:45:00,2.950,0.00,0.000
2024-10-25T16:30:00,2.950,0.00,0.000
2024-10-25T16:15:00,2.950,0.00,0.000
2024-10-25T16:00:00,2.960,0.00,0.000
2024-10-25T15:45:00,2.950,0.00,0.000
2024-10-25T15:30:00,2.950,0.00,0.000
2024-10-25T15:15:00,2.940,0.00,0.000
2024-10-25T15:00:00,2.950,0.00,0.000
2024-10-25T14:45:00,2.950,0.00,0.000
2024-10-25T14:30:00,2.950,0.00,0.000
2024-10-25T14:15:00,2.950,0.00,0.000
2024-10-25T14:00:00,2.960,0.00,0.000
2024-10-25T13:45:00,2.960,0.00,0.000
2024-10-25T13:30:00,2.960,0.00,0.000
2024-10-25T13:15:00,2.960,0.00,0.000
2024-10-25T13:00:00,2.960,0.00,0.000
2024-10-25T12:45:00,2.970,0.00,0.000
2024-10-25T12:30:00,2.970,0.00,0.000
2024-10-25T12:15:00,2.970,0.00,0.000
2024-10-25T12:00:00,2.970,0.00,0.000
2024-10-25T11:45:00,2.970,0.00,0.000
2024-10-25T11:30:00,2.970,0.00,0.000
2024-10-25T11:15:00,2.970,0.00,0.000
2024-10-25T11:00:00,2.980,0.00,0.000
2024-10-25T10:45:00,2.980,0.00,0.000
2024-10-25T10:30:00,2.980,0.00,0.000
2024-10-25T10:15:00,2.980,0.00,0.000
2024-10-25T10:00:00,2.980,0.00,0.000
2024-10-25T09:45:00,2.980,0.00,0.000
2024-10-25T09:30:00,2.980,0.00,0.000
2024-10-25T09:15:00,2.990,0.00,0.000
2024-10-25T09:00:00,2.980,0.00,0.000
2024-10-25T08:45:00,2.980,0.00,0.000
2024-10-25T08:30:00,2.980,0.00,0.000
2024-10-25T08:15:00,2.980,0.00,0.000
2024-10-25T08:00:00,2.990,0.00,0.000
2024-10-25T07:45:00,2.990,0.00,0.000
2024-10-25T07:30:00,2.990,0.00,0.000
2024-10-25T07:15:00,2.990,0.00,0.000
2024-10-25T07:00:00,2.990,0.00,0.000
2024-10-25T06:45:00,2.990,0.00,0.000
2024-10-25T06:30:00,3.000,0.00,0.000
2024-10-25T06:15:00,3.000,0.00,0.000
2024-10-25T06:00:00,3.000,0.00,0.000
2024-10-25T05:45:00,3.000,0.00,0.000
2024-10-25T05:30:00,3.000,0.00,0.000
2024-10-25T05:15:00,3.000,0.00,0.000
2024-10-25T05:00:00,3.000,0.00,0.000
2024-10-25T04:45:00,3.000,0.00,0.000
2024-10-25T04:30:00,3.010,0.00,0.000
2024-10-25T04:15:00,3.010,0.00,0.000
2024-10-25T04:00:00,3.010,0.00,0.000
2024-10-25T03:45:00,3.010,0.00,0.000
2024-10-25T03:30:00,3.010,0.00,0.000
2024-10-25T03:15:00,3.020,0.00,0.000
2024-10-25T03:00:00,3.020,0.00,0.000
2024-10-25T02:45:00,3.020,0.00,0.000
2024-10-25T02:30:00,3.020,0.00,0.000
2024-10-25T02:15:00,3.020,0.00,0.000
2024-10-25T02:00:00,3.020,0.00,0.000
2024-10-25T01:45:00,3.020,0.00,0.000
2024-10-25T01:30:00,3.020,0.00,0.000
2024-10-25T01:15:00,3.020,0.00,0.000
2024-10-25T01:00:00,3.030,0.00,0.000
2024-10-25T00:45:00,3.030,0.00,0.000
2024-10-25T00:30:00,3.030,0.00,0.000
2024-10-25T00:15:00,3.030,0.00,0.000
2024-10-25T00:00:00,3.030,0.00,0.000
2024-10-24T23:45:00,3.030,0.00,0.000
2024-10-24T23:30:00,3.040,0.00,0.000
2024-10-24T23:15:00,3.040,0.00,0.000
2024-10-24T23:00:00,3.040,0.00,0.000
2024-10-24T22:45:00,3.040,0.00,0.000
2024-10-24T22:30:00,3.040,0.00,0.000
2024-10-24T22:15:00,3.040,0.00,0.000
2024-10-24T22:00:00,3.040,0.00,0.000
2024-10-24T21:45:00,3.040,0.00,0.000
2024-10-24T21:30:00,3.040,0.00,0.000
2024-10-24T21:15:00,3.050,0.00,0.000
2024-10-24T21:00:00,3.050,0.00,0.000
2024-10-24T20:45:00,3.050,0.00,0.000
2024-10-24T20:30:00,3.050,0.00,0.000
2024-10-24T20:15:00,3.050,0.00,0.000
2024-10-24T20:00:00,3.060,0.00,0.000
2024-10-24T19:45:00,3.060,0.00,0.000
2024-10-24T19:30:00,3.050,0.00,0.000
2024-10-24T19:15:00,3.060,0.00,0.000
2024-10-24T19:00:00,3.060,0.00,0.000
2024-10-24T18:45:00,3.060,0.00,0.000
2024-10-24T18:30:00,3.070,0.00,0.000
2024-10-24T18:15:00,3.070,0.00,0.000
2024-10-24T18:00:00,3.070,0.00,0.000
2024-10-24T17:45:00,3.070,0.00,0.000
2024-10-24T17:30:00,3.070,0.00,0.000
2024-10-24T17:15:00,3.070,0.00,0.000
2024-10-24T17:00:00,3.070,0.00,0.000
2024-10-24T16:45:00,3.070,0.00,0.000
2024-10-24T16:30:00,3.070,0.00,0.000
2024-10-24T16:15:00,3.070,0.00,0.000
2024-10-24T16:00:00,3.080,0.00,0.000
2024-10-24T15:45:00,3.080,0.00,0.000
2024-10-24T15:30:00,3.090,0.00,0.000
2024-10-24T15:15:00,3.090,0.00,0.000
2024-10-24T15:00:00,3.090,0.00,0.000
2024-10-24T14:45:00,3.090,0.00,0.000
2024-10-24T14:30:00,3.090,0.00,0.000
2024-10-24T14:15:00,3.100,0.00,0.000
2024-10-24T14:00:00,3.090,0.00,0.000
2024-10-24T13:45:00,3.100,0.00,0.000
2024-10-24T13:30:00,3.100,0.00,0.000
2024-10-24T13:15:00,3.100,0.00,0.000
2024-10-24T13:00:00,3.100,0.00,0.000
2024-10-24T12:45:00,3.100,0.00,0.000
2024-10-24T12:30:00,3.110,0.00,0.000
2024-10-24T12:15:00,3.110,0.00,0.000
2024-10-24T12:00:00,3.110,0.00,0.000
2024-10-24T11:45:00,3.110,0.00,0.000
2024-10-24T11:30:00,3.110,0.00,0.000
2024-10-24T11:15:00,3.110,0.00,0.000
2024-10-24T11:00:00,3.120,0.00,0.000
2024-10-24T10:45:00,3.120,0.00,0.000
2024-10-24T10:30:00,3.120,0.00,0.000
2024-10-24T10:15:00,3.120,0.00,0.000
2024-10-24T10:00:00,3.120,0.00,0.000
2024-10-24T09:45:00,3.120,0.00,0.000
2024-10-24T09:30:00,3.120,0.00,0.000
2024-10-24T09:15:00,3.120,0.00,0.000
2024-10-24T09:00:00,3.130,0.00,0.000
2024-10-24T08:45:00,3.130,0.00,0.000
2024-10-24T08:30:00,3.130,0.00,0.000
2024-10-24T08:15:00,3.130,0.00,0.000
2024-10-24T08:00:00,3.140,0.00,0.000
2024-10-24T07:45:00,3.130,0.00,0.000
2024-10-24T07:30:00,3.140,0.00,0.000
2024-10-24T07:15:00,3.140,0.00,0.000
2024-10-24T07:00:00,3.140,0.00,0.000
2024-10-24T06:45:00,3.140,0.00,0.000
2024-10-24T06:30:00,3.150,0.00,0.000
2024-10-24T06:15:00,3.150,0.00,0.000
2024-10-24T06:00:00,3.150,0.00,0.000
2024-10-24T05:45:00,3.150,0.00,0.000
2024-10-24T05:30:00,3.150,0.00,0.000
2024-10-24T05:15:00,3.150,0.00,0.000
2024-10-24T05:00:00,3.150,0.00,0.000
2024-10-24T04:45:00,3.150,0.00,0.000
2024-10-24T04:30:00,3.160,0.00,0.000
2024-10-24T04:15:00,3.160,0.00,0.000
2024-10-24T04:00:00,3.160,0.00,0.000
2024-10-24T03:45:00,3.160,0.00,0.000
2024-10-24T03:30:00,3.170,0.00,0.000
2024-10-24T03:15:00,3.170,0.00,0.000
2024-10-24T03:00:00,3.170,0.00,0.000
2024-10-24T02:45:00,3.170,0.00,0.000
2024-10-24T02:30:00,3.170,0.00,0.000
2024-10-24T02:15:00,3.170,0.00,0.000
2024-10-24T02:00:00,3.180,0.00,0.000
2024-10-24T01:45:00,3.180,0.00,0.000
2024-10-24T01:30:00,3.180,0.00,0.000
2024-10-24T01:15:00,3.180,0.00,0.000
2024-10-24T01:00:00,3.180,0.00,0.000
2024-10-24T00:45:00,3.190,0.00,0.000
2024-10-24T00:30:00,3.180,0.00,0.000
2024-10-24T00:15:00,3.190,0.00,0.000
2024-10-24T00:00:00,3.190,0.00,0.000
2024-10-23T23:45:00,3.190,0.00,0.000
2024-10-23T23:30:00,3.190,0.00,0.000
2024-10-23T23:15:00,3.190,0.00,0.000
2024-10-23T23:00:00,3.190,0.00,0.000
2024-10-23T22:45:00,3.200,0.00,0.000
2024-10-23T22:30:00,3.200,0.00,0.000
2024-10-23T22:15:00,3.200,0.00,0.000
2024-10-23T22:00:00,3.200,0.00,0.000
2024-10-23T21:45:00,3.200,0.00,0.000
2024-10-23T21:30:00,3.200,0.00,0.000
2024-10-23T21:15:00,3.200,0.00,0.000
2024-10-23T21:00:00,3.200,0.00,0.000
2024-10-23T20:45:00,3.200,0.00,0.000
2024-10-23T20:30:00,3.200,0.00,0.000
2024-10-23T20:15:00,3.210,0.00,0.000
2024-10-23T20:00:00,3.210,0.00,0.000
2024-10-23T19:45:00,3.210,0.00,0.000
2024-10-23T19:30:00,3.210,0.00,0.000
2024-10-23T19:15:00,3.210,0.00,0.000
2024-10-23T19:00:00,3.210,0.00,0.000
2024-10-23T18:45:00,3.210,0.00,0.000
2024-10-23T18:30:00,3.210,0.00,0.000
2024-10-23T18:15:00,3.210,0.00,0.000
2024-10-23T18:00:00,3.210,0.00,0.000
2024-10-23T17:45:00,3.210,0.00,0.000
2024-10-23T17:30:00,3.210,0.00,0.000
2024-10-23T17:15:00,3.210,0.00,0.000
2024-10-23T17:00:00,3.210,0.00,0.000
2024-10-23T16:45:00,3.210,0.00,0.000
2024-10-23T16:30:00,3.210,0.00,0.000
2024-10-23T16:15:00,3.210,0.00,0.000
2024-10-23T16:00:00,3.210,0.00,0.000
2024-10-23T15:45:00,3.210,0.00,0.000
2024-10-23T15:30:00,3.210,0.00,0.000
2024-10-23T15:15:00,3.210,0.00,0.000
2024-10-23T15:00:00,3.210,0.00,0.000
2024-10-23T14:45:00,3.210,0.00,0.000
2024-10-23T14:30:00,3.210,0.00,0.000
2024-10-23T14:15:00,3.210,0.00,0.000
2024-10-23T14:00:00,3.210,0.00,0.000
2024-10-23T13:45:00,3.210,0.00,0.000
2024-10-23T13:30:00,3.210,0.00,0.000
2024-10-23T13:15:00,3.210,0.00,0.000
2024-10-23T13:00:00,3.210,0.00,0.000
2024-10-23T12:45:00,3.200,0.00,0.000
2024-10-23T12:30:00,3.200,0.00,0.000
2024-10-23T12:15:00,3.200,0.00,0.000
2024-10-23T12:00:00,3.200,0.00,0.000
2024-10-23T11:45:00,3.200,0.00,0.000
2024-10-23T11:30:00,3.200,0.00,0.000
2024-10-23T11:15:00,3.200,0.00,0.000
2024-10-23T11:00:00,3.200,0.00,0.000
2024-10-23T10:45:00,3.200,0.00,0.000
2024-10-23T10:30:00,3.190,0.00,0.000
2024-10-23T10:15:00,3.210,0.00,0.000
2024-10-23T10:00:00,3.200,0.00,0.000
2024-10-23T09:45:00,3.200,0.00,0.000
2024-10-23T09:30:00,3.200,0.00,0.000
2024-10-23T09:15:00,3.200,0.00,0.000
2024-10-23T09:00:00,3.210,0.00,0.000
2024-10-23T08:45:00,3.210,0.00,0.000
2024-10-23T08:30:00,3.210,0.00,0.000
2024-10-23T08:15:00,3.210,0.00,0.000
2024-10-23T08:00:00,3.210,0.00,0.000
2024-10-23T07:45:00,3.210,0.00,0.000
2024-10-23T07:30:00,3.210,0.00,0.000
2024-10-23T07:15:00,3.210,0.00,0.000
2024-10-23T07:00:00,3.210,0.00,0.000
2024-10-23T06:45:00,3.210,0.00,0.000
2024-10-23T06:30:00,3.220,0.00,0.000
2024-10-23T06:15:00,3.220,0.00,0.000
2024-10-23T06:00:00,3.220,0.00,0.000
2024-10-23T05:45:00,3.220,0.00,0.000
2024-10-23T05:30:00,3.230,0.00,0.000
2024-10-23T05:15:00,3.230,0.00,0.000
2024-10-23T05:00:00,3.230,0.00,0.000
2024-10-23T04:45:00,3.230,0.00,0.000
2024-10-23T04:30:00,3.230,0.00,0.000
2024-10-23T04:15:00,3.240,0.00,0.000
2024-10-23T04:00:00,3.240,0.00,0.000
2024-10-23T03:45:00,3.240,0.00,0.000
2024-10-23T03:30:00,3.240,0.00,0.000
2024-10-23T03:15:00,3.240,0.00,0.000
2024-10-23T03:00:00,3.240,0.00,0.000
2024-10-23T02:45:00,3.240,0.00,0.000
2024-10-23T02:30:00,3.250,0.00,0.000
2024-10-23T02:15:00,3.250,0.00,0.000
2024-10-23T02:00:00,3.250,0.00,0.000
2024-10-23T01:45:00,3.250,0.00,0.000
2024-10-23T01:30:00,3.250,0.00,0.000
2024-10-23T01:15:00,3.250,0.00,0.000
2024-10-23T01:00:00,3.250,0.00,0.000
2024-10-23T00:45:00,3.260,0.00,0.000
2024-10-23T00:30:00,3.260,0.00,0.000
2024-10-23T00:15:00,3.260,0.00,0.000
2024-10-23T00:00:00,3.260,0.00,0.000
2024-10-22T23:45:00,3.270,0.00,0.000
2024-10-22T23:30:00,3.270,0.00,0.000
2024-10-22T23:15:00,3.270,0.00,0.000
2024-10-22T23:00:00,3.270,0.00,0.000
2024-10-22T22:45:00,3.270,0.00,0.000
2024-10-22T22:30:00,3.270,0.00,0.000
2024-10-22T22:15:00,3.270,0.00,0.000
2024-10-22T22:00:00,3.270,0.00,0.000
2024-10-22T21:45:00,3.280,0.00,0.000
2024-10-22T21:30:00,3.280,0.00,0.000
2024-10-22T21:15:00,3.280,0.00,0.000
2024-10-22T21:00:00,3.280,0.00,0.000
2024-10-22T20:45:00,3.290,0.00,0.000
2024-10-22T20:30:00,3.280,0.00,0.000
2024-10-22T20:15:00,3.290,0.00,0.000
2024-10-22T20:00:00,3.280,0.00,0.000
2024-10-22T19:45:00,3.290,0.00,0.000
2024-10-22T19:30:00,3.290,0.00,0.000
2024-10-22T19:15:00,3.290,0.00,0.000
2024-10-22T19:00:00,3.290,0.00,0.000
2024-10-22T18:45:00,3.290,0.00,0.000
2024-10-22T18:30:00,3.290,0.00,0.000
2024-10-22T18:15:00,3.290,0.00,0.000
2024-10-22T18:00:00,3.290,0.00,0.000
2024-10-22T17:45:00,3.290,0.00,0.000
2024-10-22T17:30:00,3.290,0.00,0.000
2024-10-22T17:15:00,3.290,0.00,0.000
2024-10-22T17:00:00,3.290,0.00,0.000
2024-10-22T16:45:00,3.290,0.00,0.000
2024-10-22T16:30:00,3.290,0.00,0.000
2024-10-22T16:15:00,3.290,0.00,0.000
2024-10-22T16:00:00,3.290,0.00,0.000
2024-10-22T15:45:00,3.300,0.00,0.000
2024-10-22T15:30:00,3.300,0.00,0.000
2024-10-22T15:15:00,3.300,0.00,0.000
2024-10-22T15:00:00,3.300,0.00,0.000
2024-10-22T14:45:00,3.290,0.00,0.000
2024-10-22T14:30:00,3.300,0.00,0.000
2024-10-22T14:15:00,3.300,0.00,0.000
2024-10-22T14:00:00,3.300,0.00,0.000
2024-10-22T13:45:00,3.300,0.00,0.000
2024-10-22T13:30:00,3.300,0.00,0.000
2024-10-22T13:15:00,3.300,0.00,0.000
2024-10-22T13:00:00,3.300,0.00,0.000
2024-10-22T12:45:00,3.300,0.00,0.000
2024-10-22T12:30:00,3.300,0.00,0.000
2024-10-22T12:15:00,3.300,0.00,0.000
2024-10-22T12:00:00,3.300,0.00,0.000
2024-10-22T11:45:00,3.300,0.00,0.000
2024-10-22T11:30:00,3.300,0.00,0.000
2024-10-22T11:15:00,3.300,0.00,0.000
2024-10-22T11:00:00,3.300,0.00,0.000
2024-10-22T10:45:00,3.290,0.00,0.000
2024-10-22T10:30:00,3.310,0.00,0.000
2024-10-22T10:15:00,3.310,0.00,0.500
2024-10-22T10:00:00,3.310,0.00,0.000
2024-10-22T09:45:00,3.300,0.00,0.000
2024-10-22T09:30:00,3.300,0.00,0.000
2024-10-22T09:15:00,3.300,0.00,0.000
2024-10-22T09:00:00,3.310,0.00,0.000
2024-10-22T08:45:00,3.310,0.00,0.000
2024-10-22T08:30:00,3.310,0.00,0.000
2024-10-22T08:15:00,3.310,0.00,0.000
2024-10-22T08:00:00,3.310,0.00,0.000
2024-10-22T07:45:00,3.320,0.00,0.000
2024-10-22T07:30:00,3.320,0.00,0.000
2024-10-22T07:15:00,3.320,0.00,0.000
2024-10-22T07:00:00,3.320,0.00,0.000
2024-10-22T06:45:00,3.320,0.00,0.000
2024-10-22T06:30:00,3.320,0.00,0.000
2024-10-22T06:15:00,3.320,0.00,0.000
2024-10-22T06:00:00,3.330,0.00,0.000
2024-10-22T05:45:00,3.330,0.00,0.000
2024-10-22T05:30:00,3.330,0.00,0.000
2024-10-22T05:15:00,3.330,0.00,0.000
2024-10-22T05:00:00,3.330,0.00,0.000
2024-10-22T04:45:00,3.330,0.00,0.000
2024-10-22T04:30:00,3.330,0.00,0.000
2024-10-22T04:15:00,3.330,0.00,0.000
2024-10-22T04:00:00,3.340,0.00,0.000
2024-10-22T03:45:00,3.340,0.00,0.000
2024-10-22T03:30:00,3.340,0.00,0.000
2024-10-22T03:15:00,3.340,0.00,0.000
2024-10-22T03:00:00,3.340,0.00,0.000
2024-10-22T02:45:00,3.350,0.00,0.000
2024-10-22T02:30:00,3.350,0.00,0.000
2024-10-22T02:15:00,3.350,0.00,0.000
2024-10-22T02:00:00,3.350,0.00,0.000
2024-10-22T01:45:00,3.350,0.00,0.000
2024-10-22T01:30:00,3.350,0.00,0.000
2024-10-22T01:15:00,3.350,0.00,0.000
2024-10-22T01:00:00,3.350,0.00,0.000
2024-10-22T00:45:00,3.360,0.00,0.000
2024-10-22T00:30:00,3.360,0.00,0.000
2024-10-22T00:15:00,3.360,0.00,0.000
2024-10-22T00:00:00,3.360,0.00,0.000
2024-10-21T23:45:00,3.370,0.00,0.000
2024-10-21T23:30:00,3.370,0.00,0.000
2024-10-21T23:15:00,3.370,0.00,0.000
2024-10-21T23:00:00,3.370,0.00,0.000
2024-10-21T22:45:00,3.370,0.00,0.000
2024-10-21T22:30:00,3.380,0.00,0.000
2024-10-21T22:15:00,3.380,0.00,0.000
2024-10-21T22:00:00,3.380,0.00,0.000
2024-10-21T21:45:00,3.380,0.00,0.000
2024-10-21T21:30:00,3.380,0.00,0.000
2024-10-21T21:15:00,3.390,0.00,0.000
2024-10-21T21:00:00,3.390,0.00,0.000
2024-10-21T20:45:00,3.390,0.00,0.000
2024-10-21T20:30:00,3.390,0.00,0.000
2024-10-21T20:15:00,3.390,0.00,0.000
2024-10-21T20:00:00,3.400,0.00,0.000
2024-10-21T19:45:00,3.390,0.00,0.000
2024-10-21T19:30:00,3.400,0.00,0.000
2024-10-21T19:15:00,3.400,0.00,0.000
2024-10-21T19:00:00,3.400,0.00,3.500
2024-10-21T18:45:00,3.400,0.00,1.500
2024-10-21T18:30:00,3.390,0.00,5.500
2024-10-21T18:15:00,3.400,0.00,0.000
2024-10-21T18:00:00,3.390,0.00,0.000
2024-10-21T17:45:00,3.400,0.00,0.000
2024-10-21T17:30:00,3.400,0.00,0.000
2024-10-21T17:15:00,3.400,0.00,0.000
2024-10-21T17:00:00,3.400,0.00,0.000
2024-10-21T16:45:00,3.400,0.00,0.000
2024-10-21T16:30:00,3.400,0.00,0.000
2024-10-21T16:15:00,3.400,0.00,0.000
2024-10-21T16:00:00,3.400,0.00,0.000
2024-10-21T15:45:00,3.400,0.00,0.000
2024-10-21T15:30:00,3.410,0.00,0.000
2024-10-21T15:15:00,3.420,0.00,0.000
2024-10-21T15:00:00,3.410,0.00,0.000
2024-10-21T14:45:00,3.410,0.00,0.000
2024-10-21T14:30:00,3.420,0.00,0.000
2024-10-21T14:15:00,3.410,0.00,0.000
2024-10-21T14:00:00,3.420,0.00,0.000
2024-10-21T13:45:00,3.420,0.00,0.000
2024-10-21T13:30:00,3.420,0.00,0.000
2024-10-21T13:15:00,3.420,0.00,0.000
2024-10-21T13:00:00,3.430,0.00,0.000
2024-10-21T12:45:00,3.430,0.00,0.000
2024-10-21T12:30:00,3.430,0.00,0.000
2024-10-21T12:15:00,3.420,0.00,0.000
2024-10-21T12:00:00,3.430,0.00,0.000
2024-10-21T11:45:00,3.430,0.00,0.000
2024-10-21T11:30:00,3.430,0.00,0.000
2024-10-21T11:15:00,3.430,0.00,0.000
2024-10-21T11:00:00,3.420,0.00,0.000
2024-10-21T10:45:00,3.420,0.00,0.000
2024-10-21T10:30:00,3.430,0.00,0.000
2024-10-21T10:15:00,3.430,0.00,0.000
2024-10-21T10:00:00,3.430,0.00,0.000
2024-10-21T09:45:00,3.430,0.00,0.000
2024-10-21T09:30:00,3.430,0.00,0.000
2024-10-21T09:15:00,3.430,0.00,0.000
2024-10-21T09:00:00,3.430,0.00,0.000
2024-10-21T08:45:00,3.430,0.00,0.000
2024-10-21T08:30:00,3.440,0.00,0.000
2024-10-21T08:15:00,3.440,0.00,0.000
2024-10-21T08:00:00,3.440,0.00,0.000
2024-10-21T07:45:00,3.450,0.00,0.000
2024-10-21T07:30:00,3.450,0.00,0.000
2024-10-21T07:15:00,3.450,0.00,0.000
2024-10-21T07:00:00,3.460,0.00,0.000
2024-10-21T06:45:00,3.460,0.00,0.000
2024-10-21T06:30:00,3.460,0.00,0.000
2024-10-21T06:15:00,3.460,0.00,0.000
2024-10-21T06:00:00,3.460,0.00,0.000
2024-10-21T05:45:00,3.460,0.00,0.000
2024-10-21T05:30:00,3.470,0.00,0.500
2024-10-21T05:15:00,3.470,0.00,0.000
2024-10-21T05:00:00,3.470,0.00,0.000
2024-10-21T04:45:00,3.470,0.00,0.000
2024-10-21T04:30:00,3.470,0.00,0.000
2024-10-21T04:15:00,3.480,0.00,0.000
2024-10-21T04:00:00,3.480,0.00,0.000
2024-10-21T03:45:00,3.480,0.00,0.000
2024-10-21T03:30:00,3.480,0.00,0.000
2024-10-21T03:15:00,3.490,0.00,0.000
2024-10-21T03:00:00,3.490,0.00,0.000
2024-10-21T02:45:00,3.490,0.00,0.000
2024-10-21T02:30:00,3.500,0.00,0.000
2024-10-21T02:15:00,3.500,0.00,0.000
2024-10-21T02:00:00,3.500,0.00,0.000
2024-10-21T01:45:00,3.500,0.00,0.000
2024-10-21T01:30:00,3.500,0.00,0.000
2024-10-21T01:15:00,3.510,0.00,0.000
2024-10-21T01:00:00,3.510,0.00,0.000
2024-10-21T00:45:00,3.510,0.00,0.000
2024-10-21T00:30:00,3.510,0.00,0.000
2024-10-21T00:15:00,3.510,0.00,0.000
2024-10-21T00:00:00,3.520,0.00,0.000
2024-11-03T23:45:00,2.720,0.00,0.000
2024-11-03T23:30:00,2.720,0.00,0.000
2024-11-03T23:15:00,2.710,0.00,0.000
2024-11-03T23:00:00,2.710,0.00,0.000
2024-11-03T22:45:00,2.720,0.00,0.000
2024-11-03T22:30:00,2.720,0.00,0.000
2024-11-03T22:15:00,2.720,0.00,0.000
2024-11-03T22:00:00,2.720,0.00,0.000
2024-11-03T21:45:00,2.720,0.00,0.000
2024-11-03T21:30:00,2.720,0.00,0.000
2024-11-03T21:15:00,2.720,0.00,0.000
2024-11-03T21:00:00,2.720,0.00,0.000
2024-11-03T20:45:00,2.720,0.00,0.000
2024-11-03T20:30:00,2.720,0.00,0.000
2024-11-03T20:15:00,2.720,0.00,0.000
2024-11-03T20:00:00,2.720,0.00,0.000
2024-11-03T19:45:00,2.720,0.00,0.000
2024-11-03T19:30:00,2.720,0.00,0.000
2024-11-03T19:15:00,2.730,0.00,0.000
2024-11-03T19:00:00,2.720,0.00,0.000
2024-11-03T18:45:00,2.720,0.00,0.000
2024-11-03T18:30:00,2.730,0.00,0.000
2024-11-03T18:15:00,2.730,0.00,0.000
2024-11-03T18:00:00,2.730,0.00,0.000
2024-11-03T17:45:00,2.730,0.00,0.000
2024-11-03T17:30:00,2.730,31.30,0.000
2024-11-03T17:15:00,2.730,0.00,0.000
2024-11-03T17:00:00,2.730,0.00,0.000
2024-11-03T16:45:00,2.730,0.00,0.000
2024-11-03T16:30:00,2.730,0.00,0.000
2024-11-03T16:15:00,2.730,0.00,0.000
2024-11-03T16:00:00,2.730,0.00,0.000
2024-11-03T15:45:00,2.740,0.00,0.000
2024-11-03T15:30:00,2.740,0.00,0.000
2024-11-03T15:15:00,2.740,0.00,0.000
2024-11-03T15:00:00,2.740,0.00,0.000
2024-11-03T14:45:00,2.740,0.00,0.000
2024-11-03T14:30:00,2.750,0.00,0.000
2024-11-03T14:15:00,2.750,0.00,0.000
2024-11-03T14:00:00,2.750,0.00,0.000
2024-11-03T13:45:00,2.750,0.00,0.000
2024-11-03T13:30:00,2.750,0.00,0.000
2024-11-03T13:15:00,2.750,0.00,0.000
2024-11-03T13:00:00,2.750,0.00,0.000
2024-11-03T12:45:00,2.760,0.00,0.000
2024-11-03T12:30:00,2.760,0.00,0.000
2024-11-03T12:15:00,2.760,0.00,0.000
2024-11-03T12:00:00,2.760,0.00,0.000
2024-11-03T11:45:00,2.760,0.00,0.000
2024-11-03T11:30:00,2.770,0.00,0.000
2024-11-03T11:15:00,2.770,0.00,0.000
2024-11-03T11:00:00,2.770,0.00,0.000
2024-11-03T10:45:00,2.770,0.00,0.000
2024-11-03T10:30:00,2.770,0.00,0.000
2024-11-03T10:15:00,2.770,0.00,0.000
2024-11-03T10:00:00,2.770,0.00,0.000
2024-11-03T09:45:00,2.770,0.00,0.000
2024-11-03T09:30:00,2.770,0.00,0.000
2024-11-03T09:15:00,2.780,0.00,0.000
2024-11-03T09:00:00,2.780,0.00,0.000
2024-11-03T08:45:00,2.780,0.00,0.000
2024-11-03T08:30:00,2.780,0.00,0.000
2024-11-03T08:15:00,2.780,0.00,0.000
2024-11-03T08:00:00,2.780,0.00,0.000
2024-11-03T07:45:00,2.790,0.00,0.000
2024-11-03T07:30:00,2.790,0.00,0.000
2024-11-03T07:15:00,2.790,0.00,0.000
2024-11-03T07:00:00,2.790,0.00,0.000
2024-11-03T06:45:00,2.790,0.00,0.000
2024-11-03T06:30:00,2.790,0.00,0.000
2024-11-03T06:15:00,2.790,0.00,0.000
2024-11-03T06:00:00,2.800,0.00,0.000
2024-11-03T05:45:00,2.800,0.00,0.000
2024-11-03T05:30:00,2.800,0.00,0.000
2024-11-03T05:15:00,2.800,0.00,0.000
2024-11-03T05:00:00,2.800,0.00,0.000
2024-11-03T04:45:00,2.800,0.00,0.000
2024-11-03T04:30:00,2.800,0.00,0.000
2024-11-03T04:15:00,2.800,0.00,0.000
2024-11-03T04:00:00,2.800,0.00,0.000
2024-11-03T03:45:00,2.800,0.00,0.000
2024-11-03T03:30:00,2.810,0.00,0.000
2024-11-03T03:15:00,2.810,0.00,0.000
2024-11-03T03:00:00,2.810,0.00,0.000
2024-11-03T02:45:00,2.810,0.00,0.000
2024-11-03T02:30:00,2.810,0.00,0.000
2024-11-03T02:15:00,2.810,0.00,0.000
2024-11-03T02:00:00,2.820,0.00,0.000
2024-11-03T01:45:00,2.810,0.00,0.000
2024-11-03T01:30:00,2.810,0.00,0.000
2024-11-03T01:15:00,2.820,0.00,0.000
2024-11-03T01:00:00,2.820,0.00,0.000
2024-11-03T00:45:00,2.820,0.00,0.000
2024-11-03T00:30:00,2.820,0.00,0.000
2024-11-03T00:15:00,2.820,0.00,0.000
2024-11-03T00:00:00,2.820,0.00,0.000
2024-11-02T23:45:00,2.820,0.00,0.000
2024-11-02T23:30:00,2.830,0.00,0.000
2024-11-02T23:15:00,2.830,0.00,0.000
2024-11-02T23:00:00,2.830,0.00,0.000
2024-11-02T22:45:00,2.830,0.00,0.000
2024-11-02T22:30:00,2.830,0.00,0.000
2024-11-02T22:15:00,2.830,0.00,0.000
2024-11-02T22:00:00,2.840,0.00,0.000
2024-11-02T21:45:00,2.840,0.00,0.000
2024-11-02T21:30:00,2.840,0.00,0.000
2024-11-02T21:15:00,2.840,0.00,0.000
2024-11-02T21:00:00,2.840,0.00,0.000
2024-11-02T20:45:00,2.840,0.00,0.000
2024-11-02T20:30:00,2.840,0.00,0.000
2024-11-02T20:15:00,2.840,13.00,0.000
2024-11-02T20:00:00,2.850,0.00,0.000
2024-11-02T19:45:00,2.850,0.00,0.000
2024-11-02T19:30:00,2.850,0.00,0.000
2024-11-02T19:15:00,2.850,0.00,0.000
2024-11-02T19:00:00,2.850,0.00,0.000
2024-11-02T18:45:00,2.850,0.00,0.000
2024-11-02T18:30:00,2.850,0.00,0.000
2024-11-02T18:15:00,2.850,0.00,0.000
2024-11-02T18:00:00,2.850,0.00,0.000
2024-11-02T17:45:00,2.850,0.00,0.000
2024-11-02T17:30:00,2.850,0.00,0.000
2024-11-02T17:15:00,2.850,0.00,0.000
2024-11-02T17:00:00,2.850,0.00,0.000
2024-11-02T16:45:00,2.850,0.00,0.000
2024-11-02T16:30:00,2.850,0.00,0.000
2024-11-02T16:15:00,2.850,0.00,0.000
2024-11-02T16:00:00,2.850,9.30,0.000
2024-11-02T15:45:00,2.850,0.00,0.000
2024-11-02T15:30:00,2.850,0.00,0.000
2024-11-02T15:15:00,2.850,0.00,0.000
2024-11-02T15:00:00,2.840,14.40,0.000
2024-11-02T14:45:00,2.850,0.00,0.000
2024-11-02T14:30:00,2.850,0.00,0.000
2024-11-02T14:15:00,2.850,19.90,0.000
2024-11-02T14:00:00,2.850,0.00,0.000
2024-11-02T13:45:00,2.850,0.00,0.000
2024-11-02T13:30:00,2.850,0.00,0.000
2024-11-02T13:15:00,2.850,0.00,0.000
2024-11-02T13:00:00,2.850,0.00,0.000
2024-11-02T12:45:00,2.850,0.00,0.000
2024-11-02T12:30:00,2.850,0.00,0.000
2024-11-02T12:15:00,2.850,0.00,0.000
2024-11-02T12:00:00,2.850,0.00,0.000
2024-11-02T11:45:00,2.850,0.00,0.000
2024-11-02T11:30:00,2.850,0.00,0.000
2024-11-02T11:15:00,2.850,0.00,0.000
2024-11-02T11:00:00,2.840,0.00,0.000
2024-11-02T10:45:00,2.840,0.00,0.000
2024-11-02T10:30:00,2.840,0.00,0.000
2024-11-02T10:15:00,2.840,0.00,0.000
2024-11-02T10:00:00,2.850,0.00,0.000
2024-11-02T09:45:00,2.840,0.00,0.000
2024-11-02T09:30:00,2.840,0.00,0.000
2024-11-02T09:15:00,2.840,0.00,0.000
2024-11-02T09:00:00,2.850,0.00,0.000
2024-11-02T08:45:00,2.850,0.00,0.000
2024-11-02T08:30:00,2.850,0.00,0.000
2024-11-02T08:15:00,2.850,0.00,0.000
2024-11-02T08:00:00,2.850,0.00,0.000
2024-11-02T07:45:00,2.850,0.00,0.000
2024-11-02T07:30:00,2.860,0.00,0.000
2024-11-02T07:15:00,2.860,0.00,0.000
2024-11-02T07:00:00,2.860,0.00,0.000
2024-11-02T06:45:00,2.860,0.00,0.000
2024-11-02T06:30:00,2.860,0.00,0.000
2024-11-02T06:15:00,2.860,0.00,0.000
2024-11-02T06:00:00,2.860,0.00,0.000
2024-11-02T05:45:00,2.860,0.00,0.000
2024-11-02T05:30:00,2.860,0.00,0.000
2024-11-02T05:15:00,2.860,0.00,0.000
2024-11-02T05:00:00,2.860,0.00,0.000
2024-11-02T04:45:00,2.870,0.00,0.000
2024-11-02T04:30:00,2.860,0.00,0.000
2024-11-02T04:15:00,2.870,0.00,0.000
2024-11-02T04:00:00,2.870,0.00,0.000
2024-11-02T03:45:00,2.870,0.00,0.000
2024-11-02T03:30:00,2.870,0.00,0.000
2024-11-02T03:15:00,2.870,0.00,0.000
2024-11-02T03:00:00,2.870,0.00,0.000
2024-11-02T02:45:00,2.870,0.00,0.000
2024-11-02T02:30:00,2.870,0.00,0.000
2024-11-02T02:15:00,2.870,0.00,0.000
2024-11-02T02:00:00,2.870,0.00,0.000
2024-11-02T01:45:00,2.870,0.00,0.000
2024-11-02T01:30:00,2.880,0.00,0.000
2024-11-02T01:15:00,2.880,0.00,0.000
2024-11-02T01:00:00,2.880,0.00,0.000
2024-11-02T00:45:00,2.880,0.00,0.000
2024-11-02T00:30:00,2.880,0.00,0.000
2024-11-02T00:15:00,2.880,0.00,0.000
2024-11-02T00:00:00,2.890,0.00,0.000
2024-11-01T23:45:00,2.890,0.00,0.000
2024-11-01T23:30:00,2.890,0.00,0.000
2024-11-01T23:15:00,2.890,0.00,0.000
2024-11-01T23:00:00,2.890,0.00,0.000
2024-11-01T22:45:00,2.890,0.00,0.000
2024-11-01T22:30:00,2.890,0.00,0.000
2024-11-01T22:15:00,2.890,0.00,0.000
2024-11-01T22:00:00,2.900,0.00,0.000
2024-11-01T21:45:00,2.900,0.00,0.000
2024-11-01T21:30:00,2.900,0.00,0.000
2024-11-01T21:15:00,2.900,0.00,0.000
2024-11-01T21:00:00,2.900,0.00,0.000
2024-11-01T20:45:00,2.900,0.00,0.000
2024-11-01T20:30:00,2.900,0.00,0.000
2024-11-01T20:15:00,2.900,0.00,0.000
2024-11-01T20:00:00,2.890,0.00,0.000
2024-11-01T19:45:00,2.900,0.00,0.000
2024-11-01T19:30:00,2.890,0.00,0.000
2024-11-01T19:15:00,2.890,0.00,0.000
2024-11-01T19:00:00,2.890,0.00,0.000
2024-11-01T18:45:00,2.890,0.00,0.000
2024-11-01T18:30:00,2.890,0.00,0.000
2024-11-01T18:15:00,2.890,0.00,0.000
2024-11-01T18:00:00,2.890,0.00,0.000
2024-11-01T17:45:00,2.880,0.00,0.000
2024-11-01T17:30:00,2.880,0.00,0.000
2024-11-01T17:15:00,2.880,0.00,0.000
2024-11-01T17:00:00,2.880,0.00,0.000
2024-11-01T16:45:00,2.880,0.00,0.000
2024-11-01T16:30:00,2.880,0.00,0.000
2024-11-01T16:15:00,2.870,0.00,0.000
2024-11-01T16:00:00,2.870,0.00,0.000
2024-11-01T15:45:00,2.870,0.00,0.000
2024-11-01T15:30:00,2.870,0.00,0.000
2024-11-01T15:15:00,2.870,0.00,0.000
2024-11-01T15:00:00,2.860,0.00,0.000
2024-11-01T14:45:00,2.860,12.30,0.000
2024-11-01T14:30:00,2.860,12.40,0.000
2024-11-01T14:15:00,2.860,0.00,0.000
2024-11-01T14:00:00,2.850,0.00,0.000
2024-11-01T13:45:00,2.850,0.00,0.000
2024-11-01T13:30:00,2.850,0.00,0.000
2024-11-01T13:15:00,2.850,12.10,0.000
2024-11-01T13:00:00,2.850,0.00,0.000
2024-11-01T12:45:00,2.850,0.00,0.000
2024-11-01T12:30:00,2.850,0.00,0.000
2024-11-01T12:15:00,2.850,0.00,0.000
2024-11-01T12:00:00,2.850,0.00,0.000
2024-11-01T11:45:00,2.850,0.00,0.000
2024-11-01T11:30:00,2.850,0.00,0.000
2024-11-01T11:15:00,2.850,0.00,0.000
2024-11-01T11:00:00,2.850,0.00,0.000
2024-11-01T10:45:00,2.850,0.00,0.000
2024-11-01T10:30:00,2.850,0.00,0.000
2024-11-01T10:15:00,2.850,0.00,0.000
2024-11-01T10:00:00,2.850,0.00,0.000
2024-11-01T09:45:00,2.850,0.00,0.000
2024-11-01T09:30:00,2.850,0.00,0.000
2024-11-01T09:15:00,2.850,0.00,0.000
2024-11-01T09:00:00,2.850,0.00,0.000
2024-11-01T08:45:00,2.850,0.00,0.000
2024-11-01T08:30:00,2.850,0.00,0.000
2024-11-01T08:15:00,2.850,0.00,0.000
2024-11-01T08:00:00,2.850,0.00,0.000
2024-11-01T07:45:00,2.850,0.00,0.000
2024-11-01T07:30:00,2.850,0.00,0.000
2024-11-01T07:15:00,2.850,0.00,0.000
2024-11-01T07:00:00,2.850,0.00,0.000
2024-11-01T06:45:00,2.850,0.00,0.000
2024-11-01T06:30:00,2.850,0.00,0.000
2024-11-01T06:15:00,2.850,0.00,0.000
2024-11-01T06:00:00,2.850,0.00,0.000
2024-11-01T05:45:00,2.850,0.00,0.000
2024-11-01T05:30:00,2.850,0.00,0.000
2024-11-01T05:15:00,2.860,0.00,0.000
2024-11-01T05:00:00,2.860,0.00,0.000
2024-11-01T04:45:00,2.850,0.00,0.000
2024-11-01T04:30:00,2.860,0.00,0.000
2024-11-01T04:15:00,2.860,0.00,0.000
2024-11-01T04:00:00,2.860,0.00,0.000
2024-11-01T03:45:00,2.850,0.00,0.000
2024-11-01T03:30:00,2.860,0.00,0.000
2024-11-01T03:15:00,2.850,0.00,0.000
2024-11-01T03:00:00,2.860,0.00,0.000
2024-11-01T02:45:00,2.860,0.00,0.000
2024-11-01T02:30:00,2.860,0.00,0.000
2024-11-01T02:15:00,2.860,0.00,0.000
2024-11-01T02:00:00,2.860,0.00,0.000
2024-11-01T01:45:00,2.860,0.00,0.000
2024-11-01T01:30:00,2.860,0.00,0.000
2024-11-01T01:15:00,2.860,0.00,0.000
2024-11-01T01:00:00,2.860,0.00,0.000
2024-11-01T00:45:00,2.860,0.00,0.000
2024-11-01T00:30:00,2.860,0.00,0.000
2024-11-01T00:15:00,2.860,0.00,0.000
2024-11-01T00:00:00,2.860,0.00,0.000
2024-10-31T23:45:00,2.860,0.00,0.000
2024-10-31T23:30:00,2.860,0.00,0.000
2024-10-31T23:15:00,2.860,0.00,0.000
2024-10-31T23:00:00,2.860,0.00,0.000
2024-10-31T22:45:00,2.860,0.00,0.000
2024-10-31T22:30:00,2.860,0.00,0.000
2024-10-31T22:15:00,2.860,0.00,0.000
2024-10-31T22:00:00,2.860,0.00,0.000
2024-10-31T21:45:00,2.860,0.00,0.000
2024-10-31T21:30:00,2.860,0.00,0.000
2024-10-31T21:15:00,2.860,0.00,0.000
2024-10-31T21:00:00,2.860,0.00,0.000
2024-10-31T20:45:00,2.860,0.00,0.000
2024-10-31T20:30:00,2.870,0.00,0.000
2024-10-31T20:15:00,2.860,0.00,0.000
2024-10-31T20:00:00,2.860,0.00,0.000
2024-10-31T19:45:00,2.860,0.00,0.000
2024-10-31T19:30:00,2.870,0.00,0.000
2024-10-31T19:15:00,2.860,0.00,0.000
2024-10-31T19:00:00,2.860,0.00,0.000
2024-10-31T18:45:00,2.860,0.00,0.000
2024-10-31T18:30:00,2.860,0.00,0.000
2024-10-31T18:15:00,2.850,0.00,0.000
2024-10-31T18:00:00,2.860,0.00,0.000
2024-10-31T17:45:00,2.870,0.00,0.000
2024-10-31T17:30:00,2.870,0.00,0.000
2024-10-31T17:15:00,2.860,0.00,0.000
2024-10-31T17:00:00,2.860,0.00,0.000
2024-10-31T16:45:00,2.860,0.00,0.000
2024-10-31T16:30:00,2.860,0.00,0.000
2024-10-31T16:15:00,2.860,0.00,0.000
2024-10-31T16:00:00,2.860,0.00,0.000
2024-10-31T15:45:00,2.860,0.00,0.000
2024-10-31T15:30:00,2.850,0.00,0.000
2024-10-31T15:15:00,2.850,0.00,0.000
2024-10-31T15:00:00,2.850,0.00,0.000
2024-10-31T14:45:00,2.850,0.00,0.000
2024-10-31T14:30:00,2.850,11.10,0.000
2024-10-31T14:15:00,2.850,0.00,0.000
2024-10-31T14:00:00,2.850,0.00,0.000
2024-10-31T13:45:00,2.850,0.00,0.000
2024-10-31T13:30:00,2.850,0.00,0.000
2024-10-31T13:15:00,2.850,0.00,0.000
2024-10-31T13:00:00,2.850,0.00,0.000
2024-10-31T12:45:00,2.850,0.00,0.000
2024-10-31T12:30:00,2.850,0.00,0.000
2024-10-31T12:15:00,2.850,0.00,0.000
2024-10-31T12:00:00,2.850,0.00,0.000
2024-10-31T11:45:00,2.850,0.00,0.000
2024-10-31T11:30:00,2.850,0.00,0.000
2024-10-31T11:15:00,2.850,0.00,0.000
2024-10-31T11:00:00,2.850,0.00,0.000
2024-10-31T10:45:00,2.850,0.00,0.000
2024-10-31T10:30:00,2.840,0.00,0.000
2024-10-31T10:15:00,2.840,0.00,0.000
2024-10-31T10:00:00,2.840,0.00,0.000
2024-10-31T09:45:00,2.840,0.00,0.000
2024-10-31T09:30:00,2.840,0.00,0.000
2024-10-31T09:15:00,2.840,0.00,0.000
2024-10-31T09:00:00,2.840,0.00,0.000
2024-10-31T08:45:00,2.840,0.00,0.000
2024-10-31T08:30:00,2.840,0.00,0.000
2024-10-31T08:15:00,2.840,0.00,0.000
2024-10-31T08:00:00,2.840,0.00,0.000
2024-10-31T07:45:00,2.840,0.00,0.000
2024-10-31T07:30:00,2.840,0.00,0.000
2024-10-31T07:15:00,2.840,0.00,0.000
2024-10-31T07:00:00,2.840,0.00,0.000
2024-10-31T06:45:00,2.840,0.00,0.000
2024-10-31T06:30:00,2.840,0.00,0.000
2024-10-31T06:15:00,2.830,0.00,0.000
2024-10-31T06:00:00,2.840,0.00,0.000
2024-10-31T05:45:00,2.830,0.00,0.000
2024-10-31T05:30:00,2.840,0.00,0.000
2024-10-31T05:15:00,2.830,0.00,0.000
2024-10-31T05:00:00,2.830,0.00,0.000
2024-10-31T04:45:00,2.830,0.00,0.000
2024-10-31T04:30:00,2.830,0.00,0.000
2024-10-31T04:15:00,2.830,0.00,0.000
2024-10-31T04:00:00,2.830,0.00,0.000
2024-10-31T03:45:00,2.830,0.00,0.000
2024-10-31T03:30:00,2.830,0.00,0.000
2024-10-31T03:15:00,2.830,0.00,0.000
2024-10-31T03:00:00,2.830,0.00,0.000
2024-10-31T02:45:00,2.830,0.00,0.000
2024-10-31T02:30:00,2.820,0.00,0.000
2024-10-31T02:15:00,2.820,0.00,0.000
2024-10-31T02:00:00,2.820,0.00,0.000
2024-10-31T01:45:00,2.820,0.00,0.000
2024-10-31T01:30:00,2.820,0.00,0.000
2024-10-31T01:15:00,2.820,0.00,0.000
2024-10-31T01:00:00,2.820,0.00,0.000
2024-10-31T00:45:00,2.810,0.00,0.000
2024-10-31T00:30:00,2.820,0.00,0.000
2024-10-31T00:15:00,2.810,0.00,0.000
2024-10-31T00:00:00,2.810,0.00,0.000
2024-10-30T23:45:00,2.810,0.00,0.000
2024-10-30T23:30:00,2.810,0.00,0.000
2024-10-30T23:15:00,2.810,0.00,0.000
2024-10-30T23:00:00,2.800,0.00,0.000
2024-10-30T22:45:00,2.800,0.00,0.000
2024-10-30T22:30:00,2.800,0.00,0.000
2024-10-30T22:15:00,2.800,0.00,0.000
2024-10-30T22:00:00,2.800,0.00,0.000
2024-10-30T21:45:00,2.800,0.00,0.000
2024-10-30T21:30:00,2.790,0.00,0.000
2024-10-30T21:15:00,2.790,0.00,0.000
2024-10-30T21:00:00,2.790,0.00,0.000
2024-10-30T20:45:00,2.790,0.00,0.000
2024-10-30T20:30:00,2.780,0.00,0.000
2024-10-30T20:15:00,2.780,0.00,0.000
2024-10-30T20:00:00,2.780,0.00,0.000
2024-10-30T19:45:00,2.780,0.00,0.000
2024-10-30T19:30:00,2.780,0.00,0.000
2024-10-30T19:15:00,2.770,0.00,0.000
2024-10-30T19:00:00,2.770,0.00,0.000
2024-10-30T18:45:00,2.770,0.00,0.000
2024-10-30T18:30:00,2.760,0.00,0.000
2024-10-30T18:15:00,2.760,0.00,0.000
2024-10-30T18:00:00,2.750,0.00,0.000
2024-10-30T17:45:00,2.750,0.00,0.000
2024-10-30T17:30:00,2.740,0.00,0.000
2024-10-30T17:15:00,2.740,0.00,0.000
2024-10-30T17:00:00,2.740,0.00,0.000
2024-10-30T16:45:00,2.740,0.00,0.000
2024-10-30T16:30:00,2.730,0.00,0.000
2024-10-30T16:15:00,2.740,0.00,0.000
2024-10-30T16:00:00,2.730,0.00,0.000
2024-10-30T15:45:00,2.720,0.00,0.000
2024-10-30T15:30:00,2.730,0.00,0.000
2024-10-30T15:15:00,2.710,0.00,0.000
2024-10-30T15:00:00,2.700,330.00,0.000
2024-10-30T14:45:00,2.710,0.00,0.000
2024-10-30T14:30:00,2.690,0.00,0.000
2024-10-30T14:15:00,2.690,0.00,0.000
2024-10-30T14:00:00,2.690,0.00,0.000
2024-10-30T13:45:00,2.690,0.00,0.000
2024-10-30T13:30:00,2.690,0.00,0.000
2024-10-30T13:15:00,2.690,0.00,0.000
2024-10-30T13:00:00,2.690,0.00,0.000
2024-10-30T12:45:00,2.690,0.00,0.000
2024-10-30T12:30:00,2.690,0.00,0.000
2024-10-30T12:15:00,2.690,0.00,0.000
2024-10-30T12:00:00,2.690,0.00,0.000
2024-10-30T11:45:00,2.690,0.00,0.000
2024-10-30T11:30:00,2.700,0.00,0.000
2024-10-30T11:15:00,2.700,0.00,0.000
2024-10-30T11:00:00,2.700,0.00,0.000
2024-10-30T10:45:00,2.700,0.00,0.000
2024-10-30T10:30:00,2.700,0.00,0.000
2024-10-30T10:15:00,2.700,0.00,0.000
2024-10-30T10:00:00,2.700,12.20,0.000
2024-10-30T09:45:00,2.710,0.00,0.000
2024-10-30T09:30:00,2.710,0.00,0.000
2024-10-30T09:15:00,2.710,0.00,0.000
2024-10-30T09:00:00,2.710,0.00,0.000
2024-10-30T08:45:00,2.710,0.00,0.000
2024-10-30T08:30:00,2.720,0.00,0.000
2024-10-30T08:15:00,2.720,0.00,0.000
2024-10-30T08:00:00,2.720,0.00,0.000
2024-10-30T07:45:00,2.720,0.00,0.000
2024-10-30T07:30:00,2.720,0.00,0.000
2024-10-30T07:15:00,2.720,0.00,0.000
2024-10-30T07:00:00,2.720,0.00,0.000
2024-10-30T06:45:00,2.720,0.00,0.000
2024-10-30T06:30:00,2.720,0.00,0.000
2024-10-30T06:15:00,2.730,0.00,0.000
2024-10-30T06:00:00,2.730,0.00,0.000
2024-10-30T05:45:00,2.730,0.00,0.000
2024-10-30T05:30:00,2.730,0.00,0.000
2024-10-30T05:15:00,2.730,0.00,0.000
2024-10-30T05:00:00,2.730,0.00,0.000
2024-10-30T04:45:00,2.730,0.00,0.000
2024-10-30T04:30:00,2.730,0.00,0.000
2024-10-30T04:15:00,2.740,0.00,0.000
2024-10-30T04:00:00,2.740,0.00,0.000
2024-10-30T03:45:00,2.730,0.00,0.000
2024-10-30T03:30:00,2.740,0.00,0.000
2024-10-30T03:15:00,2.740,0.00,0.000
2024-10-30T03:00:00,2.740,0.00,0.000
2024-10-30T02:45:00,2.740,0.00,0.000
2024-10-30T02:30:00,2.740,0.00,0.000
2024-10-30T02:15:00,2.740,0.00,0.000
2024-10-30T02:00:00,2.740,0.00,0.000
2024-10-30T01:45:00,2.740,0.00,0.000
2024-10-30T01:30:00,2.740,0.00,0.000
2024-10-30T01:15:00,2.750,0.00,0.000
2024-10-30T01:00:00,2.750,0.00,0.000
2024-10-30T00:45:00,2.750,0.00,0.000
2024-10-30T00:30:00,2.760,11.20,0.000
2024-10-30T00:15:00,2.750,0.00,0.000
2024-10-30T00:00:00,2.760,0.00,0.000
2024-10-29T23:45:00,2.760,0.00,0.000
2024-10-29T23:30:00,2.760,0.00,0.000
2024-10-29T23:15:00,2.760,0.00,0.000
2024-10-29T23:00:00,2.760,0.00,0.000
2024-10-29T22:45:00,2.760,0.00,0.000
2024-10-29T22:30:00,2.760,0.00,0.000
2024-10-29T22:15:00,2.760,0.00,0.000
2024-10-29T22:00:00,2.770,0.00,0.000
2024-10-29T21:45:00,2.770,0.00,0.000
2024-10-29T21:30:00,2.770,0.00,0.000
2024-10-29T21:15:00,2.770,0.00,0.000
2024-10-29T21:00:00,2.770,0.00,0.000
2024-10-29T20:45:00,2.770,0.00,0.000
2024-10-29T20:30:00,2.770,0.00,0.000
2024-10-29T20:15:00,2.770,0.00,0.000
2024-10-29T20:00:00,2.770,0.00,0.000
2024-10-29T19:45:00,2.770,0.00,0.000
2024-10-29T19:30:00,2.770,0.00,0.000
2024-10-29T19:15:00,2.770,0.00,0.000
2024-10-29T19:00:00,2.770,0.00,0.000
2024-10-29T18:45:00,2.770,0.00,0.000
2024-10-29T18:30:00,2.770,0.00,0.000
2024-10-29T18:15:00,2.770,27.10,0.000
2024-10-29T18:00:00,2.770,0.00,0.000
2024-10-29T17:45:00,2.770,0.00,0.000
2024-10-29T17:30:00,2.770,0.00,0.000
2024-10-29T17:15:00,2.770,0.00,0.000
2024-10-29T17:00:00,2.770,0.00,0.000
2024-10-29T16:45:00,2.770,0.00,0.000
2024-10-29T16:30:00,2.770,0.00,0.000
2024-10-29T16:15:00,2.770,0.00,0.000
2024-10-29T16:00:00,2.770,0.00,0.000
2024-10-29T15:45:00,2.770,0.00,0.000
2024-10-29T15:30:00,2.770,0.00,0.000
2024-10-29T15:15:00,2.770,0.00,0.000
2024-10-29T15:00:00,2.770,0.00,0.000
2024-10-29T14:45:00,2.770,0.00,0.000
2024-10-29T14:30:00,2.770,0.00,0.000
2024-10-29T14:15:00,2.770,0.00,0.000
2024-10-29T14:00:00,2.770,0.00,0.000
2024-10-29T13:45:00,2.770,0.00,0.000
2024-10-29T13:30:00,2.770,0.00,0.000
2024-10-29T13:15:00,2.770,0.00,0.000
2024-10-29T13:00:00,2.770,0.00,0.000
2024-10-29T12:45:00,2.770,0.00,0.000
2024-10-29T12:30:00,2.770,0.00,0.000
2024-10-29T12:15:00,2.770,0.00,0.000
2024-10-29T12:00:00,2.770,0.00,0.000
2024-10-29T11:45:00,2.770,0.00,0.000
2024-10-29T11:30:00,2.770,0.00,0.000
2024-10-29T11:15:00,2.770,0.00,0.000
2024-10-29T11:00:00,2.770,0.00,0.000
2024-10-29T10:45:00,2.770,0.00,0.000
2024-10-29T10:30:00,2.760,0.00,0.000
2024-10-29T10:15:00,2.760,0.00,0.000
2024-10-29T10:00:00,2.760,0.00,0.000
2024-10-29T09:45:00,2.760,0.00,0.000
2024-10-29T09:30:00,2.750,0.00,0.000
2024-10-29T09:15:00,2.760,0.00,0.000
2024-10-29T09:00:00,2.760,0.00,0.000
2024-10-29T08:45:00,2.760,0.00,0.000
2024-10-29T08:30:00,2.760,0.00,0.000
2024-10-29T08:15:00,2.770,0.00,0.000
2024-10-29T08:00:00,2.770,0.00,0.000
2024-10-29T07:45:00,2.770,0.00,0.000
2024-10-29T07:30:00,2.770,0.00,0.000
2024-10-29T07:15:00,2.770,0.00,0.000
2024-10-29T07:00:00,2.780,0.00,0.000
2024-10-29T06:45:00,2.770,0.00,0.000
2024-10-29T06:30:00,2.780,0.00,0.000
2024-10-29T06:15:00,2.780,0.00,0.000
2024-10-29T06:00:00,2.780,0.00,0.000
2024-10-29T05:45:00,2.780,0.00,0.000
2024-10-29T05:30:00,2.780,0.00,0.000
2024-10-29T05:15:00,2.780,0.00,0.000
2024-10-29T05:00:00,2.780,0.00,0.000
2024-10-29T04:45:00,2.780,0.00,0.000
2024-10-29T04:30:00,2.780,0.00,0.000
2024-10-29T04:15:00,2.780,0.00,0.000
2024-10-29T04:00:00,2.780,0.00,0.000
2024-10-29T03:45:00,2.790,0.00,0.000
2024-10-29T03:30:00,2.790,0.00,0.000
2024-10-29T03:15:00,2.790,0.00,0.000
2024-10-29T03:00:00,2.790,0.00,0.000
2024-10-29T02:45:00,2.790,0.00,0.000
2024-10-29T02:30:00,2.790,0.00,0.000
2024-10-29T02:15:00,2.790,0.00,0.000
2024-10-29T02:00:00,2.790,0.00,0.000
2024-10-29T01:45:00,2.790,0.00,0.000
2024-10-29T01:30:00,2.790,0.00,0.000
2024-10-29T01:15:00,2.790,0.00,0.000
2024-10-29T01:00:00,2.800,0.00,0.000
2024-10-29T00:45:00,2.800,0.00,0.000
2024-10-29T00:30:00,2.800,0.00,0.000
2024-10-29T00:15:00,2.800,0.00,0.000
2024-10-29T00:00:00,2.800,0.00,0.000
2024-10-28T23:45:00,2.800,0.00,0.000
2024-10-28T23:30:00,2.800,0.00,0.000
2024-10-28T23:15:00,2.800,0.00,0.000
2024-10-28T23:00:00,2.800,0.00,0.000
2024-10-28T22:45:00,2.800,0.00,0.000
2024-10-28T22:30:00,2.810,0.00,0.000
2024-10-28T22:15:00,2.810,0.00,0.000
2024-10-28T22:00:00,2.810,0.00,0.000
2024-10-28T21:45:00,2.810,0.00,0.000
2024-10-28T21:30:00,2.810,0.00,0.000
2024-10-28T21:15:00,2.810,12.30,0.000
2024-10-28T21:00:00,2.810,0.00,0.000
2024-10-28T20:45:00,2.810,0.00,0.000
2024-10-28T20:30:00,2.810,0.00,0.000
2024-10-28T20:15:00,2.820,0.00,0.000
2024-10-28T20:00:00,2.810,0.00,0.000
2024-10-28T19:45:00,2.820,0.00,0.000
2024-10-28T19:30:00,2.820,12.00,0.000
2024-10-28T19:15:00,2.820,0.00,0.000
2024-10-28T19:00:00,2.820,0.00,0.000
2024-10-28T18:45:00,2.820,0.00,0.000
2024-10-28T18:30:00,2.820,27.00,0.000
2024-10-28T18:15:00,2.820,0.00,0.000
2024-10-28T18:00:00,2.820,0.00,0.000
2024-10-28T17:45:00,2.820,0.00,0.000
2024-10-28T17:30:00,2.820,0.00,0.000
2024-10-28T17:15:00,2.820,0.00,0.000
2024-10-28T17:00:00,2.820,0.00,0.000
2024-10-28T16:45:00,2.820,0.00,0.000
2024-10-28T16:30:00,2.830,0.00,0.000
2024-10-28T16:15:00,2.830,0.00,0.000
2024-10-28T16:00:00,2.830,0.00,0.000
2024-10-28T15:45:00,2.830,0.00,0.000
2024-10-28T15:30:00,2.830,0.00,0.500
2024-10-28T15:15:00,2.830,0.00,0.000
2024-10-28T15:00:00,2.830,0.00,0.000
2024-10-28T14:45:00,2.830,0.00,0.000
2024-10-28T14:30:00,2.830,0.00,0.000
2024-10-28T14:15:00,2.840,0.00,0.000
2024-10-28T14:00:00,2.840,0.00,0.000
2024-10-28T13:45:00,2.840,0.00,0.000
2024-10-28T13:30:00,2.840,0.00,0.000
2024-10-28T13:15:00,2.840,0.00,0.000
2024-10-28T13:00:00,2.850,0.00,0.000
2024-10-28T12:45:00,2.850,13.20,0.000
2024-10-28T12:30:00,2.850,13.00,0.000
2024-10-28T12:15:00,2.850,0.00,0.000
2024-10-28T12:00:00,2.850,0.00,0.000
2024-10-28T11:45:00,2.850,12.50,0.000
2024-10-28T11:30:00,2.850,0.00,0.000
2024-10-28T11:15:00,2.850,0.00,0.000
2024-10-28T11:00:00,2.860,0.00,0.000
2024-10-28T10:45:00,2.850,0.00,0.000
2024-10-28T10:30:00,2.860,0.00,0.000
2024-10-28T10:15:00,2.860,0.00,0.000
2024-10-28T10:00:00,2.850,0.00,0.000
2024-10-28T09:45:00,2.860,0.00,0.000
2024-10-28T09:30:00,2.860,0.00,0.000
2024-10-28T09:15:00,2.860,0.00,0.000
2024-10-28T09:00:00,2.860,0.00,0.000
2024-10-28T08:45:00,2.860,0.00,0.000
2024-10-28T08:30:00,2.860,0.00,0.000
2024-10-28T08:15:00,2.860,0.00,0.000
2024-10-28T08:00:00,2.860,0.00,0.000
2024-10-28T07:45:00,2.860,0.00,0.000
2024-10-28T07:30:00,2.860,0.00,0.000
2024-10-28T07:15:00,2.860,0.00,0.000
2024-10-28T07:00:00,2.870,0.00,0.000
2024-10-28T06:45:00,2.860,0.00,0.000
2024-10-28T06:30:00,2.870,0.00,0.000
2024-10-28T06:15:00,2.870,0.00,0.000
2024-10-28T06:00:00,2.870,0.00,0.000
2024-10-28T05:45:00,2.870,0.00,0.000
2024-10-28T05:30:00,2.870,11.30,0.000
2024-10-28T05:15:00,2.870,0.00,0.000
2024-10-28T05:00:00,2.870,13.60,0.000
2024-10-28T04:45:00,2.870,0.00,0.000
2024-10-28T04:30:00,2.870,0.00,0.000
2024-10-28T04:15:00,2.870,0.00,0.000
2024-10-28T04:00:00,2.870,0.00,0.000
2024-10-28T03:45:00,2.870,0.00,0.000
2024-10-28T03:30:00,2.870,0.00,0.000
2024-10-28T03:15:00,2.880,0.00,0.000
2024-10-28T03:00:00,2.880,0.00,0.000
2024-10-28T02:45:00,2.880,0.00,0.000
2024-10-28T02:30:00,2.880,0.00,0.000
2024-10-28T02:15:00,2.880,0.00,0.000
2024-10-28T02:00:00,2.880,0.00,0.000
2024-10-28T01:45:00,2.880,0.00,0.000
2024-10-28T01:30:00,2.880,0.00,0.000
2024-10-28T01:15:00,2.880,0.00,0.500
2024-10-28T01:00:00,2.880,0.00,0.000
2024-10-28T00:45:00,2.880,0.00,0.000
2024-10-28T00:30:00,2.870,0.00,0.000
2024-10-28T00:15:00,2.890,0.00,0.000
2024-10-28T00:00:00,2.880,0.00,0.000
2024-11-10T23:45:00,2.610,0.00,0.000
2024-11-10T23:30:00,2.610,0.00,0.000
2024-11-10T23:15:00,2.610,0.00,0.000
2024-11-10T23:00:00,2.610,0.00,0.000
2024-11-10T22:45:00,2.610,0.00,0.000
2024-11-10T22:30:00,2.610,0.00,0.000
2024-11-10T22:15:00,2.610,0.00,0.000
2024-11-10T22:00:00,2.600,0.00,0.000
2024-11-10T21:45:00,2.600,0.00,0.000
2024-11-10T21:30:00,2.600,0.00,0.000
2024-11-10T21:15:00,2.600,0.00,0.000
2024-11-10T21:00:00,2.600,0.00,0.000
2024-11-10T20:45:00,2.600,0.00,0.000
2024-11-10T20:30:00,2.600,0.00,0.000
2024-11-10T20:15:00,2.590,0.00,0.000
2024-11-10T20:00:00,2.600,0.00,0.000
2024-11-10T19:45:00,2.590,0.00,0.000
2024-11-10T19:30:00,2.590,0.00,0.000
2024-11-10T19:15:00,2.590,0.00,0.000
2024-11-10T19:00:00,2.590,0.00,0.000
2024-11-10T18:45:00,2.590,0.00,0.000
2024-11-10T18:30:00,2.590,0.00,0.000
2024-11-10T18:15:00,2.590,0.00,0.000
2024-11-10T18:00:00,2.580,0.00,0.000
2024-11-10T17:45:00,2.580,0.00,0.000
2024-11-10T17:30:00,2.580,0.00,0.000
2024-11-10T17:15:00,2.580,0.00,0.000
2024-11-10T17:00:00,2.580,0.00,0.000
2024-11-10T16:45:00,2.580,0.00,0.000
2024-11-10T16:30:00,2.580,0.00,0.000
2024-11-10T16:15:00,2.580,0.00,0.000
2024-11-10T16:00:00,2.580,0.00,0.000
2024-11-10T15:45:00,2.580,0.00,0.000
2024-11-10T15:30:00,2.580,0.00,0.000
2024-11-10T15:15:00,2.580,0.00,0.000
2024-11-10T15:00:00,2.580,0.00,0.000
2024-11-10T14:45:00,2.580,0.00,0.000
2024-11-10T14:30:00,2.580,0.00,0.000
2024-11-10T14:15:00,2.580,0.00,0.000
2024-11-10T14:00:00,2.580,0.00,0.000
2024-11-10T13:45:00,2.580,0.00,0.000
2024-11-10T13:30:00,2.580,0.00,0.000
2024-11-10T13:15:00,2.570,0.00,0.000
2024-11-10T13:00:00,2.570,0.00,0.000
2024-11-10T12:45:00,2.570,12.50,0.000
2024-11-10T12:30:00,2.570,0.00,0.000
2024-11-10T12:15:00,2.570,0.00,0.000
2024-11-10T12:00:00,2.570,0.00,0.000
2024-11-10T11:45:00,2.570,0.00,0.000
2024-11-10T11:30:00,2.570,12.80,0.000
2024-11-10T11:15:00,2.570,0.00,0.000
2024-11-10T11:00:00,2.570,0.00,0.000
2024-11-10T10:45:00,2.570,0.00,0.000
2024-11-10T10:30:00,2.570,0.00,0.000
2024-11-10T10:15:00,2.560,0.00,0.000
2024-11-10T10:00:00,2.560,0.00,0.000
2024-11-10T09:45:00,2.560,0.00,0.000
2024-11-10T09:30:00,2.560,0.00,0.000
2024-11-10T09:15:00,2.560,0.00,0.000
2024-11-10T09:00:00,2.560,0.00,0.000
2024-11-10T08:45:00,2.560,0.00,0.000
2024-11-10T08:30:00,2.550,7.50,0.000
2024-11-10T08:15:00,2.560,0.00,0.000
2024-11-10T08:00:00,2.550,8.50,0.000
2024-11-10T07:45:00,2.550,0.00,0.000
2024-11-10T07:30:00,2.550,0.00,0.000
2024-11-10T07:15:00,2.550,0.00,0.000
2024-11-10T07:00:00,2.550,9.70,0.000
2024-11-10T06:45:00,2.550,0.00,0.000
2024-11-10T06:30:00,2.550,0.00,0.000
2024-11-10T06:15:00,2.550,0.00,0.000
2024-11-10T06:00:00,2.540,14.90,0.000
2024-11-10T05:45:00,2.540,0.00,0.000
2024-11-10T05:30:00,2.540,0.00,0.000
2024-11-10T05:15:00,2.540,0.00,0.000
2024-11-10T05:00:00,2.530,0.00,0.000
2024-11-10T04:45:00,2.530,0.00,0.000
2024-11-10T04:30:00,2.530,0.00,0.000
2024-11-10T04:15:00,2.530,0.00,0.000
2024-11-10T04:00:00,2.530,0.00,0.000
2024-11-10T03:45:00,2.530,0.00,0.000
2024-11-10T03:30:00,2.520,0.00,0.000
2024-11-10T03:15:00,2.520,0.00,0.000
2024-11-10T03:00:00,2.520,0.00,0.000
2024-11-10T02:45:00,2.520,0.00,0.000
2024-11-10T02:30:00,2.510,0.00,0.000
2024-11-10T02:15:00,2.510,0.00,0.000
2024-11-10T02:00:00,2.510,0.00,0.000
2024-11-10T01:45:00,2.510,0.00,0.000
2024-11-10T01:30:00,2.510,0.00,0.000
2024-11-10T01:15:00,2.500,0.00,0.000
2024-11-10T01:00:00,2.500,0.00,0.000
2024-11-10T00:45:00,2.500,0.00,0.000
2024-11-10T00:30:00,2.500,0.00,0.000
2024-11-10T00:15:00,2.490,0.00,0.000
2024-11-10T00:00:00,2.490,0.00,0.000
2024-11-09T23:45:00,2.490,0.00,0.000
2024-11-09T23:30:00,2.490,0.00,0.000
2024-11-09T23:15:00,2.490,0.00,0.000
2024-11-09T23:00:00,2.480,0.00,0.000
2024-11-09T22:45:00,2.480,0.00,0.000
2024-11-09T22:30:00,2.480,0.00,0.000
2024-11-09T22:15:00,2.480,0.00,0.000
2024-11-09T22:00:00,2.480,0.00,0.000
2024-11-09T21:45:00,2.470,0.00,0.000
2024-11-09T21:30:00,2.470,0.00,0.000
2024-11-09T21:15:00,2.470,0.00,0.000
2024-11-09T21:00:00,2.470,0.00,0.000
2024-11-09T20:45:00,2.460,0.00,0.000
2024-11-09T20:30:00,2.460,0.00,0.000
2024-11-09T20:15:00,2.460,0.00,0.000
2024-11-09T20:00:00,2.460,0.00,0.000
2024-11-09T19:45:00,2.460,0.00,0.000
2024-11-09T19:30:00,2.450,0.00,0.000
2024-11-09T19:15:00,2.450,0.00,0.000
2024-11-09T19:00:00,2.450,0.00,0.000
2024-11-09T18:45:00,2.450,0.00,0.000
2024-11-09T18:30:00,2.440,0.00,0.000
2024-11-09T18:15:00,2.440,20.70,0.000
2024-11-09T18:00:00,2.440,0.00,0.000
2024-11-09T17:45:00,2.430,0.00,0.000
2024-11-09T17:30:00,2.430,0.00,0.000
2024-11-09T17:15:00,2.430,0.00,0.000
2024-11-09T17:00:00,2.430,0.00,0.000
2024-11-09T16:45:00,2.420,0.00,0.000
2024-11-09T16:30:00,2.420,0.00,0.000
2024-11-09T16:15:00,2.420,0.00,0.000
2024-11-09T16:00:00,2.420,0.00,0.000
2024-11-09T15:45:00,2.420,0.00,0.000
2024-11-09T15:30:00,2.410,0.00,0.000
2024-11-09T15:15:00,2.410,0.00,0.000
2024-11-09T15:00:00,2.410,0.00,0.000
2024-11-09T14:45:00,2.410,0.00,0.000
2024-11-09T14:30:00,2.410,0.00,0.000
2024-11-09T14:15:00,2.410,10.90,0.000
2024-11-09T14:00:00,2.410,0.00,0.000
2024-11-09T13:45:00,2.410,0.00,0.000
2024-11-09T13:30:00,2.400,0.00,0.000
2024-11-09T13:15:00,2.400,7.70,0.000
2024-11-09T13:00:00,2.400,0.00,0.000
2024-11-09T12:45:00,2.400,0.00,0.000
2024-11-09T12:30:00,2.400,0.00,0.000
2024-11-09T12:15:00,2.390,10.10,0.000
2024-11-09T12:00:00,2.400,0.00,0.000
2024-11-09T11:45:00,2.390,0.00,0.000
2024-11-09T11:30:00,2.400,0.00,0.000
2024-11-09T11:15:00,2.400,0.00,0.000
2024-11-09T11:00:00,2.400,0.00,0.000
2024-11-09T10:45:00,2.390,0.00,0.000
2024-11-09T10:30:00,2.390,0.00,0.000
2024-11-09T10:15:00,2.390,10.00,0.000
2024-11-09T10:00:00,2.380,0.00,0.000
2024-11-09T09:45:00,2.380,0.00,0.000
2024-11-09T09:30:00,2.380,0.00,0.000
2024-11-09T09:15:00,2.380,0.00,0.000
2024-11-09T09:00:00,2.380,0.00,0.000
2024-11-09T08:45:00,2.380,0.00,0.000
2024-11-09T08:30:00,2.380,0.00,0.000
2024-11-09T08:15:00,2.380,0.00,0.000
2024-11-09T08:00:00,2.380,0.00,0.000
2024-11-09T07:45:00,2.380,0.00,0.000
2024-11-09T07:30:00,2.380,0.00,0.000
2024-11-09T07:15:00,2.380,0.00,0.000
2024-11-09T07:00:00,2.380,0.00,0.000
2024-11-09T06:45:00,2.380,0.00,0.000
2024-11-09T06:30:00,2.380,0.00,0.000
2024-11-09T06:15:00,2.370,8.50,0.000
2024-11-09T06:00:00,2.370,0.00,0.000
2024-11-09T05:45:00,2.370,14.70,0.000
2024-11-09T05:30:00,2.370,0.00,0.000
2024-11-09T05:15:00,2.370,0.00,0.000
2024-11-09T05:00:00,2.360,0.00,0.000
2024-11-09T04:45:00,2.360,0.00,0.000
2024-11-09T04:30:00,2.360,0.00,0.000
2024-11-09T04:15:00,2.360,0.00,0.000
2024-11-09T04:00:00,2.360,0.00,0.000
2024-11-09T03:45:00,2.360,0.00,0.000
2024-11-09T03:30:00,2.350,0.00,0.000
2024-11-09T03:15:00,2.350,0.00,0.000
2024-11-09T03:00:00,2.350,0.00,0.000
2024-11-09T02:45:00,2.350,0.00,0.000
2024-11-09T02:30:00,2.350,0.00,0.000
2024-11-09T02:15:00,2.340,0.00,0.000
2024-11-09T02:00:00,2.340,0.00,0.000
2024-11-09T01:45:00,2.340,0.00,0.000
2024-11-09T01:30:00,2.340,0.00,0.000
2024-11-09T01:15:00,2.340,0.00,0.000
2024-11-09T01:00:00,2.330,0.00,0.000
2024-11-09T00:45:00,2.330,0.00,0.000
2024-11-09T00:30:00,2.330,0.00,0.000
2024-11-09T00:15:00,2.330,0.00,0.000
2024-11-09T00:00:00,2.330,0.00,0.000
2024-11-08T23:45:00,2.320,0.00,0.000
2024-11-08T23:30:00,2.320,0.00,0.000
2024-11-08T23:15:00,2.320,0.00,0.000
2024-11-08T23:00:00,2.320,0.00,0.000
2024-11-08T22:45:00,2.320,0.00,0.000
2024-11-08T22:30:00,2.310,0.00,0.000
2024-11-08T22:15:00,2.310,0.00,0.000
2024-11-08T22:00:00,2.310,0.00,0.000
2024-11-08T21:45:00,2.300,0.00,0.000
2024-11-08T21:30:00,2.300,0.00,0.000
2024-11-08T21:15:00,2.290,0.00,0.000
2024-11-08T21:00:00,2.300,0.00,0.000
2024-11-08T20:45:00,2.300,0.00,0.000
2024-11-08T20:30:00,2.310,0.00,0.000
2024-11-08T20:15:00,2.310,0.00,0.000
2024-11-08T20:00:00,2.310,0.00,0.000
2024-11-08T19:45:00,2.310,0.00,0.000
2024-11-08T19:30:00,2.310,0.00,0.000
2024-11-08T19:15:00,2.310,0.00,0.000
2024-11-08T19:00:00,2.310,0.00,0.000
2024-11-08T18:45:00,2.310,0.00,0.000
2024-11-08T18:30:00,2.320,0.00,0.000
2024-11-08T18:15:00,2.320,20.90,0.000
2024-11-08T18:00:00,2.320,0.00,0.000
2024-11-08T17:45:00,2.330,0.00,0.000
2024-11-08T17:30:00,2.340,0.00,0.000
2024-11-08T17:15:00,2.340,0.00,0.000
2024-11-08T17:00:00,2.340,0.00,0.000
2024-11-08T16:45:00,2.340,0.00,0.000
2024-11-08T16:30:00,2.340,0.00,0.000
2024-11-08T16:15:00,2.330,0.00,0.000
2024-11-08T16:00:00,2.330,0.00,0.000
2024-11-08T15:45:00,2.330,8.20,0.000
2024-11-08T15:30:00,2.330,0.00,0.000
2024-11-08T15:15:00,2.330,6.10,0.000
2024-11-08T15:00:00,2.340,6.10,0.000
2024-11-08T14:45:00,2.340,0.00,0.000
2024-11-08T14:30:00,2.340,0.00,0.000
2024-11-08T14:15:00,2.340,0.00,0.000
2024-11-08T14:00:00,2.350,0.00,0.000
2024-11-08T13:45:00,2.340,0.00,0.000
2024-11-08T13:30:00,2.340,0.00,0.000
2024-11-08T13:15:00,2.350,0.00,0.000
2024-11-08T13:00:00,2.360,0.00,0.000
2024-11-08T12:45:00,2.350,0.00,0.000
2024-11-08T12:30:00,2.350,0.00,0.000
2024-11-08T12:15:00,2.350,0.00,0.000
2024-11-08T12:00:00,2.350,0.00,0.000
2024-11-08T11:45:00,2.360,0.00,0.000
2024-11-08T11:30:00,2.360,0.00,0.000
2024-11-08T11:15:00,2.360,0.00,0.000
2024-11-08T11:00:00,2.360,0.00,0.000
2024-11-08T10:45:00,2.360,0.00,0.000
2024-11-08T10:30:00,2.360,0.00,0.000
2024-11-08T10:15:00,2.360,0.00,0.000
2024-11-08T10:00:00,2.360,0.00,0.000
2024-11-08T09:45:00,2.360,0.00,0.000
2024-11-08T09:30:00,2.360,0.00,0.000
2024-11-08T09:15:00,2.360,0.00,0.000
2024-11-08T09:00:00,2.360,0.00,0.000
2024-11-08T08:45:00,2.360,0.00,0.000
2024-11-08T08:30:00,2.360,0.00,0.000
2024-11-08T08:15:00,2.370,0.00,0.000
2024-11-08T08:00:00,2.370,0.00,0.000
2024-11-08T07:45:00,2.370,0.00,0.000
2024-11-08T07:30:00,2.370,0.00,0.000
2024-11-08T07:15:00,2.370,0.00,0.000
2024-11-08T07:00:00,2.370,0.00,0.000
2024-11-08T06:45:00,2.370,0.00,0.000
2024-11-08T06:30:00,2.380,0.00,0.000
2024-11-08T06:15:00,2.380,9.10,0.000
2024-11-08T06:00:00,2.380,0.00,0.000
2024-11-08T05:45:00,2.380,0.00,0.000
2024-11-08T05:30:00,2.370,0.00,0.000
2024-11-08T05:15:00,2.380,0.00,0.000
2024-11-08T05:00:00,2.370,0.00,0.000
2024-11-08T04:45:00,2.380,0.00,0.000
2024-11-08T04:30:00,2.380,0.00,0.000
2024-11-08T04:15:00,2.380,0.00,0.000
2024-11-08T04:00:00,2.380,0.00,0.000
2024-11-08T03:45:00,2.380,0.00,0.000
2024-11-08T03:30:00,2.380,0.00,0.000
2024-11-08T03:15:00,2.380,0.00,0.000
2024-11-08T03:00:00,2.380,0.00,0.000
2024-11-08T02:45:00,2.380,0.00,0.000
2024-11-08T02:30:00,2.380,0.00,0.000
2024-11-08T02:15:00,2.380,0.00,0.000
2024-11-08T02:00:00,2.370,0.00,0.000
2024-11-08T01:45:00,2.370,0.00,0.000
2024-11-08T01:30:00,2.370,0.00,0.000
2024-11-08T01:15:00,2.370,0.00,0.000
2024-11-08T01:00:00,2.370,0.00,0.000
2024-11-08T00:45:00,2.370,0.00,0.000
2024-11-08T00:30:00,2.380,0.00,0.000
2024-11-08T00:15:00,2.370,0.00,0.000
2024-11-08T00:00:00,2.370,0.00,0.000
2024-11-07T23:45:00,2.380,0.00,0.000
2024-11-07T23:30:00,2.370,0.00,0.000
2024-11-07T23:15:00,2.370,0.00,0.000
2024-11-07T23:00:00,2.370,0.00,0.000
2024-11-07T22:45:00,2.370,0.00,0.000
2024-11-07T22:30:00,2.370,0.00,0.000
2024-11-07T22:15:00,2.370,0.00,0.000
2024-11-07T22:00:00,2.370,0.00,0.000
2024-11-07T21:45:00,2.370,0.00,0.000
2024-11-07T21:30:00,2.370,0.00,0.000
2024-11-07T21:15:00,2.370,0.00,0.000
2024-11-07T21:00:00,2.370,0.00,0.000
2024-11-07T20:45:00,2.370,0.00,0.000
2024-11-07T20:30:00,2.370,0.00,0.000
2024-11-07T20:15:00,2.370,0.00,0.000
2024-11-07T20:00:00,2.370,0.00,0.000
2024-11-07T19:45:00,2.370,0.00,0.000
2024-11-07T19:30:00,2.370,0.00,0.000
2024-11-07T19:15:00,2.370,0.00,0.000
2024-11-07T19:00:00,2.370,0.00,0.000
2024-11-07T18:45:00,2.370,0.00,0.000
2024-11-07T18:30:00,2.370,0.00,0.000
2024-11-07T18:15:00,2.370,0.00,0.000
2024-11-07T18:00:00,2.370,0.00,0.000
2024-11-07T17:45:00,2.370,0.00,0.000
2024-11-07T17:30:00,2.370,0.00,0.000
2024-11-07T17:15:00,2.370,0.00,0.000
2024-11-07T17:00:00,2.370,0.00,0.000
2024-11-07T16:45:00,2.370,0.00,0.000
2024-11-07T16:30:00,2.370,0.00,0.000
2024-11-07T16:15:00,2.370,0.00,0.000
2024-11-07T16:00:00,2.370,0.00,0.000
2024-11-07T15:45:00,2.370,0.00,0.000
2024-11-07T15:30:00,2.370,0.00,0.000
2024-11-07T15:15:00,2.370,10.00,0.000
2024-11-07T15:00:00,2.370,9.20,0.000
2024-11-07T14:45:00,2.370,0.00,0.000
2024-11-07T14:30:00,2.380,9.90,0.000
2024-11-07T14:15:00,2.380,10.10,0.000
2024-11-07T14:00:00,2.380,0.00,0.000
2024-11-07T13:45:00,2.380,9.80,0.000
2024-11-07T13:30:00,2.380,10.90,0.000
2024-11-07T13:15:00,2.380,0.00,0.000
2024-11-07T13:00:00,2.380,8.70,0.000
2024-11-07T12:45:00,2.380,0.00,0.000
2024-11-07T12:30:00,2.380,0.00,0.000
2024-11-07T12:15:00,2.380,0.00,0.000
2024-11-07T12:00:00,2.380,0.00,0.000
2024-11-07T11:45:00,2.380,9.30,0.000
2024-11-07T11:30:00,2.390,9.70,0.000
2024-11-07T11:15:00,2.390,0.00,0.000
2024-11-07T11:00:00,2.390,10.50,0.000
2024-11-07T10:45:00,2.390,0.00,0.000
2024-11-07T10:30:00,2.390,0.00,0.000
2024-11-07T10:15:00,2.400,9.20,0.000
2024-11-07T10:00:00,2.400,0.00,0.000
2024-11-07T09:45:00,2.400,0.00,0.000
2024-11-07T09:30:00,2.400,0.00,0.000
2024-11-07T09:15:00,2.400,0.00,0.000
2024-11-07T09:00:00,2.410,0.00,0.000
2024-11-07T08:45:00,2.400,0.00,0.000
2024-11-07T08:30:00,2.410,0.00,0.000
2024-11-07T08:15:00,2.410,0.00,0.000
2024-11-07T08:00:00,2.410,0.00,0.000
2024-11-07T07:45:00,2.410,0.00,0.000
2024-11-07T07:30:00,2.410,0.00,0.000
2024-11-07T07:15:00,2.410,0.00,0.000
2024-11-07T07:00:00,2.410,0.00,0.000
2024-11-07T06:45:00,2.420,0.00,0.000
2024-11-07T06:30:00,2.420,0.00,0.000
2024-11-07T06:15:00,2.420,10.50,0.000
2024-11-07T06:00:00,2.420,0.00,0.000
2024-11-07T05:45:00,2.420,0.00,0.000
2024-11-07T05:30:00,2.420,0.00,0.000
2024-11-07T05:15:00,2.420,0.00,0.000
2024-11-07T05:00:00,2.420,0.00,0.000
2024-11-07T04:45:00,2.420,0.00,0.000
2024-11-07T04:30:00,2.430,0.00,0.000
2024-11-07T04:15:00,2.430,0.00,0.000
2024-11-07T04:00:00,2.430,0.00,0.000
2024-11-07T03:45:00,2.430,0.00,0.000
2024-11-07T03:30:00,2.430,0.00,0.000
2024-11-07T03:15:00,2.430,0.00,0.000
2024-11-07T03:00:00,2.430,0.00,0.000
2024-11-07T02:45:00,2.430,0.00,0.000
2024-11-07T02:30:00,2.430,0.00,0.000
2024-11-07T02:15:00,2.430,0.00,0.000
2024-11-07T02:00:00,2.430,0.00,0.000
2024-11-07T01:45:00,2.430,0.00,0.000
2024-11-07T01:30:00,2.440,0.00,0.000
2024-11-07T01:15:00,2.440,0.00,0.000
2024-11-07T01:00:00,2.440,0.00,0.000
2024-11-07T00:45:00,2.440,0.00,0.000
2024-11-07T00:30:00,2.440,0.00,0.000
2024-11-07T00:15:00,2.440,0.00,0.000
2024-11-07T00:00:00,2.440,0.00,0.000
2024-11-06T23:45:00,2.440,0.00,0.000
2024-11-06T23:30:00,2.450,0.00,0.000
2024-11-06T23:15:00,2.450,0.00,0.000
2024-11-06T23:00:00,2.450,0.00,0.000
2024-11-06T22:45:00,2.450,0.00,0.000
2024-11-06T22:30:00,2.450,0.00,0.000
2024-11-06T22:15:00,2.450,0.00,0.000
2024-11-06T22:00:00,2.450,0.00,0.000
2024-11-06T21:45:00,2.450,0.00,0.000
2024-11-06T21:30:00,2.450,0.00,0.000
2024-11-06T21:15:00,2.450,0.00,0.000
2024-11-06T21:00:00,2.450,0.00,0.000
2024-11-06T20:45:00,2.460,0.00,0.000
2024-11-06T20:30:00,2.460,0.00,0.000
2024-11-06T20:15:00,2.460,0.00,0.000
2024-11-06T20:00:00,2.460,0.00,0.000
2024-11-06T19:45:00,2.460,0.00,0.000
2024-11-06T19:30:00,2.460,0.00,0.000
2024-11-06T19:15:00,2.460,0.00,0.000
2024-11-06T19:00:00,2.460,0.00,0.000
2024-11-06T18:45:00,2.460,0.00,0.000
2024-11-06T18:30:00,2.460,0.00,0.000
2024-11-06T18:15:00,2.460,25.00,0.000
2024-11-06T18:00:00,2.470,0.00,0.000
2024-11-06T17:45:00,2.470,0.00,0.000
2024-11-06T17:30:00,2.470,0.00,0.000
2024-11-06T17:15:00,2.470,0.00,0.000
2024-11-06T17:00:00,2.470,0.00,0.000
2024-11-06T16:45:00,2.470,0.00,0.000
2024-11-06T16:30:00,2.480,0.00,0.000
2024-11-06T16:15:00,2.470,0.00,0.000
2024-11-06T16:00:00,2.470,0.00,0.000
2024-11-06T15:45:00,2.480,0.00,0.000
2024-11-06T15:30:00,2.480,0.00,0.000
2024-11-06T15:15:00,2.480,0.00,0.000
2024-11-06T15:00:00,2.480,0.00,0.000
2024-11-06T14:45:00,2.480,0.00,0.000
2024-11-06T14:30:00,2.490,0.00,0.000
2024-11-06T14:15:00,2.490,0.00,0.000
2024-11-06T14:00:00,2.490,0.00,0.000
2024-11-06T13:45:00,2.500,0.00,0.000
2024-11-06T13:30:00,2.500,0.00,0.000
2024-11-06T13:15:00,2.490,0.00,0.000
2024-11-06T13:00:00,2.490,0.00,0.000
2024-11-06T12:45:00,2.490,0.00,0.000
2024-11-06T12:30:00,2.490,0.00,0.000
2024-11-06T12:15:00,2.490,10.00,0.000
2024-11-06T12:00:00,2.490,0.00,0.000
2024-11-06T11:45:00,2.500,0.00,0.000
2024-11-06T11:30:00,2.500,0.00,0.000
2024-11-06T11:15:00,2.500,0.00,0.000
2024-11-06T11:00:00,2.500,0.00,0.000
2024-11-06T10:45:00,2.500,0.00,0.000
2024-11-06T10:30:00,2.500,0.00,0.000
2024-11-06T10:15:00,2.490,0.00,0.000
2024-11-06T10:00:00,2.490,0.00,0.000
2024-11-06T09:45:00,2.490,0.00,0.000
2024-11-06T09:30:00,2.490,0.00,0.000
2024-11-06T09:15:00,2.490,0.00,0.000
2024-11-06T09:00:00,2.490,0.00,0.000
2024-11-06T08:45:00,2.490,0.00,0.000
2024-11-06T08:30:00,2.500,0.00,0.000
2024-11-06T08:15:00,2.500,0.00,0.000
2024-11-06T08:00:00,2.500,0.00,0.000
2024-11-06T07:45:00,2.500,0.00,0.000
2024-11-06T07:30:00,2.510,0.00,0.000
2024-11-06T07:15:00,2.510,0.00,0.000
2024-11-06T07:00:00,2.510,0.00,0.000
2024-11-06T06:45:00,2.510,0.00,0.000
2024-11-06T06:30:00,2.510,11.70,0.000
2024-11-06T06:15:00,2.510,0.00,0.000
2024-11-06T06:00:00,2.510,18.50,0.000
2024-11-06T05:45:00,2.510,0.00,0.000
2024-11-06T05:30:00,2.520,0.00,0.000
2024-11-06T05:15:00,2.520,0.00,0.000
2024-11-06T05:00:00,2.520,0.00,0.000
2024-11-06T04:45:00,2.520,0.00,0.000
2024-11-06T04:30:00,2.520,0.00,0.000
2024-11-06T04:15:00,2.520,0.00,0.000
2024-11-06T04:00:00,2.530,0.00,0.000
2024-11-06T03:45:00,2.530,0.00,0.000
2024-11-06T03:30:00,2.530,0.00,0.000
2024-11-06T03:15:00,2.530,0.00,0.000
2024-11-06T03:00:00,2.530,0.00,0.000
2024-11-06T02:45:00,2.530,0.00,0.000
2024-11-06T02:30:00,2.530,0.00,0.000
2024-11-06T02:15:00,2.530,0.00,0.000
2024-11-06T02:00:00,2.530,0.00,0.000
2024-11-06T01:45:00,2.530,0.00,0.000
2024-11-06T01:30:00,2.530,0.00,0.000
2024-11-06T01:15:00,2.540,0.00,0.000
2024-11-06T01:00:00,2.540,0.00,0.000
2024-11-06T00:45:00,2.540,0.00,0.000
2024-11-06T00:30:00,2.540,0.00,0.000
2024-11-06T00:15:00,2.540,0.00,0.000
2024-11-06T00:00:00,2.540,0.00,0.000
2024-11-05T23:45:00,2.550,0.00,0.000
2024-11-05T23:30:00,2.540,0.00,0.000
2024-11-05T23:15:00,2.550,0.00,0.000
2024-11-05T23:00:00,2.550,0.00,0.000
2024-11-05T22:45:00,2.550,0.00,0.000
2024-11-05T22:30:00,2.550,0.00,0.000
2024-11-05T22:15:00,2.550,0.00,0.000
2024-11-05T22:00:00,2.550,0.00,0.000
2024-11-05T21:45:00,2.550,0.00,0.000
2024-11-05T21:30:00,2.550,0.00,0.000
2024-11-05T21:15:00,2.560,0.00,0.000
2024-11-05T21:00:00,2.550,0.00,0.000
2024-11-05T20:45:00,2.560,0.00,0.000
2024-11-05T20:30:00,2.560,0.00,0.000
2024-11-05T20:15:00,2.560,0.00,0.000
2024-11-05T20:00:00,2.560,0.00,0.000
2024-11-05T19:45:00,2.560,0.00,0.000
2024-11-05T19:30:00,2.560,0.00,0.000
2024-11-05T19:15:00,2.560,0.00,0.000
2024-11-05T19:00:00,2.560,0.00,0.000
2024-11-05T18:45:00,2.560,0.00,0.000
2024-11-05T18:30:00,2.570,0.00,0.000
2024-11-05T18:15:00,2.560,0.00,0.000
2024-11-05T18:00:00,2.570,0.00,0.000
2024-11-05T17:45:00,2.570,0.00,0.000
2024-11-05T17:30:00,2.570,0.00,0.000
2024-11-05T17:15:00,2.570,0.00,0.000
2024-11-05T17:00:00,2.570,0.00,0.000
2024-11-05T16:45:00,2.570,0.00,0.000
2024-11-05T16:30:00,2.570,0.00,0.000
2024-11-05T16:15:00,2.580,0.00,0.000
2024-11-05T16:00:00,2.580,0.00,0.000
2024-11-05T15:45:00,2.580,0.00,0.000
2024-11-05T15:30:00,2.580,0.00,0.000
2024-11-05T15:15:00,2.580,0.00,0.000
2024-11-05T15:00:00,2.580,0.00,0.000
2024-11-05T14:45:00,2.580,0.00,0.000
2024-11-05T14:30:00,2.580,0.00,0.000
2024-11-05T14:15:00,2.590,0.00,0.000
2024-11-05T14:00:00,2.590,0.00,0.000
2024-11-05T13:45:00,2.590,0.00,0.000
2024-11-05T13:30:00,2.590,0.00,0.000
2024-11-05T13:15:00,2.600,0.00,0.000
2024-11-05T13:00:00,2.600,0.00,0.000
2024-11-05T12:45:00,2.600,0.00,0.000
2024-11-05T12:30:00,2.600,0.00,0.000
2024-11-05T12:15:00,2.600,0.00,0.000
2024-11-05T12:00:00,2.600,0.00,0.000
2024-11-05T11:45:00,2.600,0.00,0.000
2024-11-05T11:30:00,2.610,0.00,0.000
2024-11-05T11:15:00,2.610,0.00,0.000
2024-11-05T11:00:00,2.610,0.00,0.000
2024-11-05T10:45:00,2.610,0.00,0.000
2024-11-05T10:30:00,2.620,0.00,0.000
2024-11-05T10:15:00,2.620,0.00,0.000
2024-11-05T10:00:00,2.620,0.00,0.000
2024-11-05T09:45:00,2.620,0.00,0.000
2024-11-05T09:30:00,2.630,0.00,0.000
2024-11-05T09:15:00,2.630,0.00,0.000
2024-11-05T09:00:00,2.630,0.00,0.000
2024-11-05T08:45:00,2.630,0.00,0.000
2024-11-05T08:30:00,2.630,0.00,0.000
2024-11-05T08:15:00,2.630,0.00,0.000
2024-11-05T08:00:00,2.630,0.00,0.000
2024-11-05T07:45:00,2.630,0.00,0.000
2024-11-05T07:30:00,2.640,0.00,0.000
2024-11-05T07:15:00,2.640,0.00,0.000
2024-11-05T07:00:00,2.640,0.00,0.000
2024-11-05T06:45:00,2.640,0.00,0.000
2024-11-05T06:30:00,2.640,0.00,0.000
2024-11-05T06:15:00,2.640,0.00,0.000
2024-11-05T06:00:00,2.640,0.00,0.000
2024-11-05T05:45:00,2.640,0.00,0.000
2024-11-05T05:30:00,2.640,0.00,0.000
2024-11-05T05:15:00,2.640,0.00,0.000
2024-11-05T05:00:00,2.640,0.00,0.000
2024-11-05T04:45:00,2.640,0.00,0.000
2024-11-05T04:30:00,2.640,0.00,0.000
2024-11-05T04:15:00,2.650,0.00,0.000
2024-11-05T04:00:00,2.650,0.00,0.000
2024-11-05T03:45:00,2.650,0.00,0.000
2024-11-05T03:30:00,2.650,0.00,0.000
2024-11-05T03:15:00,2.650,0.00,0.000
2024-11-05T03:00:00,2.640,0.00,0.000
2024-11-05T02:45:00,2.650,0.00,0.000
2024-11-05T02:30:00,2.650,0.00,0.000
2024-11-05T02:15:00,2.650,0.00,0.000
2024-11-05T02:00:00,2.650,0.00,0.000
2024-11-05T01:45:00,2.650,0.00,0.000
2024-11-05T01:30:00,2.650,0.00,0.000
2024-11-05T01:15:00,2.650,0.00,0.000
2024-11-05T01:00:00,2.650,0.00,0.000
2024-11-05T00:45:00,2.650,0.00,0.000
2024-11-05T00:30:00,2.650,0.00,0.000
2024-11-05T00:15:00,2.650,0.00,0.000
2024-11-05T00:00:00,2.650,0.00,0.000
2024-11-04T23:45:00,2.650,0.00,0.000
2024-11-04T23:30:00,2.650,0.00,0.000
2024-11-04T23:15:00,2.660,0.00,0.000
2024-11-04T23:00:00,2.650,0.00,0.000
2024-11-04T22:45:00,2.660,0.00,0.000
2024-11-04T22:30:00,2.650,0.00,0.000
2024-11-04T22:15:00,2.660,0.00,0.000
2024-11-04T22:00:00,2.660,0.00,0.000
2024-11-04T21:45:00,2.660,0.00,0.000
2024-11-04T21:30:00,2.660,0.00,0.000
2024-11-04T21:15:00,2.660,0.00,0.000
2024-11-04T21:00:00,2.660,0.00,0.000
2024-11-04T20:45:00,2.660,0.00,0.000
2024-11-04T20:30:00,2.660,0.00,0.000
2024-11-04T20:15:00,2.660,0.00,0.000
2024-11-04T20:00:00,2.660,0.00,0.000
2024-11-04T19:45:00,2.660,0.00,0.000
2024-11-04T19:30:00,2.660,0.00,0.000
2024-11-04T19:15:00,2.660,0.00,0.000
2024-11-04T19:00:00,2.660,0.00,0.000
2024-11-04T18:45:00,2.660,10.20,0.000
2024-11-04T18:30:00,2.660,0.00,0.000
2024-11-04T18:15:00,2.660,0.00,0.000
2024-11-04T18:00:00,2.660,0.00,0.000
2024-11-04T17:45:00,2.660,0.00,0.000
2024-11-04T17:30:00,2.660,0.00,0.000
2024-11-04T17:15:00,2.660,0.00,0.000
2024-11-04T17:00:00,2.660,0.00,0.000
2024-11-04T16:45:00,2.660,0.00,0.000
2024-11-04T16:30:00,2.660,0.00,0.000
2024-11-04T16:15:00,2.660,0.00,0.000
2024-11-04T16:00:00,2.660,0.00,0.000
2024-11-04T15:45:00,2.660,0.00,0.000
2024-11-04T15:30:00,2.660,0.00,0.000
2024-11-04T15:15:00,2.660,0.00,0.000
2024-11-04T15:00:00,2.670,0.00,0.000
2024-11-04T14:45:00,2.670,0.00,0.000
2024-11-04T14:30:00,2.670,0.00,0.000
2024-11-04T14:15:00,2.670,0.00,0.000
2024-11-04T14:00:00,2.670,0.00,0.000
2024-11-04T13:45:00,2.670,0.00,0.000
2024-11-04T13:30:00,2.670,0.00,0.000
2024-11-04T13:15:00,2.670,0.00,0.000
2024-11-04T13:00:00,2.670,0.00,0.000
2024-11-04T12:45:00,2.670,12.10,0.000
2024-11-04T12:30:00,2.670,0.00,0.000
2024-11-04T12:15:00,2.670,0.00,0.000
2024-11-04T12:00:00,2.680,0.00,0.000
2024-11-04T11:45:00,2.670,0.00,0.000
2024-11-04T11:30:00,2.680,0.00,0.000
2024-11-04T11:15:00,2.680,0.00,0.000
2024-11-04T11:00:00,2.680,0.00,0.000
2024-11-04T10:45:00,2.680,0.00,0.000
2024-11-04T10:30:00,2.680,0.00,0.000
2024-11-04T10:15:00,2.680,0.00,0.000
2024-11-04T10:00:00,2.680,0.00,0.000
2024-11-04T09:45:00,2.680,0.00,0.000
2024-11-04T09:30:00,2.680,0.00,0.000
2024-11-04T09:15:00,2.680,0.00,0.000
2024-11-04T09:00:00,2.690,0.00,0.000
2024-11-04T08:45:00,2.690,0.00,0.000
2024-11-04T08:30:00,2.690,0.00,0.000
2024-11-04T08:15:00,2.690,0.00,0.000
2024-11-04T08:00:00,2.690,0.00,0.000
2024-11-04T07:45:00,2.690,0.00,0.000
2024-11-04T07:30:00,2.690,0.00,0.000
2024-11-04T07:15:00,2.690,0.00,0.000
2024-11-04T07:00:00,2.690,0.00,0.000
2024-11-04T06:45:00,2.700,0.00,0.000
2024-11-04T06:30:00,2.700,0.00,0.000
2024-11-04T06:15:00,2.700,0.00,0.000
2024-11-04T06:00:00,2.700,0.00,0.000
2024-11-04T05:45:00,2.700,0.00,0.000
2024-11-04T05:30:00,2.700,0.00,0.000
2024-11-04T05:15:00,2.700,0.00,0.000
2024-11-04T05:00:00,2.700,0.00,0.000
2024-11-04T04:45:00,2.700,0.00,0.000
2024-11-04T04:30:00,2.700,0.00,0.000
2024-11-04T04:15:00,2.700,0.00,0.000
2024-11-04T04:00:00,2.700,0.00,0.000
2024-11-04T03:45:00,2.700,0.00,0.000
2024-11-04T03:30:00,2.700,0.00,0.000
2024-11-04T03:15:00,2.710,0.00,0.000
2024-11-04T03:00:00,2.710,0.00,0.000
2024-11-04T02:45:00,2.700,0.00,0.000
2024-11-04T02:30:00,2.700,0.00,0.000
2024-11-04T02:15:00,2.710,0.00,0.000
2024-11-04T02:00:00,2.710,0.00,0.000
2024-11-04T01:45:00,2.710,0.00,0.000
2024-11-04T01:30:00,2.710,0.00,0.000
2024-11-04T01:15:00,2.710,0.00,0.000
2024-11-04T01:00:00,2.710,0.00,0.000
2024-11-04T00:45:00,2.710,0.00,0.000
2024-11-04T00:30:00,2.710,0.00,0.000
2024-11-04T00:15:00,2.710,0.00,0.000
2024-11-04T00:00:00,2.720,0.00,0.000
2024-11-17T23:45:00,2.880,0.00,0.000
2024-11-17T23:30:00,2.880,0.00,0.000
2024-11-17T23:15:00,2.880,0.00,0.000
2024-11-17T23:00:00,2.880,0.00,0.000
2024-11-17T22:45:00,2.880,0.00,0.000
2024-11-17T22:30:00,2.880,0.00,0.000
2024-11-17T22:15:00,2.870,0.00,0.000
2024-11-17T22:00:00,2.870,0.00,0.000
2024-11-17T21:45:00,2.870,0.00,0.000
2024-11-17T21:30:00,2.870,0.00,0.000
2024-11-17T21:15:00,2.870,0.00,0.000
2024-11-17T21:00:00,2.870,0.00,0.000
2024-11-17T20:45:00,2.870,0.00,0.000
2024-11-17T20:30:00,2.860,0.00,0.000
2024-11-17T20:15:00,2.860,0.00,0.000
2024-11-17T20:00:00,2.860,0.00,0.000
2024-11-17T19:45:00,2.860,0.00,0.000
2024-11-17T19:30:00,2.860,0.00,0.000
2024-11-17T19:15:00,2.850,0.00,0.000
2024-11-17T19:00:00,2.850,12.40,0.500
2024-11-17T18:45:00,2.850,15.00,0.500
2024-11-17T18:30:00,2.840,14.40,0.500
2024-11-17T18:15:00,2.850,14.70,14.000
2024-11-17T18:00:00,2.820,0.00,2.000
2024-11-17T17:45:00,2.820,0.00,0.000
2024-11-17T17:30:00,2.820,0.00,0.000
2024-11-17T17:15:00,2.830,184.40,0.000
2024-11-17T17:00:00,2.830,13.50,1.000
2024-11-17T16:45:00,2.820,0.00,0.000
2024-11-17T16:30:00,2.820,0.00,0.000
2024-11-17T16:15:00,2.820,0.00,0.000
2024-11-17T16:00:00,2.820,0.00,0.000
2024-11-17T15:45:00,2.820,0.00,0.000
2024-11-17T15:30:00,2.820,0.00,0.000
2024-11-17T15:15:00,2.820,0.00,0.000
2024-11-17T15:00:00,2.820,0.00,0.000
2024-11-17T14:45:00,2.820,0.00,0.000
2024-11-17T14:30:00,2.820,0.00,0.000
2024-11-17T14:15:00,2.820,0.00,0.000
2024-11-17T14:00:00,2.820,12.50,0.000
2024-11-17T13:45:00,2.820,0.00,0.000
2024-11-17T13:30:00,2.830,0.00,0.000
2024-11-17T13:15:00,2.820,0.00,0.000
2024-11-17T13:00:00,2.830,0.00,0.000
2024-11-17T12:45:00,2.820,0.00,0.000
2024-11-17T12:30:00,2.810,0.00,0.000
2024-11-17T12:15:00,2.810,0.00,0.000
2024-11-17T12:00:00,2.800,0.00,0.000
2024-11-17T11:45:00,2.800,0.00,0.000
2024-11-17T11:30:00,2.800,0.00,0.000
2024-11-17T11:15:00,2.800,0.00,0.000
2024-11-17T11:00:00,2.800,0.00,0.000
2024-11-17T10:45:00,2.800,0.00,0.000
2024-11-17T10:30:00,2.800,0.00,0.000
2024-11-17T10:15:00,2.800,0.00,0.000
2024-11-17T10:00:00,2.800,0.00,0.000
2024-11-17T09:45:00,2.800,0.00,0.000
2024-11-17T09:30:00,2.800,0.00,0.000
2024-11-17T09:15:00,2.800,0.00,0.000
2024-11-17T09:00:00,2.800,0.00,0.000
2024-11-17T08:45:00,2.800,0.00,0.000
2024-11-17T08:30:00,2.800,0.00,0.000
2024-11-17T08:15:00,2.800,0.00,0.000
2024-11-17T08:00:00,2.810,12.50,0.000
2024-11-17T07:45:00,2.800,0.00,0.000
2024-11-17T07:30:00,2.810,0.00,0.000
2024-11-17T07:15:00,2.810,0.00,0.000
2024-11-17T07:00:00,2.810,0.00,0.000
2024-11-17T06:45:00,2.810,0.00,0.000
2024-11-17T06:30:00,2.810,0.00,0.000
2024-11-17T06:15:00,2.810,13.10,0.000
2024-11-17T06:00:00,2.810,0.00,0.000
2024-11-17T05:45:00,2.810,0.00,0.000
2024-11-17T05:30:00,2.810,0.00,0.000
2024-11-17T05:15:00,2.810,0.00,0.000
2024-11-17T05:00:00,2.810,0.00,0.000
2024-11-17T04:45:00,2.810,0.00,0.000
2024-11-17T04:30:00,2.810,0.00,0.000
2024-11-17T04:15:00,2.810,0.00,0.000
2024-11-17T04:00:00,2.800,0.00,0.000
2024-11-17T03:45:00,2.810,0.00,0.000
2024-11-17T03:30:00,2.800,0.00,0.000
2024-11-17T03:15:00,2.800,0.00,0.000
2024-11-17T03:00:00,2.800,0.00,0.000
2024-11-17T02:45:00,2.800,0.00,0.000
2024-11-17T02:30:00,2.800,0.00,0.000
2024-11-17T02:15:00,2.800,0.00,0.000
2024-11-17T02:00:00,2.800,0.00,0.000
2024-11-17T01:45:00,2.800,0.00,0.000
2024-11-17T01:30:00,2.800,0.00,0.000
2024-11-17T01:15:00,2.800,0.00,0.000
2024-11-17T01:00:00,2.800,0.00,0.000
2024-11-17T00:45:00,2.800,0.00,0.000
2024-11-17T00:30:00,2.800,0.00,0.000
2024-11-17T00:15:00,2.800,0.00,0.000
2024-11-17T00:00:00,2.800,0.00,0.000
2024-11-16T23:45:00,2.800,0.00,0.000
2024-11-16T23:30:00,2.800,0.00,0.000
2024-11-16T23:15:00,2.800,21.00,0.000
2024-11-16T23:00:00,2.800,0.00,0.000
2024-11-16T22:45:00,2.800,0.00,0.000
2024-11-16T22:30:00,2.800,0.00,0.000
2024-11-16T22:15:00,2.800,0.00,0.000
2024-11-16T22:00:00,2.800,0.00,0.000
2024-11-16T21:45:00,2.800,0.00,0.000
2024-11-16T21:30:00,2.800,0.00,0.000
2024-11-16T21:15:00,2.800,0.00,0.000
2024-11-16T21:00:00,2.800,0.00,0.000
2024-11-16T20:45:00,2.800,0.00,0.000
2024-11-16T20:30:00,2.800,0.00,0.000
2024-11-16T20:15:00,2.800,0.00,0.000
2024-11-16T20:00:00,2.800,0.00,0.000
2024-11-16T19:45:00,2.800,0.00,0.000
2024-11-16T19:30:00,2.800,0.00,0.000
2024-11-16T19:15:00,2.800,0.00,0.000
2024-11-16T19:00:00,2.800,0.00,0.000
2024-11-16T18:45:00,2.800,0.00,0.000
2024-11-16T18:30:00,2.800,0.00,0.000
2024-11-16T18:15:00,2.800,0.00,0.000
2024-11-16T18:00:00,2.790,0.00,0.000
2024-11-16T17:45:00,2.800,0.00,0.000
2024-11-16T17:30:00,2.800,0.00,0.000
2024-11-16T17:15:00,2.800,0.00,0.000
2024-11-16T17:00:00,2.790,0.00,0.000
2024-11-16T16:45:00,2.790,0.00,0.000
2024-11-16T16:30:00,2.790,0.00,0.000
2024-11-16T16:15:00,2.790,0.00,0.000
2024-11-16T16:00:00,2.790,0.00,0.000
2024-11-16T15:45:00,2.790,0.00,0.000
2024-11-16T15:30:00,2.790,0.00,0.000
2024-11-16T15:15:00,2.790,18.20,0.000
2024-11-16T15:00:00,2.790,0.00,0.000
2024-11-16T14:45:00,2.790,0.00,0.000
2024-11-16T14:30:00,2.790,0.00,0.000
2024-11-16T14:15:00,2.790,13.50,0.000
2024-11-16T14:00:00,2.790,0.00,0.000
2024-11-16T13:45:00,2.790,0.00,0.000
2024-11-16T13:30:00,2.790,12.40,0.000
2024-11-16T13:15:00,2.790,17.60,0.000
2024-11-16T13:00:00,2.780,0.00,0.000
2024-11-16T12:45:00,2.780,0.00,0.000
2024-11-16T12:30:00,2.780,0.00,0.000
2024-11-16T12:15:00,2.780,0.00,0.000
2024-11-16T12:00:00,2.780,0.00,0.000
2024-11-16T11:45:00,2.790,0.00,0.000
2024-11-16T11:30:00,2.780,0.00,0.000
2024-11-16T11:15:00,2.780,0.00,0.000
2024-11-16T11:00:00,2.780,0.00,0.000
2024-11-16T10:45:00,2.780,0.00,0.000
2024-11-16T10:30:00,2.780,0.00,0.000
2024-11-16T10:15:00,2.780,0.00,0.000
2024-11-16T10:00:00,2.780,0.00,0.000
2024-11-16T09:45:00,2.780,0.00,0.000
2024-11-16T09:30:00,2.770,0.00,0.000
2024-11-16T09:15:00,2.770,0.00,0.000
2024-11-16T09:00:00,2.770,0.00,0.000
2024-11-16T08:45:00,2.770,0.00,0.000
2024-11-16T08:30:00,2.770,0.00,0.000
2024-11-16T08:15:00,2.770,0.00,0.000
2024-11-16T08:00:00,2.770,0.00,0.000
2024-11-16T07:45:00,2.780,10.60,0.000
2024-11-16T07:30:00,2.780,0.00,0.000
2024-11-16T07:15:00,2.770,0.00,0.000
2024-11-16T07:00:00,2.780,0.00,0.000
2024-11-16T06:45:00,2.770,0.00,0.000
2024-11-16T06:30:00,2.770,11.50,0.000
2024-11-16T06:15:00,2.770,13.80,0.000
2024-11-16T06:00:00,2.770,0.00,0.000
2024-11-16T05:45:00,2.770,0.00,0.000
2024-11-16T05:30:00,2.770,0.00,0.000
2024-11-16T05:15:00,2.770,0.00,0.000
2024-11-16T05:00:00,2.770,0.00,0.000
2024-11-16T04:45:00,2.770,0.00,0.000
2024-11-16T04:30:00,2.770,0.00,0.000
2024-11-16T04:15:00,2.770,0.00,0.000
2024-11-16T04:00:00,2.770,0.00,0.000
2024-11-16T03:45:00,2.770,0.00,0.000
2024-11-16T03:30:00,2.760,0.00,0.000
2024-11-16T03:15:00,2.760,0.00,0.000
2024-11-16T03:00:00,2.760,0.00,0.000
2024-11-16T02:45:00,2.760,0.00,0.000
2024-11-16T02:30:00,2.760,0.00,0.000
2024-11-16T02:15:00,2.760,0.00,0.000
2024-11-16T02:00:00,2.760,0.00,0.000
2024-11-16T01:45:00,2.760,0.00,0.000
2024-11-16T01:30:00,2.750,0.00,0.000
2024-11-16T01:15:00,2.750,0.00,0.000
2024-11-16T01:00:00,2.750,0.00,0.000
2024-11-16T00:45:00,2.750,0.00,0.000
2024-11-16T00:30:00,2.750,0.00,0.000
2024-11-16T00:15:00,2.750,0.00,0.000
2024-11-16T00:00:00,2.750,0.00,0.000
2024-11-15T23:45:00,2.750,11.00,0.000
2024-11-15T23:30:00,2.750,0.00,0.000
2024-11-15T23:15:00,2.740,0.00,0.000
2024-11-15T23:00:00,2.740,29.00,0.000
2024-11-15T22:45:00,2.740,0.00,0.000
2024-11-15T22:30:00,2.740,0.00,0.000
2024-11-15T22:15:00,2.740,22.50,0.000
2024-11-15T22:00:00,2.740,32.30,0.000
2024-11-15T21:45:00,2.740,26.40,0.000
2024-11-15T21:30:00,2.740,0.00,0.000
2024-11-15T21:15:00,2.740,0.00,0.000
2024-11-15T21:00:00,2.730,0.00,0.000
2024-11-15T20:45:00,2.730,0.00,0.000
2024-11-15T20:30:00,2.730,0.00,0.000
2024-11-15T20:15:00,2.730,0.00,0.000
2024-11-15T20:00:00,2.730,0.00,0.000
2024-11-15T19:45:00,2.730,20.30,0.000
2024-11-15T19:30:00,2.730,0.00,0.000
2024-11-15T19:15:00,2.720,0.00,0.000
2024-11-15T19:00:00,2.730,0.00,0.000
2024-11-15T18:45:00,2.730,0.00,0.000
2024-11-15T18:30:00,2.720,0.00,0.000
2024-11-15T18:15:00,2.720,0.00,0.000
2024-11-15T18:00:00,2.720,0.00,0.000
2024-11-15T17:45:00,2.720,0.00,0.000
2024-11-15T17:30:00,2.720,0.00,0.000
2024-11-15T17:15:00,2.720,0.00,0.000
2024-11-15T17:00:00,2.720,0.00,0.000
2024-11-15T16:45:00,2.720,0.00,0.000
2024-11-15T16:30:00,2.720,0.00,0.000
2024-11-15T16:15:00,2.710,0.00,0.000
2024-11-15T16:00:00,2.720,0.00,0.000
2024-11-15T15:45:00,2.710,0.00,0.000
2024-11-15T15:30:00,2.710,0.00,0.000
2024-11-15T15:15:00,2.710,11.50,0.000
2024-11-15T15:00:00,2.710,0.00,0.000
2024-11-15T14:45:00,2.710,0.00,0.000
2024-11-15T14:30:00,2.710,0.00,0.000
2024-11-15T14:15:00,2.710,0.00,0.000
2024-11-15T14:00:00,2.710,0.00,0.000
2024-11-15T13:45:00,2.710,0.00,0.000
2024-11-15T13:30:00,2.710,0.00,0.000
2024-11-15T13:15:00,2.710,0.00,0.000
2024-11-15T13:00:00,2.710,0.00,0.000
2024-11-15T12:45:00,2.710,0.00,0.000
2024-11-15T12:30:00,2.710,0.00,0.000
2024-11-15T12:15:00,2.710,0.00,0.000
2024-11-15T12:00:00,2.710,0.00,0.000
2024-11-15T11:45:00,2.710,0.00,0.000
2024-11-15T11:30:00,2.710,0.00,0.000
2024-11-15T11:15:00,2.710,10.90,0.000
2024-11-15T11:00:00,2.710,0.00,0.000
2024-11-15T10:45:00,2.710,0.00,0.000
2024-11-15T10:30:00,2.710,10.80,0.000
2024-11-15T10:15:00,2.710,0.00,0.000
2024-11-15T10:00:00,2.710,0.00,0.000
2024-11-15T09:45:00,2.710,0.00,0.000
2024-11-15T09:30:00,2.720,0.00,0.000
2024-11-15T09:15:00,2.720,0.00,0.000
2024-11-15T09:00:00,2.720,0.00,0.000
2024-11-15T08:45:00,2.710,0.00,0.000
2024-11-15T08:30:00,2.710,0.00,0.000
2024-11-15T08:15:00,2.720,0.00,0.000
2024-11-15T08:00:00,2.710,0.00,0.000
2024-11-15T07:45:00,2.710,0.00,0.000
2024-11-15T07:30:00,2.710,0.00,0.000
2024-11-15T07:15:00,2.710,0.00,0.000
2024-11-15T07:00:00,2.710,0.00,0.000
2024-11-15T06:45:00,2.720,0.00,0.000
2024-11-15T06:30:00,2.710,0.00,0.000
2024-11-15T06:15:00,2.710,0.00,0.000
2024-11-15T06:00:00,2.710,0.00,0.000
2024-11-15T05:45:00,2.710,0.00,0.000
2024-11-15T05:30:00,2.710,0.00,0.000
2024-11-15T05:15:00,2.710,0.00,0.000
2024-11-15T05:00:00,2.710,0.00,0.000
2024-11-15T04:45:00,2.710,0.00,0.000
2024-11-15T04:30:00,2.700,0.00,0.000
2024-11-15T04:15:00,2.710,0.00,0.000
2024-11-15T04:00:00,2.700,0.00,0.000
2024-11-15T03:45:00,2.710,0.00,0.000
2024-11-15T03:30:00,2.700,0.00,0.000
2024-11-15T03:15:00,2.710,0.00,0.000
2024-11-15T03:00:00,2.700,0.00,0.000
2024-11-15T02:45:00,2.700,0.00,0.000
2024-11-15T02:30:00,2.700,0.00,0.000
2024-11-15T02:15:00,2.700,0.00,0.000
2024-11-15T02:00:00,2.700,0.00,0.000
2024-11-15T01:45:00,2.700,0.00,0.000
2024-11-15T01:30:00,2.700,0.00,0.000
2024-11-15T01:15:00,2.700,0.00,0.000
2024-11-15T01:00:00,2.700,0.00,0.000
2024-11-15T00:45:00,2.700,0.00,0.000
2024-11-15T00:30:00,2.700,0.00,0.000
2024-11-15T00:15:00,2.700,0.00,0.000
2024-11-15T00:00:00,2.700,0.00,0.000
2024-11-14T23:45:00,2.700,0.00,0.000
2024-11-14T23:30:00,2.690,0.00,0.000
2024-11-14T23:15:00,2.700,0.00,0.000
2024-11-14T23:00:00,2.690,0.00,0.000
2024-11-14T22:45:00,2.690,0.00,0.000
2024-11-14T22:30:00,2.690,0.00,0.000
2024-11-14T22:15:00,2.690,0.00,0.000
2024-11-14T22:00:00,2.690,0.00,0.000
2024-11-14T21:45:00,2.690,14.60,0.000
2024-11-14T21:30:00,2.690,0.00,0.000
2024-11-14T21:15:00,2.690,0.00,0.000
2024-11-14T21:00:00,2.690,0.00,0.000
2024-11-14T20:45:00,2.690,0.00,0.000
2024-11-14T20:30:00,2.690,0.00,0.000
2024-11-14T20:15:00,2.690,0.00,0.000
2024-11-14T20:00:00,2.690,0.00,0.000
2024-11-14T19:45:00,2.690,0.00,0.000
2024-11-14T19:30:00,2.690,0.00,0.000
2024-11-14T19:15:00,2.680,0.00,0.000
2024-11-14T19:00:00,2.680,0.00,0.000
2024-11-14T18:45:00,2.680,0.00,0.000
2024-11-14T18:30:00,2.680,0.00,0.000
2024-11-14T18:15:00,2.690,0.00,0.000
2024-11-14T18:00:00,2.680,0.00,0.000
2024-11-14T17:45:00,2.690,0.00,0.000
2024-11-14T17:30:00,2.680,0.00,0.000
2024-11-14T17:15:00,2.680,0.00,0.000
2024-11-14T17:00:00,2.680,0.00,0.000
2024-11-14T16:45:00,2.680,0.00,0.000
2024-11-14T16:30:00,2.680,0.00,0.000
2024-11-14T16:15:00,2.680,0.00,0.000
2024-11-14T16:00:00,2.680,0.00,0.000
2024-11-14T15:45:00,2.680,0.00,0.000
2024-11-14T15:30:00,2.680,0.00,0.000
2024-11-14T15:15:00,2.680,0.00,0.000
2024-11-14T15:00:00,2.680,9.60,0.000
2024-11-14T14:45:00,2.680,10.40,0.000
2024-11-14T14:30:00,2.680,0.00,0.000
2024-11-14T14:15:00,2.680,0.00,0.000
2024-11-14T14:00:00,2.680,0.00,0.000
2024-11-14T13:45:00,2.680,0.00,0.000
2024-11-14T13:30:00,2.680,0.00,0.000
2024-11-14T13:15:00,2.680,0.00,0.000
2024-11-14T13:00:00,2.680,0.00,0.000
2024-11-14T12:45:00,2.680,0.00,0.000
2024-11-14T12:30:00,2.680,0.00,0.000
2024-11-14T12:15:00,2.680,11.10,0.000
2024-11-14T12:00:00,2.690,0.00,0.000
2024-11-14T11:45:00,2.680,0.00,0.000
2024-11-14T11:30:00,2.690,0.00,0.000
2024-11-14T11:15:00,2.680,0.00,0.000
2024-11-14T11:00:00,2.680,0.00,0.000
2024-11-14T10:45:00,2.680,0.00,0.000
2024-11-14T10:30:00,2.680,0.00,0.000
2024-11-14T10:15:00,2.690,0.00,0.000
2024-11-14T10:00:00,2.690,0.00,0.000
2024-11-14T09:45:00,2.690,0.00,0.000
2024-11-14T09:30:00,2.690,0.00,0.000
2024-11-14T09:15:00,2.690,0.00,0.000
2024-11-14T09:00:00,2.690,0.00,0.000
2024-11-14T08:45:00,2.690,0.00,0.000
2024-11-14T08:30:00,2.690,0.00,0.000
2024-11-14T08:15:00,2.690,0.00,0.000
2024-11-14T08:00:00,2.700,0.00,0.000
2024-11-14T07:45:00,2.690,0.00,0.000
2024-11-14T07:30:00,2.700,0.00,0.000
2024-11-14T07:15:00,2.700,0.00,0.000
2024-11-14T07:00:00,2.700,0.00,0.000
2024-11-14T06:45:00,2.700,0.00,0.000
2024-11-14T06:30:00,2.700,0.00,0.000
2024-11-14T06:15:00,2.700,0.00,0.000
2024-11-14T06:00:00,2.700,0.00,0.000
2024-11-14T05:45:00,2.700,0.00,0.000
2024-11-14T05:30:00,2.700,0.00,0.000
2024-11-14T05:15:00,2.700,0.00,0.000
2024-11-14T05:00:00,2.700,0.00,0.000
2024-11-14T04:45:00,2.690,0.00,0.000
2024-11-14T04:30:00,2.690,0.00,0.000
2024-11-14T04:15:00,2.700,0.00,0.000
2024-11-14T04:00:00,2.700,0.00,0.000
2024-11-14T03:45:00,2.690,0.00,0.000
2024-11-14T03:30:00,2.700,0.00,0.000
2024-11-14T03:15:00,2.700,0.00,0.000
2024-11-14T03:00:00,2.700,0.00,0.000
2024-11-14T02:45:00,2.690,0.00,0.000
2024-11-14T02:30:00,2.690,0.00,0.000
2024-11-14T02:15:00,2.700,0.00,0.000
2024-11-14T02:00:00,2.700,0.00,0.000
2024-11-14T01:45:00,2.690,0.00,0.000
2024-11-14T01:30:00,2.700,0.00,0.000
2024-11-14T01:15:00,2.690,0.00,0.000
2024-11-14T01:00:00,2.690,0.00,0.000
2024-11-14T00:45:00,2.690,0.00,0.000
2024-11-14T00:30:00,2.690,0.00,0.000
2024-11-14T00:15:00,2.690,0.00,0.000
2024-11-14T00:00:00,2.690,0.00,0.000
2024-11-13T23:45:00,2.690,0.00,0.000
2024-11-13T23:30:00,2.690,0.00,0.000
2024-11-13T23:15:00,2.690,0.00,0.000
2024-11-13T23:00:00,2.690,0.00,0.000
2024-11-13T22:45:00,2.690,0.00,0.000
2024-11-13T22:30:00,2.690,0.00,0.000
2024-11-13T22:15:00,2.690,0.00,0.000
2024-11-13T22:00:00,2.690,0.00,0.000
2024-11-13T21:45:00,2.690,0.00,0.000
2024-11-13T21:30:00,2.690,0.00,0.000
2024-11-13T21:15:00,2.690,0.00,0.000
2024-11-13T21:00:00,2.690,0.00,0.000
2024-11-13T20:45:00,2.690,0.00,0.000
2024-11-13T20:30:00,2.690,0.00,0.000
2024-11-13T20:15:00,2.690,0.00,0.000
2024-11-13T20:00:00,2.690,0.00,0.000
2024-11-13T19:45:00,2.690,0.00,0.000
2024-11-13T19:30:00,2.690,0.00,0.000
2024-11-13T19:15:00,2.690,0.00,0.000
2024-11-13T19:00:00,2.690,0.00,0.000
2024-11-13T18:45:00,2.690,0.00,0.000
2024-11-13T18:30:00,2.690,0.00,0.000
2024-11-13T18:15:00,2.690,0.00,0.000
2024-11-13T18:00:00,2.690,0.00,0.000
2024-11-13T17:45:00,2.690,0.00,0.000
2024-11-13T17:30:00,2.690,0.00,0.000
2024-11-13T17:15:00,2.690,0.00,0.000
2024-11-13T17:00:00,2.680,0.00,0.000
2024-11-13T16:45:00,2.690,0.00,0.000
2024-11-13T16:30:00,2.690,0.00,0.000
2024-11-13T16:15:00,2.690,0.00,0.000
2024-11-13T16:00:00,2.690,0.00,0.000
2024-11-13T15:45:00,2.690,0.00,0.000
2024-11-13T15:30:00,2.690,0.00,0.000
2024-11-13T15:15:00,2.690,0.00,0.000
2024-11-13T15:00:00,2.690,0.00,0.000
2024-11-13T14:45:00,2.690,0.00,0.000
2024-11-13T14:30:00,2.690,0.00,0.000
2024-11-13T14:15:00,2.690,0.00,0.000
2024-11-13T14:00:00,2.690,0.00,0.000
2024-11-13T13:45:00,2.690,0.00,0.000
2024-11-13T13:30:00,2.690,0.00,0.000
2024-11-13T13:15:00,2.690,0.00,0.000
2024-11-13T13:00:00,2.690,0.00,0.000
2024-11-13T12:45:00,2.690,0.00,0.000
2024-11-13T12:30:00,2.690,0.00,0.000
2024-11-13T12:15:00,2.690,0.00,0.000
2024-11-13T12:00:00,2.690,0.00,0.000
2024-11-13T11:45:00,2.690,8.30,0.000
2024-11-13T11:30:00,2.690,0.00,0.000
2024-11-13T11:15:00,2.690,0.00,0.000
2024-11-13T11:00:00,2.690,0.00,0.000
2024-11-13T10:45:00,2.690,0.00,0.000
2024-11-13T10:30:00,2.690,0.00,0.000
2024-11-13T10:15:00,2.700,0.00,0.000
2024-11-13T10:00:00,2.690,0.00,0.000
2024-11-13T09:45:00,2.700,0.00,0.000
2024-11-13T09:30:00,2.700,0.00,0.000
2024-11-13T09:15:00,2.700,0.00,0.000
2024-11-13T09:00:00,2.700,0.00,0.000
2024-11-13T08:45:00,2.700,0.00,0.000
2024-11-13T08:30:00,2.700,0.00,0.000
2024-11-13T08:15:00,2.700,0.00,0.000
2024-11-13T08:00:00,2.700,0.00,0.000
2024-11-13T07:45:00,2.700,0.00,0.000
2024-11-13T07:30:00,2.700,0.00,0.000
2024-11-13T07:15:00,2.700,0.00,0.000
2024-11-13T07:00:00,2.700,0.00,0.000
2024-11-13T06:45:00,2.700,0.00,0.000
2024-11-13T06:30:00,2.710,0.00,0.000
2024-11-13T06:15:00,2.710,0.00,0.000
2024-11-13T06:00:00,2.700,0.00,0.000
2024-11-13T05:45:00,2.710,0.00,0.000
2024-11-13T05:30:00,2.700,0.00,0.000
2024-11-13T05:15:00,2.700,0.00,0.000
2024-11-13T05:00:00,2.700,0.00,0.000
2024-11-13T04:45:00,2.700,0.00,0.000
2024-11-13T04:30:00,2.700,0.00,0.000
2024-11-13T04:15:00,2.700,0.00,0.000
2024-11-13T04:00:00,2.700,0.00,0.000
2024-11-13T03:45:00,2.700,0.00,0.000
2024-11-13T03:30:00,2.700,0.00,0.000
2024-11-13T03:15:00,2.700,0.00,0.000
2024-11-13T03:00:00,2.700,0.00,0.000
2024-11-13T02:45:00,2.700,0.00,0.000
2024-11-13T02:30:00,2.700,0.00,0.000
2024-11-13T02:15:00,2.700,0.00,0.000
2024-11-13T02:00:00,2.700,0.00,0.000
2024-11-13T01:45:00,2.700,0.00,0.000
2024-11-13T01:30:00,2.700,0.00,0.000
2024-11-13T01:15:00,2.700,0.00,0.000
2024-11-13T01:00:00,2.700,0.00,0.000
2024-11-13T00:45:00,2.700,0.00,0.000
2024-11-13T00:30:00,2.700,0.00,0.000
2024-11-13T00:15:00,2.700,0.00,0.000
2024-11-13T00:00:00,2.700,0.00,0.000
2024-11-12T23:45:00,2.700,0.00,0.000
2024-11-12T23:30:00,2.700,0.00,0.000
2024-11-12T23:15:00,2.700,0.00,0.000
2024-11-12T23:00:00,2.690,0.00,0.000
2024-11-12T22:45:00,2.700,0.00,0.000
2024-11-12T22:30:00,2.700,0.00,0.000
2024-11-12T22:15:00,2.690,0.00,0.000
2024-11-12T22:00:00,2.690,0.00,0.000
2024-11-12T21:45:00,2.690,0.00,0.000
2024-11-12T21:30:00,2.690,0.00,0.000
2024-11-12T21:15:00,2.690,0.00,0.000
2024-11-12T21:00:00,2.690,0.00,0.000
2024-11-12T20:45:00,2.690,0.00,0.000
2024-11-12T20:30:00,2.690,0.00,0.000
2024-11-12T20:15:00,2.690,0.00,0.000
2024-11-12T20:00:00,2.690,0.00,0.000
2024-11-12T19:45:00,2.690,0.00,0.000
2024-11-12T19:30:00,2.690,0.00,0.000
2024-11-12T19:15:00,2.690,0.00,0.000
2024-11-12T19:00:00,2.690,0.00,0.000
2024-11-12T18:45:00,2.690,0.00,0.000
2024-11-12T18:30:00,2.690,0.00,0.000
2024-11-12T18:15:00,2.690,25.20,0.000
2024-11-12T18:00:00,2.680,0.00,0.000
2024-11-12T17:45:00,2.680,0.00,0.000
2024-11-12T17:30:00,2.680,0.00,0.000
2024-11-12T17:15:00,2.680,0.00,0.000
2024-11-12T17:00:00,2.680,0.00,0.000
2024-11-12T16:45:00,2.680,0.00,0.000
2024-11-12T16:30:00,2.680,0.00,0.000
2024-11-12T16:15:00,2.680,0.00,0.000
2024-11-12T16:00:00,2.680,0.00,0.000
2024-11-12T15:45:00,2.680,0.00,0.000
2024-11-12T15:30:00,2.680,0.00,0.000
2024-11-12T15:15:00,2.680,0.00,0.000
2024-11-12T15:00:00,2.680,36.00,0.000
2024-11-12T14:45:00,2.680,0.00,0.000
2024-11-12T14:30:00,2.680,16.30,0.000
2024-11-12T14:15:00,2.680,0.00,0.000
2024-11-12T14:00:00,2.680,0.00,0.000
2024-11-12T13:45:00,2.680,0.00,0.000
2024-11-12T13:30:00,2.680,13.50,0.000
2024-11-12T13:15:00,2.680,0.00,0.000
2024-11-12T13:00:00,2.680,10.60,0.000
2024-11-12T12:45:00,2.680,0.00,0.000
2024-11-12T12:30:00,2.680,0.00,0.000
2024-11-12T12:15:00,2.690,0.00,0.000
2024-11-12T12:00:00,2.690,0.00,0.000
2024-11-12T11:45:00,2.690,0.00,0.000
2024-11-12T11:30:00,2.690,0.00,0.000
2024-11-12T11:15:00,2.690,0.00,0.000
2024-11-12T11:00:00,2.690,0.00,0.000
2024-11-12T10:45:00,2.690,0.00,0.000
2024-11-12T10:30:00,2.680,0.00,0.000
2024-11-12T10:15:00,2.690,0.00,0.000
2024-11-12T10:00:00,2.680,0.00,0.000
2024-11-12T09:45:00,2.680,0.00,0.000
2024-11-12T09:30:00,2.680,0.00,0.000
2024-11-12T09:15:00,2.680,0.00,0.000
2024-11-12T09:00:00,2.680,0.00,0.000
2024-11-12T08:45:00,2.680,0.00,0.000
2024-11-12T08:30:00,2.690,0.00,0.000
2024-11-12T08:15:00,2.690,0.00,0.000
2024-11-12T08:00:00,2.690,0.00,0.000
2024-11-12T07:45:00,2.690,0.00,0.000
2024-11-12T07:30:00,2.690,0.00,0.000
2024-11-12T07:15:00,2.690,0.00,0.000
2024-11-12T07:00:00,2.690,0.00,0.000
2024-11-12T06:45:00,2.690,0.00,0.000
2024-11-12T06:30:00,2.690,0.00,0.000
2024-11-12T06:15:00,2.690,0.00,0.000
2024-11-12T06:00:00,2.690,0.00,0.000
2024-11-12T05:45:00,2.680,0.00,0.000
2024-11-12T05:30:00,2.690,0.00,0.000
2024-11-12T05:15:00,2.680,0.00,0.000
2024-11-12T05:00:00,2.690,0.00,0.000
2024-11-12T04:45:00,2.680,0.00,0.000
2024-11-12T04:30:00,2.680,0.00,0.000
2024-11-12T04:15:00,2.680,0.00,0.000
2024-11-12T04:00:00,2.680,0.00,0.000
2024-11-12T03:45:00,2.680,0.00,0.000
2024-11-12T03:30:00,2.680,0.00,0.000
2024-11-12T03:15:00,2.680,0.00,0.000
2024-11-12T03:00:00,2.680,0.00,0.000
2024-11-12T02:45:00,2.680,0.00,0.000
2024-11-12T02:30:00,2.680,0.00,0.000
2024-11-12T02:15:00,2.680,0.00,0.000
2024-11-12T02:00:00,2.680,0.00,0.000
2024-11-12T01:45:00,2.680,0.00,0.000
2024-11-12T01:30:00,2.680,0.00,0.000
2024-11-12T01:15:00,2.670,0.00,0.000
2024-11-12T01:00:00,2.680,0.00,0.000
2024-11-12T00:45:00,2.670,0.00,0.000
2024-11-12T00:30:00,2.670,0.00,0.000
2024-11-12T00:15:00,2.670,0.00,0.000
2024-11-12T00:00:00,2.670,0.00,0.000
2024-11-11T23:45:00,2.670,0.00,0.000
2024-11-11T23:30:00,2.670,0.00,0.000
2024-11-11T23:15:00,2.670,0.00,0.000
2024-11-11T23:00:00,2.670,0.00,0.000
2024-11-11T22:45:00,2.670,0.00,0.000
2024-11-11T22:30:00,2.670,0.00,0.000
2024-11-11T22:15:00,2.670,0.00,0.000
2024-11-11T22:00:00,2.670,0.00,0.000
2024-11-11T21:45:00,2.670,0.00,0.000
2024-11-11T21:30:00,2.670,0.00,0.000
2024-11-11T21:15:00,2.670,0.00,0.000
2024-11-11T21:00:00,2.660,0.00,0.000
2024-11-11T20:45:00,2.660,0.00,0.000
2024-11-11T20:30:00,2.670,0.00,0.000
2024-11-11T20:15:00,2.660,0.00,0.000
2024-11-11T20:00:00,2.660,0.00,0.000
2024-11-11T19:45:00,2.660,0.00,0.000
2024-11-11T19:30:00,2.660,0.00,0.000
2024-11-11T19:15:00,2.660,0.00,0.000
2024-11-11T19:00:00,2.660,0.00,0.000
2024-11-11T18:45:00,2.660,0.00,0.000
2024-11-11T18:30:00,2.660,0.00,0.000
2024-11-11T18:15:00,2.660,0.00,0.000
2024-11-11T18:00:00,2.660,0.00,0.000
2024-11-11T17:45:00,2.650,0.00,0.000
2024-11-11T17:30:00,2.650,0.00,0.000
2024-11-11T17:15:00,2.650,0.00,0.000
2024-11-11T17:00:00,2.650,0.00,0.000
2024-11-11T16:45:00,2.650,0.00,0.000
2024-11-11T16:30:00,2.650,0.00,0.000
2024-11-11T16:15:00,2.650,0.00,0.000
2024-11-11T16:00:00,2.650,0.00,0.000
2024-11-11T15:45:00,2.650,0.00,0.000
2024-11-11T15:30:00,2.650,0.00,0.000
2024-11-11T15:15:00,2.650,0.00,0.000
2024-11-11T15:00:00,2.650,0.00,0.000
2024-11-11T14:45:00,2.650,0.00,0.000
2024-11-11T14:30:00,2.650,0.00,0.000
2024-11-11T14:15:00,2.650,0.00,0.000
2024-11-11T14:00:00,2.650,0.00,0.000
2024-11-11T13:45:00,2.650,0.00,0.000
2024-11-11T13:30:00,2.650,0.00,0.000
2024-11-11T13:15:00,2.650,0.00,0.000
2024-11-11T13:00:00,2.650,0.00,0.000
2024-11-11T12:45:00,2.650,0.00,0.000
2024-11-11T12:30:00,2.650,0.00,0.000
2024-11-11T12:15:00,2.650,0.00,0.000
2024-11-11T12:00:00,2.650,0.00,0.000
2024-11-11T11:45:00,2.650,11.50,0.000
2024-11-11T11:30:00,2.650,0.00,0.000
2024-11-11T11:15:00,2.650,0.00,0.000
2024-11-11T11:00:00,2.650,0.00,0.000
2024-11-11T10:45:00,2.650,0.00,0.000
2024-11-11T10:30:00,2.650,0.00,0.000
2024-11-11T10:15:00,2.640,0.00,0.000
2024-11-11T10:00:00,2.650,0.00,0.000
2024-11-11T09:45:00,2.640,0.00,0.000
2024-11-11T09:30:00,2.650,0.00,0.000
2024-11-11T09:15:00,2.650,0.00,0.000
2024-11-11T09:00:00,2.650,0.00,0.000
2024-11-11T08:45:00,2.650,0.00,0.000
2024-11-11T08:30:00,2.650,0.00,0.000
2024-11-11T08:15:00,2.650,0.00,0.000
2024-11-11T08:00:00,2.650,0.00,0.000
2024-11-11T07:45:00,2.650,10.40,0.000
2024-11-11T07:30:00,2.650,0.00,0.000
2024-11-11T07:15:00,2.650,0.00,0.000
2024-11-11T07:00:00,2.650,0.00,0.000
2024-11-11T06:45:00,2.650,0.00,0.000
2024-11-11T06:30:00,2.650,0.00,0.000
2024-11-11T06:15:00,2.650,10.10,0.000
2024-11-11T06:00:00,2.640,0.00,0.000
2024-11-11T05:45:00,2.640,0.00,0.000
2024-11-11T05:30:00,2.640,0.00,0.000
2024-11-11T05:15:00,2.640,0.00,0.000
2024-11-11T05:00:00,2.640,0.00,0.000
2024-11-11T04:45:00,2.640,0.00,0.000
2024-11-11T04:30:00,2.630,0.00,0.000
2024-11-11T04:15:00,2.630,0.00,0.000
2024-11-11T04:00:00,2.630,0.00,0.000
2024-11-11T03:45:00,2.630,0.00,0.000
2024-11-11T03:30:00,2.630,0.00,0.000
2024-11-11T03:15:00,2.630,0.00,0.000
2024-11-11T03:00:00,2.630,0.00,0.000
2024-11-11T02:45:00,2.630,0.00,0.000
2024-11-11T02:30:00,2.630,0.00,0.000
2024-11-11T02:15:00,2.630,0.00,0.000
2024-11-11T02:00:00,2.620,0.00,0.000
2024-11-11T01:45:00,2.620,0.00,0.000
2024-11-11T01:30:00,2.620,0.00,0.000
2024-11-11T01:15:00,2.620,0.00,0.000
2024-11-11T01:00:00,2.620,0.00,0.000
2024-11-11T00:45:00,2.620,0.00,0.000
2024-11-11T00:30:00,2.620,0.00,0.000
2024-11-11T00:15:00,2.620,0.00,0.000
2024-11-11T00:00:00,2.610,0.00,0.000
2024-11-24T23:45:00,2.800,0.00,0.000
2024-11-24T23:30:00,2.800,0.00,0.000
2024-11-24T23:15:00,2.790,0.00,0.000
2024-11-24T23:00:00,2.800,0.00,0.000
2024-11-24T22:45:00,2.800,0.00,0.000
2024-11-24T22:30:00,2.790,0.00,0.000
2024-11-24T22:15:00,2.800,0.00,0.000
2024-11-24T22:00:00,2.800,0.00,0.000
2024-11-24T21:45:00,2.800,0.00,0.000
2024-11-24T21:30:00,2.800,0.00,0.000
2024-11-24T21:15:00,2.800,0.00,0.000
2024-11-24T21:00:00,2.800,0.00,0.000
2024-11-24T20:45:00,2.800,0.00,0.000
2024-11-24T20:30:00,2.800,0.00,0.000
2024-11-24T20:15:00,2.790,0.00,0.000
2024-11-24T20:00:00,2.790,0.00,0.000
2024-11-24T19:45:00,2.800,13.10,0.000
2024-11-24T19:30:00,2.800,0.00,0.000
2024-11-24T19:15:00,2.800,16.20,0.000
2024-11-24T19:00:00,2.800,0.00,0.000
2024-11-24T18:45:00,2.800,10.90,0.000
2024-11-24T18:30:00,2.800,0.00,0.000
2024-11-24T18:15:00,2.800,0.00,0.000
2024-11-24T18:00:00,2.800,0.00,0.000
2024-11-24T17:45:00,2.800,0.00,0.000
2024-11-24T17:30:00,2.800,0.00,0.000
2024-11-24T17:15:00,2.800,0.00,0.000
2024-11-24T17:00:00,2.800,0.00,0.000
2024-11-24T16:45:00,2.800,0.00,0.000
2024-11-24T16:30:00,2.790,0.00,0.000
2024-11-24T16:15:00,2.790,0.00,0.000
2024-11-24T16:00:00,2.790,0.00,0.000
2024-11-24T15:45:00,2.790,0.00,0.000
2024-11-24T15:30:00,2.790,0.00,0.000
2024-11-24T15:15:00,2.790,0.00,0.000
2024-11-24T15:00:00,2.790,0.00,0.000
2024-11-24T14:45:00,2.790,0.00,0.000
2024-11-24T14:30:00,2.790,0.00,0.000
2024-11-24T14:15:00,2.790,0.00,0.000
2024-11-24T14:00:00,2.790,0.00,0.000
2024-11-24T13:45:00,2.790,0.00,0.000
2024-11-24T13:30:00,2.790,0.00,0.000
2024-11-24T13:15:00,2.790,0.00,0.000
2024-11-24T13:00:00,2.790,0.00,0.000
2024-11-24T12:45:00,2.790,0.00,0.000
2024-11-24T12:30:00,2.790,0.00,0.000
2024-11-24T12:15:00,2.780,0.00,0.000
2024-11-24T12:00:00,2.790,0.00,0.000
2024-11-24T11:45:00,2.780,0.00,0.000
2024-11-24T11:30:00,2.780,0.00,0.000
2024-11-24T11:15:00,2.790,0.00,0.000
2024-11-24T11:00:00,2.790,0.00,0.000
2024-11-24T10:45:00,2.780,0.00,0.000
2024-11-24T10:30:00,2.780,0.00,0.000
2024-11-24T10:15:00,2.780,0.00,0.000
2024-11-24T10:00:00,2.780,0.00,0.000
2024-11-24T09:45:00,2.780,0.00,0.000
2024-11-24T09:30:00,2.780,0.00,0.000
2024-11-24T09:15:00,2.780,0.00,0.000
2024-11-24T09:00:00,2.780,0.00,0.000
2024-11-24T08:45:00,2.780,0.00,0.000
2024-11-24T08:30:00,2.780,0.00,0.000
2024-11-24T08:15:00,2.780,0.00,0.000
2024-11-24T08:00:00,2.780,0.00,0.000
2024-11-24T07:45:00,2.780,0.00,0.000
2024-11-24T07:30:00,2.780,0.00,0.000
2024-11-24T07:15:00,2.780,0.00,0.000
2024-11-24T07:00:00,2.780,0.00,0.000
2024-11-24T06:45:00,2.780,0.00,0.000
2024-11-24T06:30:00,2.780,0.00,0.000
2024-11-24T06:15:00,2.780,0.00,0.000
2024-11-24T06:00:00,2.780,0.00,0.000
2024-11-24T05:45:00,2.780,0.00,0.000
2024-11-24T05:30:00,2.770,0.00,0.000
2024-11-24T05:15:00,2.770,13.00,0.000
2024-11-24T05:00:00,2.770,0.00,0.000
2024-11-24T04:45:00,2.770,0.00,0.000
2024-11-24T04:30:00,2.770,0.00,0.000
2024-11-24T04:15:00,2.770,0.00,0.000
2024-11-24T04:00:00,2.760,0.00,0.000
2024-11-24T03:45:00,2.760,0.00,0.000
2024-11-24T03:30:00,2.760,0.00,0.000
2024-11-24T03:15:00,2.760,0.00,0.000
2024-11-24T03:00:00,2.760,0.00,0.000
2024-11-24T02:45:00,2.760,0.00,0.000
2024-11-24T02:30:00,2.760,0.00,0.000
2024-11-24T02:15:00,2.750,0.00,0.000
2024-11-24T02:00:00,2.750,0.00,0.000
2024-11-24T01:45:00,2.750,0.00,0.000
2024-11-24T01:30:00,2.750,0.00,0.000
2024-11-24T01:15:00,2.750,0.00,0.000
2024-11-24T01:00:00,2.750,0.00,0.000
2024-11-24T00:45:00,2.750,0.00,0.000
2024-11-24T00:30:00,2.740,0.00,0.000
2024-11-24T00:15:00,2.740,0.00,0.000
2024-11-24T00:00:00,2.740,0.00,0.000
2024-11-23T23:45:00,2.740,0.00,0.000
2024-11-23T23:30:00,2.740,0.00,0.000
2024-11-23T23:15:00,2.740,0.00,0.000
2024-11-23T23:00:00,2.740,0.00,0.000
2024-11-23T22:45:00,2.730,0.00,0.000
2024-11-23T22:30:00,2.730,0.00,0.000
2024-11-23T22:15:00,2.730,0.00,0.000
2024-11-23T22:00:00,2.730,0.00,0.000
2024-11-23T21:45:00,2.730,0.00,0.000
2024-11-23T21:30:00,2.730,0.00,0.000
2024-11-23T21:15:00,2.720,0.00,0.000
2024-11-23T21:00:00,2.720,0.00,0.000
2024-11-23T20:45:00,2.720,0.00,0.000
2024-11-23T20:30:00,2.720,0.00,0.000
2024-11-23T20:15:00,2.720,0.00,0.000
2024-11-23T20:00:00,2.720,0.00,0.000
2024-11-23T19:45:00,2.720,0.00,0.000
2024-11-23T19:30:00,2.720,13.00,0.000
2024-11-23T19:15:00,2.720,0.00,0.000
2024-11-23T19:00:00,2.710,0.00,0.000
2024-11-23T18:45:00,2.710,0.00,0.000
2024-11-23T18:30:00,2.710,13.00,0.000
2024-11-23T18:15:00,2.710,29.20,0.000
2024-11-23T18:00:00,2.710,0.00,0.000
2024-11-23T17:45:00,2.700,0.00,0.000
2024-11-23T17:30:00,2.700,0.00,0.000
2024-11-23T17:15:00,2.700,0.00,0.000
2024-11-23T17:00:00,2.700,0.00,0.000
2024-11-23T16:45:00,2.700,0.00,0.000
2024-11-23T16:30:00,2.700,0.00,0.000
2024-11-23T16:15:00,2.700,0.00,0.000
2024-11-23T16:00:00,2.690,0.00,0.000
2024-11-23T15:45:00,2.690,0.00,0.000
2024-11-23T15:30:00,2.690,0.00,0.000
2024-11-23T15:15:00,2.690,0.00,0.000
2024-11-23T15:00:00,2.690,0.00,0.000
2024-11-23T14:45:00,2.690,0.00,0.000
2024-11-23T14:30:00,2.690,0.00,0.000
2024-11-23T14:15:00,2.690,0.00,0.000
2024-11-23T14:00:00,2.690,0.00,0.000
2024-11-23T13:45:00,2.690,0.00,0.000
2024-11-23T13:30:00,2.690,0.00,0.000
2024-11-23T13:15:00,2.680,0.00,0.000
2024-11-23T13:00:00,2.680,0.00,0.000
2024-11-23T12:45:00,2.680,0.00,0.000
2024-11-23T12:30:00,2.680,0.00,0.000
2024-11-23T12:15:00,2.680,0.00,0.000
2024-11-23T12:00:00,2.680,0.00,0.000
2024-11-23T11:45:00,2.680,0.00,0.000
2024-11-23T11:30:00,2.670,0.00,0.000
2024-11-23T11:15:00,2.670,0.00,0.000
2024-11-23T11:00:00,2.670,0.00,0.000
2024-11-23T10:45:00,2.670,11.90,0.000
2024-11-23T10:30:00,2.670,0.00,0.000
2024-11-23T10:15:00,2.670,0.00,0.000
2024-11-23T10:00:00,2.670,0.00,0.000
2024-11-23T09:45:00,2.670,0.00,0.000
2024-11-23T09:30:00,2.670,0.00,0.000
2024-11-23T09:15:00,2.670,0.00,0.000
2024-11-23T09:00:00,2.660,0.00,0.000
2024-11-23T08:45:00,2.660,0.00,0.000
2024-11-23T08:30:00,2.660,0.00,0.000
2024-11-23T08:15:00,2.660,0.00,0.000
2024-11-23T08:00:00,2.660,0.00,0.000
2024-11-23T07:45:00,2.660,0.00,0.000
2024-11-23T07:30:00,2.660,0.00,0.000
2024-11-23T07:15:00,2.660,0.00,0.000
2024-11-23T07:00:00,2.660,0.00,0.000
2024-11-23T06:45:00,2.660,0.00,0.000
2024-11-23T06:30:00,2.650,0.00,0.000
2024-11-23T06:15:00,2.650,12.80,0.000
2024-11-23T06:00:00,2.650,0.00,0.000
2024-11-23T05:45:00,2.650,0.00,0.000
2024-11-23T05:30:00,2.650,0.00,0.000
2024-11-23T05:15:00,2.650,0.00,0.000
2024-11-23T05:00:00,2.640,11.80,0.000
2024-11-23T04:45:00,2.640,0.00,0.000
2024-11-23T04:30:00,2.640,13.80,0.000
2024-11-23T04:15:00,2.640,0.00,0.000
2024-11-23T04:00:00,2.630,0.00,0.000
2024-11-23T03:45:00,2.630,0.00,0.000
2024-11-23T03:30:00,2.630,0.00,0.000
2024-11-23T03:15:00,2.630,0.00,0.000
2024-11-23T03:00:00,2.630,0.00,0.000
2024-11-23T02:45:00,2.620,0.00,0.000
2024-11-23T02:30:00,2.620,0.00,0.000
2024-11-23T02:15:00,2.620,0.00,0.000
2024-11-23T02:00:00,2.620,0.00,0.000
2024-11-23T01:45:00,2.620,0.00,0.000
2024-11-23T01:30:00,2.610,0.00,0.000
2024-11-23T01:15:00,2.610,0.00,0.000
2024-11-23T01:00:00,2.610,0.00,0.000
2024-11-23T00:45:00,2.610,0.00,0.000
2024-11-23T00:30:00,2.610,0.00,0.000
2024-11-23T00:15:00,2.600,0.00,0.000
2024-11-23T00:00:00,2.600,0.00,0.000
2024-11-22T23:45:00,2.600,0.00,0.000
2024-11-22T23:30:00,2.600,0.00,0.000
2024-11-22T23:15:00,2.590,0.00,0.000
2024-11-22T23:00:00,2.590,0.00,0.000
2024-11-22T22:45:00,2.590,0.00,0.000
2024-11-22T22:30:00,2.590,0.00,0.000
2024-11-22T22:15:00,2.590,0.00,0.000
2024-11-22T22:00:00,2.580,0.00,0.000
2024-11-22T21:45:00,2.580,0.00,0.000
2024-11-22T21:30:00,2.580,0.00,0.000
2024-11-22T21:15:00,2.580,0.00,0.000
2024-11-22T21:00:00,2.580,0.00,0.000
2024-11-22T20:45:00,2.570,0.00,0.000
2024-11-22T20:30:00,2.570,0.00,0.000
2024-11-22T20:15:00,2.570,0.00,0.000
2024-11-22T20:00:00,2.570,0.00,0.000
2024-11-22T19:45:00,2.570,0.00,0.000
2024-11-22T19:45:00,2.570,0.00,0.000
2024-11-22T19:30:00,2.560,0.00,0.000
2024-11-22T19:30:00,2.560,0.00,0.000
2024-11-22T19:15:00,2.560,10.00,0.000
2024-11-22T19:15:00,2.560,10.00,0.000
2024-11-22T19:00:00,2.560,0.00,0.000
2024-11-22T19:00:00,2.560,0.00,0.000
2024-11-22T18:45:00,2.560,0.00,0.000
2024-11-22T18:45:00,2.560,0.00,0.000
2024-11-22T18:30:00,2.560,0.00,0.000
2024-11-22T18:30:00,2.560,0.00,0.000
2024-11-22T18:15:00,2.550,0.00,0.000
2024-11-22T18:15:00,2.550,0.00,0.000
2024-11-22T18:00:00,2.550,12.00,0.000
2024-11-22T18:00:00,2.550,12.00,0.000
2024-11-22T17:45:00,2.550,0.00,0.000
2024-11-22T17:45:00,2.550,0.00,0.000
2024-11-22T17:30:00,2.550,0.00,0.000
2024-11-22T17:30:00,2.550,0.00,0.000
2024-11-22T17:15:00,2.540,0.00,0.000
2024-11-22T17:15:00,2.540,0.00,0.000
2024-11-22T17:00:00,2.540,0.00,0.000
2024-11-22T17:00:00,2.540,0.00,0.000
2024-11-22T16:45:00,2.540,0.00,0.000
2024-11-22T16:45:00,2.540,0.00,0.000
2024-11-22T16:30:00,2.540,0.00,0.000
2024-11-22T16:30:00,2.540,0.00,0.000
2024-11-22T16:15:00,2.540,0.00,0.000
2024-11-22T16:15:00,2.540,0.00,0.000
2024-11-22T16:00:00,2.530,0.00,0.000
2024-11-22T16:00:00,2.530,0.00,0.000
2024-11-22T15:45:00,2.530,0.00,0.000
2024-11-22T15:45:00,2.530,0.00,0.000
2024-11-22T15:30:00,2.530,0.00,0.000
2024-11-22T15:30:00,2.530,0.00,0.000
2024-11-22T15:15:00,2.530,0.00,0.000
2024-11-22T15:15:00,2.530,0.00,0.000
2024-11-22T15:00:00,2.530,0.00,0.000
2024-11-22T15:00:00,2.530,0.00,0.000
2024-11-22T14:45:00,2.520,0.00,0.000
2024-11-22T14:45:00,2.520,0.00,0.000
2024-11-22T14:30:00,2.520,0.00,0.000
2024-11-22T14:30:00,2.520,0.00,0.000
2024-11-22T14:15:00,2.520,0.00,0.000
2024-11-22T14:15:00,2.520,0.00,0.000
2024-11-22T14:00:00,2.520,0.00,0.000
2024-11-22T14:00:00,2.520,0.00,0.000
2024-11-22T13:45:00,2.520,0.00,0.000
2024-11-22T13:45:00,2.520,0.00,0.000
2024-11-22T13:30:00,2.510,0.00,0.000
2024-11-22T13:30:00,2.510,0.00,0.000
2024-11-22T13:15:00,2.510,0.00,0.000
2024-11-22T13:15:00,2.510,0.00,0.000
2024-11-22T13:00:00,2.510,0.00,0.000
2024-11-22T13:00:00,2.510,0.00,0.000
2024-11-22T12:45:00,2.510,0.00,0.000
2024-11-22T12:45:00,2.510,0.00,0.000
2024-11-22T12:30:00,2.510,0.00,0.000
2024-11-22T12:30:00,2.510,0.00,0.000
2024-11-22T12:15:00,2.510,0.00,0.000
2024-11-22T12:15:00,2.510,0.00,0.000
2024-11-22T12:00:00,2.500,0.00,0.000
2024-11-22T12:00:00,2.500,0.00,0.000
2024-11-22T11:45:00,2.500,0.00,0.000
2024-11-22T11:45:00,2.500,0.00,0.000
2024-11-22T11:30:00,2.500,0.00,0.000
2024-11-22T11:30:00,2.500,0.00,0.000
2024-11-22T11:15:00,2.500,0.00,0.000
2024-11-22T11:15:00,2.500,0.00,0.000
2024-11-22T11:00:00,2.490,0.00,0.000
2024-11-22T11:00:00,2.490,0.00,0.000
2024-11-22T10:45:00,2.490,0.00,0.000
2024-11-22T10:45:00,2.490,0.00,0.000
2024-11-22T10:30:00,2.490,0.00,0.000
2024-11-22T10:30:00,2.490,0.00,0.000
2024-11-22T10:15:00,2.490,0.00,0.000
2024-11-22T10:15:00,2.490,0.00,0.000
2024-11-22T10:00:00,2.480,0.00,0.000
2024-11-22T10:00:00,2.480,0.00,0.000
2024-11-22T09:45:00,2.480,0.00,0.000
2024-11-22T09:45:00,2.480,0.00,0.000
2024-11-22T09:30:00,2.480,0.00,0.000
2024-11-22T09:30:00,2.480,0.00,0.000
2024-11-22T09:15:00,2.480,0.00,0.000
2024-11-22T09:15:00,2.480,0.00,0.000
2024-11-22T09:00:00,2.480,0.00,0.000
2024-11-22T09:00:00,2.480,0.00,0.000
2024-11-22T08:45:00,2.470,0.00,0.000
2024-11-22T08:45:00,2.470,0.00,0.000
2024-11-22T08:30:00,2.470,0.00,0.000
2024-11-22T08:30:00,2.470,0.00,0.000
2024-11-22T08:15:00,2.470,0.00,0.000
2024-11-22T08:15:00,2.470,0.00,0.000
2024-11-22T08:00:00,2.470,0.00,0.000
2024-11-22T08:00:00,2.470,0.00,0.000
2024-11-22T07:45:00,2.470,0.00,0.000
2024-11-22T07:45:00,2.470,0.00,0.000
2024-11-22T07:30:00,2.460,0.00,0.000
2024-11-22T07:30:00,2.460,0.00,0.000
2024-11-22T07:15:00,2.460,0.00,0.000
2024-11-22T07:15:00,2.460,0.00,0.000
2024-11-22T07:00:00,2.460,0.00,0.000
2024-11-22T07:00:00,2.460,0.00,0.000
2024-11-22T06:45:00,2.460,0.00,0.000
2024-11-22T06:45:00,2.460,0.00,0.000
2024-11-22T06:30:00,2.460,0.00,0.000
2024-11-22T06:30:00,2.460,0.00,0.000
2024-11-22T06:15:00,2.450,0.00,0.000
2024-11-22T06:15:00,2.450,0.00,0.000
2024-11-22T06:00:00,2.450,0.00,0.000
2024-11-22T06:00:00,2.450,0.00,0.000
2024-11-22T05:45:00,2.450,0.00,0.000
2024-11-22T05:45:00,2.450,0.00,0.000
2024-11-22T05:30:00,2.440,0.00,0.000
2024-11-22T05:30:00,2.440,0.00,0.000
2024-11-22T05:15:00,2.440,0.00,0.000
2024-11-22T05:15:00,2.440,0.00,0.000
2024-11-22T05:00:00,2.440,9.00,0.000
2024-11-22T05:00:00,2.440,9.00,0.000
2024-11-22T04:45:00,2.430,0.00,0.000
2024-11-22T04:45:00,2.430,0.00,0.000
2024-11-22T04:30:00,2.430,0.00,0.000
2024-11-22T04:30:00,2.430,0.00,0.000
2024-11-22T04:15:00,2.430,10.80,0.000
2024-11-22T04:15:00,2.430,10.80,0.000
2024-11-22T04:00:00,2.430,0.00,0.000
2024-11-22T04:00:00,2.430,0.00,0.000
2024-11-22T03:45:00,2.420,125.60,0.000
2024-11-22T03:45:00,2.420,125.60,0.000
2024-11-22T03:30:00,2.420,0.00,0.000
2024-11-22T03:30:00,2.420,0.00,0.000
2024-11-22T03:15:00,2.420,0.00,0.000
2024-11-22T03:15:00,2.420,0.00,0.000
2024-11-22T03:00:00,2.410,0.00,0.000
2024-11-22T03:00:00,2.410,0.00,0.000
2024-11-22T02:45:00,2.410,0.00,0.000
2024-11-22T02:45:00,2.410,0.00,0.000
2024-11-22T02:30:00,2.410,0.00,0.000
2024-11-22T02:30:00,2.410,0.00,0.000
2024-11-22T02:15:00,2.400,0.00,0.000
2024-11-22T02:15:00,2.400,0.00,0.000
2024-11-22T02:00:00,2.400,0.00,0.000
2024-11-22T02:00:00,2.400,0.00,0.000
2024-11-22T01:45:00,2.400,0.00,0.000
2024-11-22T01:45:00,2.400,0.00,0.000
2024-11-22T01:30:00,2.390,0.00,0.000
2024-11-22T01:30:00,2.390,0.00,0.000
2024-11-22T01:15:00,2.390,0.00,0.000
2024-11-22T01:15:00,2.390,0.00,0.000
2024-11-22T01:00:00,2.390,0.00,0.000
2024-11-22T01:00:00,2.390,0.00,0.000
2024-11-22T00:45:00,2.380,0.00,0.000
2024-11-22T00:45:00,2.380,0.00,0.000
2024-11-22T00:30:00,2.380,0.00,0.000
2024-11-22T00:30:00,2.380,0.00,0.000
2024-11-22T00:15:00,2.380,0.00,0.000
2024-11-22T00:15:00,2.380,0.00,0.000
2024-11-22T00:00:00,2.380,0.00,0.000
2024-11-22T00:00:00,2.380,0.00,0.000
2024-11-21T23:45:00,2.370,0.00,0.000
2024-11-21T23:45:00,2.370,0.00,0.000
2024-11-21T23:30:00,2.360,0.00,0.000
2024-11-21T23:30:00,2.360,0.00,0.000
2024-11-21T23:15:00,2.360,0.00,0.000
2024-11-21T23:15:00,2.360,0.00,0.000
2024-11-21T23:00:00,2.360,0.00,0.000
2024-11-21T23:00:00,2.360,0.00,0.000
2024-11-21T22:45:00,2.360,0.00,0.000
2024-11-21T22:45:00,2.360,0.00,0.000
2024-11-21T22:30:00,2.350,0.00,0.000
2024-11-21T22:30:00,2.350,0.00,0.000
2024-11-21T22:15:00,2.350,0.00,0.000
2024-11-21T22:15:00,2.350,0.00,0.000
2024-11-21T22:00:00,2.350,0.00,0.000
2024-11-21T22:00:00,2.350,0.00,0.000
2024-11-21T21:45:00,2.340,0.00,0.000
2024-11-21T21:45:00,2.340,0.00,0.000
2024-11-21T21:30:00,2.340,0.00,0.000
2024-11-21T21:30:00,2.340,0.00,0.000
2024-11-21T21:15:00,2.340,0.00,0.000
2024-11-21T21:15:00,2.340,0.00,0.000
2024-11-21T21:00:00,2.330,0.00,0.000
2024-11-21T21:00:00,2.330,0.00,0.000
2024-11-21T20:45:00,2.330,0.00,0.000
2024-11-21T20:45:00,2.330,0.00,0.000
2024-11-21T20:30:00,2.320,9.40,0.000
2024-11-21T20:30:00,2.320,9.40,0.000
2024-11-21T20:15:00,2.320,0.00,0.000
2024-11-21T20:15:00,2.320,0.00,0.000
2024-11-21T20:00:00,2.310,0.00,0.000
2024-11-21T20:00:00,2.310,0.00,0.000
2024-11-21T19:45:00,2.310,0.00,0.000
2024-11-21T19:45:00,2.310,0.00,0.000
2024-11-21T19:30:00,2.310,0.00,0.000
2024-11-21T19:30:00,2.310,0.00,0.000
2024-11-21T19:15:00,2.310,0.00,0.000
2024-11-21T19:15:00,2.310,0.00,0.000
2024-11-21T19:00:00,2.300,0.00,0.000
2024-11-21T19:00:00,2.300,0.00,0.000
2024-11-21T18:45:00,2.300,0.00,0.000
2024-11-21T18:45:00,2.300,0.00,0.000
2024-11-21T18:30:00,2.290,0.00,0.000
2024-11-21T18:30:00,2.290,0.00,0.000
2024-11-21T18:15:00,2.290,0.00,0.000
2024-11-21T18:15:00,2.290,0.00,0.000
2024-11-21T18:00:00,2.280,0.00,0.000
2024-11-21T18:00:00,2.280,0.00,0.000
2024-11-21T17:45:00,2.280,0.00,0.000
2024-11-21T17:45:00,2.280,0.00,0.000
2024-11-21T17:30:00,2.280,0.00,0.000
2024-11-21T17:30:00,2.280,0.00,0.000
2024-11-21T17:15:00,2.270,0.00,0.000
2024-11-21T17:15:00,2.270,0.00,0.000
2024-11-21T17:00:00,2.260,0.00,0.000
2024-11-21T17:00:00,2.260,0.00,0.000
2024-11-21T16:45:00,2.260,0.00,0.000
2024-11-21T16:45:00,2.260,0.00,0.000
2024-11-21T16:30:00,2.260,0.00,0.000
2024-11-21T16:30:00,2.260,0.00,0.000
2024-11-21T16:15:00,2.250,0.00,0.000
2024-11-21T16:15:00,2.250,0.00,0.000
2024-11-21T16:00:00,2.250,0.00,0.000
2024-11-21T16:00:00,2.250,0.00,0.000
2024-11-21T15:45:00,2.250,0.00,0.000
2024-11-21T15:45:00,2.250,0.00,0.000
2024-11-21T15:30:00,2.250,0.00,0.000
2024-11-21T15:30:00,2.250,0.00,0.000
2024-11-21T15:15:00,2.240,0.00,0.000
2024-11-21T15:15:00,2.240,0.00,0.000
2024-11-21T15:00:00,2.240,0.00,0.000
2024-11-21T15:00:00,2.240,0.00,0.000
2024-11-21T14:45:00,2.230,0.00,0.000
2024-11-21T14:45:00,2.230,0.00,0.000
2024-11-21T14:30:00,2.230,0.00,0.000
2024-11-21T14:30:00,2.230,0.00,0.000
2024-11-21T14:15:00,2.220,0.00,0.000
2024-11-21T14:15:00,2.220,0.00,0.000
2024-11-21T14:00:00,2.220,0.00,0.000
2024-11-21T14:00:00,2.220,0.00,0.000
2024-11-21T13:45:00,2.220,0.00,0.000
2024-11-21T13:45:00,2.220,0.00,0.000
2024-11-21T13:30:00,2.210,0.00,0.000
2024-11-21T13:30:00,2.210,0.00,0.000
2024-11-21T13:15:00,2.210,9.20,0.000
2024-11-21T13:15:00,2.210,9.20,0.000
2024-11-21T13:00:00,2.200,0.00,0.000
2024-11-21T13:00:00,2.200,0.00,0.000
2024-11-21T12:45:00,2.200,0.00,0.000
2024-11-21T12:45:00,2.200,0.00,0.000
2024-11-21T12:30:00,2.190,0.00,0.000
2024-11-21T12:30:00,2.190,0.00,0.000
2024-11-21T12:15:00,2.190,0.00,0.000
2024-11-21T12:15:00,2.190,0.00,0.000
2024-11-21T12:00:00,2.190,0.00,0.000
2024-11-21T12:00:00,2.190,0.00,0.000
2024-11-21T11:45:00,2.180,0.00,0.000
2024-11-21T11:45:00,2.180,0.00,0.000
2024-11-21T11:30:00,2.180,0.00,0.000
2024-11-21T11:30:00,2.180,0.00,0.000
2024-11-21T11:15:00,2.170,0.00,0.000
2024-11-21T11:15:00,2.170,0.00,0.000
2024-11-21T11:00:00,2.170,0.00,0.000
2024-11-21T11:00:00,2.170,0.00,0.000
2024-11-21T10:45:00,2.170,0.00,0.000
2024-11-21T10:45:00,2.170,0.00,0.000
2024-11-21T10:30:00,2.170,0.00,0.000
2024-11-21T10:30:00,2.170,0.00,0.000
2024-11-21T10:15:00,2.170,0.00,0.000
2024-11-21T10:15:00,2.170,0.00,0.000
2024-11-21T10:00:00,2.170,0.00,0.000
2024-11-21T10:00:00,2.170,0.00,0.000
2024-11-21T09:45:00,2.170,8.30,0.000
2024-11-21T09:45:00,2.170,8.30,0.000
2024-11-21T09:30:00,2.170,0.00,0.000
2024-11-21T09:30:00,2.170,0.00,0.000
2024-11-21T09:15:00,2.170,0.00,0.000
2024-11-21T09:15:00,2.170,0.00,0.000
2024-11-21T09:00:00,2.170,5.10,0.000
2024-11-21T09:00:00,2.170,5.10,0.000
2024-11-21T08:45:00,2.170,0.00,0.000
2024-11-21T08:45:00,2.170,0.00,0.000
2024-11-21T08:30:00,2.180,0.00,0.000
2024-11-21T08:30:00,2.180,0.00,0.000
2024-11-21T08:15:00,2.180,8.30,0.000
2024-11-21T08:15:00,2.180,8.30,0.000
2024-11-21T08:00:00,2.180,0.00,0.000
2024-11-21T08:00:00,2.180,0.00,0.000
2024-11-21T07:45:00,2.180,0.00,0.000
2024-11-21T07:45:00,2.180,0.00,0.000
2024-11-21T07:30:00,2.180,0.00,0.000
2024-11-21T07:30:00,2.180,0.00,0.000
2024-11-21T07:15:00,2.190,0.00,0.000
2024-11-21T07:15:00,2.190,0.00,0.000
2024-11-21T07:00:00,2.170,0.00,0.000
2024-11-21T07:00:00,2.170,0.00,0.000
2024-11-21T06:45:00,2.170,0.00,0.000
2024-11-21T06:45:00,2.170,0.00,0.000
2024-11-21T06:30:00,2.180,0.00,0.000
2024-11-21T06:30:00,2.180,0.00,0.000
2024-11-21T06:15:00,2.180,0.00,0.000
2024-11-21T06:15:00,2.180,0.00,0.000
2024-11-21T06:00:00,2.180,7.90,0.000
2024-11-21T06:00:00,2.180,7.90,0.000
2024-11-21T05:45:00,2.180,0.00,0.000
2024-11-21T05:45:00,2.180,0.00,0.000
2024-11-21T05:30:00,2.180,0.00,0.000
2024-11-21T05:30:00,2.180,0.00,0.000
2024-11-21T05:15:00,2.180,0.00,0.000
2024-11-21T05:15:00,2.180,0.00,0.000
2024-11-21T05:00:00,2.180,0.00,0.000
2024-11-21T05:00:00,2.180,0.00,0.000
2024-11-21T04:45:00,2.180,0.00,0.000
2024-11-21T04:45:00,2.180,0.00,0.000
2024-11-21T04:30:00,2.190,0.00,0.000
2024-11-21T04:30:00,2.190,0.00,0.000
2024-11-21T04:15:00,2.190,0.00,0.000
2024-11-21T04:15:00,2.190,0.00,0.000
2024-11-21T04:00:00,2.190,0.00,0.000
2024-11-21T04:00:00,2.190,0.00,0.000
2024-11-21T03:45:00,2.190,0.00,0.000
2024-11-21T03:45:00,2.190,0.00,0.000
2024-11-21T03:30:00,2.190,0.00,0.000
2024-11-21T03:30:00,2.190,0.00,0.000
2024-11-21T03:15:00,2.190,0.00,0.000
2024-11-21T03:15:00,2.190,0.00,0.000
2024-11-21T03:00:00,2.190,0.00,0.000
2024-11-21T03:00:00,2.190,0.00,0.000
2024-11-21T02:45:00,2.190,0.00,0.000
2024-11-21T02:45:00,2.190,0.00,0.000
2024-11-21T02:30:00,2.190,0.00,0.000
2024-11-21T02:30:00,2.190,0.00,0.000
2024-11-21T02:15:00,2.190,0.00,0.000
2024-11-21T02:15:00,2.190,0.00,0.000
2024-11-21T02:00:00,2.200,0.00,0.000
2024-11-21T02:00:00,2.200,0.00,0.000
2024-11-21T01:45:00,2.200,0.00,0.000
2024-11-21T01:45:00,2.200,0.00,0.000
2024-11-21T01:30:00,2.200,0.00,0.000
2024-11-21T01:30:00,2.200,0.00,0.000
2024-11-21T01:15:00,2.200,0.00,0.000
2024-11-21T01:15:00,2.200,0.00,0.000
2024-11-21T01:00:00,2.200,0.00,0.000
2024-11-21T01:00:00,2.200,0.00,0.000
2024-11-21T00:45:00,2.200,0.00,0.000
2024-11-21T00:45:00,2.200,0.00,0.000
2024-11-21T00:30:00,2.200,0.00,0.000
2024-11-21T00:30:00,2.200,0.00,0.000
2024-11-21T00:15:00,2.200,0.00,0.000
2024-11-21T00:15:00,2.200,0.00,0.000
2024-11-21T00:00:00,2.200,0.00,0.000
2024-11-21T00:00:00,2.200,0.00,0.000
2024-11-20T23:45:00,2.210,0.00,0.000
2024-11-20T23:45:00,2.210,0.00,0.000
2024-11-20T23:30:00,2.200,0.00,0.000
2024-11-20T23:30:00,2.200,0.00,0.000
2024-11-20T23:15:00,2.210,0.00,0.000
2024-11-20T23:15:00,2.210,0.00,0.000
2024-11-20T23:00:00,2.210,0.00,0.000
2024-11-20T23:00:00,2.210,0.00,0.000
2024-11-20T22:45:00,2.210,0.00,0.000
2024-11-20T22:45:00,2.210,0.00,0.000
2024-11-20T22:30:00,2.210,0.00,0.000
2024-11-20T22:30:00,2.210,0.00,0.000
2024-11-20T22:15:00,2.210,0.00,0.000
2024-11-20T22:15:00,2.210,0.00,0.000
2024-11-20T22:00:00,2.210,0.00,0.000
2024-11-20T22:00:00,2.210,0.00,0.000
2024-11-20T21:45:00,2.210,0.00,0.000
2024-11-20T21:45:00,2.210,0.00,0.000
2024-11-20T21:30:00,2.210,0.00,0.000
2024-11-20T21:30:00,2.210,0.00,0.000
2024-11-20T21:15:00,2.210,0.00,0.000
2024-11-20T21:15:00,2.210,0.00,0.000
2024-11-20T21:00:00,2.210,0.00,0.000
2024-11-20T21:00:00,2.210,0.00,0.000
2024-11-20T20:45:00,2.210,0.00,0.000
2024-11-20T20:45:00,2.210,0.00,0.000
2024-11-20T20:30:00,2.210,0.00,0.000
2024-11-20T20:30:00,2.210,0.00,0.000
2024-11-20T20:15:00,2.210,0.00,0.000
2024-11-20T20:15:00,2.210,0.00,0.000
2024-11-20T20:00:00,2.210,0.00,0.000
2024-11-20T20:00:00,2.210,0.00,0.000
2024-11-20T19:45:00,2.210,0.00,0.000
2024-11-20T19:45:00,2.210,0.00,0.000
2024-11-20T19:30:00,2.210,0.00,0.000
2024-11-20T19:30:00,2.210,0.00,0.000
2024-11-20T19:15:00,2.220,0.00,0.000
2024-11-20T19:15:00,2.220,0.00,0.000
2024-11-20T19:00:00,2.210,0.00,0.000
2024-11-20T19:00:00,2.210,0.00,0.000
2024-11-20T18:45:00,2.210,0.00,0.000
2024-11-20T18:45:00,2.210,0.00,0.000
2024-11-20T18:30:00,2.210,0.00,0.000
2024-11-20T18:30:00,2.210,0.00,0.000
2024-11-20T18:15:00,2.200,0.00,0.000
2024-11-20T18:15:00,2.200,0.00,0.000
2024-11-20T18:00:00,2.200,0.00,0.000
2024-11-20T18:00:00,2.200,0.00,0.000
2024-11-20T17:45:00,2.200,0.00,0.000
2024-11-20T17:45:00,2.200,0.00,0.000
2024-11-20T17:30:00,2.200,0.00,0.000
2024-11-20T17:30:00,2.200,0.00,0.000
2024-11-20T17:15:00,2.200,0.00,0.000
2024-11-20T17:15:00,2.200,0.00,0.000
2024-11-20T17:00:00,2.200,0.00,0.000
2024-11-20T17:00:00,2.200,0.00,0.000
2024-11-20T16:45:00,2.200,0.00,0.000
2024-11-20T16:45:00,2.200,0.00,0.000
2024-11-20T16:30:00,2.210,0.00,0.000
2024-11-20T16:30:00,2.210,0.00,0.000
2024-11-20T16:15:00,2.210,0.00,0.000
2024-11-20T16:15:00,2.210,0.00,0.000
2024-11-20T16:00:00,2.210,0.00,0.000
2024-11-20T16:00:00,2.210,0.00,0.000
2024-11-20T15:45:00,2.210,0.00,0.000
2024-11-20T15:45:00,2.210,0.00,0.000
2024-11-20T15:30:00,2.220,0.00,0.000
2024-11-20T15:30:00,2.220,0.00,0.000
2024-11-20T15:15:00,2.220,0.00,0.000
2024-11-20T15:15:00,2.220,0.00,0.000
2024-11-20T15:00:00,2.220,14.20,0.000
2024-11-20T15:00:00,2.220,14.20,0.000
2024-11-20T14:45:00,2.220,0.00,0.000
2024-11-20T14:45:00,2.220,0.00,0.000
2024-11-20T14:30:00,2.220,0.00,0.000
2024-11-20T14:30:00,2.220,0.00,0.000
2024-11-20T14:15:00,2.220,0.00,0.000
2024-11-20T14:15:00,2.220,0.00,0.000
2024-11-20T14:00:00,2.220,0.00,0.000
2024-11-20T14:00:00,2.220,0.00,0.000
2024-11-20T13:45:00,2.230,0.00,0.000
2024-11-20T13:45:00,2.230,0.00,0.000
2024-11-20T13:30:00,2.230,6.90,0.000
2024-11-20T13:30:00,2.230,6.90,0.000
2024-11-20T13:15:00,2.230,0.00,0.000
2024-11-20T13:15:00,2.230,0.00,0.000
2024-11-20T13:00:00,2.230,0.00,0.000
2024-11-20T13:00:00,2.230,0.00,0.000
2024-11-20T12:45:00,2.240,0.00,0.000
2024-11-20T12:30:00,2.240,0.00,0.000
2024-11-20T12:15:00,2.240,0.00,0.000
2024-11-20T12:00:00,2.240,0.00,0.000
2024-11-20T11:45:00,2.240,0.00,0.000
2024-11-20T11:30:00,2.240,0.00,0.000
2024-11-20T11:15:00,2.240,0.00,0.000
2024-11-20T11:00:00,2.240,0.00,0.000
2024-11-20T10:45:00,2.250,0.00,0.000
2024-11-20T10:30:00,2.250,0.00,0.000
2024-11-20T10:15:00,2.260,0.00,0.000
2024-11-20T10:00:00,2.260,0.00,0.000
2024-11-20T09:45:00,2.260,0.00,0.000
2024-11-20T09:30:00,2.270,0.00,0.000
2024-11-20T09:15:00,2.260,0.00,0.000
2024-11-20T09:00:00,2.250,0.00,0.000
2024-11-20T08:45:00,2.250,0.00,0.000
2024-11-20T08:30:00,2.250,0.00,0.000
2024-11-20T08:15:00,2.250,0.00,0.000
2024-11-20T08:00:00,2.260,0.00,0.000
2024-11-20T07:45:00,2.270,0.00,0.000
2024-11-20T07:30:00,2.280,0.00,0.000
2024-11-20T07:15:00,2.280,0.00,0.000
2024-11-20T07:00:00,2.290,0.00,0.000
2024-11-20T06:45:00,2.300,0.00,0.000
2024-11-20T06:30:00,2.310,0.00,0.000
2024-11-20T06:15:00,2.310,0.00,0.000
2024-11-20T06:00:00,2.320,0.00,0.000
2024-11-20T05:45:00,2.330,0.00,0.000
2024-11-20T05:30:00,2.330,0.00,0.000
2024-11-20T05:15:00,2.340,0.00,0.000
2024-11-20T05:00:00,2.350,0.00,0.000
2024-11-20T04:45:00,2.350,0.00,0.000
2024-11-20T04:30:00,2.360,0.00,0.000
2024-11-20T04:15:00,2.370,0.00,0.000
2024-11-20T04:00:00,2.380,0.00,0.000
2024-11-20T03:45:00,2.380,0.00,0.000
2024-11-20T03:30:00,2.390,0.00,0.000
2024-11-20T03:15:00,2.400,0.00,0.000
2024-11-20T03:00:00,2.400,0.00,0.000
2024-11-20T02:45:00,2.410,0.00,0.000
2024-11-20T02:30:00,2.420,0.00,0.000
2024-11-20T02:15:00,2.430,0.00,0.000
2024-11-20T02:00:00,2.430,0.00,0.000
2024-11-20T01:45:00,2.440,0.00,0.000
2024-11-20T01:30:00,2.450,0.00,0.000
2024-11-20T01:15:00,2.460,0.00,0.000
2024-11-20T01:00:00,2.460,10.90,0.000
2024-11-20T00:45:00,2.470,0.00,0.000
2024-11-20T00:30:00,2.480,0.00,0.000
2024-11-20T00:15:00,2.490,0.00,0.000
2024-11-20T00:00:00,2.500,0.00,0.000
2024-11-19T23:45:00,2.500,0.00,0.000
2024-11-19T23:30:00,2.510,0.00,0.000
2024-11-19T23:15:00,2.520,0.00,0.000
2024-11-19T23:00:00,2.530,0.00,0.000
2024-11-19T22:45:00,2.530,0.00,0.000
2024-11-19T22:30:00,2.540,0.00,0.000
2024-11-19T22:15:00,2.550,0.00,0.000
2024-11-19T22:00:00,2.560,0.00,0.000
2024-11-19T21:45:00,2.570,0.00,0.000
2024-11-19T21:30:00,2.570,0.00,0.000
2024-11-19T21:15:00,2.580,0.00,0.000
2024-11-19T21:00:00,2.590,0.00,0.000
2024-11-19T20:45:00,2.600,0.00,0.000
2024-11-19T20:30:00,2.600,0.00,0.000
2024-11-19T20:15:00,2.610,0.00,0.000
2024-11-19T20:00:00,2.630,0.00,0.000
2024-11-19T19:45:00,2.630,0.00,0.000
2024-11-19T19:30:00,2.640,0.00,0.000
2024-11-19T19:15:00,2.650,0.00,0.000
2024-11-19T19:00:00,2.660,0.00,0.000
2024-11-19T18:45:00,2.670,0.00,0.000
2024-11-19T18:30:00,2.670,0.00,0.000
2024-11-19T18:15:00,2.680,0.00,0.000
2024-11-19T18:00:00,2.690,0.00,0.000
2024-11-19T17:45:00,2.700,0.00,0.000
2024-11-19T17:30:00,2.700,0.00,0.000
2024-11-19T17:15:00,2.710,0.00,0.000
2024-11-19T17:00:00,2.730,0.00,0.000
2024-11-19T16:45:00,2.730,0.00,0.000
2024-11-19T16:30:00,2.740,0.00,0.000
2024-11-19T16:15:00,2.750,0.00,0.000
2024-11-19T16:00:00,2.770,0.00,0.000
2024-11-19T15:45:00,2.770,0.00,0.000
2024-11-19T15:30:00,2.780,0.00,0.000
2024-11-19T15:15:00,2.790,0.00,0.000
2024-11-19T15:00:00,2.800,0.00,0.000
2024-11-19T14:45:00,2.810,0.00,0.000
2024-11-19T14:30:00,2.820,0.00,0.000
2024-11-19T14:15:00,2.830,0.00,0.000
2024-11-19T14:00:00,2.830,0.00,0.000
2024-11-19T13:45:00,2.840,0.00,0.000
2024-11-19T13:30:00,2.850,0.00,0.000
2024-11-19T13:15:00,2.850,0.00,0.000
2024-11-19T13:00:00,2.870,0.00,0.000
2024-11-19T12:45:00,2.880,0.00,0.000
2024-11-19T12:30:00,2.880,0.00,0.000
2024-11-19T12:15:00,2.880,0.00,0.000
2024-11-19T12:00:00,2.880,0.00,0.000
2024-11-19T11:45:00,2.880,0.00,0.000
2024-11-19T11:30:00,2.880,0.00,0.000
2024-11-19T11:15:00,2.880,0.00,0.000
2024-11-19T11:00:00,2.890,0.00,0.000
2024-11-19T10:45:00,2.890,0.00,0.000
2024-11-19T10:30:00,2.890,0.00,0.000
2024-11-19T10:15:00,2.900,0.00,0.000
2024-11-19T10:00:00,2.900,0.00,0.000
2024-11-19T09:45:00,2.900,0.00,0.000
2024-11-19T09:30:00,2.900,0.00,0.000
2024-11-19T09:15:00,2.910,0.00,0.000
2024-11-19T09:00:00,2.900,0.00,0.000
2024-11-19T08:45:00,2.900,0.00,0.000
2024-11-19T08:30:00,2.910,0.00,0.000
2024-11-19T08:15:00,2.910,0.00,0.000
2024-11-19T08:00:00,2.920,0.00,0.000
2024-11-19T07:45:00,2.920,0.00,0.000
2024-11-19T07:30:00,2.930,0.00,0.000
2024-11-19T07:15:00,2.930,0.00,0.000
2024-11-19T07:00:00,2.940,0.00,0.000
2024-11-19T06:45:00,2.940,0.00,0.000
2024-11-19T06:30:00,2.940,0.00,0.000
2024-11-19T06:15:00,2.940,0.00,0.000
2024-11-19T06:00:00,2.940,0.00,0.000
2024-11-19T05:45:00,2.940,0.00,0.000
2024-11-19T05:30:00,2.950,0.00,0.000
2024-11-19T05:15:00,2.950,0.00,0.000
2024-11-19T05:00:00,2.950,0.00,0.000
2024-11-19T04:45:00,2.950,0.00,0.000
2024-11-19T04:30:00,2.950,0.00,0.000
2024-11-19T04:15:00,2.950,0.00,0.000
2024-11-19T04:00:00,2.950,0.00,0.000
2024-11-19T03:45:00,2.950,0.00,0.000
2024-11-19T03:30:00,2.950,0.00,0.000
2024-11-19T03:15:00,2.950,0.00,0.000
2024-11-19T03:00:00,2.950,0.00,0.000
2024-11-19T02:45:00,2.960,0.00,0.000
2024-11-19T02:30:00,2.950,0.00,0.000
2024-11-19T02:15:00,2.950,0.00,0.000
2024-11-19T02:00:00,2.960,0.00,0.000
2024-11-19T01:45:00,2.960,0.00,0.000
2024-11-19T01:30:00,2.960,0.00,0.000
2024-11-19T01:15:00,2.960,0.00,0.000
2024-11-19T01:00:00,2.960,0.00,0.000
2024-11-19T00:45:00,2.960,0.00,0.000
2024-11-19T00:30:00,2.960,0.00,0.000
2024-11-19T00:15:00,2.960,0.00,0.000
2024-11-19T00:00:00,2.960,0.00,0.000
2024-11-18T23:45:00,2.960,0.00,0.000
2024-11-18T23:30:00,2.960,0.00,0.000
2024-11-18T23:15:00,2.970,0.00,0.000
2024-11-18T23:00:00,2.970,0.00,0.000
2024-11-18T22:45:00,2.970,0.00,0.000
2024-11-18T22:30:00,2.970,0.00,0.000
2024-11-18T22:15:00,2.970,0.00,0.000
2024-11-18T22:00:00,2.970,0.00,0.000
2024-11-18T21:45:00,2.970,0.00,0.000
2024-11-18T21:30:00,2.970,0.00,0.000
2024-11-18T21:15:00,2.970,0.00,0.000
2024-11-18T21:00:00,2.970,0.00,0.000
2024-11-18T20:45:00,2.970,0.00,0.000
2024-11-18T20:30:00,2.970,0.00,0.000
2024-11-18T20:15:00,2.980,0.00,0.000
2024-11-18T20:00:00,2.980,0.00,0.000
2024-11-18T19:45:00,2.980,0.00,0.000
2024-11-18T19:30:00,2.980,0.00,0.000
2024-11-18T19:15:00,2.980,0.00,0.000
2024-11-18T19:00:00,2.980,0.00,0.000
2024-11-18T18:45:00,2.980,0.00,0.000
2024-11-18T18:30:00,2.980,0.00,0.000
2024-11-18T18:15:00,2.980,0.00,0.000
2024-11-18T18:00:00,2.980,0.00,0.000
2024-11-18T17:45:00,2.980,0.00,0.000
2024-11-18T17:30:00,2.980,0.00,0.000
2024-11-18T17:15:00,2.970,0.00,0.000
2024-11-18T17:00:00,2.970,0.00,0.000
2024-11-18T16:45:00,2.970,0.00,0.000
2024-11-18T16:30:00,2.970,0.00,0.000
2024-11-18T16:15:00,2.970,0.00,0.000
2024-11-18T16:00:00,2.970,0.00,0.000
2024-11-18T15:45:00,2.970,0.00,0.000
2024-11-18T15:30:00,2.970,0.00,0.000
2024-11-18T15:15:00,2.970,0.00,0.000
2024-11-18T15:00:00,2.970,0.00,0.000
2024-11-18T14:45:00,2.970,0.00,0.000
2024-11-18T14:30:00,2.970,0.00,0.000
2024-11-18T14:15:00,2.960,0.00,0.000
2024-11-18T14:00:00,2.960,0.00,0.000
2024-11-18T13:45:00,2.960,0.00,0.000
2024-11-18T13:30:00,2.960,0.00,0.000
2024-11-18T13:15:00,2.960,0.00,0.000
2024-11-18T13:00:00,2.960,0.00,0.000
2024-11-18T12:45:00,2.950,0.00,0.000
2024-11-18T12:30:00,2.950,0.00,0.000
2024-11-18T12:15:00,2.950,0.00,0.000
2024-11-18T12:00:00,2.950,0.00,0.000
2024-11-18T11:45:00,2.940,0.00,0.000
2024-11-18T11:30:00,2.940,0.00,0.000
2024-11-18T11:15:00,2.940,0.00,0.000
2024-11-18T11:00:00,2.940,0.00,0.000
2024-11-18T10:45:00,2.940,0.00,0.000
2024-11-18T10:30:00,2.940,0.00,0.000
2024-11-18T10:15:00,2.940,0.00,0.000
2024-11-18T10:00:00,2.940,0.00,0.000
2024-11-18T09:45:00,2.940,0.00,0.000
2024-11-18T09:30:00,2.950,0.00,0.000
2024-11-18T09:15:00,2.940,0.00,0.000
2024-11-18T09:00:00,2.940,0.00,0.000
2024-11-18T08:45:00,2.940,0.00,0.000
2024-11-18T08:30:00,2.940,0.00,0.000
2024-11-18T08:15:00,2.940,0.00,0.000
2024-11-18T08:00:00,2.940,0.00,0.000
2024-11-18T07:45:00,2.940,0.00,0.000
2024-11-18T07:30:00,2.930,0.00,0.000
2024-11-18T07:15:00,2.930,0.00,0.000
2024-11-18T07:00:00,2.930,0.00,0.000
2024-11-18T06:45:00,2.930,0.00,0.000
2024-11-18T06:30:00,2.930,0.00,0.000
2024-11-18T06:15:00,2.930,0.00,0.000
2024-11-18T06:00:00,2.920,14.10,0.000
2024-11-18T05:45:00,2.920,0.00,0.000
2024-11-18T05:30:00,2.920,0.00,0.000
2024-11-18T05:15:00,2.920,0.00,0.000
2024-11-18T05:00:00,2.920,0.00,0.000
2024-11-18T04:45:00,2.920,0.00,0.000
2024-11-18T04:30:00,2.920,0.00,0.000
2024-11-18T04:15:00,2.910,0.00,0.000
2024-11-18T04:00:00,2.910,0.00,0.000
2024-11-18T03:45:00,2.900,0.00,0.000
2024-11-18T03:30:00,2.900,0.00,0.000
2024-11-18T03:15:00,2.900,0.00,0.000
2024-11-18T03:00:00,2.900,0.00,0.000
2024-11-18T02:45:00,2.900,0.00,0.000
2024-11-18T02:30:00,2.900,0.00,0.000
2024-11-18T02:15:00,2.900,0.00,0.000
2024-11-18T02:00:00,2.890,0.00,0.000
2024-11-18T01:45:00,2.890,0.00,0.000
2024-11-18T01:30:00,2.890,0.00,0.000
2024-11-18T01:15:00,2.890,0.00,0.000
2024-11-18T01:00:00,2.890,0.00,0.000
2024-11-18T00:45:00,2.890,0.00,0.000
2024-11-18T00:30:00,2.890,0.00,0.000
2024-11-18T00:15:00,2.890,0.00,0.000
2024-11-18T00:00:00,2.890,0.00,0.000
2024-12-01T23:45:00,2.340,0.00,0.000
2024-12-01T23:30:00,2.340,0.00,0.000
2024-12-01T23:15:00,2.340,0.00,0.000
2024-12-01T23:00:00,2.340,0.00,0.000
2024-12-01T22:45:00,2.340,0.00,0.000
2024-12-01T22:30:00,2.340,0.00,0.000
2024-12-01T22:15:00,2.340,0.00,0.000
2024-12-01T22:00:00,2.340,0.00,0.000
2024-12-01T21:45:00,2.340,0.00,0.000
2024-12-01T21:30:00,2.340,0.00,0.000
2024-12-01T21:15:00,2.340,0.00,0.000
2024-12-01T21:00:00,2.340,0.00,0.000
2024-12-01T20:45:00,2.340,0.00,0.000
2024-12-01T20:30:00,2.340,0.00,0.000
2024-12-01T20:15:00,2.340,0.00,0.000
2024-12-01T20:00:00,2.340,0.00,0.000
2024-12-01T19:45:00,2.340,0.00,0.000
2024-12-01T19:30:00,2.350,0.00,0.000
2024-12-01T19:15:00,2.350,0.00,0.000
2024-12-01T19:00:00,2.340,0.00,0.000
2024-12-01T18:45:00,2.340,0.00,0.000
2024-12-01T18:30:00,2.350,0.00,0.000
2024-12-01T18:15:00,2.340,0.00,0.000
2024-12-01T18:00:00,2.350,17.70,0.000
2024-12-01T17:45:00,2.350,0.00,0.000
2024-12-01T17:30:00,2.350,0.00,0.000
2024-12-01T17:15:00,2.350,0.00,0.000
2024-12-01T17:00:00,2.350,0.00,0.000
2024-12-01T16:45:00,2.350,0.00,0.000
2024-12-01T16:30:00,2.350,0.00,0.000
2024-12-01T16:15:00,2.350,0.00,0.000
2024-12-01T16:00:00,2.350,0.00,0.000
2024-12-01T15:45:00,2.360,0.00,0.000
2024-12-01T15:30:00,2.360,0.00,0.000
2024-12-01T15:15:00,2.360,0.00,0.000
2024-12-01T15:00:00,2.360,0.00,0.000
2024-12-01T14:45:00,2.360,0.00,0.000
2024-12-01T14:30:00,2.370,0.00,0.000
2024-12-01T14:15:00,2.370,0.00,0.000
2024-12-01T14:00:00,2.370,0.00,0.000
2024-12-01T13:45:00,2.370,0.00,0.000
2024-12-01T13:30:00,2.370,0.00,0.000
2024-12-01T13:15:00,2.380,0.00,0.000
2024-12-01T13:00:00,2.370,0.00,0.000
2024-12-01T12:45:00,2.380,0.00,0.000
2024-12-01T12:30:00,2.380,0.00,0.000
2024-12-01T12:15:00,2.380,0.00,0.000
2024-12-01T12:00:00,2.380,0.00,0.000
2024-12-01T11:45:00,2.380,0.00,0.000
2024-12-01T11:30:00,2.390,0.00,0.000
2024-12-01T11:15:00,2.390,0.00,0.000
2024-12-01T11:00:00,2.390,0.00,0.000
2024-12-01T10:45:00,2.390,0.00,0.000
2024-12-01T10:30:00,2.390,0.00,0.000
2024-12-01T10:15:00,2.390,0.00,0.000
2024-12-01T10:00:00,2.390,0.00,0.000
2024-12-01T09:45:00,2.400,0.00,0.000
2024-12-01T09:30:00,2.400,0.00,0.000
2024-12-01T09:15:00,2.400,0.00,0.000
2024-12-01T09:00:00,2.400,0.00,0.000
2024-12-01T08:45:00,2.400,0.00,0.000
2024-12-01T08:30:00,2.410,9.20,0.000
2024-12-01T08:15:00,2.410,0.00,0.000
2024-12-01T08:00:00,2.410,0.00,0.000
2024-12-01T07:45:00,2.410,0.00,0.000
2024-12-01T07:30:00,2.410,0.00,0.000
2024-12-01T07:15:00,2.410,0.00,0.000
2024-12-01T07:00:00,2.420,0.00,0.000
2024-12-01T06:45:00,2.420,0.00,0.000
2024-12-01T06:30:00,2.420,0.00,0.000
2024-12-01T06:15:00,2.420,10.00,0.000
2024-12-01T06:00:00,2.420,0.00,0.000
2024-12-01T05:45:00,2.420,0.00,0.000
2024-12-01T05:30:00,2.420,0.00,0.000
2024-12-01T05:15:00,2.420,0.00,0.000
2024-12-01T05:00:00,2.420,0.00,0.000
2024-12-01T04:45:00,2.420,0.00,0.000
2024-12-01T04:30:00,2.420,0.00,0.000
2024-12-01T04:15:00,2.420,0.00,0.000
2024-12-01T04:00:00,2.420,0.00,0.000
2024-12-01T03:45:00,2.420,0.00,0.000
2024-12-01T03:30:00,2.430,0.00,0.000
2024-12-01T03:15:00,2.430,0.00,0.000
2024-12-01T03:00:00,2.420,0.00,0.000
2024-12-01T02:45:00,2.420,0.00,0.000
2024-12-01T02:30:00,2.430,0.00,0.000
2024-12-01T02:15:00,2.430,0.00,0.000
2024-12-01T02:00:00,2.430,0.00,0.000
2024-12-01T01:45:00,2.430,0.00,0.000
2024-12-01T01:30:00,2.430,0.00,0.000
2024-12-01T01:15:00,2.430,0.00,0.000
2024-12-01T01:00:00,2.430,0.00,0.000
2024-12-01T00:45:00,2.430,0.00,0.000
2024-12-01T00:30:00,2.430,0.00,0.000
2024-12-01T00:15:00,2.430,0.00,0.000
2024-12-01T00:00:00,2.440,0.00,0.000
2024-11-30T23:45:00,2.430,0.00,0.000
2024-11-30T23:30:00,2.440,0.00,0.000
2024-11-30T23:15:00,2.430,0.00,0.000
2024-11-30T23:00:00,2.440,0.00,0.000
2024-11-30T22:45:00,2.440,0.00,0.000
2024-11-30T22:30:00,2.440,0.00,0.000
2024-11-30T22:15:00,2.440,0.00,0.000
2024-11-30T22:00:00,2.440,0.00,0.000
2024-11-30T21:45:00,2.440,0.00,0.000
2024-11-30T21:30:00,2.440,0.00,0.000
2024-11-30T21:15:00,2.440,0.00,0.000
2024-11-30T21:00:00,2.440,0.00,0.000
2024-11-30T20:45:00,2.440,0.00,0.000
2024-11-30T20:30:00,2.440,0.00,0.000
2024-11-30T20:15:00,2.440,0.00,0.000
2024-11-30T20:00:00,2.440,0.00,0.000
2024-11-30T19:45:00,2.450,0.00,0.000
2024-11-30T19:30:00,2.450,0.00,0.000
2024-11-30T19:15:00,2.450,0.00,0.000
2024-11-30T19:00:00,2.450,0.00,0.000
2024-11-30T18:45:00,2.450,10.90,0.000
2024-11-30T18:30:00,2.450,0.00,0.000
2024-11-30T18:15:00,2.450,22.50,0.000
2024-11-30T18:00:00,2.450,0.00,0.000
2024-11-30T17:45:00,2.450,0.00,0.000
2024-11-30T17:30:00,2.450,0.00,0.000
2024-11-30T17:15:00,2.450,0.00,0.000
2024-11-30T17:00:00,2.450,0.00,0.000
2024-11-30T16:45:00,2.450,0.00,0.000
2024-11-30T16:30:00,2.460,0.00,0.000
2024-11-30T16:15:00,2.460,0.00,0.000
2024-11-30T16:00:00,2.460,0.00,0.000
2024-11-30T15:45:00,2.460,0.00,0.000
2024-11-30T15:30:00,2.460,0.00,0.000
2024-11-30T15:15:00,2.470,0.00,0.000
2024-11-30T15:00:00,2.470,0.00,0.000
2024-11-30T14:45:00,2.470,0.00,0.000
2024-11-30T14:30:00,2.470,0.00,0.000
2024-11-30T14:15:00,2.470,0.00,0.000
2024-11-30T14:00:00,2.470,0.00,0.000
2024-11-30T13:45:00,2.480,0.00,0.000
2024-11-30T13:30:00,2.480,0.00,0.000
2024-11-30T13:15:00,2.480,0.00,0.000
2024-11-30T13:00:00,2.480,0.00,0.000
2024-11-30T12:45:00,2.480,10.40,0.000
2024-11-30T12:30:00,2.490,10.40,0.000
2024-11-30T12:15:00,2.490,0.00,0.000
2024-11-30T12:00:00,2.490,0.00,0.000
2024-11-30T11:45:00,2.490,0.00,0.000
2024-11-30T11:30:00,2.490,0.00,0.000
2024-11-30T11:15:00,2.490,0.00,0.000
2024-11-30T11:00:00,2.490,0.00,0.000
2024-11-30T10:45:00,2.500,0.00,0.000
2024-11-30T10:30:00,2.500,0.00,0.000
2024-11-30T10:15:00,2.500,0.00,0.000
2024-11-30T10:00:00,2.500,0.00,0.000
2024-11-30T09:45:00,2.500,0.00,0.000
2024-11-30T09:30:00,2.500,0.00,0.000
2024-11-30T09:15:00,2.510,0.00,0.000
2024-11-30T09:00:00,2.510,0.00,0.000
2024-11-30T08:45:00,2.510,0.00,0.000
2024-11-30T08:30:00,2.510,0.00,0.000
2024-11-30T08:15:00,2.510,0.00,0.000
2024-11-30T08:00:00,2.510,11.00,0.000
2024-11-30T07:45:00,2.510,0.00,0.000
2024-11-30T07:30:00,2.520,0.00,0.000
2024-11-30T07:15:00,2.520,0.00,0.000
2024-11-30T07:00:00,2.520,0.00,0.000
2024-11-30T06:45:00,2.520,0.00,0.000
2024-11-30T06:30:00,2.520,0.00,0.000
2024-11-30T06:15:00,2.520,0.00,0.000
2024-11-30T06:00:00,2.520,0.00,0.000
2024-11-30T05:45:00,2.530,0.00,0.000
2024-11-30T05:30:00,2.520,0.00,0.000
2024-11-30T05:15:00,2.520,0.00,0.000
2024-11-30T05:00:00,2.530,0.00,0.000
2024-11-30T04:45:00,2.530,0.00,0.000
2024-11-30T04:30:00,2.530,0.00,0.000
2024-11-30T04:15:00,2.530,0.00,0.000
2024-11-30T04:00:00,2.530,0.00,0.000
2024-11-30T03:45:00,2.530,0.00,0.000
2024-11-30T03:30:00,2.530,0.00,0.000
2024-11-30T03:15:00,2.530,0.00,0.000
2024-11-30T03:00:00,2.530,0.00,0.000
2024-11-30T02:45:00,2.530,0.00,0.000
2024-11-30T02:30:00,2.530,0.00,0.000
2024-11-30T02:15:00,2.540,0.00,0.000
2024-11-30T02:00:00,2.530,0.00,0.000
2024-11-30T01:45:00,2.540,0.00,0.000
2024-11-30T01:30:00,2.540,0.00,0.000
2024-11-30T01:15:00,2.540,0.00,0.000
2024-11-30T01:00:00,2.540,0.00,0.000
2024-11-30T00:45:00,2.540,0.00,0.000
2024-11-30T00:30:00,2.540,0.00,0.000
2024-11-30T00:15:00,2.540,0.00,0.000
2024-11-30T00:00:00,2.540,0.00,0.000
2024-11-29T23:45:00,2.540,0.00,0.000
2024-11-29T23:30:00,2.540,0.00,0.000
2024-11-29T23:15:00,2.540,0.00,0.000
2024-11-29T23:00:00,2.540,0.00,0.000
2024-11-29T22:45:00,2.540,0.00,0.000
2024-11-29T22:30:00,2.550,0.00,0.000
2024-11-29T22:15:00,2.550,0.00,0.000
2024-11-29T22:00:00,2.550,0.00,0.000
2024-11-29T21:45:00,2.550,0.00,0.000
2024-11-29T21:30:00,2.550,0.00,0.000
2024-11-29T21:15:00,2.550,0.00,0.000
2024-11-29T21:00:00,2.550,0.00,0.000
2024-11-29T20:45:00,2.550,0.00,0.000
2024-11-29T20:30:00,2.550,0.00,0.000
2024-11-29T20:15:00,2.550,0.00,0.000
2024-11-29T20:00:00,2.550,0.00,0.000
2024-11-29T19:45:00,2.550,9.70,0.000
2024-11-29T19:30:00,2.550,0.00,0.000
2024-11-29T19:15:00,2.550,0.00,0.000
2024-11-29T19:00:00,2.550,0.00,0.000
2024-11-29T18:45:00,2.560,11.20,0.000
2024-11-29T18:30:00,2.550,0.00,0.000
2024-11-29T18:15:00,2.560,0.00,0.000
2024-11-29T18:00:00,2.560,0.00,0.000
2024-11-29T17:45:00,2.560,0.00,0.000
2024-11-29T17:30:00,2.560,0.00,0.000
2024-11-29T17:15:00,2.560,0.00,0.000
2024-11-29T17:00:00,2.550,0.00,0.000
2024-11-29T16:45:00,2.560,0.00,0.000
2024-11-29T16:30:00,2.560,0.00,0.000
2024-11-29T16:15:00,2.560,0.00,0.000
2024-11-29T16:00:00,2.570,0.00,0.000
2024-11-29T15:45:00,2.570,0.00,0.000
2024-11-29T15:30:00,2.570,0.00,0.000
2024-11-29T15:15:00,2.570,0.00,0.000
2024-11-29T15:00:00,2.580,0.00,0.000
2024-11-29T14:45:00,2.570,0.00,0.000
2024-11-29T14:30:00,2.580,0.00,0.000
2024-11-29T14:15:00,2.580,0.00,0.000
2024-11-29T14:00:00,2.580,0.00,0.000
2024-11-29T13:45:00,2.580,0.00,0.000
2024-11-29T13:30:00,2.580,0.00,0.000
2024-11-29T13:15:00,2.580,0.00,0.000
2024-11-29T13:00:00,2.580,0.00,0.000
2024-11-29T12:45:00,2.590,0.00,0.000
2024-11-29T12:30:00,2.590,0.00,0.000
2024-11-29T12:15:00,2.590,0.00,0.000
2024-11-29T12:00:00,2.590,0.00,0.000
2024-11-29T11:45:00,2.590,0.00,0.000
2024-11-29T11:30:00,2.590,0.00,0.000
2024-11-29T11:15:00,2.600,0.00,0.000
2024-11-29T11:00:00,2.600,0.00,0.000
2024-11-29T10:45:00,2.600,0.00,0.000
2024-11-29T10:30:00,2.600,0.00,0.000
2024-11-29T10:15:00,2.600,0.00,0.000
2024-11-29T10:00:00,2.610,0.00,0.000
2024-11-29T09:45:00,2.610,0.00,0.000
2024-11-29T09:30:00,2.610,0.00,0.000
2024-11-29T09:15:00,2.610,0.00,0.000
2024-11-29T09:00:00,2.620,0.00,0.000
2024-11-29T08:45:00,2.620,0.00,0.000
2024-11-29T08:30:00,2.620,0.00,0.000
2024-11-29T08:15:00,2.620,0.00,0.000
2024-11-29T08:00:00,2.620,0.00,0.000
2024-11-29T07:45:00,2.630,0.00,0.000
2024-11-29T07:30:00,2.630,0.00,0.000
2024-11-29T07:15:00,2.630,0.00,0.000
2024-11-29T07:00:00,2.630,0.00,0.000
2024-11-29T06:45:00,2.630,0.00,0.000
2024-11-29T06:30:00,2.630,0.00,0.000
2024-11-29T06:15:00,2.630,0.00,0.000
2024-11-29T06:00:00,2.630,0.00,0.000
2024-11-29T05:45:00,2.630,0.00,0.000
2024-11-29T05:30:00,2.640,0.00,0.000
2024-11-29T05:15:00,2.630,0.00,0.000
2024-11-29T05:00:00,2.640,0.00,0.000
2024-11-29T04:45:00,2.640,0.00,0.000
2024-11-29T04:30:00,2.640,0.00,0.000
2024-11-29T04:15:00,2.640,0.00,0.000
2024-11-29T04:00:00,2.640,0.00,0.000
2024-11-29T03:45:00,2.640,0.00,0.000
2024-11-29T03:30:00,2.640,0.00,0.000
2024-11-29T03:15:00,2.640,0.00,0.000
2024-11-29T03:00:00,2.640,0.00,0.000
2024-11-29T02:45:00,2.650,0.00,0.000
2024-11-29T02:30:00,2.650,0.00,0.000
2024-11-29T02:15:00,2.640,0.00,0.000
2024-11-29T02:00:00,2.650,0.00,0.000
2024-11-29T01:45:00,2.650,0.00,0.000
2024-11-29T01:30:00,2.650,0.00,0.000
2024-11-29T01:15:00,2.650,0.00,0.000
2024-11-29T01:00:00,2.650,0.00,0.000
2024-11-29T00:45:00,2.650,0.00,0.000
2024-11-29T00:30:00,2.650,0.00,0.000
2024-11-29T00:15:00,2.650,0.00,0.000
2024-11-29T00:00:00,2.650,0.00,0.000
2024-11-28T23:45:00,2.650,0.00,0.000
2024-11-28T23:30:00,2.650,0.00,0.000
2024-11-28T23:15:00,2.660,0.00,0.000
2024-11-28T23:00:00,2.660,0.00,0.000
2024-11-28T22:45:00,2.660,0.00,0.000
2024-11-28T22:30:00,2.660,0.00,0.000
2024-11-28T22:15:00,2.660,0.00,0.000
2024-11-28T22:00:00,2.660,0.00,0.000
2024-11-28T21:45:00,2.660,0.00,0.000
2024-11-28T21:30:00,2.660,0.00,0.000
2024-11-28T21:15:00,2.660,0.00,0.000
2024-11-28T21:00:00,2.660,0.00,0.000
2024-11-28T20:45:00,2.660,0.00,0.000
2024-11-28T20:30:00,2.670,0.00,0.000
2024-11-28T20:15:00,2.670,0.00,0.000
2024-11-28T20:00:00,2.670,0.00,0.000
2024-11-28T19:45:00,2.670,0.00,0.000
2024-11-28T19:30:00,2.670,11.10,0.000
2024-11-28T19:15:00,2.670,0.00,0.000
2024-11-28T19:00:00,2.670,0.00,0.000
2024-11-28T18:45:00,2.670,0.00,0.000
2024-11-28T18:30:00,2.670,0.00,0.000
2024-11-28T18:15:00,2.670,0.00,0.000
2024-11-28T18:00:00,2.670,0.00,0.000
2024-11-28T17:45:00,2.670,0.00,0.000
2024-11-28T17:30:00,2.660,0.00,0.000
2024-11-28T17:15:00,2.680,0.00,0.000
2024-11-28T17:00:00,2.680,0.00,0.000
2024-11-28T16:45:00,2.680,0.00,0.000
2024-11-28T16:30:00,2.680,0.00,0.000
2024-11-28T16:15:00,2.680,0.00,0.000
2024-11-28T16:00:00,2.680,0.00,0.000
2024-11-28T15:45:00,2.680,0.00,0.000
2024-11-28T15:30:00,2.680,0.00,0.000
2024-11-28T15:15:00,2.680,0.00,0.000
2024-11-28T15:00:00,2.680,0.00,0.000
2024-11-28T14:45:00,2.680,0.00,0.000
2024-11-28T14:30:00,2.680,0.00,0.000
2024-11-28T14:15:00,2.680,0.00,0.000
2024-11-28T14:00:00,2.680,0.00,0.000
2024-11-28T13:45:00,2.690,0.00,0.000
2024-11-28T13:30:00,2.690,0.00,0.000
2024-11-28T13:15:00,2.680,0.00,0.000
2024-11-28T13:00:00,2.680,0.00,0.000
2024-11-28T12:45:00,2.680,0.00,0.000
2024-11-28T12:30:00,2.680,0.00,0.000
2024-11-28T12:15:00,2.690,0.00,0.000
2024-11-28T12:00:00,2.690,0.00,0.000
2024-11-28T11:45:00,2.680,0.00,0.000
2024-11-28T11:30:00,2.680,0.00,0.000
2024-11-28T11:15:00,2.690,0.00,0.000
2024-11-28T11:00:00,2.680,0.00,0.000
2024-11-28T10:45:00,2.690,0.00,0.000
2024-11-28T10:30:00,2.680,0.00,0.000
2024-11-28T10:15:00,2.690,0.00,0.000
2024-11-28T10:00:00,2.680,0.00,0.000
2024-11-28T09:45:00,2.690,0.00,0.000
2024-11-28T09:30:00,2.690,0.00,0.000
2024-11-28T09:15:00,2.680,0.00,0.000
2024-11-28T09:00:00,2.690,12.20,0.000
2024-11-28T08:45:00,2.690,0.00,0.000
2024-11-28T08:30:00,2.690,0.00,0.000
2024-11-28T08:15:00,2.690,0.00,0.000
2024-11-28T08:00:00,2.690,0.00,0.000
2024-11-28T07:45:00,2.690,0.00,0.000
2024-11-28T07:30:00,2.690,0.00,0.000
2024-11-28T07:15:00,2.690,0.00,0.000
2024-11-28T07:00:00,2.690,0.00,0.000
2024-11-28T06:45:00,2.690,0.00,0.000
2024-11-28T06:30:00,2.690,14.30,0.000
2024-11-28T06:15:00,2.690,15.50,0.000
2024-11-28T06:00:00,2.690,0.00,0.000
2024-11-28T05:45:00,2.690,0.00,0.000
2024-11-28T05:30:00,2.690,0.00,0.000
2024-11-28T05:15:00,2.680,12.80,0.000
2024-11-28T05:00:00,2.690,0.00,0.000
2024-11-28T04:45:00,2.680,0.00,0.000
2024-11-28T04:30:00,2.680,0.00,0.000
2024-11-28T04:15:00,2.680,0.00,0.000
2024-11-28T04:00:00,2.680,0.00,0.000
2024-11-28T03:45:00,2.680,0.00,0.000
2024-11-28T03:30:00,2.680,0.00,0.000
2024-11-28T03:15:00,2.680,0.00,0.000
2024-11-28T03:00:00,2.680,0.00,0.000
2024-11-28T02:45:00,2.680,11.50,0.000
2024-11-28T02:30:00,2.680,0.00,0.000
2024-11-28T02:15:00,2.680,0.00,0.000
2024-11-28T02:00:00,2.680,0.00,0.000
2024-11-28T01:45:00,2.670,0.00,0.000
2024-11-28T01:30:00,2.670,0.00,0.000
2024-11-28T01:15:00,2.670,0.00,0.000
2024-11-28T01:00:00,2.670,0.00,0.000
2024-11-28T00:45:00,2.670,0.00,0.000
2024-11-28T00:30:00,2.670,0.00,0.000
2024-11-28T00:15:00,2.670,0.00,0.000
2024-11-28T00:00:00,2.670,0.00,0.000
2024-11-27T23:45:00,2.670,0.00,0.000
2024-11-27T23:30:00,2.670,0.00,0.000
2024-11-27T23:15:00,2.670,0.00,0.000
2024-11-27T23:00:00,2.660,0.00,0.000
2024-11-27T22:45:00,2.670,0.00,0.000
2024-11-27T22:30:00,2.660,0.00,0.000
2024-11-27T22:15:00,2.660,8.60,0.000
2024-11-27T22:00:00,2.660,0.00,0.000
2024-11-27T21:45:00,2.660,0.00,0.000
2024-11-27T21:30:00,2.660,0.00,0.000
2024-11-27T21:15:00,2.660,0.00,0.000
2024-11-27T21:00:00,2.660,14.00,0.000
2024-11-27T20:45:00,2.660,12.10,0.000
2024-11-27T20:30:00,2.650,13.80,0.000
2024-11-27T20:15:00,2.650,0.00,0.000
2024-11-27T20:00:00,2.650,12.10,0.000
2024-11-27T19:45:00,2.650,0.00,0.000
2024-11-27T19:30:00,2.650,0.00,0.000
2024-11-27T19:15:00,2.650,0.00,0.000
2024-11-27T19:00:00,2.650,16.30,0.000
2024-11-27T18:45:00,2.640,12.00,0.000
2024-11-27T18:30:00,2.640,0.00,0.000
2024-11-27T18:15:00,2.640,0.00,0.000
2024-11-27T18:00:00,2.630,0.00,0.000
2024-11-27T17:45:00,2.630,0.00,0.000
2024-11-27T17:30:00,2.630,0.00,0.000
2024-11-27T17:15:00,2.630,0.00,0.000
2024-11-27T17:00:00,2.630,0.00,0.000
2024-11-27T16:45:00,2.630,0.00,0.000
2024-11-27T16:30:00,2.630,0.00,0.000
2024-11-27T16:15:00,2.630,0.00,0.000
2024-11-27T16:00:00,2.630,0.00,0.000
2024-11-27T15:45:00,2.640,0.00,0.000
2024-11-27T15:30:00,2.620,0.00,0.000
2024-11-27T15:15:00,2.620,0.00,0.000
2024-11-27T15:00:00,2.620,0.00,0.000
2024-11-27T14:45:00,2.620,0.00,0.000
2024-11-27T14:30:00,2.620,0.00,0.000
2024-11-27T14:15:00,2.620,0.00,0.000
2024-11-27T14:00:00,2.620,0.00,0.000
2024-11-27T13:45:00,2.620,0.00,0.000
2024-11-27T13:30:00,2.620,0.00,0.000
2024-11-27T13:15:00,2.630,0.00,0.000
2024-11-27T13:00:00,2.630,0.00,0.000
2024-11-27T12:45:00,2.630,0.00,0.000
2024-11-27T12:30:00,2.630,0.00,0.000
2024-11-27T12:15:00,2.630,0.00,0.000
2024-11-27T12:00:00,2.630,0.00,0.000
2024-11-27T11:45:00,2.630,0.00,0.000
2024-11-27T11:30:00,2.630,0.00,0.000
2024-11-27T11:15:00,2.630,0.00,0.000
2024-11-27T11:00:00,2.630,0.00,0.000
2024-11-27T10:45:00,2.640,0.00,0.000
2024-11-27T10:30:00,2.640,0.00,0.000
2024-11-27T10:15:00,2.640,0.00,0.000
2024-11-27T10:00:00,2.640,0.00,0.000
2024-11-27T09:45:00,2.640,0.00,0.000
2024-11-27T09:30:00,2.640,0.00,0.000
2024-11-27T09:15:00,2.640,0.00,0.000
2024-11-27T09:00:00,2.640,0.00,0.000
2024-11-27T08:45:00,2.640,0.00,0.000
2024-11-27T08:30:00,2.640,0.00,0.000
2024-11-27T08:15:00,2.650,0.00,0.000
2024-11-27T08:00:00,2.650,0.00,0.000
2024-11-27T07:45:00,2.650,0.00,0.000
2024-11-27T07:30:00,2.650,0.00,0.000
2024-11-27T07:15:00,2.650,0.00,0.000
2024-11-27T07:00:00,2.650,0.00,0.000
2024-11-27T06:45:00,2.650,0.00,0.000
2024-11-27T06:30:00,2.660,11.90,0.000
2024-11-27T06:15:00,2.660,0.00,0.000
2024-11-27T06:00:00,2.660,0.00,0.000
2024-11-27T05:45:00,2.660,0.00,0.000
2024-11-27T05:30:00,2.660,11.30,0.000
2024-11-27T05:15:00,2.660,0.00,0.000
2024-11-27T05:00:00,2.660,0.00,0.000
2024-11-27T04:45:00,2.660,0.00,0.000
2024-11-27T04:30:00,2.660,0.00,0.000
2024-11-27T04:15:00,2.660,0.00,0.000
2024-11-27T04:00:00,2.660,0.00,0.000
2024-11-27T03:45:00,2.660,0.00,0.000
2024-11-27T03:30:00,2.660,0.00,0.000
2024-11-27T03:15:00,2.660,0.00,0.000
2024-11-27T03:00:00,2.660,0.00,0.000
2024-11-27T02:45:00,2.660,0.00,0.000
2024-11-27T02:30:00,2.660,0.00,0.000
2024-11-27T02:15:00,2.660,0.00,0.000
2024-11-27T02:00:00,2.670,0.00,0.000
2024-11-27T01:45:00,2.670,0.00,0.000
2024-11-27T01:30:00,2.660,0.00,0.000
2024-11-27T01:15:00,2.670,0.00,0.000
2024-11-27T01:00:00,2.670,0.00,0.000
2024-11-27T00:45:00,2.670,0.00,0.000
2024-11-27T00:30:00,2.670,0.00,0.000
2024-11-27T00:15:00,2.670,0.00,0.000
2024-11-27T00:00:00,2.670,0.00,0.000
2024-11-26T23:45:00,2.670,28.90,0.000
2024-11-26T23:30:00,2.670,0.00,0.000
2024-11-26T23:15:00,2.670,0.00,0.000
2024-11-26T23:00:00,2.670,0.00,0.000
2024-11-26T22:45:00,2.670,0.00,0.000
2024-11-26T22:30:00,2.670,0.00,0.000
2024-11-26T22:15:00,2.670,0.00,0.000
2024-11-26T22:00:00,2.670,0.00,0.000
2024-11-26T21:45:00,2.670,0.00,0.000
2024-11-26T21:30:00,2.670,0.00,0.000
2024-11-26T21:15:00,2.680,0.00,0.000
2024-11-26T21:00:00,2.680,0.00,0.000
2024-11-26T20:45:00,2.670,0.00,0.000
2024-11-26T20:30:00,2.680,0.00,0.000
2024-11-26T20:15:00,2.680,0.00,0.000
2024-11-26T20:00:00,2.680,0.00,0.000
2024-11-26T19:45:00,2.680,0.00,0.000
2024-11-26T19:30:00,2.680,0.00,0.000
2024-11-26T19:15:00,2.680,12.50,0.000
2024-11-26T19:00:00,2.680,10.60,0.000
2024-11-26T18:45:00,2.680,0.00,0.000
2024-11-26T18:30:00,2.680,0.00,0.000
2024-11-26T18:15:00,2.680,33.20,0.000
2024-11-26T18:00:00,2.680,0.00,0.000
2024-11-26T17:45:00,2.680,0.00,0.000
2024-11-26T17:30:00,2.680,0.00,0.000
2024-11-26T17:15:00,2.680,0.00,0.000
2024-11-26T17:00:00,2.680,0.00,0.000
2024-11-26T16:45:00,2.680,0.00,0.000
2024-11-26T16:30:00,2.690,0.00,0.000
2024-11-26T16:15:00,2.690,0.00,0.000
2024-11-26T16:00:00,2.690,0.00,0.000
2024-11-26T15:45:00,2.690,0.00,0.000
2024-11-26T15:30:00,2.690,0.00,0.000
2024-11-26T15:15:00,2.690,0.00,0.000
2024-11-26T15:00:00,2.700,0.00,0.000
2024-11-26T14:45:00,2.700,0.00,0.000
2024-11-26T14:30:00,2.690,0.00,0.000
2024-11-26T14:15:00,2.700,0.00,0.000
2024-11-26T14:00:00,2.700,0.00,0.000
2024-11-26T13:45:00,2.700,0.00,0.000
2024-11-26T13:30:00,2.700,0.00,0.000
2024-11-26T13:15:00,2.700,0.00,0.000
2024-11-26T13:00:00,2.700,0.00,0.000
2024-11-26T12:45:00,2.700,0.00,0.000
2024-11-26T12:30:00,2.700,0.00,0.000
2024-11-26T12:15:00,2.700,0.00,0.000
2024-11-26T12:00:00,2.700,0.00,0.000
2024-11-26T11:45:00,2.710,0.00,0.000
2024-11-26T11:30:00,2.710,0.00,0.000
2024-11-26T11:15:00,2.700,0.00,0.000
2024-11-26T11:00:00,2.710,0.00,0.000
2024-11-26T10:45:00,2.710,0.00,0.000
2024-11-26T10:30:00,2.710,0.00,0.000
2024-11-26T10:15:00,2.710,0.00,0.000
2024-11-26T10:00:00,2.710,0.00,0.000
2024-11-26T09:45:00,2.710,0.00,0.000
2024-11-26T09:30:00,2.720,0.00,0.000
2024-11-26T09:15:00,2.720,0.00,0.000
2024-11-26T09:00:00,2.720,0.00,0.000
2024-11-26T08:45:00,2.720,0.00,0.000
2024-11-26T08:30:00,2.720,0.00,0.000
2024-11-26T08:15:00,2.720,0.00,0.000
2024-11-26T08:00:00,2.720,0.00,0.000
2024-11-26T07:45:00,2.720,0.00,0.000
2024-11-26T07:30:00,2.730,0.00,0.000
2024-11-26T07:15:00,2.730,0.00,0.000
2024-11-26T07:00:00,2.730,0.00,0.000
2024-11-26T06:45:00,2.730,0.00,0.000
2024-11-26T06:30:00,2.730,0.00,0.000
2024-11-26T06:15:00,2.730,0.00,0.000
2024-11-26T06:00:00,2.730,0.00,0.000
2024-11-26T05:45:00,2.730,0.00,0.000
2024-11-26T05:30:00,2.730,0.00,0.000
2024-11-26T05:15:00,2.730,0.00,0.000
2024-11-26T05:00:00,2.730,0.00,0.000
2024-11-26T04:45:00,2.730,0.00,0.000
2024-11-26T04:30:00,2.730,0.00,0.000
2024-11-26T04:15:00,2.730,0.00,0.000
2024-11-26T04:00:00,2.730,0.00,0.000
2024-11-26T03:45:00,2.730,0.00,0.000
2024-11-26T03:30:00,2.730,0.00,0.000
2024-11-26T03:15:00,2.730,0.00,0.000
2024-11-26T03:00:00,2.740,0.00,0.000
2024-11-26T02:45:00,2.730,0.00,0.000
2024-11-26T02:30:00,2.740,0.00,0.000
2024-11-26T02:15:00,2.740,0.00,0.000
2024-11-26T02:00:00,2.740,0.00,0.000
2024-11-26T01:45:00,2.740,11.20,0.000
2024-11-26T01:30:00,2.740,0.00,0.000
2024-11-26T01:15:00,2.740,0.00,0.000
2024-11-26T01:00:00,2.740,0.00,0.000
2024-11-26T00:45:00,2.740,0.00,0.000
2024-11-26T00:30:00,2.740,0.00,0.000
2024-11-26T00:15:00,2.740,0.00,0.000
2024-11-26T00:00:00,2.740,0.00,0.000
2024-11-25T23:45:00,2.740,0.00,0.000
2024-11-25T23:30:00,2.740,0.00,0.000
2024-11-25T23:15:00,2.740,0.00,0.000
2024-11-25T23:00:00,2.740,0.00,0.000
2024-11-25T22:45:00,2.740,0.00,0.000
2024-11-25T22:30:00,2.740,0.00,0.000
2024-11-25T22:15:00,2.740,0.00,0.000
2024-11-25T22:00:00,2.740,0.00,0.000
2024-11-25T21:45:00,2.740,0.00,0.000
2024-11-25T21:30:00,2.740,0.00,0.000
2024-11-25T21:15:00,2.740,0.00,0.000
2024-11-25T21:00:00,2.750,0.00,0.000
2024-11-25T20:45:00,2.740,0.00,0.000
2024-11-25T20:30:00,2.750,0.00,0.000
2024-11-25T20:15:00,2.750,0.00,0.000
2024-11-25T20:00:00,2.750,0.00,0.000
2024-11-25T19:45:00,2.750,0.00,0.000
2024-11-25T19:30:00,2.750,0.00,0.000
2024-11-25T19:15:00,2.750,26.00,0.000
2024-11-25T19:00:00,2.750,0.00,0.000
2024-11-25T18:45:00,2.750,0.00,0.000
2024-11-25T18:30:00,2.750,0.00,0.000
2024-11-25T18:15:00,2.750,31.00,0.000
2024-11-25T18:00:00,2.750,0.00,0.000
2024-11-25T17:45:00,2.750,0.00,0.000
2024-11-25T17:30:00,2.750,0.00,0.000
2024-11-25T17:15:00,2.750,0.00,0.000
2024-11-25T17:00:00,2.750,0.00,0.000
2024-11-25T16:45:00,2.750,0.00,0.000
2024-11-25T16:30:00,2.750,0.00,0.000
2024-11-25T16:15:00,2.750,0.00,0.000
2024-11-25T16:00:00,2.750,0.00,0.000
2024-11-25T15:45:00,2.750,0.00,0.000
2024-11-25T15:30:00,2.760,24.60,0.000
2024-11-25T15:15:00,2.750,0.00,0.000
2024-11-25T15:00:00,2.760,0.00,0.000
2024-11-25T14:45:00,2.760,0.00,0.000
2024-11-25T14:30:00,2.760,0.00,0.000
2024-11-25T14:15:00,2.760,0.00,0.000
2024-11-25T14:00:00,2.760,14.60,0.000
2024-11-25T13:45:00,2.760,0.00,0.000
2024-11-25T13:30:00,2.760,0.00,0.000
2024-11-25T13:15:00,2.760,0.00,0.000
2024-11-25T13:00:00,2.770,0.00,0.000
2024-11-25T12:45:00,2.760,0.00,0.000
2024-11-25T12:30:00,2.760,0.00,0.000
2024-11-25T12:15:00,2.770,0.00,0.000
2024-11-25T12:00:00,2.770,0.00,0.000
2024-11-25T11:45:00,2.770,0.00,0.000
2024-11-25T11:30:00,2.770,0.00,0.000
2024-11-25T11:15:00,2.770,0.00,0.000
2024-11-25T11:00:00,2.770,0.00,0.000
2024-11-25T10:45:00,2.770,0.00,0.000
2024-11-25T10:30:00,2.770,0.00,0.000
2024-11-25T10:15:00,2.780,0.00,0.000
2024-11-25T10:00:00,2.780,0.00,0.000
2024-11-25T09:45:00,2.780,0.00,0.000
2024-11-25T09:30:00,2.780,0.00,0.000
2024-11-25T09:15:00,2.780,0.00,0.000
2024-11-25T09:00:00,2.780,0.00,0.000
2024-11-25T08:45:00,2.780,0.00,0.000
2024-11-25T08:30:00,2.780,0.00,0.000
2024-11-25T08:15:00,2.780,0.00,0.000
2024-11-25T08:00:00,2.780,0.00,0.000
2024-11-25T07:45:00,2.790,0.00,0.000
2024-11-25T07:30:00,2.790,0.00,0.000
2024-11-25T07:15:00,2.790,0.00,0.000
2024-11-25T07:00:00,2.790,0.00,0.000
2024-11-25T06:45:00,2.790,0.00,0.000
2024-11-25T06:30:00,2.790,0.00,0.000
2024-11-25T06:15:00,2.790,0.00,0.000
2024-11-25T06:00:00,2.790,0.00,0.000
2024-11-25T05:45:00,2.790,0.00,0.000
2024-11-25T05:30:00,2.790,0.00,0.000
2024-11-25T05:15:00,2.790,0.00,0.000
2024-11-25T05:00:00,2.790,0.00,0.000
2024-11-25T04:45:00,2.800,0.00,0.000
2024-11-25T04:30:00,2.790,0.00,0.000
2024-11-25T04:15:00,2.790,15.00,0.000
2024-11-25T04:00:00,2.800,0.00,0.000
2024-11-25T03:45:00,2.800,0.00,0.000
2024-11-25T03:30:00,2.790,0.00,0.000
2024-11-25T03:15:00,2.800,10.90,0.000
2024-11-25T03:00:00,2.790,0.00,0.000
2024-11-25T02:45:00,2.790,0.00,0.000
2024-11-25T02:30:00,2.800,0.00,0.000
2024-11-25T02:15:00,2.800,0.00,0.000
2024-11-25T02:00:00,2.790,0.00,0.000
2024-11-25T01:45:00,2.800,0.00,0.000
2024-11-25T01:30:00,2.800,0.00,0.000
2024-11-25T01:15:00,2.800,0.00,0.000
2024-11-25T01:00:00,2.800,0.00,0.000
2024-11-25T00:45:00,2.800,0.00,0.000
2024-11-25T00:30:00,2.800,0.00,0.000
2024-11-25T00:15:00,2.800,0.00,0.000
2024-11-25T00:00:00,2.800,14.20,0.000
2024-12-08T23:45:00,2.190,9.40,0.000
2024-12-08T23:30:00,2.200,0.00,0.000
2024-12-08T23:15:00,2.190,0.00,0.000
2024-12-08T23:00:00,2.200,0.00,0.000
2024-12-08T22:45:00,2.200,0.00,0.000
2024-12-08T22:30:00,2.200,0.00,0.000
2024-12-08T22:15:00,2.200,0.00,0.000
2024-12-08T22:00:00,2.200,0.00,0.000
2024-12-08T21:45:00,2.200,8.20,0.000
2024-12-08T21:30:00,2.200,0.00,0.000
2024-12-08T21:15:00,2.200,0.00,0.000
2024-12-08T21:00:00,2.200,8.90,0.000
2024-12-08T20:45:00,2.200,11.80,0.000
2024-12-08T20:30:00,2.210,11.90,0.000
2024-12-08T20:15:00,2.210,0.00,0.000
2024-12-08T20:00:00,2.210,9.90,0.000
2024-12-08T19:45:00,2.210,0.00,0.000
2024-12-08T19:30:00,2.210,0.00,0.000
2024-12-08T19:15:00,2.210,0.00,0.000
2024-12-08T19:00:00,2.210,0.00,0.000
2024-12-08T18:45:00,2.210,0.00,0.000
2024-12-08T18:30:00,2.210,0.00,0.000
2024-12-08T18:15:00,2.210,0.00,0.000
2024-12-08T18:00:00,2.210,0.00,0.000
2024-12-08T17:45:00,2.210,0.00,0.000
2024-12-08T17:30:00,2.220,0.00,0.000
2024-12-08T17:15:00,2.220,0.00,0.000
2024-12-08T17:00:00,2.220,0.00,0.000
2024-12-08T16:45:00,2.220,0.00,0.000
2024-12-08T16:30:00,2.220,0.00,0.000
2024-12-08T16:15:00,2.230,0.00,0.000
2024-12-08T16:00:00,2.230,0.00,0.000
2024-12-08T15:45:00,2.230,0.00,0.000
2024-12-08T15:30:00,2.230,0.00,0.000
2024-12-08T15:15:00,2.240,0.00,0.000
2024-12-08T15:00:00,2.240,0.00,0.000
2024-12-08T14:45:00,2.250,0.00,0.000
2024-12-08T14:30:00,2.240,0.00,0.000
2024-12-08T14:15:00,2.240,0.00,0.000
2024-12-08T14:00:00,2.250,0.00,0.000
2024-12-08T13:45:00,2.250,0.00,0.000
2024-12-08T13:30:00,2.250,18.10,0.000
2024-12-08T13:15:00,2.250,0.00,0.000
2024-12-08T13:00:00,2.250,8.80,0.000
2024-12-08T12:45:00,2.260,0.00,0.000
2024-12-08T12:30:00,2.260,0.00,0.000
2024-12-08T12:15:00,2.260,0.00,0.000
2024-12-08T12:00:00,2.260,0.00,0.000
2024-12-08T11:45:00,2.270,0.00,0.000
2024-12-08T11:30:00,2.270,0.00,0.000
2024-12-08T11:15:00,2.270,0.00,0.000
2024-12-08T11:00:00,2.270,0.00,0.000
2024-12-08T10:45:00,2.280,0.00,0.000
2024-12-08T10:30:00,2.280,0.00,0.000
2024-12-08T10:15:00,2.280,0.00,0.000
2024-12-08T10:00:00,2.280,0.00,0.000
2024-12-08T09:45:00,2.290,0.00,0.000
2024-12-08T09:30:00,2.290,0.00,0.000
2024-12-08T09:15:00,2.290,0.00,0.000
2024-12-08T09:00:00,2.290,0.00,0.000
2024-12-08T08:45:00,2.300,0.00,0.000
2024-12-08T08:30:00,2.300,0.00,0.000
2024-12-08T08:15:00,2.310,0.00,0.000
2024-12-08T08:00:00,2.310,0.00,0.000
2024-12-08T07:45:00,2.320,0.00,0.000
2024-12-08T07:30:00,2.320,0.00,0.000
2024-12-08T07:15:00,2.320,0.00,0.000
2024-12-08T07:00:00,2.320,10.30,0.000
2024-12-08T06:45:00,2.320,6.00,0.000
2024-12-08T06:30:00,2.320,9.50,0.000
2024-12-08T06:15:00,2.320,0.00,0.000
2024-12-08T06:00:00,2.320,22.30,0.000
2024-12-08T05:45:00,2.320,0.00,0.000
2024-12-08T05:30:00,2.320,0.00,0.000
2024-12-08T05:15:00,2.320,0.00,0.000
2024-12-08T05:00:00,2.320,0.00,0.000
2024-12-08T04:45:00,2.320,9.10,0.000
2024-12-08T04:30:00,2.310,0.00,0.000
2024-12-08T04:15:00,2.310,0.00,0.000
2024-12-08T04:00:00,2.310,0.00,0.000
2024-12-08T03:45:00,2.320,0.00,0.000
2024-12-08T03:30:00,2.310,0.00,0.000
2024-12-08T03:15:00,2.310,0.00,0.000
2024-12-08T03:00:00,2.310,0.00,0.000
2024-12-08T02:45:00,2.310,0.00,0.000
2024-12-08T02:30:00,2.310,0.00,0.000
2024-12-08T02:15:00,2.310,0.00,0.000
2024-12-08T02:00:00,2.310,0.00,0.000
2024-12-08T01:45:00,2.310,0.00,0.000
2024-12-08T01:30:00,2.310,0.00,0.000
2024-12-08T01:15:00,2.310,0.00,0.000
2024-12-08T01:00:00,2.310,0.00,0.000
2024-12-08T00:45:00,2.310,0.00,0.000
2024-12-08T00:30:00,2.310,0.00,0.000
2024-12-08T00:15:00,2.310,0.00,0.000
2024-12-08T00:00:00,2.310,0.00,0.000
2024-12-07T23:45:00,2.310,0.00,0.000
2024-12-07T23:30:00,2.300,0.00,0.000
2024-12-07T23:15:00,2.300,0.00,0.000
2024-12-07T23:00:00,2.300,0.00,0.000
2024-12-07T22:45:00,2.300,0.00,0.000
2024-12-07T22:30:00,2.300,0.00,0.000
2024-12-07T22:15:00,2.300,0.00,0.000
2024-12-07T22:00:00,2.300,0.00,0.000
2024-12-07T21:45:00,2.300,0.00,0.000
2024-12-07T21:30:00,2.300,0.00,0.000
2024-12-07T21:15:00,2.300,0.00,0.000
2024-12-07T21:00:00,2.300,0.00,0.000
2024-12-07T20:45:00,2.300,9.40,0.000
2024-12-07T20:30:00,2.300,0.00,0.000
2024-12-07T20:15:00,2.300,0.00,0.000
2024-12-07T20:00:00,2.290,0.00,0.000
2024-12-07T19:45:00,2.290,0.00,0.000
2024-12-07T19:30:00,2.290,0.00,0.000
2024-12-07T19:15:00,2.290,8.80,0.000
2024-12-07T19:00:00,2.290,0.00,0.000
2024-12-07T18:45:00,2.290,0.00,0.000
2024-12-07T18:30:00,2.290,0.00,0.000
2024-12-07T18:15:00,2.290,0.00,0.000
2024-12-07T18:00:00,2.290,0.00,0.000
2024-12-07T17:45:00,2.290,0.00,0.000
2024-12-07T17:30:00,2.290,0.00,0.000
2024-12-07T17:15:00,2.290,0.00,0.000
2024-12-07T17:00:00,2.290,0.00,0.000
2024-12-07T16:45:00,2.290,0.00,0.000
2024-12-07T16:30:00,2.290,0.00,0.000
2024-12-07T16:15:00,2.290,0.00,0.000
2024-12-07T16:00:00,2.290,0.00,0.000
2024-12-07T15:45:00,2.280,0.00,0.000
2024-12-07T15:30:00,2.290,0.00,0.000
2024-12-07T15:15:00,2.290,0.00,0.000
2024-12-07T15:00:00,2.290,0.00,0.000
2024-12-07T14:45:00,2.290,0.00,0.000
2024-12-07T14:30:00,2.290,14.20,0.000
2024-12-07T14:15:00,2.290,0.00,0.000
2024-12-07T14:00:00,2.290,0.00,0.000
2024-12-07T13:45:00,2.290,0.00,0.000
2024-12-07T13:30:00,2.290,0.00,0.000
2024-12-07T13:15:00,2.290,0.00,0.000
2024-12-07T13:00:00,2.290,0.00,0.000
2024-12-07T12:45:00,2.290,0.00,0.000
2024-12-07T12:30:00,2.290,0.00,0.000
2024-12-07T12:15:00,2.300,0.00,0.000
2024-12-07T12:00:00,2.290,0.00,0.000
2024-12-07T11:45:00,2.300,0.00,0.000
2024-12-07T11:30:00,2.300,0.00,0.000
2024-12-07T11:15:00,2.300,0.00,0.000
2024-12-07T11:00:00,2.300,0.00,0.000
2024-12-07T10:45:00,2.300,0.00,0.000
2024-12-07T10:30:00,2.300,0.00,0.000
2024-12-07T10:15:00,2.300,0.00,0.000
2024-12-07T10:00:00,2.300,0.00,0.000
2024-12-07T09:45:00,2.300,0.00,0.000
2024-12-07T09:30:00,2.300,0.00,0.000
2024-12-07T09:15:00,2.300,0.00,0.000
2024-12-07T09:00:00,2.300,0.00,0.000
2024-12-07T08:45:00,2.300,0.00,0.000
2024-12-07T08:30:00,2.310,0.00,0.000
2024-12-07T08:15:00,2.310,8.90,0.000
2024-12-07T08:00:00,2.310,9.10,0.000
2024-12-07T07:45:00,2.310,8.70,0.000
2024-12-07T07:30:00,2.310,8.20,0.000
2024-12-07T07:15:00,2.310,8.10,0.000
2024-12-07T07:00:00,2.310,8.60,0.000
2024-12-07T06:45:00,2.310,0.00,0.000
2024-12-07T06:30:00,2.310,9.20,0.000
2024-12-07T06:15:00,2.310,0.00,0.000
2024-12-07T06:00:00,2.310,0.00,0.000
2024-12-07T05:45:00,2.300,0.00,0.000
2024-12-07T05:30:00,2.300,0.00,0.000
2024-12-07T05:15:00,2.310,0.00,0.000
2024-12-07T05:00:00,2.300,0.00,0.000
2024-12-07T04:45:00,2.300,0.00,0.000
2024-12-07T04:30:00,2.300,0.00,0.000
2024-12-07T04:15:00,2.300,0.00,0.000
2024-12-07T04:00:00,2.300,0.00,0.000
2024-12-07T03:45:00,2.300,0.00,0.000
2024-12-07T03:30:00,2.300,0.00,0.000
2024-12-07T03:15:00,2.300,0.00,0.000
2024-12-07T03:00:00,2.300,0.00,0.000
2024-12-07T02:45:00,2.300,0.00,0.000
2024-12-07T02:30:00,2.300,0.00,0.000
2024-12-07T02:15:00,2.300,0.00,0.000
2024-12-07T02:00:00,2.300,0.00,0.000
2024-12-07T01:45:00,2.300,0.00,0.000
2024-12-07T01:30:00,2.300,0.00,0.000
2024-12-07T01:15:00,2.300,0.00,0.000
2024-12-07T01:00:00,2.290,0.00,0.000
2024-12-07T00:45:00,2.290,0.00,0.000
2024-12-07T00:30:00,2.290,0.00,0.000
2024-12-07T00:15:00,2.290,0.00,0.000
2024-12-07T00:00:00,2.290,0.00,0.000
2024-12-06T23:45:00,2.290,0.00,0.000
2024-12-06T23:30:00,2.290,0.00,0.000
2024-12-06T23:15:00,2.290,0.00,0.000
2024-12-06T23:00:00,2.290,0.00,0.000
2024-12-06T22:45:00,2.290,0.00,0.000
2024-12-06T22:30:00,2.290,0.00,0.000
2024-12-06T22:15:00,2.290,0.00,0.000
2024-12-06T22:00:00,2.290,0.00,0.000
2024-12-06T21:45:00,2.290,0.00,0.000
2024-12-06T21:30:00,2.290,0.00,0.000
2024-12-06T21:15:00,2.290,0.00,0.000
2024-12-06T21:00:00,2.280,0.00,0.000
2024-12-06T20:45:00,2.290,0.00,0.000
2024-12-06T20:30:00,2.290,0.00,0.000
2024-12-06T20:15:00,2.280,0.00,0.000
2024-12-06T20:00:00,2.280,0.00,0.000
2024-12-06T19:45:00,2.280,0.00,0.000
2024-12-06T19:30:00,2.280,0.00,0.000
2024-12-06T19:15:00,2.280,0.00,0.000
2024-12-06T19:00:00,2.280,0.00,0.000
2024-12-06T18:45:00,2.280,0.00,0.000
2024-12-06T18:30:00,2.280,0.00,0.000
2024-12-06T18:15:00,2.280,20.60,0.000
2024-12-06T18:00:00,2.280,13.10,0.000
2024-12-06T17:45:00,2.280,0.00,0.000
2024-12-06T17:30:00,2.280,0.00,0.000
2024-12-06T17:15:00,2.280,0.00,0.000
2024-12-06T17:00:00,2.280,0.00,0.000
2024-12-06T16:45:00,2.280,0.00,0.000
2024-12-06T16:30:00,2.280,0.00,0.000
2024-12-06T16:15:00,2.280,0.00,0.000
2024-12-06T16:00:00,2.280,0.00,0.000
2024-12-06T15:45:00,2.280,0.00,0.000
2024-12-06T15:30:00,2.280,0.00,0.000
2024-12-06T15:15:00,2.280,0.00,0.000
2024-12-06T15:00:00,2.280,0.00,0.000
2024-12-06T14:45:00,2.280,0.00,0.000
2024-12-06T14:30:00,2.280,0.00,0.000
2024-12-06T14:15:00,2.290,0.00,0.000
2024-12-06T14:00:00,2.280,0.00,0.000
2024-12-06T13:45:00,2.280,0.00,0.000
2024-12-06T13:30:00,2.280,0.00,0.000
2024-12-06T13:15:00,2.280,0.00,0.000
2024-12-06T13:00:00,2.280,0.00,0.000
2024-12-06T12:45:00,2.280,0.00,0.000
2024-12-06T12:30:00,2.280,0.00,0.000
2024-12-06T12:15:00,2.280,0.00,0.000
2024-12-06T12:00:00,2.290,0.00,0.000
2024-12-06T11:45:00,2.290,0.00,0.000
2024-12-06T11:30:00,2.290,0.00,0.000
2024-12-06T11:15:00,2.290,0.00,0.000
2024-12-06T11:00:00,2.290,0.00,0.000
2024-12-06T10:45:00,2.290,0.00,0.000
2024-12-06T10:30:00,2.290,0.00,0.000
2024-12-06T10:15:00,2.290,0.00,0.000
2024-12-06T10:00:00,2.290,0.00,0.000
2024-12-06T09:45:00,2.290,0.00,0.000
2024-12-06T09:30:00,2.290,0.00,0.000
2024-12-06T09:15:00,2.290,0.00,0.000
2024-12-06T09:00:00,2.290,0.00,0.000
2024-12-06T08:45:00,2.290,5.90,0.000
2024-12-06T08:30:00,2.290,0.00,0.000
2024-12-06T08:15:00,2.290,9.40,0.000
2024-12-06T08:00:00,2.290,9.60,0.000
2024-12-06T07:45:00,2.300,9.70,0.000
2024-12-06T07:30:00,2.290,8.80,0.000
2024-12-06T07:15:00,2.300,9.20,0.000
2024-12-06T07:00:00,2.300,8.30,0.000
2024-12-06T06:45:00,2.300,0.00,0.000
2024-12-06T06:30:00,2.300,9.20,0.000
2024-12-06T06:15:00,2.290,0.00,0.000
2024-12-06T06:00:00,2.290,0.00,0.000
2024-12-06T05:45:00,2.290,9.10,0.000
2024-12-06T05:30:00,2.290,0.00,0.000
2024-12-06T05:15:00,2.290,0.00,0.000
2024-12-06T05:00:00,2.290,0.00,0.000
2024-12-06T04:45:00,2.290,0.00,0.000
2024-12-06T04:30:00,2.290,0.00,0.000
2024-12-06T04:15:00,2.290,0.00,0.000
2024-12-06T04:00:00,2.290,0.00,0.000
2024-12-06T03:45:00,2.290,0.00,0.000
2024-12-06T03:30:00,2.290,0.00,0.000
2024-12-06T03:15:00,2.290,0.00,0.000
2024-12-06T03:00:00,2.290,0.00,0.000
2024-12-06T02:45:00,2.290,0.00,0.000
2024-12-06T02:30:00,2.290,0.00,0.000
2024-12-06T02:15:00,2.290,0.00,0.000
2024-12-06T02:00:00,2.290,0.00,0.000
2024-12-06T01:45:00,2.290,0.00,0.000
2024-12-06T01:30:00,2.280,0.00,0.000
2024-12-06T01:15:00,2.280,0.00,0.000
2024-12-06T01:00:00,2.280,0.00,0.000
2024-12-06T00:45:00,2.280,0.00,0.000
2024-12-06T00:30:00,2.280,0.00,0.000
2024-12-06T00:15:00,2.280,0.00,0.000
2024-12-06T00:00:00,2.280,0.00,0.000
2024-12-05T23:45:00,2.280,0.00,0.000
2024-12-05T23:30:00,2.280,0.00,0.000
2024-12-05T23:15:00,2.280,0.00,0.000
2024-12-05T23:00:00,2.280,0.00,0.000
2024-12-05T22:45:00,2.280,0.00,0.000
2024-12-05T22:30:00,2.280,0.00,0.000
2024-12-05T22:15:00,2.280,0.00,0.000
2024-12-05T22:00:00,2.280,0.00,0.000
2024-12-05T21:45:00,2.280,0.00,0.000
2024-12-05T21:30:00,2.280,0.00,0.000
2024-12-05T21:15:00,2.280,0.00,0.000
2024-12-05T21:00:00,2.270,0.00,0.000
2024-12-05T20:45:00,2.280,0.00,0.000
2024-12-05T20:30:00,2.270,0.00,0.000
2024-12-05T20:15:00,2.280,9.10,0.000
2024-12-05T20:00:00,2.270,0.00,0.000
2024-12-05T19:45:00,2.270,0.00,0.000
2024-12-05T19:30:00,2.270,0.00,0.000
2024-12-05T19:15:00,2.270,0.00,0.000
2024-12-05T19:00:00,2.270,0.00,0.000
2024-12-05T18:45:00,2.270,0.00,0.000
2024-12-05T18:30:00,2.270,0.00,0.000
2024-12-05T18:15:00,2.270,0.00,0.000
2024-12-05T18:00:00,2.270,0.00,0.000
2024-12-05T17:45:00,2.270,0.00,0.000
2024-12-05T17:30:00,2.270,0.00,0.000
2024-12-05T17:15:00,2.270,0.00,0.000
2024-12-05T17:00:00,2.270,0.00,0.000
2024-12-05T16:45:00,2.270,0.00,0.000
2024-12-05T16:30:00,2.270,0.00,0.000
2024-12-05T16:15:00,2.270,0.00,0.000
2024-12-05T16:00:00,2.270,0.00,0.000
2024-12-05T15:45:00,2.270,0.00,0.000
2024-12-05T15:30:00,2.270,0.00,0.000
2024-12-05T15:15:00,2.270,0.00,0.000
2024-12-05T15:00:00,2.280,0.00,0.000
2024-12-05T14:45:00,2.270,0.00,0.000
2024-12-05T14:30:00,2.280,0.00,0.000
2024-12-05T14:15:00,2.270,0.00,0.000
2024-12-05T14:00:00,2.270,0.00,0.000
2024-12-05T13:45:00,2.280,0.00,0.000
2024-12-05T13:30:00,2.280,0.00,0.000
2024-12-05T13:15:00,2.280,0.00,0.000
2024-12-05T13:00:00,2.280,0.00,0.000
2024-12-05T12:45:00,2.280,0.00,0.000
2024-12-05T12:30:00,2.280,0.00,0.000
2024-12-05T12:15:00,2.280,0.00,0.000
2024-12-05T12:00:00,2.280,0.00,0.000
2024-12-05T11:45:00,2.280,0.00,0.000
2024-12-05T11:30:00,2.280,0.00,0.000
2024-12-05T11:15:00,2.280,0.00,0.000
2024-12-05T11:00:00,2.280,0.00,0.000
2024-12-05T10:45:00,2.280,0.00,0.000
2024-12-05T10:30:00,2.280,0.00,0.000
2024-12-05T10:15:00,2.290,0.00,0.000
2024-12-05T10:00:00,2.280,0.00,0.000
2024-12-05T09:45:00,2.290,0.00,0.000
2024-12-05T09:30:00,2.290,0.00,0.000
2024-12-05T09:15:00,2.290,0.00,0.000
2024-12-05T09:00:00,2.290,0.00,0.000
2024-12-05T08:45:00,2.290,0.00,0.000
2024-12-05T08:30:00,2.290,0.00,0.000
2024-12-05T08:15:00,2.290,0.00,0.000
2024-12-05T08:00:00,2.290,0.00,0.000
2024-12-05T07:45:00,2.290,0.00,0.000
2024-12-05T07:30:00,2.290,0.00,0.000
2024-12-05T07:15:00,2.300,0.00,0.000
2024-12-05T07:00:00,2.290,0.00,0.000
2024-12-05T06:45:00,2.300,9.70,0.000
2024-12-05T06:30:00,2.290,8.10,0.000
2024-12-05T06:15:00,2.290,0.00,0.000
2024-12-05T06:00:00,2.290,0.00,0.000
2024-12-05T05:45:00,2.290,8.60,0.000
2024-12-05T05:30:00,2.290,10.40,0.000
2024-12-05T05:15:00,2.290,0.00,0.000
2024-12-05T05:00:00,2.290,0.00,0.000
2024-12-05T04:45:00,2.290,8.20,0.000
2024-12-05T04:30:00,2.290,0.00,0.000
2024-12-05T04:15:00,2.290,0.00,0.000
2024-12-05T04:00:00,2.290,0.00,0.000
2024-12-05T03:45:00,2.290,0.00,0.000
2024-12-05T03:30:00,2.290,0.00,0.000
2024-12-05T03:15:00,2.290,0.00,0.000
2024-12-05T03:00:00,2.290,0.00,0.000
2024-12-05T02:45:00,2.290,0.00,0.000
2024-12-05T02:30:00,2.290,0.00,0.000
2024-12-05T02:15:00,2.290,0.00,0.000
2024-12-05T02:00:00,2.290,0.00,0.000
2024-12-05T01:45:00,2.280,0.00,0.000
2024-12-05T01:30:00,2.280,0.00,0.000
2024-12-05T01:15:00,2.290,0.00,0.000
2024-12-05T01:00:00,2.290,0.00,0.000
2024-12-05T00:45:00,2.280,0.00,0.000
2024-12-05T00:30:00,2.280,0.00,0.000
2024-12-05T00:15:00,2.280,0.00,0.000
2024-12-05T00:00:00,2.280,0.00,0.000
2024-12-04T23:45:00,2.280,0.00,0.000
2024-12-04T23:30:00,2.280,0.00,0.000
2024-12-04T23:15:00,2.280,0.00,0.000
2024-12-04T23:00:00,2.280,0.00,0.000
2024-12-04T22:45:00,2.280,0.00,0.000
2024-12-04T22:30:00,2.280,0.00,0.000
2024-12-04T22:15:00,2.280,0.00,0.000
2024-12-04T22:00:00,2.280,0.00,0.000
2024-12-04T21:45:00,2.280,0.00,0.000
2024-12-04T21:30:00,2.280,0.00,0.000
2024-12-04T21:15:00,2.280,0.00,0.000
2024-12-04T21:00:00,2.280,0.00,0.000
2024-12-04T20:45:00,2.280,0.00,0.000
2024-12-04T20:30:00,2.280,0.00,0.000
2024-12-04T20:15:00,2.280,0.00,0.000
2024-12-04T20:00:00,2.270,0.00,0.000
2024-12-04T19:45:00,2.270,0.00,0.000
2024-12-04T19:30:00,2.270,0.00,0.000
2024-12-04T19:15:00,2.270,0.00,0.000
2024-12-04T19:00:00,2.270,0.00,0.000
2024-12-04T18:45:00,2.270,0.00,0.000
2024-12-04T18:30:00,2.270,0.00,0.000
2024-12-04T18:15:00,2.270,0.00,0.000
2024-12-04T18:00:00,2.270,0.00,0.000
2024-12-04T17:45:00,2.270,0.00,0.000
2024-12-04T17:30:00,2.270,0.00,0.000
2024-12-04T17:15:00,2.270,0.00,0.000
2024-12-04T17:00:00,2.270,11.00,0.000
2024-12-04T16:45:00,2.270,12.10,0.000
2024-12-04T16:30:00,2.270,0.00,0.000
2024-12-04T16:15:00,2.270,0.00,0.000
2024-12-04T16:00:00,2.270,11.80,0.000
2024-12-04T15:45:00,2.280,0.00,0.000
2024-12-04T15:30:00,2.280,0.00,0.000
2024-12-04T15:15:00,2.280,0.00,0.000
2024-12-04T15:00:00,2.280,0.00,0.000
2024-12-04T14:45:00,2.280,0.00,0.000
2024-12-04T14:30:00,2.280,0.00,0.000
2024-12-04T14:15:00,2.280,0.00,0.000
2024-12-04T14:00:00,2.280,0.00,0.000
2024-12-04T13:45:00,2.280,0.00,0.000
2024-12-04T13:30:00,2.280,0.00,0.000
2024-12-04T13:15:00,2.280,0.00,0.000
2024-12-04T13:00:00,2.280,0.00,0.000
2024-12-04T12:45:00,2.280,0.00,0.000
2024-12-04T12:30:00,2.290,0.00,0.000
2024-12-04T12:15:00,2.290,0.00,0.000
2024-12-04T12:00:00,2.290,0.00,0.000
2024-12-04T11:45:00,2.290,0.00,0.000
2024-12-04T11:30:00,2.290,0.00,0.000
2024-12-04T11:15:00,2.290,0.00,0.000
2024-12-04T11:00:00,2.290,0.00,0.000
2024-12-04T10:45:00,2.290,0.00,0.000
2024-12-04T10:30:00,2.290,0.00,0.000
2024-12-04T10:15:00,2.290,0.00,0.000
2024-12-04T10:00:00,2.290,0.00,0.000
2024-12-04T09:45:00,2.290,0.00,0.000
2024-12-04T09:30:00,2.300,0.00,0.000
2024-12-04T09:15:00,2.300,0.00,0.000
2024-12-04T09:00:00,2.300,0.00,0.000
2024-12-04T08:45:00,2.300,0.00,0.000
2024-12-04T08:30:00,2.300,0.00,0.000
2024-12-04T08:15:00,2.300,0.00,0.000
2024-12-04T08:00:00,2.300,0.00,0.000
2024-12-04T07:45:00,2.300,8.30,0.000
2024-12-04T07:30:00,2.300,8.70,0.000
2024-12-04T07:15:00,2.300,0.00,0.000
2024-12-04T07:00:00,2.310,8.00,0.000
2024-12-04T06:45:00,2.300,0.00,0.000
2024-12-04T06:30:00,2.300,0.00,0.000
2024-12-04T06:15:00,2.310,0.00,0.000
2024-12-04T06:00:00,2.310,0.00,0.000
2024-12-04T05:45:00,2.300,0.00,0.000
2024-12-04T05:30:00,2.300,0.00,0.000
2024-12-04T05:15:00,2.300,0.00,0.000
2024-12-04T05:00:00,2.300,0.00,0.000
2024-12-04T04:45:00,2.300,0.00,0.000
2024-12-04T04:30:00,2.300,0.00,0.000
2024-12-04T04:15:00,2.300,0.00,0.000
2024-12-04T04:00:00,2.300,0.00,0.000
2024-12-04T03:45:00,2.300,0.00,0.000
2024-12-04T03:30:00,2.300,0.00,0.000
2024-12-04T03:15:00,2.300,0.00,0.000
2024-12-04T03:00:00,2.300,0.00,0.000
2024-12-04T02:45:00,2.300,0.00,0.000
2024-12-04T02:30:00,2.300,0.00,0.000
2024-12-04T02:15:00,2.300,0.00,0.000
2024-12-04T02:00:00,2.300,0.00,0.000
2024-12-04T01:45:00,2.300,0.00,0.000
2024-12-04T01:30:00,2.300,0.00,0.000
2024-12-04T01:15:00,2.300,0.00,0.000
2024-12-04T01:00:00,2.300,0.00,0.000
2024-12-04T00:45:00,2.300,0.00,0.000
2024-12-04T00:30:00,2.300,0.00,0.000
2024-12-04T00:15:00,2.300,0.00,0.000
2024-12-04T00:00:00,2.300,0.00,0.000
2024-12-03T23:45:00,2.300,0.00,0.000
2024-12-03T23:30:00,2.300,0.00,0.000
2024-12-03T23:15:00,2.300,0.00,0.000
2024-12-03T23:00:00,2.300,0.00,0.000
2024-12-03T22:45:00,2.300,0.00,0.000
2024-12-03T22:30:00,2.300,0.00,0.000
2024-12-03T22:15:00,2.300,0.00,0.000
2024-12-03T22:00:00,2.290,0.00,0.000
2024-12-03T21:45:00,2.290,0.00,0.000
2024-12-03T21:30:00,2.300,0.00,0.000
2024-12-03T21:15:00,2.300,0.00,0.000
2024-12-03T21:00:00,2.290,0.00,0.000
2024-12-03T20:45:00,2.290,0.00,0.000
2024-12-03T20:30:00,2.290,0.00,0.000
2024-12-03T20:15:00,2.290,0.00,0.000
2024-12-03T20:00:00,2.290,0.00,0.000
2024-12-03T19:45:00,2.290,0.00,0.000
2024-12-03T19:30:00,2.290,0.00,0.000
2024-12-03T19:15:00,2.290,0.00,0.000
2024-12-03T19:00:00,2.290,0.00,0.000
2024-12-03T18:45:00,2.290,0.00,0.000
2024-12-03T18:30:00,2.290,0.00,0.000
2024-12-03T18:15:00,2.290,24.50,0.000
2024-12-03T18:00:00,2.290,0.00,0.000
2024-12-03T17:45:00,2.290,0.00,0.000
2024-12-03T17:30:00,2.290,0.00,0.000
2024-12-03T17:15:00,2.290,0.00,0.000
2024-12-03T17:00:00,2.290,0.00,0.000
2024-12-03T16:45:00,2.290,9.40,0.000
2024-12-03T16:30:00,2.290,11.30,0.000
2024-12-03T16:15:00,2.290,0.00,0.000
2024-12-03T16:00:00,2.290,18.10,0.000
2024-12-03T15:45:00,2.290,0.00,0.000
2024-12-03T15:30:00,2.290,0.00,0.000
2024-12-03T15:15:00,2.300,0.00,0.000
2024-12-03T15:00:00,2.300,0.00,0.000
2024-12-03T14:45:00,2.300,0.00,0.000
2024-12-03T14:30:00,2.300,24.50,0.000
2024-12-03T14:15:00,2.300,0.00,0.000
2024-12-03T14:00:00,2.300,0.00,0.000
2024-12-03T13:45:00,2.300,0.00,0.000
2024-12-03T13:30:00,2.300,0.00,0.000
2024-12-03T13:15:00,2.300,0.00,0.000
2024-12-03T13:00:00,2.300,0.00,0.000
2024-12-03T12:45:00,2.310,0.00,0.000
2024-12-03T12:30:00,2.310,0.00,0.000
2024-12-03T12:15:00,2.310,0.00,0.000
2024-12-03T12:00:00,2.310,0.00,0.000
2024-12-03T11:45:00,2.310,0.00,0.000
2024-12-03T11:30:00,2.310,0.00,0.000
2024-12-03T11:15:00,2.310,0.00,0.000
2024-12-03T11:00:00,2.320,0.00,0.000
2024-12-03T10:45:00,2.320,0.00,0.000
2024-12-03T10:30:00,2.320,0.00,0.000
2024-12-03T10:15:00,2.320,0.00,0.000
2024-12-03T10:00:00,2.320,0.00,0.000
2024-12-03T09:45:00,2.320,0.00,0.000
2024-12-03T09:30:00,2.320,0.00,0.000
2024-12-03T09:15:00,2.320,0.00,0.000
2024-12-03T09:00:00,2.320,0.00,0.000
2024-12-03T08:45:00,2.320,0.00,0.000
2024-12-03T08:30:00,2.320,0.00,0.000
2024-12-03T08:15:00,2.330,0.00,0.000
2024-12-03T08:00:00,2.330,0.00,0.000
2024-12-03T07:45:00,2.330,0.00,0.000
2024-12-03T07:30:00,2.330,0.00,0.000
2024-12-03T07:15:00,2.330,9.30,0.000
2024-12-03T07:00:00,2.330,0.00,0.000
2024-12-03T06:45:00,2.330,0.00,0.000
2024-12-03T06:30:00,2.330,0.00,0.000
2024-12-03T06:15:00,2.330,9.30,0.000
2024-12-03T06:00:00,2.330,0.00,0.000
2024-12-03T05:45:00,2.330,0.00,0.000
2024-12-03T05:30:00,2.330,0.00,0.000
2024-12-03T05:15:00,2.330,0.00,0.000
2024-12-03T05:00:00,2.330,0.00,0.000
2024-12-03T04:45:00,2.330,0.00,0.000
2024-12-03T04:30:00,2.330,0.00,0.000
2024-12-03T04:15:00,2.330,0.00,0.000
2024-12-03T04:00:00,2.330,0.00,0.000
2024-12-03T03:45:00,2.330,0.00,0.000
2024-12-03T03:30:00,2.330,0.00,0.000
2024-12-03T03:15:00,2.330,0.00,0.000
2024-12-03T03:00:00,2.330,0.00,0.000
2024-12-03T02:45:00,2.330,0.00,0.000
2024-12-03T02:30:00,2.330,0.00,0.000
2024-12-03T02:15:00,2.330,0.00,0.000
2024-12-03T02:00:00,2.330,0.00,0.000
2024-12-03T01:45:00,2.320,0.00,0.000
2024-12-03T01:30:00,2.320,0.00,0.000
2024-12-03T01:15:00,2.330,0.00,0.000
2024-12-03T01:00:00,2.320,0.00,0.000
2024-12-03T00:45:00,2.320,0.00,0.000
2024-12-03T00:30:00,2.330,0.00,0.000
2024-12-03T00:15:00,2.330,0.00,0.000
2024-12-03T00:00:00,2.320,0.00,0.000
2024-12-02T23:45:00,2.330,0.00,0.000
2024-12-02T23:30:00,2.320,0.00,0.000
2024-12-02T23:15:00,2.320,0.00,0.000
2024-12-02T23:00:00,2.320,0.00,0.000
2024-12-02T22:45:00,2.320,0.00,0.000
2024-12-02T22:30:00,2.320,0.00,0.000
2024-12-02T22:15:00,2.320,0.00,0.000
2024-12-02T22:00:00,2.320,0.00,0.000
2024-12-02T21:45:00,2.320,0.00,0.000
2024-12-02T21:30:00,2.320,0.00,0.000
2024-12-02T21:15:00,2.320,0.00,0.000
2024-12-02T21:00:00,2.320,0.00,0.000
2024-12-02T20:45:00,2.320,0.00,0.000
2024-12-02T20:30:00,2.320,0.00,0.000
2024-12-02T20:15:00,2.320,0.00,0.000
2024-12-02T20:00:00,2.320,0.00,0.000
2024-12-02T19:45:00,2.320,0.00,0.000
2024-12-02T19:30:00,2.320,0.00,0.000
2024-12-02T19:15:00,2.320,0.00,0.000
2024-12-02T19:00:00,2.320,18.80,0.000
2024-12-02T18:45:00,2.320,0.00,0.000
2024-12-02T18:30:00,2.320,0.00,0.000
2024-12-02T18:15:00,2.320,21.20,0.000
2024-12-02T18:00:00,2.320,0.00,0.000
2024-12-02T17:45:00,2.320,0.00,0.000
2024-12-02T17:30:00,2.320,0.00,0.000
2024-12-02T17:15:00,2.310,0.00,0.000
2024-12-02T17:00:00,2.310,0.00,0.000
2024-12-02T16:45:00,2.310,0.00,0.000
2024-12-02T16:30:00,2.320,0.00,0.000
2024-12-02T16:15:00,2.320,0.00,0.000
2024-12-02T16:00:00,2.320,0.00,0.000
2024-12-02T15:45:00,2.320,0.00,0.000
2024-12-02T15:30:00,2.320,0.00,0.000
2024-12-02T15:15:00,2.320,0.00,0.000
2024-12-02T15:00:00,2.320,0.00,0.000
2024-12-02T14:45:00,2.320,0.00,0.000
2024-12-02T14:30:00,2.320,0.00,0.000
2024-12-02T14:15:00,2.320,0.00,0.000
2024-12-02T14:00:00,2.320,0.00,0.000
2024-12-02T13:45:00,2.320,0.00,0.000
2024-12-02T13:30:00,2.320,0.00,0.000
2024-12-02T13:15:00,2.320,0.00,0.000
2024-12-02T13:00:00,2.320,0.00,0.000
2024-12-02T12:45:00,2.320,0.00,0.000
2024-12-02T12:30:00,2.320,0.00,0.000
2024-12-02T12:15:00,2.320,0.00,0.000
2024-12-02T12:00:00,2.330,0.00,0.000
2024-12-02T11:45:00,2.330,0.00,0.000
2024-12-02T11:30:00,2.330,0.00,0.000
2024-12-02T11:15:00,2.330,0.00,0.000
2024-12-02T11:00:00,2.330,0.00,0.000
2024-12-02T10:45:00,2.330,0.00,0.000
2024-12-02T10:30:00,2.330,0.00,0.000
2024-12-02T10:15:00,2.330,0.00,0.000
2024-12-02T10:00:00,2.330,0.00,0.000
2024-12-02T09:45:00,2.330,0.00,0.000
2024-12-02T09:30:00,2.330,0.00,0.000
2024-12-02T09:15:00,2.330,0.00,0.000
2024-12-02T09:00:00,2.330,0.00,0.000
2024-12-02T08:45:00,2.330,0.00,0.000
2024-12-02T08:30:00,2.330,8.80,0.000
2024-12-02T08:15:00,2.330,0.00,0.000
2024-12-02T08:00:00,2.330,9.10,0.000
2024-12-02T07:45:00,2.330,8.90,0.000
2024-12-02T07:30:00,2.330,9.40,0.000
2024-12-02T07:15:00,2.330,0.00,0.000
2024-12-02T07:00:00,2.330,0.00,0.000
2024-12-02T06:45:00,2.330,0.00,0.000
2024-12-02T06:30:00,2.330,0.00,0.000
2024-12-02T06:15:00,2.330,9.20,0.000
2024-12-02T06:00:00,2.330,0.00,0.000
2024-12-02T05:45:00,2.330,0.00,0.000
2024-12-02T05:30:00,2.330,0.00,0.000
2024-12-02T05:15:00,2.330,0.00,0.000
2024-12-02T05:00:00,2.330,0.00,0.000
2024-12-02T04:45:00,2.330,0.00,0.000
2024-12-02T04:30:00,2.330,0.00,0.000
2024-12-02T04:15:00,2.330,0.00,0.000
2024-12-02T04:00:00,2.330,0.00,0.000
2024-12-02T03:45:00,2.330,0.00,0.000
2024-12-02T03:30:00,2.330,0.00,0.000
2024-12-02T03:15:00,2.330,0.00,0.000
2024-12-02T03:00:00,2.330,0.00,0.000
2024-12-02T02:45:00,2.330,0.00,0.000
2024-12-02T02:30:00,2.340,0.00,0.000
2024-12-02T02:15:00,2.330,0.00,0.000
2024-12-02T02:00:00,2.330,0.00,0.000
2024-12-02T01:45:00,2.340,0.00,0.000
2024-12-02T01:30:00,2.330,0.00,0.000
2024-12-02T01:15:00,2.340,0.00,0.000
2024-12-02T01:00:00,2.330,0.00,0.000
2024-12-02T00:45:00,2.340,0.00,0.000
2024-12-02T00:30:00,2.340,0.00,0.000
2024-12-02T00:15:00,2.340,0.00,0.000
2024-12-02T00:00:00,2.340,0.00,0.000
2024-12-15T23:45:00,2.960,26.20,0.000
2024-12-15T23:30:00,2.960,0.00,0.000
2024-12-15T23:15:00,2.960,0.00,0.000
2024-12-15T23:00:00,2.960,0.00,0.000
2024-12-15T22:45:00,2.950,15.30,0.000
2024-12-15T22:30:00,2.950,19.40,0.000
2024-12-15T22:15:00,2.950,14.40,0.000
2024-12-15T22:00:00,2.950,12.50,0.000
2024-12-15T21:45:00,2.950,0.00,0.000
2024-12-15T21:30:00,2.940,0.00,0.000
2024-12-15T21:15:00,2.940,13.10,0.000
2024-12-15T21:00:00,2.940,14.20,0.000
2024-12-15T20:45:00,2.940,15.80,0.000
2024-12-15T20:30:00,2.940,12.50,0.000
2024-12-15T20:15:00,2.940,12.70,0.000
2024-12-15T20:00:00,2.940,12.20,0.000
2024-12-15T19:45:00,2.930,12.80,0.000
2024-12-15T19:30:00,2.930,12.50,0.000
2024-12-15T19:15:00,2.930,12.50,0.000
2024-12-15T19:00:00,2.920,12.60,0.000
2024-12-15T18:45:00,2.920,14.60,0.000
2024-12-15T18:30:00,2.920,0.00,0.000
2024-12-15T18:15:00,2.920,0.00,0.000
2024-12-15T18:00:00,2.920,20.70,0.000
2024-12-15T17:45:00,2.920,22.80,0.000
2024-12-15T17:30:00,2.920,17.80,0.000
2024-12-15T17:15:00,2.910,11.70,0.000
2024-12-15T17:00:00,2.920,0.00,0.000
2024-12-15T16:45:00,2.910,12.30,0.000
2024-12-15T16:30:00,2.910,13.70,0.000
2024-12-15T16:15:00,2.910,14.20,0.000
2024-12-15T16:00:00,2.910,16.00,0.000
2024-12-15T15:45:00,2.910,12.70,0.000
2024-12-15T15:30:00,2.900,11.70,0.000
2024-12-15T15:15:00,2.900,12.60,0.000
2024-12-15T15:00:00,2.890,21.70,0.000
2024-12-15T14:45:00,2.910,17.50,0.000
2024-12-15T14:30:00,2.920,18.80,0.000
2024-12-15T14:15:00,2.910,20.70,0.000
2024-12-15T14:00:00,2.910,18.20,0.000
2024-12-15T13:45:00,2.910,17.70,0.000
2024-12-15T13:30:00,2.910,20.70,0.000
2024-12-15T13:15:00,2.910,27.00,0.000
2024-12-15T13:00:00,2.910,14.40,0.000
2024-12-15T12:45:00,2.900,17.70,0.000
2024-12-15T12:30:00,2.900,15.50,0.000
2024-12-15T12:15:00,2.900,16.90,0.000
2024-12-15T12:00:00,2.900,17.80,0.000
2024-12-15T11:45:00,2.890,15.20,0.000
2024-12-15T11:30:00,2.890,16.80,0.000
2024-12-15T11:15:00,2.880,14.30,0.000
2024-12-15T11:00:00,2.890,18.80,0.000
2024-12-15T10:45:00,2.880,17.30,0.000
2024-12-15T10:30:00,2.880,16.20,0.000
2024-12-15T10:15:00,2.870,15.40,0.000
2024-12-15T10:00:00,2.880,18.00,0.000
2024-12-15T09:45:00,2.870,19.30,0.000
2024-12-15T09:30:00,2.870,18.30,0.000
2024-12-15T09:15:00,2.860,18.10,0.000
2024-12-15T09:00:00,2.860,18.20,0.000
2024-12-15T08:45:00,2.860,18.70,0.000
2024-12-15T08:30:00,2.860,17.50,0.000
2024-12-15T08:15:00,2.860,19.50,0.000
2024-12-15T08:00:00,2.850,19.70,0.000
2024-12-15T07:45:00,2.840,19.60,0.000
2024-12-15T07:30:00,2.840,19.00,0.000
2024-12-15T07:15:00,2.830,18.00,0.000
2024-12-15T07:00:00,2.830,19.40,0.000
2024-12-15T06:45:00,2.820,19.90,0.000
2024-12-15T06:30:00,2.820,20.00,0.000
2024-12-15T06:15:00,2.820,20.50,0.000
2024-12-15T06:00:00,2.810,21.80,0.000
2024-12-15T05:45:00,2.800,19.80,0.000
2024-12-15T05:30:00,2.800,19.80,0.000
2024-12-15T05:15:00,2.800,20.30,0.000
2024-12-15T05:00:00,2.790,19.30,0.000
2024-12-15T04:45:00,2.790,19.60,0.000
2024-12-15T04:30:00,2.770,20.00,0.000
2024-12-15T04:15:00,2.780,20.60,0.000
2024-12-15T04:00:00,2.770,20.20,0.000
2024-12-15T03:45:00,2.760,18.10,0.000
2024-12-15T03:30:00,2.750,21.10,0.000
2024-12-15T03:15:00,2.750,19.70,0.000
2024-12-15T03:00:00,2.740,19.90,0.000
2024-12-15T02:45:00,2.740,19.90,0.000
2024-12-15T02:30:00,2.730,19.00,0.000
2024-12-15T02:15:00,2.720,18.40,0.000
2024-12-15T02:00:00,2.720,19.70,0.000
2024-12-15T01:45:00,2.700,19.90,0.000
2024-12-15T01:30:00,2.710,19.20,0.000
2024-12-15T01:15:00,2.700,20.30,0.000
2024-12-15T01:00:00,2.690,20.10,0.000
2024-12-15T00:45:00,2.690,20.20,0.000
2024-12-15T00:30:00,2.680,20.70,0.000
2024-12-15T00:15:00,2.670,20.00,0.000
2024-12-15T00:00:00,2.670,20.00,0.000
2024-12-14T23:45:00,2.660,20.40,0.000
2024-12-14T23:30:00,2.650,20.20,0.000
2024-12-14T23:15:00,2.650,21.20,0.000
2024-12-14T23:00:00,2.640,19.30,0.000
2024-12-14T22:45:00,2.630,20.80,0.000
2024-12-14T22:30:00,2.620,19.30,0.000
2024-12-14T22:15:00,2.620,20.00,0.000
2024-12-14T22:00:00,2.610,18.50,0.000
2024-12-14T21:45:00,2.610,20.10,0.000
2024-12-14T21:30:00,2.600,20.50,0.000
2024-12-14T21:15:00,2.580,21.50,0.000
2024-12-14T21:00:00,2.580,20.50,0.000
2024-12-14T20:45:00,2.570,21.00,0.000
2024-12-14T20:30:00,2.560,20.10,0.000
2024-12-14T20:15:00,2.550,21.10,0.000
2024-12-14T20:00:00,2.550,21.10,0.000
2024-12-14T19:45:00,2.530,20.40,0.000
2024-12-14T19:30:00,2.530,21.10,0.000
2024-12-14T19:15:00,2.520,22.50,0.000
2024-12-14T19:00:00,2.510,21.10,0.000
2024-12-14T18:45:00,2.500,22.50,0.000
2024-12-14T18:30:00,2.500,20.70,0.000
2024-12-14T18:15:00,2.490,20.90,0.000
2024-12-14T18:00:00,2.490,21.10,0.000
2024-12-14T17:45:00,2.440,14.50,0.000
2024-12-14T17:30:00,2.410,14.60,0.000
2024-12-14T17:15:00,2.410,12.80,0.000
2024-12-14T17:00:00,2.400,14.70,0.000
2024-12-14T16:45:00,2.400,14.10,0.000
2024-12-14T16:30:00,2.400,14.00,0.000
2024-12-14T16:15:00,2.390,14.30,0.000
2024-12-14T16:00:00,2.390,14.30,0.000
2024-12-14T15:45:00,2.380,15.80,0.000
2024-12-14T15:30:00,2.380,13.30,0.000
2024-12-14T15:15:00,2.370,14.80,0.000
2024-12-14T15:00:00,2.370,13.60,0.000
2024-12-14T14:45:00,2.370,15.10,0.000
2024-12-14T14:30:00,2.360,13.90,0.000
2024-12-14T14:15:00,2.350,13.60,0.000
2024-12-14T14:00:00,2.350,15.00,0.000
2024-12-14T13:45:00,2.350,14.40,0.000
2024-12-14T13:30:00,2.340,14.30,0.000
2024-12-14T13:15:00,2.340,14.10,0.000
2024-12-14T13:00:00,2.330,12.40,0.000
2024-12-14T12:45:00,2.330,14.30,0.000
2024-12-14T12:30:00,2.330,14.40,0.000
2024-12-14T12:15:00,2.320,14.10,0.000
2024-12-14T12:00:00,2.310,14.60,0.000
2024-12-14T11:45:00,2.310,15.00,0.000
2024-12-14T11:30:00,2.310,14.90,0.000
2024-12-14T11:15:00,2.300,13.90,0.000
2024-12-14T11:00:00,2.300,14.90,0.000
2024-12-14T10:45:00,2.300,14.30,0.000
2024-12-14T10:30:00,2.300,14.90,0.000
2024-12-14T10:15:00,2.300,13.20,0.000
2024-12-14T10:00:00,2.290,13.30,0.000
2024-12-14T09:45:00,2.300,14.30,0.000
2024-12-14T09:30:00,2.300,14.10,0.000
2024-12-14T09:15:00,2.290,13.90,0.000
2024-12-14T09:00:00,2.310,16.60,0.000
2024-12-14T08:45:00,2.220,0.00,0.000
2024-12-14T08:30:00,2.220,0.00,0.000
2024-12-14T08:15:00,2.230,0.00,0.000
2024-12-14T08:00:00,2.230,5.50,0.000
2024-12-14T07:45:00,2.230,6.80,0.000
2024-12-14T07:30:00,2.240,0.00,0.000
2024-12-14T07:15:00,2.230,0.00,0.000
2024-12-14T07:00:00,2.240,5.50,0.000
2024-12-14T06:45:00,2.240,5.50,0.000
2024-12-14T06:30:00,2.240,5.50,0.000
2024-12-14T06:15:00,2.240,0.00,0.000
2024-12-14T06:00:00,2.240,0.00,0.000
2024-12-14T05:45:00,2.240,9.50,0.000
2024-12-14T05:30:00,2.240,11.40,0.000
2024-12-14T05:15:00,2.240,8.80,0.000
2024-12-14T05:00:00,2.240,0.00,0.000
2024-12-14T04:45:00,2.240,0.00,0.000
2024-12-14T04:30:00,2.240,0.00,0.000
2024-12-14T04:15:00,2.240,0.00,0.000
2024-12-14T04:00:00,2.240,9.40,0.000
2024-12-14T03:45:00,2.240,0.00,0.000
2024-12-14T03:30:00,2.240,8.00,0.000
2024-12-14T03:15:00,2.240,0.00,0.000
2024-12-14T03:00:00,2.240,0.00,0.000
2024-12-14T02:45:00,2.250,8.80,0.000
2024-12-14T02:30:00,2.250,0.00,0.000
2024-12-14T02:15:00,2.240,0.00,0.000
2024-12-14T02:00:00,2.250,0.00,0.000
2024-12-14T01:45:00,2.250,0.00,0.000
2024-12-14T01:30:00,2.250,0.00,0.000
2024-12-14T01:15:00,2.250,0.00,0.000
2024-12-14T01:00:00,2.250,0.00,0.000
2024-12-14T00:45:00,2.250,0.00,0.000
2024-12-14T00:30:00,2.250,0.00,0.000
2024-12-14T00:15:00,2.250,0.00,0.000
2024-12-14T00:00:00,2.250,0.00,0.000
2024-12-13T23:45:00,2.250,0.00,0.000
2024-12-13T23:30:00,2.250,0.00,0.000
2024-12-13T23:15:00,2.250,0.00,0.000
2024-12-13T23:00:00,2.250,0.00,0.000
2024-12-13T22:45:00,2.250,0.00,0.000
2024-12-13T22:30:00,2.250,0.00,0.000
2024-12-13T22:15:00,2.250,18.30,0.000
2024-12-13T22:00:00,2.260,0.00,0.000
2024-12-13T21:45:00,2.260,0.00,0.000
2024-12-13T21:30:00,2.260,18.30,0.000
2024-12-13T21:15:00,2.260,0.00,0.000
2024-12-13T21:00:00,2.260,0.00,0.000
2024-12-13T20:45:00,2.260,0.00,0.000
2024-12-13T20:30:00,2.260,0.00,0.000
2024-12-13T20:15:00,2.260,0.00,0.000
2024-12-13T20:00:00,2.260,0.00,0.000
2024-12-13T19:45:00,2.270,0.00,0.000
2024-12-13T19:30:00,2.270,0.00,0.000
2024-12-13T19:15:00,2.270,14.90,0.000
2024-12-13T19:00:00,2.270,0.00,0.000
2024-12-13T18:45:00,2.270,0.00,0.000
2024-12-13T18:30:00,2.270,0.00,0.000
2024-12-13T18:15:00,2.270,0.00,0.000
2024-12-13T18:00:00,2.270,13.20,0.000
2024-12-13T17:45:00,2.270,0.00,0.000
2024-12-13T17:30:00,2.270,0.00,0.000
2024-12-13T17:15:00,2.270,0.00,0.000
2024-12-13T17:00:00,2.280,0.00,0.000
2024-12-13T16:45:00,2.280,0.00,0.000
2024-12-13T16:30:00,2.280,11.10,0.000
2024-12-13T16:15:00,2.280,0.00,0.000
2024-12-13T16:00:00,2.280,0.00,0.000
2024-12-13T15:45:00,2.290,0.00,0.000
2024-12-13T15:30:00,2.290,0.00,0.000
2024-12-13T15:15:00,2.290,0.00,0.000
2024-12-13T15:00:00,2.290,21.30,0.000
2024-12-13T14:45:00,2.290,0.00,0.000
2024-12-13T14:30:00,2.290,0.00,0.000
2024-12-13T14:15:00,2.290,0.00,0.000
2024-12-13T14:00:00,2.290,0.00,0.000
2024-12-13T13:45:00,2.300,0.00,0.000
2024-12-13T13:30:00,2.300,0.00,0.000
2024-12-13T13:15:00,2.300,0.00,0.000
2024-12-13T13:00:00,2.310,0.00,0.000
2024-12-13T12:45:00,2.310,0.00,0.000
2024-12-13T12:30:00,2.320,0.00,0.000
2024-12-13T12:15:00,2.320,0.00,0.000
2024-12-13T12:00:00,2.320,0.00,0.000
2024-12-13T11:45:00,2.320,0.00,0.000
2024-12-13T11:30:00,2.320,0.00,0.000
2024-12-13T11:15:00,2.320,0.00,0.000
2024-12-13T11:00:00,2.320,0.00,0.000
2024-12-13T10:45:00,2.320,0.00,0.000
2024-12-13T10:30:00,2.320,0.00,0.000
2024-12-13T10:15:00,2.320,0.00,0.000
2024-12-13T10:00:00,2.320,0.00,0.000
2024-12-13T09:45:00,2.320,0.00,0.000
2024-12-13T09:30:00,2.320,0.00,0.000
2024-12-13T09:15:00,2.320,0.00,0.000
2024-12-13T09:00:00,2.320,0.00,0.000
2024-12-13T08:45:00,2.320,0.00,0.000
2024-12-13T08:30:00,2.320,0.00,0.000
2024-12-13T08:15:00,2.320,0.00,0.000
2024-12-13T08:00:00,2.310,0.00,0.000
2024-12-13T07:45:00,2.310,0.00,0.000
2024-12-13T07:30:00,2.310,0.00,0.000
2024-12-13T07:15:00,2.310,0.00,0.000
2024-12-13T07:00:00,2.310,0.00,0.000
2024-12-13T06:45:00,2.310,0.00,0.000
2024-12-13T06:30:00,2.310,10.50,0.000
2024-12-13T06:15:00,2.310,0.00,0.000
2024-12-13T06:00:00,2.310,0.00,0.000
2024-12-13T05:45:00,2.310,9.80,0.000
2024-12-13T05:30:00,2.300,0.00,0.000
2024-12-13T05:15:00,2.300,9.10,0.000
2024-12-13T05:00:00,2.300,0.00,0.000
2024-12-13T04:45:00,2.300,8.50,0.000
2024-12-13T04:30:00,2.300,8.40,0.000
2024-12-13T04:15:00,2.300,0.00,0.000
2024-12-13T04:00:00,2.300,15.30,0.000
2024-12-13T03:45:00,2.300,0.00,0.000
2024-12-13T03:30:00,2.290,0.00,0.000
2024-12-13T03:15:00,2.290,0.00,0.000
2024-12-13T03:00:00,2.290,0.00,0.000
2024-12-13T02:45:00,2.290,0.00,0.000
2024-12-13T02:30:00,2.290,0.00,0.000
2024-12-13T02:15:00,2.290,0.00,0.000
2024-12-13T02:00:00,2.290,0.00,0.000
2024-12-13T01:45:00,2.290,0.00,0.000
2024-12-13T01:30:00,2.290,8.30,0.000
2024-12-13T01:15:00,2.290,11.10,0.000
2024-12-13T01:00:00,2.280,0.00,0.000
2024-12-13T00:45:00,2.290,0.00,0.000
2024-12-13T00:30:00,2.280,13.30,0.000
2024-12-13T00:15:00,2.290,18.10,0.000
2024-12-13T00:00:00,2.280,0.00,0.000
2024-12-12T23:45:00,2.280,9.00,0.000
2024-12-12T23:30:00,2.280,0.00,0.000
2024-12-12T23:15:00,2.280,0.00,0.000
2024-12-12T23:00:00,2.280,0.00,0.000
2024-12-12T22:45:00,2.280,0.00,0.000
2024-12-12T22:30:00,2.280,16.90,0.000
2024-12-12T22:15:00,2.280,0.00,0.000
2024-12-12T22:00:00,2.280,0.00,0.000
2024-12-12T21:45:00,2.280,0.00,0.000
2024-12-12T21:30:00,2.280,0.00,0.000
2024-12-12T21:15:00,2.270,0.00,0.000
2024-12-12T21:00:00,2.270,0.00,0.000
2024-12-12T20:45:00,2.270,0.00,0.000
2024-12-12T20:30:00,2.270,0.00,0.000
2024-12-12T20:15:00,2.270,0.00,0.000
2024-12-12T20:00:00,2.270,0.00,0.000
2024-12-12T19:45:00,2.270,0.00,0.000
2024-12-12T19:30:00,2.270,10.30,0.000
2024-12-12T19:15:00,2.270,9.30,0.000
2024-12-12T19:00:00,2.270,0.00,0.000
2024-12-12T18:45:00,2.270,12.40,0.000
2024-12-12T18:30:00,2.270,0.00,0.000
2024-12-12T18:15:00,2.270,0.00,0.000
2024-12-12T18:00:00,2.270,10.80,0.000
2024-12-12T17:45:00,2.260,12.20,0.000
2024-12-12T17:30:00,2.260,0.00,0.000
2024-12-12T17:15:00,2.270,0.00,0.000
2024-12-12T17:00:00,2.260,0.00,0.000
2024-12-12T16:45:00,2.270,0.00,0.000
2024-12-12T16:30:00,2.270,0.00,0.000
2024-12-12T16:15:00,2.260,0.00,0.000
2024-12-12T16:00:00,2.260,0.00,0.000
2024-12-12T15:45:00,2.270,0.00,0.000
2024-12-12T15:30:00,2.270,0.00,0.000
2024-12-12T15:15:00,2.270,0.00,0.000
2024-12-12T15:00:00,2.270,0.00,0.000
2024-12-12T14:45:00,2.270,0.00,0.000
2024-12-12T14:30:00,2.270,0.00,0.000
2024-12-12T14:15:00,2.270,0.00,0.000
2024-12-12T14:00:00,2.270,0.00,0.000
2024-12-12T13:45:00,2.270,0.00,0.000
2024-12-12T13:30:00,2.270,0.00,0.000
2024-12-12T13:15:00,2.270,0.00,0.000
2024-12-12T13:00:00,2.270,0.00,0.000
2024-12-12T12:45:00,2.270,0.00,0.000
2024-12-12T12:30:00,2.270,0.00,0.000
2024-12-12T12:15:00,2.270,0.00,0.000
2024-12-12T12:00:00,2.270,0.00,0.000
2024-12-12T11:45:00,2.270,0.00,0.000
2024-12-12T11:30:00,2.270,0.00,0.000
2024-12-12T11:15:00,2.270,0.00,0.000
2024-12-12T11:00:00,2.280,0.00,0.000
2024-12-12T10:45:00,2.280,0.00,0.000
2024-12-12T10:30:00,2.280,0.00,0.000
2024-12-12T10:15:00,2.280,0.00,0.000
2024-12-12T10:00:00,2.280,0.00,0.000
2024-12-12T09:45:00,2.280,0.00,0.000
2024-12-12T09:30:00,2.280,0.00,0.000
2024-12-12T09:15:00,2.280,0.00,0.000
2024-12-12T09:00:00,2.280,0.00,0.000
2024-12-12T08:45:00,2.280,0.00,0.000
2024-12-12T08:30:00,2.280,0.00,0.000
2024-12-12T08:15:00,2.280,0.00,0.000
2024-12-12T08:00:00,2.280,0.00,0.000
2024-12-12T07:45:00,2.280,0.00,0.000
2024-12-12T07:30:00,2.280,0.00,0.000
2024-12-12T07:15:00,2.280,0.00,0.000
2024-12-12T07:00:00,2.280,0.00,0.000
2024-12-12T06:45:00,2.280,0.00,0.000
2024-12-12T06:30:00,2.280,9.90,0.000
2024-12-12T06:15:00,2.280,0.00,0.000
2024-12-12T06:00:00,2.280,0.00,0.000
2024-12-12T05:45:00,2.280,9.20,0.000
2024-12-12T05:30:00,2.280,0.00,0.000
2024-12-12T05:15:00,2.270,9.30,0.000
2024-12-12T05:00:00,2.280,0.00,0.000
2024-12-12T04:45:00,2.270,0.00,0.000
2024-12-12T04:30:00,2.270,0.00,0.000
2024-12-12T04:15:00,2.270,0.00,0.000
2024-12-12T04:00:00,2.270,0.00,0.000
2024-12-12T03:45:00,2.270,0.00,0.000
2024-12-12T03:30:00,2.270,0.00,0.000
2024-12-12T03:15:00,2.270,8.80,0.000
2024-12-12T03:00:00,2.270,0.00,0.000
2024-12-12T02:45:00,2.270,0.00,0.000
2024-12-12T02:30:00,2.270,0.00,0.000
2024-12-12T02:15:00,2.270,0.00,0.000
2024-12-12T02:00:00,2.260,0.00,0.000
2024-12-12T01:45:00,2.260,0.00,0.000
2024-12-12T01:30:00,2.260,0.00,0.000
2024-12-12T01:15:00,2.260,0.00,0.000
2024-12-12T01:00:00,2.260,0.00,0.000
2024-12-12T00:45:00,2.260,0.00,0.000
2024-12-12T00:30:00,2.260,0.00,0.000
2024-12-12T00:15:00,2.260,0.00,0.000
2024-12-12T00:00:00,2.260,0.00,0.000
2024-12-11T23:45:00,2.260,0.00,0.000
2024-12-11T23:30:00,2.260,0.00,0.000
2024-12-11T23:15:00,2.260,0.00,0.000
2024-12-11T23:00:00,2.260,0.00,0.000
2024-12-11T22:45:00,2.260,0.00,0.000
2024-12-11T22:30:00,2.250,0.00,0.000
2024-12-11T22:15:00,2.250,0.00,0.000
2024-12-11T22:00:00,2.250,0.00,0.000
2024-12-11T21:45:00,2.250,0.00,0.000
2024-12-11T21:30:00,2.250,0.00,0.000
2024-12-11T21:15:00,2.250,10.80,0.000
2024-12-11T21:00:00,2.250,0.00,0.000
2024-12-11T20:45:00,2.250,0.00,0.000
2024-12-11T20:30:00,2.250,0.00,0.000
2024-12-11T20:15:00,2.250,20.30,0.000
2024-12-11T20:00:00,2.250,8.40,0.000
2024-12-11T19:45:00,2.250,9.20,0.000
2024-12-11T19:30:00,2.240,0.00,0.000
2024-12-11T19:15:00,2.250,12.90,0.000
2024-12-11T19:00:00,2.240,0.00,0.000
2024-12-11T18:45:00,2.240,0.00,0.000
2024-12-11T18:30:00,2.240,0.00,0.000
2024-12-11T18:15:00,2.240,0.00,0.000
2024-12-11T18:00:00,2.240,0.00,0.000
2024-12-11T17:45:00,2.240,11.20,0.000
2024-12-11T17:30:00,2.240,0.00,0.000
2024-12-11T17:15:00,2.230,0.00,0.000
2024-12-11T17:00:00,2.230,0.00,0.000
2024-12-11T16:45:00,2.230,0.00,0.000
2024-12-11T16:30:00,2.230,0.00,0.000
2024-12-11T16:15:00,2.230,0.00,0.000
2024-12-11T16:00:00,2.240,0.00,0.000
2024-12-11T15:45:00,2.230,0.00,0.000
2024-12-11T15:30:00,2.230,0.00,0.000
2024-12-11T15:15:00,2.230,0.00,0.000
2024-12-11T15:00:00,2.240,0.00,0.000
2024-12-11T14:45:00,2.240,0.00,0.000
2024-12-11T14:30:00,2.240,0.00,0.000
2024-12-11T14:15:00,2.240,0.00,0.000
2024-12-11T14:00:00,2.230,0.00,0.000
2024-12-11T13:45:00,2.230,0.00,0.000
2024-12-11T13:30:00,2.230,0.00,0.000
2024-12-11T13:15:00,2.230,0.00,0.000
2024-12-11T13:00:00,2.230,0.00,0.000
2024-12-11T12:45:00,2.230,0.00,0.000
2024-12-11T12:30:00,2.230,0.00,0.000
2024-12-11T12:15:00,2.230,0.00,0.000
2024-12-11T12:00:00,2.230,0.00,0.000
2024-12-11T11:45:00,2.240,0.00,0.000
2024-12-11T11:30:00,2.240,0.00,0.000
2024-12-11T11:15:00,2.240,0.00,0.000
2024-12-11T11:00:00,2.240,0.00,0.000
2024-12-11T10:45:00,2.240,0.00,0.000
2024-12-11T10:30:00,2.240,0.00,0.000
2024-12-11T10:15:00,2.240,0.00,0.000
2024-12-11T10:00:00,2.230,0.00,0.000
2024-12-11T09:45:00,2.230,0.00,0.000
2024-12-11T09:30:00,2.240,0.00,0.000
2024-12-11T09:15:00,2.240,0.00,0.000
2024-12-11T09:00:00,2.240,0.00,0.000
2024-12-11T08:45:00,2.240,0.00,0.000
2024-12-11T08:30:00,2.240,0.00,0.000
2024-12-11T08:15:00,2.240,0.00,0.000
2024-12-11T08:00:00,2.240,0.00,0.000
2024-12-11T07:45:00,2.240,0.00,0.000
2024-12-11T07:30:00,2.240,0.00,0.000
2024-12-11T07:15:00,2.240,0.00,0.000
2024-12-11T07:00:00,2.240,0.00,0.000
2024-12-11T06:45:00,2.240,0.00,0.000
2024-12-11T06:30:00,2.240,9.60,0.000
2024-12-11T06:15:00,2.240,0.00,0.000
2024-12-11T06:00:00,2.240,0.00,0.000
2024-12-11T05:45:00,2.240,8.70,0.000
2024-12-11T05:30:00,2.240,0.00,0.000
2024-12-11T05:15:00,2.230,8.80,0.000
2024-12-11T05:00:00,2.230,9.10,0.000
2024-12-11T04:45:00,2.230,7.80,0.000
2024-12-11T04:30:00,2.230,0.00,0.000
2024-12-11T04:15:00,2.230,8.10,0.000
2024-12-11T04:00:00,2.230,0.00,0.000
2024-12-11T03:45:00,2.230,0.00,0.000
2024-12-11T03:30:00,2.230,0.00,0.000
2024-12-11T03:15:00,2.230,8.10,0.000
2024-12-11T03:00:00,2.230,0.00,0.000
2024-12-11T02:45:00,2.220,0.00,0.000
2024-12-11T02:30:00,2.220,0.00,0.000
2024-12-11T02:15:00,2.220,0.00,0.000
2024-12-11T02:00:00,2.220,0.00,0.000
2024-12-11T01:45:00,2.220,0.00,0.000
2024-12-11T01:30:00,2.220,0.00,0.000
2024-12-11T01:15:00,2.220,0.00,0.000
2024-12-11T01:00:00,2.220,0.00,0.000
2024-12-11T00:45:00,2.220,0.00,0.000
2024-12-11T00:30:00,2.220,0.00,0.000
2024-12-11T00:15:00,2.220,0.00,0.000
2024-12-11T00:00:00,2.210,0.00,0.000
2024-12-10T23:45:00,2.210,0.00,0.000
2024-12-10T23:30:00,2.210,0.00,0.000
2024-12-10T23:15:00,2.210,0.00,0.000
2024-12-10T23:00:00,2.210,6.50,0.000
2024-12-10T22:45:00,2.210,0.00,0.000
2024-12-10T22:30:00,2.210,7.90,0.000
2024-12-10T22:15:00,2.210,0.00,0.000
2024-12-10T22:00:00,2.210,8.60,0.000
2024-12-10T21:45:00,2.210,8.40,0.000
2024-12-10T21:30:00,2.210,0.00,0.000
2024-12-10T21:15:00,2.210,9.80,0.000
2024-12-10T21:00:00,2.200,9.10,0.000
2024-12-10T20:45:00,2.200,8.30,0.000
2024-12-10T20:30:00,2.200,8.30,0.000
2024-12-10T20:15:00,2.200,0.00,0.000
2024-12-10T20:00:00,2.200,7.90,0.000
2024-12-10T19:45:00,2.200,9.30,0.000
2024-12-10T19:30:00,2.200,0.00,0.000
2024-12-10T19:15:00,2.200,8.70,0.000
2024-12-10T19:00:00,2.200,0.00,0.000
2024-12-10T18:45:00,2.200,0.00,0.000
2024-12-10T18:30:00,2.200,0.00,0.000
2024-12-10T18:15:00,2.200,18.40,0.000
2024-12-10T18:00:00,2.190,0.00,0.000
2024-12-10T17:45:00,2.190,0.00,0.000
2024-12-10T17:30:00,2.190,0.00,0.000
2024-12-10T17:15:00,2.190,0.00,0.000
2024-12-10T17:00:00,2.190,0.00,0.000
2024-12-10T16:45:00,2.190,0.00,0.000
2024-12-10T16:30:00,2.190,0.00,0.000
2024-12-10T16:15:00,2.190,0.00,0.000
2024-12-10T16:00:00,2.190,0.00,0.000
2024-12-10T15:45:00,2.190,13.40,0.000
2024-12-10T15:30:00,2.190,0.00,0.000
2024-12-10T15:15:00,2.190,0.00,0.000
2024-12-10T15:00:00,2.190,0.00,0.000
2024-12-10T14:45:00,2.190,0.00,0.000
2024-12-10T14:30:00,2.190,0.00,0.000
2024-12-10T14:15:00,2.190,0.00,0.000
2024-12-10T14:00:00,2.190,0.00,0.000
2024-12-10T13:45:00,2.190,0.00,0.000
2024-12-10T13:30:00,2.190,0.00,0.000
2024-12-10T13:15:00,2.200,0.00,0.000
2024-12-10T13:00:00,2.190,0.00,0.000
2024-12-10T12:45:00,2.190,8.00,0.000
2024-12-10T12:30:00,2.190,0.00,0.000
2024-12-10T12:15:00,2.200,0.00,0.000
2024-12-10T12:00:00,2.190,0.00,0.000
2024-12-10T11:45:00,2.190,0.00,0.000
2024-12-10T11:30:00,2.190,0.00,0.000
2024-12-10T11:15:00,2.190,0.00,0.000
2024-12-10T11:00:00,2.190,0.00,0.000
2024-12-10T10:45:00,2.190,0.00,0.000
2024-12-10T10:30:00,2.190,0.00,0.000
2024-12-10T10:15:00,2.190,0.00,0.000
2024-12-10T10:00:00,2.190,0.00,0.000
2024-12-10T09:45:00,2.190,0.00,0.000
2024-12-10T09:30:00,2.190,0.00,0.000
2024-12-10T09:15:00,2.190,0.00,0.000
2024-12-10T09:00:00,2.190,0.00,0.000
2024-12-10T08:45:00,2.190,0.00,0.000
2024-12-10T08:30:00,2.190,0.00,0.000
2024-12-10T08:15:00,2.190,0.00,0.000
2024-12-10T08:00:00,2.190,0.00,0.000
2024-12-10T07:45:00,2.190,0.00,0.000
2024-12-10T07:30:00,2.190,0.00,0.000
2024-12-10T07:15:00,2.190,0.00,0.000
2024-12-10T07:00:00,2.190,0.00,0.000
2024-12-10T06:45:00,2.190,8.30,0.000
2024-12-10T06:30:00,2.190,0.00,0.000
2024-12-10T06:15:00,2.180,0.00,0.000
2024-12-10T06:00:00,2.180,0.00,0.000
2024-12-10T05:45:00,2.180,0.00,0.000
2024-12-10T05:30:00,2.180,0.00,0.000
2024-12-10T05:15:00,2.180,7.70,0.000
2024-12-10T05:00:00,2.180,8.30,0.000
2024-12-10T04:45:00,2.180,0.00,0.000
2024-12-10T04:30:00,2.180,8.10,0.000
2024-12-10T04:15:00,2.180,8.30,0.000
2024-12-10T04:00:00,2.170,0.00,0.000
2024-12-10T03:45:00,2.170,0.00,0.000
2024-12-10T03:30:00,2.170,0.00,0.000
2024-12-10T03:15:00,2.170,0.00,0.000
2024-12-10T03:00:00,2.170,0.00,0.000
2024-12-10T02:45:00,2.170,7.40,0.000
2024-12-10T02:30:00,2.170,7.60,0.000
2024-12-10T02:15:00,2.160,6.70,0.000
2024-12-10T02:00:00,2.160,8.50,0.000
2024-12-10T01:45:00,2.160,10.10,0.000
2024-12-10T01:30:00,2.160,7.70,0.000
2024-12-10T01:15:00,2.160,0.00,0.000
2024-12-10T01:00:00,2.160,0.00,0.000
2024-12-10T00:45:00,2.160,0.00,0.000
2024-12-10T00:30:00,2.160,6.50,0.000
2024-12-10T00:15:00,2.160,7.20,0.000
2024-12-10T00:00:00,2.150,0.00,0.000
2024-12-09T23:45:00,2.150,8.00,0.000
2024-12-09T23:30:00,2.150,12.50,0.000
2024-12-09T23:15:00,2.150,7.40,0.000
2024-12-09T23:00:00,2.150,0.00,0.000
2024-12-09T22:45:00,2.150,8.00,0.000
2024-12-09T22:30:00,2.140,8.20,0.000
2024-12-09T22:15:00,2.140,7.90,0.000
2024-12-09T22:00:00,2.140,0.00,0.000
2024-12-09T21:45:00,2.140,7.70,0.000
2024-12-09T21:30:00,2.140,8.70,0.000
2024-12-09T21:15:00,2.140,7.50,0.000
2024-12-09T21:00:00,2.140,7.60,0.000
2024-12-09T20:45:00,2.140,8.00,0.000
2024-12-09T20:30:00,2.130,7.10,0.000
2024-12-09T20:15:00,2.130,0.00,0.000
2024-12-09T20:00:00,2.130,8.10,0.000
2024-12-09T19:45:00,2.130,7.00,0.000
2024-12-09T19:30:00,2.130,7.80,0.000
2024-12-09T19:15:00,2.130,8.30,0.000
2024-12-09T19:00:00,2.130,8.00,0.000
2024-12-09T18:45:00,2.130,8.60,0.000
2024-12-09T18:30:00,2.130,14.00,0.000
2024-12-09T18:15:00,2.120,19.60,0.000
2024-12-09T18:00:00,2.120,0.00,0.000
2024-12-09T17:45:00,2.120,7.60,0.000
2024-12-09T17:30:00,2.110,0.00,0.000
2024-12-09T17:15:00,2.110,0.00,0.000
2024-12-09T17:00:00,2.110,0.00,0.000
2024-12-09T16:45:00,2.120,0.00,0.000
2024-12-09T16:30:00,2.120,0.00,0.000
2024-12-09T16:15:00,2.120,0.00,0.000
2024-12-09T16:00:00,2.120,0.00,0.000
2024-12-09T15:45:00,2.120,0.00,0.000
2024-12-09T15:30:00,2.130,0.00,0.000
2024-12-09T15:15:00,2.130,0.00,0.000
2024-12-09T15:00:00,2.130,0.00,0.000
2024-12-09T14:45:00,2.130,0.00,0.000
2024-12-09T14:30:00,2.130,6.80,0.000
2024-12-09T14:15:00,2.130,0.00,0.000
2024-12-09T14:00:00,2.140,0.00,0.000
2024-12-09T13:45:00,2.140,0.00,0.000
2024-12-09T13:30:00,2.140,0.00,0.000
2024-12-09T13:15:00,2.140,0.00,0.000
2024-12-09T13:00:00,2.140,0.00,0.000
2024-12-09T12:45:00,2.140,0.00,0.000
2024-12-09T12:30:00,2.140,0.00,0.000
2024-12-09T12:15:00,2.140,0.00,0.000
2024-12-09T12:00:00,2.140,0.00,0.000
2024-12-09T11:45:00,2.150,0.00,0.000
2024-12-09T11:30:00,2.150,0.00,0.000
2024-12-09T11:15:00,2.150,0.00,0.000
2024-12-09T11:00:00,2.150,0.00,0.000
2024-12-09T10:45:00,2.150,0.00,0.000
2024-12-09T10:30:00,2.150,0.00,0.000
2024-12-09T10:15:00,2.150,0.00,0.000
2024-12-09T10:00:00,2.150,0.00,0.000
2024-12-09T09:45:00,2.160,0.00,0.000
2024-12-09T09:30:00,2.160,0.00,0.000
2024-12-09T09:15:00,2.160,0.00,0.000
2024-12-09T09:00:00,2.160,0.00,0.000
2024-12-09T08:45:00,2.160,0.00,0.000
2024-12-09T08:30:00,2.170,0.00,0.000
2024-12-09T08:15:00,2.170,0.00,0.000
2024-12-09T08:00:00,2.170,0.00,0.000
2024-12-09T07:45:00,2.170,0.00,0.000
2024-12-09T07:30:00,2.170,0.00,0.000
2024-12-09T07:15:00,2.170,0.00,0.000
2024-12-09T07:00:00,2.170,0.00,0.000
2024-12-09T06:45:00,2.180,0.00,0.000
2024-12-09T06:30:00,2.180,9.60,0.000
2024-12-09T06:15:00,2.180,8.60,0.000
2024-12-09T06:00:00,2.180,0.00,0.000
2024-12-09T05:45:00,2.180,8.10,0.000
2024-12-09T05:30:00,2.180,7.70,0.000
2024-12-09T05:15:00,2.180,8.50,0.000
2024-12-09T05:00:00,2.180,0.00,0.000
2024-12-09T04:45:00,2.180,0.00,0.000
2024-12-09T04:30:00,2.180,0.00,0.000
2024-12-09T04:15:00,2.180,0.00,0.000
2024-12-09T04:00:00,2.180,8.20,0.000
2024-12-09T03:45:00,2.180,7.90,0.000
2024-12-09T03:30:00,2.180,0.00,0.000
2024-12-09T03:15:00,2.180,0.00,0.000
2024-12-09T03:00:00,2.180,0.00,0.000
2024-12-09T02:45:00,2.180,0.00,0.000
2024-12-09T02:30:00,2.190,0.00,0.000
2024-12-09T02:15:00,2.190,0.00,0.000
2024-12-09T02:00:00,2.190,8.10,0.000
2024-12-09T01:45:00,2.190,8.40,0.000
2024-12-09T01:30:00,2.190,0.00,0.000
2024-12-09T01:15:00,2.190,0.00,0.000
2024-12-09T01:00:00,2.190,0.00,0.000
2024-12-09T00:45:00,2.190,0.00,0.000
2024-12-09T00:30:00,2.190,0.00,0.000
2024-12-09T00:15:00,2.190,0.00,0.000
2024-12-09T00:00:00,2.190,0.00,0.000
2024-12-22T23:45:00,2.670,0.00,0.000
2024-12-22T23:30:00,2.670,0.00,0.000
2024-12-22T23:15:00,2.670,0.00,0.000
2024-12-22T23:00:00,2.670,0.00,0.000
2024-12-22T22:45:00,2.670,0.00,0.000
2024-12-22T22:30:00,2.660,0.00,0.000
2024-12-22T22:15:00,2.660,0.00,0.000
2024-12-22T22:00:00,2.660,0.00,0.000
2024-12-22T21:45:00,2.660,0.00,0.000
2024-12-22T21:30:00,2.660,0.00,0.000
2024-12-22T21:15:00,2.660,0.00,0.000
2024-12-22T21:00:00,2.660,0.00,0.000
2024-12-22T20:45:00,2.660,0.00,0.000
2024-12-22T20:30:00,2.650,0.00,0.000
2024-12-22T20:15:00,2.650,0.00,0.000
2024-12-22T20:00:00,2.650,0.00,0.000
2024-12-22T19:45:00,2.650,0.00,0.000
2024-12-22T19:30:00,2.650,0.00,0.000
2024-12-22T19:15:00,2.650,0.00,0.000
2024-12-22T19:00:00,2.650,0.00,0.000
2024-12-22T18:45:00,2.650,0.00,0.000
2024-12-22T18:30:00,2.650,0.00,0.000
2024-12-22T18:15:00,2.650,26.60,0.000
2024-12-22T18:00:00,2.640,0.00,0.000
2024-12-22T17:45:00,2.640,0.00,0.000
2024-12-22T17:30:00,2.640,0.00,0.000
2024-12-22T17:15:00,2.640,0.00,0.000
2024-12-22T17:00:00,2.640,0.00,0.000
2024-12-22T16:45:00,2.640,0.00,0.000
2024-12-22T16:30:00,2.630,0.00,0.000
2024-12-22T16:15:00,2.640,0.00,0.000
2024-12-22T16:00:00,2.640,0.00,0.000
2024-12-22T15:45:00,2.630,0.00,0.000
2024-12-22T15:30:00,2.640,0.00,0.000
2024-12-22T15:15:00,2.630,0.00,0.000
2024-12-22T15:00:00,2.630,0.00,0.000
2024-12-22T14:45:00,2.630,0.00,0.000
2024-12-22T14:30:00,2.630,0.00,0.000
2024-12-22T14:15:00,2.630,0.00,0.000
2024-12-22T14:00:00,2.630,0.00,0.000
2024-12-22T13:45:00,2.630,0.00,0.000
2024-12-22T13:30:00,2.630,0.00,0.000
2024-12-22T13:15:00,2.630,0.00,0.000
2024-12-22T13:00:00,2.630,0.00,0.000
2024-12-22T12:45:00,2.630,0.00,0.000
2024-12-22T12:30:00,2.630,0.00,0.000
2024-12-22T12:15:00,2.630,0.00,0.000
2024-12-22T12:00:00,2.630,0.00,0.000
2024-12-22T11:45:00,2.630,0.00,0.000
2024-12-22T11:30:00,2.630,0.00,0.000
2024-12-22T11:15:00,2.630,0.00,0.000
2024-12-22T11:00:00,2.630,0.00,0.000
2024-12-22T10:45:00,2.630,0.00,0.000
2024-12-22T10:30:00,2.630,0.00,0.000
2024-12-22T10:15:00,2.630,0.00,0.000
2024-12-22T10:00:00,2.630,0.00,0.000
2024-12-22T09:45:00,2.630,0.00,0.000
2024-12-22T09:30:00,2.630,0.00,0.000
2024-12-22T09:15:00,2.630,0.00,0.000
2024-12-22T09:00:00,2.630,0.00,0.000
2024-12-22T08:45:00,2.630,0.00,0.000
2024-12-22T08:30:00,2.630,0.00,0.000
2024-12-22T08:15:00,2.630,0.00,0.000
2024-12-22T08:00:00,2.630,0.00,0.000
2024-12-22T07:45:00,2.630,0.00,0.000
2024-12-22T07:30:00,2.630,0.00,0.000
2024-12-22T07:15:00,2.630,0.00,0.000
2024-12-22T07:00:00,2.620,0.00,0.000
2024-12-22T06:45:00,2.620,0.00,0.000
2024-12-22T06:30:00,2.620,0.00,0.000
2024-12-22T06:15:00,2.620,0.00,0.000
2024-12-22T06:00:00,2.620,0.00,0.000
2024-12-22T05:45:00,2.620,8.60,0.000
2024-12-22T05:30:00,2.620,7.80,0.000
2024-12-22T05:15:00,2.610,0.00,0.000
2024-12-22T05:00:00,2.610,0.00,0.000
2024-12-22T04:45:00,2.610,0.00,0.000
2024-12-22T04:30:00,2.610,0.00,0.000
2024-12-22T04:15:00,2.610,0.00,0.000
2024-12-22T04:00:00,2.610,0.00,0.000
2024-12-22T03:45:00,2.600,0.00,0.000
2024-12-22T03:30:00,2.600,0.00,0.000
2024-12-22T03:15:00,2.600,0.00,0.000
2024-12-22T03:00:00,2.600,0.00,0.000
2024-12-22T02:45:00,2.600,0.00,0.000
2024-12-22T02:30:00,2.600,0.00,0.000
2024-12-22T02:15:00,2.600,0.00,0.000
2024-12-22T02:00:00,2.600,0.00,0.000
2024-12-22T01:45:00,2.600,0.00,0.000
2024-12-22T01:30:00,2.590,0.00,0.000
2024-12-22T01:15:00,2.590,0.00,0.000
2024-12-22T01:00:00,2.590,0.00,0.000
2024-12-22T00:45:00,2.590,0.00,0.000
2024-12-22T00:30:00,2.590,0.00,0.000
2024-12-22T00:15:00,2.590,0.00,0.000
2024-12-22T00:00:00,2.590,0.00,0.000
2024-12-21T23:45:00,2.590,0.00,0.000
2024-12-21T23:30:00,2.580,0.00,0.000
2024-12-21T23:15:00,2.580,0.00,0.000
2024-12-21T23:00:00,2.580,0.00,0.000
2024-12-21T22:45:00,2.580,0.00,0.000
2024-12-21T22:30:00,2.580,0.00,0.000
2024-12-21T22:15:00,2.580,0.00,0.000
2024-12-21T22:00:00,2.580,0.00,0.000
2024-12-21T21:45:00,2.570,0.00,0.000
2024-12-21T21:30:00,2.570,7.60,0.000
2024-12-21T21:15:00,2.570,0.00,0.000
2024-12-21T21:00:00,2.570,0.00,0.000
2024-12-21T20:45:00,2.570,0.00,0.000
2024-12-21T20:30:00,2.570,0.00,0.000
2024-12-21T20:15:00,2.570,0.00,0.000
2024-12-21T20:00:00,2.560,0.00,0.000
2024-12-21T19:45:00,2.560,0.00,0.000
2024-12-21T19:30:00,2.560,0.00,0.000
2024-12-21T19:15:00,2.560,0.00,0.000
2024-12-21T19:00:00,2.550,0.00,0.000
2024-12-21T18:45:00,2.550,0.00,0.000
2024-12-21T18:30:00,2.550,30.90,0.000
2024-12-21T18:15:00,2.550,30.60,0.000
2024-12-21T18:00:00,2.550,0.00,0.000
2024-12-21T17:45:00,2.550,0.00,0.000
2024-12-21T17:30:00,2.550,0.00,0.000
2024-12-21T17:15:00,2.550,0.00,0.000
2024-12-21T17:00:00,2.550,0.00,0.000
2024-12-21T16:45:00,2.540,0.00,0.000
2024-12-21T16:30:00,2.540,0.00,0.000
2024-12-21T16:15:00,2.540,0.00,0.000
2024-12-21T16:00:00,2.540,0.00,0.000
2024-12-21T15:45:00,2.540,0.00,0.000
2024-12-21T15:30:00,2.540,0.00,0.000
2024-12-21T15:15:00,2.540,9.20,0.000
2024-12-21T15:00:00,2.540,0.00,0.000
2024-12-21T14:45:00,2.540,0.00,0.000
2024-12-21T14:30:00,2.540,0.00,0.000
2024-12-21T14:15:00,2.530,9.10,0.000
2024-12-21T14:00:00,2.530,11.10,0.000
2024-12-21T13:45:00,2.530,0.00,0.000
2024-12-21T13:30:00,2.530,10.70,0.000
2024-12-21T13:15:00,2.530,0.00,0.000
2024-12-21T13:00:00,2.530,0.00,0.000
2024-12-21T12:45:00,2.540,0.00,0.000
2024-12-21T12:30:00,2.540,0.00,0.000
2024-12-21T12:15:00,2.540,0.00,0.000
2024-12-21T12:00:00,2.540,0.00,0.000
2024-12-21T11:45:00,2.530,0.00,0.000
2024-12-21T11:30:00,2.530,0.00,0.000
2024-12-21T11:15:00,2.530,0.00,0.000
2024-12-21T11:00:00,2.520,0.00,0.000
2024-12-21T10:45:00,2.530,0.00,0.000
2024-12-21T10:30:00,2.530,0.00,0.000
2024-12-21T10:15:00,2.520,0.00,0.000
2024-12-21T10:00:00,2.530,0.00,0.000
2024-12-21T09:45:00,2.530,0.00,0.000
2024-12-21T09:30:00,2.530,0.00,0.000
2024-12-21T09:15:00,2.530,0.00,0.000
2024-12-21T09:00:00,2.530,0.00,0.000
2024-12-21T08:45:00,2.530,0.00,0.000
2024-12-21T08:30:00,2.540,0.00,0.000
2024-12-21T08:15:00,2.540,0.00,0.000
2024-12-21T08:00:00,2.540,0.00,0.000
2024-12-21T07:45:00,2.550,7.40,0.000
2024-12-21T07:30:00,2.550,0.00,0.000
2024-12-21T07:15:00,2.550,0.00,0.000
2024-12-21T07:00:00,2.550,0.00,0.000
2024-12-21T06:45:00,2.550,0.00,0.000
2024-12-21T06:30:00,2.550,0.00,0.000
2024-12-21T06:15:00,2.550,0.00,0.000
2024-12-21T06:00:00,2.550,0.00,0.000
2024-12-21T05:45:00,2.550,0.00,0.000
2024-12-21T05:30:00,2.550,0.00,0.000
2024-12-21T05:15:00,2.550,0.00,0.000
2024-12-21T05:00:00,2.550,0.00,0.000
2024-12-21T04:45:00,2.550,0.00,0.000
2024-12-21T04:30:00,2.550,0.00,0.000
2024-12-21T04:15:00,2.560,0.00,0.000
2024-12-21T04:00:00,2.550,8.70,0.000
2024-12-21T03:45:00,2.560,0.00,0.000
2024-12-21T03:30:00,2.560,0.00,0.000
2024-12-21T03:15:00,2.560,0.00,0.000
2024-12-21T03:00:00,2.560,0.00,0.000
2024-12-21T02:45:00,2.560,0.00,0.000
2024-12-21T02:30:00,2.560,0.00,0.000
2024-12-21T02:15:00,2.560,0.00,0.000
2024-12-21T02:00:00,2.560,0.00,0.000
2024-12-21T01:45:00,2.560,0.00,0.000
2024-12-21T01:30:00,2.560,0.00,0.000
2024-12-21T01:15:00,2.560,0.00,0.000
2024-12-21T01:00:00,2.570,0.00,0.000
2024-12-21T00:45:00,2.570,0.00,0.000
2024-12-21T00:30:00,2.570,0.00,0.000
2024-12-21T00:15:00,2.570,0.00,0.000
2024-12-21T00:00:00,2.570,0.00,0.000
2024-12-20T23:45:00,2.570,0.00,0.000
2024-12-20T23:30:00,2.570,0.00,0.000
2024-12-20T23:15:00,2.570,0.00,0.000
2024-12-20T23:00:00,2.570,0.00,0.000
2024-12-20T22:45:00,2.570,0.00,0.000
2024-12-20T22:30:00,2.580,0.00,0.000
2024-12-20T22:15:00,2.570,0.00,0.000
2024-12-20T22:00:00,2.570,0.00,0.000
2024-12-20T21:45:00,2.580,0.00,0.000
2024-12-20T21:30:00,2.570,0.00,0.000
2024-12-20T21:15:00,2.580,0.00,0.000
2024-12-20T21:00:00,2.580,0.00,0.000
2024-12-20T20:45:00,2.580,0.00,0.000
2024-12-20T20:30:00,2.580,0.00,0.000
2024-12-20T20:15:00,2.580,0.00,0.000
2024-12-20T20:00:00,2.580,0.00,0.000
2024-12-20T19:45:00,2.580,0.00,0.000
2024-12-20T19:30:00,2.580,0.00,0.000
2024-12-20T19:15:00,2.580,0.00,0.000
2024-12-20T19:00:00,2.580,0.00,0.000
2024-12-20T18:45:00,2.590,0.00,0.000
2024-12-20T18:30:00,2.590,0.00,0.000
2024-12-20T18:15:00,2.590,0.00,0.000
2024-12-20T18:00:00,2.590,0.00,0.000
2024-12-20T17:45:00,2.590,0.00,0.000
2024-12-20T17:30:00,2.590,0.00,0.000
2024-12-20T17:15:00,2.590,0.00,0.000
2024-12-20T17:00:00,2.590,0.00,0.000
2024-12-20T16:45:00,2.590,0.00,0.000
2024-12-20T16:30:00,2.590,0.00,0.000
2024-12-20T16:15:00,2.600,0.00,0.000
2024-12-20T16:00:00,2.600,0.00,0.000
2024-12-20T15:45:00,2.600,0.00,0.000
2024-12-20T15:30:00,2.600,0.00,0.000
2024-12-20T15:15:00,2.600,0.00,0.000
2024-12-20T15:00:00,2.610,0.00,0.000
2024-12-20T14:45:00,2.610,0.00,0.000
2024-12-20T14:30:00,2.610,0.00,0.000
2024-12-20T14:15:00,2.610,7.80,0.000
2024-12-20T14:00:00,2.620,0.00,0.000
2024-12-20T13:45:00,2.620,7.80,0.000
2024-12-20T13:30:00,2.620,0.00,0.000
2024-12-20T13:15:00,2.620,0.00,0.000
2024-12-20T13:00:00,2.630,0.00,0.000
2024-12-20T12:45:00,2.630,0.00,0.000
2024-12-20T12:30:00,2.630,0.00,0.000
2024-12-20T12:15:00,2.630,0.00,0.000
2024-12-20T12:00:00,2.630,0.00,0.000
2024-12-20T11:45:00,2.640,0.00,0.000
2024-12-20T11:30:00,2.640,0.00,0.000
2024-12-20T11:15:00,2.640,0.00,0.000
2024-12-20T11:00:00,2.640,12.90,0.000
2024-12-20T10:45:00,2.650,0.00,0.000
2024-12-20T10:30:00,2.650,0.00,0.000
2024-12-20T10:15:00,2.650,0.00,0.000
2024-12-20T10:00:00,2.650,0.00,0.000
2024-12-20T09:45:00,2.650,0.00,0.000
2024-12-20T09:30:00,2.650,0.00,0.000
2024-12-20T09:15:00,2.650,0.00,0.000
2024-12-20T09:00:00,2.650,0.00,0.000
2024-12-20T08:45:00,2.650,9.60,0.000
2024-12-20T08:30:00,2.650,0.00,0.000
2024-12-20T08:15:00,2.650,12.10,0.000
2024-12-20T08:00:00,2.650,0.00,0.000
2024-12-20T07:45:00,2.650,0.00,0.000
2024-12-20T07:30:00,2.650,10.90,0.000
2024-12-20T07:15:00,2.650,0.00,0.000
2024-12-20T07:00:00,2.650,0.00,0.000
2024-12-20T06:45:00,2.650,0.00,0.000
2024-12-20T06:30:00,2.650,14.80,0.000
2024-12-20T06:15:00,2.650,0.00,0.000
2024-12-20T06:00:00,2.650,0.00,0.000
2024-12-20T05:45:00,2.650,0.00,0.000
2024-12-20T05:30:00,2.650,0.00,0.000
2024-12-20T05:15:00,2.640,0.00,0.000
2024-12-20T05:00:00,2.640,0.00,0.000
2024-12-20T04:45:00,2.640,8.00,0.000
2024-12-20T04:30:00,2.640,0.00,0.000
2024-12-20T04:15:00,2.640,0.00,0.000
2024-12-20T04:00:00,2.640,0.00,0.000
2024-12-20T03:45:00,2.640,0.00,0.000
2024-12-20T03:30:00,2.640,0.00,0.000
2024-12-20T03:15:00,2.640,0.00,0.000
2024-12-20T03:00:00,2.630,8.00,0.000
2024-12-20T02:45:00,2.630,0.00,0.000
2024-12-20T02:30:00,2.630,0.00,0.000
2024-12-20T02:15:00,2.630,0.00,0.000
2024-12-20T02:00:00,2.630,0.00,0.000
2024-12-20T01:45:00,2.630,7.90,0.000
2024-12-20T01:30:00,2.630,0.00,0.000
2024-12-20T01:15:00,2.630,0.00,0.000
2024-12-20T01:00:00,2.630,7.90,0.000
2024-12-20T00:45:00,2.630,0.00,0.000
2024-12-20T00:30:00,2.620,0.00,0.000
2024-12-20T00:15:00,2.630,0.00,0.000
2024-12-20T00:00:00,2.620,0.00,0.000
2024-12-19T23:45:00,2.620,0.00,0.000
2024-12-19T23:30:00,2.620,0.00,0.000
2024-12-19T23:15:00,2.620,0.00,0.000
2024-12-19T23:00:00,2.620,0.00,0.000
2024-12-19T22:45:00,2.620,0.00,0.000
2024-12-19T22:30:00,2.610,0.00,0.000
2024-12-19T22:15:00,2.610,0.00,0.000
2024-12-19T22:00:00,2.610,0.00,0.000
2024-12-19T21:45:00,2.610,0.00,0.000
2024-12-19T21:30:00,2.610,0.00,0.000
2024-12-19T21:15:00,2.610,0.00,0.000
2024-12-19T21:00:00,2.610,0.00,0.000
2024-12-19T20:45:00,2.610,0.00,0.000
2024-12-19T20:30:00,2.610,0.00,0.000
2024-12-19T20:15:00,2.610,0.00,0.000
2024-12-19T20:00:00,2.610,0.00,0.000
2024-12-19T19:45:00,2.600,0.00,0.000
2024-12-19T19:30:00,2.600,0.00,0.000
2024-12-19T19:15:00,2.600,0.00,0.000
2024-12-19T19:00:00,2.600,0.00,0.000
2024-12-19T18:45:00,2.600,0.00,0.000
2024-12-19T18:30:00,2.590,0.00,0.000
2024-12-19T18:15:00,2.590,0.00,0.000
2024-12-19T18:00:00,2.590,0.00,0.000
2024-12-19T17:45:00,2.590,0.00,0.000
2024-12-19T17:30:00,2.590,0.00,0.000
2024-12-19T17:15:00,2.590,0.00,0.000
2024-12-19T17:00:00,2.590,0.00,0.000
2024-12-19T16:45:00,2.590,7.70,0.000
2024-12-19T16:30:00,2.590,7.70,0.000
2024-12-19T16:15:00,2.590,0.00,0.000
2024-12-19T16:00:00,2.600,0.00,0.000
2024-12-19T15:45:00,2.580,0.00,0.000
2024-12-19T15:30:00,2.580,0.00,0.000
2024-12-19T15:15:00,2.580,0.00,0.000
2024-12-19T15:00:00,2.590,0.00,0.000
2024-12-19T14:45:00,2.590,0.00,0.000
2024-12-19T14:30:00,2.590,0.00,0.000
2024-12-19T14:15:00,2.580,0.00,0.000
2024-12-19T14:00:00,2.580,0.00,0.000
2024-12-19T13:45:00,2.590,0.00,0.000
2024-12-19T13:30:00,2.580,0.00,0.000
2024-12-19T13:15:00,2.580,12.00,0.000
2024-12-19T13:00:00,2.580,0.00,0.000
2024-12-19T12:45:00,2.590,0.00,0.000
2024-12-19T12:30:00,2.580,0.00,0.000
2024-12-19T12:15:00,2.590,0.00,0.000
2024-12-19T12:00:00,2.590,0.00,0.000
2024-12-19T11:45:00,2.590,0.00,0.000
2024-12-19T11:30:00,2.590,0.00,0.000
2024-12-19T11:15:00,2.590,0.00,0.000
2024-12-19T11:00:00,2.590,0.00,0.000
2024-12-19T10:45:00,2.590,0.00,0.000
2024-12-19T10:30:00,2.590,0.00,0.000
2024-12-19T10:15:00,2.590,0.00,0.000
2024-12-19T10:00:00,2.580,0.00,0.000
2024-12-19T09:45:00,2.590,0.00,0.000
2024-12-19T09:30:00,2.590,0.00,0.000
2024-12-19T09:15:00,2.590,0.00,0.000
2024-12-19T09:00:00,2.590,0.00,0.000
2024-12-19T08:45:00,2.590,0.00,0.000
2024-12-19T08:30:00,2.590,0.00,0.000
2024-12-19T08:15:00,2.590,0.00,0.000
2024-12-19T08:00:00,2.590,0.00,0.000
2024-12-19T07:45:00,2.600,0.00,0.000
2024-12-19T07:30:00,2.600,0.00,0.000
2024-12-19T07:15:00,2.600,0.00,0.000
2024-12-19T07:00:00,2.600,0.00,0.000
2024-12-19T06:45:00,2.600,0.00,0.000
2024-12-19T06:30:00,2.590,0.00,0.000
2024-12-19T06:15:00,2.590,0.00,0.000
2024-12-19T06:00:00,2.590,0.00,0.000
2024-12-19T05:45:00,2.590,0.00,0.000
2024-12-19T05:30:00,2.590,0.00,0.000
2024-12-19T05:15:00,2.590,0.00,0.000
2024-12-19T05:00:00,2.590,0.00,0.000
2024-12-19T04:45:00,2.590,0.00,0.000
2024-12-19T04:30:00,2.590,0.00,0.000
2024-12-19T04:15:00,2.590,0.00,0.000
2024-12-19T04:00:00,2.590,0.00,0.000
2024-12-19T03:45:00,2.590,0.00,0.000
2024-12-19T03:30:00,2.590,0.00,0.000
2024-12-19T03:15:00,2.590,0.00,0.000
2024-12-19T03:00:00,2.590,0.00,0.000
2024-12-19T02:45:00,2.590,0.00,0.000
2024-12-19T02:30:00,2.590,0.00,0.000
2024-12-19T02:15:00,2.580,0.00,0.000
2024-12-19T02:00:00,2.580,0.00,0.000
2024-12-19T01:45:00,2.590,0.00,0.000
2024-12-19T01:30:00,2.580,0.00,0.000
2024-12-19T01:15:00,2.580,0.00,0.000
2024-12-19T01:00:00,2.580,0.00,0.000
2024-12-19T00:45:00,2.580,0.00,0.000
2024-12-19T00:30:00,2.580,0.00,0.000
2024-12-19T00:15:00,2.580,0.00,0.000
2024-12-19T00:00:00,2.580,0.00,0.000
2024-12-18T23:45:00,2.580,0.00,0.000
2024-12-18T23:30:00,2.580,0.00,0.000
2024-12-18T23:15:00,2.580,0.00,0.000
2024-12-18T23:00:00,2.580,0.00,0.000
2024-12-18T22:45:00,2.580,0.00,0.000
2024-12-18T22:30:00,2.580,0.00,0.000
2024-12-18T22:15:00,2.570,0.00,0.000
2024-12-18T22:00:00,2.570,0.00,0.000
2024-12-18T21:45:00,2.570,0.00,0.000
2024-12-18T21:30:00,2.570,0.00,0.000
2024-12-18T21:15:00,2.570,0.00,0.000
2024-12-18T21:00:00,2.570,0.00,0.000
2024-12-18T20:45:00,2.570,0.00,0.000
2024-12-18T20:30:00,2.570,0.00,0.000
2024-12-18T20:15:00,2.570,0.00,0.000
2024-12-18T20:00:00,2.570,0.00,0.000
2024-12-18T19:45:00,2.570,0.00,0.000
2024-12-18T19:30:00,2.570,0.00,0.000
2024-12-18T19:15:00,2.570,0.00,0.000
2024-12-18T19:00:00,2.560,0.00,0.000
2024-12-18T18:45:00,2.560,0.00,0.000
2024-12-18T18:30:00,2.560,0.00,0.000
2024-12-18T18:15:00,2.560,0.00,0.000
2024-12-18T18:00:00,2.560,0.00,0.000
2024-12-18T17:45:00,2.560,0.00,0.000
2024-12-18T17:30:00,2.560,0.00,0.000
2024-12-18T17:15:00,2.560,0.00,0.000
2024-12-18T17:00:00,2.560,0.00,0.000
2024-12-18T16:45:00,2.560,0.00,0.000
2024-12-18T16:30:00,2.560,0.00,0.000
2024-12-18T16:15:00,2.560,0.00,0.000
2024-12-18T16:00:00,2.560,0.00,0.000
2024-12-18T15:45:00,2.560,0.00,0.000
2024-12-18T15:30:00,2.560,0.00,0.000
2024-12-18T15:15:00,2.560,0.00,0.000
2024-12-18T15:00:00,2.550,0.00,0.000
2024-12-18T14:45:00,2.560,0.00,0.000
2024-12-18T14:30:00,2.560,0.00,0.000
2024-12-18T14:15:00,2.560,0.00,0.000
2024-12-18T14:00:00,2.560,0.00,0.000
2024-12-18T13:45:00,2.570,7.50,0.000
2024-12-18T13:30:00,2.570,0.00,0.000
2024-12-18T13:15:00,2.570,0.00,0.000
2024-12-18T13:00:00,2.560,10.60,0.000
2024-12-18T12:45:00,2.560,0.00,0.000
2024-12-18T12:30:00,2.560,0.00,0.000
2024-12-18T12:15:00,2.540,11.00,0.000
2024-12-18T12:00:00,2.550,0.00,0.000
2024-12-18T11:45:00,2.550,0.00,0.000
2024-12-18T11:30:00,2.550,0.00,0.000
2024-12-18T11:15:00,2.560,0.00,0.000
2024-12-18T11:00:00,2.560,0.00,0.000
2024-12-18T10:45:00,2.560,0.00,0.000
2024-12-18T10:30:00,2.570,0.00,0.000
2024-12-18T10:15:00,2.570,0.00,0.000
2024-12-18T10:00:00,2.580,0.00,0.000
2024-12-18T09:45:00,2.580,0.00,0.000
2024-12-18T09:30:00,2.580,0.00,0.000
2024-12-18T09:15:00,2.590,0.00,0.000
2024-12-18T09:00:00,2.590,0.00,0.000
2024-12-18T08:45:00,2.600,0.00,0.000
2024-12-18T08:30:00,2.600,0.00,0.000
2024-12-18T08:15:00,2.600,0.00,0.000
2024-12-18T08:00:00,2.610,0.00,0.000
2024-12-18T07:45:00,2.610,0.00,0.000
2024-12-18T07:30:00,2.620,10.60,0.000
2024-12-18T07:15:00,2.620,0.00,0.000
2024-12-18T07:00:00,2.620,0.00,0.000
2024-12-18T06:45:00,2.630,0.00,0.000
2024-12-18T06:30:00,2.630,13.30,0.000
2024-12-18T06:15:00,2.630,15.90,0.000
2024-12-18T06:00:00,2.630,0.00,0.000
2024-12-18T05:45:00,2.640,0.00,0.000
2024-12-18T05:30:00,2.640,0.00,0.000
2024-12-18T05:15:00,2.640,0.00,0.000
2024-12-18T05:00:00,2.650,0.00,0.000
2024-12-18T04:45:00,2.650,0.00,0.000
2024-12-18T04:30:00,2.650,0.00,0.000
2024-12-18T04:15:00,2.650,0.00,0.000
2024-12-18T04:00:00,2.660,0.00,0.000
2024-12-18T03:45:00,2.660,0.00,0.000
2024-12-18T03:30:00,2.660,0.00,0.000
2024-12-18T03:15:00,2.670,0.00,0.000
2024-12-18T03:00:00,2.670,0.00,0.000
2024-12-18T02:45:00,2.670,0.00,0.000
2024-12-18T02:30:00,2.680,0.00,0.000
2024-12-18T02:15:00,2.680,0.00,0.000
2024-12-18T02:00:00,2.680,0.00,0.000
2024-12-18T01:45:00,2.690,0.00,0.000
2024-12-18T01:30:00,2.690,0.00,0.000
2024-12-18T01:15:00,2.690,0.00,0.000
2024-12-18T01:00:00,2.690,0.00,0.000
2024-12-18T00:45:00,2.700,0.00,0.000
2024-12-18T00:30:00,2.700,0.00,0.000
2024-12-18T00:15:00,2.700,0.00,0.000
2024-12-18T00:00:00,2.710,0.00,0.000
2024-12-17T23:45:00,2.710,0.00,0.000
2024-12-17T23:30:00,2.710,0.00,0.000
2024-12-17T23:15:00,2.720,0.00,0.000
2024-12-17T23:00:00,2.720,0.00,0.000
2024-12-17T22:45:00,2.720,0.00,0.000
2024-12-17T22:30:00,2.730,0.00,0.000
2024-12-17T22:15:00,2.730,0.00,0.000
2024-12-17T22:00:00,2.740,0.00,0.000
2024-12-17T21:45:00,2.740,0.00,0.000
2024-12-17T21:30:00,2.740,0.00,0.000
2024-12-17T21:15:00,2.740,0.00,0.000
2024-12-17T21:00:00,2.750,0.00,0.000
2024-12-17T20:45:00,2.750,0.00,0.000
2024-12-17T20:30:00,2.760,0.00,0.000
2024-12-17T20:15:00,2.760,0.00,0.000
2024-12-17T20:00:00,2.760,0.00,0.000
2024-12-17T19:45:00,2.770,0.00,0.000
2024-12-17T19:30:00,2.770,0.00,0.000
2024-12-17T19:15:00,2.770,0.00,0.000
2024-12-17T19:00:00,2.780,0.00,0.000
2024-12-17T18:45:00,2.780,0.00,0.000
2024-12-17T18:30:00,2.780,19.50,0.000
2024-12-17T18:15:00,2.790,0.00,0.000
2024-12-17T18:00:00,2.790,0.00,0.000
2024-12-17T17:45:00,2.800,0.00,0.000
2024-12-17T17:30:00,2.800,0.00,0.000
2024-12-17T17:15:00,2.800,0.00,0.000
2024-12-17T17:00:00,2.810,0.00,0.000
2024-12-17T16:45:00,2.810,0.00,0.000
2024-12-17T16:30:00,2.820,0.00,0.000
2024-12-17T16:15:00,2.820,0.00,0.000
2024-12-17T16:00:00,2.830,0.00,0.000
2024-12-17T15:45:00,2.830,0.00,0.000
2024-12-17T15:30:00,2.840,0.00,0.000
2024-12-17T15:15:00,2.850,0.00,0.000
2024-12-17T15:00:00,2.850,0.00,0.000
2024-12-17T14:45:00,2.850,15.50,0.000
2024-12-17T14:30:00,2.860,12.30,0.000
2024-12-17T14:15:00,2.860,0.00,0.000
2024-12-17T14:00:00,2.860,0.00,0.000
2024-12-17T13:45:00,2.870,11.40,0.000
2024-12-17T13:30:00,2.870,0.00,0.000
2024-12-17T13:15:00,2.870,0.00,0.000
2024-12-17T13:00:00,2.880,0.00,0.000
2024-12-17T12:45:00,2.880,0.00,0.000
2024-12-17T12:30:00,2.880,16.50,0.000
2024-12-17T12:15:00,2.880,0.00,0.000
2024-12-17T12:00:00,2.880,0.00,0.000
2024-12-17T11:45:00,2.890,0.00,0.000
2024-12-17T11:30:00,2.890,0.00,0.000
2024-12-17T11:15:00,2.880,0.00,0.000
2024-12-17T11:00:00,2.910,9.60,0.000
2024-12-17T10:45:00,2.910,0.00,0.000
2024-12-17T10:30:00,2.910,9.70,0.000
2024-12-17T10:15:00,2.910,9.70,0.000
2024-12-17T10:00:00,2.910,0.00,0.000
2024-12-17T09:45:00,2.920,0.00,0.000
2024-12-17T09:30:00,2.920,0.00,0.000
2024-12-17T09:15:00,2.920,0.00,0.000
2024-12-17T09:00:00,2.920,0.00,0.000
2024-12-17T08:45:00,2.930,0.00,0.000
2024-12-17T08:30:00,2.930,16.40,0.000
2024-12-17T08:15:00,2.930,0.00,0.000
2024-12-17T08:00:00,2.930,0.00,0.000
2024-12-17T07:45:00,2.930,0.00,0.000
2024-12-17T07:30:00,2.930,0.00,0.000
2024-12-17T07:15:00,2.930,0.00,0.000
2024-12-17T07:00:00,2.940,0.00,0.000
2024-12-17T06:45:00,2.940,18.90,0.000
2024-12-17T06:30:00,2.940,17.70,0.000
2024-12-17T06:15:00,2.940,19.00,0.000
2024-12-17T06:00:00,2.940,0.00,0.000
2024-12-17T05:45:00,2.940,0.00,0.000
2024-12-17T05:30:00,2.940,0.00,0.000
2024-12-17T05:15:00,2.940,0.00,0.000
2024-12-17T05:00:00,2.940,0.00,0.000
2024-12-17T04:45:00,2.940,9.90,0.000
2024-12-17T04:30:00,2.950,0.00,0.000
2024-12-17T04:15:00,2.950,0.00,0.000
2024-12-17T04:00:00,2.940,0.00,0.000
2024-12-17T03:45:00,2.950,0.00,0.000
2024-12-17T03:30:00,2.950,22.30,0.000
2024-12-17T03:15:00,2.950,9.90,0.000
2024-12-17T03:00:00,2.950,11.90,0.000
2024-12-17T02:45:00,2.950,0.00,0.000
2024-12-17T02:30:00,2.950,9.90,0.000
2024-12-17T02:15:00,2.950,0.00,0.000
2024-12-17T02:00:00,2.950,0.00,0.000
2024-12-17T01:45:00,2.950,0.00,0.000
2024-12-17T01:30:00,2.950,0.00,0.000
2024-12-17T01:15:00,2.950,0.00,0.000
2024-12-17T01:00:00,2.950,0.00,0.000
2024-12-17T00:45:00,2.950,0.00,0.000
2024-12-17T00:30:00,2.950,9.90,0.000
2024-12-17T00:15:00,2.950,0.00,0.000
2024-12-17T00:00:00,2.950,0.00,0.000
2024-12-16T23:45:00,2.950,0.00,0.000
2024-12-16T23:30:00,2.950,0.00,0.000
2024-12-16T23:15:00,2.950,0.00,0.000
2024-12-16T23:00:00,2.950,0.00,0.000
2024-12-16T22:45:00,2.950,0.00,0.000
2024-12-16T22:30:00,2.950,0.00,0.000
2024-12-16T22:15:00,2.950,0.00,0.000
2024-12-16T22:00:00,2.950,0.00,0.000
2024-12-16T21:45:00,2.960,14.30,0.000
2024-12-16T21:30:00,2.960,13.50,0.000
2024-12-16T21:15:00,2.960,19.70,0.000
2024-12-16T21:00:00,2.960,0.00,0.000
2024-12-16T20:45:00,2.960,0.00,0.000
2024-12-16T20:30:00,2.960,0.00,0.000
2024-12-16T20:15:00,2.960,16.60,0.000
2024-12-16T20:00:00,2.960,0.00,0.000
2024-12-16T19:45:00,2.960,0.00,0.000
2024-12-16T19:30:00,2.960,14.60,0.000
2024-12-16T19:15:00,2.960,0.00,0.000
2024-12-16T19:00:00,2.960,0.00,0.000
2024-12-16T18:45:00,2.960,0.00,0.000
2024-12-16T18:30:00,2.960,30.50,0.000
2024-12-16T18:15:00,2.960,0.00,0.000
2024-12-16T18:00:00,2.960,0.00,0.000
2024-12-16T17:45:00,2.960,0.00,0.000
2024-12-16T17:30:00,2.970,0.00,0.000
2024-12-16T17:15:00,2.970,0.00,0.000
2024-12-16T17:00:00,2.970,0.00,0.000
2024-12-16T16:45:00,2.970,0.00,0.000
2024-12-16T16:30:00,2.970,0.00,0.000
2024-12-16T16:15:00,2.970,0.00,0.000
2024-12-16T16:00:00,2.970,0.00,0.000
2024-12-16T15:45:00,2.970,0.00,0.000
2024-12-16T15:30:00,2.980,0.00,0.000
2024-12-16T15:15:00,2.980,0.00,0.000
2024-12-16T15:00:00,2.980,0.00,0.000
2024-12-16T14:45:00,2.990,10.60,0.000
2024-12-16T14:30:00,2.990,21.00,0.000
2024-12-16T14:15:00,3.000,0.00,0.000
2024-12-16T14:00:00,3.000,0.00,0.000
2024-12-16T13:45:00,3.000,15.30,0.000
2024-12-16T13:30:00,3.000,0.00,0.000
2024-12-16T13:15:00,3.000,0.00,0.000
2024-12-16T13:00:00,3.000,0.00,0.000
2024-12-16T12:45:00,3.000,22.10,0.000
2024-12-16T12:30:00,3.000,0.00,0.000
2024-12-16T12:15:00,3.000,0.00,0.000
2024-12-16T12:00:00,3.000,0.00,0.000
2024-12-16T11:45:00,3.000,10.50,0.000
2024-12-16T11:30:00,3.000,13.80,0.000
2024-12-16T11:15:00,3.000,0.00,0.000
2024-12-16T11:00:00,3.000,0.00,0.000
2024-12-16T10:45:00,3.000,10.30,0.000
2024-12-16T10:30:00,3.000,10.20,0.000
2024-12-16T10:15:00,3.000,10.30,0.000
2024-12-16T10:00:00,3.000,0.00,0.000
2024-12-16T09:45:00,3.000,0.00,0.000
2024-12-16T09:30:00,3.000,0.00,0.000
2024-12-16T09:15:00,2.990,0.00,0.000
2024-12-16T09:00:00,3.010,0.00,0.000
2024-12-16T08:45:00,3.010,0.00,0.000
2024-12-16T08:30:00,3.010,0.00,0.000
2024-12-16T08:15:00,3.010,13.80,0.000
2024-12-16T08:00:00,3.000,16.10,0.000
2024-12-16T07:45:00,3.010,12.10,0.000
2024-12-16T07:30:00,3.000,17.80,0.000
2024-12-16T07:15:00,3.010,20.20,0.000
2024-12-16T07:00:00,3.010,13.70,0.000
2024-12-16T06:45:00,3.010,21.70,0.000
2024-12-16T06:30:00,3.010,22.80,0.000
2024-12-16T06:15:00,3.010,21.00,0.000
2024-12-16T06:00:00,3.000,20.20,0.000
2024-12-16T05:45:00,3.000,13.20,0.000
2024-12-16T05:30:00,3.000,14.50,0.000
2024-12-16T05:15:00,2.990,12.70,0.000
2024-12-16T05:00:00,2.990,0.00,0.000
2024-12-16T04:45:00,2.990,12.00,0.000
2024-12-16T04:30:00,2.990,10.70,0.000
2024-12-16T04:15:00,2.980,11.60,0.000
2024-12-16T04:00:00,2.990,15.20,0.000
2024-12-16T03:45:00,2.980,19.60,0.000
2024-12-16T03:30:00,2.980,13.30,0.000
2024-12-16T03:15:00,2.980,13.50,0.000
2024-12-16T03:00:00,2.980,14.60,0.000
2024-12-16T02:45:00,2.980,13.60,0.000
2024-12-16T02:30:00,2.980,12.70,0.000
2024-12-16T02:15:00,2.980,14.60,0.000
2024-12-16T02:00:00,2.980,12.00,0.000
2024-12-16T01:45:00,2.980,13.60,0.000
2024-12-16T01:30:00,2.970,12.90,0.000
2024-12-16T01:15:00,2.970,12.80,0.000
2024-12-16T01:00:00,2.970,16.40,0.000
2024-12-16T00:45:00,2.970,13.90,0.000
2024-12-16T00:30:00,2.970,14.80,0.000
2024-12-16T00:15:00,2.970,0.00,0.000
2024-12-16T00:00:00,2.960,0.00,0.000
2024-12-29T04:45:00,2.660,10.10,0.000
2024-12-29T04:30:00,2.660,11.30,0.000
2024-12-29T04:15:00,2.660,0.00,0.000
2024-12-29T04:00:00,2.660,9.80,0.000
2024-12-29T03:45:00,2.650,8.10,0.000
2024-12-29T03:30:00,2.650,9.80,0.000
2024-12-29T03:15:00,2.650,10.20,0.000
2024-12-29T03:00:00,2.650,0.00,0.000
2024-12-29T02:45:00,2.640,0.00,0.000
2024-12-29T02:30:00,2.640,11.00,0.000
2024-12-29T02:15:00,2.640,10.20,0.000
2024-12-29T02:00:00,2.630,0.00,0.000
2024-12-29T01:45:00,2.630,9.80,0.000
2024-12-29T01:30:00,2.630,10.00,0.000
2024-12-29T01:15:00,2.630,0.00,0.000
2024-12-29T01:00:00,2.620,10.20,0.000
2024-12-29T00:45:00,2.620,0.00,0.000
2024-12-29T00:30:00,2.620,0.00,0.000
2024-12-29T00:15:00,2.620,11.70,0.000
2024-12-29T00:00:00,2.610,0.00,0.000
2024-12-28T23:45:00,2.610,0.00,0.000
2024-12-28T23:30:00,2.610,11.00,0.000
2024-12-28T23:15:00,2.610,12.10,0.000
2024-12-28T23:00:00,2.600,0.00,0.000
2024-12-28T22:45:00,2.600,10.60,0.000
2024-12-28T22:30:00,2.590,0.00,0.000
2024-12-28T22:15:00,2.590,10.20,0.000
2024-12-28T22:00:00,2.590,10.80,0.000
2024-12-28T21:45:00,2.590,13.30,0.000
2024-12-28T21:30:00,2.580,13.30,0.000
2024-12-28T21:15:00,2.580,10.40,0.000
2024-12-28T21:00:00,2.580,13.10,0.000
2024-12-28T20:45:00,2.570,11.40,0.000
2024-12-28T20:30:00,2.570,10.90,0.000
2024-12-28T20:15:00,2.570,12.60,0.000
2024-12-28T20:00:00,2.570,11.80,0.000
2024-12-28T19:45:00,2.560,14.10,0.000
2024-12-28T19:30:00,2.560,12.80,0.000
2024-12-28T19:15:00,2.550,11.80,0.000
2024-12-28T19:00:00,2.550,13.40,0.000
2024-12-28T18:45:00,2.550,13.90,0.000
2024-12-28T18:30:00,2.550,0.00,0.000
2024-12-28T18:15:00,2.540,0.00,0.000
2024-12-28T18:00:00,2.540,11.80,0.000
2024-12-28T17:45:00,2.540,10.90,0.000
2024-12-28T17:30:00,2.540,11.40,0.000
2024-12-28T17:15:00,2.540,10.10,0.000
2024-12-28T17:00:00,2.530,11.60,0.000
2024-12-28T16:45:00,2.520,11.40,0.000
2024-12-28T16:30:00,2.520,10.40,0.000
2024-12-28T16:15:00,2.520,10.20,0.000
2024-12-28T16:00:00,2.510,13.30,0.000
2024-12-28T15:45:00,2.510,11.40,0.000
2024-12-28T15:30:00,2.510,9.80,0.000
2024-12-28T15:15:00,2.510,10.80,0.000
2024-12-28T15:00:00,2.510,0.00,0.000
2024-12-28T14:45:00,2.510,0.00,0.000
2024-12-28T14:30:00,2.510,10.50,0.000
2024-12-28T14:15:00,2.520,10.00,0.000
2024-12-28T14:00:00,2.520,11.30,0.000
2024-12-28T13:45:00,2.520,11.00,0.000
2024-12-28T13:30:00,2.520,10.90,0.000
2024-12-28T13:15:00,2.520,0.00,0.000
2024-12-28T13:00:00,2.520,11.80,0.000
2024-12-28T12:45:00,2.520,0.00,0.000
2024-12-28T12:30:00,2.520,11.30,0.000
2024-12-28T12:15:00,2.520,13.00,0.000
2024-12-28T12:00:00,2.520,12.00,0.000
2024-12-28T11:45:00,2.520,19.20,0.000
2024-12-28T11:30:00,2.530,11.80,0.000
2024-12-28T11:15:00,2.530,0.00,0.000
2024-12-28T11:00:00,2.530,10.80,0.000
2024-12-28T10:45:00,2.530,0.00,0.000
2024-12-28T10:30:00,2.530,9.30,0.000
2024-12-28T10:15:00,2.530,0.00,0.000
2024-12-28T10:00:00,2.530,11.20,0.000
2024-12-28T09:45:00,2.540,11.00,0.000
2024-12-28T09:30:00,2.540,10.60,0.000
2024-12-28T09:15:00,2.540,9.00,0.000
2024-12-28T09:00:00,2.540,9.20,0.000
2024-12-28T08:45:00,2.540,10.50,0.000
2024-12-28T08:30:00,2.540,10.80,0.000
2024-12-28T08:15:00,2.550,11.30,0.000
2024-12-28T08:00:00,2.550,10.20,0.000
2024-12-28T07:45:00,2.550,12.00,0.000
2024-12-28T07:30:00,2.550,9.60,0.000
2024-12-28T07:15:00,2.550,12.20,0.000
2024-12-28T07:00:00,2.550,9.20,0.000
2024-12-28T06:45:00,2.560,12.50,0.000
2024-12-28T06:30:00,2.560,14.50,0.000
2024-12-28T06:15:00,2.560,0.00,0.000
2024-12-28T06:00:00,2.560,12.30,0.000
2024-12-28T05:45:00,2.560,11.00,0.000
2024-12-28T05:30:00,2.560,11.30,0.000
2024-12-28T05:15:00,2.560,11.00,0.000
2024-12-28T05:00:00,2.560,10.10,0.000
2024-12-28T04:45:00,2.560,10.70,0.000
2024-12-28T04:30:00,2.560,11.20,0.000
2024-12-28T04:15:00,2.560,0.00,0.000
2024-12-28T04:00:00,2.560,11.90,0.000
2024-12-28T03:45:00,2.560,10.90,0.000
2024-12-28T03:30:00,2.570,11.30,0.000
2024-12-28T03:15:00,2.560,11.40,0.000
2024-12-28T03:00:00,2.560,11.00,0.000
2024-12-28T02:45:00,2.560,11.50,0.000
2024-12-28T02:30:00,2.570,12.10,0.000
2024-12-28T02:15:00,2.570,10.90,0.000
2024-12-28T02:00:00,2.570,11.70,0.000
2024-12-28T01:45:00,2.570,11.90,0.000
2024-12-28T01:30:00,2.570,12.10,0.000
2024-12-28T01:15:00,2.570,12.10,0.000
2024-12-28T01:00:00,2.570,11.00,0.000
2024-12-28T00:45:00,2.570,12.30,0.000
2024-12-28T00:30:00,2.570,8.50,0.000
2024-12-28T00:15:00,2.570,11.80,0.000
2024-12-28T00:00:00,2.570,11.70,0.000
2024-12-27T23:45:00,2.570,11.40,0.000
2024-12-27T23:30:00,2.570,12.50,0.000
2024-12-27T23:15:00,2.570,11.60,0.000
2024-12-27T23:00:00,2.580,11.10,0.000
2024-12-27T22:45:00,2.580,11.80,0.000
2024-12-27T22:30:00,2.580,10.60,0.000
2024-12-27T22:15:00,2.580,0.00,0.000
2024-12-27T22:00:00,2.580,9.90,0.000
2024-12-27T21:45:00,2.580,9.70,0.000
2024-12-27T21:30:00,2.580,12.40,0.000
2024-12-27T21:15:00,2.580,11.20,0.000
2024-12-27T21:00:00,2.580,11.30,0.000
2024-12-27T20:45:00,2.580,11.80,0.000
2024-12-27T20:30:00,2.580,11.90,0.000
2024-12-27T20:15:00,2.580,12.30,0.000
2024-12-27T20:00:00,2.580,12.20,0.000
2024-12-27T19:45:00,2.580,0.00,0.000
2024-12-27T19:30:00,2.590,11.20,0.000
2024-12-27T19:15:00,2.590,0.00,0.000
2024-12-27T19:00:00,2.590,22.10,0.000
2024-12-27T18:45:00,2.590,13.30,0.000
2024-12-27T18:30:00,2.590,0.00,0.000
2024-12-27T18:15:00,2.590,25.40,0.000
2024-12-27T18:00:00,2.590,13.90,0.000
2024-12-27T17:45:00,2.590,11.50,0.000
2024-12-27T17:30:00,2.590,13.00,0.000
2024-12-27T17:15:00,2.590,11.90,0.000
2024-12-27T17:00:00,2.590,13.00,0.000
2024-12-27T16:45:00,2.590,16.10,0.000
2024-12-27T16:30:00,2.600,14.50,0.000
2024-12-27T16:15:00,2.600,15.60,0.000
2024-12-27T16:00:00,2.600,14.50,0.000
2024-12-27T15:45:00,2.600,12.20,0.000
2024-12-27T15:30:00,2.600,13.00,0.000
2024-12-27T15:15:00,2.600,11.60,0.000
2024-12-27T15:00:00,2.610,10.40,0.000
2024-12-27T14:45:00,2.610,13.30,0.000
2024-12-27T14:30:00,2.610,13.50,0.000
2024-12-27T14:15:00,2.610,9.70,0.000
2024-12-27T14:00:00,2.610,14.50,0.000
2024-12-27T13:45:00,2.610,0.00,0.000
2024-12-27T13:30:00,2.620,11.40,0.000
2024-12-27T13:15:00,2.620,10.10,0.000
2024-12-27T13:00:00,2.620,11.10,0.000
2024-12-27T12:45:00,2.620,16.10,0.000
2024-12-27T12:30:00,2.620,0.00,0.000
2024-12-27T12:15:00,2.630,11.20,0.000
2024-12-27T12:00:00,2.630,13.40,0.000
2024-12-27T11:45:00,2.630,10.60,0.000
2024-12-27T11:30:00,2.630,13.40,0.000
2024-12-27T11:15:00,2.630,13.70,0.000
2024-12-27T11:00:00,2.640,14.10,0.000
2024-12-27T10:45:00,2.640,0.00,0.000
2024-12-27T10:30:00,2.640,13.60,0.000
2024-12-27T10:15:00,2.640,11.20,0.000
2024-12-27T10:00:00,2.640,12.70,0.000
2024-12-27T09:45:00,2.640,12.80,0.000
2024-12-27T09:30:00,2.650,12.70,0.000
2024-12-27T09:15:00,2.650,13.10,0.000
2024-12-27T09:00:00,2.650,13.10,0.000
2024-12-27T08:45:00,2.650,13.50,0.000
2024-12-27T08:30:00,2.650,15.00,0.000
2024-12-27T08:15:00,2.650,13.60,0.000
2024-12-27T08:00:00,2.660,12.40,0.000
2024-12-27T07:45:00,2.660,12.30,0.000
2024-12-27T07:30:00,2.660,12.00,0.000
2024-12-27T07:15:00,2.660,12.20,0.000
2024-12-27T07:00:00,2.670,12.50,0.000
2024-12-27T06:45:00,2.670,0.00,0.000
2024-12-27T06:30:00,2.680,16.20,0.000
2024-12-27T06:15:00,2.680,11.20,0.000
2024-12-27T06:00:00,2.680,11.90,0.000
2024-12-27T05:45:00,2.670,0.00,0.000
2024-12-27T05:30:00,2.660,0.00,0.000
2024-12-27T05:15:00,2.670,0.00,0.000
2024-12-27T05:00:00,2.660,0.00,0.000
2024-12-27T04:45:00,2.670,0.00,0.000
2024-12-27T04:30:00,2.670,0.00,0.000
2024-12-27T04:15:00,2.670,0.00,0.000
2024-12-27T04:00:00,2.670,0.00,0.000
2024-12-27T03:45:00,2.670,0.00,0.000
2024-12-27T03:30:00,2.670,0.00,0.000
2024-12-27T03:15:00,2.670,0.00,0.000
2024-12-27T03:00:00,2.670,0.00,0.000
2024-12-27T02:45:00,2.680,0.00,0.000
2024-12-27T02:30:00,2.680,0.00,0.000
2024-12-27T02:15:00,2.680,0.00,0.000
2024-12-27T02:00:00,2.680,0.00,0.000
2024-12-27T01:45:00,2.680,0.00,0.000
2024-12-27T01:30:00,2.680,0.00,0.000
2024-12-27T01:15:00,2.680,0.00,0.000
2024-12-27T01:00:00,2.680,0.00,0.000
2024-12-27T00:45:00,2.690,0.00,0.000
2024-12-27T00:30:00,2.690,0.00,0.000
2024-12-27T00:15:00,2.690,0.00,0.000
2024-12-27T00:00:00,2.690,0.00,0.000
2024-12-26T23:45:00,2.690,0.00,0.000
2024-12-26T23:30:00,2.700,0.00,0.000
2024-12-26T23:15:00,2.700,0.00,0.000
2024-12-26T23:00:00,2.700,0.00,0.000
2024-12-26T22:45:00,2.700,104.20,0.000
2024-12-26T22:30:00,2.700,0.00,0.000
2024-12-26T22:15:00,2.700,0.00,0.000
2024-12-26T22:00:00,2.700,0.00,0.000
2024-12-26T21:45:00,2.710,0.00,0.000
2024-12-26T21:30:00,2.710,0.00,0.000
2024-12-26T21:15:00,2.710,0.00,0.000
2024-12-26T21:00:00,2.710,0.00,0.000
2024-12-26T20:45:00,2.720,0.00,0.000
2024-12-26T20:30:00,2.720,0.00,0.000
2024-12-26T20:15:00,2.720,0.00,0.000
2024-12-26T20:00:00,2.720,0.00,0.000
2024-12-26T19:45:00,2.720,0.00,0.000
2024-12-26T19:30:00,2.730,0.00,0.000
2024-12-26T19:15:00,2.730,0.00,0.000
2024-12-26T19:00:00,2.730,0.00,0.000
2024-12-26T18:45:00,2.740,0.00,0.000
2024-12-26T18:30:00,2.740,26.90,0.000
2024-12-26T18:15:00,2.740,0.00,0.000
2024-12-26T18:00:00,2.740,0.00,0.000
2024-12-26T17:45:00,2.740,0.00,0.000
2024-12-26T17:30:00,2.750,0.00,0.000
2024-12-26T17:15:00,2.750,0.00,0.000
2024-12-26T17:00:00,2.750,0.00,0.000
2024-12-26T16:45:00,2.760,0.00,0.000
2024-12-26T16:30:00,2.760,0.00,0.000
2024-12-26T16:15:00,2.760,0.00,0.000
2024-12-26T16:00:00,2.770,0.00,0.000
2024-12-26T15:45:00,2.780,0.00,0.000
2024-12-26T15:30:00,2.790,0.00,0.000
2024-12-26T15:15:00,2.790,0.00,0.000
2024-12-26T15:00:00,2.790,8.90,0.000
2024-12-26T14:45:00,2.790,0.00,0.000
2024-12-26T14:30:00,2.790,0.00,0.000
2024-12-26T14:15:00,2.790,0.00,0.000
2024-12-26T14:00:00,2.790,0.00,0.000
2024-12-26T13:45:00,2.790,8.90,0.000
2024-12-26T13:30:00,2.790,0.00,0.000
2024-12-26T13:15:00,2.790,0.00,0.000
2024-12-26T13:00:00,2.790,0.00,0.000
2024-12-26T12:45:00,2.790,0.00,0.000
2024-12-26T12:30:00,2.790,12.70,0.000
2024-12-26T12:15:00,2.790,0.00,0.000
2024-12-26T12:00:00,2.790,0.00,0.000
2024-12-26T11:45:00,2.790,0.00,0.000
2024-12-26T11:30:00,2.790,0.00,0.000
2024-12-26T11:15:00,2.790,0.00,0.000
2024-12-26T11:00:00,2.790,0.00,0.000
2024-12-26T10:45:00,2.790,0.00,0.000
2024-12-26T10:30:00,2.790,0.00,0.000
2024-12-26T10:15:00,2.800,0.00,0.000
2024-12-26T10:00:00,2.790,0.00,0.000
2024-12-26T09:45:00,2.800,0.00,0.000
2024-12-26T09:30:00,2.800,0.00,0.000
2024-12-26T09:15:00,2.800,0.00,0.000
2024-12-26T09:00:00,2.800,0.00,0.000
2024-12-26T08:45:00,2.800,0.00,0.000
2024-12-26T08:30:00,2.800,0.00,0.000
2024-12-26T08:15:00,2.800,0.00,0.000
2024-12-26T08:00:00,2.800,0.00,0.000
2024-12-26T07:45:00,2.800,0.00,0.000
2024-12-26T07:30:00,2.800,0.00,0.000
2024-12-26T07:15:00,2.800,0.00,0.000
2024-12-26T07:00:00,2.800,0.00,0.000
2024-12-26T06:45:00,2.800,0.00,0.000
2024-12-26T06:30:00,2.800,0.00,0.000
2024-12-26T06:15:00,2.800,0.00,0.000
2024-12-26T06:00:00,2.800,0.00,0.000
2024-12-26T05:45:00,2.800,0.00,0.000
2024-12-26T05:30:00,2.800,0.00,0.000
2024-12-26T05:15:00,2.800,0.00,0.000
2024-12-26T05:00:00,2.800,0.00,0.000
2024-12-26T04:45:00,2.800,0.00,0.000
2024-12-26T04:30:00,2.800,0.00,0.000
2024-12-26T04:15:00,2.790,0.00,0.000
2024-12-26T04:00:00,2.790,0.00,0.000
2024-12-26T03:45:00,2.790,0.00,0.000
2024-12-26T03:30:00,2.790,0.00,0.000
2024-12-26T03:15:00,2.790,0.00,0.000
2024-12-26T03:00:00,2.790,0.00,0.000
2024-12-26T02:45:00,2.790,0.00,0.000
2024-12-26T02:30:00,2.790,0.00,0.000
2024-12-26T02:15:00,2.790,0.00,0.000
2024-12-26T02:00:00,2.790,0.00,0.000
2024-12-26T01:45:00,2.790,0.00,0.000
2024-12-26T01:30:00,2.790,0.00,0.000
2024-12-26T01:15:00,2.790,0.00,0.000
2024-12-26T01:00:00,2.790,0.00,0.000
2024-12-26T00:45:00,2.790,0.00,0.000
2024-12-26T00:30:00,2.790,0.00,0.000
2024-12-26T00:15:00,2.790,0.00,0.000
2024-12-26T00:00:00,2.780,0.00,0.000
2024-12-25T23:45:00,2.780,0.00,0.000
2024-12-25T23:30:00,2.780,0.00,0.000
2024-12-25T23:15:00,2.780,0.00,0.000
2024-12-25T23:00:00,2.780,0.00,0.000
2024-12-25T22:45:00,2.780,0.00,0.000
2024-12-25T22:30:00,2.780,0.00,0.000
2024-12-25T22:15:00,2.780,0.00,0.000
2024-12-25T22:00:00,2.780,0.00,0.000
2024-12-25T21:45:00,2.780,0.00,0.000
2024-12-25T21:30:00,2.780,0.00,0.000
2024-12-25T21:15:00,2.780,0.00,0.000
2024-12-25T21:00:00,2.780,0.00,0.000
2024-12-25T20:45:00,2.780,0.00,0.000
2024-12-25T20:30:00,2.780,0.00,0.000
2024-12-25T20:15:00,2.780,0.00,0.000
2024-12-25T20:00:00,2.780,0.00,0.000
2024-12-25T19:45:00,2.770,0.00,0.000
2024-12-25T19:30:00,2.780,0.00,0.000
2024-12-25T19:15:00,2.770,0.00,0.000
2024-12-25T19:00:00,2.770,0.00,0.000
2024-12-25T18:45:00,2.770,0.00,0.000
2024-12-25T18:30:00,2.770,0.00,0.000
2024-12-25T18:15:00,2.770,0.00,0.000
2024-12-25T18:00:00,2.770,0.00,0.000
2024-12-25T17:45:00,2.770,0.00,0.000
2024-12-25T17:30:00,2.770,0.00,0.000
2024-12-25T17:15:00,2.770,0.00,0.000
2024-12-25T17:00:00,2.770,0.00,0.000
2024-12-25T16:45:00,2.770,11.70,0.000
2024-12-25T16:30:00,2.760,0.00,0.000
2024-12-25T16:15:00,2.770,0.00,0.000
2024-12-25T16:00:00,2.760,0.00,0.000
2024-12-25T15:45:00,2.760,0.00,0.000
2024-12-25T15:30:00,2.760,0.00,0.000
2024-12-25T15:15:00,2.770,9.20,0.000
2024-12-25T15:00:00,2.760,0.00,0.000
2024-12-25T14:45:00,2.770,0.00,0.000
2024-12-25T14:30:00,2.770,0.00,0.000
2024-12-25T14:15:00,2.770,0.00,0.000
2024-12-25T14:00:00,2.770,0.00,0.000
2024-12-25T13:45:00,2.770,0.00,0.000
2024-12-25T13:30:00,2.770,0.00,0.000
2024-12-25T13:15:00,2.770,0.00,0.000
2024-12-25T13:00:00,2.770,0.00,0.000
2024-12-25T12:45:00,2.770,0.00,0.000
2024-12-25T12:30:00,2.770,0.00,0.000
2024-12-25T12:15:00,2.780,0.00,0.000
2024-12-25T12:00:00,2.770,0.00,0.000
2024-12-25T11:45:00,2.780,0.00,0.000
2024-12-25T11:30:00,2.770,0.00,0.000
2024-12-25T11:15:00,2.780,0.00,0.000
2024-12-24T02:30:00,2.720,0.00,0.000
2024-12-24T02:15:00,2.720,0.00,0.000
2024-12-24T02:00:00,2.720,0.00,0.000
2024-12-24T01:45:00,2.720,0.00,0.000
2024-12-24T01:30:00,2.720,0.00,0.000
2024-12-24T01:15:00,2.720,0.00,0.000
2024-12-24T01:00:00,2.710,0.00,0.000
2024-12-24T00:45:00,2.710,0.00,0.000
2024-12-24T00:30:00,2.710,0.00,0.000
2024-12-24T00:15:00,2.710,0.00,0.000
2024-12-24T00:00:00,2.710,0.00,0.000
2024-12-23T23:45:00,2.710,0.00,0.000
2024-12-23T23:30:00,2.710,0.00,0.000
2024-12-23T23:15:00,2.710,0.00,0.000
2024-12-23T23:00:00,2.710,0.00,0.000
2024-12-23T22:45:00,2.710,0.00,0.000
2024-12-23T22:30:00,2.700,0.00,0.000
2024-12-23T22:15:00,2.700,0.00,0.000
2024-12-23T22:00:00,2.710,0.00,0.000
2024-12-23T21:45:00,2.700,0.00,0.000
2024-12-23T21:30:00,2.700,0.00,0.000
2024-12-23T21:15:00,2.700,0.00,0.000
2024-12-23T21:00:00,2.700,0.00,0.000
2024-12-23T20:45:00,2.700,0.00,0.000
2024-12-23T20:30:00,2.700,0.00,0.000
2024-12-23T20:15:00,2.700,0.00,0.000
2024-12-23T20:00:00,2.700,0.00,0.000
2024-12-23T19:45:00,2.700,0.00,0.000
2024-12-23T19:30:00,2.700,0.00,0.000
2024-12-23T19:15:00,2.700,0.00,0.000
2024-12-23T19:00:00,2.700,0.00,0.000
2024-12-23T18:45:00,2.690,0.00,0.000
2024-12-23T18:30:00,2.690,0.00,0.000
2024-12-23T18:15:00,2.690,0.00,0.000
2024-12-23T18:00:00,2.690,0.00,0.000
2024-12-23T17:45:00,2.690,0.00,0.000
2024-12-23T17:30:00,2.690,0.00,0.000
2024-12-23T17:15:00,2.690,0.00,0.000
2024-12-23T17:00:00,2.690,0.00,0.000
2024-12-23T16:45:00,2.690,10.70,0.000
2024-12-23T16:30:00,2.690,10.50,0.000
2024-12-23T16:15:00,2.690,0.00,0.000
2024-12-23T16:00:00,2.690,0.00,0.000
2024-12-23T15:45:00,2.680,11.20,0.000
2024-12-23T15:30:00,2.690,10.40,0.000
2024-12-23T15:15:00,2.680,13.10,0.000
2024-12-23T15:00:00,2.680,0.00,0.000
2024-12-23T14:45:00,2.680,0.00,0.000
2024-12-23T14:30:00,2.690,0.00,0.000
2024-12-23T14:15:00,2.690,0.00,0.000
2024-12-23T14:00:00,2.690,0.00,0.000
2024-12-23T13:45:00,2.690,0.00,0.000
2024-12-23T13:30:00,2.690,0.00,0.000
2024-12-23T13:15:00,2.690,10.60,0.000
2024-12-23T13:00:00,2.690,0.00,0.000
2024-12-23T12:45:00,2.690,0.00,0.000
2024-12-23T12:30:00,2.690,12.10,0.000
2024-12-23T12:15:00,2.690,0.00,0.000
2024-12-23T12:00:00,2.690,0.00,0.000
2024-12-23T11:45:00,2.690,0.00,0.000
2024-12-23T11:30:00,2.690,0.00,0.000
2024-12-23T11:15:00,2.690,0.00,0.000
2024-12-23T11:00:00,2.690,8.30,0.000
2024-12-23T10:45:00,2.690,0.00,0.000
2024-12-23T10:30:00,2.690,0.00,0.000
2024-12-23T10:15:00,2.690,0.00,0.000
2024-12-23T10:00:00,2.690,0.00,0.000
2024-12-23T09:45:00,2.690,0.00,0.000
2024-12-23T09:30:00,2.690,0.00,0.000
2024-12-23T09:15:00,2.690,0.00,0.000
2024-12-23T09:00:00,2.690,0.00,0.000
2024-12-23T08:45:00,2.700,0.00,0.000
2024-12-23T08:30:00,2.700,0.00,0.000
2024-12-23T08:15:00,2.690,0.00,0.000
2024-12-23T08:00:00,2.700,0.00,0.000
2024-12-23T07:45:00,2.700,0.00,0.000
2024-12-23T07:30:00,2.700,0.00,0.000
2024-12-23T07:15:00,2.700,0.00,0.000
2024-12-23T07:00:00,2.690,0.00,0.000
2024-12-23T06:45:00,2.700,0.00,0.000
2024-12-23T06:30:00,2.690,0.00,0.000
2024-12-23T06:15:00,2.690,0.00,0.000
2024-12-23T06:00:00,2.690,0.00,0.000
2024-12-23T05:45:00,2.690,0.00,0.000
2024-12-23T05:30:00,2.690,0.00,0.000
2024-12-23T05:15:00,2.690,0.00,0.000
2024-12-23T05:00:00,2.690,0.00,0.000
2024-12-23T04:45:00,2.690,0.00,0.000
2024-12-23T04:30:00,2.690,0.00,0.000
2024-12-23T04:15:00,2.690,0.00,0.000
2024-12-23T04:00:00,2.690,0.00,0.000
2024-12-23T03:45:00,2.690,0.00,0.000
2024-12-23T03:30:00,2.690,0.00,0.000
2024-12-23T03:15:00,2.680,0.00,0.000
2024-12-23T03:00:00,2.680,0.00,0.000
2024-12-23T02:45:00,2.680,0.00,0.000
2024-12-23T02:30:00,2.680,0.00,0.000
2024-12-23T02:15:00,2.680,0.00,0.000
2024-12-23T02:00:00,2.680,0.00,0.000
2024-12-23T01:45:00,2.680,0.00,0.000
2024-12-23T01:30:00,2.680,0.00,0.000
2024-12-23T01:15:00,2.670,0.00,0.000
2024-12-23T01:00:00,2.670,0.00,0.000
2024-12-23T00:45:00,2.670,0.00,0.000
2024-12-23T00:30:00,2.670,0.00,0.000
2024-12-23T00:15:00,2.670,0.00,0.000
2024-12-23T00:00:00,2.670,0.00,0.000
2024-12-31T23:45:00,2.900,0.00,0.000
2024-12-31T23:30:00,2.900,0.00,0.000
2024-12-31T23:15:00,2.900,0.00,0.000
2024-12-31T23:00:00,2.900,0.00,0.000
2024-12-31T22:45:00,2.900,0.00,0.000
2024-12-31T22:30:00,2.900,0.00,0.000
2024-12-31T22:15:00,2.900,0.00,0.000
2024-12-31T22:00:00,2.900,0.00,0.000
2024-12-31T21:45:00,2.900,0.00,0.000
2024-12-31T21:30:00,2.890,24.10,0.000
2024-12-31T21:15:00,2.890,0.00,0.000
2024-12-31T21:00:00,2.900,0.00,0.000
2024-12-31T20:45:00,2.890,0.00,0.000
2024-12-31T20:30:00,2.890,0.00,0.000
2024-12-31T20:15:00,2.890,9.60,0.000
2024-12-31T20:00:00,2.890,13.90,0.000
2024-12-31T19:45:00,2.890,15.20,0.000
2024-12-31T19:30:00,2.890,9.80,0.000
2024-12-31T19:15:00,2.890,0.00,0.000
2024-12-31T19:00:00,2.890,18.10,0.000
2024-12-31T18:45:00,2.890,16.90,0.000
2024-12-31T18:30:00,2.890,0.00,0.000
2024-12-31T18:15:00,2.880,32.30,0.000
2024-12-31T18:00:00,2.890,0.00,0.000
2024-12-31T17:45:00,2.880,0.00,0.000
2024-12-31T17:30:00,2.890,0.00,0.000
2024-12-31T17:15:00,2.880,18.60,0.000
2024-12-31T17:00:00,2.880,0.00,0.000
2024-12-31T16:45:00,2.880,0.00,0.000
2024-12-31T16:30:00,2.880,0.00,0.000
2024-12-31T16:15:00,2.880,15.80,0.000
2024-12-31T16:00:00,2.880,17.90,0.000
2024-12-31T15:45:00,2.880,0.00,0.000
2024-12-31T15:30:00,2.880,0.00,0.000
2024-12-31T15:15:00,2.880,9.50,0.000
2024-12-31T15:00:00,2.880,19.80,0.000
2024-12-31T14:45:00,2.880,14.30,0.000
2024-12-31T14:30:00,2.880,19.50,0.000
2024-12-31T14:15:00,2.880,14.40,0.000
2024-12-31T14:00:00,2.880,0.00,0.000
2024-12-31T13:45:00,2.880,12.10,0.000
2024-12-31T13:30:00,2.880,0.00,0.000
2024-12-31T13:15:00,2.880,0.00,0.000
2024-12-31T13:00:00,2.890,0.00,0.000
2024-12-31T12:45:00,2.880,0.00,0.000
2024-12-31T12:30:00,2.880,0.00,0.000
2024-12-31T12:15:00,2.890,0.00,0.000
2024-12-31T12:00:00,2.890,0.00,0.000
2024-12-31T11:45:00,2.890,9.80,0.000
2024-12-31T11:30:00,2.890,9.90,0.000
2024-12-31T11:15:00,2.890,0.00,0.000
2024-12-31T11:00:00,2.890,14.40,0.000
2024-12-31T10:45:00,2.890,12.40,0.000
2024-12-31T10:30:00,2.890,9.50,0.000
2024-12-31T10:15:00,2.890,10.20,0.000
2024-12-31T10:00:00,2.890,0.00,0.000
2024-12-31T09:45:00,2.890,0.00,0.000
2024-12-31T09:30:00,2.890,0.00,0.000
2024-12-31T09:15:00,2.890,13.10,0.000
2024-12-31T09:00:00,2.890,0.00,0.000
2024-12-31T08:45:00,2.890,9.80,0.000
2024-12-31T08:30:00,2.890,0.00,0.000
2024-12-31T08:15:00,2.890,14.90,0.000
2024-12-31T08:00:00,2.890,0.00,0.000
2024-12-31T07:45:00,2.890,19.60,0.000
2024-12-31T07:30:00,2.890,0.00,0.000
2024-12-31T07:15:00,2.890,0.00,0.000
2024-12-31T07:00:00,2.890,0.00,0.000
2024-12-31T06:45:00,2.890,10.70,0.000
2024-12-31T06:30:00,2.890,17.90,0.000
2024-12-31T06:15:00,2.880,0.00,0.000
2024-12-31T06:00:00,2.890,0.00,0.000
2024-12-31T05:45:00,2.880,0.00,0.000
2024-12-31T05:30:00,2.880,0.00,0.000
2024-12-31T05:15:00,2.880,0.00,0.000
2024-12-31T05:00:00,2.880,0.00,0.000
2024-12-31T04:45:00,2.880,0.00,0.000
2024-12-31T04:30:00,2.880,0.00,0.000
2024-12-31T04:15:00,2.880,0.00,0.000
2024-12-31T04:00:00,2.880,0.00,0.000
2024-12-31T03:45:00,2.880,0.00,0.000
2024-12-31T03:30:00,2.880,0.00,0.000
2024-12-31T03:15:00,2.880,0.00,0.000
2024-12-31T03:00:00,2.870,0.00,0.000
2024-12-31T02:45:00,2.870,0.00,0.000
2024-12-31T02:30:00,2.870,0.00,0.000
2024-12-31T02:15:00,2.870,0.00,0.000
2024-12-31T02:00:00,2.870,0.00,0.000
2024-12-31T01:45:00,2.870,9.80,0.000
2024-12-31T01:30:00,2.870,0.00,0.000
2024-12-31T01:15:00,2.870,0.00,0.000
2024-12-31T01:00:00,2.870,0.00,0.000
2024-12-31T00:45:00,2.870,0.00,0.000
2024-12-31T00:30:00,2.870,0.00,0.000
2024-12-31T00:15:00,2.870,0.00,0.000
2024-12-31T00:00:00,2.870,0.00,0.000
2024-12-30T23:45:00,2.870,0.00,0.000
2024-12-30T23:30:00,2.870,0.00,0.000
2024-12-30T23:15:00,2.870,0.00,0.000
2024-12-30T23:00:00,2.860,10.90,0.000
2024-12-30T22:45:00,2.860,0.00,0.000
2024-12-30T22:30:00,2.860,0.00,0.000
2024-12-30T22:15:00,2.860,0.00,0.000
2024-12-30T22:00:00,2.860,0.00,0.000
2024-12-30T21:45:00,2.860,0.00,0.000
2024-12-30T21:30:00,2.860,0.00,0.000
2024-12-30T21:15:00,2.860,11.10,0.000
2024-12-30T21:00:00,2.860,0.00,0.000
2024-12-30T20:45:00,2.860,17.60,0.000
2024-12-30T20:30:00,2.860,0.00,0.000
2024-12-30T20:15:00,2.850,11.50,0.000
2024-12-30T20:00:00,2.860,13.00,0.000
2024-12-30T19:45:00,2.850,12.00,0.000
2024-12-30T19:30:00,2.850,0.00,0.000
2024-12-30T19:15:00,2.850,17.90,0.000
2024-12-30T19:00:00,2.850,0.00,0.000
2024-12-30T18:45:00,2.850,0.00,0.000
2024-12-30T18:30:00,2.850,0.00,0.000
2024-12-30T18:15:00,2.850,25.80,0.000
2024-12-30T18:00:00,2.850,0.00,0.000
2024-12-30T17:45:00,2.850,0.00,0.000
2024-12-30T17:30:00,2.850,0.00,0.000
2024-12-30T17:15:00,2.850,0.00,0.000
2024-12-30T17:00:00,2.840,0.00,0.000
2024-12-30T16:45:00,2.840,0.00,0.000
2024-12-30T16:30:00,2.850,9.90,0.000
2024-12-30T16:15:00,2.850,18.70,0.000
2024-12-30T16:00:00,2.850,0.00,0.000
2024-12-30T15:45:00,2.850,0.00,0.000
2024-12-30T15:30:00,2.850,13.40,0.000
2024-12-30T15:15:00,2.850,0.00,0.000
2024-12-30T15:00:00,2.850,0.00,0.000
2024-12-30T14:45:00,2.850,0.00,0.000
2024-12-30T14:30:00,2.850,10.90,0.000
2024-12-30T14:15:00,2.850,10.40,0.000
2024-12-30T14:00:00,2.850,14.20,0.000
2024-12-30T13:45:00,2.850,14.30,0.000
2024-12-30T13:30:00,2.850,0.00,0.000
2024-12-30T13:15:00,2.850,0.00,0.000
2024-12-30T13:00:00,2.850,17.40,0.000
2024-12-30T12:45:00,2.850,0.00,0.000
2024-12-30T12:30:00,2.850,0.00,0.000
2024-12-30T12:15:00,2.850,19.30,0.000
2024-12-30T12:00:00,2.850,17.50,0.000
2024-12-30T11:45:00,2.850,0.00,0.000
2024-12-30T11:30:00,2.850,0.00,0.000
2024-12-30T11:15:00,2.850,0.00,0.000
