{"type": "FeatureCollection", "features": [{"type": "Feature", "id": 3749514, "geometry": {"type": "MultiPolygon", "coordinates": [[[[101.08196574900006, 14.211230662000048], [101.08205837300005, 14.211229856000045], [101.08205919900007, 14.211320214000068], [101.08221691500006, 14.211318841000036], [101.08201712800007, 14.212099425000076], [101.08006468400004, 14.212655776000076], [101.07860254900004, 14.211296487000027], [101.07902919300005, 14.209629628000073], [101.07907953700004, 14.209629191000033], [101.07907848300005, 14.209513794000031], [101.07935685900009, 14.209566665000068], [101.07935823300005, 14.209717133000026], [101.07945085700004, 14.20971632800007], [101.07945168200007, 14.209806687000025], [101.07991480200008, 14.209802659000047], [101.07991562700005, 14.20989301800006], [101.08019349900007, 14.209890600000051], [101.08019432500004, 14.209980959000063], [101.08056482000006, 14.209977737000031], [101.08056564600008, 14.210068095000054], [101.08084351700006, 14.210065677000046], [101.08084434400007, 14.210156035000068], [101.08112221500005, 14.21015361800005], [101.08112304100007, 14.210243976000072], [101.08149353600004, 14.210240752000061], [101.08149436300005, 14.210331110000027], [101.08177223500007, 14.210328692000076], [101.08177306100004, 14.210419049000052], [101.08186568500008, 14.210418244000039], [101.08187064500004, 14.21096039400004], [101.08196326800004, 14.210959587000048], [101.08196574900006, 14.211230662000048]]], [[[101.08081126100006, 14.208891205000043], [101.08083272400006, 14.208885089000034], [101.08083277800006, 14.208891018000031], [101.08081126100006, 14.208891205000043]]]]}, "properties": {"OBJECTID": 3749514, "F_area": 86930.26671349, "F_createdAt": 1791075946000, "F_createdBy": "66b07c8034c2963abcdb9bb8", "F_id": "6ac1a66a0eb2b2617ae7a2a0", "F_updatedAt": 1791075946000, "F_updatedBy": "66b07c8034c2963abcdb9bb8", "ap_en": "AMPHOE BAN NA", "ap_idn": 2603, "ap_tn": "อ.บ้านนา", "building": 0, "cassava_area": null, "f_area_1": 86930.26671349, "file_name": "S1C_20260928_0550, S1C_20260928_1819, S1D_20260929_1812, S1D_20261002_0609", "h3_address": "8964a4cad87ffff", "h3_area": 124277.86569109, "hospital": 0, "length_road": 0, "maize_area": null, "mongo_id": "6ac14c623acc4fe5693cfef5", "population": 0, "pv_en": "Changwat Nakhon Nayok", "pv_idn": 26, "pv_tn": "จ.นครนายก", "re_royin": "Central", "re_royin_2": "Central", "rice_area": 42550.69180965, "school": 0, "sugarcane_area": null, "tb_en": "THONG LANG", "tb_idn": 260305, "tb_tn": "ต.ทองหลาง", "sync_datetime": 1791104837000, "source_api": "/features/flood/7days", "GlobalID": "{0C94793D-8BD2-4A93-977F-89FC567C354D}", "Shape__Area": 7.276104714205502e-06, "Shape__Length": 0.0116726468346425}}, {"type": "Feature", "id": 3749516, "geometry": {"type": "Polygon", "coordinates": [[[101.26713363500005, 14.128045747000044], [101.26706319000004, 14.12804641200006], [101.26646332700005, 14.127489015000037], [101.26695212700008, 14.125573175000056], [101.26715359500008, 14.125515584000027], [101.26840467900007, 14.125503784000045], [101.26840378400004, 14.12541343600003], [101.26877409600007, 14.125409942000033], [101.26877499100004, 14.125500290000048], [101.26941774200009, 14.125494224000022], [101.26979687500005, 14.125846515000035], [101.26979961600006, 14.126123113000062], [101.26989219400008, 14.12612223900004], [101.26989309000004, 14.126212586000065], [101.26998566800006, 14.126211712000043], [101.26998656400008, 14.126302060000057], [101.27007914200004, 14.126301186000035], [101.27008451600005, 14.12684327200003], [101.26999193800003, 14.126844146000053], [101.26999373000007, 14.127024841000036], [101.27008630800003, 14.12702396700007], [101.27008720300006, 14.127114315000028], [101.27017567500008, 14.127113480000048], [101.26987559900004, 14.128289670000072], [101.26935961800007, 14.128437174000055], [101.26935911200007, 14.12838617400007], [101.26898879600009, 14.128389670000047], [101.26898790100006, 14.128299322000032], [101.26889532100006, 14.128300196000055], [101.26889353100006, 14.128119501000072], [101.26880095200005, 14.128120374000048], [101.26880005700008, 14.128030026000033], [101.26870747800007, 14.128030900000056], [101.26870658200005, 14.12794055300003], [101.26861400300004, 14.127941426000064], [101.26861221300004, 14.127760730000034], [101.26870479200005, 14.127759857000058], [101.26870389700008, 14.127669510000032], [101.26879647600003, 14.127668635000077], [101.26879468500005, 14.127487940000037], [101.26888726400006, 14.127487067000061], [101.26888636800004, 14.127396719000046], [101.26916410400008, 14.127394098000025], [101.26916320900006, 14.127303750000067], [101.26925578700008, 14.127302876000044], [101.26925489200005, 14.12721252800003], [101.26934747100006, 14.127211655000053], [101.26934568000007, 14.127030959000024], [101.26925310100006, 14.127031833000046], [101.26925220600003, 14.126941485000032], [101.26897447000005, 14.126944106000053], [101.26897357600006, 14.126853759000028], [101.26869584000008, 14.12685637900006], [101.26869494500005, 14.126766032000035], [101.26860236600004, 14.126766906000057], [101.26860147100007, 14.126676558000042], [101.26841631400004, 14.126678305000041], [101.26841541900006, 14.126587957000027], [101.26748963500006, 14.126596690000042], [101.26749053000003, 14.126687038000057], [101.26739795100008, 14.126687911000033], [101.26739974000009, 14.126868607000063], [101.26730716100008, 14.126869480000039], [101.26731431900004, 14.127592262000064], [101.26722174000008, 14.12759313600003], [101.26722442400006, 14.127864179000028], [101.26713184500005, 14.127865052000061], [101.26713363500005, 14.128045747000044]]]}, "properties": {"OBJECTID": 3749516, "F_area": 74884.73562237, "F_createdAt": 1791075959000, "F_createdBy": "66b07c8034c2963abcdb9bb8", "F_id": "6ac1a676f7a763741bd4dbac", "F_updatedAt": 1791075959000, "F_updatedBy": "66b07c8034c2963abcdb9bb8", "ap_en": "AMPHOE PAK PHLI", "ap_idn": 2602, "ap_tn": "อ.ปากพลี", "building": 0, "cassava_area": null, "f_area_1": 74884.73562237, "file_name": "S1C_20260928_0550, S1C_20260928_1819, S1D_20260929_1812, S1D_20261002_0609", "h3_address": "8964a4da06bffff", "h3_area": 124243.57621734, "hospital": 0, "length_road": 0, "maize_area": null, "mongo_id": "6ac14beacfa761b4727ce372", "population": 0, "pv_en": "Changwat Nakhon Nayok", "pv_idn": 26, "pv_tn": "จ.นครนายก", "re_royin": "Central", "re_royin_2": "Central", "rice_area": 41824.3325152, "school": 0, "sugarcane_area": null, "tb_en": "PAK PHLI", "tb_idn": 260203, "tb_tn": "ต.ปากพลี", "sync_datetime": 1791104844000, "source_api": "/features/flood/7days", "GlobalID": "{CA3D2BA8-7E63-4E42-8781-81683F6471D1}", "Shape__Area": 6.264134864956001e-06, "Shape__Length": 0.016617932560136783}}, {"type": "Feature", "id": 3749519, "geometry": {"type": "Polygon", "coordinates": [[[100.96620766400008, 14.096896280000067], [100.96621062300005, 14.097241760000031], [100.96507765900009, 14.096186901000067], [100.96556863800004, 14.094270701000028], [100.96752119700005, 14.093715345000021], [100.96898279000004, 14.095076177000067], [100.96849183400008, 14.096992372000045], [100.96676823500007, 14.097482614000057], [100.96676317100008, 14.09689174600004], [100.96685575500004, 14.096890990000077], [100.96685265800005, 14.096529528000076], [100.96676007400004, 14.09653028300005], [100.96675930000004, 14.096439917000055], [100.96666671500009, 14.096440673000075], [100.96666516700009, 14.096259942000074], [100.96675775100005, 14.096259186000054], [100.96675697700005, 14.09616882000006], [100.96684956000007, 14.096168065000029], [100.96684723700008, 14.095896968000034], [100.96675465400006, 14.095897723000064], [100.96675387900007, 14.095807358000059], [100.96638354200007, 14.095810380000046], [100.96638431600007, 14.09590074600004], [100.96629173200006, 14.095901501000071], [100.96630024800004, 14.096895525000036], [100.96620766400008, 14.096896280000067]]]}, "properties": {"OBJECTID": 3749519, "F_area": 114320.49027355, "F_createdAt": 1791075945000, "F_createdBy": "66b07c8034c2963abcdb9bb8", "F_id": "6ac1a669f7a763741bd4da57", "F_updatedAt": 1791075945000, "F_updatedBy": "66b07c8034c2963abcdb9bb8", "ap_en": "AMPHOE ONGKHARAK", "ap_idn": 2604, "ap_tn": "อ.องครักษ์", "building": 0, "cassava_area": null, "f_area_1": 114320.49027355, "file_name": "S1C_20260928_0550, S1C_20260928_1819, S1D_20260929_1812, S1D_20261002_0609", "h3_address": "8964a4c7067ffff", "h3_area": 124375.59478918, "hospital": 0, "length_road": 0, "maize_area": null, "mongo_id": "6ac14bf4d702c2e8730e109b", "population": 0, "pv_en": "Changwat Nakhon Nayok", "pv_idn": 26, "pv_tn": "จ.นครนายก", "re_royin": "Central", "re_royin_2": "Central", "rice_area": 104768.95795609, "school": 0, "sugarcane_area": null, "tb_en": "KHLONG YAI", "tb_idn": 260411, "tb_tn": "ต.คลองใหญ่", "sync_datetime": 1791104837000, "source_api": "/features/flood/7days", "GlobalID": "{AD599F33-5AD6-4FD9-ACA3-7007FC673638}", "Shape__Area": 9.565196331049002e-06, "Shape__Length": 0.015539476780997038}}, {"type": "Feature", "id": 3749537, "geometry": {"type": "Polygon", "coordinates": [[[101.29135909400009, 14.072412893000035], [101.29282058100006, 14.073771253000075], [101.29233205200006, 14.075687285000072], [101.29038201000009, 14.076244963000022], [101.28892051200006, 14.074886597000045], [101.28940906600008, 14.072970559000055], [101.29135909400009, 14.072412893000035]]]}, "properties": {"OBJECTID": 3749537, "F_area": 124258.96538356, "F_createdAt": 1791076014000, "F_createdBy": "66b07c8034c2963abcdb9bb8", "F_id": "6ac1a6ad0eb2b2617ae7ad45", "F_updatedAt": 1791076014000, "F_updatedBy": "66b07c8034c2963abcdb9bb8", "ap_en": "AMPHOE PAK PHLI", "ap_idn": 2602, "ap_tn": "อ.ปากพลี", "building": 0, "cassava_area": null, "f_area_1": 124258.96538356, "file_name": "S1C_20260928_0550, S1C_20260928_1819, S1D_20260929_1812, S1D_20261002_0609", "h3_address": "896599a4bc3ffff", "h3_area": 124258.96538356, "hospital": 0, "length_road": 12.99681845, "maize_area": null, "mongo_id": "6ac14bea3acc4fe5693cf020", "population": 0, "pv_en": "Changwat Nakhon Nayok", "pv_idn": 26, "pv_tn": "จ.นครนายก", "re_royin": "Central", "re_royin_2": "Central", "rice_area": 8725.30934163, "school": 0, "sugarcane_area": null, "tb_en": "THA RUEA", "tb_idn": 260203, "tb_tn": "ต.ปากพลี", "sync_datetime": 1791104879000, "source_api": "/features/flood/7days", "GlobalID": "{F652ABE6-D454-434C-897F-89A53CA00D6E}", "Shape__Area": 1.0391665713858002e-05, "Shape__Length": 0.0120016380546895}}, {"type": "Feature", "id": 3749553, "geometry": {"type": "Polygon", "coordinates": [[[101.04899752400007, 14.067469351000057], [101.04893721700006, 14.067469863000042], [101.04854167500008, 14.06710169300004], [101.04897938600004, 14.06539103800003], [101.04907157800005, 14.065390255000068], [101.04907238300007, 14.065480617000048], [101.04944265200004, 14.065477474000033], [101.04944345700005, 14.065567835000024], [101.04953602400008, 14.065567050000027], [101.04953682900003, 14.065657411000075], [101.04944426200007, 14.065658197000062], [101.04944506700008, 14.065748558000053], [101.04935249900007, 14.06574934400004], [101.04935330400008, 14.06583970500003], [101.04926073700005, 14.065840490000028], [101.04926154200007, 14.065930852000065], [101.04935411000008, 14.065930066000021], [101.04935491500004, 14.066020428000058], [101.04954004900009, 14.066018855000038], [101.04953924500006, 14.065928494000048], [101.04963181200009, 14.06592770800006], [101.04963100700007, 14.06583734700007], [101.04972357400004, 14.065836561000026], [101.04972437900005, 14.065926922000074], [101.04981694600008, 14.06592613600003], [101.04981936200005, 14.06619722000005], [101.04972679500008, 14.066198007000025], [101.04972759900005, 14.066288368000073], [101.04963503200008, 14.06628915400006], [101.04964066800005, 14.066921682000043], [101.04954810100008, 14.06692246800003], [101.04954971100005, 14.067103191000058], [101.04945714400009, 14.067103977000045], [101.04945875300007, 14.067284700000073], [101.04936618600004, 14.06728548600006], [101.04936699100006, 14.06737584700005], [101.04899672000005, 14.067378990000066], [101.04899752400007, 14.067469351000057]]]}, "properties": {"OBJECTID": 3749553, "F_area": 19052.1386033, "F_createdAt": 1791075943000, "F_createdBy": "66b07c8034c2963abcdb9bb8", "F_id": "6ac1a66659bd40e65b9d5080", "F_updatedAt": 1791075943000, "F_updatedBy": "66b07c8034c2963abcdb9bb8", "ap_en": "AMPHOE ONGKHARAK", "ap_idn": 2604, "ap_tn": "อ.องครักษ์", "building": 0, "cassava_area": null, "f_area_1": 19052.1386033, "file_name": "S1C_20260928_0550, S1C_20260928_1819, S1D_20260929_1812, S1D_20261002_0609", "h3_address": "8964a4c2c3bffff", "h3_area": 124356.75222111, "hospital": 0, "length_road": 0, "maize_area": null, "mongo_id": "6ac14bf39f2fcf5387506cdd", "population": 0, "pv_en": "Changwat Nakhon Nayok", "pv_idn": 26, "pv_tn": "จ.นครนายก", "re_royin": "Central", "re_royin_2": "Central", "rice_area": 0, "school": 0, "sugarcane_area": null, "tb_en": "BANG LUK SUEA", "tb_idn": 260408, "tb_tn": "ต.บางลูกเสือ", "sync_datetime": 1791104835000, "source_api": "/features/flood/7days", "GlobalID": "{94BC771C-A799-4A66-B284-3C15153346F9}", "Shape__Area": 1.5937425256670004e-06, "Shape__Length": 0.007027618229737874}}, {"type": "Feature", "id": 3749559, "geometry": {"type": "Polygon", "coordinates": [[[100.91997096800009, 14.059673471000053], [100.92012528900005, 14.059672244000069], [100.91975876500004, 14.061102034000044], [100.91780606000003, 14.061657000000025], [100.91648266800007, 14.060424174000048], [100.91655181500005, 14.060423625000055], [100.91655106300004, 14.060333257000025], [100.91673620900008, 14.060331787000052], [100.91673545600008, 14.060241419000022], [100.91682802900004, 14.060240684000064], [100.91682727600005, 14.060150316000033], [100.91673470300003, 14.060151051000048], [100.91673395100008, 14.060060681000039], [100.91654880500005, 14.060062151000068], [100.91654805300004, 14.059971783000037], [100.91645548100007, 14.059972517000062], [100.91645459900008, 14.059866605000025], [100.91647382100007, 14.059791622000034], [100.91654654800004, 14.059791045000054], [100.91654579500005, 14.059700677000023], [100.91682351200006, 14.059698472000036], [100.91682275900007, 14.059608104000063], [100.91691533200009, 14.059607369000048], [100.91691382700009, 14.059426632000054], [100.91682125400007, 14.059427366000023], [100.91682050100007, 14.059336998000049], [100.91663535700008, 14.059338467000032], [100.91663460500007, 14.059248099000058], [100.91661311500008, 14.059248270000069], [100.91682205500007, 14.058433240000056], [100.91755355000004, 14.058427433000077], [100.91755430300009, 14.05851780200004], [100.91951637400007, 14.058502217000068], [100.92025002400004, 14.059185658000047], [100.92021814700007, 14.059310009000058], [100.91820908300008, 14.059325973000057], [100.91820983700006, 14.059416342000077], [100.91811726400005, 14.059417077000035], [100.91811877100008, 14.059597814000028], [100.91821134300005, 14.05959707900007], [100.91821209600005, 14.059687448000034], [100.91950810700007, 14.059677150000027], [100.91950886100005, 14.059767519000047], [100.91997172200007, 14.059763840000073], [100.91997096800009, 14.059673471000053]]]}, "properties": {"OBJECTID": 3749559, "F_area": 100304.63492245, "F_createdAt": 1791075945000, "F_createdBy": "66b07c8034c2963abcdb9bb8", "F_id": "6ac1a668d702c2e873112c90", "F_updatedAt": 1791075945000, "F_updatedBy": "66b07c8034c2963abcdb9bb8", "ap_en": "AMPHOE ONGKHARAK", "ap_idn": 2604, "ap_tn": "อ.องครักษ์", "building": 0, "cassava_area": null, "f_area_1": 100304.63492245, "file_name": "S1C_20260928_0550, S1C_20260928_1819, S1D_20260929_1812, S1D_20261002_0609", "h3_address": "8964a4c6373ffff", "h3_area": 124410.78473091, "hospital": 0, "length_road": 0, "maize_area": null, "mongo_id": "6ac14bee0eb2b2617ae4956c", "population": 0, "pv_en": "Changwat Nakhon Nayok", "pv_idn": 26, "pv_tn": "จ.นครนายก", "re_royin": "Central", "re_royin_2": "Central", "rice_area": 80869.35396065, "school": 0, "sugarcane_area": null, "tb_en": "BUENG SAN", "tb_idn": 260402, "tb_tn": "ต.บึงศาล", "sync_datetime": 1791104837000, "source_api": "/features/flood/7days", "GlobalID": "{51FC40D7-8F46-4715-A39A-EE1266EEFA6A}", "Shape__Area": 8.391662281762002e-06, "Shape__Length": 0.017357753277528594}}, {"type": "Feature", "id": 3749560, "geometry": {"type": "Polygon", "coordinates": [[[101.12171960200004, 13.992651669000054], [101.12185124400008, 13.992650518000062], [101.12178074900004, 13.992926424000075], [101.11982993100008, 13.99348275400007], [101.11969012000009, 13.993352603000062], [101.11968468700007, 13.992759826000054], [101.11977722100005, 13.992759018000072], [101.11976728300004, 13.991674724000063], [101.11967474900007, 13.991675532000045], [101.11967226500008, 13.99140446000007], [101.11976479900005, 13.991403650000052], [101.11975817400008, 13.990680789000066], [101.11985070700007, 13.99067997900005], [101.11984378900007, 13.989925065000023], [101.12080929000007, 13.989649728000074], [101.12179300500009, 13.990565487000026], [101.12179472800005, 13.990753349000045], [101.12170219500007, 13.990754158000072], [101.12170799700004, 13.991386662000025], [101.12180053000009, 13.991385853000054], [101.12180218800006, 13.991566568000053], [101.12170965400009, 13.991567377000024], [101.12171048400006, 13.991657735000047], [101.12161795100008, 13.991658544000074], [101.12162623900008, 13.992562121000049], [101.12171877300005, 13.992561312000078], [101.12171960200004, 13.992651669000054]]]}, "properties": {"OBJECTID": 3749560, "F_area": 76619.02881696, "F_createdAt": 1791075950000, "F_createdBy": "66b07c8034c2963abcdb9bb8", "F_id": "6ac1a66e6148f8329d58c1ad", "F_updatedAt": 1791075950000, "F_updatedBy": "66b07c8034c2963abcdb9bb8", "ap_en": "AMPHOE ONGKHARAK", "ap_idn": 2604, "ap_tn": "อ.องครักษ์", "building": 0, "cassava_area": null, "f_area_1": 76619.02881696, "file_name": "S1C_20260928_0550, S1C_20260928_1819, S1D_20260929_1812, S1D_20261002_0609", "h3_address": "8964a4d0dabffff", "h3_area": 124363.63029388, "hospital": 0, "length_road": 0, "maize_area": null, "mongo_id": "6ac14bf1f87f84ff1d097f3a", "population": 0, "pv_en": "Changwat Nakhon Nayok", "pv_idn": 26, "pv_tn": "จ.นครนายก", "re_royin": "Central", "re_royin_2": "Central", "rice_area": 26113.85297845, "school": 0, "sugarcane_area": null, "tb_en": "BANG SOMBUN", "tb_idn": 260405, "tb_tn": "ต.บางสมบูรณ์", "sync_datetime": 1791104840000, "source_api": "/features/flood/7days", "GlobalID": "{334B75A1-10E5-42BC-9A01-9C82C5CC17DC}", "Shape__Area": 6.4067080624785014e-06, "Shape__Length": 0.011328364766099759}}, {"type": "Feature", "id": 3749583, "geometry": {"type": "Polygon", "coordinates": [[[100.99858815100004, 13.976436622000051], [100.99858862000008, 13.976490892000072], [100.99812704900006, 13.976622254000063], [100.99812626000005, 13.97653079500003], [100.99803372500008, 13.976531556000054], [100.99802436900006, 13.975447178000024], [100.99811690300004, 13.975446416000068], [100.99811066600006, 13.97472349800006], [100.99801813200008, 13.974724259000027], [100.99801579300004, 13.974453165000057], [100.99792326000005, 13.974453925000034], [100.99792248000006, 13.974363561000075], [100.99773741200005, 13.974365083000066], [100.99773663400003, 13.97427471800006], [100.99764410000006, 13.974275480000074], [100.99764254100006, 13.974094750000063], [100.99773507400005, 13.974093989000039], [100.99773351600004, 13.973913259000028], [100.99782604900008, 13.973912498000061], [100.99782527000008, 13.973822133000056], [100.99791780300006, 13.973821372000032], [100.99791546500006, 13.973550277000072], [100.99800799800005, 13.973549516000048], [100.99800414700007, 13.973103109000022], [100.99843877700005, 13.972979415000054], [100.99883915600009, 13.973352448000071], [100.99884313700005, 13.973813757000073], [100.99893567000004, 13.973812997000039], [100.99894191000004, 13.974535915000047], [100.99884937600007, 13.97453667700006], [100.99885639500008, 13.975349960000074], [100.99894892900005, 13.97534919800006], [100.99895672900004, 13.976252846000023], [100.99886419500007, 13.976253607000046], [100.99886497500006, 13.976343972000052], [100.99877244000004, 13.976344734000065], [100.99877322000003, 13.97643509900007], [100.99858815100004, 13.976436622000051]]]}, "properties": {"OBJECTID": 3749583, "F_area": 37188.95616679, "F_createdAt": 1791075953000, "F_createdBy": "66b07c8034c2963abcdb9bb8", "F_id": "6ac1a671ded8743f6e11d29d", "F_updatedAt": 1791075953000, "F_updatedBy": "66b07c8034c2963abcdb9bb8", "ap_en": "AMPHOE BANG NAM PRIAO", "ap_idn": 2604, "ap_tn": "อ.องครักษ์", "building": 0, "cassava_area": null, "f_area_1": 37188.95616679, "file_name": "S1C_20260928_0550, S1C_20260928_1819, S1D_20260929_1812, S1D_20261002_0609", "h3_address": "8964a4d4167ffff", "h3_area": 124418.59714422, "hospital": 0, "length_road": 0, "maize_area": null, "mongo_id": "6ac14bed6148f8329d55aa19", "population": 0, "pv_en": "Changwat Chachoengsao", "pv_idn": 26, "pv_tn": "จ.นครนายก", "re_royin": "Central", "re_royin_2": "East", "rice_area": 11115.84998159, "school": 0, "sugarcane_area": null, "tb_en": "DON KO KA", "tb_idn": 260401, "tb_tn": "ต.พระอาจารย์", "sync_datetime": 1791104841000, "source_api": "/features/flood/7days", "GlobalID": "{D31D56BA-85CD-4BC5-9932-1747017AF19D}", "Shape__Area": 3.109885982063001e-06, "Shape__Length": 0.009800991242002954}}, {"type": "Feature", "id": 3749639, "geometry": {"type": "Polygon", "coordinates": [[[100.92543603900003, 14.004591965000031], [100.92535953400005, 14.004592573000025], [100.92522339400006, 14.00446570400004], [100.92571452600004, 14.002549099000078], [100.92766681500007, 14.001994155000034], [100.92912798500004, 14.00335580500007], [100.92886453300008, 14.004383957000073], [100.92793337200004, 14.00439136500006], [100.92793412500004, 14.004481734000024], [100.92765647700008, 14.004483941000046], [100.92765572300004, 14.004393573000073], [100.92737807400005, 14.004395781000028], [100.92737882800009, 14.004486149000059], [100.92617568300005, 14.00449571400003], [100.92617493000006, 14.004405345000066], [100.92589728000007, 14.004407551000043], [100.92589803400006, 14.004497921000052], [100.92543528500005, 14.004501597000058], [100.92543603900003, 14.004591965000031]]]}, "properties": {"OBJECTID": 3749639, "F_area": 85771.5076006, "F_createdAt": 1791075945000, "F_createdBy": "66b07c8034c2963abcdb9bb8", "F_id": "6ac1a668cfa761b4727ff612", "F_updatedAt": 1791075945000, "F_updatedBy": "66b07c8034c2963abcdb9bb8", "ap_en": "AMPHOE ONGKHARAK", "ap_idn": 2604, "ap_tn": "อ.องครักษ์", "building": 0, "cassava_area": null, "f_area_1": 85771.5076006, "file_name": "S1C_20260928_0550, S1C_20260928_1819, S1D_20260929_1812, S1D_20261002_0609", "h3_address": "8964a4c65b3ffff", "h3_area": 124432.76049564, "hospital": 0, "length_road": 74.43512583, "maize_area": null, "mongo_id": "6ac14bf39f2fcf5387506d49", "population": 144, "pv_en": "Changwat Nakhon Nayok", "pv_idn": 26, "pv_tn": "จ.นครนายก", "re_royin": "Central", "re_royin_2": "Central", "rice_area": 59074.84081212, "school": 0, "sugarcane_area": null, "tb_en": "BUENG SAN", "tb_idn": 260410, "tb_tn": "ต.ชุมพล", "sync_datetime": 1791104837000, "source_api": "/features/flood/7days", "GlobalID": "{2DD0A009-C088-46F1-A644-66A0DDE890F5}", "Shape__Area": 7.174007915688502e-06, "Shape__Length": 0.01130174401719171}}, {"type": "Feature", "id": 3749660, "geometry": {"type": "MultiPolygon", "coordinates": [[[[101.05332350600008, 14.178303989000028], [101.05333373800005, 14.178313505000062], [101.05332359300007, 14.178313592000052], [101.05332350600008, 14.178303989000028]]], [[[101.05304330200005, 14.178043390000028], [101.05304490200007, 14.178044878000037], [101.05304331500008, 14.17804489200006], [101.05304330200005, 14.178043390000028]]], [[[101.05313670400005, 14.178130257000078], [101.05314118100006, 14.178134421000038], [101.05313674100006, 14.178134459000034], [101.05313670400005, 14.178130257000078]]], [[[101.05323010500007, 14.17821712400007], [101.05323746000005, 14.17822396300005], [101.05323016700004, 14.178224026000066], [101.05323010500007, 14.17821712400007]]]]}, "properties": {"OBJECTID": 3749660, "F_area": 1.00850265, "F_createdAt": 1791075941000, "F_createdBy": "66b07c8034c2963abcdb9bb8", "F_id": "6ac1a665ded8743f6e11d022", "F_updatedAt": 1791075941000, "F_updatedBy": "66b07c8034c2963abcdb9bb8", "ap_en": "AMPHOE BAN NA", "ap_idn": 2603, "ap_tn": "อ.บ้านนา", "building": 0, "cassava_area": null, "f_area_1": 1.00850265, "file_name": "S1C_20260928_0550, S1C_20260928_1819, S1D_20260929_1812, S1D_20261002_0609", "h3_address": "8964a4c1897ffff", "h3_area": 124303.48641431, "hospital": 0, "length_road": 0, "maize_area": null, "mongo_id": "6ac14bed6148f8329d55a9d9", "population": 0, "pv_en": "Changwat Nakhon Nayok", "pv_idn": 26, "pv_tn": "จ.นครนายก", "re_royin": "Central", "re_royin_2": "Central", "rice_area": 1.02e-06, "school": 0, "sugarcane_area": null, "tb_en": "BANG O", "tb_idn": 260306, "tb_tn": "ต.บางอ้อ", "sync_datetime": 1791104835000, "source_api": "/features/flood/7days", "GlobalID": "{669764FC-088A-46FD-B3A9-F0CC366A7022}", "Shape__Area": 8.440616900000003e-11, "Shape__Length": 7.799128297976761e-05}}, {"type": "Feature", "id": 3749672, "geometry": {"type": "MultiPolygon", "coordinates": [[[[101.01708154300007, 13.974747410000077], [101.01698901000003, 13.974748178000027], [101.01698952500004, 13.97480730500007], [101.01599218900009, 13.975091231000022], [101.01485436600007, 13.97403123600003], [101.01484346200004, 13.97277783900006], [101.01493599400004, 13.972777071000053], [101.01493520800005, 13.972686707000037], [101.01530533600004, 13.972683637000046], [101.01530455000005, 13.97259327300003], [101.01604480500004, 13.972587130000022], [101.01604559200007, 13.972677493000049], [101.01641572000005, 13.972674421000022], [101.01641650600004, 13.972764785000038], [101.01697169800008, 13.972760175000076], [101.01697248500005, 13.972850539000035], [101.01706501600006, 13.972849770000039], [101.01707288600005, 13.97375340800005], [101.01698035400005, 13.973754176000057], [101.01698271400005, 13.974025268000048], [101.01707524700004, 13.974024499000052], [101.01708154300007, 13.974747410000077]]], [[[101.01752767600004, 13.972845927000037], [101.01836046200003, 13.97283900800005], [101.01836103300008, 13.972904440000036], [101.01794365800004, 13.974535674000037], [101.01763569800005, 13.974623347000033], [101.01763516400007, 13.974562071000037], [101.01754263100008, 13.974562839000043], [101.01753554700008, 13.973749565000048], [101.01762808000007, 13.973748797000042], [101.01762493000007, 13.973387341000034], [101.01753239800007, 13.97338811000003], [101.01753161100004, 13.973297746000071], [101.01743907900004, 13.973298515000067], [101.01743593100008, 13.97293706000005], [101.01752846300008, 13.972936291000053], [101.01752767600004, 13.972845927000037]]]]}, "properties": {"OBJECTID": 3749672, "F_area": 67302.14712712, "F_createdAt": 1791075953000, "F_createdBy": "66b07c8034c2963abcdb9bb8", "F_id": "6ac1a671cfa761b4727ff6b6", "F_updatedAt": 1791075953000, "F_updatedBy": "66b07c8034c2963abcdb9bb8", "ap_en": "AMPHOE ONGKHARAK", "ap_idn": 2604, "ap_tn": "อ.องครักษ์", "building": 0, "cassava_area": null, "f_area_1": 67302.14712712, "file_name": "S1C_20260928_0550, S1C_20260928_1819, S1D_20260929_1812, S1D_20261002_0609", "h3_address": "8964a4d4027ffff", "h3_area": 124412.21111938, "hospital": 0, "length_road": 0, "maize_area": null, "mongo_id": "6ac14bed0eb2b2617ae4952e", "population": 0, "pv_en": "Changwat Nakhon Nayok", "pv_idn": 26, "pv_tn": "จ.นครนายก", "re_royin": "Central", "re_royin_2": "Central", "rice_area": 27506.38450513, "school": 0, "sugarcane_area": null, "tb_en": "PHRA ACHAN", "tb_idn": 260401, "tb_tn": "ต.พระอาจารย์", "sync_datetime": 1791104841000, "source_api": "/features/flood/7days", "GlobalID": "{1CFACE3B-A7FE-4AD0-BB1D-EAEB44A5A2A7}", "Shape__Area": 5.627923621924001e-06, "Shape__Length": 0.013895765948881065}}, {"type": "Feature", "id": 3749673, "geometry": {"type": "Polygon", "coordinates": [[[101.24721293900006, 14.164285324000048], [101.24721382800004, 14.164375672000062], [101.24712123300009, 14.164376540000035], [101.24712212200006, 14.164466889000039], [101.24693693200004, 14.16446862500004], [101.24693604300006, 14.164378275000047], [101.24684344800005, 14.164379143000076], [101.24683989200008, 14.164017748000049], [101.24674729700007, 14.164018616000021], [101.24674640900008, 14.163928266000028], [101.24637602800004, 14.163931736000052], [101.24637514000005, 14.163841387000048], [101.24633538100005, 14.163841759000036], [101.24644756400005, 14.16340228200005], [101.24709236400008, 14.163218025000049], [101.24711016600008, 14.16325196400004], [101.24711056400008, 14.163292355000067], [101.24713363100005, 14.163292139000077], [101.24720238700007, 14.163404072000048], [101.24720429800004, 14.163407291000055], [101.24720671500006, 14.163652883000054], [101.24711412100004, 14.163653750000037], [101.24711589900005, 14.163834448000046], [101.24720849400006, 14.163833580000073], [101.24720938200005, 14.163923929000077], [101.24730197700006, 14.163923062000038], [101.24730286700009, 14.164013410000052], [101.24739546200004, 14.164012542000023], [101.24739724000005, 14.164193241000078], [101.24730464500004, 14.164194107000071], [101.24730553400008, 14.164284457000065], [101.24721293900006, 14.164285324000048]]]}, "properties": {"OBJECTID": 3749673, "F_area": 8659.01204465, "F_createdAt": 1791075958000, "F_createdBy": "66b07c8034c2963abcdb9bb8", "F_id": "6ac1a676cfa761b4727ff72d", "F_updatedAt": 1791075958000, "F_updatedBy": "66b07c8034c2963abcdb9bb8", "ap_en": "AMPHOE PAK PHLI", "ap_idn": 2602, "ap_tn": "อ.ปากพลี", "building": 0, "cassava_area": null, "f_area_1": 8659.01204465, "file_name": "S1C_20260928_0550, S1C_20260928_1819, S1D_20260929_1812, S1D_20261002_0609", "h3_address": "8964a4d8083ffff", "h3_area": 124234.02296606, "hospital": 0, "length_road": 0, "maize_area": null, "mongo_id": "6ac14bea3acc4fe5693cf01c", "population": 0, "pv_en": "Changwat Nakhon Nayok", "pv_idn": 26, "pv_tn": "จ.นครนายก", "re_royin": "Central", "re_royin_2": "Central", "rice_area": 202.97495189, "school": 0, "sugarcane_area": null, "tb_en": "KO PHO", "tb_idn": 260202, "tb_tn": "ต.เกาะโพธิ์", "sync_datetime": 1791104844000, "source_api": "/features/flood/7days", "GlobalID": "{0D9BF645-8937-42B0-A187-98B72DAD3F21}", "Shape__Area": 7.244656149975002e-07, "Shape__Length": 0.004481077262949625}}, {"type": "Feature", "id": 3749679, "geometry": {"type": "MultiPolygon", "coordinates": [[[[100.94963899600003, 14.031962357000054], [100.94963823200004, 14.03187199000007], [100.94954234700003, 14.031872762000035], [100.94908235300005, 14.031444240000042], [100.94925854200005, 14.030756538000048], [100.94925883000008, 14.030790568000043], [100.94935138800008, 14.030789822000031], [100.94935368000006, 14.031060923000041], [100.94944623900005, 14.031060178000075], [100.94944700300005, 14.03115054500006], [100.94972468000009, 14.03114830800007], [100.94972391600004, 14.03105794000004], [100.94981647500003, 14.031057195000074], [100.94981341900007, 14.030695727000023], [100.94972086000007, 14.030696472000045], [100.94972009700007, 14.03060610500006], [100.94962753700008, 14.030606851000073], [100.94962677400008, 14.030516484000032], [100.94971933200009, 14.030515738000076], [100.94971856900008, 14.030425371000035], [100.95036648000007, 14.030420149000065], [100.95036724300007, 14.030510517000039], [100.95045980200007, 14.030509770000037], [100.95046133100004, 14.030690504000063], [100.95036877200005, 14.030691251000064], [100.95037030000003, 14.030871985000033], [100.95046285900008, 14.030871238000032], [100.95046362400007, 14.030961606000062], [100.95055618300006, 14.03096085900006], [100.95055694600006, 14.031051226000045], [100.95064950500006, 14.031050480000033], [100.95065027000004, 14.031140847000074], [100.95102050600008, 14.031137862000037], [100.95101974200008, 14.031047495000053], [100.95111230000003, 14.03104674900004], [100.95111153600004, 14.030956382000056], [100.95120409500004, 14.030955635000055], [100.95120180200007, 14.030684535000034], [100.95110924200009, 14.030685281000046], [100.95110771400005, 14.030504547000078], [100.95120027300004, 14.030503801000066], [100.95119950800006, 14.030413433000035], [100.95166230100006, 14.030409701000053], [100.95166306600004, 14.030500068000038], [100.95212586000008, 14.030496334000077], [100.95212509400005, 14.030405968000025], [100.95258788700005, 14.030402234000064], [100.95258865200009, 14.03049260000006], [100.95294701900008, 14.030489708000061], [100.95252941300004, 14.032119795000028], [100.95139915200008, 14.032128913000065], [100.95139991800005, 14.03221928000005], [100.95102967900004, 14.032222266000076], [100.95102891500005, 14.032131899000035], [100.95065867800008, 14.032134885000062], [100.95065791300004, 14.032044517000031], [100.95056535400005, 14.032045264000033], [100.95056382500007, 14.031864530000064], [100.95047126600008, 14.031865276000076], [100.95047050200009, 14.031774909000035], [100.95028538300005, 14.031776401000059], [100.95028614800003, 14.031866768000043], [100.95019358800005, 14.031867514000055], [100.95019435200004, 14.03195788100004], [100.95010179300004, 14.031958627000051], [100.95010255800008, 14.032048994000036], [100.94973470500008, 14.032051959000057], [100.94973230000005, 14.032049718000053], [100.94973155600007, 14.031961611000042], [100.94963899600003, 14.031962357000054]]], [[[100.95056994000004, 14.032587466000052], [100.95103273800004, 14.03258373500006], [100.95103343600005, 14.032666286000051], [100.95054366100004, 14.032805560000043], [100.95040795900007, 14.032679144000042], [100.95057070400009, 14.032677832000047], [100.95056994000004, 14.032587466000052]]]]}, "properties": {"OBJECTID": 3749679, "F_area": 59336.39858269, "F_createdAt": 1791075945000, "F_createdBy": "66b07c8034c2963abcdb9bb8", "F_id": "6ac1a6689f2fcf538753975d", "F_updatedAt": 1791075945000, "F_updatedBy": "66b07c8034c2963abcdb9bb8", "ap_en": "AMPHOE ONGKHARAK", "ap_idn": 2604, "ap_tn": "อ.องครักษ์", "building": 0, "cassava_area": null, "f_area_1": 59336.39858269, "file_name": "S1C_20260928_0550, S1C_20260928_1819, S1D_20260929_1812, S1D_20261002_0609", "h3_address": "8964a4c646bffff", "h3_area": 124411.39075168, "hospital": 0, "length_road": 0, "maize_area": null, "mongo_id": "6ac14beecfa761b4727ce44f", "population": 0, "pv_en": "Changwat Nakhon Nayok", "pv_idn": 26, "pv_tn": "จ.นครนายก", "re_royin": "Central", "re_royin_2": "Central", "rice_area": 28299.72541494, "school": 0, "sugarcane_area": null, "tb_en": "BUENG SAN", "tb_idn": 260402, "tb_tn": "ต.บึงศาล", "sync_datetime": 1791104837000, "source_api": "/features/flood/7days", "GlobalID": "{DB18799D-C9F1-46B3-814D-63B6EA4E5F9E}", "Shape__Area": 4.963402198495001e-06, "Shape__Length": 0.015758649862918292}}, {"type": "Feature", "id": 3749687, "geometry": {"type": "Polygon", "coordinates": [[[101.05854171400006, 14.150977982000029], [101.05854252700004, 14.15106834200003], [101.05826472300004, 14.151070724000022], [101.05826390900006, 14.150980364000077], [101.05807870800004, 14.150981951000063], [101.05807789400006, 14.15089159200005], [101.05798529300006, 14.150892385000077], [101.05798447900008, 14.150802025000075], [101.05789187800008, 14.150802819000035], [101.05789170200006, 14.150783267000065], [101.05809531200003, 14.149987771000042], [101.05816236000004, 14.14998719600004], [101.05816073200003, 14.149806475000048], [101.05825333300004, 14.149805682000022], [101.05825151600004, 14.149603788000036], [101.05991418700006, 14.149130164000042], [101.05991444500006, 14.14915886600005], [101.05982184600003, 14.149159661000056], [101.05982265900008, 14.149250021000057], [101.05973005900006, 14.149250815000073], [101.05973168800006, 14.149431536000066], [101.05963908700005, 14.149432330000025], [101.05963990100008, 14.149522690000026], [101.05954730000008, 14.149523484000042], [101.05954892800008, 14.149704205000035], [101.05945632800007, 14.14970499900005], [101.05945714200004, 14.149795359000052], [101.05936454100004, 14.149796153000068], [101.05936535500007, 14.14988651300007], [101.05927275500005, 14.149887307000029], [101.05927356800004, 14.149977668000076], [101.05918096800008, 14.149978462000036], [101.05918178200005, 14.150068822000037], [101.05908918100005, 14.150069616000053], [101.05908999500008, 14.150159977000044], [101.05899739400007, 14.15016077100006], [101.05899820800005, 14.150251131000061], [101.05890560700004, 14.150251925000077], [101.05890723500005, 14.150432645000024], [101.05881463400004, 14.15043343900004], [101.05881626100006, 14.150614159000042], [101.05872366100004, 14.150614953000058], [101.05872610200004, 14.150886034000052], [101.05863350100009, 14.150886828000068], [101.05863431400007, 14.15097718800007], [101.05854171400006, 14.150977982000029]]]}, "properties": {"OBJECTID": 3749687, "F_area": 19597.21617944, "F_createdAt": 1791075940000, "F_createdBy": "66b07c8034c2963abcdb9bb8", "F_id": "6ac1a663f87f84ff1d0c8658", "F_updatedAt": 1791075940000, "F_updatedBy": "66b07c8034c2963abcdb9bb8", "ap_en": "AMPHOE BAN NA", "ap_idn": 2603, "ap_tn": "อ.บ้านนา", "building": 0, "cassava_area": null, "f_area_1": 19597.21617944, "file_name": "S1C_20260928_0550, S1C_20260928_1819, S1D_20260929_1812, S1D_20261002_0609", "h3_address": "8964a4c0303ffff", "h3_area": 124314.11875838, "hospital": 0, "length_road": 0, "maize_area": null, "mongo_id": "6ac14bed6148f8329d55a9b0", "population": 0, "pv_en": "Changwat Nakhon Nayok", "pv_idn": 26, "pv_tn": "จ.นครนายก", "re_royin": "Central", "re_royin_2": "Central", "rice_area": 0, "school": 0, "sugarcane_area": null, "tb_en": "BANG O", "tb_idn": 260306, "tb_tn": "ต.บางอ้อ", "sync_datetime": 1791104833000, "source_api": "/features/flood/7days", "GlobalID": "{747DBF6F-D325-45CF-A4DC-DD1816B9C966}", "Shape__Area": 1.6399100493445005e-06, "Shape__Length": 0.007346515205123666}}, {"type": "Feature", "id": 3749694, "geometry": {"type": "MultiPolygon", "coordinates": [[[[101.04434159300007, 14.043561189000059], [101.04434800700005, 14.044284083000036], [101.04425544800006, 14.044284867000044], [101.04426377700008, 14.045223581000073], [101.04320541300007, 14.045525006000048], [101.04278189200005, 14.045130717000063], [101.04278171400006, 14.045110642000054], [101.04296683400008, 14.045109077000063], [101.04296603200004, 14.045018715000026], [101.04342882900005, 14.045014804000061], [101.04342802700006, 14.044924442000024], [101.04352058700005, 14.044923660000052], [101.04351818200007, 14.044652574000054], [101.04361074100007, 14.044651792000025], [101.04360994000007, 14.044561430000044], [101.04370249900006, 14.044560647000026], [101.04370169700007, 14.044470286000035], [101.04379425600007, 14.044469503000073], [101.04379345400008, 14.044379142000025], [101.04388601400007, 14.044378359000063], [101.04388441000003, 14.044197635000046], [101.04379185200008, 14.044198418000065], [101.04378944700005, 14.043927332000067], [101.04369688800006, 14.043928115000028], [101.04369448300008, 14.04365702900003], [101.04378704200008, 14.043656247000058], [101.04378143100007, 14.04302371500006], [101.04368887300006, 14.043024497000033], [101.04368486600004, 14.042572688000064], [101.04359230800009, 14.042573470000036], [101.04358990400004, 14.042302385000028], [101.04349734500005, 14.042303167000057], [101.04349654400005, 14.042212805000077], [101.04340398600004, 14.042213588000038], [101.04340134500006, 14.041915777000042], [101.04418606100006, 14.041692288000036], [101.04432616900004, 14.041822728000056], [101.04432876600004, 14.042115402000036], [101.04423620800009, 14.042116184000065], [101.04423861300006, 14.042387269000074], [101.04414605400007, 14.042388053000025], [101.04415086400007, 14.042930222000052], [101.04424342200008, 14.042929440000023], [101.04424903400007, 14.043561973000067], [101.04434159300007, 14.043561189000059]]], [[[101.04525953100006, 14.04269167700005], [101.04531108500004, 14.042739673000028], [101.04525996100006, 14.042740106000053], [101.04525953100006, 14.04269167700005]]], [[[101.04535286700008, 14.042778572000032], [101.04540727900007, 14.042829228000073], [101.04535332000006, 14.042829685000072], [101.04535286700008, 14.042778572000032]]], [[[101.04544620400009, 14.04286546700007], [101.04550347300005, 14.042918783000061], [101.04544668200003, 14.042919263000044], [101.04544620400009, 14.04286546700007]]]]}, "properties": {"OBJECTID": 3749694, "F_area": 29261.98637809, "F_createdAt": 1791075955000, "F_createdBy": "66b07c8034c2963abcdb9bb8", "F_id": "6ac1a672f7a763741bd4db0d", "F_updatedAt": 1791075955000, "F_updatedBy": "66b07c8034c2963abcdb9bb8", "ap_en": "AMPHOE ONGKHARAK", "ap_idn": 2604, "ap_tn": "อ.องครักษ์", "building": 0, "cassava_area": null, "f_area_1": 29261.98637809, "file_name": "S1C_20260928_0550, S1C_20260928_1819, S1D_20260929_1812, S1D_20261002_0609", "h3_address": "8964a4d533bffff", "h3_area": 124369.86598673, "hospital": 0, "length_road": 0, "maize_area": null, "mongo_id": "6ac14bf06b93253c8e22fea1", "population": 0, "pv_en": "Changwat Nakhon Nayok", "pv_idn": 26, "pv_tn": "จ.นครนายก", "re_royin": "Central", "re_royin_2": "Central", "rice_area": 6823.56445489, "school": 0, "sugarcane_area": null, "tb_en": "BANG LUK SUEA", "tb_idn": 260403, "tb_tn": "ต.ศรีษะกระบือ", "sync_datetime": 1791104843000, "source_api": "/features/flood/7days", "GlobalID": "{8CC00FCC-6C5C-4A20-98E8-835DFB43E7E3}", "Shape__Area": 2.4475902398170005e-06, "Shape__Length": 0.012055984793163346}}, {"type": "Feature", "id": 3749697, "geometry": {"type": "Polygon", "coordinates": [[[101.09579651800004, 14.103304175000062], [101.09579720200009, 14.103379096000026], [101.09532052500003, 14.10351496900006], [101.09481174400008, 14.103041646000065], [101.09486824500004, 14.103041154000039], [101.09486742000007, 14.102950796000073], [101.09533031800004, 14.102946769000027], [101.09533114300007, 14.10303712700005], [101.09542372300007, 14.103036321000047], [101.09542454800004, 14.10312668000006], [101.09551712800004, 14.103125875000046], [101.09551795400006, 14.103216233000069], [101.09570311300007, 14.103214622000053], [101.09570393800004, 14.103304980000075], [101.09579651800004, 14.103304175000062]]]}, "properties": {"OBJECTID": 3749697, "F_area": 3493.02734311, "F_createdAt": 1791075943000, "F_createdBy": "66b07c8034c2963abcdb9bb8", "F_id": "6ac1a6669f2fcf538753968b", "F_updatedAt": 1791075943000, "F_updatedBy": "66b07c8034c2963abcdb9bb8", "ap_en": "AMPHOE ONGKHARAK", "ap_idn": 2604, "ap_tn": "อ.องครักษ์", "building": 0, "cassava_area": null, "f_area_1": 3493.02734311, "file_name": "S1C_20260928_0550, S1C_20260928_1819, S1D_20260929_1812, S1D_20261002_0609", "h3_address": "8964a4c235bffff", "h3_area": 124323.02489881, "hospital": 0, "length_road": 0, "maize_area": null, "mongo_id": "6ac14bf28da6ddc61fa182f4", "population": 0, "pv_en": "Changwat Nakhon Nayok", "pv_idn": 26, "pv_tn": "จ.นครนายก", "re_royin": "Central", "re_royin_2": "Central", "rice_area": 0, "school": 0, "sugarcane_area": null, "tb_en": "BANG LUK SUEA", "tb_idn": 260408, "tb_tn": "ต.บางลูกเสือ", "sync_datetime": 1791104835000, "source_api": "/features/flood/7days", "GlobalID": "{1B4FFFA4-C2F6-43D6-8A03-9B510AC61A16}", "Shape__Area": 2.9222699103400007e-07, "Shape__Length": 0.0026996376298607746}}, {"type": "Feature", "id": 3749709, "geometry": {"type": "MultiPolygon", "coordinates": [[[[101.22366284500004, 14.081103771000073], [101.22362462900008, 14.081104123000046], [101.22362473100009, 14.081114658000047], [101.22213044300008, 14.081541507000054], [101.22066891100008, 14.080182621000063], [101.22083239500006, 14.079542128000071], [101.22083551300005, 14.079864799000063], [101.22092807600006, 14.079863946000046], [101.22092894900004, 14.079954298000075], [101.22148432500006, 14.079949182000064], [101.22148345100004, 14.079858831000024], [101.22176113900008, 14.079856273000075], [101.22176026500006, 14.079765922000036], [101.22185282700008, 14.079765069000075], [101.22185195400004, 14.079674718000035], [101.22194451600006, 14.079673866000064], [101.22194364200004, 14.079583514000035], [101.22203620500005, 14.079582662000064], [101.22203533100009, 14.079492310000035], [101.22249814300005, 14.079488046000051], [101.22249726900009, 14.079397695000068], [101.22296008100005, 14.079393430000039], [101.22296095500008, 14.079483780000032], [101.22305351700004, 14.079482928000061], [101.22305439100006, 14.079573278000055], [101.22314695300008, 14.079572425000038], [101.22315569500006, 14.080475934000049], [101.22324825800007, 14.080475081000031], [101.22324913200003, 14.080565432000071], [101.22343425700006, 14.080563725000047], [101.22343513200008, 14.08065407600003], [101.22362025800004, 14.080652369000063], [101.22361938300008, 14.080562018000023], [101.22371194500005, 14.080561165000063], [101.22371019700006, 14.08038046300004], [101.22361763400005, 14.080381316000057], [101.22361238800005, 14.079839211000035], [101.22370495000007, 14.079838358000075], [101.22370407600005, 14.079748007000035], [101.22388920100008, 14.079746300000068], [101.22388832600006, 14.079655948000038], [101.22398088800009, 14.079655095000021], [101.22398001400006, 14.079564745000027], [101.22407257600008, 14.079563891000078], [101.22406995300008, 14.079292838000072], [101.22397739000007, 14.079293692000022], [101.22397564200008, 14.079112990000056], [101.22388307900007, 14.079113843000073], [101.22388220500005, 14.079023493000022], [101.22378964300003, 14.07902434600004], [101.22378527100005, 14.078572592000057], [101.22369271000008, 14.078573445000075], [101.22368957500004, 14.078249582000069], [101.22457007700007, 14.079068244000041], [101.22408103300006, 14.080984312000055], [101.22398971500007, 14.081010398000046], [101.22371631800007, 14.081012919000045], [101.22371704700004, 14.081088287000057], [101.22366284500004, 14.081103771000073]]], [[[101.22092370900003, 14.079412192000063], [101.22092458200007, 14.079502542000057], [101.22084230500008, 14.079503300000056], [101.22115798000004, 14.078266547000055], [101.22192451800004, 14.078047587000071], [101.22202135300006, 14.078046695000069], [101.22202222600004, 14.078137046000052], [101.22211478800006, 14.078136193000034], [101.22211566100003, 14.078226544000074], [101.22230078500007, 14.07822483800004], [101.22230165900004, 14.078315190000069], [101.22239422100006, 14.078314337000052], [101.22239684200008, 14.078585389000068], [101.22230428100005, 14.078586243000075], [101.22230515400008, 14.078676594000058], [101.22221259200006, 14.078677446000029], [101.22221346600008, 14.078767798000058], [101.22202834200004, 14.078769503000046], [101.22202921600007, 14.07885985400003], [101.22184409100004, 14.078861559000075], [101.22184496400007, 14.078951911000047], [101.22175240300004, 14.078952763000075], [101.22175327600007, 14.079043114000058], [101.22156815100004, 14.079044819000046], [101.22156902500006, 14.079135171000075], [101.22138390100008, 14.079136876000064], [101.22138477400006, 14.079227227000047], [101.22119965000007, 14.079228932000035], [101.22120052300005, 14.079319283000075], [101.22110796100009, 14.079320135000046], [101.22110883400006, 14.079410487000075], [101.22092370900003, 14.079412192000063]]]]}, "properties": {"OBJECTID": 3749709, "F_area": 75461.91514397, "F_createdAt": 1791075951000, "F_createdBy": "66b07c8034c2963abcdb9bb8", "F_id": "6ac1a66e6148f8329d58c1d8", "F_updatedAt": 1791075951000, "F_updatedBy": "66b07c8034c2963abcdb9bb8", "ap_en": "AMPHOE PAK PHLI", "ap_idn": 2602, "ap_tn": "อ.ปากพลี", "building": 0, "cassava_area": null, "f_area_1": 75461.91514397, "file_name": "S1C_20260928_0550, S1C_20260928_1819, S1D_20260929_1812, S1D_20261002_0609", "h3_address": "8964a4d13c7ffff", "h3_area": 124283.50054638, "hospital": 0, "length_road": 48.51856184, "maize_area": null, "mongo_id": "6ac14beaf87f84ff1d097e69", "population": 0, "pv_en": "Changwat Nakhon Nayok", "pv_idn": 26, "pv_tn": "จ.นครนายก", "re_royin": "Central", "re_royin_2": "Central", "rice_area": 0, "school": 0, "sugarcane_area": null, "tb_en": "THA RUEA", "tb_idn": 260205, "tb_tn": "ต.ท่าเรือ", "sync_datetime": 1791104840000, "source_api": "/features/flood/7days", "GlobalID": "{55DAFB92-41EF-4E2B-AF72-86544B49CC22}", "Shape__Area": 6.311523083484502e-06, "Shape__Length": 0.02190653840067585}}, {"type": "Feature", "id": 3749725, "geometry": {"type": "Polygon", "coordinates": [[[101.17510109000006, 14.215732943000035], [101.17463798800009, 14.215737156000046], [101.17463885100005, 14.215827509000064], [101.17426836900006, 14.215830879000066], [101.17426750600004, 14.215740526000047], [101.17417488600006, 14.215741368000067], [101.17417402200005, 14.215651015000049], [101.17408140200007, 14.215651858000058], [101.17407622100006, 14.21510974000006], [101.17398360100003, 14.215110583000069], [101.17398273800006, 14.21502023000005], [101.17389011700004, 14.21502107300006], [101.17388925400007, 14.21493072000004], [101.17379663400004, 14.214931561000071], [101.17379059000007, 14.214299092000033], [101.17388321000004, 14.214298249000024], [101.17388234700007, 14.214207896000062], [101.17453068600008, 14.214202000000057], [101.17452982300006, 14.214111647000038], [101.17462244200004, 14.214110805000075], [101.17462157900007, 14.214020452000057], [101.17489943800007, 14.214017924000075], [101.17489857500004, 14.213927572000046], [101.17536167300005, 14.213923358000045], [101.17536080900004, 14.213833005000026], [101.17567910700006, 14.213830109000071], [101.17523925700004, 14.215550965000034], [101.17519198300005, 14.215551395000034], [101.17519284700006, 14.215641747000063], [101.17510022600004, 14.215642590000073], [101.17510109000006, 14.215732943000035]]]}, "properties": {"OBJECTID": 3749725, "F_area": 30249.67672597, "F_createdAt": 1791075946000, "F_createdBy": "66b07c8034c2963abcdb9bb8", "F_id": "6ac1a66af87f84ff1d0c8717", "F_updatedAt": 1791075946000, "F_updatedBy": "66b07c8034c2963abcdb9bb8", "ap_en": "AMPHOE MUEANG NAKHON NAYOK", "ap_idn": 2601, "ap_tn": "อ.เมืองนครนายก", "building": 0, "cassava_area": null, "f_area_1": 30249.67672597, "file_name": "S1C_20260928_0550, S1C_20260928_1819, S1D_20260929_1812, S1D_20261002_0609", "h3_address": "8964a4ca48bffff", "h3_area": 124239.79906148, "hospital": 0, "length_road": 0, "maize_area": null, "mongo_id": "6ac14be9f87f84ff1d097e30", "population": 0, "pv_en": "Changwat Nakhon Nayok", "pv_idn": 26, "pv_tn": "จ.นครนายก", "re_royin": "Central", "re_royin_2": "Central", "rice_area": 0, "school": 0, "sugarcane_area": null, "tb_en": "PHROMMANI", "tb_idn": 260113, "tb_tn": "ต.พรหมณี", "sync_datetime": 1791104838000, "source_api": "/features/flood/7days", "GlobalID": "{D08A713F-E3ED-43EE-9A76-052B7C450CF6}", "Shape__Area": 2.5316597226565006e-06, "Shape__Length": 0.007364654321729889}}, {"type": "Feature", "id": 3749739, "geometry": {"type": "Polygon", "coordinates": [[[101.27674010400005, 14.065935058000036], [101.27820156400008, 14.06729357200004], [101.27771293600006, 14.069209643000022], [101.27576282300004, 14.069767206000051], [101.27430135100008, 14.068408686000055], [101.27479000400007, 14.066492609000022], [101.27674010400005, 14.065935058000036]]]}, "properties": {"OBJECTID": 3749739, "F_area": 124267.72444415, "F_createdAt": 1791076014000, "F_createdBy": "66b07c8034c2963abcdb9bb8", "F_id": "6ac1a6adcfa761b472800064", "F_updatedAt": 1791076014000, "F_updatedBy": "66b07c8034c2963abcdb9bb8", "ap_en": "AMPHOE PAK PHLI", "ap_idn": 2602, "ap_tn": "อ.ปากพลี", "building": 0, "cassava_area": null, "f_area_1": 124267.72444415, "file_name": "S1C_20260928_0550, S1C_20260928_1819, S1D_20260929_1812, S1D_20261002_0609", "h3_address": "896599a4ba3ffff", "h3_area": 124267.72444415, "hospital": 0, "length_road": 0, "maize_area": null, "mongo_id": "6ac14bead702c2e8730e0f87", "population": 0, "pv_en": "Changwat Nakhon Nayok", "pv_idn": 26, "pv_tn": "จ.นครนายก", "re_royin": "Central", "re_royin_2": "Central", "rice_area": 107.71694188, "school": 0, "sugarcane_area": null, "tb_en": "THA RUEA", "tb_idn": 260205, "tb_tn": "ต.ท่าเรือ", "sync_datetime": 1791104879000, "source_api": "/features/flood/7days", "GlobalID": "{13B83DEE-72B4-4CDE-9792-05FFE2B1E162}", "Shape__Area": 1.0392310291923003e-05, "Shape__Length": 0.01200200768737745}}, {"type": "Feature", "id": 3749744, "geometry": {"type": "Polygon", "coordinates": [[[101.20187072900006, 14.19660277500003], [101.20179195000009, 14.196603499000048], [101.20204285000005, 14.195621405000054], [101.20398610700005, 14.195066524000026], [101.20399029100008, 14.195498956000051], [101.20389768100006, 14.195499808000022], [101.20389942800006, 14.195680511000035], [101.20380681800003, 14.195681363000062], [101.20380856600008, 14.195862066000075], [101.20371595600005, 14.195862919000035], [101.20371683000008, 14.195953270000075], [101.20362421900006, 14.195954122000046], [101.20362509300008, 14.196044474000075], [101.20353248200007, 14.196045326000046], [101.20353335600004, 14.196135678000076], [101.20344074500008, 14.196136530000047], [101.20344161900005, 14.19622688100003], [101.20325639800006, 14.196228586000075], [101.20325727200009, 14.196318938000047], [101.20316466100007, 14.196319790000075], [101.20316553500004, 14.196410142000047], [101.20279509100004, 14.196413551000035], [101.20279421700008, 14.196323200000052], [101.20270160700005, 14.196324052000023], [101.20269985900006, 14.196143350000057], [101.20279247100007, 14.19614249700004], [101.20279159700004, 14.196052146000056], [101.20288420700007, 14.196051293000039], [101.20288333400003, 14.195960942000056], [101.20297594400006, 14.195960089000039], [101.20297244900007, 14.19559868400006], [101.20287983900005, 14.195599537000021], [101.20287896600007, 14.195509186000038], [101.20278635500006, 14.195510038000066], [101.20278722900008, 14.195600389000049], [101.20269461800007, 14.195601242000066], [101.20269549100004, 14.19569159300005], [101.20260288100008, 14.195692445000077], [101.20260375400005, 14.19578279600006], [101.20251114400008, 14.195783649000077], [101.20251376400006, 14.196054703000073], [101.20242115400004, 14.196055554000054], [101.20242202700007, 14.196145906000027], [101.20214419500007, 14.196148462000053], [101.20214506900004, 14.196238814000026], [101.20205245700004, 14.196239665000064], [101.20205420400004, 14.196420369000066], [101.20196159300008, 14.196421220000047], [101.20196246700004, 14.196511572000077], [101.20186985500004, 14.196512423000058], [101.20187072900006, 14.19660277500003]]]}, "properties": {"OBJECTID": 3749744, "F_area": 17289.21674592, "F_createdAt": 1791075959000, "F_createdBy": "66b07c8034c2963abcdb9bb8", "F_id": "6ac1a676f7a763741bd4db96", "F_updatedAt": 1791075959000, "F_updatedBy": "66b07c8034c2963abcdb9bb8", "ap_en": "AMPHOE MUEANG NAKHON NAYOK", "ap_idn": 2601, "ap_tn": "อ.เมืองนครนายก", "building": 0, "cassava_area": null, "f_area_1": 17289.21674592, "file_name": "S1C_20260928_0550, S1C_20260928_1819, S1D_20260929_1812, S1D_20261002_0609", "h3_address": "8964a4d9db7ffff", "h3_area": 124236.34551271, "hospital": 0, "length_road": 0, "maize_area": null, "mongo_id": "6ac14be8ded8743f6e0ed09a", "population": 580, "pv_en": "Changwat Nakhon Nayok", "pv_idn": 26, "pv_tn": "จ.นครนายก", "re_royin": "Central", "re_royin_2": "Central", "rice_area": 0, "school": 0, "sugarcane_area": null, "tb_en": "BAN YAI", "tb_idn": 260104, "tb_tn": "ต.วังกระโจม", "sync_datetime": 1791104844000, "source_api": "/features/flood/7days", "GlobalID": "{2343CDE3-C00D-4D24-9695-DD76EEBD4F8D}", "Shape__Area": 1.4468049142840003e-06, "Shape__Length": 0.009123001876537916}}, {"type": "Feature", "id": 3749751, "geometry": {"type": "MultiPolygon", "coordinates": [[[[101.11483103200004, 14.209225354000068], [101.11483019200006, 14.209134998000025], [101.11473757100003, 14.20913581700006], [101.11473421300008, 14.208774391000077], [101.11482683400004, 14.208773572000041], [101.11482036300004, 14.208077064000065], [101.11568796800003, 14.207829695000044], [101.11620424600005, 14.20830956900005], [101.11611933200004, 14.208310321000056], [101.11612017200008, 14.208400677000043], [101.11602755100006, 14.208401497000068], [101.11602839100004, 14.208491853000055], [101.11593576900003, 14.208492672000034], [101.11593744900006, 14.208673385000054], [101.11584482800004, 14.208674204000033], [101.11584566800008, 14.208764561000066], [101.11575304700006, 14.208765380000045], [101.11575388700004, 14.208855736000032], [101.11566126600007, 14.208856555000068], [101.11566210600006, 14.208946912000044], [101.11556948500004, 14.208947731000023], [101.11557032400003, 14.209038088000057], [101.11529246000003, 14.20904054600004], [101.11529330000008, 14.209130902000027], [101.11501543600008, 14.209133360000067], [101.11501627500007, 14.209223716000054], [101.11483103200004, 14.209225354000068]]], [[[101.11335915600006, 14.210322733000055], [101.11326900900008, 14.21032352900005], [101.11324573600007, 14.210301898000068], [101.11335499700004, 14.209874811000077], [101.11335915600006, 14.210322733000055]]], [[[101.11660512400005, 14.21074584400003], [101.11669774600006, 14.210745024000062], [101.11669606500004, 14.210564311000041], [101.11678868700005, 14.210563491000073], [101.11678784600008, 14.21047313500003], [101.11682158900004, 14.210472837000054], [101.11666004900007, 14.211104311000042], [101.11642382500008, 14.211171664000062], [101.11642324200005, 14.211108908000028], [101.11651586400006, 14.21110808900005], [101.11651334300007, 14.210837020000042], [101.11660596500008, 14.210836201000063], [101.11660512400005, 14.21074584400003]]], [[[101.11512233200006, 14.21066859900003], [101.11512401200008, 14.21084931300004], [101.11503139000007, 14.210850132000076], [101.11503223000005, 14.210940488000062], [101.11493960700005, 14.210941307000041], [101.11494464500004, 14.211483446000045], [101.11503726800004, 14.211482627000066], [101.11503805000007, 14.211566774000062], [101.11470786700005, 14.21166091300006], [101.11401400300008, 14.211015987000053], [101.11401338500008, 14.210949497000058], [101.11410600700003, 14.210948679000069], [101.11410516800004, 14.210858322000036], [101.11419779000005, 14.210857503000057], [101.11419695100005, 14.21076714700007], [101.11428957300006, 14.210766328000034], [101.11428873300008, 14.210675971000057], [101.11438135500003, 14.210675153000068], [101.11438051600004, 14.210584796000035], [101.11447313800005, 14.210583977000056], [101.11447145900007, 14.210403264000036], [101.11456408100008, 14.210402445000057], [101.11456324100004, 14.210312088000023], [101.11474848500006, 14.210310451000055], [101.11474932500005, 14.210400807000042], [101.11484194600007, 14.210399988000063], [101.11484278600005, 14.21049034500004], [101.11493540900005, 14.21048952600006], [101.11493624900004, 14.210579881000058], [101.11502887100005, 14.210579063000068], [101.11502971000004, 14.210669419000055], [101.11512233200006, 14.21066859900003]]], [[[101.11558964200003, 14.211116286000049], [101.11568226400004, 14.211115465000034], [101.11568142400006, 14.211025110000037], [101.11595929000003, 14.211022651000064], [101.11596013000008, 14.21111300800004], [101.11614537500009, 14.211111368000047], [101.11614621500007, 14.211201725000024], [101.11632390900007, 14.21120015200006], [101.11540759000007, 14.211461412000062], [101.11540607800003, 14.211298637000027], [101.11549870000005, 14.211297817000059], [101.11549786000006, 14.211207461000072], [101.11559048200007, 14.211206641000047], [101.11558964200003, 14.211116286000049]]]]}, "properties": {"OBJECTID": 3749751, "F_area": 28758.73906562, "F_createdAt": 1791075941000, "F_createdBy": "66b07c8034c2963abcdb9bb8", "F_id": "6ac1a6640eb2b2617ae7a231", "F_updatedAt": 1791075941000, "F_updatedBy": "66b07c8034c2963abcdb9bb8", "ap_en": "AMPHOE MUEANG NAKHON NAYOK", "ap_idn": 2601, "ap_tn": "อ.เมืองนครนายก", "building": 0, "cassava_area": null, "f_area_1": 28758.73906562, "file_name": "S1C_20260928_0550, S1C_20260928_1819, S1D_20260929_1812, S1D_20261002_0609", "h3_address": "8964a4c123bffff", "h3_area": 124264.85966132, "hospital": 0, "length_road": 0, "maize_area": null, "mongo_id": "6ac14c62cfa761b4727cf3ae", "population": 0, "pv_en": "Changwat Nakhon Nayok", "pv_idn": 26, "pv_tn": "จ.นครนายก", "re_royin": "Central", "re_royin_2": "Central", "rice_area": 0, "school": 0, "sugarcane_area": null, "tb_en": "THA SAI", "tb_idn": 260105, "tb_tn": "ต.ท่าทราย", "sync_datetime": 1791104833000, "source_api": "/features/flood/7days", "GlobalID": "{8D5951FB-96B0-483A-BE21-D668242A3165}", "Shape__Area": 2.4070054848145005e-06, "Shape__Length": 0.015357579436011666}}, {"type": "Feature", "id": 3749774, "geometry": {"type": "MultiPolygon", "coordinates": [[[[101.16545419900007, 14.224043390000077], [101.16545333900007, 14.223953037000058], [101.16554596300006, 14.223952197000074], [101.16554010100003, 14.223336793000044], [101.16592083300009, 14.22369053400007], [101.16546102800004, 14.225489106000055], [101.16537534400004, 14.225489883000023], [101.16537620500009, 14.225580236000042], [101.16528358000005, 14.225581076000026], [101.16528421700008, 14.225647964000075], [101.16445277800005, 14.225885217000041], [101.16445253500007, 14.22585968900006], [101.16435991000009, 14.225860528000055], [101.16435904900004, 14.225770175000036], [101.16426642400006, 14.225771014000031], [101.16426298400006, 14.225409601000024], [101.16435560800005, 14.22540876200003], [101.16435216800005, 14.225047348000032], [101.16444479200004, 14.225046509000038], [101.16444393200004, 14.224956156000076], [101.16453655700008, 14.224955317000024], [101.16453139500004, 14.224413196000057], [101.16443877000006, 14.224414035000052], [101.16443705000006, 14.224233328000025], [101.16452967500004, 14.22423248900003], [101.16452881500004, 14.224142136000069], [101.16462143900009, 14.224141297000074], [101.16462057900009, 14.224050943000066], [101.16471320300008, 14.22405010400007], [101.16471234300008, 14.223959751000052], [101.16489759200005, 14.223958073000063], [101.16489845300003, 14.224048426000024], [101.16499107600004, 14.22404758700003], [101.16499193700008, 14.224137940000048], [101.16536243500008, 14.224134583000023], [101.16536157500008, 14.224044229000071], [101.16545419900007, 14.224043390000077]]], [[[101.16386582400008, 14.222612001000073], [101.16349532900006, 14.222615355000073], [101.16349524800006, 14.222606905000077], [101.16445864900004, 14.222331999000062], [101.16460551300008, 14.222468453000033], [101.16460595500007, 14.222514936000039], [101.16451333100008, 14.222515775000033], [101.16451591200007, 14.222786835000022], [101.16460853600006, 14.222785996000027], [101.16460939600006, 14.222876349000046], [101.16470202000005, 14.222875510000051], [101.16470288100004, 14.22296586300007], [101.16479550500009, 14.222965024000075], [101.16479722500009, 14.223145731000045], [101.16470460100004, 14.22314657100003], [101.16470546100004, 14.223236924000048], [101.16461283700005, 14.223237763000043], [101.16461369800004, 14.223328117000051], [101.16452107300006, 14.223328956000046], [101.16452193300006, 14.223419309000064], [101.16424406000004, 14.223421826000049], [101.16424492100003, 14.223512179000068], [101.16405967200006, 14.223513857000057], [101.16405881200006, 14.223423504000039], [101.16396618700009, 14.223424342000044], [101.16396532800007, 14.223333989000025], [101.16368745500006, 14.223336506000066], [101.16368659500006, 14.223246152000058], [101.16359397100007, 14.223246991000053], [101.16359311100007, 14.223156638000034], [101.16368573600005, 14.22315579900004], [101.16368487600005, 14.223065445000032], [101.16387012400008, 14.223063768000031], [101.16386926400008, 14.222973414000023], [101.16396188800007, 14.222972576000075], [101.16395930900006, 14.22270151500004], [101.16386668500007, 14.222702354000035], [101.16386582400008, 14.222612001000073]]], [[[101.16277324600009, 14.224609840000028], [101.16278098200007, 14.22542302200003], [101.16268835700004, 14.225423861000024], [101.16268839900005, 14.225428256000043], [101.16201703100006, 14.224804478000067], [101.16250675500004, 14.222888966000028], [101.16272714600007, 14.222826079000072], [101.16272892600006, 14.222893377000048], [101.16266429100006, 14.222893963000047], [101.16268062100005, 14.224610679000023], [101.16277324600009, 14.224609840000028]]]]}, "properties": {"OBJECTID": 3749774, "F_area": 48867.8813381, "F_createdAt": 1791075946000, "F_createdBy": "66b07c8034c2963abcdb9bb8", "F_id": "6ac1a66af87f84ff1d0c8716", "F_updatedAt": 1791075946000, "F_updatedBy": "66b07c8034c2963abcdb9bb8", "ap_en": "AMPHOE MUEANG NAKHON NAYOK", "ap_idn": 2601, "ap_tn": "อ.เมืองนครนายก", "building": 0, "cassava_area": null, "f_area_1": 48867.8813381, "file_name": "S1C_20260928_0550, S1C_20260928_1819, S1D_20260929_1812, S1D_20261002_0609", "h3_address": "8964a4ca477ffff", "h3_area": 124238.92579051, "hospital": 0, "length_road": 65.28344356, "maize_area": null, "mongo_id": "6ac14be9cfa761b4727ce30d", "population": 0, "pv_en": "Changwat Nakhon Nayok", "pv_idn": 26, "pv_tn": "จ.นครนายก", "re_royin": "Central", "re_royin_2": "Central", "rice_area": 0, "school": 0, "sugarcane_area": null, "tb_en": "PHROMMANI", "tb_idn": 260113, "tb_tn": "ต.พรหมณี", "sync_datetime": 1791104838000, "source_api": "/features/flood/7days", "GlobalID": "{D01D7124-26C9-4F59-868F-A01DB598C168}", "Shape__Area": 4.090079605528501e-06, "Shape__Length": 0.019680971034450153}}, {"type": "Feature", "id": 3749775, "geometry": {"type": "MultiPolygon", "coordinates": [[[[101.13167977900008, 14.227961626000024], [101.13177240600004, 14.227960800000062], [101.13177155900007, 14.227870444000075], [101.13204944300008, 14.22786796500003], [101.13204859500007, 14.227777609000043], [101.13204947800006, 14.22777760100007], [101.13225391800006, 14.227967579000051], [101.13176396200004, 14.229883093000069], [101.13095886000008, 14.230112700000063], [101.13095569700005, 14.229775345000064], [101.13104832600004, 14.229774518000056], [101.13104578500008, 14.229503453000063], [101.13113841300009, 14.229502626000055], [101.13113587100008, 14.229231560000073], [101.13122850000008, 14.229230733000065], [101.13122765300005, 14.229140378000068], [101.13132028100006, 14.22913955200005], [101.13131519700005, 14.228597420000028], [101.13140782600004, 14.228596593000077], [101.13140528300005, 14.228325527000038], [101.13149791100005, 14.228324701000076], [101.13149621700006, 14.228143990000035], [101.13158884500007, 14.228143163000027], [101.13158799700005, 14.22805280800003], [101.13168062600005, 14.228051982000068], [101.13167977900008, 14.227961626000024]]], [[[101.12880198500005, 14.227312350000034], [101.12883744800007, 14.227173707000077], [101.12889331700006, 14.227173209000057], [101.12889310200006, 14.227150250000022], [101.13018654400008, 14.22678138300006], [101.13018841400009, 14.226980938000054], [101.13009578600008, 14.226981764000072], [101.13009663300005, 14.22707211900007], [101.13000400500005, 14.227072945000032], [101.13000569800005, 14.227253657000063], [101.12991307000004, 14.227254482000035], [101.12991476400003, 14.227435193000076], [101.12982213500004, 14.227436019000038], [101.12982298300005, 14.227526374000036], [101.12973035400006, 14.227527200000054], [101.12973120100008, 14.227617556000041], [101.12963857300008, 14.22761838100007], [101.12963941900006, 14.227708737000057], [101.12945416300005, 14.227710388000048], [101.12945501000007, 14.227800744000035], [101.12936238100008, 14.227801569000064], [101.12936322900003, 14.227891925000051], [101.12890008800008, 14.227896053000052], [101.12889924100006, 14.227805697000065], [101.12880661300005, 14.227806523000027], [101.12880198500005, 14.227312350000034]]], [[[101.13058179400008, 14.229417229000035], [101.13058433400005, 14.229688295000074], [101.13049170600004, 14.229689121000035], [101.13049594100005, 14.230140898000059], [101.13058857000004, 14.23014007200004], [101.13058930200003, 14.230218093000076], [101.12985018200004, 14.230428879000044], [101.12984923100004, 14.230327393000039], [101.12975660200004, 14.230328218000068], [101.12975321500005, 14.229966797000031], [101.12966058600006, 14.22996762300005], [101.12965465900004, 14.229335135000042], [101.12974728800003, 14.229334309000023], [101.12974559400004, 14.229153598000039], [101.12983822300004, 14.229152772000077], [101.12983737600007, 14.229062416000033], [101.13020789100005, 14.229059112000073], [101.13020704400009, 14.228968757000075], [101.13039230100009, 14.228967104000048], [101.13039314800005, 14.229057460000035], [101.13048577700005, 14.229056634000074], [101.13048916400004, 14.229418056000043], [101.13058179400008, 14.229417229000035]]]]}, "properties": {"OBJECTID": 3749775, "F_area": 41370.32583199, "F_createdAt": 1791075946000, "F_createdBy": "66b07c8034c2963abcdb9bb8", "F_id": "6ac1a66af87f84ff1d0c86d1", "F_updatedAt": 1791075946000, "F_updatedBy": "66b07c8034c2963abcdb9bb8", "ap_en": "AMPHOE BAN NA", "ap_idn": 2601, "ap_tn": "อ.เมืองนครนายก", "building": 0, "cassava_area": null, "f_area_1": 41370.32583199, "file_name": "S1C_20260928_0550, S1C_20260928_1819, S1D_20260929_1812, S1D_20261002_0609", "h3_address": "8964a4ca113ffff", "h3_area": 124250.04856118, "hospital": 0, "length_road": 0, "maize_area": null, "mongo_id": "6ac14c628da6ddc61fa1927a", "population": 0, "pv_en": "Changwat Nakhon Nayok", "pv_idn": 26, "pv_tn": "จ.นครนายก", "re_royin": "Central", "re_royin_2": "Central", "rice_area": 1996.87026466, "school": 0, "sugarcane_area": null, "tb_en": "BAN PHRAO", "tb_idn": 260113, "tb_tn": "ต.พรหมณี", "sync_datetime": 1791104838000, "source_api": "/features/flood/7days", "GlobalID": "{3126700C-8728-4B68-8D76-3DF78A52D31B}", "Shape__Area": 3.4627702755055008e-06, "Shape__Length": 0.015950375873936853}}, {"type": "Feature", "id": 3749818, "geometry": {"type": "Polygon", "coordinates": [[[101.07171149400006, 14.153123853000068], [101.07177169000005, 14.153123334000043], [101.07135494300007, 14.154751845000021], [101.06940276900008, 14.155308039000033], [101.06866900500006, 14.15462556400007], [101.06866628300008, 14.154324883000072], [101.06875888400003, 14.154324085000042], [101.06875724900004, 14.154143365000039], [101.06884985100004, 14.154142568000054], [101.06884739700007, 14.15387148800005], [101.06875479500007, 14.15387228700007], [101.06875397700009, 14.153781928000058], [101.06866137500003, 14.153782725000042], [101.06866055700004, 14.15369236600003], [101.06856795600004, 14.15369316400006], [101.06856713800005, 14.153602804000059], [101.06847453600005, 14.153603602000032], [101.06847290100006, 14.153422883000076], [101.06856550200007, 14.153422086000035], [101.06856468500007, 14.153331726000033], [101.06912029300008, 14.153326937000031], [101.06911947600008, 14.15323657700003], [101.06921207700003, 14.153235779000056], [101.06920962300006, 14.152964700000041], [101.06911702100007, 14.15296549900006], [101.06911620300008, 14.15287513900006], [101.06902360200007, 14.152875937000033], [101.06902278400008, 14.152785578000078], [101.06911538600008, 14.152784780000047], [101.06911456700004, 14.152694420000046], [101.06939237000006, 14.152692026000068], [101.06939155300006, 14.152601666000066], [101.06948415300008, 14.152600868000036], [101.06948006300007, 14.152149070000064], [101.06938746200007, 14.152149869000027], [101.06938664400008, 14.152059509000026], [101.06929404300007, 14.152060307000056], [101.06929322500008, 14.151969948000044], [101.06938582600009, 14.151969149000024], [101.06938500800004, 14.151878790000069], [101.06966281100006, 14.151876395000045], [101.06966199300007, 14.151786035000043], [101.06975459300008, 14.15178523700007], [101.06975342100009, 14.151655752000067], [101.07030763800009, 14.151497850000055], [101.07030774300006, 14.151509368000063], [101.07040034300007, 14.151508568000054], [101.07040116200005, 14.151598929000045], [101.07049376300006, 14.151598129000035], [101.07049458100005, 14.151688489000037], [101.07061045100005, 14.151687490000029], [101.07068037700009, 14.151752529000078], [101.07068060200004, 14.151777251000055], [101.07070671500009, 14.151777026000047], [101.07077377200005, 14.15183939700006], [101.07077483900008, 14.15195717100005], [101.07086744000009, 14.15195637200003], [101.07086825900006, 14.15204673200003], [101.07096085900008, 14.152045933000068], [101.07096167800006, 14.152136292000023], [101.07105427900007, 14.15213549300006], [101.07105755400005, 14.15249693100003], [101.07115015600004, 14.152496132000067], [101.07115097400003, 14.152586491000022], [101.07133617600005, 14.15258489300004], [101.07133699500008, 14.15267525300004], [101.07142959700008, 14.152674454000078], [101.07143041500007, 14.152764813000033], [101.07152301600007, 14.15276401400007], [101.07152383600004, 14.152854373000025], [101.07161643600006, 14.152853575000051], [101.07161807500006, 14.153034293000076], [101.07171067500008, 14.153033494000056], [101.07171149400006, 14.153123853000068]]]}, "properties": {"OBJECTID": 3749818, "F_area": 94936.08836397, "F_createdAt": 1791075940000, "F_createdBy": "66b07c8034c2963abcdb9bb8", "F_id": "6ac1a663f87f84ff1d0c8670", "F_updatedAt": 1791075940000, "F_updatedBy": "66b07c8034c2963abcdb9bb8", "ap_en": "AMPHOE BAN NA", "ap_idn": 2603, "ap_tn": "อ.บ้านนา", "building": 0, "cassava_area": null, "f_area_1": 94936.08836397, "file_name": "S1C_20260928_0550, S1C_20260928_1819, S1D_20260929_1812, S1D_20261002_0609", "h3_address": "8964a4c03cbffff", "h3_area": 124309.0178613, "hospital": 0, "length_road": 0, "maize_area": null, "mongo_id": "6ac14bedf7a763741bd1d1d4", "population": 88, "pv_en": "Changwat Nakhon Nayok", "pv_idn": 26, "pv_tn": "จ.นครนายก", "re_royin": "Central", "re_royin_2": "Central", "rice_area": 28569.11939516, "school": 0, "sugarcane_area": null, "tb_en": "BANG O", "tb_idn": 260306, "tb_tn": "ต.บางอ้อ", "sync_datetime": 1791104833000, "source_api": "/features/flood/7days", "GlobalID": "{496223FD-322C-4399-8AF4-DF43DE193CCB}", "Shape__Area": 7.944321123399002e-06, "Shape__Length": 0.013852482288069382}}, {"type": "Feature", "id": 3749841, "geometry": {"type": "Polygon", "coordinates": [[[101.12783378800003, 14.193115724000052], [101.12783305000005, 14.193036622000022], [101.12838823000004, 14.193552672000067], [101.12831619300005, 14.193834343000049], [101.12830361000005, 14.193834454000068], [101.12830276600005, 14.193744099000071], [101.12811753800008, 14.193745745000058], [101.12811669400008, 14.19365539000006], [101.12802408000005, 14.193656212000064], [101.12802323600005, 14.193565857000067], [101.12793062100008, 14.19356668000006], [101.12792977800007, 14.193476325000063], [101.12783716400008, 14.193477148000056], [101.12783631900004, 14.19338679200007], [101.12774370500006, 14.193387615000063], [101.12774117400005, 14.193116547000045], [101.12783378800003, 14.193115724000052]]]}, "properties": {"OBJECTID": 3749841, "F_area": 2635.5343458, "F_createdAt": 1791075941000, "F_createdBy": "66b07c8034c2963abcdb9bb8", "F_id": "6ac1a6656148f8329d58c013", "F_updatedAt": 1791075941000, "F_updatedBy": "66b07c8034c2963abcdb9bb8", "ap_en": "AMPHOE MUEANG NAKHON NAYOK", "ap_idn": 2601, "ap_tn": "อ.เมืองนครนายก", "building": 0, "cassava_area": null, "f_area_1": 2635.5343458, "file_name": "S1C_20260928_0550, S1C_20260928_1819, S1D_20260929_1812, S1D_20261002_0609", "h3_address": "8964a4c162fffff", "h3_area": 124267.87615477, "hospital": 0, "length_road": 0, "maize_area": null, "mongo_id": "6ac14be8ded8743f6e0ed0ac", "population": 0, "pv_en": "Changwat Nakhon Nayok", "pv_idn": 26, "pv_tn": "จ.นครนายก", "re_royin": "Central", "re_royin_2": "Central", "rice_area": 0, "school": 0, "sugarcane_area": null, "tb_en": "THA SAI", "tb_idn": 260105, "tb_tn": "ต.ท่าทราย", "sync_datetime": 1791104833000, "source_api": "/features/flood/7days", "GlobalID": "{6B735A96-FFB6-49B0-839F-604F3FD4D3C8}", "Shape__Area": 2.2056621916000007e-07, "Shape__Length": 0.002511605014020893}}, {"type": "Feature", "id": 3749862, "geometry": {"type": "Polygon", "coordinates": [[[101.28941323000004, 14.065863987000057], [101.29087468800009, 14.067222400000048], [101.29038615400003, 14.069138460000033], [101.28843613800007, 14.069696115000056], [101.28697466800008, 14.068337696000071], [101.28746322700005, 14.066421629000047], [101.28941323000004, 14.065863987000057]]]}, "properties": {"OBJECTID": 3749862, "F_area": 124262.73759666, "F_createdAt": 1791076014000, "F_createdBy": "66b07c8034c2963abcdb9bb8", "F_id": "6ac1a6adcfa761b472800063", "F_updatedAt": 1791076014000, "F_updatedBy": "66b07c8034c2963abcdb9bb8", "ap_en": "AMPHOE PAK PHLI", "ap_idn": 2602, "ap_tn": "อ.ปากพลี", "building": 0, "cassava_area": null, "f_area_1": 124262.73759666, "file_name": "S1C_20260928_0550, S1C_20260928_1819, S1D_20260929_1812, S1D_20261002_0609", "h3_address": "896599a4b9bffff", "h3_area": 124262.73759666, "hospital": 0, "length_road": 0, "maize_area": null, "mongo_id": "6ac14bea3acc4fe5693cf085", "population": 0, "pv_en": "Changwat Nakhon Nayok", "pv_idn": 26, "pv_tn": "จ.นครนายก", "re_royin": "Central", "re_royin_2": "Central", "rice_area": 58297.80603127, "school": 0, "sugarcane_area": null, "tb_en": "THA RUEA", "tb_idn": 260205, "tb_tn": "ต.ท่าเรือ", "sync_datetime": 1791104879000, "source_api": "/features/flood/7days", "GlobalID": "{2BBADCAB-FCD2-4800-AB78-CB04B5AF89D6}", "Shape__Area": 1.0391719326420502e-05, "Shape__Length": 0.012001664215387387}}, {"type": "Feature", "id": 3749871, "geometry": {"type": "Polygon", "coordinates": [[[100.98809277900006, 14.260196761000032], [100.98809238800004, 14.26015221700004], [100.98824737000007, 14.260108126000034], [100.98853312100005, 14.26037382800007], [100.98837231200008, 14.260375169000042], [100.98837152000004, 14.260284806000072], [100.98818622000005, 14.260286352000037], [100.98818542800007, 14.260195989000067], [100.98809277900006, 14.260196761000032]]]}, "properties": {"OBJECTID": 3749871, "F_area": 511.43800207, "F_createdAt": 1791075947000, "F_createdBy": "66b07c8034c2963abcdb9bb8", "F_id": "6ac1a66a6b93253c8e26205e", "F_updatedAt": 1791075947000, "F_updatedBy": "66b07c8034c2963abcdb9bb8", "ap_en": "AMPHOE BAN NA", "ap_idn": 2603, "ap_tn": "อ.บ้านนา", "building": 0, "cassava_area": null, "f_area_1": 511.43800207, "file_name": "S1C_20260928_0550, S1C_20260928_1819, S1D_20260929_1812, S1D_20261002_0609", "h3_address": "8964a4cc6cfffff", "h3_area": 124289.27698022, "hospital": 0, "length_road": 0, "maize_area": null, "mongo_id": "6ac14becded8743f6e0ed1c0", "population": 0, "pv_en": "Changwat Nakhon Nayok", "pv_idn": 26, "pv_tn": "จ.นครนายก", "re_royin": "Central", "re_royin_2": "Central", "rice_area": 0, "school": 0, "sugarcane_area": null, "tb_en": "BAN PHRIK", "tb_idn": 260303, "tb_tn": "ต.บ้านพริก", "sync_datetime": 1791104837000, "source_api": "/features/flood/7days", "GlobalID": "{50FC2816-A45E-4B87-9709-D4493A227C36}", "Shape__Area": 4.282138955650001e-08, "Shape__Length": 0.0012153774321607507}}, {"type": "Feature", "id": 3749878, "geometry": {"type": "Polygon", "coordinates": [[[100.95902433700007, 14.241730545000053], [100.95902478300007, 14.241782284000067], [100.95849892200005, 14.241931816000033], [100.95703666200006, 14.24057171800007], [100.95738495800003, 14.239213594000034], [100.95742758400007, 14.23921324500003], [100.95742620100003, 14.239052773000026], [100.95745463300005, 14.238941908000072], [100.95751789100007, 14.238941390000036], [100.95751711200006, 14.238851024000041], [100.95760975400003, 14.238850265000053], [100.95760819700007, 14.238669535000042], [100.95770083900004, 14.238668775000065], [100.95770030700004, 14.238607110000032], [100.95948141700006, 14.238100641000074], [100.96048345100007, 14.239032674000043], [100.96049103300004, 14.239911076000055], [100.96039839000008, 14.239911836000033], [100.96039917000007, 14.240002201000038], [100.96030652700006, 14.240002962000062], [100.96030730700005, 14.240093327000068], [100.95993673500004, 14.24009637000006], [100.95993751600008, 14.240186735000066], [100.95984487200008, 14.240187496000033], [100.95984877100005, 14.24063932100006], [100.95994141500006, 14.240638560000036], [100.95994219500005, 14.240728925000042], [100.96003483800007, 14.240728165000064], [100.96003561800006, 14.240818529000023], [100.96012826100008, 14.240817769000046], [100.96012904100007, 14.240908133000062], [100.96022168400003, 14.240907372000038], [100.96022480400006, 14.24126883200006], [100.96013216100005, 14.241269593000027], [100.96013294100004, 14.241359958000032], [100.96004029700003, 14.241360719000056], [100.96004107700008, 14.241451084000062], [100.95985579100005, 14.241452605000063], [100.95985657000006, 14.241542970000069], [100.95967128300003, 14.24154449200006], [100.95967174700007, 14.241598314000044], [100.95953940900006, 14.24163594600003], [100.95911620100009, 14.24163942000007], [100.95911698000003, 14.241729785000075], [100.95902433700007, 14.241730545000053]]]}, "properties": {"OBJECTID": 3749878, "F_area": 109665.43993037, "F_createdAt": 1791075947000, "F_createdBy": "66b07c8034c2963abcdb9bb8", "F_id": "6ac1a66ad702c2e873112cf3", "F_updatedAt": 1791075947000, "F_updatedBy": "66b07c8034c2963abcdb9bb8", "ap_en": "AMPHOE ONGKHARAK", "ap_idn": 2604, "ap_tn": "อ.องครักษ์", "building": 0, "cassava_area": null, "f_area_1": 109665.43993037, "file_name": "S1C_20260928_0550, S1C_20260928_1819, S1D_20260929_1812, S1D_20261002_0609", "h3_address": "8964a4cc55bffff", "h3_area": 124310.87453156, "hospital": 0, "length_road": 0, "maize_area": null, "mongo_id": "6ac14bf0f7a763741bd1d233", "population": 0, "pv_en": "Changwat Nakhon Nayok", "pv_idn": 26, "pv_tn": "จ.นครนายก", "re_royin": "Central", "re_royin_2": "Central", "rice_area": 0, "school": 0, "sugarcane_area": null, "tb_en": "PHO THAEN", "tb_idn": 260404, "tb_tn": "ต.โพธิ์แทน", "sync_datetime": 1791104838000, "source_api": "/features/flood/7days", "GlobalID": "{303CFE47-AD3C-4935-8019-46BD9C4F3F66}", "Shape__Area": 9.181499497536502e-06, "Shape__Length": 0.012994323173146608}}, {"type": "Feature", "id": 3749896, "geometry": {"type": "MultiPolygon", "coordinates": [[[[101.01694902700007, 14.139221556000052], [101.01704162500005, 14.139220778000038], [101.01704684500004, 14.139812805000076], [101.01575709800005, 14.138612700000067], [101.01624777000006, 14.136696713000049], [101.01720219000003, 14.136425031000044], [101.01721566900005, 14.137954147000073], [101.01712307200006, 14.137954924000042], [101.01712466400005, 14.138135650000038], [101.01703206700006, 14.138136427000063], [101.01703923600007, 14.13894969100005], [101.01694663700005, 14.138950468000075], [101.01694902700007, 14.139221556000052]]], [[[101.01729456200007, 14.136398737000036], [101.01729472500006, 14.136417206000033], [101.01722770400005, 14.136417768000058], [101.01729456200007, 14.136398737000036]]]]}, "properties": {"OBJECTID": 3749896, "F_area": 36895.75038559, "F_createdAt": 1791075940000, "F_createdBy": "66b07c8034c2963abcdb9bb8", "F_id": "6ac1a6646b93253c8e261f2d", "F_updatedAt": 1791075940000, "F_updatedBy": "66b07c8034c2963abcdb9bb8", "ap_en": "AMPHOE ONGKHARAK", "ap_idn": 2604, "ap_tn": "อ.องครักษ์", "building": 0, "cassava_area": null, "f_area_1": 36895.75038559, "file_name": "S1C_20260928_0550, S1C_20260928_1819, S1D_20260929_1812, S1D_20261002_0609", "h3_address": "8964a4c08c7ffff", "h3_area": 124336.3844442, "hospital": 0, "length_road": 0, "maize_area": null, "mongo_id": "6ac14bf1d702c2e8730e1071", "population": 0, "pv_en": "Changwat Nakhon Nayok", "pv_idn": 26, "pv_tn": "จ.นครนายก", "re_royin": "Central", "re_royin_2": "Central", "rice_area": 0, "school": 0, "sugarcane_area": null, "tb_en": "SAI MUN", "tb_idn": 260406, "tb_tn": "ต.ทรายมูล", "sync_datetime": 1791104833000, "source_api": "/features/flood/7days", "GlobalID": "{F991F3B3-4EE0-4FC0-942B-B398F8F70DA1}", "Shape__Area": 3.087451940953501e-06, "Shape__Length": 0.008643648658182184}}, {"type": "Feature", "id": 3749915, "geometry": {"type": "MultiPolygon", "coordinates": [[[[100.94214834200005, 14.174992874000054], [100.94214757300006, 14.17490250800006], [100.94205495500006, 14.174903259000075], [100.94205188000007, 14.17454179200007], [100.94195926200007, 14.17454254300003], [100.94195309600008, 14.173817924000048], [100.94347992000007, 14.173383857000033], [100.94371107500007, 14.17359898500007], [100.94371129300004, 14.17362461700003], [100.94361867700007, 14.173625368000046], [100.94362098500005, 14.173896468000066], [100.94352836900003, 14.173897219000025], [100.94352913800009, 14.173987584000031], [100.94306605300005, 14.173991339000054], [100.94306682200005, 14.174081705000049], [100.94269635500007, 14.174084707000077], [100.94269712300007, 14.174175074000061], [100.94260450600007, 14.17417582400003], [100.94260681400004, 14.174446924000051], [100.94269943100005, 14.174446173000035], [100.94270020100004, 14.17453653900003], [100.94288543500005, 14.174535038000045], [100.94288620400005, 14.17462540400004], [100.94297882200004, 14.17462465400007], [100.94298113000008, 14.174895753000044], [100.94288851300007, 14.17489650400006], [100.94288928200007, 14.174986870000055], [100.94270404700006, 14.17498837100004], [100.94270481600006, 14.175078738000025], [100.94233434600005, 14.175081740000053], [100.94233357700006, 14.174991373000069], [100.94214834200005, 14.174992874000054]]], [[[100.94399530200008, 14.174345295000023], [100.94399376200005, 14.174164562000044], [100.94408638000004, 14.174163811000028], [100.94408452900007, 14.173946546000025], [100.94450851500005, 14.174341132000052], [100.94427315400009, 14.174343041000043], [100.94427392400007, 14.174433408000027], [100.94408868900007, 14.174434910000059], [100.94408792000007, 14.174344544000064], [100.94399530200008, 14.174345295000023]]], [[[100.94150540100009, 14.175630692000027], [100.94150617000008, 14.175721058000022], [100.94159878900007, 14.175720308000052], [100.94160340200006, 14.176262507000047], [100.94151078400006, 14.176263257000073], [100.94151107700009, 14.176297693000038], [100.94103542600004, 14.175855022000064], [100.94111531400006, 14.175543478000066], [100.94141201500008, 14.17554107500007], [100.94141278400008, 14.175631442000054], [100.94150540100009, 14.175630692000027]]]]}, "properties": {"OBJECTID": 3749915, "F_area": 22806.73386146, "F_createdAt": 1791075949000, "F_createdBy": "66b07c8034c2963abcdb9bb8", "F_id": "6ac1a66ccfa761b4727ff63c", "F_updatedAt": 1791075949000, "F_updatedBy": "66b07c8034c2963abcdb9bb8", "ap_en": "AMPHOE ONGKHARAK", "ap_idn": 2604, "ap_tn": "อ.องครักษ์", "building": 0, "cassava_area": null, "f_area_1": 22806.73386146, "file_name": "S1C_20260928_0550, S1C_20260928_1819, S1D_20260929_1812, S1D_20261002_0609", "h3_address": "8964a4cec93ffff", "h3_area": 124347.69671775, "hospital": 0, "length_road": 0, "maize_area": null, "mongo_id": "6ac14c62f87f84ff1d09903d", "population": 0, "pv_en": "Changwat Nakhon Nayok", "pv_idn": 26, "pv_tn": "จ.นครนายก", "re_royin": "Central", "re_royin_2": "Central", "rice_area": 0, "school": 0, "sugarcane_area": null, "tb_en": "PHO THAEN", "tb_idn": 260404, "tb_tn": "ต.โพธิ์แทน", "sync_datetime": 1791104838000, "source_api": "/features/flood/7days", "GlobalID": "{4FDF8226-9667-4792-B6A7-A549BBB75AE9}", "Shape__Area": 1.9089388324945007e-06, "Shape__Length": 0.011209415199062291}}, {"type": "Feature", "id": 3749925, "geometry": {"type": "MultiPolygon", "coordinates": [[[[101.07794324100007, 14.125508290000028], [101.07794406200009, 14.125598650000029], [101.07785147200008, 14.125599449000049], [101.07785475100007, 14.125960887000076], [101.07776216100007, 14.12596168600004], [101.07776298000005, 14.12605204600004], [101.07757780100007, 14.12605364500007], [101.07757698100005, 14.125963286000058], [101.07748439100004, 14.125964086000067], [101.07748357200006, 14.125873727000055], [101.07692803200007, 14.125878526000065], [101.07692721300003, 14.125788167000053], [101.07674203300007, 14.125789766000025], [101.07674121300005, 14.12569940700007], [101.07664862300004, 14.125700206000033], [101.07664780400006, 14.125609847000021], [101.07655521400005, 14.12561064700003], [101.07655193700003, 14.12524921000005], [101.07645934700008, 14.12525000900007], [101.07645852800005, 14.125159650000057], [101.07636593800004, 14.125160450000067], [101.07636511900006, 14.125070090000065], [101.07627252900005, 14.125070890000075], [101.07627171000007, 14.124980530000073], [101.07617912000006, 14.124981330000026], [101.07617830200007, 14.124890970000024], [101.07608571200007, 14.124891770000033], [101.07608489300009, 14.124801411000021], [101.07599230300008, 14.124802210000041], [101.07599148400004, 14.12471185100003], [101.07580630600006, 14.124713449000069], [101.07580548600004, 14.124623089000067], [101.07571289700007, 14.124623889000077], [101.07571207800004, 14.124533529000075], [101.07580466700006, 14.124532730000055], [101.07580384900007, 14.124442371000043], [101.07598902700005, 14.12444077300006], [101.07598820800007, 14.124350413000059], [101.07608079800008, 14.124349614000039], [101.07607997800005, 14.124259254000037], [101.07617256800006, 14.124258455000074], [101.07617174900008, 14.124168095000073], [101.07607916000006, 14.124168895000025], [101.07607834100008, 14.124078535000024], [101.07598575100008, 14.124079335000033], [101.07598493300009, 14.123988976000021], [101.07589234300008, 14.123989775000041], [101.07589152400004, 14.123899416000029], [101.07579893500008, 14.123900215000049], [101.07579565900005, 14.123538778000068], [101.07572210000006, 14.12353941200007], [101.07578508000006, 14.123293252000053], [101.07680934500007, 14.123001394000028], [101.07681086100007, 14.123168547000034], [101.07671827200005, 14.123169347000044], [101.07672318800007, 14.123711502000049], [101.07681577700004, 14.123710703000029], [101.07681659600007, 14.123801062000041], [101.07690918600008, 14.123800263000021], [101.07691000500006, 14.123890622000033], [101.07737295100009, 14.123886624000022], [101.07737377000007, 14.123976982000045], [101.07746635900008, 14.123976183000025], [101.07746799800003, 14.124156902000038], [101.07756058700005, 14.12415610100004], [101.07756140700008, 14.124246461000041], [101.07765399600004, 14.124245661000032], [101.07765481600006, 14.124336020000044], [101.07774740500008, 14.124335220000034], [101.07775068400008, 14.124696657000072], [101.07784327400009, 14.124695857000063], [101.07784409300007, 14.124786217000064], [101.07793668300008, 14.124785416000066], [101.07793750300004, 14.124875775000078], [101.07812268100008, 14.124874176000048], [101.07812350100005, 14.124964534000071], [101.07821609100006, 14.124963735000051], [101.07821691000004, 14.125054093000074], [101.07830950000005, 14.125053294000054], [101.07831032000007, 14.125143652000077], [101.07840291000008, 14.125142853000057], [101.07840455000007, 14.125323570000035], [101.07849713900004, 14.125322770000025], [101.07849795900006, 14.125413129000037], [101.07859054900007, 14.125412329000028], [101.07859136900004, 14.12550268800004], [101.07877654900005, 14.125501088000021], [101.07877736900008, 14.125591447000033], [101.07881645300006, 14.125591109000027], [101.07872377000007, 14.125953375000051], [101.07859547000004, 14.125954484000033], [101.07859465000007, 14.125864125000021], [101.07840947000005, 14.125865726000029], [101.07840865000009, 14.125775366000028], [101.07831606000008, 14.125776167000026], [101.07831524100004, 14.125685807000025], [101.07822265100003, 14.125686608000024], [101.07822183100006, 14.125596248000022], [101.07812924100006, 14.125597049000078], [101.07812842100009, 14.125506689000076], [101.07794324100007, 14.125508290000028]]], [[[101.07820133200005, 14.123337268000057], [101.07829392100007, 14.123336468000048], [101.07829317700003, 14.12325443800006], [101.07919874400005, 14.124096849000068], [101.07900181700006, 14.124866576000045], [101.07895598600004, 14.124866973000053], [101.07895516600007, 14.12477661400004], [101.07886257700005, 14.12477741400005], [101.07886175700008, 14.124687055000038], [101.07876916700008, 14.124687855000047], [101.07876834700005, 14.124597496000035], [101.07867575800009, 14.124598296000045], [101.07867493800006, 14.124507937000033], [101.07858234800005, 14.124508737000042], [101.07858152800009, 14.124418379000076], [101.07848893900007, 14.12441917800004], [101.07848811900004, 14.124328820000073], [101.07830294100006, 14.124330419000046], [101.07830212000005, 14.124240060000034], [101.07820953200007, 14.124240860000043], [101.07820707200005, 14.123969783000064], [101.07811448300004, 14.123970583000073], [101.07810956400004, 14.123428427000022], [101.07820215300006, 14.123427628000059], [101.07820133200005, 14.123337268000057]]], [[[101.07674776900006, 14.126422281000032], [101.07693294900008, 14.12642068200006], [101.07693376900005, 14.126511042000061], [101.07696102100005, 14.126510806000056], [101.07675661100006, 14.126569052000036], [101.07529486800007, 14.125209253000037], [101.07534600300005, 14.12500939000006], [101.07534663300004, 14.125078882000025], [101.07543922300005, 14.125078083000062], [101.07544004100004, 14.125168443000064], [101.07553263100004, 14.125167643000054], [101.07553345000008, 14.125258003000056], [101.07562604000003, 14.125257204000036], [101.07562685800008, 14.125347563000048], [101.07571944800009, 14.125346764000028], [101.07572026700007, 14.12543712300004], [101.07581285700007, 14.125436324000077], [101.07581367600005, 14.125526683000032], [101.07590626600006, 14.12552588400007], [101.07590708500004, 14.125616243000024], [101.07618485500006, 14.125613846000022], [101.07618567400004, 14.125704204000044], [101.07627826400005, 14.125703404000035], [101.07627908300009, 14.125793764000036], [101.07637167300004, 14.125792964000027], [101.07637249300006, 14.125883324000029], [101.07646508200008, 14.125882524000076], [101.07646590200005, 14.125972884000078], [101.07655849100007, 14.125972084000068], [101.07656013000008, 14.126152803000025], [101.07665272100007, 14.126152003000072], [101.07665435900009, 14.12633272200003], [101.07674695000009, 14.126331922000077], [101.07674776900006, 14.126422281000032]]]]}, "properties": {"OBJECTID": 3749925, "F_area": 67333.01872825, "F_createdAt": 1791075940000, "F_createdBy": "66b07c8034c2963abcdb9bb8", "F_id": "6ac1a6630eb2b2617ae7a20f", "F_updatedAt": 1791075940000, "F_updatedBy": "66b07c8034c2963abcdb9bb8", "ap_en": "AMPHOE ONGKHARAK", "ap_idn": 2604, "ap_tn": "อ.องครักษ์", "building": 0, "cassava_area": null, "f_area_1": 67333.01872825, "file_name": "S1C_20260928_0550, S1C_20260928_1819, S1D_20260929_1812, S1D_20261002_0609", "h3_address": "8964a4c0087ffff", "h3_area": 124319.56139719, "hospital": 0, "length_road": 0, "maize_area": null, "mongo_id": "6ac14bf1d702c2e8730e1069", "population": 0, "pv_en": "Changwat Nakhon Nayok", "pv_idn": 26, "pv_tn": "จ.นครนายก", "re_royin": "Central", "re_royin_2": "Central", "rice_area": 0, "school": 0, "sugarcane_area": null, "tb_en": "SAI MUN", "tb_idn": 260406, "tb_tn": "ต.ทรายมูล", "sync_datetime": 1791104833000, "source_api": "/features/flood/7days", "GlobalID": "{A80DF712-AFCE-4969-8F60-A1A852CFD296}", "Shape__Area": 5.6337292514845014e-06, "Shape__Length": 0.024144305209461005}}, {"type": "Feature", "id": 3749929, "geometry": {"type": "Polygon", "coordinates": [[[101.03186534600007, 14.087766448000025], [101.03186599400004, 14.087839674000065], [101.03149658800004, 14.087944858000071], [101.03149503700007, 14.087769570000034], [101.03158761500003, 14.087768789000052], [101.03158681500008, 14.087678427000071], [101.03177196900003, 14.087676867000027], [101.03177276900004, 14.087767229000065], [101.03186534600007, 14.087766448000025]]]}, "properties": {"OBJECTID": 3749929, "F_area": 750.03861567, "F_createdAt": 1791075943000, "F_createdBy": "66b07c8034c2963abcdb9bb8", "F_id": "6ac1a666ded8743f6e11d071", "F_updatedAt": 1791075943000, "F_updatedBy": "66b07c8034c2963abcdb9bb8", "ap_en": "AMPHOE ONGKHARAK", "ap_idn": 2604, "ap_tn": "อ.องครักษ์", "building": 0, "cassava_area": null, "f_area_1": 750.03861567, "file_name": "S1C_20260928_0550, S1C_20260928_1819, S1D_20260929_1812, S1D_20261002_0609", "h3_address": "8964a4c282bffff", "h3_area": 124355.23410829, "hospital": 0, "length_road": 0, "maize_area": null, "mongo_id": "6ac14bf39f2fcf5387506cf9", "population": 0, "pv_en": "Changwat Nakhon Nayok", "pv_idn": 26, "pv_tn": "จ.นครนายก", "re_royin": "Central", "re_royin_2": "Central", "rice_area": 0, "school": 0, "sugarcane_area": null, "tb_en": "ONGKHARAK", "tb_idn": 260409, "tb_tn": "ต.องครักษ์", "sync_datetime": 1791104835000, "source_api": "/features/flood/7days", "GlobalID": "{3CCD9D4B-F2AD-4762-814B-D05AAB27DE99}", "Shape__Area": 6.274905717850001e-08, "Shape__Length": 0.0011836661105635016}}, {"type": "Feature", "id": 3749934, "geometry": {"type": "Polygon", "coordinates": [[[101.05545338300004, 14.002439847000062], [101.05545259700006, 14.002351430000033], [101.05594247000005, 14.002807596000025], [101.05587565300004, 14.00306884400004], [101.05582917600003, 14.00306923900007], [101.05582837300005, 14.002978877000032], [101.05573583100005, 14.00297966200003], [101.05573342000008, 14.002708577000021], [101.05564087800008, 14.002709362000076], [101.05563927000009, 14.002528640000037], [101.05554672800008, 14.002529424000045], [101.05554592500005, 14.002439063000054], [101.05545338300004, 14.002439847000062]]]}, "properties": {"OBJECTID": 3749934, "F_area": 943.44638588, "F_createdAt": 1791075955000, "F_createdBy": "66b07c8034c2963abcdb9bb8", "F_id": "6ac1a6736148f8329d58c2ab", "F_updatedAt": 1791075955000, "F_updatedBy": "66b07c8034c2963abcdb9bb8", "ap_en": "AMPHOE ONGKHARAK", "ap_idn": 2604, "ap_tn": "อ.องครักษ์", "building": 0, "cassava_area": null, "f_area_1": 943.44638588, "file_name": "S1C_20260928_0550, S1C_20260928_1819, S1D_20260929_1812, S1D_20261002_0609", "h3_address": "8964a4d553bffff", "h3_area": 124384.12123611, "hospital": 0, "length_road": 0, "maize_area": null, "mongo_id": "6ac14bed0eb2b2617ae49504", "population": 0, "pv_en": "Changwat Nakhon Nayok", "pv_idn": 26, "pv_tn": "จ.นครนายก", "re_royin": "Central", "re_royin_2": "Central", "rice_area": 7.15598642, "school": 0, "sugarcane_area": null, "tb_en": "PHRA ACHAN", "tb_idn": 260401, "tb_tn": "ต.พระอาจารย์", "sync_datetime": 1791104843000, "source_api": "/features/flood/7days", "GlobalID": "{0FA0D703-3503-449A-90E3-5CBAEE5BA613}", "Shape__Area": 7.889851686650002e-08, "Shape__Length": 0.0020766677903645107}}, {"type": "Feature", "id": 3749942, "geometry": {"type": "MultiPolygon", "coordinates": [[[[101.01457801500004, 14.227260945000069], [101.01458041800004, 14.227532031000067], [101.01467305300008, 14.227531249000037], [101.01467478000006, 14.227726166000025], [101.01465272200005, 14.227732444000026], [101.01319052100007, 14.226372716000071], [101.01349314900006, 14.225191607000056], [101.01391116100007, 14.225188084000024], [101.01391036100006, 14.225097722000044], [101.01428089600006, 14.225094598000055], [101.01428169600007, 14.225184960000036], [101.01437433000007, 14.225184180000042], [101.01437513100007, 14.225274542000022], [101.01446776500006, 14.22527376000005], [101.01446856500007, 14.22536412200003], [101.01456119900007, 14.225363342000037], [101.01456200000007, 14.225453704000074], [101.01483990200006, 14.225451360000022], [101.01484070300006, 14.22554172200006], [101.01521123800006, 14.225538597000025], [101.01521043800005, 14.225448235000044], [101.01530307100006, 14.225447454000061], [101.01530066800007, 14.225176367000074], [101.01539330200006, 14.225175587000024], [101.01539250100006, 14.225085225000043], [101.01548513500006, 14.225084443000071], [101.01548433300007, 14.224994081000034], [101.01594750200007, 14.224990174000027], [101.01594830300007, 14.225080536000064], [101.01604093700007, 14.225079754000035], [101.01604414200006, 14.22544120200007], [101.01595150900005, 14.225441983000053], [101.01595311100004, 14.22562270700007], [101.01586047700005, 14.225623489000043], [101.01586127900003, 14.225713851000023], [101.01549074300004, 14.225716977000047], [101.01549154300005, 14.225807339000028], [101.01539890900006, 14.225808120000067], [101.01540051200004, 14.225988845000074], [101.01549314600004, 14.225988063000045], [101.01549394700004, 14.226078425000026], [101.01558658100004, 14.226077644000043], [101.01558818300003, 14.22625836800006], [101.01568081700003, 14.226257586000031], [101.01568161900008, 14.226347948000068], [101.01577425300007, 14.226347167000029], [101.01577906100005, 14.226889338000035], [101.01587169600003, 14.226888557000052], [101.01587249700003, 14.226978919000032], [101.01665807100005, 14.22697228800007], [101.01660573600009, 14.22717655200006], [101.01532164000008, 14.227542050000068], [101.01531909300007, 14.227254694000067], [101.01522645800009, 14.227255476000039], [101.01522565700009, 14.227165114000059], [101.01513302200004, 14.227165895000041], [101.01513222200003, 14.227075533000061], [101.01503958700005, 14.227076315000033], [101.01503718400005, 14.226805228000046], [101.01494454900006, 14.226806010000075], [101.01494374800006, 14.226715648000038], [101.01448057700009, 14.226719554000056], [101.01448137700004, 14.226809916000036], [101.01438874200005, 14.226810697000076], [101.01439194600005, 14.227172145000054], [101.01448458000004, 14.227171364000071], [101.01448538100004, 14.227261726000052], [101.01457801500004, 14.227260945000069]]], [[[101.01399899100005, 14.224645131000045], [101.01399979300004, 14.224735493000026], [101.01362925800004, 14.224738616000025], [101.01362858800007, 14.22466300900004], [101.01368134600006, 14.22445710200003], [101.01563434700006, 14.223901221000062], [101.01584695900004, 14.224098936000075], [101.01584765800004, 14.224177697000073], [101.01556975800008, 14.224180042000057], [101.01557055900008, 14.224270404000038], [101.01547792600007, 14.224271184000031], [101.01547872600008, 14.224361547000058], [101.01538609300007, 14.22436232800004], [101.01538689400007, 14.224452690000021], [101.01520162700007, 14.224454253000033], [101.01520242800007, 14.22454461500007], [101.01436872600004, 14.224551645000076], [101.01436952700004, 14.224642007000057], [101.01399899100005, 14.224645131000045]]], [[[101.01687447800003, 14.225054448000037], [101.01689394900006, 14.225072555000054], [101.01687464000008, 14.225072718000035], [101.01687447800003, 14.225054448000037]]], [[[101.01696788900006, 14.225141313000051], [101.01699025400006, 14.225162110000042], [101.01696807500008, 14.225162298000043], [101.01696788900006, 14.225141313000051]]]]}, "properties": {"OBJECTID": 3749942, "F_area": 65711.43962946, "F_createdAt": 1791075949000, "F_createdBy": "66b07c8034c2963abcdb9bb8", "F_id": "6ac1a66dd702c2e873112dbc", "F_updatedAt": 1791075949000, "F_updatedBy": "66b07c8034c2963abcdb9bb8", "ap_en": "AMPHOE BAN NA", "ap_idn": 2603, "ap_tn": "อ.บ้านนา", "building": 0, "cassava_area": null, "f_area_1": 65711.43962946, "file_name": "S1C_20260928_0550, S1C_20260928_1819, S1D_20260929_1812, S1D_20261002_0609", "h3_address": "8964a4cf503ffff", "h3_area": 124296.02974183, "hospital": 0, "length_road": 0, "maize_area": null, "mongo_id": "6ac14bec6b93253c8e22fe2b", "population": 0, "pv_en": "Changwat Nakhon Nayok", "pv_idn": 26, "pv_tn": "จ.นครนายก", "re_royin": "Central", "re_royin_2": "Central", "rice_area": 33257.42475493, "school": 0, "sugarcane_area": null, "tb_en": "ASA", "tb_idn": 260304, "tb_tn": "ต.อาษา", "sync_datetime": 1791104840000, "source_api": "/features/flood/7days", "GlobalID": "{A73F36CA-9D25-4C8F-9ADD-E2C54B5D5262}", "Shape__Area": 5.500859824130502e-06, "Shape__Length": 0.020936500767731653}}, {"type": "Feature", "id": 3749954, "geometry": {"type": "MultiPolygon", "coordinates": [[[[101.06671919000007, 14.154070557000068], [101.06662658800008, 14.154071354000052], [101.06662885600008, 14.154322136000076], [101.06607462800008, 14.154480031000048], [101.06607342700005, 14.154347216000076], [101.06598082500005, 14.15434801300006], [101.06597919100005, 14.154167294000047], [101.06607179300005, 14.154166497000062], [101.06607097600005, 14.154076137000061], [101.06616357800004, 14.154075341000066], [101.06616276100004, 14.153984980000075], [101.06625536300004, 14.153984183000034], [101.06625454600004, 14.153893824000022], [101.06634714800003, 14.153893026000048], [101.06634633100003, 14.153802667000036], [101.06643893300009, 14.153801869000063], [101.06643811600009, 14.15371151000005], [101.06653071800008, 14.153710712000077], [101.06652826600003, 14.153439634000051], [101.06662086900008, 14.153438836000078], [101.06662005100009, 14.153348477000065], [101.06671265200004, 14.153347679000035], [101.06671183600008, 14.153257320000023], [101.06680443700009, 14.15325652200005], [101.06680362000009, 14.153166163000037], [101.06689622200008, 14.153165365000064], [101.06689540500008, 14.153075006000051], [101.06698800600009, 14.153074208000078], [101.06698718900009, 14.152983849000066], [101.06707979000004, 14.152983051000035], [101.06708060700004, 14.153073411000037], [101.06717320900003, 14.153072614000052], [101.06717484400008, 14.153253332000077], [101.06708224200008, 14.15325413000005], [101.06708387600008, 14.153434850000053], [101.06699127500008, 14.153435646000048], [101.06699290900008, 14.153616366000051], [101.06690030800007, 14.153617164000025], [101.06690112500007, 14.153707523000037], [101.06680852300008, 14.153708321000067], [101.06681097400008, 14.153979400000026], [101.06671837300007, 14.153980197000067], [101.06671919000007, 14.154070557000068]]], [[[101.06560714900007, 14.153989763000027], [101.06551454800007, 14.153990560000068], [101.06551521200004, 14.154064106000021], [101.06504824200005, 14.153629763000026], [101.06504663900006, 14.153452386000026], [101.06513924100005, 14.153451589000042], [101.06513842400005, 14.153361228000051], [101.06523102600005, 14.153360432000056], [101.06523020900005, 14.153270072000055], [101.06541541300004, 14.153268479000076], [101.06541622900005, 14.153358838000031], [101.06550883100005, 14.153358041000047], [101.06550964700006, 14.153448402000038], [101.06560225000004, 14.153447605000053], [101.06560714900007, 14.153989763000027]]]]}, "properties": {"OBJECTID": 3749954, "F_area": 10967.80654355, "F_createdAt": 1791075940000, "F_createdBy": "66b07c8034c2963abcdb9bb8", "F_id": "6ac1a663f87f84ff1d0c8671", "F_updatedAt": 1791075940000, "F_updatedBy": "66b07c8034c2963abcdb9bb8", "ap_en": "AMPHOE BAN NA", "ap_idn": 2603, "ap_tn": "อ.บ้านนา", "building": 0, "cassava_area": null, "f_area_1": 10967.80654355, "file_name": "S1C_20260928_0550, S1C_20260928_1819, S1D_20260929_1812, S1D_20261002_0609", "h3_address": "8964a4c03cfffff", "h3_area": 124310.71861567, "hospital": 0, "length_road": 0, "maize_area": null, "mongo_id": "6ac14bedf7a763741bd1d1d3", "population": 0, "pv_en": "Changwat Nakhon Nayok", "pv_idn": 26, "pv_tn": "จ.นครนายก", "re_royin": "Central", "re_royin_2": "Central", "rice_area": 0, "school": 0, "sugarcane_area": null, "tb_en": "BANG O", "tb_idn": 260306, "tb_tn": "ต.บางอ้อ", "sync_datetime": 1791104833000, "source_api": "/features/flood/7days", "GlobalID": "{A1062BBA-0230-4E91-AACD-6A2AE880B095}", "Shape__Area": 9.177989296425003e-07, "Shape__Length": 0.007692350952993337}}, {"type": "Feature", "id": 3749955, "geometry": {"type": "Polygon", "coordinates": [[[101.06618665100007, 14.074461837000058], [101.06618709500003, 14.074511219000044], [101.06462741800004, 14.074955572000022], [101.06450080600007, 14.074837738000042], [101.06452363900007, 14.074837543000058], [101.06452282800007, 14.074747182000067], [101.06507824800008, 14.074742429000025], [101.06507743600008, 14.074652068000034], [101.06517000600007, 14.074651276000054], [101.06516919400008, 14.074560916000053], [101.06526176400007, 14.074560123000026], [101.06526095200007, 14.074469762000035], [101.06516838300007, 14.074470555000062], [101.06516757000009, 14.07438019500006], [101.06470472100006, 14.074384156000065], [101.06470553300005, 14.074474517000056], [101.06452039300007, 14.074476101000073], [101.06452120400007, 14.074566461000074], [101.06421216000007, 14.07456910600007], [101.06387033300007, 14.074250978000066], [101.06386672400004, 14.07384912200007], [101.06377415500003, 14.07384991400005], [101.06377091100006, 14.073488472000065], [101.06386348000007, 14.073487680000028], [101.06386266900006, 14.073397320000026], [101.06395523800006, 14.073396528000046], [101.06395199400004, 14.073035086000061], [101.06404456300004, 14.07303429500007], [101.06404375200003, 14.072943934000023], [101.06441402800004, 14.072940766000045], [101.06441321700004, 14.072850406000043], [101.06450578700009, 14.072849614000063], [101.06450497500003, 14.072759254000061], [101.06524552900004, 14.07275291600007], [101.06524471700004, 14.072662556000068], [101.06589270100005, 14.072657009000068], [101.06589351300005, 14.07274736900007], [101.06598608200005, 14.072746577000032], [101.06598689400005, 14.072836937000034], [101.06607946300005, 14.072836145000053], [101.06608108700004, 14.073016865000056], [101.06617365600005, 14.07301607200003], [101.06617690500008, 14.073377513000025], [101.06626947500007, 14.073376721000045], [101.06627353500005, 14.073828522000042], [101.06636610500004, 14.073827729000072], [101.06636854100009, 14.074098810000066], [101.06627597100004, 14.074099603000036], [101.06627678300003, 14.074189963000038], [101.06590650500004, 14.07419313400004], [101.06590731700004, 14.074283495000032], [101.06581474700005, 14.074284287000069], [101.06581555900004, 14.07437464700007], [101.06590812900004, 14.074373855000033], [101.06590894100003, 14.074464215000035], [101.06618665100007, 14.074461837000058]]]}, "properties": {"OBJECTID": 3749955, "F_area": 49433.595142, "F_createdAt": 1791075943000, "F_createdBy": "66b07c8034c2963abcdb9bb8", "F_id": "6ac1a66659bd40e65b9d5084", "F_updatedAt": 1791075943000, "F_updatedBy": "66b07c8034c2963abcdb9bb8", "ap_en": "AMPHOE ONGKHARAK", "ap_idn": 2604, "ap_tn": "อ.องครักษ์", "building": 0, "cassava_area": null, "f_area_1": 49433.595142, "file_name": "S1C_20260928_0550, S1C_20260928_1819, S1D_20260929_1812, S1D_20261002_0609", "h3_address": "8964a4c2c5bffff", "h3_area": 124348.10303608, "hospital": 0, "length_road": 0, "maize_area": null, "mongo_id": "6ac14bf39f2fcf5387506ce5", "population": 0, "pv_en": "Changwat Nakhon Nayok", "pv_idn": 26, "pv_tn": "จ.นครนายก", "re_royin": "Central", "re_royin_2": "Central", "rice_area": 0, "school": 0, "sugarcane_area": null, "tb_en": "BANG LUK SUEA", "tb_idn": 260408, "tb_tn": "ต.บางลูกเสือ", "sync_datetime": 1791104835000, "source_api": "/features/flood/7days", "GlobalID": "{9AC9D1F9-30F0-48BF-AC56-FC99DDC25405}", "Shape__Area": 4.135248126754501e-06, "Shape__Length": 0.011750874345574171}}, {"type": "Feature", "id": 3749970, "geometry": {"type": "MultiPolygon", "coordinates": [[[[101.02499230600006, 14.137707995000028], [101.02499150600005, 14.137617633000048], [101.02506259800003, 14.137617034000073], [101.02502864200005, 14.137749646000032], [101.02490039300005, 14.13778615800004], [101.02489970800008, 14.137708776000068], [101.02499230600006, 14.137707995000028]]], [[[101.02480802100007, 14.137812455000073], [101.02480791000005, 14.137799917000052], [101.02485340700008, 14.137799534000067], [101.02480802100007, 14.137812455000073]]]]}, "properties": {"OBJECTID": 3749970, "F_area": 161.70118732, "F_createdAt": 1791075940000, "F_createdBy": "66b07c8034c2963abcdb9bb8", "F_id": "6ac1a6646b93253c8e261f2e", "F_updatedAt": 1791075940000, "F_updatedBy": "66b07c8034c2963abcdb9bb8", "ap_en": "AMPHOE ONGKHARAK", "ap_idn": 2604, "ap_tn": "อ.องครักษ์", "building": 0, "cassava_area": null, "f_area_1": 161.70118732, "file_name": "S1C_20260928_0550, S1C_20260928_1819, S1D_20260929_1812, S1D_20261002_0609", "h3_address": "8964a4c08d3ffff", "h3_area": 124334.89869668, "hospital": 0, "length_road": 0, "maize_area": null, "mongo_id": "6ac14bf16148f8329d55ab0a", "population": 0, "pv_en": "Changwat Nakhon Nayok", "pv_idn": 26, "pv_tn": "จ.นครนายก", "re_royin": "Central", "re_royin_2": "Central", "rice_area": 0, "school": 0, "sugarcane_area": null, "tb_en": "SAI MUN", "tb_idn": 260406, "tb_tn": "ต.ทรายมูล", "sync_datetime": 1791104833000, "source_api": "/features/flood/7days", "GlobalID": "{0DD91BE1-CF5C-4DAE-A31C-F08D83B6B462}", "Shape__Area": 1.3531110971500003e-08, "Shape__Length": 0.0007069083674062814}}, {"type": "Feature", "id": 3749987, "geometry": {"type": "Polygon", "coordinates": [[[101.11517507200006, 14.226301070000034], [101.11515339200008, 14.22630126200005], [101.11469179400007, 14.225872267000057], [101.11504416800005, 14.224494954000022], [101.11506562900007, 14.224494764000042], [101.11506647000004, 14.224585121000075], [101.11515909800005, 14.22458430100005], [101.11515993900008, 14.224674656000047], [101.11580833300007, 14.224668916000041], [101.11580749200004, 14.224578559000065], [101.11599274700006, 14.224576919000071], [101.11599190600003, 14.224486562000038], [101.11636241700006, 14.224483281000062], [101.11636325800004, 14.224573637000049], [101.11645588500005, 14.224572816000034], [101.11645672600008, 14.224663173000067], [101.11654935400009, 14.224662352000053], [101.11655019500006, 14.22475270800004], [101.11673545000008, 14.224751067000057], [101.11673629200004, 14.224841423000044], [101.11682891900006, 14.224840603000075], [101.11683565000004, 14.225563453000063], [101.11692827800005, 14.225562632000049], [101.11693080300006, 14.225833701000056], [101.11702343000007, 14.225832880000041], [101.11702848000004, 14.226375017000066], [101.11693585200004, 14.226375837000035], [101.11693669200008, 14.226466194000068], [101.11675143600007, 14.22646783500005], [101.11675227700005, 14.226558192000027], [101.11656702100004, 14.226559833000067], [101.11656786200007, 14.226650189000054], [101.11619734800007, 14.226653471000077], [101.11619650700004, 14.226563116000023], [101.11610387800005, 14.226563936000048], [101.11610219600004, 14.226383223000028], [101.11600956800004, 14.226384044000042], [101.11600872700006, 14.226293688000055], [101.11582347000007, 14.226295328000049], [101.11582262900004, 14.226204972000062], [101.11517423100008, 14.226210714000047], [101.11517507200006, 14.226301070000034]]]}, "properties": {"OBJECTID": 3749987, "F_area": 42866.51217293, "F_createdAt": 1791075946000, "F_createdBy": "66b07c8034c2963abcdb9bb8", "F_id": "6ac1a66a0eb2b2617ae7a290", "F_updatedAt": 1791075946000, "F_updatedBy": "66b07c8034c2963abcdb9bb8", "ap_en": "AMPHOE BAN NA", "ap_idn": 2603, "ap_tn": "อ.บ้านนา", "building": 0, "cassava_area": null, "f_area_1": 42866.51217293, "file_name": "S1C_20260928_0550, S1C_20260928_1819, S1D_20260929_1812, S1D_20261002_0609", "h3_address": "8964a4cacdbffff", "h3_area": 124256.90157877, "hospital": 0, "length_road": 35.95425031, "maize_area": null, "mongo_id": "6ac14bebf87f84ff1d097e98", "population": 0, "pv_en": "Changwat Nakhon Nayok", "pv_idn": 26, "pv_tn": "จ.นครนายก", "re_royin": "Central", "re_royin_2": "Central", "rice_area": 0, "school": 0, "sugarcane_area": null, "tb_en": "BAN PHRAO", "tb_idn": 260302, "tb_tn": "ต.บ้านพร้าว", "sync_datetime": 1791104837000, "source_api": "/features/flood/7days", "GlobalID": "{F7E17E02-7F9B-4A5D-AAAC-829CC5B06139}", "Shape__Area": 3.588018621419001e-06, "Shape__Length": 0.008965124508369119}}, {"type": "Feature", "id": 3749994, "geometry": {"type": "MultiPolygon", "coordinates": [[[[100.96409753300009, 14.228404285000067], [100.96409675200005, 14.228313920000062], [100.96380137900007, 14.228316348000021], [100.96389094100005, 14.227967060000026], [100.96538709800006, 14.227541572000064], [100.96538743200006, 14.227580335000027], [100.96548007100006, 14.227579573000071], [100.96548085100005, 14.22766993700003], [100.96557349000005, 14.227669176000063], [100.96557427100004, 14.227759540000022], [100.96566690800006, 14.227758778000066], [100.96566769000003, 14.227849143000071], [100.96594560300008, 14.227846856000042], [100.96594482100005, 14.227756491000036], [100.96603745900006, 14.227755728000034], [100.96603602400006, 14.227589855000076], [100.96640960700006, 14.227937354000062], [100.96641191800006, 14.228204503000029], [100.96631928000005, 14.228205265000042], [100.96632084300006, 14.228385994000064], [100.96622820600004, 14.228386756000077], [100.96622898700008, 14.228477121000026], [100.96613634900007, 14.228477884000029], [100.96613556800008, 14.228387519000023], [100.96604293000007, 14.228388282000026], [100.96604214900003, 14.228297917000077], [100.96585687300006, 14.228299442000036], [100.96585609200008, 14.228209077000031], [100.96567081600006, 14.228210602000047], [100.96567003400008, 14.228120237000041], [100.96557739600007, 14.228121000000044], [100.96557661500003, 14.228030635000039], [100.96539133900006, 14.228032159000065], [100.96539055800008, 14.22794179400006], [100.96483473200004, 14.227946367000072], [100.96483551200004, 14.228036731000032], [100.96474287500007, 14.228037493000045], [100.96474678100009, 14.228489317000026], [100.96465414200009, 14.22849007900004], [100.96465492300007, 14.228580443000055], [100.96437700900003, 14.228582730000028], [100.96437622800005, 14.228492365000022], [100.96428359000004, 14.228493126000046], [100.96428281000004, 14.22840276200003], [100.96409753300009, 14.228404285000067]]], [[[100.96495471300005, 14.231108371000062], [100.96504735200006, 14.231107609000048], [100.96504806300004, 14.231189872000073], [100.96486195600005, 14.231242799000029], [100.96339974500006, 14.229882692000047], [100.96345305600005, 14.229674781000028], [100.96355263500004, 14.22967396200005], [100.96355185400006, 14.229583598000033], [100.96364449200007, 14.229582836000077], [100.96364293100004, 14.229402106000066], [100.96373556900005, 14.229401345000042], [100.96373478900006, 14.229310980000037], [100.96392006500008, 14.229309456000067], [100.96392084600006, 14.229399821000072], [100.96410612200003, 14.229398298000035], [100.96410690400006, 14.229488662000051], [100.96429218000009, 14.22948713900007], [100.96429296200006, 14.229577504000076], [100.96438560000007, 14.229576742000063], [100.96438716200004, 14.229757472000074], [100.96447980100004, 14.22975671000006], [100.96448058200008, 14.229847075000066], [100.96475849800004, 14.229844789000026], [100.96475927800009, 14.229935153000042], [100.96485191800008, 14.229934392000075], [100.96485348000004, 14.23011512100004], [100.96476084100004, 14.230115883000053], [100.96476162200008, 14.230206248000059], [100.96466898400007, 14.230207009000026], [100.96466976400006, 14.230297374000031], [100.96457712600005, 14.230298137000034], [100.96457790700003, 14.23038850200004], [100.96448526800003, 14.230389263000063], [100.96448839300007, 14.230750722000039], [100.96458103200007, 14.230749961000072], [100.96458181300005, 14.230840326000077], [100.96467445200005, 14.230839563000075], [100.96467523300004, 14.230929928000023], [100.96486051100004, 14.230928404000053], [100.96486129200008, 14.231018769000059], [100.96495393100008, 14.231018006000056], [100.96495471300005, 14.231108371000062]]]]}, "properties": {"OBJECTID": 3749994, "F_area": 29170.02568208, "F_createdAt": 1791075947000, "F_createdBy": "66b07c8034c2963abcdb9bb8", "F_id": "6ac1a66a9f2fcf53875397e6", "F_updatedAt": 1791075947000, "F_updatedBy": "66b07c8034c2963abcdb9bb8", "ap_en": "AMPHOE BAN NA", "ap_idn": 2604, "ap_tn": "อ.องครักษ์", "building": 0, "cassava_area": null, "f_area_1": 29170.02568208, "file_name": "S1C_20260928_0550, S1C_20260928_1819, S1D_20260929_1812, S1D_20261002_0609", "h3_address": "8964a4cc4a7ffff", "h3_area": 124313.5307838, "hospital": 0, "length_road": 0, "maize_area": null, "mongo_id": "6ac14bf0f7a763741bd1d22d", "population": 0, "pv_en": "Changwat Nakhon Nayok", "pv_idn": 26, "pv_tn": "จ.นครนายก", "re_royin": "Central", "re_royin_2": "Central", "rice_area": 537.59812198, "school": 0, "sugarcane_area": null, "tb_en": "BAN PHRIK", "tb_idn": 260404, "tb_tn": "ต.โพธิ์แทน", "sync_datetime": 1791104837000, "source_api": "/features/flood/7days", "GlobalID": "{B47D3D51-4314-4288-89AC-D6A73206F271}", "Shape__Area": 2.4420622670720007e-06, "Shape__Length": 0.015215645231164561}}, {"type": "Feature", "id": 3749997, "geometry": {"type": "MultiPolygon", "coordinates": [[[[101.19924215200007, 14.038587263000068], [101.19914960500006, 14.03858810500003], [101.19915194300006, 14.038833112000077], [101.19876516600004, 14.038473343000021], [101.19882738900009, 14.03822959300004], [101.19886851500007, 14.038229219000073], [101.19886765300004, 14.038138866000054], [101.19914529400006, 14.03813634100004], [101.19914615700009, 14.038226694000059], [101.19923870300005, 14.038225853000029], [101.19924215200007, 14.038587263000068]]], [[[101.19904585100005, 14.03741436100006], [101.19904671300009, 14.037504714000022], [101.19901235000003, 14.037505027000066], [101.19915107100007, 14.036961602000076], [101.19922663500006, 14.036960915000066], [101.19922922100005, 14.037231973000075], [101.19913667400004, 14.037232814000049], [101.19913839800006, 14.03741352000003], [101.19904585100005, 14.03741436100006]]]]}, "properties": {"OBJECTID": 3749997, "F_area": 3109.74201534, "F_createdAt": 1791075949000, "F_createdBy": "66b07c8034c2963abcdb9bb8", "F_id": "6ac1a66d0eb2b2617ae7a2d5", "F_updatedAt": 1791075949000, "F_updatedBy": "66b07c8034c2963abcdb9bb8", "ap_en": "AMPHOE BAN SANG", "ap_idn": 2601, "ap_tn": "อ.เมืองนครนายก", "building": 0, "cassava_area": null, "f_area_1": 3109.74201534, "file_name": "S1C_20260928_0550, S1C_20260928_1819, S1D_20260929_1812, S1D_20261002_0609", "h3_address": "8964a4d020fffff", "h3_area": 124311.18103329, "hospital": 0, "length_road": 0, "maize_area": null, "mongo_id": "6ac14be88da6ddc61fa1816c", "population": 0, "pv_en": "Changwat Prachinburi", "pv_idn": 26, "pv_tn": "จ.นครนายก", "re_royin": "Central", "re_royin_2": "East", "rice_area": 77.14000369, "school": 0, "sugarcane_area": null, "tb_en": "BAN SANG", "tb_idn": 260107, "tb_tn": "ต.ศรีจุฬา", "sync_datetime": 1791104838000, "source_api": "/features/flood/7days", "GlobalID": "{3E82B4FC-FD0C-4177-BF59-8D6441BB377D}", "Shape__Area": 2.6005542676250006e-07, "Shape__Length": 0.0034688655930142473}}, {"type": "Feature", "id": 3750029, "geometry": {"type": "Polygon", "coordinates": [[[101.24354104200006, 14.110918422000054], [101.24353175400006, 14.110918509000044], [101.24209837000006, 14.109586246000049], [101.24258732500004, 14.10767031100005], [101.24453791800005, 14.107112930000028], [101.24599957000004, 14.10847147100003], [101.24551064000008, 14.110387400000036], [101.24356003400004, 14.110944793000044], [101.24354112800006, 14.110927222000043], [101.24354104200006, 14.110918422000054]]]}, "properties": {"OBJECTID": 3750029, "F_area": 124261.01069274, "F_createdAt": 1791075959000, "F_createdBy": "66b07c8034c2963abcdb9bb8", "F_id": "6ac1a676ded8743f6e11d2f2", "F_updatedAt": 1791075959000, "F_updatedBy": "66b07c8034c2963abcdb9bb8", "ap_en": "AMPHOE PAK PHLI", "ap_idn": 2602, "ap_tn": "อ.ปากพลี", "building": 0, "cassava_area": null, "f_area_1": 124261.01069274, "file_name": "S1C_20260928_0550, S1C_20260928_1819, S1D_20260929_1812, S1D_20261002_0609", "h3_address": "8964a4da107ffff", "h3_area": 124261.49929476, "hospital": 0, "length_road": 0, "maize_area": null, "mongo_id": "6ac14bebf7a763741bd1d17d", "population": 0, "pv_en": "Changwat Nakhon Nayok", "pv_idn": 26, "pv_tn": "จ.นครนายก", "re_royin": "Central", "re_royin_2": "Central", "rice_area": 89114.78040752, "school": 0, "sugarcane_area": null, "tb_en": "THA RUEA", "tb_idn": 260205, "tb_tn": "ต.ท่าเรือ", "sync_datetime": 1791104844000, "source_api": "/features/flood/7days", "GlobalID": "{05905DCC-F327-4C3C-8E1C-7CA2D37EA6D2}", "Shape__Area": 1.0394017261855003e-05, "Shape__Length": 0.012008345273584796}}, {"type": "Feature", "id": 3750030, "geometry": {"type": "Polygon", "coordinates": [[[100.96477016700004, 14.09121456500003], [100.96476786300008, 14.09094532000006], [100.96655057800007, 14.090438278000022], [100.96801215500005, 14.091799136000077], [100.96752119700005, 14.093715345000021], [100.96556863800004, 14.094270701000028], [100.96460345200006, 14.093372033000037], [100.96460046800007, 14.093023391000031], [100.96469305100004, 14.093022637000047], [100.96468686400004, 14.09229970900003], [100.96459428200006, 14.09230046500005], [100.96459041500003, 14.091848636000066], [100.96468299800006, 14.091847881000035], [100.96467758600005, 14.09121532000006], [100.96477016700004, 14.09121456500003]]]}, "properties": {"OBJECTID": 3750030, "F_area": 115509.43452993, "F_createdAt": 1791075945000, "F_createdBy": "66b07c8034c2963abcdb9bb8", "F_id": "6ac1a6698da6ddc61fa4a0e8", "F_updatedAt": 1791075945000, "F_updatedBy": "66b07c8034c2963abcdb9bb8", "ap_en": "AMPHOE ONGKHARAK", "ap_idn": 2604, "ap_tn": "อ.องครักษ์", "building": 0, "cassava_area": null, "f_area_1": 115509.43452993, "file_name": "S1C_20260928_0550, S1C_20260928_1819, S1D_20260929_1812, S1D_20261002_0609", "h3_address": "8964a4c702bffff", "h3_area": 124377.47994011, "hospital": 0, "length_road": 0, "maize_area": null, "mongo_id": "6ac14bf4d702c2e8730e1099", "population": 0, "pv_en": "Changwat Nakhon Nayok", "pv_idn": 26, "pv_tn": "จ.นครนายก", "re_royin": "Central", "re_royin_2": "Central", "rice_area": 107273.67584428, "school": 0, "sugarcane_area": null, "tb_en": "KHLONG YAI", "tb_idn": 260411, "tb_tn": "ต.คลองใหญ่", "sync_datetime": 1791104837000, "source_api": "/features/flood/7days", "GlobalID": "{6380753A-68E8-45E9-8747-8718EF28E563}", "Shape__Area": 9.664550518636502e-06, "Shape__Length": 0.011972976878721226}}, {"type": "Feature", "id": 3750038, "geometry": {"type": "MultiPolygon", "coordinates": [[[[100.95105574800004, 14.165973687000076], [100.95105652100005, 14.16606405300007], [100.95096390700007, 14.166064806000065], [100.95096430100006, 14.166110959000036], [100.95081307800007, 14.16597021900003], [100.95130426900005, 14.164054304000047], [100.95233351400003, 14.163761649000037], [100.95233456600005, 14.163884719000066], [100.95224195300005, 14.16388547300005], [100.95224504300006, 14.16424693600004], [100.95215243100006, 14.164247690000025], [100.95215320300008, 14.164338057000066], [100.95206059000009, 14.16433881000006], [100.95206213500006, 14.16451954200005], [100.95196952200007, 14.164520295000045], [100.95197184000006, 14.16479139300003], [100.95187922700006, 14.164792147000071], [100.95188077200004, 14.16497287900006], [100.95178815900005, 14.164973633000045], [100.95179202000008, 14.165425463000076], [100.95169940700004, 14.165426216000071], [100.95170172500008, 14.165697314000056], [100.95160911200009, 14.16569806800004], [100.95161065600007, 14.16587879900004], [100.95151804300008, 14.165879553000025], [100.95151881500004, 14.165969919000077], [100.95105574800004, 14.165973687000076]]], [[[100.95105766400007, 14.16619784900007], [100.95101139900004, 14.166154792000043], [100.95105729200009, 14.166154418000076], [100.95105766400007, 14.16619784900007]]], [[[100.95115102600005, 14.166284739000048], [100.95110766100004, 14.16624438100007], [100.95115067800003, 14.166244031000076], [100.95115102600005, 14.166284739000048]]], [[[100.95291033300003, 14.16622970900005], [100.95291419700004, 14.166681539000024], [100.95282158400005, 14.166682293000065], [100.95282579100007, 14.167174170000067], [100.95227499800006, 14.167330784000058], [100.95120392400008, 14.16633397000004], [100.95133667700009, 14.166332890000035], [100.95133745000004, 14.16642325600003], [100.95143006300003, 14.166422502000046], [100.95143083600004, 14.16651286800004], [100.95152344900004, 14.166512115000046], [100.95152422100006, 14.16660248100004], [100.95161683500004, 14.166601727000057], [100.95161760800005, 14.166692093000051], [100.95189544800007, 14.166689832000031], [100.95189467500006, 14.166599467000026], [100.95198728900004, 14.166598712000052], [100.95198651700008, 14.166508346000057], [100.95207913000007, 14.166507593000063], [100.95207681200009, 14.166236495000021], [100.95216942600007, 14.166235741000037], [100.95216865300006, 14.166145376000031], [100.95281694600004, 14.166140097000039], [100.95281772000004, 14.166230463000034], [100.95291033300003, 14.16622970900005]]]]}, "properties": {"OBJECTID": 3750038, "F_area": 32669.30661277, "F_createdAt": 1791075944000, "F_createdBy": "66b07c8034c2963abcdb9bb8", "F_id": "6ac1a6676b93253c8e261fee", "F_updatedAt": 1791075944000, "F_updatedBy": "66b07c8034c2963abcdb9bb8", "ap_en": "AMPHOE ONGKHARAK", "ap_idn": 2604, "ap_tn": "อ.องครักษ์", "building": 0, "cassava_area": null, "f_area_1": 32669.30661277, "file_name": "S1C_20260928_0550, S1C_20260928_1819, S1D_20260929_1812, S1D_20261002_0609", "h3_address": "8964a4c5217ffff", "h3_area": 124348.59124204, "hospital": 0, "length_road": 0, "maize_area": null, "mongo_id": "6ac14bf28da6ddc61fa18295", "population": 0, "pv_en": "Changwat Nakhon Nayok", "pv_idn": 26, "pv_tn": "จ.นครนายก", "re_royin": "Central", "re_royin_2": "Central", "rice_area": 6080.24446569, "school": 0, "sugarcane_area": null, "tb_en": "BANG PLA KOT", "tb_idn": 260407, "tb_tn": "ต.บางปลากด", "sync_datetime": 1791104835000, "source_api": "/features/flood/7days", "GlobalID": "{A73A6A99-9256-4F05-9280-BDC61AF4ECB7}", "Shape__Area": 2.734310190908001e-06, "Shape__Length": 0.013050773072407328}}, {"type": "Feature", "id": 3750090, "geometry": {"type": "Polygon", "coordinates": [[[100.98395197600007, 14.157208982000043], [100.98383857200008, 14.15720992000007], [100.98401342600005, 14.156527539000024], [100.98596623000009, 14.155971966000038], [100.98742810700008, 14.157332306000058], [100.98693719200008, 14.159248226000045], [100.98498437500007, 14.159803811000074], [100.98359280300008, 14.158508898000036], [100.98359252700004, 14.158477145000063], [100.98368513600008, 14.158476379000035], [100.98367952900009, 14.157830597000043], [100.98369933700008, 14.157753296000067], [100.98377146800004, 14.15775270000006], [100.98377068300005, 14.157662335000055], [100.98404850800006, 14.157660038000074], [100.98404772300006, 14.157569674000058], [100.98414033100005, 14.15756890800003], [100.98413954600005, 14.157478544000071], [100.98423215400004, 14.157477778000043], [100.98423137000003, 14.157387414000027], [100.98432397700009, 14.157386649000046], [100.98432319300008, 14.15729628400004], [100.98450840900006, 14.157294752000041], [100.98450762400006, 14.157204389000071], [100.98460023200005, 14.157203622000054], [100.98459944700005, 14.157113258000038], [100.98469205500004, 14.157112492000067], [100.98469127000004, 14.157022128000051], [100.98478387800009, 14.157021362000023], [100.98478309300003, 14.156930998000064], [100.98487570100008, 14.156930232000036], [100.98487491600008, 14.156839868000077], [100.98496752300008, 14.156839102000049], [100.98496595300008, 14.156658373000027], [100.98487334500004, 14.156659140000045], [100.98487256100003, 14.15656877500004], [100.98468734600004, 14.156570307000038], [100.98468813000005, 14.156660671000054], [100.98459552200006, 14.156661437000025], [100.98459630700006, 14.156751801000041], [100.98431848400008, 14.156754099000068], [100.98431926900008, 14.156844463000027], [100.98422666100004, 14.156845228000066], [100.98422744600003, 14.156935593000071], [100.98413483800005, 14.156936358000053], [100.98413562200005, 14.157026723000058], [100.98404301500005, 14.15702748800004], [100.98404380000005, 14.157117853000045], [100.98395119100007, 14.157118618000027], [100.98395197600007, 14.157208982000043]]]}, "properties": {"OBJECTID": 3750090, "F_area": 116979.90648159, "F_createdAt": 1791075940000, "F_createdBy": "66b07c8034c2963abcdb9bb8", "F_id": "6ac1a66459bd40e65b9d5036", "F_updatedAt": 1791075940000, "F_updatedBy": "66b07c8034c2963abcdb9bb8", "ap_en": "AMPHOE ONGKHARAK", "ap_idn": 2604, "ap_tn": "อ.องครักษ์", "building": 1, "cassava_area": null, "f_area_1": 116979.90648159, "file_name": "S1C_20260928_0550, S1C_20260928_1819, S1D_20260929_1812, S1D_20261002_0609", "h3_address": "8964a4c0b23ffff", "h3_area": 124339.54694725, "hospital": 0, "length_road": 0, "maize_area": null, "mongo_id": "6ac14bf2f7a763741bd1d28a", "population": 0, "pv_en": "Changwat Nakhon Nayok", "pv_idn": 26, "pv_tn": "จ.นครนายก", "re_royin": "Central", "re_royin_2": "Central", "rice_area": 107894.71141391, "school": 0, "sugarcane_area": null, "tb_en": "BANG PLA KOT", "tb_idn": 260407, "tb_tn": "ต.บางปลากด", "sync_datetime": 1791104833000, "source_api": "/features/flood/7days", "GlobalID": "{C316AE28-341D-42D7-AAC4-9E72DE93FA8C}", "Shape__Area": 9.790121358150503e-06, "Shape__Length": 0.015706142746051154}}, {"type": "Feature", "id": 3750091, "geometry": {"type": "Polygon", "coordinates": [[[100.97319495200009, 14.219834453000033], [100.97319573500005, 14.219924818000038], [100.97310310100005, 14.21992558200003], [100.97310231700004, 14.219835218000071], [100.97300968300004, 14.219835983000053], [100.97300654800006, 14.219474525000066], [100.97291391300007, 14.219475290000048], [100.97291313000005, 14.219384925000043], [100.97272786300005, 14.219386455000063], [100.97272707800005, 14.219296090000057], [100.97263444500004, 14.21929685400005], [100.97263366100003, 14.219206490000033], [100.97254102800008, 14.219207255000072], [100.97253867700005, 14.218936161000045], [100.97244604300005, 14.218936926000026], [100.97244525900004, 14.218846561000078], [100.97235262500004, 14.21884732600006], [100.97235184200008, 14.218756961000054], [100.97225920800008, 14.218757725000046], [100.97225842500006, 14.21866736100003], [100.97170262300006, 14.218671946000029], [100.97170184000004, 14.21858158200007], [100.97160920600004, 14.218582346000062], [100.97160764000006, 14.21840161700004], [100.97151500600006, 14.218402381000033], [100.97151422300004, 14.218312017000073], [100.97132895600004, 14.218313545000058], [100.97132817300007, 14.218223180000052], [100.97123553900008, 14.218223944000044], [100.97123319000008, 14.217952851000064], [100.97132582300009, 14.217952086000025], [100.97132504100006, 14.217861723000055], [100.97151030700007, 14.217860195000071], [100.97150952400006, 14.217769830000066], [100.97160215700006, 14.217769065000027], [100.97159667500006, 14.21713651500005], [100.97168930800007, 14.217135750000068], [100.97168774100004, 14.216955022000036], [100.97178037400005, 14.216954257000054], [100.97177941600006, 14.216843691000065], [100.97220669600006, 14.216722162000053], [100.97366884800005, 14.21808227200006], [100.97345187500008, 14.218928624000057], [100.97318711200006, 14.218930810000074], [100.97318632800005, 14.218840445000069], [100.97309369400006, 14.218841209000061], [100.97309291100004, 14.218750845000045], [100.97300027700004, 14.218751610000027], [100.97299949300003, 14.218661245000021], [100.97290685900003, 14.21866201000006], [100.97290607600007, 14.218571646000044], [100.97281344200007, 14.218572410000036], [100.97280952400007, 14.218120588000033], [100.97271689000007, 14.218121352000026], [100.97271610700005, 14.218030988000066], [100.97253084000005, 14.21803251700004], [100.97253005700009, 14.217942153000024], [100.97225215600008, 14.217944446000047], [100.97225294100008, 14.218034810000063], [100.97216030700008, 14.218035574000055], [100.97216187300006, 14.218216303000077], [100.97225450700006, 14.218215539000028], [100.97225529000008, 14.218305903000044], [100.97244055700008, 14.21830437400007], [100.97244134100004, 14.218394739000075], [100.97253397400004, 14.218393975000026], [100.97253632500008, 14.218665068000064], [100.97262895900008, 14.218664304000072], [100.97263052600005, 14.218845032000047], [100.97272316000004, 14.218844268000055], [100.97272394300006, 14.21893463300006], [100.97281657700006, 14.218933867000032], [100.97281736100007, 14.219024232000038], [100.97309526200007, 14.219021938000026], [100.97309604600008, 14.219112303000031], [100.97318868000008, 14.21911153800005], [100.97318946400009, 14.219201902000066], [100.97328209800008, 14.219201138000074], [100.97328536800006, 14.219578115000047], [100.97321970400009, 14.21983424900003], [100.97319495200009, 14.219834453000033]]]}, "properties": {"OBJECTID": 3750091, "F_area": 39621.61348027, "F_createdAt": 1791075948000, "F_createdBy": "66b07c8034c2963abcdb9bb8", "F_id": "6ac1a66bded8743f6e11d0ee", "F_updatedAt": 1791075948000, "F_updatedBy": "66b07c8034c2963abcdb9bb8", "ap_en": "AMPHOE ONGKHARAK", "ap_idn": 2604, "ap_tn": "อ.องครักษ์", "building": 0, "cassava_area": null, "f_area_1": 39621.61348027, "file_name": "S1C_20260928_0550, S1C_20260928_1819, S1D_20260929_1812, S1D_20261002_0609", "h3_address": "8964a4ce357ffff", "h3_area": 124316.17288594, "hospital": 0, "length_road": 0, "maize_area": null, "mongo_id": "6ac14bf0f7a763741bd1d216", "population": 0, "pv_en": "Changwat Nakhon Nayok", "pv_idn": 26, "pv_tn": "จ.นครนายก", "re_royin": "Central", "re_royin_2": "Central", "rice_area": 0, "school": 0, "sugarcane_area": null, "tb_en": "PHO THAEN", "tb_idn": 260404, "tb_tn": "ต.โพธิ์แทน", "sync_datetime": 1791104838000, "source_api": "/features/flood/7days", "GlobalID": "{2BC283ED-3137-4F53-A522-4BB3AA150127}", "Shape__Area": 3.316870020654001e-06, "Shape__Length": 0.014319938118760669}}, {"type": "Feature", "id": 3750106, "geometry": {"type": "Polygon", "coordinates": [[[101.10009414100006, 14.208270840000068], [101.10009497500005, 14.208361197000045], [101.09963186500005, 14.208365263000076], [101.09963103100006, 14.208274905000053], [101.09953840900005, 14.208275718000039], [101.09953757500006, 14.208185361000062], [101.09944495400003, 14.208186174000048], [101.09944412000004, 14.208095817000071], [101.09935149800003, 14.208096630000057], [101.09934983200009, 14.207915915000058], [101.09925721000008, 14.207916728000043], [101.09925637600008, 14.207826370000078], [101.09916375500006, 14.207827183000063], [101.09916292100007, 14.207736827000076], [101.09879243400007, 14.207740078000029], [101.09879326800007, 14.207830435000062], [101.09870064600005, 14.207831247000058], [101.09870147800007, 14.207921605000024], [101.09860885700004, 14.207922418000067], [101.09861135600005, 14.208193490000042], [101.09851873400004, 14.208194303000028], [101.09851956700004, 14.20828466000006], [101.09842694500009, 14.208285472000057], [101.09842611200008, 14.208195115000024], [101.09833349000007, 14.208195928000066], [101.09832662600007, 14.207451295000055], [101.09958831900008, 14.207091664000075], [101.10064812700006, 14.208076835000043], [101.10064820500008, 14.208085245000063], [101.10055558300007, 14.208086059000038], [101.10055641700006, 14.208176415000025], [101.10027855100009, 14.208178856000075], [101.10027938500008, 14.208269213000051], [101.10009414100006, 14.208270840000068]]]}, "properties": {"OBJECTID": 3750106, "F_area": 19169.96062006, "F_createdAt": 1791075941000, "F_createdBy": "66b07c8034c2963abcdb9bb8", "F_id": "6ac1a6656148f8329d58bfec", "F_updatedAt": 1791075941000, "F_updatedBy": "66b07c8034c2963abcdb9bb8", "ap_en": "AMPHOE BAN NA", "ap_idn": 2603, "ap_tn": "อ.บ้านนา", "building": 0, "cassava_area": null, "f_area_1": 19169.96062006, "file_name": "S1C_20260928_0550, S1C_20260928_1819, S1D_20260929_1812, S1D_20261002_0609", "h3_address": "8964a4c1347ffff", "h3_area": 124271.47854708, "hospital": 0, "length_road": 0, "maize_area": null, "mongo_id": "6ac14bebf87f84ff1d097e8f", "population": 0, "pv_en": "Changwat Nakhon Nayok", "pv_idn": 26, "pv_tn": "จ.นครนายก", "re_royin": "Central", "re_royin_2": "Central", "rice_area": 1581.02969799, "school": 0, "sugarcane_area": null, "tb_en": "BANG O", "tb_idn": 260302, "tb_tn": "ต.บ้านพร้าว", "sync_datetime": 1791104833000, "source_api": "/features/flood/7days", "GlobalID": "{8D402B30-5E1B-4472-BEE4-D3333B691B66}", "Shape__Area": 1.6044770296095004e-06, "Shape__Length": 0.007363775391816874}}, {"type": "Feature", "id": 3750108, "geometry": {"type": "Polygon", "coordinates": [[[101.07241612500007, 13.995066026000075], [101.07241541100007, 13.994986313000027], [101.07253282800008, 13.99452709700006], [101.07448400100009, 13.99397110600006], [101.07594514800007, 13.99533163700005], [101.07545513200006, 13.99724816500003], [101.07350394500008, 13.997804168000073], [101.07240734100009, 13.996783082000036], [101.07243151300008, 13.996782876000054], [101.07243070300007, 13.996692515000063], [101.07280085600007, 13.996689351000043], [101.07280004600005, 13.996598991000042], [101.07289258400004, 13.99659820000005], [101.07289177400008, 13.99650783900006], [101.07298431200007, 13.996507048000069], [101.07298269200004, 13.996326327000077], [101.07289015400005, 13.996327118000067], [101.07288853300008, 13.996146397000075], [101.07279599600008, 13.996147188000066], [101.07279518600006, 13.996056828000064], [101.07270264800007, 13.996057619000055], [101.07270183800006, 13.995967258000064], [101.07260929900008, 13.995968050000045], [101.07260849000005, 13.995877689000054], [101.07251595200006, 13.995878480000044], [101.07251352200007, 13.995607398000061], [101.07260606000006, 13.99560660800006], [101.07260525000004, 13.995516246000022], [101.07279032600007, 13.99551466500003], [101.07279113600003, 13.995605026000021], [101.07288367400008, 13.99560423400004], [101.07288529300007, 13.995784956000023], [101.07297783200005, 13.995784164000042], [101.07297864100008, 13.995874525000033], [101.07316371700006, 13.995872943000052], [101.07316290700004, 13.99578258300005], [101.07325544500009, 13.99578179100007], [101.07325139400007, 13.995329989000027], [101.07315885600008, 13.995330780000074], [101.07315804600006, 13.995240420000073], [101.07306550800007, 13.995241210000074], [101.07306469800005, 13.995150850000073], [101.07250947300008, 13.995155596000075], [101.07250866300006, 13.995065235000027], [101.07241612500007, 13.995066026000075]]]}, "properties": {"OBJECTID": 3750108, "F_area": 110787.24780548, "F_createdAt": 1791075958000, "F_createdBy": "66b07c8034c2963abcdb9bb8", "F_id": "6ac1a675cfa761b4727ff6fb", "F_updatedAt": 1791075958000, "F_updatedBy": "66b07c8034c2963abcdb9bb8", "ap_en": "AMPHOE ONGKHARAK", "ap_idn": 2604, "ap_tn": "อ.องครักษ์", "building": 0, "cassava_area": null, "f_area_1": 110787.24780548, "file_name": "S1C_20260928_0550, S1C_20260928_1819, S1D_20260929_1812, S1D_20261002_0609", "h3_address": "8964a4d736bffff", "h3_area": 124379.72552508, "hospital": 0, "length_road": 0, "maize_area": null, "mongo_id": "6ac14bf26148f8329d55ab3b", "population": 0, "pv_en": "Changwat Nakhon Nayok", "pv_idn": 26, "pv_tn": "จ.นครนายก", "re_royin": "Central", "re_royin_2": "Central", "rice_area": 55133.15106295, "school": 0, "sugarcane_area": null, "tb_en": "PHRA ACHAN", "tb_idn": 260408, "tb_tn": "ต.บางลูกเสือ", "sync_datetime": 1791104844000, "source_api": "/features/flood/7days", "GlobalID": "{B3C3F66B-3EF4-4188-AA3C-CE58ECBED2F0}", "Shape__Area": 9.264470787063503e-06, "Shape__Length": 0.015139633419240635}}, {"type": "Feature", "id": 3750122, "geometry": {"type": "MultiPolygon", "coordinates": [[[[101.20141359700006, 14.120343440000056], [101.20141446600007, 14.120433792000028], [101.20134943700003, 14.120434387000046], [101.20162067800004, 14.119372252000062], [101.20357165100006, 14.118815149000056], [101.20503336000007, 14.120173955000041], [101.20476718100008, 14.12121632000003], [101.20475517400007, 14.12121643000006], [101.20475560900007, 14.121261636000042], [101.20472092300008, 14.12139746400004], [101.20466433200005, 14.121397982000076], [101.20466520200006, 14.121488334000048], [101.20448004100007, 14.121490031000064], [101.20447917200005, 14.121399680000025], [101.20438659100006, 14.121400528000038], [101.20438572200004, 14.121310177000055], [101.20429314200004, 14.121311025000068], [101.20429053300006, 14.121039970000027], [101.20419795300006, 14.12104081800004], [101.20419708400004, 14.120950467000057], [101.20410450300005, 14.12095131500007], [101.20410363400003, 14.120860963000041], [101.20391847400003, 14.120862660000057], [101.20391760400008, 14.120772308000028], [101.20382502500007, 14.120773156000041], [101.20382415500006, 14.120682804000069], [101.20373157500006, 14.120683652000025], [101.20373070600004, 14.120593301000042], [101.20363812600004, 14.120594149000055], [101.20363725700008, 14.120503797000026], [101.20354467600004, 14.120504646000029], [101.20354554600004, 14.120594997000069], [101.20345296500005, 14.120595845000025], [101.20345428800005, 14.120733363000056], [101.20340849200005, 14.120587152000041], [101.20337741200007, 14.120539621000034], [101.20331010800004, 14.120546214000058], [101.20276738800004, 14.12079026300006], [101.20271885700004, 14.120838523000032], [101.20273185300005, 14.120916105000049], [101.20275292700006, 14.120963697000036], [101.20253757900008, 14.120965669000043], [101.20247140100008, 14.120785555000055], [101.20252890200004, 14.120785028000057], [101.20252803300008, 14.120694677000074], [101.20262061300008, 14.12069382900006], [101.20261887500004, 14.120513126000048], [101.20252629600009, 14.120513973000072], [101.20252542700007, 14.120423621000043], [101.20243284700007, 14.120424469000056], [101.20243197800005, 14.120334117000027], [101.20233939900004, 14.120334964000051], [101.20233853000008, 14.120244613000068], [101.20206078900009, 14.120247156000062], [101.20205992100006, 14.120156804000032], [101.20196734100006, 14.120157651000056], [101.20196647200004, 14.120067299000027], [101.20187389200004, 14.12006814700004], [101.20187302500005, 14.119977795000068], [101.20159528400006, 14.119980338000062], [101.20159615300008, 14.120070690000034], [101.20150357200004, 14.120071537000058], [101.20150617800005, 14.120342593000032], [101.20141359700006, 14.120343440000056]]], [[[101.20439267800003, 14.122032991000026], [101.20448525800003, 14.122032142000023], [101.20448597400008, 14.122106470000062], [101.20337795100005, 14.122422874000051], [101.20337776700006, 14.12240373000003], [101.20328518600007, 14.122404578000044], [101.20328344700005, 14.122223874000042], [101.20319086700005, 14.122224722000055], [101.20318991600004, 14.122125824000022], [101.20322485800006, 14.122125504000053], [101.20327070000008, 14.122116119000054], [101.20331342400004, 14.122100784000054], [101.20381330600009, 14.12186011700004], [101.20384049000006, 14.121821017000059], [101.20384008900004, 14.121779182000068], [101.20372707100006, 14.121490335000033], [101.20369324700005, 14.121475703000044], [101.20365046600006, 14.121485062000033], [101.20311710300007, 14.121746956000038], [101.20309402700008, 14.121782721000045], [101.20309307300005, 14.121683460000042], [101.20300049200006, 14.121684307000066], [101.20299875400008, 14.121503604000054], [101.20290617400008, 14.121504452000067], [101.20290297200006, 14.121171546000028], [101.20293028600008, 14.121171295000067], [101.20344879800007, 14.12095735400004], [101.20345635600006, 14.120948332000069], [101.20345731100008, 14.121047604000069], [101.20354989100008, 14.121046756000055], [101.20355163000005, 14.121227460000057], [101.20364421000005, 14.121226612000044], [101.20364507900007, 14.121316964000073], [101.20383024000006, 14.121315267000057], [101.20383110900008, 14.12140561900003], [101.20401627000007, 14.12140392200007], [101.20401713900009, 14.121494274000042], [101.20410971900009, 14.12149342500004], [101.20411058900004, 14.121583777000069], [101.20420317000008, 14.121582929000056], [101.20420577800007, 14.12185398400004], [101.20429835800007, 14.121853135000038], [101.20429922700004, 14.121943487000067], [101.20439180800008, 14.121942638000064], [101.20439267800003, 14.122032991000026]]]]}, "properties": {"OBJECTID": 3750122, "F_area": 70634.70444121, "F_createdAt": 1791075960000, "F_createdBy": "66b07c8034c2963abcdb9bb8", "F_id": "6ac1a67759bd40e65b9d5336", "F_updatedAt": 1791075960000, "F_updatedBy": "66b07c8034c2963abcdb9bb8", "ap_en": "AMPHOE PAK PHLI", "ap_idn": 2601, "ap_tn": "อ.เมืองนครนายก", "building": 0, "cassava_area": null, "f_area_1": 70634.70444121, "file_name": "S1C_20260928_0550, S1C_20260928_1819, S1D_20260929_1812, S1D_20261002_0609", "h3_address": "8964a4da807ffff", "h3_area": 124272.21160302, "hospital": 0, "length_road": 53.59799055, "maize_area": null, "mongo_id": "6ac14be9cfa761b4727ce2c3", "population": 76, "pv_en": "Changwat Nakhon Nayok", "pv_idn": 26, "pv_tn": "จ.นครนายก", "re_royin": "Central", "re_royin_2": "Central", "rice_area": 0, "school": 0, "sugarcane_area": null, "tb_en": "KO PHO", "tb_idn": 260108, "tb_tn": "ต.ดงละคร", "sync_datetime": 1791104844000, "source_api": "/features/flood/7days", "GlobalID": "{626428B6-5520-446A-A8ED-E37057C4B278}", "Shape__Area": 5.908957124876002e-06, "Shape__Length": 0.02014847472944259}}, {"type": "Feature", "id": 3750164, "geometry": {"type": "Polygon", "coordinates": [[[101.11620179700009, 14.056978580000077], [101.11624333000003, 14.057063190000065], [101.11585619200008, 14.058577755000044], [101.11390493100004, 14.059134137000058], [101.11334723600004, 14.058615201000066], [101.11334295700004, 14.058149162000063], [101.11343551700008, 14.058148351000057], [101.11343468700005, 14.058057994000023], [101.11352724800008, 14.058057184000063], [101.11352807700007, 14.058147542000029], [101.11362063800004, 14.058146732000068], [101.11362312800009, 14.058417804000044], [101.11371568800007, 14.058416994000027], [101.11371651800005, 14.05850735200005], [101.11390163900006, 14.058505732000071], [101.11390081000008, 14.058415374000049], [101.11399337000006, 14.058414564000032], [101.11399254000008, 14.058324207000055], [101.11417766000005, 14.058322586000031], [101.11417683000008, 14.058232228000065], [101.11436195100003, 14.05823060800003], [101.11436112100006, 14.058140250000065], [101.11454624200007, 14.05813863000003], [101.11454541200004, 14.058048272000065], [101.11463797200008, 14.058047462000047], [101.11463714200005, 14.057957104000025], [101.11491482300005, 14.05795467200005], [101.11491399300007, 14.057864315000074], [101.11500655300006, 14.057863505000057], [101.11500489300005, 14.057682789000069], [101.11509745300003, 14.057681978000062], [101.11509662300006, 14.057591621000029], [101.11546686300005, 14.057588379000038], [101.11546603300008, 14.057498021000072], [101.11565115300004, 14.057496400000048], [101.11565032200008, 14.057406042000025], [101.11574288200006, 14.057405231000075], [101.11574205200009, 14.057314873000053], [101.11601973100005, 14.057312441000022], [101.11601890100007, 14.057222083000056], [101.11611146100006, 14.057221273000039], [101.11610979900007, 14.05704055700005], [101.11620235900006, 14.057039746000044], [101.11620179700009, 14.056978580000077]]]}, "properties": {"OBJECTID": 3750164, "F_area": 29832.21885606, "F_createdAt": 1791075943000, "F_createdBy": "66b07c8034c2963abcdb9bb8", "F_id": "6ac1a6669f2fcf53875396a5", "F_updatedAt": 1791075943000, "F_updatedBy": "66b07c8034c2963abcdb9bb8", "ap_en": "AMPHOE MUEANG NAKHON NAYOK", "ap_idn": 2601, "ap_tn": "อ.เมืองนครนายก", "building": 0, "cassava_area": null, "f_area_1": 29832.21885606, "file_name": "S1C_20260928_0550, S1C_20260928_1819, S1D_20260929_1812, S1D_20261002_0609", "h3_address": "8964a4c2433ffff", "h3_area": 124336.17898145, "hospital": 0, "length_road": 0, "maize_area": null, "mongo_id": "6ac14be88da6ddc61fa18175", "population": 0, "pv_en": "Changwat Nakhon Nayok", "pv_idn": 26, "pv_tn": "จ.นครนายก", "re_royin": "Central", "re_royin_2": "Central", "rice_area": 0, "school": 0, "sugarcane_area": null, "tb_en": "SI CHULA", "tb_idn": 260107, "tb_tn": "ต.ศรีจุฬา", "sync_datetime": 1791104835000, "source_api": "/features/flood/7days", "GlobalID": "{D94A3B48-EE62-4C9C-93F1-B37BDCDBDC9A}", "Shape__Area": 2.4952248832395007e-06, "Shape__Length": 0.009832991175620687}}, {"type": "Feature", "id": 3750169, "geometry": {"type": "MultiPolygon", "coordinates": [[[[100.96281418800004, 14.024716392000073], [100.96281495600005, 14.024806759000057], [100.96345406800003, 14.024801575000026], [100.96323895400008, 14.025641409000059], [100.96128677800004, 14.026196642000059], [100.96087973900006, 14.025817464000056], [100.96087512400004, 14.025274344000024], [100.96096768000007, 14.025273595000044], [100.96096691200006, 14.02518322900005], [100.96105946800009, 14.025182479000023], [100.96105869900003, 14.025092112000038], [100.96115125600005, 14.025091362000069], [100.96114971900005, 14.024910629000033], [100.96124227500007, 14.024909879000063], [100.96124150700007, 14.024819512000022], [100.96151917500003, 14.024817263000045], [100.96151994300004, 14.02490763000003], [100.96179761000008, 14.024905379000074], [100.96179684200007, 14.024815013000023], [100.96253728900007, 14.02480901000007], [100.96253652000007, 14.024718644000075], [100.96281418800004, 14.024716392000073]]], [[[100.96298623100006, 14.023178662000078], [100.96298546200006, 14.023088296000026], [100.96304592200005, 14.023087806000035], [100.96372983900005, 14.023724916000049], [100.96361643900008, 14.024167650000038], [100.96355001900008, 14.024168189000022], [100.96354925000009, 14.024077823000027], [100.96114280700004, 14.024097331000064], [100.96114203900004, 14.024006964000023], [100.96104948300007, 14.02400771400005], [100.96104871500006, 14.023917348000055], [100.96095616000008, 14.023918098000024], [100.96095539200007, 14.02382773100004], [100.96086283600005, 14.023828480000077], [100.96086206900009, 14.023738114000025], [100.96076951400005, 14.023738864000052], [100.96076644200008, 14.023377397000047], [100.96085899700006, 14.023376648000067], [100.96085822900005, 14.023286282000072], [100.96104334000006, 14.02328478100003], [100.96104257200005, 14.023194415000034], [100.96298623100006, 14.023178662000078]]]]}, "properties": {"OBJECTID": 3750169, "F_area": 60119.43687423, "F_createdAt": 1791075945000, "F_createdBy": "66b07c8034c2963abcdb9bb8", "F_id": "6ac1a6689f2fcf5387539759", "F_updatedAt": 1791075945000, "F_updatedBy": "66b07c8034c2963abcdb9bb8", "ap_en": "AMPHOE ONGKHARAK", "ap_idn": 2604, "ap_tn": "อ.องครักษ์", "building": 0, "cassava_area": null, "f_area_1": 60119.43687423, "file_name": "S1C_20260928_0550, S1C_20260928_1819, S1D_20260929_1812, S1D_20261002_0609", "h3_address": "8964a4c6453ffff", "h3_area": 124410.26367164, "hospital": 0, "length_road": 0, "maize_area": null, "mongo_id": "6ac14bef59bd40e65b9a209f", "population": 0, "pv_en": "Changwat Nakhon Nayok", "pv_idn": 26, "pv_tn": "จ.นครนายก", "re_royin": "Central", "re_royin_2": "Central", "rice_area": 27843.74636241, "school": 0, "sugarcane_area": null, "tb_en": "BUENG SAN", "tb_idn": 260403, "tb_tn": "ต.ศรีษะกระบือ", "sync_datetime": 1791104837000, "source_api": "/features/flood/7days", "GlobalID": "{49943FEA-A08B-466B-A872-19065B2EAA14}", "Shape__Area": 5.028691934680502e-06, "Shape__Length": 0.014993367807777214}}, {"type": "Feature", "id": 3750190, "geometry": {"type": "Polygon", "coordinates": [[[101.11646600500006, 14.165836204000072], [101.11646632900005, 14.165871112000048], [101.11573604800009, 14.16519211700006], [101.11589358300006, 14.164576157000056], [101.11589866100007, 14.164576112000077], [101.11589848400007, 14.164556995000055], [101.11591674600004, 14.164485589000037], [101.11636084000008, 14.164481670000043], [101.11636167800003, 14.164572027000077], [101.11645428100007, 14.164571210000076], [101.11645679300005, 14.164842280000073], [101.11654939700009, 14.164841463000073], [101.11655107100006, 14.165022176000036], [101.11664367400004, 14.165021359000036], [101.11664786300008, 14.165473142000053], [101.11674046600007, 14.165472326000042], [101.11674214100003, 14.165653039000063], [101.11664953800005, 14.165653856000063], [101.11665037500006, 14.16574421200005], [101.11655777200008, 14.16574503000004], [101.11655860900004, 14.165835386000026], [101.11646600500006, 14.165836204000072]]]}, "properties": {"OBJECTID": 3750190, "F_area": 10274.16832108, "F_createdAt": 1791075941000, "F_createdBy": "66b07c8034c2963abcdb9bb8", "F_id": "6ac1a6656148f8329d58c009", "F_updatedAt": 1791075941000, "F_updatedBy": "66b07c8034c2963abcdb9bb8", "ap_en": "AMPHOE MUEANG NAKHON NAYOK", "ap_idn": 2601, "ap_tn": "อ.เมืองนครนายก", "building": 0, "cassava_area": null, "f_area_1": 10274.16832108, "file_name": "S1C_20260928_0550, S1C_20260928_1819, S1D_20260929_1812, S1D_20261002_0609", "h3_address": "8964a4c15cbffff", "h3_area": 124285.15948006, "hospital": 0, "length_road": 0, "maize_area": null, "mongo_id": "6ac14be8ded8743f6e0ed0be", "population": 0, "pv_en": "Changwat Nakhon Nayok", "pv_idn": 26, "pv_tn": "จ.นครนายก", "re_royin": "Central", "re_royin_2": "Central", "rice_area": 0, "school": 0, "sugarcane_area": null, "tb_en": "DON YO", "tb_idn": 260105, "tb_tn": "ต.ท่าทราย", "sync_datetime": 1791104833000, "source_api": "/features/flood/7days", "GlobalID": "{FA033C5D-2727-4113-9504-2D7C9CED44D4}", "Shape__Area": 8.597450258165002e-07, "Shape__Length": 0.004213529912401123}}, {"type": "Feature", "id": 3750195, "geometry": {"type": "Polygon", "coordinates": [[[101.08375303000008, 14.183834336000075], [101.08382113300007, 14.183833743000037], [101.08351417600005, 14.185033248000025], [101.08219287000009, 14.18540977300006], [101.08219263500007, 14.185384121000027], [101.08228524900005, 14.18538331600007], [101.08228442400008, 14.185292957000058], [101.08237703800006, 14.185292151000056], [101.08237126100005, 14.184659642000042], [101.08246387400004, 14.184658837000029], [101.08246222400004, 14.184478120000051], [101.08255483700003, 14.184477315000038], [101.08255318700009, 14.18429659700007], [101.08264580000008, 14.184295793000047], [101.08264497400006, 14.184205434000035], [101.08273758700005, 14.184204629000021], [101.08273676300007, 14.184114271000055], [101.08357028100005, 14.184107022000035], [101.08356945500009, 14.184016664000069], [101.08366206800008, 14.184015858000066], [101.08366124200006, 14.183925499000054], [101.08375385600004, 14.18392469400004], [101.08375303000008, 14.183834336000075]]]}, "properties": {"OBJECTID": 3750195, "F_area": 15305.14041179, "F_createdAt": 1791075941000, "F_createdBy": "66b07c8034c2963abcdb9bb8", "F_id": "6ac1a66459bd40e65b9d505f", "F_updatedAt": 1791075941000, "F_updatedBy": "66b07c8034c2963abcdb9bb8", "ap_en": "AMPHOE BAN NA", "ap_idn": 2603, "ap_tn": "อ.บ้านนา", "building": 0, "cassava_area": null, "f_area_1": 15305.14041179, "file_name": "S1C_20260928_0550, S1C_20260928_1819, S1D_20260929_1812, S1D_20261002_0609", "h3_address": "8964a4c112bffff", "h3_area": 124290.07851926, "hospital": 0, "length_road": 0, "maize_area": null, "mongo_id": "6ac14bec0eb2b2617ae494f7", "population": 0, "pv_en": "Changwat Nakhon Nayok", "pv_idn": 26, "pv_tn": "จ.นครนายก", "re_royin": "Central", "re_royin_2": "Central", "rice_area": 0, "school": 0, "sugarcane_area": null, "tb_en": "BANG O", "tb_idn": 260306, "tb_tn": "ต.บางอ้อ", "sync_datetime": 1791104833000, "source_api": "/features/flood/7days", "GlobalID": "{284CF3B0-CC4F-4976-9034-5580F8421F4C}", "Shape__Area": 1.2808961342695003e-06, "Shape__Length": 0.005816467153986106}}, {"type": "Feature", "id": 3750248, "geometry": {"type": "MultiPolygon", "coordinates": [[[[101.24799309300005, 14.149459444000058], [101.24808568200007, 14.149458577000075], [101.24808390500004, 14.149277880000056], [101.24817649300007, 14.149277012000027], [101.24817471600005, 14.149096315000065], [101.24826730500007, 14.149095448000025], [101.24826641700008, 14.149005100000068], [101.24831398500004, 14.149004654000066], [101.24791964100007, 14.150549660000024], [101.24761169900006, 14.15063765900004], [101.24744910600003, 14.150639181000031], [101.24744821800005, 14.150548833000073], [101.24735562900008, 14.150549700000056], [101.24735296400007, 14.150278653000044], [101.24744555300003, 14.15027778600006], [101.24744466500005, 14.150187436000067], [101.24753725400006, 14.150186570000074], [101.24753636600008, 14.15009622100007], [101.24762895600009, 14.15009535400003], [101.24762629000008, 14.149824307000074], [101.24753370100007, 14.149825174000057], [101.24753281300008, 14.149734826000042], [101.24706986700005, 14.149739159000035], [101.24706897900006, 14.14964881000003], [101.24688380100008, 14.149650544000053], [101.24688468800008, 14.149740892000068], [101.24679209900006, 14.149741759000051], [101.24679476300008, 14.150012806000063], [101.24688735300003, 14.150011939000024], [101.24688912900007, 14.150192637000032], [101.24679653900006, 14.150193504000072], [101.24679742800004, 14.150283853000076], [101.24670483800008, 14.15028471900007], [101.24670572700006, 14.150375068000073], [101.24642795900007, 14.150377667000043], [101.24642884600007, 14.150468017000037], [101.24633625700005, 14.15046888300003], [101.24633714400005, 14.150559232000035], [101.24624455500003, 14.150560098000028], [101.24624366700004, 14.15046975000007], [101.24615107800008, 14.150470616000064], [101.24615018900005, 14.15038026700006], [101.24624277900006, 14.150379400000077], [101.24624189200006, 14.150289052000062], [101.24633448100008, 14.150288185000022], [101.24633181700005, 14.150017138000067], [101.24623922800004, 14.15001800500005], [101.24623656500006, 14.149746957000048], [101.24632915400008, 14.149746091000054], [101.24632826600003, 14.14965574300004], [101.24642085500005, 14.149654876000056], [101.24641996700007, 14.149564527000052], [101.24651255600008, 14.14956366000007], [101.24651166800004, 14.149473312000055], [101.24660425700006, 14.149472446000061], [101.24660337000006, 14.149382096000068], [101.24669595800003, 14.149381230000074], [101.24669507100003, 14.14929088100007], [101.24725060400004, 14.149285682000027], [101.24725149200003, 14.149376030000042], [101.24752925900003, 14.149373430000026], [101.24753014800007, 14.14946377900003], [101.24762273700009, 14.149462912000047], [101.24762362500007, 14.149553261000051], [101.24771621400004, 14.149552395000057], [101.24771710300007, 14.149642743000072], [101.24790228000006, 14.14964100900005], [101.24790139200007, 14.149550661000035], [101.24799398100004, 14.149549794000052], [101.24799309300005, 14.149459444000058]]], [[[101.24492416300006, 14.148114349000025], [101.24494256100007, 14.148042272000055], [101.24501604600005, 14.148041586000033], [101.24501427200005, 14.147860888000025], [101.24510686000008, 14.147860022000032], [101.24510628600007, 14.147801538000067], [101.24694678000009, 14.14727560600005], [101.24716603000007, 14.147479329000078], [101.24714025300005, 14.14747957000003], [101.24714114200003, 14.147569919000034], [101.24704855300007, 14.147570785000028], [101.24704944100006, 14.147661134000032], [101.24686426500006, 14.147662867000065], [101.24686337700007, 14.14757251800006], [101.24649302400007, 14.14757598400007], [101.24649391100007, 14.147666333000075], [101.24640132300004, 14.147667199000068], [101.24640487400006, 14.148028595000028], [101.24649746300008, 14.148027729000034], [101.24649923800007, 14.148208426000053], [101.24640665000004, 14.148209293000036], [101.24640753800008, 14.14829964200004], [101.24631494900007, 14.148300508000034], [101.24631672400005, 14.148481206000042], [101.24622413500003, 14.148482072000036], [101.24622502300008, 14.14857242100004], [101.24585466900004, 14.14857588600006], [101.24585378100005, 14.148485537000056], [101.24576119200003, 14.14848640300005], [101.24575852900006, 14.148215356000037], [101.24566594100008, 14.14821622200003], [101.24566505400009, 14.148125873000026], [101.24557246500007, 14.148126739000077], [101.24557157700008, 14.148036390000073], [101.24538640100008, 14.14803812200006], [101.24538728700009, 14.148128471000064], [101.24529469900006, 14.148129337000057], [101.24529558600005, 14.148219686000061], [101.24520299700004, 14.148220552000055], [101.24520388500008, 14.148310901000059], [101.24492612000006, 14.14831349800005], [101.24492523200007, 14.148223149000046], [101.24489632300003, 14.148223419000033], [101.24491944200008, 14.148132846000067], [101.24492434400008, 14.148132800000042], [101.24492416300006, 14.148114349000025]]], [[[101.24456907100006, 14.14967219700003], [101.24452642100005, 14.149672596000073], [101.24456749500007, 14.149511683000071], [101.24456907100006, 14.14967219700003]]], [[[101.24550472600004, 14.150657377000073], [101.24550491000008, 14.150676093000072], [101.24548496600005, 14.150657562000049], [101.24550472600004, 14.150657377000073]]], [[[101.24559820400003, 14.150746861000073], [101.24559836100008, 14.150762925000038], [101.24558124300006, 14.15074701900005], [101.24559820400003, 14.150746861000073]]], [[[101.24569168100004, 14.150836343000037], [101.24569181300006, 14.15084975600007], [101.24567752000007, 14.150836476000052], [101.24569168100004, 14.150836343000037]]], [[[101.24606381500007, 14.151013576000025], [101.24606446600006, 14.151079796000033], [101.24596880900003, 14.15110713000007], [101.24577379600004, 14.150925932000064], [101.24587774800005, 14.150924960000054], [101.24587863600004, 14.15101530800007], [101.24606381500007, 14.151013576000025]]]]}, "properties": {"OBJECTID": 3750248, "F_area": 31436.29219043, "F_createdAt": 1791075958000, "F_createdBy": "66b07c8034c2963abcdb9bb8", "F_id": "6ac1a6768da6ddc61fa4a2ac", "F_updatedAt": 1791075958000, "F_updatedBy": "66b07c8034c2963abcdb9bb8", "ap_en": "AMPHOE PAK PHLI", "ap_idn": 2602, "ap_tn": "อ.ปากพลี", "building": 0, "cassava_area": null, "f_area_1": 31436.29219043, "file_name": "S1C_20260928_0550, S1C_20260928_1819, S1D_20260929_1812, S1D_20261002_0609", "h3_address": "8964a4d85c3ffff", "h3_area": 124241.88086463, "hospital": 0, "length_road": 0, "maize_area": null, "mongo_id": "6ac14c628da6ddc61fa19288", "population": 0, "pv_en": "Changwat Nakhon Nayok", "pv_idn": 26, "pv_tn": "จ.นครนายก", "re_royin": "Central", "re_royin_2": "Central", "rice_area": 0, "school": 0, "sugarcane_area": null, "tb_en": "KO PHO", "tb_idn": 260201, "tb_tn": "ต.เกาะหวาย", "sync_datetime": 1791104844000, "source_api": "/features/flood/7days", "GlobalID": "{CBDEA503-25E2-414C-9CB3-E9A75202E104}", "Shape__Area": 2.629984988974501e-06, "Shape__Length": 0.019423450633646595}}, {"type": "Feature", "id": 3750255, "geometry": {"type": "Polygon", "coordinates": [[[101.07680758400005, 14.122807110000053], [101.07680934500007, 14.123001394000028], [101.07578508000006, 14.123293252000053], [101.07551335500006, 14.12304047300006], [101.07551216100006, 14.122908660000064], [101.07541957200004, 14.122909458000038], [101.07541875400005, 14.122819099000026], [101.07527670800005, 14.122820324000031], [101.07432335200008, 14.121933428000034], [101.07437188600005, 14.121743732000027], [101.07439045700005, 14.12174357200007], [101.07439127500004, 14.121833932000072], [101.07466904100005, 14.121831536000059], [101.07466822300006, 14.121741176000057], [101.07476081000004, 14.121740377000037], [101.07475999200005, 14.121650018000025], [101.07485258100007, 14.121649219000062], [101.07485176200004, 14.12155886000005], [101.07494435000007, 14.12155806100003], [101.07494353200008, 14.121467702000075], [101.07503612000005, 14.121466903000055], [101.07503530200006, 14.121376544000043], [101.07522047800006, 14.12137494600006], [101.07521966000007, 14.121284587000048], [101.07540483600008, 14.121282989000065], [101.07540401700004, 14.121192630000053], [101.07549660500007, 14.121191830000043], [101.07549496800004, 14.121011112000076], [101.07558755600007, 14.121010313000056], [101.07558673800008, 14.120919954000044], [101.07567932600006, 14.120919155000024], [101.07567850700008, 14.120828796000069], [101.07577109500005, 14.12082799600006], [101.07577027600007, 14.120737637000047], [101.07586286400004, 14.120736838000028], [101.07586204600005, 14.120646479000072], [101.07641757300007, 14.120641684000077], [101.07641839100006, 14.120732043000032], [101.07651097900003, 14.12073124400007], [101.07651179900006, 14.120821603000024], [101.07660438600004, 14.120820803000072], [101.07660848200004, 14.121272600000054], [101.07651589300008, 14.121273400000064], [101.07651753200008, 14.121454119000077], [101.07661012000005, 14.121453319000068], [101.07661093900003, 14.121543678000023], [101.07698129100004, 14.121540481000068], [101.07698211100006, 14.121630840000023], [101.07707470000008, 14.12163004000007], [101.07707551900006, 14.121720400000072], [101.07726069500006, 14.121718801000043], [101.07726151400004, 14.121809159000065], [101.07735410300006, 14.121808360000045], [101.07735492200004, 14.121898719000058], [101.07744751000007, 14.121897920000038], [101.07744832900005, 14.12198827900005], [101.07791127100006, 14.12198428000005], [101.07791189900007, 14.122053478000055], [101.07779062000009, 14.122527520000062], [101.07745324700005, 14.122530434000055], [101.07745406600009, 14.122620794000056], [101.07736147700007, 14.122621593000076], [101.07736229600005, 14.122711953000078], [101.07689935300004, 14.122715951000032], [101.07690017300007, 14.122806310000044], [101.07680758400005, 14.122807110000053]]]}, "properties": {"OBJECTID": 3750255, "F_area": 58871.24919922, "F_createdAt": 1791075940000, "F_createdBy": "66b07c8034c2963abcdb9bb8", "F_id": "6ac1a66459bd40e65b9d4fe2", "F_updatedAt": 1791075940000, "F_updatedBy": "66b07c8034c2963abcdb9bb8", "ap_en": "AMPHOE ONGKHARAK", "ap_idn": 2604, "ap_tn": "อ.องครักษ์", "building": 0, "cassava_area": null, "f_area_1": 58871.24919922, "file_name": "S1C_20260928_0550, S1C_20260928_1819, S1D_20260929_1812, S1D_20261002_0609", "h3_address": "8964a4c054bffff", "h3_area": 124321.46016254, "hospital": 0, "length_road": 0, "maize_area": null, "mongo_id": "6ac14bf1d702c2e8730e1067", "population": 0, "pv_en": "Changwat Nakhon Nayok", "pv_idn": 26, "pv_tn": "จ.นครนายก", "re_royin": "Central", "re_royin_2": "Central", "rice_area": 0, "school": 0, "sugarcane_area": null, "tb_en": "SAI MUN", "tb_idn": 260406, "tb_tn": "ต.ทรายมูล", "sync_datetime": 1791104833000, "source_api": "/features/flood/7days", "GlobalID": "{0B3AADCA-26AF-4DCA-AE70-B16D7612E68D}", "Shape__Area": 4.9256876921880014e-06, "Shape__Length": 0.01174307365922423}}, {"type": "Feature", "id": 3750282, "geometry": {"type": "Polygon", "coordinates": [[[101.02340443400004, 14.009939074000044], [101.02340756300003, 14.010296303000075], [101.02325731900004, 14.010339079000062], [101.02303591800006, 14.010132885000075], [101.02303583100007, 14.010122892000027], [101.02312837700003, 14.010122119000073], [101.02312521200008, 14.009760666000034], [101.02303266500007, 14.009761439000044], [101.02303187400008, 14.009671075000028], [101.02293932700007, 14.009671848000039], [101.02293853600008, 14.00958148500007], [101.02256835200006, 14.009584576000066], [101.02256914200007, 14.009674939000035], [101.02254442500004, 14.009675145000074], [101.02219609200006, 14.00935073200003], [101.02219421000007, 14.009135849000074], [101.02228675700007, 14.009135077000053], [101.02228280200006, 14.008683261000044], [101.02237534700004, 14.008682489000023], [101.02237297400006, 14.008411399000067], [101.02246552000008, 14.008410626000057], [101.02245840000006, 14.007597357000066], [101.02255094600008, 14.007596584000055], [101.02254936400004, 14.007415858000059], [101.02264190900007, 14.007415086000037], [101.02264032700003, 14.007234359000051], [101.02273287300005, 14.00723358600004], [101.02273026200004, 14.006935360000057], [101.02423815300006, 14.006506045000037], [101.02458033100004, 14.006824728000026], [101.02458377800008, 14.00721813000007], [101.02449123300005, 14.007218903000023], [101.02449440100008, 14.007580356000062], [101.02440185500006, 14.007581128000027], [101.02440423000007, 14.007852218000039], [101.02431168500004, 14.00785299200004], [101.02431485200003, 14.008214444000032], [101.02422230600007, 14.008215217000043], [101.02422389000009, 14.008395943000039], [101.02413134400007, 14.00839671600005], [101.02413530300004, 14.008848532000059], [101.02404275700007, 14.008849306000059], [101.02404354900006, 14.008939669000029], [101.02376591100005, 14.00894198800006], [101.02376670300004, 14.00903235100003], [101.02367415700007, 14.009033123000052], [101.02367732300007, 14.009394576000034], [101.02376986900003, 14.00939380400007], [101.02377066100007, 14.00948416700004], [101.02386320700003, 14.009483393000039], [101.02386479100005, 14.009664120000025], [101.02377224400004, 14.009664893000036], [101.02377303600008, 14.009755256000062], [101.02358794400004, 14.009756802000027], [101.02358873500003, 14.009847165000053], [101.02349618800008, 14.009847938000064], [101.02349698000006, 14.009938301000034], [101.02340443400004, 14.009939074000044]]]}, "properties": {"OBJECTID": 3750282, "F_area": 64383.61345007, "F_createdAt": 1791075956000, "F_createdBy": "66b07c8034c2963abcdb9bb8", "F_id": "6ac1a6738da6ddc61fa4a20c", "F_updatedAt": 1791075956000, "F_updatedBy": "66b07c8034c2963abcdb9bb8", "ap_en": "AMPHOE ONGKHARAK", "ap_idn": 2604, "ap_tn": "อ.องครักษ์", "building": 0, "cassava_area": null, "f_area_1": 64383.61345007, "file_name": "S1C_20260928_0550, S1C_20260928_1819, S1D_20260929_1812, S1D_20261002_0609", "h3_address": "8964a4d5c8bffff", "h3_area": 124393.5493809, "hospital": 0, "length_road": 0, "maize_area": null, "mongo_id": "6ac14bef6148f8329d55aa49", "population": 0, "pv_en": "Changwat Nakhon Nayok", "pv_idn": 26, "pv_tn": "จ.นครนายก", "re_royin": "Central", "re_royin_2": "Central", "rice_area": 33323.67073308, "school": 0, "sugarcane_area": null, "tb_en": "SISA KRABUE", "tb_idn": 260403, "tb_tn": "ต.ศรีษะกระบือ", "sync_datetime": 1791104843000, "source_api": "/features/flood/7days", "GlobalID": "{09342C58-653A-469F-973D-BF4EF0093F23}", "Shape__Area": 5.384619794533001e-06, "Shape__Length": 0.01228642001740829}}, {"type": "Feature", "id": 3750357, "geometry": {"type": "MultiPolygon", "coordinates": [[[[101.28257146100003, 14.097720930000037], [101.28257235900008, 14.097811277000062], [101.28247979400004, 14.097812153000064], [101.28248069200004, 14.097902501000021], [101.28238812600006, 14.097903378000069], [101.28238977700005, 14.098069361000057], [101.28155896700008, 14.098306919000038], [101.28155862600005, 14.098272659000031], [101.28146606000007, 14.098273536000022], [101.28146516100009, 14.098183189000054], [101.28137259500005, 14.098184065000055], [101.28137079900006, 14.098003371000061], [101.28146336500004, 14.09800249400007], [101.28146246600005, 14.097912147000045], [101.28174016400004, 14.097909517000062], [101.28174106300008, 14.09799986400003], [101.28192619500004, 14.097998110000049], [101.28192529700004, 14.097907763000023], [101.28201786200003, 14.097906886000033], [101.28201696400004, 14.097816539000064], [101.28192439800006, 14.097817416000055], [101.28192349900007, 14.09772706900003], [101.28164580200007, 14.09772969900007], [101.28164490400007, 14.097639352000044], [101.28118207400007, 14.097643736000066], [101.28118117600008, 14.09755338900004], [101.28099604500005, 14.097555142000033], [101.28099514600007, 14.097464795000064], [101.28081001400005, 14.097466548000057], [101.28080911700005, 14.097376201000031], [101.28071655100007, 14.097377077000033], [101.28071385700008, 14.097106035000024], [101.28080642200007, 14.097105159000023], [101.28080462700007, 14.09692446500003], [101.28071206100009, 14.09692534100003], [101.28071186200003, 14.096905374000073], [101.28139977800004, 14.096941693000076], [101.28164959000009, 14.09693932700003], [101.28231913000008, 14.097026221000021], [101.28255503000008, 14.097102878000044], [101.28267287700004, 14.09713044800003], [101.28279043400005, 14.097129336000023], [101.28286369500006, 14.097107125000036], [101.28310993900004, 14.096746191000022], [101.28313804500004, 14.096616829000027], [101.28311550200004, 14.096566839000047], [101.28299016800008, 14.096524994000049], [101.28078802600004, 14.096015127000044], [101.28062623900007, 14.096002315000021], [101.28054605900007, 14.096067622000021], [101.28041087700007, 14.096513567000045], [101.28041230200006, 14.096656992000021], [101.28044947100005, 14.096747116000074], [101.28006230600005, 14.096750781000026], [101.28006140800005, 14.096660433000068], [101.27996884200007, 14.096661310000059], [101.27996794500007, 14.096570962000044], [101.27987538000008, 14.096571838000045], [101.27987448200008, 14.096481491000077], [101.27979740900008, 14.09648222100003], [101.28013416400006, 14.095161850000068], [101.28208439700006, 14.09460421600005], [101.28347909000007, 14.095900357000062], [101.28348093600005, 14.096085909000067], [101.28351460200008, 14.09608559000003], [101.28344701300006, 14.09635060900007], [101.28302888100006, 14.097172894000039], [101.28302799800008, 14.09708411400004], [101.28293543200004, 14.097084991000031], [101.28293633100009, 14.097175338000056], [101.28284376600004, 14.097176216000037], [101.28284556200003, 14.097356909000041], [101.28275299700005, 14.097357787000021], [101.28275389600009, 14.097448134000047], [101.28266133000005, 14.097449011000037], [101.28266402600008, 14.097720052000057], [101.28257146100003, 14.097720930000037]]], [[[101.27978249600005, 14.096540693000065], [101.27978281400004, 14.096572714000047], [101.27977430800007, 14.096572795000043], [101.27978249600005, 14.096540693000065]]], [[[101.28320843100005, 14.097022930000037], [101.28334306700003, 14.096758185000056], [101.28312580500005, 14.097610080000038], [101.28312167900003, 14.09719543400007], [101.28320843100005, 14.097022930000037]]], [[[101.28303339100006, 14.097626196000022], [101.28312190900004, 14.097625357000027], [101.28305735500004, 14.097878475000073], [101.28303596200004, 14.09788459200007], [101.28303339100006, 14.097626196000022]]]]}, "properties": {"OBJECTID": 3750357, "F_area": 77249.61743246, "F_createdAt": 1791075959000, "F_createdBy": "66b07c8034c2963abcdb9bb8", "F_id": "6ac1a67759bd40e65b9d52ee", "F_updatedAt": 1791075959000, "F_updatedBy": "66b07c8034c2963abcdb9bb8", "ap_en": "AMPHOE PAK PHLI", "ap_idn": 2602, "ap_tn": "อ.ปากพลี", "building": 0, "cassava_area": null, "f_area_1": 77249.61743246, "file_name": "S1C_20260928_0550, S1C_20260928_1819, S1D_20260929_1812, S1D_20261002_0609", "h3_address": "8964a4da433ffff", "h3_area": 124252.4348691, "hospital": 0, "length_road": 0, "maize_area": null, "mongo_id": "6ac14c620eb2b2617ae4a7bc", "population": 0, "pv_en": "Changwat Nakhon Nayok", "pv_idn": 26, "pv_tn": "จ.นครนายก", "re_royin": "Central", "re_royin_2": "Central", "rice_area": 19871.43562779, "school": 0, "sugarcane_area": null, "tb_en": "PAK PHLI", "tb_idn": 260203, "tb_tn": "ต.ปากพลี", "sync_datetime": 1791104844000, "source_api": "/features/flood/7days", "GlobalID": "{A25243C7-55CA-461E-B910-BE416AB470BE}", "Shape__Area": 6.4610011763075014e-06, "Shape__Length": 0.02276949473257099}}, {"type": "Feature", "id": 3750359, "geometry": {"type": "Polygon", "coordinates": [[[101.27713002700006, 14.090453603000071], [101.27713182000008, 14.090634298000055], [101.27703925600008, 14.090635172000077], [101.27704007500006, 14.09071775600006], [101.27574942200005, 14.091086766000046], [101.27428785300003, 14.089728366000031], [101.27477653800008, 14.087812376000045], [101.27603630100003, 14.087452203000055], [101.27601338000005, 14.088138650000076], [101.27635320000007, 14.088145194000049], [101.27635570300004, 14.087566730000049], [101.27635620000007, 14.087451802000032], [101.27635624000004, 14.087442882000062], [101.27656613300007, 14.087440899000057], [101.27656951900008, 14.087299752000035], [101.27672676800006, 14.087254792000067], [101.27818832500009, 14.088613187000021], [101.27806686800005, 14.089089410000042], [101.27804221300005, 14.089089643000023], [101.27804131700003, 14.088999296000054], [101.27785619200006, 14.089001046000021], [101.27785708800008, 14.089091393000047], [101.27776452500007, 14.089092268000059], [101.27776811100006, 14.089453658000025], [101.27786067300008, 14.08945278300007], [101.27786246600004, 14.089633478000053], [101.27776990300003, 14.089634353000065], [101.27777080000004, 14.089724700000033], [101.27767823600004, 14.089725575000045], [101.27767734000008, 14.089635228000077], [101.27758477800006, 14.089636103000032], [101.27758388100006, 14.089545755000074], [101.27712106600006, 14.089550129000031], [101.27712196300007, 14.089640476000056], [101.27702939900007, 14.089641350000022], [101.27703029600008, 14.089731698000037], [101.27693773200008, 14.08973257200006], [101.27693862900009, 14.089822920000074], [101.27684606500009, 14.08982379500003], [101.27684785800005, 14.090004489000023], [101.27694042000007, 14.090003615000057], [101.27694131600003, 14.090093962000026], [101.27721900600005, 14.090091339000026], [101.27721990200007, 14.09018168600005], [101.27731246500008, 14.090180811000039], [101.27731425800005, 14.090361507000068], [101.27722169400005, 14.090362381000034], [101.27722259000006, 14.090452729000049], [101.27713002700006, 14.090453603000071]]]}, "properties": {"OBJECTID": 3750359, "F_area": 110725.8479758, "F_createdAt": 1791075960000, "F_createdBy": "66b07c8034c2963abcdb9bb8", "F_id": "6ac1a67759bd40e65b9d5311", "F_updatedAt": 1791075960000, "F_updatedBy": "66b07c8034c2963abcdb9bb8", "ap_en": "AMPHOE PAK PHLI", "ap_idn": 2602, "ap_tn": "อ.ปากพลี", "building": 0, "cassava_area": null, "f_area_1": 110725.8479758, "file_name": "S1C_20260928_0550, S1C_20260928_1819, S1D_20260929_1812, S1D_20261002_0609", "h3_address": "8964a4da5d3ffff", "h3_area": 124257.94176122, "hospital": 0, "length_road": 0, "maize_area": null, "mongo_id": "6ac14bead702c2e8730e0fa3", "population": 0, "pv_en": "Changwat Nakhon Nayok", "pv_idn": 26, "pv_tn": "จ.นครนายก", "re_royin": "Central", "re_royin_2": "Central", "rice_area": 81992.47288698, "school": 0, "sugarcane_area": null, "tb_en": "THA RUEA", "tb_idn": 260205, "tb_tn": "ต.ท่าเรือ", "sync_datetime": 1791104844000, "source_api": "/features/flood/7days", "GlobalID": "{53688527-52EF-48CD-85EF-786FCC041287}", "Shape__Area": 9.260673219897502e-06, "Shape__Length": 0.01567015462869098}}, {"type": "Feature", "id": 3750398, "geometry": {"type": "Polygon", "coordinates": [[[100.95421787100008, 14.232280924000065], [100.95421864800005, 14.23237128900007], [100.95412600800006, 14.23237204700007], [100.95412678500008, 14.232462413000064], [100.95403414400005, 14.232463171000063], [100.95403492100007, 14.232553536000069], [100.95320115900006, 14.232560356000022], [100.95320038300008, 14.232469991000073], [100.95292246200006, 14.232472264000023], [100.95292168500004, 14.232381898000028], [100.95245848400003, 14.232385686000043], [100.95245770800005, 14.232295321000038], [100.95199450600006, 14.232299107000074], [100.95199373000008, 14.232208741000022], [100.95193706500004, 14.232209204000071], [100.95217026900008, 14.231299893000028], [100.95412375800004, 14.230744455000035], [100.95476567100008, 14.231341576000034], [100.95476671600005, 14.231463087000066], [100.95467407600006, 14.231463845000064], [100.95467563000005, 14.231644576000065], [100.95458299100005, 14.231645334000063], [100.95458376800008, 14.231735700000058], [100.95449112800009, 14.231736458000057], [100.95449346000004, 14.232007554000063], [100.95440082000005, 14.232008312000062], [100.95440159700007, 14.232098678000057], [100.95430895700008, 14.232099435000066], [100.95431051100007, 14.232280166000066], [100.95421787100008, 14.232280924000065]]]}, "properties": {"OBJECTID": 3750398, "F_area": 41951.50570042, "F_createdAt": 1791075947000, "F_createdBy": "66b07c8034c2963abcdb9bb8", "F_id": "6ac1a66ad702c2e873112ce9", "F_updatedAt": 1791075947000, "F_updatedBy": "66b07c8034c2963abcdb9bb8", "ap_en": "AMPHOE ONGKHARAK", "ap_idn": 2604, "ap_tn": "อ.องครักษ์", "building": 0, "cassava_area": null, "f_area_1": 41951.50570042, "file_name": "S1C_20260928_0550, S1C_20260928_1819, S1D_20260929_1812, S1D_20261002_0609", "h3_address": "8964a4cc51bffff", "h3_area": 124316.44199532, "hospital": 0, "length_road": 0, "maize_area": null, "mongo_id": "6ac14bf0f7a763741bd1d22b", "population": 0, "pv_en": "Changwat Nakhon Nayok", "pv_idn": 26, "pv_tn": "จ.นครนายก", "re_royin": "Central", "re_royin_2": "Central", "rice_area": 0, "school": 0, "sugarcane_area": null, "tb_en": "PHO THAEN", "tb_idn": 260404, "tb_tn": "ต.โพธิ์แทน", "sync_datetime": 1791104838000, "source_api": "/features/flood/7days", "GlobalID": "{104717F2-75A8-4C12-BC01-37DAE125D588}", "Shape__Area": 3.5121953714530007e-06, "Shape__Length": 0.008249741920828986}}, {"type": "Feature", "id": 3750406, "geometry": {"type": "Polygon", "coordinates": [[[101.21058248700007, 14.120620785000028], [101.21061431500004, 14.120620493000047], [101.21185867400004, 14.121777188000067], [101.21136947000008, 14.123693090000074], [101.20941852600004, 14.124250256000039], [101.20835501500005, 14.123261673000059], [101.20838583500006, 14.123261390000039], [101.20838496300007, 14.123171039000056], [101.20847754400006, 14.123170188000074], [101.20847493100007, 14.122899134000022], [101.20838235000008, 14.122899984000071], [101.20837886600003, 14.122538578000047], [101.20847144600003, 14.122537728000054], [101.20847057500004, 14.122447377000071], [101.20865573600008, 14.12244567600004], [101.20865486500009, 14.122355325000058], [101.20874744500009, 14.122354474000076], [101.20874657400009, 14.122264123000036], [101.20883915400003, 14.122263273000044], [101.20883566900005, 14.121901867000076], [101.20892825000004, 14.121901016000038], [101.20892737900004, 14.121810665000055], [101.20901995800006, 14.121809814000073], [101.20901908700006, 14.121719463000034], [101.20929682800005, 14.121716912000068], [101.20929770000004, 14.12180726300005], [101.20957544000004, 14.121804712000028], [101.20957456900004, 14.121714360000055], [101.20966714800005, 14.121713510000063], [101.20966192000009, 14.121171401000026], [101.20975449900004, 14.121170551000034], [101.20975362800004, 14.121080199000062], [101.20993878800004, 14.121078498000031], [101.20993791600006, 14.120988147000048], [101.21003049600006, 14.120987296000067], [101.21002962500006, 14.120896945000027], [101.21012220400007, 14.120896094000045], [101.21012133200009, 14.120805742000073], [101.21049165100004, 14.120802339000022], [101.21049078000004, 14.12071198800004], [101.21058335900005, 14.120711137000058], [101.21058248700007, 14.120620785000028]]]}, "properties": {"OBJECTID": 3750406, "F_area": 96228.5017032, "F_createdAt": 1791075960000, "F_createdBy": "66b07c8034c2963abcdb9bb8", "F_id": "6ac1a67759bd40e65b9d533b", "F_updatedAt": 1791075960000, "F_updatedBy": "66b07c8034c2963abcdb9bb8", "ap_en": "AMPHOE PAK PHLI", "ap_idn": 2602, "ap_tn": "อ.ปากพลี", "building": 0, "cassava_area": null, "f_area_1": 96228.5017032, "file_name": "S1C_20260928_0550, S1C_20260928_1819, S1D_20260929_1812, S1D_20261002_0609", "h3_address": "8964a4da81bffff", "h3_area": 124268.78400677, "hospital": 0, "length_road": 283.50562771, "maize_area": null, "mongo_id": "6ac14be9ded8743f6e0ed16c", "population": 0, "pv_en": "Changwat Nakhon Nayok", "pv_idn": 26, "pv_tn": "จ.นครนายก", "re_royin": "Central", "re_royin_2": "Central", "rice_area": 0, "school": 0, "sugarcane_area": null, "tb_en": "KO PHO", "tb_idn": 260202, "tb_tn": "ต.เกาะโพธิ์", "sync_datetime": 1791104844000, "source_api": "/features/flood/7days", "GlobalID": "{3C7EE10C-59A9-43DA-8E5D-B48F03AF5CC5}", "Shape__Area": 8.050008747342502e-06, "Shape__Length": 0.012428120676895004}}, {"type": "Feature", "id": 3750440, "geometry": {"type": "MultiPolygon", "coordinates": [[[[101.20214727000007, 14.081030135000049], [101.20205470600007, 14.081030980000037], [101.20205557200006, 14.081121332000066], [101.20168531500008, 14.081124713000065], [101.20168444900008, 14.081034361000036], [101.20149932000004, 14.08103605100007], [101.20149845500003, 14.08094569800005], [101.20112819800005, 14.08094907900005], [101.20112733200006, 14.080858727000077], [101.20066451100007, 14.080862951000029], [101.20066364600007, 14.080772598000067], [101.20047851700008, 14.080774288000043], [101.20047765200007, 14.08068393600007], [101.20001483100003, 14.080688158000044], [101.20001396600009, 14.080597806000071], [101.19973627300004, 14.080600339000057], [101.19973540800004, 14.080509987000028], [101.19945771500005, 14.080512519000024], [101.19945685100004, 14.080422167000052], [101.19936428700004, 14.08042301200004], [101.19936342100004, 14.080332659000021], [101.19917829300005, 14.080334347000075], [101.19917742900009, 14.080243995000046], [101.19908486400004, 14.080244839000045], [101.19908140600006, 14.079883429000063], [101.19904366800006, 14.079883773000063], [101.19921736900005, 14.07920346700007], [101.20116811600008, 14.078646441000046], [101.20262964400007, 14.080005491000065], [101.20262291900008, 14.080031830000053], [101.20250800000008, 14.080032879000044], [101.20250886600007, 14.080123232000062], [101.20241630200007, 14.08012407700005], [101.20241976600005, 14.080485486000043], [101.20232720300004, 14.080486331000031], [101.20232980100008, 14.080757388000052], [101.20223723600009, 14.08075823300004], [101.20223863300004, 14.080903952000028], [101.20220503800005, 14.08093924800005], [101.20214640400008, 14.080939783000076], [101.20214727000007, 14.081030135000049]]], [[[101.20187390700005, 14.081484432000025], [101.20187477300004, 14.081574784000054], [101.20222980400007, 14.081571542000063], [101.20214043500005, 14.081921574000035], [101.20018967500005, 14.082478612000045], [101.19993715400005, 14.082243799000025], [101.19993697400008, 14.082224992000022], [101.19991712300003, 14.08222517300004], [101.19984375000007, 14.082156945000065], [101.19984181400008, 14.081954779000057], [101.19974924900004, 14.081955624000045], [101.19974751900008, 14.081774919000054], [101.19965495500009, 14.081775764000042], [101.19965149400008, 14.08141435400006], [101.19974405900007, 14.081413510000061], [101.19974319300007, 14.081323157000043], [101.20029858100008, 14.081318091000071], [101.20029944600009, 14.081408443000043], [101.20076226800006, 14.081404220000024], [101.20076140200007, 14.081313867000063], [101.20113166000004, 14.081310488000042], [101.20113252500005, 14.081400840000072], [101.20150278400007, 14.081397460000062], [101.20150365000006, 14.081487813000024], [101.20187390700005, 14.081484432000025]]]]}, "properties": {"OBJECTID": 3750440, "F_area": 92009.27667889, "F_createdAt": 1791075951000, "F_createdBy": "66b07c8034c2963abcdb9bb8", "F_id": "6ac1a66ff7a763741bd4da91", "F_updatedAt": 1791075951000, "F_updatedBy": "66b07c8034c2963abcdb9bb8", "ap_en": "AMPHOE PAK PHLI", "ap_idn": 2602, "ap_tn": "อ.ปากพลี", "building": 0, "cassava_area": null, "f_area_1": 92009.27667889, "file_name": "S1C_20260928_0550, S1C_20260928_1819, S1D_20260929_1812, S1D_20261002_0609", "h3_address": "8964a4d1e53ffff", "h3_area": 124291.70249291, "hospital": 0, "length_road": 0, "maize_area": null, "mongo_id": "6ac14bebd702c2e8730e0ff3", "population": 0, "pv_en": "Changwat Nakhon Nayok", "pv_idn": 26, "pv_tn": "จ.นครนายก", "re_royin": "Central", "re_royin_2": "Central", "rice_area": 0, "school": 0, "sugarcane_area": null, "tb_en": "THA RUEA", "tb_idn": 260205, "tb_tn": "ต.ท่าเรือ", "sync_datetime": 1791104840000, "source_api": "/features/flood/7days", "GlobalID": "{756C087E-6531-4938-9402-CAB45A2500B3}", "Shape__Area": 7.695755706550002e-06, "Shape__Length": 0.017582508213099916}}, {"type": "Feature", "id": 3750445, "geometry": {"type": "MultiPolygon", "coordinates": [[[[101.20268532700004, 14.088871443000073], [101.20263069300006, 14.088887044000046], [101.20259290500007, 14.088887389000035], [101.20259300500004, 14.088897806000034], [101.20213433800006, 14.089028780000035], [101.20067277000004, 14.087669776000041], [101.20116199800003, 14.085753716000056], [101.20283598800006, 14.085275704000026], [101.20283767300003, 14.085451472000045], [101.20293024000006, 14.085450626000068], [101.20293110600005, 14.08554097800004], [101.20302367200009, 14.085540132000062], [101.20302713900008, 14.085901540000066], [101.20311970400007, 14.085900694000031], [101.20312403800006, 14.086352455000053], [101.20321660400003, 14.086351609000076], [101.20321747100007, 14.086441961000048], [101.20331003800004, 14.08644111500007], [101.20331177100007, 14.086621819000072], [101.20340433800004, 14.086620973000038], [101.20340780500004, 14.08698238200003], [101.20350037100008, 14.086981535000064], [101.20350557300009, 14.087523647000069], [101.20341300700005, 14.087524494000036], [101.20341387300004, 14.087614846000065], [101.20332130600008, 14.087615692000043], [101.20332217300006, 14.087706043000026], [101.20304447200004, 14.087708582000062], [101.20304533900008, 14.087798934000034], [101.20295277300005, 14.087799780000068], [101.20295450600008, 14.08798048400007], [101.20286193900006, 14.087981330000048], [101.20286280600004, 14.088071683000067], [101.20277023900007, 14.088072529000044], [101.20277207500004, 14.088263892000043], [101.20277543900005, 14.08861464100005], [101.20268287200008, 14.088615487000027], [101.20268532700004, 14.088871443000073]]], [[[101.20376766800007, 14.085894772000074], [101.20367510100004, 14.085895618000052], [101.20367339700005, 14.085717956000053], [101.20457432700005, 14.086555665000049], [101.20424910700007, 14.087829448000036], [101.20424697400006, 14.08760722900007], [101.20415440800008, 14.087608075000048], [101.20415354100004, 14.087517723000076], [101.20406097300008, 14.087518570000043], [101.20405924000005, 14.087337866000041], [101.20396667200004, 14.087338712000076], [101.20395973600006, 14.086615895000023], [101.20386717000008, 14.086616741000057], [101.20386543600006, 14.086436038000045], [101.20377286900003, 14.086436884000022], [101.20376766800007, 14.085894772000074]]], [[[101.20406617700007, 14.088060681000059], [101.20415874300005, 14.088059835000024], [101.20415787600007, 14.087969483000052], [101.20421348300005, 14.087968974000034], [101.20408512300008, 14.08847171800005], [101.20306108800008, 14.088764142000059], [101.20308233000009, 14.088727821000077], [101.20325279000008, 14.088519918000031], [101.20351511000007, 14.088517520000039], [101.20351424300009, 14.088427168000067], [101.20360681000005, 14.088426321000043], [101.20360594300007, 14.08833597000006], [101.20369851000004, 14.088335124000025], [101.20369782600005, 14.088263892000043], [101.20369764300005, 14.088244772000053], [101.20388277700005, 14.088243078000062], [101.20388191000006, 14.088152727000022], [101.20406704400006, 14.088151033000031], [101.20406617700007, 14.088060681000059]]]]}, "properties": {"OBJECTID": 3750445, "F_area": 95081.97457191, "F_createdAt": 1791075960000, "F_createdBy": "66b07c8034c2963abcdb9bb8", "F_id": "6ac1a678f87f84ff1d0c885d", "F_updatedAt": 1791075960000, "F_updatedBy": "66b07c8034c2963abcdb9bb8", "ap_en": "AMPHOE PAK PHLI", "ap_idn": 2602, "ap_tn": "อ.ปากพลี", "building": 0, "cassava_area": null, "f_area_1": 95081.97457191, "file_name": "S1C_20260928_0550, S1C_20260928_1819, S1D_20260929_1812, S1D_20261002_0609", "h3_address": "8964a4dad97ffff", "h3_area": 124287.92610444, "hospital": 0, "length_road": 0, "maize_area": null, "mongo_id": "6ac14bebd702c2e8730e0ff7", "population": 41, "pv_en": "Changwat Nakhon Nayok", "pv_idn": 26, "pv_tn": "จ.นครนายก", "re_royin": "Central", "re_royin_2": "Central", "rice_area": 0, "school": 0, "sugarcane_area": null, "tb_en": "THA RUEA", "tb_idn": 260205, "tb_tn": "ต.ท่าเรือ", "sync_datetime": 1791104846000, "source_api": "/features/flood/7days", "GlobalID": "{804BC7EC-D4C0-464E-A263-62E0FD89C3E0}", "Shape__Area": 7.952965671618501e-06, "Shape__Length": 0.01999135043564421}}, {"type": "Feature", "id": 3750448, "geometry": {"type": "MultiPolygon", "coordinates": [[[[101.28788059000004, 14.07309390000006], [101.28779497100004, 14.073094712000056], [101.28779688400004, 14.073080669000035], [101.28785954800009, 14.072897006000062], [101.28814735100008, 14.071980176000068], [101.28820642300008, 14.07185275200004], [101.28940906600008, 14.072970559000055], [101.28892051200006, 14.074886597000045], [101.28697045000007, 14.075444250000032], [101.28679154700006, 14.07527796900007], [101.28679149500005, 14.07527275800004], [101.28688405200006, 14.07527188000006], [101.28688225400003, 14.075091187000055], [101.28697481000006, 14.075090309000075], [101.28697391100008, 14.07499996200005], [101.28706646700005, 14.07499908400007], [101.28706556800006, 14.074908738000033], [101.28734323700007, 14.074906105000025], [101.28734413700005, 14.07499645200005], [101.28762180600006, 14.074993819000042], [101.28762090700008, 14.074903472000074], [101.28771346300005, 14.074902594000037], [101.28771166400008, 14.074721900000043], [101.28761910800006, 14.074722778000023], [101.28761641100004, 14.07445173700006], [101.28770896600008, 14.074450859000024], [101.28770716900004, 14.074270166000076], [101.28761461200008, 14.074271044000056], [101.28761371300004, 14.074180697000031], [101.28731271700008, 14.074183550000043], [101.28732754500004, 14.074152904000073], [101.28745677700005, 14.073911118000069], [101.28807379500006, 14.073905267000043], [101.28807469500003, 14.073995614000069], [101.28844491900009, 14.073992102000034], [101.28844401900005, 14.073901755000065], [101.28853657500008, 14.073900877000028], [101.28853567500005, 14.07381053000006], [101.28844311900008, 14.07381140800004], [101.28844222000004, 14.073721061000072], [101.28834966400007, 14.073721939000052], [101.28834876500008, 14.073631592000027], [101.28825620900005, 14.073632470000064], [101.28825531000007, 14.073542123000038], [101.28816275400004, 14.073543001000075], [101.28816185400007, 14.07345265400005], [101.28806929900009, 14.07345353200003], [101.28806839900005, 14.073363185000062], [101.28797584400007, 14.073364063000042], [101.28797404500006, 14.073183369000049], [101.28788149000007, 14.073184247000029], [101.28788059000004, 14.07309390000006]]], [[[101.28676632900005, 14.07274304200007], [101.28630355100006, 14.07274742800007], [101.28630265300006, 14.072657081000045], [101.28587224100005, 14.072661159000063], [101.28599753200007, 14.07216980800007], [101.28794758100008, 14.071612167000069], [101.28813544800005, 14.07178678300005], [101.28806104100005, 14.071947300000033], [101.28777135300004, 14.072869585000035], [101.28769426800005, 14.073095667000075], [101.28751036800008, 14.073097411000049], [101.28750947000003, 14.073007064000024], [101.28732435800003, 14.073008819000052], [101.28732346000004, 14.072918472000026], [101.28723090400007, 14.072919349000074], [101.28722910600004, 14.072738655000023], [101.28713655100006, 14.07273953300006], [101.28713565100009, 14.072649186000035], [101.28704309700004, 14.072650063000026], [101.28704219700006, 14.072559716000058], [101.28685708600005, 14.072561471000029], [101.28685798600009, 14.072651818000054], [101.28676543000006, 14.072652696000034], [101.28676632900005, 14.07274304200007]]], [[[101.28723629700005, 14.073461432000045], [101.28723719700008, 14.073551778000024], [101.28732975200006, 14.073550901000033], [101.28733244900008, 14.073821941000062], [101.28740067000007, 14.073821294000027], [101.28724281900008, 14.074116893000053], [101.28724259000006, 14.074093860000062], [101.28705747800007, 14.074095615000033], [101.28705657900008, 14.074005268000064], [101.28650124400008, 14.074010532000045], [101.28650034400005, 14.073920185000077], [101.28631523200005, 14.073921939000059], [101.28631433400005, 14.073831593000023], [101.28622177700004, 14.073832469000024], [101.28622087900004, 14.073742123000045], [101.28575810000007, 14.073746508000056], [101.28575720100008, 14.07365616100003], [101.28561818700007, 14.07365747800003], [101.28577985800007, 14.073023456000044], [101.28602858000005, 14.073021100000062], [101.28602947800005, 14.07311144700003], [101.28621458900005, 14.073109693000049], [101.28621548800004, 14.073200040000074], [101.28649315500007, 14.073197409000045], [101.28649405300007, 14.07328775600007], [101.28677172100004, 14.073285124000051], [101.28677261900003, 14.073375471000077], [101.28714284200004, 14.073371962000067], [101.28714374200007, 14.073462308000046], [101.28723629700005, 14.073461432000045]]]]}, "properties": {"OBJECTID": 3750448, "F_area": 81178.97169085, "F_createdAt": 1791076014000, "F_createdBy": "66b07c8034c2963abcdb9bb8", "F_id": "6ac1a6ad0eb2b2617ae7ad46", "F_updatedAt": 1791076014000, "F_updatedBy": "66b07c8034c2963abcdb9bb8", "ap_en": "AMPHOE PAK PHLI", "ap_idn": 2602, "ap_tn": "อ.ปากพลี", "building": 0, "cassava_area": null, "f_area_1": 81178.97169085, "file_name": "S1C_20260928_0550, S1C_20260928_1819, S1D_20260929_1812, S1D_20261002_0609", "h3_address": "896599a4bc7ffff", "h3_area": 124260.68453915, "hospital": 0, "length_road": 56.30338487, "maize_area": null, "mongo_id": "6ac14c620eb2b2617ae4a7a3", "population": 0, "pv_en": "Changwat Nakhon Nayok", "pv_idn": 26, "pv_tn": "จ.นครนายก", "re_royin": "Central", "re_royin_2": "Central", "rice_area": 0, "school": 0, "sugarcane_area": null, "tb_en": "THA RUEA", "tb_idn": 260203, "tb_tn": "ต.ปากพลี", "sync_datetime": 1791104879000, "source_api": "/features/flood/7days", "GlobalID": "{1BF267CE-4216-4035-9A60-AADF50192E39}", "Shape__Area": 6.788926828498502e-06, "Shape__Length": 0.025406411571405947}}, {"type": "Feature", "id": 3750454, "geometry": {"type": "MultiPolygon", "coordinates": [[[[101.19215830100006, 14.207535111000027], [101.19206568600003, 14.20753596000003], [101.19206712900007, 14.207685859000037], [101.19178961900008, 14.207428032000053], [101.19206219400007, 14.206361314000048], [101.19233222100007, 14.206358840000064], [101.19233309100008, 14.206449192000036], [101.19261093800009, 14.206446645000028], [101.19261006800008, 14.206356293000056], [101.19270268300005, 14.206355444000053], [101.19270181300004, 14.206265092000024], [101.19279442900006, 14.206264244000067], [101.19279181800005, 14.205993188000036], [101.19269920200009, 14.205994037000039], [101.19269833200008, 14.205903685000067], [101.19260571700005, 14.20590453400007], [101.19260397700003, 14.205723830000068], [101.19269659100007, 14.205722981000065], [101.19269572100006, 14.205632629000036], [101.19278833700008, 14.205631780000033], [101.19278746600008, 14.20554142900005], [101.19288008100006, 14.205540580000047], [101.19287921100005, 14.205450228000075], [101.19297182600008, 14.205449379000072], [101.19297095600007, 14.205359027000043], [101.19343403100004, 14.205354782000029], [101.19343316100009, 14.205264429000067], [101.19352577600006, 14.205263580000064], [101.19352490600005, 14.205173228000035], [101.19361752100008, 14.205172379000032], [101.19361711700009, 14.205130474000043], [101.19423066300004, 14.20495530900007], [101.19473139000007, 14.205420523000043], [101.19473238400008, 14.205523592000077], [101.19482499900005, 14.205522742000028], [101.19483022600008, 14.206064852000054], [101.19473761000006, 14.206065702000046], [101.19473848100006, 14.206156054000076], [101.19464586600009, 14.206156903000021], [101.19465196300007, 14.206789366000066], [101.19455934800004, 14.206790216000059], [101.19456021900004, 14.206880567000042], [101.19446760300008, 14.206881417000034], [101.19446847400008, 14.206971768000074], [101.19437585900005, 14.206972618000066], [101.19437672900006, 14.207062970000038], [101.19428411300004, 14.20706382000003], [101.19428672700008, 14.207334875000072], [101.19419411100006, 14.207335725000064], [101.19419498200006, 14.207426076000047], [101.19410236600004, 14.20742692600004], [101.19410323700004, 14.207517278000068], [101.19382538900004, 14.207519827000056], [101.19382451800004, 14.207429474000037], [101.19373190300007, 14.207430324000029], [101.19373103100008, 14.207339972000057], [101.19363841500007, 14.207340822000049], [101.19363754500006, 14.207250470000076], [101.19354492900004, 14.207251320000069], [101.19354405900003, 14.20716096700005], [101.19326621100004, 14.207163515000047], [101.19326708200003, 14.207253867000077], [101.19317446600007, 14.207254716000023], [101.19317533700007, 14.207345069000041], [101.19280487300006, 14.207348465000052], [101.19280574300006, 14.207438817000025], [101.19271312700005, 14.207439666000028], [101.19271399700006, 14.207530018000057], [101.19262138100004, 14.20753086700006], [101.19262225200004, 14.207621219000032], [101.19252963600007, 14.207622068000035], [101.19252876500008, 14.207531716000062], [101.19243615000005, 14.207532565000065], [101.19243527900005, 14.207442213000036], [101.19215743100006, 14.207444759000055], [101.19215830100006, 14.207535111000027]]], [[[101.19309403700004, 14.208520491000058], [101.19318665400004, 14.208519642000056], [101.19318866000003, 14.208727832000022], [101.19287043400004, 14.208432182000024], [101.19309316600004, 14.20843013900003], [101.19309403700004, 14.208520491000058]]]]}, "properties": {"OBJECTID": 3750454, "F_area": 59981.25784858, "F_createdAt": 1791075958000, "F_createdBy": "66b07c8034c2963abcdb9bb8", "F_id": "6ac1a676f7a763741bd4db70", "F_updatedAt": 1791075958000, "F_updatedBy": "66b07c8034c2963abcdb9bb8", "ap_en": "AMPHOE MUEANG NAKHON NAYOK", "ap_idn": 2601, "ap_tn": "อ.เมืองนครนายก", "building": 0, "cassava_area": null, "f_area_1": 59981.25784858, "file_name": "S1C_20260928_0550, S1C_20260928_1819, S1D_20260929_1812, S1D_20261002_0609", "h3_address": "8964a4d8a53ffff", "h3_area": 124235.50153906, "hospital": 0, "length_road": 0, "maize_area": null, "mongo_id": "6ac14be86148f8329d55a90d", "population": 0, "pv_en": "Changwat Nakhon Nayok", "pv_idn": 26, "pv_tn": "จ.นครนายก", "re_royin": "Central", "re_royin_2": "Central", "rice_area": 0, "school": 0, "sugarcane_area": null, "tb_en": "THA CHANG", "tb_idn": 260102, "tb_tn": "ต.ท่าช้าง", "sync_datetime": 1791104844000, "source_api": "/features/flood/7days", "GlobalID": "{981D3FDE-E3AD-4A09-A033-579B1DC55924}", "Shape__Area": 5.019661378836001e-06, "Shape__Length": 0.013380350077717445}}, {"type": "Feature", "id": 3750469, "geometry": {"type": "Polygon", "coordinates": [[[101.02426671300003, 14.139431118000061], [101.02426751300004, 14.139521481000031], [101.02417491500006, 14.139522260000035], [101.02417571400008, 14.139612622000072], [101.02380532000006, 14.139615743000036], [101.02380452000006, 14.139525381000055], [101.02371192100009, 14.139526161000049], [101.02371112300006, 14.139435799000069], [101.02361852400009, 14.139436579000062], [101.02361772500007, 14.139346216000035], [101.02352512600004, 14.139346997000075], [101.02352193000007, 14.13898554800005], [101.02361452700006, 14.138984768000057], [101.02361372900003, 14.138894406000077], [101.02370632700007, 14.138893625000037], [101.02370552700006, 14.138803263000057], [101.02379812600009, 14.138802483000063], [101.02379732600008, 14.138712121000026], [101.02388992500005, 14.138711342000022], [101.02388912600009, 14.138620979000052], [101.02398172300008, 14.138620199000059], [101.02398012500004, 14.138439475000041], [101.02407272300007, 14.138438695000048], [101.02407192400005, 14.138348332000078], [101.02434971800005, 14.13834599200004], [101.02434891800004, 14.13825563000006], [101.02444151600008, 14.138254849000077], [101.02444071700006, 14.13816448700004], [101.02453331400005, 14.138163707000047], [101.02453251500003, 14.138073345000066], [101.02462511300007, 14.138072565000073], [101.02462431300006, 14.137982203000035], [101.02471691100004, 14.137981422000053], [101.02471611200008, 14.137891060000072], [101.02480870900007, 14.137890280000022], [101.02480802100007, 14.137812455000073], [101.02485340700008, 14.137799534000067], [101.02490050800009, 14.137799138000048], [101.02490039300005, 14.13778615800004], [101.02502864200005, 14.137749646000032], [101.02573936600004, 14.138410943000054], [101.02573948800006, 14.138424648000068], [101.02564688900009, 14.138425428000062], [101.02564848900005, 14.138606152000023], [101.02555589100007, 14.138606933000062], [101.02555669200007, 14.138697295000043], [101.02537149500006, 14.138698856000076], [101.02537229500007, 14.138789218000056], [101.02527969700009, 14.13878999900004], [101.02528049700004, 14.138880361000076], [101.02518789900006, 14.13888114200006], [101.02518869800008, 14.13897150400004], [101.02509610000004, 14.138972284000033], [101.02509690000005, 14.13906264600007], [101.02491170300004, 14.139064208000036], [101.02491250400004, 14.139154570000073], [101.02481990500007, 14.139155350000067], [101.02482070500008, 14.139245712000047], [101.02463550800007, 14.139247273000024], [101.02463630800008, 14.13933763500006], [101.02445111100008, 14.139339195000048], [101.02445191100009, 14.139429558000074], [101.02426671300003, 14.139431118000061]]]}, "properties": {"OBJECTID": 3750469, "F_area": 25141.29250018, "F_createdAt": 1791075940000, "F_createdBy": "66b07c8034c2963abcdb9bb8", "F_id": "6ac1a6646b93253c8e261f2f", "F_updatedAt": 1791075940000, "F_updatedBy": "66b07c8034c2963abcdb9bb8", "ap_en": "AMPHOE ONGKHARAK", "ap_idn": 2604, "ap_tn": "อ.องครักษ์", "building": 0, "cassava_area": null, "f_area_1": 25141.29250018, "file_name": "S1C_20260928_0550, S1C_20260928_1819, S1D_20260929_1812, S1D_20261002_0609", "h3_address": "8964a4c08dbffff", "h3_area": 124332.99601648, "hospital": 0, "length_road": 110.31158002, "maize_area": null, "mongo_id": "6ac14bf16148f8329d55ab0b", "population": 0, "pv_en": "Changwat Nakhon Nayok", "pv_idn": 26, "pv_tn": "จ.นครนายก", "re_royin": "Central", "re_royin_2": "Central", "rice_area": 0, "school": 0, "sugarcane_area": null, "tb_en": "SAI MUN", "tb_idn": 260406, "tb_tn": "ต.ทรายมูล", "sync_datetime": 1791104833000, "source_api": "/features/flood/7days", "GlobalID": "{D59B5E8E-E2AB-4740-AA48-B88BEE8FD82A}", "Shape__Area": 2.1038218961705004e-06, "Shape__Length": 0.007713509122637333}}, {"type": "Feature", "id": 3750487, "geometry": {"type": "Polygon", "coordinates": [[[101.09281301700008, 13.999173344000042], [101.09282121100006, 14.000078345000077], [101.09251660400008, 14.001269978000039], [101.09056551900005, 14.001826109000035], [101.08910434300009, 14.00046573000003], [101.08959426300004, 13.998549225000033], [101.09154533600008, 13.997993106000024], [101.09281301700008, 13.999173344000042]]]}, "properties": {"OBJECTID": 3750487, "F_area": 123333.13160711, "F_createdAt": 1791075955000, "F_createdBy": "66b07c8034c2963abcdb9bb8", "F_id": "6ac1a67359bd40e65b9d5265", "F_updatedAt": 1791075955000, "F_updatedBy": "66b07c8034c2963abcdb9bb8", "ap_en": "AMPHOE ONGKHARAK", "ap_idn": 2604, "ap_tn": "อ.องครักษ์", "building": 1, "cassava_area": null, "f_area_1": 123333.13160711, "file_name": "S1C_20260928_0550, S1C_20260928_1819, S1D_20260929_1812, S1D_20261002_0609", "h3_address": "8964a4d549bffff", "h3_area": 124371.27923437, "hospital": 0, "length_road": 392.88780103, "maize_area": null, "mongo_id": "6ac14bf16148f8329d55aac8", "population": 0, "pv_en": "Changwat Nakhon Nayok", "pv_idn": 26, "pv_tn": "จ.นครนายก", "re_royin": "Central", "re_royin_2": "Central", "rice_area": 122303.64956972, "school": 0, "sugarcane_area": null, "tb_en": "BANG LUK SUEA", "tb_idn": 260405, "tb_tn": "ต.บางสมบูรณ์", "sync_datetime": 1791104843000, "source_api": "/features/flood/7days", "GlobalID": "{9D3824EE-360C-4098-AC0F-86915C8EA903}", "Shape__Area": 1.0313572352120503e-05, "Shape__Length": 0.011899156083927016}}, {"type": "Feature", "id": 3750493, "geometry": {"type": "MultiPolygon", "coordinates": [[[[101.17873107000008, 14.117025886000022], [101.17879035400006, 14.117025350000063], [101.17879019900005, 14.117009009000071], [101.18065479600006, 14.116476775000024], [101.18211649700004, 14.117835778000028], [101.18162707900007, 14.119751721000057], [101.18020897100007, 14.120156515000076], [101.18020828800007, 14.120084779000024], [101.18030086900006, 14.120083940000029], [101.18029743000005, 14.119722527000022], [101.18020484800007, 14.119723366000073], [101.18020398800007, 14.119633013000055], [101.18011140800007, 14.11963385200005], [101.18011054800007, 14.11954349900003], [101.18001796600004, 14.119544338000026], [101.18001710700008, 14.119453985000064], [101.17992452600004, 14.119454824000059], [101.17992366600004, 14.11936447000005], [101.17983108500005, 14.119365309000045], [101.17983022600004, 14.119274956000027], [101.17973764400006, 14.119275795000021], [101.17973678400006, 14.11918544200006], [101.17918129800006, 14.119190475000039], [101.17918043900005, 14.119100122000077], [101.17881011500003, 14.119103476000078], [101.17881097500003, 14.11919382900004], [101.17848007000003, 14.119196827000053], [101.17844029500009, 14.11915984600006], [101.17843979100007, 14.119106830000021], [101.17838381800004, 14.11910733700006], [101.17834688000005, 14.119072994000021], [101.17834635100007, 14.119017315000065], [101.17828756600005, 14.119017847000066], [101.17825346500007, 14.11898614200004], [101.17825205100007, 14.118837447000033], [101.17824286700005, 14.118837530000064], [101.17868246800003, 14.117116687000077], [101.17869863300007, 14.11711654100003], [101.17869805400005, 14.117055673000038], [101.17870366500006, 14.117033709000054], [101.17873107000008, 14.117025886000022]]], [[[101.18014160200005, 14.12017574500004], [101.17983961600004, 14.120261944000049], [101.17983882200008, 14.120178489000068], [101.18014160200005, 14.12017574500004]]], [[[101.17981465700007, 14.120269069000074], [101.17974727800004, 14.120288302000063], [101.17974710000004, 14.120269681000025], [101.17981465700007, 14.120269069000074]]]]}, "properties": {"OBJECTID": 3750493, "F_area": 110397.12890986, "F_createdAt": 1791075960000, "F_createdBy": "66b07c8034c2963abcdb9bb8", "F_id": "6ac1a6778da6ddc61fa4a2e7", "F_updatedAt": 1791075960000, "F_updatedBy": "66b07c8034c2963abcdb9bb8", "ap_en": "AMPHOE MUEANG NAKHON NAYOK", "ap_idn": 2601, "ap_tn": "อ.เมืองนครนายก", "building": 0, "cassava_area": null, "f_area_1": 110397.12890986, "file_name": "S1C_20260928_0550, S1C_20260928_1819, S1D_20260929_1812, S1D_20261002_0609", "h3_address": "8964a4da90fffff", "h3_area": 124282.29442588, "hospital": 0, "length_road": 0, "maize_area": null, "mongo_id": "6ac14be9cfa761b4727ce2da", "population": 0, "pv_en": "Changwat Nakhon Nayok", "pv_idn": 26, "pv_tn": "จ.นครนายก", "re_royin": "Central", "re_royin_2": "Central", "rice_area": 0, "school": 0, "sugarcane_area": null, "tb_en": "DONG LAKHON", "tb_idn": 260108, "tb_tn": "ต.ดงละคร", "sync_datetime": 1791104844000, "source_api": "/features/flood/7days", "GlobalID": "{C5782E2C-DB56-45EB-A0FA-620E33721FAB}", "Shape__Area": 9.235475143424003e-06, "Shape__Length": 0.013817182965660346}}, {"type": "Feature", "id": 3750541, "geometry": {"type": "Polygon", "coordinates": [[[101.10482665200004, 14.078374995000047], [101.10482748000004, 14.07846535300007], [101.10399435700003, 14.07847262200005], [101.10399518500009, 14.078562980000072], [101.10350941000007, 14.078567217000057], [101.10364189600006, 14.078049058000033], [101.10559334700008, 14.077492724000024], [101.10604455700008, 14.077912538000021], [101.10602591000008, 14.07791270100006], [101.10602922200007, 14.078274133000036], [101.10593665300007, 14.078274941000075], [101.10593748100007, 14.07836529900004], [101.10584491200007, 14.078366107000022], [101.10584574000006, 14.078456465000045], [101.10538289400006, 14.078460506000056], [101.10538206700005, 14.078370148000033], [101.10482665200004, 14.078374995000047]]]}, "properties": {"OBJECTID": 3750541, "F_area": 20096.88669919, "F_createdAt": 1791075942000, "F_createdBy": "66b07c8034c2963abcdb9bb8", "F_id": "6ac1a6666b93253c8e261fad", "F_updatedAt": 1791075942000, "F_updatedBy": "66b07c8034c2963abcdb9bb8", "ap_en": "AMPHOE ONGKHARAK", "ap_idn": 2604, "ap_tn": "อ.องครักษ์", "building": 0, "cassava_area": null, "f_area_1": 20096.88669919, "file_name": "S1C_20260928_0550, S1C_20260928_1819, S1D_20260929_1812, S1D_20261002_0609", "h3_address": "8964a4c200bffff", "h3_area": 124329.63086487, "hospital": 0, "length_road": 0, "maize_area": null, "mongo_id": "6ac14bf1f7a763741bd1d26c", "population": 0, "pv_en": "Changwat Nakhon Nayok", "pv_idn": 26, "pv_tn": "จ.นครนายก", "re_royin": "Central", "re_royin_2": "Central", "rice_area": 0, "school": 0, "sugarcane_area": null, "tb_en": "BANG SOMBUN", "tb_idn": 260405, "tb_tn": "ต.บางสมบูรณ์", "sync_datetime": 1791104835000, "source_api": "/features/flood/7days", "GlobalID": "{27707479-FF31-4198-87C5-08178E27130F}", "Shape__Area": 1.6811107482630005e-06, "Shape__Length": 0.0065346360217726435}}, {"type": "Feature", "id": 3750548, "geometry": {"type": "MultiPolygon", "coordinates": [[[[101.06486869200006, 14.205414720000022], [101.06486951100004, 14.205505079000034], [101.06496213400004, 14.205504279000024], [101.06496377200006, 14.205684998000038], [101.06491492100008, 14.205685420000066], [101.06433714100007, 14.205148208000026], [101.06449574200008, 14.205146839000065], [101.06449656100006, 14.205237199000067], [101.06458918400006, 14.205236399000057], [101.06459000300003, 14.205326759000059], [101.06477524800005, 14.20532516000003], [101.06477606900006, 14.205415519000042], [101.06486869200006, 14.205414720000022]]], [[[101.06397238000005, 14.204809056000045], [101.06397729700006, 14.20478984700003], [101.06402935100004, 14.20478939800006], [101.06403001500007, 14.204862645000048], [101.06397238000005, 14.204809056000045]]], [[[101.06412343300008, 14.20494950400007], [101.06404825100009, 14.204879601000073], [101.06412279300008, 14.204878958000052], [101.06412343300008, 14.20494950400007]]], [[[101.06421684900005, 14.205036363000033], [101.06414454800006, 14.204969137000035], [101.06421623400007, 14.204968518000044], [101.06421684900005, 14.205036363000033]]], [[[101.06430967700004, 14.205058079000025], [101.06431026700005, 14.205123222000054], [101.06424084400004, 14.205058673000053], [101.06430967700004, 14.205058079000025]]]]}, "properties": {"OBJECTID": 3750548, "F_area": 1090.1529383, "F_createdAt": 1791075942000, "F_createdBy": "66b07c8034c2963abcdb9bb8", "F_id": "6ac1a6666b93253c8e261f97", "F_updatedAt": 1791075942000, "F_updatedBy": "66b07c8034c2963abcdb9bb8", "ap_en": "AMPHOE BAN NA", "ap_idn": 2603, "ap_tn": "อ.บ้านนา", "building": 0, "cassava_area": null, "f_area_1": 1090.1529383, "file_name": "S1C_20260928_0550, S1C_20260928_1819, S1D_20260929_1812, S1D_20261002_0609", "h3_address": "8964a4c1e67ffff", "h3_area": 124286.61849569, "hospital": 0, "length_road": 0, "maize_area": null, "mongo_id": "6ac14becded8743f6e0ed1d1", "population": 0, "pv_en": "Changwat Nakhon Nayok", "pv_idn": 26, "pv_tn": "จ.นครนายก", "re_royin": "Central", "re_royin_2": "Central", "rice_area": 0, "school": 0, "sugarcane_area": null, "tb_en": "BANG O", "tb_idn": 260305, "tb_tn": "ต.ทองหลาง", "sync_datetime": 1791104835000, "source_api": "/features/flood/7days", "GlobalID": "{BAB34318-21D9-429E-8BDE-5BAE3772583A}", "Shape__Area": 9.124557063450003e-08, "Shape__Length": 0.0029403346563750188}}, {"type": "Feature", "id": 3750610, "geometry": {"type": "Polygon", "coordinates": [[[101.17958201200008, 14.132108471000038], [101.17961652100007, 14.132108157000062], [101.18015220000007, 14.132606149000026], [101.18011899400005, 14.132736127000044], [101.18005096700006, 14.132736744000056], [101.18005010600007, 14.132646391000037], [101.17995751900008, 14.132647231000021], [101.17995666000007, 14.13255687800006], [101.17986407300003, 14.132557717000054], [101.17986321200004, 14.132467364000036], [101.17967804000006, 14.13246904400006], [101.17967717900007, 14.132378691000042], [101.17958459300007, 14.132379530000037], [101.17958373200008, 14.132289177000075], [101.17949114600003, 14.13229001700006], [101.17949028600003, 14.13219966400004], [101.17958287200008, 14.132198824000056], [101.17958201200008, 14.132108471000038]]]}, "properties": {"OBJECTID": 3750610, "F_area": 1452.56083864, "F_createdAt": 1791075943000, "F_createdBy": "66b07c8034c2963abcdb9bb8", "F_id": "6ac1a667ded8743f6e11d0c7", "F_updatedAt": 1791075943000, "F_updatedBy": "66b07c8034c2963abcdb9bb8", "ap_en": "AMPHOE MUEANG NAKHON NAYOK", "ap_idn": 2601, "ap_tn": "อ.เมืองนครนายก", "building": 0, "cassava_area": null, "f_area_1": 1452.56083864, "file_name": "S1C_20260928_0550, S1C_20260928_1819, S1D_20260929_1812, S1D_20261002_0609", "h3_address": "8964a4c36dbffff", "h3_area": 124276.20314917, "hospital": 0, "length_road": 0, "maize_area": null, "mongo_id": "6ac14be9cfa761b4727ce2e5", "population": 0, "pv_en": "Changwat Nakhon Nayok", "pv_idn": 26, "pv_tn": "จ.นครนายก", "re_royin": "Central", "re_royin_2": "Central", "rice_area": 0, "school": 0, "sugarcane_area": null, "tb_en": "DONG LAKHON", "tb_idn": 260108, "tb_tn": "ต.ดงละคร", "sync_datetime": 1791104835000, "source_api": "/features/flood/7days", "GlobalID": "{7163F9E1-880D-4082-BD1D-92AEC2BDC5DC}", "Shape__Area": 1.2152437862650002e-07, "Shape__Length": 0.002248724565169018}}, {"type": "Feature", "id": 3750616, "geometry": {"type": "Polygon", "coordinates": [[[101.25602899100005, 14.091013495000027], [101.25587856400006, 14.09101490300003], [101.25625090000005, 14.08955549500007], [101.25820128000004, 14.088998042000071], [101.25966284800006, 14.090356576000033], [101.25917404700004, 14.092272568000055], [101.25722365300004, 14.092830033000041], [101.25631627500007, 14.09198662700004], [101.25631556600007, 14.091914382000027], [101.25640813000007, 14.091913515000044], [101.25640724300007, 14.09182316700003], [101.25649980800006, 14.091822300000047], [101.25649891900008, 14.091731951000042], [101.25659148500006, 14.09173108400006], [101.25658793200006, 14.091369689000032], [101.25649536700007, 14.091370556000072], [101.25649447900008, 14.091280207000068], [101.25621678500005, 14.091282807000027], [101.25621589600007, 14.09119245900007], [101.25612333200007, 14.091193325000063], [101.25612244400008, 14.091102976000059], [101.25602987900004, 14.091103843000042], [101.25602899100005, 14.091013495000027]]]}, "properties": {"OBJECTID": 3750616, "F_area": 118795.55953977, "F_createdAt": 1791075959000, "F_createdBy": "66b07c8034c2963abcdb9bb8", "F_id": "6ac1a6770eb2b2617ae7a55d", "F_updatedAt": 1791075959000, "F_updatedBy": "66b07c8034c2963abcdb9bb8", "ap_en": "AMPHOE PAK PHLI", "ap_idn": 2602, "ap_tn": "อ.ปากพลี", "building": 0, "cassava_area": null, "f_area_1": 118795.55953977, "file_name": "S1C_20260928_0550, S1C_20260928_1819, S1D_20260929_1812, S1D_20261002_0609", "h3_address": "8964a4da533ffff", "h3_area": 124264.46515876, "hospital": 0, "length_road": 0, "maize_area": null, "mongo_id": "6ac14bebf7a763741bd1d170", "population": 0, "pv_en": "Changwat Nakhon Nayok", "pv_idn": 26, "pv_tn": "จ.นครนายก", "re_royin": "Central", "re_royin_2": "Central", "rice_area": 0, "school": 0, "sugarcane_area": null, "tb_en": "THA RUEA", "tb_idn": 260205, "tb_tn": "ต.ท่าเรือ", "sync_datetime": 1791104844000, "source_api": "/features/flood/7days", "GlobalID": "{492E958E-A940-4620-9689-6B0603946DD5}", "Shape__Area": 9.935904914302002e-06, "Shape__Length": 0.0127340872885728}}, {"type": "Feature", "id": 3750623, "geometry": {"type": "MultiPolygon", "coordinates": [[[[100.92455243100005, 14.142329185000051], [100.92455167100007, 14.142238817000077], [100.92531162500006, 14.142232727000021], [100.92596143000009, 14.14283768000007], [100.92583954500009, 14.14331297900003], [100.92557945600004, 14.143315064000035], [100.92557869600006, 14.143224696000061], [100.92548609000005, 14.143225439000048], [100.92548532900008, 14.143135072000064], [100.92455927400005, 14.143142493000028], [100.92455851400007, 14.143052125000054], [100.92446590800006, 14.143052867000051], [100.92445982600003, 14.142329927000048], [100.92455243100005, 14.142329185000051]]], [[[100.92371518300007, 14.141884022000056], [100.92334476300005, 14.141886988000067], [100.92334407600003, 14.14180519000007], [100.92417558900007, 14.141568865000067], [100.92417592900006, 14.141609211000059], [100.92408332400004, 14.141609953000057], [100.92408408400007, 14.14170032000004], [100.92399147900005, 14.141701062000038], [100.92399223800004, 14.141791430000069], [100.92371442300004, 14.141793655000072], [100.92371518300007, 14.141884022000056]]]]}, "properties": {"OBJECTID": 3750623, "F_area": 15352.92681308, "F_createdAt": 1791075944000, "F_createdBy": "66b07c8034c2963abcdb9bb8", "F_id": "6ac1a6676148f8329d58c087", "F_updatedAt": 1791075944000, "F_updatedBy": "66b07c8034c2963abcdb9bb8", "ap_en": "AMPHOE ONGKHARAK", "ap_idn": 2604, "ap_tn": "อ.องครักษ์", "building": 0, "cassava_area": null, "f_area_1": 15352.92681308, "file_name": "S1C_20260928_0550, S1C_20260928_1819, S1D_20260929_1812, S1D_20261002_0609", "h3_address": "8964a4c510bffff", "h3_area": 124369.92483869, "hospital": 0, "length_road": 0, "maize_area": null, "mongo_id": "6ac14bf2f87f84ff1d097f7c", "population": 0, "pv_en": "Changwat Nakhon Nayok", "pv_idn": 26, "pv_tn": "จ.นครนายก", "re_royin": "Central", "re_royin_2": "Central", "rice_area": 0, "school": 0, "sugarcane_area": null, "tb_en": "BANG PLA KOT", "tb_idn": 260407, "tb_tn": "ต.บางปลากด", "sync_datetime": 1791104835000, "source_api": "/features/flood/7days", "GlobalID": "{15F94FBB-E063-4B3B-876A-940ABD93B7F5}", "Shape__Area": 1.2848998435475004e-06, "Shape__Length": 0.006778104130608668}}, {"type": "Feature", "id": 3750625, "geometry": {"type": "MultiPolygon", "coordinates": [[[[100.94552338100004, 14.037869758000056], [100.94552414400005, 14.03796012500004], [100.94560296800006, 14.037959491000038], [100.94516592100007, 14.039665214000024], [100.94452182100008, 14.039848353000025], [100.94452120800008, 14.039775660000032], [100.94461377100004, 14.039774916000056], [100.94461300900008, 14.039684549000071], [100.94452044600007, 14.039685292000058], [100.94451968300007, 14.039594926000063], [100.94255908800005, 14.039610682000045], [100.94175218900006, 14.038858998000023], [100.94209122800004, 14.03753584900005], [100.94209553900004, 14.03753581500007], [100.94209540200006, 14.037519558000042], [100.94211443200004, 14.037445289000061], [100.94311295900008, 14.037437269000065], [100.94311219700006, 14.037346901000035], [100.94320475900008, 14.037346157000059], [100.94320399800006, 14.037255790000074], [100.94338912100005, 14.037254302000065], [100.94338988300007, 14.037344670000039], [100.94348244500009, 14.037343926000062], [100.94348320700004, 14.037434294000036], [100.94394601600004, 14.037430574000041], [100.94394677800005, 14.037520942000071], [100.94431702600008, 14.037517966000053], [100.94431626400007, 14.037427598000022], [100.94468651100004, 14.03742462100007], [100.94468727400005, 14.037514989000044], [100.94477983600007, 14.037514244000022], [100.94478059800008, 14.037604612000052], [100.94487316000004, 14.037603868000076], [100.94487392300005, 14.03769423500006], [100.94496648400008, 14.037693491000027], [100.94496572200006, 14.037603123000054], [100.94505828400008, 14.037602379000077], [100.94505752100008, 14.037512011000047], [100.94515008300004, 14.03751126800006], [100.94514932000004, 14.03742090000003], [100.94530367500005, 14.037419658000033], [100.94533469000004, 14.037448551000068], [100.94533520600004, 14.037509778000071], [100.94539985700004, 14.037509258000057], [100.94542799100009, 14.037535467000055], [100.94543081900008, 14.037870503000022], [100.94552338100004, 14.037869758000056]]], [[[100.94445784500004, 14.039866543000073], [100.94442947400006, 14.039874610000027], [100.94442940700009, 14.039866772000039], [100.94445784500004, 14.039866543000073]]], [[[100.94368966700006, 14.03996309200005], [100.94369042900007, 14.040053459000035], [100.94378299200008, 14.040052716000048], [100.94378304000008, 14.04005840900004], [100.94321352900005, 14.040220336000061], [100.94294382000004, 14.039969086000042], [100.94368966700006, 14.03996309200005]]]]}, "properties": {"OBJECTID": 3750625, "F_area": 89913.97536462, "F_createdAt": 1791075944000, "F_createdBy": "66b07c8034c2963abcdb9bb8", "F_id": "6ac1a6683acc4fe5693ff753", "F_updatedAt": 1791075944000, "F_updatedBy": "66b07c8034c2963abcdb9bb8", "ap_en": "AMPHOE ONGKHARAK", "ap_idn": 2604, "ap_tn": "อ.องครักษ์", "building": 0, "cassava_area": null, "f_area_1": 89913.97536462, "file_name": "S1C_20260928_0550, S1C_20260928_1819, S1D_20260929_1812, S1D_20261002_0609", "h3_address": "8964a4c60cfffff", "h3_area": 124410.83227908, "hospital": 0, "length_road": 0, "maize_area": null, "mongo_id": "6ac14beef87f84ff1d097ec1", "population": 0, "pv_en": "Changwat Nakhon Nayok", "pv_idn": 26, "pv_tn": "จ.นครนายก", "re_royin": "Central", "re_royin_2": "Central", "rice_area": 62525.22536053, "school": 0, "sugarcane_area": null, "tb_en": "BUENG SAN", "tb_idn": 260402, "tb_tn": "ต.บึงศาล", "sync_datetime": 1791104835000, "source_api": "/features/flood/7days", "GlobalID": "{F5382D20-4206-45ED-80D1-3D421CD4CC63}", "Shape__Area": 7.521462578885502e-06, "Shape__Length": 0.014433877750701912}}, {"type": "Feature", "id": 3750630, "geometry": {"type": "Polygon", "coordinates": [[[101.18256462400007, 14.114732116000027], [101.18256376400007, 14.114641763000066], [101.18237860600004, 14.114643442000045], [101.18237946600004, 14.114733795000063], [101.18228688800008, 14.114734635000048], [101.18228774700003, 14.114824988000066], [101.18219516800008, 14.114825827000061], [101.18219602900007, 14.114916180000023], [101.18210344900007, 14.114917020000064], [101.18210431000006, 14.115007373000026], [101.18201173100005, 14.115008213000067], [101.18201087000006, 14.114917860000048], [101.18191829100004, 14.114918699000043], [101.18191743100004, 14.114828346000024], [101.18154711400007, 14.11483170400004], [101.18154797500006, 14.114922058000047], [101.18145539500006, 14.114922897000042], [101.18145625600005, 14.115013250000061], [101.18136367600005, 14.115014089000056], [101.18136453700004, 14.115104443000064], [101.18127195700004, 14.115105282000059], [101.18127281700004, 14.115195635000077], [101.18118023800008, 14.115196474000072], [101.18118109700004, 14.115286827000034], [101.18108851800008, 14.115287667000075], [101.18108937800008, 14.115378020000037], [101.18118195700004, 14.115377180000053], [101.18118281800008, 14.11546753400006], [101.18192345300008, 14.115460819000077], [101.18192259200003, 14.115370466000059], [101.18201517200004, 14.115369626000074], [101.18201431100005, 14.115279273000056], [101.18210689100005, 14.115278433000071], [101.18210775100005, 14.115368786000033], [101.18220033000006, 14.115367947000038], [101.18220119000006, 14.115458300000057], [101.18229377000006, 14.115457460000073], [101.18229463100005, 14.115547813000035], [101.18257236800008, 14.115545294000071], [101.18257150800008, 14.115454941000053], [101.18303440500006, 14.115450741000075], [101.18303526600005, 14.115541094000037], [101.18312784400007, 14.115540254000052], [101.18312956600005, 14.115720960000033], [101.18322214600005, 14.115720120000049], [101.18322300600005, 14.115810473000067], [101.18340816500006, 14.115808794000031], [101.18340902600005, 14.11589914700005], [101.18350160500006, 14.115898307000066], [101.18350504900008, 14.116259719000027], [101.18341246900007, 14.116260559000068], [101.18341591300003, 14.11662197100003], [101.18332333300003, 14.11662281100007], [101.18332591600006, 14.116893871000059], [101.18323333600006, 14.116894711000043], [101.18323419700005, 14.116985064000062], [101.18314161700005, 14.116985904000046], [101.18314247700005, 14.117076257000065], [101.18304989800004, 14.117077097000049], [101.18305334100006, 14.117438509000067], [101.18314592100006, 14.117437669000026], [101.18314678100006, 14.117528022000045], [101.18319619000005, 14.117527574000064], [101.18211649700004, 14.117835778000028], [101.18065479600006, 14.116476775000024], [101.18114421600006, 14.114560819000076], [101.18309531400007, 14.114003871000023], [101.18455700300007, 14.115362869000023], [101.18407019100005, 14.117268702000047], [101.18406311000007, 14.116525736000028], [101.18397053000007, 14.116526577000059], [101.18396708600005, 14.116165164000051], [101.18405966500006, 14.116164323000078], [101.18405880400007, 14.116073970000059], [101.18415138400007, 14.116073130000075], [101.18414880000006, 14.115802071000076], [101.18405622100005, 14.11580291200005], [101.18405535900007, 14.11571255900003], [101.18396278000006, 14.115713399000072], [101.18396192000006, 14.115623046000053], [101.18386934000006, 14.115623887000027], [101.18386847900007, 14.115533534000065], [101.18349816200003, 14.115536894000059], [101.18349730100005, 14.11544654100004], [101.18340472100004, 14.115447381000024], [101.18340386100004, 14.115357028000062], [101.18321870200003, 14.11535870800003], [101.18321784100004, 14.115268355000069], [101.18312526300008, 14.115269195000053], [101.18312354100004, 14.115088489000073], [101.18303096200003, 14.115089329000057], [101.18302924100004, 14.114908623000076], [101.18293666100004, 14.11490946300006], [101.18293580100004, 14.114819109000052], [101.18275064300008, 14.114820789000078], [101.18274978200009, 14.114730436000059], [101.18256462400007, 14.114732116000027]]]}, "properties": {"OBJECTID": 3750630, "F_area": 92948.06826654, "F_createdAt": 1791075960000, "F_createdBy": "66b07c8034c2963abcdb9bb8", "F_id": "6ac1a6778da6ddc61fa4a2e4", "F_updatedAt": 1791075960000, "F_updatedBy": "66b07c8034c2963abcdb9bb8", "ap_en": "AMPHOE MUEANG NAKHON NAYOK", "ap_idn": 2601, "ap_tn": "อ.เมืองนครนายก", "building": 0, "cassava_area": null, "f_area_1": 92948.06826654, "file_name": "S1C_20260928_0550, S1C_20260928_1819, S1D_20260929_1812, S1D_20261002_0609", "h3_address": "8964a4da903ffff", "h3_area": 124282.48347841, "hospital": 0, "length_road": 0, "maize_area": null, "mongo_id": "6ac14be9ded8743f6e0ed13d", "population": 0, "pv_en": "Changwat Nakhon Nayok", "pv_idn": 26, "pv_tn": "จ.นครนายก", "re_royin": "Central", "re_royin_2": "Central", "rice_area": 0, "school": 0, "sugarcane_area": null, "tb_en": "DONG LAKHON", "tb_idn": 260108, "tb_tn": "ต.ดงละคร", "sync_datetime": 1791104844000, "source_api": "/features/flood/7days", "GlobalID": "{8E5D8439-4C54-4AAA-BD66-51258613A2E5}", "Shape__Area": 7.775639490200502e-06, "Shape__Length": 0.02386863404256526}}, {"type": "Feature", "id": 3750699, "geometry": {"type": "MultiPolygon", "coordinates": [[[[101.10629001300003, 14.096615971000062], [101.10619743600006, 14.096616781000023], [101.10619826600004, 14.096707139000046], [101.10601311200008, 14.096708757000044], [101.10601394100007, 14.096799116000057], [101.10594955300007, 14.096799679000071], [101.10479477100006, 14.095725389000052], [101.10480050300004, 14.095725339000069], [101.10479967500004, 14.095634981000046], [101.10489225000003, 14.095634172000075], [101.10489142200004, 14.095543814000052], [101.10498399800008, 14.09554300600007], [101.10497902600008, 14.095000858000049], [101.10507160200007, 14.095000049000078], [101.10507077300008, 14.094909691000055], [101.10525592400006, 14.094908073000056], [101.10525675400004, 14.094998431000022], [101.10534932900003, 14.09499762300004], [101.10535015800008, 14.095087980000073], [101.10618334000009, 14.09508069800006], [101.10618251100004, 14.094990341000027], [101.10627508700009, 14.094989531000067], [101.10627425700005, 14.094899174000034], [101.10636683300004, 14.094898364000073], [101.10636600300006, 14.09480800700004], [101.10647527400005, 14.094807051000032], [101.10622540500003, 14.095190778000074], [101.10706014800007, 14.095475351000061], [101.10707066700007, 14.095462213000076], [101.10711197900008, 14.095386475000055], [101.10711407400004, 14.095614751000028], [101.10702149900004, 14.095615560000056], [101.10702232800008, 14.095705918000021], [101.10692975200004, 14.09570672700005], [101.10693058200007, 14.095797086000061], [101.10683800500004, 14.095797895000032], [101.10683883500008, 14.095888253000055], [101.10674625800004, 14.095889062000026], [101.10674708900007, 14.095979420000049], [101.10665451200003, 14.095980229000077], [101.10665534100008, 14.096070587000042], [101.10656276500004, 14.09607139700006], [101.10656442500004, 14.096252112000059], [101.10647184800007, 14.09625292100003], [101.10647267700006, 14.096343280000042], [101.10638010100007, 14.09634408900007], [101.10638093000006, 14.096434447000036], [101.10628835400007, 14.096435256000063], [101.10629001300003, 14.096615971000062]]], [[[101.10607998700004, 14.093906856000046], [101.10607915800006, 14.093816498000024], [101.10589400700007, 14.093818117000069], [101.10589317800009, 14.093727758000057], [101.10580060200004, 14.093728568000074], [101.10579779600005, 14.093422622000048], [101.10690588700004, 14.093106713000054], [101.10690735800006, 14.093267068000046], [101.10699993400004, 14.093266259000075], [101.10700076300009, 14.093356616000051], [101.10709333700004, 14.093355807000023], [101.10709416700007, 14.093446164000056], [101.10718674200007, 14.093445355000028], [101.10718923000007, 14.09371642800005], [101.10728180600006, 14.093715618000033], [101.10728263500005, 14.093805976000056], [101.10737521000004, 14.093805166000038], [101.10737604000008, 14.093895524000061], [101.10746861500007, 14.093894715000033], [101.10746778500004, 14.093804357000067], [101.10756036100008, 14.09380354700005], [101.10755953100005, 14.093713189000027], [101.10765210600005, 14.093712380000056], [101.10765143400005, 14.093639160000066], [101.10830679600008, 14.09424884200007], [101.10830511100005, 14.094248857000025], [101.10830594100008, 14.094339214000058], [101.10821336600009, 14.094340024000076], [101.10821419600006, 14.094430382000041], [101.10793647000008, 14.094432811000047], [101.10793564000005, 14.09434245400007], [101.10765791400007, 14.094344884000066], [101.10765874400005, 14.094435241000042], [101.10756616800006, 14.09443605100006], [101.10756699800004, 14.094526409000025], [101.10747442200005, 14.094527219000042], [101.10747530300006, 14.094623159000037], [101.10675840400006, 14.094372244000056], [101.10664140300008, 14.094551925000076], [101.10664124300007, 14.09453450500007], [101.10654866700008, 14.09453531400004], [101.10654783800004, 14.094444957000064], [101.10627011100007, 14.094447384000034], [101.10626928200008, 14.094357026000068], [101.10617670700003, 14.094357836000029], [101.10617256200004, 14.093906047000075], [101.10607998700004, 14.093906856000046]]], [[[101.10795389700007, 14.096330323000075], [101.10801395800007, 14.096329798000056], [101.10801013800005, 14.096344736000049], [101.10795417600008, 14.09636069100003], [101.10795389700007, 14.096330323000075]]], [[[101.10767715000009, 14.096439671000041], [101.10767699700006, 14.096423111000036], [101.10773707700008, 14.096422585000028], [101.10767715000009, 14.096439671000041]]]]}, "properties": {"OBJECTID": 3750699, "F_area": 53215.21992992, "F_createdAt": 1791075942000, "F_createdBy": "66b07c8034c2963abcdb9bb8", "F_id": "6ac1a666d702c2e873112c6d", "F_updatedAt": 1791075942000, "F_updatedBy": "66b07c8034c2963abcdb9bb8", "ap_en": "AMPHOE MUEANG NAKHON NAYOK", "ap_idn": 2601, "ap_tn": "อ.เมืองนครนายก", "building": 1, "cassava_area": null, "f_area_1": 53215.21992992, "file_name": "S1C_20260928_0550, S1C_20260928_1819, S1D_20260929_1812, S1D_20261002_0609", "h3_address": "8964a4c22abffff", "h3_area": 124321.89698907, "hospital": 0, "length_road": 51.19715849, "maize_area": null, "mongo_id": "6ac14c62cfa761b4727cf3ba", "population": 0, "pv_en": "Changwat Nakhon Nayok", "pv_idn": 26, "pv_tn": "จ.นครนายก", "re_royin": "Central", "re_royin_2": "Central", "rice_area": 0, "school": 0, "sugarcane_area": null, "tb_en": "DON YO", "tb_idn": 260106, "tb_tn": "ต.ดอนยอ", "sync_datetime": 1791104835000, "source_api": "/features/flood/7days", "GlobalID": "{D7DC6CB8-EE31-465C-88A5-21CE34322335}", "Shape__Area": 4.4517756869325015e-06, "Shape__Length": 0.01701667237729627}}, {"type": "Feature", "id": 3750755, "geometry": {"type": "MultiPolygon", "coordinates": [[[[101.07260820800008, 14.037085173000037], [101.07270076100008, 14.037084380000067], [101.07270110500008, 14.037122552000028], [101.07247903300004, 14.037185830000055], [101.07112256900007, 14.035923126000057], [101.07148699900006, 14.035920005000037], [101.07148618600007, 14.035829645000035], [101.07167129400005, 14.035828060000028], [101.07167048300005, 14.035737699000038], [101.07176303600005, 14.035736907000057], [101.07175329200004, 14.03465258400007], [101.07184584600009, 14.034651791000044], [101.07184503400003, 14.034561431000043], [101.07203014000004, 14.034559845000047], [101.07202932900003, 14.034469485000045], [101.07212188200003, 14.034468692000075], [101.07212107000004, 14.034378332000074], [101.07239873000003, 14.034375953000051], [101.07239954200008, 14.034466313000053], [101.07249209600008, 14.034465520000026], [101.07249372000007, 14.034646241000075], [101.07258627400006, 14.03464544700006], [101.07259439700005, 14.035549049000053], [101.07250184300005, 14.03554984300007], [101.07250346700005, 14.035730563000072], [101.07259602200008, 14.035729770000046], [101.07259683400008, 14.035820130000047], [101.07278194100007, 14.035818544000051], [101.07278112900008, 14.03572818400005], [101.07287368300007, 14.035727391000023], [101.07287124600003, 14.03545631000003], [101.07296380000008, 14.03545551700006], [101.07296298700004, 14.035365157000058], [101.07333320100008, 14.035361984000076], [101.07333238900009, 14.035271624000075], [101.07342494300008, 14.035270831000048], [101.07342331700005, 14.035090110000056], [101.07351587100004, 14.035089317000029], [101.07351505900004, 14.034998957000028], [101.07360761200005, 14.034998163000068], [101.07360680000005, 14.034907803000067], [101.07369935200006, 14.034907009000051], [101.07369447600007, 14.034364848000052], [101.07360192300007, 14.034365642000068], [101.07360111000008, 14.034275282000067], [101.07350855800007, 14.034276075000037], [101.07350612000005, 14.034004994000043], [101.07359867200006, 14.034004201000073], [101.07359623500008, 14.033733121000068], [101.07368878800008, 14.033732327000052], [101.07368728600005, 14.033565388000056], [101.07492054900007, 14.034713410000052], [101.07443046600008, 14.036629778000076], [101.07390132800003, 14.036780555000064], [101.07390071700007, 14.036712625000064], [101.07362305400005, 14.036715006000065], [101.07362386700004, 14.036805365000077], [101.07353131300005, 14.036806159000037], [101.07353202900003, 14.036885786000028], [101.07325505400007, 14.036964708000028], [101.07325446200008, 14.03689889900005], [101.07316190800003, 14.036899693000066], [101.07316109600004, 14.036809333000065], [101.07297598700006, 14.03681092000005], [101.07297517400008, 14.03672055900006], [101.07288262000009, 14.036721353000075], [101.07288018200006, 14.03645027300007], [101.07278762900006, 14.03645106600004], [101.07278681700006, 14.03636070500005], [101.07269426200008, 14.036361499000066], [101.07269507500007, 14.036451859000067], [101.07260252000003, 14.036452652000037], [101.07260820800008, 14.037085173000037]]], [[[101.07102339100004, 14.035830802000078], [101.07101769600007, 14.035825501000033], [101.07102315200007, 14.035804170000063], [101.07102339100004, 14.035830802000078]]], [[[101.07111673300005, 14.035917693000044], [101.07102637800006, 14.035833583000056], [101.07111597100004, 14.035832815000049], [101.07111673300005, 14.035917693000044]]]]}, "properties": {"OBJECTID": 3750755, "F_area": 76859.43754174, "F_createdAt": 1791075955000, "F_createdBy": "66b07c8034c2963abcdb9bb8", "F_id": "6ac1a6720eb2b2617ae7a42e", "F_updatedAt": 1791075955000, "F_updatedBy": "66b07c8034c2963abcdb9bb8", "ap_en": "AMPHOE ONGKHARAK", "ap_idn": 2604, "ap_tn": "อ.องครักษ์", "building": 0, "cassava_area": null, "f_area_1": 76859.43754174, "file_name": "S1C_20260928_0550, S1C_20260928_1819, S1D_20260929_1812, S1D_20261002_0609", "h3_address": "8964a4d504bffff", "h3_area": 124362.30602119, "hospital": 0, "length_road": 0, "maize_area": null, "mongo_id": "6ac14bf28da6ddc61fa182f3", "population": 0, "pv_en": "Changwat Nakhon Nayok", "pv_idn": 26, "pv_tn": "จ.นครนายก", "re_royin": "Central", "re_royin_2": "Central", "rice_area": 108.69189721, "school": 0, "sugarcane_area": null, "tb_en": "BANG LUK SUEA", "tb_idn": 260408, "tb_tn": "ต.บางลูกเสือ", "sync_datetime": 1791104841000, "source_api": "/features/flood/7days", "GlobalID": "{A7E9CBD8-46AA-4D52-B70E-DAD334A1A036}", "Shape__Area": 6.4283828866310015e-06, "Shape__Length": 0.018025790616904302}}, {"type": "Feature", "id": 3750760, "geometry": {"type": "MultiPolygon", "coordinates": [[[[100.95304523800007, 14.246749988000033], [100.95313788400006, 14.246749229000045], [100.95313516200008, 14.246432930000026], [100.95360927200005, 14.246873909000044], [100.95311797100004, 14.248789465000073], [100.95167650800005, 14.249199307000026], [100.95167497100005, 14.249020493000046], [100.95176761800008, 14.249019735000047], [100.95176684100005, 14.248929369000052], [100.95185948800008, 14.248928611000053], [100.95185871100006, 14.248838246000048], [100.95195135800009, 14.24883748800005], [100.95194980400004, 14.248656758000038], [100.95204245000008, 14.24865600000004], [100.95204167300005, 14.248565634000045], [100.95222696700006, 14.248564118000047], [100.95222619000003, 14.248473753000042], [100.95231883700006, 14.248472995000043], [100.95231650500006, 14.248201899000037], [100.95240915100004, 14.248201140000049], [100.95240837400007, 14.248110775000043], [100.95250102100005, 14.248110017000045], [100.95249713400005, 14.247658190000038], [100.95258978000004, 14.24765743200004], [100.95258822600005, 14.24747670100004], [100.95268087300008, 14.24747594300004], [100.95268009500006, 14.247385578000035], [100.95277274100005, 14.247384820000036], [100.95277196400008, 14.24729445500003], [100.95286461000006, 14.247293696000042], [100.95286227700007, 14.247022601000026], [100.95295492400004, 14.247021842000038], [100.95295336900006, 14.246841111000037], [100.95304601500004, 14.246840353000039], [100.95304523800007, 14.246749988000033]]], [[[100.95158408100008, 14.249225586000023], [100.95158387800006, 14.249201982000045], [100.95166956800006, 14.249201280000023], [100.95158408100008, 14.249225586000023]]]]}, "properties": {"OBJECTID": 3750760, "F_area": 23955.62033732, "F_createdAt": 1791075947000, "F_createdBy": "66b07c8034c2963abcdb9bb8", "F_id": "6ac1a66a6148f8329d58c101", "F_updatedAt": 1791075947000, "F_updatedBy": "66b07c8034c2963abcdb9bb8", "ap_en": "AMPHOE BAN NA", "ap_idn": 2603, "ap_tn": "อ.บ้านนา", "building": 0, "cassava_area": null, "f_area_1": 23955.62033732, "file_name": "S1C_20260928_0550, S1C_20260928_1819, S1D_20260929_1812, S1D_20261002_0609", "h3_address": "8964a4cc0a3ffff", "h3_area": 124310.14479447, "hospital": 0, "length_road": 0, "maize_area": null, "mongo_id": "6ac14becded8743f6e0ed1ca", "population": 0, "pv_en": "Changwat Nakhon Nayok", "pv_idn": 26, "pv_tn": "จ.นครนายก", "re_royin": "Central", "re_royin_2": "Central", "rice_area": 4463.08618286, "school": 0, "sugarcane_area": null, "tb_en": "BAN PHRIK", "tb_idn": 260303, "tb_tn": "ต.บ้านพริก", "sync_datetime": 1791104837000, "source_api": "/features/flood/7days", "GlobalID": "{7801E152-22C3-4AAE-A4CA-ACA9D6BF9492}", "Shape__Area": 2.0057124920525005e-06, "Shape__Length": 0.008558555749316538}}, {"type": "Feature", "id": 3750763, "geometry": {"type": "Polygon", "coordinates": [[[101.11871700300009, 14.16888870300005], [101.11872423900007, 14.169668327000068], [101.11816994100008, 14.169826379000028], [101.11813882600006, 14.169797450000033], [101.11816975800008, 14.169797177000078], [101.11816892000007, 14.169706820000044], [101.11826152500004, 14.169706003000044], [101.11826068700003, 14.169615646000068], [101.11816808100008, 14.169616464000057], [101.11816724300007, 14.16952610800007], [101.11788942800007, 14.16952856100005], [101.11788858900007, 14.169438205000063], [101.11775371000004, 14.16943939600003], [101.11770293700005, 14.169392190000053], [101.11770254100009, 14.169349485000055], [101.11765743300003, 14.169349883000052], [101.11760951900004, 14.169305335000047], [101.11760825900006, 14.169169589000035], [101.11751565400004, 14.169170407000024], [101.11751481600004, 14.169080050000048], [101.11742221100008, 14.169080868000037], [101.11742137300007, 14.168990511000061], [101.11751397800003, 14.16898969400006], [101.11751314000009, 14.168899337000028], [101.11806876900005, 14.168894429000034], [101.11806793100004, 14.168804073000047], [101.11816053600006, 14.168803255000057], [101.11815969800006, 14.16871289900007], [101.11825230200009, 14.168712080000034], [101.11825146300004, 14.168621724000047], [101.11852927800004, 14.168619269000033], [101.11853011700003, 14.168709626000066], [101.11862272200005, 14.168708808000076], [101.11862439800007, 14.16888952100004], [101.11871700300009, 14.16888870300005]]]}, "properties": {"OBJECTID": 3750763, "F_area": 11163.67999468, "F_createdAt": 1791075941000, "F_createdBy": "66b07c8034c2963abcdb9bb8", "F_id": "6ac1a6653acc4fe5693ff714", "F_updatedAt": 1791075941000, "F_updatedBy": "66b07c8034c2963abcdb9bb8", "ap_en": "AMPHOE MUEANG NAKHON NAYOK", "ap_idn": 2601, "ap_tn": "อ.เมืองนครนายก", "building": 0, "cassava_area": null, "f_area_1": 11163.67999468, "file_name": "S1C_20260928_0550, S1C_20260928_1819, S1D_20260929_1812, S1D_20261002_0609", "h3_address": "8964a4c1427ffff", "h3_area": 124283.24394089, "hospital": 0, "length_road": 0, "maize_area": null, "mongo_id": "6ac14be8ded8743f6e0ed0bf", "population": 0, "pv_en": "Changwat Nakhon Nayok", "pv_idn": 26, "pv_tn": "จ.นครนายก", "re_royin": "Central", "re_royin_2": "Central", "rice_area": 0, "school": 0, "sugarcane_area": null, "tb_en": "THA SAI", "tb_idn": 260105, "tb_tn": "ต.ท่าทราย", "sync_datetime": 1791104833000, "source_api": "/features/flood/7days", "GlobalID": "{60427560-0465-465B-8C9C-EEE727472375}", "Shape__Area": 9.341943764605003e-07, "Shape__Length": 0.005042136966622826}}, {"type": "Feature", "id": 3750795, "geometry": {"type": "Polygon", "coordinates": [[[101.02181099900008, 14.092007977000037], [101.02176836600006, 14.09200833400007], [101.02070398600006, 14.09101762000006], [101.02079529600007, 14.090660955000033], [101.02124359000004, 14.090657196000052], [101.02124438600003, 14.090747559000022], [101.02189243800007, 14.090742123000041], [101.02189323400006, 14.090832485000021], [101.02198581300007, 14.090831709000042], [101.02198979200006, 14.091283522000026], [101.02189721300005, 14.091284298000062], [101.02190119100004, 14.091736112000035], [101.02180861200009, 14.09173688900006], [101.02181099900008, 14.092007977000037]]]}, "properties": {"OBJECTID": 3750795, "F_area": 12286.50347389, "F_createdAt": 1791075943000, "F_createdBy": "66b07c8034c2963abcdb9bb8", "F_id": "6ac1a66659bd40e65b9d5074", "F_updatedAt": 1791075943000, "F_updatedBy": "66b07c8034c2963abcdb9bb8", "ap_en": "AMPHOE ONGKHARAK", "ap_idn": 2604, "ap_tn": "อ.องครักษ์", "building": 0, "cassava_area": null, "f_area_1": 12286.50347389, "file_name": "S1C_20260928_0550, S1C_20260928_1819, S1D_20260929_1812, S1D_20261002_0609", "h3_address": "8964a4c2b87ffff", "h3_area": 124356.53619063, "hospital": 0, "length_road": 0, "maize_area": null, "mongo_id": "6ac14bf39f2fcf5387506cfc", "population": 0, "pv_en": "Changwat Nakhon Nayok", "pv_idn": 26, "pv_tn": "จ.นครนายก", "re_royin": "Central", "re_royin_2": "Central", "rice_area": 0, "school": 0, "sugarcane_area": null, "tb_en": "ONGKHARAK", "tb_idn": 260409, "tb_tn": "ต.องครักษ์", "sync_datetime": 1791104835000, "source_api": "/features/flood/7days", "GlobalID": "{037520C0-0033-4B58-A468-4B0D9230E43B}", "Shape__Area": 1.0279262630445002e-06, "Shape__Length": 0.00459453024448191}}, {"type": "Feature", "id": 3750814, "geometry": {"type": "Polygon", "coordinates": [[[101.24569256900008, 14.150926692000041], [101.24577379600004, 14.150925932000064], [101.24596880900003, 14.15110713000007], [101.24547981300009, 14.153022881000027], [101.24352894800006, 14.15358033700005], [101.24206709000003, 14.152222030000075], [101.24255611000007, 14.15030627300007], [101.24447730900005, 14.149757303000058], [101.24447914300004, 14.149944110000035], [101.24457173300004, 14.149943244000042], [101.24457350700004, 14.15012394200005], [101.24466609600006, 14.150123076000057], [101.24466698300006, 14.15021342600005], [101.24485216200009, 14.150211694000063], [101.24485305000007, 14.150302043000067], [101.24494563900004, 14.150301177000074], [101.24494652600004, 14.150391526000021], [101.24503911600004, 14.150390661000074], [101.24504000300004, 14.150481009000032], [101.24513259300005, 14.150480143000038], [101.24513348100004, 14.150570493000032], [101.24531865900008, 14.150568761000045], [101.24531954700007, 14.15065910900006], [101.24548496600005, 14.150657562000049], [101.24550491000008, 14.150676093000072], [101.24550561400008, 14.150747727000066], [101.24558124300006, 14.15074701900005], [101.24559836100008, 14.150762925000038], [101.24559909100009, 14.15083720900003], [101.24567752000007, 14.150836476000052], [101.24569181300006, 14.15084975600007], [101.24569256900008, 14.150926692000041]], [[101.24404192000009, 14.152568561000066], [101.24404280700008, 14.15265891000007], [101.24422798800003, 14.152657179000073], [101.24422710100004, 14.152566829000023], [101.24431969100004, 14.152565964000075], [101.24431880500003, 14.152475615000071], [101.24441139400005, 14.152474750000067], [101.24441050800004, 14.152384400000074], [101.24478086900007, 14.152380937000032], [101.24477998200007, 14.152290587000039], [101.24487257200008, 14.152289722000035], [101.24487168400003, 14.15219937300003], [101.24496427400004, 14.152198507000037], [101.24496338700004, 14.152108158000033], [101.24505597700005, 14.15210729200004], [101.24505509000005, 14.152016943000035], [101.24514768000006, 14.152016076000052], [101.24514590500007, 14.151835378000044], [101.24505331500006, 14.151836244000037], [101.24505242800006, 14.151745896000023], [101.24495983700007, 14.151746762000073], [101.24495895000007, 14.151656412000023], [101.24477377000005, 14.151658145000056], [101.24477288200006, 14.151567795000062], [101.24449511200004, 14.151570393000043], [101.24449600000008, 14.151660742000047], [101.24440340900009, 14.15166160800004], [101.24440429700007, 14.151751956000055], [101.24384875600003, 14.151757151000027], [101.24384964300003, 14.151847499000041], [101.24375705300008, 14.151848366000024], [101.24376148800008, 14.152300111000045], [101.24385407800008, 14.152299245000052], [101.24385585300007, 14.15247994300006], [101.24394844200003, 14.152479078000056], [101.24394933000008, 14.15256942700006], [101.24404192000009, 14.152568561000066]]]}, "properties": {"OBJECTID": 3750814, "F_area": 110696.79331474, "F_createdAt": 1791075958000, "F_createdBy": "66b07c8034c2963abcdb9bb8", "F_id": "6ac1a6768da6ddc61fa4a2af", "F_updatedAt": 1791075958000, "F_updatedBy": "66b07c8034c2963abcdb9bb8", "ap_en": "AMPHOE PAK PHLI", "ap_idn": 2602, "ap_tn": "อ.ปากพลี", "building": 0, "cassava_area": null, "f_area_1": 110696.79331474, "file_name": "S1C_20260928_0550, S1C_20260928_1819, S1D_20260929_1812, S1D_20261002_0609", "h3_address": "8964a4d85cfffff", "h3_area": 124241.6880429, "hospital": 0, "length_road": 0, "maize_area": null, "mongo_id": "6ac14be9ded8743f6e0ed167", "population": 0, "pv_en": "Changwat Nakhon Nayok", "pv_idn": 26, "pv_tn": "จ.นครนายก", "re_royin": "Central", "re_royin_2": "Central", "rice_area": 0, "school": 0, "sugarcane_area": null, "tb_en": "KO PHO", "tb_idn": 260202, "tb_tn": "ต.เกาะโพธิ์", "sync_datetime": 1791104844000, "source_api": "/features/flood/7days", "GlobalID": "{2A723D88-9247-42FE-8675-918131664E8D}", "Shape__Area": 9.261110628569002e-06, "Shape__Length": 0.017626083160614956}}, {"type": "Feature", "id": 3750823, "geometry": {"type": "MultiPolygon", "coordinates": [[[[100.97521096200006, 14.013138296000022], [100.97511841100004, 14.013139050000063], [100.97512044900009, 14.013377242000047], [100.97350154300005, 14.013837784000032], [100.97204031900009, 14.012476542000059], [100.97253112000004, 14.010560001000044], [100.97444381400004, 14.010015889000044], [100.97444970000004, 14.010704453000073], [100.97454224900008, 14.010703699000032], [100.97454611200004, 14.011155528000074], [100.97463866100009, 14.011154774000033], [100.97464098000006, 14.011425871000029], [100.97473352900005, 14.011425118000034], [100.97473971000005, 14.012148044000071], [100.97483226000008, 14.01214728900004], [100.97483303300004, 14.012237656000025], [100.97492558300007, 14.01223690200004], [100.97492635500004, 14.012327267000046], [100.97501890500007, 14.012326513000062], [100.97501813300005, 14.012236147000067], [100.97503780400007, 14.012235986000064], [100.97508289800004, 14.012475188000053], [100.97521404200006, 14.012922584000023], [100.97528235400006, 14.01304734200005], [100.97521018800006, 14.013047930000027], [100.97521096200006, 14.013138296000022]]], [[[100.97509831900004, 14.01078953900003], [100.97519086800008, 14.010788784000056], [100.97518979300008, 14.010663033000071], [100.97594433300009, 14.011365944000033], [100.97550654900004, 14.013075535000041], [100.97538921100005, 14.01286334200006], [100.97526373000005, 14.01243613400004], [100.97520216300006, 14.012109531000021], [100.97519936900005, 14.011782809000067], [100.97529191900009, 14.011782054000037], [100.97528882700004, 14.011420590000057], [100.97519627800006, 14.01142134500003], [100.97519395900008, 14.011150247000046], [100.97510141000004, 14.011151002000076], [100.97509831900004, 14.01078953900003]]]]}, "properties": {"OBJECTID": 3750823, "F_area": 108191.33604445, "F_createdAt": 1791075954000, "F_createdBy": "66b07c8034c2963abcdb9bb8", "F_id": "6ac1a6723acc4fe5693ff7d4", "F_updatedAt": 1791075954000, "F_updatedBy": "66b07c8034c2963abcdb9bb8", "ap_en": "AMPHOE ONGKHARAK", "ap_idn": 2604, "ap_tn": "อ.องครักษ์", "building": 0, "cassava_area": null, "f_area_1": 108191.33604445, "file_name": "S1C_20260928_0550, S1C_20260928_1819, S1D_20260929_1812, S1D_20261002_0609", "h3_address": "8964a4d4a4fffff", "h3_area": 124411.16289409, "hospital": 0, "length_road": 215.5688816, "maize_area": null, "mongo_id": "6ac14bef8da6ddc61fa181c7", "population": 0, "pv_en": "Changwat Nakhon Nayok", "pv_idn": 26, "pv_tn": "จ.นครนายก", "re_royin": "Central", "re_royin_2": "Central", "rice_area": 84610.74698674, "school": 0, "sugarcane_area": null, "tb_en": "SISA KRABUE", "tb_idn": 260403, "tb_tn": "ต.ศรีษะกระบือ", "sync_datetime": 1791104841000, "source_api": "/features/flood/7days", "GlobalID": "{5671D5D4-1078-4A89-8C35-3E5E8DFB6F58}", "Shape__Area": 9.049067713195002e-06, "Shape__Length": 0.017605716830901275}}, {"type": "Feature", "id": 3750828, "geometry": {"type": "Polygon", "coordinates": [[[101.05017563300004, 14.199034654000059], [101.05017618400007, 14.199095900000032], [101.04934218600005, 14.198320354000032], [101.04973679000005, 14.19677923200004], [101.04978482200005, 14.196778820000077], [101.04978563400005, 14.196869181000068], [101.04987825500007, 14.196868388000041], [101.04987906800005, 14.196958748000043], [101.05015692900008, 14.19695636800003], [101.05015611600004, 14.196866008000029], [101.05098969700003, 14.19685886600007], [101.05099051100007, 14.196949227000061], [101.05108313100004, 14.196948434000035], [101.05108557200003, 14.19721951300005], [101.05099295100007, 14.197220308000055], [101.05099376500004, 14.197310668000057], [101.05090114500007, 14.197311461000027], [101.05090277100004, 14.197492182000076], [101.05081015100006, 14.197492976000035], [101.05081584600003, 14.198125497000035], [101.05072322400008, 14.198126291000051], [101.05072403800006, 14.198216651000052], [101.05063141700003, 14.198217444000022], [101.05063304400005, 14.198398165000071], [101.05054042300009, 14.198398958000041], [101.05054205000005, 14.198579679000034], [101.05044942900008, 14.19858047300005], [101.05045024200007, 14.198670833000051], [101.05035762100005, 14.198671626000078], [101.05035924800006, 14.19885234700007], [101.05026662700004, 14.19885314000004], [101.05026825400006, 14.199033861000032], [101.05017563300004, 14.199034654000059]]]}, "properties": {"OBJECTID": 3750828, "F_area": 29207.59347362, "F_createdAt": 1791075941000, "F_createdBy": "66b07c8034c2963abcdb9bb8", "F_id": "6ac1a6656148f8329d58c032", "F_updatedAt": 1791075941000, "F_updatedBy": "66b07c8034c2963abcdb9bb8", "ap_en": "AMPHOE BAN NA", "ap_idn": 2603, "ap_tn": "อ.บ้านนา", "building": 0, "cassava_area": null, "f_area_1": 29207.59347362, "file_name": "S1C_20260928_0550, S1C_20260928_1819, S1D_20260929_1812, S1D_20261002_0609", "h3_address": "8964a4c1847ffff", "h3_area": 124295.35972174, "hospital": 0, "length_road": 58.71210194, "maize_area": null, "mongo_id": "6ac14becded8743f6e0ed1cf", "population": 0, "pv_en": "Changwat Nakhon Nayok", "pv_idn": 26, "pv_tn": "จ.นครนายก", "re_royin": "Central", "re_royin_2": "Central", "rice_area": 4830.34580462, "school": 0, "sugarcane_area": null, "tb_en": "BANG O", "tb_idn": 260305, "tb_tn": "ต.ทองหลาง", "sync_datetime": 1791104833000, "source_api": "/features/flood/7days", "GlobalID": "{D3A42451-6AC8-4AFF-856A-D09DCFFB3F55}", "Shape__Area": 2.4446381557575006e-06, "Shape__Length": 0.007501790590913083}}, {"type": "Feature", "id": 3750837, "geometry": {"type": "Polygon", "coordinates": [[[101.10272435800005, 14.04080129700003], [101.10272618800008, 14.041001851000033], [101.10222192000003, 14.041145609000068], [101.10179828800005, 14.040751342000021], [101.10179799200006, 14.040718986000059], [101.10216820900007, 14.040715767000052], [101.10216738500009, 14.04062540800004], [101.10253760100005, 14.040622190000022], [101.10253842600008, 14.040712548000045], [101.10263098000007, 14.040711743000031], [101.10263180400005, 14.040802102000043], [101.10272435800005, 14.04080129700003]]]}, "properties": {"OBJECTID": 3750837, "F_area": 3641.4562876, "F_createdAt": 1791075950000, "F_createdBy": "66b07c8034c2963abcdb9bb8", "F_id": "6ac1a66d8da6ddc61fa4a159", "F_updatedAt": 1791075950000, "F_updatedBy": "66b07c8034c2963abcdb9bb8", "ap_en": "AMPHOE ONGKHARAK", "ap_idn": 2604, "ap_tn": "อ.องครักษ์", "building": 0, "cassava_area": null, "f_area_1": 3641.4562876, "file_name": "S1C_20260928_0550, S1C_20260928_1819, S1D_20260929_1812, S1D_20261002_0609", "h3_address": "8964a4d0b2fffff", "h3_area": 124348.93533696, "hospital": 0, "length_road": 0, "maize_area": null, "mongo_id": "6ac14bf1f7a763741bd1d240", "population": 0, "pv_en": "Changwat Nakhon Nayok", "pv_idn": 26, "pv_tn": "จ.นครนายก", "re_royin": "Central", "re_royin_2": "Central", "rice_area": 0, "school": 0, "sugarcane_area": null, "tb_en": "BANG SOMBUN", "tb_idn": 260405, "tb_tn": "ต.บางสมบูรณ์", "sync_datetime": 1791104840000, "source_api": "/features/flood/7days", "GlobalID": "{0EDF7AEF-2E90-4BA7-A52C-2365C6454BC9}", "Shape__Area": 3.045605049005001e-07, "Shape__Length": 0.0025326567288537797}}, {"type": "Feature", "id": 3750842, "geometry": {"type": "MultiPolygon", "coordinates": [[[[100.94314942000005, 14.008788544000026], [100.94518552900007, 14.008772208000039], [100.94518476800005, 14.008681840000065], [100.94586511500006, 14.008676378000075], [100.94570406100007, 14.009305049000034], [100.94437682300008, 14.00968243400007], [100.94356810700003, 14.009688923000056], [100.94260646500004, 14.008792897000035], [100.94287176900008, 14.008790770000076], [100.94287100900004, 14.008700403000034], [100.94314866000008, 14.008698176000053], [100.94314942000005, 14.008788544000026]]], [[[100.94414571300007, 14.00619421600004], [100.94427056800004, 14.006158715000026], [100.94442307100007, 14.006157492000057], [100.94442271700007, 14.006115453000064], [100.94473385900005, 14.006026984000073], [100.94554321100009, 14.00678111700006], [100.94553898800007, 14.006781151000041], [100.94554051000006, 14.006961886000056], [100.94544796100007, 14.006962629000043], [100.94544872200004, 14.007052996000027], [100.94526362200008, 14.007054483000047], [100.94526286100006, 14.006964114000027], [100.94517031200007, 14.00696485800006], [100.94516803000005, 14.006693755000072], [100.94507548000007, 14.006694498000059], [100.94507472000004, 14.006604130000028], [100.94442687300005, 14.00660932900007], [100.94442611200009, 14.00651896200003], [100.94433356300004, 14.006519704000027], [100.94433280200008, 14.006429337000043], [100.94414770400004, 14.006430822000027], [100.94414694300008, 14.006340454000053], [100.94405439400003, 14.00634119600005], [100.94405363400006, 14.006250829000066], [100.94414618300004, 14.006250087000069], [100.94414571300007, 14.00619421600004]]], [[[100.94294912000004, 14.006982676000064], [100.94276402000008, 14.006984160000059], [100.94276326100004, 14.006893793000074], [100.94270167800005, 14.006894286000033], [100.94278166800007, 14.00658205700006], [100.94359170400008, 14.006351739000024], [100.94359316700007, 14.006525643000032], [100.94350061700004, 14.00652638500003], [100.94350137700008, 14.00661675300006], [100.94340882800009, 14.006617495000057], [100.94340958800007, 14.006707862000042], [100.94322448900004, 14.006709347000026], [100.94322524900008, 14.006799715000056], [100.94304014900007, 14.006801199000051], [100.94304090900005, 14.006891566000036], [100.94294836000006, 14.006892308000033], [100.94294912000004, 14.006982676000064]]], [[[100.94387917900008, 14.007517460000031], [100.94480467700004, 14.007510034000063], [100.94480543800006, 14.007600402000037], [100.94614351100006, 14.007589659000075], [100.94605071300003, 14.007951899000034], [100.94591908100006, 14.007952956000054], [100.94591832000003, 14.007862588000023], [100.94564067000005, 14.00786481800003], [100.94564143100007, 14.007955185000071], [100.94434573100006, 14.007965585000022], [100.94434649100003, 14.008055952000063], [100.94406884100005, 14.008058180000035], [100.94406808100007, 14.00796781300005], [100.94351278000005, 14.00797226700007], [100.94351354000008, 14.008062634000055], [100.94240293800004, 14.00807153900007], [100.94240284700004, 14.008060717000035], [100.94253927300008, 14.007528204000039], [100.94267603000009, 14.007527108000033], [100.94267678900007, 14.007617475000075], [100.94387993900006, 14.007607827000072], [100.94387917900008, 14.007517460000031]]]]}, "properties": {"OBJECTID": 3750842, "F_area": 54923.41789162, "F_createdAt": 1791075954000, "F_createdBy": "66b07c8034c2963abcdb9bb8", "F_id": "6ac1a672ded8743f6e11d2b2", "F_updatedAt": 1791075954000, "F_updatedBy": "66b07c8034c2963abcdb9bb8", "ap_en": "AMPHOE ONGKHARAK", "ap_idn": 2604, "ap_tn": "อ.องครักษ์", "building": 0, "cassava_area": null, "f_area_1": 54923.41789162, "file_name": "S1C_20260928_0550, S1C_20260928_1819, S1D_20260929_1812, S1D_20261002_0609", "h3_address": "8964a4d4b6bffff", "h3_area": 124424.39439339, "hospital": 0, "length_road": 0, "maize_area": null, "mongo_id": "6ac14bf39f2fcf5387506d5b", "population": 0, "pv_en": "Changwat Nakhon Nayok", "pv_idn": 26, "pv_tn": "จ.นครนายก", "re_royin": "Central", "re_royin_2": "Central", "rice_area": 24244.29588429, "school": 0, "sugarcane_area": null, "tb_en": "CHUMPHON", "tb_idn": 260410, "tb_tn": "ต.ชุมพล", "sync_datetime": 1791104843000, "source_api": "/features/flood/7days", "GlobalID": "{B0BA1A96-7840-49B2-8738-6B188F5BA796}", "Shape__Area": 4.593848312906501e-06, "Shape__Length": 0.02383941320221845}}, {"type": "Feature", "id": 3750851, "geometry": {"type": "Polygon", "coordinates": [[[101.06182265600006, 14.216827179000063], [101.06182460300005, 14.217041928000071], [101.06102973700007, 14.216302920000032], [101.06117171300008, 14.215748394000059], [101.06125706500006, 14.215747658000055], [101.06125624600008, 14.215657299000043], [101.06134887400003, 14.215656500000023], [101.06134805500005, 14.215566141000068], [101.06144068200007, 14.215565342000048], [101.06143986300003, 14.215474982000046], [101.06162511800005, 14.215473385000053], [101.06162429900007, 14.21538302600004], [101.06171692600009, 14.215382227000077], [101.06171528800007, 14.215201508000064], [101.06180791600008, 14.215200709000044], [101.06180545900008, 14.214929630000029], [101.06171283200007, 14.214930429000049], [101.06171201300003, 14.214840070000037], [101.06161938600007, 14.214840868000067], [101.06161856800009, 14.214750509000055], [101.06152594000008, 14.214751308000075], [101.06152512200003, 14.214660948000073], [101.06144996500007, 14.214661596000042], [101.06152019400008, 14.21438729600004], [101.06347278400006, 14.213831078000055], [101.06493493100004, 14.215190474000053], [101.06482329600004, 14.215626517000032], [101.06459082400005, 14.215628524000067], [101.06459164400007, 14.215718884000069], [101.06449901700006, 14.215719684000021], [101.06449983700008, 14.215810043000033], [101.06440721000007, 14.215810843000042], [101.06440803000004, 14.215901202000055], [101.06431540300008, 14.215902002000064], [101.06431622300005, 14.215992361000076], [101.06422359500004, 14.215993162000075], [101.06422523500004, 14.216173879000053], [101.06431786200005, 14.216173080000033], [101.06431868200008, 14.216263439000045], [101.06441131000008, 14.216262640000025], [101.06441376900005, 14.216533717000061], [101.06432114200004, 14.21653451700007], [101.06432196200007, 14.216624877000072], [101.06358094200004, 14.216631275000054], [101.06358012200008, 14.216540915000053], [101.06320961200004, 14.216544113000054], [101.06321043200006, 14.216634473000056], [101.06283992200008, 14.216637671000058], [101.06284074100006, 14.21672803000007], [101.06265548600004, 14.216729628000053], [101.06265630500008, 14.216819987000065], [101.06256367800006, 14.216820787000074], [101.06256449700004, 14.21691114600003], [101.06237924100009, 14.21691274400007], [101.06237842200005, 14.216822385000057], [101.06228579500004, 14.216823185000067], [101.06228497500007, 14.216732825000065], [101.06191446400004, 14.216736021000031], [101.06191528400007, 14.216826381000033], [101.06182265600006, 14.216827179000063]]]}, "properties": {"OBJECTID": 3750851, "F_area": 94394.89862848, "F_createdAt": 1791075942000, "F_createdBy": "66b07c8034c2963abcdb9bb8", "F_id": "6ac1a6659f2fcf538753962c", "F_updatedAt": 1791075942000, "F_updatedBy": "66b07c8034c2963abcdb9bb8", "ap_en": "AMPHOE BAN NA", "ap_idn": 2603, "ap_tn": "อ.บ้านนา", "building": 0, "cassava_area": null, "f_area_1": 94394.89862848, "file_name": "S1C_20260928_0550, S1C_20260928_1819, S1D_20260929_1812, S1D_20261002_0609", "h3_address": "8964a4c1acfffff", "h3_area": 124282.30969336, "hospital": 0, "length_road": 0, "maize_area": null, "mongo_id": "6ac14becded8743f6e0ed1ef", "population": 0, "pv_en": "Changwat Nakhon Nayok", "pv_idn": 26, "pv_tn": "จ.นครนายก", "re_royin": "Central", "re_royin_2": "Central", "rice_area": 50054.02369563, "school": 0, "sugarcane_area": null, "tb_en": "THONG LANG", "tb_idn": 260305, "tb_tn": "ต.ทองหลาง", "sync_datetime": 1791104833000, "source_api": "/features/flood/7days", "GlobalID": "{2B8B92CF-7565-4249-B5EF-C5CBC61DCB78}", "Shape__Area": 7.901219922406503e-06, "Shape__Length": 0.013809858634088202}}, {"type": "Feature", "id": 3750862, "geometry": {"type": "Polygon", "coordinates": [[[100.94799675300004, 14.219860409000034], [100.94785961300005, 14.219861527000035], [100.94828668800005, 14.218196255000066], [100.95024012600004, 14.217640862000053], [100.95170228000006, 14.219001143000071], [100.95121100800009, 14.22091682200005], [100.95050885400008, 14.221116460000076], [100.95050643100006, 14.220834033000074], [100.95041379600008, 14.220834789000037], [100.95041302100009, 14.220744424000031], [100.95022775000007, 14.220745936000071], [100.95022697400003, 14.220655570000076], [100.94994906800008, 14.220657838000022], [100.94994829300003, 14.220567472000027], [100.94985565800005, 14.220568228000047], [100.94985488200007, 14.220477862000052], [100.94929906900006, 14.220482396000023], [100.94929829500006, 14.220392030000028], [100.94920565900009, 14.220392785000058], [100.94920488500009, 14.220302420000053], [100.94892697800003, 14.220304686000077], [100.94892620400009, 14.220214320000025], [100.94883356800005, 14.220215076000045], [100.94883279400005, 14.22012471000005], [100.94855488700006, 14.220126976000074], [100.94855566200005, 14.220217342000069], [100.94846302600007, 14.220218097000043], [100.94846457500006, 14.220398829000032], [100.94855721000005, 14.22039807300007], [100.94855798500004, 14.220488439000064], [100.94892852700008, 14.220485418000067], [100.94892930100008, 14.220575784000062], [100.94920720800008, 14.220573517000048], [100.94920798200008, 14.220663883000043], [100.94930061900004, 14.220663127000023], [100.94930371700008, 14.22102459000007], [100.94921108000005, 14.221025346000033], [100.94921185500004, 14.221115712000028], [100.94911921900007, 14.221116467000058], [100.94911844500007, 14.221026101000064], [100.94902580900003, 14.221026857000027], [100.94902503500003, 14.220936491000032], [100.94893239800007, 14.220937247000052], [100.94893162400007, 14.220846881000057], [100.94865371700007, 14.220849146000035], [100.94865424600005, 14.220910955000022], [100.94800054200005, 14.220302796000055], [100.94799984800005, 14.220221873000071], [100.94818511900007, 14.220220363000067], [100.94818434500007, 14.220129997000072], [100.94827698100005, 14.220129242000041], [100.94827620700005, 14.220038876000046], [100.94818357200006, 14.220039631000077], [100.94818279700007, 14.219949265000025], [100.94799752600005, 14.219950776000076], [100.94799675300004, 14.219860409000034]]]}, "properties": {"OBJECTID": 3750862, "F_area": 107995.91663621, "F_createdAt": 1791075949000, "F_createdBy": "66b07c8034c2963abcdb9bb8", "F_id": "6ac1a66cd702c2e873112d91", "F_updatedAt": 1791075949000, "F_updatedBy": "66b07c8034c2963abcdb9bb8", "ap_en": "AMPHOE ONGKHARAK", "ap_idn": 2604, "ap_tn": "อ.องครักษ์", "building": 0, "cassava_area": null, "f_area_1": 107995.91663621, "file_name": "S1C_20260928_0550, S1C_20260928_1819, S1D_20260929_1812, S1D_20261002_0609", "h3_address": "8964a4cee4bffff", "h3_area": 124324.17151656, "hospital": 0, "length_road": 0, "maize_area": null, "mongo_id": "6ac14bf08da6ddc61fa18229", "population": 0, "pv_en": "Changwat Nakhon Nayok", "pv_idn": 26, "pv_tn": "จ.นครนายก", "re_royin": "Central", "re_royin_2": "Central", "rice_area": 0, "school": 0, "sugarcane_area": null, "tb_en": "PHO THAEN", "tb_idn": 260404, "tb_tn": "ต.โพธิ์แทน", "sync_datetime": 1791104838000, "source_api": "/features/flood/7days", "GlobalID": "{F77A0BF3-025B-41F5-BCCC-F11EAE4CC2B7}", "Shape__Area": 9.041014068420003e-06, "Shape__Length": 0.016335612625954534}}, {"type": "Feature", "id": 3750880, "geometry": {"type": "MultiPolygon", "coordinates": [[[[101.07959979200007, 14.175285668000072], [101.07969240100005, 14.175284865000037], [101.07969404700003, 14.175465486000064], [101.07864672500006, 14.175763919000076], [101.07793097700005, 14.175098336000076], [101.07793034600007, 14.175029050000035], [101.07830078500007, 14.175025838000067], [101.07830160800006, 14.175116197000023], [101.07904248600005, 14.175109772000042], [101.07904330900004, 14.175200130000064], [101.07959896800008, 14.17519531000005], [101.07959979200007, 14.175285668000072]]], [[[101.08051188300004, 14.173741533000054], [101.08051105900006, 14.173651175000032], [101.08099833400007, 14.17364694500003], [101.08069704500008, 14.17482431700006], [101.08061437900005, 14.174825035000026], [101.08061355500007, 14.174734675000025], [101.08052094600004, 14.174735479000049], [101.08052012200005, 14.174645121000026], [101.08042751200009, 14.17464592500005], [101.08041927500005, 14.173742337000022], [101.08051188300004, 14.173741533000054]]]]}, "properties": {"OBJECTID": 3750880, "F_area": 14168.63732818, "F_createdAt": 1791075942000, "F_createdBy": "66b07c8034c2963abcdb9bb8", "F_id": "6ac1a665cfa761b4727ff59d", "F_updatedAt": 1791075942000, "F_updatedBy": "66b07c8034c2963abcdb9bb8", "ap_en": "AMPHOE BAN NA", "ap_idn": 2603, "ap_tn": "อ.บ้านนา", "building": 0, "cassava_area": null, "f_area_1": 14168.63732818, "file_name": "S1C_20260928_0550, S1C_20260928_1819, S1D_20260929_1812, S1D_20261002_0609", "h3_address": "8964a4c1cdbffff", "h3_area": 124295.83543582, "hospital": 0, "length_road": 0, "maize_area": null, "mongo_id": "6ac14bec0eb2b2617ae494ec", "population": 0, "pv_en": "Changwat Nakhon Nayok", "pv_idn": 26, "pv_tn": "จ.นครนายก", "re_royin": "Central", "re_royin_2": "Central", "rice_area": 1615.10064302, "school": 0, "sugarcane_area": null, "tb_en": "BANG O", "tb_idn": 260306, "tb_tn": "ต.บางอ้อ", "sync_datetime": 1791104835000, "source_api": "/features/flood/7days", "GlobalID": "{6C2FE923-B67C-43D2-9FF0-DF23DFB2614D}", "Shape__Area": 1.1857371708690004e-06, "Shape__Length": 0.007584881891952917}}, {"type": "Feature", "id": 3750883, "geometry": {"type": "Polygon", "coordinates": [[[101.10011606400008, 14.04913761000006], [101.10011688800006, 14.049227969000071], [101.09965410000007, 14.049231990000067], [101.09965327600008, 14.049141631000055], [101.09956071800008, 14.049142435000022], [101.09955989500008, 14.049052077000056], [101.09946733700008, 14.049052882000069], [101.09946719700008, 14.04903751300003], [101.10026231200004, 14.048810851000042], [101.10051262000007, 14.04904379800007], [101.10030035500006, 14.049045643000056], [101.10030118000009, 14.049136001000022], [101.10011606400008, 14.04913761000006]]]}, "properties": {"OBJECTID": 3750883, "F_area": 2842.44223661, "F_createdAt": 1791075943000, "F_createdBy": "66b07c8034c2963abcdb9bb8", "F_id": "6ac1a6669f2fcf53875396b3", "F_updatedAt": 1791075943000, "F_updatedBy": "66b07c8034c2963abcdb9bb8", "ap_en": "AMPHOE ONGKHARAK", "ap_idn": 2604, "ap_tn": "อ.องครักษ์", "building": 0, "cassava_area": null, "f_area_1": 2842.44223661, "file_name": "S1C_20260928_0550, S1C_20260928_1819, S1D_20260929_1812, S1D_20261002_0609", "h3_address": "8964a4c2513ffff", "h3_area": 124344.84091175, "hospital": 0, "length_road": 0, "maize_area": null, "mongo_id": "6ac14bf10eb2b2617ae495e6", "population": 0, "pv_en": "Changwat Nakhon Nayok", "pv_idn": 26, "pv_tn": "จ.นครนายก", "re_royin": "Central", "re_royin_2": "Central", "rice_area": 0, "school": 0, "sugarcane_area": null, "tb_en": "BANG SOMBUN", "tb_idn": 260405, "tb_tn": "ต.บางสมบูรณ์", "sync_datetime": 1791104835000, "source_api": "/features/flood/7days", "GlobalID": "{B1CF0007-142E-43F6-8B10-57E5689AB70B}", "Shape__Area": 2.3774296730750006e-07, "Shape__Length": 0.0025908675649459}}, {"type": "Feature", "id": 3750886, "geometry": {"type": "MultiPolygon", "coordinates": [[[[100.96468460800008, 14.232014305000064], [100.96468617100004, 14.232195035000075], [100.96461764400004, 14.232195599000022], [100.96486195600005, 14.231242799000029], [100.96504806300004, 14.231189872000073], [100.96504969600005, 14.231378704000065], [100.96495705600006, 14.231379465000032], [100.96495940100004, 14.231650560000048], [100.96486676200004, 14.231651322000062], [100.96486832400007, 14.231832051000026], [100.96477568500006, 14.231832814000029], [100.96477724800008, 14.23201354300005], [100.96468460800008, 14.232014305000064]]], [[[100.96459431600005, 14.232286578000071], [100.96459509400006, 14.232376527000042], [100.96457120100007, 14.232376723000073], [100.96459431600005, 14.232286578000071]]]]}, "properties": {"OBJECTID": 3750886, "F_area": 1522.72925624, "F_createdAt": 1791075947000, "F_createdBy": "66b07c8034c2963abcdb9bb8", "F_id": "6ac1a66a9f2fcf53875397e7", "F_updatedAt": 1791075947000, "F_updatedBy": "66b07c8034c2963abcdb9bb8", "ap_en": "AMPHOE BAN NA", "ap_idn": 2604, "ap_tn": "อ.องครักษ์", "building": 0, "cassava_area": null, "f_area_1": 1522.72925624, "file_name": "S1C_20260928_0550, S1C_20260928_1819, S1D_20260929_1812, S1D_20261002_0609", "h3_address": "8964a4cc4afffff", "h3_area": 124311.59625401, "hospital": 0, "length_road": 0, "maize_area": null, "mongo_id": "6ac14bf0f7a763741bd1d22e", "population": 0, "pv_en": "Changwat Nakhon Nayok", "pv_idn": 26, "pv_tn": "จ.นครนายก", "re_royin": "Central", "re_royin_2": "Central", "rice_area": 0, "school": 0, "sugarcane_area": null, "tb_en": "BAN PHRIK", "tb_idn": 260404, "tb_tn": "ต.โพธิ์แทน", "sync_datetime": 1791104837000, "source_api": "/features/flood/7days", "GlobalID": "{9BA9AD78-F8C2-42A6-9854-7694D304EE8E}", "Shape__Area": 1.2748220001650003e-07, "Shape__Length": 0.00282527055266483}}, {"type": "Feature", "id": 3750898, "geometry": {"type": "Polygon", "coordinates": [[[101.02753421500006, 14.079579328000023], [101.02725113000008, 14.079581707000045], [101.02755134100005, 14.078408879000051], [101.02946327100005, 14.077864507000072], [101.02946630000008, 14.078207543000076], [101.02937372700006, 14.078208321000034], [101.02937452500004, 14.078298683000071], [101.02928195200008, 14.078299462000075], [101.02928354700003, 14.078480187000025], [101.02919097300008, 14.07848096600003], [101.02919416500004, 14.078842415000054], [101.02910159100009, 14.078843194000058], [101.02910318700003, 14.079023919000065], [101.02901061300008, 14.079024698000069], [101.02901300700006, 14.079295784000067], [101.02892043200006, 14.07929656300007], [101.02892202900006, 14.079477288000021], [101.02882945400006, 14.079478067000025], [101.02883184700005, 14.07974915400007], [101.02873927400003, 14.079749933000073], [101.02874007100007, 14.079840295000054], [101.02790690300009, 14.079847302000076], [101.02790610600005, 14.079756940000038], [101.02781353200004, 14.079757717000064], [101.02781273500005, 14.079667355000026], [101.02753501200004, 14.07966969000006], [101.02753421500006, 14.079579328000023]]]}, "properties": {"OBJECTID": 3750898, "F_area": 32535.18257996, "F_createdAt": 1791075943000, "F_createdBy": "66b07c8034c2963abcdb9bb8", "F_id": "6ac1a666ded8743f6e11d072", "F_updatedAt": 1791075943000, "F_updatedBy": "66b07c8034c2963abcdb9bb8", "ap_en": "AMPHOE ONGKHARAK", "ap_idn": 2604, "ap_tn": "อ.องครักษ์", "building": 0, "cassava_area": null, "f_area_1": 32535.18257996, "file_name": "S1C_20260928_0550, S1C_20260928_1819, S1D_20260929_1812, S1D_20261002_0609", "h3_address": "8964a4c2837ffff", "h3_area": 124359.0001227, "hospital": 0, "length_road": 0, "maize_area": null, "mongo_id": "6ac14bf06b93253c8e22feb2", "population": 89, "pv_en": "Changwat Nakhon Nayok", "pv_idn": 26, "pv_tn": "จ.นครนายก", "re_royin": "Central", "re_royin_2": "Central", "rice_area": 7962.0390144, "school": 0, "sugarcane_area": null, "tb_en": "ONGKHARAK", "tb_idn": 260403, "tb_tn": "ต.ศรีษะกระบือ", "sync_datetime": 1791104835000, "source_api": "/features/flood/7days", "GlobalID": "{CE8B0687-53B4-4733-B8BD-7D68A1794BA8}", "Shape__Area": 2.7218350816425008e-06, "Shape__Length": 0.007666509096308461}}, {"type": "Feature", "id": 3750944, "geometry": {"type": "Polygon", "coordinates": [[[100.96785602600005, 14.14866584200007], [100.96785623000005, 14.148689580000053], [100.96596898600006, 14.149226340000041], [100.96450714800005, 14.147865784000032], [100.96473562600005, 14.14697433200007], [100.96506310400008, 14.146971652000047], [100.96506388100005, 14.147062018000042], [100.96515648600007, 14.147061260000044], [100.96515881700009, 14.14733235600005], [100.96525142200005, 14.14733159800005], [100.96525219800009, 14.147421964000046], [100.96543740800007, 14.147420448000048], [100.96543663200003, 14.147330083000043], [100.96552923700006, 14.147329324000054], [100.96552846000009, 14.147238959000049], [100.96562106500005, 14.14723820100005], [100.96562028800008, 14.147147836000045], [100.96571289300005, 14.147147078000046], [100.96571211600008, 14.147056712000051], [100.96580472100004, 14.147055955000042], [100.96580394300008, 14.146965589000047], [100.96589654800005, 14.146964831000048], [100.96589188700005, 14.146422639000036], [100.96598449100009, 14.146421881000038], [100.96598371500005, 14.146331516000032], [100.96607631900008, 14.146330758000033], [100.96607398800006, 14.146059662000027], [100.96616659300008, 14.14605890300004], [100.96616581600006, 14.145968538000034], [100.96625842000009, 14.145967780000035], [100.96625686600004, 14.145787049000035], [100.96616426200006, 14.145787807000033], [100.96616348500004, 14.145697442000028], [100.96588567200007, 14.145699716000024], [100.96588644900004, 14.145790082000076], [100.96570124100003, 14.145791598000073], [100.96570201700007, 14.145881963000022], [100.96551680900006, 14.145883479000076], [100.96551611300004, 14.145802505000063], [100.96695108800009, 14.145394380000027], [100.96802166800006, 14.146390792000034], [100.96802256900008, 14.146495558000026], [100.96792996500005, 14.146496317000071], [100.96793152000004, 14.146677048000072], [100.96783891600006, 14.14667780700006], [100.96784047100004, 14.146858537000071], [100.96774786600008, 14.14685929600006], [100.96774942200005, 14.14704002700006], [100.96765681700003, 14.147040786000048], [100.96765759500005, 14.147131151000053], [100.96756499000008, 14.147131910000041], [100.96756576800004, 14.147222274000057], [100.96719534800008, 14.147225310000067], [100.96719457100005, 14.147134944000072], [100.96710196600009, 14.14713570300006], [100.96710118900006, 14.147045337000066], [100.96663816500006, 14.147049130000028], [100.96663894200003, 14.147139495000033], [100.96654633700007, 14.147140254000021], [100.96655488500005, 14.14813427200005], [100.96664749000007, 14.148133513000062], [100.96664826800009, 14.148223879000057], [100.96683347800007, 14.14822236200007], [100.96683425600008, 14.148312728000064], [100.96738988800007, 14.148308175000068], [100.96739066500004, 14.148398541000063], [100.96757587600007, 14.14839702300003], [100.96757665400008, 14.148487389000024], [100.96766925900005, 14.148486630000036], [100.96767003700006, 14.148576994000052], [100.96776264200008, 14.148576235000064], [100.96776342000004, 14.148666601000059], [100.96785602600005, 14.14866584200007]]]}, "properties": {"OBJECTID": 3750944, "F_area": 78368.08542231, "F_createdAt": 1791075944000, "F_createdBy": "66b07c8034c2963abcdb9bb8", "F_id": "6ac1a6688da6ddc61fa4a099", "F_updatedAt": 1791075944000, "F_updatedBy": "66b07c8034c2963abcdb9bb8", "ap_en": "AMPHOE ONGKHARAK", "ap_idn": 2604, "ap_tn": "อ.องครักษ์", "building": 0, "cassava_area": null, "f_area_1": 78368.08542231, "file_name": "S1C_20260928_0550, S1C_20260928_1819, S1D_20260929_1812, S1D_20261002_0609", "h3_address": "8964a4c56abffff", "h3_area": 124351.81129028, "hospital": 0, "length_road": 0, "maize_area": null, "mongo_id": "6ac14bf2cfa761b4727ce481", "population": 0, "pv_en": "Changwat Nakhon Nayok", "pv_idn": 26, "pv_tn": "จ.นครนายก", "re_royin": "Central", "re_royin_2": "Central", "rice_area": 10722.00169996, "school": 0, "sugarcane_area": null, "tb_en": "BANG PLA KOT", "tb_idn": 260407, "tb_tn": "ต.บางปลากด", "sync_datetime": 1791104837000, "source_api": "/features/flood/7days", "GlobalID": "{517EAD6C-48DF-479B-845C-45C1B20F0402}", "Shape__Area": 6.5585177643850015e-06, "Shape__Length": 0.017973673929877372}}, {"type": "Feature", "id": 3750949, "geometry": {"type": "Polygon", "coordinates": [[[101.28938824000005, 14.10850150400006], [101.29084989100005, 14.109859676000042], [101.29036129200006, 14.111775561000059], [101.28841101700004, 14.11233328000003], [101.28694935400006, 14.110975102000054], [101.28743797700008, 14.109059210000055], [101.28938824000005, 14.10850150400006]]]}, "properties": {"OBJECTID": 3750949, "F_area": 124243.12301893, "F_createdAt": 1791075960000, "F_createdBy": "66b07c8034c2963abcdb9bb8", "F_id": "6ac1a67759bd40e65b9d532d", "F_updatedAt": 1791075960000, "F_updatedBy": "66b07c8034c2963abcdb9bb8", "ap_en": "AMPHOE PAK PHLI", "ap_idn": 2602, "ap_tn": "อ.ปากพลี", "building": 0, "cassava_area": null, "f_area_1": 124243.12301893, "file_name": "S1C_20260928_0550, S1C_20260928_1819, S1D_20260929_1812, S1D_20261002_0609", "h3_address": "8964a4da6b7ffff", "h3_area": 124243.12301893, "hospital": 0, "length_road": 0, "maize_area": null, "mongo_id": "6ac14beacfa761b4727ce364", "population": 0, "pv_en": "Changwat Nakhon Nayok", "pv_idn": 26, "pv_tn": "จ.นครนายก", "re_royin": "Central", "re_royin_2": "Central", "rice_area": 124243.12301893, "school": 0, "sugarcane_area": null, "tb_en": "PAK PHLI", "tb_idn": 260203, "tb_tn": "ต.ปากพลี", "sync_datetime": 1791104844000, "source_api": "/features/flood/7days", "GlobalID": "{C888B0E6-2402-4901-A924-A0D910C29DDF}", "Shape__Area": 1.0391975547583002e-05, "Shape__Length": 0.012001845759141481}}, {"type": "Feature", "id": 3750959, "geometry": {"type": "Polygon", "coordinates": [[[100.96595729000006, 14.197030160000054], [100.96595864100004, 14.19718669100007], [100.96442759800004, 14.197622115000058], [100.96296554000008, 14.19626181600006], [100.96345668800006, 14.194346038000049], [100.96540987000009, 14.193790565000029], [100.96687191800004, 14.195150858000034], [100.96662322100008, 14.196120977000021], [100.96659786600009, 14.196121185000038], [100.96659869000007, 14.196216667000044], [100.96655357200007, 14.19639266200005], [100.96650758100009, 14.196393040000032], [100.96650836100008, 14.196483406000027], [100.96632311100007, 14.196484927000029], [100.96632389100006, 14.196575292000034], [100.96623126600008, 14.196576053000058], [100.96623204600007, 14.196666418000063], [100.96613942100004, 14.19666717900003], [100.96614176000008, 14.196938274000047], [100.96604913600004, 14.19693903500007], [100.96604991500004, 14.19702939900003], [100.96595729000006, 14.197030160000054]]]}, "properties": {"OBJECTID": 3750959, "F_area": 121903.15687648, "F_createdAt": 1791075948000, "F_createdBy": "66b07c8034c2963abcdb9bb8", "F_id": "6ac1a66b6148f8329d58c12b", "F_updatedAt": 1791075948000, "F_updatedBy": "66b07c8034c2963abcdb9bb8", "ap_en": "AMPHOE ONGKHARAK", "ap_idn": 2604, "ap_tn": "อ.องครักษ์", "building": 0, "cassava_area": null, "f_area_1": 121903.15687648, "file_name": "S1C_20260928_0550, S1C_20260928_1819, S1D_20260929_1812, S1D_20261002_0609", "h3_address": "8964a4ce157ffff", "h3_area": 124329.65508096, "hospital": 0, "length_road": 0, "maize_area": null, "mongo_id": "6ac14bf08da6ddc61fa18251", "population": 0, "pv_en": "Changwat Nakhon Nayok", "pv_idn": 26, "pv_tn": "จ.นครนายก", "re_royin": "Central", "re_royin_2": "Central", "rice_area": 115606.73303833, "school": 0, "sugarcane_area": null, "tb_en": "PHO THAEN", "tb_idn": 260404, "tb_tn": "ต.โพธิ์แทน", "sync_datetime": 1791104838000, "source_api": "/features/flood/7days", "GlobalID": "{E4D2FCCE-0C34-49A1-8A76-D519F65BD9EB}", "Shape__Area": 1.0204053775966003e-05, "Shape__Length": 0.012289013093242993}}, {"type": "Feature", "id": 3750993, "geometry": {"type": "Polygon", "coordinates": [[[101.07373718900004, 13.977252351000061], [101.07375332100008, 13.979053487000044], [101.07304076800006, 13.978389918000062], [101.07333071500005, 13.977255822000075], [101.07336706700005, 13.977255511000067], [101.07336625800008, 13.977165151000065], [101.07364384900006, 13.977162781000061], [101.07364465800003, 13.977253141000062], [101.07373718900004, 13.977252351000061]]]}, "properties": {"OBJECTID": 3750993, "F_area": 10660.68376965, "F_createdAt": 1791075958000, "F_createdBy": "66b07c8034c2963abcdb9bb8", "F_id": "6ac1a675f7a763741bd4db2e", "F_updatedAt": 1791075958000, "F_updatedBy": "66b07c8034c2963abcdb9bb8", "ap_en": "AMPHOE ONGKHARAK", "ap_idn": 2604, "ap_tn": "อ.องครักษ์", "building": 0, "cassava_area": null, "f_area_1": 10660.68376965, "file_name": "S1C_20260928_0550, S1C_20260928_1819, S1D_20260929_1812, S1D_20261002_0609", "h3_address": "8964a4d73bbffff", "h3_area": 124387.44786881, "hospital": 0, "length_road": 0, "maize_area": null, "mongo_id": "6ac14bed6b93253c8e22fe67", "population": 0, "pv_en": "Changwat Nakhon Nayok", "pv_idn": 26, "pv_tn": "จ.นครนายก", "re_royin": "Central", "re_royin_2": "Central", "rice_area": 0, "school": 0, "sugarcane_area": null, "tb_en": "PHRA ACHAN", "tb_idn": 260401, "tb_tn": "ต.พระอาจารย์", "sync_datetime": 1791104844000, "source_api": "/features/flood/7days", "GlobalID": "{C29A3DBC-EF5C-46EF-833D-F7DE6EE5337E}", "Shape__Area": 8.914223069745003e-07, "Shape__Length": 0.004532679560893144}}, {"type": "Feature", "id": 3751006, "geometry": {"type": "MultiPolygon", "coordinates": [[[[100.94072533900004, 14.19280781200007], [100.94072456900005, 14.192717445000028], [100.94033221600006, 14.192720626000039], [100.94052035100003, 14.19198701700003], [100.94247368500004, 14.191431715000022], [100.94393571900008, 14.192792204000057], [100.94344443000006, 14.194708001000038], [100.94222658400008, 14.195054223000056], [100.94222505000005, 14.194874219000042], [100.94213242400008, 14.194874970000058], [100.94213088300006, 14.194694238000068], [100.94203825900007, 14.194694990000073], [100.94203748800004, 14.194604623000032], [100.94185223700003, 14.194606126000053], [100.94185146700005, 14.194515759000069], [100.94175884200007, 14.194516511000074], [100.94175730100005, 14.194335778000038], [100.94166467600007, 14.194336530000044], [100.94166390600009, 14.19424616300006], [100.94157128100005, 14.194246914000075], [100.94157051000008, 14.194156548000024], [100.94147788600009, 14.19415729900004], [100.94147634600006, 14.19397656600006], [100.94138372000003, 14.193977318000066], [100.94138295000005, 14.19388695200007], [100.94129032600006, 14.19388770200004], [100.94128878600009, 14.19370697000005], [100.94119616000006, 14.193707721000067], [100.94119539100006, 14.193617355000072], [100.94110276600009, 14.193618105000041], [100.94110199600004, 14.193527739000046], [100.94100937000007, 14.193528490000062], [100.94100783200008, 14.193347758000073], [100.94091520700005, 14.193348509000032], [100.94091135900004, 14.192896677000022], [100.94081873300007, 14.192897427000048], [100.94081796400008, 14.192807061000053], [100.94072533900004, 14.19280781200007]]], [[[100.94101783700006, 14.194522519000031], [100.94102014700007, 14.194793618000062], [100.94111277300004, 14.194792867000046], [100.94111378900004, 14.194912229000067], [100.94002903800003, 14.193902820000062], [100.94019286900004, 14.193263990000048], [100.94026606200003, 14.193263398000056], [100.94026683100009, 14.193353763000061], [100.94045208100005, 14.193352262000076], [100.94045285100003, 14.19344262900006], [100.94054547600007, 14.193441878000044], [100.94054932300008, 14.193893710000054], [100.94064194900005, 14.193892959000038], [100.94064425700009, 14.19416405800007], [100.94073688300006, 14.194163307000053], [100.94073765300004, 14.194253673000048], [100.94083027700003, 14.194252923000022], [100.94083181700006, 14.194433656000058], [100.94092444300009, 14.194432905000042], [100.94092521300007, 14.194523270000047], [100.94101783700006, 14.194522519000031]]], [[[100.94120716200007, 14.194999116000076], [100.94117917700004, 14.194973075000064], [100.94120693800005, 14.194972850000056], [100.94120716200007, 14.194999116000076]]]]}, "properties": {"OBJECTID": 3751006, "F_area": 101734.78530799, "F_createdAt": 1791075949000, "F_createdBy": "66b07c8034c2963abcdb9bb8", "F_id": "6ac1a66cf87f84ff1d0c8784", "F_updatedAt": 1791075949000, "F_updatedBy": "66b07c8034c2963abcdb9bb8", "ap_en": "AMPHOE ONGKHARAK", "ap_idn": 2604, "ap_tn": "อ.องครักษ์", "building": 0, "cassava_area": null, "f_area_1": 101734.78530799, "file_name": "S1C_20260928_0550, S1C_20260928_1819, S1D_20260929_1812, S1D_20261002_0609", "h3_address": "8964a4cec43ffff", "h3_area": 124339.57257933, "hospital": 0, "length_road": 0, "maize_area": null, "mongo_id": "6ac14bf00eb2b2617ae4959d", "population": 0, "pv_en": "Changwat Nakhon Nayok", "pv_idn": 26, "pv_tn": "จ.นครนายก", "re_royin": "Central", "re_royin_2": "Central", "rice_area": 1021.845661, "school": 0, "sugarcane_area": null, "tb_en": "PHO THAEN", "tb_idn": 260404, "tb_tn": "ต.โพธิ์แทน", "sync_datetime": 1791104838000, "source_api": "/features/flood/7days", "GlobalID": "{C251460A-D382-4773-B333-A770D466F7FE}", "Shape__Area": 8.515962871796002e-06, "Shape__Length": 0.017048396786203287}}, {"type": "Feature", "id": 3751013, "geometry": {"type": "Polygon", "coordinates": [[[101.21432207800007, 14.090877199000033], [101.21578366000006, 14.092236075000073], [101.21529453000005, 14.094152097000062], [101.21334379500007, 14.094709247000026], [101.21188220200008, 14.093350365000049], [101.21237135500007, 14.091434338000056], [101.21432207800007, 14.090877199000033]]]}, "properties": {"OBJECTID": 3751013, "F_area": 124280.9015238, "F_createdAt": 1791075950000, "F_createdBy": "66b07c8034c2963abcdb9bb8", "F_id": "6ac1a66eded8743f6e11d20c", "F_updatedAt": 1791075950000, "F_updatedBy": "66b07c8034c2963abcdb9bb8", "ap_en": "AMPHOE PAK PHLI", "ap_idn": 2602, "ap_tn": "อ.ปากพลี", "building": 0, "cassava_area": null, "f_area_1": 124280.9015238, "file_name": "S1C_20260928_0550, S1C_20260928_1819, S1D_20260929_1812, S1D_20261002_0609", "h3_address": "8964a4d136bffff", "h3_area": 124280.9015238, "hospital": 0, "length_road": 0, "maize_area": null, "mongo_id": "6ac14bebd702c2e8730e0ffe", "population": 0, "pv_en": "Changwat Nakhon Nayok", "pv_idn": 26, "pv_tn": "จ.นครนายก", "re_royin": "Central", "re_royin_2": "Central", "rice_area": 0, "school": 0, "sugarcane_area": null, "tb_en": "THA RUEA", "tb_idn": 260205, "tb_tn": "ต.ท่าเรือ", "sync_datetime": 1791104840000, "source_api": "/features/flood/7days", "GlobalID": "{B7A96512-6F08-4098-953E-EFEA2D9FA293}", "Shape__Area": 1.0395363741419002e-05, "Shape__Length": 0.012003800819882518}}, {"type": "Feature", "id": 3751030, "geometry": {"type": "MultiPolygon", "coordinates": [[[[101.23909764700005, 14.073009432000049], [101.23872741200006, 14.073012868000035], [101.23872829200008, 14.073103217000039], [101.23855484200004, 14.073104827000066], [101.23788125100003, 14.072478569000054], [101.23788910600007, 14.07247849600003], [101.23788822800009, 14.072388146000037], [101.23798078600004, 14.072387287000026], [101.23797990600008, 14.072296937000033], [101.23807246400008, 14.072296078000022], [101.23806982600007, 14.072025028000041], [101.23816238400008, 14.07202416900003], [101.23816150500005, 14.071933820000027], [101.23834662100006, 14.071932102000062], [101.23834574100005, 14.071841753000058], [101.23843830000004, 14.071840894000047], [101.23843566100004, 14.071569843000077], [101.23852821900005, 14.071568985000056], [101.23852734000008, 14.071478635000062], [101.23861989700004, 14.071477776000052], [101.23861901800007, 14.071387426000058], [101.23880413400008, 14.071385709000026], [101.23880325400006, 14.071295359000032], [101.23889581200007, 14.071294500000022], [101.23889493200005, 14.071204149000039], [101.23898749000006, 14.071203291000074], [101.23898661000004, 14.071112941000024], [101.23935684200006, 14.071109506000028], [101.23935596300004, 14.071019155000045], [101.23954107800006, 14.07101743800007], [101.23954019800004, 14.07092708700003], [101.23972531300006, 14.070925370000054], [101.23972443400004, 14.070835019000071], [101.24000210700007, 14.07083244200004], [101.24000298700008, 14.070922792000033], [101.24009554400004, 14.070921932000033], [101.24009642500005, 14.071012283000073], [101.24018898300005, 14.071011423000073], [101.24018986200008, 14.071101773000066], [101.24051622600007, 14.07109874300005], [101.24056061800007, 14.07115211100006], [101.24056097500005, 14.071188686000028], [101.24059081100006, 14.071188409000058], [101.24065428100005, 14.071264713000062], [101.24065441300007, 14.071278176000021], [101.24066539500006, 14.071278074000077], [101.24074794600006, 14.071377317000042], [101.24075049300006, 14.071638716000052], [101.24084305100007, 14.071637857000042], [101.24084634000008, 14.071975337000026], [101.24084022200009, 14.071999315000028], [101.24075401500005, 14.072000115000037], [101.24075489600006, 14.072090466000077], [101.24056977900005, 14.072092184000041], [101.24057066000006, 14.072182534000035], [101.24047810100006, 14.072183394000035], [101.24047898200007, 14.072273744000029], [101.24020130700006, 14.07227632200005], [101.24020218800007, 14.072366672000044], [101.24010962900007, 14.072367531000054], [101.24011051000008, 14.072457881000048], [101.24001795200007, 14.072458741000048], [101.24001883100004, 14.072549091000042], [101.23983371500003, 14.072550809000063], [101.23983459500005, 14.072641159000057], [101.23946436100005, 14.072644595000043], [101.23946524100006, 14.072734946000026], [101.23937268300006, 14.072735805000036], [101.23937356300007, 14.07282615500003], [101.23928100400008, 14.07282701400004], [101.23928188400004, 14.072917364000034], [101.23909676700004, 14.072919082000055], [101.23909764700005, 14.073009432000049]]], [[[101.23971563300006, 14.069931520000068], [101.23966336400008, 14.069932004000066], [101.23962259400008, 14.069883013000037], [101.23961827800008, 14.06943983800005], [101.23969036200003, 14.069419241000048], [101.23999106300005, 14.069698816000027], [101.23999330500004, 14.069928942000047], [101.23990074800008, 14.069929801000058], [101.23990162700005, 14.07002015200004], [101.23973798200007, 14.070021670000074], [101.23971625600007, 14.069995564000067], [101.23971563300006, 14.069931520000068]]], [[[101.24055393100008, 14.070465886000022], [101.24055305100006, 14.070375537000075], [101.24064560800008, 14.070374677000075], [101.24064494600003, 14.070306756000036], [101.24115184400006, 14.070778034000057], [101.24109443800006, 14.07100301500003], [101.24092944400007, 14.071004548000076], [101.24092856400006, 14.070914198000025], [101.24074344800005, 14.070915917000036], [101.24074256800009, 14.070825567000043], [101.24055745300006, 14.070827286000053], [101.24055657300005, 14.07073693600006], [101.24046401500004, 14.07073779500007], [101.24046137300007, 14.070466746000022], [101.24055393100008, 14.070465886000022]]], [[[101.24057506300005, 14.07263428400006], [101.24057418200005, 14.072543934000066], [101.24066674100004, 14.072543075000056], [101.24066586000004, 14.072452724000073], [101.24072466900009, 14.072452178000049], [101.24066293500005, 14.07269412200003], [101.24039126800005, 14.072771748000036], [101.24039082600007, 14.072726353000064], [101.24048338500006, 14.072725493000064], [101.24048250500005, 14.07263514300007], [101.24057506300005, 14.07263428400006]]], [[[101.23946788100005, 14.073005996000063], [101.23957494300004, 14.073005002000059], [101.23946816900008, 14.073035511000057], [101.23946788100005, 14.073005996000063]]]]}, "properties": {"OBJECTID": 3751030, "F_area": 52801.96327785, "F_createdAt": 1791075950000, "F_createdBy": "66b07c8034c2963abcdb9bb8", "F_id": "6ac1a66e6148f8329d58c1c8", "F_updatedAt": 1791075950000, "F_updatedBy": "66b07c8034c2963abcdb9bb8", "ap_en": "AMPHOE PAK PHLI", "ap_idn": 2602, "ap_tn": "อ.ปากพลี", "building": 0, "cassava_area": null, "f_area_1": 52801.96327785, "file_name": "S1C_20260928_0550, S1C_20260928_1819, S1D_20260929_1812, S1D_20261002_0609", "h3_address": "8964a4d1043ffff", "h3_area": 124280.76851808, "hospital": 0, "length_road": 45.00845896, "maize_area": null, "mongo_id": "6ac14bea3acc4fe5693cf06a", "population": 0, "pv_en": "Changwat Nakhon Nayok", "pv_idn": 26, "pv_tn": "จ.นครนายก", "re_royin": "Central", "re_royin_2": "Central", "rice_area": 0, "school": 0, "sugarcane_area": null, "tb_en": "THA RUEA", "tb_idn": 260205, "tb_tn": "ต.ท่าเรือ", "sync_datetime": 1791104840000, "source_api": "/features/flood/7days", "GlobalID": "{597F6521-3E5C-4A44-BD41-33402999F0F3}", "Shape__Area": 4.416030081965501e-06, "Shape__Length": 0.01554055404234915}}, {"type": "Feature", "id": 3751052, "geometry": {"type": "Polygon", "coordinates": [[[101.13237699500007, 13.974214232000065], [101.13226155000007, 13.974215246000028], [101.13203945900005, 13.97400848600006], [101.13226363900009, 13.973130853000043], [101.13227448700007, 13.973130758000025], [101.13227531900009, 13.973221115000058], [101.13236784400004, 13.973220303000062], [101.13236867600006, 13.973310660000038], [101.13246120100007, 13.973309847000053], [101.13246452900006, 13.973671276000061], [101.13237200400005, 13.973672089000047], [101.13237533100005, 13.974033518000056], [101.13246785700005, 13.97403270500007], [101.13246868900006, 13.974123062000047], [101.13237616300006, 13.974123875000032], [101.13237699500007, 13.974214232000065]]]}, "properties": {"OBJECTID": 3751052, "F_area": 3261.77041595, "F_createdAt": 1791075952000, "F_createdBy": "66b07c8034c2963abcdb9bb8", "F_id": "6ac1a6706148f8329d58c21d", "F_updatedAt": 1791075952000, "F_updatedBy": "66b07c8034c2963abcdb9bb8", "ap_en": "AMPHOE BAN SANG", "ap_idn": 2604, "ap_tn": "อ.องครักษ์", "building": 0, "cassava_area": null, "f_area_1": 3261.77041595, "file_name": "S1C_20260928_0550, S1C_20260928_1819, S1D_20260929_1812, S1D_20261002_0609", "h3_address": "8964a4d2bafffff", "h3_area": 124366.41837921, "hospital": 0, "length_road": 0, "maize_area": null, "mongo_id": "6ac14bf08da6ddc61fa18275", "population": 0, "pv_en": "Changwat Prachinburi", "pv_idn": 26, "pv_tn": "จ.นครนายก", "re_royin": "Central", "re_royin_2": "East", "rice_area": 0, "school": 0, "sugarcane_area": null, "tb_en": "BANG TOEI", "tb_idn": 260405, "tb_tn": "ต.บางสมบูรณ์", "sync_datetime": 1791104841000, "source_api": "/features/flood/7days", "GlobalID": "{7DF41FB2-27E4-42EF-8904-427C5ED5B1B9}", "Shape__Area": 2.727174015925001e-07, "Shape__Length": 0.0028825243730267783}}, {"type": "Feature", "id": 3751055, "geometry": {"type": "Polygon", "coordinates": [[[100.91645924300008, 14.06042436000007], [100.91648266800007, 14.060424174000048], [100.91780606000003, 14.061657000000025], [100.91731478000008, 14.06357336700006], [100.91696117100008, 14.06367386100004], [100.91657891200003, 14.06367689600006], [100.91657815900004, 14.06358652700004], [100.91648558600008, 14.063587262000055], [100.91648483300008, 14.063496894000025], [100.91639225800009, 14.06349762900004], [100.91638548500003, 14.062684311000055], [100.91629291100008, 14.062685045000023], [100.91628914900008, 14.062233203000062], [100.91638172200004, 14.062232468000047], [100.91638021700004, 14.062051730000064], [100.91647279000006, 14.062050996000039], [100.91646752100007, 14.061418416000038], [100.91637494800005, 14.061419150000063], [100.91637269100005, 14.061148045000039], [100.91646526400007, 14.061147310000024], [100.91646451100007, 14.06105694100006], [100.91655708400003, 14.061056206000046], [100.91655407400003, 14.06069473100007], [100.91646150100007, 14.060695466000027], [100.91645924300008, 14.06042436000007]]]}, "properties": {"OBJECTID": 3751055, "F_area": 37519.50147824, "F_createdAt": 1791075945000, "F_createdBy": "66b07c8034c2963abcdb9bb8", "F_id": "6ac1a668d702c2e873112c8d", "F_updatedAt": 1791075945000, "F_updatedBy": "66b07c8034c2963abcdb9bb8", "ap_en": "AMPHOE ONGKHARAK", "ap_idn": 2604, "ap_tn": "อ.องครักษ์", "building": 0, "cassava_area": null, "f_area_1": 37519.50147824, "file_name": "S1C_20260928_0550, S1C_20260928_1819, S1D_20260929_1812, S1D_20261002_0609", "h3_address": "8964a4c6363ffff", "h3_area": 124410.58869192, "hospital": 0, "length_road": 0, "maize_area": null, "mongo_id": "6ac14bee0eb2b2617ae49570", "population": 0, "pv_en": "Changwat Nakhon Nayok", "pv_idn": 26, "pv_tn": "จ.นครนายก", "re_royin": "Central", "re_royin_2": "Central", "rice_area": 11315.05771315, "school": 0, "sugarcane_area": null, "tb_en": "BUENG SAN", "tb_idn": 260402, "tb_tn": "ต.บึงศาล", "sync_datetime": 1791104837000, "source_api": "/features/flood/7days", "GlobalID": "{1738BBF4-5DDC-485C-B291-E2972C21916F}", "Shape__Area": 3.138985159376001e-06, "Shape__Length": 0.008646868037627866}}, {"type": "Feature", "id": 3751060, "geometry": {"type": "MultiPolygon", "coordinates": [[[[101.02725822500008, 14.15305156900007], [101.02670260200006, 14.153056261000074], [101.02670340300006, 14.153146623000055], [101.02651588800006, 14.153148206000026], [101.02696107700007, 14.151409683000054], [101.02862860000005, 14.150934928000027], [101.02862883600005, 14.150961512000038], [101.02872143900004, 14.150960729000076], [101.02872224100008, 14.151051091000056], [101.02881484400007, 14.151050309000027], [101.02881564600006, 14.151140671000064], [101.02890824800005, 14.151139888000046], [101.02890985300007, 14.151320612000063], [101.02900245600006, 14.151319829000045], [101.02900566400007, 14.151681276000033], [101.02891306000004, 14.151682059000052], [101.02891386300007, 14.151772420000043], [101.02872865600006, 14.151773986000023], [101.02872945800004, 14.15186434800006], [101.02863685500006, 14.151865131000022], [101.02863761300006, 14.151950554000052], [101.02852451100006, 14.15208407700004], [101.02848150800008, 14.152227917000062], [101.02845485700004, 14.152228143000059], [101.02845565800004, 14.15231850500004], [101.02836305500006, 14.152319287000068], [101.02836385700004, 14.152409649000049], [101.02827125300007, 14.152410431000021], [101.02827205500006, 14.152500793000058], [101.02817945200007, 14.15250157500003], [101.02818025300007, 14.152591938000057], [101.02808765000003, 14.15259272000003], [101.02808845100009, 14.152683082000067], [101.02799584800005, 14.15268386400004], [101.02799665000003, 14.152774226000076], [101.02790404600006, 14.152775008000049], [101.02790484800005, 14.152865370000029], [101.02771964000004, 14.152866935000077], [101.02772044300008, 14.152957297000057], [101.02762783800006, 14.15295807900003], [101.02762864000005, 14.153048441000067], [101.02753603700006, 14.153049223000039], [101.02753683800006, 14.153139585000076], [101.02725902600008, 14.15314193100005], [101.02725822500008, 14.15305156900007]]], [[[101.02754645800007, 14.154223927000032], [101.02754725900007, 14.15431428900007], [101.02763986300005, 14.15431350700004], [101.02764075800008, 14.154414373000066], [101.02705199900004, 14.15386662900005], [101.02717283500004, 14.153865609000036], [101.02717363600004, 14.153955971000073], [101.02726624000007, 14.153955188000054], [101.02726704200006, 14.154045550000035], [101.02735964600004, 14.154044768000063], [101.02736044800008, 14.154135130000043], [101.02745305200006, 14.15413434800007], [101.02745385400004, 14.154224710000051], [101.02754645800007, 14.154223927000032]]], [[[101.02773414100005, 14.154501250000067], [101.02772583000007, 14.154493518000038], [101.02773407200004, 14.154493449000029], [101.02773414100005, 14.154501250000067]]], [[[101.02782747800006, 14.154583028000047], [101.02782752300004, 14.154588127000068], [101.02782209100008, 14.154583073000026], [101.02782747800006, 14.154583028000047]]], [[[101.02792088400008, 14.154672607000066], [101.02792090600008, 14.154675003000023], [101.02791835300008, 14.15467262900006], [101.02792088400008, 14.154672607000066]]]]}, "properties": {"OBJECTID": 3751060, "F_area": 39631.36806487, "F_createdAt": 1791075941000, "F_createdBy": "66b07c8034c2963abcdb9bb8", "F_id": "6ac1a6646148f8329d58bfb3", "F_updatedAt": 1791075941000, "F_updatedBy": "66b07c8034c2963abcdb9bb8", "ap_en": "AMPHOE ONGKHARAK", "ap_idn": 2604, "ap_tn": "อ.องครักษ์", "building": 0, "cassava_area": null, "f_area_1": 39631.36806487, "file_name": "S1C_20260928_0550, S1C_20260928_1819, S1D_20260929_1812, S1D_20261002_0609", "h3_address": "8964a4c0e67ffff", "h3_area": 124325.3732034, "hospital": 0, "length_road": 0, "maize_area": null, "mongo_id": "6ac14bf1d702c2e8730e1053", "population": 0, "pv_en": "Changwat Nakhon Nayok", "pv_idn": 26, "pv_tn": "จ.นครนายก", "re_royin": "Central", "re_royin_2": "Central", "rice_area": 12585.52277057, "school": 0, "sugarcane_area": null, "tb_en": "SAI MUN", "tb_idn": 260406, "tb_tn": "ต.ทรายมูล", "sync_datetime": 1791104833000, "source_api": "/features/flood/7days", "GlobalID": "{18960146-8ABA-4F1C-B249-3B117A5958B3}", "Shape__Area": 3.3165285621075007e-06, "Shape__Length": 0.010662578060319686}}, {"type": "Feature", "id": 3751065, "geometry": {"type": "MultiPolygon", "coordinates": [[[[101.02074057100003, 13.991073979000078], [101.02064803200005, 13.991074749000063], [101.02064997700006, 13.991297388000078], [101.01953032100005, 13.990254466000067], [101.01952809600004, 13.989999634000071], [101.01943555800005, 13.990000405000046], [101.01943486900007, 13.989921461000051], [101.01955366400006, 13.98945720100005], [101.01961590200006, 13.989456683000071], [101.01961511300004, 13.989366319000055], [101.01970765100003, 13.98936554900007], [101.01970686300007, 13.989275185000054], [101.01979940100006, 13.989274415000068], [101.01979283600008, 13.988522492000072], [101.01980856900008, 13.988461008000058], [101.01988483800005, 13.988460373000066], [101.01988256400006, 13.98819977900007], [101.01992054900006, 13.988188965000063], [101.01997501000005, 13.988188512000022], [101.01997487900007, 13.988173497000048], [101.02126728800005, 13.987805546000061], [101.02126817100009, 13.987906632000033], [101.02117563400009, 13.987907403000065], [101.02118352800005, 13.988811038000051], [101.02109098900007, 13.988811809000026], [101.02109572600006, 13.989353989000051], [101.02100318800007, 13.989354760000026], [101.02100476700008, 13.989535488000058], [101.02091222800004, 13.989536258000044], [101.02091854300005, 13.990259166000044], [101.02082600500006, 13.990259937000076], [101.02082758400007, 13.990440664000062], [101.02073504500004, 13.990441434000047], [101.02074057100003, 13.991073979000078]]], [[[101.02249091000004, 13.990155693000077], [101.02249802100005, 13.990968963000057], [101.02259055900004, 13.990968191000036], [101.02259068600006, 13.99098271400004], [101.02166752700003, 13.991245545000027], [101.02166517100005, 13.990975905000028], [101.02175771000009, 13.990975134000053], [101.02175139100007, 13.990252227000042], [101.02184393000005, 13.990251455000077], [101.02184235000004, 13.990070728000035], [101.02193488900008, 13.99006995800005], [101.02193094000006, 13.989618140000061], [101.02202347800005, 13.98961736900003], [101.02202189900004, 13.989436642000044], [101.02211443700008, 13.989435871000069], [101.02210574900005, 13.988441873000056], [101.02219828700004, 13.988441102000024], [101.02219512800008, 13.988079649000042], [101.02228766500008, 13.988078877000078], [101.02228764000006, 13.988076034000073], [101.02328748600007, 13.989007356000059], [101.02311060000005, 13.989698676000046], [101.02304219000007, 13.989699246000043], [101.02304139900008, 13.989608883000074], [101.02294886200008, 13.989609655000038], [101.02294491000004, 13.98915783800004], [101.02285237300003, 13.989158610000061], [101.02285079300003, 13.988977883000075], [101.02275825400005, 13.98897865500004], [101.02275746500004, 13.988888291000023], [101.02266492600006, 13.988889062000055], [101.02266571700005, 13.988979426000071], [101.02257317800007, 13.988980197000046], [101.02257396800007, 13.989070561000062], [101.02248143000008, 13.989071332000037], [101.02248380000003, 13.98934242200005], [101.02257633800008, 13.989341651000075], [101.02258028800009, 13.989793467000027], [101.02267282700006, 13.989792697000041], [101.02267519700007, 13.990063786000064], [101.02258265900008, 13.990064558000029], [101.02258344800003, 13.990154921000055], [101.02249091000004, 13.990155693000077]]], [[[101.02286106500009, 13.990152606000038], [101.02295360300008, 13.990151835000063], [101.02295281300007, 13.990061472000036], [101.02301791100007, 13.990060929000038], [101.02294839400008, 13.990332618000025], [101.02286264500003, 13.990333333000024], [101.02286106500009, 13.990152606000038]]]]}, "properties": {"OBJECTID": 3751065, "F_area": 70584.72571793, "F_createdAt": 1791075954000, "F_createdBy": "66b07c8034c2963abcdb9bb8", "F_id": "6ac1a6710eb2b2617ae7a3c2", "F_updatedAt": 1791075954000, "F_updatedBy": "66b07c8034c2963abcdb9bb8", "ap_en": "AMPHOE ONGKHARAK", "ap_idn": 2604, "ap_tn": "อ.องครักษ์", "building": 0, "cassava_area": null, "f_area_1": 70584.72571793, "file_name": "S1C_20260928_0550, S1C_20260928_1819, S1D_20260929_1812, S1D_20261002_0609", "h3_address": "8964a4d43c3ffff", "h3_area": 124402.98139575, "hospital": 0, "length_road": 0, "maize_area": null, "mongo_id": "6ac14bed0eb2b2617ae4950f", "population": 0, "pv_en": "Changwat Nakhon Nayok", "pv_idn": 26, "pv_tn": "จ.นครนายก", "re_royin": "Central", "re_royin_2": "Central", "rice_area": 40048.90758065, "school": 0, "sugarcane_area": null, "tb_en": "PHRA ACHAN", "tb_idn": 260401, "tb_tn": "ต.พระอาจารย์", "sync_datetime": 1791104841000, "source_api": "/features/flood/7days", "GlobalID": "{2B891BF2-A333-4DC9-A009-F89FFD416F9C}", "Shape__Area": 5.902785432870001e-06, "Shape__Length": 0.021242571281334735}}]}